method,LOC,Cyclomatic,FanIn,FanOut,Loop
org.apache.pdfbox.pdmodel.documentinterchange.taggedpdf.StandardStructureTypes.StandardStructureTypes(),3,1,0,1,0
"org.apache.pdfbox.contentstream.operator.text.ShowTextLine.process(Operator, List<COSBase>)",5,1,2,1,0
org.apache.pdfbox.contentstream.operator.text.ShowTextLine.getName(),4,1,0,1,0
org.apache.pdfbox.cos.COSBase.COSBase(),3,1,0,1,0
org.apache.pdfbox.cos.COSBase.getCOSObject(),4,1,5,1,0
org.apache.pdfbox.cos.COSBase.accept(ICOSVisitor),1,1,4,1,0
org.apache.pdfbox.cos.COSBase.isDirect(),4,1,4,1,0
org.apache.pdfbox.cos.COSBase.setDirect(boolean),4,1,23,1,0
org.apache.pdfbox.contentstream.operator.Operator.Operator(String),8,2,2,4,0
org.apache.pdfbox.contentstream.operator.Operator.getOperator(String),21,4,4,5,0
org.apache.pdfbox.contentstream.operator.Operator.getName(),4,1,24,1,0
org.apache.pdfbox.contentstream.operator.Operator.toString(),4,1,1,1,0
org.apache.pdfbox.contentstream.operator.Operator.getImageData(),4,1,8,1,0
org.apache.pdfbox.contentstream.operator.Operator.setImageData(byte[]),4,1,2,1,0
org.apache.pdfbox.contentstream.operator.Operator.getImageParameters(),4,1,7,1,0
org.apache.pdfbox.contentstream.operator.Operator.setImageParameters(COSDictionary),4,1,2,1,0
org.apache.pdfbox.contentstream.operator.OperatorProcessor.OperatorProcessor(),3,1,0,1,0
org.apache.pdfbox.contentstream.operator.OperatorProcessor.getContext(),4,1,2,1,0
org.apache.pdfbox.contentstream.operator.OperatorProcessor.setContext(PDFStreamEngine),4,1,5,1,0
"org.apache.pdfbox.contentstream.operator.OperatorProcessor.process(Operator, List<COSBase>)",1,1,1,0,0
org.apache.pdfbox.contentstream.operator.OperatorProcessor.getName(),1,1,1,1,0
"org.apache.pdfbox.contentstream.operator.OperatorProcessor.checkArrayTypesClass(List<COSBase>, Class)",11,3,7,2,1
org.apache.pdfbox.contentstream.PDFStreamEngine.PDFStreamEngine(),3,1,0,1,0
"org.apache.pdfbox.contentstream.PDFStreamEngine.registerOperatorProcessor(String, OperatorProcessor)",5,1,3,2,0
org.apache.pdfbox.contentstream.PDFStreamEngine.addOperator(OperatorProcessor),5,1,8,3,0
org.apache.pdfbox.contentstream.PDFStreamEngine.initPage(PDPage),14,2,4,11,0
org.apache.pdfbox.contentstream.PDFStreamEngine.processPage(PDPage),10,2,7,4,0
org.apache.pdfbox.contentstream.PDFStreamEngine.showTransparencyGroup(PDTransparencyGroup),4,1,4,1,0
org.apache.pdfbox.contentstream.PDFStreamEngine.showForm(PDFormXObject),9,2,6,2,0
org.apache.pdfbox.contentstream.PDFStreamEngine.processSoftMask(PDTransparencyGroup),7,1,2,5,0
org.apache.pdfbox.contentstream.PDFStreamEngine.processTransparencyGroup(PDTransparencyGroup),15,2,5,12,0
"org.apache.pdfbox.contentstream.PDFStreamEngine.processType3Stream(PDType3CharProc, Matrix)",22,2,6,14,0
"org.apache.pdfbox.contentstream.PDFStreamEngine.processAnnotation(PDAnnotation, PDAppearanceStream)",24,2,3,25,0
"org.apache.pdfbox.contentstream.PDFStreamEngine.processTilingPattern(PDTilingPattern, PDColor, PDColorSpace)",5,1,3,2,0
"org.apache.pdfbox.contentstream.PDFStreamEngine.processTilingPattern(PDTilingPattern, PDColor, PDColorSpace, Matrix)",27,2,8,27,0
org.apache.pdfbox.contentstream.PDFStreamEngine.showAnnotation(PDAnnotation),8,2,3,2,0
org.apache.pdfbox.contentstream.PDFStreamEngine.getAppearance(PDAnnotation),4,1,2,2,0
"org.apache.pdfbox.contentstream.PDFStreamEngine.processChildStream(PDContentStream, PDPage)",11,2,6,4,0
org.apache.pdfbox.contentstream.PDFStreamEngine.processStream(PDContentStream),14,1,5,13,0
org.apache.pdfbox.contentstream.PDFStreamEngine.processStreamOperators(PDContentStream),23,4,6,6,1
org.apache.pdfbox.contentstream.PDFStreamEngine.pushResources(PDContentStream),21,4,8,5,0
org.apache.pdfbox.contentstream.PDFStreamEngine.popResources(PDResources),4,1,6,1,0
org.apache.pdfbox.contentstream.PDFStreamEngine.clipToRect(PDRectangle),8,2,5,4,0
org.apache.pdfbox.contentstream.PDFStreamEngine.beginText(),3,1,1,0,0
org.apache.pdfbox.contentstream.PDFStreamEngine.endText(),3,1,1,0,0
org.apache.pdfbox.contentstream.PDFStreamEngine.showTextString(byte[]),4,1,3,1,0
org.apache.pdfbox.contentstream.PDFStreamEngine.showTextStrings(COSArray),40,6,3,11,1
"org.apache.pdfbox.contentstream.PDFStreamEngine.applyTextAdjustment(float, float)",4,1,4,2,0
org.apache.pdfbox.contentstream.PDFStreamEngine.showText(byte[]),58,6,6,30,1
"org.apache.pdfbox.contentstream.PDFStreamEngine.showGlyph(Matrix, PDFont, int, String, Vector)",12,2,8,2,0
"org.apache.pdfbox.contentstream.PDFStreamEngine.showFontGlyph(Matrix, PDFont, int, String, Vector)",4,1,1,0,0
"org.apache.pdfbox.contentstream.PDFStreamEngine.showType3Glyph(Matrix, PDType3Font, int, String, Vector)",9,2,4,2,0
"org.apache.pdfbox.contentstream.PDFStreamEngine.processOperator(String, List<COSBase>)",5,1,9,2,0
"org.apache.pdfbox.contentstream.PDFStreamEngine.processOperator(Operator, List<COSBase>)",21,3,9,6,0
"org.apache.pdfbox.contentstream.PDFStreamEngine.unsupportedOperator(Operator, List<COSBase>)",3,1,1,0,0
"org.apache.pdfbox.contentstream.PDFStreamEngine.operatorException(Operator, List<COSBase>, IOException)",22,4,4,5,0
org.apache.pdfbox.contentstream.PDFStreamEngine.saveGraphicsState(),4,1,5,3,0
org.apache.pdfbox.contentstream.PDFStreamEngine.restoreGraphicsState(),4,1,5,1,0
org.apache.pdfbox.contentstream.PDFStreamEngine.saveGraphicsStack(),7,1,6,6,0
org.apache.pdfbox.contentstream.PDFStreamEngine.restoreGraphicsStack(Stack<PDGraphicsState>),4,1,6,1,0
org.apache.pdfbox.contentstream.PDFStreamEngine.getGraphicsStackSize(),4,1,3,2,0
org.apache.pdfbox.contentstream.PDFStreamEngine.getGraphicsState(),4,1,64,2,0
org.apache.pdfbox.contentstream.PDFStreamEngine.getTextLineMatrix(),4,1,2,1,0
org.apache.pdfbox.contentstream.PDFStreamEngine.setTextLineMatrix(Matrix),4,1,4,1,0
org.apache.pdfbox.contentstream.PDFStreamEngine.getTextMatrix(),4,1,4,1,0
org.apache.pdfbox.contentstream.PDFStreamEngine.setTextMatrix(Matrix),4,1,5,1,0
"org.apache.pdfbox.contentstream.PDFStreamEngine.setLineDashPattern(COSArray, int)",10,2,4,4,0
org.apache.pdfbox.contentstream.PDFStreamEngine.getResources(),4,1,20,1,0
org.apache.pdfbox.contentstream.PDFStreamEngine.getCurrentPage(),4,1,2,1,0
org.apache.pdfbox.contentstream.PDFStreamEngine.getInitialMatrix(),4,1,5,1,0
"org.apache.pdfbox.contentstream.PDFStreamEngine.transformedPoint(float, float)",7,1,8,5,0
org.apache.pdfbox.contentstream.PDFStreamEngine.transformWidth(float),7,1,2,8,0
org.apache.pdfbox.preflight.metadata.TestSynchronizedMetadataValidation.initSynchronizedMetadataValidation(),4,1,0,1,0
org.apache.pdfbox.preflight.metadata.TestSynchronizedMetadataValidation.initNewDocumentInformation(),6,1,1,6,0
org.apache.pdfbox.preflight.metadata.TestSynchronizedMetadataValidation.TestNullDocument(),4,1,2,1,0
org.apache.pdfbox.preflight.metadata.TestSynchronizedMetadataValidation.TestNullMetaData(),4,1,2,1,0
org.apache.pdfbox.preflight.metadata.TestSynchronizedMetadataValidation.TestDocumentWithoutInformation(),12,2,5,6,0
org.apache.pdfbox.preflight.metadata.TestSynchronizedMetadataValidation.testEmptyXMP(),31,3,15,23,1
org.apache.pdfbox.preflight.metadata.TestSynchronizedMetadataValidation.testEmptyXMPSchemas(),31,2,14,26,0
org.apache.pdfbox.preflight.metadata.TestSynchronizedMetadataValidation.testNullArrayValue(),17,2,6,11,0
org.apache.pdfbox.preflight.metadata.TestSynchronizedMetadataValidation.testBadSizeOfArrays(),35,2,6,27,0
org.apache.pdfbox.preflight.metadata.TestSynchronizedMetadataValidation.testAllInfoUnsynchronized(),33,2,6,27,0
org.apache.pdfbox.preflight.metadata.TestSynchronizedMetadataValidation.testAllInfoSynhcronized(),39,2,14,34,0
org.apache.pdfbox.preflight.metadata.TestSynchronizedMetadataValidation.checkSchemaAccessException(),5,1,1,4,0
org.apache.pdfbox.preflight.metadata.TestSynchronizedMetadataValidation.testBadPrefixSchemas(),45,3,15,35,1
org.apache.pdfbox.preflight.metadata.TestSynchronizedMetadataValidation.testdoublePrefixSchemas(),48,2,14,39,0
org.apache.pdfbox.preflight.metadata.TestSynchronizedMetadataValidation.checkErrors(),11,2,1,2,0
org.apache.pdfbox.pdmodel.PDDocument.PDDocument(),4,1,64,3,0
org.apache.pdfbox.pdmodel.PDDocument.PDDocument(MemoryUsageSetting),32,3,14,13,0
org.apache.pdfbox.pdmodel.PDDocument.addPage(PDPage),4,1,40,2,0
"org.apache.pdfbox.pdmodel.PDDocument.addSignature(PDSignature, SignatureInterface)",4,1,4,2,0
"org.apache.pdfbox.pdmodel.PDDocument.addSignature(PDSignature, SignatureInterface, SignatureOptions)",70,8,7,41,0
"org.apache.pdfbox.pdmodel.PDDocument.findSignatureField(List<PDField>, PDSignature)",16,4,3,4,1
"org.apache.pdfbox.pdmodel.PDDocument.checkSignatureField(List<PDField>, PDSignatureField)",19,4,4,5,1
"org.apache.pdfbox.pdmodel.PDDocument.prepareVisibleSignature(PDSignatureField, PDAcroForm, COSDocument)",36,7,9,8,1
"org.apache.pdfbox.pdmodel.PDDocument.assignSignatureRectangle(PDSignatureField, COSDictionary)",6,1,4,5,0
"org.apache.pdfbox.pdmodel.PDDocument.assignAppearanceDictionary(PDSignatureField, COSDictionary)",6,1,3,5,0
"org.apache.pdfbox.pdmodel.PDDocument.assignAcroFormDefaultResource(PDAcroForm, COSDictionary)",11,2,4,5,0
org.apache.pdfbox.pdmodel.PDDocument.prepareNonVisibleSignature(PDSignatureField),5,1,2,4,0
"org.apache.pdfbox.pdmodel.PDDocument.addSignatureField(List<PDSignatureField>, SignatureInterface, SignatureOptions)",33,6,3,15,1
org.apache.pdfbox.pdmodel.PDDocument.removePage(PDPage),4,1,1,2,0
org.apache.pdfbox.pdmodel.PDDocument.removePage(int),4,1,2,2,0
org.apache.pdfbox.pdmodel.PDDocument.importPage(PDPage),20,3,5,9,0
org.apache.pdfbox.pdmodel.PDDocument.PDDocument(COSDocument),4,1,3,2,0
"org.apache.pdfbox.pdmodel.PDDocument.PDDocument(COSDocument, RandomAccessRead)",4,1,3,2,0
"org.apache.pdfbox.pdmodel.PDDocument.PDDocument(COSDocument, RandomAccessRead, AccessPermission)",6,1,5,4,0
org.apache.pdfbox.pdmodel.PDDocument.getDocument(),4,1,68,1,0
org.apache.pdfbox.pdmodel.PDDocument.getDocumentInformation(),15,3,16,7,0
org.apache.pdfbox.pdmodel.PDDocument.setDocumentInformation(PDDocumentInformation),5,1,5,4,0
org.apache.pdfbox.pdmodel.PDDocument.getDocumentCatalog(),17,3,68,6,0
org.apache.pdfbox.pdmodel.PDDocument.isEncrypted(),4,1,17,2,0
org.apache.pdfbox.pdmodel.PDDocument.getEncryption(),8,2,8,5,0
org.apache.pdfbox.pdmodel.PDDocument.setEncryptionDictionary(PDEncryption),4,1,4,1,0
org.apache.pdfbox.pdmodel.PDDocument.getLastSignatureDictionary(),10,2,0,4,0
org.apache.pdfbox.pdmodel.PDDocument.getSignatureFields(),16,4,1,6,1
org.apache.pdfbox.pdmodel.PDDocument.getSignatureDictionaries(),13,3,2,7,1
org.apache.pdfbox.pdmodel.PDDocument.getFontsToSubset(),4,1,2,1,0
org.apache.pdfbox.pdmodel.PDDocument.load(File),4,1,69,3,0
"org.apache.pdfbox.pdmodel.PDDocument.load(File, MemoryUsageSetting)",4,1,2,2,0
"org.apache.pdfbox.pdmodel.PDDocument.load(File, String)",4,1,21,3,0
"org.apache.pdfbox.pdmodel.PDDocument.load(File, String, MemoryUsageSetting)",4,1,4,2,0
"org.apache.pdfbox.pdmodel.PDDocument.load(File, String, InputStream, String)",5,1,5,3,0
"org.apache.pdfbox.pdmodel.PDDocument.load(File, String, InputStream, String, MemoryUsageSetting)",25,3,11,7,0
org.apache.pdfbox.pdmodel.PDDocument.load(InputStream),4,1,27,3,0
"org.apache.pdfbox.pdmodel.PDDocument.load(InputStream, MemoryUsageSetting)",4,1,3,2,0
"org.apache.pdfbox.pdmodel.PDDocument.load(InputStream, String)",5,1,5,3,0
"org.apache.pdfbox.pdmodel.PDDocument.load(InputStream, String, InputStream, String)",5,1,4,3,0
"org.apache.pdfbox.pdmodel.PDDocument.load(InputStream, String, MemoryUsageSetting)",5,1,3,2,0
"org.apache.pdfbox.pdmodel.PDDocument.load(InputStream, String, InputStream, String, MemoryUsageSetting)",17,2,12,7,0
org.apache.pdfbox.pdmodel.PDDocument.load(byte[]),4,1,1,2,0
"org.apache.pdfbox.pdmodel.PDDocument.load(byte[], String)",4,1,3,2,0
"org.apache.pdfbox.pdmodel.PDDocument.load(byte[], String, InputStream, String)",5,1,5,3,0
"org.apache.pdfbox.pdmodel.PDDocument.load(byte[], String, InputStream, String, MemoryUsageSetting)",9,1,6,6,0
org.apache.pdfbox.pdmodel.PDDocument.save(String),4,1,48,2,0
org.apache.pdfbox.pdmodel.PDDocument.save(File),4,1,17,3,0
org.apache.pdfbox.pdmodel.PDDocument.save(OutputStream),22,3,9,7,1
org.apache.pdfbox.pdmodel.PDDocument.saveIncremental(OutputStream),17,2,5,3,0
org.apache.pdfbox.pdmodel.PDDocument.getPage(int),4,1,27,4,0
org.apache.pdfbox.pdmodel.PDDocument.getPages(),4,1,26,3,0
org.apache.pdfbox.pdmodel.PDDocument.getNumberOfPages(),4,1,38,4,0
org.apache.pdfbox.pdmodel.PDDocument.close(),11,3,154,3,0
org.apache.pdfbox.pdmodel.PDDocument.protect(ProtectionPolicy),19,4,8,11,0
org.apache.pdfbox.pdmodel.PDDocument.getCurrentAccessPermission(),8,2,8,3,0
org.apache.pdfbox.pdmodel.PDDocument.isAllSecurityToBeRemoved(),4,1,3,1,0
org.apache.pdfbox.pdmodel.PDDocument.setAllSecurityToBeRemoved(boolean),4,1,8,1,0
org.apache.pdfbox.pdmodel.PDDocument.getDocumentId(),4,1,2,1,0
org.apache.pdfbox.pdmodel.PDDocument.setDocumentId(Long),4,1,1,1,0
org.apache.pdfbox.pdmodel.PDDocument.getVersion(),25,4,11,8,0
org.apache.pdfbox.pdmodel.PDDocument.setVersion(float),21,4,6,8,0
org.apache.pdfbox.pdmodel.PDDocument.getResourceCache(),4,1,4,1,0
org.apache.pdfbox.pdmodel.PDDocument.setResourceCache(ResourceCache),4,1,1,1,0
org.apache.pdfbox.pdmodel.PDDocumentInformation.PDDocumentInformation(),4,1,0,3,0
org.apache.pdfbox.pdmodel.PDDocumentInformation.PDDocumentInformation(COSDictionary),4,1,3,2,0
org.apache.pdfbox.pdmodel.PDDocumentInformation.getCOSObject(),4,1,5,1,0
org.apache.pdfbox.pdmodel.PDDocumentInformation.getPropertyStringValue(String),4,1,4,2,0
org.apache.pdfbox.pdmodel.PDDocumentInformation.getTitle(),4,1,9,2,0
org.apache.pdfbox.pdmodel.PDDocumentInformation.setTitle(String),4,1,11,1,0
org.apache.pdfbox.pdmodel.PDDocumentInformation.getAuthor(),4,1,7,2,0
org.apache.pdfbox.pdmodel.PDDocumentInformation.setAuthor(String),4,1,11,1,0
org.apache.pdfbox.pdmodel.PDDocumentInformation.getSubject(),4,1,8,2,0
org.apache.pdfbox.pdmodel.PDDocumentInformation.setSubject(String),4,1,11,1,0
org.apache.pdfbox.pdmodel.PDDocumentInformation.getKeywords(),4,1,7,2,0
org.apache.pdfbox.pdmodel.PDDocumentInformation.setKeywords(String),4,1,10,1,0
org.apache.pdfbox.pdmodel.PDDocumentInformation.getCreator(),4,1,8,2,0
org.apache.pdfbox.pdmodel.PDDocumentInformation.setCreator(String),4,1,10,1,0
org.apache.pdfbox.pdmodel.PDDocumentInformation.getProducer(),4,1,8,2,0
org.apache.pdfbox.pdmodel.PDDocumentInformation.setProducer(String),4,1,10,1,0
org.apache.pdfbox.pdmodel.PDDocumentInformation.getCreationDate(),4,1,7,2,0
org.apache.pdfbox.pdmodel.PDDocumentInformation.setCreationDate(Calendar),4,1,10,1,0
org.apache.pdfbox.pdmodel.PDDocumentInformation.getModificationDate(),4,1,7,2,0
org.apache.pdfbox.pdmodel.PDDocumentInformation.setModificationDate(Calendar),4,1,10,1,0
org.apache.pdfbox.pdmodel.PDDocumentInformation.getTrapped(),4,1,5,2,0
org.apache.pdfbox.pdmodel.PDDocumentInformation.getMetadataKeys(),9,2,2,5,1
org.apache.pdfbox.pdmodel.PDDocumentInformation.getCustomMetadataValue(String),4,1,3,2,0
"org.apache.pdfbox.pdmodel.PDDocumentInformation.setCustomMetadataValue(String, String)",4,1,3,1,0
org.apache.pdfbox.pdmodel.PDDocumentInformation.setTrapped(String),12,2,3,3,0
"org.apache.pdfbox.preflight.exception.ValidationException.ValidationException(String, Throwable, Integer)",6,1,3,4,0
"org.apache.pdfbox.preflight.exception.ValidationException.ValidationException(String, Throwable)",5,1,14,3,0
org.apache.pdfbox.preflight.exception.ValidationException.ValidationException(String),4,1,11,2,0
org.apache.pdfbox.preflight.exception.ValidationException.ValidationException(Throwable),5,1,2,3,0
org.apache.pdfbox.preflight.exception.ValidationException.getPageNumber(),4,1,1,1,0
org.apache.xmpbox.XMPMetadata.XMPMetadata(),5,1,6,2,0
"org.apache.xmpbox.XMPMetadata.XMPMetadata(String, String, String, String)",9,1,6,9,0
org.apache.xmpbox.XMPMetadata.createXMPMetadata(),4,1,23,2,0
"org.apache.xmpbox.XMPMetadata.createXMPMetadata(String, String, String, String)",5,1,6,2,0
org.apache.xmpbox.XMPMetadata.getTypeMapping(),4,1,32,1,0
org.apache.xmpbox.XMPMetadata.getXpacketBytes(),4,1,3,1,0
org.apache.xmpbox.XMPMetadata.getXpacketEncoding(),4,1,3,1,0
org.apache.xmpbox.XMPMetadata.getXpacketBegin(),4,1,3,1,0
org.apache.xmpbox.XMPMetadata.getXpacketId(),4,1,3,1,0
org.apache.xmpbox.XMPMetadata.getAllSchemas(),10,2,8,6,1
org.apache.xmpbox.XMPMetadata.setEndXPacket(String),4,1,2,1,0
org.apache.xmpbox.XMPMetadata.getEndXPacket(),4,1,2,1,0
org.apache.xmpbox.XMPMetadata.getSchema(String),14,3,6,6,1
org.apache.xmpbox.XMPMetadata.getSchema(Class<? extends XMPSchema>),5,1,11,4,0
"org.apache.xmpbox.XMPMetadata.getSchema(String, String)",14,3,4,8,1
"org.apache.xmpbox.XMPMetadata.createAndAddDefaultSchema(String, String)",7,1,2,4,0
org.apache.xmpbox.XMPMetadata.createAndAddPDFAExtensionSchemaWithDefaultNS(),7,1,0,4,0
"org.apache.xmpbox.XMPMetadata.createAndAddPDFAExtensionSchemaWithNS(Map<String, String>)",8,1,0,4,0
org.apache.xmpbox.XMPMetadata.getPDFExtensionSchema(),4,1,0,2,0
org.apache.xmpbox.XMPMetadata.createAndAddPFAIdentificationSchema(),7,1,8,4,0
org.apache.xmpbox.XMPMetadata.getPDFIdentificationSchema(),4,1,2,2,0
org.apache.xmpbox.XMPMetadata.createAndAddDublinCoreSchema(),7,1,11,4,0
org.apache.xmpbox.XMPMetadata.getDublinCoreSchema(),4,1,9,2,0
org.apache.xmpbox.XMPMetadata.createAndAddBasicJobTicketSchema(),7,1,3,4,0
org.apache.xmpbox.XMPMetadata.getBasicJobTicketSchema(),4,1,3,2,0
org.apache.xmpbox.XMPMetadata.createAndAddXMPRightsManagementSchema(),7,1,1,4,0
org.apache.xmpbox.XMPMetadata.getXMPRightsManagementSchema(),4,1,1,2,0
org.apache.xmpbox.XMPMetadata.createAndAddXMPBasicSchema(),7,1,7,4,0
org.apache.xmpbox.XMPMetadata.getXMPBasicSchema(),4,1,7,2,0
org.apache.xmpbox.XMPMetadata.createAndAddXMPMediaManagementSchema(),7,1,1,4,0
org.apache.xmpbox.XMPMetadata.createAndAddPhotoshopSchema(),7,1,1,4,0
org.apache.xmpbox.XMPMetadata.getPhotoshopSchema(),4,1,0,2,0
org.apache.xmpbox.XMPMetadata.getXMPMediaManagementSchema(),4,1,1,2,0
org.apache.xmpbox.XMPMetadata.createAndAddAdobePDFSchema(),7,1,10,4,0
org.apache.xmpbox.XMPMetadata.getAdobePDFSchema(),4,1,5,2,0
org.apache.xmpbox.XMPMetadata.addSchema(XMPSchema),4,1,19,1,0
org.apache.xmpbox.XMPMetadata.removeSchema(XMPSchema),4,1,2,1,0
org.apache.xmpbox.XMPMetadata.clearSchemas(),4,1,1,1,0
org.apache.xmpbox.schema.AdobePDFSchema.AdobePDFSchema(XMPMetadata),4,1,2,2,0
"org.apache.xmpbox.schema.AdobePDFSchema.AdobePDFSchema(XMPMetadata, String)",4,1,4,2,0
org.apache.xmpbox.schema.AdobePDFSchema.setKeywords(String),6,1,10,2,0
org.apache.xmpbox.schema.AdobePDFSchema.setKeywordsProperty(TextType),4,1,1,1,0
org.apache.xmpbox.schema.AdobePDFSchema.setPDFVersion(String),6,1,5,2,0
org.apache.xmpbox.schema.AdobePDFSchema.setPDFVersionProperty(TextType),4,1,1,1,0
org.apache.xmpbox.schema.AdobePDFSchema.setProducer(String),6,1,11,2,0
org.apache.xmpbox.schema.AdobePDFSchema.setProducerProperty(TextType),4,1,1,1,0
org.apache.xmpbox.schema.AdobePDFSchema.getKeywordsProperty(),9,2,4,2,0
org.apache.xmpbox.schema.AdobePDFSchema.getKeywords(),9,2,5,3,0
org.apache.xmpbox.schema.AdobePDFSchema.getPDFVersionProperty(),9,2,3,2,0
org.apache.xmpbox.schema.AdobePDFSchema.getPDFVersion(),9,2,4,3,0
org.apache.xmpbox.schema.AdobePDFSchema.getProducerProperty(),9,2,4,2,0
org.apache.xmpbox.schema.AdobePDFSchema.getProducer(),9,2,7,3,0
org.apache.xmpbox.schema.DublinCoreSchema.DublinCoreSchema(XMPMetadata),4,1,3,2,0
"org.apache.xmpbox.schema.DublinCoreSchema.DublinCoreSchema(XMPMetadata, String)",4,1,5,2,0
org.apache.xmpbox.schema.DublinCoreSchema.addContributor(String),4,1,4,1,0
org.apache.xmpbox.schema.DublinCoreSchema.removeContributor(String),4,1,2,1,0
org.apache.xmpbox.schema.DublinCoreSchema.setCoverage(String),4,1,6,2,0
org.apache.xmpbox.schema.DublinCoreSchema.setCoverageProperty(TextType),4,1,1,1,0
org.apache.xmpbox.schema.DublinCoreSchema.addCreator(String),4,1,10,1,0
org.apache.xmpbox.schema.DublinCoreSchema.removeCreator(String),4,1,2,1,0
org.apache.xmpbox.schema.DublinCoreSchema.addDate(Calendar),4,1,2,1,0
org.apache.xmpbox.schema.DublinCoreSchema.removeDate(Calendar),4,1,2,1,0
"org.apache.xmpbox.schema.DublinCoreSchema.addDescription(String, String)",4,1,9,1,0
org.apache.xmpbox.schema.DublinCoreSchema.setDescription(String),4,1,2,1,0
org.apache.xmpbox.schema.DublinCoreSchema.setFormat(String),4,1,3,2,0
org.apache.xmpbox.schema.DublinCoreSchema.setIdentifier(String),4,1,2,2,0
org.apache.xmpbox.schema.DublinCoreSchema.setIdentifierProperty(TextType),4,1,1,1,0
org.apache.xmpbox.schema.DublinCoreSchema.addLanguage(String),4,1,2,1,0
org.apache.xmpbox.schema.DublinCoreSchema.removeLanguage(String),4,1,2,1,0
org.apache.xmpbox.schema.DublinCoreSchema.addPublisher(String),4,1,2,1,0
org.apache.xmpbox.schema.DublinCoreSchema.removePublisher(String),4,1,2,1,0
org.apache.xmpbox.schema.DublinCoreSchema.addRelation(String),4,1,2,1,0
org.apache.xmpbox.schema.DublinCoreSchema.removeRelation(String),4,1,2,1,0
"org.apache.xmpbox.schema.DublinCoreSchema.addRights(String, String)",4,1,3,1,0
org.apache.xmpbox.schema.DublinCoreSchema.setSource(String),4,1,2,2,0
org.apache.xmpbox.schema.DublinCoreSchema.setSourceProperty(TextType),4,1,1,1,0
org.apache.xmpbox.schema.DublinCoreSchema.setFormatProperty(MIMEType),4,1,1,1,0
org.apache.xmpbox.schema.DublinCoreSchema.addSubject(String),4,1,5,1,0
org.apache.xmpbox.schema.DublinCoreSchema.removeSubject(String),4,1,2,1,0
"org.apache.xmpbox.schema.DublinCoreSchema.setTitle(String, String)",4,1,10,1,0
org.apache.xmpbox.schema.DublinCoreSchema.setTitle(String),4,1,3,1,0
"org.apache.xmpbox.schema.DublinCoreSchema.addTitle(String, String)",4,1,2,1,0
org.apache.xmpbox.schema.DublinCoreSchema.addType(String),4,1,2,1,0
org.apache.xmpbox.schema.DublinCoreSchema.getContributorsProperty(),4,1,1,2,0
org.apache.xmpbox.schema.DublinCoreSchema.getContributors(),4,1,1,2,0
org.apache.xmpbox.schema.DublinCoreSchema.getCoverageProperty(),4,1,1,2,0
org.apache.xmpbox.schema.DublinCoreSchema.getCoverage(),5,2,2,3,0
org.apache.xmpbox.schema.DublinCoreSchema.getCreatorsProperty(),4,1,3,2,0
org.apache.xmpbox.schema.DublinCoreSchema.getCreators(),4,1,4,2,0
org.apache.xmpbox.schema.DublinCoreSchema.getDatesProperty(),4,1,1,2,0
org.apache.xmpbox.schema.DublinCoreSchema.getDates(),4,1,2,2,0
org.apache.xmpbox.schema.DublinCoreSchema.getDescriptionProperty(),4,1,2,2,0
org.apache.xmpbox.schema.DublinCoreSchema.getDescriptionLanguages(),4,1,1,2,0
org.apache.xmpbox.schema.DublinCoreSchema.getDescription(String),4,1,4,2,0
org.apache.xmpbox.schema.DublinCoreSchema.getDescription(),4,1,1,2,0
org.apache.xmpbox.schema.DublinCoreSchema.getFormatProperty(),4,1,1,2,0
org.apache.xmpbox.schema.DublinCoreSchema.getFormat(),5,2,3,3,0
org.apache.xmpbox.schema.DublinCoreSchema.getIdentifierProperty(),4,1,1,2,0
org.apache.xmpbox.schema.DublinCoreSchema.getIdentifier(),5,2,1,3,0
org.apache.xmpbox.schema.DublinCoreSchema.getLanguagesProperty(),4,1,1,2,0
org.apache.xmpbox.schema.DublinCoreSchema.getLanguages(),4,1,1,2,0
org.apache.xmpbox.schema.DublinCoreSchema.getPublishersProperty(),4,1,1,2,0
org.apache.xmpbox.schema.DublinCoreSchema.getPublishers(),4,1,1,2,0
org.apache.xmpbox.schema.DublinCoreSchema.getRelationsProperty(),4,1,1,2,0
org.apache.xmpbox.schema.DublinCoreSchema.getRelations(),4,1,1,2,0
org.apache.xmpbox.schema.DublinCoreSchema.getRightsProperty(),4,1,2,2,0
org.apache.xmpbox.schema.DublinCoreSchema.getRightsLanguages(),4,1,1,2,0
org.apache.xmpbox.schema.DublinCoreSchema.getRights(String),4,1,3,2,0
org.apache.xmpbox.schema.DublinCoreSchema.getRights(),4,1,0,2,0
org.apache.xmpbox.schema.DublinCoreSchema.getSourceProperty(),4,1,1,2,0
org.apache.xmpbox.schema.DublinCoreSchema.getSource(),5,2,1,3,0
org.apache.xmpbox.schema.DublinCoreSchema.getSubjectsProperty(),4,1,1,2,0
org.apache.xmpbox.schema.DublinCoreSchema.getSubjects(),4,1,3,2,0
org.apache.xmpbox.schema.DublinCoreSchema.getTitleProperty(),4,1,3,2,0
org.apache.xmpbox.schema.DublinCoreSchema.getTitleLanguages(),4,1,1,2,0
org.apache.xmpbox.schema.DublinCoreSchema.getTitle(String),4,1,6,2,0
org.apache.xmpbox.schema.DublinCoreSchema.getTitle(),4,1,3,2,0
org.apache.xmpbox.schema.DublinCoreSchema.getTypesProperty(),4,1,1,2,0
org.apache.xmpbox.schema.DublinCoreSchema.getTypes(),4,1,1,2,0
org.apache.xmpbox.schema.DublinCoreSchema.removeType(String),4,1,2,1,0
org.apache.xmpbox.schema.XMPBasicSchema.XMPBasicSchema(XMPMetadata),4,1,2,2,0
"org.apache.xmpbox.schema.XMPBasicSchema.XMPBasicSchema(XMPMetadata, String)",4,1,4,2,0
"org.apache.xmpbox.schema.XMPBasicSchema.addThumbnails(Integer, Integer, String, String)",14,2,7,11,0
org.apache.xmpbox.schema.XMPBasicSchema.addAdvisory(String),4,1,2,1,0
org.apache.xmpbox.schema.XMPBasicSchema.removeAdvisory(String),4,1,2,1,0
org.apache.xmpbox.schema.XMPBasicSchema.setBaseURL(String),5,1,2,2,0
org.apache.xmpbox.schema.XMPBasicSchema.setBaseURLProperty(URLType),4,1,2,1,0
org.apache.xmpbox.schema.XMPBasicSchema.setCreateDate(Calendar),5,1,9,2,0
org.apache.xmpbox.schema.XMPBasicSchema.setCreateDateProperty(DateType),4,1,2,1,0
org.apache.xmpbox.schema.XMPBasicSchema.setCreatorTool(String),5,1,8,2,0
org.apache.xmpbox.schema.XMPBasicSchema.setCreatorToolProperty(AgentNameType),4,1,2,1,0
org.apache.xmpbox.schema.XMPBasicSchema.addIdentifier(String),4,1,2,1,0
org.apache.xmpbox.schema.XMPBasicSchema.removeIdentifier(String),4,1,2,1,0
org.apache.xmpbox.schema.XMPBasicSchema.setLabel(String),5,1,2,2,0
org.apache.xmpbox.schema.XMPBasicSchema.setLabelProperty(TextType),4,1,2,1,0
org.apache.xmpbox.schema.XMPBasicSchema.setMetadataDate(Calendar),5,1,3,2,0
org.apache.xmpbox.schema.XMPBasicSchema.setMetadataDateProperty(DateType),4,1,2,1,0
org.apache.xmpbox.schema.XMPBasicSchema.setModifyDate(Calendar),5,1,8,2,0
org.apache.xmpbox.schema.XMPBasicSchema.setModifierDate(Calendar),5,1,2,2,0
org.apache.xmpbox.schema.XMPBasicSchema.setModifyDateProperty(DateType),4,1,2,1,0
org.apache.xmpbox.schema.XMPBasicSchema.setModifierDateProperty(DateType),4,1,2,1,0
org.apache.xmpbox.schema.XMPBasicSchema.setNickname(String),5,1,2,2,0
org.apache.xmpbox.schema.XMPBasicSchema.setNicknameProperty(TextType),4,1,2,1,0
org.apache.xmpbox.schema.XMPBasicSchema.setRating(Integer),5,1,2,2,0
org.apache.xmpbox.schema.XMPBasicSchema.setRatingProperty(IntegerType),4,1,2,1,0
org.apache.xmpbox.schema.XMPBasicSchema.getAdvisoryProperty(),4,1,1,2,0
org.apache.xmpbox.schema.XMPBasicSchema.getAdvisory(),4,1,1,2,0
org.apache.xmpbox.schema.XMPBasicSchema.getBaseURLProperty(),4,1,1,2,0
org.apache.xmpbox.schema.XMPBasicSchema.getBaseURL(),5,2,1,3,0
org.apache.xmpbox.schema.XMPBasicSchema.getCreateDateProperty(),4,1,2,2,0
org.apache.xmpbox.schema.XMPBasicSchema.getCreateDate(),9,2,6,3,0
org.apache.xmpbox.schema.XMPBasicSchema.getCreatorToolProperty(),4,1,2,2,0
org.apache.xmpbox.schema.XMPBasicSchema.getCreatorTool(),5,2,4,3,0
org.apache.xmpbox.schema.XMPBasicSchema.getIdentifiersProperty(),4,1,1,2,0
org.apache.xmpbox.schema.XMPBasicSchema.getIdentifiers(),4,1,1,2,0
org.apache.xmpbox.schema.XMPBasicSchema.getLabelProperty(),4,1,1,2,0
org.apache.xmpbox.schema.XMPBasicSchema.getLabel(),5,2,1,3,0
org.apache.xmpbox.schema.XMPBasicSchema.getMetadataDateProperty(),4,1,1,2,0
org.apache.xmpbox.schema.XMPBasicSchema.getMetadataDate(),5,2,2,3,0
org.apache.xmpbox.schema.XMPBasicSchema.getModifyDateProperty(),4,1,2,2,0
org.apache.xmpbox.schema.XMPBasicSchema.getModifierDateProperty(),4,1,1,2,0
org.apache.xmpbox.schema.XMPBasicSchema.getModifyDate(),9,2,4,3,0
org.apache.xmpbox.schema.XMPBasicSchema.getModifierDate(),9,2,1,3,0
org.apache.xmpbox.schema.XMPBasicSchema.getNicknameProperty(),4,1,1,2,0
org.apache.xmpbox.schema.XMPBasicSchema.getNickname(),5,2,1,3,0
org.apache.xmpbox.schema.XMPBasicSchema.getRatingProperty(),4,1,1,2,0
org.apache.xmpbox.schema.XMPBasicSchema.getRating(),5,2,1,3,0
org.apache.xmpbox.schema.XMPBasicSchema.getThumbnailsProperty(),22,4,3,7,1
org.apache.pdfbox.preflight.ValidationResult.ValidationResult(boolean),4,1,8,2,0
org.apache.pdfbox.preflight.ValidationResult.ValidationResult(ValidationError),8,2,3,3,0
org.apache.pdfbox.preflight.ValidationResult.ValidationResult(List<ValidationError>),5,1,1,3,0
org.apache.pdfbox.preflight.ValidationResult.mergeResult(ValidationResult),8,2,3,4,0
org.apache.pdfbox.preflight.ValidationResult.getXmpMetaData(),4,1,1,1,0
org.apache.pdfbox.preflight.ValidationResult.setXmpMetaData(XMPMetadata),4,1,1,1,0
org.apache.pdfbox.preflight.ValidationResult.isValid(),4,1,12,1,0
org.apache.pdfbox.preflight.ValidationResult.addError(ValidationError),8,2,9,3,0
org.apache.pdfbox.preflight.ValidationResult.addErrors(List<ValidationError>),10,3,1,1,1
org.apache.pdfbox.preflight.ValidationResult.getErrorsList(),4,1,11,1,0
"org.apache.pdfbox.preflight.metadata.SynchronizedMetaDataValidation.analyzeTitleProperty(PDDocumentInformation, DublinCoreSchema, List<ValidationError>)",52,9,4,16,0
"org.apache.pdfbox.preflight.metadata.SynchronizedMetaDataValidation.analyzeAuthorProperty(PDDocumentInformation, DublinCoreSchema, List<ValidationError>)",41,7,4,11,0
"org.apache.pdfbox.preflight.metadata.SynchronizedMetaDataValidation.analyzeSubjectProperty(PDDocumentInformation, DublinCoreSchema, List<ValidationError>)",34,6,4,9,0
"org.apache.pdfbox.preflight.metadata.SynchronizedMetaDataValidation.analyzeKeywordsProperty(PDDocumentInformation, AdobePDFSchema, List<ValidationError>)",26,5,4,9,0
"org.apache.pdfbox.preflight.metadata.SynchronizedMetaDataValidation.analyzeProducerProperty(PDDocumentInformation, AdobePDFSchema, List<ValidationError>)",26,5,4,9,0
"org.apache.pdfbox.preflight.metadata.SynchronizedMetaDataValidation.analyzeCreatorToolProperty(PDDocumentInformation, XMPBasicSchema, List<ValidationError>)",26,5,4,9,0
"org.apache.pdfbox.preflight.metadata.SynchronizedMetaDataValidation.analyzeCreationDateProperty(PDDocumentInformation, XMPBasicSchema, List<ValidationError>)",33,6,5,15,0
"org.apache.pdfbox.preflight.metadata.SynchronizedMetaDataValidation.analyzeModifyDateProperty(PDDocumentInformation, XMPBasicSchema, List<ValidationError>)",33,6,5,15,0
"org.apache.pdfbox.preflight.metadata.SynchronizedMetaDataValidation.validateMetadataSynchronization(PDDocument, XMPMetadata)",32,3,14,15,0
"org.apache.pdfbox.preflight.metadata.SynchronizedMetaDataValidation.unexpectedPrefixFoundError(String, String, String)",7,1,4,5,0
"org.apache.pdfbox.preflight.metadata.SynchronizedMetaDataValidation.schemaAccessException(String, Throwable)",6,1,3,5,0
org.apache.pdfbox.preflight.metadata.SynchronizedMetaDataValidation.unsynchronizedMetaDataError(String),6,1,10,5,0
"org.apache.pdfbox.preflight.metadata.SynchronizedMetaDataValidation.absentSchemaMetaDataError(String, String)",7,1,11,5,0
"org.apache.pdfbox.preflight.metadata.SynchronizedMetaDataValidation.absentXMPPropertyError(String, String)",7,1,11,5,0
org.apache.pdfbox.preflight.metadata.SynchronizedMetaDataValidation.removeTrailingNul(String),9,2,7,4,1
org.apache.pdfbox.preflight.metadata.SynchronizedMetaDataValidation.hasTimeZone(Object),13,3,3,2,0
org.apache.pdfbox.preflight.metadata.SynchronizedMetaDataValidation.isValidPDFDateFormat(COSBase),12,3,3,3,0
org.apache.pdfbox.pdmodel.encryption.SecurityHandlerFactory.SecurityHandlerFactory(),9,1,2,2,0
"org.apache.pdfbox.pdmodel.encryption.SecurityHandlerFactory.registerHandler(String, Class<? extends SecurityHandler>, Class<? extends ProtectionPolicy>)",11,2,6,3,0
org.apache.pdfbox.pdmodel.encryption.SecurityHandlerFactory.newSecurityHandlerForPolicy(ProtectionPolicy),11,2,3,4,0
org.apache.pdfbox.pdmodel.encryption.SecurityHandlerFactory.newSecurityHandlerForFilter(String),11,2,3,3,0
"org.apache.pdfbox.pdmodel.encryption.SecurityHandlerFactory.newSecurityHandler(Class<? extends SecurityHandler>, Class<?>[], Object[])",26,5,9,4,0
org.apache.pdfbox.pdmodel.encryption.SecurityHandler.setDecryptMetadata(boolean),4,1,3,1,0
org.apache.pdfbox.pdmodel.encryption.SecurityHandler.prepareDocumentForEncryption(PDDocument),1,1,1,0,0
"org.apache.pdfbox.pdmodel.encryption.SecurityHandler.prepareForDecryption(PDEncryption, COSArray, DecryptionMaterial)",2,1,1,0,0
"org.apache.pdfbox.pdmodel.encryption.SecurityHandler.encryptData(long, long, InputStream, OutputStream, boolean)",21,3,12,5,0
"org.apache.pdfbox.pdmodel.encryption.SecurityHandler.calcFinalKey(long, long)",21,2,7,6,0
"org.apache.pdfbox.pdmodel.encryption.SecurityHandler.encryptDataRC4(byte[], InputStream, OutputStream)",6,1,7,2,0
"org.apache.pdfbox.pdmodel.encryption.SecurityHandler.encryptDataRC4(byte[], byte[], OutputStream)",5,1,6,2,0
"org.apache.pdfbox.pdmodel.encryption.SecurityHandler.encryptDataAESother(byte[], InputStream, OutputStream, boolean)",51,10,13,9,1
"org.apache.pdfbox.pdmodel.encryption.SecurityHandler.encryptDataAES256(InputStream, OutputStream, boolean)",37,6,10,8,0
"org.apache.pdfbox.pdmodel.encryption.SecurityHandler.prepareAESInitializationVector(boolean, byte[], InputStream, OutputStream)",24,4,7,6,0
"org.apache.pdfbox.pdmodel.encryption.SecurityHandler.decrypt(COSBase, long, long)",23,6,8,6,0
"org.apache.pdfbox.pdmodel.encryption.SecurityHandler.decryptStream(COSStream, long, long)",37,5,12,14,0
"org.apache.pdfbox.pdmodel.encryption.SecurityHandler.encryptStream(COSStream, long, int)",14,1,4,6,0
"org.apache.pdfbox.pdmodel.encryption.SecurityHandler.decryptDictionary(COSDictionary, long, long)",21,5,10,7,1
"org.apache.pdfbox.pdmodel.encryption.SecurityHandler.decryptString(COSString, long, long)",15,2,7,8,0
"org.apache.pdfbox.pdmodel.encryption.SecurityHandler.encryptString(COSString, long, int)",7,1,4,6,0
"org.apache.pdfbox.pdmodel.encryption.SecurityHandler.decryptArray(COSArray, long, long)",7,2,4,3,1
org.apache.pdfbox.pdmodel.encryption.SecurityHandler.getKeyLength(),4,1,1,1,0
org.apache.pdfbox.pdmodel.encryption.SecurityHandler.setKeyLength(int),4,1,1,1,0
org.apache.pdfbox.pdmodel.encryption.SecurityHandler.setCurrentAccessPermission(AccessPermission),4,1,3,1,0
org.apache.pdfbox.pdmodel.encryption.SecurityHandler.getCurrentAccessPermission(),4,1,2,1,0
org.apache.pdfbox.pdmodel.encryption.SecurityHandler.isAES(),4,1,1,1,0
org.apache.pdfbox.pdmodel.encryption.SecurityHandler.setAES(boolean),4,1,3,1,0
org.apache.pdfbox.pdmodel.encryption.SecurityHandler.hasProtectionPolicy(),1,1,1,1,0
org.apache.pdfbox.pdmodel.encryption.ProtectionPolicy.setEncryptionKeyLength(int),8,2,3,2,0
org.apache.pdfbox.pdmodel.encryption.ProtectionPolicy.getEncryptionKeyLength(),4,1,3,1,0
org.apache.pdfbox.pdmodel.encryption.StandardSecurityHandler.StandardSecurityHandler(),3,1,0,1,0
org.apache.pdfbox.pdmodel.encryption.StandardSecurityHandler.StandardSecurityHandler(StandardProtectionPolicy),5,1,2,4,0
org.apache.pdfbox.pdmodel.encryption.StandardSecurityHandler.computeVersionNumber(),12,3,3,1,0
org.apache.pdfbox.pdmodel.encryption.StandardSecurityHandler.computeRevisionNumber(int),20,5,3,3,0
"org.apache.pdfbox.pdmodel.encryption.StandardSecurityHandler.prepareForDecryption(PDEncryption, COSArray, DecryptionMaterial)",92,11,7,28,0
org.apache.pdfbox.pdmodel.encryption.StandardSecurityHandler.getDocumentIDBytes(COSArray),14,2,2,4,0
"org.apache.pdfbox.pdmodel.encryption.StandardSecurityHandler.validatePerms(PDEncryption, int, boolean)",29,5,8,8,0
org.apache.pdfbox.pdmodel.encryption.StandardSecurityHandler.prepareDocumentForEncryption(PDDocument),46,7,4,21,0
"org.apache.pdfbox.pdmodel.encryption.StandardSecurityHandler.prepareEncryptionDictRev6(String, String, PDEncryption, int)",69,3,10,20,1
"org.apache.pdfbox.pdmodel.encryption.StandardSecurityHandler.prepareEncryptionDictRev2345(String, String, PDEncryption, int, PDDocument, int, int)",37,3,10,24,0
"org.apache.pdfbox.pdmodel.encryption.StandardSecurityHandler.prepareEncryptionDictAES(PDEncryption, COSName)",10,1,6,7,0
"org.apache.pdfbox.pdmodel.encryption.StandardSecurityHandler.isOwnerPassword(byte[], byte[], byte[], int, byte[], int, int, boolean)",29,3,10,8,0
"org.apache.pdfbox.pdmodel.encryption.StandardSecurityHandler.getUserPassword(byte[], byte[], int, int)",28,5,7,7,2
"org.apache.pdfbox.pdmodel.encryption.StandardSecurityHandler.computeEncryptedKey(byte[], byte[], byte[], byte[], byte[], int, byte[], int, int, boolean, boolean)",14,2,14,3,0
"org.apache.pdfbox.pdmodel.encryption.StandardSecurityHandler.computeEncryptedKeyRev234(byte[], byte[], int, byte[], boolean, int, int)",29,4,8,8,1
"org.apache.pdfbox.pdmodel.encryption.StandardSecurityHandler.computeEncryptedKeyRev56(byte[], boolean, byte[], byte[], byte[], byte[], int)",45,5,10,9,0
"org.apache.pdfbox.pdmodel.encryption.StandardSecurityHandler.computeUserPassword(byte[], byte[], int, byte[], int, int, boolean)",37,5,11,13,2
"org.apache.pdfbox.pdmodel.encryption.StandardSecurityHandler.computeOwnerPassword(byte[], byte[], int, int)",28,5,6,10,2
"org.apache.pdfbox.pdmodel.encryption.StandardSecurityHandler.computeRC4key(byte[], int, int)",16,3,5,7,1
org.apache.pdfbox.pdmodel.encryption.StandardSecurityHandler.truncateOrPad(byte[]),9,1,6,3,0
"org.apache.pdfbox.pdmodel.encryption.StandardSecurityHandler.isUserPassword(byte[], byte[], byte[], int, byte[], int, int, boolean)",39,5,11,10,0
"org.apache.pdfbox.pdmodel.encryption.StandardSecurityHandler.isUserPassword(String, byte[], byte[], int, byte[], int, int, boolean)",15,2,10,3,0
"org.apache.pdfbox.pdmodel.encryption.StandardSecurityHandler.isOwnerPassword(String, byte[], byte[], int, byte[], int, int, boolean)",7,1,9,3,0
"org.apache.pdfbox.pdmodel.encryption.StandardSecurityHandler.computeHash2A(byte[], byte[], byte[])",24,4,7,6,0
"org.apache.pdfbox.pdmodel.encryption.StandardSecurityHandler.computeHash2B(byte[], byte[], byte[])",66,7,9,13,2
"org.apache.pdfbox.pdmodel.encryption.StandardSecurityHandler.computeSHA256(byte[], byte[], byte[])",15,3,7,6,0
"org.apache.pdfbox.pdmodel.encryption.StandardSecurityHandler.concat(byte[], byte[])",7,1,4,2,0
"org.apache.pdfbox.pdmodel.encryption.StandardSecurityHandler.concat(byte[], byte[], byte[])",8,1,6,2,0
org.apache.pdfbox.pdmodel.encryption.StandardSecurityHandler.truncate127(byte[]),10,2,6,2,0
org.apache.pdfbox.pdmodel.encryption.StandardSecurityHandler.logIfStrongEncryptionMissing(),13,3,6,2,0
org.apache.pdfbox.pdmodel.encryption.StandardSecurityHandler.hasProtectionPolicy(),4,1,1,1,0
"org.apache.pdfbox.pdmodel.encryption.StandardProtectionPolicy.StandardProtectionPolicy(String, String, AccessPermission)",7,1,5,4,0
org.apache.pdfbox.pdmodel.encryption.StandardProtectionPolicy.getPermissions(),4,1,3,1,0
org.apache.pdfbox.pdmodel.encryption.StandardProtectionPolicy.setPermissions(AccessPermission),4,1,2,1,0
org.apache.pdfbox.pdmodel.encryption.StandardProtectionPolicy.getOwnerPassword(),4,1,2,1,0
org.apache.pdfbox.pdmodel.encryption.StandardProtectionPolicy.setOwnerPassword(String),4,1,1,1,0
org.apache.pdfbox.pdmodel.encryption.StandardProtectionPolicy.getUserPassword(),4,1,2,1,0
org.apache.pdfbox.pdmodel.encryption.StandardProtectionPolicy.setUserPassword(String),4,1,1,1,0
org.apache.pdfbox.pdmodel.encryption.PublicKeySecurityHandler.PublicKeySecurityHandler(),3,1,0,1,0
org.apache.pdfbox.pdmodel.encryption.PublicKeySecurityHandler.PublicKeySecurityHandler(PublicKeyProtectionPolicy),5,1,2,4,0
"org.apache.pdfbox.pdmodel.encryption.PublicKeySecurityHandler.prepareForDecryption(PDEncryption, COSArray, DecryptionMaterial)",103,15,8,34,3
"org.apache.pdfbox.pdmodel.encryption.PublicKeySecurityHandler.appendCertInfo(StringBuilder, KeyTransRecipientId, X509Certificate, X509CertificateHolder)",23,4,5,6,0
org.apache.pdfbox.pdmodel.encryption.PublicKeySecurityHandler.prepareDocumentForEncryption(PDDocument),62,7,8,28,2
org.apache.pdfbox.pdmodel.encryption.PublicKeySecurityHandler.computeRecipientsField(byte[]),29,2,3,13,1
"org.apache.pdfbox.pdmodel.encryption.PublicKeySecurityHandler.createDERForRecipient(byte[], X509Certificate)",38,3,7,14,0
"org.apache.pdfbox.pdmodel.encryption.PublicKeySecurityHandler.computeRecipientInfo(X509Certificate, byte[])",29,3,5,15,0
org.apache.pdfbox.pdmodel.encryption.PublicKeySecurityHandler.hasProtectionPolicy(),4,1,1,1,0
org.apache.pdfbox.pdmodel.encryption.PublicKeyProtectionPolicy.PublicKeyProtectionPolicy(),3,1,4,1,0
org.apache.pdfbox.pdmodel.encryption.PublicKeyProtectionPolicy.addRecipient(PublicKeyRecipient),4,1,6,1,0
org.apache.pdfbox.pdmodel.encryption.PublicKeyProtectionPolicy.removeRecipient(PublicKeyRecipient),4,1,2,2,0
org.apache.pdfbox.pdmodel.encryption.PublicKeyProtectionPolicy.getRecipientsIterator(),4,1,2,2,0
org.apache.pdfbox.pdmodel.encryption.PublicKeyProtectionPolicy.getDecryptionCertificate(),4,1,1,1,0
org.apache.pdfbox.pdmodel.encryption.PublicKeyProtectionPolicy.setDecryptionCertificate(X509Certificate),4,1,1,1,0
org.apache.pdfbox.pdmodel.encryption.PublicKeyProtectionPolicy.getNumberOfRecipients(),4,1,2,2,0
org.apache.pdfbox.preflight.graphic.ColorSpaces.ColorSpaces(String),4,1,1,2,0
org.apache.pdfbox.preflight.graphic.ColorSpaces.getLabel(),4,1,5,1,0
org.apache.pdfbox.preflight.graphic.ColorSpaces.setLabel(String),4,1,1,1,0
org.apache.pdfbox.preflight.graphic.ColorSpaces.values(),0,1,0,1,0
org.apache.pdfbox.preflight.graphic.ColorSpaces.valueOf(),0,1,5,1,0
org.apache.pdfbox.pdmodel.PDDocumentNameDestinationDictionary.PDDocumentNameDestinationDictionary(COSDictionary),4,1,2,2,0
org.apache.pdfbox.pdmodel.PDDocumentNameDestinationDictionary.getCOSObject(),4,1,1,1,0
org.apache.pdfbox.pdmodel.PDDocumentNameDestinationDictionary.getDestination(String),17,4,4,5,0
org.apache.pdfbox.cos.COSArray.COSArray(),3,1,141,1,0
org.apache.pdfbox.cos.COSArray.add(COSBase),4,1,101,1,0
org.apache.pdfbox.cos.COSArray.add(COSObjectable),4,1,19,2,0
"org.apache.pdfbox.cos.COSArray.add(int, COSBase)",4,1,10,1,0
org.apache.pdfbox.cos.COSArray.clear(),4,1,3,1,0
org.apache.pdfbox.cos.COSArray.removeAll(Collection<COSBase>),4,1,3,1,0
org.apache.pdfbox.cos.COSArray.retainAll(Collection<COSBase>),4,1,3,1,0
org.apache.pdfbox.cos.COSArray.addAll(Collection<COSBase>),4,1,5,1,0
org.apache.pdfbox.cos.COSArray.addAll(COSArray),7,2,7,1,0
"org.apache.pdfbox.cos.COSArray.addAll(int, Collection<COSBase>)",4,1,4,1,0
"org.apache.pdfbox.cos.COSArray.set(int, COSBase)",4,1,49,1,0
"org.apache.pdfbox.cos.COSArray.set(int, int)",4,1,5,2,0
"org.apache.pdfbox.cos.COSArray.set(int, COSObjectable)",9,2,7,2,0
org.apache.pdfbox.cos.COSArray.getObject(int),13,3,92,3,0
org.apache.pdfbox.cos.COSArray.get(int),4,1,75,2,0
org.apache.pdfbox.cos.COSArray.getInt(int),4,1,19,2,0
"org.apache.pdfbox.cos.COSArray.getInt(int, int)",13,3,4,4,0
"org.apache.pdfbox.cos.COSArray.setInt(int, int)",4,1,12,2,0
"org.apache.pdfbox.cos.COSArray.setName(int, String)",4,1,16,2,0
org.apache.pdfbox.cos.COSArray.getName(int),4,1,15,2,0
"org.apache.pdfbox.cos.COSArray.getName(int, String)",13,3,4,4,0
"org.apache.pdfbox.cos.COSArray.setString(int, String)",11,2,4,2,0
org.apache.pdfbox.cos.COSArray.getString(int),4,1,9,2,0
"org.apache.pdfbox.cos.COSArray.getString(int, String)",13,3,4,4,0
org.apache.pdfbox.cos.COSArray.size(),4,1,149,2,0
org.apache.pdfbox.cos.COSArray.remove(int),4,1,7,2,0
org.apache.pdfbox.cos.COSArray.remove(COSBase),4,1,7,2,0
org.apache.pdfbox.cos.COSArray.removeObject(COSBase),20,5,3,6,1
org.apache.pdfbox.cos.COSArray.toString(),4,1,2,2,0
org.apache.pdfbox.cos.COSArray.iterator(),4,1,7,2,0
org.apache.pdfbox.cos.COSArray.indexOf(COSBase),12,3,2,4,1
org.apache.pdfbox.cos.COSArray.indexOfObject(COSBase),19,4,3,5,1
org.apache.pdfbox.cos.COSArray.growToSize(int),4,1,18,1,0
"org.apache.pdfbox.cos.COSArray.growToSize(int, COSBase)",7,2,4,2,1
org.apache.pdfbox.cos.COSArray.accept(ICOSVisitor),4,1,1,2,0
org.apache.pdfbox.cos.COSArray.isNeedToBeUpdated(),4,1,1,1,0
org.apache.pdfbox.cos.COSArray.setNeedToBeUpdated(boolean),4,1,1,1,0
org.apache.pdfbox.cos.COSArray.toFloatArray(),9,2,36,4,1
org.apache.pdfbox.cos.COSArray.setFloatArray(float[]),8,2,26,3,1
org.apache.pdfbox.cos.COSArray.toList(),9,2,4,5,1
org.apache.pdfbox.cos.COSDictionary.COSDictionary(),3,1,134,1,0
org.apache.pdfbox.cos.COSDictionary.COSDictionary(COSDictionary),4,1,3,2,0
org.apache.pdfbox.cos.COSDictionary.containsValue(Object),9,2,3,3,0
org.apache.pdfbox.cos.COSDictionary.getKeyForValue(Object),14,3,3,6,1
org.apache.pdfbox.cos.COSDictionary.size(),4,1,9,2,0
org.apache.pdfbox.cos.COSDictionary.clear(),4,1,2,1,0
org.apache.pdfbox.cos.COSDictionary.getDictionaryObject(String),4,1,75,3,0
"org.apache.pdfbox.cos.COSDictionary.getDictionaryObject(COSName, COSName)",9,2,20,2,0
org.apache.pdfbox.cos.COSDictionary.getDictionaryObject(String[]),9,2,4,3,1
org.apache.pdfbox.cos.COSDictionary.getDictionaryObject(COSName),13,3,445,3,0
"org.apache.pdfbox.cos.COSDictionary.setItem(COSName, COSBase)",11,2,335,2,0
"org.apache.pdfbox.cos.COSDictionary.setItem(COSName, COSObjectable)",9,2,140,2,0
"org.apache.pdfbox.cos.COSDictionary.setItem(String, COSObjectable)",4,1,34,2,0
"org.apache.pdfbox.cos.COSDictionary.setBoolean(String, boolean)",4,1,10,3,0
"org.apache.pdfbox.cos.COSDictionary.setBoolean(COSName, boolean)",4,1,34,2,0
"org.apache.pdfbox.cos.COSDictionary.setItem(String, COSBase)",4,1,19,2,0
"org.apache.pdfbox.cos.COSDictionary.setName(String, String)",4,1,12,2,0
"org.apache.pdfbox.cos.COSDictionary.setName(COSName, String)",9,2,122,2,0
"org.apache.pdfbox.cos.COSDictionary.setDate(String, Calendar)",4,1,2,2,0
"org.apache.pdfbox.cos.COSDictionary.setDate(COSName, Calendar)",4,1,10,2,0
"org.apache.pdfbox.cos.COSDictionary.setEmbeddedDate(String, String, Calendar)",4,1,5,2,0
"org.apache.pdfbox.cos.COSDictionary.setEmbeddedDate(String, COSName, Calendar)",13,3,4,4,0
"org.apache.pdfbox.cos.COSDictionary.setString(String, String)",4,1,16,2,0
"org.apache.pdfbox.cos.COSDictionary.setString(COSName, String)",9,2,87,2,0
"org.apache.pdfbox.cos.COSDictionary.setEmbeddedString(String, String, String)",4,1,7,2,0
"org.apache.pdfbox.cos.COSDictionary.setEmbeddedString(String, COSName, String)",13,3,4,4,0
"org.apache.pdfbox.cos.COSDictionary.setInt(String, int)",4,1,7,2,0
"org.apache.pdfbox.cos.COSDictionary.setInt(COSName, int)",4,1,84,2,0
"org.apache.pdfbox.cos.COSDictionary.setLong(String, long)",4,1,2,2,0
"org.apache.pdfbox.cos.COSDictionary.setLong(COSName, long)",5,1,9,2,0
"org.apache.pdfbox.cos.COSDictionary.setEmbeddedInt(String, String, int)",4,1,4,2,0
"org.apache.pdfbox.cos.COSDictionary.setEmbeddedInt(String, COSName, int)",10,2,4,4,0
"org.apache.pdfbox.cos.COSDictionary.setFloat(String, float)",4,1,7,2,0
"org.apache.pdfbox.cos.COSDictionary.setFloat(COSName, float)",5,1,27,2,0
"org.apache.pdfbox.cos.COSDictionary.setFlag(COSName, int, boolean)",13,2,51,2,0
org.apache.pdfbox.cos.COSDictionary.getCOSName(COSName),9,2,29,2,0
"org.apache.pdfbox.cos.COSDictionary.getCOSName(COSName, COSName)",9,2,5,2,0
org.apache.pdfbox.cos.COSDictionary.getNameAsString(String),4,1,8,3,0
org.apache.pdfbox.cos.COSDictionary.getNameAsString(COSName),14,3,86,4,0
"org.apache.pdfbox.cos.COSDictionary.getNameAsString(String, String)",4,1,7,3,0
"org.apache.pdfbox.cos.COSDictionary.getNameAsString(COSName, String)",9,2,21,2,0
org.apache.pdfbox.cos.COSDictionary.getString(String),4,1,11,3,0
org.apache.pdfbox.cos.COSDictionary.getString(COSName),10,2,83,3,0
"org.apache.pdfbox.cos.COSDictionary.getString(String, String)",4,1,8,3,0
"org.apache.pdfbox.cos.COSDictionary.getString(COSName, String)",9,2,6,2,0
"org.apache.pdfbox.cos.COSDictionary.getEmbeddedString(String, String)",4,1,6,3,0
"org.apache.pdfbox.cos.COSDictionary.getEmbeddedString(String, COSName)",4,1,2,2,0
"org.apache.pdfbox.cos.COSDictionary.getEmbeddedString(String, String, String)",4,1,3,3,0
"org.apache.pdfbox.cos.COSDictionary.getEmbeddedString(String, COSName, String)",10,2,6,3,0
org.apache.pdfbox.cos.COSDictionary.getDate(String),4,1,1,3,0
org.apache.pdfbox.cos.COSDictionary.getDate(COSName),5,1,8,3,0
"org.apache.pdfbox.cos.COSDictionary.getDate(String, Calendar)",4,1,2,3,0
"org.apache.pdfbox.cos.COSDictionary.getDate(COSName, Calendar)",9,2,4,2,0
"org.apache.pdfbox.cos.COSDictionary.getEmbeddedDate(String, String)",4,1,4,3,0
"org.apache.pdfbox.cos.COSDictionary.getEmbeddedDate(String, COSName)",4,1,2,2,0
"org.apache.pdfbox.cos.COSDictionary.getEmbeddedDate(String, String, Calendar)",5,1,3,3,0
"org.apache.pdfbox.cos.COSDictionary.getEmbeddedDate(String, COSName, Calendar)",11,2,6,3,0
"org.apache.pdfbox.cos.COSDictionary.getBoolean(String, boolean)",4,1,12,3,0
"org.apache.pdfbox.cos.COSDictionary.getBoolean(COSName, boolean)",4,1,35,2,0
"org.apache.pdfbox.cos.COSDictionary.getBoolean(COSName, COSName, boolean)",10,2,6,3,0
"org.apache.pdfbox.cos.COSDictionary.getEmbeddedInt(String, String)",4,1,3,3,0
"org.apache.pdfbox.cos.COSDictionary.getEmbeddedInt(String, COSName)",4,1,3,2,0
"org.apache.pdfbox.cos.COSDictionary.getEmbeddedInt(String, String, int)",4,1,3,3,0
"org.apache.pdfbox.cos.COSDictionary.getEmbeddedInt(String, COSName, int)",10,2,5,3,0
org.apache.pdfbox.cos.COSDictionary.getInt(String),4,1,3,3,0
org.apache.pdfbox.cos.COSDictionary.getInt(COSName),4,1,32,2,0
"org.apache.pdfbox.cos.COSDictionary.getInt(String[], int)",10,2,2,3,0
"org.apache.pdfbox.cos.COSDictionary.getInt(String, int)",4,1,3,3,0
"org.apache.pdfbox.cos.COSDictionary.getInt(COSName, int)",4,1,53,2,0
"org.apache.pdfbox.cos.COSDictionary.getInt(COSName, COSName)",4,1,3,2,0
"org.apache.pdfbox.cos.COSDictionary.getInt(COSName, COSName, int)",10,2,9,3,0
org.apache.pdfbox.cos.COSDictionary.getLong(String),4,1,1,3,0
org.apache.pdfbox.cos.COSDictionary.getLong(COSName),4,1,5,2,0
"org.apache.pdfbox.cos.COSDictionary.getLong(String[], long)",10,2,2,3,0
"org.apache.pdfbox.cos.COSDictionary.getLong(String, long)",4,1,2,3,0
"org.apache.pdfbox.cos.COSDictionary.getLong(COSName, long)",10,2,6,3,0
org.apache.pdfbox.cos.COSDictionary.getFloat(String),4,1,4,3,0
org.apache.pdfbox.cos.COSDictionary.getFloat(COSName),4,1,10,2,0
"org.apache.pdfbox.cos.COSDictionary.getFloat(String, float)",4,1,5,3,0
"org.apache.pdfbox.cos.COSDictionary.getFloat(COSName, float)",10,2,24,3,0
"org.apache.pdfbox.cos.COSDictionary.getFlag(COSName, int)",5,1,50,2,0
org.apache.pdfbox.cos.COSDictionary.removeItem(COSName),4,1,38,1,0
org.apache.pdfbox.cos.COSDictionary.getItem(COSName),4,1,96,2,0
org.apache.pdfbox.cos.COSDictionary.getItem(String),4,1,22,3,0
org.apache.pdfbox.cos.COSDictionary.keySet(),4,1,22,2,0
org.apache.pdfbox.cos.COSDictionary.entrySet(),4,1,14,2,0
org.apache.pdfbox.cos.COSDictionary.getValues(),4,1,5,2,0
org.apache.pdfbox.cos.COSDictionary.accept(ICOSVisitor),4,1,2,2,0
org.apache.pdfbox.cos.COSDictionary.isNeedToBeUpdated(),4,1,1,1,0
org.apache.pdfbox.cos.COSDictionary.setNeedToBeUpdated(boolean),4,1,6,1,0
org.apache.pdfbox.cos.COSDictionary.addAll(COSDictionary),11,3,10,8,1
org.apache.pdfbox.cos.COSDictionary.containsKey(COSName),4,1,44,2,0
org.apache.pdfbox.cos.COSDictionary.containsKey(String),4,1,6,3,0
org.apache.pdfbox.cos.COSDictionary.mergeInto(COSDictionary),10,3,2,5,1
org.apache.pdfbox.cos.COSDictionary.getObjectFromPath(String),19,4,2,6,1
org.apache.pdfbox.cos.COSDictionary.asUnmodifiableDictionary(),4,1,1,2,0
org.apache.pdfbox.cos.COSDictionary.toString(),22,3,4,10,1
org.apache.pdfbox.cos.COSName.getPDFName(String),17,4,126,3,0
"org.apache.pdfbox.cos.COSName.COSName(String, boolean)",13,2,7,5,0
org.apache.pdfbox.cos.COSName.COSName(String),4,1,1,2,0
org.apache.pdfbox.cos.COSName.getName(),4,1,113,1,0
org.apache.pdfbox.cos.COSName.toString(),4,1,4,1,0
org.apache.pdfbox.cos.COSName.equals(Object),4,1,60,2,0
org.apache.pdfbox.cos.COSName.hashCode(),4,1,1,1,0
org.apache.pdfbox.cos.COSName.compareTo(COSName),4,1,4,2,0
org.apache.pdfbox.cos.COSName.isEmpty(),4,1,1,2,0
org.apache.pdfbox.cos.COSName.accept(ICOSVisitor),4,1,2,2,0
org.apache.pdfbox.cos.COSName.writePDF(OutputStream),28,3,6,6,1
org.apache.pdfbox.cos.COSName.clearResources(),4,1,1,1,0
org.apache.pdfbox.pdmodel.interactive.documentnavigation.destination.PDDestination.create(COSBase),55,10,18,13,0
org.apache.pdfbox.pdfwriter.COSWriter.COSWriter(OutputStream),8,1,9,6,0
"org.apache.pdfbox.pdfwriter.COSWriter.COSWriter(OutputStream, InputStream)",6,1,3,4,0
"org.apache.pdfbox.pdfwriter.COSWriter.COSWriter(OutputStream, RandomAccessRead)",5,1,3,2,0
"org.apache.pdfbox.pdfwriter.COSWriter.initWriter(OutputStream, RandomAccessRead)",10,1,6,10,0
org.apache.pdfbox.pdfwriter.COSWriter.prepareIncrement(PDDocument),35,7,6,9,1
org.apache.pdfbox.pdfwriter.COSWriter.addXRefEntry(COSWriterXRefEntry),4,1,3,2,0
org.apache.pdfbox.pdfwriter.COSWriter.close(),19,5,6,4,0
org.apache.pdfbox.pdfwriter.COSWriter.getNumber(),4,1,3,1,0
org.apache.pdfbox.pdfwriter.COSWriter.getObjectKeys(),4,1,1,1,0
org.apache.pdfbox.pdfwriter.COSWriter.getOutput(),4,1,2,1,0
org.apache.pdfbox.pdfwriter.COSWriter.getStandardOutput(),4,1,21,1,0
org.apache.pdfbox.pdfwriter.COSWriter.getStartxref(),4,1,3,1,0
org.apache.pdfbox.pdfwriter.COSWriter.getXRefEntries(),4,1,5,1,0
org.apache.pdfbox.pdfwriter.COSWriter.setNumber(long),4,1,3,1,0
org.apache.pdfbox.pdfwriter.COSWriter.setOutput(OutputStream),4,1,3,1,0
org.apache.pdfbox.pdfwriter.COSWriter.setStandardOutput(COSStandardOutputStream),4,1,3,1,0
org.apache.pdfbox.pdfwriter.COSWriter.setStartxref(long),4,1,3,1,0
org.apache.pdfbox.pdfwriter.COSWriter.doWriteBody(COSDocument),32,6,7,8,2
org.apache.pdfbox.pdfwriter.COSWriter.addObjectToWrite(COSBase),35,7,10,7,0
org.apache.pdfbox.pdfwriter.COSWriter.doWriteObject(COSBase),24,3,12,18,0
org.apache.pdfbox.pdfwriter.COSWriter.doWriteHeader(COSDocument),17,2,6,8,0
org.apache.pdfbox.pdfwriter.COSWriter.doWriteTrailer(COSDocument),19,3,9,14,0
"org.apache.pdfbox.pdfwriter.COSWriter.doWriteXRefInc(COSDocument, long)",39,6,6,19,1
org.apache.pdfbox.pdfwriter.COSWriter.doWriteXRefTable(),21,3,5,13,2
org.apache.pdfbox.pdfwriter.COSWriter.doWriteIncrement(),9,1,4,6,0
org.apache.pdfbox.pdfwriter.COSWriter.doWriteSignature(),44,5,11,17,1
"org.apache.pdfbox.pdfwriter.COSWriter.writeXrefRange(long, long)",7,1,5,5,0
org.apache.pdfbox.pdfwriter.COSWriter.writeXrefEntry(COSWriterXRefEntry),11,2,8,9,0
org.apache.pdfbox.pdfwriter.COSWriter.getXRefRanges(List<COSWriterXRefEntry>),32,5,2,7,1
org.apache.pdfbox.pdfwriter.COSWriter.getObjectKey(COSBase),28,6,4,7,0
org.apache.pdfbox.pdfwriter.COSWriter.visitFromArray(COSArray),57,9,6,14,1
org.apache.pdfbox.pdfwriter.COSWriter.visitFromBoolean(COSBoolean),5,1,1,3,0
org.apache.pdfbox.pdfwriter.COSWriter.visitFromDictionary(COSDictionary),80,12,14,22,1
org.apache.pdfbox.pdfwriter.COSWriter.visitFromDocument(COSDocument),43,6,8,18,0
org.apache.pdfbox.pdfwriter.COSWriter.visitFromFloat(COSFloat),5,1,1,3,0
org.apache.pdfbox.pdfwriter.COSWriter.visitFromInt(COSInteger),5,1,1,3,0
org.apache.pdfbox.pdfwriter.COSWriter.visitFromName(COSName),5,1,1,3,0
org.apache.pdfbox.pdfwriter.COSWriter.visitFromNull(COSNull),5,1,1,3,0
org.apache.pdfbox.pdfwriter.COSWriter.writeReference(COSBase),9,1,6,8,0
org.apache.pdfbox.pdfwriter.COSWriter.visitFromStream(COSStream),28,3,6,14,0
org.apache.pdfbox.pdfwriter.COSWriter.visitFromString(COSString),12,2,4,8,0
org.apache.pdfbox.pdfwriter.COSWriter.write(COSDocument),5,1,2,2,0
org.apache.pdfbox.pdfwriter.COSWriter.write(PDDocument),4,1,4,1,0
"org.apache.pdfbox.pdfwriter.COSWriter.write(PDDocument, SignatureInterface)",76,14,11,34,1
org.apache.pdfbox.pdfwriter.COSWriter.write(FDFDocument),7,1,3,4,0
"org.apache.pdfbox.pdfwriter.COSWriter.writeString(COSString, OutputStream)",4,1,6,3,0
"org.apache.pdfbox.pdfwriter.COSWriter.writeString(byte[], OutputStream)",4,1,3,1,0
"org.apache.pdfbox.pdfwriter.COSWriter.writeString(byte[], boolean, OutputStream)",46,10,5,3,3
org.apache.pdfbox.cos.COSBoolean.COSBoolean(boolean),4,1,1,2,0
org.apache.pdfbox.cos.COSBoolean.getValue(),4,1,9,1,0
org.apache.pdfbox.cos.COSBoolean.getValueAsObject(),4,2,3,1,0
org.apache.pdfbox.cos.COSBoolean.getBoolean(boolean),4,2,3,1,0
org.apache.pdfbox.cos.COSBoolean.getBoolean(Boolean),4,1,5,2,0
org.apache.pdfbox.cos.COSBoolean.accept(ICOSVisitor),4,1,1,2,0
org.apache.pdfbox.cos.COSBoolean.toString(),4,1,1,2,0
org.apache.pdfbox.cos.COSBoolean.writePDF(OutputStream),11,2,6,1,0
org.apache.pdfbox.cos.COSDocument.COSDocument(),4,1,11,3,0
org.apache.pdfbox.cos.COSDocument.COSDocument(ScratchFile),4,1,5,2,0
org.apache.pdfbox.cos.COSDocument.createCOSStream(),6,1,10,3,0
org.apache.pdfbox.cos.COSDocument.createCOSStream(COSDictionary),9,2,3,6,1
org.apache.pdfbox.cos.COSDocument.getObjectByType(COSName),32,7,6,7,1
org.apache.pdfbox.cos.COSDocument.getObjectsByType(String),4,1,1,3,0
org.apache.pdfbox.cos.COSDocument.getObjectsByType(COSName),33,7,9,9,1
org.apache.pdfbox.cos.COSDocument.getKey(COSBase),11,3,2,5,1
org.apache.pdfbox.cos.COSDocument.print(),7,2,2,2,1
org.apache.pdfbox.cos.COSDocument.setVersion(float),4,1,6,1,0
org.apache.pdfbox.cos.COSDocument.getVersion(),4,1,5,1,0
org.apache.pdfbox.cos.COSDocument.setDecrypted(),4,1,1,1,0
org.apache.pdfbox.cos.COSDocument.isDecrypted(),4,1,1,1,0
org.apache.pdfbox.cos.COSDocument.isEncrypted(),9,2,3,2,0
org.apache.pdfbox.cos.COSDocument.getEncryptionDictionary(),4,1,4,2,0
org.apache.pdfbox.cos.COSDocument.setEncryptionDictionary(COSDictionary),4,1,5,1,0
org.apache.pdfbox.cos.COSDocument.getDocumentID(),4,1,4,3,0
org.apache.pdfbox.cos.COSDocument.setDocumentID(COSArray),4,1,3,2,0
org.apache.pdfbox.cos.COSDocument.getCatalog(),9,2,3,3,0
org.apache.pdfbox.cos.COSDocument.getObjects(),4,1,11,3,0
org.apache.pdfbox.cos.COSDocument.getTrailer(),4,1,20,1,0
org.apache.pdfbox.cos.COSDocument.setTrailer(COSDictionary),4,1,5,1,0
org.apache.pdfbox.cos.COSDocument.accept(ICOSVisitor),4,1,3,2,0
org.apache.pdfbox.cos.COSDocument.close(),30,8,17,5,2
org.apache.pdfbox.cos.COSDocument.isClosed(),4,1,4,1,0
org.apache.pdfbox.cos.COSDocument.finalize(),11,3,3,2,0
org.apache.pdfbox.cos.COSDocument.setWarnMissingClose(boolean),4,1,1,1,0
org.apache.pdfbox.cos.COSDocument.dereferenceObjectStreams(),20,4,3,11,2
org.apache.pdfbox.cos.COSDocument.getObjectFromPool(COSObjectKey),19,4,24,8,0
org.apache.pdfbox.cos.COSDocument.removeObject(COSObjectKey),4,1,3,2,0
"org.apache.pdfbox.cos.COSDocument.addXRefTable(Map<COSObjectKey, Long>)",4,1,4,1,0
org.apache.pdfbox.cos.COSDocument.getXrefTable(),4,1,5,1,0
org.apache.pdfbox.cos.COSDocument.setStartXref(long),4,1,2,1,0
org.apache.pdfbox.cos.COSDocument.getStartXref(),4,1,2,1,0
org.apache.pdfbox.cos.COSDocument.isXRefStream(),4,1,5,1,0
org.apache.pdfbox.cos.COSDocument.setIsXRefStream(boolean),4,1,2,1,0
org.apache.pdfbox.cos.COSFloat.COSFloat(float),5,1,62,7,0
org.apache.pdfbox.cos.COSFloat.COSFloat(String),29,4,5,8,0
org.apache.pdfbox.cos.COSFloat.checkMinMaxValues(),28,8,6,8,0
org.apache.pdfbox.cos.COSFloat.removeNullDigits(String),11,3,3,5,1
org.apache.pdfbox.cos.COSFloat.floatValue(),4,1,9,2,0
org.apache.pdfbox.cos.COSFloat.doubleValue(),4,1,3,2,0
org.apache.pdfbox.cos.COSFloat.longValue(),4,1,2,2,0
org.apache.pdfbox.cos.COSFloat.intValue(),4,1,2,2,0
org.apache.pdfbox.cos.COSFloat.equals(Object),5,1,3,3,0
org.apache.pdfbox.cos.COSFloat.hashCode(),4,1,2,2,0
org.apache.pdfbox.cos.COSFloat.toString(),4,1,1,1,0
org.apache.pdfbox.cos.COSFloat.accept(ICOSVisitor),4,1,2,2,0
org.apache.pdfbox.cos.COSFloat.writePDF(OutputStream),4,1,5,2,0
org.apache.pdfbox.cos.COSInteger.get(long),13,3,38,3,0
org.apache.pdfbox.cos.COSInteger.COSInteger(long),4,1,2,2,0
org.apache.pdfbox.cos.COSInteger.equals(Object),4,1,2,2,0
org.apache.pdfbox.cos.COSInteger.hashCode(),4,1,2,1,0
org.apache.pdfbox.cos.COSInteger.toString(),4,1,1,1,0
org.apache.pdfbox.cos.COSInteger.floatValue(),4,1,2,1,0
org.apache.pdfbox.cos.COSInteger.doubleValue(),4,1,2,1,0
org.apache.pdfbox.cos.COSInteger.intValue(),4,1,18,1,0
org.apache.pdfbox.cos.COSInteger.longValue(),4,1,6,1,0
org.apache.pdfbox.cos.COSInteger.accept(ICOSVisitor),4,1,2,2,0
org.apache.pdfbox.cos.COSInteger.writePDF(OutputStream),4,1,5,3,0
org.apache.pdfbox.cos.COSNull.COSNull(),3,1,0,1,0
org.apache.pdfbox.cos.COSNull.accept(ICOSVisitor),4,1,3,2,0
org.apache.pdfbox.cos.COSNull.writePDF(OutputStream),4,1,3,1,0
org.apache.pdfbox.cos.COSNull.toString(),4,1,0,1,0
org.apache.pdfbox.cos.COSNumber.floatValue(),1,1,59,1,0
org.apache.pdfbox.cos.COSNumber.doubleValue(),1,1,1,1,0
org.apache.pdfbox.cos.COSNumber.intValue(),1,1,31,1,0
org.apache.pdfbox.cos.COSNumber.longValue(),1,1,5,1,0
org.apache.pdfbox.cos.COSNumber.get(String),38,7,9,10,0
org.apache.pdfbox.cos.COSObject.COSObject(COSBase),4,1,12,2,0
org.apache.pdfbox.cos.COSObject.getDictionaryObject(COSName),9,2,4,2,0
org.apache.pdfbox.cos.COSObject.getItem(COSName),9,2,2,2,0
org.apache.pdfbox.cos.COSObject.getObject(),4,1,70,1,0
org.apache.pdfbox.cos.COSObject.setObject(COSBase),4,1,9,1,0
org.apache.pdfbox.cos.COSObject.toString(),4,1,3,3,0
org.apache.pdfbox.cos.COSObject.getObjectNumber(),4,1,7,1,0
org.apache.pdfbox.cos.COSObject.setObjectNumber(long),4,1,9,1,0
org.apache.pdfbox.cos.COSObject.getGenerationNumber(),4,1,6,1,0
org.apache.pdfbox.cos.COSObject.setGenerationNumber(int),4,1,9,1,0
org.apache.pdfbox.cos.COSObject.accept(ICOSVisitor),4,2,2,4,0
org.apache.pdfbox.cos.COSObject.isNeedToBeUpdated(),4,1,1,1,0
org.apache.pdfbox.cos.COSObject.setNeedToBeUpdated(boolean),4,1,1,1,0
org.apache.pdfbox.cos.COSObjectKey.COSObjectKey(COSObject),4,1,27,4,0
"org.apache.pdfbox.cos.COSObjectKey.COSObjectKey(long, int)",5,1,14,3,0
org.apache.pdfbox.cos.COSObjectKey.equals(Object),7,2,1,3,0
org.apache.pdfbox.cos.COSObjectKey.getGeneration(),4,1,14,1,0
org.apache.pdfbox.cos.COSObjectKey.getNumber(),4,1,20,1,0
org.apache.pdfbox.cos.COSObjectKey.hashCode(),4,1,2,3,0
org.apache.pdfbox.cos.COSObjectKey.toString(),4,1,2,3,0
org.apache.pdfbox.cos.COSObjectKey.compareTo(COSObjectKey),26,5,1,3,0
org.apache.pdfbox.cos.COSStream.COSStream(),4,1,8,3,0
org.apache.pdfbox.cos.COSStream.COSStream(ScratchFile),5,2,4,4,0
org.apache.pdfbox.cos.COSStream.checkClosed(),8,2,5,2,0
org.apache.pdfbox.cos.COSStream.getFilteredStream(),4,1,0,2,0
org.apache.pdfbox.cos.COSStream.ensureRandomAccessExists(boolean),11,3,6,4,0
org.apache.pdfbox.cos.COSStream.createRawInputStream(),10,2,11,5,0
org.apache.pdfbox.cos.COSStream.getUnfilteredStream(),4,1,0,2,0
org.apache.pdfbox.cos.COSStream.createInputStream(),11,2,34,7,0
org.apache.pdfbox.cos.COSStream.createUnfilteredStream(),4,1,0,2,0
org.apache.pdfbox.cos.COSStream.createOutputStream(),4,1,6,2,0
org.apache.pdfbox.cos.COSStream.createOutputStream(COSBase),26,3,14,10,0
org.apache.pdfbox.cos.COSStream.createFilteredStream(),4,1,0,2,0
org.apache.pdfbox.cos.COSStream.createRawOutputStream(),21,2,11,7,0
org.apache.pdfbox.cos.COSStream.getFilterList(),19,4,3,7,1
org.apache.pdfbox.cos.COSStream.getLength(),10,2,5,3,0
org.apache.pdfbox.cos.COSStream.getFilters(),4,1,7,2,0
org.apache.pdfbox.cos.COSStream.setFilters(COSBase),4,1,2,1,0
org.apache.pdfbox.cos.COSStream.getString(),4,1,0,2,0
org.apache.pdfbox.cos.COSStream.toTextString(),20,2,9,7,0
org.apache.pdfbox.cos.COSStream.accept(ICOSVisitor),4,1,1,2,0
org.apache.pdfbox.cos.COSStream.close(),7,2,5,1,0
org.apache.pdfbox.cos.COSString.parseHex(String),30,5,10,12,1
org.apache.pdfbox.cos.COSString.COSString(byte[]),4,1,11,2,0
org.apache.pdfbox.cos.COSString.COSString(String),32,5,49,11,1
org.apache.pdfbox.cos.COSString.setValue(byte[]),4,1,4,2,0
org.apache.pdfbox.cos.COSString.setForceHexForm(boolean),4,1,6,1,0
org.apache.pdfbox.cos.COSString.getForceHexForm(),4,1,2,1,0
org.apache.pdfbox.cos.COSString.getString(),15,4,50,3,0
org.apache.pdfbox.cos.COSString.getASCII(),4,1,2,2,0
org.apache.pdfbox.cos.COSString.getBytes(),4,1,29,1,0
org.apache.pdfbox.cos.COSString.toHexString(),9,2,10,5,1
org.apache.pdfbox.cos.COSString.accept(ICOSVisitor),4,1,2,2,0
org.apache.pdfbox.cos.COSString.equals(Object),10,2,4,3,0
org.apache.pdfbox.cos.COSString.hashCode(),5,2,3,2,0
org.apache.pdfbox.cos.COSString.toString(),4,1,0,2,0
org.apache.pdfbox.io.IOUtils.IOUtils(),3,1,0,1,0
org.apache.pdfbox.io.IOUtils.toByteArray(InputStream),6,1,28,4,0
"org.apache.pdfbox.io.IOUtils.copy(InputStream, OutputStream)",12,2,21,3,1
"org.apache.pdfbox.io.IOUtils.populateBuffer(InputStream, byte[])",15,3,4,2,1
org.apache.pdfbox.io.IOUtils.closeQuietly(Closeable),13,3,41,1,0
org.apache.pdfbox.io.RandomAccessBuffer.RandomAccessBuffer(),4,1,9,2,0
org.apache.pdfbox.io.RandomAccessBuffer.RandomAccessBuffer(int),12,1,6,11,0
org.apache.pdfbox.io.RandomAccessBuffer.RandomAccessBuffer(byte[]),12,1,7,11,0
org.apache.pdfbox.io.RandomAccessBuffer.RandomAccessBuffer(InputStream),11,2,3,5,1
org.apache.pdfbox.io.RandomAccessBuffer.clone(),25,3,10,14,1
org.apache.pdfbox.io.RandomAccessBuffer.close(),9,1,9,6,0
org.apache.pdfbox.io.RandomAccessBuffer.clear(),11,1,3,8,0
org.apache.pdfbox.io.RandomAccessBuffer.seek(long),21,3,17,7,0
org.apache.pdfbox.io.RandomAccessBuffer.getPosition(),5,1,4,2,0
org.apache.pdfbox.io.RandomAccessBuffer.read(),22,4,14,7,0
"org.apache.pdfbox.io.RandomAccessBuffer.read(byte[], int, int)",18,4,13,5,1
"org.apache.pdfbox.io.RandomAccessBuffer.readRemainingBytes(byte[], int, int)",27,4,9,5,0
org.apache.pdfbox.io.RandomAccessBuffer.length(),5,1,3,2,0
org.apache.pdfbox.io.RandomAccessBuffer.write(int),26,6,11,7,0
org.apache.pdfbox.io.RandomAccessBuffer.write(byte[]),4,1,7,1,0
"org.apache.pdfbox.io.RandomAccessBuffer.write(byte[], int, int)",43,7,11,7,1
org.apache.pdfbox.io.RandomAccessBuffer.expandBuffer(),15,2,7,6,0
org.apache.pdfbox.io.RandomAccessBuffer.nextBuffer(),9,2,5,5,0
org.apache.pdfbox.io.RandomAccessBuffer.checkClosed(),7,2,10,1,0
org.apache.pdfbox.io.RandomAccessBuffer.isClosed(),4,1,1,1,0
org.apache.pdfbox.io.RandomAccessBuffer.isEOF(),5,1,3,2,0
org.apache.pdfbox.io.RandomAccessBuffer.available(),4,1,2,4,0
org.apache.pdfbox.io.RandomAccessBuffer.peek(),9,2,0,3,0
org.apache.pdfbox.io.RandomAccessBuffer.rewind(int),5,1,2,3,0
org.apache.pdfbox.io.RandomAccessBuffer.readFully(int),10,2,1,3,1
org.apache.pdfbox.io.RandomAccessBuffer.read(byte[]),4,1,5,2,0
org.apache.pdfbox.io.RandomAccessInputStream.RandomAccessInputStream(RandomAccessRead),5,1,5,3,0
org.apache.pdfbox.io.RandomAccessInputStream.restorePosition(),4,1,6,1,0
org.apache.pdfbox.io.RandomAccessInputStream.available(),10,2,2,4,0
org.apache.pdfbox.io.RandomAccessInputStream.read(),11,2,1,5,0
"org.apache.pdfbox.io.RandomAccessInputStream.read(byte[], int, int)",11,2,4,5,0
org.apache.pdfbox.io.RandomAccessInputStream.skip(long),7,1,3,4,0
org.apache.pdfbox.pdfparser.PDFXRefStream.PDFXRefStream(),6,1,1,7,0
org.apache.pdfbox.pdfparser.PDFXRefStream.getStream(),39,6,14,20,3
org.apache.pdfbox.pdfparser.PDFXRefStream.addTrailerInfo(COSDictionary),13,3,8,5,1
org.apache.pdfbox.pdfparser.PDFXRefStream.addEntry(COSWriterXRefEntry),18,2,5,11,0
org.apache.pdfbox.pdfparser.PDFXRefStream.getWEntry(),42,7,12,4,3
org.apache.pdfbox.pdfparser.PDFXRefStream.setSize(long),4,1,2,1,0
org.apache.pdfbox.pdfparser.PDFXRefStream.getIndexEntry(),31,5,2,6,1
"org.apache.pdfbox.pdfparser.PDFXRefStream.writeNumber(OutputStream, long, int)",13,3,4,1,2
"org.apache.pdfbox.pdfparser.PDFXRefStream.writeStreamData(OutputStream, int[])",34,5,13,3,1
org.apache.pdfbox.pdfparser.PDFXRefStream.getObject(int),4,1,0,1,0
org.apache.pdfbox.pdmodel.fdf.FDFDocument.FDFDocument(),8,1,3,8,0
org.apache.pdfbox.pdmodel.fdf.FDFDocument.FDFDocument(COSDocument),4,1,4,2,0
org.apache.pdfbox.pdmodel.fdf.FDFDocument.FDFDocument(Document),12,2,2,8,0
org.apache.pdfbox.pdmodel.fdf.FDFDocument.writeXML(Writer),7,1,2,3,0
org.apache.pdfbox.pdmodel.fdf.FDFDocument.getDocument(),4,1,3,1,0
org.apache.pdfbox.pdmodel.fdf.FDFDocument.getCatalog(),16,2,6,6,0
org.apache.pdfbox.pdmodel.fdf.FDFDocument.setCatalog(FDFCatalog),5,1,6,2,0
org.apache.pdfbox.pdmodel.fdf.FDFDocument.load(String),6,1,2,5,0
org.apache.pdfbox.pdmodel.fdf.FDFDocument.load(File),6,1,2,5,0
org.apache.pdfbox.pdmodel.fdf.FDFDocument.load(InputStream),6,1,1,5,0
org.apache.pdfbox.pdmodel.fdf.FDFDocument.loadXFDF(String),4,1,2,4,0
org.apache.pdfbox.pdmodel.fdf.FDFDocument.loadXFDF(File),4,1,1,4,0
org.apache.pdfbox.pdmodel.fdf.FDFDocument.loadXFDF(InputStream),5,1,4,3,0
org.apache.pdfbox.pdmodel.fdf.FDFDocument.save(File),4,1,1,2,0
org.apache.pdfbox.pdmodel.fdf.FDFDocument.save(String),4,1,2,2,0
org.apache.pdfbox.pdmodel.fdf.FDFDocument.save(OutputStream),17,2,3,3,0
org.apache.pdfbox.pdmodel.fdf.FDFDocument.saveXFDF(File),4,1,1,3,0
org.apache.pdfbox.pdmodel.fdf.FDFDocument.saveXFDF(String),4,1,2,3,0
org.apache.pdfbox.pdmodel.fdf.FDFDocument.saveXFDF(Writer),14,2,3,2,0
org.apache.pdfbox.pdmodel.fdf.FDFDocument.close(),4,1,7,1,0
org.apache.pdfbox.util.Charsets.Charsets(),1,1,0,1,0
org.apache.pdfbox.util.Hex.Hex(),1,1,0,1,0
org.apache.pdfbox.util.Hex.getString(byte),4,1,3,4,0
org.apache.pdfbox.util.Hex.getBytes(byte),4,1,4,3,0
org.apache.pdfbox.pdfwriter.COSWriterXRefEntry.compareTo(COSWriterXRefEntry),16,4,1,3,0
org.apache.pdfbox.pdfwriter.COSWriterXRefEntry.getNullEntry(),4,1,2,1,0
org.apache.pdfbox.pdfwriter.COSWriterXRefEntry.getKey(),4,1,6,1,0
org.apache.pdfbox.pdfwriter.COSWriterXRefEntry.getOffset(),4,1,3,1,0
org.apache.pdfbox.pdfwriter.COSWriterXRefEntry.isFree(),4,1,3,1,0
org.apache.pdfbox.pdfwriter.COSWriterXRefEntry.setFree(boolean),4,1,1,1,0
org.apache.pdfbox.pdfwriter.COSWriterXRefEntry.setKey(COSObjectKey),4,1,2,1,0
org.apache.pdfbox.pdfwriter.COSWriterXRefEntry.setOffset(long),4,1,2,1,0
"org.apache.pdfbox.pdfwriter.COSWriterXRefEntry.COSWriterXRefEntry(long, COSBase, COSObjectKey)",7,1,4,4,0
org.apache.pdfbox.pdfwriter.COSWriterXRefEntry.getObject(),4,1,1,1,0
org.apache.pdfbox.pdfwriter.COSWriterXRefEntry.setObject(COSBase),4,1,2,1,0
org.apache.pdfbox.pdfwriter.COSStandardOutputStream.COSStandardOutputStream(OutputStream),4,1,2,2,0
"org.apache.pdfbox.pdfwriter.COSStandardOutputStream.COSStandardOutputStream(OutputStream, int)",5,1,3,3,0
org.apache.pdfbox.pdfwriter.COSStandardOutputStream.getPos(),4,1,6,1,0
org.apache.pdfbox.pdfwriter.COSStandardOutputStream.isOnNewLine(),4,1,2,1,0
org.apache.pdfbox.pdfwriter.COSStandardOutputStream.setOnNewLine(boolean),4,1,4,1,0
"org.apache.pdfbox.pdfwriter.COSStandardOutputStream.write(byte[], int, int)",6,1,4,3,0
org.apache.pdfbox.pdfwriter.COSStandardOutputStream.write(int),6,1,2,3,0
org.apache.pdfbox.pdfwriter.COSStandardOutputStream.writeCRLF(),4,1,4,1,0
org.apache.pdfbox.pdfwriter.COSStandardOutputStream.writeEOL(),8,2,10,3,0
org.apache.pdfbox.pdfwriter.COSStandardOutputStream.writeLF(),4,1,1,1,0
org.apache.pdfbox.pdmodel.encryption.PDEncryption.PDEncryption(),4,1,4,3,0
org.apache.pdfbox.pdmodel.encryption.PDEncryption.PDEncryption(COSDictionary),5,1,5,5,0
org.apache.pdfbox.pdmodel.encryption.PDEncryption.getSecurityHandler(),8,2,5,3,0
org.apache.pdfbox.pdmodel.encryption.PDEncryption.setSecurityHandler(SecurityHandler),4,1,2,1,0
org.apache.pdfbox.pdmodel.encryption.PDEncryption.hasSecurityHandler(),4,1,1,1,0
org.apache.pdfbox.pdmodel.encryption.PDEncryption.getCOSDictionary(),4,1,3,1,0
org.apache.pdfbox.pdmodel.encryption.PDEncryption.setFilter(String),4,1,5,2,0
org.apache.pdfbox.pdmodel.encryption.PDEncryption.getFilter(),4,1,4,2,0
org.apache.pdfbox.pdmodel.encryption.PDEncryption.getSubFilter(),4,1,2,2,0
org.apache.pdfbox.pdmodel.encryption.PDEncryption.setSubFilter(String),4,1,4,1,0
org.apache.pdfbox.pdmodel.encryption.PDEncryption.setVersion(int),4,1,5,1,0
org.apache.pdfbox.pdmodel.encryption.PDEncryption.getVersion(),4,1,3,2,0
org.apache.pdfbox.pdmodel.encryption.PDEncryption.setLength(int),4,1,5,1,0
org.apache.pdfbox.pdmodel.encryption.PDEncryption.getLength(),4,1,4,2,0
org.apache.pdfbox.pdmodel.encryption.PDEncryption.setRevision(int),4,1,4,1,0
org.apache.pdfbox.pdmodel.encryption.PDEncryption.getRevision(),4,1,4,2,0
org.apache.pdfbox.pdmodel.encryption.PDEncryption.setOwnerKey(byte[]),4,1,5,2,0
org.apache.pdfbox.pdmodel.encryption.PDEncryption.getOwnerKey(),10,2,3,3,0
org.apache.pdfbox.pdmodel.encryption.PDEncryption.setUserKey(byte[]),4,1,5,2,0
org.apache.pdfbox.pdmodel.encryption.PDEncryption.getUserKey(),10,2,3,3,0
org.apache.pdfbox.pdmodel.encryption.PDEncryption.setOwnerEncryptionKey(byte[]),4,1,4,2,0
org.apache.pdfbox.pdmodel.encryption.PDEncryption.getOwnerEncryptionKey(),10,2,3,3,0
org.apache.pdfbox.pdmodel.encryption.PDEncryption.setUserEncryptionKey(byte[]),4,1,4,2,0
org.apache.pdfbox.pdmodel.encryption.PDEncryption.getUserEncryptionKey(),10,2,3,3,0
org.apache.pdfbox.pdmodel.encryption.PDEncryption.setPermissions(int),4,1,4,1,0
org.apache.pdfbox.pdmodel.encryption.PDEncryption.getPermissions(),4,1,3,2,0
org.apache.pdfbox.pdmodel.encryption.PDEncryption.isEncryptMetaData(),10,2,4,3,0
org.apache.pdfbox.pdmodel.encryption.PDEncryption.setRecipients(byte[][]),10,2,4,4,1
org.apache.pdfbox.pdmodel.encryption.PDEncryption.getRecipientsLength(),5,1,4,3,0
org.apache.pdfbox.pdmodel.encryption.PDEncryption.getRecipientStringAt(int),5,1,5,3,0
org.apache.pdfbox.pdmodel.encryption.PDEncryption.getStdCryptFilterDictionary(),4,1,2,2,0
org.apache.pdfbox.pdmodel.encryption.PDEncryption.getCryptFilterDictionary(COSName),13,3,4,3,0
"org.apache.pdfbox.pdmodel.encryption.PDEncryption.setCryptFilterDictionary(COSName, PDCryptFilterDictionary)",10,2,5,4,0
org.apache.pdfbox.pdmodel.encryption.PDEncryption.setStdCryptFilterDictionary(PDCryptFilterDictionary),4,1,3,1,0
org.apache.pdfbox.pdmodel.encryption.PDEncryption.getStreamFilterName(),9,2,3,2,0
org.apache.pdfbox.pdmodel.encryption.PDEncryption.setStreamFilterName(COSName),4,1,4,1,0
org.apache.pdfbox.pdmodel.encryption.PDEncryption.getStringFilterName(),9,2,3,2,0
org.apache.pdfbox.pdmodel.encryption.PDEncryption.setStringFilterName(COSName),4,1,4,1,0
org.apache.pdfbox.pdmodel.encryption.PDEncryption.setPerms(byte[]),4,1,4,2,0
org.apache.pdfbox.pdmodel.encryption.PDEncryption.getPerms(),10,2,3,3,0
org.apache.pdfbox.pdmodel.encryption.PDEncryption.removeV45filters(),6,1,6,1,0
org.apache.pdfbox.pdmodel.graphics.pattern.PDTilingPattern.PDTilingPattern(),5,1,2,4,0
org.apache.pdfbox.pdmodel.graphics.pattern.PDTilingPattern.PDTilingPattern(COSDictionary),4,1,2,2,0
org.apache.pdfbox.pdmodel.graphics.pattern.PDTilingPattern.getPatternType(),4,1,1,1,0
org.apache.pdfbox.pdmodel.graphics.pattern.PDTilingPattern.setPaintType(int),4,1,2,2,0
org.apache.pdfbox.pdmodel.graphics.pattern.PDTilingPattern.getPaintType(),4,1,2,3,0
org.apache.pdfbox.pdmodel.graphics.pattern.PDTilingPattern.setTilingType(int),4,1,2,2,0
org.apache.pdfbox.pdmodel.graphics.pattern.PDTilingPattern.getTilingType(),4,1,1,3,0
org.apache.pdfbox.pdmodel.graphics.pattern.PDTilingPattern.setXStep(float),4,1,2,2,0
org.apache.pdfbox.pdmodel.graphics.pattern.PDTilingPattern.getXStep(),5,2,4,3,0
org.apache.pdfbox.pdmodel.graphics.pattern.PDTilingPattern.setYStep(float),4,1,2,2,0
org.apache.pdfbox.pdmodel.graphics.pattern.PDTilingPattern.getYStep(),5,2,4,3,0
org.apache.pdfbox.pdmodel.graphics.pattern.PDTilingPattern.getContentStream(),4,1,0,3,0
org.apache.pdfbox.pdmodel.graphics.pattern.PDTilingPattern.getContents(),9,2,0,3,0
org.apache.pdfbox.pdmodel.graphics.pattern.PDTilingPattern.getResources(),10,2,2,4,0
org.apache.pdfbox.pdmodel.graphics.pattern.PDTilingPattern.setResources(PDResources),4,1,2,2,0
org.apache.pdfbox.pdmodel.graphics.pattern.PDTilingPattern.getBBox(),10,2,4,4,0
org.apache.pdfbox.pdmodel.graphics.pattern.PDTilingPattern.setBBox(PDRectangle),11,2,2,4,0
org.apache.pdfbox.pdmodel.PDResources.PDResources(),5,1,16,4,0
org.apache.pdfbox.pdmodel.PDResources.PDResources(COSDictionary),9,2,8,4,0
"org.apache.pdfbox.pdmodel.PDResources.PDResources(COSDictionary, ResourceCache)",9,2,5,4,0
org.apache.pdfbox.pdmodel.PDResources.getCOSObject(),4,1,10,1,0
org.apache.pdfbox.pdmodel.PDResources.getFont(COSName),23,5,9,6,0
org.apache.pdfbox.pdmodel.PDResources.getColorSpace(COSName),4,1,15,2,0
"org.apache.pdfbox.pdmodel.PDResources.getColorSpace(COSName, boolean)",27,5,6,6,0
org.apache.pdfbox.pdmodel.PDResources.hasColorSpace(COSName),4,1,4,2,0
org.apache.pdfbox.pdmodel.PDResources.getExtGState(COSName),23,5,4,6,0
org.apache.pdfbox.pdmodel.PDResources.getShading(COSName),23,5,5,6,0
org.apache.pdfbox.pdmodel.PDResources.getPattern(COSName),23,5,5,6,0
org.apache.pdfbox.pdmodel.PDResources.getProperties(COSName),23,5,5,6,0
org.apache.pdfbox.pdmodel.PDResources.isImageXObject(COSName),18,4,5,5,0
org.apache.pdfbox.pdmodel.PDResources.getXObject(COSName),31,6,10,7,0
"org.apache.pdfbox.pdmodel.PDResources.getIndirect(COSName, COSName)",14,3,10,3,0
"org.apache.pdfbox.pdmodel.PDResources.get(COSName, COSName)",9,2,12,2,0
org.apache.pdfbox.pdmodel.PDResources.getColorSpaceNames(),4,1,2,2,0
org.apache.pdfbox.pdmodel.PDResources.getXObjectNames(),4,1,4,2,0
org.apache.pdfbox.pdmodel.PDResources.getFontNames(),4,1,3,2,0
org.apache.pdfbox.pdmodel.PDResources.getPropertiesNames(),4,1,1,2,0
org.apache.pdfbox.pdmodel.PDResources.getShadingNames(),4,1,2,2,0
org.apache.pdfbox.pdmodel.PDResources.getPatternNames(),4,1,2,2,0
org.apache.pdfbox.pdmodel.PDResources.getExtGStateNames(),4,1,1,2,0
org.apache.pdfbox.pdmodel.PDResources.getNames(COSName),9,2,9,4,0
org.apache.pdfbox.pdmodel.PDResources.add(PDFont),4,1,4,2,0
org.apache.pdfbox.pdmodel.PDResources.add(PDColorSpace),4,1,3,2,0
org.apache.pdfbox.pdmodel.PDResources.add(PDExtendedGraphicsState),4,1,3,2,0
org.apache.pdfbox.pdmodel.PDResources.add(PDShading),4,1,3,2,0
org.apache.pdfbox.pdmodel.PDResources.add(PDAbstractPattern),4,1,2,2,0
org.apache.pdfbox.pdmodel.PDResources.add(PDPropertyList),11,2,3,2,0
org.apache.pdfbox.pdmodel.PDResources.add(PDImageXObject),4,1,4,2,0
org.apache.pdfbox.pdmodel.PDResources.add(PDFormXObject),4,1,3,2,0
"org.apache.pdfbox.pdmodel.PDResources.add(PDXObject, String)",4,1,7,2,0
"org.apache.pdfbox.pdmodel.PDResources.add(COSName, String, COSObjectable)",11,2,13,7,0
"org.apache.pdfbox.pdmodel.PDResources.createKey(COSName, String)",17,3,4,6,1
"org.apache.pdfbox.pdmodel.PDResources.put(COSName, COSName, COSObjectable)",10,2,12,4,0
"org.apache.pdfbox.pdmodel.PDResources.put(COSName, PDFont)",4,1,5,1,0
"org.apache.pdfbox.pdmodel.PDResources.put(COSName, PDColorSpace)",4,1,3,1,0
"org.apache.pdfbox.pdmodel.PDResources.put(COSName, PDExtendedGraphicsState)",4,1,3,1,0
"org.apache.pdfbox.pdmodel.PDResources.put(COSName, PDShading)",4,1,3,1,0
"org.apache.pdfbox.pdmodel.PDResources.put(COSName, PDAbstractPattern)",4,1,3,1,0
"org.apache.pdfbox.pdmodel.PDResources.put(COSName, PDPropertyList)",4,1,3,1,0
"org.apache.pdfbox.pdmodel.PDResources.put(COSName, PDXObject)",4,1,3,1,0
org.apache.pdfbox.pdmodel.PDResources.getResourceCache(),4,1,2,1,0
org.apache.pdfbox.pdmodel.common.PDRectangle.PDRectangle(),4,1,13,2,0
"org.apache.pdfbox.pdmodel.common.PDRectangle.PDRectangle(float, float)",4,1,5,2,0
"org.apache.pdfbox.pdmodel.common.PDRectangle.PDRectangle(float, float, float, float)",8,1,14,5,0
org.apache.pdfbox.pdmodel.common.PDRectangle.PDRectangle(BoundingBox),8,1,5,9,0
org.apache.pdfbox.pdmodel.common.PDRectangle.PDRectangle(COSArray),9,1,25,8,0
"org.apache.pdfbox.pdmodel.common.PDRectangle.contains(float, float)",9,1,3,5,0
org.apache.pdfbox.pdmodel.common.PDRectangle.createRetranslatedRectangle(),7,1,3,6,0
org.apache.pdfbox.pdmodel.common.PDRectangle.getCOSArray(),4,1,7,1,0
org.apache.pdfbox.pdmodel.common.PDRectangle.getLowerLeftX(),4,1,37,3,0
org.apache.pdfbox.pdmodel.common.PDRectangle.setLowerLeftX(float),4,1,15,2,0
org.apache.pdfbox.pdmodel.common.PDRectangle.getLowerLeftY(),4,1,34,3,0
org.apache.pdfbox.pdmodel.common.PDRectangle.setLowerLeftY(float),4,1,15,2,0
org.apache.pdfbox.pdmodel.common.PDRectangle.getUpperRightX(),4,1,17,3,0
org.apache.pdfbox.pdmodel.common.PDRectangle.setUpperRightX(float),4,1,16,2,0
org.apache.pdfbox.pdmodel.common.PDRectangle.getUpperRightY(),4,1,22,3,0
org.apache.pdfbox.pdmodel.common.PDRectangle.setUpperRightY(float),4,1,16,2,0
org.apache.pdfbox.pdmodel.common.PDRectangle.getWidth(),4,1,34,3,0
org.apache.pdfbox.pdmodel.common.PDRectangle.getHeight(),4,1,34,3,0
org.apache.pdfbox.pdmodel.common.PDRectangle.transform(Matrix),18,1,6,12,0
org.apache.pdfbox.pdmodel.common.PDRectangle.getCOSObject(),4,1,2,1,0
org.apache.pdfbox.pdmodel.common.PDRectangle.toGeneralPath(),14,1,1,9,0
org.apache.pdfbox.pdmodel.common.PDRectangle.toString(),5,1,0,5,0
org.apache.pdfbox.pdmodel.common.PDStream.PDStream(PDDocument),4,1,11,4,0
org.apache.pdfbox.pdmodel.common.PDStream.PDStream(COSDocument),4,1,1,3,0
org.apache.pdfbox.pdmodel.common.PDStream.PDStream(COSStream),4,1,27,2,0
"org.apache.pdfbox.pdmodel.common.PDStream.PDStream(PDDocument, InputStream)",4,1,4,2,0
"org.apache.pdfbox.pdmodel.common.PDStream.PDStream(PDDocument, InputStream, COSName)",4,1,13,2,0
"org.apache.pdfbox.pdmodel.common.PDStream.PDStream(PDDocument, InputStream, COSArray)",4,1,6,2,0
"org.apache.pdfbox.pdmodel.common.PDStream.PDStream(PDDocument, InputStream, COSBase)",21,3,7,8,0
org.apache.pdfbox.pdmodel.common.PDStream.addCompression(),31,4,3,11,0
org.apache.pdfbox.pdmodel.common.PDStream.getCOSObject(),4,1,57,1,0
org.apache.pdfbox.pdmodel.common.PDStream.createOutputStream(),4,1,5,2,0
org.apache.pdfbox.pdmodel.common.PDStream.createOutputStream(COSName),4,1,4,2,0
org.apache.pdfbox.pdmodel.common.PDStream.createInputStream(),4,1,22,2,0
org.apache.pdfbox.pdmodel.common.PDStream.createInputStream(List<String>),26,4,9,14,1
org.apache.pdfbox.pdmodel.common.PDStream.getStream(),4,1,1,1,0
org.apache.pdfbox.pdmodel.common.PDStream.getLength(),4,1,4,2,0
org.apache.pdfbox.pdmodel.common.PDStream.getFilters(),15,3,15,4,0
org.apache.pdfbox.pdmodel.common.PDStream.setFilters(List<COSName>),5,1,4,2,0
org.apache.pdfbox.pdmodel.common.PDStream.getDecodeParms(),29,5,3,9,1
org.apache.pdfbox.pdmodel.common.PDStream.setDecodeParms(List<?>),5,1,3,2,0
org.apache.pdfbox.pdmodel.common.PDStream.getFile(),5,1,2,3,0
org.apache.pdfbox.pdmodel.common.PDStream.setFile(PDFileSpecification),4,1,3,1,0
org.apache.pdfbox.pdmodel.common.PDStream.getFileFilters(),17,3,2,5,0
org.apache.pdfbox.pdmodel.common.PDStream.setFileFilters(List<String>),5,1,3,2,0
org.apache.pdfbox.pdmodel.common.PDStream.getFileDecodeParams(),25,4,2,9,1
org.apache.pdfbox.pdmodel.common.PDStream.setFileDecodeParams(List<?>),5,1,2,2,0
org.apache.pdfbox.pdmodel.common.PDStream.toByteArray(),23,3,9,7,1
org.apache.pdfbox.pdmodel.common.PDStream.getMetadata(),22,4,3,6,0
org.apache.pdfbox.pdmodel.common.PDStream.setMetadata(PDMetadata),4,1,3,1,0
org.apache.pdfbox.pdmodel.common.PDStream.getDecodedStreamLength(),4,1,2,2,0
org.apache.pdfbox.pdmodel.common.PDStream.setDecodedStreamLength(int),4,1,3,1,0
org.apache.pdfbox.pdmodel.graphics.pattern.PDAbstractPattern.create(COSDictionary),17,3,5,5,0
org.apache.pdfbox.pdmodel.graphics.pattern.PDAbstractPattern.PDAbstractPattern(),5,1,5,5,0
org.apache.pdfbox.pdmodel.graphics.pattern.PDAbstractPattern.PDAbstractPattern(COSDictionary),4,1,3,2,0
org.apache.pdfbox.pdmodel.graphics.pattern.PDAbstractPattern.getCOSObject(),4,1,24,1,0
org.apache.pdfbox.pdmodel.graphics.pattern.PDAbstractPattern.setPaintType(int),4,1,3,1,0
org.apache.pdfbox.pdmodel.graphics.pattern.PDAbstractPattern.getType(),4,1,1,2,0
org.apache.pdfbox.pdmodel.graphics.pattern.PDAbstractPattern.setPatternType(int),4,1,3,1,0
org.apache.pdfbox.pdmodel.graphics.pattern.PDAbstractPattern.getPatternType(),1,1,0,1,0
org.apache.pdfbox.pdmodel.graphics.pattern.PDAbstractPattern.getMatrix(),12,2,6,5,0
org.apache.pdfbox.pdmodel.graphics.pattern.PDAbstractPattern.setMatrix(AffineTransform),11,2,2,6,1
org.apache.xmpbox.XmpConstants.XmpConstants(),3,1,0,1,0
org.apache.pdfbox.pdmodel.graphics.color.PDSpecialColorSpace.getCOSObject(),4,1,1,1,0
org.apache.pdfbox.pdmodel.graphics.color.PDColorSpace.create(COSBase),4,1,17,2,0
"org.apache.pdfbox.pdmodel.graphics.color.PDColorSpace.create(COSBase, PDResources)",6,1,6,2,0
"org.apache.pdfbox.pdmodel.graphics.color.PDColorSpace.create(COSBase, PDResources, boolean)",123,25,22,23,0
org.apache.pdfbox.pdmodel.graphics.color.PDColorSpace.getName(),1,1,19,1,0
org.apache.pdfbox.pdmodel.graphics.color.PDColorSpace.getNumberOfComponents(),1,1,14,1,0
org.apache.pdfbox.pdmodel.graphics.color.PDColorSpace.getDefaultDecode(int),1,1,3,1,0
org.apache.pdfbox.pdmodel.graphics.color.PDColorSpace.getInitialColor(),1,1,3,1,0
org.apache.pdfbox.pdmodel.graphics.color.PDColorSpace.toRGB(float[]),1,1,11,1,0
org.apache.pdfbox.pdmodel.graphics.color.PDColorSpace.toRGBImage(WritableRaster),1,1,7,1,0
"org.apache.pdfbox.pdmodel.graphics.color.PDColorSpace.toRGBImageAWT(WritableRaster, ColorSpace)",11,1,7,10,0
org.apache.pdfbox.pdmodel.graphics.color.PDColorSpace.getCOSObject(),4,1,10,1,0
org.apache.fontbox.ttf.GlyphTable.GlyphTable(TrueTypeFont),4,1,2,2,0
"org.apache.fontbox.ttf.GlyphTable.read(TrueTypeFont, TTFDataStream)",11,2,4,7,0
org.apache.fontbox.ttf.GlyphTable.getGlyphs(),36,7,5,8,1
org.apache.fontbox.ttf.GlyphTable.setGlyphs(GlyphData[]),4,1,1,1,0
org.apache.fontbox.ttf.GlyphTable.getGlyph(int),29,5,14,8,0
org.apache.fontbox.ttf.GlyphTable.getGlyphData(int),12,3,5,7,0
org.apache.fontbox.ttf.TTFTable.TTFTable(TrueTypeFont),4,1,19,2,0
org.apache.fontbox.ttf.TTFTable.getCheckSum(),4,1,1,1,0
org.apache.fontbox.ttf.TTFTable.setCheckSum(long),4,1,2,1,0
org.apache.fontbox.ttf.TTFTable.getLength(),4,1,7,1,0
org.apache.fontbox.ttf.TTFTable.setLength(long),4,1,2,1,0
org.apache.fontbox.ttf.TTFTable.getOffset(),4,1,10,1,0
org.apache.fontbox.ttf.TTFTable.setOffset(long),4,1,2,1,0
org.apache.fontbox.ttf.TTFTable.getTag(),4,1,2,1,0
org.apache.fontbox.ttf.TTFTable.setTag(String),4,1,2,1,0
org.apache.fontbox.ttf.TTFTable.getInitialized(),4,1,17,1,0
"org.apache.fontbox.ttf.TTFTable.read(TrueTypeFont, TTFDataStream)",3,1,1,0,0
org.apache.fontbox.ttf.TTFDataStream.TTFDataStream(),3,1,0,1,0
org.apache.fontbox.ttf.TTFDataStream.read32Fixed(),7,1,8,3,0
org.apache.fontbox.ttf.TTFDataStream.readString(int),4,1,5,2,0
"org.apache.fontbox.ttf.TTFDataStream.readString(int, String)",5,1,2,3,0
"org.apache.fontbox.ttf.TTFDataStream.readString(int, Charset)",5,1,4,3,0
org.apache.fontbox.ttf.TTFDataStream.read(),1,1,5,1,0
org.apache.fontbox.ttf.TTFDataStream.readLong(),1,1,2,1,0
org.apache.fontbox.ttf.TTFDataStream.readSignedByte(),5,2,2,2,0
org.apache.fontbox.ttf.TTFDataStream.readUnsignedByte(),9,2,3,3,0
org.apache.fontbox.ttf.TTFDataStream.readUnsignedInt(),12,2,13,3,0
org.apache.fontbox.ttf.TTFDataStream.readUnsignedShort(),1,1,29,1,0
org.apache.fontbox.ttf.TTFDataStream.readUnsignedByteArray(int),9,2,3,2,1
org.apache.fontbox.ttf.TTFDataStream.readUnsignedShortArray(int),9,2,4,2,1
org.apache.fontbox.ttf.TTFDataStream.readSignedShort(),1,1,15,1,0
org.apache.fontbox.ttf.TTFDataStream.readInternationalDate(),11,1,2,8,0
org.apache.fontbox.ttf.TTFDataStream.readTag(),4,1,3,3,0
org.apache.fontbox.ttf.TTFDataStream.close(),1,1,2,0,0
org.apache.fontbox.ttf.TTFDataStream.seek(long),1,1,10,0,0
org.apache.fontbox.ttf.TTFDataStream.read(int),19,3,8,3,1
"org.apache.fontbox.ttf.TTFDataStream.read(byte[], int, int)",1,1,2,1,0
org.apache.fontbox.ttf.TTFDataStream.getCurrentPosition(),1,1,6,1,0
org.apache.fontbox.ttf.TTFDataStream.getOriginalData(),1,1,2,1,0
"org.apache.fontbox.ttf.GlyphData.initData(GlyphTable, TTFDataStream, int)",18,2,9,11,0
org.apache.fontbox.ttf.GlyphData.getBoundingBox(),4,1,2,1,0
org.apache.fontbox.ttf.GlyphData.setBoundingBox(BoundingBox),4,1,1,1,0
org.apache.fontbox.ttf.GlyphData.getNumberOfContours(),4,1,1,1,0
org.apache.fontbox.ttf.GlyphData.setNumberOfContours(short),4,1,1,1,0
org.apache.fontbox.ttf.GlyphData.getDescription(),4,1,3,1,0
org.apache.fontbox.ttf.GlyphData.getPath(),4,1,5,3,0
org.apache.fontbox.ttf.GlyphData.getXMaximum(),4,1,1,1,0
org.apache.fontbox.ttf.GlyphData.getXMinimum(),4,1,1,1,0
org.apache.fontbox.ttf.GlyphData.getYMaximum(),4,1,1,1,0
org.apache.fontbox.ttf.GlyphData.getYMinimum(),4,1,1,1,0
org.apache.fontbox.ttf.IndexToLocationTable.IndexToLocationTable(TrueTypeFont),4,1,2,2,0
"org.apache.fontbox.ttf.IndexToLocationTable.read(TrueTypeFont, TTFDataStream)",22,4,4,8,1
org.apache.fontbox.ttf.IndexToLocationTable.getOffsets(),4,1,5,1,0
org.apache.fontbox.ttf.IndexToLocationTable.setOffsets(long[]),4,1,1,1,0
org.apache.fontbox.ttf.TrueTypeFont.TrueTypeFont(TTFDataStream),4,1,3,2,0
org.apache.fontbox.ttf.TrueTypeFont.close(),4,1,3,1,0
org.apache.fontbox.ttf.TrueTypeFont.getVersion(),4,1,1,1,0
org.apache.fontbox.ttf.TrueTypeFont.setVersion(float),4,1,3,1,0
org.apache.fontbox.ttf.TrueTypeFont.addTable(TTFTable),4,1,3,2,0
org.apache.fontbox.ttf.TrueTypeFont.getTables(),4,1,2,2,0
org.apache.fontbox.ttf.TrueTypeFont.getTableMap(),4,1,4,1,0
org.apache.fontbox.ttf.TrueTypeFont.getTableBytes(TTFTable),8,1,5,6,0
org.apache.fontbox.ttf.TrueTypeFont.getNaming(),9,2,7,4,0
org.apache.fontbox.ttf.TrueTypeFont.getPostScript(),9,2,8,4,0
org.apache.fontbox.ttf.TrueTypeFont.getOS2Windows(),9,2,7,4,0
org.apache.fontbox.ttf.TrueTypeFont.getMaximumProfile(),9,2,9,4,0
org.apache.fontbox.ttf.TrueTypeFont.getHeader(),9,2,14,4,0
org.apache.fontbox.ttf.TrueTypeFont.getHorizontalHeader(),9,2,8,4,0
org.apache.fontbox.ttf.TrueTypeFont.getHorizontalMetrics(),9,2,9,4,0
org.apache.fontbox.ttf.TrueTypeFont.getIndexToLocation(),9,2,6,4,0
org.apache.fontbox.ttf.TrueTypeFont.getGlyph(),9,2,11,4,0
org.apache.fontbox.ttf.TrueTypeFont.getCmap(),9,2,8,4,0
org.apache.fontbox.ttf.TrueTypeFont.getVerticalHeader(),9,2,3,4,0
org.apache.fontbox.ttf.TrueTypeFont.getVerticalMetrics(),9,2,3,4,0
org.apache.fontbox.ttf.TrueTypeFont.getVerticalOrigin(),9,2,2,4,0
org.apache.fontbox.ttf.TrueTypeFont.getKerning(),9,2,2,4,0
org.apache.fontbox.ttf.TrueTypeFont.getOriginalData(),4,1,4,2,0
org.apache.fontbox.ttf.TrueTypeFont.readTable(TTFTable),7,1,18,4,0
org.apache.fontbox.ttf.TrueTypeFont.getNumberOfGlyphs(),16,3,10,4,0
org.apache.fontbox.ttf.TrueTypeFont.getUnitsPerEm(),16,3,7,4,0
org.apache.fontbox.ttf.TrueTypeFont.getAdvanceWidth(int),12,2,4,3,0
org.apache.fontbox.ttf.TrueTypeFont.getAdvanceHeight(int),12,2,1,3,0
org.apache.fontbox.ttf.TrueTypeFont.getName(),11,2,6,3,0
org.apache.fontbox.ttf.TrueTypeFont.readPostScriptNames(),19,4,3,6,1
org.apache.fontbox.ttf.TrueTypeFont.getUnicodeCmap(),4,1,3,2,0
org.apache.fontbox.ttf.TrueTypeFont.getUnicodeCmap(boolean),44,8,10,5,0
org.apache.fontbox.ttf.TrueTypeFont.nameToGID(String),16,3,10,8,0
org.apache.fontbox.ttf.TrueTypeFont.parseUniName(String),30,6,2,9,1
org.apache.fontbox.ttf.TrueTypeFont.getPath(String),13,2,1,6,0
org.apache.fontbox.ttf.TrueTypeFont.getWidth(String),5,1,1,3,0
org.apache.fontbox.ttf.TrueTypeFont.hasGlyph(String),4,1,2,2,0
org.apache.fontbox.ttf.TrueTypeFont.getFontBBox(),9,1,2,8,0
org.apache.fontbox.ttf.TrueTypeFont.getFontMatrix(),5,1,0,3,0
org.apache.fontbox.ttf.TrueTypeFont.toString(),18,3,1,4,0
org.apache.fontbox.ttf.HorizontalMetricsTable.HorizontalMetricsTable(TrueTypeFont),4,1,2,2,0
"org.apache.fontbox.ttf.HorizontalMetricsTable.read(TrueTypeFont, TTFDataStream)",33,6,3,11,2
org.apache.fontbox.ttf.HorizontalMetricsTable.getAdvanceWidth(int),11,2,8,1,0
org.apache.fontbox.ttf.HorizontalMetricsTable.getLeftSideBearing(int),11,2,5,1,0
org.apache.pdfbox.pdmodel.fdf.FDFAnnotationSquiggly.FDFAnnotationSquiggly(),5,1,3,3,0
org.apache.pdfbox.pdmodel.fdf.FDFAnnotationSquiggly.FDFAnnotationSquiggly(COSDictionary),4,1,2,2,0
org.apache.pdfbox.pdmodel.fdf.FDFAnnotationSquiggly.FDFAnnotationSquiggly(Element),5,1,5,3,0
org.apache.pdfbox.pdmodel.fdf.FDFAnnotationTextMarkup.FDFAnnotationTextMarkup(),4,1,4,2,0
org.apache.pdfbox.pdmodel.fdf.FDFAnnotationTextMarkup.FDFAnnotationTextMarkup(COSDictionary),4,1,5,2,0
org.apache.pdfbox.pdmodel.fdf.FDFAnnotationTextMarkup.FDFAnnotationTextMarkup(Element),20,4,6,8,1
org.apache.pdfbox.pdmodel.fdf.FDFAnnotationTextMarkup.setCoords(float[]),6,1,4,3,0
org.apache.pdfbox.pdmodel.fdf.FDFAnnotationTextMarkup.getCoords(),12,2,2,3,0
org.apache.xmpbox.schema.XMPMediaManagementSchema.XMPMediaManagementSchema(XMPMetadata),4,1,2,2,0
"org.apache.xmpbox.schema.XMPMediaManagementSchema.XMPMediaManagementSchema(XMPMetadata, String)",4,1,2,2,0
org.apache.xmpbox.schema.XMPMediaManagementSchema.setDerivedFromProperty(ResourceRefType),4,1,1,1,0
org.apache.xmpbox.schema.XMPMediaManagementSchema.getResourceRefProperty(),4,1,1,2,0
org.apache.xmpbox.schema.XMPMediaManagementSchema.setDocumentID(String),5,1,2,2,0
org.apache.xmpbox.schema.XMPMediaManagementSchema.setDocumentIDProperty(URIType),4,1,2,1,0
org.apache.xmpbox.schema.XMPMediaManagementSchema.getDocumentIDProperty(),4,1,2,2,0
org.apache.xmpbox.schema.XMPMediaManagementSchema.getDocumentID(),5,2,1,3,0
org.apache.xmpbox.schema.XMPMediaManagementSchema.setLastURL(String),5,1,2,2,0
org.apache.xmpbox.schema.XMPMediaManagementSchema.setLastURLProperty(URLType),4,1,2,1,0
org.apache.xmpbox.schema.XMPMediaManagementSchema.getLastURLProperty(),4,1,2,2,0
org.apache.xmpbox.schema.XMPMediaManagementSchema.getLastURL(),5,2,0,3,0
org.apache.xmpbox.schema.XMPMediaManagementSchema.setSaveId(Integer),5,1,2,2,0
org.apache.xmpbox.schema.XMPMediaManagementSchema.setSaveIDProperty(IntegerType),4,1,2,1,0
org.apache.xmpbox.schema.XMPMediaManagementSchema.getSaveIDProperty(),4,1,2,2,0
org.apache.xmpbox.schema.XMPMediaManagementSchema.getSaveID(),5,2,0,3,0
org.apache.xmpbox.schema.XMPMediaManagementSchema.setManager(String),5,1,2,2,0
org.apache.xmpbox.schema.XMPMediaManagementSchema.setManagerProperty(AgentNameType),4,1,2,1,0
org.apache.xmpbox.schema.XMPMediaManagementSchema.getManagerProperty(),4,1,2,2,0
org.apache.xmpbox.schema.XMPMediaManagementSchema.getManager(),5,2,0,3,0
org.apache.xmpbox.schema.XMPMediaManagementSchema.setManageTo(String),5,1,2,2,0
org.apache.xmpbox.schema.XMPMediaManagementSchema.setManageToProperty(URIType),4,1,2,1,0
org.apache.xmpbox.schema.XMPMediaManagementSchema.getManageToProperty(),4,1,2,2,0
org.apache.xmpbox.schema.XMPMediaManagementSchema.getManageTo(),5,2,0,3,0
org.apache.xmpbox.schema.XMPMediaManagementSchema.setManageUI(String),5,1,2,2,0
org.apache.xmpbox.schema.XMPMediaManagementSchema.setManageUIProperty(URIType),4,1,2,1,0
org.apache.xmpbox.schema.XMPMediaManagementSchema.getManageUIProperty(),4,1,2,2,0
org.apache.xmpbox.schema.XMPMediaManagementSchema.getManageUI(),5,2,0,3,0
org.apache.xmpbox.schema.XMPMediaManagementSchema.setManagerVariant(String),5,1,2,2,0
org.apache.xmpbox.schema.XMPMediaManagementSchema.setManagerVariantProperty(TextType),4,1,2,1,0
org.apache.xmpbox.schema.XMPMediaManagementSchema.getManagerVariantProperty(),4,1,2,2,0
org.apache.xmpbox.schema.XMPMediaManagementSchema.getManagerVariant(),5,2,0,3,0
org.apache.xmpbox.schema.XMPMediaManagementSchema.setInstanceID(String),5,1,2,2,0
org.apache.xmpbox.schema.XMPMediaManagementSchema.setInstanceIDProperty(URIType),4,1,2,1,0
org.apache.xmpbox.schema.XMPMediaManagementSchema.getInstanceIDProperty(),4,1,2,2,0
org.apache.xmpbox.schema.XMPMediaManagementSchema.getInstanceID(),5,2,0,3,0
org.apache.xmpbox.schema.XMPMediaManagementSchema.setManagedFromProperty(ResourceRefType),4,1,1,1,0
org.apache.xmpbox.schema.XMPMediaManagementSchema.getManagedFromProperty(),4,1,1,2,0
org.apache.xmpbox.schema.XMPMediaManagementSchema.setOriginalDocumentID(String),5,1,2,2,0
org.apache.xmpbox.schema.XMPMediaManagementSchema.setOriginalDocumentIDProperty(TextType),4,1,2,1,0
org.apache.xmpbox.schema.XMPMediaManagementSchema.getOriginalDocumentIDProperty(),4,1,2,2,0
org.apache.xmpbox.schema.XMPMediaManagementSchema.getOriginalDocumentID(),5,2,0,3,0
org.apache.xmpbox.schema.XMPMediaManagementSchema.setRenditionClass(String),5,1,2,2,0
org.apache.xmpbox.schema.XMPMediaManagementSchema.setRenditionClassProperty(RenditionClassType),4,1,2,1,0
org.apache.xmpbox.schema.XMPMediaManagementSchema.getRenditionClassProperty(),4,1,2,2,0
org.apache.xmpbox.schema.XMPMediaManagementSchema.getRenditionClass(),5,2,0,3,0
org.apache.xmpbox.schema.XMPMediaManagementSchema.setRenditionParams(String),5,1,2,2,0
org.apache.xmpbox.schema.XMPMediaManagementSchema.setRenditionParamsProperty(TextType),4,1,2,1,0
org.apache.xmpbox.schema.XMPMediaManagementSchema.getRenditionParamsProperty(),4,1,2,2,0
org.apache.xmpbox.schema.XMPMediaManagementSchema.getRenditionParams(),5,2,0,3,0
org.apache.xmpbox.schema.XMPMediaManagementSchema.setVersionID(String),5,1,2,2,0
org.apache.xmpbox.schema.XMPMediaManagementSchema.setVersionIDProperty(TextType),4,1,2,1,0
org.apache.xmpbox.schema.XMPMediaManagementSchema.getVersionIDProperty(),4,1,2,2,0
org.apache.xmpbox.schema.XMPMediaManagementSchema.getVersionID(),5,2,0,3,0
org.apache.xmpbox.schema.XMPMediaManagementSchema.addVersions(String),4,1,2,1,0
org.apache.xmpbox.schema.XMPMediaManagementSchema.getVersionsProperty(),4,1,1,2,0
org.apache.xmpbox.schema.XMPMediaManagementSchema.getVersions(),4,1,1,2,0
org.apache.xmpbox.schema.XMPMediaManagementSchema.addHistory(String),4,1,2,1,0
org.apache.xmpbox.schema.XMPMediaManagementSchema.getHistoryProperty(),4,1,1,2,0
org.apache.xmpbox.schema.XMPMediaManagementSchema.getHistory(),4,1,1,2,0
org.apache.xmpbox.schema.XMPMediaManagementSchema.addIngredients(String),4,1,2,1,0
org.apache.xmpbox.schema.XMPMediaManagementSchema.getIngredientsProperty(),4,1,1,2,0
org.apache.xmpbox.schema.XMPMediaManagementSchema.getIngredients(),4,1,1,2,0
"org.apache.xmpbox.type.AgentNameType.AgentNameType(XMPMetadata, String, String, String, Object)",4,1,6,2,0
"org.apache.xmpbox.type.ArrayProperty.ArrayProperty(XMPMetadata, String, String, String, Cardinality)",7,1,6,5,0
org.apache.xmpbox.type.ArrayProperty.getArrayType(),4,1,2,1,0
org.apache.xmpbox.type.ArrayProperty.getElementsAsString(),14,2,3,10,1
org.apache.xmpbox.type.ArrayProperty.getNamespace(),4,1,1,1,0
org.apache.xmpbox.type.ArrayProperty.getPrefix(),4,1,2,1,0
org.apache.xmpbox.type.Cardinality.Cardinality(boolean),4,1,1,2,0
org.apache.xmpbox.type.Cardinality.isArray(),4,1,3,1,0
org.apache.xmpbox.type.Cardinality.values(),0,1,0,1,0
org.apache.xmpbox.type.Cardinality.valueOf(),0,1,0,1,0
"org.apache.xmpbox.type.IntegerType.IntegerType(XMPMetadata, String, String, String, Object)",4,1,10,2,0
org.apache.xmpbox.type.IntegerType.getValue(),4,1,11,1,0
org.apache.xmpbox.type.IntegerType.setValue(Object),15,3,1,4,0
org.apache.xmpbox.type.IntegerType.getStringValue(),4,1,4,2,0
"org.apache.xmpbox.type.RenditionClassType.RenditionClassType(XMPMetadata, String, String, String, Object)",5,1,6,2,0
org.apache.xmpbox.type.ResourceRefType.ResourceRefType(XMPMetadata),5,1,2,5,0
org.apache.xmpbox.type.ResourceRefType.getDocumentID(),12,2,1,3,0
org.apache.xmpbox.type.ResourceRefType.setDocumentID(String),4,1,2,1,0
org.apache.xmpbox.type.ResourceRefType.getFilePath(),12,2,1,3,0
org.apache.xmpbox.type.ResourceRefType.setFilePath(String),4,1,2,1,0
org.apache.xmpbox.type.ResourceRefType.getInstanceID(),12,2,1,3,0
org.apache.xmpbox.type.ResourceRefType.setInstanceID(String),4,1,2,1,0
org.apache.xmpbox.type.ResourceRefType.getLastModifyDate(),12,2,1,3,0
org.apache.xmpbox.type.ResourceRefType.setLastModifyDate(Calendar),4,1,2,1,0
org.apache.xmpbox.type.ResourceRefType.getManageUI(),12,2,1,3,0
org.apache.xmpbox.type.ResourceRefType.setManageUI(String),4,1,2,1,0
org.apache.xmpbox.type.ResourceRefType.getManageTo(),12,2,1,3,0
org.apache.xmpbox.type.ResourceRefType.setManageTo(String),4,1,2,1,0
org.apache.xmpbox.type.ResourceRefType.getManager(),12,2,1,3,0
org.apache.xmpbox.type.ResourceRefType.setManager(String),4,1,2,1,0
org.apache.xmpbox.type.ResourceRefType.getManagerVariant(),12,2,1,3,0
org.apache.xmpbox.type.ResourceRefType.setManagerVariant(String),4,1,2,1,0
org.apache.xmpbox.type.ResourceRefType.getPartMapping(),12,2,1,3,0
org.apache.xmpbox.type.ResourceRefType.setPartMapping(String),4,1,2,1,0
org.apache.xmpbox.type.ResourceRefType.getRenditionParams(),12,2,1,3,0
org.apache.xmpbox.type.ResourceRefType.setRenditionParams(String),4,1,2,1,0
org.apache.xmpbox.type.ResourceRefType.getVersionID(),12,2,1,3,0
org.apache.xmpbox.type.ResourceRefType.setVersionID(String),4,1,2,1,0
org.apache.xmpbox.type.ResourceRefType.getMaskMarkers(),12,2,1,3,0
org.apache.xmpbox.type.ResourceRefType.setMaskMarkers(String),4,1,2,1,0
org.apache.xmpbox.type.ResourceRefType.getRenditionClass(),12,2,1,3,0
org.apache.xmpbox.type.ResourceRefType.setRenditionClass(String),4,1,2,1,0
org.apache.xmpbox.type.ResourceRefType.getFromPart(),12,2,1,3,0
org.apache.xmpbox.type.ResourceRefType.setFromPart(String),4,1,2,1,0
org.apache.xmpbox.type.ResourceRefType.getToPart(),12,2,1,3,0
org.apache.xmpbox.type.ResourceRefType.setToPart(String),4,1,2,1,0
org.apache.xmpbox.type.ResourceRefType.addAlternatePath(String),13,2,4,7,0
org.apache.xmpbox.type.ResourceRefType.getAlternatePathsProperty(),4,1,1,2,0
org.apache.xmpbox.type.ResourceRefType.getAlternatePaths(),12,2,1,3,0
"org.apache.xmpbox.type.TextType.TextType(XMPMetadata, String, String, String, Object)",4,1,21,2,0
org.apache.xmpbox.type.TextType.setValue(Object),11,2,1,3,0
org.apache.xmpbox.type.TextType.getStringValue(),4,1,89,1,0
org.apache.xmpbox.type.TextType.getValue(),4,1,3,1,0
"org.apache.xmpbox.type.Types.Types(boolean, Types, Class<? extends AbstractField>)",6,1,3,4,0
org.apache.xmpbox.type.Types.isSimple(),4,1,4,1,0
org.apache.xmpbox.type.Types.isBasic(),4,1,1,1,0
org.apache.xmpbox.type.Types.isStructured(),4,1,7,1,0
org.apache.xmpbox.type.Types.isDefined(),4,1,2,1,0
org.apache.xmpbox.type.Types.getBasic(),4,1,1,1,0
org.apache.xmpbox.type.Types.getImplementingClass(),4,1,8,1,0
org.apache.xmpbox.type.Types.values(),0,1,0,1,0
org.apache.xmpbox.type.Types.valueOf(),0,1,2,1,0
"org.apache.xmpbox.type.URIType.URIType(XMPMetadata, String, String, String, Object)",4,1,6,2,0
"org.apache.xmpbox.type.URLType.URLType(XMPMetadata, String, String, String, Object)",4,1,6,2,0
"org.apache.xmpbox.schema.XMPSchema.XMPSchema(XMPMetadata, String, String, String)",5,1,8,5,0
org.apache.xmpbox.schema.XMPSchema.XMPSchema(XMPMetadata),4,1,12,2,0
"org.apache.xmpbox.schema.XMPSchema.XMPSchema(XMPMetadata, String)",4,1,14,2,0
"org.apache.xmpbox.schema.XMPSchema.XMPSchema(XMPMetadata, String, String)",4,1,7,2,0
org.apache.xmpbox.schema.XMPSchema.getAbstractProperty(String),11,3,21,5,1
org.apache.xmpbox.schema.XMPSchema.getAboutAttribute(),4,1,3,2,0
org.apache.xmpbox.schema.XMPSchema.getAboutValue(),9,2,5,3,0
org.apache.xmpbox.schema.XMPSchema.setAbout(Attribute),10,2,5,5,0
org.apache.xmpbox.schema.XMPSchema.setAboutAsSimple(String),11,2,17,3,0
"org.apache.xmpbox.schema.XMPSchema.setSpecifiedSimpleTypeProperty(Types, String, Object)",39,7,8,13,2
org.apache.xmpbox.schema.XMPSchema.setSpecifiedSimpleTypeProperty(AbstractSimpleProperty),13,3,5,5,1
org.apache.xmpbox.schema.XMPSchema.setTextProperty(TextType),4,1,3,1,0
"org.apache.xmpbox.schema.XMPSchema.setTextPropertyValue(String, String)",4,1,5,1,0
"org.apache.xmpbox.schema.XMPSchema.setTextPropertyValueAsSimple(String, String)",4,1,4,1,0
org.apache.xmpbox.schema.XMPSchema.getUnqualifiedTextProperty(String),16,3,5,3,0
org.apache.xmpbox.schema.XMPSchema.getUnqualifiedTextPropertyValue(String),5,2,4,3,0
org.apache.xmpbox.schema.XMPSchema.getDateProperty(String),16,3,3,3,0
org.apache.xmpbox.schema.XMPSchema.getDatePropertyValueAsSimple(String),4,1,2,2,0
org.apache.xmpbox.schema.XMPSchema.getDatePropertyValue(String),16,3,3,4,0
org.apache.xmpbox.schema.XMPSchema.setDateProperty(DateType),4,1,2,1,0
"org.apache.xmpbox.schema.XMPSchema.setDatePropertyValueAsSimple(String, Calendar)",4,1,3,1,0
"org.apache.xmpbox.schema.XMPSchema.setDatePropertyValue(String, Calendar)",4,1,5,1,0
org.apache.xmpbox.schema.XMPSchema.getBooleanProperty(String),16,3,3,3,0
org.apache.xmpbox.schema.XMPSchema.getBooleanPropertyValueAsSimple(String),4,1,2,2,0
org.apache.xmpbox.schema.XMPSchema.getBooleanPropertyValue(String),16,3,3,4,0
org.apache.xmpbox.schema.XMPSchema.setBooleanProperty(BooleanType),4,1,3,1,0
"org.apache.xmpbox.schema.XMPSchema.setBooleanPropertyValueAsSimple(String, Boolean)",4,1,3,1,0
"org.apache.xmpbox.schema.XMPSchema.setBooleanPropertyValue(String, Boolean)",4,1,5,1,0
org.apache.xmpbox.schema.XMPSchema.getIntegerProperty(String),16,3,3,3,0
org.apache.xmpbox.schema.XMPSchema.getIntegerPropertyValueAsSimple(String),4,1,2,2,0
org.apache.xmpbox.schema.XMPSchema.getIntegerPropertyValue(String),16,3,3,4,0
org.apache.xmpbox.schema.XMPSchema.setIntegerProperty(IntegerType),4,1,2,1,0
"org.apache.xmpbox.schema.XMPSchema.setIntegerPropertyValueAsSimple(String, Integer)",4,1,3,1,0
"org.apache.xmpbox.schema.XMPSchema.setIntegerPropertyValue(String, Integer)",4,1,5,1,0
"org.apache.xmpbox.schema.XMPSchema.removeUnqualifiedArrayValue(String, String)",22,5,4,11,2
"org.apache.xmpbox.schema.XMPSchema.removeUnqualifiedBagValue(String, String)",4,1,12,1,0
"org.apache.xmpbox.schema.XMPSchema.addBagValueAsSimple(String, String)",4,1,3,1,0
"org.apache.xmpbox.schema.XMPSchema.internalAddBagValue(String, String)",15,2,6,6,0
"org.apache.xmpbox.schema.XMPSchema.addQualifiedBagValue(String, String)",4,1,17,1,0
org.apache.xmpbox.schema.XMPSchema.getUnqualifiedBagValueList(String),12,2,16,3,0
"org.apache.xmpbox.schema.XMPSchema.removeUnqualifiedSequenceValue(String, String)",4,1,4,1,0
"org.apache.xmpbox.schema.XMPSchema.removeUnqualifiedArrayValue(String, AbstractField)",23,5,3,10,2
"org.apache.xmpbox.schema.XMPSchema.removeUnqualifiedSequenceValue(String, AbstractField)",4,1,3,1,0
"org.apache.xmpbox.schema.XMPSchema.addUnqualifiedSequenceValue(String, String)",16,2,10,6,0
"org.apache.xmpbox.schema.XMPSchema.addBagValue(String, AbstractField)",14,2,5,5,0
"org.apache.xmpbox.schema.XMPSchema.addUnqualifiedSequenceValue(String, AbstractField)",15,2,6,5,0
org.apache.xmpbox.schema.XMPSchema.getUnqualifiedSequenceValueList(String),12,2,6,3,0
"org.apache.xmpbox.schema.XMPSchema.removeUnqualifiedSequenceDateValue(String, Calendar)",23,5,4,11,2
"org.apache.xmpbox.schema.XMPSchema.addSequenceDateValueAsSimple(String, Calendar)",4,1,3,1,0
"org.apache.xmpbox.schema.XMPSchema.addUnqualifiedSequenceDateValue(String, Calendar)",7,1,7,4,0
org.apache.xmpbox.schema.XMPSchema.getUnqualifiedSequenceDateValueList(String),18,4,4,7,1
org.apache.xmpbox.schema.XMPSchema.reorganizeAltOrder(ComplexPropertyContainer),42,8,4,11,4
"org.apache.xmpbox.schema.XMPSchema.setUnqualifiedLanguagePropertyValue(String, String, String)",45,7,17,15,1
"org.apache.xmpbox.schema.XMPSchema.getUnqualifiedLanguagePropertyValue(String, String)",26,6,14,9,1
org.apache.xmpbox.schema.XMPSchema.getUnqualifiedLanguagePropertyLanguagesValue(String),30,5,12,9,1
org.apache.xmpbox.schema.XMPSchema.merge(XMPSchema),41,10,2,17,3
"org.apache.xmpbox.schema.XMPSchema.mergeComplexProperty(Iterator<AbstractField>, ArrayProperty)",18,4,3,9,2
org.apache.xmpbox.schema.XMPSchema.getUnqualifiedArrayList(String),21,5,5,8,1
"org.apache.xmpbox.schema.XMPSchema.instanciateSimple(String, Object)",5,1,49,6,0
org.apache.xmpbox.schema.AdobePDFErrorsTest.initTempMetaData(),5,1,0,4,0
org.apache.xmpbox.schema.AdobePDFErrorsTest.testPDFAIdentification(),18,1,1,14,0
org.apache.xmpbox.schema.AdobePDFErrorsTest.testBadPDFAConformanceId(),6,1,1,2,0
org.apache.xmpbox.schema.AdobePDFErrorsTest.testBadVersionIdValueType(),6,1,1,2,0
org.apache.xmpbox.type.BadFieldValueException.BadFieldValueException(String),4,1,9,2,0
"org.apache.xmpbox.type.BadFieldValueException.BadFieldValueException(String, Throwable)",4,1,3,2,0
org.apache.xmpbox.xml.DomXmpParser.DomXmpParser(),14,2,31,7,0
org.apache.xmpbox.xml.DomXmpParser.isStrictParsing(),4,1,1,1,0
org.apache.xmpbox.xml.DomXmpParser.setStrictParsing(boolean),4,1,3,1,0
org.apache.xmpbox.xml.DomXmpParser.parse(byte[]),5,1,3,3,0
org.apache.xmpbox.xml.DomXmpParser.parse(InputStream),79,11,35,21,3
"org.apache.xmpbox.xml.DomXmpParser.parseDescriptionRoot(XMPMetadata, Element)",37,6,9,13,1
"org.apache.xmpbox.xml.DomXmpParser.parseDescriptionRootAttr(XMPMetadata, Element, Attr, TypeMapping)",32,5,9,18,0
"org.apache.xmpbox.xml.DomXmpParser.parseChildrenAsProperties(XMPMetadata, List<Element>, TypeMapping, Element)",22,4,6,12,1
"org.apache.xmpbox.xml.DomXmpParser.createProperty(XMPMetadata, Element, PropertyType, ComplexPropertyContainer)",51,9,14,18,0
"org.apache.xmpbox.xml.DomXmpParser.manageDefinedType(XMPMetadata, Element, String, ComplexPropertyContainer)",22,3,6,8,0
"org.apache.xmpbox.xml.DomXmpParser.manageStructuredType(XMPMetadata, Element, String, ComplexPropertyContainer)",24,4,6,7,0
"org.apache.xmpbox.xml.DomXmpParser.manageSimpleType(XMPMetadata, Element, Types, ComplexPropertyContainer)",12,1,5,8,0
"org.apache.xmpbox.xml.DomXmpParser.manageArray(XMPMetadata, Element, PropertyType, ComplexPropertyContainer)",38,6,7,18,1
"org.apache.xmpbox.xml.DomXmpParser.manageLangAlt(XMPMetadata, Element, ComplexPropertyContainer)",5,1,6,2,0
"org.apache.xmpbox.xml.DomXmpParser.parseDescriptionInner(XMPMetadata, Element, ComplexPropertyContainer)",21,2,5,11,1
"org.apache.xmpbox.xml.DomXmpParser.parseLiElement(XMPMetadata, QName, Element)",23,3,7,12,0
"org.apache.xmpbox.xml.DomXmpParser.loadAttributes(AbstractField, Element)",24,5,11,10,1
"org.apache.xmpbox.xml.DomXmpParser.parseLiDescription(XMPMetadata, QName, Element)",85,12,7,38,2
org.apache.xmpbox.xml.DomXmpParser.parseInitialXpacket(ProcessingInstruction),59,10,3,14,1
"org.apache.xmpbox.xml.DomXmpParser.parseEndPacket(XMPMetadata, ProcessingInstruction)",22,3,4,6,0
org.apache.xmpbox.xml.DomXmpParser.findDescriptionsParent(Element),21,4,6,6,0
"org.apache.xmpbox.xml.DomXmpParser.expectNaming(Element, String, String, String)",18,4,6,5,0
org.apache.xmpbox.xml.DomXmpParser.removeComments(Node),27,7,2,7,1
"org.apache.xmpbox.xml.DomXmpParser.instanciateStructured(TypeMapping, Types, String, String)",23,4,7,7,0
"org.apache.xmpbox.xml.DomXmpParser.checkPropertyDefinition(XMPMetadata, QName)",23,4,10,8,0
org.apache.xmpbox.schema.PDFAIdentificationSchema.PDFAIdentificationSchema(XMPMetadata),4,1,2,2,0
"org.apache.xmpbox.schema.PDFAIdentificationSchema.PDFAIdentificationSchema(XMPMetadata, String)",4,1,2,2,0
org.apache.xmpbox.schema.PDFAIdentificationSchema.setPartValueWithString(String),5,1,4,2,0
org.apache.xmpbox.schema.PDFAIdentificationSchema.setPartValueWithInt(int),5,1,4,2,0
org.apache.xmpbox.schema.PDFAIdentificationSchema.setPart(Integer),4,1,2,1,0
org.apache.xmpbox.schema.PDFAIdentificationSchema.setPartProperty(IntegerType),4,1,1,1,0
org.apache.xmpbox.schema.PDFAIdentificationSchema.setAmd(String),5,1,3,2,0
org.apache.xmpbox.schema.PDFAIdentificationSchema.setAmdProperty(TextType),4,1,1,1,0
org.apache.xmpbox.schema.PDFAIdentificationSchema.setConformance(String),13,2,7,4,0
org.apache.xmpbox.schema.PDFAIdentificationSchema.setConformanceProperty(TextType),13,2,1,4,0
org.apache.xmpbox.schema.PDFAIdentificationSchema.getPart(),9,2,2,3,0
org.apache.xmpbox.schema.PDFAIdentificationSchema.getPartProperty(),9,2,3,2,0
org.apache.xmpbox.schema.PDFAIdentificationSchema.getAmendment(),9,2,2,3,0
org.apache.xmpbox.schema.PDFAIdentificationSchema.getAmdProperty(),9,2,3,2,0
org.apache.xmpbox.schema.PDFAIdentificationSchema.getAmd(),19,4,1,7,1
org.apache.xmpbox.schema.PDFAIdentificationSchema.getConformanceProperty(),9,2,3,2,0
org.apache.xmpbox.schema.PDFAIdentificationSchema.getConformance(),19,4,3,7,1
"org.apache.xmpbox.type.AbstractField.AbstractField(XMPMetadata, String)",6,1,4,5,0
org.apache.xmpbox.type.AbstractField.getPropertyName(),4,1,14,1,0
org.apache.xmpbox.type.AbstractField.setPropertyName(String),4,1,3,1,0
org.apache.xmpbox.type.AbstractField.setAttribute(Attribute),8,2,11,4,0
org.apache.xmpbox.type.AbstractField.containsAttribute(String),4,1,4,2,0
org.apache.xmpbox.type.AbstractField.getAttribute(String),4,1,9,2,0
org.apache.xmpbox.type.AbstractField.getAllAttributes(),4,1,8,3,0
org.apache.xmpbox.type.AbstractField.removeAttribute(String),7,2,4,2,0
org.apache.xmpbox.type.AbstractField.getMetadata(),4,1,13,1,0
org.apache.xmpbox.type.AbstractField.getNamespace(),1,1,0,1,0
org.apache.xmpbox.type.AbstractField.getPrefix(),1,1,1,1,0
org.apache.xmpbox.type.TestVersionType.before(),4,1,0,1,0
"org.apache.xmpbox.type.TestVersionType.TestVersionType(Class<? extends AbstractStructuredType>, String, Types)",4,1,3,2,0
org.apache.xmpbox.type.TestVersionType.getStructured(),4,1,1,2,0
org.apache.xmpbox.type.TestVersionType.initializeParameters(),6,1,1,3,0
org.apache.xmpbox.type.AbstractStructuredTypeTester.before(),6,1,7,6,0
"org.apache.xmpbox.type.AbstractStructuredTypeTester.AbstractStructuredTypeTester(Class<? extends AbstractStructuredType>, String, Types)",6,1,9,4,0
org.apache.xmpbox.type.AbstractStructuredTypeTester.getStructured(),1,1,4,1,0
org.apache.xmpbox.type.AbstractStructuredTypeTester.testInitializedToNull(),8,1,2,6,0
org.apache.xmpbox.type.AbstractStructuredTypeTester.testSettingValue(),4,1,0,1,0
org.apache.xmpbox.type.AbstractStructuredTypeTester.testRandomSettingValue(),8,2,1,3,1
org.apache.xmpbox.type.AbstractStructuredTypeTester.internalTestSettingValue(),16,3,5,10,1
org.apache.xmpbox.type.AbstractStructuredTypeTester.testPropertyType(),4,1,0,1,0
org.apache.xmpbox.type.AbstractStructuredTypeTester.testRandomPropertyType(),8,2,1,3,1
org.apache.xmpbox.type.AbstractStructuredTypeTester.internalTestPropertyType(),9,1,4,8,0
org.apache.xmpbox.type.AbstractStructuredTypeTester.testSetter(),4,1,0,1,0
org.apache.xmpbox.type.AbstractStructuredTypeTester.testRandomSetter(),8,2,1,3,1
org.apache.xmpbox.type.AbstractStructuredTypeTester.internalTestSetter(),13,1,5,13,0
org.apache.xmpbox.type.AbstractStructuredType.AbstractStructuredType(XMPMetadata),4,1,16,2,0
"org.apache.xmpbox.type.AbstractStructuredType.AbstractStructuredType(XMPMetadata, String)",15,2,4,10,0
"org.apache.xmpbox.type.AbstractStructuredType.AbstractStructuredType(XMPMetadata, String, String, String)",21,4,10,10,0
org.apache.xmpbox.type.AbstractStructuredType.getNamespace(),4,1,18,1,0
org.apache.xmpbox.type.AbstractStructuredType.setNamespace(String),4,1,2,1,0
org.apache.xmpbox.type.AbstractStructuredType.getPrefix(),4,1,28,1,0
org.apache.xmpbox.type.AbstractStructuredType.setPrefix(String),4,1,5,1,0
org.apache.xmpbox.type.AbstractStructuredType.getPreferedPrefix(),4,1,6,1,0
"org.apache.xmpbox.type.AbstractStructuredType.addSimpleProperty(String, Object)",6,1,38,6,0
org.apache.xmpbox.type.AbstractStructuredType.getPropertyValueAsString(String),12,2,13,3,0
org.apache.xmpbox.type.AbstractStructuredType.getDatePropertyAsCalendar(String),12,2,4,3,0
"org.apache.xmpbox.type.AbstractStructuredType.createTextType(String, String)",4,1,17,6,0
"org.apache.xmpbox.type.AbstractStructuredType.createArrayProperty(String, Cardinality)",4,1,10,6,0
org.apache.xmpbox.type.VersionType.VersionType(XMPMetadata),5,1,2,5,0
org.apache.xmpbox.type.VersionType.getComments(),4,1,1,2,0
org.apache.xmpbox.type.VersionType.setComments(String),4,1,2,1,0
org.apache.xmpbox.type.VersionType.getEvent(),4,1,1,2,0
org.apache.xmpbox.type.VersionType.setEvent(ResourceEventType),4,1,1,1,0
org.apache.xmpbox.type.VersionType.getModifyDate(),4,1,1,2,0
org.apache.xmpbox.type.VersionType.setModifyDate(Calendar),4,1,2,1,0
org.apache.xmpbox.type.VersionType.getVersion(),4,1,1,2,0
org.apache.xmpbox.type.VersionType.setVersion(String),4,1,2,1,0
org.apache.xmpbox.type.VersionType.getModifier(),4,1,1,2,0
org.apache.xmpbox.type.VersionType.setModifier(String),4,1,2,1,0
org.apache.xmpbox.type.AbstractTypeTester.initializeSeed(Random),4,1,8,1,0
org.apache.xmpbox.type.AbstractTypeTester.calculateSimpleGetter(String),6,1,5,6,0
org.apache.xmpbox.type.AbstractTypeTester.calculateArrayGetter(String),11,2,3,7,0
org.apache.xmpbox.type.AbstractTypeTester.calculateSimpleSetter(String),6,1,3,6,0
org.apache.xmpbox.type.AbstractTypeTester.calculateFieldNameForMethod(String),6,1,5,8,0
org.apache.xmpbox.type.AbstractTypeTester.getJavaType(Types),23,5,3,4,0
org.apache.xmpbox.type.AbstractTypeTester.getJavaValue(Types),21,4,10,8,0
org.apache.xmpbox.type.AbstractTypeTester.getXmpFields(Class<?>),13,3,5,5,1
"org.apache.xmpbox.type.DateType.DateType(XMPMetadata, String, String, String, Object)",4,1,9,2,0
org.apache.xmpbox.type.DateType.setValueFromCalendar(Calendar),4,1,3,1,0
org.apache.xmpbox.type.DateType.getValue(),4,1,13,1,0
org.apache.xmpbox.type.DateType.isGoodType(Object),20,4,2,2,0
org.apache.xmpbox.type.DateType.setValue(Object),25,4,1,6,0
org.apache.xmpbox.type.DateType.getStringValue(),4,1,2,2,0
org.apache.xmpbox.type.DateType.setValueFromString(String),11,2,3,3,0
org.apache.pdfbox.filter.DecodeResult.DecodeResult(COSDictionary),4,1,12,2,0
"org.apache.pdfbox.filter.DecodeResult.DecodeResult(COSDictionary, PDJPXColorSpace)",5,1,2,3,0
org.apache.pdfbox.filter.DecodeResult.getParameters(),4,1,7,1,0
org.apache.pdfbox.filter.DecodeResult.getJPXColorSpace(),4,1,2,1,0
org.apache.pdfbox.filter.DecodeResult.setColorSpace(PDJPXColorSpace),4,1,2,1,0
org.apache.pdfbox.pdmodel.graphics.color.PDJPXColorSpace.PDJPXColorSpace(ColorSpace),4,1,2,2,0
org.apache.pdfbox.pdmodel.graphics.color.PDJPXColorSpace.getName(),4,1,0,1,0
org.apache.pdfbox.pdmodel.graphics.color.PDJPXColorSpace.getNumberOfComponents(),4,1,2,2,0
org.apache.pdfbox.pdmodel.graphics.color.PDJPXColorSpace.getDefaultDecode(int),11,2,1,4,1
org.apache.pdfbox.pdmodel.graphics.color.PDJPXColorSpace.getInitialColor(),4,1,0,2,0
org.apache.pdfbox.pdmodel.graphics.color.PDJPXColorSpace.toRGB(float[]),4,1,0,2,0
org.apache.pdfbox.pdmodel.graphics.color.PDJPXColorSpace.toRGBImage(WritableRaster),4,1,2,2,0
org.apache.pdfbox.pdmodel.graphics.color.PDJPXColorSpace.getCOSObject(),4,1,0,2,0
org.apache.pdfbox.pdmodel.TestPDPageContentStream.testSetCmykColors(),30,1,1,14,0
org.apache.pdfbox.pdfparser.PDFStreamParser.PDFStreamParser(PDStream),4,1,1,4,0
org.apache.pdfbox.pdfparser.PDFStreamParser.PDFStreamParser(COSStream),4,1,1,4,0
org.apache.pdfbox.pdfparser.PDFStreamParser.PDFStreamParser(PDContentStream),4,1,8,4,0
org.apache.pdfbox.pdfparser.PDFStreamParser.PDFStreamParser(byte[]),4,1,5,4,0
org.apache.pdfbox.pdfparser.PDFStreamParser.parse(),8,2,8,2,1
org.apache.pdfbox.pdfparser.PDFStreamParser.getTokens(),4,1,8,1,0
org.apache.pdfbox.pdfparser.PDFStreamParser.parseNextToken(),182,39,9,34,3
org.apache.pdfbox.pdfparser.PDFStreamParser.hasNoFollowingBinData(SequentialSource),45,10,5,5,1
org.apache.pdfbox.pdfparser.PDFStreamParser.readOperator(),27,3,2,9,1
org.apache.pdfbox.pdfparser.PDFStreamParser.isSpaceOrReturn(int),4,1,2,1,0
org.apache.pdfbox.pdfparser.PDFStreamParser.hasNextSpaceOrReturn(),4,1,2,3,0
"org.apache.pdfbox.pdmodel.PDPageContentStream.PDPageContentStream(PDDocument, PDPage)",4,1,16,2,0
"org.apache.pdfbox.pdmodel.PDPageContentStream.PDPageContentStream(PDDocument, PDPage, boolean, boolean)",5,1,4,2,0
"org.apache.pdfbox.pdmodel.PDPageContentStream.PDPageContentStream(PDDocument, PDPage, AppendMode, boolean)",5,1,22,2,0
"org.apache.pdfbox.pdmodel.PDPageContentStream.PDPageContentStream(PDDocument, PDPage, boolean, boolean, boolean)",5,2,8,2,0
"org.apache.pdfbox.pdmodel.PDPageContentStream.PDPageContentStream(PDDocument, PDPage, AppendMode, boolean, boolean)",61,9,15,27,0
"org.apache.pdfbox.pdmodel.PDPageContentStream.PDPageContentStream(PDDocument, PDAppearanceStream)",4,1,2,4,0
"org.apache.pdfbox.pdmodel.PDPageContentStream.PDPageContentStream(PDDocument, PDAppearanceStream, OutputStream)",9,1,7,7,0
org.apache.pdfbox.pdmodel.PDPageContentStream.beginText(),9,2,20,3,0
org.apache.pdfbox.pdmodel.PDPageContentStream.endText(),9,2,20,3,0
"org.apache.pdfbox.pdmodel.PDPageContentStream.setFont(PDFont, float)",18,3,23,11,0
org.apache.pdfbox.pdmodel.PDPageContentStream.drawString(String),4,1,1,1,0
org.apache.pdfbox.pdmodel.PDPageContentStream.showText(String),24,5,26,12,1
org.apache.pdfbox.pdmodel.PDPageContentStream.setLeading(double),5,1,2,2,0
org.apache.pdfbox.pdmodel.PDPageContentStream.newLine(),8,2,2,2,0
"org.apache.pdfbox.pdmodel.PDPageContentStream.moveTextPositionByAmount(float, float)",4,1,2,1,0
"org.apache.pdfbox.pdmodel.PDPageContentStream.newLineAtOffset(float, float)",10,2,22,3,0
"org.apache.pdfbox.pdmodel.PDPageContentStream.setTextMatrix(double, double, double, double, double, double)",4,1,6,2,0
org.apache.pdfbox.pdmodel.PDPageContentStream.setTextMatrix(AffineTransform),4,1,1,2,0
org.apache.pdfbox.pdmodel.PDPageContentStream.setTextMatrix(Matrix),9,2,10,4,0
"org.apache.pdfbox.pdmodel.PDPageContentStream.setTextScaling(double, double, double, double)",4,1,4,2,0
"org.apache.pdfbox.pdmodel.PDPageContentStream.setTextTranslation(double, double)",4,1,2,2,0
"org.apache.pdfbox.pdmodel.PDPageContentStream.setTextRotation(double, double, double)",4,1,3,2,0
"org.apache.pdfbox.pdmodel.PDPageContentStream.drawImage(PDImageXObject, float, float)",4,1,6,3,0
"org.apache.pdfbox.pdmodel.PDPageContentStream.drawImage(PDImageXObject, float, float, float, float)",13,2,13,9,0
"org.apache.pdfbox.pdmodel.PDPageContentStream.drawInlineImage(PDInlineImage, float, float)",4,1,3,3,0
"org.apache.pdfbox.pdmodel.PDPageContentStream.drawImage(PDInlineImage, float, float)",4,1,4,3,0
"org.apache.pdfbox.pdmodel.PDPageContentStream.drawInlineImage(PDInlineImage, float, float, float, float)",4,1,5,1,0
"org.apache.pdfbox.pdmodel.PDPageContentStream.drawImage(PDInlineImage, float, float, float, float)",42,5,10,23,1
"org.apache.pdfbox.pdmodel.PDPageContentStream.drawXObject(PDXObject, float, float, float, float)",5,1,5,2,0
"org.apache.pdfbox.pdmodel.PDPageContentStream.drawXObject(PDXObject, AffineTransform)",22,3,5,8,0
org.apache.pdfbox.pdmodel.PDPageContentStream.drawForm(PDFormXObject),9,2,6,4,0
"org.apache.pdfbox.pdmodel.PDPageContentStream.concatenate2CTM(double, double, double, double, double, double)",4,1,6,2,0
org.apache.pdfbox.pdmodel.PDPageContentStream.concatenate2CTM(AffineTransform),4,1,1,2,0
org.apache.pdfbox.pdmodel.PDPageContentStream.transform(Matrix),5,1,10,3,0
org.apache.pdfbox.pdmodel.PDPageContentStream.saveGraphicsState(),16,4,12,4,0
org.apache.pdfbox.pdmodel.PDPageContentStream.restoreGraphicsState(),16,4,11,3,0
org.apache.pdfbox.pdmodel.PDPageContentStream.setStrokingColorSpace(PDColorSpace),6,1,1,4,0
org.apache.pdfbox.pdmodel.PDPageContentStream.setNonStrokingColorSpace(PDColorSpace),6,1,1,4,0
org.apache.pdfbox.pdmodel.PDPageContentStream.getName(PDColorSpace),13,2,6,4,0
org.apache.pdfbox.pdmodel.PDPageContentStream.setStrokingColor(PDColor),29,5,3,10,1
org.apache.pdfbox.pdmodel.PDPageContentStream.setStrokingColor(Color),7,1,2,5,0
org.apache.pdfbox.pdmodel.PDPageContentStream.setStrokingColor(float[]),22,4,3,5,1
"org.apache.pdfbox.pdmodel.PDPageContentStream.setStrokingColor(int, int, int)",13,2,4,6,0
"org.apache.pdfbox.pdmodel.PDPageContentStream.setStrokingColor(int, int, int, int)",9,2,4,4,0
"org.apache.pdfbox.pdmodel.PDPageContentStream.setStrokingColor(float, float, float, float)",14,2,7,6,0
org.apache.pdfbox.pdmodel.PDPageContentStream.setStrokingColor(int),8,2,1,3,0
org.apache.pdfbox.pdmodel.PDPageContentStream.setStrokingColor(double),10,2,3,5,0
org.apache.pdfbox.pdmodel.PDPageContentStream.setNonStrokingColor(PDColor),29,5,5,10,1
org.apache.pdfbox.pdmodel.PDPageContentStream.setNonStrokingColor(Color),7,1,6,5,0
org.apache.pdfbox.pdmodel.PDPageContentStream.setNonStrokingColor(float[]),22,4,3,5,1
"org.apache.pdfbox.pdmodel.PDPageContentStream.setNonStrokingColor(int, int, int)",13,2,6,6,0
"org.apache.pdfbox.pdmodel.PDPageContentStream.setNonStrokingColor(int, int, int, int)",9,2,4,4,0
"org.apache.pdfbox.pdmodel.PDPageContentStream.setNonStrokingColor(double, double, double, double)",14,2,7,6,0
org.apache.pdfbox.pdmodel.PDPageContentStream.setNonStrokingColor(int),8,2,3,3,0
org.apache.pdfbox.pdmodel.PDPageContentStream.setNonStrokingColor(double),10,2,3,5,0
"org.apache.pdfbox.pdmodel.PDPageContentStream.addRect(float, float, float, float)",12,2,11,3,0
"org.apache.pdfbox.pdmodel.PDPageContentStream.fillRect(float, float, float, float)",9,2,5,3,0
"org.apache.pdfbox.pdmodel.PDPageContentStream.addBezier312(float, float, float, float, float, float)",4,1,6,1,0
"org.apache.pdfbox.pdmodel.PDPageContentStream.curveTo(float, float, float, float, float, float)",14,2,8,3,0
"org.apache.pdfbox.pdmodel.PDPageContentStream.addBezier32(float, float, float, float)",4,1,4,1,0
"org.apache.pdfbox.pdmodel.PDPageContentStream.curveTo2(float, float, float, float)",12,2,6,3,0
"org.apache.pdfbox.pdmodel.PDPageContentStream.addBezier31(float, float, float, float)",4,1,4,1,0
"org.apache.pdfbox.pdmodel.PDPageContentStream.curveTo1(float, float, float, float)",12,2,6,3,0
"org.apache.pdfbox.pdmodel.PDPageContentStream.moveTo(float, float)",10,2,7,3,0
"org.apache.pdfbox.pdmodel.PDPageContentStream.lineTo(float, float)",10,2,7,3,0
"org.apache.pdfbox.pdmodel.PDPageContentStream.addLine(float, float, float, float)",9,2,5,3,0
"org.apache.pdfbox.pdmodel.PDPageContentStream.drawLine(float, float, float, float)",10,2,5,4,0
"org.apache.pdfbox.pdmodel.PDPageContentStream.addPolygon(float[], float[])",23,5,6,5,1
"org.apache.pdfbox.pdmodel.PDPageContentStream.drawPolygon(float[], float[])",9,2,3,3,0
"org.apache.pdfbox.pdmodel.PDPageContentStream.fillPolygon(float[], float[])",9,2,3,3,0
org.apache.pdfbox.pdmodel.PDPageContentStream.stroke(),8,2,4,2,0
org.apache.pdfbox.pdmodel.PDPageContentStream.closeAndStroke(),8,2,2,2,0
org.apache.pdfbox.pdmodel.PDPageContentStream.fill(int),15,3,3,3,0
org.apache.pdfbox.pdmodel.PDPageContentStream.fill(),8,2,7,2,0
org.apache.pdfbox.pdmodel.PDPageContentStream.fillEvenOdd(),8,2,2,2,0
org.apache.pdfbox.pdmodel.PDPageContentStream.fillAndStroke(),8,2,1,2,0
org.apache.pdfbox.pdmodel.PDPageContentStream.fillAndStrokeEvenOdd(),8,2,1,2,0
org.apache.pdfbox.pdmodel.PDPageContentStream.closeAndFillAndStroke(),8,2,1,2,0
org.apache.pdfbox.pdmodel.PDPageContentStream.closeAndFillAndStrokeEvenOdd(),8,2,1,2,0
org.apache.pdfbox.pdmodel.PDPageContentStream.shadingFill(PDShading),9,2,4,4,0
org.apache.pdfbox.pdmodel.PDPageContentStream.closeSubPath(),4,1,1,1,0
org.apache.pdfbox.pdmodel.PDPageContentStream.closePath(),8,2,2,2,0
org.apache.pdfbox.pdmodel.PDPageContentStream.clipPath(int),20,4,4,3,0
org.apache.pdfbox.pdmodel.PDPageContentStream.clip(),9,2,2,2,0
org.apache.pdfbox.pdmodel.PDPageContentStream.clipEvenOdd(),9,2,1,2,0
org.apache.pdfbox.pdmodel.PDPageContentStream.setLineWidth(float),9,2,3,3,0
org.apache.pdfbox.pdmodel.PDPageContentStream.setLineJoinStyle(int),16,3,2,4,0
org.apache.pdfbox.pdmodel.PDPageContentStream.setLineCapStyle(int),16,3,2,4,0
"org.apache.pdfbox.pdmodel.PDPageContentStream.setLineDashPattern(float[], float)",15,3,3,4,1
org.apache.pdfbox.pdmodel.PDPageContentStream.beginMarkedContentSequence(COSName),4,1,1,1,0
org.apache.pdfbox.pdmodel.PDPageContentStream.beginMarkedContent(COSName),5,1,2,2,0
"org.apache.pdfbox.pdmodel.PDPageContentStream.beginMarkedContentSequence(COSName, COSName)",6,1,2,2,0
"org.apache.pdfbox.pdmodel.PDPageContentStream.beginMarkedContent(COSName, PDPropertyList)",6,1,5,3,0
org.apache.pdfbox.pdmodel.PDPageContentStream.endMarkedContentSequence(),4,1,0,1,0
org.apache.pdfbox.pdmodel.PDPageContentStream.endMarkedContent(),4,1,3,1,0
org.apache.pdfbox.pdmodel.PDPageContentStream.appendRawCommands(String),4,1,3,2,0
org.apache.pdfbox.pdmodel.PDPageContentStream.appendRawCommands(byte[]),4,1,2,1,0
org.apache.pdfbox.pdmodel.PDPageContentStream.appendRawCommands(int),4,1,2,1,0
org.apache.pdfbox.pdmodel.PDPageContentStream.appendRawCommands(double),4,1,4,3,0
org.apache.pdfbox.pdmodel.PDPageContentStream.appendRawCommands(float),4,1,4,3,0
org.apache.pdfbox.pdmodel.PDPageContentStream.appendCOSName(COSName),4,1,2,1,0
org.apache.pdfbox.pdmodel.PDPageContentStream.setGraphicsStateParameters(PDExtendedGraphicsState),5,1,2,3,0
org.apache.pdfbox.pdmodel.PDPageContentStream.writeOperand(float),5,1,25,3,0
org.apache.pdfbox.pdmodel.PDPageContentStream.writeOperand(int),5,1,5,3,0
org.apache.pdfbox.pdmodel.PDPageContentStream.writeOperand(COSName),5,1,15,2,0
org.apache.pdfbox.pdmodel.PDPageContentStream.writeOperator(String),5,1,58,3,0
org.apache.pdfbox.pdmodel.PDPageContentStream.write(String),4,1,8,2,0
org.apache.pdfbox.pdmodel.PDPageContentStream.writeLine(),4,1,2,1,0
org.apache.pdfbox.pdmodel.PDPageContentStream.writeBytes(byte[]),4,1,3,1,0
org.apache.pdfbox.pdmodel.PDPageContentStream.writeAffineTransform(AffineTransform),9,2,3,2,1
org.apache.pdfbox.pdmodel.PDPageContentStream.close(),4,1,36,1,0
org.apache.pdfbox.pdmodel.PDPageContentStream.isOutside255Interval(int),4,1,7,1,0
org.apache.pdfbox.pdmodel.PDPageContentStream.isOutsideOneInterval(double),4,1,5,1,0
org.apache.pdfbox.pdmodel.PDPageContentStream.setStrokingColorSpaceStack(PDColorSpace),11,2,7,4,0
org.apache.pdfbox.pdmodel.PDPageContentStream.setNonStrokingColorSpaceStack(PDColorSpace),11,2,7,4,0
org.apache.pdfbox.pdmodel.PDPage.PDPage(),4,1,33,2,0
org.apache.pdfbox.pdmodel.PDPage.PDPage(PDRectangle),6,1,14,5,0
org.apache.pdfbox.pdmodel.PDPage.PDPage(COSDictionary),4,1,10,2,0
"org.apache.pdfbox.pdmodel.PDPage.PDPage(COSDictionary, ResourceCache)",5,1,5,3,0
org.apache.pdfbox.pdmodel.PDPage.getCOSObject(),4,1,23,1,0
org.apache.pdfbox.pdmodel.PDPage.getContentStreams(),19,4,2,8,1
org.apache.pdfbox.pdmodel.PDPage.getContents(),22,4,5,10,1
org.apache.pdfbox.pdmodel.PDPage.hasContents(),13,3,7,4,0
org.apache.pdfbox.pdmodel.PDPage.getResources(),13,3,25,4,0
org.apache.pdfbox.pdmodel.PDPage.setResources(PDResources),12,2,11,3,0
org.apache.pdfbox.pdmodel.PDPage.getStructParents(),4,1,3,2,0
org.apache.pdfbox.pdmodel.PDPage.setStructParents(int),4,1,4,1,0
org.apache.pdfbox.pdmodel.PDPage.getBBox(),4,1,2,2,0
org.apache.pdfbox.pdmodel.PDPage.getMatrix(),4,1,1,2,0
org.apache.pdfbox.pdmodel.PDPage.getMediaBox(),17,4,26,5,0
org.apache.pdfbox.pdmodel.PDPage.setMediaBox(PDRectangle),12,2,6,3,0
org.apache.pdfbox.pdmodel.PDPage.getCropBox(),12,2,19,5,0
org.apache.pdfbox.pdmodel.PDPage.setCropBox(PDRectangle),11,2,7,3,0
org.apache.pdfbox.pdmodel.PDPage.getBleedBox(),14,2,2,5,0
org.apache.pdfbox.pdmodel.PDPage.setBleedBox(PDRectangle),11,2,3,2,0
org.apache.pdfbox.pdmodel.PDPage.getTrimBox(),14,2,2,5,0
org.apache.pdfbox.pdmodel.PDPage.setTrimBox(PDRectangle),11,2,3,2,0
org.apache.pdfbox.pdmodel.PDPage.getArtBox(),14,2,2,5,0
org.apache.pdfbox.pdmodel.PDPage.setArtBox(PDRectangle),11,2,3,2,0
org.apache.pdfbox.pdmodel.PDPage.clipToMediaBox(PDRectangle),10,1,5,13,0
org.apache.pdfbox.pdmodel.PDPage.getRotation(),13,3,14,3,0
org.apache.pdfbox.pdmodel.PDPage.setRotation(int),4,1,7,1,0
org.apache.pdfbox.pdmodel.PDPage.setContents(PDStream),4,1,6,1,0
org.apache.pdfbox.pdmodel.PDPage.setContents(List<PDStream>),9,2,3,3,1
org.apache.pdfbox.pdmodel.PDPage.getThreadBeads(),20,4,4,9,1
org.apache.pdfbox.pdmodel.PDPage.setThreadBeads(List<PDThreadBead>),4,1,3,2,0
org.apache.pdfbox.pdmodel.PDPage.getMetadata(),10,2,2,3,0
org.apache.pdfbox.pdmodel.PDPage.setMetadata(PDMetadata),4,1,3,1,0
org.apache.pdfbox.pdmodel.PDPage.getActions(),10,2,2,5,0
org.apache.pdfbox.pdmodel.PDPage.setActions(PDPageAdditionalActions),4,1,3,1,0
org.apache.pdfbox.pdmodel.PDPage.getTransition(),5,2,4,3,0
org.apache.pdfbox.pdmodel.PDPage.setTransition(PDTransition),4,1,3,1,0
"org.apache.pdfbox.pdmodel.PDPage.setTransition(PDTransition, float)",5,1,6,3,0
org.apache.pdfbox.pdmodel.PDPage.getAnnotations(),26,4,18,10,1
org.apache.pdfbox.pdmodel.PDPage.setAnnotations(List<PDAnnotation>),4,1,6,2,0
org.apache.pdfbox.pdmodel.PDPage.equals(Object),4,1,1,2,0
org.apache.pdfbox.pdmodel.PDPage.hashCode(),4,1,1,2,0
org.apache.pdfbox.pdmodel.PDPage.getResourceCache(),4,1,1,1,0
org.apache.pdfbox.util.DateConverter.DateConverter(),3,1,0,1,0
org.apache.pdfbox.util.DateConverter.toString(Calendar),15,2,6,4,0
org.apache.pdfbox.util.DateConverter.toISO8601(Calendar),13,1,5,4,0
org.apache.pdfbox.util.DateConverter.restrainTZoffset(long),6,1,5,1,0
"org.apache.pdfbox.util.DateConverter.formatTZoffset(long, String)",7,1,5,9,0
"org.apache.pdfbox.util.DateConverter.parseTimeField(String, ParsePosition, int, int)",25,5,6,6,1
"org.apache.pdfbox.util.DateConverter.skipOptionals(String, ParsePosition, String)",11,3,8,6,1
"org.apache.pdfbox.util.DateConverter.skipString(String, String, ParsePosition)",9,2,5,5,0
org.apache.pdfbox.util.DateConverter.newGreg(),8,1,5,6,0
"org.apache.pdfbox.util.DateConverter.adjustTimeZoneNicely(GregorianCalendar, TimeZone)",7,1,7,3,0
"org.apache.pdfbox.util.DateConverter.parseTZoffset(String, GregorianCalendar, ParsePosition)",38,6,7,18,0
"org.apache.pdfbox.util.DateConverter.parseBigEndianDate(String, ParsePosition)",38,4,3,9,0
"org.apache.pdfbox.util.DateConverter.parseSimpleDate(String, String[], ParsePosition)",18,3,5,9,1
"org.apache.pdfbox.util.DateConverter.parseDate(String, ParsePosition)",54,9,5,12,0
org.apache.pdfbox.util.DateConverter.toCalendar(COSString),8,2,3,3,0
org.apache.pdfbox.util.DateConverter.toCalendar(String),16,3,7,9,0
org.apache.pdfbox.pdmodel.graphics.blend.SeparableBlendMode.SeparableBlendMode(),3,1,0,1,0
"org.apache.pdfbox.pdmodel.graphics.blend.SeparableBlendMode.blendChannel(float, float)",1,1,1,1,0
org.apache.pdfbox.pdmodel.graphics.blend.BlendMode.getInstance(COSBase),25,6,4,4,1
org.apache.pdfbox.pdmodel.graphics.blend.BlendMode.createBlendModeMap(),18,1,26,3,0
org.apache.pdfbox.pdmodel.graphics.blend.BlendMode.BlendMode(),3,1,0,1,0
org.apache.pdfbox.cos.TestCOSInteger.setUp(),11,2,0,3,0
org.apache.pdfbox.cos.TestCOSInteger.testEquals(),20,2,0,4,1
org.apache.pdfbox.cos.TestCOSInteger.testHashCode(),11,2,0,4,1
org.apache.pdfbox.cos.TestCOSInteger.testFloatValue(),7,2,0,3,1
org.apache.pdfbox.cos.TestCOSInteger.testDoubleValue(),7,2,0,3,1
org.apache.pdfbox.cos.TestCOSInteger.testIntValue(),7,2,0,3,1
org.apache.pdfbox.cos.TestCOSInteger.testLongValue(),7,2,0,3,1
org.apache.pdfbox.cos.TestCOSInteger.testAccept(),21,3,1,11,1
org.apache.pdfbox.cos.TestCOSInteger.testWritePDF(),20,3,1,10,1
org.apache.pdfbox.cos.TestCOSInteger.suite(),4,1,0,1,0
org.apache.pdfbox.cos.TestCOSNumber.testFloatValue(),1,1,0,0,0
org.apache.pdfbox.cos.TestCOSNumber.testDoubleValue(),1,1,0,0,0
org.apache.pdfbox.cos.TestCOSNumber.testIntValue(),1,1,0,0,0
org.apache.pdfbox.cos.TestCOSNumber.testLongValue(),1,1,0,0,0
org.apache.pdfbox.cos.TestCOSNumber.testGet(),31,3,5,7,0
"org.apache.pdfbox.contentstream.operator.state.SetLineDashPattern.process(Operator, List<COSBase>)",44,8,4,9,1
org.apache.pdfbox.contentstream.operator.state.SetLineDashPattern.getName(),4,1,0,1,0
"org.apache.pdfbox.contentstream.operator.MissingOperandException.MissingOperandException(Operator, List<COSBase>)",4,1,29,4,0
org.apache.pdfbox.examples.util.PDFHighlighter.PDFHighlighter(),8,1,1,6,0
"org.apache.pdfbox.examples.util.PDFHighlighter.generateXMLHighlight(PDDocument, String, Writer)",4,1,3,1,0
"org.apache.pdfbox.examples.util.PDFHighlighter.generateXMLHighlight(PDDocument, String[], Writer)",12,1,9,9,0
org.apache.pdfbox.examples.util.PDFHighlighter.endPage(PDPage),25,4,6,12,2
org.apache.pdfbox.examples.util.PDFHighlighter.main(String[]),26,3,3,8,0
org.apache.pdfbox.examples.util.PDFHighlighter.usage(),5,1,2,3,0
org.apache.pdfbox.text.PDFTextStripper.PDFTextStripper(),3,1,8,1,0
org.apache.pdfbox.text.PDFTextStripper.getText(PDDocument),6,1,7,4,0
org.apache.pdfbox.text.PDFTextStripper.resetEngine(),13,3,3,4,0
"org.apache.pdfbox.text.PDFTextStripper.writeText(PDDocument, Writer)",16,2,13,12,0
org.apache.pdfbox.text.PDFTextStripper.processPages(PDPageTree),38,8,7,8,1
org.apache.pdfbox.text.PDFTextStripper.startDocument(PDDocument),3,1,1,0,0
org.apache.pdfbox.text.PDFTextStripper.endDocument(PDDocument),3,1,1,0,0
org.apache.pdfbox.text.PDFTextStripper.processPage(PDPage),40,6,12,15,1
org.apache.pdfbox.text.PDFTextStripper.fillBeadRectangles(PDPage),27,4,3,15,1
org.apache.pdfbox.text.PDFTextStripper.startArticle(),4,1,1,1,0
org.apache.pdfbox.text.PDFTextStripper.startArticle(boolean),4,1,2,2,0
org.apache.pdfbox.text.PDFTextStripper.endArticle(),4,1,3,2,0
org.apache.pdfbox.text.PDFTextStripper.startPage(PDPage),3,1,1,0,0
org.apache.pdfbox.text.PDFTextStripper.endPage(PDPage),3,1,1,0,0
org.apache.pdfbox.text.PDFTextStripper.writePage(),165,22,13,47,2
"org.apache.pdfbox.text.PDFTextStripper.overlap(float, float, float, float)",5,1,5,2,0
org.apache.pdfbox.text.PDFTextStripper.writeLineSeparator(),4,1,2,2,0
org.apache.pdfbox.text.PDFTextStripper.writeWordSeparator(),4,1,2,2,0
org.apache.pdfbox.text.PDFTextStripper.writeCharacters(TextPosition),4,1,2,2,0
"org.apache.pdfbox.text.PDFTextStripper.writeString(String, List<TextPosition>)",4,1,2,1,0
org.apache.pdfbox.text.PDFTextStripper.writeString(String),4,1,10,1,0
"org.apache.pdfbox.text.PDFTextStripper.within(float, float, float)",4,1,4,1,0
org.apache.pdfbox.text.PDFTextStripper.processTextPosition(TextPosition),132,22,8,29,2
org.apache.pdfbox.text.PDFTextStripper.getStartPage(),4,1,1,1,0
org.apache.pdfbox.text.PDFTextStripper.setStartPage(int),4,1,7,1,0
org.apache.pdfbox.text.PDFTextStripper.getEndPage(),4,1,1,1,0
org.apache.pdfbox.text.PDFTextStripper.setEndPage(int),4,1,7,1,0
org.apache.pdfbox.text.PDFTextStripper.setLineSeparator(String),4,1,5,1,0
org.apache.pdfbox.text.PDFTextStripper.getLineSeparator(),4,1,2,1,0
org.apache.pdfbox.text.PDFTextStripper.getWordSeparator(),4,1,2,1,0
org.apache.pdfbox.text.PDFTextStripper.setWordSeparator(String),4,1,2,1,0
org.apache.pdfbox.text.PDFTextStripper.getSuppressDuplicateOverlappingText(),4,1,1,1,0
org.apache.pdfbox.text.PDFTextStripper.getCurrentPageNo(),4,1,3,1,0
org.apache.pdfbox.text.PDFTextStripper.getOutput(),4,1,1,1,0
org.apache.pdfbox.text.PDFTextStripper.getCharactersByArticle(),4,1,2,1,0
org.apache.pdfbox.text.PDFTextStripper.setSuppressDuplicateOverlappingText(boolean),4,1,2,1,0
org.apache.pdfbox.text.PDFTextStripper.getSeparateByBeads(),4,1,1,1,0
org.apache.pdfbox.text.PDFTextStripper.setShouldSeparateByBeads(boolean),4,1,4,1,0
org.apache.pdfbox.text.PDFTextStripper.getEndBookmark(),4,1,1,1,0
org.apache.pdfbox.text.PDFTextStripper.setEndBookmark(PDOutlineItem),4,1,2,1,0
org.apache.pdfbox.text.PDFTextStripper.getStartBookmark(),4,1,1,1,0
org.apache.pdfbox.text.PDFTextStripper.setStartBookmark(PDOutlineItem),4,1,2,1,0
org.apache.pdfbox.text.PDFTextStripper.getAddMoreFormatting(),4,1,2,1,0
org.apache.pdfbox.text.PDFTextStripper.setAddMoreFormatting(boolean),4,1,1,1,0
org.apache.pdfbox.text.PDFTextStripper.getSortByPosition(),4,1,2,1,0
org.apache.pdfbox.text.PDFTextStripper.setSortByPosition(boolean),4,1,8,1,0
org.apache.pdfbox.text.PDFTextStripper.getSpacingTolerance(),4,1,2,1,0
org.apache.pdfbox.text.PDFTextStripper.setSpacingTolerance(float),4,1,1,1,0
org.apache.pdfbox.text.PDFTextStripper.getAverageCharTolerance(),4,1,2,1,0
org.apache.pdfbox.text.PDFTextStripper.setAverageCharTolerance(float),4,1,1,1,0
org.apache.pdfbox.text.PDFTextStripper.getIndentThreshold(),4,1,2,1,0
org.apache.pdfbox.text.PDFTextStripper.setIndentThreshold(float),4,1,1,1,0
org.apache.pdfbox.text.PDFTextStripper.getDropThreshold(),4,1,2,1,0
org.apache.pdfbox.text.PDFTextStripper.setDropThreshold(float),4,1,1,1,0
org.apache.pdfbox.text.PDFTextStripper.getParagraphStart(),4,1,2,1,0
org.apache.pdfbox.text.PDFTextStripper.setParagraphStart(String),4,1,2,1,0
org.apache.pdfbox.text.PDFTextStripper.getParagraphEnd(),4,1,2,1,0
org.apache.pdfbox.text.PDFTextStripper.setParagraphEnd(String),4,1,2,1,0
org.apache.pdfbox.text.PDFTextStripper.getPageStart(),4,1,2,1,0
org.apache.pdfbox.text.PDFTextStripper.setPageStart(String),4,1,2,1,0
org.apache.pdfbox.text.PDFTextStripper.getPageEnd(),4,1,2,1,0
org.apache.pdfbox.text.PDFTextStripper.setPageEnd(String),4,1,2,1,0
org.apache.pdfbox.text.PDFTextStripper.getArticleStart(),4,1,2,1,0
org.apache.pdfbox.text.PDFTextStripper.setArticleStart(String),4,1,2,1,0
org.apache.pdfbox.text.PDFTextStripper.getArticleEnd(),4,1,2,1,0
org.apache.pdfbox.text.PDFTextStripper.setArticleEnd(String),4,1,2,1,0
"org.apache.pdfbox.text.PDFTextStripper.handleLineSeparation(PositionWrapper, PositionWrapper, PositionWrapper, float)",29,4,5,9,0
"org.apache.pdfbox.text.PDFTextStripper.isParagraphSeparation(PositionWrapper, PositionWrapper, PositionWrapper, float)",65,13,5,14,0
"org.apache.pdfbox.text.PDFTextStripper.multiplyFloat(float, float)",4,1,3,2,0
org.apache.pdfbox.text.PDFTextStripper.writeParagraphSeparator(),5,1,1,2,0
org.apache.pdfbox.text.PDFTextStripper.writeParagraphStart(),10,2,6,4,0
org.apache.pdfbox.text.PDFTextStripper.writeParagraphEnd(),9,2,6,4,0
org.apache.pdfbox.text.PDFTextStripper.writePageStart(),4,1,2,2,0
org.apache.pdfbox.text.PDFTextStripper.writePageEnd(),4,1,2,2,0
org.apache.pdfbox.text.PDFTextStripper.matchListItemPattern(PositionWrapper),6,1,2,5,0
org.apache.pdfbox.text.PDFTextStripper.setListItemPatterns(List<Pattern>),4,1,1,1,0
org.apache.pdfbox.text.PDFTextStripper.getListItemPatterns(),13,3,3,5,1
"org.apache.pdfbox.text.PDFTextStripper.matchPattern(String, List<Pattern>)",11,3,3,3,1
org.apache.pdfbox.text.PDFTextStripper.writeLine(List<WordWithTextPositions>),14,3,2,6,1
org.apache.pdfbox.text.PDFTextStripper.normalize(List<LineItem>),15,3,2,9,1
org.apache.pdfbox.text.PDFTextStripper.handleDirection(String),52,8,5,19,3
org.apache.pdfbox.text.PDFTextStripper.parseBidiFile(InputStream),32,7,3,12,2
"org.apache.pdfbox.text.PDFTextStripper.createWord(String, List<TextPosition>)",4,1,4,3,0
org.apache.pdfbox.text.PDFTextStripper.normalizeWord(String),39,6,3,10,1
"org.apache.pdfbox.text.PDFTextStripper.normalizeAdd(List<WordWithTextPositions>, StringBuilder, List<TextPosition>, LineItem)",18,2,5,11,0
"org.apache.pdfbox.pdmodel.documentinterchange.logicalstructure.PDStructureElement.PDStructureElement(String, PDStructureNode)",6,1,3,4,0
org.apache.pdfbox.pdmodel.documentinterchange.logicalstructure.PDStructureElement.PDStructureElement(COSDictionary),4,1,5,2,0
org.apache.pdfbox.pdmodel.documentinterchange.logicalstructure.PDStructureElement.getStructureType(),4,1,2,3,0
org.apache.pdfbox.pdmodel.documentinterchange.logicalstructure.PDStructureElement.setStructureType(String),4,1,3,2,0
org.apache.pdfbox.pdmodel.documentinterchange.logicalstructure.PDStructureElement.getParent(),9,2,2,4,0
org.apache.pdfbox.pdmodel.documentinterchange.logicalstructure.PDStructureElement.setParent(PDStructureNode),4,1,5,2,0
org.apache.pdfbox.pdmodel.documentinterchange.logicalstructure.PDStructureElement.getElementIdentifier(),4,1,1,3,0
org.apache.pdfbox.pdmodel.documentinterchange.logicalstructure.PDStructureElement.setElementIdentifier(String),4,1,2,2,0
org.apache.pdfbox.pdmodel.documentinterchange.logicalstructure.PDStructureElement.getPage(),9,2,1,4,0
org.apache.pdfbox.pdmodel.documentinterchange.logicalstructure.PDStructureElement.setPage(PDPage),4,1,2,2,0
org.apache.pdfbox.pdmodel.documentinterchange.logicalstructure.PDStructureElement.getAttributes(),34,6,1,12,1
org.apache.pdfbox.pdmodel.documentinterchange.logicalstructure.PDStructureElement.setAttributes(Revisions<PDAttributeObject>),25,4,2,12,1
org.apache.pdfbox.pdmodel.documentinterchange.logicalstructure.PDStructureElement.addAttribute(PDAttributeObject),23,3,2,9,0
org.apache.pdfbox.pdmodel.documentinterchange.logicalstructure.PDStructureElement.removeAttribute(PDAttributeObject),27,5,2,11,0
org.apache.pdfbox.pdmodel.documentinterchange.logicalstructure.PDStructureElement.attributeChanged(PDAttributeObject),28,5,3,13,1
org.apache.pdfbox.pdmodel.documentinterchange.logicalstructure.PDStructureElement.getClassNames(),31,6,1,11,1
org.apache.pdfbox.pdmodel.documentinterchange.logicalstructure.PDStructureElement.setClassNames(Revisions<String>),27,5,2,11,1
org.apache.pdfbox.pdmodel.documentinterchange.logicalstructure.PDStructureElement.addClassName(String),26,4,2,8,0
org.apache.pdfbox.pdmodel.documentinterchange.logicalstructure.PDStructureElement.removeClassName(String),31,6,2,10,0
org.apache.pdfbox.pdmodel.documentinterchange.logicalstructure.PDStructureElement.getRevisionNumber(),4,1,5,3,0
org.apache.pdfbox.pdmodel.documentinterchange.logicalstructure.PDStructureElement.setRevisionNumber(int),8,2,3,3,0
org.apache.pdfbox.pdmodel.documentinterchange.logicalstructure.PDStructureElement.incrementRevisionNumber(),4,1,0,2,0
org.apache.pdfbox.pdmodel.documentinterchange.logicalstructure.PDStructureElement.getTitle(),4,1,1,3,0
org.apache.pdfbox.pdmodel.documentinterchange.logicalstructure.PDStructureElement.setTitle(String),4,1,2,2,0
org.apache.pdfbox.pdmodel.documentinterchange.logicalstructure.PDStructureElement.getLanguage(),4,1,1,3,0
org.apache.pdfbox.pdmodel.documentinterchange.logicalstructure.PDStructureElement.setLanguage(String),4,1,2,2,0
org.apache.pdfbox.pdmodel.documentinterchange.logicalstructure.PDStructureElement.getAlternateDescription(),4,1,1,3,0
org.apache.pdfbox.pdmodel.documentinterchange.logicalstructure.PDStructureElement.setAlternateDescription(String),4,1,2,2,0
org.apache.pdfbox.pdmodel.documentinterchange.logicalstructure.PDStructureElement.getExpandedForm(),4,1,1,3,0
org.apache.pdfbox.pdmodel.documentinterchange.logicalstructure.PDStructureElement.setExpandedForm(String),4,1,2,2,0
org.apache.pdfbox.pdmodel.documentinterchange.logicalstructure.PDStructureElement.getActualText(),4,1,1,3,0
org.apache.pdfbox.pdmodel.documentinterchange.logicalstructure.PDStructureElement.setActualText(String),4,1,2,2,0
org.apache.pdfbox.pdmodel.documentinterchange.logicalstructure.PDStructureElement.getStandardStructureType(),14,3,0,5,0
org.apache.pdfbox.pdmodel.documentinterchange.logicalstructure.PDStructureElement.appendKid(PDMarkedContent),8,2,1,3,0
org.apache.pdfbox.pdmodel.documentinterchange.logicalstructure.PDStructureElement.appendKid(PDMarkedContentReference),4,1,1,1,0
org.apache.pdfbox.pdmodel.documentinterchange.logicalstructure.PDStructureElement.appendKid(PDObjectReference),4,1,1,1,0
"org.apache.pdfbox.pdmodel.documentinterchange.logicalstructure.PDStructureElement.insertBefore(COSInteger, Object)",4,1,2,1,0
"org.apache.pdfbox.pdmodel.documentinterchange.logicalstructure.PDStructureElement.insertBefore(PDMarkedContentReference, Object)",5,1,2,1,0
"org.apache.pdfbox.pdmodel.documentinterchange.logicalstructure.PDStructureElement.insertBefore(PDObjectReference, Object)",4,1,2,1,0
org.apache.pdfbox.pdmodel.documentinterchange.logicalstructure.PDStructureElement.removeKid(COSInteger),4,1,1,1,0
org.apache.pdfbox.pdmodel.documentinterchange.logicalstructure.PDStructureElement.removeKid(PDMarkedContentReference),4,1,1,1,0
org.apache.pdfbox.pdmodel.documentinterchange.logicalstructure.PDStructureElement.removeKid(PDObjectReference),4,1,1,1,0
org.apache.pdfbox.pdmodel.documentinterchange.logicalstructure.PDStructureElement.getStructureTreeRoot(),13,3,1,2,1
org.apache.pdfbox.pdmodel.documentinterchange.logicalstructure.PDStructureElement.getRoleMap(),9,2,1,3,0
"org.apache.pdfbox.pdmodel.documentinterchange.markedcontent.PDMarkedContent.create(COSName, COSDictionary)",8,2,4,4,0
"org.apache.pdfbox.pdmodel.documentinterchange.markedcontent.PDMarkedContent.PDMarkedContent(COSName, COSDictionary)",6,2,4,6,0
org.apache.pdfbox.pdmodel.documentinterchange.markedcontent.PDMarkedContent.getTag(),4,1,1,1,0
org.apache.pdfbox.pdmodel.documentinterchange.markedcontent.PDMarkedContent.getProperties(),4,1,10,1,0
org.apache.pdfbox.pdmodel.documentinterchange.markedcontent.PDMarkedContent.getMCID(),5,2,2,3,0
org.apache.pdfbox.pdmodel.documentinterchange.markedcontent.PDMarkedContent.getLanguage(),5,2,1,3,0
org.apache.pdfbox.pdmodel.documentinterchange.markedcontent.PDMarkedContent.getActualText(),5,2,1,3,0
org.apache.pdfbox.pdmodel.documentinterchange.markedcontent.PDMarkedContent.getAlternateDescription(),5,2,1,3,0
org.apache.pdfbox.pdmodel.documentinterchange.markedcontent.PDMarkedContent.getExpandedForm(),5,2,1,3,0
org.apache.pdfbox.pdmodel.documentinterchange.markedcontent.PDMarkedContent.getContents(),4,1,4,1,0
org.apache.pdfbox.pdmodel.documentinterchange.markedcontent.PDMarkedContent.addText(TextPosition),4,1,2,2,0
org.apache.pdfbox.pdmodel.documentinterchange.markedcontent.PDMarkedContent.addMarkedContent(PDMarkedContent),4,1,2,2,0
org.apache.pdfbox.pdmodel.documentinterchange.markedcontent.PDMarkedContent.addXObject(PDXObject),4,1,2,2,0
org.apache.pdfbox.pdmodel.documentinterchange.markedcontent.PDMarkedContent.toString(),7,1,3,5,0
org.apache.pdfbox.pdmodel.documentinterchange.logicalstructure.PDStructureNode.create(COSDictionary),13,3,3,6,0
org.apache.pdfbox.pdmodel.documentinterchange.logicalstructure.PDStructureNode.getCOSObject(),4,1,47,1,0
org.apache.pdfbox.pdmodel.documentinterchange.logicalstructure.PDStructureNode.PDStructureNode(String),5,1,5,4,0
org.apache.pdfbox.pdmodel.documentinterchange.logicalstructure.PDStructureNode.PDStructureNode(COSDictionary),4,1,3,2,0
org.apache.pdfbox.pdmodel.documentinterchange.logicalstructure.PDStructureNode.getType(),4,1,1,3,0
org.apache.pdfbox.pdmodel.documentinterchange.logicalstructure.PDStructureNode.getKids(),27,5,1,9,1
org.apache.pdfbox.pdmodel.documentinterchange.logicalstructure.PDStructureNode.setKids(List<Object>),5,1,2,3,0
org.apache.pdfbox.pdmodel.documentinterchange.logicalstructure.PDStructureNode.appendKid(PDStructureElement),5,1,1,2,0
org.apache.pdfbox.pdmodel.documentinterchange.logicalstructure.PDStructureNode.appendObjectableKid(COSObjectable),8,2,4,2,0
org.apache.pdfbox.pdmodel.documentinterchange.logicalstructure.PDStructureNode.appendKid(COSBase),24,4,4,5,0
"org.apache.pdfbox.pdmodel.documentinterchange.logicalstructure.PDStructureNode.insertBefore(PDStructureElement, Object)",4,1,2,1,0
"org.apache.pdfbox.pdmodel.documentinterchange.logicalstructure.PDStructureNode.insertObjectableBefore(COSObjectable, Object)",8,2,5,2,0
"org.apache.pdfbox.pdmodel.documentinterchange.logicalstructure.PDStructureNode.insertBefore(COSBase, Object)",43,8,5,11,0
org.apache.pdfbox.pdmodel.documentinterchange.logicalstructure.PDStructureNode.removeKid(PDStructureElement),9,2,1,3,0
org.apache.pdfbox.pdmodel.documentinterchange.logicalstructure.PDStructureNode.removeObjectableKid(COSObjectable),8,2,4,3,0
org.apache.pdfbox.pdmodel.documentinterchange.logicalstructure.PDStructureNode.removeKid(COSBase),37,7,4,9,0
org.apache.pdfbox.pdmodel.documentinterchange.logicalstructure.PDStructureNode.createObject(COSBase),38,9,6,8,0
org.apache.pdfbox.pdmodel.documentinterchange.logicalstructure.PDAttributeObject.create(COSDictionary),35,7,15,10,0
org.apache.pdfbox.pdmodel.documentinterchange.logicalstructure.PDAttributeObject.getStructureElement(),4,1,2,1,0
org.apache.pdfbox.pdmodel.documentinterchange.logicalstructure.PDAttributeObject.setStructureElement(PDStructureElement),4,1,5,1,0
org.apache.pdfbox.pdmodel.documentinterchange.logicalstructure.PDAttributeObject.PDAttributeObject(),3,1,0,1,0
org.apache.pdfbox.pdmodel.documentinterchange.logicalstructure.PDAttributeObject.PDAttributeObject(COSDictionary),4,1,4,2,0
org.apache.pdfbox.pdmodel.documentinterchange.logicalstructure.PDAttributeObject.getOwner(),4,1,3,3,0
org.apache.pdfbox.pdmodel.documentinterchange.logicalstructure.PDAttributeObject.setOwner(String),4,1,8,2,0
org.apache.pdfbox.pdmodel.documentinterchange.logicalstructure.PDAttributeObject.isEmpty(),4,1,0,4,0
"org.apache.pdfbox.pdmodel.documentinterchange.logicalstructure.PDAttributeObject.potentiallyNotifyChanged(COSBase, COSBase)",7,2,14,2,0
"org.apache.pdfbox.pdmodel.documentinterchange.logicalstructure.PDAttributeObject.isValueChanged(COSBase, COSBase)",8,2,3,2,0
org.apache.pdfbox.pdmodel.documentinterchange.logicalstructure.PDAttributeObject.notifyChanged(),7,2,3,2,0
org.apache.pdfbox.pdmodel.documentinterchange.logicalstructure.PDAttributeObject.toString(),4,1,6,5,0
org.apache.pdfbox.pdmodel.documentinterchange.logicalstructure.PDAttributeObject.arrayToString(Object[]),13,3,5,6,1
org.apache.pdfbox.pdmodel.documentinterchange.logicalstructure.PDAttributeObject.arrayToString(float[]),13,3,3,6,1
org.apache.pdfbox.pdmodel.documentinterchange.logicalstructure.PDMarkedContentReference.getCOSObject(),4,1,5,1,0
org.apache.pdfbox.pdmodel.documentinterchange.logicalstructure.PDMarkedContentReference.PDMarkedContentReference(),5,1,3,4,0
org.apache.pdfbox.pdmodel.documentinterchange.logicalstructure.PDMarkedContentReference.PDMarkedContentReference(COSDictionary),4,1,2,2,0
org.apache.pdfbox.pdmodel.documentinterchange.logicalstructure.PDMarkedContentReference.getPage(),9,2,1,4,0
org.apache.pdfbox.pdmodel.documentinterchange.logicalstructure.PDMarkedContentReference.setPage(PDPage),4,1,2,2,0
org.apache.pdfbox.pdmodel.documentinterchange.logicalstructure.PDMarkedContentReference.getMCID(),4,1,2,3,0
org.apache.pdfbox.pdmodel.documentinterchange.logicalstructure.PDMarkedContentReference.setMCID(int),4,1,2,2,0
org.apache.pdfbox.pdmodel.documentinterchange.logicalstructure.PDMarkedContentReference.toString(),4,1,0,6,0
org.apache.pdfbox.pdmodel.documentinterchange.logicalstructure.PDObjectReference.getCOSObject(),4,1,4,1,0
org.apache.pdfbox.pdmodel.documentinterchange.logicalstructure.PDObjectReference.PDObjectReference(),5,1,3,4,0
org.apache.pdfbox.pdmodel.documentinterchange.logicalstructure.PDObjectReference.PDObjectReference(COSDictionary),4,1,2,2,0
org.apache.pdfbox.pdmodel.documentinterchange.logicalstructure.PDObjectReference.getReferencedObject(),27,5,3,6,0
org.apache.pdfbox.pdmodel.documentinterchange.logicalstructure.PDObjectReference.setReferencedObject(PDAnnotation),4,1,2,2,0
org.apache.pdfbox.pdmodel.documentinterchange.logicalstructure.PDObjectReference.setReferencedObject(PDXObject),4,1,2,2,0
org.apache.pdfbox.pdmodel.documentinterchange.logicalstructure.Revisions.getObjects(),8,2,6,3,0
org.apache.pdfbox.pdmodel.documentinterchange.logicalstructure.Revisions.getRevisionNumbers(),8,2,4,3,0
org.apache.pdfbox.pdmodel.documentinterchange.logicalstructure.Revisions.Revisions(),3,1,2,1,0
org.apache.pdfbox.pdmodel.documentinterchange.logicalstructure.Revisions.getObject(int),4,1,3,3,0
org.apache.pdfbox.pdmodel.documentinterchange.logicalstructure.Revisions.getRevisionNumber(int),4,1,4,3,0
"org.apache.pdfbox.pdmodel.documentinterchange.logicalstructure.Revisions.addObject(T, int)",5,1,4,3,0
"org.apache.pdfbox.pdmodel.documentinterchange.logicalstructure.Revisions.setRevisionNumber(T, int)",8,2,4,4,0
org.apache.pdfbox.pdmodel.documentinterchange.logicalstructure.Revisions.size(),4,1,2,3,0
org.apache.pdfbox.pdmodel.documentinterchange.logicalstructure.Revisions.toString(),14,3,0,10,1
org.apache.pdfbox.pdmodel.documentinterchange.logicalstructure.PDStructureTreeRoot.PDStructureTreeRoot(),4,1,1,2,0
org.apache.pdfbox.pdmodel.documentinterchange.logicalstructure.PDStructureTreeRoot.PDStructureTreeRoot(COSDictionary),4,1,3,2,0
org.apache.pdfbox.pdmodel.documentinterchange.logicalstructure.PDStructureTreeRoot.getKArray(),21,4,2,3,0
org.apache.pdfbox.pdmodel.documentinterchange.logicalstructure.PDStructureTreeRoot.getK(),4,1,1,3,0
org.apache.pdfbox.pdmodel.documentinterchange.logicalstructure.PDStructureTreeRoot.setK(COSBase),4,1,3,2,0
org.apache.pdfbox.pdmodel.documentinterchange.logicalstructure.PDStructureTreeRoot.getIDTree(),9,2,1,4,0
org.apache.pdfbox.pdmodel.documentinterchange.logicalstructure.PDStructureTreeRoot.setIDTree(PDNameTreeNode),4,1,2,2,0
org.apache.pdfbox.pdmodel.documentinterchange.logicalstructure.PDStructureTreeRoot.getParentTree(),9,2,2,4,0
org.apache.pdfbox.pdmodel.documentinterchange.logicalstructure.PDStructureTreeRoot.setParentTree(PDNumberTreeNode),4,1,3,2,0
org.apache.pdfbox.pdmodel.documentinterchange.logicalstructure.PDStructureTreeRoot.getParentTreeNextKey(),4,1,2,3,0
org.apache.pdfbox.pdmodel.documentinterchange.logicalstructure.PDStructureTreeRoot.setParentTreeNextKey(int),4,1,3,2,0
org.apache.pdfbox.pdmodel.documentinterchange.logicalstructure.PDStructureTreeRoot.getRoleMap(),16,3,4,6,0
"org.apache.pdfbox.pdmodel.documentinterchange.logicalstructure.PDStructureTreeRoot.setRoleMap(Map<String, String>)",9,2,2,7,1
org.apache.pdfbox.pdmodel.common.PDDictionaryWrapper.PDDictionaryWrapper(),4,1,3,3,0
org.apache.pdfbox.pdmodel.common.PDDictionaryWrapper.PDDictionaryWrapper(COSDictionary),4,1,6,2,0
org.apache.pdfbox.pdmodel.common.PDDictionaryWrapper.getCOSObject(),4,1,95,1,0
org.apache.pdfbox.pdmodel.common.PDDictionaryWrapper.equals(Object),12,3,4,2,0
org.apache.pdfbox.pdmodel.common.PDDictionaryWrapper.hashCode(),4,1,2,2,0
org.apache.fontbox.ttf.PostScriptTable.PostScriptTable(TrueTypeFont),4,1,2,2,0
"org.apache.fontbox.ttf.PostScriptTable.read(TrueTypeFont, TTFDataStream)",81,15,8,21,5
org.apache.fontbox.ttf.PostScriptTable.getFormatType(),4,1,1,1,0
org.apache.fontbox.ttf.PostScriptTable.setFormatType(float),4,1,1,1,0
org.apache.fontbox.ttf.PostScriptTable.getIsFixedPitch(),4,1,3,1,0
org.apache.fontbox.ttf.PostScriptTable.setIsFixedPitch(long),4,1,1,1,0
org.apache.fontbox.ttf.PostScriptTable.getItalicAngle(),4,1,3,1,0
org.apache.fontbox.ttf.PostScriptTable.setItalicAngle(float),4,1,1,1,0
org.apache.fontbox.ttf.PostScriptTable.getMaxMemType1(),4,1,2,1,0
org.apache.fontbox.ttf.PostScriptTable.setMaxMemType1(long),4,1,1,1,0
org.apache.fontbox.ttf.PostScriptTable.getMaxMemType42(),4,1,2,1,0
org.apache.fontbox.ttf.PostScriptTable.setMaxMemType42(long),4,1,1,1,0
org.apache.fontbox.ttf.PostScriptTable.getMinMemType1(),4,1,2,1,0
org.apache.fontbox.ttf.PostScriptTable.setMimMemType1(long),4,1,1,1,0
org.apache.fontbox.ttf.PostScriptTable.getMinMemType42(),4,1,2,1,0
org.apache.fontbox.ttf.PostScriptTable.setMinMemType42(long),4,1,1,1,0
org.apache.fontbox.ttf.PostScriptTable.getUnderlinePosition(),4,1,2,1,0
org.apache.fontbox.ttf.PostScriptTable.setUnderlinePosition(short),4,1,1,1,0
org.apache.fontbox.ttf.PostScriptTable.getUnderlineThickness(),4,1,2,1,0
org.apache.fontbox.ttf.PostScriptTable.setUnderlineThickness(short),4,1,1,1,0
org.apache.fontbox.ttf.PostScriptTable.getGlyphNames(),4,1,3,1,0
org.apache.fontbox.ttf.PostScriptTable.setGlyphNames(String[]),4,1,1,1,0
org.apache.fontbox.ttf.PostScriptTable.getName(int),8,2,5,1,0
org.apache.fontbox.ttf.WGL4Names.WGL4Names(),3,1,0,1,0
org.apache.pdfbox.examples.pdmodel.PrintDocumentMetaData.main(String[]),24,3,2,5,0
org.apache.pdfbox.examples.pdmodel.PrintDocumentMetaData.usage(),4,1,2,2,0
org.apache.pdfbox.examples.pdmodel.PrintDocumentMetaData.printMetadata(PDDocument),21,2,3,17,0
org.apache.pdfbox.examples.pdmodel.PrintDocumentMetaData.formatDate(Calendar),10,2,2,4,0
org.apache.pdfbox.pdmodel.PDDocumentCatalog.PDDocumentCatalog(PDDocument),7,1,7,7,0
"org.apache.pdfbox.pdmodel.PDDocumentCatalog.PDDocumentCatalog(PDDocument, COSDictionary)",5,1,3,3,0
org.apache.pdfbox.pdmodel.PDDocumentCatalog.getCOSObject(),4,1,11,1,0
org.apache.pdfbox.pdmodel.PDDocumentCatalog.getAcroForm(),9,3,26,4,0
org.apache.pdfbox.pdmodel.PDDocumentCatalog.setAcroForm(PDAcroForm),5,1,8,2,0
org.apache.pdfbox.pdmodel.PDDocumentCatalog.getPages(),4,1,8,3,0
org.apache.pdfbox.pdmodel.PDDocumentCatalog.getViewerPreferences(),5,2,4,3,0
org.apache.pdfbox.pdmodel.PDDocumentCatalog.setViewerPreferences(PDViewerPreferences),4,1,5,1,0
org.apache.pdfbox.pdmodel.PDDocumentCatalog.getDocumentOutline(),5,2,8,3,0
org.apache.pdfbox.pdmodel.PDDocumentCatalog.setDocumentOutline(PDDocumentOutline),4,1,5,1,0
org.apache.pdfbox.pdmodel.PDDocumentCatalog.getThreads(),15,3,2,10,1
org.apache.pdfbox.pdmodel.PDDocumentCatalog.setThreads(List),4,1,3,2,0
org.apache.pdfbox.pdmodel.PDDocumentCatalog.getMetadata(),9,2,6,3,0
org.apache.pdfbox.pdmodel.PDDocumentCatalog.setMetadata(PDMetadata),4,1,5,1,0
org.apache.pdfbox.pdmodel.PDDocumentCatalog.setOpenAction(PDDestinationOrAction),4,1,7,1,0
org.apache.pdfbox.pdmodel.PDDocumentCatalog.getOpenAction(),20,4,3,5,0
org.apache.pdfbox.pdmodel.PDDocumentCatalog.getActions(),10,2,2,5,0
org.apache.pdfbox.pdmodel.PDDocumentCatalog.setActions(PDDocumentCatalogAdditionalActions),4,1,3,1,0
org.apache.pdfbox.pdmodel.PDDocumentCatalog.getNames(),5,2,9,3,0
org.apache.pdfbox.pdmodel.PDDocumentCatalog.getDests(),10,2,4,3,0
org.apache.pdfbox.pdmodel.PDDocumentCatalog.findNamedDestinationPage(PDNamedDestination),24,5,2,7,0
org.apache.pdfbox.pdmodel.PDDocumentCatalog.setNames(PDDocumentNameDictionary),4,1,4,1,0
org.apache.pdfbox.pdmodel.PDDocumentCatalog.getMarkInfo(),5,2,3,3,0
org.apache.pdfbox.pdmodel.PDDocumentCatalog.setMarkInfo(PDMarkInfo),4,1,3,1,0
org.apache.pdfbox.pdmodel.PDDocumentCatalog.getOutputIntents(),18,4,3,6,1
org.apache.pdfbox.pdmodel.PDDocumentCatalog.addOutputIntent(PDOutputIntent),10,2,5,5,0
org.apache.pdfbox.pdmodel.PDDocumentCatalog.setOutputIntents(List<PDOutputIntent>),9,2,4,4,1
org.apache.pdfbox.pdmodel.PDDocumentCatalog.getPageMode(),12,2,4,3,0
org.apache.pdfbox.pdmodel.PDDocumentCatalog.setPageMode(PageMode),4,1,4,2,0
org.apache.pdfbox.pdmodel.PDDocumentCatalog.getPageLayout(),12,2,3,3,0
org.apache.pdfbox.pdmodel.PDDocumentCatalog.setPageLayout(PageLayout),4,1,3,2,0
org.apache.pdfbox.pdmodel.PDDocumentCatalog.getURI(),5,2,2,3,0
org.apache.pdfbox.pdmodel.PDDocumentCatalog.setURI(PDURIDictionary),4,1,3,1,0
org.apache.pdfbox.pdmodel.PDDocumentCatalog.getStructureTreeRoot(),5,2,3,3,0
org.apache.pdfbox.pdmodel.PDDocumentCatalog.setStructureTreeRoot(PDStructureTreeRoot),4,1,4,1,0
org.apache.pdfbox.pdmodel.PDDocumentCatalog.getLanguage(),4,1,3,2,0
org.apache.pdfbox.pdmodel.PDDocumentCatalog.setLanguage(String),4,1,3,1,0
org.apache.pdfbox.pdmodel.PDDocumentCatalog.getVersion(),4,1,4,2,0
org.apache.pdfbox.pdmodel.PDDocumentCatalog.setVersion(String),4,1,5,1,0
org.apache.pdfbox.pdmodel.PDDocumentCatalog.getPageLabels(),5,2,5,3,0
org.apache.pdfbox.pdmodel.PDDocumentCatalog.setPageLabels(PDPageLabels),4,1,3,1,0
org.apache.pdfbox.pdmodel.PDDocumentCatalog.getOCProperties(),5,2,6,3,0
org.apache.pdfbox.pdmodel.PDDocumentCatalog.setOCProperties(PDOptionalContentProperties),8,2,6,3,0
org.apache.pdfbox.pdmodel.common.PDMetadata.PDMetadata(PDDocument),6,1,5,4,0
"org.apache.pdfbox.pdmodel.common.PDMetadata.PDMetadata(PDDocument, InputStream)",6,1,4,4,0
org.apache.pdfbox.pdmodel.common.PDMetadata.PDMetadata(COSStream),4,1,5,2,0
org.apache.pdfbox.pdmodel.common.PDMetadata.exportXMPMetadata(),4,1,0,2,0
org.apache.pdfbox.pdmodel.common.PDMetadata.importXMPMetadata(byte[]),7,1,3,3,0
"org.apache.pdfbox.debugger.hexviewer.HexChangedEvent.HexChangedEvent(byte, int)",5,1,3,3,0
org.apache.pdfbox.debugger.hexviewer.HexChangedEvent.getNewValue(),4,1,2,1,0
org.apache.pdfbox.debugger.hexviewer.HexChangedEvent.getByteIndex(),4,1,2,1,0
org.apache.pdfbox.debugger.ui.MapEntry.getKey(),4,1,8,1,0
org.apache.pdfbox.debugger.ui.MapEntry.setKey(COSName),4,1,3,1,0
org.apache.pdfbox.debugger.ui.MapEntry.getValue(),4,1,13,1,0
org.apache.pdfbox.debugger.ui.MapEntry.getItem(),4,1,3,1,0
org.apache.pdfbox.debugger.ui.MapEntry.setValue(COSBase),4,1,3,1,0
org.apache.pdfbox.debugger.ui.MapEntry.setItem(COSBase),4,1,2,1,0
org.apache.pdfbox.debugger.ui.MapEntry.toString(),8,2,1,2,0
org.apache.fontbox.cff.CFFDataInput.CFFDataInput(byte[]),4,1,4,2,0
org.apache.fontbox.cff.CFFDataInput.readCard8(),4,1,10,2,0
org.apache.fontbox.cff.CFFDataInput.readCard16(),4,1,4,2,0
org.apache.fontbox.cff.CFFDataInput.readOffset(int),9,2,2,2,1
org.apache.fontbox.cff.CFFDataInput.readOffSize(),4,1,2,2,0
org.apache.fontbox.cff.CFFDataInput.readSID(),4,1,4,2,0
org.apache.fontbox.cff.DataInput.DataInput(byte[]),4,1,4,2,0
org.apache.fontbox.cff.DataInput.hasRemaining(),4,1,6,1,0
org.apache.fontbox.cff.DataInput.getPosition(),4,1,2,1,0
org.apache.fontbox.cff.DataInput.setPosition(int),4,1,5,1,0
org.apache.fontbox.cff.DataInput.getString(),4,1,2,2,0
org.apache.fontbox.cff.DataInput.readByte(),13,2,3,2,0
org.apache.fontbox.cff.DataInput.readUnsignedByte(),9,2,13,3,0
org.apache.fontbox.cff.DataInput.peekUnsignedByte(int),9,2,2,3,0
org.apache.fontbox.cff.DataInput.readShort(),4,1,3,2,0
org.apache.fontbox.cff.DataInput.readUnsignedShort(),10,2,3,3,0
org.apache.fontbox.cff.DataInput.readInt(),12,2,2,3,0
org.apache.fontbox.cff.DataInput.readBytes(int),11,2,7,4,0
org.apache.fontbox.cff.DataInput.read(),13,2,5,2,0
org.apache.fontbox.cff.DataInput.peek(int),12,2,4,1,0
org.apache.fontbox.cff.DataInput.length(),4,1,3,1,0
org.apache.pdfbox.pdmodel.interactive.annotation.PDAnnotationUnknown.PDAnnotationUnknown(COSDictionary),4,1,5,2,0
org.apache.pdfbox.pdmodel.interactive.annotation.PDAnnotation.createAnnotation(COSBase),72,13,26,16,0
org.apache.pdfbox.pdmodel.interactive.annotation.PDAnnotation.PDAnnotation(),5,1,7,4,0
org.apache.pdfbox.pdmodel.interactive.annotation.PDAnnotation.PDAnnotation(COSDictionary),5,1,9,3,0
org.apache.pdfbox.pdmodel.interactive.annotation.PDAnnotation.getRectangle(),20,3,10,6,0
org.apache.pdfbox.pdmodel.interactive.annotation.PDAnnotation.setRectangle(PDRectangle),4,1,10,2,0
org.apache.pdfbox.pdmodel.interactive.annotation.PDAnnotation.getAnnotationFlags(),4,1,2,3,0
org.apache.pdfbox.pdmodel.interactive.annotation.PDAnnotation.setAnnotationFlags(int),4,1,3,2,0
org.apache.pdfbox.pdmodel.interactive.annotation.PDAnnotation.getCOSObject(),4,1,160,1,0
org.apache.pdfbox.pdmodel.interactive.annotation.PDAnnotation.getAppearanceState(),9,2,4,3,0
org.apache.pdfbox.pdmodel.interactive.annotation.PDAnnotation.setAppearanceState(String),11,2,2,4,0
org.apache.pdfbox.pdmodel.interactive.annotation.PDAnnotation.getAppearance(),9,2,12,3,0
org.apache.pdfbox.pdmodel.interactive.annotation.PDAnnotation.setAppearance(PDAppearanceDictionary),9,2,7,2,0
org.apache.pdfbox.pdmodel.interactive.annotation.PDAnnotation.getNormalAppearanceStream(),22,4,2,8,0
org.apache.pdfbox.pdmodel.interactive.annotation.PDAnnotation.isInvisible(),4,1,4,3,0
org.apache.pdfbox.pdmodel.interactive.annotation.PDAnnotation.setInvisible(boolean),4,1,3,2,0
org.apache.pdfbox.pdmodel.interactive.annotation.PDAnnotation.isHidden(),4,1,6,3,0
org.apache.pdfbox.pdmodel.interactive.annotation.PDAnnotation.setHidden(boolean),4,1,3,2,0
org.apache.pdfbox.pdmodel.interactive.annotation.PDAnnotation.isPrinted(),4,1,5,3,0
org.apache.pdfbox.pdmodel.interactive.annotation.PDAnnotation.setPrinted(boolean),4,1,5,2,0
org.apache.pdfbox.pdmodel.interactive.annotation.PDAnnotation.isNoZoom(),4,1,4,3,0
org.apache.pdfbox.pdmodel.interactive.annotation.PDAnnotation.setNoZoom(boolean),4,1,3,2,0
org.apache.pdfbox.pdmodel.interactive.annotation.PDAnnotation.isNoRotate(),4,1,4,3,0
org.apache.pdfbox.pdmodel.interactive.annotation.PDAnnotation.setNoRotate(boolean),4,1,3,2,0
org.apache.pdfbox.pdmodel.interactive.annotation.PDAnnotation.isNoView(),4,1,6,3,0
org.apache.pdfbox.pdmodel.interactive.annotation.PDAnnotation.setNoView(boolean),4,1,3,2,0
org.apache.pdfbox.pdmodel.interactive.annotation.PDAnnotation.isReadOnly(),4,1,3,3,0
org.apache.pdfbox.pdmodel.interactive.annotation.PDAnnotation.setReadOnly(boolean),4,1,3,2,0
org.apache.pdfbox.pdmodel.interactive.annotation.PDAnnotation.isLocked(),4,1,3,3,0
org.apache.pdfbox.pdmodel.interactive.annotation.PDAnnotation.setLocked(boolean),4,1,4,2,0
org.apache.pdfbox.pdmodel.interactive.annotation.PDAnnotation.isToggleNoView(),4,1,3,3,0
org.apache.pdfbox.pdmodel.interactive.annotation.PDAnnotation.setToggleNoView(boolean),4,1,3,2,0
org.apache.pdfbox.pdmodel.interactive.annotation.PDAnnotation.getContents(),4,1,2,2,0
org.apache.pdfbox.pdmodel.interactive.annotation.PDAnnotation.setContents(String),4,1,6,1,0
org.apache.pdfbox.pdmodel.interactive.annotation.PDAnnotation.getModifiedDate(),4,1,1,3,0
org.apache.pdfbox.pdmodel.interactive.annotation.PDAnnotation.setModifiedDate(String),4,1,2,2,0
org.apache.pdfbox.pdmodel.interactive.annotation.PDAnnotation.setModifiedDate(Calendar),4,1,2,2,0
org.apache.pdfbox.pdmodel.interactive.annotation.PDAnnotation.getAnnotationName(),4,1,1,3,0
org.apache.pdfbox.pdmodel.interactive.annotation.PDAnnotation.setAnnotationName(String),4,1,2,2,0
org.apache.pdfbox.pdmodel.interactive.annotation.PDAnnotation.getStructParent(),4,1,2,3,0
org.apache.pdfbox.pdmodel.interactive.annotation.PDAnnotation.setStructParent(int),4,1,3,2,0
org.apache.pdfbox.pdmodel.interactive.annotation.PDAnnotation.getBorder(),17,2,4,5,0
org.apache.pdfbox.pdmodel.interactive.annotation.PDAnnotation.setBorder(COSArray),4,1,2,2,0
org.apache.pdfbox.pdmodel.interactive.annotation.PDAnnotation.setColor(PDColor),4,1,3,3,0
org.apache.pdfbox.pdmodel.interactive.annotation.PDAnnotation.getColor(),4,1,3,2,0
org.apache.pdfbox.pdmodel.interactive.annotation.PDAnnotation.getColor(COSName),24,5,7,5,0
org.apache.pdfbox.pdmodel.interactive.annotation.PDAnnotation.getSubtype(),4,1,4,3,0
org.apache.pdfbox.pdmodel.interactive.annotation.PDAnnotation.setPage(PDPage),4,1,6,2,0
org.apache.pdfbox.pdmodel.interactive.annotation.PDAnnotation.getPage(),9,2,2,4,0
org.apache.pdfbox.contentstream.operator.graphics.GraphicsOperatorProcessor.setContext(PDFStreamEngine),5,1,1,2,0
org.apache.pdfbox.contentstream.PDFGraphicsStreamEngine.PDFGraphicsStreamEngine(PDPage),66,1,4,3,0
org.apache.pdfbox.contentstream.PDFGraphicsStreamEngine.getPage(),4,1,4,1,0
"org.apache.pdfbox.contentstream.PDFGraphicsStreamEngine.appendRectangle(Point2D, Point2D, Point2D, Point2D)",2,1,1,0,0
org.apache.pdfbox.contentstream.PDFGraphicsStreamEngine.drawImage(PDImage),1,1,2,0,0
org.apache.pdfbox.contentstream.PDFGraphicsStreamEngine.clip(int),1,1,2,0,0
"org.apache.pdfbox.contentstream.PDFGraphicsStreamEngine.moveTo(float, float)",1,1,4,0,0
"org.apache.pdfbox.contentstream.PDFGraphicsStreamEngine.lineTo(float, float)",1,1,1,0,0
"org.apache.pdfbox.contentstream.PDFGraphicsStreamEngine.curveTo(float, float, float, float, float, float)",3,1,3,0,0
org.apache.pdfbox.contentstream.PDFGraphicsStreamEngine.getCurrentPoint(),1,1,4,1,0
org.apache.pdfbox.contentstream.PDFGraphicsStreamEngine.closePath(),1,1,1,0,0
org.apache.pdfbox.contentstream.PDFGraphicsStreamEngine.endPath(),1,1,1,0,0
org.apache.pdfbox.contentstream.PDFGraphicsStreamEngine.strokePath(),1,1,1,0,0
org.apache.pdfbox.contentstream.PDFGraphicsStreamEngine.fillPath(int),1,1,2,0,0
org.apache.pdfbox.contentstream.PDFGraphicsStreamEngine.fillAndStrokePath(int),1,1,2,0,0
org.apache.pdfbox.contentstream.PDFGraphicsStreamEngine.shadingFill(COSName),1,1,1,0,0
org.apache.pdfbox.debugger.streampane.OperatorMarker.OperatorMarker(),3,1,0,1,0
org.apache.pdfbox.debugger.streampane.OperatorMarker.getStyle(String),8,2,2,3,0
org.apache.pdfbox.debugger.colorpane.IndexedColorant.IndexedColorant(),1,1,1,1,0
org.apache.pdfbox.debugger.colorpane.IndexedColorant.getIndex(),4,1,2,1,0
org.apache.pdfbox.debugger.colorpane.IndexedColorant.setIndex(int),4,1,2,1,0
org.apache.pdfbox.debugger.colorpane.IndexedColorant.setRgbValues(float[]),4,1,2,1,0
org.apache.pdfbox.debugger.colorpane.IndexedColorant.getColor(),4,1,2,2,0
org.apache.pdfbox.debugger.colorpane.IndexedColorant.getRGBValuesString(),11,2,2,7,1
"org.apache.pdfbox.pdmodel.font.CIDFontMapping.CIDFontMapping(OpenTypeFont, FontBoxFont, boolean)",5,1,4,3,0
org.apache.pdfbox.pdmodel.font.CIDFontMapping.getTrueTypeFont(),4,1,3,1,0
org.apache.pdfbox.pdmodel.font.CIDFontMapping.isCIDFont(),4,1,2,2,0
org.apache.fontbox.ttf.OpenTypeFont.OpenTypeFont(TTFDataStream),4,1,2,2,0
org.apache.fontbox.ttf.OpenTypeFont.setVersion(float),5,1,1,2,0
org.apache.fontbox.ttf.OpenTypeFont.getCFF(),13,3,7,5,0
org.apache.fontbox.ttf.OpenTypeFont.getGlyph(),8,2,1,3,0
org.apache.fontbox.ttf.OpenTypeFont.getPath(String),5,1,1,6,0
org.apache.fontbox.ttf.OpenTypeFont.isPostScript(),4,1,5,2,0
org.apache.fontbox.ttf.OpenTypeFont.hasLayoutTables(),8,1,2,2,0
"org.apache.pdfbox.pdmodel.font.FontMapping.FontMapping(T, boolean)",5,1,5,3,0
org.apache.pdfbox.pdmodel.font.FontMapping.getFont(),4,1,8,1,0
org.apache.pdfbox.pdmodel.font.FontMapping.isFallback(),4,1,7,1,0
org.apache.pdfbox.preflight.metadata.PDFAIdentificationValidation.validatePDFAIdentifer(XMPMetadata),31,4,3,18,0
"org.apache.pdfbox.preflight.metadata.PDFAIdentificationValidation.unexpectedPrefixFoundError(String, String, String)",7,1,5,5,0
"org.apache.pdfbox.preflight.metadata.PDFAIdentificationValidation.checkConformanceLevel(List<ValidationError>, String)",7,2,4,3,0
"org.apache.pdfbox.preflight.metadata.PDFAIdentificationValidation.checkPartNumber(List<ValidationError>, int)",7,2,4,2,0
org.apache.pdfbox.pdmodel.fdf.FDFAnnotationLine.FDFAnnotationLine(),5,1,3,3,0
org.apache.pdfbox.pdmodel.fdf.FDFAnnotationLine.FDFAnnotationLine(COSDictionary),4,1,2,2,0
org.apache.pdfbox.pdmodel.fdf.FDFAnnotationLine.FDFAnnotationLine(Element),78,15,6,25,1
org.apache.pdfbox.pdmodel.fdf.FDFAnnotationLine.setLine(float[]),6,1,4,3,0
org.apache.pdfbox.pdmodel.fdf.FDFAnnotationLine.getLine(),12,2,2,3,0
org.apache.pdfbox.pdmodel.fdf.FDFAnnotationLine.setStartPointEndingStyle(String),19,3,5,6,0
org.apache.pdfbox.pdmodel.fdf.FDFAnnotationLine.getStartPointEndingStyle(),10,2,3,3,0
org.apache.pdfbox.pdmodel.fdf.FDFAnnotationLine.setEndPointEndingStyle(String),19,3,5,6,0
org.apache.pdfbox.pdmodel.fdf.FDFAnnotationLine.getEndPointEndingStyle(),10,2,3,3,0
org.apache.pdfbox.pdmodel.fdf.FDFAnnotationLine.setInteriorColor(Color),11,2,4,4,0
org.apache.pdfbox.pdmodel.fdf.FDFAnnotationLine.getInteriorColor(),14,3,3,4,0
org.apache.pdfbox.pdmodel.fdf.FDFAnnotationLine.setCaption(boolean),4,1,4,1,0
org.apache.pdfbox.pdmodel.fdf.FDFAnnotationLine.getCaption(),4,1,2,2,0
org.apache.pdfbox.pdmodel.fdf.FDFAnnotationLine.getLeaderLength(),4,1,2,2,0
org.apache.pdfbox.pdmodel.fdf.FDFAnnotationLine.setLeaderLength(float),4,1,4,1,0
org.apache.pdfbox.pdmodel.fdf.FDFAnnotationLine.getLeaderExtend(),4,1,2,2,0
org.apache.pdfbox.pdmodel.fdf.FDFAnnotationLine.setLeaderExtend(float),4,1,4,1,0
org.apache.pdfbox.pdmodel.fdf.FDFAnnotationLine.getLeaderOffset(),4,1,2,2,0
org.apache.pdfbox.pdmodel.fdf.FDFAnnotationLine.setLeaderOffset(float),4,1,4,1,0
org.apache.pdfbox.pdmodel.fdf.FDFAnnotationLine.getCaptionStyle(),4,1,2,2,0
org.apache.pdfbox.pdmodel.fdf.FDFAnnotationLine.setCaptionStyle(String),4,1,4,1,0
org.apache.pdfbox.pdmodel.fdf.FDFAnnotationLine.setCaptionHorizontalOffset(float),14,2,4,6,0
org.apache.pdfbox.pdmodel.fdf.FDFAnnotationLine.getCaptionHorizontalOffset(),10,2,2,3,0
org.apache.pdfbox.pdmodel.fdf.FDFAnnotationLine.setCaptionVerticalOffset(float),14,2,4,6,0
org.apache.pdfbox.pdmodel.fdf.FDFAnnotationLine.getCaptionVerticalOffset(),10,2,2,3,0
org.apache.pdfbox.pdmodel.interactive.annotation.PDAnnotationLine.PDAnnotationLine(),6,1,3,6,0
org.apache.pdfbox.pdmodel.interactive.annotation.PDAnnotationLine.PDAnnotationLine(COSDictionary),4,1,3,2,0
org.apache.pdfbox.pdmodel.interactive.annotation.PDAnnotationLine.setLine(float[]),6,1,4,4,0
org.apache.pdfbox.pdmodel.interactive.annotation.PDAnnotationLine.getLine(),5,1,1,4,0
org.apache.pdfbox.pdmodel.interactive.annotation.PDAnnotationLine.setStartPointEndingStyle(String),19,3,3,7,0
org.apache.pdfbox.pdmodel.interactive.annotation.PDAnnotationLine.getStartPointEndingStyle(),10,2,2,4,0
org.apache.pdfbox.pdmodel.interactive.annotation.PDAnnotationLine.setEndPointEndingStyle(String),19,3,4,7,0
org.apache.pdfbox.pdmodel.interactive.annotation.PDAnnotationLine.getEndPointEndingStyle(),10,2,2,4,0
org.apache.pdfbox.pdmodel.interactive.annotation.PDAnnotationLine.setInteriorColor(PDColor),4,1,2,3,0
org.apache.pdfbox.pdmodel.interactive.annotation.PDAnnotationLine.getInteriorColor(),4,1,2,2,0
org.apache.pdfbox.pdmodel.interactive.annotation.PDAnnotationLine.setCaption(boolean),4,1,3,2,0
org.apache.pdfbox.pdmodel.interactive.annotation.PDAnnotationLine.getCaption(),4,1,1,3,0
org.apache.pdfbox.pdmodel.interactive.annotation.PDAnnotationLine.setBorderStyle(PDBorderStyleDictionary),4,1,3,2,0
org.apache.pdfbox.pdmodel.interactive.annotation.PDAnnotationLine.getBorderStyle(),9,2,1,4,0
org.apache.pdfbox.pdmodel.interactive.annotation.PDAnnotationLine.getLeaderLineLength(),4,1,1,3,0
org.apache.pdfbox.pdmodel.interactive.annotation.PDAnnotationLine.setLeaderLineLength(float),4,1,2,2,0
org.apache.pdfbox.pdmodel.interactive.annotation.PDAnnotationLine.getLeaderLineExtensionLength(),4,1,1,3,0
org.apache.pdfbox.pdmodel.interactive.annotation.PDAnnotationLine.setLeaderLineExtensionLength(float),4,1,2,2,0
org.apache.pdfbox.pdmodel.interactive.annotation.PDAnnotationLine.getLeaderLineOffsetLength(),4,1,1,3,0
org.apache.pdfbox.pdmodel.interactive.annotation.PDAnnotationLine.setLeaderLineOffsetLength(float),4,1,2,2,0
org.apache.pdfbox.pdmodel.interactive.annotation.PDAnnotationLine.getCaptionPositioning(),4,1,1,3,0
org.apache.pdfbox.pdmodel.interactive.annotation.PDAnnotationLine.setCaptionPositioning(String),4,1,2,2,0
org.apache.pdfbox.pdmodel.interactive.annotation.PDAnnotationLine.setCaptionHorizontalOffset(float),14,2,2,7,0
org.apache.pdfbox.pdmodel.interactive.annotation.PDAnnotationLine.getCaptionHorizontalOffset(),10,2,1,4,0
org.apache.pdfbox.pdmodel.interactive.annotation.PDAnnotationLine.setCaptionVerticalOffset(float),14,2,2,7,0
org.apache.pdfbox.pdmodel.interactive.annotation.PDAnnotationLine.getCaptionVerticalOffset(),10,2,1,4,0
org.apache.pdfbox.pdmodel.fdf.FDFAnnotation.FDFAnnotation(),5,1,18,4,0
org.apache.pdfbox.pdmodel.fdf.FDFAnnotation.FDFAnnotation(COSDictionary),4,1,15,2,0
org.apache.pdfbox.pdmodel.fdf.FDFAnnotation.FDFAnnotation(Element),175,33,18,59,3
org.apache.pdfbox.pdmodel.fdf.FDFAnnotation.create(COSDictionary),82,19,21,21,0
org.apache.pdfbox.pdmodel.fdf.FDFAnnotation.getCOSObject(),4,1,1,1,0
org.apache.pdfbox.pdmodel.fdf.FDFAnnotation.getPage(),10,2,2,3,0
org.apache.pdfbox.pdmodel.fdf.FDFAnnotation.setPage(int),4,1,4,1,0
org.apache.pdfbox.pdmodel.fdf.FDFAnnotation.getColor(),14,3,3,4,0
org.apache.pdfbox.pdmodel.fdf.FDFAnnotation.setColor(Color),11,2,4,4,0
org.apache.pdfbox.pdmodel.fdf.FDFAnnotation.getDate(),4,1,2,2,0
org.apache.pdfbox.pdmodel.fdf.FDFAnnotation.setDate(String),4,1,4,1,0
org.apache.pdfbox.pdmodel.fdf.FDFAnnotation.isInvisible(),4,1,3,2,0
org.apache.pdfbox.pdmodel.fdf.FDFAnnotation.setInvisible(boolean),4,1,5,1,0
org.apache.pdfbox.pdmodel.fdf.FDFAnnotation.isHidden(),4,1,3,2,0
org.apache.pdfbox.pdmodel.fdf.FDFAnnotation.setHidden(boolean),4,1,5,1,0
org.apache.pdfbox.pdmodel.fdf.FDFAnnotation.isPrinted(),4,1,3,2,0
org.apache.pdfbox.pdmodel.fdf.FDFAnnotation.setPrinted(boolean),4,1,5,1,0
org.apache.pdfbox.pdmodel.fdf.FDFAnnotation.isNoZoom(),4,1,3,2,0
org.apache.pdfbox.pdmodel.fdf.FDFAnnotation.setNoZoom(boolean),4,1,5,1,0
org.apache.pdfbox.pdmodel.fdf.FDFAnnotation.isNoRotate(),4,1,3,2,0
org.apache.pdfbox.pdmodel.fdf.FDFAnnotation.setNoRotate(boolean),4,1,5,1,0
org.apache.pdfbox.pdmodel.fdf.FDFAnnotation.isNoView(),4,1,3,2,0
org.apache.pdfbox.pdmodel.fdf.FDFAnnotation.setNoView(boolean),4,1,5,1,0
org.apache.pdfbox.pdmodel.fdf.FDFAnnotation.isReadOnly(),4,1,3,2,0
org.apache.pdfbox.pdmodel.fdf.FDFAnnotation.setReadOnly(boolean),4,1,5,1,0
org.apache.pdfbox.pdmodel.fdf.FDFAnnotation.isLocked(),4,1,3,2,0
org.apache.pdfbox.pdmodel.fdf.FDFAnnotation.setLocked(boolean),4,1,5,1,0
org.apache.pdfbox.pdmodel.fdf.FDFAnnotation.isToggleNoView(),4,1,3,2,0
org.apache.pdfbox.pdmodel.fdf.FDFAnnotation.setToggleNoView(boolean),4,1,5,1,0
org.apache.pdfbox.pdmodel.fdf.FDFAnnotation.setName(String),4,1,4,1,0
org.apache.pdfbox.pdmodel.fdf.FDFAnnotation.getName(),4,1,2,2,0
org.apache.pdfbox.pdmodel.fdf.FDFAnnotation.setRectangle(PDRectangle),4,1,4,1,0
org.apache.pdfbox.pdmodel.fdf.FDFAnnotation.getRectangle(),10,2,2,3,0
org.apache.pdfbox.pdmodel.fdf.FDFAnnotation.setContents(String),4,1,4,1,0
org.apache.pdfbox.pdmodel.fdf.FDFAnnotation.getContents(),4,1,2,2,0
org.apache.pdfbox.pdmodel.fdf.FDFAnnotation.setTitle(String),4,1,4,1,0
org.apache.pdfbox.pdmodel.fdf.FDFAnnotation.getTitle(),4,1,2,2,0
org.apache.pdfbox.pdmodel.fdf.FDFAnnotation.getCreationDate(),4,1,2,2,0
org.apache.pdfbox.pdmodel.fdf.FDFAnnotation.setCreationDate(Calendar),4,1,4,1,0
org.apache.pdfbox.pdmodel.fdf.FDFAnnotation.setOpacity(float),4,1,4,1,0
org.apache.pdfbox.pdmodel.fdf.FDFAnnotation.getOpacity(),4,1,2,2,0
org.apache.pdfbox.pdmodel.fdf.FDFAnnotation.setSubject(String),4,1,4,1,0
org.apache.pdfbox.pdmodel.fdf.FDFAnnotation.getSubject(),4,1,2,2,0
org.apache.pdfbox.pdmodel.fdf.FDFAnnotation.setIntent(String),4,1,4,1,0
org.apache.pdfbox.pdmodel.fdf.FDFAnnotation.getIntent(),4,1,2,2,0
org.apache.pdfbox.pdmodel.fdf.FDFAnnotation.getRichContents(),4,1,2,3,0
org.apache.pdfbox.pdmodel.fdf.FDFAnnotation.setRichContents(String),4,1,4,2,0
org.apache.pdfbox.pdmodel.fdf.FDFAnnotation.setBorderStyle(PDBorderStyleDictionary),4,1,4,1,0
org.apache.pdfbox.pdmodel.fdf.FDFAnnotation.getBorderStyle(),12,2,2,3,0
org.apache.pdfbox.pdmodel.fdf.FDFAnnotation.setBorderEffect(PDBorderEffectDictionary),4,1,4,1,0
org.apache.pdfbox.pdmodel.fdf.FDFAnnotation.getBorderEffect(),12,2,2,3,0
org.apache.pdfbox.pdmodel.fdf.FDFAnnotation.getStringOrStream(COSBase),19,4,2,3,0
"org.apache.pdfbox.pdmodel.fdf.FDFAnnotation.richContentsToString(Node, boolean)",41,7,5,17,2
"org.apache.fontbox.type1.Type1Parser.parse(byte[], byte[])",10,2,7,5,0
org.apache.fontbox.type1.Type1Parser.parseASCII(byte[]),56,9,8,17,1
org.apache.fontbox.type1.Type1Parser.readSimpleValue(String),36,9,2,16,0
org.apache.fontbox.type1.Type1Parser.readEncoding(),42,5,6,15,2
org.apache.fontbox.type1.Type1Parser.arrayToNumbers(List<Token>),21,4,5,9,1
"org.apache.fontbox.type1.Type1Parser.readFontInfo(Map<String, List>)",44,11,2,18,1
org.apache.fontbox.type1.Type1Parser.readSimpleDict(),28,4,5,12,1
org.apache.fontbox.type1.Type1Parser.readDictValue(),6,1,3,3,0
org.apache.fontbox.type1.Type1Parser.readValue(),49,8,9,13,1
org.apache.fontbox.type1.Type1Parser.readProc(),28,6,6,7,1
org.apache.fontbox.type1.Type1Parser.parseBinary(byte[]),64,10,9,18,3
"org.apache.fontbox.type1.Type1Parser.readPrivate(String, List<Token>)",55,14,3,20,0
org.apache.fontbox.type1.Type1Parser.readSubrs(int),24,4,9,13,2
org.apache.fontbox.type1.Type1Parser.readOtherSubrs(),21,3,5,8,1
org.apache.fontbox.type1.Type1Parser.readCharStrings(int),21,3,10,11,1
org.apache.fontbox.type1.Type1Parser.readDef(),19,4,5,5,0
org.apache.fontbox.type1.Type1Parser.readPut(),18,4,3,5,0
org.apache.fontbox.type1.Type1Parser.read(Token.Kind),9,2,13,4,0
"org.apache.fontbox.type1.Type1Parser.read(Token.Kind, String)",8,2,10,4,0
"org.apache.fontbox.type1.Type1Parser.readMaybe(Token.Kind, String)",9,2,10,6,0
"org.apache.fontbox.type1.Type1Parser.decrypt(byte[], int, int)",25,5,7,1,1
"org.apache.fontbox.encoding.BuiltInEncoding.BuiltInEncoding(Map<Integer, String>)",7,2,2,5,1
org.apache.fontbox.encoding.StandardEncoding.StandardEncoding(),7,2,3,3,1
org.apache.fontbox.type1.Type1Font.createWithPFB(InputStream),6,1,3,5,0
org.apache.fontbox.type1.Type1Font.createWithPFB(byte[]),6,1,3,5,0
"org.apache.fontbox.type1.Type1Font.createWithSegments(byte[], byte[])",5,1,3,2,0
"org.apache.fontbox.type1.Type1Font.Type1Font(byte[], byte[])",5,1,3,3,0
org.apache.fontbox.type1.Type1Font.getSubrsArray(),4,1,1,2,0
org.apache.fontbox.type1.Type1Font.getCharStringsDict(),4,1,1,2,0
org.apache.fontbox.type1.Type1Font.getName(),4,1,4,1,0
org.apache.fontbox.type1.Type1Font.getPath(String),4,1,1,3,0
org.apache.fontbox.type1.Type1Font.getWidth(String),4,1,2,3,0
org.apache.fontbox.type1.Type1Font.hasGlyph(String),4,1,2,2,0
org.apache.fontbox.type1.Type1Font.getType1CharString(String),17,3,7,6,0
org.apache.fontbox.type1.Type1Font.getFontName(),4,1,1,1,0
org.apache.fontbox.type1.Type1Font.getEncoding(),4,1,3,1,0
org.apache.fontbox.type1.Type1Font.getPaintType(),4,1,1,1,0
org.apache.fontbox.type1.Type1Font.getFontType(),4,1,1,1,0
org.apache.fontbox.type1.Type1Font.getFontMatrix(),4,1,1,2,0
org.apache.fontbox.type1.Type1Font.getFontBBox(),4,1,2,2,0
org.apache.fontbox.type1.Type1Font.getUniqueID(),4,1,1,1,0
org.apache.fontbox.type1.Type1Font.getStrokeWidth(),4,1,1,1,0
org.apache.fontbox.type1.Type1Font.getFontID(),4,1,1,1,0
org.apache.fontbox.type1.Type1Font.getVersion(),4,1,1,1,0
org.apache.fontbox.type1.Type1Font.getNotice(),4,1,1,1,0
org.apache.fontbox.type1.Type1Font.getFullName(),4,1,1,1,0
org.apache.fontbox.type1.Type1Font.getFamilyName(),4,1,3,1,0
org.apache.fontbox.type1.Type1Font.getWeight(),4,1,2,1,0
org.apache.fontbox.type1.Type1Font.getItalicAngle(),4,1,2,1,0
org.apache.fontbox.type1.Type1Font.isFixedPitch(),4,1,1,1,0
org.apache.fontbox.type1.Type1Font.getUnderlinePosition(),4,1,1,1,0
org.apache.fontbox.type1.Type1Font.getUnderlineThickness(),4,1,1,1,0
org.apache.fontbox.type1.Type1Font.getBlueValues(),4,1,2,2,0
org.apache.fontbox.type1.Type1Font.getOtherBlues(),4,1,1,2,0
org.apache.fontbox.type1.Type1Font.getFamilyBlues(),4,1,1,2,0
org.apache.fontbox.type1.Type1Font.getFamilyOtherBlues(),4,1,1,2,0
org.apache.fontbox.type1.Type1Font.getBlueScale(),4,1,1,1,0
org.apache.fontbox.type1.Type1Font.getBlueShift(),4,1,1,1,0
org.apache.fontbox.type1.Type1Font.getBlueFuzz(),4,1,1,1,0
org.apache.fontbox.type1.Type1Font.getStdHW(),4,1,1,2,0
org.apache.fontbox.type1.Type1Font.getStdVW(),4,1,1,2,0
org.apache.fontbox.type1.Type1Font.getStemSnapH(),4,1,1,2,0
org.apache.fontbox.type1.Type1Font.getStemSnapV(),4,1,1,2,0
org.apache.fontbox.type1.Type1Font.isForceBold(),4,1,1,1,0
org.apache.fontbox.type1.Type1Font.getLanguageGroup(),4,1,1,1,0
org.apache.fontbox.type1.Type1Font.getASCIISegment(),4,1,1,1,0
org.apache.fontbox.type1.Type1Font.getBinarySegment(),4,1,1,1,0
org.apache.fontbox.type1.Type1Font.toString(),6,1,4,4,0
org.apache.fontbox.type1.Type1Lexer.Type1Lexer(byte[]),5,1,3,5,0
org.apache.fontbox.type1.Type1Lexer.nextToken(),6,1,7,3,0
org.apache.fontbox.type1.Type1Lexer.peekToken(),4,1,11,1,0
org.apache.fontbox.type1.Type1Lexer.getChar(),4,1,6,2,0
org.apache.fontbox.type1.Type1Lexer.readToken(Token),87,17,12,19,2
org.apache.fontbox.type1.Type1Lexer.tryReadNumber(),87,13,4,15,3
org.apache.fontbox.type1.Type1Lexer.readRegular(),29,4,2,10,1
org.apache.fontbox.type1.Type1Lexer.readComment(),17,3,2,6,1
org.apache.fontbox.type1.Type1Lexer.readString(),55,16,4,12,1
org.apache.fontbox.type1.Type1Lexer.readCharString(int),7,1,4,4,0
"org.apache.fontbox.type1.Token.Token(String, Kind)",5,1,5,3,0
"org.apache.fontbox.type1.Token.Token(char, Kind)",5,1,3,4,0
"org.apache.fontbox.type1.Token.Token(byte[], Kind)",5,1,3,3,0
org.apache.fontbox.type1.Token.getText(),4,1,14,1,0
org.apache.fontbox.type1.Token.getKind(),4,1,14,1,0
org.apache.fontbox.type1.Token.intValue(),4,1,12,2,0
org.apache.fontbox.type1.Token.floatValue(),4,1,5,2,0
org.apache.fontbox.type1.Token.booleanValue(),4,1,3,2,0
org.apache.fontbox.type1.Token.getData(),4,1,3,1,0
org.apache.fontbox.type1.Token.toString(),11,2,5,1,0
org.apache.fontbox.cmap.CodespaceRange.CodespaceRange(),3,1,1,1,0
org.apache.fontbox.cmap.CodespaceRange.getCodeLength(),4,1,2,1,0
org.apache.fontbox.cmap.CodespaceRange.getEnd(),4,1,1,1,0
org.apache.fontbox.cmap.CodespaceRange.setEnd(byte[]),5,1,3,3,0
org.apache.fontbox.cmap.CodespaceRange.getStart(),4,1,1,1,0
org.apache.fontbox.cmap.CodespaceRange.setStart(byte[]),6,1,4,4,0
org.apache.fontbox.cmap.CodespaceRange.matches(byte[]),4,1,2,2,0
"org.apache.fontbox.cmap.CodespaceRange.toInt(byte[], int)",10,2,5,1,1
"org.apache.fontbox.cmap.CodespaceRange.isFullMatch(byte[], int)",12,3,7,2,0
"org.apache.pdfbox.pdmodel.font.PDTrueTypeFont.load(PDDocument, File, Encoding)",5,1,3,3,0
"org.apache.pdfbox.pdmodel.font.PDTrueTypeFont.load(PDDocument, InputStream, Encoding)",5,1,3,2,0
"org.apache.pdfbox.pdmodel.font.PDTrueTypeFont.loadTTF(PDDocument, File)",4,1,3,3,0
"org.apache.pdfbox.pdmodel.font.PDTrueTypeFont.loadTTF(PDDocument, InputStream)",4,1,3,2,0
org.apache.pdfbox.pdmodel.font.PDTrueTypeFont.PDTrueTypeFont(COSDictionary),44,7,5,17,0
org.apache.pdfbox.pdmodel.font.PDTrueTypeFont.getBaseFont(),4,1,4,2,0
org.apache.pdfbox.pdmodel.font.PDTrueTypeFont.readEncodingFromFont(),41,8,2,15,1
"org.apache.pdfbox.pdmodel.font.PDTrueTypeFont.PDTrueTypeFont(PDDocument, InputStream, Encoding)",12,1,8,11,0
org.apache.pdfbox.pdmodel.font.PDTrueTypeFont.readCode(InputStream),4,1,1,2,0
org.apache.pdfbox.pdmodel.font.PDTrueTypeFont.getName(),4,1,2,2,0
org.apache.pdfbox.pdmodel.font.PDTrueTypeFont.getBoundingBox(),8,2,1,3,0
org.apache.pdfbox.pdmodel.font.PDTrueTypeFont.generateBoundingBox(),9,2,2,9,0
org.apache.pdfbox.pdmodel.font.PDTrueTypeFont.isDamaged(),4,1,1,1,0
org.apache.pdfbox.pdmodel.font.PDTrueTypeFont.getTrueTypeFont(),4,1,4,1,0
org.apache.pdfbox.pdmodel.font.PDTrueTypeFont.getWidthFromFont(int),11,2,2,4,0
org.apache.pdfbox.pdmodel.font.PDTrueTypeFont.getHeight(int),10,2,2,6,0
org.apache.pdfbox.pdmodel.font.PDTrueTypeFont.encode(int),42,7,3,13,0
org.apache.pdfbox.pdmodel.font.PDTrueTypeFont.getGIDToCode(),17,4,2,6,1
org.apache.pdfbox.pdmodel.font.PDTrueTypeFont.isEmbedded(),4,1,2,1,0
org.apache.pdfbox.pdmodel.font.PDTrueTypeFont.getPath(int),13,2,2,6,0
org.apache.pdfbox.pdmodel.font.PDTrueTypeFont.getPath(String),32,6,2,8,0
org.apache.pdfbox.pdmodel.font.PDTrueTypeFont.hasGlyph(String),5,1,2,2,0
org.apache.pdfbox.pdmodel.font.PDTrueTypeFont.getFontBoxFont(),4,1,1,1,0
org.apache.pdfbox.pdmodel.font.PDTrueTypeFont.hasGlyph(int),4,1,1,2,0
org.apache.pdfbox.pdmodel.font.PDTrueTypeFont.codeToGID(int),64,14,18,11,0
org.apache.pdfbox.pdmodel.font.PDTrueTypeFont.extractCmapTable(),32,8,8,8,1
org.apache.fontbox.ttf.CmapSubtable.initData(TTFDataStream),6,1,2,5,0
"org.apache.fontbox.ttf.CmapSubtable.initSubtable(CmapTable, int, TTFDataStream)",50,11,5,14,0
"org.apache.fontbox.ttf.CmapSubtable.processSubtype8(TTFDataStream, int)",51,9,7,8,2
"org.apache.fontbox.ttf.CmapSubtable.processSubtype10(TTFDataStream, int)",14,3,3,2,0
"org.apache.fontbox.ttf.CmapSubtable.processSubtype12(TTFDataStream, int)",38,7,5,8,2
"org.apache.fontbox.ttf.CmapSubtable.processSubtype13(TTFDataStream, int)",38,8,6,7,2
"org.apache.fontbox.ttf.CmapSubtable.processSubtype14(TTFDataStream, int)",4,1,2,1,0
"org.apache.fontbox.ttf.CmapSubtable.processSubtype6(TTFDataStream, int)",22,4,4,12,2
"org.apache.fontbox.ttf.CmapSubtable.processSubtype4(TTFDataStream, int)",63,9,5,17,3
"org.apache.fontbox.ttf.CmapSubtable.processSubtype2(TTFDataStream, int)",48,7,5,16,4
org.apache.fontbox.ttf.CmapSubtable.processSubtype0(TTFDataStream),12,2,4,6,1
org.apache.fontbox.ttf.CmapSubtable.newGlyphIdToCharacterCode(int),6,1,7,2,0
org.apache.fontbox.ttf.CmapSubtable.getPlatformEncodingId(),4,1,5,1,0
org.apache.fontbox.ttf.CmapSubtable.setPlatformEncodingId(int),4,1,1,1,0
org.apache.fontbox.ttf.CmapSubtable.getPlatformId(),4,1,5,1,0
org.apache.fontbox.ttf.CmapSubtable.setPlatformId(int),4,1,1,1,0
org.apache.fontbox.ttf.CmapSubtable.getGlyphId(int),5,2,9,2,0
org.apache.fontbox.ttf.CmapSubtable.getCharacterCode(int),13,3,4,1,0
org.apache.fontbox.ttf.CmapSubtable.toString(),4,1,0,3,0
org.apache.fontbox.ttf.CmapTable.CmapTable(TrueTypeFont),4,1,2,2,0
"org.apache.fontbox.ttf.CmapTable.read(TrueTypeFont, TTFDataStream)",17,3,3,6,2
org.apache.fontbox.ttf.CmapTable.getCmaps(),4,1,5,1,0
org.apache.fontbox.ttf.CmapTable.setCmaps(CmapSubtable[]),4,1,1,1,0
"org.apache.fontbox.ttf.CmapTable.getSubtable(int, int)",12,3,4,3,1
org.apache.fontbox.ttf.TTFParser.TTFParser(),4,1,10,2,0
org.apache.fontbox.ttf.TTFParser.TTFParser(boolean),4,1,4,2,0
"org.apache.fontbox.ttf.TTFParser.TTFParser(boolean, boolean)",5,1,7,3,0
org.apache.fontbox.ttf.TTFParser.parse(String),4,1,2,3,0
org.apache.fontbox.ttf.TTFParser.parse(File),13,2,10,4,0
org.apache.fontbox.ttf.TTFParser.parse(InputStream),4,1,8,3,0
org.apache.fontbox.ttf.TTFParser.parseEmbedded(InputStream),5,1,2,4,0
org.apache.fontbox.ttf.TTFParser.parse(TTFDataStream),22,4,7,8,1
org.apache.fontbox.ttf.TTFParser.newFont(TTFDataStream),4,1,2,2,0
"org.apache.fontbox.ttf.TTFParser.parseTables(TrueTypeFont, TTFDataStream)",51,12,3,13,1
"org.apache.fontbox.ttf.TTFParser.readTableDirectory(TrueTypeFont, TTFDataStream)",78,17,18,25,0
"org.apache.fontbox.ttf.TTFParser.readTable(TrueTypeFont, String)",4,1,3,2,0
org.apache.fontbox.util.BoundingBox.BoundingBox(),3,1,5,1,0
"org.apache.fontbox.util.BoundingBox.BoundingBox(float, float, float, float)",7,1,12,5,0
org.apache.fontbox.util.BoundingBox.BoundingBox(List<Number>),7,1,3,7,0
org.apache.fontbox.util.BoundingBox.getLowerLeftX(),4,1,4,1,0
org.apache.fontbox.util.BoundingBox.setLowerLeftX(float),4,1,5,1,0
org.apache.fontbox.util.BoundingBox.getLowerLeftY(),4,1,7,1,0
org.apache.fontbox.util.BoundingBox.setLowerLeftY(float),4,1,6,1,0
org.apache.fontbox.util.BoundingBox.getUpperRightX(),4,1,4,1,0
org.apache.fontbox.util.BoundingBox.setUpperRightX(float),4,1,5,1,0
org.apache.fontbox.util.BoundingBox.getUpperRightY(),4,1,5,1,0
org.apache.fontbox.util.BoundingBox.setUpperRightY(float),4,1,5,1,0
org.apache.fontbox.util.BoundingBox.getWidth(),4,1,0,3,0
org.apache.fontbox.util.BoundingBox.getHeight(),4,1,9,3,0
"org.apache.fontbox.util.BoundingBox.contains(float, float)",5,1,6,1,0
org.apache.fontbox.util.BoundingBox.toString(),5,1,0,5,0
"org.apache.pdfbox.pdmodel.font.encoding.BuiltInEncoding.BuiltInEncoding(Map<Integer, String>)",7,2,2,5,1
org.apache.pdfbox.pdmodel.font.encoding.BuiltInEncoding.getCOSObject(),4,1,0,2,0
org.apache.pdfbox.pdmodel.font.encoding.BuiltInEncoding.getEncodingName(),4,1,0,1,0
org.apache.pdfbox.pdmodel.font.encoding.Encoding.getInstance(COSName),19,4,11,2,0
org.apache.pdfbox.pdmodel.font.encoding.Encoding.getCodeToNameMap(),4,1,2,2,0
org.apache.pdfbox.pdmodel.font.encoding.Encoding.getNameToCodeMap(),4,1,4,2,0
"org.apache.pdfbox.pdmodel.font.encoding.Encoding.add(int, String)",5,1,12,1,0
org.apache.pdfbox.pdmodel.font.encoding.Encoding.contains(String),9,2,7,7,0
org.apache.pdfbox.pdmodel.font.encoding.Encoding.contains(int),4,1,3,2,0
org.apache.pdfbox.pdmodel.font.encoding.Encoding.getName(int),9,2,15,2,0
org.apache.pdfbox.pdmodel.font.encoding.Encoding.getEncodingName(),1,1,4,1,0
"org.apache.pdfbox.pdmodel.font.encoding.GlyphList.load(String, int)",13,2,3,5,0
org.apache.pdfbox.pdmodel.font.encoding.GlyphList.getAdobeGlyphList(),4,1,11,1,0
org.apache.pdfbox.pdmodel.font.encoding.GlyphList.getZapfDingbats(),4,1,3,1,0
"org.apache.pdfbox.pdmodel.font.encoding.GlyphList.GlyphList(InputStream, int)",6,1,3,5,0
"org.apache.pdfbox.pdmodel.font.encoding.GlyphList.GlyphList(GlyphList, InputStream)",6,1,5,5,0
org.apache.pdfbox.pdmodel.font.encoding.GlyphList.loadList(InputStream),42,7,7,14,2
org.apache.pdfbox.pdmodel.font.encoding.GlyphList.codePointToName(int),9,2,6,3,0
org.apache.pdfbox.pdmodel.font.encoding.GlyphList.sequenceToName(String),9,2,2,2,0
org.apache.pdfbox.pdmodel.font.encoding.GlyphList.toUnicode(String),66,12,9,14,1
org.apache.pdfbox.pdmodel.font.encoding.MacOSRomanEncoding.MacOSRomanEncoding(),8,2,3,4,1
org.apache.pdfbox.pdmodel.font.encoding.MacOSRomanEncoding.getCOSObject(),4,1,0,1,0
org.apache.pdfbox.pdmodel.font.encoding.StandardEncoding.StandardEncoding(),7,2,3,3,1
org.apache.pdfbox.pdmodel.font.encoding.StandardEncoding.getCOSObject(),4,1,1,1,0
org.apache.pdfbox.pdmodel.font.encoding.StandardEncoding.getEncodingName(),4,1,0,1,0
org.apache.pdfbox.pdmodel.font.encoding.Type1Encoding.fromFontBox(org.apache.fontbox.encoding.Encoding),10,2,4,7,1
org.apache.pdfbox.pdmodel.font.encoding.Type1Encoding.Type1Encoding(),3,1,1,1,0
org.apache.pdfbox.pdmodel.font.encoding.Type1Encoding.Type1Encoding(FontMetrics),7,2,4,5,1
org.apache.pdfbox.pdmodel.font.encoding.Type1Encoding.getCOSObject(),4,1,0,1,0
org.apache.pdfbox.pdmodel.font.encoding.Type1Encoding.getEncodingName(),4,1,0,1,0
org.apache.pdfbox.pdmodel.font.encoding.WinAnsiEncoding.WinAnsiEncoding(),14,4,5,4,2
org.apache.pdfbox.pdmodel.font.encoding.WinAnsiEncoding.getCOSObject(),4,1,1,1,0
org.apache.pdfbox.pdmodel.font.encoding.WinAnsiEncoding.getEncodingName(),4,1,0,1,0
org.apache.pdfbox.pdmodel.font.PDSimpleFont.PDSimpleFont(),4,1,0,2,0
org.apache.pdfbox.pdmodel.font.PDSimpleFont.PDSimpleFont(String),13,2,3,7,0
org.apache.pdfbox.pdmodel.font.PDSimpleFont.PDSimpleFont(COSDictionary),4,1,5,2,0
org.apache.pdfbox.pdmodel.font.PDSimpleFont.readEncoding(),46,8,8,15,0
org.apache.pdfbox.pdmodel.font.PDSimpleFont.readEncodingFromFont(),1,1,1,1,0
org.apache.pdfbox.pdmodel.font.PDSimpleFont.getEncoding(),4,1,13,1,0
org.apache.pdfbox.pdmodel.font.PDSimpleFont.getGlyphList(),4,1,7,1,0
org.apache.pdfbox.pdmodel.font.PDSimpleFont.isSymbolic(),16,3,3,3,0
org.apache.pdfbox.pdmodel.font.PDSimpleFont.isFontSymbolic(),50,10,5,10,1
org.apache.pdfbox.pdmodel.font.PDSimpleFont.getSymbolicFlag(),8,2,3,3,0
org.apache.pdfbox.pdmodel.font.PDSimpleFont.toUnicode(int),4,1,2,3,0
"org.apache.pdfbox.pdmodel.font.PDSimpleFont.toUnicode(int, GlyphList)",42,7,7,10,0
org.apache.pdfbox.pdmodel.font.PDSimpleFont.isVertical(),4,1,0,1,0
org.apache.pdfbox.pdmodel.font.PDSimpleFont.getStandard14Width(int),13,3,1,7,0
org.apache.pdfbox.pdmodel.font.PDSimpleFont.isStandard14(),19,5,3,11,1
org.apache.pdfbox.pdmodel.font.PDSimpleFont.getPath(String),1,1,1,1,0
org.apache.pdfbox.pdmodel.font.PDSimpleFont.hasGlyph(String),1,1,1,1,0
org.apache.pdfbox.pdmodel.font.PDSimpleFont.getFontBoxFont(),1,1,1,1,0
org.apache.pdfbox.pdmodel.font.PDSimpleFont.addToSubset(int),4,1,0,1,0
org.apache.pdfbox.pdmodel.font.PDSimpleFont.subset(),4,1,0,1,0
org.apache.pdfbox.pdmodel.font.PDSimpleFont.willBeSubset(),4,1,0,1,0
org.apache.pdfbox.pdmodel.font.PDFontDescriptor.PDFontDescriptor(),5,1,6,4,0
org.apache.pdfbox.pdmodel.font.PDFontDescriptor.PDFontDescriptor(COSDictionary),4,1,4,2,0
org.apache.pdfbox.pdmodel.font.PDFontDescriptor.isFixedPitch(),4,1,3,2,0
org.apache.pdfbox.pdmodel.font.PDFontDescriptor.setFixedPitch(boolean),4,1,3,1,0
org.apache.pdfbox.pdmodel.font.PDFontDescriptor.isSerif(),4,1,3,2,0
org.apache.pdfbox.pdmodel.font.PDFontDescriptor.setSerif(boolean),4,1,3,1,0
org.apache.pdfbox.pdmodel.font.PDFontDescriptor.isSymbolic(),4,1,4,2,0
org.apache.pdfbox.pdmodel.font.PDFontDescriptor.setSymbolic(boolean),4,1,6,1,0
org.apache.pdfbox.pdmodel.font.PDFontDescriptor.isScript(),4,1,2,2,0
org.apache.pdfbox.pdmodel.font.PDFontDescriptor.setScript(boolean),4,1,3,1,0
org.apache.pdfbox.pdmodel.font.PDFontDescriptor.isNonSymbolic(),4,1,3,2,0
org.apache.pdfbox.pdmodel.font.PDFontDescriptor.setNonSymbolic(boolean),4,1,6,1,0
org.apache.pdfbox.pdmodel.font.PDFontDescriptor.isItalic(),4,1,4,2,0
org.apache.pdfbox.pdmodel.font.PDFontDescriptor.setItalic(boolean),4,1,3,1,0
org.apache.pdfbox.pdmodel.font.PDFontDescriptor.isAllCap(),4,1,2,2,0
org.apache.pdfbox.pdmodel.font.PDFontDescriptor.setAllCap(boolean),4,1,2,1,0
org.apache.pdfbox.pdmodel.font.PDFontDescriptor.isSmallCap(),4,1,2,2,0
org.apache.pdfbox.pdmodel.font.PDFontDescriptor.setSmallCap(boolean),4,1,2,1,0
org.apache.pdfbox.pdmodel.font.PDFontDescriptor.isForceBold(),4,1,3,2,0
org.apache.pdfbox.pdmodel.font.PDFontDescriptor.setForceBold(boolean),4,1,2,1,0
org.apache.pdfbox.pdmodel.font.PDFontDescriptor.isFlagBitOn(int),4,1,10,2,0
"org.apache.pdfbox.pdmodel.font.PDFontDescriptor.setFlagBit(int, boolean)",13,2,11,2,0
org.apache.pdfbox.pdmodel.font.PDFontDescriptor.getCOSObject(),4,1,5,1,0
org.apache.pdfbox.pdmodel.font.PDFontDescriptor.getFontName(),10,2,20,3,0
org.apache.pdfbox.pdmodel.font.PDFontDescriptor.setFontName(String),9,2,7,2,0
org.apache.pdfbox.pdmodel.font.PDFontDescriptor.getFontFamily(),10,2,2,3,0
org.apache.pdfbox.pdmodel.font.PDFontDescriptor.setFontFamily(String),9,2,5,2,0
org.apache.pdfbox.pdmodel.font.PDFontDescriptor.getFontWeight(),4,1,3,2,0
org.apache.pdfbox.pdmodel.font.PDFontDescriptor.setFontWeight(float),4,1,4,1,0
org.apache.pdfbox.pdmodel.font.PDFontDescriptor.getFontStretch(),10,2,2,3,0
org.apache.pdfbox.pdmodel.font.PDFontDescriptor.setFontStretch(String),9,2,3,2,0
org.apache.pdfbox.pdmodel.font.PDFontDescriptor.getFlags(),8,2,5,3,0
org.apache.pdfbox.pdmodel.font.PDFontDescriptor.setFlags(int),5,1,4,2,0
org.apache.pdfbox.pdmodel.font.PDFontDescriptor.getFontBoundingBox(),10,2,9,3,0
org.apache.pdfbox.pdmodel.font.PDFontDescriptor.setFontBoundingBox(PDRectangle),9,2,6,2,0
org.apache.pdfbox.pdmodel.font.PDFontDescriptor.getItalicAngle(),4,1,2,2,0
org.apache.pdfbox.pdmodel.font.PDFontDescriptor.setItalicAngle(float),4,1,6,1,0
org.apache.pdfbox.pdmodel.font.PDFontDescriptor.getAscent(),4,1,5,2,0
org.apache.pdfbox.pdmodel.font.PDFontDescriptor.setAscent(float),4,1,6,1,0
org.apache.pdfbox.pdmodel.font.PDFontDescriptor.getDescent(),4,1,5,2,0
org.apache.pdfbox.pdmodel.font.PDFontDescriptor.setDescent(float),4,1,6,1,0
org.apache.pdfbox.pdmodel.font.PDFontDescriptor.getLeading(),4,1,2,2,0
org.apache.pdfbox.pdmodel.font.PDFontDescriptor.setLeading(float),4,1,3,1,0
org.apache.pdfbox.pdmodel.font.PDFontDescriptor.getCapHeight(),8,2,8,4,0
org.apache.pdfbox.pdmodel.font.PDFontDescriptor.setCapHeight(float),5,1,6,2,0
org.apache.pdfbox.pdmodel.font.PDFontDescriptor.getXHeight(),8,2,5,4,0
org.apache.pdfbox.pdmodel.font.PDFontDescriptor.setXHeight(float),5,1,5,2,0
org.apache.pdfbox.pdmodel.font.PDFontDescriptor.getStemV(),4,1,2,2,0
org.apache.pdfbox.pdmodel.font.PDFontDescriptor.setStemV(float),4,1,6,1,0
org.apache.pdfbox.pdmodel.font.PDFontDescriptor.getStemH(),4,1,2,2,0
org.apache.pdfbox.pdmodel.font.PDFontDescriptor.setStemH(float),4,1,3,1,0
org.apache.pdfbox.pdmodel.font.PDFontDescriptor.getAverageWidth(),4,1,2,2,0
org.apache.pdfbox.pdmodel.font.PDFontDescriptor.setAverageWidth(float),4,1,4,1,0
org.apache.pdfbox.pdmodel.font.PDFontDescriptor.getMaxWidth(),4,1,2,2,0
org.apache.pdfbox.pdmodel.font.PDFontDescriptor.setMaxWidth(float),4,1,3,1,0
org.apache.pdfbox.pdmodel.font.PDFontDescriptor.hasWidths(),4,1,3,2,0
org.apache.pdfbox.pdmodel.font.PDFontDescriptor.hasMissingWidth(),4,1,3,2,0
org.apache.pdfbox.pdmodel.font.PDFontDescriptor.getMissingWidth(),4,1,4,2,0
org.apache.pdfbox.pdmodel.font.PDFontDescriptor.setMissingWidth(float),4,1,3,1,0
org.apache.pdfbox.pdmodel.font.PDFontDescriptor.getCharSet(),10,2,3,3,0
org.apache.pdfbox.pdmodel.font.PDFontDescriptor.setCharacterSet(String),9,2,4,2,0
org.apache.pdfbox.pdmodel.font.PDFontDescriptor.getFontFile(),10,2,7,3,0
org.apache.pdfbox.pdmodel.font.PDFontDescriptor.setFontFile(PDStream),4,1,4,1,0
org.apache.pdfbox.pdmodel.font.PDFontDescriptor.getFontFile2(),10,2,9,3,0
org.apache.pdfbox.pdmodel.font.PDFontDescriptor.setFontFile2(PDStream),4,1,4,1,0
org.apache.pdfbox.pdmodel.font.PDFontDescriptor.getFontFile3(),10,2,12,3,0
org.apache.pdfbox.pdmodel.font.PDFontDescriptor.setFontFile3(PDStream),4,1,3,1,0
org.apache.pdfbox.pdmodel.font.PDFontDescriptor.getCIDSet(),9,2,2,3,0
org.apache.pdfbox.pdmodel.font.PDFontDescriptor.setCIDSet(PDStream),4,1,4,1,0
org.apache.pdfbox.pdmodel.font.PDFontDescriptor.getPanose(),11,2,4,4,0
"org.apache.pdfbox.pdmodel.font.PDTrueTypeFontEmbedder.PDTrueTypeFontEmbedder(PDDocument, COSDictionary, InputStream, Encoding)",13,1,10,10,0
"org.apache.pdfbox.pdmodel.font.PDTrueTypeFontEmbedder.setWidths(COSDictionary, GlyphList)",29,4,8,22,2
org.apache.pdfbox.pdmodel.font.PDTrueTypeFontEmbedder.getFontEncoding(),4,1,2,1,0
"org.apache.pdfbox.pdmodel.font.PDTrueTypeFontEmbedder.buildSubset(InputStream, String, Map<Integer, Integer>)",5,1,0,1,0
org.apache.pdfbox.pdmodel.font.FontMappers.FontMappers(),3,1,0,1,0
org.apache.pdfbox.pdmodel.font.FontMappers.instance(),8,2,8,2,0
org.apache.pdfbox.pdmodel.font.FontMappers.set(FontMapper),4,1,1,1,0
org.apache.pdfbox.pdmodel.font.Standard14Fonts.Standard14Fonts(),3,1,0,1,0
org.apache.pdfbox.pdmodel.font.Standard14Fonts.addAFM(String),4,1,1,1,0
"org.apache.pdfbox.pdmodel.font.Standard14Fonts.addAFM(String, String)",29,3,6,11,0
org.apache.pdfbox.pdmodel.font.Standard14Fonts.getAFM(String),4,1,4,2,0
org.apache.pdfbox.pdmodel.font.Standard14Fonts.containsName(String),4,1,3,2,0
org.apache.pdfbox.pdmodel.font.Standard14Fonts.getNames(),4,1,2,2,0
org.apache.pdfbox.pdmodel.font.Standard14Fonts.getMappedFontName(String),4,1,6,2,0
"org.apache.pdfbox.pdmodel.font.TrueTypeEmbedder.TrueTypeEmbedder(PDDocument, COSDictionary, InputStream, boolean)",9,1,7,8,0
"org.apache.pdfbox.pdmodel.font.TrueTypeEmbedder.TrueTypeEmbedder(PDDocument, COSDictionary, TrueTypeFont, boolean)",10,1,6,10,0
org.apache.pdfbox.pdmodel.font.TrueTypeEmbedder.buildFontFile2(InputStream),24,3,9,14,0
org.apache.pdfbox.pdmodel.font.TrueTypeEmbedder.isEmbeddingPermitted(TrueTypeFont),19,4,4,3,0
org.apache.pdfbox.pdmodel.font.TrueTypeEmbedder.isSubsettingPermitted(TrueTypeFont),13,3,3,3,0
org.apache.pdfbox.pdmodel.font.TrueTypeEmbedder.createFontDescriptor(TrueTypeFont),52,8,11,47,0
org.apache.pdfbox.pdmodel.font.TrueTypeEmbedder.getTrueTypeFont(),4,1,3,1,0
org.apache.pdfbox.pdmodel.font.TrueTypeEmbedder.getFontDescriptor(),4,1,2,1,0
org.apache.pdfbox.pdmodel.font.TrueTypeEmbedder.addToSubset(int),4,1,3,1,0
org.apache.pdfbox.pdmodel.font.TrueTypeEmbedder.subset(),31,3,4,17,0
org.apache.pdfbox.pdmodel.font.TrueTypeEmbedder.needsSubset(),4,1,2,1,0
"org.apache.pdfbox.pdmodel.font.TrueTypeEmbedder.buildSubset(InputStream, String, Map<Integer, Integer>)",2,1,1,0,0
"org.apache.pdfbox.pdmodel.font.TrueTypeEmbedder.getTag(Map<Integer, Integer>)",18,3,3,8,2
org.apache.pdfbox.pdmodel.font.UniUtil.UniUtil(),3,1,0,1,0
org.apache.pdfbox.pdmodel.font.UniUtil.getUniNameOfCodePoint(int),15,4,6,4,0
"org.apache.pdfbox.io.MemoryUsageSetting.MemoryUsageSetting(boolean, boolean, long, long)",30,8,8,5,0
org.apache.pdfbox.io.MemoryUsageSetting.setupMainMemoryOnly(),4,1,19,2,0
org.apache.pdfbox.io.MemoryUsageSetting.setupMainMemoryOnly(long),4,1,2,2,0
org.apache.pdfbox.io.MemoryUsageSetting.setupTempFileOnly(),4,1,6,2,0
org.apache.pdfbox.io.MemoryUsageSetting.setupTempFileOnly(long),4,1,2,2,0
org.apache.pdfbox.io.MemoryUsageSetting.setupMixed(long),4,1,1,2,0
"org.apache.pdfbox.io.MemoryUsageSetting.setupMixed(long, long)",4,1,3,2,0
org.apache.pdfbox.io.MemoryUsageSetting.getPartitionedCopy(int),11,3,7,3,0
org.apache.pdfbox.io.MemoryUsageSetting.setTempDir(File),5,1,2,2,0
org.apache.pdfbox.io.MemoryUsageSetting.useMainMemory(),4,1,2,1,0
org.apache.pdfbox.io.MemoryUsageSetting.useTempFile(),4,1,2,1,0
org.apache.pdfbox.io.MemoryUsageSetting.isMainMemoryRestricted(),4,1,3,1,0
org.apache.pdfbox.io.MemoryUsageSetting.isStorageRestricted(),4,1,3,1,0
org.apache.pdfbox.io.MemoryUsageSetting.getMaxMainMemoryBytes(),4,1,2,1,0
org.apache.pdfbox.io.MemoryUsageSetting.getMaxStorageBytes(),4,1,2,1,0
org.apache.pdfbox.io.MemoryUsageSetting.getTempDir(),4,1,2,1,0
org.apache.pdfbox.io.MemoryUsageSetting.toString(),11,6,4,3,0
org.apache.pdfbox.io.RandomAccessBufferedFileInputStream.RandomAccessBufferedFileInputStream(String),4,1,1,3,0
org.apache.pdfbox.io.RandomAccessBufferedFileInputStream.RandomAccessBufferedFileInputStream(File),6,1,7,6,0
org.apache.pdfbox.io.RandomAccessBufferedFileInputStream.RandomAccessBufferedFileInputStream(InputStream),7,1,6,8,0
org.apache.pdfbox.io.RandomAccessBufferedFileInputStream.createTmpFile(InputStream),16,1,3,5,0
org.apache.pdfbox.io.RandomAccessBufferedFileInputStream.deleteTempFile(),7,2,2,1,0
org.apache.pdfbox.io.RandomAccessBufferedFileInputStream.getPosition(),4,1,2,1,0
org.apache.pdfbox.io.RandomAccessBufferedFileInputStream.seek(long),18,3,11,8,0
org.apache.pdfbox.io.RandomAccessBufferedFileInputStream.readPage(),24,4,4,3,1
org.apache.pdfbox.io.RandomAccessBufferedFileInputStream.read(),13,3,6,4,0
org.apache.pdfbox.io.RandomAccessBufferedFileInputStream.read(byte[]),4,1,3,2,0
"org.apache.pdfbox.io.RandomAccessBufferedFileInputStream.read(byte[], int, int)",20,4,10,6,0
org.apache.pdfbox.io.RandomAccessBufferedFileInputStream.available(),4,1,3,2,0
org.apache.pdfbox.io.RandomAccessBufferedFileInputStream.skip(long),18,3,5,4,0
org.apache.pdfbox.io.RandomAccessBufferedFileInputStream.length(),4,1,1,1,0
org.apache.pdfbox.io.RandomAccessBufferedFileInputStream.close(),7,1,2,4,0
org.apache.pdfbox.io.RandomAccessBufferedFileInputStream.isClosed(),4,1,1,1,0
org.apache.pdfbox.io.RandomAccessBufferedFileInputStream.peek(),9,2,1,3,0
org.apache.pdfbox.io.RandomAccessBufferedFileInputStream.rewind(int),4,1,2,2,0
org.apache.pdfbox.io.RandomAccessBufferedFileInputStream.readFully(int),10,2,1,3,1
org.apache.pdfbox.io.RandomAccessBufferedFileInputStream.isEOF(),5,1,0,2,0
org.apache.pdfbox.io.ScratchFile.ScratchFile(File),4,1,2,4,0
org.apache.pdfbox.io.ScratchFile.ScratchFile(MemoryUsageSetting),20,8,18,18,0
org.apache.pdfbox.io.ScratchFile.getMainMemoryOnlyInstance(),12,2,8,5,0
org.apache.pdfbox.io.ScratchFile.getNewPage(),22,4,3,6,0
org.apache.pdfbox.io.ScratchFile.enlarge(),54,10,18,14,0
org.apache.pdfbox.io.ScratchFile.getPageSize(),4,1,2,1,0
org.apache.pdfbox.io.ScratchFile.readPage(int),30,5,10,5,0
"org.apache.pdfbox.io.ScratchFile.writePage(int, byte[])",36,5,11,5,0
org.apache.pdfbox.io.ScratchFile.checkClosed(),7,2,6,1,0
org.apache.pdfbox.io.ScratchFile.createBuffer(),4,1,4,2,0
org.apache.pdfbox.io.ScratchFile.createBuffer(InputStream),12,2,2,5,1
"org.apache.pdfbox.io.ScratchFile.markPagesAsFree(int[], int, int)",17,4,8,3,1
org.apache.pdfbox.io.ScratchFile.close(),42,8,7,8,0
org.apache.pdfbox.pdfparser.PDFParser.PDFParser(RandomAccessRead),4,1,5,3,0
"org.apache.pdfbox.pdfparser.PDFParser.PDFParser(RandomAccessRead, ScratchFile)",4,1,3,2,0
"org.apache.pdfbox.pdfparser.PDFParser.PDFParser(RandomAccessRead, String)",4,1,2,3,0
"org.apache.pdfbox.pdfparser.PDFParser.PDFParser(RandomAccessRead, String, ScratchFile)",5,1,6,2,0
"org.apache.pdfbox.pdfparser.PDFParser.PDFParser(RandomAccessRead, String, InputStream, String)",5,1,4,3,0
"org.apache.pdfbox.pdfparser.PDFParser.PDFParser(RandomAccessRead, String, InputStream, String, ScratchFile)",10,1,10,8,0
org.apache.pdfbox.pdfparser.PDFParser.init(ScratchFile),17,3,4,6,0
org.apache.pdfbox.pdfparser.PDFParser.getPDDocument(),6,1,6,4,0
org.apache.pdfbox.pdfparser.PDFParser.initialParse(),36,7,6,15,0
org.apache.pdfbox.pdfparser.PDFParser.parse(),25,4,10,6,0
org.apache.pdfbox.pdfparser.PDFParser.prepareDecryption(),40,6,10,20,0
org.apache.pdfbox.pdfparser.PDFParser.parseDictionaryRecursive(COSObject),16,4,2,3,1
org.apache.pdfbox.pdmodel.common.COSArrayList.COSArrayList(),5,1,2,5,0
"org.apache.pdfbox.pdmodel.common.COSArrayList.COSArrayList(List<E>, COSArray)",5,1,27,3,0
"org.apache.pdfbox.pdmodel.common.COSArrayList.COSArrayList(E, COSBase, COSDictionary, COSName)",9,1,12,9,0
org.apache.pdfbox.pdmodel.common.COSArrayList.size(),4,1,1,2,0
org.apache.pdfbox.pdmodel.common.COSArrayList.isEmpty(),4,1,1,2,0
org.apache.pdfbox.pdmodel.common.COSArrayList.contains(Object),4,1,2,2,0
org.apache.pdfbox.pdmodel.common.COSArrayList.iterator(),4,1,1,2,0
org.apache.pdfbox.pdmodel.common.COSArrayList.toArray(),4,1,1,2,0
org.apache.pdfbox.pdmodel.common.COSArrayList.toArray(X[]),4,1,2,2,0
org.apache.pdfbox.pdmodel.common.COSArrayList.add(E),20,4,5,7,0
org.apache.pdfbox.pdmodel.common.COSArrayList.remove(Object),15,2,3,4,0
org.apache.pdfbox.pdmodel.common.COSArrayList.containsAll(Collection<?>),4,1,2,2,0
org.apache.pdfbox.pdmodel.common.COSArrayList.addAll(Collection<? extends E>),10,2,5,7,0
"org.apache.pdfbox.pdmodel.common.COSArrayList.addAll(int, Collection<? extends E>)",10,2,6,7,0
org.apache.pdfbox.pdmodel.common.COSArrayList.convertIntegerCOSArrayToList(COSArray),23,4,2,8,1
org.apache.pdfbox.pdmodel.common.COSArrayList.convertFloatCOSArrayToList(COSArray),14,3,3,7,1
org.apache.pdfbox.pdmodel.common.COSArrayList.convertCOSNameCOSArrayToList(COSArray),14,3,4,7,1
org.apache.pdfbox.pdmodel.common.COSArrayList.convertCOSStringCOSArrayToList(COSArray),14,3,5,7,1
org.apache.pdfbox.pdmodel.common.COSArrayList.convertStringListToCOSNameCOSArray(List<String>),9,2,4,4,1
org.apache.pdfbox.pdmodel.common.COSArrayList.convertStringListToCOSStringCOSArray(List<String>),9,2,5,4,1
org.apache.pdfbox.pdmodel.common.COSArrayList.converterToCOSArray(List<?>),47,9,33,15,1
org.apache.pdfbox.pdmodel.common.COSArrayList.toCOSObjectList(Collection<?>),19,3,5,8,1
org.apache.pdfbox.pdmodel.common.COSArrayList.removeAll(Collection<?>),5,1,3,4,0
org.apache.pdfbox.pdmodel.common.COSArrayList.retainAll(Collection<?>),5,1,3,4,0
org.apache.pdfbox.pdmodel.common.COSArrayList.clear(),9,2,4,3,0
org.apache.pdfbox.pdmodel.common.COSArrayList.equals(Object),4,1,2,2,0
org.apache.pdfbox.pdmodel.common.COSArrayList.hashCode(),4,1,1,2,0
org.apache.pdfbox.pdmodel.common.COSArrayList.get(int),4,1,2,2,0
"org.apache.pdfbox.pdmodel.common.COSArrayList.set(int, E)",21,4,6,6,0
"org.apache.pdfbox.pdmodel.common.COSArrayList.add(int, E)",17,3,6,6,0
org.apache.pdfbox.pdmodel.common.COSArrayList.remove(int),5,1,3,3,0
org.apache.pdfbox.pdmodel.common.COSArrayList.indexOf(Object),4,1,2,2,0
org.apache.pdfbox.pdmodel.common.COSArrayList.lastIndexOf(Object),4,1,2,2,0
org.apache.pdfbox.pdmodel.common.COSArrayList.listIterator(),4,1,1,2,0
org.apache.pdfbox.pdmodel.common.COSArrayList.listIterator(int),4,1,2,2,0
"org.apache.pdfbox.pdmodel.common.COSArrayList.subList(int, int)",4,1,3,2,0
org.apache.pdfbox.pdmodel.common.COSArrayList.toString(),4,1,1,2,0
org.apache.pdfbox.pdmodel.common.COSArrayList.toList(),4,1,2,1,0
org.apache.pdfbox.pdmodel.encryption.AccessPermission.AccessPermission(),4,1,7,2,0
org.apache.pdfbox.pdmodel.encryption.AccessPermission.AccessPermission(byte[]),11,1,2,2,0
org.apache.pdfbox.pdmodel.encryption.AccessPermission.AccessPermission(int),4,1,3,2,0
org.apache.pdfbox.pdmodel.encryption.AccessPermission.isPermissionBitOn(int),4,1,10,1,0
"org.apache.pdfbox.pdmodel.encryption.AccessPermission.setPermissionBit(int, boolean)",14,2,12,2,0
org.apache.pdfbox.pdmodel.encryption.AccessPermission.isOwnerPermission(),12,1,3,9,0
org.apache.pdfbox.pdmodel.encryption.AccessPermission.getOwnerAccessPermission(),13,1,2,10,0
org.apache.pdfbox.pdmodel.encryption.AccessPermission.getPermissionBytesForPublicKey(),11,2,2,2,1
org.apache.pdfbox.pdmodel.encryption.AccessPermission.getPermissionBytes(),4,1,3,1,0
org.apache.pdfbox.pdmodel.encryption.AccessPermission.canPrint(),4,1,6,2,0
org.apache.pdfbox.pdmodel.encryption.AccessPermission.setCanPrint(boolean),7,2,8,1,0
org.apache.pdfbox.pdmodel.encryption.AccessPermission.canModify(),4,1,6,2,0
org.apache.pdfbox.pdmodel.encryption.AccessPermission.setCanModify(boolean),7,2,8,1,0
org.apache.pdfbox.pdmodel.encryption.AccessPermission.canExtractContent(),4,1,8,2,0
org.apache.pdfbox.pdmodel.encryption.AccessPermission.setCanExtractContent(boolean),7,2,8,1,0
org.apache.pdfbox.pdmodel.encryption.AccessPermission.canModifyAnnotations(),4,1,6,2,0
org.apache.pdfbox.pdmodel.encryption.AccessPermission.setCanModifyAnnotations(boolean),7,2,7,1,0
org.apache.pdfbox.pdmodel.encryption.AccessPermission.canFillInForm(),4,1,7,2,0
org.apache.pdfbox.pdmodel.encryption.AccessPermission.setCanFillInForm(boolean),7,2,7,1,0
org.apache.pdfbox.pdmodel.encryption.AccessPermission.canExtractForAccessibility(),4,1,7,2,0
org.apache.pdfbox.pdmodel.encryption.AccessPermission.setCanExtractForAccessibility(boolean),7,2,8,1,0
org.apache.pdfbox.pdmodel.encryption.AccessPermission.canAssembleDocument(),4,1,7,2,0
org.apache.pdfbox.pdmodel.encryption.AccessPermission.setCanAssembleDocument(boolean),7,2,8,1,0
org.apache.pdfbox.pdmodel.encryption.AccessPermission.canPrintDegraded(),4,1,7,2,0
org.apache.pdfbox.pdmodel.encryption.AccessPermission.setCanPrintDegraded(boolean),7,2,8,1,0
org.apache.pdfbox.pdmodel.encryption.AccessPermission.setReadOnly(),4,1,2,1,0
org.apache.pdfbox.pdmodel.encryption.AccessPermission.isReadOnly(),4,1,2,1,0
org.apache.pdfbox.pdmodel.encryption.AccessPermission.hasAnyRevision3PermissionSet(),16,4,1,5,0
org.apache.pdfbox.pdmodel.font.PDFont.PDFont(),8,1,4,7,0
org.apache.pdfbox.pdmodel.font.PDFont.PDFont(String),12,2,6,10,0
org.apache.pdfbox.pdmodel.font.PDFont.PDFont(COSDictionary),31,5,9,13,0
org.apache.pdfbox.pdmodel.font.PDFont.getStandard14AFM(),4,1,7,1,0
org.apache.pdfbox.pdmodel.font.PDFont.getFontDescriptor(),4,1,21,1,0
org.apache.pdfbox.pdmodel.font.PDFont.setFontDescriptor(PDFontDescriptor),4,1,2,1,0
org.apache.pdfbox.pdmodel.font.PDFont.readCMap(COSBase),25,3,3,7,0
org.apache.pdfbox.pdmodel.font.PDFont.getCOSObject(),4,1,16,1,0
org.apache.pdfbox.pdmodel.font.PDFont.getPositionVector(int),4,1,1,2,0
org.apache.pdfbox.pdmodel.font.PDFont.getDisplacement(int),4,1,3,3,0
org.apache.pdfbox.pdmodel.font.PDFont.getWidth(int),24,5,12,12,0
org.apache.pdfbox.pdmodel.font.PDFont.getStandard14Width(int),1,1,1,1,0
org.apache.pdfbox.pdmodel.font.PDFont.getWidthFromFont(int),1,1,2,1,0
org.apache.pdfbox.pdmodel.font.PDFont.isEmbedded(),1,1,4,1,0
org.apache.pdfbox.pdmodel.font.PDFont.getHeight(int),1,1,0,1,0
org.apache.pdfbox.pdmodel.font.PDFont.encode(String),12,2,3,8,1
org.apache.pdfbox.pdmodel.font.PDFont.encode(int),1,1,1,1,0
org.apache.pdfbox.pdmodel.font.PDFont.getStringWidth(String),12,2,12,6,1
org.apache.pdfbox.pdmodel.font.PDFont.getAverageFontWidth(),36,6,6,6,1
org.apache.pdfbox.pdmodel.font.PDFont.readCode(InputStream),1,1,3,1,0
"org.apache.pdfbox.pdmodel.font.PDFont.toUnicode(int, GlyphList)",4,1,2,2,0
org.apache.pdfbox.pdmodel.font.PDFont.toUnicode(int),16,3,9,6,0
org.apache.pdfbox.pdmodel.font.PDFont.getType(),4,1,2,2,0
org.apache.pdfbox.pdmodel.font.PDFont.getSubType(),4,1,3,2,0
org.apache.pdfbox.pdmodel.font.PDFont.getName(),1,1,20,1,0
org.apache.pdfbox.pdmodel.font.PDFont.getBoundingBox(),1,1,7,1,0
org.apache.pdfbox.pdmodel.font.PDFont.getWidths(),16,3,5,5,0
org.apache.pdfbox.pdmodel.font.PDFont.getFontMatrix(),4,1,8,1,0
org.apache.pdfbox.pdmodel.font.PDFont.getSpaceWidth(),32,6,7,7,0
org.apache.pdfbox.pdmodel.font.PDFont.isVertical(),1,1,3,1,0
org.apache.pdfbox.pdmodel.font.PDFont.isStandard14(),8,2,4,4,0
org.apache.pdfbox.pdmodel.font.PDFont.addToSubset(int),1,1,1,0,0
org.apache.pdfbox.pdmodel.font.PDFont.subset(),1,1,1,0,0
org.apache.pdfbox.pdmodel.font.PDFont.willBeSubset(),1,1,2,1,0
org.apache.pdfbox.pdmodel.font.PDFont.isDamaged(),1,1,0,1,0
org.apache.pdfbox.pdmodel.font.PDFont.equals(Object),4,1,1,2,0
org.apache.pdfbox.pdmodel.font.PDFont.hashCode(),4,1,0,3,0
org.apache.pdfbox.pdmodel.font.PDFont.toString(),4,1,0,4,0
org.apache.pdfbox.pdmodel.interactive.annotation.PDAppearanceDictionary.PDAppearanceDictionary(),5,1,4,4,0
org.apache.pdfbox.pdmodel.interactive.annotation.PDAppearanceDictionary.PDAppearanceDictionary(COSDictionary),4,1,5,2,0
org.apache.pdfbox.pdmodel.interactive.annotation.PDAppearanceDictionary.getCOSObject(),4,1,4,1,0
org.apache.pdfbox.pdmodel.interactive.annotation.PDAppearanceDictionary.getNormalAppearance(),12,2,12,3,0
org.apache.pdfbox.pdmodel.interactive.annotation.PDAppearanceDictionary.setNormalAppearance(PDAppearanceEntry),4,1,3,1,0
org.apache.pdfbox.pdmodel.interactive.annotation.PDAppearanceDictionary.setNormalAppearance(PDAppearanceStream),4,1,6,1,0
org.apache.pdfbox.pdmodel.interactive.annotation.PDAppearanceDictionary.getRolloverAppearance(),12,2,2,4,0
org.apache.pdfbox.pdmodel.interactive.annotation.PDAppearanceDictionary.setRolloverAppearance(PDAppearanceEntry),4,1,3,1,0
org.apache.pdfbox.pdmodel.interactive.annotation.PDAppearanceDictionary.setRolloverAppearance(PDAppearanceStream),4,1,3,1,0
org.apache.pdfbox.pdmodel.interactive.annotation.PDAppearanceDictionary.getDownAppearance(),12,2,2,4,0
org.apache.pdfbox.pdmodel.interactive.annotation.PDAppearanceDictionary.setDownAppearance(PDAppearanceEntry),4,1,3,1,0
org.apache.pdfbox.pdmodel.interactive.annotation.PDAppearanceDictionary.setDownAppearance(PDAppearanceStream),4,1,3,1,0
org.apache.pdfbox.pdmodel.interactive.digitalsignature.PDSignature.PDSignature(),5,1,6,4,0
org.apache.pdfbox.pdmodel.interactive.digitalsignature.PDSignature.PDSignature(COSDictionary),4,1,5,2,0
org.apache.pdfbox.pdmodel.interactive.digitalsignature.PDSignature.getCOSObject(),4,1,2,1,0
org.apache.pdfbox.pdmodel.interactive.digitalsignature.PDSignature.setType(COSName),4,1,3,1,0
org.apache.pdfbox.pdmodel.interactive.digitalsignature.PDSignature.setFilter(COSName),4,1,5,1,0
org.apache.pdfbox.pdmodel.interactive.digitalsignature.PDSignature.setSubFilter(COSName),4,1,5,1,0
org.apache.pdfbox.pdmodel.interactive.digitalsignature.PDSignature.setName(String),4,1,6,1,0
org.apache.pdfbox.pdmodel.interactive.digitalsignature.PDSignature.setLocation(String),4,1,5,1,0
org.apache.pdfbox.pdmodel.interactive.digitalsignature.PDSignature.setReason(String),4,1,5,1,0
org.apache.pdfbox.pdmodel.interactive.digitalsignature.PDSignature.setContactInfo(String),4,1,3,1,0
org.apache.pdfbox.pdmodel.interactive.digitalsignature.PDSignature.setSignDate(Calendar),4,1,5,1,0
org.apache.pdfbox.pdmodel.interactive.digitalsignature.PDSignature.getFilter(),4,1,2,2,0
org.apache.pdfbox.pdmodel.interactive.digitalsignature.PDSignature.getSubFilter(),4,1,2,2,0
org.apache.pdfbox.pdmodel.interactive.digitalsignature.PDSignature.getName(),4,1,2,2,0
org.apache.pdfbox.pdmodel.interactive.digitalsignature.PDSignature.getLocation(),4,1,2,2,0
org.apache.pdfbox.pdmodel.interactive.digitalsignature.PDSignature.getReason(),4,1,2,2,0
org.apache.pdfbox.pdmodel.interactive.digitalsignature.PDSignature.getContactInfo(),4,1,2,2,0
org.apache.pdfbox.pdmodel.interactive.digitalsignature.PDSignature.getSignDate(),4,1,2,2,0
org.apache.pdfbox.pdmodel.interactive.digitalsignature.PDSignature.setByteRange(int[]),13,3,6,4,1
org.apache.pdfbox.pdmodel.interactive.digitalsignature.PDSignature.getByteRange(),10,2,7,4,1
org.apache.pdfbox.pdmodel.interactive.digitalsignature.PDSignature.getContents(InputStream),7,1,1,4,0
org.apache.pdfbox.pdmodel.interactive.digitalsignature.PDSignature.getContents(byte[]),7,1,1,4,0
org.apache.pdfbox.pdmodel.interactive.digitalsignature.PDSignature.getContents(COSFilterInputStream),23,4,3,8,1
org.apache.pdfbox.pdmodel.interactive.digitalsignature.PDSignature.setContents(byte[]),6,1,5,3,0
org.apache.pdfbox.pdmodel.interactive.digitalsignature.PDSignature.getSignedContent(InputStream),16,2,1,5,0
org.apache.pdfbox.pdmodel.interactive.digitalsignature.PDSignature.getSignedContent(byte[]),16,2,1,5,0
org.apache.pdfbox.pdmodel.interactive.digitalsignature.PDSignature.getPropBuild(),10,2,2,3,0
org.apache.pdfbox.pdmodel.interactive.digitalsignature.PDSignature.setPropBuild(PDPropBuild),4,1,3,1,0
org.apache.pdfbox.pdmodel.interactive.digitalsignature.SignatureOptions.SignatureOptions(),4,1,2,2,0
org.apache.pdfbox.pdmodel.interactive.digitalsignature.SignatureOptions.setPage(int),4,1,2,1,0
org.apache.pdfbox.pdmodel.interactive.digitalsignature.SignatureOptions.getPage(),4,1,2,1,0
org.apache.pdfbox.pdmodel.interactive.digitalsignature.SignatureOptions.setVisualSignature(File),6,1,1,5,0
org.apache.pdfbox.pdmodel.interactive.digitalsignature.SignatureOptions.setVisualSignature(InputStream),6,1,2,5,0
org.apache.pdfbox.pdmodel.interactive.digitalsignature.SignatureOptions.setVisualSignature(PDVisibleSigProperties),4,1,2,2,0
org.apache.pdfbox.pdmodel.interactive.digitalsignature.SignatureOptions.getVisualSignature(),4,1,2,1,0
org.apache.pdfbox.pdmodel.interactive.digitalsignature.SignatureOptions.getPreferredSignatureSize(),4,1,2,1,0
org.apache.pdfbox.pdmodel.interactive.digitalsignature.SignatureOptions.setPreferredSignatureSize(int),7,2,1,1,0
org.apache.pdfbox.pdmodel.interactive.digitalsignature.SignatureOptions.close(),7,2,1,1,0
org.apache.pdfbox.pdmodel.interactive.form.PDAcroForm.PDAcroForm(PDDocument),6,1,17,6,0
"org.apache.pdfbox.pdmodel.interactive.form.PDAcroForm.PDAcroForm(PDDocument, COSDictionary)",5,1,3,3,0
org.apache.pdfbox.pdmodel.interactive.form.PDAcroForm.getDocument(),4,1,4,1,0
org.apache.pdfbox.pdmodel.interactive.form.PDAcroForm.getCOSObject(),4,1,10,1,0
org.apache.pdfbox.pdmodel.interactive.form.PDAcroForm.importFDF(FDFDocument),16,4,4,6,1
org.apache.pdfbox.pdmodel.interactive.form.PDAcroForm.exportFDF(),19,3,3,14,1
org.apache.pdfbox.pdmodel.interactive.form.PDAcroForm.flatten(),14,3,2,6,1
"org.apache.pdfbox.pdmodel.interactive.form.PDAcroForm.flatten(List<PDField>, boolean)",54,10,8,27,4
org.apache.pdfbox.pdmodel.interactive.form.PDAcroForm.refreshAppearances(),10,3,0,2,1
org.apache.pdfbox.pdmodel.interactive.form.PDAcroForm.refreshAppearances(List<PDField>),10,3,2,1,1
org.apache.pdfbox.pdmodel.interactive.form.PDAcroForm.getFields(),22,5,16,9,1
org.apache.pdfbox.pdmodel.interactive.form.PDAcroForm.setFields(List<PDField>),4,1,6,2,0
org.apache.pdfbox.pdmodel.interactive.form.PDAcroForm.getFieldIterator(),4,1,0,3,0
org.apache.pdfbox.pdmodel.interactive.form.PDAcroForm.getFieldTree(),4,1,5,2,0
org.apache.pdfbox.pdmodel.interactive.form.PDAcroForm.setCacheFields(boolean),15,3,4,5,1
org.apache.pdfbox.pdmodel.interactive.form.PDAcroForm.isCachingFields(),4,1,1,1,0
org.apache.pdfbox.pdmodel.interactive.form.PDAcroForm.getField(String),15,4,30,5,1
org.apache.pdfbox.pdmodel.interactive.form.PDAcroForm.getDefaultAppearance(),4,1,3,2,0
org.apache.pdfbox.pdmodel.interactive.form.PDAcroForm.setDefaultAppearance(String),4,1,6,1,0
org.apache.pdfbox.pdmodel.interactive.form.PDAcroForm.getNeedAppearances(),4,1,3,2,0
org.apache.pdfbox.pdmodel.interactive.form.PDAcroForm.setNeedAppearances(Boolean),4,1,5,1,0
org.apache.pdfbox.pdmodel.interactive.form.PDAcroForm.getDefaultResources(),10,2,4,4,0
org.apache.pdfbox.pdmodel.interactive.form.PDAcroForm.setDefaultResources(PDResources),4,1,4,1,0
org.apache.pdfbox.pdmodel.interactive.form.PDAcroForm.hasXFA(),4,1,3,2,0
org.apache.pdfbox.pdmodel.interactive.form.PDAcroForm.xfaIsDynamic(),4,1,3,4,0
org.apache.pdfbox.pdmodel.interactive.form.PDAcroForm.getXFA(),10,2,2,3,0
org.apache.pdfbox.pdmodel.interactive.form.PDAcroForm.setXFA(PDXFAResource),4,1,3,1,0
org.apache.pdfbox.pdmodel.interactive.form.PDAcroForm.getQ(),10,2,2,3,0
org.apache.pdfbox.pdmodel.interactive.form.PDAcroForm.setQ(int),4,1,3,1,0
org.apache.pdfbox.pdmodel.interactive.form.PDAcroForm.isSignaturesExist(),4,1,4,2,0
org.apache.pdfbox.pdmodel.interactive.form.PDAcroForm.setSignaturesExist(boolean),4,1,7,1,0
org.apache.pdfbox.pdmodel.interactive.form.PDAcroForm.isAppendOnly(),4,1,3,2,0
org.apache.pdfbox.pdmodel.interactive.form.PDAcroForm.setAppendOnly(boolean),4,1,6,1,0
org.apache.pdfbox.pdmodel.interactive.form.PDField.PDField(PDAcroForm),4,1,3,3,0
"org.apache.pdfbox.pdmodel.interactive.form.PDField.PDField(PDAcroForm, COSDictionary, PDNonTerminalField)",6,1,6,4,0
"org.apache.pdfbox.pdmodel.interactive.form.PDField.fromDictionary(PDAcroForm, COSDictionary, PDNonTerminalField)",4,1,6,2,0
org.apache.pdfbox.pdmodel.interactive.form.PDField.getInheritableAttribute(COSName),15,3,14,4,0
org.apache.pdfbox.pdmodel.interactive.form.PDField.getFieldType(),1,1,1,1,0
org.apache.pdfbox.pdmodel.interactive.form.PDField.getValueAsString(),1,1,4,1,0
org.apache.pdfbox.pdmodel.interactive.form.PDField.setValue(String),1,1,8,0,0
org.apache.pdfbox.pdmodel.interactive.form.PDField.getWidgets(),1,1,5,1,0
org.apache.pdfbox.pdmodel.interactive.form.PDField.setReadOnly(boolean),4,1,4,1,0
org.apache.pdfbox.pdmodel.interactive.form.PDField.isReadOnly(),4,1,3,2,0
org.apache.pdfbox.pdmodel.interactive.form.PDField.setRequired(boolean),4,1,4,1,0
org.apache.pdfbox.pdmodel.interactive.form.PDField.isRequired(),4,1,3,2,0
org.apache.pdfbox.pdmodel.interactive.form.PDField.setNoExport(boolean),4,1,4,1,0
org.apache.pdfbox.pdmodel.interactive.form.PDField.isNoExport(),4,1,3,2,0
org.apache.pdfbox.pdmodel.interactive.form.PDField.getFieldFlags(),1,1,1,1,0
org.apache.pdfbox.pdmodel.interactive.form.PDField.setFieldFlags(int),4,1,4,1,0
org.apache.pdfbox.pdmodel.interactive.form.PDField.getActions(),9,2,5,3,0
org.apache.pdfbox.pdmodel.interactive.form.PDField.importFDF(FDFField),32,5,6,7,0
org.apache.pdfbox.pdmodel.interactive.form.PDField.exportFDF(),1,1,2,1,0
org.apache.pdfbox.pdmodel.interactive.form.PDField.getParent(),4,1,3,1,0
"org.apache.pdfbox.pdmodel.interactive.form.PDField.findKid(String[], int)",22,5,7,7,1
org.apache.pdfbox.pdmodel.interactive.form.PDField.getAcroForm(),4,1,8,1,0
org.apache.pdfbox.pdmodel.interactive.form.PDField.getCOSObject(),4,1,102,1,0
org.apache.pdfbox.pdmodel.interactive.form.PDField.getPartialName(),4,1,10,2,0
org.apache.pdfbox.pdmodel.interactive.form.PDField.setPartialName(String),4,1,7,1,0
org.apache.pdfbox.pdmodel.interactive.form.PDField.getFullyQualifiedName(),17,4,6,2,0
org.apache.pdfbox.pdmodel.interactive.form.PDField.getAlternateFieldName(),4,1,2,2,0
org.apache.pdfbox.pdmodel.interactive.form.PDField.setAlternateFieldName(String),4,1,3,1,0
org.apache.pdfbox.pdmodel.interactive.form.PDField.getMappingName(),4,1,2,2,0
org.apache.pdfbox.pdmodel.interactive.form.PDField.setMappingName(String),4,1,3,1,0
org.apache.pdfbox.pdmodel.interactive.form.PDField.toString(),5,1,1,5,0
org.apache.pdfbox.pdmodel.interactive.form.PDSignatureField.PDSignatureField(PDAcroForm),8,1,7,10,0
"org.apache.pdfbox.pdmodel.interactive.form.PDSignatureField.PDSignatureField(PDAcroForm, COSDictionary, PDNonTerminalField)",4,1,4,2,0
org.apache.pdfbox.pdmodel.interactive.form.PDSignatureField.generatePartialName(),18,4,1,7,2
org.apache.pdfbox.pdmodel.interactive.form.PDSignatureField.setSignature(PDSignature),4,1,1,1,0
org.apache.pdfbox.pdmodel.interactive.form.PDSignatureField.getSignature(),4,1,2,2,0
org.apache.pdfbox.pdmodel.interactive.form.PDSignatureField.setValue(PDSignature),5,1,5,3,0
org.apache.pdfbox.pdmodel.interactive.form.PDSignatureField.setValue(String),5,1,0,1,0
org.apache.pdfbox.pdmodel.interactive.form.PDSignatureField.setDefaultValue(PDSignature),4,1,2,2,0
org.apache.pdfbox.pdmodel.interactive.form.PDSignatureField.getValue(),9,2,3,4,0
org.apache.pdfbox.pdmodel.interactive.form.PDSignatureField.getDefaultValue(),9,2,1,4,0
org.apache.pdfbox.pdmodel.interactive.form.PDSignatureField.getValueAsString(),5,2,0,3,0
org.apache.pdfbox.pdmodel.interactive.form.PDSignatureField.getSeedValue(),10,2,1,4,0
org.apache.pdfbox.pdmodel.interactive.form.PDSignatureField.setSeedValue(PDSeedValue),7,2,2,2,0
org.apache.pdfbox.pdmodel.interactive.form.PDSignatureField.constructAppearances(),14,3,0,8,0
org.apache.pdfbox.pdmodel.PDPageTree.PDPageTree(),8,1,6,6,0
org.apache.pdfbox.pdmodel.PDPageTree.PDPageTree(COSDictionary),4,1,3,2,0
"org.apache.pdfbox.pdmodel.PDPageTree.PDPageTree(COSDictionary, PDDocument)",20,3,9,11,0
"org.apache.pdfbox.pdmodel.PDPageTree.getInheritableAttribute(COSDictionary, COSName)",14,3,8,3,0
org.apache.pdfbox.pdmodel.PDPageTree.iterator(),4,1,1,2,0
org.apache.pdfbox.pdmodel.PDPageTree.getKids(COSDictionary),14,3,5,6,1
org.apache.pdfbox.pdmodel.PDPageTree.get(int),7,2,8,5,0
org.apache.pdfbox.pdmodel.PDPageTree.sanitizeType(COSDictionary),13,3,5,4,0
"org.apache.pdfbox.pdmodel.PDPageTree.get(int, COSDictionary, int)",53,9,6,6,1
org.apache.pdfbox.pdmodel.PDPageTree.isPageTreeNode(COSDictionary),5,1,7,3,0
org.apache.pdfbox.pdmodel.PDPageTree.indexOf(PDPage),9,2,12,3,0
"org.apache.pdfbox.pdmodel.PDPageTree.findPage(SearchContext, COSDictionary)",19,4,4,4,1
org.apache.pdfbox.pdmodel.PDPageTree.getCount(),4,1,5,2,0
org.apache.pdfbox.pdmodel.PDPageTree.getCOSObject(),4,1,1,1,0
org.apache.pdfbox.pdmodel.PDPageTree.remove(int),5,1,3,2,0
org.apache.pdfbox.pdmodel.PDPageTree.remove(PDPage),4,1,2,2,0
org.apache.pdfbox.pdmodel.PDPageTree.remove(COSDictionary),17,4,7,5,1
org.apache.pdfbox.pdmodel.PDPageTree.add(PDPage),16,3,7,7,1
"org.apache.pdfbox.pdmodel.PDPageTree.insertBefore(PDPage, PDPage)",23,4,4,9,1
"org.apache.pdfbox.pdmodel.PDPageTree.insertAfter(PDPage, PDPage)",23,4,4,9,1
org.apache.pdfbox.pdmodel.PDPageTree.increaseParents(COSDictionary),10,2,5,3,1
org.apache.pdfbox.pdmodel.DefaultResourceCache.getFont(COSObject),9,2,2,3,0
"org.apache.pdfbox.pdmodel.DefaultResourceCache.put(COSObject, PDFont)",4,1,3,2,0
org.apache.pdfbox.pdmodel.DefaultResourceCache.getColorSpace(COSObject),9,2,2,3,0
"org.apache.pdfbox.pdmodel.DefaultResourceCache.put(COSObject, PDColorSpace)",4,1,3,2,0
org.apache.pdfbox.pdmodel.DefaultResourceCache.getExtGState(COSObject),9,2,2,3,0
"org.apache.pdfbox.pdmodel.DefaultResourceCache.put(COSObject, PDExtendedGraphicsState)",4,1,3,2,0
org.apache.pdfbox.pdmodel.DefaultResourceCache.getShading(COSObject),9,2,2,3,0
"org.apache.pdfbox.pdmodel.DefaultResourceCache.put(COSObject, PDShading)",4,1,3,2,0
org.apache.pdfbox.pdmodel.DefaultResourceCache.getPattern(COSObject),9,2,2,3,0
"org.apache.pdfbox.pdmodel.DefaultResourceCache.put(COSObject, PDAbstractPattern)",4,1,3,2,0
org.apache.pdfbox.pdmodel.DefaultResourceCache.getProperties(COSObject),9,2,2,3,0
"org.apache.pdfbox.pdmodel.DefaultResourceCache.put(COSObject, PDPropertyList)",4,1,3,2,0
org.apache.pdfbox.pdmodel.DefaultResourceCache.getXObject(COSObject),9,2,2,3,0
"org.apache.pdfbox.pdmodel.DefaultResourceCache.put(COSObject, PDXObject)",4,1,3,2,0
org.apache.pdfbox.pdmodel.interactive.form.PDTerminalField.PDTerminalField(PDAcroForm),4,1,4,2,0
"org.apache.pdfbox.pdmodel.interactive.form.PDTerminalField.PDTerminalField(PDAcroForm, COSDictionary, PDNonTerminalField)",4,1,6,2,0
org.apache.pdfbox.pdmodel.interactive.form.PDTerminalField.setActions(PDFormFieldAdditionalActions),4,1,2,2,0
org.apache.pdfbox.pdmodel.interactive.form.PDTerminalField.getFieldFlags(),14,3,1,6,0
org.apache.pdfbox.pdmodel.interactive.form.PDTerminalField.getFieldType(),9,2,7,5,0
org.apache.pdfbox.pdmodel.interactive.form.PDTerminalField.importFDF(FDFField),31,5,1,8,0
org.apache.pdfbox.pdmodel.interactive.form.PDTerminalField.exportFDF(),7,1,1,7,0
org.apache.pdfbox.pdmodel.interactive.form.PDTerminalField.getWidgets(),21,5,26,8,1
org.apache.pdfbox.pdmodel.interactive.form.PDTerminalField.setWidgets(List<PDAnnotationWidget>),5,1,2,3,0
org.apache.pdfbox.pdmodel.interactive.form.PDTerminalField.getWidget(),4,1,0,3,0
org.apache.pdfbox.pdmodel.interactive.form.PDTerminalField.applyChange(),7,2,5,3,0
org.apache.pdfbox.pdmodel.interactive.form.PDTerminalField.constructAppearances(),1,1,3,0,0
org.apache.pdfbox.pdmodel.common.function.type4.TestOperators.testAdd(),11,1,1,10,0
org.apache.pdfbox.pdmodel.common.function.type4.TestOperators.testAbs(),5,1,0,4,0
org.apache.pdfbox.pdmodel.common.function.type4.TestOperators.testAnd(),7,1,0,4,0
org.apache.pdfbox.pdmodel.common.function.type4.TestOperators.testAtan(),7,1,0,3,0
org.apache.pdfbox.pdmodel.common.function.type4.TestOperators.testCeiling(),5,1,0,4,0
org.apache.pdfbox.pdmodel.common.function.type4.TestOperators.testCos(),5,1,0,3,0
org.apache.pdfbox.pdmodel.common.function.type4.TestOperators.testCvi(),5,1,0,3,0
org.apache.pdfbox.pdmodel.common.function.type4.TestOperators.testCvr(),11,1,0,7,0
org.apache.pdfbox.pdmodel.common.function.type4.TestOperators.testDiv(),5,1,0,3,0
org.apache.pdfbox.pdmodel.common.function.type4.TestOperators.testExp(),5,1,0,4,0
org.apache.pdfbox.pdmodel.common.function.type4.TestOperators.testFloor(),5,1,0,4,0
org.apache.pdfbox.pdmodel.common.function.type4.TestOperators.testIDiv(),14,2,0,4,0
org.apache.pdfbox.pdmodel.common.function.type4.TestOperators.testLn(),5,1,0,3,0
org.apache.pdfbox.pdmodel.common.function.type4.TestOperators.testLog(),5,1,0,3,0
org.apache.pdfbox.pdmodel.common.function.type4.TestOperators.testMod(),14,2,0,4,0
org.apache.pdfbox.pdmodel.common.function.type4.TestOperators.testMul(),8,1,1,5,0
org.apache.pdfbox.pdmodel.common.function.type4.TestOperators.testNeg(),9,1,2,4,0
org.apache.pdfbox.pdmodel.common.function.type4.TestOperators.testRound(),8,1,0,4,0
org.apache.pdfbox.pdmodel.common.function.type4.TestOperators.testSin(),6,1,0,3,0
org.apache.pdfbox.pdmodel.common.function.type4.TestOperators.testSqrt(),15,2,0,5,0
org.apache.pdfbox.pdmodel.common.function.type4.TestOperators.testSub(),4,1,0,4,0
org.apache.pdfbox.pdmodel.common.function.type4.TestOperators.testTruncate(),6,1,0,4,0
org.apache.pdfbox.pdmodel.common.function.type4.TestOperators.testBitshift(),5,1,0,3,0
org.apache.pdfbox.pdmodel.common.function.type4.TestOperators.testEq(),5,1,0,3,0
org.apache.pdfbox.pdmodel.common.function.type4.TestOperators.testGe(),5,1,0,3,0
org.apache.pdfbox.pdmodel.common.function.type4.TestOperators.testGt(),5,1,0,3,0
org.apache.pdfbox.pdmodel.common.function.type4.TestOperators.testLe(),5,1,0,3,0
org.apache.pdfbox.pdmodel.common.function.type4.TestOperators.testLt(),5,1,0,3,0
org.apache.pdfbox.pdmodel.common.function.type4.TestOperators.testNe(),5,1,0,3,0
org.apache.pdfbox.pdmodel.common.function.type4.TestOperators.testNot(),7,1,0,4,0
org.apache.pdfbox.pdmodel.common.function.type4.TestOperators.testOr(),7,1,0,4,0
org.apache.pdfbox.pdmodel.common.function.type4.TestOperators.testXor(),7,1,0,4,0
org.apache.pdfbox.pdmodel.common.function.type4.TestOperators.testIf(),15,2,0,4,0
org.apache.pdfbox.pdmodel.common.function.type4.TestOperators.testIfElse(),7,1,0,3,0
org.apache.pdfbox.pdmodel.common.function.type4.TestOperators.testCopy(),8,1,0,4,0
org.apache.pdfbox.pdmodel.common.function.type4.TestOperators.testDup(),9,1,0,4,0
org.apache.pdfbox.pdmodel.common.function.type4.TestOperators.testExch(),7,1,0,5,0
org.apache.pdfbox.pdmodel.common.function.type4.TestOperators.testIndex(),7,1,0,3,0
org.apache.pdfbox.pdmodel.common.function.type4.TestOperators.testPop(),7,1,0,3,0
org.apache.pdfbox.pdmodel.common.function.type4.TestOperators.testRoll(),9,1,0,3,0
org.apache.pdfbox.pdmodel.common.function.type4.ExecutionContext.ExecutionContext(Operators),4,1,3,2,0
org.apache.pdfbox.pdmodel.common.function.type4.ExecutionContext.getStack(),4,1,44,1,0
org.apache.pdfbox.pdmodel.common.function.type4.ExecutionContext.getOperators(),4,1,2,1,0
org.apache.pdfbox.pdmodel.common.function.type4.ExecutionContext.popNumber(),4,1,17,2,0
org.apache.pdfbox.pdmodel.common.function.type4.ExecutionContext.popInt(),4,1,4,2,0
org.apache.pdfbox.pdmodel.common.function.type4.ExecutionContext.popReal(),4,1,6,3,0
org.apache.pdfbox.pdmodel.common.function.type4.Type4Tester.Type4Tester(ExecutionContext),4,1,2,2,0
org.apache.pdfbox.pdmodel.common.function.type4.Type4Tester.create(String),7,1,44,6,0
org.apache.pdfbox.pdmodel.common.function.type4.Type4Tester.pop(boolean),6,1,16,4,0
org.apache.pdfbox.pdmodel.common.function.type4.Type4Tester.popReal(float),4,1,12,2,0
"org.apache.pdfbox.pdmodel.common.function.type4.Type4Tester.popReal(float, double)",6,1,8,4,0
org.apache.pdfbox.pdmodel.common.function.type4.Type4Tester.pop(int),6,1,29,3,0
org.apache.pdfbox.pdmodel.common.function.type4.Type4Tester.pop(float),4,1,9,2,0
"org.apache.pdfbox.pdmodel.common.function.type4.Type4Tester.pop(float, double)",6,1,4,4,0
org.apache.pdfbox.pdmodel.common.function.type4.Type4Tester.isEmpty(),5,1,44,4,0
org.apache.pdfbox.pdmodel.common.function.type4.Type4Tester.toExecutionContext(),4,1,3,1,0
"org.apache.pdfbox.util.Vector.Vector(float, float)",5,1,9,3,0
org.apache.pdfbox.util.Vector.getX(),4,1,6,1,0
org.apache.pdfbox.util.Vector.getY(),4,1,5,1,0
org.apache.pdfbox.util.Vector.scale(float),4,1,4,2,0
org.apache.pdfbox.util.Vector.toString(),4,1,2,1,0
"org.apache.pdfbox.contentstream.operator.graphics.ClipEvenOddRule.process(Operator, List<COSBase>)",4,1,2,1,0
org.apache.pdfbox.contentstream.operator.graphics.ClipEvenOddRule.getName(),4,1,0,1,0
org.apache.pdfbox.pdmodel.documentinterchange.markedcontent.PDPropertyList.create(COSDictionary),11,2,4,5,0
org.apache.pdfbox.pdmodel.documentinterchange.markedcontent.PDPropertyList.PDPropertyList(),4,1,0,3,0
org.apache.pdfbox.pdmodel.documentinterchange.markedcontent.PDPropertyList.PDPropertyList(COSDictionary),4,1,3,2,0
org.apache.pdfbox.pdmodel.documentinterchange.markedcontent.PDPropertyList.getCOSObject(),4,1,3,1,0
"org.apache.pdfbox.pdmodel.graphics.PDXObject.createXObject(COSBase, PDResources)",35,8,13,16,0
"org.apache.pdfbox.pdmodel.graphics.PDXObject.PDXObject(COSStream, COSName)",6,1,9,5,0
"org.apache.pdfbox.pdmodel.graphics.PDXObject.PDXObject(PDStream, COSName)",6,1,7,5,0
"org.apache.pdfbox.pdmodel.graphics.PDXObject.PDXObject(PDDocument, COSName)",6,1,7,6,0
org.apache.pdfbox.pdmodel.graphics.PDXObject.getCOSObject(),4,1,49,2,0
org.apache.pdfbox.pdmodel.graphics.PDXObject.getCOSStream(),4,1,1,2,0
org.apache.pdfbox.pdmodel.graphics.PDXObject.getPDStream(),4,1,1,1,0
org.apache.pdfbox.pdmodel.graphics.PDXObject.getStream(),4,1,7,1,0
org.apache.pdfbox.pdmodel.graphics.shading.PDShading.PDShading(),4,1,0,3,0
org.apache.pdfbox.pdmodel.graphics.shading.PDShading.PDShading(COSDictionary),4,1,4,2,0
org.apache.pdfbox.pdmodel.graphics.shading.PDShading.getCOSObject(),4,1,29,1,0
org.apache.pdfbox.pdmodel.graphics.shading.PDShading.getType(),4,1,1,2,0
org.apache.pdfbox.pdmodel.graphics.shading.PDShading.setShadingType(int),4,1,4,1,0
org.apache.pdfbox.pdmodel.graphics.shading.PDShading.getShadingType(),1,1,0,1,0
org.apache.pdfbox.pdmodel.graphics.shading.PDShading.setBackground(COSArray),5,1,3,2,0
org.apache.pdfbox.pdmodel.graphics.shading.PDShading.getBackground(),8,2,4,3,0
org.apache.pdfbox.pdmodel.graphics.shading.PDShading.getBBox(),12,3,4,4,0
org.apache.pdfbox.pdmodel.graphics.shading.PDShading.setBBox(PDRectangle),12,2,4,4,0
org.apache.pdfbox.pdmodel.graphics.shading.PDShading.setAntiAlias(boolean),4,1,3,1,0
org.apache.pdfbox.pdmodel.graphics.shading.PDShading.getAntiAlias(),4,1,2,2,0
org.apache.pdfbox.pdmodel.graphics.shading.PDShading.getColorSpace(),9,2,6,4,0
org.apache.pdfbox.pdmodel.graphics.shading.PDShading.setColorSpace(PDColorSpace),12,2,4,4,0
org.apache.pdfbox.pdmodel.graphics.shading.PDShading.create(COSDictionary),32,8,11,10,0
org.apache.pdfbox.pdmodel.graphics.shading.PDShading.setFunction(PDFunction),6,1,3,4,0
org.apache.pdfbox.pdmodel.graphics.shading.PDShading.setFunction(COSArray),6,1,2,4,0
org.apache.pdfbox.pdmodel.graphics.shading.PDShading.getFunction(),12,3,5,5,0
org.apache.pdfbox.pdmodel.graphics.shading.PDShading.getFunctionsArray(),27,5,3,8,1
org.apache.pdfbox.pdmodel.graphics.shading.PDShading.evalFunction(float),4,1,3,2,0
org.apache.pdfbox.pdmodel.graphics.shading.PDShading.evalFunction(float[]),31,6,5,3,2
org.apache.pdfbox.pdmodel.graphics.shading.PDShading.toPaint(Matrix),1,1,2,1,0
org.apache.pdfbox.pdmodel.graphics.state.PDExtendedGraphicsState.PDExtendedGraphicsState(),5,1,3,4,0
org.apache.pdfbox.pdmodel.graphics.state.PDExtendedGraphicsState.PDExtendedGraphicsState(COSDictionary),4,1,3,2,0
org.apache.pdfbox.pdmodel.graphics.state.PDExtendedGraphicsState.copyIntoGraphicsState(PDGraphicsState),91,23,22,45,1
org.apache.pdfbox.pdmodel.graphics.state.PDExtendedGraphicsState.getCOSObject(),4,1,1,1,0
org.apache.pdfbox.pdmodel.graphics.state.PDExtendedGraphicsState.getLineWidth(),4,1,2,2,0
org.apache.pdfbox.pdmodel.graphics.state.PDExtendedGraphicsState.setLineWidth(Float),4,1,2,1,0
org.apache.pdfbox.pdmodel.graphics.state.PDExtendedGraphicsState.getLineCapStyle(),4,1,3,2,0
org.apache.pdfbox.pdmodel.graphics.state.PDExtendedGraphicsState.setLineCapStyle(int),4,1,3,1,0
org.apache.pdfbox.pdmodel.graphics.state.PDExtendedGraphicsState.getLineJoinStyle(),4,1,3,2,0
org.apache.pdfbox.pdmodel.graphics.state.PDExtendedGraphicsState.setLineJoinStyle(int),4,1,3,1,0
org.apache.pdfbox.pdmodel.graphics.state.PDExtendedGraphicsState.getMiterLimit(),4,1,2,2,0
org.apache.pdfbox.pdmodel.graphics.state.PDExtendedGraphicsState.setMiterLimit(Float),4,1,2,1,0
org.apache.pdfbox.pdmodel.graphics.state.PDExtendedGraphicsState.getLineDashPattern(),14,2,3,8,0
org.apache.pdfbox.pdmodel.graphics.state.PDExtendedGraphicsState.setLineDashPattern(PDLineDashPattern),4,1,3,2,0
org.apache.pdfbox.pdmodel.graphics.state.PDExtendedGraphicsState.getRenderingIntent(),12,2,2,3,0
org.apache.pdfbox.pdmodel.graphics.state.PDExtendedGraphicsState.setRenderingIntent(String),4,1,2,1,0
org.apache.pdfbox.pdmodel.graphics.state.PDExtendedGraphicsState.getStrokingOverprintControl(),4,1,3,2,0
org.apache.pdfbox.pdmodel.graphics.state.PDExtendedGraphicsState.setStrokingOverprintControl(boolean),4,1,3,1,0
org.apache.pdfbox.pdmodel.graphics.state.PDExtendedGraphicsState.getNonStrokingOverprintControl(),4,1,2,3,0
org.apache.pdfbox.pdmodel.graphics.state.PDExtendedGraphicsState.setNonStrokingOverprintControl(boolean),4,1,3,1,0
org.apache.pdfbox.pdmodel.graphics.state.PDExtendedGraphicsState.getOverprintMode(),4,1,2,2,0
org.apache.pdfbox.pdmodel.graphics.state.PDExtendedGraphicsState.setOverprintMode(Float),4,1,2,1,0
org.apache.pdfbox.pdmodel.graphics.state.PDExtendedGraphicsState.getFontSetting(),11,2,3,3,0
org.apache.pdfbox.pdmodel.graphics.state.PDExtendedGraphicsState.setFontSetting(PDFontSetting),4,1,3,1,0
org.apache.pdfbox.pdmodel.graphics.state.PDExtendedGraphicsState.getFlatnessTolerance(),4,1,2,2,0
org.apache.pdfbox.pdmodel.graphics.state.PDExtendedGraphicsState.setFlatnessTolerance(Float),4,1,2,1,0
org.apache.pdfbox.pdmodel.graphics.state.PDExtendedGraphicsState.getSmoothnessTolerance(),4,1,2,2,0
org.apache.pdfbox.pdmodel.graphics.state.PDExtendedGraphicsState.setSmoothnessTolerance(Float),4,1,2,1,0
org.apache.pdfbox.pdmodel.graphics.state.PDExtendedGraphicsState.getAutomaticStrokeAdjustment(),4,1,3,2,0
org.apache.pdfbox.pdmodel.graphics.state.PDExtendedGraphicsState.setAutomaticStrokeAdjustment(boolean),4,1,3,1,0
org.apache.pdfbox.pdmodel.graphics.state.PDExtendedGraphicsState.getStrokingAlphaConstant(),4,1,2,2,0
org.apache.pdfbox.pdmodel.graphics.state.PDExtendedGraphicsState.setStrokingAlphaConstant(Float),4,1,2,1,0
org.apache.pdfbox.pdmodel.graphics.state.PDExtendedGraphicsState.getNonStrokingAlphaConstant(),4,1,2,2,0
org.apache.pdfbox.pdmodel.graphics.state.PDExtendedGraphicsState.setNonStrokingAlphaConstant(Float),4,1,2,1,0
org.apache.pdfbox.pdmodel.graphics.state.PDExtendedGraphicsState.getAlphaSourceFlag(),4,1,3,2,0
org.apache.pdfbox.pdmodel.graphics.state.PDExtendedGraphicsState.setAlphaSourceFlag(boolean),4,1,3,1,0
org.apache.pdfbox.pdmodel.graphics.state.PDExtendedGraphicsState.getBlendMode(),4,1,3,3,0
org.apache.pdfbox.pdmodel.graphics.state.PDExtendedGraphicsState.getSoftMask(),4,1,3,3,0
org.apache.pdfbox.pdmodel.graphics.state.PDExtendedGraphicsState.getTextKnockoutFlag(),4,1,3,2,0
org.apache.pdfbox.pdmodel.graphics.state.PDExtendedGraphicsState.setTextKnockoutFlag(boolean),4,1,3,1,0
org.apache.pdfbox.pdmodel.graphics.state.PDExtendedGraphicsState.getFloatItem(COSName),10,2,9,3,0
"org.apache.pdfbox.pdmodel.graphics.state.PDExtendedGraphicsState.setFloatItem(COSName, Float)",11,2,10,2,0
org.apache.pdfbox.pdmodel.graphics.state.PDExtendedGraphicsState.getTransfer(),9,2,3,3,0
org.apache.pdfbox.pdmodel.graphics.state.PDExtendedGraphicsState.setTransfer(COSBase),4,1,3,1,0
org.apache.pdfbox.pdmodel.graphics.state.PDExtendedGraphicsState.getTransfer2(),9,2,3,3,0
org.apache.pdfbox.pdmodel.graphics.state.PDExtendedGraphicsState.setTransfer2(COSBase),4,1,3,1,0
"org.apache.pdfbox.pdmodel.graphics.shading.PatchMeshesShadingContext.PatchMeshesShadingContext(PDShadingType6, ColorModel, AffineTransform, Matrix, Rectangle, int)",8,1,8,5,0
"org.apache.pdfbox.pdmodel.graphics.shading.PatchMeshesShadingContext.collectPatches(PDShadingType6, AffineTransform, Matrix, int)",76,10,10,20,2
"org.apache.pdfbox.pdmodel.graphics.shading.PatchMeshesShadingContext.readPatch(ImageInputStream, boolean, Point2D[], float[][], long, long, PDRange, PDRange, PDRange[], Matrix, AffineTransform, int)",54,7,17,9,4
"org.apache.pdfbox.pdmodel.graphics.shading.PatchMeshesShadingContext.generatePatch(Point2D[], float[][])",1,1,1,1,0
"org.apache.pdfbox.pdmodel.graphics.shading.PatchMeshesShadingContext.interpolate(float, long, float, float)",4,1,5,1,0
org.apache.pdfbox.pdmodel.graphics.shading.PatchMeshesShadingContext.calcPixelTable(Rectangle),9,2,3,3,1
org.apache.pdfbox.pdmodel.graphics.shading.PatchMeshesShadingContext.dispose(),5,1,0,2,0
org.apache.pdfbox.pdmodel.graphics.shading.PatchMeshesShadingContext.isDataEmpty(),4,1,1,2,0
org.apache.pdfbox.pdmodel.common.PDRange.PDRange(),7,1,4,6,0
org.apache.pdfbox.pdmodel.common.PDRange.PDRange(COSArray),4,1,2,2,0
"org.apache.pdfbox.pdmodel.common.PDRange.PDRange(COSArray, int)",5,1,11,3,0
org.apache.pdfbox.pdmodel.common.PDRange.getCOSObject(),4,1,1,1,0
org.apache.pdfbox.pdmodel.common.PDRange.getCOSArray(),4,1,1,1,0
org.apache.pdfbox.pdmodel.common.PDRange.getMin(),5,1,15,3,0
org.apache.pdfbox.pdmodel.common.PDRange.setMin(float),4,1,5,2,0
org.apache.pdfbox.pdmodel.common.PDRange.getMax(),5,1,13,3,0
org.apache.pdfbox.pdmodel.common.PDRange.setMax(float),4,1,5,2,0
org.apache.pdfbox.pdmodel.common.PDRange.toString(),4,1,0,3,0
org.apache.pdfbox.util.Matrix.Matrix(),5,1,20,3,0
org.apache.pdfbox.util.Matrix.Matrix(COSArray),11,1,7,4,0
"org.apache.pdfbox.util.Matrix.Matrix(float, float, float, float, float, float)",11,1,23,2,0
org.apache.pdfbox.util.Matrix.Matrix(AffineTransform),11,1,10,9,0
org.apache.pdfbox.util.Matrix.reset(),4,1,3,1,0
org.apache.pdfbox.util.Matrix.createAffineTransform(),7,1,17,2,0
org.apache.pdfbox.util.Matrix.setFromAffineTransform(AffineTransform),9,1,1,7,0
"org.apache.pdfbox.util.Matrix.getValue(int, int)",4,1,4,1,0
"org.apache.pdfbox.util.Matrix.setValue(int, int, float)",4,1,4,1,0
org.apache.pdfbox.util.Matrix.getValues(),14,1,1,1,0
org.apache.pdfbox.util.Matrix.getValuesAsDouble(),14,1,1,1,0
org.apache.pdfbox.util.Matrix.concatenate(Matrix),4,1,16,1,0
org.apache.pdfbox.util.Matrix.translate(Vector),5,1,2,4,0
"org.apache.pdfbox.util.Matrix.translate(float, float)",5,1,3,2,0
"org.apache.pdfbox.util.Matrix.scale(float, float)",5,1,2,2,0
org.apache.pdfbox.util.Matrix.rotate(double),5,1,3,2,0
org.apache.pdfbox.util.Matrix.multiply(Matrix),4,1,4,3,0
"org.apache.pdfbox.util.Matrix.multiply(Matrix, Matrix)",52,5,7,4,0
org.apache.pdfbox.util.Matrix.transform(Point2D),12,1,2,3,0
"org.apache.pdfbox.util.Matrix.transformPoint(float, float)",10,1,7,1,0
org.apache.pdfbox.util.Matrix.transform(Vector),12,1,3,4,0
org.apache.pdfbox.util.Matrix.extractScaling(),7,1,1,3,0
"org.apache.pdfbox.util.Matrix.getScaleInstance(float, float)",7,1,6,3,0
org.apache.pdfbox.util.Matrix.extractTranslating(),7,1,1,3,0
"org.apache.pdfbox.util.Matrix.getTranslatingInstance(float, float)",4,1,2,2,0
"org.apache.pdfbox.util.Matrix.getTranslateInstance(float, float)",7,1,15,3,0
"org.apache.pdfbox.util.Matrix.getRotateInstance(double, float, float)",13,1,7,5,0
"org.apache.pdfbox.util.Matrix.concatenate(Matrix, Matrix)",6,1,10,3,0
org.apache.pdfbox.util.Matrix.clone(),6,1,8,3,0
org.apache.pdfbox.util.Matrix.getScalingFactorX(),10,2,7,3,0
org.apache.pdfbox.util.Matrix.getScalingFactorY(),10,2,7,3,0
org.apache.pdfbox.util.Matrix.getScaleX(),4,1,5,1,0
org.apache.pdfbox.util.Matrix.getShearY(),4,1,3,1,0
org.apache.pdfbox.util.Matrix.getShearX(),4,1,3,1,0
org.apache.pdfbox.util.Matrix.getScaleY(),4,1,4,1,0
org.apache.pdfbox.util.Matrix.getTranslateX(),4,1,6,1,0
org.apache.pdfbox.util.Matrix.getTranslateY(),4,1,6,1,0
org.apache.pdfbox.util.Matrix.getXPosition(),4,1,1,1,0
org.apache.pdfbox.util.Matrix.getYPosition(),4,1,1,1,0
org.apache.pdfbox.util.Matrix.toCOSArray(),11,1,3,4,0
org.apache.pdfbox.util.Matrix.toString(),12,1,1,4,0
"org.apache.pdfbox.pdmodel.graphics.shading.TriangleBasedShadingContext.TriangleBasedShadingContext(PDShading, ColorModel, AffineTransform, Matrix)",13,2,11,13,0
org.apache.pdfbox.pdmodel.graphics.shading.TriangleBasedShadingContext.createPixelTable(Rectangle),4,1,4,2,0
org.apache.pdfbox.pdmodel.graphics.shading.TriangleBasedShadingContext.calcPixelTable(Rectangle),1,1,1,1,0
"org.apache.pdfbox.pdmodel.graphics.shading.TriangleBasedShadingContext.calcPixelTable(List<ShadedTriangle>, Map<Point, Integer>, Rectangle)",35,7,10,11,4
org.apache.pdfbox.pdmodel.graphics.shading.TriangleBasedShadingContext.evalFunctionAndConvertToRGB(float[]),8,2,3,5,0
org.apache.pdfbox.pdmodel.graphics.shading.TriangleBasedShadingContext.isDataEmpty(),1,1,1,1,0
org.apache.pdfbox.pdmodel.graphics.shading.TriangleBasedShadingContext.getColorModel(),4,1,1,2,0
org.apache.pdfbox.pdmodel.graphics.shading.TriangleBasedShadingContext.dispose(),4,1,2,1,0
"org.apache.pdfbox.pdmodel.graphics.shading.TriangleBasedShadingContext.getRaster(int, int, int, int)",47,8,10,10,2
"org.apache.pdfbox.pdmodel.graphics.shading.Patch.Patch(Point2D[], float[][])",4,1,3,3,0
org.apache.pdfbox.pdmodel.graphics.shading.Patch.getFlag1Edge(),1,1,1,1,0
org.apache.pdfbox.pdmodel.graphics.shading.Patch.getFlag2Edge(),1,1,1,1,0
org.apache.pdfbox.pdmodel.graphics.shading.Patch.getFlag3Edge(),1,1,1,1,0
org.apache.pdfbox.pdmodel.graphics.shading.Patch.getFlag1Color(),11,2,3,1,1
org.apache.pdfbox.pdmodel.graphics.shading.Patch.getFlag2Color(),11,2,3,1,1
org.apache.pdfbox.pdmodel.graphics.shading.Patch.getFlag3Color(),11,2,3,1,1
"org.apache.pdfbox.pdmodel.graphics.shading.Patch.getLen(Point2D, Point2D)",6,1,4,4,0
org.apache.pdfbox.pdmodel.graphics.shading.Patch.isEdgeALine(Point2D[]),8,1,3,5,0
"org.apache.pdfbox.pdmodel.graphics.shading.Patch.edgeEquationValue(Point2D, Point2D, Point2D)",4,1,6,3,0
org.apache.pdfbox.pdmodel.graphics.shading.Patch.getShadedTriangles(CoordinateColorPair[][]),49,5,6,5,2
"org.apache.pdfbox.pdmodel.graphics.shading.Patch.overlaps(Point2D, Point2D)",4,1,3,4,0
org.apache.pdfbox.pdmodel.graphics.shading.PDShadingType6.PDShadingType6(COSDictionary),4,1,3,2,0
org.apache.pdfbox.pdmodel.graphics.shading.PDShadingType6.getShadingType(),4,1,1,1,0
org.apache.pdfbox.pdmodel.graphics.shading.PDShadingType6.toPaint(Matrix),4,1,1,2,0
org.apache.pdfbox.pdmodel.graphics.shading.PDShadingType4.PDShadingType4(COSDictionary),4,1,3,2,0
org.apache.pdfbox.pdmodel.graphics.shading.PDShadingType4.getShadingType(),4,1,1,1,0
org.apache.pdfbox.pdmodel.graphics.shading.PDShadingType4.getBitsPerFlag(),4,1,3,3,0
org.apache.pdfbox.pdmodel.graphics.shading.PDShadingType4.setBitsPerFlag(int),4,1,2,2,0
org.apache.pdfbox.pdmodel.graphics.shading.PDShadingType4.toPaint(Matrix),4,1,1,2,0
org.apache.pdfbox.pdmodel.graphics.shading.PDTriangleBasedShadingType.PDTriangleBasedShadingType(COSDictionary),4,1,3,2,0
org.apache.pdfbox.pdmodel.graphics.shading.PDTriangleBasedShadingType.getBitsPerComponent(),4,1,2,3,0
org.apache.pdfbox.pdmodel.graphics.shading.PDTriangleBasedShadingType.setBitsPerComponent(int),4,1,2,2,0
org.apache.pdfbox.pdmodel.graphics.shading.PDTriangleBasedShadingType.getBitsPerCoordinate(),4,1,2,3,0
org.apache.pdfbox.pdmodel.graphics.shading.PDTriangleBasedShadingType.setBitsPerCoordinate(int),4,1,2,2,0
org.apache.pdfbox.pdmodel.graphics.shading.PDTriangleBasedShadingType.getDecodeValues(),8,2,3,4,0
org.apache.pdfbox.pdmodel.graphics.shading.PDTriangleBasedShadingType.setDecodeValues(COSArray),5,1,2,3,0
org.apache.pdfbox.pdmodel.graphics.shading.PDTriangleBasedShadingType.getDecodeForParameter(int),10,2,4,4,0
"org.apache.pdfbox.examples.util.DrawPrintTextLocations.DrawPrintTextLocations(PDDocument, String)",5,1,3,3,0
org.apache.pdfbox.examples.util.DrawPrintTextLocations.main(String[]),28,4,2,8,1
org.apache.pdfbox.examples.util.DrawPrintTextLocations.stripPage(int),32,2,8,34,1
"org.apache.pdfbox.examples.util.DrawPrintTextLocations.writeString(String, List<TextPosition>)",63,8,5,36,1
org.apache.pdfbox.examples.util.DrawPrintTextLocations.usage(),4,1,2,2,0
org.apache.pdfbox.pdmodel.font.PDType3Font.PDType3Font(COSDictionary),5,1,2,3,0
org.apache.pdfbox.pdmodel.font.PDType3Font.getName(),4,1,9,2,0
org.apache.pdfbox.pdmodel.font.PDType3Font.readEncoding(),6,1,3,5,0
org.apache.pdfbox.pdmodel.font.PDType3Font.readEncodingFromFont(),4,1,0,2,0
org.apache.pdfbox.pdmodel.font.PDType3Font.isFontSymbolic(),4,1,0,1,0
org.apache.pdfbox.pdmodel.font.PDType3Font.getPath(String),4,1,0,2,0
org.apache.pdfbox.pdmodel.font.PDType3Font.hasGlyph(String),5,1,1,4,0
org.apache.pdfbox.pdmodel.font.PDType3Font.getFontBoxFont(),4,1,0,2,0
org.apache.pdfbox.pdmodel.font.PDType3Font.getDisplacement(int),4,1,1,5,0
org.apache.pdfbox.pdmodel.font.PDType3Font.getWidth(int),21,3,5,8,0
org.apache.pdfbox.pdmodel.font.PDType3Font.getWidthFromFont(int),9,2,2,3,0
org.apache.pdfbox.pdmodel.font.PDType3Font.isEmbedded(),4,1,0,1,0
org.apache.pdfbox.pdmodel.font.PDType3Font.getHeight(int),31,7,0,8,0
org.apache.pdfbox.pdmodel.font.PDType3Font.encode(int),4,1,0,2,0
org.apache.pdfbox.pdmodel.font.PDType3Font.readCode(InputStream),4,1,1,2,0
org.apache.pdfbox.pdmodel.font.PDType3Font.getFontMatrix(),16,3,5,5,0
org.apache.pdfbox.pdmodel.font.PDType3Font.isDamaged(),4,1,0,1,0
org.apache.pdfbox.pdmodel.font.PDType3Font.getResources(),12,3,4,4,0
org.apache.pdfbox.pdmodel.font.PDType3Font.getFontBBox(),10,2,4,3,0
org.apache.pdfbox.pdmodel.font.PDType3Font.getBoundingBox(),8,2,1,3,0
org.apache.pdfbox.pdmodel.font.PDType3Font.generateBoundingBox(),34,6,1,18,1
org.apache.pdfbox.pdmodel.font.PDType3Font.getCharProcs(),8,2,6,3,0
org.apache.pdfbox.pdmodel.font.PDType3Font.getCharProc(int),15,3,5,8,0
org.apache.pdfbox.pdmodel.interactive.pagenavigation.PDThreadBead.PDThreadBead(COSDictionary),4,1,5,2,0
org.apache.pdfbox.pdmodel.interactive.pagenavigation.PDThreadBead.PDThreadBead(),7,1,1,6,0
org.apache.pdfbox.pdmodel.interactive.pagenavigation.PDThreadBead.getCOSObject(),4,1,1,1,0
org.apache.pdfbox.pdmodel.interactive.pagenavigation.PDThreadBead.getThread(),10,2,1,3,0
org.apache.pdfbox.pdmodel.interactive.pagenavigation.PDThreadBead.setThread(PDThread),4,1,3,1,0
org.apache.pdfbox.pdmodel.interactive.pagenavigation.PDThreadBead.getNextBead(),4,1,2,3,0
org.apache.pdfbox.pdmodel.interactive.pagenavigation.PDThreadBead.setNextBead(PDThreadBead),4,1,4,1,0
org.apache.pdfbox.pdmodel.interactive.pagenavigation.PDThreadBead.getPreviousBead(),4,1,1,3,0
org.apache.pdfbox.pdmodel.interactive.pagenavigation.PDThreadBead.setPreviousBead(PDThreadBead),4,1,4,1,0
org.apache.pdfbox.pdmodel.interactive.pagenavigation.PDThreadBead.appendBead(PDThreadBead),8,1,1,3,0
org.apache.pdfbox.pdmodel.interactive.pagenavigation.PDThreadBead.getPage(),10,2,1,3,0
org.apache.pdfbox.pdmodel.interactive.pagenavigation.PDThreadBead.setPage(PDPage),4,1,2,1,0
org.apache.pdfbox.pdmodel.interactive.pagenavigation.PDThreadBead.getRectangle(),10,2,4,3,0
org.apache.pdfbox.pdmodel.interactive.pagenavigation.PDThreadBead.setRectangle(PDRectangle),4,1,3,1,0
org.apache.pdfbox.rendering.PDFRenderer.PDFRenderer(PDDocument),4,1,18,2,0
org.apache.pdfbox.rendering.PDFRenderer.renderImage(int),4,1,10,2,0
"org.apache.pdfbox.rendering.PDFRenderer.renderImage(int, float)",4,1,6,2,0
"org.apache.pdfbox.rendering.PDFRenderer.renderImageWithDPI(int, float)",4,1,6,2,0
"org.apache.pdfbox.rendering.PDFRenderer.renderImageWithDPI(int, float, ImageType)",5,1,5,2,0
"org.apache.pdfbox.rendering.PDFRenderer.renderImage(int, float, ImageType)",32,3,9,16,0
"org.apache.pdfbox.rendering.PDFRenderer.renderPageToGraphics(int, Graphics2D)",4,1,2,1,0
"org.apache.pdfbox.rendering.PDFRenderer.renderPageToGraphics(int, Graphics2D, float)",7,1,6,5,0
"org.apache.pdfbox.rendering.PDFRenderer.renderPage(PDPage, Graphics2D, int, int, float, float)",31,5,8,12,0
org.apache.pdfbox.rendering.PDFRenderer.createPageDrawer(PageDrawerParameters),4,1,2,2,0
org.apache.pdfbox.text.TextPosition.createDiacritics(),36,1,0,3,0
"org.apache.pdfbox.text.TextPosition.TextPosition(int, float, float, Matrix, float, float, float, float, float, String, int[], PDFont, float, int)",30,2,17,19,0
org.apache.pdfbox.text.TextPosition.getUnicode(),4,1,15,1,0
org.apache.pdfbox.text.TextPosition.getCharacterCodes(),4,1,2,1,0
org.apache.pdfbox.text.TextPosition.getTextMatrix(),4,1,2,1,0
org.apache.pdfbox.text.TextPosition.getDir(),31,6,6,7,0
org.apache.pdfbox.text.TextPosition.getXRot(float),20,5,6,3,0
org.apache.pdfbox.text.TextPosition.getX(),4,1,5,1,0
org.apache.pdfbox.text.TextPosition.getXDirAdj(),4,1,7,3,0
org.apache.pdfbox.text.TextPosition.getYLowerLeftRot(float),20,5,6,3,0
org.apache.pdfbox.text.TextPosition.getY(),4,1,5,1,0
org.apache.pdfbox.text.TextPosition.getYDirAdj(),12,2,8,3,0
org.apache.pdfbox.text.TextPosition.getWidthRot(float),11,2,6,4,0
org.apache.pdfbox.text.TextPosition.getWidth(),4,1,5,2,0
org.apache.pdfbox.text.TextPosition.getWidthDirAdj(),4,1,4,3,0
org.apache.pdfbox.text.TextPosition.getHeight(),4,1,2,1,0
org.apache.pdfbox.text.TextPosition.getHeightDir(),4,1,6,1,0
org.apache.pdfbox.text.TextPosition.getFontSize(),4,1,5,1,0
org.apache.pdfbox.text.TextPosition.getFontSizeInPt(),4,1,1,1,0
org.apache.pdfbox.text.TextPosition.getFont(),4,1,4,1,0
org.apache.pdfbox.text.TextPosition.getWidthOfSpace(),4,1,5,1,0
org.apache.pdfbox.text.TextPosition.getXScale(),4,1,3,2,0
org.apache.pdfbox.text.TextPosition.getYScale(),4,1,1,2,0
org.apache.pdfbox.text.TextPosition.getIndividualWidths(),4,1,2,1,0
org.apache.pdfbox.text.TextPosition.contains(TextPosition),32,5,3,5,0
org.apache.pdfbox.text.TextPosition.mergeDiacritic(TextPosition),61,10,7,5,1
"org.apache.pdfbox.text.TextPosition.insertDiacritic(int, TextPosition)",15,1,6,12,0
org.apache.pdfbox.text.TextPosition.combineDiacritic(String),12,2,4,6,0
org.apache.pdfbox.text.TextPosition.isDiacritic(),12,2,5,5,0
org.apache.pdfbox.text.TextPosition.toString(),4,1,0,2,0
org.apache.fontbox.cff.CFFISOAdobeCharset.CFFISOAdobeCharset(),4,1,0,2,0
org.apache.fontbox.cff.CFFISOAdobeCharset.getInstance(),4,1,2,1,0
org.apache.fontbox.cff.CFFCharset.CFFCharset(boolean),4,1,5,2,0
org.apache.fontbox.cff.CFFCharset.isCIDFont(),4,1,3,1,0
"org.apache.fontbox.cff.CFFCharset.addSID(int, int, String)",11,2,11,2,0
"org.apache.fontbox.cff.CFFCharset.addCID(int, int)",9,2,9,2,0
org.apache.fontbox.cff.CFFCharset.getSIDForGID(int),13,3,5,3,0
org.apache.fontbox.cff.CFFCharset.getGIDForSID(int),13,3,5,3,0
org.apache.fontbox.cff.CFFCharset.getGIDForCID(int),13,3,7,3,0
org.apache.fontbox.cff.CFFCharset.getSID(String),13,3,5,3,0
org.apache.fontbox.cff.CFFCharset.getNameForGID(int),8,2,3,3,0
org.apache.fontbox.cff.CFFCharset.getCIDForGID(int),13,3,5,3,0
org.apache.xmpbox.schema.BasicJobTicketSchemaTest.bc(),4,1,0,2,0
org.apache.xmpbox.schema.BasicJobTicketSchemaTest.initTempMetaData(),5,1,0,4,0
org.apache.xmpbox.schema.BasicJobTicketSchemaTest.testAddTwoJobs(),13,1,3,13,0
org.apache.xmpbox.schema.BasicJobTicketSchemaTest.testAddWithDefaultPrefix(),17,1,3,17,0
org.apache.xmpbox.schema.BasicJobTicketSchemaTest.testAddWithDefinedPrefix(),16,1,3,16,0
org.apache.xmpbox.type.JobType.JobType(XMPMetadata),4,1,1,2,0
"org.apache.xmpbox.type.JobType.JobType(XMPMetadata, String)",5,1,5,5,0
org.apache.xmpbox.type.JobType.setId(String),4,1,3,1,0
org.apache.xmpbox.type.JobType.setName(String),4,1,3,1,0
org.apache.xmpbox.type.JobType.setUrl(String),4,1,3,1,0
org.apache.xmpbox.type.JobType.getId(),4,1,3,2,0
org.apache.xmpbox.type.JobType.getName(),4,1,3,2,0
org.apache.xmpbox.type.JobType.getUrl(),4,1,3,2,0
org.apache.xmpbox.xml.XmpSerializer.XmpSerializer(),12,2,6,5,0
"org.apache.xmpbox.xml.XmpSerializer.serialize(XMPMetadata, OutputStream, boolean)",10,2,10,6,1
"org.apache.xmpbox.xml.XmpSerializer.serializeSchema(Document, XMPSchema)",10,1,5,9,0
"org.apache.xmpbox.xml.XmpSerializer.serializeFields(Document, Element, List<AbstractField>, String, String, boolean)",68,9,11,19,2
"org.apache.xmpbox.xml.XmpSerializer.fillElementWithAttributes(Element, AbstractComplexProperty)",19,4,7,10,2
org.apache.xmpbox.xml.XmpSerializer.normalizeAttributes(AbstractComplexProperty),23,5,2,8,2
"org.apache.xmpbox.xml.XmpSerializer.createRdfElement(Document, XMPMetadata, boolean)",21,3,6,8,0
"org.apache.xmpbox.xml.XmpSerializer.save(Node, OutputStream, String)",11,1,7,6,0
org.apache.xmpbox.schema.XMPBasicJobTicketSchema.XMPBasicJobTicketSchema(XMPMetadata),4,1,2,2,0
"org.apache.xmpbox.schema.XMPBasicJobTicketSchema.XMPBasicJobTicketSchema(XMPMetadata, String)",4,1,3,2,0
"org.apache.xmpbox.schema.XMPBasicJobTicketSchema.addJob(String, String, String)",4,1,5,1,0
"org.apache.xmpbox.schema.XMPBasicJobTicketSchema.addJob(String, String, String, String)",8,1,7,6,0
org.apache.xmpbox.schema.XMPBasicJobTicketSchema.addJob(JobType),18,3,5,10,0
org.apache.xmpbox.schema.XMPBasicJobTicketSchema.getJobs(),22,4,4,7,1
org.apache.pdfbox.pdmodel.graphics.color.PDICCBasedTest.PDICCBasedTest(),3,1,0,1,0
org.apache.pdfbox.pdmodel.graphics.color.PDICCBasedTest.testConstructor(),7,1,0,6,0
org.apache.pdfbox.pdmodel.graphics.color.PDICCBased.PDICCBased(PDDocument),7,1,5,7,0
org.apache.pdfbox.pdmodel.graphics.color.PDICCBased.PDICCBased(COSArray),6,1,2,6,0
org.apache.pdfbox.pdmodel.graphics.color.PDICCBased.getName(),4,1,3,2,0
org.apache.pdfbox.pdmodel.graphics.color.PDICCBased.getPDStream(),4,1,3,1,0
org.apache.pdfbox.pdmodel.graphics.color.PDICCBased.loadICCProfile(),46,5,7,22,1
org.apache.pdfbox.pdmodel.graphics.color.PDICCBased.is_sRGB(ICC_Profile),7,1,5,6,0
org.apache.pdfbox.pdmodel.graphics.color.PDICCBased.toRGB(float[]),11,2,3,3,0
org.apache.pdfbox.pdmodel.graphics.color.PDICCBased.toRGBImage(WritableRaster),11,2,3,3,0
org.apache.pdfbox.pdmodel.graphics.color.PDICCBased.getNumberOfComponents(),8,2,8,4,0
org.apache.pdfbox.pdmodel.graphics.color.PDICCBased.getDefaultDecode(int),18,3,3,5,1
org.apache.pdfbox.pdmodel.graphics.color.PDICCBased.getInitialColor(),4,1,1,1,0
org.apache.pdfbox.pdmodel.graphics.color.PDICCBased.getAlternateColorSpace(),46,7,7,10,0
org.apache.pdfbox.pdmodel.graphics.color.PDICCBased.getRangeForComponent(int),9,2,4,7,0
org.apache.pdfbox.pdmodel.graphics.color.PDICCBased.getMetadata(),4,1,2,3,0
org.apache.pdfbox.pdmodel.graphics.color.PDICCBased.getColorSpaceType(),26,5,6,3,0
org.apache.pdfbox.pdmodel.graphics.color.PDICCBased.setNumberOfComponents(int),5,1,3,3,0
org.apache.pdfbox.pdmodel.graphics.color.PDICCBased.setAlternateColorSpaces(List),9,2,3,3,0
"org.apache.pdfbox.pdmodel.graphics.color.PDICCBased.setRangeForComponent(PDRange, int)",16,3,4,10,1
org.apache.pdfbox.pdmodel.graphics.color.PDICCBased.setMetadata(COSStream),4,1,3,2,0
org.apache.pdfbox.pdmodel.graphics.color.PDICCBased.toString(),4,1,0,3,0
org.apache.pdfbox.examples.util.RemoveAllText.RemoveAllText(),3,1,0,1,0
org.apache.pdfbox.examples.util.RemoveAllText.main(String[]),54,8,4,24,2
org.apache.pdfbox.examples.util.RemoveAllText.usage(),4,1,2,2,0
org.apache.pdfbox.pdfwriter.ContentStreamWriter.ContentStreamWriter(OutputStream),4,1,3,2,0
org.apache.pdfbox.pdfwriter.ContentStreamWriter.writeToken(COSBase),4,1,1,1,0
org.apache.pdfbox.pdfwriter.ContentStreamWriter.writeToken(Operator),4,1,1,1,0
org.apache.pdfbox.pdfwriter.ContentStreamWriter.writeTokens(Object...),8,2,4,3,1
org.apache.pdfbox.pdfwriter.ContentStreamWriter.writeTokens(List),7,2,3,1,1
org.apache.pdfbox.pdfwriter.ContentStreamWriter.writeObject(Object),88,14,13,20,3
"org.apache.pdfbox.contentstream.operator.markedcontent.DrawObject.process(Operator, List<COSBase>)",24,5,3,8,0
org.apache.pdfbox.contentstream.operator.markedcontent.DrawObject.getName(),4,1,0,1,0
org.apache.pdfbox.pdmodel.graphics.form.PDFormXObject.PDFormXObject(PDStream),5,1,7,3,0
org.apache.pdfbox.pdmodel.graphics.form.PDFormXObject.PDFormXObject(COSStream),5,1,9,3,0
"org.apache.pdfbox.pdmodel.graphics.form.PDFormXObject.PDFormXObject(COSStream, ResourceCache)",5,1,5,3,0
org.apache.pdfbox.pdmodel.graphics.form.PDFormXObject.PDFormXObject(PDDocument),5,1,5,3,0
org.apache.pdfbox.pdmodel.graphics.form.PDFormXObject.getFormType(),4,1,1,3,0
org.apache.pdfbox.pdmodel.graphics.form.PDFormXObject.setFormType(int),4,1,8,2,0
org.apache.pdfbox.pdmodel.graphics.form.PDFormXObject.getGroup(),12,3,2,5,0
org.apache.pdfbox.pdmodel.graphics.form.PDFormXObject.getContentStream(),4,1,1,3,0
org.apache.pdfbox.pdmodel.graphics.form.PDFormXObject.getContents(),4,1,0,3,0
org.apache.pdfbox.pdmodel.graphics.form.PDFormXObject.getResources(),9,2,9,4,0
org.apache.pdfbox.pdmodel.graphics.form.PDFormXObject.setResources(PDResources),4,1,9,2,0
org.apache.pdfbox.pdmodel.graphics.form.PDFormXObject.getBBox(),10,2,8,4,0
org.apache.pdfbox.pdmodel.graphics.form.PDFormXObject.setBBox(PDRectangle),11,2,9,4,0
org.apache.pdfbox.pdmodel.graphics.form.PDFormXObject.getMatrix(),12,2,5,5,0
org.apache.pdfbox.pdmodel.graphics.form.PDFormXObject.setMatrix(AffineTransform),11,2,6,6,1
org.apache.pdfbox.pdmodel.graphics.form.PDFormXObject.getStructParents(),4,1,1,3,0
org.apache.pdfbox.pdmodel.graphics.form.PDFormXObject.setStructParents(int),4,1,2,2,0
org.apache.pdfbox.pdmodel.graphics.form.PDTransparencyGroup.PDTransparencyGroup(PDStream),4,1,1,2,0
"org.apache.pdfbox.pdmodel.graphics.form.PDTransparencyGroup.PDTransparencyGroup(COSStream, ResourceCache)",4,1,3,2,0
org.apache.pdfbox.pdmodel.graphics.form.PDTransparencyGroup.PDTransparencyGroup(PDDocument),4,1,1,2,0
org.apache.pdfbox.text.PDFMarkedContentExtractor.PDFMarkedContentExtractor(),4,1,0,2,0
org.apache.pdfbox.text.PDFMarkedContentExtractor.PDFMarkedContentExtractor(String),7,1,1,2,0
"org.apache.pdfbox.text.PDFMarkedContentExtractor.within(float, float, float)",4,1,4,1,0
"org.apache.pdfbox.text.PDFMarkedContentExtractor.beginMarkedContentSequence(COSName, COSDictionary)",18,3,6,6,0
org.apache.pdfbox.text.PDFMarkedContentExtractor.endMarkedContentSequence(),7,2,2,2,0
org.apache.pdfbox.text.PDFMarkedContentExtractor.xobject(PDXObject),7,2,3,3,0
org.apache.pdfbox.text.PDFMarkedContentExtractor.processTextPosition(TextPosition),70,11,4,20,1
org.apache.pdfbox.text.PDFMarkedContentExtractor.getMarkedContents(),4,1,1,1,0
"org.apache.pdfbox.preflight.integration.TestInvalidFiles.TestInvalidFiles(File, String)",4,1,2,2,0
org.apache.pdfbox.preflight.integration.TestInvalidFiles.stopIfExpected(),6,1,1,3,0
org.apache.pdfbox.preflight.integration.TestInvalidFiles.initializeParameters(),48,6,3,20,1
org.apache.pdfbox.preflight.integration.TestInvalidFiles.getResultFileKey(),4,1,1,1,0
"org.apache.pdfbox.preflight.integration.AbstractInvalidFileTester.AbstractInvalidFileTester(File, String)",6,1,4,6,0
org.apache.pdfbox.preflight.integration.AbstractInvalidFileTester.validate(),74,13,5,30,2
org.apache.pdfbox.preflight.integration.AbstractInvalidFileTester.getResultFileKey(),1,1,1,1,0
org.apache.pdfbox.preflight.integration.AbstractInvalidFileTester.before(),12,2,1,4,0
org.apache.pdfbox.preflight.integration.AbstractInvalidFileTester.after(),4,1,1,1,0
org.apache.pdfbox.pdmodel.graphics.form.PDTransparencyGroupAttributes.PDTransparencyGroupAttributes(COSDictionary),4,1,2,2,0
org.apache.pdfbox.pdmodel.graphics.form.PDTransparencyGroupAttributes.getCOSObject(),4,1,4,1,0
org.apache.pdfbox.pdmodel.graphics.form.PDTransparencyGroupAttributes.getColorSpace(),8,2,2,5,0
org.apache.pdfbox.pdmodel.graphics.form.PDTransparencyGroupAttributes.isIsolated(),4,1,1,3,0
org.apache.pdfbox.pdmodel.graphics.form.PDTransparencyGroupAttributes.isKnockout(),4,1,1,3,0
org.apache.pdfbox.pdmodel.fdf.FDFCatalog.FDFCatalog(),4,1,3,3,0
org.apache.pdfbox.pdmodel.fdf.FDFCatalog.FDFCatalog(COSDictionary),4,1,2,2,0
org.apache.pdfbox.pdmodel.fdf.FDFCatalog.FDFCatalog(Element),6,1,2,4,0
org.apache.pdfbox.pdmodel.fdf.FDFCatalog.writeXML(Writer),5,1,2,2,0
org.apache.pdfbox.pdmodel.fdf.FDFCatalog.getCOSObject(),4,1,1,1,0
org.apache.pdfbox.pdmodel.fdf.FDFCatalog.getVersion(),4,1,2,2,0
org.apache.pdfbox.pdmodel.fdf.FDFCatalog.setVersion(String),4,1,3,1,0
org.apache.pdfbox.pdmodel.fdf.FDFCatalog.getFDF(),15,2,5,5,0
org.apache.pdfbox.pdmodel.fdf.FDFCatalog.setFDF(FDFDictionary),4,1,6,1,0
org.apache.pdfbox.pdmodel.fdf.FDFCatalog.getSignature(),10,2,2,3,0
org.apache.pdfbox.pdmodel.fdf.FDFCatalog.setSignature(PDSignature),4,1,3,1,0
org.apache.pdfbox.pdmodel.fdf.FDFDictionary.FDFDictionary(),4,1,3,3,0
org.apache.pdfbox.pdmodel.fdf.FDFDictionary.FDFDictionary(COSDictionary),4,1,2,2,0
org.apache.pdfbox.pdmodel.fdf.FDFDictionary.FDFDictionary(Element),164,32,7,40,3
org.apache.pdfbox.pdmodel.fdf.FDFDictionary.writeXML(Writer),26,5,2,9,1
org.apache.pdfbox.pdmodel.fdf.FDFDictionary.getCOSObject(),4,1,1,1,0
org.apache.pdfbox.pdmodel.fdf.FDFDictionary.getFile(),4,1,3,3,0
org.apache.pdfbox.pdmodel.fdf.FDFDictionary.setFile(PDFileSpecification),4,1,4,1,0
org.apache.pdfbox.pdmodel.fdf.FDFDictionary.getID(),4,1,3,2,0
org.apache.pdfbox.pdmodel.fdf.FDFDictionary.setID(COSArray),4,1,5,1,0
org.apache.pdfbox.pdmodel.fdf.FDFDictionary.getFields(),15,3,4,8,1
org.apache.pdfbox.pdmodel.fdf.FDFDictionary.setFields(List<FDFField>),4,1,5,2,0
org.apache.pdfbox.pdmodel.fdf.FDFDictionary.getStatus(),4,1,2,2,0
org.apache.pdfbox.pdmodel.fdf.FDFDictionary.setStatus(String),4,1,3,1,0
org.apache.pdfbox.pdmodel.fdf.FDFDictionary.getPages(),15,3,2,8,1
org.apache.pdfbox.pdmodel.fdf.FDFDictionary.setPages(List<FDFPage>),4,1,3,2,0
org.apache.pdfbox.pdmodel.fdf.FDFDictionary.getEncoding(),9,2,2,2,0
org.apache.pdfbox.pdmodel.fdf.FDFDictionary.setEncoding(String),4,1,3,1,0
org.apache.pdfbox.pdmodel.fdf.FDFDictionary.getAnnotations(),15,3,3,8,1
org.apache.pdfbox.pdmodel.fdf.FDFDictionary.setAnnotations(List<FDFAnnotation>),4,1,4,2,0
org.apache.pdfbox.pdmodel.fdf.FDFDictionary.getDifferences(),4,1,2,2,0
org.apache.pdfbox.pdmodel.fdf.FDFDictionary.setDifferences(COSStream),4,1,3,1,0
org.apache.pdfbox.pdmodel.fdf.FDFDictionary.getTarget(),4,1,2,2,0
org.apache.pdfbox.pdmodel.fdf.FDFDictionary.setTarget(String),4,1,3,1,0
org.apache.pdfbox.pdmodel.fdf.FDFDictionary.getEmbeddedFDFs(),15,3,2,8,1
org.apache.pdfbox.pdmodel.fdf.FDFDictionary.setEmbeddedFDFs(List<PDFileSpecification>),4,1,3,2,0
org.apache.pdfbox.pdmodel.fdf.FDFDictionary.getJavaScript(),10,2,2,3,0
org.apache.pdfbox.pdmodel.fdf.FDFDictionary.setJavaScript(FDFJavaScript),4,1,3,1,0
org.apache.pdfbox.filter.ccitt.FillOrderChangeInputStream.FillOrderChangeInputStream(InputStream),4,1,2,2,0
"org.apache.pdfbox.filter.ccitt.FillOrderChangeInputStream.read(byte[], int, int)",13,3,4,3,1
org.apache.pdfbox.filter.ccitt.FillOrderChangeInputStream.read(),12,2,1,2,0
org.apache.pdfbox.preflight.content.StubOperator.StubOperator(String),4,1,2,2,0
"org.apache.pdfbox.preflight.content.StubOperator.process(Operator, List<COSBase>)",161,40,2,9,0
org.apache.pdfbox.preflight.content.StubOperator.checkNoOperands(List<COSBase>),7,2,2,2,0
"org.apache.pdfbox.preflight.content.StubOperator.checkStringOperands(List<COSBase>, int)",23,6,8,9,1
"org.apache.pdfbox.preflight.content.StubOperator.checkArrayOperands(List<COSBase>, int)",20,5,5,6,1
"org.apache.pdfbox.preflight.content.StubOperator.checkNumberOperands(List<COSBase>, int)",25,6,8,7,1
org.apache.pdfbox.preflight.content.StubOperator.checkTagAndPropertyOperands(List<COSBase>),38,9,9,10,0
org.apache.pdfbox.preflight.content.StubOperator.createInvalidArgumentsError(),6,1,6,3,0
"org.apache.pdfbox.preflight.content.StubOperator.createLimitError(String, String)",6,1,6,3,0
org.apache.pdfbox.preflight.content.StubOperator.getName(),4,1,1,1,0
"org.apache.pdfbox.preflight.content.ContentStreamException.ContentStreamException(String, Throwable)",4,1,1,2,0
org.apache.pdfbox.preflight.content.ContentStreamException.ContentStreamException(String),4,1,3,2,0
org.apache.pdfbox.preflight.content.ContentStreamException.ContentStreamException(Throwable),4,1,2,3,0
org.apache.pdfbox.preflight.content.ContentStreamException.getErrorCode(),4,1,5,1,0
org.apache.pdfbox.preflight.content.ContentStreamException.setErrorCode(String),4,1,3,1,0
org.apache.pdfbox.preflight.font.container.FontContainer.FontContainer(T),4,1,7,2,0
org.apache.pdfbox.preflight.font.container.FontContainer.push(ValidationError),4,1,40,1,0
org.apache.pdfbox.preflight.font.container.FontContainer.push(List<ValidationError>),4,1,3,1,0
org.apache.pdfbox.preflight.font.container.FontContainer.getAllErrors(),4,1,3,1,0
org.apache.pdfbox.preflight.font.container.FontContainer.isValid(),4,1,4,3,0
org.apache.pdfbox.preflight.font.container.FontContainer.errorsAleadyMerged(),4,1,2,1,0
org.apache.pdfbox.preflight.font.container.FontContainer.setErrorsAlreadyMerged(boolean),4,1,2,1,0
org.apache.pdfbox.preflight.font.container.FontContainer.isEmbeddedFont(),4,1,4,1,0
org.apache.pdfbox.preflight.font.container.FontContainer.notEmbedded(),4,1,5,1,0
org.apache.pdfbox.preflight.font.container.FontContainer.checkGlyphWidth(int),27,4,6,10,0
org.apache.pdfbox.preflight.font.container.FontContainer.hasGlyph(int),1,1,2,1,0
org.apache.pdfbox.preflight.font.container.FontContainer.isAlreadyProcessed(int),11,2,3,3,0
"org.apache.pdfbox.preflight.font.container.FontContainer.checkWidthsConsistency(int, float, float)",12,2,6,5,0
org.apache.pdfbox.preflight.font.container.FontContainer.markAsValid(int),4,1,4,2,0
"org.apache.pdfbox.preflight.font.container.FontContainer.markAsInvalid(int, GlyphException)",4,1,7,2,0
org.apache.pdfbox.preflight.font.util.GlyphDetail.GlyphDetail(int),5,1,2,3,0
"org.apache.pdfbox.preflight.font.util.GlyphDetail.GlyphDetail(int, GlyphException)",5,1,3,3,0
org.apache.pdfbox.preflight.font.util.GlyphDetail.throwExceptionIfNotValid(),7,2,2,0,0
org.apache.pdfbox.preflight.font.util.GlyphDetail.getCode(),4,1,1,1,0
"org.apache.pdfbox.preflight.font.util.GlyphException.GlyphException(String, int)",6,1,2,4,0
"org.apache.pdfbox.preflight.font.util.GlyphException.GlyphException(String, int, String)",6,1,7,4,0
"org.apache.pdfbox.preflight.font.util.GlyphException.GlyphException(String, int, String, Throwable)",6,1,5,4,0
org.apache.pdfbox.preflight.font.util.GlyphException.getErrorCode(),4,1,2,1,0
org.apache.pdfbox.preflight.font.util.GlyphException.getInvalidCid(),4,1,1,1,0
org.apache.pdfbox.multipdf.PDFMergerUtilityTest.setUp(),9,2,1,5,0
org.apache.pdfbox.multipdf.PDFMergerUtilityTest.testPDFMergerUtility(),11,1,0,3,0
org.apache.pdfbox.multipdf.PDFMergerUtilityTest.testJpegCcitt(),11,1,0,3,0
org.apache.pdfbox.multipdf.PDFMergerUtilityTest.testPDFMergerUtility2(),11,1,0,3,0
"org.apache.pdfbox.multipdf.PDFMergerUtilityTest.checkMergeIdentical(String, String, String, MemoryUsageSetting)",45,5,10,12,0
"org.apache.pdfbox.multipdf.PDFMergerUtilityTest.checkImagesIdentical(BufferedImage, BufferedImage)",14,3,3,4,0
org.apache.pdfbox.multipdf.PDFMergerUtility.PDFMergerUtility(),5,1,3,4,0
org.apache.pdfbox.multipdf.PDFMergerUtility.getDestinationFileName(),4,1,1,1,0
org.apache.pdfbox.multipdf.PDFMergerUtility.setDestinationFileName(String),4,1,3,1,0
org.apache.pdfbox.multipdf.PDFMergerUtility.getDestinationStream(),4,1,1,1,0
org.apache.pdfbox.multipdf.PDFMergerUtility.setDestinationStream(OutputStream),4,1,1,1,0
org.apache.pdfbox.multipdf.PDFMergerUtility.addSource(String),4,1,2,2,0
org.apache.pdfbox.multipdf.PDFMergerUtility.addSource(File),6,1,5,2,0
org.apache.pdfbox.multipdf.PDFMergerUtility.addSource(InputStream),4,1,2,1,0
org.apache.pdfbox.multipdf.PDFMergerUtility.addSources(List<InputStream>),4,1,2,1,0
org.apache.pdfbox.multipdf.PDFMergerUtility.mergeDocuments(),4,1,0,2,0
org.apache.pdfbox.multipdf.PDFMergerUtility.mergeDocuments(MemoryUsageSetting),48,8,8,15,3
"org.apache.pdfbox.multipdf.PDFMergerUtility.appendDocument(PDDocument, PDDocument)",259,40,19,82,5
"org.apache.pdfbox.multipdf.PDFMergerUtility.mergeAcroForm(PDFCloneUtility, PDAcroForm, PDAcroForm)",29,6,7,18,2
org.apache.pdfbox.multipdf.PDFMergerUtility.isIgnoreAcroFormErrors(),4,1,1,1,0
org.apache.pdfbox.multipdf.PDFMergerUtility.setIgnoreAcroFormErrors(boolean),4,1,1,1,0
"org.apache.pdfbox.multipdf.PDFMergerUtility.updatePageReferences(COSDictionary, Map<COSDictionary, COSDictionary>)",22,5,6,5,0
"org.apache.pdfbox.multipdf.PDFMergerUtility.updatePageReferences(COSArray, Map<COSDictionary, COSDictionary>)",15,4,4,3,1
"org.apache.pdfbox.multipdf.PDFMergerUtility.updateParentEntry(COSArray, COSDictionary)",15,4,4,4,1
"org.apache.pdfbox.multipdf.PDFMergerUtility.updateStructParentEntries(PDPage, int)",12,2,3,8,1
org.apache.pdfbox.multipdf.PDFMergerUtility.isDynamicXfa(PDAcroForm),4,1,2,2,0
org.apache.pdfbox.pdmodel.fdf.FDFAnnotationUnderline.FDFAnnotationUnderline(),5,1,3,3,0
org.apache.pdfbox.pdmodel.fdf.FDFAnnotationUnderline.FDFAnnotationUnderline(COSDictionary),4,1,2,2,0
org.apache.pdfbox.pdmodel.fdf.FDFAnnotationUnderline.FDFAnnotationUnderline(Element),5,1,5,3,0
org.apache.fontbox.ttf.HeaderTable.HeaderTable(TrueTypeFont),4,1,2,2,0
"org.apache.fontbox.ttf.HeaderTable.read(TrueTypeFont, TTFDataStream)",21,1,1,23,0
org.apache.fontbox.ttf.HeaderTable.getCheckSumAdjustment(),4,1,1,1,0
org.apache.fontbox.ttf.HeaderTable.setCheckSumAdjustment(long),4,1,1,1,0
org.apache.fontbox.ttf.HeaderTable.getCreated(),4,1,3,1,0
org.apache.fontbox.ttf.HeaderTable.setCreated(Calendar),4,1,1,1,0
org.apache.fontbox.ttf.HeaderTable.getFlags(),4,1,2,1,0
org.apache.fontbox.ttf.HeaderTable.setFlags(int),4,1,1,1,0
org.apache.fontbox.ttf.HeaderTable.getFontDirectionHint(),4,1,2,1,0
org.apache.fontbox.ttf.HeaderTable.setFontDirectionHint(short),4,1,1,1,0
org.apache.fontbox.ttf.HeaderTable.getFontRevision(),4,1,2,1,0
org.apache.fontbox.ttf.HeaderTable.setFontRevision(float),4,1,1,1,0
org.apache.fontbox.ttf.HeaderTable.getGlyphDataFormat(),4,1,2,1,0
org.apache.fontbox.ttf.HeaderTable.setGlyphDataFormat(short),4,1,1,1,0
org.apache.fontbox.ttf.HeaderTable.getIndexToLocFormat(),4,1,2,1,0
org.apache.fontbox.ttf.HeaderTable.setIndexToLocFormat(short),4,1,1,1,0
org.apache.fontbox.ttf.HeaderTable.getLowestRecPPEM(),4,1,2,1,0
org.apache.fontbox.ttf.HeaderTable.setLowestRecPPEM(int),4,1,1,1,0
org.apache.fontbox.ttf.HeaderTable.getMacStyle(),4,1,3,1,0
org.apache.fontbox.ttf.HeaderTable.setMacStyle(int),4,1,1,1,0
org.apache.fontbox.ttf.HeaderTable.getMagicNumber(),4,1,2,1,0
org.apache.fontbox.ttf.HeaderTable.setMagicNumber(long),4,1,1,1,0
org.apache.fontbox.ttf.HeaderTable.getModified(),4,1,2,1,0
org.apache.fontbox.ttf.HeaderTable.setModified(Calendar),4,1,1,1,0
org.apache.fontbox.ttf.HeaderTable.getUnitsPerEm(),4,1,8,1,0
org.apache.fontbox.ttf.HeaderTable.setUnitsPerEm(int),4,1,1,1,0
org.apache.fontbox.ttf.HeaderTable.getVersion(),4,1,2,1,0
org.apache.fontbox.ttf.HeaderTable.setVersion(float),4,1,1,1,0
org.apache.fontbox.ttf.HeaderTable.getXMax(),4,1,4,1,0
org.apache.fontbox.ttf.HeaderTable.setXMax(short),4,1,1,1,0
org.apache.fontbox.ttf.HeaderTable.getXMin(),4,1,4,1,0
org.apache.fontbox.ttf.HeaderTable.setXMin(short),4,1,1,1,0
org.apache.fontbox.ttf.HeaderTable.getYMax(),4,1,4,1,0
org.apache.fontbox.ttf.HeaderTable.setYMax(short),4,1,1,1,0
org.apache.fontbox.ttf.HeaderTable.getYMin(),4,1,4,1,0
org.apache.fontbox.ttf.HeaderTable.setYMin(short),4,1,1,1,0
org.apache.pdfbox.pdmodel.interactive.form.PDRadioButton.PDRadioButton(PDAcroForm),5,1,3,3,0
"org.apache.pdfbox.pdmodel.interactive.form.PDRadioButton.PDRadioButton(PDAcroForm, COSDictionary, PDNonTerminalField)",4,1,4,2,0
org.apache.pdfbox.pdmodel.interactive.form.PDRadioButton.setRadiosInUnison(boolean),4,1,3,2,0
org.apache.pdfbox.pdmodel.interactive.form.PDRadioButton.isRadiosInUnison(),4,1,2,3,0
org.apache.pdfbox.pdmodel.interactive.form.PDRadioButton.getSelectedExportValues(),24,4,1,9,1
org.apache.pdfbox.pdmodel.interactive.form.PDButton.PDButton(PDAcroForm),5,1,6,4,0
"org.apache.pdfbox.pdmodel.interactive.form.PDButton.PDButton(PDAcroForm, COSDictionary, PDNonTerminalField)",4,1,6,2,0
org.apache.pdfbox.pdmodel.interactive.form.PDButton.isPushButton(),4,1,5,3,0
org.apache.pdfbox.pdmodel.interactive.form.PDButton.setPushButton(boolean),4,1,4,2,0
org.apache.pdfbox.pdmodel.interactive.form.PDButton.isRadioButton(),4,1,5,3,0
org.apache.pdfbox.pdmodel.interactive.form.PDButton.setRadioButton(boolean),4,1,4,2,0
org.apache.pdfbox.pdmodel.interactive.form.PDButton.getValue(),12,2,11,3,0
org.apache.pdfbox.pdmodel.interactive.form.PDButton.setValue(String),18,3,13,11,1
org.apache.pdfbox.pdmodel.interactive.form.PDButton.getDefaultValue(),12,2,3,3,0
org.apache.pdfbox.pdmodel.interactive.form.PDButton.setDefaultValue(String),5,1,3,3,0
org.apache.pdfbox.pdmodel.interactive.form.PDButton.getValueAsString(),4,1,1,2,0
org.apache.pdfbox.pdmodel.interactive.form.PDButton.getExportValues(),15,3,4,7,0
org.apache.pdfbox.pdmodel.interactive.form.PDButton.setExportValues(List<String>),13,2,4,5,0
org.apache.pdfbox.pdmodel.interactive.form.PDButton.constructAppearances(),24,4,2,10,1
org.apache.pdfbox.pdmodel.interactive.form.PDButton.getOnValues(),25,6,6,10,2
org.apache.pdfbox.pdmodel.interactive.form.PDButton.checkValue(String),10,2,4,7,0
org.apache.pdfbox.pdmodel.interactive.form.PDNonTerminalField.PDNonTerminalField(PDAcroForm),4,1,1,2,0
"org.apache.pdfbox.pdmodel.interactive.form.PDNonTerminalField.PDNonTerminalField(PDAcroForm, COSDictionary, PDNonTerminalField)",4,1,4,2,0
org.apache.pdfbox.pdmodel.interactive.form.PDNonTerminalField.getFieldFlags(),10,2,2,4,0
org.apache.pdfbox.pdmodel.interactive.form.PDNonTerminalField.importFDF(FDFField),22,5,1,8,2
org.apache.pdfbox.pdmodel.interactive.form.PDNonTerminalField.exportFDF(),14,2,0,11,1
org.apache.pdfbox.pdmodel.interactive.form.PDNonTerminalField.getChildren(),14,3,6,9,1
org.apache.pdfbox.pdmodel.interactive.form.PDNonTerminalField.setChildren(List<PDField>),5,1,2,3,0
org.apache.pdfbox.pdmodel.interactive.form.PDNonTerminalField.getFieldType(),4,1,2,3,0
org.apache.pdfbox.pdmodel.interactive.form.PDNonTerminalField.getValue(),4,1,2,3,0
org.apache.pdfbox.pdmodel.interactive.form.PDNonTerminalField.getValueAsString(),5,2,1,4,0
org.apache.pdfbox.pdmodel.interactive.form.PDNonTerminalField.setValue(COSBase),4,1,2,2,0
org.apache.pdfbox.pdmodel.interactive.form.PDNonTerminalField.setValue(String),4,1,2,2,0
org.apache.pdfbox.pdmodel.interactive.form.PDNonTerminalField.getDefaultValue(),4,1,1,3,0
org.apache.pdfbox.pdmodel.interactive.form.PDNonTerminalField.setDefaultValue(COSBase),4,1,2,2,0
org.apache.pdfbox.pdmodel.interactive.form.PDNonTerminalField.getWidgets(),4,1,0,2,0
org.apache.pdfbox.preflight.action.pdfa1b.AbstractTestAction.createContext(),10,1,2,8,0
"org.apache.pdfbox.preflight.action.pdfa1b.AbstractTestAction.valid(PDAction, boolean)",4,1,6,1,0
"org.apache.pdfbox.preflight.action.pdfa1b.AbstractTestAction.valid(COSDictionary, boolean)",4,1,9,1,0
"org.apache.pdfbox.preflight.action.pdfa1b.AbstractTestAction.valid(PDAction, boolean, String)",4,1,12,2,0
"org.apache.pdfbox.preflight.action.pdfa1b.AbstractTestAction.valid(COSDictionary, boolean, String)",39,7,20,15,2
org.apache.pdfbox.pdmodel.interactive.action.PDAction.PDAction(),5,1,4,4,0
org.apache.pdfbox.pdmodel.interactive.action.PDAction.PDAction(COSDictionary),4,1,14,2,0
org.apache.pdfbox.pdmodel.interactive.action.PDAction.getCOSObject(),4,1,7,1,0
org.apache.pdfbox.pdmodel.interactive.action.PDAction.getType(),4,1,2,2,0
org.apache.pdfbox.pdmodel.interactive.action.PDAction.setType(String),4,1,4,1,0
org.apache.pdfbox.pdmodel.interactive.action.PDAction.getSubType(),4,1,2,2,0
org.apache.pdfbox.pdmodel.interactive.action.PDAction.setSubType(String),4,1,16,1,0
org.apache.pdfbox.pdmodel.interactive.action.PDAction.getNext(),21,4,2,9,1
org.apache.pdfbox.pdmodel.interactive.action.PDAction.setNext(List<?>),4,1,5,2,0
org.apache.pdfbox.preflight.Format.Format(String),4,1,1,2,0
org.apache.pdfbox.preflight.Format.getFname(),4,1,2,1,0
org.apache.pdfbox.preflight.Format.values(),0,1,0,1,0
org.apache.pdfbox.preflight.Format.valueOf(),0,1,0,1,0
org.apache.pdfbox.preflight.PreflightConfiguration.createPdfA1BConfiguration(),27,1,32,6,0
org.apache.pdfbox.preflight.PreflightConfiguration.getProcessNames(),4,1,2,2,0
org.apache.pdfbox.preflight.PreflightConfiguration.getInstanceOfProcess(String),32,6,18,6,0
"org.apache.pdfbox.preflight.PreflightConfiguration.replaceProcess(String, Class<? extends ValidationProcess>)",11,2,6,2,0
org.apache.pdfbox.preflight.PreflightConfiguration.removeProcess(String),4,1,5,1,0
org.apache.pdfbox.preflight.PreflightConfiguration.getPageValidationProcessNames(),4,1,1,2,0
"org.apache.pdfbox.preflight.PreflightConfiguration.replacePageProcess(String, Class<? extends ValidationProcess>)",11,2,5,2,0
org.apache.pdfbox.preflight.PreflightConfiguration.removePageProcess(String),4,1,5,1,0
org.apache.pdfbox.preflight.PreflightConfiguration.isErrorOnMissingProcess(),4,1,1,1,0
org.apache.pdfbox.preflight.PreflightConfiguration.setErrorOnMissingProcess(boolean),4,1,4,1,0
org.apache.pdfbox.preflight.PreflightConfiguration.isLazyValidation(),4,1,3,1,0
org.apache.pdfbox.preflight.PreflightConfiguration.setLazyValidation(boolean),4,1,1,1,0
org.apache.pdfbox.preflight.PreflightConfiguration.getAnnotFact(),4,1,2,1,0
org.apache.pdfbox.preflight.PreflightConfiguration.setAnnotFact(AnnotationValidatorFactory),4,1,1,1,0
org.apache.pdfbox.preflight.PreflightConfiguration.getActionFact(),4,1,2,1,0
org.apache.pdfbox.preflight.PreflightConfiguration.setActionFact(ActionManagerFactory),4,1,1,1,0
org.apache.pdfbox.preflight.PreflightConfiguration.getColorSpaceHelperFact(),4,1,6,1,0
org.apache.pdfbox.preflight.PreflightConfiguration.setColorSpaceHelperFact(ColorSpaceHelperFactory),4,1,1,1,0
org.apache.pdfbox.preflight.PreflightContext.PreflightContext(DataSource),4,1,3,2,0
"org.apache.pdfbox.preflight.PreflightContext.PreflightContext(DataSource, PreflightConfiguration)",5,1,2,3,0
org.apache.pdfbox.preflight.PreflightContext.getMetadata(),4,1,1,1,0
org.apache.pdfbox.preflight.PreflightContext.setMetadata(XMPMetadata),4,1,2,1,0
org.apache.pdfbox.preflight.PreflightContext.getDocument(),4,1,45,1,0
org.apache.pdfbox.preflight.PreflightContext.getXrefTrailerResolver(),4,1,2,1,0
org.apache.pdfbox.preflight.PreflightContext.setXrefTrailerResolver(XrefTrailerResolver),4,1,2,1,0
org.apache.pdfbox.preflight.PreflightContext.setDocument(PreflightDocument),4,1,3,1,0
org.apache.pdfbox.preflight.PreflightContext.getSource(),4,1,2,1,0
org.apache.pdfbox.preflight.PreflightContext.isComplete(),4,1,2,1,0
"org.apache.pdfbox.preflight.PreflightContext.addFontContainer(COSBase, FontContainer)",4,1,4,1,0
org.apache.pdfbox.preflight.PreflightContext.getFontContainer(COSBase),4,1,5,2,0
org.apache.pdfbox.preflight.PreflightContext.getIccProfileWrapper(),4,1,3,1,0
org.apache.pdfbox.preflight.PreflightContext.setIccProfileWrapper(ICCProfileWrapper),4,1,2,1,0
org.apache.pdfbox.preflight.PreflightContext.getConfig(),4,1,11,1,0
org.apache.pdfbox.preflight.PreflightContext.setConfig(PreflightConfiguration),4,1,3,1,0
org.apache.pdfbox.preflight.PreflightContext.close(),4,1,1,1,0
org.apache.pdfbox.preflight.PreflightContext.addValidationError(ValidationError),6,1,94,2,0
org.apache.pdfbox.preflight.PreflightContext.addValidationErrors(List<ValidationError>),8,2,3,1,1
org.apache.pdfbox.preflight.PreflightContext.getValidationPath(),4,1,15,1,0
org.apache.pdfbox.preflight.PreflightContext.setValidationPath(PreflightPath),4,1,1,1,0
org.apache.pdfbox.preflight.PreflightContext.isIccProfileAlreadySearched(),4,1,2,1,0
org.apache.pdfbox.preflight.PreflightContext.setIccProfileAlreadySearched(boolean),4,1,2,1,0
org.apache.pdfbox.preflight.PreflightContext.setCurrentPageNumber(Integer),4,1,2,1,0
org.apache.pdfbox.preflight.PreflightContext.getCurrentPageNumber(),4,1,1,1,0
org.apache.pdfbox.preflight.PreflightDocument.PreflightDocument(Format),4,1,1,2,0
"org.apache.pdfbox.preflight.PreflightDocument.PreflightDocument(COSDocument, Format)",4,1,3,2,0
"org.apache.pdfbox.preflight.PreflightDocument.PreflightDocument(Format, PreflightConfiguration)",4,1,3,3,0
"org.apache.pdfbox.preflight.PreflightDocument.PreflightDocument(COSDocument, Format, PreflightConfiguration)",10,2,7,5,0
org.apache.pdfbox.preflight.PreflightDocument.initConfiguration(Format),9,1,2,2,0
org.apache.pdfbox.preflight.PreflightDocument.getResult(),4,1,13,1,0
org.apache.pdfbox.preflight.PreflightDocument.setResult(ValidationResult),15,3,3,3,0
org.apache.pdfbox.preflight.PreflightDocument.addValidationError(ValidationError),11,3,4,4,0
org.apache.pdfbox.preflight.PreflightDocument.getContext(),4,1,1,1,0
org.apache.pdfbox.preflight.PreflightDocument.setContext(PreflightContext),4,1,3,1,0
org.apache.pdfbox.preflight.PreflightDocument.validate(),9,2,12,3,1
org.apache.pdfbox.preflight.PreflightDocument.getSpecification(),4,1,3,1,0
"org.apache.pdfbox.preflight.action.AbstractActionManager.AbstractActionManager(ActionManagerFactory, COSDictionary, PreflightContext, String)",7,1,12,5,0
org.apache.pdfbox.preflight.action.AbstractActionManager.isAdditionalAction(),4,1,2,1,0
org.apache.pdfbox.preflight.action.AbstractActionManager.getActionDictionnary(),4,1,1,1,0
org.apache.pdfbox.preflight.action.AbstractActionManager.getAdditionalActionKey(),4,1,1,1,0
org.apache.pdfbox.preflight.action.AbstractActionManager.validNextActions(),12,3,4,3,1
org.apache.pdfbox.preflight.action.AbstractActionManager.valid(),4,1,1,2,0
org.apache.pdfbox.preflight.action.AbstractActionManager.valid(boolean),14,3,5,6,0
org.apache.pdfbox.preflight.action.AbstractActionManager.innerValid(),1,1,2,1,0
"org.apache.pdfbox.preflight.action.ActionManagerFactory.getActionManagers(PreflightContext, COSDictionary)",31,6,7,14,1
"org.apache.pdfbox.preflight.action.ActionManagerFactory.callCreateAction(COSBase, PreflightContext, List<AbstractActionManager>, Map<COSObjectKey, Boolean>)",5,1,6,1,0
"org.apache.pdfbox.preflight.action.ActionManagerFactory.callCreateAction(COSBase, PreflightContext, List<AbstractActionManager>, String, Map<COSObjectKey, Boolean>)",25,4,8,11,0
"org.apache.pdfbox.preflight.action.ActionManagerFactory.getNextActions(PreflightContext, COSDictionary)",24,4,4,11,1
"org.apache.pdfbox.preflight.action.ActionManagerFactory.createActionManager(PreflightContext, COSDictionary, String)",46,10,22,13,0
org.apache.pdfbox.pdmodel.PDJavascriptNameTreeNode.PDJavascriptNameTreeNode(),4,1,0,2,0
org.apache.pdfbox.pdmodel.PDJavascriptNameTreeNode.PDJavascriptNameTreeNode(COSDictionary),4,1,3,2,0
org.apache.pdfbox.pdmodel.PDJavascriptNameTreeNode.convertCOSToPD(COSBase),8,2,1,3,0
org.apache.pdfbox.pdmodel.PDJavascriptNameTreeNode.createChildNode(COSDictionary),4,1,1,2,0
org.apache.pdfbox.pdmodel.common.PDNameTreeNode.PDNameTreeNode(),4,1,5,3,0
org.apache.pdfbox.pdmodel.common.PDNameTreeNode.PDNameTreeNode(COSDictionary),4,1,6,2,0
org.apache.pdfbox.pdmodel.common.PDNameTreeNode.getCOSObject(),4,1,1,1,0
org.apache.pdfbox.pdmodel.common.PDNameTreeNode.getParent(),4,1,1,1,0
org.apache.pdfbox.pdmodel.common.PDNameTreeNode.setParent(PDNameTreeNode),5,1,2,2,0
org.apache.pdfbox.pdmodel.common.PDNameTreeNode.isRootNode(),4,1,3,1,0
org.apache.pdfbox.pdmodel.common.PDNameTreeNode.getKids(),15,3,7,8,1
org.apache.pdfbox.pdmodel.common.PDNameTreeNode.setKids(List<? extends PDNameTreeNode>),21,4,7,6,1
org.apache.pdfbox.pdmodel.common.PDNameTreeNode.calculateLimits(),45,5,8,15,0
org.apache.pdfbox.pdmodel.common.PDNameTreeNode.getValue(String),30,5,3,10,1
org.apache.pdfbox.pdmodel.common.PDNameTreeNode.getNames(),19,3,9,9,1
org.apache.pdfbox.pdmodel.common.PDNameTreeNode.convertCOSToPD(COSBase),1,1,1,1,0
org.apache.pdfbox.pdmodel.common.PDNameTreeNode.createChildNode(COSDictionary),1,1,1,1,0
"org.apache.pdfbox.pdmodel.common.PDNameTreeNode.setNames(Map<String, T>)",21,3,6,11,1
org.apache.pdfbox.pdmodel.common.PDNameTreeNode.getUpperLimit(),10,2,5,3,0
org.apache.pdfbox.pdmodel.common.PDNameTreeNode.setUpperLimit(String),12,2,4,5,0
org.apache.pdfbox.pdmodel.common.PDNameTreeNode.getLowerLimit(),10,2,5,3,0
org.apache.pdfbox.pdmodel.common.PDNameTreeNode.setLowerLimit(String),12,2,4,5,0
org.apache.pdfbox.pdmodel.interactive.action.PDActionFactory.PDActionFactory(),3,1,0,1,0
org.apache.pdfbox.pdmodel.interactive.action.PDActionFactory.createAction(COSDictionary),61,15,45,16,0
org.apache.pdfbox.pdmodel.interactive.action.PDActionJavaScript.PDActionJavaScript(),5,1,5,3,0
org.apache.pdfbox.pdmodel.interactive.action.PDActionJavaScript.PDActionJavaScript(String),5,1,2,3,0
org.apache.pdfbox.pdmodel.interactive.action.PDActionJavaScript.PDActionJavaScript(COSDictionary),4,1,2,2,0
org.apache.pdfbox.pdmodel.interactive.action.PDActionJavaScript.setAction(String),4,1,6,1,0
org.apache.pdfbox.pdmodel.interactive.action.PDActionJavaScript.getAction(),16,3,2,4,0
org.apache.pdfbox.debugger.colorpane.CSArrayBased.CSArrayBased(COSArray),16,3,4,8,0
org.apache.pdfbox.debugger.colorpane.CSArrayBased.initUI(),25,3,9,12,0
org.apache.pdfbox.debugger.colorpane.CSArrayBased.getPanel(),4,1,2,1,0
org.apache.pdfbox.pdmodel.graphics.color.PDPattern.PDPattern(PDResources),4,1,2,2,0
"org.apache.pdfbox.pdmodel.graphics.color.PDPattern.PDPattern(PDResources, PDColorSpace)",5,1,3,3,0
org.apache.pdfbox.pdmodel.graphics.color.PDPattern.getName(),4,1,1,2,0
org.apache.pdfbox.pdmodel.graphics.color.PDPattern.getNumberOfComponents(),4,1,0,2,0
org.apache.pdfbox.pdmodel.graphics.color.PDPattern.getDefaultDecode(int),4,1,0,2,0
org.apache.pdfbox.pdmodel.graphics.color.PDPattern.getInitialColor(),4,1,1,1,0
org.apache.pdfbox.pdmodel.graphics.color.PDPattern.toRGB(float[]),4,1,0,2,0
org.apache.pdfbox.pdmodel.graphics.color.PDPattern.toRGBImage(WritableRaster),4,1,0,2,0
org.apache.pdfbox.pdmodel.graphics.color.PDPattern.getPattern(PDColor),12,2,3,4,0
org.apache.pdfbox.pdmodel.graphics.color.PDPattern.getUnderlyingColorSpace(),4,1,2,1,0
org.apache.pdfbox.pdmodel.graphics.color.PDPattern.toString(),4,1,0,1,0
"org.apache.xmpbox.type.AbstractComplexProperty.AbstractComplexProperty(XMPMetadata, String)",6,1,4,6,0
"org.apache.xmpbox.type.AbstractComplexProperty.addNamespace(String, String)",4,1,10,1,0
org.apache.xmpbox.type.AbstractComplexProperty.getNamespacePrefix(String),4,1,3,2,0
org.apache.xmpbox.type.AbstractComplexProperty.getAllNamespacesWithPrefix(),4,1,2,1,0
org.apache.xmpbox.type.AbstractComplexProperty.addProperty(AbstractField),8,2,90,3,0
org.apache.xmpbox.type.AbstractComplexProperty.removeProperty(AbstractField),4,1,4,1,0
org.apache.xmpbox.type.AbstractComplexProperty.getContainer(),4,1,29,1,0
org.apache.xmpbox.type.AbstractComplexProperty.getAllProperties(),4,1,12,2,0
org.apache.xmpbox.type.AbstractComplexProperty.getProperty(String),9,2,147,3,0
org.apache.xmpbox.type.AbstractComplexProperty.getArrayProperty(String),9,2,5,3,0
"org.apache.xmpbox.type.AbstractComplexProperty.getFirstEquivalentProperty(String, Class<? extends AbstractField>)",4,1,29,2,0
"org.apache.xmpbox.type.AbstractSimpleProperty.AbstractSimpleProperty(XMPMetadata, String, String, String, Object)",9,1,10,6,0
org.apache.xmpbox.type.AbstractSimpleProperty.setValue(Object),1,1,1,0,0
org.apache.xmpbox.type.AbstractSimpleProperty.getStringValue(),1,1,5,1,0
org.apache.xmpbox.type.AbstractSimpleProperty.getValue(),1,1,2,1,0
org.apache.xmpbox.type.AbstractSimpleProperty.getRawValue(),4,1,3,1,0
org.apache.xmpbox.type.AbstractSimpleProperty.toString(),7,1,0,7,0
org.apache.xmpbox.type.AbstractSimpleProperty.getNamespace(),4,1,3,1,0
org.apache.xmpbox.type.AbstractSimpleProperty.getPrefix(),4,1,3,1,0
org.apache.xmpbox.type.ComplexPropertyContainer.ComplexPropertyContainer(),4,1,1,3,0
"org.apache.xmpbox.type.ComplexPropertyContainer.getFirstEquivalentProperty(String, Class<? extends AbstractField>)",15,4,3,4,1
org.apache.xmpbox.type.ComplexPropertyContainer.addProperty(AbstractField),8,2,20,3,0
org.apache.xmpbox.type.ComplexPropertyContainer.getAllProperties(),4,1,22,1,0
org.apache.xmpbox.type.ComplexPropertyContainer.getPropertiesByLocalName(String),24,5,5,7,1
"org.apache.xmpbox.type.ComplexPropertyContainer.isSameProperty(AbstractField, AbstractField)",20,4,3,5,0
org.apache.xmpbox.type.ComplexPropertyContainer.containsProperty(AbstractField),14,3,3,6,1
org.apache.xmpbox.type.ComplexPropertyContainer.removeProperty(AbstractField),7,2,10,2,0
org.apache.xmpbox.type.ComplexPropertyContainer.removePropertiesByName(String),16,4,3,3,1
"org.apache.pdfbox.pdmodel.font.PDCIDFontType2Embedder.PDCIDFontType2Embedder(PDDocument, COSDictionary, TrueTypeFont, boolean, PDType0Font)",25,3,16,19,1
"org.apache.pdfbox.pdmodel.font.PDCIDFontType2Embedder.buildSubset(InputStream, String, Map<Integer, Integer>)",17,2,3,12,1
"org.apache.pdfbox.pdmodel.font.PDCIDFontType2Embedder.buildToUnicodeCMap(Map<Integer, Integer>)",46,8,9,15,1
"org.apache.pdfbox.pdmodel.font.PDCIDFontType2Embedder.toCIDSystemInfo(String, String, int)",8,1,7,4,0
org.apache.pdfbox.pdmodel.font.PDCIDFontType2Embedder.createCIDFont(),13,1,11,8,0
org.apache.pdfbox.pdmodel.font.PDCIDFontType2Embedder.addNameTag(String),8,1,6,3,0
"org.apache.pdfbox.pdmodel.font.PDCIDFontType2Embedder.buildCIDToGIDMap(Map<Integer, Integer>)",22,3,8,13,1
"org.apache.pdfbox.pdmodel.font.PDCIDFontType2Embedder.buildCIDSet(Map<Integer, Integer>)",12,2,5,5,1
"org.apache.pdfbox.pdmodel.font.PDCIDFontType2Embedder.buildWidths(Map<Integer, Integer>)",22,3,6,12,1
org.apache.pdfbox.pdmodel.font.PDCIDFontType2Embedder.buildWidths(COSDictionary),11,2,4,5,1
org.apache.pdfbox.pdmodel.font.PDCIDFontType2Embedder.getWidths(int[]),88,14,7,8,1
org.apache.pdfbox.pdmodel.font.PDCIDFontType2Embedder.getCIDFont(),4,1,4,2,0
"org.apache.pdfbox.pdmodel.font.PDType0Font.load(PDDocument, File)",4,1,6,4,0
"org.apache.pdfbox.pdmodel.font.PDType0Font.load(PDDocument, InputStream)",4,1,2,4,0
"org.apache.pdfbox.pdmodel.font.PDType0Font.load(PDDocument, InputStream, boolean)",5,1,4,4,0
"org.apache.pdfbox.pdmodel.font.PDType0Font.load(PDDocument, TrueTypeFont, boolean)",5,1,3,2,0
org.apache.pdfbox.pdmodel.font.PDType0Font.PDType0Font(COSDictionary),13,2,4,9,0
"org.apache.pdfbox.pdmodel.font.PDType0Font.PDType0Font(PDDocument, TrueTypeFont, boolean)",8,1,9,7,0
org.apache.pdfbox.pdmodel.font.PDType0Font.addToSubset(int),8,2,2,3,0
org.apache.pdfbox.pdmodel.font.PDType0Font.subset(),8,2,1,3,0
org.apache.pdfbox.pdmodel.font.PDType0Font.willBeSubset(),4,1,3,2,0
org.apache.pdfbox.pdmodel.font.PDType0Font.readEncoding(),38,7,7,15,0
org.apache.pdfbox.pdmodel.font.PDType0Font.fetchCMapUCS2(),32,7,9,10,0
org.apache.pdfbox.pdmodel.font.PDType0Font.getCJKCMap(PDCIDSystemInfo),23,5,1,4,0
org.apache.pdfbox.pdmodel.font.PDType0Font.getBaseFont(),4,1,4,2,0
org.apache.pdfbox.pdmodel.font.PDType0Font.getDescendantFont(),4,1,7,1,0
org.apache.pdfbox.pdmodel.font.PDType0Font.getCMap(),4,1,4,1,0
org.apache.pdfbox.pdmodel.font.PDType0Font.getCMapUCS2(),4,1,2,1,0
org.apache.pdfbox.pdmodel.font.PDType0Font.getFontDescriptor(),4,1,1,2,0
org.apache.pdfbox.pdmodel.font.PDType0Font.getFontMatrix(),4,1,1,2,0
org.apache.pdfbox.pdmodel.font.PDType0Font.isVertical(),4,1,2,2,0
org.apache.pdfbox.pdmodel.font.PDType0Font.getHeight(int),4,1,2,2,0
org.apache.pdfbox.pdmodel.font.PDType0Font.encode(int),4,1,2,2,0
org.apache.pdfbox.pdmodel.font.PDType0Font.getAverageFontWidth(),4,1,1,2,0
org.apache.pdfbox.pdmodel.font.PDType0Font.getPositionVector(int),4,1,2,3,0
org.apache.pdfbox.pdmodel.font.PDType0Font.getDisplacement(int),11,2,2,5,0
org.apache.pdfbox.pdmodel.font.PDType0Font.getWidth(int),4,1,2,2,0
org.apache.pdfbox.pdmodel.font.PDType0Font.getStandard14Width(int),4,1,0,2,0
org.apache.pdfbox.pdmodel.font.PDType0Font.getWidthFromFont(int),4,1,2,2,0
org.apache.pdfbox.pdmodel.font.PDType0Font.isEmbedded(),4,1,1,2,0
org.apache.pdfbox.pdmodel.font.PDType0Font.toUnicode(int),23,4,8,9,0
org.apache.pdfbox.pdmodel.font.PDType0Font.getName(),4,1,2,2,0
org.apache.pdfbox.pdmodel.font.PDType0Font.getBoundingBox(),4,1,1,2,0
org.apache.pdfbox.pdmodel.font.PDType0Font.readCode(InputStream),4,1,2,2,0
org.apache.pdfbox.pdmodel.font.PDType0Font.codeToCID(int),4,1,5,2,0
org.apache.pdfbox.pdmodel.font.PDType0Font.codeToGID(int),4,1,3,2,0
org.apache.pdfbox.pdmodel.font.PDType0Font.isStandard14(),4,1,0,1,0
org.apache.pdfbox.pdmodel.font.PDType0Font.isDamaged(),4,1,1,2,0
org.apache.pdfbox.pdmodel.font.PDType0Font.toString(),9,2,0,5,0
org.apache.pdfbox.pdmodel.font.PDType0Font.getPath(int),4,1,2,2,0
org.apache.pdfbox.pdmodel.font.PDType0Font.hasGlyph(int),4,1,2,2,0
org.apache.pdfbox.pdmodel.font.ToUnicodeWriter.ToUnicodeWriter(),4,1,1,2,0
org.apache.pdfbox.pdmodel.font.ToUnicodeWriter.setWMode(int),4,1,1,1,0
"org.apache.pdfbox.pdmodel.font.ToUnicodeWriter.add(int, String)",12,3,4,3,0
org.apache.pdfbox.pdmodel.font.ToUnicodeWriter.writeTo(OutputStream),73,7,5,20,3
"org.apache.pdfbox.pdmodel.font.ToUnicodeWriter.writeLine(BufferedWriter, String)",5,1,3,2,0
org.apache.pdfbox.pdmodel.font.ToUnicodeWriter.toHex(int),4,1,2,2,0
org.apache.pdfbox.pdmodel.font.ToUnicodeWriter.stringToHex(String),9,2,3,6,1
"org.apache.pdfbox.pdmodel.font.PDCIDFont.PDCIDFont(COSDictionary, PDType0Font)",7,1,4,5,0
org.apache.pdfbox.pdmodel.font.PDCIDFont.readWidths(),38,6,4,9,3
org.apache.pdfbox.pdmodel.font.PDCIDFont.readVerticalDisplacements(),49,7,6,8,3
org.apache.pdfbox.pdmodel.font.PDCIDFont.getCOSObject(),4,1,3,1,0
org.apache.pdfbox.pdmodel.font.PDCIDFont.getBaseFont(),4,1,6,2,0
org.apache.pdfbox.pdmodel.font.PDCIDFont.getName(),4,1,3,2,0
org.apache.pdfbox.pdmodel.font.PDCIDFont.getFontDescriptor(),12,3,10,4,0
org.apache.pdfbox.pdmodel.font.PDCIDFont.getFontMatrix(),1,1,1,1,0
org.apache.pdfbox.pdmodel.font.PDCIDFont.getParent(),4,1,2,1,0
org.apache.pdfbox.pdmodel.font.PDCIDFont.getBoundingBox(),1,1,1,1,0
org.apache.pdfbox.pdmodel.font.PDCIDFont.getDefaultWidth(),16,3,5,4,0
org.apache.pdfbox.pdmodel.font.PDCIDFont.getDefaultPositionVector(int),4,1,3,3,0
org.apache.pdfbox.pdmodel.font.PDCIDFont.getWidthForCID(int),9,2,4,3,0
org.apache.pdfbox.pdmodel.font.PDCIDFont.getPositionVector(int),10,2,3,4,0
org.apache.pdfbox.pdmodel.font.PDCIDFont.getVerticalDisplacementVectorY(int),10,2,4,3,0
org.apache.pdfbox.pdmodel.font.PDCIDFont.getHeight(int),1,1,1,1,0
org.apache.pdfbox.pdmodel.font.PDCIDFont.getWidth(int),4,1,2,3,0
org.apache.pdfbox.pdmodel.font.PDCIDFont.getWidthFromFont(int),1,1,1,1,0
org.apache.pdfbox.pdmodel.font.PDCIDFont.isEmbedded(),1,1,1,1,0
org.apache.pdfbox.pdmodel.font.PDCIDFont.getAverageFontWidth(),23,5,3,5,1
org.apache.pdfbox.pdmodel.font.PDCIDFont.getCIDSystemInfo(),11,2,6,3,0
org.apache.pdfbox.pdmodel.font.PDCIDFont.codeToCID(int),1,1,4,1,0
org.apache.pdfbox.pdmodel.font.PDCIDFont.codeToGID(int),1,1,1,1,0
org.apache.pdfbox.pdmodel.font.PDCIDFont.encode(int),1,1,1,1,0
org.apache.fontbox.ttf.MaximumProfileTable.MaximumProfileTable(TrueTypeFont),4,1,2,2,0
org.apache.fontbox.ttf.MaximumProfileTable.getMaxComponentDepth(),4,1,2,1,0
org.apache.fontbox.ttf.MaximumProfileTable.setMaxComponentDepth(int),4,1,1,1,0
org.apache.fontbox.ttf.MaximumProfileTable.getMaxComponentElements(),4,1,2,1,0
org.apache.fontbox.ttf.MaximumProfileTable.setMaxComponentElements(int),4,1,1,1,0
org.apache.fontbox.ttf.MaximumProfileTable.getMaxCompositeContours(),4,1,2,1,0
org.apache.fontbox.ttf.MaximumProfileTable.setMaxCompositeContours(int),4,1,1,1,0
org.apache.fontbox.ttf.MaximumProfileTable.getMaxCompositePoints(),4,1,2,1,0
org.apache.fontbox.ttf.MaximumProfileTable.setMaxCompositePoints(int),4,1,1,1,0
org.apache.fontbox.ttf.MaximumProfileTable.getMaxContours(),4,1,2,1,0
org.apache.fontbox.ttf.MaximumProfileTable.setMaxContours(int),4,1,1,1,0
org.apache.fontbox.ttf.MaximumProfileTable.getMaxFunctionDefs(),4,1,2,1,0
org.apache.fontbox.ttf.MaximumProfileTable.setMaxFunctionDefs(int),4,1,1,1,0
org.apache.fontbox.ttf.MaximumProfileTable.getMaxInstructionDefs(),4,1,2,1,0
org.apache.fontbox.ttf.MaximumProfileTable.setMaxInstructionDefs(int),4,1,1,1,0
org.apache.fontbox.ttf.MaximumProfileTable.getMaxPoints(),4,1,2,1,0
org.apache.fontbox.ttf.MaximumProfileTable.setMaxPoints(int),4,1,1,1,0
org.apache.fontbox.ttf.MaximumProfileTable.getMaxSizeOfInstructions(),4,1,2,1,0
org.apache.fontbox.ttf.MaximumProfileTable.setMaxSizeOfInstructions(int),4,1,1,1,0
org.apache.fontbox.ttf.MaximumProfileTable.getMaxStackElements(),4,1,2,1,0
org.apache.fontbox.ttf.MaximumProfileTable.setMaxStackElements(int),4,1,1,1,0
org.apache.fontbox.ttf.MaximumProfileTable.getMaxStorage(),4,1,2,1,0
org.apache.fontbox.ttf.MaximumProfileTable.setMaxStorage(int),4,1,1,1,0
org.apache.fontbox.ttf.MaximumProfileTable.getMaxTwilightPoints(),4,1,2,1,0
org.apache.fontbox.ttf.MaximumProfileTable.setMaxTwilightPoints(int),4,1,1,1,0
org.apache.fontbox.ttf.MaximumProfileTable.getMaxZones(),4,1,2,1,0
org.apache.fontbox.ttf.MaximumProfileTable.setMaxZones(int),4,1,1,1,0
org.apache.fontbox.ttf.MaximumProfileTable.getNumGlyphs(),4,1,6,1,0
org.apache.fontbox.ttf.MaximumProfileTable.setNumGlyphs(int),4,1,1,1,0
org.apache.fontbox.ttf.MaximumProfileTable.getVersion(),4,1,1,1,0
org.apache.fontbox.ttf.MaximumProfileTable.setVersion(float),4,1,1,1,0
"org.apache.fontbox.ttf.MaximumProfileTable.read(TrueTypeFont, TTFDataStream)",19,1,1,18,0
"org.apache.pdfbox.pdmodel.font.PDCIDFontType2.PDCIDFontType2(COSDictionary, PDType0Font)",4,1,4,2,0
"org.apache.pdfbox.pdmodel.font.PDCIDFontType2.PDCIDFontType2(COSDictionary, PDType0Font, TrueTypeFont)",92,14,11,32,0
org.apache.pdfbox.pdmodel.font.PDCIDFontType2.getFontMatrix(),8,2,1,3,0
org.apache.pdfbox.pdmodel.font.PDCIDFontType2.getBoundingBox(),8,2,1,3,0
org.apache.pdfbox.pdmodel.font.PDCIDFontType2.generateBoundingBox(),12,3,2,9,0
org.apache.pdfbox.pdmodel.font.PDCIDFontType2.readCIDToGIDMap(),22,3,4,5,1
org.apache.pdfbox.pdmodel.font.PDCIDFontType2.invert(int[]),13,3,2,3,1
org.apache.pdfbox.pdmodel.font.PDCIDFontType2.codeToCID(int),9,2,4,7,0
org.apache.pdfbox.pdmodel.font.PDCIDFontType2.codeToGID(int),52,8,13,9,0
org.apache.pdfbox.pdmodel.font.PDCIDFontType2.getHeight(int),5,1,1,5,0
org.apache.pdfbox.pdmodel.font.PDCIDFontType2.getWidthFromFont(int),11,2,2,4,0
org.apache.pdfbox.pdmodel.font.PDCIDFontType2.encode(int),35,7,4,9,0
org.apache.pdfbox.pdmodel.font.PDCIDFontType2.isEmbedded(),4,1,1,1,0
org.apache.pdfbox.pdmodel.font.PDCIDFontType2.isDamaged(),4,1,1,1,0
org.apache.pdfbox.pdmodel.font.PDCIDFontType2.getTrueTypeFont(),4,1,3,1,0
org.apache.pdfbox.pdmodel.font.PDCIDFontType2.getPath(int),19,3,2,12,0
org.apache.pdfbox.pdmodel.font.PDCIDFontType2.hasGlyph(int),4,1,1,2,0
org.apache.fontbox.afm.CharMetric.getBoundingBox(),4,1,2,1,0
org.apache.fontbox.afm.CharMetric.setBoundingBox(BoundingBox),4,1,2,1,0
org.apache.fontbox.afm.CharMetric.getCharacterCode(),4,1,2,1,0
org.apache.fontbox.afm.CharMetric.setCharacterCode(int),4,1,2,1,0
org.apache.fontbox.afm.CharMetric.addLigature(Ligature),4,1,3,1,0
org.apache.fontbox.afm.CharMetric.getLigatures(),4,1,1,1,0
org.apache.fontbox.afm.CharMetric.setLigatures(List<Ligature>),4,1,1,1,0
org.apache.fontbox.afm.CharMetric.getName(),4,1,4,1,0
org.apache.fontbox.afm.CharMetric.setName(String),4,1,2,1,0
org.apache.fontbox.afm.CharMetric.getVv(),4,1,1,1,0
org.apache.fontbox.afm.CharMetric.setVv(float[]),4,1,2,1,0
org.apache.fontbox.afm.CharMetric.getW(),4,1,1,1,0
org.apache.fontbox.afm.CharMetric.setW(float[]),4,1,2,1,0
org.apache.fontbox.afm.CharMetric.getW0(),4,1,1,1,0
org.apache.fontbox.afm.CharMetric.setW0(float[]),4,1,2,1,0
org.apache.fontbox.afm.CharMetric.getW0x(),4,1,1,1,0
org.apache.fontbox.afm.CharMetric.setW0x(float),4,1,2,1,0
org.apache.fontbox.afm.CharMetric.getW0y(),4,1,1,1,0
org.apache.fontbox.afm.CharMetric.setW0y(float),4,1,2,1,0
org.apache.fontbox.afm.CharMetric.getW1(),4,1,1,1,0
org.apache.fontbox.afm.CharMetric.setW1(float[]),4,1,2,1,0
org.apache.fontbox.afm.CharMetric.getW1x(),4,1,1,1,0
org.apache.fontbox.afm.CharMetric.setW1x(float),4,1,1,1,0
org.apache.fontbox.afm.CharMetric.getW1y(),4,1,1,1,0
org.apache.fontbox.afm.CharMetric.setW1y(float),4,1,1,1,0
org.apache.fontbox.afm.CharMetric.getWx(),4,1,3,1,0
org.apache.fontbox.afm.CharMetric.setWx(float),4,1,2,1,0
org.apache.fontbox.afm.CharMetric.getWy(),4,1,2,1,0
org.apache.fontbox.afm.CharMetric.setWy(float),4,1,2,1,0
org.apache.fontbox.afm.FontMetrics.FontMetrics(),3,1,1,1,0
org.apache.fontbox.afm.FontMetrics.getCharacterWidth(String),10,2,3,3,0
org.apache.fontbox.afm.FontMetrics.getCharacterHeight(String),14,3,3,5,0
org.apache.fontbox.afm.FontMetrics.getAverageCharacterWidth(),19,4,3,2,1
org.apache.fontbox.afm.FontMetrics.addComment(String),4,1,3,1,0
org.apache.fontbox.afm.FontMetrics.getComments(),4,1,1,2,0
org.apache.fontbox.afm.FontMetrics.getAFMVersion(),4,1,1,1,0
org.apache.fontbox.afm.FontMetrics.getMetricSets(),4,1,1,1,0
org.apache.fontbox.afm.FontMetrics.setAFMVersion(float),4,1,2,1,0
org.apache.fontbox.afm.FontMetrics.setMetricSets(int),9,2,1,2,0
org.apache.fontbox.afm.FontMetrics.getFontName(),4,1,2,1,0
org.apache.fontbox.afm.FontMetrics.setFontName(String),4,1,2,1,0
org.apache.fontbox.afm.FontMetrics.getFullName(),4,1,1,1,0
org.apache.fontbox.afm.FontMetrics.setFullName(String),4,1,2,1,0
org.apache.fontbox.afm.FontMetrics.getFamilyName(),4,1,2,1,0
org.apache.fontbox.afm.FontMetrics.setFamilyName(String),4,1,2,1,0
org.apache.fontbox.afm.FontMetrics.getWeight(),4,1,1,1,0
org.apache.fontbox.afm.FontMetrics.setWeight(String),4,1,2,1,0
org.apache.fontbox.afm.FontMetrics.getFontBBox(),4,1,2,1,0
org.apache.fontbox.afm.FontMetrics.setFontBBox(BoundingBox),4,1,2,1,0
org.apache.fontbox.afm.FontMetrics.getNotice(),4,1,1,1,0
org.apache.fontbox.afm.FontMetrics.setNotice(String),4,1,2,1,0
org.apache.fontbox.afm.FontMetrics.getEncodingScheme(),4,1,2,1,0
org.apache.fontbox.afm.FontMetrics.setEncodingScheme(String),4,1,2,1,0
org.apache.fontbox.afm.FontMetrics.getMappingScheme(),4,1,1,1,0
org.apache.fontbox.afm.FontMetrics.setMappingScheme(int),4,1,2,1,0
org.apache.fontbox.afm.FontMetrics.getEscChar(),4,1,1,1,0
org.apache.fontbox.afm.FontMetrics.setEscChar(int),4,1,2,1,0
org.apache.fontbox.afm.FontMetrics.getCharacterSet(),4,1,2,1,0
org.apache.fontbox.afm.FontMetrics.setCharacterSet(String),4,1,2,1,0
org.apache.fontbox.afm.FontMetrics.getCharacters(),4,1,1,1,0
org.apache.fontbox.afm.FontMetrics.setCharacters(int),4,1,2,1,0
org.apache.fontbox.afm.FontMetrics.isBaseFont(),4,1,1,1,0
org.apache.fontbox.afm.FontMetrics.setIsBaseFont(boolean),4,1,2,1,0
org.apache.fontbox.afm.FontMetrics.getVVector(),4,1,1,1,0
org.apache.fontbox.afm.FontMetrics.setVVector(float[]),4,1,2,1,0
org.apache.fontbox.afm.FontMetrics.isFixedV(),4,1,1,1,0
org.apache.fontbox.afm.FontMetrics.setIsFixedV(boolean),4,1,2,1,0
org.apache.fontbox.afm.FontMetrics.getCapHeight(),4,1,2,1,0
org.apache.fontbox.afm.FontMetrics.setCapHeight(float),4,1,2,1,0
org.apache.fontbox.afm.FontMetrics.getXHeight(),4,1,2,1,0
org.apache.fontbox.afm.FontMetrics.setXHeight(float),4,1,2,1,0
org.apache.fontbox.afm.FontMetrics.getAscender(),4,1,2,1,0
org.apache.fontbox.afm.FontMetrics.setAscender(float),4,1,2,1,0
org.apache.fontbox.afm.FontMetrics.getDescender(),4,1,2,1,0
org.apache.fontbox.afm.FontMetrics.setDescender(float),4,1,2,1,0
org.apache.fontbox.afm.FontMetrics.getFontVersion(),4,1,1,1,0
org.apache.fontbox.afm.FontMetrics.setFontVersion(String),4,1,2,1,0
org.apache.fontbox.afm.FontMetrics.getUnderlinePosition(),4,1,1,1,0
org.apache.fontbox.afm.FontMetrics.setUnderlinePosition(float),4,1,2,1,0
org.apache.fontbox.afm.FontMetrics.getUnderlineThickness(),4,1,1,1,0
org.apache.fontbox.afm.FontMetrics.setUnderlineThickness(float),4,1,2,1,0
org.apache.fontbox.afm.FontMetrics.getItalicAngle(),4,1,2,1,0
org.apache.fontbox.afm.FontMetrics.setItalicAngle(float),4,1,2,1,0
org.apache.fontbox.afm.FontMetrics.getCharWidth(),4,1,1,1,0
org.apache.fontbox.afm.FontMetrics.setCharWidth(float[]),4,1,2,1,0
org.apache.fontbox.afm.FontMetrics.isFixedPitch(),4,1,1,1,0
org.apache.fontbox.afm.FontMetrics.setFixedPitch(boolean),4,1,2,1,0
org.apache.fontbox.afm.FontMetrics.getCharMetrics(),4,1,2,2,0
org.apache.fontbox.afm.FontMetrics.setCharMetrics(List<CharMetric>),9,2,4,6,1
org.apache.fontbox.afm.FontMetrics.addCharMetric(CharMetric),5,1,3,3,0
org.apache.fontbox.afm.FontMetrics.getTrackKern(),4,1,1,2,0
org.apache.fontbox.afm.FontMetrics.setTrackKern(List<TrackKern>),4,1,1,1,0
org.apache.fontbox.afm.FontMetrics.addTrackKern(TrackKern),4,1,3,1,0
org.apache.fontbox.afm.FontMetrics.getComposites(),4,1,1,2,0
org.apache.fontbox.afm.FontMetrics.setComposites(List<Composite>),4,1,1,1,0
org.apache.fontbox.afm.FontMetrics.addComposite(Composite),4,1,3,1,0
org.apache.fontbox.afm.FontMetrics.getKernPairs(),4,1,1,2,0
org.apache.fontbox.afm.FontMetrics.addKernPair(KernPair),4,1,3,1,0
org.apache.fontbox.afm.FontMetrics.setKernPairs(List<KernPair>),4,1,1,1,0
org.apache.fontbox.afm.FontMetrics.getKernPairs0(),4,1,1,2,0
org.apache.fontbox.afm.FontMetrics.addKernPair0(KernPair),4,1,3,1,0
org.apache.fontbox.afm.FontMetrics.setKernPairs0(List<KernPair>),4,1,1,1,0
org.apache.fontbox.afm.FontMetrics.getKernPairs1(),4,1,1,2,0
org.apache.fontbox.afm.FontMetrics.addKernPair1(KernPair),4,1,3,1,0
org.apache.fontbox.afm.FontMetrics.setKernPairs1(List<KernPair>),4,1,1,1,0
org.apache.fontbox.afm.FontMetrics.getStandardHorizontalWidth(),4,1,1,1,0
org.apache.fontbox.afm.FontMetrics.setStandardHorizontalWidth(float),4,1,2,1,0
org.apache.fontbox.afm.FontMetrics.getStandardVerticalWidth(),4,1,1,1,0
org.apache.fontbox.afm.FontMetrics.setStandardVerticalWidth(float),4,1,2,1,0
"org.apache.fontbox.encoding.Encoding.addCharacterEncoding(int, String)",5,1,9,1,0
org.apache.fontbox.encoding.Encoding.getCode(String),4,1,2,2,0
org.apache.fontbox.encoding.Encoding.getName(int),9,2,3,2,0
org.apache.fontbox.encoding.Encoding.getCodeToNameMap(),4,1,2,2,0
"org.apache.pdfbox.examples.signature.CreateVisibleSignature.setVisibleSignatureProperties(String, int, int, int, FileInputStream, int)",7,1,9,6,0
"org.apache.pdfbox.examples.signature.CreateVisibleSignature.setSignatureProperties(String, String, String, int, int, boolean)",7,1,10,8,0
"org.apache.pdfbox.examples.signature.CreateVisibleSignature.CreateVisibleSignature(KeyStore, char[])",16,2,4,9,0
"org.apache.pdfbox.examples.signature.CreateVisibleSignature.signPDF(File, File)",30,3,8,23,0
org.apache.pdfbox.examples.signature.CreateVisibleSignature.main(String[]),26,2,3,18,0
org.apache.pdfbox.examples.signature.CreateVisibleSignature.usage(),5,1,2,2,0
org.apache.pdfbox.pdmodel.interactive.digitalsignature.visible.PDVisibleSigProperties.buildSignature(),6,1,1,5,0
org.apache.pdfbox.pdmodel.interactive.digitalsignature.visible.PDVisibleSigProperties.getSignerName(),4,1,1,1,0
org.apache.pdfbox.pdmodel.interactive.digitalsignature.visible.PDVisibleSigProperties.signerName(String),5,1,2,2,0
org.apache.pdfbox.pdmodel.interactive.digitalsignature.visible.PDVisibleSigProperties.getSignerLocation(),4,1,1,1,0
org.apache.pdfbox.pdmodel.interactive.digitalsignature.visible.PDVisibleSigProperties.signerLocation(String),5,1,2,2,0
org.apache.pdfbox.pdmodel.interactive.digitalsignature.visible.PDVisibleSigProperties.getSignatureReason(),4,1,1,1,0
org.apache.pdfbox.pdmodel.interactive.digitalsignature.visible.PDVisibleSigProperties.signatureReason(String),5,1,2,2,0
org.apache.pdfbox.pdmodel.interactive.digitalsignature.visible.PDVisibleSigProperties.getPage(),4,1,2,1,0
org.apache.pdfbox.pdmodel.interactive.digitalsignature.visible.PDVisibleSigProperties.page(int),5,1,2,2,0
org.apache.pdfbox.pdmodel.interactive.digitalsignature.visible.PDVisibleSigProperties.getPreferredSize(),4,1,1,1,0
org.apache.pdfbox.pdmodel.interactive.digitalsignature.visible.PDVisibleSigProperties.preferredSize(int),5,1,2,2,0
org.apache.pdfbox.pdmodel.interactive.digitalsignature.visible.PDVisibleSigProperties.isVisualSignEnabled(),4,1,2,1,0
org.apache.pdfbox.pdmodel.interactive.digitalsignature.visible.PDVisibleSigProperties.visualSignEnabled(boolean),5,1,2,2,0
org.apache.pdfbox.pdmodel.interactive.digitalsignature.visible.PDVisibleSigProperties.getPdVisibleSignature(),4,1,2,1,0
org.apache.pdfbox.pdmodel.interactive.digitalsignature.visible.PDVisibleSigProperties.setPdVisibleSignature(PDVisibleSignDesigner),5,1,2,2,0
org.apache.pdfbox.pdmodel.interactive.digitalsignature.visible.PDVisibleSigProperties.getVisibleSignature(),4,1,2,1,0
org.apache.pdfbox.pdmodel.interactive.digitalsignature.visible.PDVisibleSigProperties.setVisibleSignature(InputStream),4,1,2,1,0
"org.apache.pdfbox.pdmodel.interactive.digitalsignature.visible.PDVisibleSignDesigner.PDVisibleSignDesigner(String, InputStream, int)",5,1,4,3,0
"org.apache.pdfbox.pdmodel.interactive.digitalsignature.visible.PDVisibleSignDesigner.PDVisibleSignDesigner(InputStream, InputStream, int)",8,1,4,5,0
"org.apache.pdfbox.pdmodel.interactive.digitalsignature.visible.PDVisibleSignDesigner.PDVisibleSignDesigner(PDDocument, InputStream, int)",5,1,3,3,0
"org.apache.pdfbox.pdmodel.interactive.digitalsignature.visible.PDVisibleSignDesigner.PDVisibleSignDesigner(String, BufferedImage, int)",5,1,3,3,0
"org.apache.pdfbox.pdmodel.interactive.digitalsignature.visible.PDVisibleSignDesigner.PDVisibleSignDesigner(InputStream, BufferedImage, int)",8,1,4,5,0
"org.apache.pdfbox.pdmodel.interactive.digitalsignature.visible.PDVisibleSignDesigner.PDVisibleSignDesigner(PDDocument, BufferedImage, int)",5,1,3,3,0
"org.apache.pdfbox.pdmodel.interactive.digitalsignature.visible.PDVisibleSignDesigner.calculatePageSize(PDDocument, int)",16,2,7,8,0
org.apache.pdfbox.pdmodel.interactive.digitalsignature.visible.PDVisibleSignDesigner.signatureImage(String),6,1,1,3,0
org.apache.pdfbox.pdmodel.interactive.digitalsignature.visible.PDVisibleSignDesigner.zoom(float),6,1,4,3,0
"org.apache.pdfbox.pdmodel.interactive.digitalsignature.visible.PDVisibleSignDesigner.coordinates(float, float)",6,1,2,3,0
org.apache.pdfbox.pdmodel.interactive.digitalsignature.visible.PDVisibleSignDesigner.getxAxis(),4,1,2,1,0
org.apache.pdfbox.pdmodel.interactive.digitalsignature.visible.PDVisibleSignDesigner.xAxis(float),5,1,3,2,0
org.apache.pdfbox.pdmodel.interactive.digitalsignature.visible.PDVisibleSignDesigner.getyAxis(),4,1,2,1,0
org.apache.pdfbox.pdmodel.interactive.digitalsignature.visible.PDVisibleSignDesigner.yAxis(float),5,1,3,2,0
org.apache.pdfbox.pdmodel.interactive.digitalsignature.visible.PDVisibleSignDesigner.getWidth(),4,1,2,1,0
org.apache.pdfbox.pdmodel.interactive.digitalsignature.visible.PDVisibleSignDesigner.width(float),5,1,1,2,0
org.apache.pdfbox.pdmodel.interactive.digitalsignature.visible.PDVisibleSignDesigner.getHeight(),4,1,2,1,0
org.apache.pdfbox.pdmodel.interactive.digitalsignature.visible.PDVisibleSignDesigner.height(float),5,1,1,2,0
org.apache.pdfbox.pdmodel.interactive.digitalsignature.visible.PDVisibleSignDesigner.getTemplateHeight(),4,1,1,2,0
org.apache.pdfbox.pdmodel.interactive.digitalsignature.visible.PDVisibleSignDesigner.pageHeight(float),5,1,2,2,0
org.apache.pdfbox.pdmodel.interactive.digitalsignature.visible.PDVisibleSignDesigner.getSignatureFieldName(),4,1,2,1,0
org.apache.pdfbox.pdmodel.interactive.digitalsignature.visible.PDVisibleSignDesigner.signatureFieldName(String),5,1,2,2,0
org.apache.pdfbox.pdmodel.interactive.digitalsignature.visible.PDVisibleSignDesigner.getImage(),4,1,2,1,0
org.apache.pdfbox.pdmodel.interactive.digitalsignature.visible.PDVisibleSignDesigner.readImageStream(InputStream),5,1,4,3,0
org.apache.pdfbox.pdmodel.interactive.digitalsignature.visible.PDVisibleSignDesigner.setImage(BufferedImage),6,1,4,5,0
org.apache.pdfbox.pdmodel.interactive.digitalsignature.visible.PDVisibleSignDesigner.getAffineTransformParams(),4,1,2,1,0
org.apache.pdfbox.pdmodel.interactive.digitalsignature.visible.PDVisibleSignDesigner.affineTransformParams(byte[]),5,1,1,2,0
org.apache.pdfbox.pdmodel.interactive.digitalsignature.visible.PDVisibleSignDesigner.getFormatterRectangleParams(),4,1,2,1,0
org.apache.pdfbox.pdmodel.interactive.digitalsignature.visible.PDVisibleSignDesigner.formatterRectangleParams(byte[]),5,1,1,2,0
org.apache.pdfbox.pdmodel.interactive.digitalsignature.visible.PDVisibleSignDesigner.getPageWidth(),4,1,2,1,0
org.apache.pdfbox.pdmodel.interactive.digitalsignature.visible.PDVisibleSignDesigner.pageWidth(float),5,1,1,2,0
org.apache.pdfbox.pdmodel.interactive.digitalsignature.visible.PDVisibleSignDesigner.getPageHeight(),4,1,3,1,0
org.apache.pdfbox.pdmodel.interactive.digitalsignature.visible.PDVisibleSignDesigner.getImageSizeInPercents(),4,1,1,1,0
org.apache.pdfbox.pdmodel.interactive.digitalsignature.visible.PDVisibleSignDesigner.imageSizeInPercents(float),4,1,1,1,0
org.apache.pdfbox.pdmodel.interactive.digitalsignature.visible.PDVisibleSignDesigner.getSignatureText(),4,1,0,2,0
org.apache.pdfbox.pdmodel.interactive.digitalsignature.visible.PDVisibleSignDesigner.signatureText(String),4,1,0,2,0
org.apache.pdfbox.examples.signature.CreateSignatureBase.setPrivateKey(PrivateKey),4,1,3,1,0
org.apache.pdfbox.examples.signature.CreateSignatureBase.setCertificate(Certificate),4,1,3,1,0
org.apache.pdfbox.examples.signature.CreateSignatureBase.setTsaClient(TSAClient),4,1,2,1,0
org.apache.pdfbox.examples.signature.CreateSignatureBase.getTsaClient(),4,1,2,1,0
org.apache.pdfbox.examples.signature.CreateSignatureBase.signTimeStamps(CMSSignedData),4,1,2,1,0
org.apache.pdfbox.examples.signature.CreateSignatureBase.sign(InputStream),37,6,8,14,0
org.apache.pdfbox.debugger.streampane.tooltip.GToolTip.GToolTip(String),4,1,2,2,0
org.apache.pdfbox.debugger.streampane.tooltip.GToolTip.createMarkUp(String),9,2,2,5,0
org.apache.pdfbox.debugger.streampane.tooltip.ColorToolTip.colorHexValue(Color),5,1,5,5,0
org.apache.pdfbox.debugger.streampane.tooltip.ColorToolTip.extractColorValues(String),19,3,5,5,1
org.apache.pdfbox.debugger.streampane.tooltip.ColorToolTip.getMarkUp(String),7,1,5,1,0
org.apache.pdfbox.debugger.streampane.tooltip.ColorToolTip.setToolTipText(String),4,1,5,1,0
org.apache.pdfbox.debugger.streampane.tooltip.ColorToolTip.getToolTipText(),4,1,1,1,0
org.apache.pdfbox.pdmodel.interactive.documentnavigation.outline.PDOutlineNodeTest.setUp(),4,1,0,2,0
org.apache.pdfbox.pdmodel.interactive.documentnavigation.outline.PDOutlineNodeTest.getParent(),10,1,1,6,0
org.apache.pdfbox.pdmodel.interactive.documentnavigation.outline.PDOutlineNodeTest.nullLastChild(),4,1,1,2,0
org.apache.pdfbox.pdmodel.interactive.documentnavigation.outline.PDOutlineNodeTest.nullFirstChild(),4,1,1,2,0
org.apache.pdfbox.pdmodel.interactive.documentnavigation.outline.PDOutlineNodeTest.openAlreadyOpenedRootNode(),12,1,1,7,0
org.apache.pdfbox.pdmodel.interactive.documentnavigation.outline.PDOutlineNodeTest.closeAlreadyClosedRootNode(),13,1,1,8,0
org.apache.pdfbox.pdmodel.interactive.documentnavigation.outline.PDOutlineNodeTest.openLeaf(),7,1,1,5,0
org.apache.pdfbox.pdmodel.interactive.documentnavigation.outline.PDOutlineNodeTest.nodeClosedByDefault(),7,1,1,6,0
org.apache.pdfbox.pdmodel.interactive.documentnavigation.outline.PDOutlineNodeTest.closeNodeWithOpendParent(),14,1,1,6,0
org.apache.pdfbox.pdmodel.interactive.documentnavigation.outline.PDOutlineNodeTest.closeNodeWithClosedParent(),13,1,1,6,0
org.apache.pdfbox.pdmodel.interactive.documentnavigation.outline.PDOutlineNodeTest.openNodeWithOpendParent(),13,1,1,5,0
org.apache.pdfbox.pdmodel.interactive.documentnavigation.outline.PDOutlineNodeTest.openNodeWithClosedParent(),12,1,1,5,0
org.apache.pdfbox.pdmodel.interactive.documentnavigation.outline.PDOutlineNodeTest.addLastSingleChild(),7,1,1,5,0
org.apache.pdfbox.pdmodel.interactive.documentnavigation.outline.PDOutlineNodeTest.addFirstSingleChild(),7,1,1,5,0
org.apache.pdfbox.pdmodel.interactive.documentnavigation.outline.PDOutlineNodeTest.addLastOpenChildToOpenParent(),15,1,1,8,0
org.apache.pdfbox.pdmodel.interactive.documentnavigation.outline.PDOutlineNodeTest.addFirstOpenChildToOpenParent(),15,1,1,8,0
org.apache.pdfbox.pdmodel.interactive.documentnavigation.outline.PDOutlineNodeTest.addLastOpenChildToClosedParent(),14,1,1,8,0
org.apache.pdfbox.pdmodel.interactive.documentnavigation.outline.PDOutlineNodeTest.addFirstOpenChildToClosedParent(),14,1,1,8,0
org.apache.pdfbox.pdmodel.interactive.documentnavigation.outline.PDOutlineNodeTest.addLastClosedChildToOpenParent(),14,1,1,8,0
org.apache.pdfbox.pdmodel.interactive.documentnavigation.outline.PDOutlineNodeTest.addFirstClosedChildToOpenParent(),14,1,1,8,0
org.apache.pdfbox.pdmodel.interactive.documentnavigation.outline.PDOutlineNodeTest.addLastClosedChildToClosedParent(),13,1,1,7,0
org.apache.pdfbox.pdmodel.interactive.documentnavigation.outline.PDOutlineNodeTest.addFirstClosedChildToClosedParent(),13,1,1,7,0
org.apache.pdfbox.pdmodel.interactive.documentnavigation.outline.PDOutlineNodeTest.cannotAddLastAList(),7,1,1,3,0
org.apache.pdfbox.pdmodel.interactive.documentnavigation.outline.PDOutlineNodeTest.cannotAddFirstAList(),7,1,1,3,0
org.apache.pdfbox.pdmodel.interactive.documentnavigation.outline.PDOutlineNodeTest.equalsNode(),5,1,1,5,0
org.apache.pdfbox.pdmodel.interactive.documentnavigation.outline.PDOutlineNodeTest.iterator(),14,2,1,6,1
org.apache.pdfbox.pdmodel.interactive.documentnavigation.outline.PDOutlineNodeTest.iteratorNoChildre(),9,2,0,3,1
org.apache.pdfbox.pdmodel.interactive.documentnavigation.outline.PDOutlineNodeTest.openNodeAndAppend(),3,1,0,0,0
org.apache.pdfbox.pdmodel.interactive.documentnavigation.outline.PDOutlineItem.PDOutlineItem(),4,1,39,2,0
org.apache.pdfbox.pdmodel.interactive.documentnavigation.outline.PDOutlineItem.PDOutlineItem(COSDictionary),4,1,4,2,0
org.apache.pdfbox.pdmodel.interactive.documentnavigation.outline.PDOutlineItem.insertSiblingAfter(PDOutlineItem),19,3,12,8,0
org.apache.pdfbox.pdmodel.interactive.documentnavigation.outline.PDOutlineItem.insertSiblingBefore(PDOutlineItem),19,3,8,8,0
org.apache.pdfbox.pdmodel.interactive.documentnavigation.outline.PDOutlineItem.getPreviousSibling(),4,1,14,2,0
org.apache.pdfbox.pdmodel.interactive.documentnavigation.outline.PDOutlineItem.setPreviousSibling(PDOutlineNode),4,1,6,2,0
org.apache.pdfbox.pdmodel.interactive.documentnavigation.outline.PDOutlineItem.getNextSibling(),4,1,18,2,0
org.apache.pdfbox.pdmodel.interactive.documentnavigation.outline.PDOutlineItem.setNextSibling(PDOutlineNode),4,1,7,2,0
org.apache.pdfbox.pdmodel.interactive.documentnavigation.outline.PDOutlineItem.getTitle(),4,1,3,3,0
org.apache.pdfbox.pdmodel.interactive.documentnavigation.outline.PDOutlineItem.setTitle(String),4,1,3,2,0
org.apache.pdfbox.pdmodel.interactive.documentnavigation.outline.PDOutlineItem.getDestination(),4,1,4,4,0
org.apache.pdfbox.pdmodel.interactive.documentnavigation.outline.PDOutlineItem.setDestination(PDDestination),4,1,4,2,0
org.apache.pdfbox.pdmodel.interactive.documentnavigation.outline.PDOutlineItem.setDestination(PDPage),10,2,1,3,0
org.apache.pdfbox.pdmodel.interactive.documentnavigation.outline.PDOutlineItem.findDestinationPage(PDDocument),43,9,4,10,0
org.apache.pdfbox.pdmodel.interactive.documentnavigation.outline.PDOutlineItem.getAction(),4,1,2,4,0
org.apache.pdfbox.pdmodel.interactive.documentnavigation.outline.PDOutlineItem.setAction(PDAction),4,1,2,2,0
org.apache.pdfbox.pdmodel.interactive.documentnavigation.outline.PDOutlineItem.getStructureElement(),10,2,1,4,0
org.apache.pdfbox.pdmodel.interactive.documentnavigation.outline.PDOutlineItem.setStructureElement(PDStructureElement),4,1,2,2,0
org.apache.pdfbox.pdmodel.interactive.documentnavigation.outline.PDOutlineItem.getTextColor(),11,2,2,8,0
org.apache.pdfbox.pdmodel.interactive.documentnavigation.outline.PDOutlineItem.setTextColor(PDColor),4,1,2,3,0
org.apache.pdfbox.pdmodel.interactive.documentnavigation.outline.PDOutlineItem.setTextColor(Color),8,1,2,8,0
org.apache.pdfbox.pdmodel.interactive.documentnavigation.outline.PDOutlineItem.isItalic(),4,1,2,3,0
org.apache.pdfbox.pdmodel.interactive.documentnavigation.outline.PDOutlineItem.setItalic(boolean),4,1,3,2,0
org.apache.pdfbox.pdmodel.interactive.documentnavigation.outline.PDOutlineItem.isBold(),4,1,2,3,0
org.apache.pdfbox.pdmodel.interactive.documentnavigation.outline.PDOutlineItem.setBold(boolean),4,1,3,2,0
org.apache.pdfbox.pdmodel.interactive.documentnavigation.outline.PDDocumentOutline.PDDocumentOutline(),4,1,6,4,0
org.apache.pdfbox.pdmodel.interactive.documentnavigation.outline.PDDocumentOutline.PDDocumentOutline(COSDictionary),5,1,6,5,0
org.apache.pdfbox.pdmodel.interactive.documentnavigation.outline.PDDocumentOutline.isNodeOpen(),4,1,0,1,0
org.apache.pdfbox.pdmodel.interactive.documentnavigation.outline.PDDocumentOutline.openNode(),3,1,1,0,0
org.apache.pdfbox.pdmodel.interactive.documentnavigation.outline.PDDocumentOutline.closeNode(),3,1,0,0,0
org.apache.pdfbox.pdmodel.interactive.documentnavigation.outline.PDOutlineNode.PDOutlineNode(),4,1,1,2,0
org.apache.pdfbox.pdmodel.interactive.documentnavigation.outline.PDOutlineNode.PDOutlineNode(COSDictionary),4,1,3,2,0
org.apache.pdfbox.pdmodel.interactive.documentnavigation.outline.PDOutlineNode.getParent(),13,3,7,7,0
org.apache.pdfbox.pdmodel.interactive.documentnavigation.outline.PDOutlineNode.setParent(PDOutlineNode),4,1,6,2,0
org.apache.pdfbox.pdmodel.interactive.documentnavigation.outline.PDOutlineNode.addLast(PDOutlineItem),6,1,22,3,0
org.apache.pdfbox.pdmodel.interactive.documentnavigation.outline.PDOutlineNode.addFirst(PDOutlineItem),6,1,9,3,0
org.apache.pdfbox.pdmodel.interactive.documentnavigation.outline.PDOutlineNode.requireSingleNode(PDOutlineItem),7,2,5,3,0
org.apache.pdfbox.pdmodel.interactive.documentnavigation.outline.PDOutlineNode.append(PDOutlineItem),15,2,2,7,0
org.apache.pdfbox.pdmodel.interactive.documentnavigation.outline.PDOutlineNode.prepend(PDOutlineItem),15,2,2,7,0
org.apache.pdfbox.pdmodel.interactive.documentnavigation.outline.PDOutlineNode.updateParentOpenCountForAddedChild(PDOutlineItem),9,2,5,3,0
org.apache.pdfbox.pdmodel.interactive.documentnavigation.outline.PDOutlineNode.hasChildren(),4,1,2,2,0
org.apache.pdfbox.pdmodel.interactive.documentnavigation.outline.PDOutlineNode.getOutlineItem(COSName),9,2,5,4,0
org.apache.pdfbox.pdmodel.interactive.documentnavigation.outline.PDOutlineNode.getFirstChild(),4,1,22,2,0
org.apache.pdfbox.pdmodel.interactive.documentnavigation.outline.PDOutlineNode.setFirstChild(PDOutlineNode),4,1,5,2,0
org.apache.pdfbox.pdmodel.interactive.documentnavigation.outline.PDOutlineNode.getLastChild(),4,1,17,2,0
org.apache.pdfbox.pdmodel.interactive.documentnavigation.outline.PDOutlineNode.setLastChild(PDOutlineNode),4,1,5,2,0
org.apache.pdfbox.pdmodel.interactive.documentnavigation.outline.PDOutlineNode.getOpenCount(),4,1,30,3,0
org.apache.pdfbox.pdmodel.interactive.documentnavigation.outline.PDOutlineNode.setOpenCount(int),4,1,4,2,0
org.apache.pdfbox.pdmodel.interactive.documentnavigation.outline.PDOutlineNode.openNode(),7,2,21,2,0
org.apache.pdfbox.pdmodel.interactive.documentnavigation.outline.PDOutlineNode.closeNode(),7,2,3,2,0
org.apache.pdfbox.pdmodel.interactive.documentnavigation.outline.PDOutlineNode.switchNodeCount(),6,1,2,3,0
org.apache.pdfbox.pdmodel.interactive.documentnavigation.outline.PDOutlineNode.isNodeOpen(),4,1,8,2,0
org.apache.pdfbox.pdmodel.interactive.documentnavigation.outline.PDOutlineNode.updateParentOpenCount(int),16,3,3,4,0
org.apache.pdfbox.pdmodel.interactive.documentnavigation.outline.PDOutlineNode.children(),11,1,5,1,0
"org.apache.pdfbox.preflight.action.UndefAction.UndefAction(ActionManagerFactory, COSDictionary, PreflightContext, String, String)",5,1,6,3,0
org.apache.pdfbox.preflight.action.UndefAction.innerValid(),6,1,3,3,0
"org.apache.xmpbox.schema.XmpRightsSchemaTest.XmpRightsSchemaTest(String, PropertyType, Object)",4,1,3,2,0
org.apache.xmpbox.schema.XmpRightsSchemaTest.initTempMetaData(),6,1,1,5,0
org.apache.xmpbox.schema.XmpRightsSchemaTest.initializeParameters(),13,1,5,7,0
"org.apache.xmpbox.schema.AbstractXMPSchemaTest.AbstractXMPSchemaTest(String, PropertyType, Object)",6,1,8,4,0
"org.apache.xmpbox.schema.AbstractXMPSchemaTest.wrapProperty(String, Types, Object)",4,1,9,2,0
"org.apache.xmpbox.schema.AbstractXMPSchemaTest.wrapProperty(String, Types, Cardinality, Object)",4,1,8,2,0
org.apache.xmpbox.schema.AbstractXMPSchemaTest.testGetSetValue(),44,11,11,8,0
org.apache.xmpbox.schema.AbstractXMPSchemaTest.testGetSetProperty(),103,23,21,26,1
org.apache.xmpbox.schema.AbstractXMPSchemaTest.retrievePropertyType(String),16,4,5,6,1
org.apache.xmpbox.schema.AbstractXMPSchemaTest.firstUpper(String),7,1,8,8,0
"org.apache.xmpbox.schema.AbstractXMPSchemaTest.prepareName(String, PropertyType)",17,4,6,8,0
org.apache.xmpbox.schema.AbstractXMPSchemaTest.setMethod(String),6,1,9,6,0
org.apache.xmpbox.schema.AbstractXMPSchemaTest.addMethod(String),7,1,2,6,0
org.apache.xmpbox.schema.AbstractXMPSchemaTest.getMethod(String),7,1,9,6,0
org.apache.xmpbox.schema.AbstractXMPSchemaTest.setValueMethod(String),7,1,5,6,0
org.apache.xmpbox.schema.AbstractXMPSchemaTest.getValueMethod(String),6,1,10,6,0
org.apache.xmpbox.schema.AbstractXMPSchemaTest.addToValueMethod(String),7,1,5,6,0
org.apache.xmpbox.schema.AbstractXMPSchemaTest.testGetSetBooleanProperty(),11,1,6,8,0
org.apache.xmpbox.schema.AbstractXMPSchemaTest.testGetSetDateProperty(),11,1,6,8,0
org.apache.xmpbox.schema.AbstractXMPSchemaTest.testGetSetIntegerProperty(),11,1,6,8,0
org.apache.xmpbox.schema.AbstractXMPSchemaTest.testGetSetTextProperty(),11,1,6,9,0
org.apache.xmpbox.schema.AbstractXMPSchemaTest.testGetSetURIProperty(),11,1,6,9,0
org.apache.xmpbox.schema.AbstractXMPSchemaTest.testGetSetURLProperty(),11,1,6,9,0
org.apache.xmpbox.schema.AbstractXMPSchemaTest.testGetSetAgentNameProperty(),12,1,6,9,0
org.apache.xmpbox.schema.AbstractXMPSchemaTest.testGetSetTextListValue(String),18,3,5,7,2
org.apache.xmpbox.schema.AbstractXMPSchemaTest.testGetSetDateListValue(String),18,3,5,7,2
org.apache.xmpbox.schema.AbstractXMPSchemaTest.testGetSetThumbnail(),19,1,4,12,0
org.apache.xmpbox.schema.AbstractXMPSchemaTest.testGetSetLangAltValue(),20,3,5,10,2
org.apache.xmpbox.schema.AbstractXMPSchemaTest.testGetSetURLValue(),17,2,4,6,1
org.apache.xmpbox.schema.AbstractXMPSchemaTest.testGetSetTextValue(),10,1,5,5,0
org.apache.xmpbox.schema.AbstractXMPSchemaTest.testGetSetBooleanValue(),10,1,5,5,0
org.apache.xmpbox.schema.AbstractXMPSchemaTest.testGetSetDateValue(),10,1,5,5,0
org.apache.xmpbox.schema.AbstractXMPSchemaTest.testGetSetIntegerValue(),10,1,5,5,0
org.apache.xmpbox.schema.XMPRightsManagementSchema.XMPRightsManagementSchema(XMPMetadata),4,1,2,2,0
"org.apache.xmpbox.schema.XMPRightsManagementSchema.XMPRightsManagementSchema(XMPMetadata, String)",4,1,2,2,0
org.apache.xmpbox.schema.XMPRightsManagementSchema.addOwner(String),4,1,2,1,0
org.apache.xmpbox.schema.XMPRightsManagementSchema.removeOwner(String),4,1,2,1,0
org.apache.xmpbox.schema.XMPRightsManagementSchema.getOwnersProperty(),4,1,1,2,0
org.apache.xmpbox.schema.XMPRightsManagementSchema.getOwners(),4,1,1,2,0
org.apache.xmpbox.schema.XMPRightsManagementSchema.setMarked(Boolean),5,2,4,2,0
org.apache.xmpbox.schema.XMPRightsManagementSchema.setMarkedProperty(BooleanType),4,1,2,1,0
org.apache.xmpbox.schema.XMPRightsManagementSchema.getMarkedProperty(),4,1,2,2,0
org.apache.xmpbox.schema.XMPRightsManagementSchema.getMarked(),5,2,1,3,0
"org.apache.xmpbox.schema.XMPRightsManagementSchema.addUsageTerms(String, String)",4,1,4,1,0
org.apache.xmpbox.schema.XMPRightsManagementSchema.setUsageTerms(String),4,1,1,1,0
org.apache.xmpbox.schema.XMPRightsManagementSchema.getUsageTermsProperty(),4,1,1,2,0
org.apache.xmpbox.schema.XMPRightsManagementSchema.getUsageTermsLanguages(),4,1,1,2,0
org.apache.xmpbox.schema.XMPRightsManagementSchema.getUsageTerms(String),4,1,3,2,0
org.apache.xmpbox.schema.XMPRightsManagementSchema.getUsageTerms(),4,1,0,2,0
org.apache.xmpbox.schema.XMPRightsManagementSchema.getWebStatementProperty(),4,1,1,2,0
org.apache.xmpbox.schema.XMPRightsManagementSchema.getWebStatement(),5,2,1,3,0
org.apache.xmpbox.schema.XMPRightsManagementSchema.setWebStatement(String),5,1,2,2,0
org.apache.xmpbox.schema.XMPRightsManagementSchema.setWebStatementProperty(URLType),4,1,2,1,0
org.apache.xmpbox.schema.XMPRightsManagementSchema.getCertificateProperty(),4,1,1,2,0
org.apache.xmpbox.schema.XMPRightsManagementSchema.getCertificate(),5,2,1,3,0
org.apache.xmpbox.schema.XMPRightsManagementSchema.setCertificate(String),5,1,2,2,0
org.apache.xmpbox.schema.XMPRightsManagementSchema.setCertificateProperty(URLType),4,1,2,1,0
org.apache.xmpbox.xml.DomHelper.DomHelper(),3,1,0,1,0
org.apache.xmpbox.xml.DomHelper.getUniqueElementChild(Element),20,4,5,6,1
org.apache.xmpbox.xml.DomHelper.getFirstChildElement(Element),12,3,5,4,1
org.apache.xmpbox.xml.DomHelper.getElementChildren(Element),13,3,6,6,1
org.apache.xmpbox.xml.DomHelper.getQName(Element),4,1,6,5,0
org.apache.xmpbox.xml.DomHelper.isRdfDescription(Element),5,1,3,4,0
org.apache.xmpbox.xml.DomHelper.isParseTypeResource(Element),9,2,8,4,0
"org.apache.xmpbox.xml.XmpParsingException.XmpParsingException(ErrorType, String, Throwable)",5,1,11,3,0
"org.apache.xmpbox.xml.XmpParsingException.XmpParsingException(ErrorType, String)",5,1,21,3,0
org.apache.xmpbox.xml.XmpParsingException.getErrorType(),4,1,12,1,0
"org.apache.pdfbox.preflight.font.util.FontMetaDataValidation.validatePDFAIdentifer(XMPMetadata, PDFontDescriptor)",8,1,2,4,0
"org.apache.pdfbox.preflight.font.util.FontMetaDataValidation.analyseFontName(XMPMetadata, PDFontDescriptor, List<ValidationError>)",58,9,7,19,1
"org.apache.pdfbox.preflight.font.util.FontMetaDataValidation.analyseRights(XMPMetadata, PDFontDescriptor, List<ValidationError>)",27,5,5,11,0
"org.apache.pdfbox.preflight.font.descriptor.FontDescriptorHelper.FontDescriptorHelper(PreflightContext, PDFontLike, T)",7,1,7,4,0
org.apache.pdfbox.preflight.font.descriptor.FontDescriptorHelper.validate(),46,7,6,15,0
org.apache.pdfbox.preflight.font.descriptor.FontDescriptorHelper.checkMandatoryFields(COSDictionary),35,7,9,11,1
org.apache.pdfbox.preflight.font.descriptor.FontDescriptorHelper.extractFontFile(PDFontDescriptor),1,1,1,1,0
org.apache.pdfbox.preflight.font.descriptor.FontDescriptorHelper.hasOnlyOneFontFile(PDFontDescriptor),7,1,2,4,0
org.apache.pdfbox.preflight.font.descriptor.FontDescriptorHelper.fontFileNotEmbedded(PDFontDescriptor),7,1,2,4,0
"org.apache.pdfbox.preflight.font.descriptor.FontDescriptorHelper.processFontFile(PDFontDescriptor, PDStream)",1,1,1,0,0
"org.apache.pdfbox.preflight.font.descriptor.FontDescriptorHelper.checkFontFileMetaData(PDFontDescriptor, PDStream)",48,7,14,16,0
org.apache.pdfbox.preflight.font.descriptor.FontDescriptorHelper.getMetaDataStreamAsBytes(PDMetadata),24,2,6,10,0
org.apache.pdfbox.preflight.font.descriptor.FontDescriptorHelper.isSubSet(String),4,1,5,2,0
"org.apache.xmpbox.type.BooleanType.BooleanType(XMPMetadata, String, String, String, Object)",4,1,9,2,0
org.apache.xmpbox.type.BooleanType.getValue(),4,1,7,1,0
org.apache.xmpbox.type.BooleanType.setValue(Object),27,5,1,6,0
org.apache.xmpbox.type.BooleanType.getStringValue(),4,2,5,1,0
org.apache.pdfbox.pdmodel.font.CMapManager.CMapManager(),3,1,0,1,0
org.apache.pdfbox.pdmodel.font.CMapManager.getPredefinedCMap(String),12,2,5,6,0
org.apache.pdfbox.pdmodel.font.CMapManager.parseCMap(InputStream),10,2,2,3,0
org.apache.fontbox.cmap.CMap.CMap(),3,1,2,1,0
org.apache.fontbox.cmap.CMap.hasCIDMappings(),4,1,4,3,0
org.apache.fontbox.cmap.CMap.hasUnicodeMappings(),4,1,3,2,0
org.apache.fontbox.cmap.CMap.toUnicode(int),4,1,7,2,0
org.apache.fontbox.cmap.CMap.readCode(InputStream),21,5,5,6,2
"org.apache.fontbox.cmap.CMap.toInt(byte[], int)",10,2,3,1,1
org.apache.fontbox.cmap.CMap.toCID(int),17,4,7,3,1
"org.apache.fontbox.cmap.CMap.getCodeFromArray(byte[], int, int)",10,2,4,1,1
"org.apache.fontbox.cmap.CMap.addCharMapping(byte[], String)",9,2,8,4,0
"org.apache.fontbox.cmap.CMap.addCIDMapping(int, int)",4,1,5,1,0
"org.apache.fontbox.cmap.CMap.addCIDRange(char, char, int)",4,1,5,2,0
org.apache.fontbox.cmap.CMap.addCodespaceRange(CodespaceRange),6,1,6,6,0
org.apache.fontbox.cmap.CMap.useCmap(CMap),10,2,6,3,1
org.apache.fontbox.cmap.CMap.getWMode(),4,1,3,1,0
org.apache.fontbox.cmap.CMap.setWMode(int),4,1,2,1,0
org.apache.fontbox.cmap.CMap.getName(),4,1,5,1,0
org.apache.fontbox.cmap.CMap.setName(String),4,1,2,1,0
org.apache.fontbox.cmap.CMap.getVersion(),4,1,1,1,0
org.apache.fontbox.cmap.CMap.setVersion(String),4,1,2,1,0
org.apache.fontbox.cmap.CMap.getType(),4,1,1,1,0
org.apache.fontbox.cmap.CMap.setType(int),4,1,2,1,0
org.apache.fontbox.cmap.CMap.getRegistry(),4,1,2,1,0
org.apache.fontbox.cmap.CMap.setRegistry(String),4,1,2,1,0
org.apache.fontbox.cmap.CMap.getOrdering(),4,1,2,1,0
org.apache.fontbox.cmap.CMap.setOrdering(String),4,1,2,1,0
org.apache.fontbox.cmap.CMap.getSupplement(),4,1,1,1,0
org.apache.fontbox.cmap.CMap.setSupplement(int),4,1,2,1,0
org.apache.fontbox.cmap.CMap.getSpaceMapping(),4,1,2,1,0
org.apache.fontbox.cmap.CMap.toString(),4,1,1,1,0
org.apache.fontbox.cmap.CMapParser.CMapParser(),3,1,5,1,0
org.apache.fontbox.cmap.CMapParser.parse(File),16,2,1,4,0
org.apache.fontbox.cmap.CMapParser.parsePredefined(String),16,2,2,4,0
org.apache.fontbox.cmap.CMapParser.parse(InputStream),48,11,9,12,1
"org.apache.fontbox.cmap.CMapParser.parseUsecmap(Object, CMap)",7,1,4,3,0
"org.apache.fontbox.cmap.CMapParser.parseLiteralName(Object, PushbackInputStream, CMap)",64,16,5,10,0
"org.apache.fontbox.cmap.CMapParser.parseBegincodespacerange(Object, PushbackInputStream, CMap)",23,4,5,8,1
"org.apache.fontbox.cmap.CMapParser.parseBeginbfchar(Object, PushbackInputStream, CMap)",34,6,6,7,1
"org.apache.fontbox.cmap.CMapParser.parseBegincidrange(Object, PushbackInputStream, CMap)",36,6,6,7,2
"org.apache.fontbox.cmap.CMapParser.parseBegincidchar(Object, PushbackInputStream, CMap)",21,4,5,6,1
"org.apache.fontbox.cmap.CMapParser.parseBeginbfrange(Object, PushbackInputStream, CMap)",55,9,5,10,2
org.apache.fontbox.cmap.CMapParser.getExternalCMap(String),9,2,3,5,0
org.apache.fontbox.cmap.CMapParser.parseNextToken(PushbackInputStream),195,37,12,24,8
"org.apache.fontbox.cmap.CMapParser.readUntilEndOfLine(InputStream, StringBuffer)",9,2,3,2,1
org.apache.fontbox.cmap.CMapParser.isWhitespaceOrEOF(int),4,1,2,1,0
org.apache.fontbox.cmap.CMapParser.isDelimiter(int),19,11,2,1,0
org.apache.fontbox.cmap.CMapParser.increment(byte[]),4,1,4,1,0
"org.apache.fontbox.cmap.CMapParser.increment(byte[], int)",12,2,3,1,0
org.apache.fontbox.cmap.CMapParser.createIntFromBytes(byte[]),10,2,4,1,0
org.apache.fontbox.cmap.CMapParser.createStringFromBytes(byte[]),13,2,6,2,0
"org.apache.fontbox.cmap.CMapParser.compare(byte[], byte[])",23,4,4,1,1
org.apache.pdfbox.preflight.TestPreflightConfiguration.testGetValidationProcess(),7,1,1,4,0
org.apache.pdfbox.preflight.TestPreflightConfiguration.testGetValidationPageProcess(),7,1,1,4,0
org.apache.pdfbox.preflight.TestPreflightConfiguration.testGetValidationProcess_noError(),9,1,1,6,0
org.apache.pdfbox.preflight.TestPreflightConfiguration.testGetValidationPageProcess_noError(),9,1,1,6,0
org.apache.pdfbox.preflight.TestPreflightConfiguration.testGetMissingValidationProcess(),7,1,1,4,0
org.apache.pdfbox.preflight.TestPreflightConfiguration.testGetMissingValidationPageProcess(),7,1,1,4,0
org.apache.pdfbox.preflight.TestPreflightConfiguration.testGetMissingValidationProcess2(),7,1,1,4,0
org.apache.pdfbox.preflight.TestPreflightConfiguration.testGetMissingValidationPageProcess2(),7,1,1,4,0
org.apache.pdfbox.preflight.process.BookmarkValidationProcess.validate(PreflightContext),38,6,5,15,0
org.apache.pdfbox.preflight.process.BookmarkValidationProcess.isCountEntryPresent(COSDictionary),4,1,4,2,0
"org.apache.pdfbox.preflight.process.BookmarkValidationProcess.isCountEntryPositive(PreflightContext, COSDictionary)",6,1,4,6,0
"org.apache.pdfbox.preflight.process.BookmarkValidationProcess.exploreOutlineLevel(PreflightContext, PDOutlineItem, COSObject, COSObject)",57,8,9,13,1
"org.apache.pdfbox.preflight.process.BookmarkValidationProcess.validateItem(PreflightContext, PDOutlineItem)",48,8,10,11,0
"org.apache.pdfbox.preflight.process.BookmarkValidationProcess.checkIndirectObjects(PreflightContext, COSDictionary)",20,5,9,2,0
"org.apache.pdfbox.preflight.process.BookmarkValidationProcess.checkIndirectObject(PreflightContext, COSDictionary, COSName)",11,2,5,5,0
org.apache.pdfbox.preflight.process.BookmarkValidationProcess.toCOSObject(COSBase),12,3,4,2,0
org.apache.pdfbox.preflight.process.EmptyValidationProcess.validate(PreflightContext),3,1,0,0,0
org.apache.pdfbox.preflight.process.reflect.ResourcesValidationProcess.validate(PreflightContext),20,3,2,11,0
"org.apache.pdfbox.preflight.process.reflect.ResourcesValidationProcess.validateFonts(PreflightContext, PDResources)",11,3,4,5,1
"org.apache.pdfbox.preflight.process.reflect.ResourcesValidationProcess.getFonts(COSDictionary, PreflightContext)",31,6,5,10,1
"org.apache.pdfbox.preflight.process.reflect.ResourcesValidationProcess.validateExtGStates(PreflightContext, PDResources)",10,2,5,6,0
"org.apache.pdfbox.preflight.process.reflect.ResourcesValidationProcess.validateShadingPattern(PreflightContext, PDResources)",15,3,6,6,1
"org.apache.pdfbox.preflight.process.reflect.ResourcesValidationProcess.validateTilingPattern(PreflightContext, PDResources)",18,4,6,6,1
"org.apache.pdfbox.preflight.process.reflect.ResourcesValidationProcess.validateXObjects(PreflightContext, PDResources)",35,6,7,16,1
"org.apache.pdfbox.pdmodel.graphics.color.PDColor.PDColor(COSArray, PDColorSpace)",22,4,7,7,2
"org.apache.pdfbox.pdmodel.graphics.color.PDColor.PDColor(float[], PDColorSpace)",6,1,12,5,0
"org.apache.pdfbox.pdmodel.graphics.color.PDColor.PDColor(COSName, PDColorSpace)",6,1,2,4,0
"org.apache.pdfbox.pdmodel.graphics.color.PDColor.PDColor(float[], COSName, PDColorSpace)",6,1,3,5,0
org.apache.pdfbox.pdmodel.graphics.color.PDColor.getComponents(),4,1,7,2,0
org.apache.pdfbox.pdmodel.graphics.color.PDColor.getPatternName(),4,1,4,1,0
org.apache.pdfbox.pdmodel.graphics.color.PDColor.isPattern(),4,1,1,1,0
org.apache.pdfbox.pdmodel.graphics.color.PDColor.toRGB(),11,1,3,3,0
org.apache.pdfbox.pdmodel.graphics.color.PDColor.toCOSArray(),10,2,9,4,0
org.apache.pdfbox.pdmodel.graphics.color.PDColor.getColorSpace(),4,1,5,1,0
org.apache.pdfbox.pdmodel.graphics.color.PDColor.toString(),5,1,2,2,0
org.apache.fontbox.cff.DataOutput.DataOutput(),4,1,0,2,0
org.apache.fontbox.cff.DataOutput.DataOutput(String),4,1,2,2,0
org.apache.fontbox.cff.DataOutput.getBytes(),4,1,1,2,0
org.apache.fontbox.cff.DataOutput.write(int),4,1,4,1,0
org.apache.fontbox.cff.DataOutput.write(byte[]),4,1,5,1,0
"org.apache.fontbox.cff.DataOutput.write(byte[], int, int)",4,1,4,1,0
org.apache.fontbox.cff.DataOutput.print(String),4,1,2,2,0
org.apache.fontbox.cff.DataOutput.println(String),5,1,2,3,0
org.apache.fontbox.cff.DataOutput.println(),4,1,0,1,0
org.apache.pdfbox.preflight.TestInvalidDirectory.TestInvalidDirectory(File),4,1,1,2,0
org.apache.pdfbox.preflight.TestInvalidDirectory.validate(),26,3,3,10,0
org.apache.pdfbox.preflight.TestInvalidDirectory.initializeParameters(),38,8,2,13,1
"org.apache.pdfbox.preflight.exception.SyntaxValidationException.SyntaxValidationException(String, Throwable, ValidationResult)",5,1,3,3,0
"org.apache.pdfbox.preflight.exception.SyntaxValidationException.SyntaxValidationException(String, ValidationResult)",5,1,3,3,0
"org.apache.pdfbox.preflight.exception.SyntaxValidationException.SyntaxValidationException(Throwable, ValidationResult)",5,1,3,3,0
org.apache.pdfbox.preflight.exception.SyntaxValidationException.getResult(),4,1,7,1,0
org.apache.pdfbox.preflight.parser.PreflightParser.PreflightParser(File),6,1,11,5,0
org.apache.pdfbox.preflight.parser.PreflightParser.PreflightParser(String),4,1,1,3,0
org.apache.pdfbox.preflight.parser.PreflightParser.PreflightParser(DataSource),6,1,2,6,0
org.apache.pdfbox.preflight.parser.PreflightParser.createUnknownErrorResult(),5,1,1,3,0
org.apache.pdfbox.preflight.parser.PreflightParser.addValidationError(ValidationError),8,2,14,4,0
org.apache.pdfbox.preflight.parser.PreflightParser.addValidationErrors(List<ValidationError>),7,2,1,1,1
org.apache.pdfbox.preflight.parser.PreflightParser.parse(),4,1,11,1,0
org.apache.pdfbox.preflight.parser.PreflightParser.parse(Format),4,1,2,1,0
"org.apache.pdfbox.preflight.parser.PreflightParser.parse(Format, PreflightConfiguration)",20,3,8,9,0
"org.apache.pdfbox.preflight.parser.PreflightParser.createPdfADocument(Format, PreflightConfiguration)",5,1,3,3,0
org.apache.pdfbox.preflight.parser.PreflightParser.createContext(),7,1,5,5,0
org.apache.pdfbox.preflight.parser.PreflightParser.getPDDocument(),5,1,7,2,0
org.apache.pdfbox.preflight.parser.PreflightParser.getPreflightDocument(),4,1,6,2,0
org.apache.pdfbox.preflight.parser.PreflightParser.initialParse(),13,3,1,7,1
org.apache.pdfbox.preflight.parser.PreflightParser.checkPdfHeader(),50,8,6,9,1
org.apache.pdfbox.preflight.parser.PreflightParser.parseXrefTable(long),93,14,7,28,2
org.apache.pdfbox.preflight.parser.PreflightParser.parseCOSStream(COSDictionary),7,1,2,4,0
org.apache.pdfbox.preflight.parser.PreflightParser.checkStreamKeyWord(),16,3,3,8,0
org.apache.pdfbox.preflight.parser.PreflightParser.checkEndstreamKeyWord(),15,3,3,8,0
org.apache.pdfbox.preflight.parser.PreflightParser.nextIsEOL(),15,3,6,3,0
org.apache.pdfbox.preflight.parser.PreflightParser.parseCOSArray(),9,2,2,5,0
org.apache.pdfbox.preflight.parser.PreflightParser.parseCOSName(),9,2,3,6,0
org.apache.pdfbox.preflight.parser.PreflightParser.parseCOSString(),43,8,5,11,1
org.apache.pdfbox.preflight.parser.PreflightParser.parseDirObject(),35,7,9,8,0
"org.apache.pdfbox.preflight.parser.PreflightParser.parseObjectDynamically(long, int, boolean)",148,23,13,46,2
"org.apache.pdfbox.preflight.parser.PreflightParser.lastIndexOf(char[], byte[], int)",28,5,8,6,0
"org.apache.pdfbox.contentstream.operator.markedcontent.BeginMarkedContentSequence.process(Operator, List<COSBase>)",15,4,2,1,1
org.apache.pdfbox.contentstream.operator.markedcontent.BeginMarkedContentSequence.getName(),4,1,0,1,0
org.apache.pdfbox.pdmodel.common.TestEmbeddedFiles.testNullEmbeddedFile(),30,3,0,14,0
org.apache.pdfbox.pdmodel.common.TestEmbeddedFiles.testOSSpecificAttachments(),29,2,0,15,1
"org.apache.pdfbox.pdmodel.common.TestEmbeddedFiles.byteArrayContainsLC(String, byte[], String)",6,1,4,4,0
org.apache.pdfbox.pdmodel.PDDocumentNameDictionary.PDDocumentNameDictionary(PDDocumentCatalog),14,2,5,7,0
"org.apache.pdfbox.pdmodel.PDDocumentNameDictionary.PDDocumentNameDictionary(PDDocumentCatalog, COSDictionary)",5,1,3,3,0
org.apache.pdfbox.pdmodel.PDDocumentNameDictionary.getCOSObject(),4,1,1,1,0
org.apache.pdfbox.pdmodel.PDDocumentNameDictionary.getDests(),14,3,4,4,0
org.apache.pdfbox.pdmodel.PDDocumentNameDictionary.setDests(PDDestinationNameTreeNode),5,1,4,2,0
org.apache.pdfbox.pdmodel.PDDocumentNameDictionary.getEmbeddedFiles(),10,2,8,3,0
org.apache.pdfbox.pdmodel.PDDocumentNameDictionary.setEmbeddedFiles(PDEmbeddedFilesNameTreeNode),4,1,4,1,0
org.apache.pdfbox.pdmodel.PDDocumentNameDictionary.getJavaScript(),10,2,3,3,0
org.apache.pdfbox.pdmodel.PDDocumentNameDictionary.setJavascript(PDJavascriptNameTreeNode),4,1,3,1,0
org.apache.pdfbox.pdmodel.PDEmbeddedFilesNameTreeNode.PDEmbeddedFilesNameTreeNode(),4,1,1,2,0
org.apache.pdfbox.pdmodel.PDEmbeddedFilesNameTreeNode.PDEmbeddedFilesNameTreeNode(COSDictionary),4,1,3,2,0
org.apache.pdfbox.pdmodel.PDEmbeddedFilesNameTreeNode.convertCOSToPD(COSBase),4,1,1,2,0
org.apache.pdfbox.pdmodel.PDEmbeddedFilesNameTreeNode.createChildNode(COSDictionary),4,1,1,2,0
org.apache.pdfbox.pdmodel.common.filespecification.PDComplexFileSpecification.PDComplexFileSpecification(),5,1,4,4,0
org.apache.pdfbox.pdmodel.common.filespecification.PDComplexFileSpecification.PDComplexFileSpecification(COSDictionary),12,2,6,4,0
org.apache.pdfbox.pdmodel.common.filespecification.PDComplexFileSpecification.getCOSObject(),4,1,1,1,0
org.apache.pdfbox.pdmodel.common.filespecification.PDComplexFileSpecification.getEFDictionary(),8,2,9,3,0
org.apache.pdfbox.pdmodel.common.filespecification.PDComplexFileSpecification.getObjectFromEFDictionary(COSName),9,2,6,3,0
org.apache.pdfbox.pdmodel.common.filespecification.PDComplexFileSpecification.getFilename(),21,5,1,6,0
org.apache.pdfbox.pdmodel.common.filespecification.PDComplexFileSpecification.getFileUnicode(),4,1,3,2,0
org.apache.pdfbox.pdmodel.common.filespecification.PDComplexFileSpecification.setFileUnicode(String),4,1,3,1,0
org.apache.pdfbox.pdmodel.common.filespecification.PDComplexFileSpecification.getFile(),4,1,3,2,0
org.apache.pdfbox.pdmodel.common.filespecification.PDComplexFileSpecification.setFile(String),4,1,4,1,0
org.apache.pdfbox.pdmodel.common.filespecification.PDComplexFileSpecification.getFileDos(),4,1,3,2,0
org.apache.pdfbox.pdmodel.common.filespecification.PDComplexFileSpecification.setFileDos(String),4,1,3,1,0
org.apache.pdfbox.pdmodel.common.filespecification.PDComplexFileSpecification.getFileMac(),4,1,3,2,0
org.apache.pdfbox.pdmodel.common.filespecification.PDComplexFileSpecification.setFileMac(String),4,1,3,1,0
org.apache.pdfbox.pdmodel.common.filespecification.PDComplexFileSpecification.getFileUnix(),4,1,3,2,0
org.apache.pdfbox.pdmodel.common.filespecification.PDComplexFileSpecification.setFileUnix(String),4,1,3,1,0
org.apache.pdfbox.pdmodel.common.filespecification.PDComplexFileSpecification.setVolatile(boolean),4,1,3,1,0
org.apache.pdfbox.pdmodel.common.filespecification.PDComplexFileSpecification.isVolatile(),4,1,2,2,0
org.apache.pdfbox.pdmodel.common.filespecification.PDComplexFileSpecification.getEmbeddedFile(),10,2,6,3,0
org.apache.pdfbox.pdmodel.common.filespecification.PDComplexFileSpecification.setEmbeddedFile(PDEmbeddedFile),13,3,5,4,0
org.apache.pdfbox.pdmodel.common.filespecification.PDComplexFileSpecification.getEmbeddedFileDos(),10,2,3,3,0
org.apache.pdfbox.pdmodel.common.filespecification.PDComplexFileSpecification.setEmbeddedFileDos(PDEmbeddedFile),13,3,4,4,0
org.apache.pdfbox.pdmodel.common.filespecification.PDComplexFileSpecification.getEmbeddedFileMac(),10,2,3,3,0
org.apache.pdfbox.pdmodel.common.filespecification.PDComplexFileSpecification.setEmbeddedFileMac(PDEmbeddedFile),13,3,4,4,0
org.apache.pdfbox.pdmodel.common.filespecification.PDComplexFileSpecification.getEmbeddedFileUnix(),10,2,3,3,0
org.apache.pdfbox.pdmodel.common.filespecification.PDComplexFileSpecification.setEmbeddedFileUnix(PDEmbeddedFile),13,3,4,4,0
org.apache.pdfbox.pdmodel.common.filespecification.PDComplexFileSpecification.getEmbeddedFileUnicode(),10,2,2,3,0
org.apache.pdfbox.pdmodel.common.filespecification.PDComplexFileSpecification.setEmbeddedFileUnicode(PDEmbeddedFile),13,3,4,4,0
org.apache.pdfbox.pdmodel.common.filespecification.PDComplexFileSpecification.setFileDescription(String),4,1,3,1,0
org.apache.pdfbox.pdmodel.common.filespecification.PDComplexFileSpecification.getFileDescription(),4,1,2,2,0
org.apache.pdfbox.pdmodel.common.filespecification.PDEmbeddedFile.PDEmbeddedFile(PDDocument),5,1,2,4,0
org.apache.pdfbox.pdmodel.common.filespecification.PDEmbeddedFile.PDEmbeddedFile(COSStream),4,1,6,2,0
"org.apache.pdfbox.pdmodel.common.filespecification.PDEmbeddedFile.PDEmbeddedFile(PDDocument, InputStream)",5,1,4,4,0
"org.apache.pdfbox.pdmodel.common.filespecification.PDEmbeddedFile.PDEmbeddedFile(PDDocument, InputStream, COSName)",5,1,4,4,0
org.apache.pdfbox.pdmodel.common.filespecification.PDEmbeddedFile.setSubtype(String),4,1,3,2,0
org.apache.pdfbox.pdmodel.common.filespecification.PDEmbeddedFile.getSubtype(),4,1,2,3,0
org.apache.pdfbox.pdmodel.common.filespecification.PDEmbeddedFile.getSize(),4,1,2,3,0
org.apache.pdfbox.pdmodel.common.filespecification.PDEmbeddedFile.setSize(int),4,1,2,2,0
org.apache.pdfbox.pdmodel.common.filespecification.PDEmbeddedFile.getCreationDate(),4,1,0,3,0
org.apache.pdfbox.pdmodel.common.filespecification.PDEmbeddedFile.setCreationDate(Calendar),4,1,2,2,0
org.apache.pdfbox.pdmodel.common.filespecification.PDEmbeddedFile.getModDate(),4,1,0,3,0
org.apache.pdfbox.pdmodel.common.filespecification.PDEmbeddedFile.setModDate(Calendar),4,1,1,2,0
org.apache.pdfbox.pdmodel.common.filespecification.PDEmbeddedFile.getCheckSum(),4,1,0,3,0
org.apache.pdfbox.pdmodel.common.filespecification.PDEmbeddedFile.setCheckSum(String),4,1,1,2,0
org.apache.pdfbox.pdmodel.common.filespecification.PDEmbeddedFile.getMacSubtype(),10,2,1,4,0
org.apache.pdfbox.pdmodel.common.filespecification.PDEmbeddedFile.setMacSubtype(String),13,3,2,5,0
org.apache.pdfbox.pdmodel.common.filespecification.PDEmbeddedFile.getMacCreator(),10,2,1,4,0
org.apache.pdfbox.pdmodel.common.filespecification.PDEmbeddedFile.setMacCreator(String),13,3,2,5,0
org.apache.pdfbox.pdmodel.common.filespecification.PDEmbeddedFile.getMacResFork(),10,2,1,4,0
org.apache.pdfbox.pdmodel.common.filespecification.PDEmbeddedFile.setMacResFork(String),13,3,2,5,0
org.apache.pdfbox.debugger.hexviewer.ASCIIPane.ASCIIPane(HexModel),7,1,5,7,0
org.apache.pdfbox.debugger.hexviewer.ASCIIPane.paintComponent(Graphics),32,5,8,8,1
"org.apache.pdfbox.debugger.hexviewer.ASCIIPane.paintInSelected(Graphics, int, int)",13,1,12,7,0
org.apache.pdfbox.debugger.hexviewer.ASCIIPane.hexModelChanged(HexModelChangedEvent),4,1,0,1,0
org.apache.pdfbox.debugger.hexviewer.ASCIIPane.setSelected(int),6,1,2,5,0
org.apache.pdfbox.debugger.hexviewer.HexModel.HexModel(byte[]),9,2,5,6,1
org.apache.pdfbox.debugger.hexviewer.HexModel.getByte(int),4,1,4,2,0
org.apache.pdfbox.debugger.hexviewer.HexModel.getLineChars(int),17,4,5,5,1
org.apache.pdfbox.debugger.hexviewer.HexModel.getBytesForLine(int),12,2,4,4,1
org.apache.pdfbox.debugger.hexviewer.HexModel.size(),4,1,4,2,0
org.apache.pdfbox.debugger.hexviewer.HexModel.totalLine(),4,2,6,2,0
org.apache.pdfbox.debugger.hexviewer.HexModel.lineNumber(int),5,2,6,1,0
org.apache.pdfbox.debugger.hexviewer.HexModel.elementIndexInLine(int),4,1,4,1,0
org.apache.pdfbox.debugger.hexviewer.HexModel.isAsciiPrintable(char),4,1,2,1,0
org.apache.pdfbox.debugger.hexviewer.HexModel.addHexModelChangeListener(HexModelChangeListener),4,1,5,1,0
"org.apache.pdfbox.debugger.hexviewer.HexModel.updateModel(int, byte)",11,3,5,5,1
org.apache.pdfbox.debugger.hexviewer.HexModel.fireModelChanged(int),7,2,4,2,1
org.apache.pdfbox.debugger.hexviewer.HexModel.hexChanged(HexChangedEvent),9,2,2,5,0
"org.apache.pdfbox.debugger.hexviewer.HexModelChangedEvent.HexModelChangedEvent(int, int)",5,1,4,3,0
org.apache.pdfbox.debugger.hexviewer.HexModelChangedEvent.getStartIndex(),4,1,1,1,0
org.apache.pdfbox.debugger.hexviewer.HexModelChangedEvent.getChangeType(),4,1,1,1,0
org.apache.pdfbox.debugger.hexviewer.HexView.HexView(),4,1,1,4,0
org.apache.pdfbox.debugger.hexviewer.HexView.HexView(byte[]),5,1,3,7,0
org.apache.pdfbox.debugger.hexviewer.HexView.changeData(byte[]),10,2,4,6,0
org.apache.pdfbox.debugger.hexviewer.HexView.getPane(),4,1,3,1,0
org.apache.pdfbox.preflight.TestPreflightPath.test(),36,1,0,13,0
org.apache.pdfbox.preflight.TestPreflightPath.testPush(),6,1,0,3,0
org.apache.pdfbox.preflight.PreflightPath.pushObject(Object),11,2,6,3,0
"org.apache.pdfbox.preflight.PreflightPath.getPathElement(int, Class<T>)",8,2,5,3,0
org.apache.pdfbox.preflight.PreflightPath.getClosestTypePosition(Class<T>),11,3,6,4,1
org.apache.pdfbox.preflight.PreflightPath.getClosestPathElement(Class<T>),4,1,6,3,0
org.apache.pdfbox.preflight.PreflightPath.peek(),4,1,12,2,0
org.apache.pdfbox.preflight.PreflightPath.pop(),5,1,4,2,0
org.apache.pdfbox.preflight.PreflightPath.clear(),5,1,3,1,0
org.apache.pdfbox.preflight.PreflightPath.size(),4,1,4,2,0
org.apache.pdfbox.preflight.PreflightPath.isEmpty(),4,1,12,2,0
org.apache.pdfbox.preflight.PreflightPath.isExpectedType(Class<?>),6,1,12,4,0
org.apache.pdfbox.pdmodel.interactive.digitalsignature.PDSeedValueMDP.PDSeedValueMDP(),5,1,1,4,0
org.apache.pdfbox.pdmodel.interactive.digitalsignature.PDSeedValueMDP.PDSeedValueMDP(COSDictionary),5,1,3,3,0
org.apache.pdfbox.pdmodel.interactive.digitalsignature.PDSeedValueMDP.getCOSObject(),4,1,2,1,0
org.apache.pdfbox.pdmodel.interactive.digitalsignature.PDSeedValueMDP.getP(),4,1,2,2,0
org.apache.pdfbox.pdmodel.interactive.digitalsignature.PDSeedValueMDP.setP(int),8,2,3,2,0
org.apache.pdfbox.debugger.streampane.StreamImageView.StreamImageView(BufferedImage),5,1,2,3,0
org.apache.pdfbox.debugger.streampane.StreamImageView.initUI(),16,1,7,18,0
org.apache.pdfbox.debugger.streampane.StreamImageView.getView(),4,1,2,1,0
"org.apache.pdfbox.debugger.streampane.StreamImageView.zoomImage(BufferedImage, float, int)",7,1,5,5,0
org.apache.pdfbox.debugger.streampane.StreamImageView.actionPerformed(ActionEvent),8,2,2,7,0
org.apache.pdfbox.debugger.streampane.StreamImageView.addImage(Image),5,1,3,3,0
org.apache.pdfbox.debugger.streampane.StreamImageView.ancestorAdded(AncestorEvent),11,1,4,8,0
org.apache.pdfbox.debugger.streampane.StreamImageView.ancestorRemoved(AncestorEvent),5,1,2,1,0
org.apache.pdfbox.debugger.streampane.StreamImageView.ancestorMoved(AncestorEvent),3,1,0,0,0
org.apache.pdfbox.debugger.ui.ImageUtil.ImageUtil(),3,1,0,1,0
"org.apache.pdfbox.debugger.ui.ImageUtil.getRotatedImage(BufferedImage, int)",31,4,5,10,0
org.apache.pdfbox.debugger.ui.RotationMenu.RotationMenu(),4,1,1,3,0
org.apache.pdfbox.debugger.ui.RotationMenu.getInstance(),8,2,4,3,0
org.apache.pdfbox.debugger.ui.RotationMenu.setRotationSelection(String),23,5,11,3,0
org.apache.pdfbox.debugger.ui.RotationMenu.isRotationMenu(String),5,1,7,2,0
org.apache.pdfbox.debugger.ui.RotationMenu.getRotationDegrees(),16,4,6,2,0
org.apache.pdfbox.debugger.ui.RotationMenu.getRotationDegrees(String),23,5,5,3,0
org.apache.pdfbox.debugger.ui.RotationMenu.createRotationMenu(),24,1,9,12,0
org.apache.pdfbox.debugger.ui.ZoomMenu.ZoomMenu(),12,2,3,8,1
org.apache.pdfbox.debugger.ui.ZoomMenu.getInstance(),8,2,4,3,0
org.apache.pdfbox.debugger.ui.ZoomMenu.setZoomSelection(String),13,3,4,5,1
org.apache.pdfbox.debugger.ui.ZoomMenu.isZoomMenu(String),9,2,4,6,0
org.apache.pdfbox.debugger.ui.ZoomMenu.getZoomScale(),12,3,5,4,1
org.apache.pdfbox.debugger.ui.MenuBase.setMenu(JMenu),4,1,3,1,0
org.apache.pdfbox.debugger.ui.MenuBase.getMenu(),4,1,2,1,0
org.apache.pdfbox.debugger.ui.MenuBase.setEnableMenu(boolean),4,1,7,1,0
org.apache.pdfbox.debugger.ui.MenuBase.addMenuListeners(ActionListener),9,2,4,3,1
org.apache.pdfbox.debugger.ui.MenuBase.removeActionListeners(JMenuItem),7,2,2,2,1
org.apache.pdfbox.tools.imageio.TestImageIOUtils.checkSaveResources(PDResources),30,7,2,9,0
"org.apache.pdfbox.tools.imageio.TestImageIOUtils.doTestFile(File, String)",44,2,11,11,0
"org.apache.pdfbox.tools.imageio.TestImageIOUtils.checkImageFileSizeAndContent(String, BufferedImage)",18,4,3,10,0
"org.apache.pdfbox.tools.imageio.TestImageIOUtils.checkImageFileSize(String, BufferedImage)",8,1,3,5,0
"org.apache.pdfbox.tools.imageio.TestImageIOUtils.checkBufferedImageSize(String, BufferedImage, BufferedImage)",6,1,5,3,0
"org.apache.pdfbox.tools.imageio.TestImageIOUtils.checkNotBlank(String, BufferedImage)",14,3,4,7,0
"org.apache.pdfbox.tools.imageio.TestImageIOUtils.writeImage(PDDocument, String, String, ImageType, float)",19,2,8,10,0
org.apache.pdfbox.tools.imageio.TestImageIOUtils.testRenderImage(),22,3,0,6,0
"org.apache.pdfbox.tools.imageio.TestImageIOUtils.checkResolution(String, int)",36,2,4,28,0
"org.apache.pdfbox.tools.imageio.TestImageIOUtils.checkBmpResolution(String, int)",16,1,3,9,0
"org.apache.pdfbox.tools.imageio.TestImageIOUtils.checkTiffCompression(String, String)",15,1,4,15,0
"org.apache.pdfbox.tools.imageio.TestImageIOUtils.checkFileTypeByContent(String, FileType)",6,1,3,5,0
org.apache.pdfbox.pdmodel.graphics.image.PDImageXObject.createThumbnail(COSStream),5,1,3,3,0
org.apache.pdfbox.pdmodel.graphics.image.PDImageXObject.PDImageXObject(PDDocument),4,1,1,3,0
"org.apache.pdfbox.pdmodel.graphics.image.PDImageXObject.PDImageXObject(PDDocument, InputStream, COSBase, int, int, int, PDColorSpace)",13,1,13,11,0
"org.apache.pdfbox.pdmodel.graphics.image.PDImageXObject.createRawStream(PDDocument, InputStream)",19,2,3,6,0
"org.apache.pdfbox.pdmodel.graphics.image.PDImageXObject.PDImageXObject(PDStream, PDResources)",4,1,8,3,0
"org.apache.pdfbox.pdmodel.graphics.image.PDImageXObject.createFromFile(String, PDDocument)",4,1,5,3,0
"org.apache.pdfbox.pdmodel.graphics.image.PDImageXObject.createFromFileByExtension(File, PDDocument)",27,5,3,13,0
"org.apache.pdfbox.pdmodel.graphics.image.PDImageXObject.createFromFileByContent(File, PDDocument)",42,6,8,14,0
"org.apache.pdfbox.pdmodel.graphics.image.PDImageXObject.PDImageXObject(PDStream, PDResources, COSInputStream)",6,1,5,7,0
"org.apache.pdfbox.pdmodel.graphics.image.PDImageXObject.repair(PDStream, COSInputStream)",5,1,3,5,0
org.apache.pdfbox.pdmodel.graphics.image.PDImageXObject.getMetadata(),9,2,1,4,0
org.apache.pdfbox.pdmodel.graphics.image.PDImageXObject.setMetadata(PDMetadata),4,1,2,2,0
org.apache.pdfbox.pdmodel.graphics.image.PDImageXObject.getStructParent(),4,1,1,3,0
org.apache.pdfbox.pdmodel.graphics.image.PDImageXObject.setStructParent(int),4,1,2,2,0
org.apache.pdfbox.pdmodel.graphics.image.PDImageXObject.getImage(),27,5,11,11,0
org.apache.pdfbox.pdmodel.graphics.image.PDImageXObject.getStencilImage(Paint),8,2,1,4,0
org.apache.pdfbox.pdmodel.graphics.image.PDImageXObject.getOpaqueImage(),4,1,8,2,0
"org.apache.pdfbox.pdmodel.graphics.image.PDImageXObject.applyMask(BufferedImage, BufferedImage, boolean)",48,7,5,8,2
"org.apache.pdfbox.pdmodel.graphics.image.PDImageXObject.scaleImage(BufferedImage, int, int)",12,1,9,8,0
org.apache.pdfbox.pdmodel.graphics.image.PDImageXObject.getMask(),17,3,2,5,0
org.apache.pdfbox.pdmodel.graphics.image.PDImageXObject.getColorKeyMask(),9,2,2,3,0
org.apache.pdfbox.pdmodel.graphics.image.PDImageXObject.getSoftMask(),9,2,8,5,0
org.apache.pdfbox.pdmodel.graphics.image.PDImageXObject.getBitsPerComponent(),11,2,3,4,0
org.apache.pdfbox.pdmodel.graphics.image.PDImageXObject.setBitsPerComponent(int),4,1,3,2,0
org.apache.pdfbox.pdmodel.graphics.image.PDImageXObject.getColorSpace(),20,4,6,7,0
org.apache.pdfbox.pdmodel.graphics.image.PDImageXObject.createInputStream(),4,1,0,3,0
org.apache.pdfbox.pdmodel.graphics.image.PDImageXObject.createInputStream(List<String>),4,1,2,3,0
org.apache.pdfbox.pdmodel.graphics.image.PDImageXObject.isEmpty(),4,1,0,4,0
org.apache.pdfbox.pdmodel.graphics.image.PDImageXObject.setColorSpace(PDColorSpace),4,2,3,3,0
org.apache.pdfbox.pdmodel.graphics.image.PDImageXObject.getHeight(),4,1,9,3,0
org.apache.pdfbox.pdmodel.graphics.image.PDImageXObject.setHeight(int),4,1,3,2,0
org.apache.pdfbox.pdmodel.graphics.image.PDImageXObject.getWidth(),4,1,9,3,0
org.apache.pdfbox.pdmodel.graphics.image.PDImageXObject.setWidth(int),4,1,3,2,0
org.apache.pdfbox.pdmodel.graphics.image.PDImageXObject.getInterpolate(),4,1,1,3,0
org.apache.pdfbox.pdmodel.graphics.image.PDImageXObject.setInterpolate(boolean),4,1,2,2,0
org.apache.pdfbox.pdmodel.graphics.image.PDImageXObject.setDecode(COSArray),4,1,2,2,0
org.apache.pdfbox.pdmodel.graphics.image.PDImageXObject.getDecode(),9,2,1,3,0
org.apache.pdfbox.pdmodel.graphics.image.PDImageXObject.isStencil(),4,1,5,3,0
org.apache.pdfbox.pdmodel.graphics.image.PDImageXObject.setStencil(boolean),4,1,2,2,0
org.apache.pdfbox.pdmodel.graphics.image.PDImageXObject.getSuffix(),31,6,9,6,0
org.apache.pdfbox.rendering.ImageType.toBufferedImageType(),1,1,1,1,0
org.apache.pdfbox.rendering.ImageType.values(),0,1,0,1,0
org.apache.pdfbox.rendering.ImageType.valueOf(),0,1,0,1,0
org.apache.pdfbox.util.filetypedetector.FileType.values(),0,1,0,1,0
org.apache.pdfbox.util.filetypedetector.FileType.valueOf(),0,1,0,1,0
org.apache.pdfbox.util.filetypedetector.FileTypeDetector.FileTypeDetector(),3,1,0,1,0
org.apache.pdfbox.util.filetypedetector.FileTypeDetector.detectFileType(BufferedInputStream),17,3,4,8,0
org.apache.pdfbox.tools.imageio.ImageIOUtil.ImageIOUtil(),3,1,0,1,0
"org.apache.pdfbox.tools.imageio.ImageIOUtil.writeImage(BufferedImage, String, int)",15,1,5,7,0
"org.apache.pdfbox.tools.imageio.ImageIOUtil.writeImage(BufferedImage, String, String, int)",14,1,4,5,0
"org.apache.pdfbox.tools.imageio.ImageIOUtil.writeImage(BufferedImage, String, OutputStream)",5,1,5,2,0
"org.apache.pdfbox.tools.imageio.ImageIOUtil.writeImage(BufferedImage, String, OutputStream, int)",5,1,7,2,0
"org.apache.pdfbox.tools.imageio.ImageIOUtil.writeImage(BufferedImage, String, OutputStream, int, float)",87,13,8,32,2
"org.apache.pdfbox.tools.imageio.ImageIOUtil.getOrCreateChildNode(IIOMetadataNode, String)",11,2,3,6,0
"org.apache.pdfbox.tools.imageio.ImageIOUtil.setDPI(IIOMetadata, int, String)",15,2,5,7,0
"org.apache.xmpbox.type.GUIDType.GUIDType(XMPMetadata, String, String, String, Object)",4,1,6,2,0
"org.apache.pdfbox.cos.COSOutputStream.COSOutputStream(List<Filter>, COSDictionary, OutputStream, ScratchFile)",7,1,4,4,0
org.apache.pdfbox.cos.COSOutputStream.write(byte[]),4,1,2,1,0
"org.apache.pdfbox.cos.COSOutputStream.write(byte[], int, int)",4,1,4,1,0
org.apache.pdfbox.cos.COSOutputStream.write(int),4,1,2,1,0
org.apache.pdfbox.cos.COSOutputStream.flush(),3,1,0,0,0
org.apache.pdfbox.cos.COSOutputStream.close(),11,2,4,9,1
org.apache.pdfbox.filter.Filter.Filter(),3,1,0,1,0
"org.apache.pdfbox.filter.Filter.decode(InputStream, OutputStream, COSDictionary, int)",2,1,6,1,0
"org.apache.pdfbox.filter.Filter.encode(InputStream, OutputStream, COSDictionary, int)",5,1,6,2,0
"org.apache.pdfbox.filter.Filter.encode(InputStream, OutputStream, COSDictionary)",2,1,3,0,0
"org.apache.pdfbox.filter.Filter.getDecodeParams(COSDictionary, int)",22,5,9,8,0
"org.apache.pdfbox.filter.Filter.findImageReader(String, String)",18,4,5,6,1
"org.apache.fontbox.ttf.BufferedRandomAccessFile.BufferedRandomAccessFile(String, String, int)",7,1,4,4,0
"org.apache.fontbox.ttf.BufferedRandomAccessFile.BufferedRandomAccessFile(File, String, int)",7,1,5,4,0
org.apache.fontbox.ttf.BufferedRandomAccessFile.read(),12,3,3,3,0
org.apache.fontbox.ttf.BufferedRandomAccessFile.fillBuffer(),11,2,4,5,0
org.apache.fontbox.ttf.BufferedRandomAccessFile.invalidate(),6,1,1,4,0
"org.apache.fontbox.ttf.BufferedRandomAccessFile.read(byte[], int, int)",21,4,6,4,0
org.apache.fontbox.ttf.BufferedRandomAccessFile.getFilePointer(),4,1,3,1,0
org.apache.fontbox.ttf.BufferedRandomAccessFile.seek(long),13,2,3,3,0
org.apache.xmpbox.schema.ExifSchema.ExifSchema(XMPMetadata),4,1,2,2,0
"org.apache.xmpbox.schema.ExifSchema.ExifSchema(XMPMetadata, String)",4,1,2,2,0
org.apache.xmpbox.schema.ExifSchema.getUserCommentProperty(),4,1,1,2,0
org.apache.xmpbox.schema.ExifSchema.getUserCommentLanguages(),4,1,1,2,0
org.apache.xmpbox.schema.ExifSchema.getUserComment(String),4,1,3,2,0
org.apache.xmpbox.schema.ExifSchema.getUserComment(),4,1,0,2,0
org.apache.pdfbox.pdfparser.EndstreamOutputStream.EndstreamOutputStream(OutputStream),4,1,3,2,0
"org.apache.pdfbox.pdfparser.EndstreamOutputStream.write(byte[], int, int)",52,12,8,6,1
org.apache.pdfbox.pdfparser.EndstreamOutputStream.flush(),11,2,3,5,0
org.apache.pdfbox.pdmodel.common.function.type4.Operators.Operators(),45,1,44,2,0
org.apache.pdfbox.pdmodel.common.function.type4.Operators.getOperator(String),4,1,3,2,0
org.apache.pdfbox.pdmodel.common.function.type4.InstructionSequence.addName(String),4,1,3,1,0
org.apache.pdfbox.pdmodel.common.function.type4.InstructionSequence.addInteger(int),4,1,3,1,0
org.apache.pdfbox.pdmodel.common.function.type4.InstructionSequence.addReal(float),4,1,3,1,0
org.apache.pdfbox.pdmodel.common.function.type4.InstructionSequence.addBoolean(boolean),4,1,2,1,0
org.apache.pdfbox.pdmodel.common.function.type4.InstructionSequence.addProc(InstructionSequence),4,1,3,1,0
org.apache.pdfbox.pdmodel.common.function.type4.InstructionSequence.execute(ExecutionContext),29,5,6,9,2
"org.apache.pdfbox.contentstream.operator.DrawObject.process(Operator, List<COSBase>)",27,6,3,8,0
org.apache.pdfbox.contentstream.operator.DrawObject.getName(),4,1,0,1,0
"org.apache.pdfbox.rendering.TilingPaint.TilingPaint(PageDrawer, PDTilingPattern, AffineTransform)",7,1,4,7,0
"org.apache.pdfbox.rendering.TilingPaint.TilingPaint(PageDrawer, PDTilingPattern, PDColorSpace, PDColor, AffineTransform)",7,1,6,7,0
"org.apache.pdfbox.rendering.TilingPaint.createContext(ColorModel, Rectangle, Rectangle2D, AffineTransform, RenderingHints)",11,1,8,11,0
"org.apache.pdfbox.rendering.TilingPaint.getImage(PDColorSpace, PDColor, AffineTransform)",39,3,10,31,0
org.apache.pdfbox.rendering.TilingPaint.ceiling(double),6,1,3,4,0
org.apache.pdfbox.rendering.TilingPaint.getTransparency(),4,1,1,1,0
org.apache.pdfbox.rendering.TilingPaint.getAnchorRect(),20,3,5,13,0
org.apache.pdfbox.rendering.PageDrawer.PageDrawer(PageDrawerParameters),5,1,3,5,0
org.apache.pdfbox.rendering.PageDrawer.getRenderer(),4,1,1,1,0
org.apache.pdfbox.rendering.PageDrawer.getGraphics(),4,1,3,1,0
org.apache.pdfbox.rendering.PageDrawer.getLinePath(),4,1,2,1,0
org.apache.pdfbox.rendering.PageDrawer.setRenderingHints(),9,1,11,1,0
"org.apache.pdfbox.rendering.PageDrawer.drawPage(Graphics, PDRectangle)",17,2,6,16,1
"org.apache.pdfbox.rendering.PageDrawer.drawTilingPattern(Graphics2D, PDTilingPattern, PDColorSpace, PDColor, Matrix)",15,1,9,6,0
org.apache.pdfbox.rendering.PageDrawer.getPaint(PDColor),39,5,9,17,0
org.apache.pdfbox.rendering.PageDrawer.setClip(),9,2,8,4,0
org.apache.pdfbox.rendering.PageDrawer.beginText(),5,1,0,2,0
org.apache.pdfbox.rendering.PageDrawer.endText(),4,1,0,1,0
org.apache.pdfbox.rendering.PageDrawer.beginTextClip(),4,1,1,2,0
org.apache.pdfbox.rendering.PageDrawer.endTextClip(),10,2,2,7,0
"org.apache.pdfbox.rendering.PageDrawer.showFontGlyph(Matrix, PDFont, int, String, Vector)",8,1,4,5,0
"org.apache.pdfbox.rendering.PageDrawer.drawGlyph2D(Glyph2D, PDFont, int, Vector, AffineTransform)",40,7,8,26,0
org.apache.pdfbox.rendering.PageDrawer.createGlyph2D(PDFont),49,10,3,13,0
"org.apache.pdfbox.rendering.PageDrawer.appendRectangle(Point2D, Point2D, Point2D, Point2D)",8,1,5,5,0
org.apache.pdfbox.rendering.PageDrawer.createSoftMaskRaster(PDSoftMask),17,3,4,8,0
"org.apache.pdfbox.rendering.PageDrawer.applySoftMaskToPaint(Paint, PDSoftMask)",16,3,7,6,0
org.apache.pdfbox.rendering.PageDrawer.getStrokingPaint(),6,1,2,6,0
org.apache.pdfbox.rendering.PageDrawer.getNonStrokingPaint(),4,1,3,4,0
org.apache.pdfbox.rendering.PageDrawer.getStroke(),30,6,3,12,1
org.apache.pdfbox.rendering.PageDrawer.strokePath(),9,1,3,10,0
org.apache.pdfbox.rendering.PageDrawer.fillPath(int),30,4,7,19,0
org.apache.pdfbox.rendering.PageDrawer.isRectangular(GeneralPath),49,9,6,6,1
org.apache.pdfbox.rendering.PageDrawer.fillAndStrokePath(int),7,1,2,4,0
org.apache.pdfbox.rendering.PageDrawer.clip(int),4,1,1,1,0
"org.apache.pdfbox.rendering.PageDrawer.moveTo(float, float)",4,1,3,1,0
"org.apache.pdfbox.rendering.PageDrawer.lineTo(float, float)",4,1,3,1,0
"org.apache.pdfbox.rendering.PageDrawer.curveTo(float, float, float, float, float, float)",4,1,7,1,0
org.apache.pdfbox.rendering.PageDrawer.getCurrentPoint(),4,1,1,2,0
org.apache.pdfbox.rendering.PageDrawer.closePath(),4,1,1,1,0
org.apache.pdfbox.rendering.PageDrawer.endPath(),10,2,2,5,0
org.apache.pdfbox.rendering.PageDrawer.drawImage(PDImage),28,5,4,16,0
"org.apache.pdfbox.rendering.PageDrawer.drawBufferedImage(BufferedImage, AffineTransform)",33,3,4,22,0
"org.apache.pdfbox.rendering.PageDrawer.applyTransferFunction(BufferedImage, COSBase)",77,8,5,11,2
org.apache.pdfbox.rendering.PageDrawer.shadingFill(COSName),11,1,2,12,0
org.apache.pdfbox.rendering.PageDrawer.showAnnotation(PDAnnotation),29,7,7,13,0
"org.apache.pdfbox.rendering.PageDrawer.getAnnotationBorder(PDAnnotation, PDBorderStyleDictionary)",55,12,9,18,1
org.apache.pdfbox.rendering.PageDrawer.drawAnnotationLinkBorder(PDAnnotationLink),25,3,9,15,0
org.apache.pdfbox.rendering.PageDrawer.drawAnnotationInk(PDAnnotationMarkup),54,9,9,19,2
org.apache.pdfbox.rendering.PageDrawer.showTransparencyGroup(PDTransparencyGroup),28,2,4,24,0
org.apache.pdfbox.contentstream.operator.color.SetNonStrokingColor.getColor(),4,1,1,3,0
org.apache.pdfbox.contentstream.operator.color.SetNonStrokingColor.setColor(PDColor),4,1,2,2,0
org.apache.pdfbox.contentstream.operator.color.SetNonStrokingColor.getColorSpace(),4,1,1,3,0
org.apache.pdfbox.contentstream.operator.color.SetNonStrokingColor.getName(),4,1,0,1,0
"org.apache.pdfbox.contentstream.operator.color.SetColor.process(Operator, List<COSBase>)",12,2,8,8,0
org.apache.pdfbox.contentstream.operator.color.SetColor.getColor(),1,1,0,1,0
org.apache.pdfbox.contentstream.operator.color.SetColor.setColor(PDColor),1,1,1,0,0
org.apache.pdfbox.contentstream.operator.color.SetColor.getColorSpace(),1,1,1,1,0
org.apache.pdfbox.pdmodel.graphics.state.PDGraphicsState.PDGraphicsState(PDRectangle),4,1,3,4,0
org.apache.pdfbox.pdmodel.graphics.state.PDGraphicsState.getCurrentTransformationMatrix(),4,1,15,1,0
org.apache.pdfbox.pdmodel.graphics.state.PDGraphicsState.setCurrentTransformationMatrix(Matrix),4,1,3,1,0
org.apache.pdfbox.pdmodel.graphics.state.PDGraphicsState.getLineWidth(),4,1,2,1,0
org.apache.pdfbox.pdmodel.graphics.state.PDGraphicsState.setLineWidth(float),4,1,3,1,0
org.apache.pdfbox.pdmodel.graphics.state.PDGraphicsState.getLineCap(),4,1,2,1,0
org.apache.pdfbox.pdmodel.graphics.state.PDGraphicsState.setLineCap(int),4,1,3,1,0
org.apache.pdfbox.pdmodel.graphics.state.PDGraphicsState.getLineJoin(),4,1,2,1,0
org.apache.pdfbox.pdmodel.graphics.state.PDGraphicsState.setLineJoin(int),4,1,3,1,0
org.apache.pdfbox.pdmodel.graphics.state.PDGraphicsState.getMiterLimit(),4,1,2,1,0
org.apache.pdfbox.pdmodel.graphics.state.PDGraphicsState.setMiterLimit(float),4,1,3,1,0
org.apache.pdfbox.pdmodel.graphics.state.PDGraphicsState.isStrokeAdjustment(),4,1,1,1,0
org.apache.pdfbox.pdmodel.graphics.state.PDGraphicsState.setStrokeAdjustment(boolean),4,1,2,1,0
org.apache.pdfbox.pdmodel.graphics.state.PDGraphicsState.getAlphaConstant(),4,1,1,1,0
org.apache.pdfbox.pdmodel.graphics.state.PDGraphicsState.setAlphaConstant(double),4,1,2,1,0
org.apache.pdfbox.pdmodel.graphics.state.PDGraphicsState.getNonStrokeAlphaConstants(),4,1,1,1,0
org.apache.pdfbox.pdmodel.graphics.state.PDGraphicsState.setNonStrokeAlphaConstants(double),4,1,3,1,0
org.apache.pdfbox.pdmodel.graphics.state.PDGraphicsState.isAlphaSource(),4,1,1,1,0
org.apache.pdfbox.pdmodel.graphics.state.PDGraphicsState.setAlphaSource(boolean),4,1,2,1,0
org.apache.pdfbox.pdmodel.graphics.state.PDGraphicsState.getSoftMask(),4,1,4,1,0
org.apache.pdfbox.pdmodel.graphics.state.PDGraphicsState.setSoftMask(PDSoftMask),4,1,3,1,0
org.apache.pdfbox.pdmodel.graphics.state.PDGraphicsState.getBlendMode(),4,1,1,1,0
org.apache.pdfbox.pdmodel.graphics.state.PDGraphicsState.setBlendMode(BlendMode),4,1,2,1,0
org.apache.pdfbox.pdmodel.graphics.state.PDGraphicsState.isOverprint(),4,1,1,1,0
org.apache.pdfbox.pdmodel.graphics.state.PDGraphicsState.setOverprint(boolean),4,1,1,1,0
org.apache.pdfbox.pdmodel.graphics.state.PDGraphicsState.getOverprintMode(),4,1,1,1,0
org.apache.pdfbox.pdmodel.graphics.state.PDGraphicsState.setOverprintMode(double),4,1,2,1,0
org.apache.pdfbox.pdmodel.graphics.state.PDGraphicsState.getFlatness(),4,1,1,1,0
org.apache.pdfbox.pdmodel.graphics.state.PDGraphicsState.setFlatness(double),4,1,3,1,0
org.apache.pdfbox.pdmodel.graphics.state.PDGraphicsState.getSmoothness(),4,1,1,1,0
org.apache.pdfbox.pdmodel.graphics.state.PDGraphicsState.setSmoothness(double),4,1,2,1,0
org.apache.pdfbox.pdmodel.graphics.state.PDGraphicsState.getTextState(),4,1,17,1,0
org.apache.pdfbox.pdmodel.graphics.state.PDGraphicsState.setTextState(PDTextState),4,1,1,1,0
org.apache.pdfbox.pdmodel.graphics.state.PDGraphicsState.getLineDashPattern(),4,1,2,1,0
org.apache.pdfbox.pdmodel.graphics.state.PDGraphicsState.setLineDashPattern(PDLineDashPattern),4,1,3,1,0
org.apache.pdfbox.pdmodel.graphics.state.PDGraphicsState.getRenderingIntent(),4,1,1,1,0
org.apache.pdfbox.pdmodel.graphics.state.PDGraphicsState.setRenderingIntent(RenderingIntent),4,1,3,1,0
org.apache.pdfbox.pdmodel.graphics.state.PDGraphicsState.clone(),19,2,9,12,0
org.apache.pdfbox.pdmodel.graphics.state.PDGraphicsState.getStrokingColor(),4,1,4,1,0
org.apache.pdfbox.pdmodel.graphics.state.PDGraphicsState.setStrokingColor(PDColor),4,1,4,1,0
org.apache.pdfbox.pdmodel.graphics.state.PDGraphicsState.getNonStrokingColor(),4,1,5,1,0
org.apache.pdfbox.pdmodel.graphics.state.PDGraphicsState.setNonStrokingColor(PDColor),4,1,4,1,0
org.apache.pdfbox.pdmodel.graphics.state.PDGraphicsState.getStrokingColorSpace(),4,1,3,1,0
org.apache.pdfbox.pdmodel.graphics.state.PDGraphicsState.setStrokingColorSpace(PDColorSpace),4,1,6,1,0
org.apache.pdfbox.pdmodel.graphics.state.PDGraphicsState.getNonStrokingColorSpace(),4,1,3,1,0
org.apache.pdfbox.pdmodel.graphics.state.PDGraphicsState.setNonStrokingColorSpace(PDColorSpace),4,1,6,1,0
org.apache.pdfbox.pdmodel.graphics.state.PDGraphicsState.intersectClippingPath(GeneralPath),4,1,3,2,0
org.apache.pdfbox.pdmodel.graphics.state.PDGraphicsState.intersectClippingPath(Area),11,2,5,5,0
org.apache.pdfbox.pdmodel.graphics.state.PDGraphicsState.getCurrentClippingPath(),4,1,4,1,0
org.apache.pdfbox.pdmodel.graphics.state.PDGraphicsState.getStrokingJavaComposite(),4,1,4,2,0
org.apache.pdfbox.pdmodel.graphics.state.PDGraphicsState.getNonStrokingJavaComposite(),4,1,7,2,0
org.apache.pdfbox.pdmodel.graphics.state.PDGraphicsState.getTransfer(),4,1,2,1,0
org.apache.pdfbox.pdmodel.graphics.state.PDGraphicsState.setTransfer(COSBase),4,1,2,1,0
"org.apache.pdfbox.debugger.flagbitspane.FlagBitsPane.FlagBitsPane(COSDictionary, COSName)",4,1,3,2,0
"org.apache.pdfbox.debugger.flagbitspane.FlagBitsPane.createPane(COSDictionary, COSName)",34,6,8,12,0
org.apache.pdfbox.debugger.flagbitspane.FlagBitsPane.getPane(),4,1,2,2,0
"org.apache.pdfbox.debugger.flagbitspane.FlagBitsPaneView.FlagBitsPaneView(String, String, Object[][], String[])",12,2,6,8,0
org.apache.pdfbox.debugger.flagbitspane.FlagBitsPaneView.createView(),35,1,14,22,0
org.apache.pdfbox.debugger.flagbitspane.FlagBitsPaneView.getPanel(),4,1,2,1,0
org.apache.pdfbox.debugger.flagbitspane.Flag.getFlagType(),1,1,1,1,0
org.apache.pdfbox.debugger.flagbitspane.Flag.getFlagValue(),1,1,1,1,0
org.apache.pdfbox.debugger.flagbitspane.Flag.getFlagBits(),1,1,1,1,0
org.apache.pdfbox.debugger.flagbitspane.Flag.getColumnNames(),4,1,1,1,0
org.apache.pdfbox.debugger.flagbitspane.FontFlag.FontFlag(COSDictionary),4,1,2,2,0
org.apache.pdfbox.debugger.flagbitspane.FontFlag.getFlagType(),4,1,0,1,0
org.apache.pdfbox.debugger.flagbitspane.FontFlag.getFlagValue(),4,1,2,2,0
org.apache.pdfbox.debugger.flagbitspane.FontFlag.getFlagBits(),15,1,1,11,0
org.apache.pdfbox.debugger.flagbitspane.AnnotFlag.AnnotFlag(COSDictionary),4,1,2,2,0
org.apache.pdfbox.debugger.flagbitspane.AnnotFlag.getFlagType(),4,1,0,1,0
org.apache.pdfbox.debugger.flagbitspane.AnnotFlag.getFlagValue(),4,1,2,2,0
org.apache.pdfbox.debugger.flagbitspane.AnnotFlag.getFlagBits(),18,1,1,10,0
org.apache.pdfbox.debugger.flagbitspane.FieldFlag.FieldFlag(COSDictionary),4,1,2,2,0
org.apache.pdfbox.debugger.flagbitspane.FieldFlag.getFlagType(),17,4,5,3,0
org.apache.pdfbox.debugger.flagbitspane.FieldFlag.getFlagValue(),4,1,2,2,0
org.apache.pdfbox.debugger.flagbitspane.FieldFlag.getFlagBits(),18,4,6,7,0
org.apache.pdfbox.debugger.flagbitspane.FieldFlag.getTextFieldFlagBits(int),15,1,2,2,0
org.apache.pdfbox.debugger.flagbitspane.FieldFlag.getButtonFieldFlagBits(int),12,1,2,2,0
org.apache.pdfbox.debugger.flagbitspane.FieldFlag.getChoiceFieldFlagBits(int),14,1,2,2,0
"org.apache.pdfbox.debugger.flagbitspane.FieldFlag.isFlagBitSet(int, int)",5,1,5,1,0
org.apache.pdfbox.debugger.flagbitspane.PanoseFlag.PanoseFlag(COSDictionary),5,1,3,5,0
org.apache.pdfbox.debugger.flagbitspane.PanoseFlag.getFlagType(),4,1,0,1,0
org.apache.pdfbox.debugger.flagbitspane.PanoseFlag.getFlagValue(),4,1,1,2,0
org.apache.pdfbox.debugger.flagbitspane.PanoseFlag.getFlagBits(),16,1,1,23,0
org.apache.pdfbox.debugger.flagbitspane.PanoseFlag.getColumnNames(),4,1,0,1,0
org.apache.pdfbox.debugger.flagbitspane.PanoseFlag.getFamilyKindValue(int),11,1,2,1,0
org.apache.pdfbox.debugger.flagbitspane.PanoseFlag.getSerifStyleValue(int),21,1,2,1,0
org.apache.pdfbox.debugger.flagbitspane.PanoseFlag.getWeightValue(int),17,1,2,1,0
org.apache.pdfbox.debugger.flagbitspane.PanoseFlag.getProportionValue(int),15,1,2,1,0
org.apache.pdfbox.debugger.flagbitspane.PanoseFlag.getContrastValue(int),15,1,2,1,0
org.apache.pdfbox.debugger.flagbitspane.PanoseFlag.getStrokeVariationValue(int),16,1,2,1,0
org.apache.pdfbox.debugger.flagbitspane.PanoseFlag.getArmStyleValue(int),17,1,2,1,0
org.apache.pdfbox.debugger.flagbitspane.PanoseFlag.getLetterformValue(int),21,1,2,1,0
org.apache.pdfbox.debugger.flagbitspane.PanoseFlag.getMidlineValue(int),19,1,2,1,0
org.apache.pdfbox.debugger.flagbitspane.PanoseFlag.getXHeightValue(int),13,1,2,1,0
org.apache.pdfbox.debugger.flagbitspane.PanoseFlag.getPanoseBytes(COSDictionary),9,2,3,3,0
org.apache.pdfbox.debugger.flagbitspane.EncryptFlag.EncryptFlag(COSDictionary),4,1,2,2,0
org.apache.pdfbox.debugger.flagbitspane.EncryptFlag.getFlagType(),4,1,0,1,0
org.apache.pdfbox.debugger.flagbitspane.EncryptFlag.getFlagValue(),4,1,2,2,0
org.apache.pdfbox.debugger.flagbitspane.EncryptFlag.getFlagBits(),14,1,2,11,0
org.apache.fontbox.afm.AFMParser.AFMParser(InputStream),4,1,2,2,0
org.apache.fontbox.afm.AFMParser.parse(),4,1,0,2,0
org.apache.fontbox.afm.AFMParser.parse(boolean),4,1,2,2,0
org.apache.fontbox.afm.AFMParser.parseFontMetric(boolean),181,38,37,49,3
org.apache.fontbox.afm.AFMParser.parseKernData(FontMetrics),76,14,9,15,5
org.apache.fontbox.afm.AFMParser.parseKernPair(),52,5,5,10,0
org.apache.fontbox.afm.AFMParser.hexToString(String),27,5,5,7,1
org.apache.fontbox.afm.AFMParser.parseComposite(),46,6,5,12,1
org.apache.fontbox.afm.AFMParser.parseCharMetric(),140,18,18,30,1
org.apache.fontbox.afm.AFMParser.verifySemicolon(StringTokenizer),16,3,2,4,0
org.apache.fontbox.afm.AFMParser.readBoolean(),5,1,1,3,0
org.apache.fontbox.afm.AFMParser.readInt(),12,2,3,4,0
org.apache.fontbox.afm.AFMParser.readFloat(),5,1,3,3,0
org.apache.fontbox.afm.AFMParser.readLine(),15,3,4,7,2
org.apache.fontbox.afm.AFMParser.readString(),15,3,7,6,2
org.apache.fontbox.afm.AFMParser.isEOL(int),5,1,2,1,0
org.apache.fontbox.afm.AFMParser.isWhitespace(int),7,1,3,1,0
org.apache.pdfbox.pdmodel.font.PDType1Font.PDType1Font(String),29,3,9,20,0
"org.apache.pdfbox.pdmodel.font.PDType1Font.PDType1Font(PDDocument, InputStream)",11,1,4,13,0
"org.apache.pdfbox.pdmodel.font.PDType1Font.PDType1Font(PDDocument, InputStream, Encoding)",11,1,4,12,0
org.apache.pdfbox.pdmodel.font.PDType1Font.PDType1Font(COSDictionary),70,10,12,31,0
"org.apache.pdfbox.pdmodel.font.PDType1Font.repairLength1(byte[], int)",33,7,5,5,2
org.apache.pdfbox.pdmodel.font.PDType1Font.getBaseFont(),4,1,6,2,0
org.apache.pdfbox.pdmodel.font.PDType1Font.getHeight(int),13,2,2,9,0
org.apache.pdfbox.pdmodel.font.PDType1Font.encode(int),19,3,3,12,0
org.apache.pdfbox.pdmodel.font.PDType1Font.getWidthFromFont(int),12,2,4,6,0
org.apache.pdfbox.pdmodel.font.PDType1Font.isEmbedded(),4,1,2,1,0
org.apache.pdfbox.pdmodel.font.PDType1Font.getAverageFontWidth(),11,2,0,4,0
org.apache.pdfbox.pdmodel.font.PDType1Font.readCode(InputStream),4,1,1,2,0
org.apache.pdfbox.pdmodel.font.PDType1Font.readEncodingFromFont(),18,3,2,5,0
org.apache.pdfbox.pdmodel.font.PDType1Font.getType1Font(),4,1,1,1,0
org.apache.pdfbox.pdmodel.font.PDType1Font.getFontBoxFont(),4,1,1,1,0
org.apache.pdfbox.pdmodel.font.PDType1Font.getName(),4,1,2,2,0
org.apache.pdfbox.pdmodel.font.PDType1Font.getBoundingBox(),8,2,1,3,0
org.apache.pdfbox.pdmodel.font.PDType1Font.generateBoundingBox(),12,3,2,9,0
org.apache.pdfbox.pdmodel.font.PDType1Font.codeToName(int),5,1,3,4,0
org.apache.pdfbox.pdmodel.font.PDType1Font.getNameInFont(String),28,5,7,10,0
org.apache.pdfbox.pdmodel.font.PDType1Font.getPath(String),11,2,3,5,0
org.apache.pdfbox.pdmodel.font.PDType1Font.hasGlyph(String),4,1,2,3,0
org.apache.pdfbox.pdmodel.font.PDType1Font.getFontMatrix(),27,4,4,8,0
org.apache.pdfbox.pdmodel.font.PDType1Font.isDamaged(),4,1,1,1,0
org.apache.fontbox.ttf.TTCDataStream.TTCDataStream(TTFDataStream),4,1,2,2,0
org.apache.fontbox.ttf.TTCDataStream.read(),4,1,1,2,0
org.apache.fontbox.ttf.TTCDataStream.readLong(),4,1,1,2,0
org.apache.fontbox.ttf.TTCDataStream.readUnsignedShort(),4,1,1,2,0
org.apache.fontbox.ttf.TTCDataStream.readSignedShort(),4,1,1,2,0
org.apache.fontbox.ttf.TTCDataStream.close(),3,1,0,0,0
org.apache.fontbox.ttf.TTCDataStream.seek(long),4,1,2,1,0
"org.apache.fontbox.ttf.TTCDataStream.read(byte[], int, int)",4,1,4,2,0
org.apache.fontbox.ttf.TTCDataStream.getCurrentPosition(),4,1,1,2,0
org.apache.fontbox.ttf.TTCDataStream.getOriginalData(),4,1,1,2,0
org.apache.fontbox.ttf.VerticalMetricsTable.VerticalMetricsTable(TrueTypeFont),4,1,2,2,0
"org.apache.fontbox.ttf.VerticalMetricsTable.read(TrueTypeFont, TTFDataStream)",33,6,3,11,2
org.apache.fontbox.ttf.VerticalMetricsTable.getAdvanceHeight(int),11,2,5,1,0
org.apache.fontbox.ttf.HorizontalHeaderTable.HorizontalHeaderTable(TrueTypeFont),4,1,2,2,0
"org.apache.fontbox.ttf.HorizontalHeaderTable.read(TrueTypeFont, TTFDataStream)",21,1,1,21,0
org.apache.fontbox.ttf.HorizontalHeaderTable.getAdvanceWidthMax(),4,1,2,1,0
org.apache.fontbox.ttf.HorizontalHeaderTable.setAdvanceWidthMax(int),4,1,1,1,0
org.apache.fontbox.ttf.HorizontalHeaderTable.getAscender(),4,1,4,1,0
org.apache.fontbox.ttf.HorizontalHeaderTable.setAscender(short),4,1,1,1,0
org.apache.fontbox.ttf.HorizontalHeaderTable.getCaretSlopeRise(),4,1,2,1,0
org.apache.fontbox.ttf.HorizontalHeaderTable.setCaretSlopeRise(short),4,1,1,1,0
org.apache.fontbox.ttf.HorizontalHeaderTable.getCaretSlopeRun(),4,1,2,1,0
org.apache.fontbox.ttf.HorizontalHeaderTable.setCaretSlopeRun(short),4,1,1,1,0
org.apache.fontbox.ttf.HorizontalHeaderTable.getDescender(),4,1,4,1,0
org.apache.fontbox.ttf.HorizontalHeaderTable.setDescender(short),4,1,1,1,0
org.apache.fontbox.ttf.HorizontalHeaderTable.getLineGap(),4,1,2,1,0
org.apache.fontbox.ttf.HorizontalHeaderTable.setLineGap(short),4,1,1,1,0
org.apache.fontbox.ttf.HorizontalHeaderTable.getMetricDataFormat(),4,1,2,1,0
org.apache.fontbox.ttf.HorizontalHeaderTable.setMetricDataFormat(short),4,1,1,1,0
org.apache.fontbox.ttf.HorizontalHeaderTable.getMinLeftSideBearing(),4,1,2,1,0
org.apache.fontbox.ttf.HorizontalHeaderTable.setMinLeftSideBearing(short),4,1,1,1,0
org.apache.fontbox.ttf.HorizontalHeaderTable.getMinRightSideBearing(),4,1,2,1,0
org.apache.fontbox.ttf.HorizontalHeaderTable.setMinRightSideBearing(short),4,1,1,1,0
org.apache.fontbox.ttf.HorizontalHeaderTable.getNumberOfHMetrics(),4,1,5,1,0
org.apache.fontbox.ttf.HorizontalHeaderTable.setNumberOfHMetrics(int),4,1,1,1,0
org.apache.fontbox.ttf.HorizontalHeaderTable.getReserved1(),4,1,2,1,0
org.apache.fontbox.ttf.HorizontalHeaderTable.setReserved1(short),4,1,1,1,0
org.apache.fontbox.ttf.HorizontalHeaderTable.getReserved2(),4,1,2,1,0
org.apache.fontbox.ttf.HorizontalHeaderTable.setReserved2(short),4,1,1,1,0
org.apache.fontbox.ttf.HorizontalHeaderTable.getReserved3(),4,1,2,1,0
org.apache.fontbox.ttf.HorizontalHeaderTable.setReserved3(short),4,1,1,1,0
org.apache.fontbox.ttf.HorizontalHeaderTable.getReserved4(),4,1,2,1,0
org.apache.fontbox.ttf.HorizontalHeaderTable.setReserved4(short),4,1,1,1,0
org.apache.fontbox.ttf.HorizontalHeaderTable.getReserved5(),4,1,2,1,0
org.apache.fontbox.ttf.HorizontalHeaderTable.setReserved5(short),4,1,1,1,0
org.apache.fontbox.ttf.HorizontalHeaderTable.getVersion(),4,1,2,1,0
org.apache.fontbox.ttf.HorizontalHeaderTable.setVersion(float),4,1,1,1,0
org.apache.fontbox.ttf.HorizontalHeaderTable.getXMaxExtent(),4,1,2,1,0
org.apache.fontbox.ttf.HorizontalHeaderTable.setXMaxExtent(short),4,1,1,1,0
org.apache.fontbox.ttf.KerningTable.KerningTable(TrueTypeFont),4,1,2,2,0
"org.apache.fontbox.ttf.KerningTable.read(TrueTypeFont, TTFDataStream)",32,6,2,7,1
org.apache.fontbox.ttf.KerningTable.getHorizontalKerningSubtable(),4,1,0,2,0
org.apache.fontbox.ttf.KerningTable.getHorizontalKerningSubtable(boolean),14,4,3,2,1
org.apache.fontbox.ttf.NamingTable.NamingTable(TrueTypeFont),4,1,2,2,0
"org.apache.fontbox.ttf.NamingTable.read(TrueTypeFont, TTFDataStream)",91,16,21,30,3
org.apache.fontbox.ttf.NamingTable.getEnglishName(int),34,5,10,2,1
"org.apache.fontbox.ttf.NamingTable.getName(int, int, int, int)",19,4,7,2,0
org.apache.fontbox.ttf.NamingTable.getNameRecords(),4,1,2,1,0
org.apache.fontbox.ttf.NamingTable.getFontFamily(),4,1,2,1,0
org.apache.fontbox.ttf.NamingTable.getFontSubFamily(),4,1,2,1,0
org.apache.fontbox.ttf.NamingTable.getPostScriptName(),4,1,4,1,0
org.apache.fontbox.ttf.OS2WindowsMetricsTable.OS2WindowsMetricsTable(TrueTypeFont),4,1,2,2,0
org.apache.fontbox.ttf.OS2WindowsMetricsTable.getAchVendId(),4,1,2,1,0
org.apache.fontbox.ttf.OS2WindowsMetricsTable.setAchVendId(String),4,1,1,1,0
org.apache.fontbox.ttf.OS2WindowsMetricsTable.getAverageCharWidth(),4,1,2,1,0
org.apache.fontbox.ttf.OS2WindowsMetricsTable.setAverageCharWidth(short),4,1,1,1,0
org.apache.fontbox.ttf.OS2WindowsMetricsTable.getCodePageRange1(),4,1,2,1,0
org.apache.fontbox.ttf.OS2WindowsMetricsTable.setCodePageRange1(long),4,1,1,1,0
org.apache.fontbox.ttf.OS2WindowsMetricsTable.getCodePageRange2(),4,1,2,1,0
org.apache.fontbox.ttf.OS2WindowsMetricsTable.setCodePageRange2(long),4,1,1,1,0
org.apache.fontbox.ttf.OS2WindowsMetricsTable.getFamilyClass(),4,1,4,1,0
org.apache.fontbox.ttf.OS2WindowsMetricsTable.setFamilyClass(int),4,1,1,1,0
org.apache.fontbox.ttf.OS2WindowsMetricsTable.getFirstCharIndex(),4,1,1,1,0
org.apache.fontbox.ttf.OS2WindowsMetricsTable.setFirstCharIndex(int),4,1,1,1,0
org.apache.fontbox.ttf.OS2WindowsMetricsTable.getFsSelection(),4,1,3,1,0
org.apache.fontbox.ttf.OS2WindowsMetricsTable.setFsSelection(int),4,1,1,1,0
org.apache.fontbox.ttf.OS2WindowsMetricsTable.getFsType(),4,1,4,1,0
org.apache.fontbox.ttf.OS2WindowsMetricsTable.setFsType(short),4,1,1,1,0
org.apache.fontbox.ttf.OS2WindowsMetricsTable.getLastCharIndex(),4,1,1,1,0
org.apache.fontbox.ttf.OS2WindowsMetricsTable.setLastCharIndex(int),4,1,1,1,0
org.apache.fontbox.ttf.OS2WindowsMetricsTable.getPanose(),4,1,3,1,0
org.apache.fontbox.ttf.OS2WindowsMetricsTable.setPanose(byte[]),4,1,1,1,0
org.apache.fontbox.ttf.OS2WindowsMetricsTable.getStrikeoutPosition(),4,1,2,1,0
org.apache.fontbox.ttf.OS2WindowsMetricsTable.setStrikeoutPosition(short),4,1,1,1,0
org.apache.fontbox.ttf.OS2WindowsMetricsTable.getStrikeoutSize(),4,1,2,1,0
org.apache.fontbox.ttf.OS2WindowsMetricsTable.setStrikeoutSize(short),4,1,1,1,0
org.apache.fontbox.ttf.OS2WindowsMetricsTable.getSubscriptXOffset(),4,1,2,1,0
org.apache.fontbox.ttf.OS2WindowsMetricsTable.setSubscriptXOffset(short),4,1,1,1,0
org.apache.fontbox.ttf.OS2WindowsMetricsTable.getSubscriptXSize(),4,1,2,1,0
org.apache.fontbox.ttf.OS2WindowsMetricsTable.setSubscriptXSize(short),4,1,1,1,0
org.apache.fontbox.ttf.OS2WindowsMetricsTable.getSubscriptYOffset(),4,1,2,1,0
org.apache.fontbox.ttf.OS2WindowsMetricsTable.setSubscriptYOffset(short),4,1,1,1,0
org.apache.fontbox.ttf.OS2WindowsMetricsTable.getSubscriptYSize(),4,1,2,1,0
org.apache.fontbox.ttf.OS2WindowsMetricsTable.setSubscriptYSize(short),4,1,1,1,0
org.apache.fontbox.ttf.OS2WindowsMetricsTable.getSuperscriptXOffset(),4,1,2,1,0
org.apache.fontbox.ttf.OS2WindowsMetricsTable.setSuperscriptXOffset(short),4,1,1,1,0
org.apache.fontbox.ttf.OS2WindowsMetricsTable.getSuperscriptXSize(),4,1,2,1,0
org.apache.fontbox.ttf.OS2WindowsMetricsTable.setSuperscriptXSize(short),4,1,1,1,0
org.apache.fontbox.ttf.OS2WindowsMetricsTable.getSuperscriptYOffset(),4,1,2,1,0
org.apache.fontbox.ttf.OS2WindowsMetricsTable.setSuperscriptYOffset(short),4,1,1,1,0
org.apache.fontbox.ttf.OS2WindowsMetricsTable.getSuperscriptYSize(),4,1,2,1,0
org.apache.fontbox.ttf.OS2WindowsMetricsTable.setSuperscriptYSize(short),4,1,1,1,0
org.apache.fontbox.ttf.OS2WindowsMetricsTable.getTypoLineGap(),4,1,2,1,0
org.apache.fontbox.ttf.OS2WindowsMetricsTable.setTypoLineGap(int),4,1,1,1,0
org.apache.fontbox.ttf.OS2WindowsMetricsTable.getTypoAscender(),4,1,3,1,0
org.apache.fontbox.ttf.OS2WindowsMetricsTable.setTypoAscender(int),4,1,1,1,0
org.apache.fontbox.ttf.OS2WindowsMetricsTable.getTypoDescender(),4,1,3,1,0
org.apache.fontbox.ttf.OS2WindowsMetricsTable.setTypoDescender(int),4,1,1,1,0
org.apache.fontbox.ttf.OS2WindowsMetricsTable.getUnicodeRange1(),4,1,1,1,0
org.apache.fontbox.ttf.OS2WindowsMetricsTable.setUnicodeRange1(long),4,1,1,1,0
org.apache.fontbox.ttf.OS2WindowsMetricsTable.getUnicodeRange2(),4,1,1,1,0
org.apache.fontbox.ttf.OS2WindowsMetricsTable.setUnicodeRange2(long),4,1,1,1,0
org.apache.fontbox.ttf.OS2WindowsMetricsTable.getUnicodeRange3(),4,1,1,1,0
org.apache.fontbox.ttf.OS2WindowsMetricsTable.setUnicodeRange3(long),4,1,1,1,0
org.apache.fontbox.ttf.OS2WindowsMetricsTable.getUnicodeRange4(),4,1,1,1,0
org.apache.fontbox.ttf.OS2WindowsMetricsTable.setUnicodeRange4(long),4,1,1,1,0
org.apache.fontbox.ttf.OS2WindowsMetricsTable.getVersion(),4,1,3,1,0
org.apache.fontbox.ttf.OS2WindowsMetricsTable.setVersion(int),4,1,1,1,0
org.apache.fontbox.ttf.OS2WindowsMetricsTable.getWeightClass(),4,1,4,1,0
org.apache.fontbox.ttf.OS2WindowsMetricsTable.setWeightClass(int),4,1,1,1,0
org.apache.fontbox.ttf.OS2WindowsMetricsTable.getWidthClass(),4,1,2,1,0
org.apache.fontbox.ttf.OS2WindowsMetricsTable.setWidthClass(int),4,1,1,1,0
org.apache.fontbox.ttf.OS2WindowsMetricsTable.getWinAscent(),4,1,2,1,0
org.apache.fontbox.ttf.OS2WindowsMetricsTable.setWinAscent(int),4,1,1,1,0
org.apache.fontbox.ttf.OS2WindowsMetricsTable.getWinDescent(),4,1,2,1,0
org.apache.fontbox.ttf.OS2WindowsMetricsTable.setWinDescent(int),4,1,1,1,0
org.apache.fontbox.ttf.OS2WindowsMetricsTable.getHeight(),4,1,2,1,0
org.apache.fontbox.ttf.OS2WindowsMetricsTable.getCapHeight(),4,1,2,1,0
org.apache.fontbox.ttf.OS2WindowsMetricsTable.getDefaultChar(),4,1,1,1,0
org.apache.fontbox.ttf.OS2WindowsMetricsTable.getBreakChar(),4,1,1,1,0
org.apache.fontbox.ttf.OS2WindowsMetricsTable.getMaxContext(),4,1,1,1,0
"org.apache.fontbox.ttf.OS2WindowsMetricsTable.read(TrueTypeFont, TTFDataStream)",47,3,2,43,0
org.apache.fontbox.ttf.VerticalHeaderTable.VerticalHeaderTable(TrueTypeFont),4,1,2,2,0
"org.apache.fontbox.ttf.VerticalHeaderTable.read(TrueTypeFont, TTFDataStream)",21,1,1,21,0
org.apache.fontbox.ttf.VerticalHeaderTable.getAdvanceHeightMax(),4,1,1,1,0
org.apache.fontbox.ttf.VerticalHeaderTable.getAscender(),4,1,1,1,0
org.apache.fontbox.ttf.VerticalHeaderTable.getCaretSlopeRise(),4,1,1,1,0
org.apache.fontbox.ttf.VerticalHeaderTable.getCaretSlopeRun(),4,1,1,1,0
org.apache.fontbox.ttf.VerticalHeaderTable.getCaretOffset(),4,1,1,1,0
org.apache.fontbox.ttf.VerticalHeaderTable.getDescender(),4,1,1,1,0
org.apache.fontbox.ttf.VerticalHeaderTable.getLineGap(),4,1,1,1,0
org.apache.fontbox.ttf.VerticalHeaderTable.getMetricDataFormat(),4,1,1,1,0
org.apache.fontbox.ttf.VerticalHeaderTable.getMinTopSideBearing(),4,1,1,1,0
org.apache.fontbox.ttf.VerticalHeaderTable.getMinBottomSideBearing(),4,1,1,1,0
org.apache.fontbox.ttf.VerticalHeaderTable.getNumberOfVMetrics(),4,1,2,1,0
org.apache.fontbox.ttf.VerticalHeaderTable.getReserved1(),4,1,1,1,0
org.apache.fontbox.ttf.VerticalHeaderTable.getReserved2(),4,1,1,1,0
org.apache.fontbox.ttf.VerticalHeaderTable.getReserved3(),4,1,1,1,0
org.apache.fontbox.ttf.VerticalHeaderTable.getReserved4(),4,1,1,1,0
org.apache.fontbox.ttf.VerticalHeaderTable.getVersion(),4,1,1,1,0
org.apache.fontbox.ttf.VerticalHeaderTable.getYMaxExtent(),4,1,1,1,0
org.apache.fontbox.ttf.VerticalOriginTable.VerticalOriginTable(TrueTypeFont),4,1,2,2,0
"org.apache.fontbox.ttf.VerticalOriginTable.read(TrueTypeFont, TTFDataStream)",14,2,2,9,1
org.apache.fontbox.ttf.VerticalOriginTable.getVersion(),4,1,1,1,0
org.apache.fontbox.ttf.VerticalOriginTable.getOriginY(int),11,2,3,3,0
"org.apache.pdfbox.preflight.process.AbstractProcess.addValidationError(PreflightContext, ValidationError)",4,1,35,1,0
"org.apache.pdfbox.preflight.process.AbstractProcess.addValidationErrors(PreflightContext, List<ValidationError>)",7,2,3,1,1
"org.apache.pdfbox.preflight.process.AbstractProcess.addFontError(COSDictionary, PreflightContext, IOException)",46,10,21,9,0
org.apache.xmpbox.DateConverterTest.testDateConversion(),25,1,1,7,0
org.apache.xmpbox.DateConverterTest.testDateFormatting(),8,1,0,6,0
org.apache.xmpbox.DateConverter.DateConverter(),0,1,0,1,0
org.apache.xmpbox.DateConverter.toCalendar(String),134,24,9,22,1
org.apache.xmpbox.DateConverter.toISO8601(Calendar),4,1,5,2,0
"org.apache.xmpbox.DateConverter.toISO8601(Calendar, boolean)",44,5,13,10,0
org.apache.xmpbox.DateConverter.fromISO8601(String),48,8,2,15,2
org.apache.pdfbox.pdmodel.interactive.documentnavigation.outline.PDOutlineItemIteratorTest.singleItem(),8,1,0,7,0
org.apache.pdfbox.pdmodel.interactive.documentnavigation.outline.PDOutlineItemIteratorTest.multipleItem(),12,1,0,8,0
org.apache.pdfbox.pdmodel.interactive.documentnavigation.outline.PDOutlineItemIteratorTest.removeUnsupported(),4,1,0,3,0
org.apache.pdfbox.pdmodel.interactive.documentnavigation.outline.PDOutlineItemIteratorTest.noChildren(),5,1,0,3,0
org.apache.pdfbox.pdmodel.interactive.documentnavigation.outline.PDOutlineItemIterator.PDOutlineItemIterator(PDOutlineItem),4,1,6,2,0
org.apache.pdfbox.pdmodel.interactive.documentnavigation.outline.PDOutlineItemIterator.hasNext(),6,1,5,3,0
org.apache.pdfbox.pdmodel.interactive.documentnavigation.outline.PDOutlineItemIterator.next(),12,2,4,3,0
org.apache.pdfbox.pdmodel.interactive.documentnavigation.outline.PDOutlineItemIterator.remove(),4,1,1,1,0
"org.apache.pdfbox.contentstream.operator.state.Restore.process(Operator, List<COSBase>)",11,2,1,3,0
org.apache.pdfbox.contentstream.operator.state.Restore.getName(),4,1,0,1,0
org.apache.pdfbox.contentstream.operator.state.EmptyGraphicsStackException.EmptyGraphicsStackException(),4,1,1,2,0
org.apache.pdfbox.preflight.integration.TestValidFiles.TestValidFiles(File),5,2,1,5,0
org.apache.pdfbox.preflight.integration.TestValidFiles.stopIfExpected(),6,1,1,3,0
org.apache.pdfbox.preflight.integration.TestValidFiles.initializeParameters(),19,3,2,8,1
org.apache.pdfbox.preflight.integration.TestValidFiles.beforeClass(),13,2,2,4,0
org.apache.pdfbox.preflight.integration.TestValidFiles.afterClass(),4,1,1,1,0
org.apache.pdfbox.preflight.integration.TestValidFiles.validate(),34,5,3,16,0
org.apache.pdfbox.pdmodel.PageMode.fromString(String),28,7,8,3,0
org.apache.pdfbox.pdmodel.PageMode.PageMode(String),4,1,1,2,0
org.apache.pdfbox.pdmodel.PageMode.stringValue(),4,1,2,1,0
org.apache.pdfbox.pdmodel.PageMode.values(),0,1,0,1,0
org.apache.pdfbox.pdmodel.PageMode.valueOf(),0,1,0,1,0
"org.apache.fontbox.cff.Type1CharString.Type1CharString(Type1CharStringReader, String, String, List<Object>)",6,1,5,3,0
"org.apache.fontbox.cff.Type1CharString.Type1CharString(Type1CharStringReader, String, String)",7,1,5,5,0
org.apache.fontbox.cff.Type1CharString.getName(),4,1,1,1,0
org.apache.fontbox.cff.Type1CharString.getBounds(),8,2,3,3,0
org.apache.fontbox.cff.Type1CharString.getWidth(),8,2,7,2,0
org.apache.fontbox.cff.Type1CharString.getPath(),8,2,8,2,0
org.apache.fontbox.cff.Type1CharString.getType1Sequence(),4,1,1,1,0
org.apache.fontbox.cff.Type1CharString.render(),14,1,4,5,0
"org.apache.fontbox.cff.Type1CharString.handleCommand(List<Integer>, CharStringCommand)",168,38,11,22,0
"org.apache.fontbox.cff.Type1CharString.setcurrentpoint(int, int)",4,1,4,1,0
org.apache.fontbox.cff.Type1CharString.callothersubr(int),34,4,8,10,0
"org.apache.fontbox.cff.Type1CharString.rmoveTo(Number, Number)",7,1,5,5,0
"org.apache.fontbox.cff.Type1CharString.rlineTo(Number, Number)",15,2,8,8,0
"org.apache.fontbox.cff.Type1CharString.rrcurveTo(Number, Number, Number, Number, Number, Number)",20,2,13,8,0
org.apache.fontbox.cff.Type1CharString.closepath(),12,2,6,6,0
"org.apache.fontbox.cff.Type1CharString.seac(Number, Number, Number, Number, Number)",32,5,12,11,0
org.apache.fontbox.cff.Type1CharString.toString(),4,1,1,3,0
org.apache.fontbox.cff.CharStringCommand.CharStringCommand(int),4,1,9,3,0
"org.apache.fontbox.cff.CharStringCommand.CharStringCommand(int, int)",4,1,6,3,0
org.apache.fontbox.cff.CharStringCommand.CharStringCommand(int[]),4,1,2,3,0
org.apache.fontbox.cff.CharStringCommand.getKey(),4,1,9,1,0
org.apache.fontbox.cff.CharStringCommand.setKey(Key),4,1,4,1,0
org.apache.fontbox.cff.CharStringCommand.toString(),13,3,2,4,0
org.apache.fontbox.cff.CharStringCommand.hashCode(),4,1,0,3,0
org.apache.fontbox.cff.CharStringCommand.equals(Object),9,2,2,3,0
org.apache.fontbox.cff.CharStringHandler.handleSequence(List<Object>),21,4,3,6,1
"org.apache.fontbox.cff.CharStringHandler.handleCommand(List<Integer>, CharStringCommand)",1,1,1,1,0
org.apache.pdfbox.pdmodel.common.filespecification.PDFileSpecification.createFS(COSBase),20,4,11,4,0
org.apache.pdfbox.pdmodel.common.filespecification.PDFileSpecification.getFile(),1,1,1,1,0
org.apache.pdfbox.pdmodel.common.filespecification.PDFileSpecification.setFile(String),1,1,0,0,0
"org.apache.pdfbox.preflight.annotation.SquareCircleAnnotationValidator.SquareCircleAnnotationValidator(PreflightContext, COSDictionary)",6,1,3,5,0
org.apache.pdfbox.preflight.annotation.SquareCircleAnnotationValidator.validate(),6,1,0,3,0
org.apache.pdfbox.preflight.annotation.SquareCircleAnnotationValidator.checkIColors(),10,2,4,5,0
org.apache.pdfbox.pdmodel.interactive.annotation.PDAnnotationSquareCircle.PDAnnotationSquareCircle(String),5,1,2,3,0
org.apache.pdfbox.pdmodel.interactive.annotation.PDAnnotationSquareCircle.PDAnnotationSquareCircle(COSDictionary),4,1,3,2,0
org.apache.pdfbox.pdmodel.interactive.annotation.PDAnnotationSquareCircle.setInteriorColor(PDColor),4,1,3,3,0
org.apache.pdfbox.pdmodel.interactive.annotation.PDAnnotationSquareCircle.getInteriorColor(),4,1,2,2,0
org.apache.pdfbox.pdmodel.interactive.annotation.PDAnnotationSquareCircle.setBorderEffect(PDBorderEffectDictionary),4,1,2,2,0
org.apache.pdfbox.pdmodel.interactive.annotation.PDAnnotationSquareCircle.getBorderEffect(),12,2,1,4,0
org.apache.pdfbox.pdmodel.interactive.annotation.PDAnnotationSquareCircle.setRectDifference(PDRectangle),4,1,2,2,0
org.apache.pdfbox.pdmodel.interactive.annotation.PDAnnotationSquareCircle.getRectDifference(),12,2,1,4,0
org.apache.pdfbox.pdmodel.interactive.annotation.PDAnnotationSquareCircle.setSubtype(String),4,1,3,2,0
org.apache.pdfbox.pdmodel.interactive.annotation.PDAnnotationSquareCircle.getSubtype(),4,1,1,3,0
org.apache.pdfbox.pdmodel.interactive.annotation.PDAnnotationSquareCircle.setBorderStyle(PDBorderStyleDictionary),4,1,3,2,0
org.apache.pdfbox.pdmodel.interactive.annotation.PDAnnotationSquareCircle.getBorderStyle(),9,2,1,4,0
"org.apache.pdfbox.preflight.annotation.AnnotationValidator.AnnotationValidator(PreflightContext, COSDictionary)",7,1,15,6,0
org.apache.pdfbox.preflight.annotation.AnnotationValidator.checkFlags(),13,2,5,8,0
org.apache.pdfbox.preflight.annotation.AnnotationValidator.checkCA(),15,3,6,6,0
org.apache.pdfbox.preflight.annotation.AnnotationValidator.checkColors(),10,2,4,5,0
org.apache.pdfbox.preflight.annotation.AnnotationValidator.searchRGBProfile(),9,2,4,3,0
org.apache.pdfbox.preflight.annotation.AnnotationValidator.checkAP(),34,5,10,10,0
org.apache.pdfbox.preflight.annotation.AnnotationValidator.checkActions(),5,1,4,2,0
org.apache.pdfbox.preflight.annotation.AnnotationValidator.checkPopup(),17,3,7,7,0
org.apache.pdfbox.preflight.annotation.AnnotationValidator.validate(),11,1,6,8,0
org.apache.pdfbox.preflight.annotation.AnnotationValidator.checkMandatoryFields(),12,2,7,6,0
org.apache.pdfbox.preflight.annotation.AnnotationValidator.checkSpecificMandatoryFields(),4,1,1,1,0
org.apache.pdfbox.preflight.annotation.AnnotationValidator.setFactory(AnnotationValidatorFactory),4,1,2,1,0
org.apache.pdfbox.pdmodel.encryption.PDEncryptionDictionary.PDEncryptionDictionary(),4,1,0,2,0
org.apache.pdfbox.pdmodel.encryption.PDEncryptionDictionary.PDEncryptionDictionary(COSDictionary),4,1,1,2,0
"org.apache.pdfbox.pdmodel.graphics.shading.TensorPatch.TensorPatch(Point2D[], float[][])",7,1,3,8,0
org.apache.pdfbox.pdmodel.graphics.shading.TensorPatch.reshapeControlPoints(Point2D[]),18,3,2,1,2
org.apache.pdfbox.pdmodel.graphics.shading.TensorPatch.calcLevel(),68,12,2,5,1
org.apache.pdfbox.pdmodel.graphics.shading.TensorPatch.isOnSameSideCC(Point2D),6,1,3,2,0
org.apache.pdfbox.pdmodel.graphics.shading.TensorPatch.isOnSameSideDD(Point2D),6,1,3,2,0
org.apache.pdfbox.pdmodel.graphics.shading.TensorPatch.getTriangles(),5,1,1,3,0
org.apache.pdfbox.pdmodel.graphics.shading.TensorPatch.getFlag1Edge(),9,2,1,1,1
org.apache.pdfbox.pdmodel.graphics.shading.TensorPatch.getFlag2Edge(),9,2,1,1,1
org.apache.pdfbox.pdmodel.graphics.shading.TensorPatch.getFlag3Edge(),9,2,1,1,1
org.apache.pdfbox.pdmodel.graphics.shading.TensorPatch.getPatchCoordinatesColor(),40,6,5,5,5
org.apache.pdfbox.pdmodel.graphics.shading.TensorPatch.getBernsteinPolynomials(int),16,2,2,1,1
"org.apache.pdfbox.pdmodel.graphics.shading.CoordinateColorPair.CoordinateColorPair(Point2D, float[])",5,1,4,4,0
"org.apache.pdfbox.pdmodel.graphics.shading.ShadedTriangle.ShadedTriangle(Point2D[], float[][])",33,3,8,19,0
org.apache.pdfbox.pdmodel.graphics.shading.ShadedTriangle.calcDeg(Point2D[]),10,2,2,8,1
org.apache.pdfbox.pdmodel.graphics.shading.ShadedTriangle.getDeg(),4,1,2,1,0
org.apache.pdfbox.pdmodel.graphics.shading.ShadedTriangle.getBoundary(),15,1,2,6,0
org.apache.pdfbox.pdmodel.graphics.shading.ShadedTriangle.getLine(),4,1,2,1,0
org.apache.pdfbox.pdmodel.graphics.shading.ShadedTriangle.contains(Point2D),24,5,9,8,0
"org.apache.pdfbox.pdmodel.graphics.shading.ShadedTriangle.overlaps(Point2D, Point2D)",4,1,4,4,0
"org.apache.pdfbox.pdmodel.graphics.shading.ShadedTriangle.edgeEquationValue(Point2D, Point2D, Point2D)",5,1,5,3,0
"org.apache.pdfbox.pdmodel.graphics.shading.ShadedTriangle.getArea(Point2D, Point2D, Point2D)",5,1,5,4,0
org.apache.pdfbox.pdmodel.graphics.shading.ShadedTriangle.calcColor(Point2D),28,5,8,7,2
org.apache.pdfbox.pdmodel.graphics.shading.ShadedTriangle.toString(),4,1,1,1,0
org.apache.pdfbox.io.RandomAccessOutputStream.RandomAccessOutputStream(RandomAccessWrite),4,1,5,2,0
"org.apache.pdfbox.io.RandomAccessOutputStream.write(byte[], int, int)",4,1,5,1,0
org.apache.pdfbox.io.RandomAccessOutputStream.write(byte[]),4,1,3,1,0
org.apache.pdfbox.io.RandomAccessOutputStream.write(int),4,1,3,1,0
org.apache.pdfbox.pdmodel.graphics.color.PDCalRGB.PDCalRGB(),4,1,1,2,0
org.apache.pdfbox.pdmodel.graphics.color.PDCalRGB.PDCalRGB(COSArray),4,1,2,2,0
org.apache.pdfbox.pdmodel.graphics.color.PDCalRGB.getName(),4,1,1,2,0
org.apache.pdfbox.pdmodel.graphics.color.PDCalRGB.getNumberOfComponents(),4,1,0,1,0
org.apache.pdfbox.pdmodel.graphics.color.PDCalRGB.getDefaultDecode(int),4,1,0,1,0
org.apache.pdfbox.pdmodel.graphics.color.PDCalRGB.getInitialColor(),4,1,1,1,0
org.apache.pdfbox.pdmodel.graphics.color.PDCalRGB.toRGB(float[]),31,2,4,8,0
org.apache.pdfbox.pdmodel.graphics.color.PDCalRGB.getGamma(),13,2,3,7,0
org.apache.pdfbox.pdmodel.graphics.color.PDCalRGB.getMatrix(),12,2,3,3,0
org.apache.pdfbox.pdmodel.graphics.color.PDCalRGB.setGamma(PDGamma),9,2,3,2,0
org.apache.pdfbox.pdmodel.graphics.color.PDCalRGB.setMatrix(Matrix),9,2,3,2,0
org.apache.pdfbox.pdmodel.graphics.color.PDCIEDictionaryBasedColorSpace.PDCIEDictionaryBasedColorSpace(COSName),8,1,6,8,0
org.apache.pdfbox.pdmodel.graphics.color.PDCIEDictionaryBasedColorSpace.PDCIEDictionaryBasedColorSpace(COSArray),6,1,5,6,0
org.apache.pdfbox.pdmodel.graphics.color.PDCIEDictionaryBasedColorSpace.fillWhitepointCache(PDTristimulus),6,1,4,6,0
"org.apache.pdfbox.pdmodel.graphics.color.PDCIEDictionaryBasedColorSpace.convXYZtoRGB(float, float, float)",19,4,7,2,0
org.apache.pdfbox.pdmodel.graphics.color.PDCIEDictionaryBasedColorSpace.getWhitepoint(),12,2,5,6,0
org.apache.pdfbox.pdmodel.graphics.color.PDCIEDictionaryBasedColorSpace.getBlackPoint(),12,2,3,6,0
org.apache.pdfbox.pdmodel.graphics.color.PDCIEDictionaryBasedColorSpace.setWhitePoint(PDTristimulus),9,2,4,3,0
org.apache.pdfbox.pdmodel.graphics.color.PDCIEDictionaryBasedColorSpace.setBlackPoint(PDTristimulus),9,2,4,2,0
org.apache.pdfbox.pdmodel.graphics.color.PDGamma.PDGamma(),7,1,1,5,0
org.apache.pdfbox.pdmodel.graphics.color.PDGamma.PDGamma(COSArray),4,1,5,2,0
org.apache.pdfbox.pdmodel.graphics.color.PDGamma.getCOSObject(),4,1,2,1,0
org.apache.pdfbox.pdmodel.graphics.color.PDGamma.getCOSArray(),4,1,3,1,0
org.apache.pdfbox.pdmodel.graphics.color.PDGamma.getR(),4,1,2,3,0
org.apache.pdfbox.pdmodel.graphics.color.PDGamma.setR(float),4,1,2,2,0
org.apache.pdfbox.pdmodel.graphics.color.PDGamma.getG(),4,1,2,3,0
org.apache.pdfbox.pdmodel.graphics.color.PDGamma.setG(float),4,1,2,2,0
org.apache.pdfbox.pdmodel.graphics.color.PDGamma.getB(),4,1,2,3,0
org.apache.pdfbox.pdmodel.graphics.color.PDGamma.setB(float),4,1,2,2,0
"org.apache.xmpbox.type.GPSCoordinateType.GPSCoordinateType(XMPMetadata, String, String, String, Object)",4,1,5,2,0
org.apache.pdfbox.examples.pdmodel.CreateBlankPDF.CreateBlankPDF(),3,1,0,1,0
org.apache.pdfbox.examples.pdmodel.CreateBlankPDF.main(String[]),20,2,3,8,0
org.apache.pdfbox.tools.imageio.TIFFUtil.TIFFUtil(),3,1,0,1,0
"org.apache.pdfbox.tools.imageio.TIFFUtil.setCompressionType(ImageWriteParam, BufferedImage)",12,2,4,4,0
"org.apache.pdfbox.tools.imageio.TIFFUtil.updateMetadata(IIOMetadata, BufferedImage, int)",34,4,8,19,0
"org.apache.pdfbox.tools.imageio.TIFFUtil.createShortField(int, String, int)",13,1,4,5,0
"org.apache.pdfbox.tools.imageio.TIFFUtil.createAsciiField(int, String, String)",13,1,4,5,0
"org.apache.pdfbox.tools.imageio.TIFFUtil.createLongField(int, String, long)",13,1,4,6,0
"org.apache.pdfbox.tools.imageio.TIFFUtil.createRationalField(int, String, int, int)",14,1,5,5,0
org.apache.pdfbox.tools.imageio.MetaUtil.MetaUtil(),3,1,0,1,0
"org.apache.pdfbox.tools.imageio.MetaUtil.debugLogMetadata(IIOMetadata, String)",27,4,8,11,0
org.apache.pdfbox.pdmodel.common.function.PDFunction.PDFunction(COSBase),12,3,9,6,0
org.apache.pdfbox.pdmodel.common.function.PDFunction.getFunctionType(),1,1,1,1,0
org.apache.pdfbox.pdmodel.common.function.PDFunction.getCOSObject(),11,2,18,2,0
org.apache.pdfbox.pdmodel.common.function.PDFunction.getPDStream(),4,1,3,1,0
org.apache.pdfbox.pdmodel.common.function.PDFunction.create(COSBase),35,7,11,9,0
org.apache.pdfbox.pdmodel.common.function.PDFunction.getNumberOfOutputParameters(),9,2,4,4,0
org.apache.pdfbox.pdmodel.common.function.PDFunction.getRangeForOutput(int),5,1,3,3,0
org.apache.pdfbox.pdmodel.common.function.PDFunction.setRangeValues(COSArray),5,1,2,3,0
org.apache.pdfbox.pdmodel.common.function.PDFunction.getNumberOfInputParameters(),9,2,2,4,0
org.apache.pdfbox.pdmodel.common.function.PDFunction.getDomainForInput(int),5,1,4,3,0
org.apache.pdfbox.pdmodel.common.function.PDFunction.setDomainValues(COSArray),5,1,2,3,0
org.apache.pdfbox.pdmodel.common.function.PDFunction.eval(COSArray),7,1,1,5,0
org.apache.pdfbox.pdmodel.common.function.PDFunction.eval(float[]),1,1,8,1,0
org.apache.pdfbox.pdmodel.common.function.PDFunction.getRangeValues(),8,2,6,4,0
org.apache.pdfbox.pdmodel.common.function.PDFunction.getDomainValues(),8,2,4,4,0
org.apache.pdfbox.pdmodel.common.function.PDFunction.clipToRange(float[]),21,3,4,4,1
"org.apache.pdfbox.pdmodel.common.function.PDFunction.clipToRange(float, float, float)",12,3,7,1,0
"org.apache.pdfbox.pdmodel.common.function.PDFunction.interpolate(float, float, float, float, float)",4,1,8,1,0
org.apache.pdfbox.pdmodel.common.function.PDFunction.toString(),4,1,0,2,0
org.apache.pdfbox.pdmodel.common.function.PDFunctionTypeIdentity.PDFunctionTypeIdentity(COSBase),4,1,1,2,0
org.apache.pdfbox.pdmodel.common.function.PDFunctionTypeIdentity.getFunctionType(),4,1,0,2,0
org.apache.pdfbox.pdmodel.common.function.PDFunctionTypeIdentity.eval(float[]),4,1,1,1,0
org.apache.pdfbox.pdmodel.common.function.PDFunctionTypeIdentity.toString(),4,1,0,1,0
org.apache.pdfbox.pdmodel.common.function.PDFunctionType0.PDFunctionType0(COSBase),4,1,2,2,0
org.apache.pdfbox.pdmodel.common.function.PDFunctionType0.getFunctionType(),4,1,0,1,0
org.apache.pdfbox.pdmodel.common.function.PDFunctionType0.getSize(),8,2,6,4,0
org.apache.pdfbox.pdmodel.common.function.PDFunctionType0.getSamples(),35,6,4,13,3
org.apache.pdfbox.pdmodel.common.function.PDFunctionType0.getBitsPerSample(),4,1,3,3,0
org.apache.pdfbox.pdmodel.common.function.PDFunctionType0.getOrder(),4,1,1,3,0
org.apache.pdfbox.pdmodel.common.function.PDFunctionType0.setBitsPerSample(int),4,1,2,2,0
org.apache.pdfbox.pdmodel.common.function.PDFunctionType0.getEncodeValues(),19,4,4,10,1
org.apache.pdfbox.pdmodel.common.function.PDFunctionType0.getDecodeValues(),12,3,3,5,0
org.apache.pdfbox.pdmodel.common.function.PDFunctionType0.getEncodeForParameter(int),10,2,2,4,0
org.apache.pdfbox.pdmodel.common.function.PDFunctionType0.setEncodeValues(COSArray),5,1,2,3,0
org.apache.pdfbox.pdmodel.common.function.PDFunctionType0.getDecodeForParameter(int),10,2,2,4,0
org.apache.pdfbox.pdmodel.common.function.PDFunctionType0.setDecodeValues(COSArray),5,1,2,3,0
org.apache.pdfbox.pdmodel.common.function.PDFunctionType0.calcSampleIndex(int[]),20,4,3,3,2
org.apache.pdfbox.pdmodel.common.function.PDFunctionType0.eval(float[]),30,3,2,19,2
org.apache.pdfbox.pdmodel.common.function.PDFunctionType2.PDFunctionType2(COSBase),23,3,8,11,0
org.apache.pdfbox.pdmodel.common.function.PDFunctionType2.getFunctionType(),4,1,0,1,0
org.apache.pdfbox.pdmodel.common.function.PDFunctionType2.eval(float[]),12,2,5,6,1
org.apache.pdfbox.pdmodel.common.function.PDFunctionType2.getC0(),4,1,2,1,0
org.apache.pdfbox.pdmodel.common.function.PDFunctionType2.getC1(),4,1,2,1,0
org.apache.pdfbox.pdmodel.common.function.PDFunctionType2.getN(),4,1,2,1,0
org.apache.pdfbox.pdmodel.common.function.PDFunctionType2.toString(),7,1,0,4,0
org.apache.pdfbox.pdmodel.common.function.PDFunctionType3.PDFunctionType3(COSBase),4,1,2,2,0
org.apache.pdfbox.pdmodel.common.function.PDFunctionType3.getFunctionType(),4,1,0,1,0
org.apache.pdfbox.pdmodel.common.function.PDFunctionType3.eval(float[]),43,5,2,17,1
org.apache.pdfbox.pdmodel.common.function.PDFunctionType3.getFunctions(),8,2,3,4,0
org.apache.pdfbox.pdmodel.common.function.PDFunctionType3.getBounds(),8,2,3,4,0
org.apache.pdfbox.pdmodel.common.function.PDFunctionType3.getEncode(),8,2,3,4,0
org.apache.pdfbox.pdmodel.common.function.PDFunctionType3.getEncodeForParameter(int),5,1,2,3,0
org.apache.pdfbox.pdmodel.common.function.PDFunctionType4.PDFunctionType4(COSBase),7,1,3,7,0
org.apache.pdfbox.pdmodel.common.function.PDFunctionType4.getFunctionType(),4,1,0,1,0
org.apache.pdfbox.pdmodel.common.function.PDFunctionType4.eval(float[]),28,4,6,14,2
"org.apache.pdfbox.preflight.action.ThreadAction.ThreadAction(ActionManagerFactory, COSDictionary, PreflightContext, String)",4,1,5,2,0
org.apache.pdfbox.preflight.action.ThreadAction.innerValid(),18,3,5,9,0
org.apache.pdfbox.preflight.utils.COSUtils.COSUtils(),3,1,0,1,0
"org.apache.pdfbox.preflight.utils.COSUtils.isDictionary(COSBase, COSDocument)",17,3,9,4,0
"org.apache.pdfbox.preflight.utils.COSUtils.isString(COSBase, COSDocument)",17,3,16,4,0
"org.apache.pdfbox.preflight.utils.COSUtils.isStream(COSBase, COSDocument)",17,3,9,4,0
"org.apache.pdfbox.preflight.utils.COSUtils.isInteger(COSBase, COSDocument)",17,3,11,4,0
"org.apache.pdfbox.preflight.utils.COSUtils.isNumeric(COSBase, COSDocument)",4,1,2,3,0
"org.apache.pdfbox.preflight.utils.COSUtils.isFloat(COSBase, COSDocument)",17,3,6,4,0
"org.apache.pdfbox.preflight.utils.COSUtils.isArray(COSBase, COSDocument)",17,3,14,4,0
"org.apache.pdfbox.preflight.utils.COSUtils.getAsArray(COSBase, COSDocument)",31,5,11,4,0
"org.apache.pdfbox.preflight.utils.COSUtils.getAsString(COSBase, COSDocument)",39,7,10,6,0
"org.apache.pdfbox.preflight.utils.COSUtils.getAsDictionary(COSBase, COSDocument)",31,5,20,4,0
"org.apache.pdfbox.preflight.utils.COSUtils.getAsStream(COSBase, COSDocument)",31,5,8,4,0
"org.apache.pdfbox.preflight.utils.COSUtils.getAsFloat(COSBase, COSDocument)",35,6,5,5,0
"org.apache.pdfbox.preflight.utils.COSUtils.getAsInteger(COSBase, COSDocument)",35,6,6,5,0
org.apache.pdfbox.preflight.utils.COSUtils.closeDocumentQuietly(COSDocument),14,3,7,3,0
org.apache.pdfbox.preflight.utils.COSUtils.closeDocumentQuietly(PDDocument),7,2,3,2,0
org.apache.pdfbox.rendering.TestPDFToImage.data(),17,2,1,6,1
org.apache.pdfbox.rendering.TestPDFToImage.TestPDFToImage(String),4,1,4,2,0
org.apache.pdfbox.rendering.TestPDFToImage.testRenderImage(),8,2,3,5,0
"org.apache.pdfbox.rendering.TestPDFToImage.createEmptyDiffImage(int, int, int, int)",14,2,8,6,0
"org.apache.pdfbox.rendering.TestPDFToImage.diffImages(BufferedImage, BufferedImage)",42,7,4,10,2
"org.apache.pdfbox.rendering.TestPDFToImage.doTestFile(File, String, String)",118,11,12,26,2
"org.apache.pdfbox.rendering.TestPDFToImage.filesAreIdentical(File, File)",44,7,4,7,3
org.apache.pdfbox.ParallelParameterized.ParallelParameterized(Class),10,2,2,5,0
org.apache.pdfbox.pdmodel.interactive.pagenavigation.PDTransitionMotion.values(),0,1,0,1,0
org.apache.pdfbox.pdmodel.interactive.pagenavigation.PDTransitionMotion.valueOf(),0,1,0,1,0
org.apache.pdfbox.pdmodel.fdf.FDFAnnotationInk.FDFAnnotationInk(),5,1,3,3,0
org.apache.pdfbox.pdmodel.fdf.FDFAnnotationInk.FDFAnnotationInk(COSDictionary),4,1,2,2,0
org.apache.pdfbox.pdmodel.fdf.FDFAnnotationInk.FDFAnnotationInk(Element),36,6,8,17,2
org.apache.pdfbox.pdmodel.fdf.FDFAnnotationInk.setInkList(List),11,2,4,4,1
org.apache.pdfbox.pdmodel.fdf.FDFAnnotationInk.getInkList(),17,3,2,5,1
org.apache.pdfbox.pdmodel.graphics.state.RenderingIntent.fromString(String),20,5,7,2,0
org.apache.pdfbox.pdmodel.graphics.state.RenderingIntent.RenderingIntent(String),4,1,1,2,0
org.apache.pdfbox.pdmodel.graphics.state.RenderingIntent.stringValue(),4,1,1,1,0
org.apache.pdfbox.pdmodel.graphics.state.RenderingIntent.values(),0,1,0,1,0
org.apache.pdfbox.pdmodel.graphics.state.RenderingIntent.valueOf(),0,1,0,1,0
org.apache.fontbox.ttf.OTLTable.OTLTable(TrueTypeFont),4,1,2,2,0
"org.apache.pdfbox.pdmodel.font.PDType1FontEmbedder.PDType1FontEmbedder(PDDocument, COSDictionary, InputStream, Encoding)",36,4,17,27,2
org.apache.pdfbox.pdmodel.font.PDType1FontEmbedder.buildFontDescriptor(Type1Font),17,1,2,23,0
org.apache.pdfbox.pdmodel.font.PDType1FontEmbedder.buildFontDescriptor(FontMetrics),19,1,3,28,0
org.apache.pdfbox.pdmodel.font.PDType1FontEmbedder.getFontEncoding(),4,1,2,1,0
org.apache.pdfbox.pdmodel.font.PDType1FontEmbedder.getGlyphList(),4,1,2,2,0
org.apache.pdfbox.pdmodel.font.PDType1FontEmbedder.getType1Font(),4,1,3,1,0
org.apache.fontbox.ttf.MemoryTTFDataStream.MemoryTTFDataStream(InputStream),21,3,5,8,1
org.apache.fontbox.ttf.MemoryTTFDataStream.readLong(),4,1,0,2,0
org.apache.fontbox.ttf.MemoryTTFDataStream.readSignedInt(),12,2,1,3,0
org.apache.fontbox.ttf.MemoryTTFDataStream.read(),10,2,7,2,0
org.apache.fontbox.ttf.MemoryTTFDataStream.readUnsignedShort(),10,2,0,3,0
org.apache.fontbox.ttf.MemoryTTFDataStream.readSignedShort(),10,2,0,3,0
org.apache.fontbox.ttf.MemoryTTFDataStream.close(),4,1,1,1,0
org.apache.fontbox.ttf.MemoryTTFDataStream.seek(long),4,1,1,1,0
"org.apache.fontbox.ttf.MemoryTTFDataStream.read(byte[], int, int)",17,2,6,4,0
org.apache.fontbox.ttf.MemoryTTFDataStream.getCurrentPosition(),4,1,1,1,0
org.apache.fontbox.ttf.MemoryTTFDataStream.getOriginalData(),4,1,1,2,0
org.apache.pdfbox.pdmodel.documentinterchange.taggedpdf.PDExportFormatAttributeObject.PDExportFormatAttributeObject(String),4,1,1,2,0
org.apache.pdfbox.pdmodel.documentinterchange.taggedpdf.PDExportFormatAttributeObject.PDExportFormatAttributeObject(COSDictionary),4,1,2,2,0
org.apache.pdfbox.pdmodel.documentinterchange.taggedpdf.PDExportFormatAttributeObject.getListNumbering(),5,1,3,2,0
org.apache.pdfbox.pdmodel.documentinterchange.taggedpdf.PDExportFormatAttributeObject.setListNumbering(String),4,1,2,1,0
org.apache.pdfbox.pdmodel.documentinterchange.taggedpdf.PDExportFormatAttributeObject.getRowSpan(),4,1,2,2,0
org.apache.pdfbox.pdmodel.documentinterchange.taggedpdf.PDExportFormatAttributeObject.setRowSpan(int),4,1,2,1,0
org.apache.pdfbox.pdmodel.documentinterchange.taggedpdf.PDExportFormatAttributeObject.getColSpan(),4,1,2,2,0
org.apache.pdfbox.pdmodel.documentinterchange.taggedpdf.PDExportFormatAttributeObject.setColSpan(int),4,1,2,1,0
org.apache.pdfbox.pdmodel.documentinterchange.taggedpdf.PDExportFormatAttributeObject.getHeaders(),4,1,2,2,0
org.apache.pdfbox.pdmodel.documentinterchange.taggedpdf.PDExportFormatAttributeObject.setHeaders(String[]),4,1,2,1,0
org.apache.pdfbox.pdmodel.documentinterchange.taggedpdf.PDExportFormatAttributeObject.getScope(),4,1,2,2,0
org.apache.pdfbox.pdmodel.documentinterchange.taggedpdf.PDExportFormatAttributeObject.setScope(String),4,1,2,1,0
org.apache.pdfbox.pdmodel.documentinterchange.taggedpdf.PDExportFormatAttributeObject.getSummary(),4,1,2,2,0
org.apache.pdfbox.pdmodel.documentinterchange.taggedpdf.PDExportFormatAttributeObject.setSummary(String),4,1,2,1,0
org.apache.pdfbox.pdmodel.documentinterchange.taggedpdf.PDExportFormatAttributeObject.toString(),29,7,6,14,0
org.apache.pdfbox.pdmodel.documentinterchange.taggedpdf.PDLayoutAttributeObject.PDLayoutAttributeObject(),4,1,1,2,0
org.apache.pdfbox.pdmodel.documentinterchange.taggedpdf.PDLayoutAttributeObject.PDLayoutAttributeObject(COSDictionary),4,1,3,2,0
org.apache.pdfbox.pdmodel.documentinterchange.taggedpdf.PDLayoutAttributeObject.getPlacement(),4,1,3,2,0
org.apache.pdfbox.pdmodel.documentinterchange.taggedpdf.PDLayoutAttributeObject.setPlacement(String),4,1,2,1,0
org.apache.pdfbox.pdmodel.documentinterchange.taggedpdf.PDLayoutAttributeObject.getWritingMode(),4,1,3,2,0
org.apache.pdfbox.pdmodel.documentinterchange.taggedpdf.PDLayoutAttributeObject.setWritingMode(String),4,1,2,1,0
org.apache.pdfbox.pdmodel.documentinterchange.taggedpdf.PDLayoutAttributeObject.getBackgroundColor(),4,1,2,2,0
org.apache.pdfbox.pdmodel.documentinterchange.taggedpdf.PDLayoutAttributeObject.setBackgroundColor(PDGamma),4,1,2,1,0
org.apache.pdfbox.pdmodel.documentinterchange.taggedpdf.PDLayoutAttributeObject.getBorderColors(),4,1,2,2,0
org.apache.pdfbox.pdmodel.documentinterchange.taggedpdf.PDLayoutAttributeObject.setAllBorderColors(PDGamma),4,1,2,1,0
org.apache.pdfbox.pdmodel.documentinterchange.taggedpdf.PDLayoutAttributeObject.setBorderColors(PDFourColours),4,1,2,1,0
org.apache.pdfbox.pdmodel.documentinterchange.taggedpdf.PDLayoutAttributeObject.getBorderStyle(),4,1,3,2,0
org.apache.pdfbox.pdmodel.documentinterchange.taggedpdf.PDLayoutAttributeObject.setAllBorderStyles(String),4,1,2,1,0
org.apache.pdfbox.pdmodel.documentinterchange.taggedpdf.PDLayoutAttributeObject.setBorderStyles(String[]),4,1,2,1,0
org.apache.pdfbox.pdmodel.documentinterchange.taggedpdf.PDLayoutAttributeObject.getBorderThickness(),4,1,3,2,0
org.apache.pdfbox.pdmodel.documentinterchange.taggedpdf.PDLayoutAttributeObject.setAllBorderThicknesses(float),4,1,2,1,0
org.apache.pdfbox.pdmodel.documentinterchange.taggedpdf.PDLayoutAttributeObject.setAllBorderThicknesses(int),4,1,2,1,0
org.apache.pdfbox.pdmodel.documentinterchange.taggedpdf.PDLayoutAttributeObject.setBorderThicknesses(float[]),4,1,2,1,0
org.apache.pdfbox.pdmodel.documentinterchange.taggedpdf.PDLayoutAttributeObject.getPadding(),4,1,2,2,0
org.apache.pdfbox.pdmodel.documentinterchange.taggedpdf.PDLayoutAttributeObject.setAllPaddings(float),4,1,2,1,0
org.apache.pdfbox.pdmodel.documentinterchange.taggedpdf.PDLayoutAttributeObject.setAllPaddings(int),4,1,2,1,0
org.apache.pdfbox.pdmodel.documentinterchange.taggedpdf.PDLayoutAttributeObject.setPaddings(float[]),4,1,2,1,0
org.apache.pdfbox.pdmodel.documentinterchange.taggedpdf.PDLayoutAttributeObject.getColor(),4,1,2,2,0
org.apache.pdfbox.pdmodel.documentinterchange.taggedpdf.PDLayoutAttributeObject.setColor(PDGamma),4,1,2,1,0
org.apache.pdfbox.pdmodel.documentinterchange.taggedpdf.PDLayoutAttributeObject.getSpaceBefore(),4,1,2,2,0
org.apache.pdfbox.pdmodel.documentinterchange.taggedpdf.PDLayoutAttributeObject.setSpaceBefore(float),4,1,2,1,0
org.apache.pdfbox.pdmodel.documentinterchange.taggedpdf.PDLayoutAttributeObject.setSpaceBefore(int),4,1,2,1,0
org.apache.pdfbox.pdmodel.documentinterchange.taggedpdf.PDLayoutAttributeObject.getSpaceAfter(),4,1,2,2,0
org.apache.pdfbox.pdmodel.documentinterchange.taggedpdf.PDLayoutAttributeObject.setSpaceAfter(float),4,1,2,1,0
org.apache.pdfbox.pdmodel.documentinterchange.taggedpdf.PDLayoutAttributeObject.setSpaceAfter(int),4,1,2,1,0
org.apache.pdfbox.pdmodel.documentinterchange.taggedpdf.PDLayoutAttributeObject.getStartIndent(),4,1,2,2,0
org.apache.pdfbox.pdmodel.documentinterchange.taggedpdf.PDLayoutAttributeObject.setStartIndent(float),4,1,2,1,0
org.apache.pdfbox.pdmodel.documentinterchange.taggedpdf.PDLayoutAttributeObject.setStartIndent(int),4,1,2,1,0
org.apache.pdfbox.pdmodel.documentinterchange.taggedpdf.PDLayoutAttributeObject.getEndIndent(),4,1,2,2,0
org.apache.pdfbox.pdmodel.documentinterchange.taggedpdf.PDLayoutAttributeObject.setEndIndent(float),4,1,2,1,0
org.apache.pdfbox.pdmodel.documentinterchange.taggedpdf.PDLayoutAttributeObject.setEndIndent(int),4,1,2,1,0
org.apache.pdfbox.pdmodel.documentinterchange.taggedpdf.PDLayoutAttributeObject.getTextIndent(),4,1,2,2,0
org.apache.pdfbox.pdmodel.documentinterchange.taggedpdf.PDLayoutAttributeObject.setTextIndent(float),4,1,2,1,0
org.apache.pdfbox.pdmodel.documentinterchange.taggedpdf.PDLayoutAttributeObject.setTextIndent(int),4,1,2,1,0
org.apache.pdfbox.pdmodel.documentinterchange.taggedpdf.PDLayoutAttributeObject.getTextAlign(),4,1,3,2,0
org.apache.pdfbox.pdmodel.documentinterchange.taggedpdf.PDLayoutAttributeObject.setTextAlign(String),4,1,2,1,0
org.apache.pdfbox.pdmodel.documentinterchange.taggedpdf.PDLayoutAttributeObject.getBBox(),10,2,2,4,0
org.apache.pdfbox.pdmodel.documentinterchange.taggedpdf.PDLayoutAttributeObject.setBBox(PDRectangle),8,2,2,5,0
org.apache.pdfbox.pdmodel.documentinterchange.taggedpdf.PDLayoutAttributeObject.getWidth(),4,1,3,2,0
org.apache.pdfbox.pdmodel.documentinterchange.taggedpdf.PDLayoutAttributeObject.setWidthAuto(),4,1,2,1,0
org.apache.pdfbox.pdmodel.documentinterchange.taggedpdf.PDLayoutAttributeObject.setWidth(float),4,1,2,1,0
org.apache.pdfbox.pdmodel.documentinterchange.taggedpdf.PDLayoutAttributeObject.setWidth(int),4,1,2,1,0
org.apache.pdfbox.pdmodel.documentinterchange.taggedpdf.PDLayoutAttributeObject.getHeight(),4,1,3,2,0
org.apache.pdfbox.pdmodel.documentinterchange.taggedpdf.PDLayoutAttributeObject.setHeightAuto(),4,1,2,1,0
org.apache.pdfbox.pdmodel.documentinterchange.taggedpdf.PDLayoutAttributeObject.setHeight(float),4,1,2,1,0
org.apache.pdfbox.pdmodel.documentinterchange.taggedpdf.PDLayoutAttributeObject.setHeight(int),4,1,2,1,0
org.apache.pdfbox.pdmodel.documentinterchange.taggedpdf.PDLayoutAttributeObject.getBlockAlign(),4,1,3,2,0
org.apache.pdfbox.pdmodel.documentinterchange.taggedpdf.PDLayoutAttributeObject.setBlockAlign(String),4,1,2,1,0
org.apache.pdfbox.pdmodel.documentinterchange.taggedpdf.PDLayoutAttributeObject.getInlineAlign(),4,1,3,2,0
org.apache.pdfbox.pdmodel.documentinterchange.taggedpdf.PDLayoutAttributeObject.setInlineAlign(String),4,1,2,1,0
org.apache.pdfbox.pdmodel.documentinterchange.taggedpdf.PDLayoutAttributeObject.getTBorderStyle(),4,1,3,2,0
org.apache.pdfbox.pdmodel.documentinterchange.taggedpdf.PDLayoutAttributeObject.setAllTBorderStyles(String),4,1,2,1,0
org.apache.pdfbox.pdmodel.documentinterchange.taggedpdf.PDLayoutAttributeObject.setTBorderStyles(String[]),4,1,2,1,0
org.apache.pdfbox.pdmodel.documentinterchange.taggedpdf.PDLayoutAttributeObject.getTPadding(),4,1,2,2,0
org.apache.pdfbox.pdmodel.documentinterchange.taggedpdf.PDLayoutAttributeObject.setAllTPaddings(float),4,1,2,1,0
org.apache.pdfbox.pdmodel.documentinterchange.taggedpdf.PDLayoutAttributeObject.setAllTPaddings(int),4,1,2,1,0
org.apache.pdfbox.pdmodel.documentinterchange.taggedpdf.PDLayoutAttributeObject.setTPaddings(float[]),4,1,2,1,0
org.apache.pdfbox.pdmodel.documentinterchange.taggedpdf.PDLayoutAttributeObject.getBaselineShift(),4,1,2,2,0
org.apache.pdfbox.pdmodel.documentinterchange.taggedpdf.PDLayoutAttributeObject.setBaselineShift(float),4,1,2,1,0
org.apache.pdfbox.pdmodel.documentinterchange.taggedpdf.PDLayoutAttributeObject.setBaselineShift(int),4,1,2,1,0
org.apache.pdfbox.pdmodel.documentinterchange.taggedpdf.PDLayoutAttributeObject.getLineHeight(),4,1,3,2,0
org.apache.pdfbox.pdmodel.documentinterchange.taggedpdf.PDLayoutAttributeObject.setLineHeightNormal(),4,1,2,1,0
org.apache.pdfbox.pdmodel.documentinterchange.taggedpdf.PDLayoutAttributeObject.setLineHeightAuto(),4,1,2,1,0
org.apache.pdfbox.pdmodel.documentinterchange.taggedpdf.PDLayoutAttributeObject.setLineHeight(float),4,1,2,1,0
org.apache.pdfbox.pdmodel.documentinterchange.taggedpdf.PDLayoutAttributeObject.setLineHeight(int),4,1,2,1,0
org.apache.pdfbox.pdmodel.documentinterchange.taggedpdf.PDLayoutAttributeObject.getTextDecorationColor(),4,1,2,2,0
org.apache.pdfbox.pdmodel.documentinterchange.taggedpdf.PDLayoutAttributeObject.setTextDecorationColor(PDGamma),4,1,2,1,0
org.apache.pdfbox.pdmodel.documentinterchange.taggedpdf.PDLayoutAttributeObject.getTextDecorationThickness(),4,1,2,2,0
org.apache.pdfbox.pdmodel.documentinterchange.taggedpdf.PDLayoutAttributeObject.setTextDecorationThickness(float),4,1,2,1,0
org.apache.pdfbox.pdmodel.documentinterchange.taggedpdf.PDLayoutAttributeObject.setTextDecorationThickness(int),4,1,2,1,0
org.apache.pdfbox.pdmodel.documentinterchange.taggedpdf.PDLayoutAttributeObject.getTextDecorationType(),4,1,3,2,0
org.apache.pdfbox.pdmodel.documentinterchange.taggedpdf.PDLayoutAttributeObject.setTextDecorationType(String),4,1,2,1,0
org.apache.pdfbox.pdmodel.documentinterchange.taggedpdf.PDLayoutAttributeObject.getRubyAlign(),4,1,3,2,0
org.apache.pdfbox.pdmodel.documentinterchange.taggedpdf.PDLayoutAttributeObject.setRubyAlign(String),4,1,2,1,0
org.apache.pdfbox.pdmodel.documentinterchange.taggedpdf.PDLayoutAttributeObject.getRubyPosition(),4,1,3,2,0
org.apache.pdfbox.pdmodel.documentinterchange.taggedpdf.PDLayoutAttributeObject.setRubyPosition(String),4,1,2,1,0
org.apache.pdfbox.pdmodel.documentinterchange.taggedpdf.PDLayoutAttributeObject.getGlyphOrientationVertical(),5,1,3,2,0
org.apache.pdfbox.pdmodel.documentinterchange.taggedpdf.PDLayoutAttributeObject.setGlyphOrientationVertical(String),4,1,2,1,0
org.apache.pdfbox.pdmodel.documentinterchange.taggedpdf.PDLayoutAttributeObject.getColumnCount(),4,1,2,2,0
org.apache.pdfbox.pdmodel.documentinterchange.taggedpdf.PDLayoutAttributeObject.setColumnCount(int),4,1,2,1,0
org.apache.pdfbox.pdmodel.documentinterchange.taggedpdf.PDLayoutAttributeObject.getColumnGap(),4,1,3,2,0
org.apache.pdfbox.pdmodel.documentinterchange.taggedpdf.PDLayoutAttributeObject.setColumnGap(float),4,1,2,1,0
org.apache.pdfbox.pdmodel.documentinterchange.taggedpdf.PDLayoutAttributeObject.setColumnGap(int),4,1,2,1,0
org.apache.pdfbox.pdmodel.documentinterchange.taggedpdf.PDLayoutAttributeObject.setColumnGaps(float[]),4,1,2,1,0
org.apache.pdfbox.pdmodel.documentinterchange.taggedpdf.PDLayoutAttributeObject.getColumnWidths(),4,1,3,2,0
org.apache.pdfbox.pdmodel.documentinterchange.taggedpdf.PDLayoutAttributeObject.setAllColumnWidths(float),4,1,2,1,0
org.apache.pdfbox.pdmodel.documentinterchange.taggedpdf.PDLayoutAttributeObject.setAllColumnWidths(int),4,1,2,1,0
org.apache.pdfbox.pdmodel.documentinterchange.taggedpdf.PDLayoutAttributeObject.setColumnWidths(float[]),4,1,2,1,0
org.apache.pdfbox.pdmodel.documentinterchange.taggedpdf.PDLayoutAttributeObject.toString(),234,43,33,44,0
org.apache.pdfbox.pdmodel.documentinterchange.taggedpdf.PDListAttributeObject.PDListAttributeObject(),4,1,1,2,0
org.apache.pdfbox.pdmodel.documentinterchange.taggedpdf.PDListAttributeObject.PDListAttributeObject(COSDictionary),4,1,2,2,0
org.apache.pdfbox.pdmodel.documentinterchange.taggedpdf.PDListAttributeObject.getListNumbering(),4,1,3,2,0
org.apache.pdfbox.pdmodel.documentinterchange.taggedpdf.PDListAttributeObject.setListNumbering(String),4,1,2,1,0
org.apache.pdfbox.pdmodel.documentinterchange.taggedpdf.PDListAttributeObject.toString(),9,2,1,7,0
org.apache.pdfbox.pdmodel.documentinterchange.taggedpdf.PDTableAttributeObject.PDTableAttributeObject(),4,1,1,2,0
org.apache.pdfbox.pdmodel.documentinterchange.taggedpdf.PDTableAttributeObject.PDTableAttributeObject(COSDictionary),4,1,2,2,0
org.apache.pdfbox.pdmodel.documentinterchange.taggedpdf.PDTableAttributeObject.getRowSpan(),4,1,2,2,0
org.apache.pdfbox.pdmodel.documentinterchange.taggedpdf.PDTableAttributeObject.setRowSpan(int),4,1,2,1,0
org.apache.pdfbox.pdmodel.documentinterchange.taggedpdf.PDTableAttributeObject.getColSpan(),4,1,2,2,0
org.apache.pdfbox.pdmodel.documentinterchange.taggedpdf.PDTableAttributeObject.setColSpan(int),4,1,2,1,0
org.apache.pdfbox.pdmodel.documentinterchange.taggedpdf.PDTableAttributeObject.getHeaders(),4,1,2,2,0
org.apache.pdfbox.pdmodel.documentinterchange.taggedpdf.PDTableAttributeObject.setHeaders(String[]),4,1,2,1,0
org.apache.pdfbox.pdmodel.documentinterchange.taggedpdf.PDTableAttributeObject.getScope(),4,1,2,2,0
org.apache.pdfbox.pdmodel.documentinterchange.taggedpdf.PDTableAttributeObject.setScope(String),4,1,2,1,0
org.apache.pdfbox.pdmodel.documentinterchange.taggedpdf.PDTableAttributeObject.getSummary(),4,1,2,2,0
org.apache.pdfbox.pdmodel.documentinterchange.taggedpdf.PDTableAttributeObject.setSummary(String),4,1,2,1,0
org.apache.pdfbox.pdmodel.documentinterchange.taggedpdf.PDTableAttributeObject.toString(),25,6,5,13,0
org.apache.xmpbox.type.TestResourceEventType.before(),4,1,0,1,0
"org.apache.xmpbox.type.TestResourceEventType.TestResourceEventType(Class<? extends AbstractStructuredType>, String, Types)",4,1,3,2,0
org.apache.xmpbox.type.TestResourceEventType.getStructured(),4,1,1,2,0
org.apache.xmpbox.type.TestResourceEventType.initializeParameters(),11,1,5,3,0
org.apache.xmpbox.type.ResourceEventType.ResourceEventType(XMPMetadata),5,1,2,5,0
org.apache.xmpbox.type.ResourceEventType.getInstanceID(),4,1,1,2,0
org.apache.xmpbox.type.ResourceEventType.setInstanceID(String),4,1,2,1,0
org.apache.xmpbox.type.ResourceEventType.getSoftwareAgent(),4,1,1,2,0
org.apache.xmpbox.type.ResourceEventType.setSoftwareAgent(String),4,1,2,1,0
org.apache.xmpbox.type.ResourceEventType.getWhen(),4,1,1,2,0
org.apache.xmpbox.type.ResourceEventType.setWhen(Calendar),4,1,2,1,0
org.apache.xmpbox.type.ResourceEventType.getAction(),4,1,1,2,0
org.apache.xmpbox.type.ResourceEventType.setAction(String),4,1,2,1,0
org.apache.xmpbox.type.ResourceEventType.getChanged(),4,1,1,2,0
org.apache.xmpbox.type.ResourceEventType.setChanged(String),4,1,2,1,0
org.apache.xmpbox.type.ResourceEventType.getParameters(),4,1,1,2,0
org.apache.xmpbox.type.ResourceEventType.setParameters(String),4,1,2,1,0
"org.apache.pdfbox.preflight.xobject.XObjFormValidator.XObjFormValidator(PreflightContext, PDFormXObject)",5,1,3,4,0
org.apache.pdfbox.preflight.xobject.XObjFormValidator.validate(),8,1,0,5,0
org.apache.pdfbox.preflight.xobject.XObjFormValidator.checkMandatoryFields(),16,3,7,5,0
org.apache.pdfbox.preflight.xobject.XObjFormValidator.validateXObjectContent(),6,1,3,4,0
org.apache.pdfbox.preflight.xobject.XObjFormValidator.checkGroup(),23,4,10,7,0
org.apache.pdfbox.preflight.xobject.XObjFormValidator.checkPS(),9,2,3,4,0
org.apache.pdfbox.preflight.xobject.XObjFormValidator.checkSubtype2Value(),10,2,4,6,0
org.apache.pdfbox.preflight.xobject.XObjFormValidator.validateXObjectResources(),8,2,4,2,0
"org.apache.pdfbox.preflight.content.PreflightContentStream.PreflightContentStream(PreflightContext, PDPage)",4,1,5,2,0
org.apache.pdfbox.preflight.content.PreflightContentStream.validatePageContentStream(),18,4,5,7,0
org.apache.pdfbox.preflight.content.PreflightContentStream.validateXObjContentStream(PDFormXObject),22,4,6,7,0
org.apache.pdfbox.preflight.content.PreflightContentStream.validatePatternContentStream(PDTilingPattern),15,3,6,6,0
"org.apache.pdfbox.preflight.content.PreflightContentStream.processOperator(Operator, List<COSBase>)",14,2,2,10,0
"org.apache.pdfbox.preflight.content.PreflightContentStream.unsupportedOperator(Operator, List<COSBase>)",5,1,2,2,0
"org.apache.pdfbox.preflight.content.PreflightContentStream.checkShowTextOperators(Operator, List<?>)",12,3,3,4,0
"org.apache.pdfbox.preflight.content.PreflightContentStream.validateStringDefinition(Operator, List<?>)",44,7,4,7,0
"org.apache.pdfbox.preflight.content.PreflightContentStream.validateStringArray(Operator, List<?>)",20,5,4,5,1
org.apache.pdfbox.preflight.content.PreflightContentStream.validateText(byte[]),60,11,9,21,1
org.apache.pdfbox.preflight.utils.ContextHelper.ContextHelper(),3,1,0,1,0
"org.apache.pdfbox.preflight.utils.ContextHelper.validateElement(PreflightContext, Object, String)",11,2,28,3,0
"org.apache.pdfbox.preflight.utils.ContextHelper.callValidation(PreflightContext, Object, String)",17,3,5,7,0
"org.apache.pdfbox.preflight.utils.ContextHelper.hasRecursion(PreflightContext, Object, PreflightPath)",20,5,5,6,1
"org.apache.pdfbox.preflight.utils.ContextHelper.validateElement(PreflightContext, String)",4,1,3,1,0
"org.apache.pdfbox.preflight.xobject.AbstractXObjValidator.AbstractXObjValidator(PreflightContext, COSStream)",6,1,5,6,0
org.apache.pdfbox.preflight.xobject.AbstractXObjValidator.checkSMask(),11,2,7,7,0
org.apache.pdfbox.preflight.xobject.AbstractXObjValidator.checkOPI(),7,2,4,4,0
org.apache.pdfbox.preflight.xobject.AbstractXObjValidator.checkReferenceXObject(),8,2,4,3,0
org.apache.pdfbox.preflight.xobject.AbstractXObjValidator.checkPostscriptXObject(),16,3,6,6,0
org.apache.pdfbox.preflight.xobject.AbstractXObjValidator.checkMandatoryFields(),1,1,1,0,0
org.apache.pdfbox.preflight.xobject.AbstractXObjValidator.validate(),8,1,2,5,0
org.apache.pdfbox.pdmodel.interactive.pagenavigation.PDThread.PDThread(COSDictionary),4,1,3,2,0
org.apache.pdfbox.pdmodel.interactive.pagenavigation.PDThread.PDThread(),5,1,1,4,0
org.apache.pdfbox.pdmodel.interactive.pagenavigation.PDThread.getCOSObject(),4,1,1,1,0
org.apache.pdfbox.pdmodel.interactive.pagenavigation.PDThread.getThreadInfo(),10,2,1,3,0
org.apache.pdfbox.pdmodel.interactive.pagenavigation.PDThread.setThreadInfo(PDDocumentInformation),4,1,2,1,0
org.apache.pdfbox.pdmodel.interactive.pagenavigation.PDThread.getFirstBead(),10,2,1,3,0
org.apache.pdfbox.pdmodel.interactive.pagenavigation.PDThread.setFirstBead(PDThreadBead),8,2,2,2,0
"org.apache.pdfbox.contentstream.operator.state.SetLineJoinStyle.process(Operator, List<COSBase>)",9,2,3,6,0
org.apache.pdfbox.contentstream.operator.state.SetLineJoinStyle.getName(),4,1,0,1,0
org.apache.pdfbox.pdmodel.interactive.form.PDCheckBox.PDCheckBox(PDAcroForm),4,1,3,2,0
"org.apache.pdfbox.pdmodel.interactive.form.PDCheckBox.PDCheckBox(PDAcroForm, COSDictionary, PDNonTerminalField)",4,1,4,2,0
org.apache.pdfbox.pdmodel.interactive.form.PDCheckBox.isChecked(),4,1,3,4,0
org.apache.pdfbox.pdmodel.interactive.form.PDCheckBox.check(),4,1,2,2,0
org.apache.pdfbox.pdmodel.interactive.form.PDCheckBox.unCheck(),4,1,1,2,0
org.apache.pdfbox.pdmodel.interactive.form.PDCheckBox.getOnValue(),22,5,7,9,1
org.apache.pdfbox.pdmodel.interactive.annotation.PDAnnotationWidget.PDAnnotationWidget(),5,1,3,4,0
org.apache.pdfbox.pdmodel.interactive.annotation.PDAnnotationWidget.PDAnnotationWidget(COSDictionary),5,1,6,4,0
org.apache.pdfbox.pdmodel.interactive.annotation.PDAnnotationWidget.getHighlightingMode(),4,1,1,3,0
org.apache.pdfbox.pdmodel.interactive.annotation.PDAnnotationWidget.setHighlightingMode(String),14,2,2,4,0
org.apache.pdfbox.pdmodel.interactive.annotation.PDAnnotationWidget.getAppearanceCharacteristics(),9,2,3,4,0
org.apache.pdfbox.pdmodel.interactive.annotation.PDAnnotationWidget.setAppearanceCharacteristics(PDAppearanceCharacteristicsDictionary),5,1,3,2,0
org.apache.pdfbox.pdmodel.interactive.annotation.PDAnnotationWidget.getAction(),5,1,1,4,0
org.apache.pdfbox.pdmodel.interactive.annotation.PDAnnotationWidget.setAction(PDAction),4,1,2,2,0
org.apache.pdfbox.pdmodel.interactive.annotation.PDAnnotationWidget.getActions(),10,2,2,4,0
org.apache.pdfbox.pdmodel.interactive.annotation.PDAnnotationWidget.setActions(PDAnnotationAdditionalActions),4,1,3,2,0
org.apache.pdfbox.pdmodel.interactive.annotation.PDAnnotationWidget.setBorderStyle(PDBorderStyleDictionary),4,1,2,2,0
org.apache.pdfbox.pdmodel.interactive.annotation.PDAnnotationWidget.getBorderStyle(),9,2,3,4,0
org.apache.pdfbox.pdmodel.interactive.annotation.PDAppearanceEntry.PDAppearanceEntry(),3,1,0,1,0
org.apache.pdfbox.pdmodel.interactive.annotation.PDAppearanceEntry.PDAppearanceEntry(COSBase),4,1,4,2,0
org.apache.pdfbox.pdmodel.interactive.annotation.PDAppearanceEntry.getCOSObject(),4,1,3,1,0
org.apache.pdfbox.pdmodel.interactive.annotation.PDAppearanceEntry.isSubDictionary(),4,1,3,1,0
org.apache.pdfbox.pdmodel.interactive.annotation.PDAppearanceEntry.isStream(),4,1,3,1,0
org.apache.pdfbox.pdmodel.interactive.annotation.PDAppearanceEntry.getAppearanceStream(),8,2,5,4,0
org.apache.pdfbox.pdmodel.interactive.annotation.PDAppearanceEntry.getSubDictionary(),18,4,4,9,1
org.apache.pdfbox.debugger.stringpane.StringPane.StringPane(COSString),7,1,5,8,0
org.apache.pdfbox.debugger.stringpane.StringPane.createTextView(COSString),7,1,2,5,0
org.apache.pdfbox.debugger.stringpane.StringPane.createHexView(COSString),5,1,2,4,0
org.apache.pdfbox.debugger.stringpane.StringPane.getTextString(COSString),13,3,2,5,1
org.apache.pdfbox.debugger.stringpane.StringPane.getPane(),4,1,2,1,0
org.apache.pdfbox.examples.pdmodel.GoToSecondBookmarkOnOpen.GoToSecondBookmarkOnOpen(),3,1,0,1,0
org.apache.pdfbox.examples.pdmodel.GoToSecondBookmarkOnOpen.main(String[]),42,6,3,18,0
org.apache.pdfbox.examples.pdmodel.GoToSecondBookmarkOnOpen.usage(),5,1,2,2,0
org.apache.pdfbox.pdmodel.interactive.action.PDActionGoTo.PDActionGoTo(),5,1,5,3,0
org.apache.pdfbox.pdmodel.interactive.action.PDActionGoTo.PDActionGoTo(COSDictionary),4,1,2,2,0
org.apache.pdfbox.pdmodel.interactive.action.PDActionGoTo.getDestination(),4,1,3,4,0
org.apache.pdfbox.pdmodel.interactive.action.PDActionGoTo.setDestination(PDDestination),18,4,5,6,0
org.apache.xmpbox.type.CFAPatternType.CFAPatternType(XMPMetadata),4,1,1,2,0
"org.apache.fontbox.cmap.CIDRange.CIDRange(char, char, int)",6,1,4,4,0
org.apache.fontbox.cmap.CIDRange.map(char),8,2,5,1,0
org.apache.fontbox.cmap.CIDRange.unmap(int),8,2,4,1,0
org.apache.pdfbox.debugger.colorpane.CSSeparation.CSSeparation(COSArray),13,2,3,6,0
org.apache.pdfbox.debugger.colorpane.CSSeparation.initUI(),87,1,13,42,0
org.apache.pdfbox.debugger.colorpane.CSSeparation.initValues(),5,1,4,4,0
org.apache.pdfbox.debugger.colorpane.CSSeparation.getPanel(),4,1,2,1,0
org.apache.pdfbox.debugger.colorpane.CSSeparation.stateChanged(ChangeEvent),7,1,3,6,0
org.apache.pdfbox.debugger.colorpane.CSSeparation.actionPerformed(ActionEvent),14,2,3,8,0
org.apache.pdfbox.debugger.colorpane.CSSeparation.updateColorBar(),12,2,6,4,0
org.apache.pdfbox.debugger.colorpane.CSSeparation.setColorBarBorder(),13,2,5,5,0
org.apache.pdfbox.debugger.colorpane.CSSeparation.getFloatRepresentation(int),4,1,2,1,0
org.apache.pdfbox.debugger.colorpane.CSSeparation.getIntRepresentation(float),4,1,3,1,0
org.apache.pdfbox.pdmodel.graphics.color.PDSeparation.PDSeparation(),8,1,3,5,0
org.apache.pdfbox.pdmodel.graphics.color.PDSeparation.PDSeparation(COSArray),6,1,6,7,0
org.apache.pdfbox.pdmodel.graphics.color.PDSeparation.getName(),4,1,2,2,0
org.apache.pdfbox.pdmodel.graphics.color.PDSeparation.getNumberOfComponents(),4,1,0,1,0
org.apache.pdfbox.pdmodel.graphics.color.PDSeparation.getDefaultDecode(int),4,1,0,1,0
org.apache.pdfbox.pdmodel.graphics.color.PDSeparation.getInitialColor(),4,1,1,1,0
org.apache.pdfbox.pdmodel.graphics.color.PDSeparation.toRGB(float[]),5,1,5,3,0
org.apache.pdfbox.pdmodel.graphics.color.PDSeparation.toRGBImage(WritableRaster),29,4,3,14,2
"org.apache.pdfbox.pdmodel.graphics.color.PDSeparation.tintTransform(float[], int[])",9,2,5,3,1
org.apache.pdfbox.pdmodel.graphics.color.PDSeparation.getAlternateColorSpace(),4,1,2,1,0
org.apache.pdfbox.pdmodel.graphics.color.PDSeparation.getColorantName(),5,1,4,3,0
org.apache.pdfbox.pdmodel.graphics.color.PDSeparation.setColorantName(String),4,1,2,2,0
org.apache.pdfbox.pdmodel.graphics.color.PDSeparation.setAlternateColorSpace(PDColorSpace),10,2,3,3,0
org.apache.pdfbox.pdmodel.graphics.color.PDSeparation.setTintTransform(PDFunction),5,1,3,2,0
org.apache.pdfbox.pdmodel.graphics.color.PDSeparation.toString(),7,1,2,4,0
org.apache.xmpbox.type.PDFATypeType.PDFATypeType(XMPMetadata),4,1,1,2,0
org.apache.xmpbox.type.PDFATypeType.getNamespaceURI(),5,2,2,3,0
org.apache.xmpbox.type.PDFATypeType.getType(),5,2,2,3,0
org.apache.xmpbox.type.PDFATypeType.getPrefixValue(),5,2,2,3,0
org.apache.xmpbox.type.PDFATypeType.getDescription(),5,2,2,3,0
org.apache.xmpbox.type.PDFATypeType.getFields(),4,1,2,2,0
org.apache.pdfbox.util.filetypedetector.ByteTrie.find(byte[]),19,4,4,3,1
"org.apache.pdfbox.util.filetypedetector.ByteTrie.addPath(T, byte[]...)",21,4,5,5,2
org.apache.pdfbox.util.filetypedetector.ByteTrie.setDefaultValue(T),4,1,2,1,0
org.apache.pdfbox.util.filetypedetector.ByteTrie.getMaxDepth(),4,1,2,1,0
org.apache.pdfbox.encryption.TestPublicKeyEncryption.setUp(),41,2,3,24,0
org.apache.pdfbox.encryption.TestPublicKeyEncryption.tearDown(),4,1,1,1,0
org.apache.pdfbox.encryption.TestPublicKeyEncryption.testProtectionError(),26,3,5,11,0
org.apache.pdfbox.encryption.TestPublicKeyEncryption.testProtection(),25,1,4,18,0
org.apache.pdfbox.encryption.TestPublicKeyEncryption.testMultipleRecipients(),43,1,7,17,0
"org.apache.pdfbox.encryption.TestPublicKeyEncryption.reload(PDDocument, String, InputStream)",8,1,6,7,0
"org.apache.pdfbox.encryption.TestPublicKeyEncryption.getRecipient(String, AccessPermission)",17,1,3,7,0
org.apache.pdfbox.encryption.TestPublicKeyEncryption.getKeyStore(String),4,1,4,2,0
org.apache.pdfbox.pdmodel.encryption.PublicKeyRecipient.getX509(),4,1,2,1,0
org.apache.pdfbox.pdmodel.encryption.PublicKeyRecipient.setX509(X509Certificate),4,1,3,1,0
org.apache.pdfbox.pdmodel.encryption.PublicKeyRecipient.getPermission(),4,1,2,1,0
org.apache.pdfbox.pdmodel.encryption.PublicKeyRecipient.setPermission(AccessPermission),4,1,3,1,0
org.apache.fontbox.util.Charsets.Charsets(),1,1,0,1,0
org.apache.pdfbox.preflight.parser.XmlResultParser.validate(DataSource),12,2,3,6,0
"org.apache.pdfbox.preflight.parser.XmlResultParser.validate(Document, DataSource)",44,4,6,20,0
"org.apache.pdfbox.preflight.parser.XmlResultParser.createResponseWithError(Document, String, ValidationResult, Element)",33,3,9,14,1
org.apache.pdfbox.preflight.parser.XmlResultParser.cleanErrorList(List<ValidationError>),17,3,2,5,1
"org.apache.pdfbox.preflight.parser.XmlResultParser.generateFailureResponse(Document, String, long, String, Exception)",21,1,6,12,0
"org.apache.pdfbox.preflight.parser.XmlResultParser.generateResponseSkeleton(Document, String, long)",9,1,6,6,0
org.apache.pdfbox.pdfparser.RandomAccessSource.RandomAccessSource(RandomAccessRead),4,1,2,2,0
org.apache.pdfbox.pdfparser.RandomAccessSource.read(),4,1,1,2,0
org.apache.pdfbox.pdfparser.RandomAccessSource.read(byte[]),4,1,2,2,0
"org.apache.pdfbox.pdfparser.RandomAccessSource.read(byte[], int, int)",4,1,4,2,0
org.apache.pdfbox.pdfparser.RandomAccessSource.getPosition(),4,1,1,2,0
org.apache.pdfbox.pdfparser.RandomAccessSource.peek(),4,1,1,2,0
org.apache.pdfbox.pdfparser.RandomAccessSource.unread(int),4,1,1,1,0
org.apache.pdfbox.pdfparser.RandomAccessSource.unread(byte[]),4,1,3,1,0
org.apache.pdfbox.pdfparser.RandomAccessSource.readFully(int),4,1,2,2,0
org.apache.pdfbox.pdfparser.RandomAccessSource.isEOF(),4,1,1,2,0
org.apache.pdfbox.pdfparser.RandomAccessSource.close(),4,1,1,1,0
org.apache.pdfbox.pdmodel.graphics.image.SampledImageReader.SampledImageReader(),3,1,0,1,0
"org.apache.pdfbox.pdmodel.graphics.image.SampledImageReader.getStencilImage(PDImage, Paint)",28,4,5,12,2
"org.apache.pdfbox.pdmodel.graphics.image.SampledImageReader.getRGBImage(PDImage, COSArray)",28,4,7,16,0
"org.apache.pdfbox.pdmodel.graphics.image.SampledImageReader.from1Bit(PDImage, WritableRaster)",69,10,4,12,3
"org.apache.pdfbox.pdmodel.graphics.image.SampledImageReader.from8bit(PDImage, WritableRaster)",27,3,3,11,2
"org.apache.pdfbox.pdmodel.graphics.image.SampledImageReader.fromAny(PDImage, WritableRaster, COSArray)",83,12,5,21,3
"org.apache.pdfbox.pdmodel.graphics.image.SampledImageReader.applyColorKeyMask(BufferedImage, BufferedImage)",27,3,4,7,2
org.apache.pdfbox.pdmodel.graphics.image.SampledImageReader.getDecodeArray(PDImage),39,6,5,13,0
org.apache.pdfbox.pdmodel.graphics.color.PDIndexed.PDIndexed(),8,1,4,5,0
org.apache.pdfbox.pdmodel.graphics.color.PDIndexed.PDIndexed(COSArray),7,1,4,7,0
org.apache.pdfbox.pdmodel.graphics.color.PDIndexed.getName(),4,1,1,2,0
org.apache.pdfbox.pdmodel.graphics.color.PDIndexed.getNumberOfComponents(),4,1,0,1,0
org.apache.pdfbox.pdmodel.graphics.color.PDIndexed.getDefaultDecode(int),4,1,1,2,0
org.apache.pdfbox.pdmodel.graphics.color.PDIndexed.getInitialColor(),4,1,1,1,0
org.apache.pdfbox.pdmodel.graphics.color.PDIndexed.initRgbColorTable(),23,4,5,8,3
org.apache.pdfbox.pdmodel.graphics.color.PDIndexed.toRGB(float[]),12,2,5,5,0
org.apache.pdfbox.pdmodel.graphics.color.PDIndexed.toRGBImage(WritableRaster),18,3,4,8,2
org.apache.pdfbox.pdmodel.graphics.color.PDIndexed.getBaseColorSpace(),4,1,3,1,0
org.apache.pdfbox.pdmodel.graphics.color.PDIndexed.getHival(),4,1,3,3,0
org.apache.pdfbox.pdmodel.graphics.color.PDIndexed.getLookupData(),24,5,3,7,0
org.apache.pdfbox.pdmodel.graphics.color.PDIndexed.readColorTable(),20,4,3,6,2
org.apache.pdfbox.pdmodel.graphics.color.PDIndexed.setBaseColorSpace(PDColorSpace),5,1,2,3,0
org.apache.pdfbox.pdmodel.graphics.color.PDIndexed.setHighValue(int),4,1,2,1,0
org.apache.pdfbox.pdmodel.graphics.color.PDIndexed.toString(),6,1,3,2,0
org.apache.fontbox.cff.FDSelect.FDSelect(CFFCIDFont),4,1,3,2,0
org.apache.fontbox.cff.FDSelect.getFDIndex(int),1,1,3,1,0
org.apache.fontbox.cff.CFFCIDFont.getRegistry(),4,1,2,1,0
org.apache.fontbox.cff.CFFCIDFont.setRegistry(String),4,1,2,1,0
org.apache.fontbox.cff.CFFCIDFont.getOrdering(),4,1,2,1,0
org.apache.fontbox.cff.CFFCIDFont.setOrdering(String),4,1,2,1,0
org.apache.fontbox.cff.CFFCIDFont.getSupplement(),4,1,2,1,0
org.apache.fontbox.cff.CFFCIDFont.setSupplement(int),4,1,2,1,0
org.apache.fontbox.cff.CFFCIDFont.getFontDicts(),4,1,2,1,0
org.apache.fontbox.cff.CFFCIDFont.setFontDict(List<Map>),4,1,2,1,0
org.apache.fontbox.cff.CFFCIDFont.getPrivDicts(),4,1,1,1,0
org.apache.fontbox.cff.CFFCIDFont.setPrivDict(List<Map>),4,1,2,1,0
org.apache.fontbox.cff.CFFCIDFont.getFdSelect(),4,1,1,1,0
org.apache.fontbox.cff.CFFCIDFont.setFdSelect(FDSelect),4,1,2,1,0
org.apache.fontbox.cff.CFFCIDFont.getDefaultWidthX(int),10,3,4,6,0
org.apache.fontbox.cff.CFFCIDFont.getNominalWidthX(int),10,3,4,6,0
org.apache.fontbox.cff.CFFCIDFont.getLocalSubrIndex(int),10,2,4,4,0
org.apache.fontbox.cff.CFFCIDFont.getType2CharString(int),19,3,11,10,0
org.apache.fontbox.cff.CFFCIDFont.getFontMatrix(),4,1,2,2,0
org.apache.fontbox.cff.CFFCIDFont.getPath(String),5,1,1,4,0
org.apache.fontbox.cff.CFFCIDFont.getWidth(String),5,1,1,4,0
org.apache.fontbox.cff.CFFCIDFont.hasGlyph(String),5,1,1,2,0
org.apache.fontbox.cff.CFFCIDFont.selectorToCID(String),8,2,4,5,0
org.apache.pdfbox.tools.PDFSplit.PDFSplit(),3,1,1,1,0
org.apache.pdfbox.tools.PDFSplit.main(String[]),6,1,2,3,0
org.apache.pdfbox.tools.PDFSplit.split(String[]),129,23,8,16,3
"org.apache.pdfbox.tools.PDFSplit.writeDocument(PDDocument, String)",22,3,3,5,0
org.apache.pdfbox.tools.PDFSplit.usage(),13,1,2,2,0
org.apache.pdfbox.multipdf.Splitter.split(PDDocument),7,1,3,5,0
org.apache.pdfbox.multipdf.Splitter.setSplitAtPage(int),8,2,2,2,0
org.apache.pdfbox.multipdf.Splitter.setStartPage(int),8,2,2,2,0
org.apache.pdfbox.multipdf.Splitter.setEndPage(int),8,2,2,2,0
org.apache.pdfbox.multipdf.Splitter.processPages(),23,4,5,4,1
org.apache.pdfbox.multipdf.Splitter.createNewDocumentIfNecessary(),8,2,4,4,0
org.apache.pdfbox.multipdf.Splitter.splitAtPage(int),4,1,3,1,0
org.apache.pdfbox.multipdf.Splitter.createNewDocument(),9,1,1,11,0
org.apache.pdfbox.multipdf.Splitter.processPage(PDPage),10,1,2,12,0
org.apache.pdfbox.multipdf.Splitter.processAnnotations(PDPage),25,6,2,6,1
org.apache.pdfbox.multipdf.Splitter.getSourceDocument(),4,1,2,1,0
org.apache.pdfbox.multipdf.Splitter.getDestinationDocument(),4,1,2,1,0
"org.apache.pdfbox.preflight.annotation.WidgetAnnotationValidator.WidgetAnnotationValidator(PreflightContext, COSDictionary)",6,1,3,5,0
org.apache.pdfbox.preflight.annotation.WidgetAnnotationValidator.validate(),5,1,0,3,0
org.apache.pdfbox.preflight.annotation.WidgetAnnotationValidator.checkAAField(),9,2,4,4,0
org.apache.pdfbox.pdmodel.interactive.documentnavigation.destination.PDPageDestination.PDPageDestination(),4,1,5,3,0
org.apache.pdfbox.pdmodel.interactive.documentnavigation.destination.PDPageDestination.PDPageDestination(COSArray),4,1,6,2,0
org.apache.pdfbox.pdmodel.interactive.documentnavigation.destination.PDPageDestination.getPage(),13,3,2,4,0
org.apache.pdfbox.pdmodel.interactive.documentnavigation.destination.PDPageDestination.setPage(PDPage),4,1,5,1,0
org.apache.pdfbox.pdmodel.interactive.documentnavigation.destination.PDPageDestination.getPageNumber(),13,3,2,4,0
org.apache.pdfbox.pdmodel.interactive.documentnavigation.destination.PDPageDestination.findPageNumber(),23,5,3,8,1
org.apache.pdfbox.pdmodel.interactive.documentnavigation.destination.PDPageDestination.retrievePageNumber(),23,5,4,8,1
org.apache.pdfbox.pdmodel.interactive.documentnavigation.destination.PDPageDestination.setPageNumber(int),4,1,2,1,0
org.apache.pdfbox.pdmodel.interactive.documentnavigation.destination.PDPageDestination.getCOSObject(),4,1,2,1,0
"org.apache.pdfbox.pdmodel.font.PDCIDSystemInfo.PDCIDSystemInfo(String, String, int)",7,1,7,5,0
org.apache.pdfbox.pdmodel.font.PDCIDSystemInfo.PDCIDSystemInfo(COSDictionary),4,1,2,2,0
org.apache.pdfbox.pdmodel.font.PDCIDSystemInfo.getRegistry(),4,1,7,2,0
org.apache.pdfbox.pdmodel.font.PDCIDSystemInfo.getOrdering(),4,1,8,2,0
org.apache.pdfbox.pdmodel.font.PDCIDSystemInfo.getSupplement(),4,1,4,2,0
org.apache.pdfbox.pdmodel.font.PDCIDSystemInfo.getCOSObject(),4,1,1,1,0
org.apache.pdfbox.pdmodel.font.PDCIDSystemInfo.toString(),4,1,0,4,0
org.apache.pdfbox.pdmodel.interactive.annotation.PDBorderEffectDictionary.PDBorderEffectDictionary(),4,1,1,3,0
org.apache.pdfbox.pdmodel.interactive.annotation.PDBorderEffectDictionary.PDBorderEffectDictionary(COSDictionary),4,1,3,2,0
org.apache.pdfbox.pdmodel.interactive.annotation.PDBorderEffectDictionary.getCOSObject(),4,1,5,1,0
org.apache.pdfbox.pdmodel.interactive.annotation.PDBorderEffectDictionary.setIntensity(float),4,1,2,2,0
org.apache.pdfbox.pdmodel.interactive.annotation.PDBorderEffectDictionary.getIntensity(),4,1,0,3,0
org.apache.pdfbox.pdmodel.interactive.annotation.PDBorderEffectDictionary.setStyle(String),4,1,2,2,0
org.apache.pdfbox.pdmodel.interactive.annotation.PDBorderEffectDictionary.getStyle(),4,1,1,3,0
org.apache.pdfbox.pdmodel.interactive.annotation.PDBorderStyleDictionary.PDBorderStyleDictionary(),4,1,2,3,0
org.apache.pdfbox.pdmodel.interactive.annotation.PDBorderStyleDictionary.PDBorderStyleDictionary(COSDictionary),4,1,7,2,0
org.apache.pdfbox.pdmodel.interactive.annotation.PDBorderStyleDictionary.getCOSObject(),4,1,7,1,0
org.apache.pdfbox.pdmodel.interactive.annotation.PDBorderStyleDictionary.setWidth(float),4,1,3,2,0
org.apache.pdfbox.pdmodel.interactive.annotation.PDBorderStyleDictionary.getWidth(),4,1,4,3,0
org.apache.pdfbox.pdmodel.interactive.annotation.PDBorderStyleDictionary.setStyle(String),4,1,3,2,0
org.apache.pdfbox.pdmodel.interactive.annotation.PDBorderStyleDictionary.getStyle(),4,1,2,3,0
org.apache.pdfbox.pdmodel.interactive.annotation.PDBorderStyleDictionary.setDashStyle(COSArray),9,2,2,2,0
org.apache.pdfbox.pdmodel.interactive.annotation.PDBorderStyleDictionary.getDashStyle(),11,2,2,7,0
org.apache.pdfbox.pdmodel.fdf.FDFAnnotationText.FDFAnnotationText(),5,1,3,3,0
org.apache.pdfbox.pdmodel.fdf.FDFAnnotationText.FDFAnnotationText(COSDictionary),4,1,2,2,0
org.apache.pdfbox.pdmodel.fdf.FDFAnnotationText.FDFAnnotationText(Element),20,4,5,8,0
org.apache.pdfbox.pdmodel.fdf.FDFAnnotationText.setIcon(String),4,1,4,1,0
org.apache.pdfbox.pdmodel.fdf.FDFAnnotationText.getIcon(),4,1,3,2,0
org.apache.pdfbox.pdmodel.fdf.FDFAnnotationText.getState(),4,1,2,2,0
org.apache.pdfbox.pdmodel.fdf.FDFAnnotationText.setState(String),4,1,4,1,0
org.apache.pdfbox.pdmodel.fdf.FDFAnnotationText.getStateModel(),4,1,2,2,0
org.apache.pdfbox.pdmodel.fdf.FDFAnnotationText.setStateModel(String),4,1,4,1,0
org.apache.pdfbox.pdmodel.fdf.FDFAnnotationCaret.FDFAnnotationCaret(),5,1,3,3,0
org.apache.pdfbox.pdmodel.fdf.FDFAnnotationCaret.FDFAnnotationCaret(COSDictionary),4,1,2,2,0
org.apache.pdfbox.pdmodel.fdf.FDFAnnotationCaret.FDFAnnotationCaret(Element),11,2,5,7,0
org.apache.pdfbox.pdmodel.fdf.FDFAnnotationCaret.initFringe(Element),18,3,3,11,0
org.apache.pdfbox.pdmodel.fdf.FDFAnnotationCaret.setFringe(PDRectangle),4,1,4,1,0
org.apache.pdfbox.pdmodel.fdf.FDFAnnotationCaret.getFringe(),12,2,2,3,0
org.apache.pdfbox.pdmodel.fdf.FDFAnnotationCaret.setSymbol(String),9,2,4,2,0
org.apache.pdfbox.pdmodel.fdf.FDFAnnotationCaret.getSymbol(),4,1,2,2,0
org.apache.pdfbox.pdmodel.fdf.FDFAnnotationFreeText.FDFAnnotationFreeText(),5,1,3,3,0
org.apache.pdfbox.pdmodel.fdf.FDFAnnotationFreeText.FDFAnnotationFreeText(COSDictionary),4,1,2,2,0
org.apache.pdfbox.pdmodel.fdf.FDFAnnotationFreeText.FDFAnnotationFreeText(Element),28,4,6,17,0
org.apache.pdfbox.pdmodel.fdf.FDFAnnotationFreeText.initFringe(Element),18,3,3,11,0
org.apache.pdfbox.pdmodel.fdf.FDFAnnotationFreeText.initCallout(Element),14,3,3,5,1
org.apache.pdfbox.pdmodel.fdf.FDFAnnotationFreeText.setCallout(float[]),6,1,4,3,0
org.apache.pdfbox.pdmodel.fdf.FDFAnnotationFreeText.getCallout(),12,2,2,3,0
org.apache.pdfbox.pdmodel.fdf.FDFAnnotationFreeText.setJustification(String),13,3,4,2,0
org.apache.pdfbox.pdmodel.fdf.FDFAnnotationFreeText.getJustification(),4,1,2,2,0
org.apache.pdfbox.pdmodel.fdf.FDFAnnotationFreeText.setRotation(int),4,1,4,1,0
org.apache.pdfbox.pdmodel.fdf.FDFAnnotationFreeText.getRotation(),4,1,2,2,0
org.apache.pdfbox.pdmodel.fdf.FDFAnnotationFreeText.setDefaultAppearance(String),4,1,4,1,0
org.apache.pdfbox.pdmodel.fdf.FDFAnnotationFreeText.getDefaultAppearance(),4,1,2,2,0
org.apache.pdfbox.pdmodel.fdf.FDFAnnotationFreeText.setDefaultStyle(String),4,1,4,1,0
org.apache.pdfbox.pdmodel.fdf.FDFAnnotationFreeText.getDefaultStyle(),4,1,2,2,0
org.apache.pdfbox.pdmodel.fdf.FDFAnnotationFreeText.setFringe(PDRectangle),4,1,4,1,0
org.apache.pdfbox.pdmodel.fdf.FDFAnnotationFreeText.getFringe(),12,2,2,3,0
org.apache.pdfbox.pdmodel.fdf.FDFAnnotationFreeText.setLineEndingStyle(String),4,1,4,1,0
org.apache.pdfbox.pdmodel.fdf.FDFAnnotationFreeText.getLineEndingStyle(),4,1,2,2,0
org.apache.pdfbox.pdmodel.fdf.FDFAnnotationFileAttachment.FDFAnnotationFileAttachment(),5,1,3,3,0
org.apache.pdfbox.pdmodel.fdf.FDFAnnotationFileAttachment.FDFAnnotationFileAttachment(COSDictionary),4,1,2,2,0
org.apache.pdfbox.pdmodel.fdf.FDFAnnotationFileAttachment.FDFAnnotationFileAttachment(Element),5,1,5,3,0
org.apache.pdfbox.pdmodel.fdf.FDFAnnotationHighlight.FDFAnnotationHighlight(),5,1,3,3,0
org.apache.pdfbox.pdmodel.fdf.FDFAnnotationHighlight.FDFAnnotationHighlight(COSDictionary),4,1,2,2,0
org.apache.pdfbox.pdmodel.fdf.FDFAnnotationHighlight.FDFAnnotationHighlight(Element),5,1,5,3,0
org.apache.pdfbox.pdmodel.fdf.FDFAnnotationLink.FDFAnnotationLink(),5,1,3,3,0
org.apache.pdfbox.pdmodel.fdf.FDFAnnotationLink.FDFAnnotationLink(COSDictionary),4,1,2,2,0
org.apache.pdfbox.pdmodel.fdf.FDFAnnotationLink.FDFAnnotationLink(Element),5,1,5,3,0
org.apache.pdfbox.pdmodel.fdf.FDFAnnotationCircle.FDFAnnotationCircle(),5,1,3,3,0
org.apache.pdfbox.pdmodel.fdf.FDFAnnotationCircle.FDFAnnotationCircle(COSDictionary),4,1,2,2,0
org.apache.pdfbox.pdmodel.fdf.FDFAnnotationCircle.FDFAnnotationCircle(Element),12,2,5,11,0
org.apache.pdfbox.pdmodel.fdf.FDFAnnotationCircle.initFringe(Element),18,3,3,11,0
org.apache.pdfbox.pdmodel.fdf.FDFAnnotationCircle.setInteriorColor(Color),11,2,4,4,0
org.apache.pdfbox.pdmodel.fdf.FDFAnnotationCircle.getInteriorColor(),14,3,3,4,0
org.apache.pdfbox.pdmodel.fdf.FDFAnnotationCircle.setFringe(PDRectangle),4,1,4,1,0
org.apache.pdfbox.pdmodel.fdf.FDFAnnotationCircle.getFringe(),12,2,2,3,0
org.apache.pdfbox.pdmodel.fdf.FDFAnnotationSquare.FDFAnnotationSquare(),5,1,3,3,0
org.apache.pdfbox.pdmodel.fdf.FDFAnnotationSquare.FDFAnnotationSquare(COSDictionary),4,1,2,2,0
org.apache.pdfbox.pdmodel.fdf.FDFAnnotationSquare.FDFAnnotationSquare(Element),12,2,5,11,0
org.apache.pdfbox.pdmodel.fdf.FDFAnnotationSquare.initFringe(Element),18,3,3,11,0
org.apache.pdfbox.pdmodel.fdf.FDFAnnotationSquare.setInteriorColor(Color),11,2,4,4,0
org.apache.pdfbox.pdmodel.fdf.FDFAnnotationSquare.getInteriorColor(),14,3,3,4,0
org.apache.pdfbox.pdmodel.fdf.FDFAnnotationSquare.setFringe(PDRectangle),4,1,4,1,0
org.apache.pdfbox.pdmodel.fdf.FDFAnnotationSquare.getFringe(),12,2,2,3,0
org.apache.pdfbox.pdmodel.fdf.FDFAnnotationPolygon.FDFAnnotationPolygon(),5,1,3,3,0
org.apache.pdfbox.pdmodel.fdf.FDFAnnotationPolygon.FDFAnnotationPolygon(COSDictionary),4,1,2,2,0
org.apache.pdfbox.pdmodel.fdf.FDFAnnotationPolygon.FDFAnnotationPolygon(Element),12,2,5,11,0
org.apache.pdfbox.pdmodel.fdf.FDFAnnotationPolygon.initVertices(Element),23,4,4,9,1
org.apache.pdfbox.pdmodel.fdf.FDFAnnotationPolygon.setVertices(float[]),6,1,4,3,0
org.apache.pdfbox.pdmodel.fdf.FDFAnnotationPolygon.getVertices(),12,2,2,3,0
org.apache.pdfbox.pdmodel.fdf.FDFAnnotationPolygon.setInteriorColor(Color),11,2,4,4,0
org.apache.pdfbox.pdmodel.fdf.FDFAnnotationPolygon.getInteriorColor(),14,3,3,4,0
org.apache.pdfbox.pdmodel.fdf.FDFAnnotationPolyline.FDFAnnotationPolyline(),5,1,3,3,0
org.apache.pdfbox.pdmodel.fdf.FDFAnnotationPolyline.FDFAnnotationPolyline(COSDictionary),4,1,2,2,0
org.apache.pdfbox.pdmodel.fdf.FDFAnnotationPolyline.FDFAnnotationPolyline(Element),7,1,5,5,0
org.apache.pdfbox.pdmodel.fdf.FDFAnnotationPolyline.initVertices(Element),23,4,4,9,1
org.apache.pdfbox.pdmodel.fdf.FDFAnnotationPolyline.initStyles(Element),19,4,2,10,0
org.apache.pdfbox.pdmodel.fdf.FDFAnnotationPolyline.setVertices(float[]),6,1,4,3,0
org.apache.pdfbox.pdmodel.fdf.FDFAnnotationPolyline.getVertices(),12,2,2,3,0
org.apache.pdfbox.pdmodel.fdf.FDFAnnotationPolyline.setStartPointEndingStyle(String),19,3,5,6,0
org.apache.pdfbox.pdmodel.fdf.FDFAnnotationPolyline.getStartPointEndingStyle(),10,2,3,3,0
org.apache.pdfbox.pdmodel.fdf.FDFAnnotationPolyline.setEndPointEndingStyle(String),19,3,5,6,0
org.apache.pdfbox.pdmodel.fdf.FDFAnnotationPolyline.getEndPointEndingStyle(),10,2,3,3,0
org.apache.pdfbox.pdmodel.fdf.FDFAnnotationPolyline.setInteriorColor(Color),11,2,4,4,0
org.apache.pdfbox.pdmodel.fdf.FDFAnnotationPolyline.getInteriorColor(),14,3,3,4,0
org.apache.pdfbox.pdmodel.fdf.FDFAnnotationSound.FDFAnnotationSound(),5,1,3,3,0
org.apache.pdfbox.pdmodel.fdf.FDFAnnotationSound.FDFAnnotationSound(COSDictionary),4,1,2,2,0
org.apache.pdfbox.pdmodel.fdf.FDFAnnotationSound.FDFAnnotationSound(Element),5,1,5,3,0
org.apache.pdfbox.pdmodel.fdf.FDFAnnotationStamp.FDFAnnotationStamp(),5,1,3,3,0
org.apache.pdfbox.pdmodel.fdf.FDFAnnotationStamp.FDFAnnotationStamp(COSDictionary),4,1,2,2,0
org.apache.pdfbox.pdmodel.fdf.FDFAnnotationStamp.FDFAnnotationStamp(Element),5,1,5,3,0
org.apache.pdfbox.pdmodel.fdf.FDFAnnotationStrikeOut.FDFAnnotationStrikeOut(),5,1,3,3,0
org.apache.pdfbox.pdmodel.fdf.FDFAnnotationStrikeOut.FDFAnnotationStrikeOut(COSDictionary),4,1,2,2,0
org.apache.pdfbox.pdmodel.fdf.FDFAnnotationStrikeOut.FDFAnnotationStrikeOut(Element),5,1,5,3,0
org.apache.xmpbox.TestValidatePermitedMetadata.initializeParameters(),21,3,0,12,1
"org.apache.xmpbox.TestValidatePermitedMetadata.TestValidatePermitedMetadata(String, String, String)",6,1,3,4,0
org.apache.xmpbox.TestValidatePermitedMetadata.checkExistence(),34,5,3,19,1
"org.apache.xmpbox.schema.XMPSchemaFactory.XMPSchemaFactory(String, Class<? extends XMPSchema>, PropertiesDescription)",6,1,5,4,0
org.apache.xmpbox.schema.XMPSchemaFactory.getNamespace(),4,1,1,1,0
org.apache.xmpbox.schema.XMPSchemaFactory.getPropertyType(String),4,1,3,2,0
"org.apache.xmpbox.schema.XMPSchemaFactory.createXMPSchema(XMPMetadata, String)",36,5,10,6,0
org.apache.xmpbox.schema.XMPSchemaFactory.getPropertyDefinition(),4,1,2,1,0
org.apache.xmpbox.type.TypeMapping.TypeMapping(XMPMetadata),5,1,3,3,0
org.apache.xmpbox.type.TypeMapping.initialize(),33,3,3,16,1
"org.apache.xmpbox.type.TypeMapping.addToDefinedStructuredTypes(String, String, PropertiesDescription)",5,1,6,1,0
org.apache.xmpbox.type.TypeMapping.getDefinedDescriptionByNamespace(String),5,1,4,2,0
"org.apache.xmpbox.type.TypeMapping.instanciateStructuredType(Types, String)",38,7,10,7,0
"org.apache.xmpbox.type.TypeMapping.instanciateDefinedType(String, String)",4,1,4,2,0
"org.apache.xmpbox.type.TypeMapping.instanciateSimpleProperty(String, String, String, Object, Types)",40,8,22,6,0
"org.apache.xmpbox.type.TypeMapping.instanciateSimpleField(Class<?>, String, String, String, Object)",8,1,7,5,0
org.apache.xmpbox.type.TypeMapping.isStructuredTypeNamespace(String),4,1,3,2,0
org.apache.xmpbox.type.TypeMapping.isDefinedTypeNamespace(String),4,1,3,2,0
org.apache.xmpbox.type.TypeMapping.isDefinedType(String),4,1,3,2,0
org.apache.xmpbox.type.TypeMapping.addNameSpace(Class<? extends XMPSchema>),6,1,3,5,0
"org.apache.xmpbox.type.TypeMapping.addNewNameSpace(String, String)",5,1,3,3,0
org.apache.xmpbox.type.TypeMapping.getStructuredPropMapping(Types),4,1,4,2,0
"org.apache.xmpbox.type.TypeMapping.getAssociatedSchemaObject(XMPMetadata, String, String)",14,3,4,5,0
org.apache.xmpbox.type.TypeMapping.getSchemaFactory(String),4,1,8,2,0
org.apache.xmpbox.type.TypeMapping.isDefinedSchema(String),4,1,4,2,0
org.apache.xmpbox.type.TypeMapping.isDefinedNamespace(String),4,1,2,4,0
org.apache.xmpbox.type.TypeMapping.getSpecifiedPropertyType(QName),28,4,6,8,0
org.apache.xmpbox.type.TypeMapping.initializePropMapping(Class<?>),25,4,5,9,1
"org.apache.xmpbox.type.TypeMapping.createBoolean(String, String, String, boolean)",4,1,10,2,0
"org.apache.xmpbox.type.TypeMapping.createDate(String, String, String, Calendar)",4,1,9,2,0
"org.apache.xmpbox.type.TypeMapping.createInteger(String, String, String, int)",4,1,9,2,0
"org.apache.xmpbox.type.TypeMapping.createReal(String, String, String, float)",4,1,7,2,0
"org.apache.xmpbox.type.TypeMapping.createText(String, String, String, String)",4,1,14,2,0
"org.apache.xmpbox.type.TypeMapping.createProperName(String, String, String, String)",4,1,5,2,0
"org.apache.xmpbox.type.TypeMapping.createURI(String, String, String, String)",4,1,6,2,0
"org.apache.xmpbox.type.TypeMapping.createURL(String, String, String, String)",4,1,6,2,0
"org.apache.xmpbox.type.TypeMapping.createRenditionClass(String, String, String, String)",4,1,5,2,0
"org.apache.xmpbox.type.TypeMapping.createPart(String, String, String, String)",4,1,5,2,0
"org.apache.xmpbox.type.TypeMapping.createMIMEType(String, String, String, String)",4,1,5,2,0
"org.apache.xmpbox.type.TypeMapping.createLocale(String, String, String, String)",4,1,5,2,0
"org.apache.xmpbox.type.TypeMapping.createGUID(String, String, String, String)",4,1,5,2,0
"org.apache.xmpbox.type.TypeMapping.createChoice(String, String, String, String)",4,1,5,2,0
"org.apache.xmpbox.type.TypeMapping.createAgentName(String, String, String, String)",4,1,6,2,0
"org.apache.xmpbox.type.TypeMapping.createXPath(String, String, String, String)",4,1,5,2,0
"org.apache.xmpbox.type.TypeMapping.createArrayProperty(String, String, String, Cardinality)",4,1,10,2,0
"org.apache.xmpbox.type.TypeMapping.createPropertyType(Types, Cardinality)",21,1,6,1,0
org.apache.fontbox.ttf.NameRecord.getStringLength(),4,1,2,1,0
org.apache.fontbox.ttf.NameRecord.setStringLength(int),4,1,1,1,0
org.apache.fontbox.ttf.NameRecord.getStringOffset(),4,1,2,1,0
org.apache.fontbox.ttf.NameRecord.setStringOffset(int),4,1,1,1,0
org.apache.fontbox.ttf.NameRecord.getLanguageId(),4,1,4,1,0
org.apache.fontbox.ttf.NameRecord.setLanguageId(int),4,1,1,1,0
org.apache.fontbox.ttf.NameRecord.getNameId(),4,1,4,1,0
org.apache.fontbox.ttf.NameRecord.setNameId(int),4,1,1,1,0
org.apache.fontbox.ttf.NameRecord.getPlatformEncodingId(),4,1,4,1,0
org.apache.fontbox.ttf.NameRecord.setPlatformEncodingId(int),4,1,1,1,0
org.apache.fontbox.ttf.NameRecord.getPlatformId(),4,1,4,1,0
org.apache.fontbox.ttf.NameRecord.setPlatformId(int),4,1,1,1,0
"org.apache.fontbox.ttf.NameRecord.initData(TrueTypeFont, TTFDataStream)",9,1,2,7,0
org.apache.fontbox.ttf.NameRecord.toString(),9,1,5,1,0
org.apache.fontbox.ttf.NameRecord.getString(),4,1,3,1,0
org.apache.fontbox.ttf.NameRecord.setString(String),4,1,2,1,0
org.apache.pdfbox.pdmodel.interactive.action.PDActionSound.PDActionSound(),5,1,1,4,0
org.apache.pdfbox.pdmodel.interactive.action.PDActionSound.PDActionSound(COSDictionary),4,1,2,2,0
org.apache.pdfbox.pdmodel.interactive.action.PDActionSound.getS(),4,1,2,2,0
org.apache.pdfbox.pdmodel.interactive.action.PDActionSound.setS(String),4,1,3,1,0
"org.apache.pdfbox.contentstream.operator.state.SetMatrix.process(Operator, List<COSBase>)",17,2,3,8,0
org.apache.pdfbox.contentstream.operator.state.SetMatrix.getName(),4,1,0,1,0
org.apache.pdfbox.preflight.process.reflect.TilingPatternValidationProcess.validate(PreflightContext),20,3,2,10,0
"org.apache.pdfbox.preflight.process.reflect.TilingPatternValidationProcess.parseResources(PreflightContext, PDPage, PDTilingPattern)",9,2,4,2,0
"org.apache.pdfbox.preflight.process.reflect.TilingPatternValidationProcess.parsePatternContent(PreflightContext, PDPage, PDTilingPattern)",6,1,4,2,0
"org.apache.pdfbox.preflight.process.reflect.TilingPatternValidationProcess.checkMandatoryFields(PreflightContext, PDPage, PDTilingPattern)",14,2,10,4,0
org.apache.pdfbox.pdmodel.PDStructureElementNameTreeNode.PDStructureElementNameTreeNode(),4,1,0,2,0
org.apache.pdfbox.pdmodel.PDStructureElementNameTreeNode.PDStructureElementNameTreeNode(COSDictionary),4,1,3,2,0
org.apache.pdfbox.pdmodel.PDStructureElementNameTreeNode.convertCOSToPD(COSBase),4,1,1,2,0
org.apache.pdfbox.pdmodel.PDStructureElementNameTreeNode.createChildNode(COSDictionary),4,1,1,2,0
org.apache.pdfbox.debugger.ui.ErrorDialog.ErrorDialog(Throwable),4,1,2,2,0
"org.apache.pdfbox.debugger.ui.ErrorDialog.ErrorDialog(JComponent, Throwable)",4,1,2,2,0
"org.apache.pdfbox.debugger.ui.ErrorDialog.ErrorDialog(JComponent, Icon, Throwable)",16,2,8,17,0
"org.apache.pdfbox.debugger.ui.ErrorDialog.position(Component, Component)",16,2,7,7,0
org.apache.pdfbox.debugger.ui.ErrorDialog.createContent(),75,1,10,19,0
org.apache.pdfbox.debugger.ui.ErrorDialog.createErrorMessage(Throwable),9,1,2,6,0
org.apache.pdfbox.debugger.ui.ErrorDialog.createDetailedMessage(Throwable),9,1,4,5,0
"org.apache.pdfbox.debugger.ui.ErrorDialog.generateStackTrace(Throwable, StringBuilder)",12,2,5,10,0
org.apache.pdfbox.debugger.ui.ErrorDialog.toString(StackTraceElement[]),13,3,5,6,1
org.apache.pdfbox.debugger.ui.ErrorDialog.isSuppressed(String),11,3,3,2,1
org.apache.xmpbox.type.PDFAFieldType.PDFAFieldType(XMPMetadata),4,1,1,2,0
org.apache.xmpbox.type.PDFAFieldType.getName(),5,2,2,3,0
org.apache.xmpbox.type.PDFAFieldType.getValueType(),5,2,2,3,0
org.apache.xmpbox.type.PDFAFieldType.getDescription(),5,2,2,3,0
"org.apache.fontbox.ttf.RAFDataStream.RAFDataStream(String, String)",4,1,2,3,0
"org.apache.fontbox.ttf.RAFDataStream.RAFDataStream(File, String)",5,1,6,4,0
org.apache.fontbox.ttf.RAFDataStream.readSignedShort(),4,1,1,2,0
org.apache.fontbox.ttf.RAFDataStream.getCurrentPosition(),4,1,1,2,0
org.apache.fontbox.ttf.RAFDataStream.close(),5,1,2,2,0
org.apache.fontbox.ttf.RAFDataStream.read(),4,1,1,2,0
org.apache.fontbox.ttf.RAFDataStream.readUnsignedShort(),4,1,1,2,0
org.apache.fontbox.ttf.RAFDataStream.readLong(),4,1,1,2,0
org.apache.fontbox.ttf.RAFDataStream.seek(long),4,1,2,1,0
"org.apache.fontbox.ttf.RAFDataStream.read(byte[], int, int)",4,1,4,2,0
org.apache.fontbox.ttf.RAFDataStream.getOriginalData(),4,1,1,2,0
org.apache.pdfbox.pdmodel.TestPDDocument.setUp(),5,1,1,2,0
org.apache.pdfbox.pdmodel.TestPDDocument.testSaveLoadStream(),15,1,1,14,0
org.apache.pdfbox.pdmodel.TestPDDocument.testSaveLoadFile(),18,1,2,16,0
org.apache.pdfbox.pdmodel.TestPDDocument.testSaveLoadNonSeqStream(),15,1,1,14,0
org.apache.pdfbox.pdmodel.TestPDDocument.testSaveLoadNonSeqFile(),18,1,2,16,0
org.apache.pdfbox.pdmodel.TestPDDocument.testVersions(),23,1,0,12,0
org.apache.pdfbox.pdmodel.TestPDDocument.testDeleteBadFile(),22,2,0,10,0
org.apache.pdfbox.pdmodel.TestPDDocument.testDeleteGoodFile(),11,1,0,9,0
org.apache.pdfbox.tools.TestExtractText.testEmbeddedPDFs(),18,1,1,7,0
org.apache.pdfbox.tools.ExtractText.ExtractText(),3,1,1,1,0
org.apache.pdfbox.tools.ExtractText.main(String[]),6,1,4,3,0
org.apache.pdfbox.tools.ExtractText.startExtraction(String[]),189,29,16,39,2
org.apache.pdfbox.tools.ExtractText.startProcessing(String),8,2,4,3,0
"org.apache.pdfbox.tools.ExtractText.stopProcessing(String, long)",9,2,5,2,0
org.apache.pdfbox.tools.ExtractText.usage(),18,1,2,2,0
org.apache.pdfbox.examples.interactive.form.FieldTriggers.FieldTriggers(),3,1,0,1,0
org.apache.pdfbox.examples.interactive.form.FieldTriggers.main(String[]),42,1,0,26,0
org.apache.pdfbox.pdmodel.interactive.action.PDAnnotationAdditionalActions.PDAnnotationAdditionalActions(),4,1,1,3,0
org.apache.pdfbox.pdmodel.interactive.action.PDAnnotationAdditionalActions.PDAnnotationAdditionalActions(COSDictionary),4,1,2,2,0
org.apache.pdfbox.pdmodel.interactive.action.PDAnnotationAdditionalActions.getCOSObject(),4,1,1,1,0
org.apache.pdfbox.pdmodel.interactive.action.PDAnnotationAdditionalActions.getE(),10,2,1,3,0
org.apache.pdfbox.pdmodel.interactive.action.PDAnnotationAdditionalActions.setE(PDAction),4,1,3,1,0
org.apache.pdfbox.pdmodel.interactive.action.PDAnnotationAdditionalActions.getX(),10,2,1,3,0
org.apache.pdfbox.pdmodel.interactive.action.PDAnnotationAdditionalActions.setX(PDAction),4,1,3,1,0
org.apache.pdfbox.pdmodel.interactive.action.PDAnnotationAdditionalActions.getD(),10,2,2,3,0
org.apache.pdfbox.pdmodel.interactive.action.PDAnnotationAdditionalActions.setD(PDAction),4,1,4,1,0
org.apache.pdfbox.pdmodel.interactive.action.PDAnnotationAdditionalActions.getU(),10,2,1,3,0
org.apache.pdfbox.pdmodel.interactive.action.PDAnnotationAdditionalActions.setU(PDAction),4,1,3,1,0
org.apache.pdfbox.pdmodel.interactive.action.PDAnnotationAdditionalActions.getFo(),10,2,1,3,0
org.apache.pdfbox.pdmodel.interactive.action.PDAnnotationAdditionalActions.setFo(PDAction),4,1,3,1,0
org.apache.pdfbox.pdmodel.interactive.action.PDAnnotationAdditionalActions.getBl(),10,2,1,3,0
org.apache.pdfbox.pdmodel.interactive.action.PDAnnotationAdditionalActions.setBl(PDAction),4,1,3,1,0
org.apache.pdfbox.pdmodel.interactive.action.PDAnnotationAdditionalActions.getPO(),10,2,1,3,0
org.apache.pdfbox.pdmodel.interactive.action.PDAnnotationAdditionalActions.setPO(PDAction),4,1,2,1,0
org.apache.pdfbox.pdmodel.interactive.action.PDAnnotationAdditionalActions.getPC(),10,2,1,3,0
org.apache.pdfbox.pdmodel.interactive.action.PDAnnotationAdditionalActions.setPC(PDAction),4,1,2,1,0
org.apache.pdfbox.pdmodel.interactive.action.PDAnnotationAdditionalActions.getPV(),10,2,1,3,0
org.apache.pdfbox.pdmodel.interactive.action.PDAnnotationAdditionalActions.setPV(PDAction),4,1,2,1,0
org.apache.pdfbox.pdmodel.interactive.action.PDAnnotationAdditionalActions.getPI(),10,2,1,3,0
org.apache.pdfbox.pdmodel.interactive.action.PDAnnotationAdditionalActions.setPI(PDAction),4,1,2,1,0
org.apache.pdfbox.pdmodel.interactive.action.PDFormFieldAdditionalActions.PDFormFieldAdditionalActions(),4,1,1,3,0
org.apache.pdfbox.pdmodel.interactive.action.PDFormFieldAdditionalActions.PDFormFieldAdditionalActions(COSDictionary),4,1,2,2,0
org.apache.pdfbox.pdmodel.interactive.action.PDFormFieldAdditionalActions.getCOSObject(),4,1,2,1,0
org.apache.pdfbox.pdmodel.interactive.action.PDFormFieldAdditionalActions.getK(),10,2,2,3,0
org.apache.pdfbox.pdmodel.interactive.action.PDFormFieldAdditionalActions.setK(PDAction),4,1,4,1,0
org.apache.pdfbox.pdmodel.interactive.action.PDFormFieldAdditionalActions.getF(),10,2,3,3,0
org.apache.pdfbox.pdmodel.interactive.action.PDFormFieldAdditionalActions.setF(PDAction),4,1,4,1,0
org.apache.pdfbox.pdmodel.interactive.action.PDFormFieldAdditionalActions.getV(),10,2,2,3,0
org.apache.pdfbox.pdmodel.interactive.action.PDFormFieldAdditionalActions.setV(PDAction),4,1,3,1,0
org.apache.pdfbox.pdmodel.interactive.action.PDFormFieldAdditionalActions.getC(),10,2,2,3,0
org.apache.pdfbox.pdmodel.interactive.action.PDFormFieldAdditionalActions.setC(PDAction),4,1,4,1,0
"org.apache.pdfbox.contentstream.operator.graphics.FillEvenOddRule.process(Operator, List<COSBase>)",4,1,2,1,0
org.apache.pdfbox.contentstream.operator.graphics.FillEvenOddRule.getName(),4,1,0,1,0
"org.apache.pdfbox.contentstream.operator.graphics.LineTo.process(Operator, List<COSBase>)",29,5,6,9,0
org.apache.pdfbox.contentstream.operator.graphics.LineTo.getName(),4,1,0,1,0
org.apache.pdfbox.preflight.font.container.TrueTypeContainer.TrueTypeContainer(PDTrueTypeFont),4,1,2,2,0
org.apache.pdfbox.preflight.font.container.TrueTypeContainer.hasGlyph(int),9,2,2,3,0
org.apache.fontbox.ttf.TrueTypeCollection.TrueTypeCollection(File),4,1,3,3,0
org.apache.fontbox.ttf.TrueTypeCollection.TrueTypeCollection(InputStream),4,1,1,3,0
org.apache.fontbox.ttf.TrueTypeCollection.TrueTypeCollection(TTFDataStream),22,4,4,10,1
org.apache.fontbox.ttf.TrueTypeCollection.processAllFonts(TrueTypeFontProcessor),8,2,3,2,1
org.apache.fontbox.ttf.TrueTypeCollection.getFontAtIndex(int),15,2,5,8,0
org.apache.fontbox.ttf.TrueTypeCollection.getFontByName(String),12,3,3,4,1
org.apache.fontbox.ttf.TrueTypeCollection.close(),4,1,3,1,0
org.apache.fontbox.ttf.OTFParser.OTFParser(),4,1,0,2,0
org.apache.fontbox.ttf.OTFParser.OTFParser(boolean),4,1,2,2,0
"org.apache.fontbox.ttf.OTFParser.OTFParser(boolean, boolean)",4,1,6,2,0
org.apache.fontbox.ttf.OTFParser.parse(String),4,1,1,2,0
org.apache.fontbox.ttf.OTFParser.parse(File),4,1,3,2,0
org.apache.fontbox.ttf.OTFParser.parse(InputStream),4,1,2,2,0
org.apache.fontbox.ttf.OTFParser.parse(TTFDataStream),4,1,1,2,0
org.apache.fontbox.ttf.OTFParser.newFont(TTFDataStream),4,1,1,2,0
"org.apache.fontbox.ttf.OTFParser.readTable(TrueTypeFont, String)",16,3,2,5,0
org.apache.xmpbox.type.TestThumbnailType.before(),4,1,0,1,0
"org.apache.xmpbox.type.TestThumbnailType.TestThumbnailType(Class<? extends AbstractStructuredType>, String, Types)",4,1,3,2,0
org.apache.xmpbox.type.TestThumbnailType.getStructured(),4,1,1,2,0
org.apache.xmpbox.type.TestThumbnailType.initializeParameters(),9,1,3,3,0
org.apache.xmpbox.type.ThumbnailType.ThumbnailType(XMPMetadata),5,1,4,4,0
org.apache.xmpbox.type.ThumbnailType.getHeight(),9,2,4,3,0
org.apache.xmpbox.type.ThumbnailType.setHeight(Integer),4,1,3,1,0
org.apache.xmpbox.type.ThumbnailType.getWidth(),9,2,4,3,0
org.apache.xmpbox.type.ThumbnailType.setWidth(Integer),4,1,3,1,0
org.apache.xmpbox.type.ThumbnailType.getImage(),9,2,4,3,0
org.apache.xmpbox.type.ThumbnailType.setImage(String),4,1,3,1,0
org.apache.xmpbox.type.ThumbnailType.getFormat(),9,2,4,3,0
org.apache.xmpbox.type.ThumbnailType.setFormat(String),4,1,3,1,0
"org.apache.pdfbox.contentstream.operator.graphics.FillNonZeroRule.process(Operator, List<COSBase>)",4,1,2,1,0
org.apache.pdfbox.contentstream.operator.graphics.FillNonZeroRule.getName(),4,1,0,1,0
org.apache.pdfbox.pdmodel.interactive.documentnavigation.destination.PDPageXYZDestination.PDPageXYZDestination(),6,1,3,4,0
org.apache.pdfbox.pdmodel.interactive.documentnavigation.destination.PDPageXYZDestination.PDPageXYZDestination(COSArray),4,1,2,2,0
org.apache.pdfbox.pdmodel.interactive.documentnavigation.destination.PDPageXYZDestination.getLeft(),4,1,1,2,0
org.apache.pdfbox.pdmodel.interactive.documentnavigation.destination.PDPageXYZDestination.setLeft(int),12,2,2,3,0
org.apache.pdfbox.pdmodel.interactive.documentnavigation.destination.PDPageXYZDestination.getTop(),4,1,1,2,0
org.apache.pdfbox.pdmodel.interactive.documentnavigation.destination.PDPageXYZDestination.setTop(int),12,2,2,3,0
org.apache.pdfbox.pdmodel.interactive.documentnavigation.destination.PDPageXYZDestination.getZoom(),9,2,1,3,0
org.apache.pdfbox.pdmodel.interactive.documentnavigation.destination.PDPageXYZDestination.setZoom(float),12,2,2,3,0
"org.apache.pdfbox.contentstream.operator.text.SetTextHorizontalScaling.process(Operator, List<COSBase>)",9,2,3,7,0
org.apache.pdfbox.contentstream.operator.text.SetTextHorizontalScaling.getName(),4,1,0,1,0
org.apache.pdfbox.pdmodel.graphics.state.PDTextState.getCharacterSpacing(),4,1,2,1,0
org.apache.pdfbox.pdmodel.graphics.state.PDTextState.setCharacterSpacing(float),4,1,2,1,0
org.apache.pdfbox.pdmodel.graphics.state.PDTextState.getWordSpacing(),4,1,2,1,0
org.apache.pdfbox.pdmodel.graphics.state.PDTextState.setWordSpacing(float),4,1,2,1,0
org.apache.pdfbox.pdmodel.graphics.state.PDTextState.getHorizontalScaling(),4,1,4,1,0
org.apache.pdfbox.pdmodel.graphics.state.PDTextState.setHorizontalScaling(float),4,1,2,1,0
org.apache.pdfbox.pdmodel.graphics.state.PDTextState.getLeading(),4,1,2,1,0
org.apache.pdfbox.pdmodel.graphics.state.PDTextState.setLeading(float),4,1,2,1,0
org.apache.pdfbox.pdmodel.graphics.state.PDTextState.getFont(),4,1,4,1,0
org.apache.pdfbox.pdmodel.graphics.state.PDTextState.setFont(PDFont),4,1,3,1,0
org.apache.pdfbox.pdmodel.graphics.state.PDTextState.getFontSize(),4,1,4,1,0
org.apache.pdfbox.pdmodel.graphics.state.PDTextState.setFontSize(float),4,1,3,1,0
org.apache.pdfbox.pdmodel.graphics.state.PDTextState.getRenderingMode(),4,1,5,1,0
org.apache.pdfbox.pdmodel.graphics.state.PDTextState.setRenderingMode(RenderingMode),4,1,2,1,0
org.apache.pdfbox.pdmodel.graphics.state.PDTextState.getRise(),4,1,2,1,0
org.apache.pdfbox.pdmodel.graphics.state.PDTextState.setRise(float),4,1,2,1,0
org.apache.pdfbox.pdmodel.graphics.state.PDTextState.getKnockoutFlag(),4,1,1,1,0
org.apache.pdfbox.pdmodel.graphics.state.PDTextState.setKnockoutFlag(boolean),4,1,2,1,0
org.apache.pdfbox.pdmodel.graphics.state.PDTextState.clone(),11,2,2,3,0
"org.apache.pdfbox.contentstream.operator.graphics.AppendRectangleToPath.process(Operator, List<COSBase>)",24,3,3,7,0
org.apache.pdfbox.contentstream.operator.graphics.AppendRectangleToPath.getName(),4,1,0,1,0
"org.apache.pdfbox.preflight.xobject.XObjPostscriptValidator.XObjPostscriptValidator(PreflightContext, PDPostScriptXObject)",4,1,3,3,0
org.apache.pdfbox.preflight.xobject.XObjPostscriptValidator.checkMandatoryFields(),3,1,0,0,0
org.apache.pdfbox.pdmodel.graphics.PDPostScriptXObject.PDPostScriptXObject(COSStream),4,1,3,2,0
org.apache.pdfbox.examples.lucene.IndexPDFFiles.IndexPDFFiles(),3,1,0,1,0
org.apache.pdfbox.examples.lucene.IndexPDFFiles.main(String[]),64,9,8,15,1
"org.apache.pdfbox.examples.lucene.IndexPDFFiles.indexDocs(IndexWriter, File)",58,8,5,17,1
org.apache.pdfbox.examples.lucene.LucenePDFDocument.LucenePDFDocument(),3,1,3,1,0
org.apache.pdfbox.examples.lucene.LucenePDFDocument.setTextStripper(PDFTextStripper),4,1,1,1,0
org.apache.pdfbox.examples.lucene.LucenePDFDocument.timeToString(long),4,1,6,2,0
"org.apache.pdfbox.examples.lucene.LucenePDFDocument.addKeywordField(Document, String, String)",7,2,5,1,0
"org.apache.pdfbox.examples.lucene.LucenePDFDocument.addTextField(Document, String, Reader)",7,2,4,1,0
"org.apache.pdfbox.examples.lucene.LucenePDFDocument.addTextField(Document, String, String)",7,2,4,1,0
"org.apache.pdfbox.examples.lucene.LucenePDFDocument.addTextField(Document, String, Date)",7,2,5,2,0
"org.apache.pdfbox.examples.lucene.LucenePDFDocument.addTextField(Document, String, Calendar)",7,2,4,2,0
"org.apache.pdfbox.examples.lucene.LucenePDFDocument.addUnindexedField(Document, String, String)",7,2,7,1,0
"org.apache.pdfbox.examples.lucene.LucenePDFDocument.addUnstoredKeywordField(Document, String, String)",7,2,6,1,0
org.apache.pdfbox.examples.lucene.LucenePDFDocument.convertDocument(InputStream),6,1,2,2,0
org.apache.pdfbox.examples.lucene.LucenePDFDocument.convertDocument(File),23,2,3,12,0
org.apache.pdfbox.examples.lucene.LucenePDFDocument.convertDocument(URL),24,2,2,13,0
org.apache.pdfbox.examples.lucene.LucenePDFDocument.getDocument(InputStream),5,1,1,3,0
org.apache.pdfbox.examples.lucene.LucenePDFDocument.getDocument(File),5,1,2,3,0
org.apache.pdfbox.examples.lucene.LucenePDFDocument.getDocument(URL),5,1,1,3,0
"org.apache.pdfbox.examples.lucene.LucenePDFDocument.addContent(Document, InputStream, String)",44,5,8,27,0
"org.apache.pdfbox.examples.lucene.LucenePDFDocument.createUID(URL, long)",4,1,4,4,0
org.apache.pdfbox.examples.lucene.LucenePDFDocument.createUID(File),4,1,4,5,0
org.apache.pdfbox.pdmodel.font.encoding.MacRomanEncoding.MacRomanEncoding(),7,2,4,3,1
org.apache.pdfbox.pdmodel.font.encoding.MacRomanEncoding.getCOSObject(),4,1,1,1,0
org.apache.pdfbox.pdmodel.font.encoding.MacRomanEncoding.getEncodingName(),4,1,0,1,0
org.apache.xmpbox.parser.PropMappingTest.init(),4,1,0,2,0
org.apache.xmpbox.type.PropertiesDescription.PropertiesDescription(),4,1,4,3,0
org.apache.xmpbox.type.PropertiesDescription.getPropertiesName(),4,1,1,3,0
"org.apache.xmpbox.type.PropertiesDescription.addNewProperty(String, PropertyType)",4,1,6,1,0
org.apache.xmpbox.type.PropertiesDescription.getPropertyType(String),4,1,6,2,0
"org.apache.pdfbox.preflight.font.DescendantFontValidator.DescendantFontValidator(PreflightContext, PDCIDFont, T)",5,1,5,6,0
org.apache.pdfbox.preflight.font.DescendantFontValidator.checkMandatoryField(),15,2,10,7,0
org.apache.pdfbox.preflight.font.DescendantFontValidator.checkCIDSystemInfo(COSBase),19,3,8,6,0
org.apache.pdfbox.preflight.font.DescendantFontValidator.checkCIDToGIDMap(COSBase),1,1,1,0,0
"org.apache.pdfbox.preflight.font.DescendantFontValidator.checkCIDToGIDMap(COSBase, boolean)",31,6,10,11,0
"org.apache.pdfbox.preflight.font.SimpleFontValidator.SimpleFontValidator(PreflightContext, PDFontLike, COSDictionary, T)",6,1,7,4,0
org.apache.pdfbox.preflight.font.SimpleFontValidator.validate(),8,1,0,5,0
org.apache.pdfbox.preflight.font.SimpleFontValidator.checkMandatoryField(),49,9,11,7,0
org.apache.pdfbox.preflight.font.SimpleFontValidator.createFontDescriptorHelper(),1,1,1,0,0
org.apache.pdfbox.preflight.font.SimpleFontValidator.processFontDescriptorValidation(),4,1,2,1,0
org.apache.pdfbox.filter.ccitt.TestPackedBitArray.testPackedBitArray(),35,2,0,12,0
org.apache.pdfbox.filter.ccitt.PackedBitArray.PackedBitArray(int),6,1,3,3,0
org.apache.pdfbox.filter.ccitt.PackedBitArray.byteOffset(int),4,1,5,1,0
org.apache.pdfbox.filter.ccitt.PackedBitArray.bitOffset(int),4,1,4,1,0
org.apache.pdfbox.filter.ccitt.PackedBitArray.set(int),5,1,2,3,0
org.apache.pdfbox.filter.ccitt.PackedBitArray.clear(int),6,1,2,3,0
"org.apache.pdfbox.filter.ccitt.PackedBitArray.setBits(int, int, int)",11,2,4,2,0
"org.apache.pdfbox.filter.ccitt.PackedBitArray.setBits(int, int)",33,6,5,5,1
"org.apache.pdfbox.filter.ccitt.PackedBitArray.clearBits(int, int)",29,5,5,2,1
org.apache.pdfbox.filter.ccitt.PackedBitArray.clear(),4,1,2,2,0
org.apache.pdfbox.filter.ccitt.PackedBitArray.getBitCount(),4,1,4,1,0
org.apache.pdfbox.filter.ccitt.PackedBitArray.getByteCount(),4,1,5,1,0
org.apache.pdfbox.filter.ccitt.PackedBitArray.getData(),4,1,2,1,0
org.apache.pdfbox.filter.ccitt.PackedBitArray.toString(),4,1,3,3,0
org.apache.pdfbox.filter.ccitt.PackedBitArray.toBitString(byte),5,1,1,2,0
org.apache.pdfbox.filter.ccitt.PackedBitArray.toBitString(byte[]),4,1,7,2,0
"org.apache.pdfbox.filter.ccitt.PackedBitArray.toBitString(byte[], int, int)",14,4,4,4,2
org.apache.pdfbox.preflight.utils.ByteArrayDataSource.ByteArrayDataSource(InputStream),6,1,2,5,0
org.apache.pdfbox.preflight.utils.ByteArrayDataSource.getContentType(),4,1,1,1,0
org.apache.pdfbox.preflight.utils.ByteArrayDataSource.setType(String),4,1,1,1,0
org.apache.pdfbox.preflight.utils.ByteArrayDataSource.setName(String),4,1,1,1,0
org.apache.pdfbox.preflight.utils.ByteArrayDataSource.getInputStream(),4,1,1,3,0
org.apache.pdfbox.preflight.utils.ByteArrayDataSource.getName(),4,1,1,1,0
org.apache.pdfbox.preflight.utils.ByteArrayDataSource.getOutputStream(),5,1,1,3,0
org.apache.pdfbox.preflight.exception.MissingValidationProcessException.MissingValidationProcessException(String),5,1,2,3,0
org.apache.pdfbox.preflight.exception.MissingValidationProcessException.getProcessName(),4,1,1,1,0
"org.apache.pdfbox.util.TestQuickSort.doTest(T[], T[])",7,1,4,5,0
org.apache.pdfbox.util.TestQuickSort.testSort(),46,3,0,4,2
org.apache.pdfbox.util.QuickSort.QuickSort(),3,1,0,1,0
"org.apache.pdfbox.util.QuickSort.sort(List<T>, Comparator<T>)",9,2,4,2,0
org.apache.pdfbox.util.QuickSort.sort(List<T>),4,1,3,1,0
"org.apache.pdfbox.util.QuickSort.quicksort(List<T>, Comparator<T>)",21,3,3,6,1
"org.apache.pdfbox.util.QuickSort.partition(List<T>, Comparator<T>, int, int, int)",29,5,6,4,1
"org.apache.pdfbox.util.QuickSort.swap(List<T>, int, int)",6,1,4,2,0
"org.apache.pdfbox.contentstream.operator.color.SetNonStrokingDeviceRGBColor.process(Operator, List<COSBase>)",6,1,4,5,0
org.apache.pdfbox.contentstream.operator.color.SetNonStrokingDeviceRGBColor.getName(),4,1,0,1,0
org.apache.pdfbox.debugger.streampane.tooltip.RGToolTip.RGToolTip(String),4,1,2,2,0
org.apache.pdfbox.debugger.streampane.tooltip.RGToolTip.createMarkUp(String),9,2,2,5,0
"org.apache.xmpbox.type.Attribute.Attribute(String, String, String)",6,1,14,4,0
org.apache.xmpbox.type.Attribute.getName(),4,1,11,1,0
org.apache.xmpbox.type.Attribute.setName(String),4,1,2,1,0
org.apache.xmpbox.type.Attribute.getNamespace(),4,1,7,1,0
org.apache.xmpbox.type.Attribute.setNsURI(String),4,1,2,1,0
org.apache.xmpbox.type.Attribute.getValue(),4,1,11,1,0
org.apache.xmpbox.type.Attribute.setValue(String),4,1,2,1,0
org.apache.xmpbox.type.Attribute.toString(),6,1,3,4,0
org.apache.pdfbox.util.MatrixTest.testPdfbox2872(),11,1,0,5,0
org.apache.pdfbox.pdmodel.documentinterchange.taggedpdf.PDStandardAttributeObject.PDStandardAttributeObject(),3,1,0,1,0
org.apache.pdfbox.pdmodel.documentinterchange.taggedpdf.PDStandardAttributeObject.PDStandardAttributeObject(COSDictionary),4,1,5,2,0
org.apache.pdfbox.pdmodel.documentinterchange.taggedpdf.PDStandardAttributeObject.isSpecified(String),4,1,6,3,0
org.apache.pdfbox.pdmodel.documentinterchange.taggedpdf.PDStandardAttributeObject.getString(String),4,1,4,3,0
"org.apache.pdfbox.pdmodel.documentinterchange.taggedpdf.PDStandardAttributeObject.setString(String, String)",7,1,5,4,0
org.apache.pdfbox.pdmodel.documentinterchange.taggedpdf.PDStandardAttributeObject.getArrayOfString(String),15,3,3,6,1
"org.apache.pdfbox.pdmodel.documentinterchange.taggedpdf.PDStandardAttributeObject.setArrayOfString(String, String[])",12,2,4,7,1
org.apache.pdfbox.pdmodel.documentinterchange.taggedpdf.PDStandardAttributeObject.getName(String),4,1,4,3,0
"org.apache.pdfbox.pdmodel.documentinterchange.taggedpdf.PDStandardAttributeObject.getName(String, String)",4,1,14,3,0
"org.apache.pdfbox.pdmodel.documentinterchange.taggedpdf.PDStandardAttributeObject.getNameOrArrayOfName(String, String)",23,5,4,6,1
"org.apache.pdfbox.pdmodel.documentinterchange.taggedpdf.PDStandardAttributeObject.setName(String, String)",7,1,23,4,0
"org.apache.pdfbox.pdmodel.documentinterchange.taggedpdf.PDStandardAttributeObject.setArrayOfName(String, String[])",12,2,4,7,1
"org.apache.pdfbox.pdmodel.documentinterchange.taggedpdf.PDStandardAttributeObject.getNumberOrName(String, String)",13,3,5,5,0
"org.apache.pdfbox.pdmodel.documentinterchange.taggedpdf.PDStandardAttributeObject.getInteger(String, int)",4,1,7,3,0
"org.apache.pdfbox.pdmodel.documentinterchange.taggedpdf.PDStandardAttributeObject.setInteger(String, int)",7,1,7,4,0
"org.apache.pdfbox.pdmodel.documentinterchange.taggedpdf.PDStandardAttributeObject.getNumber(String, float)",4,1,8,3,0
org.apache.pdfbox.pdmodel.documentinterchange.taggedpdf.PDStandardAttributeObject.getNumber(String),4,1,2,3,0
"org.apache.pdfbox.pdmodel.documentinterchange.taggedpdf.PDStandardAttributeObject.getNumberOrArrayOfNumber(String, float)",27,6,8,6,1
"org.apache.pdfbox.pdmodel.documentinterchange.taggedpdf.PDStandardAttributeObject.setNumber(String, float)",7,1,17,4,0
"org.apache.pdfbox.pdmodel.documentinterchange.taggedpdf.PDStandardAttributeObject.setNumber(String, int)",7,1,17,4,0
"org.apache.pdfbox.pdmodel.documentinterchange.taggedpdf.PDStandardAttributeObject.setArrayOfNumber(String, float[])",12,2,8,7,1
org.apache.pdfbox.pdmodel.documentinterchange.taggedpdf.PDStandardAttributeObject.getColor(String),9,2,4,4,0
org.apache.pdfbox.pdmodel.documentinterchange.taggedpdf.PDStandardAttributeObject.getColorOrFourColors(String),18,4,2,6,0
"org.apache.pdfbox.pdmodel.documentinterchange.taggedpdf.PDStandardAttributeObject.setColor(String, PDGamma)",7,2,6,5,0
"org.apache.pdfbox.pdmodel.documentinterchange.taggedpdf.PDStandardAttributeObject.setFourColors(String, PDFourColours)",7,2,3,5,0
org.apache.pdfbox.pdmodel.documentinterchange.taggedpdf.PDFourColours.PDFourColours(),8,1,2,4,0
org.apache.pdfbox.pdmodel.documentinterchange.taggedpdf.PDFourColours.PDFourColours(COSArray),11,3,4,4,1
org.apache.pdfbox.pdmodel.documentinterchange.taggedpdf.PDFourColours.getBeforeColour(),4,1,0,2,0
org.apache.pdfbox.pdmodel.documentinterchange.taggedpdf.PDFourColours.setBeforeColour(PDGamma),4,1,1,1,0
org.apache.pdfbox.pdmodel.documentinterchange.taggedpdf.PDFourColours.getAfterColour(),4,1,0,2,0
org.apache.pdfbox.pdmodel.documentinterchange.taggedpdf.PDFourColours.setAfterColour(PDGamma),4,1,1,1,0
org.apache.pdfbox.pdmodel.documentinterchange.taggedpdf.PDFourColours.getStartColour(),4,1,0,2,0
org.apache.pdfbox.pdmodel.documentinterchange.taggedpdf.PDFourColours.setStartColour(PDGamma),4,1,1,1,0
org.apache.pdfbox.pdmodel.documentinterchange.taggedpdf.PDFourColours.getEndColour(),4,1,0,2,0
org.apache.pdfbox.pdmodel.documentinterchange.taggedpdf.PDFourColours.setEndColour(PDGamma),4,1,1,1,0
org.apache.pdfbox.pdmodel.documentinterchange.taggedpdf.PDFourColours.getCOSObject(),4,1,2,1,0
org.apache.pdfbox.pdmodel.documentinterchange.taggedpdf.PDFourColours.getColourByIndex(int),10,2,6,3,0
"org.apache.pdfbox.pdmodel.documentinterchange.taggedpdf.PDFourColours.setColourByIndex(int, PDGamma)",13,2,8,2,0
org.apache.pdfbox.pdmodel.documentinterchange.taggedpdf.PDArtifactMarkedContent.PDArtifactMarkedContent(COSDictionary),4,1,3,2,0
org.apache.pdfbox.pdmodel.documentinterchange.taggedpdf.PDArtifactMarkedContent.getType(),4,1,1,3,0
org.apache.pdfbox.pdmodel.documentinterchange.taggedpdf.PDArtifactMarkedContent.getBBox(),11,2,1,4,0
org.apache.pdfbox.pdmodel.documentinterchange.taggedpdf.PDArtifactMarkedContent.isTopAttached(),4,1,0,2,0
org.apache.pdfbox.pdmodel.documentinterchange.taggedpdf.PDArtifactMarkedContent.isBottomAttached(),4,1,0,2,0
org.apache.pdfbox.pdmodel.documentinterchange.taggedpdf.PDArtifactMarkedContent.isLeftAttached(),4,1,0,2,0
org.apache.pdfbox.pdmodel.documentinterchange.taggedpdf.PDArtifactMarkedContent.isRightAttached(),4,1,0,2,0
org.apache.pdfbox.pdmodel.documentinterchange.taggedpdf.PDArtifactMarkedContent.getSubtype(),4,1,1,3,0
org.apache.pdfbox.pdmodel.documentinterchange.taggedpdf.PDArtifactMarkedContent.isAttached(String),16,4,6,6,1
org.apache.pdfbox.pdmodel.interactive.form.PDTextFieldTest.setUp(),5,1,1,4,0
org.apache.pdfbox.pdmodel.interactive.form.PDTextFieldTest.createDefaultTextField(),6,1,2,5,0
org.apache.pdfbox.pdmodel.interactive.form.PDTextFieldTest.createWidgetForGet(),10,1,5,9,0
org.apache.pdfbox.pdmodel.interactive.form.PDTextField.PDTextField(PDAcroForm),5,1,8,4,0
"org.apache.pdfbox.pdmodel.interactive.form.PDTextField.PDTextField(PDAcroForm, COSDictionary, PDNonTerminalField)",4,1,4,2,0
org.apache.pdfbox.pdmodel.interactive.form.PDTextField.isMultiline(),4,1,5,3,0
org.apache.pdfbox.pdmodel.interactive.form.PDTextField.setMultiline(boolean),4,1,3,2,0
org.apache.pdfbox.pdmodel.interactive.form.PDTextField.isPassword(),4,1,3,3,0
org.apache.pdfbox.pdmodel.interactive.form.PDTextField.setPassword(boolean),4,1,3,2,0
org.apache.pdfbox.pdmodel.interactive.form.PDTextField.isFileSelect(),4,1,3,3,0
org.apache.pdfbox.pdmodel.interactive.form.PDTextField.setFileSelect(boolean),4,1,3,2,0
org.apache.pdfbox.pdmodel.interactive.form.PDTextField.doNotSpellCheck(),4,1,2,3,0
org.apache.pdfbox.pdmodel.interactive.form.PDTextField.setDoNotSpellCheck(boolean),4,1,3,2,0
org.apache.pdfbox.pdmodel.interactive.form.PDTextField.doNotScroll(),4,1,3,3,0
org.apache.pdfbox.pdmodel.interactive.form.PDTextField.setDoNotScroll(boolean),4,1,4,2,0
org.apache.pdfbox.pdmodel.interactive.form.PDTextField.isComb(),4,1,4,3,0
org.apache.pdfbox.pdmodel.interactive.form.PDTextField.setComb(boolean),4,1,4,2,0
org.apache.pdfbox.pdmodel.interactive.form.PDTextField.isRichText(),4,1,2,3,0
org.apache.pdfbox.pdmodel.interactive.form.PDTextField.setRichText(boolean),4,1,3,2,0
org.apache.pdfbox.pdmodel.interactive.form.PDTextField.getMaxLen(),4,1,2,3,0
org.apache.pdfbox.pdmodel.interactive.form.PDTextField.setMaxLen(int),4,1,2,2,0
org.apache.pdfbox.pdmodel.interactive.form.PDTextField.setValue(String),5,1,9,3,0
org.apache.pdfbox.pdmodel.interactive.form.PDTextField.setDefaultValue(String),4,1,2,2,0
org.apache.pdfbox.pdmodel.interactive.form.PDTextField.getValue(),4,1,4,3,0
org.apache.pdfbox.pdmodel.interactive.form.PDTextField.getDefaultValue(),4,1,2,3,0
org.apache.pdfbox.pdmodel.interactive.form.PDTextField.getValueAsString(),4,1,0,2,0
org.apache.pdfbox.pdmodel.interactive.form.PDTextField.constructAppearances(),6,1,0,3,0
org.apache.pdfbox.preflight.action.pdfa1b.TestGotoAction.testGoto_OK(),13,1,0,3,0
org.apache.pdfbox.preflight.action.pdfa1b.TestGotoAction.testGoto_KO_invalidContent(),13,1,1,3,0
org.apache.pdfbox.preflight.action.pdfa1b.TestGotoAction.testGoto_KO_missingD(),5,1,1,2,0
org.apache.pdfbox.contentstream.operator.color.SetStrokingColor.getColor(),4,1,1,3,0
org.apache.pdfbox.contentstream.operator.color.SetStrokingColor.setColor(PDColor),4,1,2,2,0
org.apache.pdfbox.contentstream.operator.color.SetStrokingColor.getColorSpace(),4,1,1,3,0
org.apache.pdfbox.contentstream.operator.color.SetStrokingColor.getName(),4,1,0,1,0
org.apache.pdfbox.pdfparser.BaseParser.BaseParser(SequentialSource),4,1,8,2,0
org.apache.pdfbox.pdfparser.BaseParser.isHexDigit(char),6,1,3,2,0
org.apache.pdfbox.pdfparser.BaseParser.parseCOSDictionaryValue(),25,4,2,11,0
org.apache.pdfbox.pdfparser.BaseParser.getObjectFromPool(COSObjectKey),9,2,5,4,0
org.apache.pdfbox.pdfparser.BaseParser.parseCOSDictionary(),32,5,7,9,1
org.apache.pdfbox.pdfparser.BaseParser.readUntilEndOfCOSDictionary(),33,7,13,3,1
org.apache.pdfbox.pdfparser.BaseParser.parseCOSDictionaryNameValuePair(COSDictionary),27,4,6,12,0
org.apache.pdfbox.pdfparser.BaseParser.skipWhiteSpaces(),20,5,5,2,1
org.apache.pdfbox.pdfparser.BaseParser.checkForMissingCloseParen(int),20,3,5,4,0
org.apache.pdfbox.pdfparser.BaseParser.parseCOSString(),152,33,7,16,2
org.apache.pdfbox.pdfparser.BaseParser.parseCOSHexString(),44,9,2,10,2
org.apache.pdfbox.pdfparser.BaseParser.parseCOSArray(),51,7,8,21,1
org.apache.pdfbox.pdfparser.BaseParser.isEndOfName(int),5,1,8,1,0
org.apache.pdfbox.pdfparser.BaseParser.parseCOSName(),55,8,8,13,1
org.apache.pdfbox.pdfparser.BaseParser.parseBoolean(),37,5,6,7,0
org.apache.pdfbox.pdfparser.BaseParser.parseDirObject(),118,18,15,26,1
org.apache.pdfbox.pdfparser.BaseParser.readString(),16,3,13,8,1
org.apache.pdfbox.pdfparser.BaseParser.readExpectedString(String),4,1,2,2,0
"org.apache.pdfbox.pdfparser.BaseParser.readExpectedString(char[], boolean)",14,3,7,5,1
org.apache.pdfbox.pdfparser.BaseParser.readExpectedChar(char),8,2,6,3,0
org.apache.pdfbox.pdfparser.BaseParser.readString(int),20,3,2,10,1
org.apache.pdfbox.pdfparser.BaseParser.isClosing(),4,1,1,3,0
org.apache.pdfbox.pdfparser.BaseParser.isClosing(int),4,1,4,1,0
org.apache.pdfbox.pdfparser.BaseParser.readLine(),22,5,10,11,1
org.apache.pdfbox.pdfparser.BaseParser.isEOL(),4,1,1,3,0
org.apache.pdfbox.pdfparser.BaseParser.isEOL(int),4,1,5,3,0
org.apache.pdfbox.pdfparser.BaseParser.isLF(int),4,1,4,1,0
org.apache.pdfbox.pdfparser.BaseParser.isCR(int),4,1,4,1,0
org.apache.pdfbox.pdfparser.BaseParser.isWhitespace(),4,1,3,3,0
org.apache.pdfbox.pdfparser.BaseParser.isWhitespace(int),5,1,10,1,0
org.apache.pdfbox.pdfparser.BaseParser.isSpace(),4,1,3,3,0
org.apache.pdfbox.pdfparser.BaseParser.isSpace(int),4,1,3,1,0
org.apache.pdfbox.pdfparser.BaseParser.isDigit(),4,1,7,3,0
org.apache.pdfbox.pdfparser.BaseParser.isDigit(int),4,1,7,1,0
org.apache.pdfbox.pdfparser.BaseParser.skipSpaces(),23,5,22,4,2
org.apache.pdfbox.pdfparser.BaseParser.readObjectNumber(),9,2,9,3,0
org.apache.pdfbox.pdfparser.BaseParser.readGenerationNumber(),9,2,6,3,0
org.apache.pdfbox.pdfparser.BaseParser.readInt(),16,2,5,9,0
org.apache.pdfbox.pdfparser.BaseParser.readLong(),17,2,7,9,0
org.apache.pdfbox.pdfparser.BaseParser.readStringNumber(),26,4,7,8,1
org.apache.xmpbox.schema.XMPMediaManagementTest.initTempMetaData(),6,1,1,5,0
org.apache.xmpbox.schema.XMPMediaManagementTest.initializeParameters(),17,1,6,5,0
"org.apache.xmpbox.schema.XMPMediaManagementTest.XMPMediaManagementTest(String, PropertyType, Object)",4,1,3,2,0
"org.apache.xmpbox.type.MIMEType.MIMEType(XMPMetadata, String, String, String, Object)",4,1,6,2,0
"org.apache.pdfbox.pdmodel.common.function.TestPDFunctionType4.createFunction(String, float[], float[])",17,1,6,11,0
org.apache.pdfbox.pdmodel.common.function.TestPDFunctionType4.testFunctionSimple(),18,1,1,3,0
org.apache.pdfbox.pdmodel.common.function.TestPDFunctionType4.testFunctionArgumentOrder(),11,1,1,3,0
"org.apache.pdfbox.preflight.annotation.TrapNetAnnotationValidator.TrapNetAnnotationValidator(PreflightContext, COSDictionary)",6,1,3,5,0
org.apache.pdfbox.debugger.hexviewer.HexEditor.HexEditor(HexModel),14,1,3,5,0
org.apache.pdfbox.debugger.hexviewer.HexEditor.createView(),42,1,18,35,0
org.apache.pdfbox.debugger.hexviewer.HexEditor.getScrollPane(),22,1,4,12,0
org.apache.pdfbox.debugger.hexviewer.HexEditor.selectionChanged(SelectEvent),28,6,11,9,0
org.apache.pdfbox.debugger.hexviewer.HexEditor.createJumpDialog(),34,1,4,18,0
org.apache.pdfbox.debugger.hexviewer.AddressPane.AddressPane(int),6,1,6,5,0
org.apache.pdfbox.debugger.hexviewer.AddressPane.paintComponent(Graphics),31,5,7,7,1
"org.apache.pdfbox.debugger.hexviewer.AddressPane.paintSelected(Graphics, int, int)",8,1,9,4,0
org.apache.pdfbox.debugger.hexviewer.AddressPane.setSelected(int),9,2,3,4,0
org.apache.pdfbox.debugger.hexviewer.HexPane.HexPane(HexModel),11,1,5,11,0
org.apache.pdfbox.debugger.hexviewer.HexPane.paintComponent(Graphics),47,7,16,14,2
"org.apache.pdfbox.debugger.hexviewer.HexPane.paintInEdit(Graphics, byte, int, int)",21,2,10,7,0
org.apache.pdfbox.debugger.hexviewer.HexPane.getSelectedString(String),7,1,6,3,0
org.apache.pdfbox.debugger.hexviewer.HexPane.setDefault(Graphics),5,1,3,3,0
org.apache.pdfbox.debugger.hexviewer.HexPane.getIndexForPoint(Point),12,2,6,1,0
org.apache.pdfbox.debugger.hexviewer.HexPane.getPointForIndex(int),6,1,5,4,0
org.apache.pdfbox.debugger.hexviewer.HexPane.putInSelected(int),17,3,7,11,0
org.apache.pdfbox.debugger.hexviewer.HexPane.fireSelectionChanged(SelectEvent),7,2,5,1,1
"org.apache.pdfbox.debugger.hexviewer.HexPane.fireHexValueChanged(byte, int)",7,2,4,2,1
org.apache.pdfbox.debugger.hexviewer.HexPane.addSelectionChangeListener(SelectionChangeListener),4,1,3,1,0
org.apache.pdfbox.debugger.hexviewer.HexPane.addHexChangeListeners(HexChangeListener),4,1,3,1,0
org.apache.pdfbox.debugger.hexviewer.HexPane.keyTyped(KeyEvent),25,4,6,10,0
org.apache.pdfbox.debugger.hexviewer.HexPane.keyPressed(KeyEvent),31,7,10,5,0
org.apache.pdfbox.debugger.hexviewer.HexPane.keyReleased(KeyEvent),3,1,0,0,0
org.apache.pdfbox.debugger.hexviewer.HexPane.mouseClicked(MouseEvent),10,2,3,4,0
org.apache.pdfbox.debugger.hexviewer.HexPane.mousePressed(MouseEvent),3,1,0,0,0
org.apache.pdfbox.debugger.hexviewer.HexPane.mouseReleased(MouseEvent),3,1,0,0,0
org.apache.pdfbox.debugger.hexviewer.HexPane.mouseEntered(MouseEvent),3,1,0,0,0
org.apache.pdfbox.debugger.hexviewer.HexPane.mouseExited(MouseEvent),3,1,0,0,0
org.apache.pdfbox.debugger.hexviewer.HexPane.mouseDragged(MouseEvent),3,1,0,0,0
org.apache.pdfbox.debugger.hexviewer.HexPane.mouseMoved(MouseEvent),3,1,0,0,0
org.apache.pdfbox.debugger.hexviewer.HexPane.isHexChar(char),4,1,2,1,0
org.apache.pdfbox.debugger.hexviewer.HexPane.getChars(byte),4,1,3,3,0
org.apache.pdfbox.debugger.hexviewer.HexPane.getByte(char[]),4,1,2,3,0
org.apache.pdfbox.debugger.hexviewer.HexPane.setSelected(int),7,2,3,1,0
org.apache.pdfbox.debugger.hexviewer.HexPane.hexModelChanged(HexModelChangedEvent),4,1,0,1,0
org.apache.pdfbox.debugger.hexviewer.StatusPane.StatusPane(),5,1,2,4,0
org.apache.pdfbox.debugger.hexviewer.StatusPane.createView(),17,1,5,7,0
org.apache.pdfbox.debugger.hexviewer.StatusPane.updateStatus(int),6,1,5,4,0
org.apache.pdfbox.debugger.hexviewer.UpperPane.UpperPane(),6,1,4,6,0
org.apache.pdfbox.debugger.hexviewer.UpperPane.paintComponent(Graphics),17,2,5,5,1
"org.apache.pdfbox.debugger.hexviewer.SelectEvent.SelectEvent(int, String)",5,1,6,3,0
org.apache.pdfbox.debugger.hexviewer.SelectEvent.getHexIndex(),4,1,2,1,0
org.apache.pdfbox.debugger.hexviewer.SelectEvent.getNavigation(),4,1,2,1,0
org.apache.pdfbox.pdmodel.interactive.annotation.PDAppearanceCharacteristicsDictionary.PDAppearanceCharacteristicsDictionary(COSDictionary),4,1,3,2,0
org.apache.pdfbox.pdmodel.interactive.annotation.PDAppearanceCharacteristicsDictionary.getCOSObject(),4,1,15,1,0
org.apache.pdfbox.pdmodel.interactive.annotation.PDAppearanceCharacteristicsDictionary.getRotation(),4,1,1,3,0
org.apache.pdfbox.pdmodel.interactive.annotation.PDAppearanceCharacteristicsDictionary.setRotation(int),4,1,2,2,0
org.apache.pdfbox.pdmodel.interactive.annotation.PDAppearanceCharacteristicsDictionary.getBorderColour(),4,1,2,2,0
org.apache.pdfbox.pdmodel.interactive.annotation.PDAppearanceCharacteristicsDictionary.setBorderColour(PDColor),4,1,3,3,0
org.apache.pdfbox.pdmodel.interactive.annotation.PDAppearanceCharacteristicsDictionary.getBackground(),4,1,1,2,0
org.apache.pdfbox.pdmodel.interactive.annotation.PDAppearanceCharacteristicsDictionary.setBackground(PDColor),4,1,2,3,0
org.apache.pdfbox.pdmodel.interactive.annotation.PDAppearanceCharacteristicsDictionary.getNormalCaption(),4,1,0,3,0
org.apache.pdfbox.pdmodel.interactive.annotation.PDAppearanceCharacteristicsDictionary.setNormalCaption(String),4,1,1,2,0
org.apache.pdfbox.pdmodel.interactive.annotation.PDAppearanceCharacteristicsDictionary.getRolloverCaption(),4,1,0,3,0
org.apache.pdfbox.pdmodel.interactive.annotation.PDAppearanceCharacteristicsDictionary.setRolloverCaption(String),4,1,1,2,0
org.apache.pdfbox.pdmodel.interactive.annotation.PDAppearanceCharacteristicsDictionary.getAlternateCaption(),4,1,0,3,0
org.apache.pdfbox.pdmodel.interactive.annotation.PDAppearanceCharacteristicsDictionary.setAlternateCaption(String),4,1,1,2,0
org.apache.pdfbox.pdmodel.interactive.annotation.PDAppearanceCharacteristicsDictionary.getNormalIcon(),9,2,0,4,0
org.apache.pdfbox.pdmodel.interactive.annotation.PDAppearanceCharacteristicsDictionary.getRolloverIcon(),9,2,0,4,0
org.apache.pdfbox.pdmodel.interactive.annotation.PDAppearanceCharacteristicsDictionary.getAlternateIcon(),9,2,0,4,0
org.apache.pdfbox.pdmodel.interactive.annotation.PDAppearanceCharacteristicsDictionary.getColor(COSName),24,5,6,5,0
org.apache.pdfbox.preflight.metadata.TestMetadataFiles.validate(),21,1,0,4,0
org.apache.pdfbox.preflight.metadata.TestMetadataFiles.checkPDF(File),44,7,4,11,0
org.apache.pdfbox.preflight.graphic.ICCProfileWrapper.ICCProfileWrapper(ICC_Profile),5,1,3,4,0
org.apache.pdfbox.preflight.graphic.ICCProfileWrapper.getColorSpaceType(),4,1,1,2,0
org.apache.pdfbox.preflight.graphic.ICCProfileWrapper.getProfile(),4,1,1,1,0
org.apache.pdfbox.preflight.graphic.ICCProfileWrapper.isRGBColorSpace(),4,1,5,2,0
org.apache.pdfbox.preflight.graphic.ICCProfileWrapper.isCMYKColorSpace(),4,1,4,2,0
org.apache.pdfbox.preflight.graphic.ICCProfileWrapper.isGrayColorSpace(),4,1,2,2,0
org.apache.pdfbox.preflight.graphic.ICCProfileWrapper.searchFirstICCProfile(PreflightContext),35,6,7,19,1
org.apache.pdfbox.preflight.graphic.ICCProfileWrapper.getOrSearchICCProfile(PreflightContext),10,2,4,5,0
org.apache.pdfbox.preflight.annotation.AnnotationValidatorFactory.AnnotationValidatorFactory(),4,1,0,2,0
org.apache.pdfbox.preflight.annotation.AnnotationValidatorFactory.AnnotationValidatorFactory(ActionManagerFactory),5,1,1,2,0
org.apache.pdfbox.preflight.annotation.AnnotationValidatorFactory.setActionFact(ActionManagerFactory),4,1,1,1,0
org.apache.pdfbox.preflight.annotation.AnnotationValidatorFactory.initializeClasses(),1,1,1,0,0
"org.apache.pdfbox.preflight.annotation.AnnotationValidatorFactory.getAnnotationValidator(PreflightContext, COSDictionary)",27,3,8,10,0
"org.apache.pdfbox.contentstream.operator.text.EndText.process(Operator, List<COSBase>)",6,1,1,3,0
org.apache.pdfbox.contentstream.operator.text.EndText.getName(),4,1,0,1,0
"org.apache.fontbox.cff.CFFOperator.CFFOperator(Key, String)",5,1,3,3,0
org.apache.fontbox.cff.CFFOperator.getKey(),4,1,3,1,0
org.apache.fontbox.cff.CFFOperator.setKey(Key),4,1,2,1,0
org.apache.fontbox.cff.CFFOperator.getName(),4,1,3,1,0
org.apache.fontbox.cff.CFFOperator.setName(String),4,1,2,1,0
org.apache.fontbox.cff.CFFOperator.toString(),4,1,0,2,0
org.apache.fontbox.cff.CFFOperator.hashCode(),4,1,0,3,0
org.apache.fontbox.cff.CFFOperator.equals(Object),9,2,1,3,0
"org.apache.fontbox.cff.CFFOperator.register(Key, String)",6,1,4,2,0
org.apache.fontbox.cff.CFFOperator.getOperator(Key),4,1,3,2,0
org.apache.fontbox.cff.CFFOperator.getOperator(String),4,1,2,2,0
"org.apache.pdfbox.filter.RunLengthDecodeFilter.decode(InputStream, OutputStream, COSDictionary, int)",29,5,4,6,3
"org.apache.pdfbox.filter.RunLengthDecodeFilter.encode(InputStream, OutputStream, COSDictionary)",5,1,1,1,0
org.apache.xmpbox.schema.AdobePDFTest.initTempMetaData(),6,1,1,5,0
org.apache.xmpbox.schema.AdobePDFTest.initializeParameters(),8,1,1,4,0
"org.apache.xmpbox.schema.AdobePDFTest.AdobePDFTest(String, PropertyType, Object)",4,1,3,2,0
org.apache.xmpbox.schema.AdobePDFTest.testPDFAIdentification(),20,1,1,14,0
org.apache.xmpbox.schema.AdobePDFTest.testBadPDFAConformanceId(),6,1,1,2,0
org.apache.fontbox.cff.CFFExpertEncoding.CFFExpertEncoding(),3,1,0,1,0
org.apache.fontbox.cff.CFFExpertEncoding.getInstance(),4,1,2,1,0
org.apache.fontbox.cff.CFFEncoding.CFFEncoding(),3,1,0,1,0
org.apache.fontbox.cff.CFFEncoding.getName(int),9,2,2,2,0
"org.apache.fontbox.cff.CFFEncoding.add(int, int, String)",5,1,6,2,0
"org.apache.fontbox.cff.CFFEncoding.add(int, int)",6,1,3,3,0
org.apache.pdfbox.pdmodel.font.PDType1CFont.PDType1CFont(COSDictionary),55,8,8,26,0
org.apache.pdfbox.pdmodel.font.PDType1CFont.getFontBoxFont(),4,1,1,1,0
org.apache.pdfbox.pdmodel.font.PDType1CFont.getBaseFont(),4,1,4,2,0
org.apache.pdfbox.pdmodel.font.PDType1CFont.getPath(String),11,2,2,6,0
org.apache.pdfbox.pdmodel.font.PDType1CFont.hasGlyph(String),4,1,2,2,0
org.apache.pdfbox.pdmodel.font.PDType1CFont.getName(),4,1,2,2,0
org.apache.pdfbox.pdmodel.font.PDType1CFont.getBoundingBox(),8,2,1,3,0
org.apache.pdfbox.pdmodel.font.PDType1CFont.generateBoundingBox(),12,3,2,9,0
org.apache.pdfbox.pdmodel.font.PDType1CFont.codeToName(int),4,1,3,3,0
org.apache.pdfbox.pdmodel.font.PDType1CFont.readEncodingFromFont(),18,3,2,5,0
org.apache.pdfbox.pdmodel.font.PDType1CFont.readCode(InputStream),4,1,1,2,0
org.apache.pdfbox.pdmodel.font.PDType1CFont.getFontMatrix(),27,4,4,8,0
org.apache.pdfbox.pdmodel.font.PDType1CFont.isDamaged(),4,1,1,1,0
org.apache.pdfbox.pdmodel.font.PDType1CFont.getWidthFromFont(int),8,1,3,5,0
org.apache.pdfbox.pdmodel.font.PDType1CFont.isEmbedded(),4,1,3,1,0
org.apache.pdfbox.pdmodel.font.PDType1CFont.getHeight(int),11,2,3,7,0
org.apache.pdfbox.pdmodel.font.PDType1CFont.encode(int),19,3,3,12,0
org.apache.pdfbox.pdmodel.font.PDType1CFont.getStringWidth(String),11,2,2,7,1
org.apache.pdfbox.pdmodel.font.PDType1CFont.getAverageFontWidth(),8,2,1,3,0
org.apache.pdfbox.pdmodel.font.PDType1CFont.getCFFType1Font(),4,1,1,1,0
org.apache.pdfbox.pdmodel.font.PDType1CFont.getAverageCharacterWidth(),4,1,1,1,0
org.apache.pdfbox.pdmodel.font.PDType1CFont.getNameInFont(String),20,4,3,8,0
"org.apache.fontbox.cff.CFFParser.parse(byte[], ByteSource)",5,1,5,3,0
org.apache.fontbox.cff.CFFParser.parse(byte[]),63,8,7,18,2
org.apache.fontbox.cff.CFFParser.readTagName(CFFDataInput),5,1,3,3,0
org.apache.fontbox.cff.CFFParser.readLong(CFFDataInput),4,1,2,2,0
org.apache.fontbox.cff.CFFParser.readHeader(CFFDataInput),9,1,2,7,0
org.apache.fontbox.cff.CFFParser.readIndexDataOffsets(CFFDataInput),20,4,3,6,1
org.apache.fontbox.cff.CFFParser.readIndexData(CFFDataInput),16,3,6,3,1
org.apache.fontbox.cff.CFFParser.readStringIndexData(CFFDataInput),16,3,4,4,1
org.apache.fontbox.cff.CFFParser.readDictData(CFFDataInput),9,2,3,4,1
"org.apache.fontbox.cff.CFFParser.readDictData(CFFDataInput, int)",10,2,4,4,1
org.apache.fontbox.cff.CFFParser.readEntry(CFFDataInput),30,6,4,8,1
"org.apache.fontbox.cff.CFFParser.readOperator(CFFDataInput, int)",5,1,3,3,0
"org.apache.fontbox.cff.CFFParser.readOperatorKey(CFFDataInput, int)",9,2,3,2,0
"org.apache.fontbox.cff.CFFParser.readIntegerNumber(CFFDataInput, int)",29,6,3,5,0
"org.apache.fontbox.cff.CFFParser.readRealNumber(CFFDataInput, int)",56,20,2,8,2
"org.apache.fontbox.cff.CFFParser.parseFont(CFFDataInput, String, byte[])",110,11,5,35,0
"org.apache.fontbox.cff.CFFParser.parseCIDFontDicts(CFFDataInput, DictData, CFFCIDFont, int)",50,5,6,21,1
org.apache.fontbox.cff.CFFParser.readPrivateDict(DictData),22,1,3,6,0
"org.apache.fontbox.cff.CFFParser.parseType1Dicts(CFFDataInput, DictData, CFFType1Font, CFFCharset)",41,7,6,17,1
org.apache.fontbox.cff.CFFParser.readString(int),15,3,11,2,0
"org.apache.fontbox.cff.CFFParser.getString(DictData, String)",5,2,4,5,0
"org.apache.fontbox.cff.CFFParser.readEncoding(CFFDataInput, CFFCharset)",17,3,3,5,0
"org.apache.fontbox.cff.CFFParser.readFormat0Encoding(CFFDataInput, CFFCharset, int)",19,3,5,8,1
"org.apache.fontbox.cff.CFFParser.readFormat1Encoding(CFFDataInput, CFFCharset, int)",26,4,5,8,2
"org.apache.fontbox.cff.CFFParser.readSupplement(CFFDataInput, CFFBuiltInEncoding)",14,2,9,9,1
"org.apache.fontbox.cff.CFFParser.readFDSelect(CFFDataInput, int, CFFCIDFont)",16,3,4,5,0
"org.apache.fontbox.cff.CFFParser.readFormat0FDSelect(CFFDataInput, int, int, CFFCIDFont)",12,2,7,5,1
"org.apache.fontbox.cff.CFFParser.readFormat3FDSelect(CFFDataInput, int, int, CFFCIDFont)",17,2,5,10,1
"org.apache.fontbox.cff.CFFParser.readCharset(CFFDataInput, int, boolean)",21,4,4,6,0
"org.apache.fontbox.cff.CFFParser.readFormat0Charset(CFFDataInput, int, int, boolean)",27,4,5,7,1
"org.apache.fontbox.cff.CFFParser.readFormat1Charset(CFFDataInput, int, int, boolean)",34,5,6,12,2
"org.apache.fontbox.cff.CFFParser.readFormat2Charset(CFFDataInput, int, int, boolean)",34,5,6,12,2
org.apache.fontbox.cff.CFFParser.toString(),4,1,1,3,0
org.apache.fontbox.cff.CFFType1Font.getPath(String),4,1,1,3,0
org.apache.fontbox.cff.CFFType1Font.getWidth(String),4,1,1,3,0
org.apache.fontbox.cff.CFFType1Font.hasGlyph(String),6,1,2,3,0
org.apache.fontbox.cff.CFFType1Font.getFontMatrix(),4,1,1,2,0
org.apache.fontbox.cff.CFFType1Font.getType1CharString(String),5,1,6,3,0
org.apache.fontbox.cff.CFFType1Font.nameToGID(String),5,1,3,3,0
org.apache.fontbox.cff.CFFType1Font.getType2CharString(int),5,1,5,2,0
"org.apache.fontbox.cff.CFFType1Font.getType2CharString(int, String)",22,4,10,9,0
org.apache.fontbox.cff.CFFType1Font.getPrivateDict(),4,1,1,1,0
"org.apache.fontbox.cff.CFFType1Font.addToPrivateDict(String, Object)",7,2,4,1,0
org.apache.fontbox.cff.CFFType1Font.getEncoding(),4,1,1,1,0
org.apache.fontbox.cff.CFFType1Font.setEncoding(CFFEncoding),4,1,2,1,0
org.apache.fontbox.cff.CFFType1Font.getLocalSubrIndex(),4,1,2,2,0
org.apache.fontbox.cff.CFFType1Font.getProperty(String),14,3,5,2,0
org.apache.fontbox.cff.CFFType1Font.getDefaultWidthX(),9,2,1,3,0
org.apache.fontbox.cff.CFFType1Font.getNominalWidthX(),9,2,1,3,0
org.apache.pdfbox.pdmodel.graphics.image.LosslessFactoryTest.setUp(),5,1,1,2,0
org.apache.pdfbox.pdmodel.graphics.image.LosslessFactoryTest.testCreateLosslessFromImageRGB(),36,1,6,30,0
org.apache.pdfbox.pdmodel.graphics.image.LosslessFactoryTest.testCreateLosslessFromImageINT_ARGB(),26,3,4,25,2
org.apache.pdfbox.pdmodel.graphics.image.LosslessFactoryTest.testCreateLosslessFromImageBITMASK_INT_ARGB(),4,1,1,1,0
org.apache.pdfbox.pdmodel.graphics.image.LosslessFactoryTest.testCreateLosslessFromImageBITMASK4BYTE_ABGR(),4,1,1,1,0
org.apache.pdfbox.pdmodel.graphics.image.LosslessFactoryTest.testCreateLosslessFromImage4BYTE_ABGR(),29,3,4,26,2
org.apache.pdfbox.pdmodel.graphics.image.LosslessFactoryTest.testCreateLosslessFromTransparentGIF(),16,1,4,21,0
"org.apache.pdfbox.pdmodel.graphics.image.LosslessFactoryTest.checkIdentRGB(BufferedImage, BufferedImage)",19,4,6,5,2
"org.apache.pdfbox.pdmodel.graphics.image.LosslessFactoryTest.doBitmaskTransparencyTest(int, String)",84,7,13,42,4
org.apache.pdfbox.pdmodel.graphics.color.PDDeviceGray.PDDeviceGray(),3,1,0,1,0
org.apache.pdfbox.pdmodel.graphics.color.PDDeviceGray.getName(),4,1,13,2,0
org.apache.pdfbox.pdmodel.graphics.color.PDDeviceGray.getNumberOfComponents(),4,1,0,1,0
org.apache.pdfbox.pdmodel.graphics.color.PDDeviceGray.getDefaultDecode(int),4,1,0,1,0
org.apache.pdfbox.pdmodel.graphics.color.PDDeviceGray.getInitialColor(),4,1,1,1,0
org.apache.pdfbox.pdmodel.graphics.color.PDDeviceGray.toRGB(float[]),4,1,1,1,0
org.apache.pdfbox.pdmodel.graphics.color.PDDeviceGray.toRGBImage(WritableRaster),20,3,2,7,2
org.apache.pdfbox.pdmodel.graphics.color.PDDeviceRGB.PDDeviceRGB(),3,1,0,1,0
org.apache.pdfbox.pdmodel.graphics.color.PDDeviceRGB.init(),16,3,4,3,0
org.apache.pdfbox.pdmodel.graphics.color.PDDeviceRGB.getName(),4,1,11,2,0
org.apache.pdfbox.pdmodel.graphics.color.PDDeviceRGB.getNumberOfComponents(),4,1,0,1,0
org.apache.pdfbox.pdmodel.graphics.color.PDDeviceRGB.getDefaultDecode(int),4,1,0,1,0
org.apache.pdfbox.pdmodel.graphics.color.PDDeviceRGB.getInitialColor(),4,1,1,1,0
org.apache.pdfbox.pdmodel.graphics.color.PDDeviceRGB.toRGB(float[]),5,1,2,3,0
org.apache.pdfbox.pdmodel.graphics.color.PDDeviceRGB.toRGBImage(WritableRaster),7,1,3,6,0
org.apache.pdfbox.pdmodel.graphics.image.LosslessFactory.LosslessFactory(),3,1,0,1,0
"org.apache.pdfbox.pdmodel.graphics.image.LosslessFactory.createFromImage(PDDocument, BufferedImage)",52,8,15,24,5
"org.apache.pdfbox.pdmodel.graphics.image.LosslessFactory.createAlphaFromARGBImage(PDDocument, BufferedImage)",51,8,5,20,3
"org.apache.pdfbox.pdmodel.graphics.image.LosslessFactory.createAlphaFromARGBImage2(PDDocument, BufferedImage)",40,7,5,14,5
"org.apache.pdfbox.pdmodel.graphics.image.LosslessFactory.prepareImageXObject(PDDocument, byte[], int, int, int, PDColorSpace)",11,1,11,8,0
"org.apache.pdfbox.pdmodel.graphics.image.ValidateXImage.validate(PDImageXObject, int, int, int, String, String)",23,1,23,18,0
org.apache.pdfbox.pdmodel.graphics.image.ValidateXImage.colorCount(BufferedImage),14,3,7,7,2
"org.apache.pdfbox.pdmodel.graphics.image.ValidateXImage.doWritePDF(PDDocument, PDImageXObject, File, String)",18,1,14,16,0
org.apache.pdfbox.pdmodel.graphics.image.ValidateXImage.count(Iterable<COSName>),9,2,2,1,1
"org.apache.pdfbox.pdmodel.graphics.image.ValidateXImage.checkIdent(BufferedImage, BufferedImage)",19,4,10,5,2
"org.apache.pdfbox.debugger.ui.textsearcher.SearchPanel.SearchPanel(DocumentListener, ChangeListener, ComponentListener, Action, Action)",7,1,6,4,0
"org.apache.pdfbox.debugger.ui.textsearcher.SearchPanel.initUI(DocumentListener, ChangeListener, ComponentListener)",37,1,15,32,0
org.apache.pdfbox.debugger.ui.textsearcher.SearchPanel.isCaseSensitive(),4,1,2,2,0
org.apache.pdfbox.debugger.ui.textsearcher.SearchPanel.getSearchWord(),4,1,2,2,0
org.apache.pdfbox.debugger.ui.textsearcher.SearchPanel.reset(),4,1,2,1,0
"org.apache.pdfbox.debugger.ui.textsearcher.SearchPanel.updateCounterLabel(int, int)",14,3,6,4,0
org.apache.pdfbox.debugger.ui.textsearcher.SearchPanel.getPanel(),4,1,2,1,0
org.apache.pdfbox.debugger.ui.textsearcher.SearchPanel.reFocus(),9,1,4,7,0
org.apache.pdfbox.debugger.ui.textsearcher.SearchPanel.addMenuListeners(PDFDebugger),7,1,5,6,0
org.apache.pdfbox.debugger.ui.textsearcher.SearchPanel.removeMenuListeners(PDFDebugger),7,1,5,6,0
org.apache.pdfbox.debugger.PDFDebugger.PDFDebugger(),4,1,0,2,0
org.apache.pdfbox.debugger.PDFDebugger.PDFDebugger(boolean),5,1,3,3,0
org.apache.pdfbox.debugger.PDFDebugger.initComponents(),100,3,15,41,0
org.apache.pdfbox.debugger.PDFDebugger.createFileMenu(),81,4,8,17,0
org.apache.pdfbox.debugger.PDFDebugger.createEditMenu(),19,1,1,7,0
org.apache.pdfbox.debugger.PDFDebugger.createViewMenu(),41,2,3,10,0
org.apache.pdfbox.debugger.PDFDebugger.createFindMenu(),32,3,11,13,0
org.apache.pdfbox.debugger.PDFDebugger.getFindMenu(),4,1,5,1,0
org.apache.pdfbox.debugger.PDFDebugger.getFindMenuItem(),4,1,3,1,0
org.apache.pdfbox.debugger.PDFDebugger.getFindNextMenuItem(),4,1,3,1,0
org.apache.pdfbox.debugger.PDFDebugger.getFindPreviousMenuItem(),4,1,3,1,0
org.apache.pdfbox.debugger.PDFDebugger.osxOpenFiles(String),11,2,2,2,0
org.apache.pdfbox.debugger.PDFDebugger.osxQuit(),4,1,0,1,0
org.apache.pdfbox.debugger.PDFDebugger.openMenuItemActionPerformed(ActionEvent),38,5,3,10,0
org.apache.pdfbox.debugger.PDFDebugger.jTree1ValueChanged(TreeSelectionEvent),54,10,6,24,0
org.apache.pdfbox.debugger.PDFDebugger.isSpecialColorSpace(Object),14,3,3,5,0
org.apache.pdfbox.debugger.PDFDebugger.isOtherColorSpace(Object),14,3,3,5,0
org.apache.pdfbox.debugger.PDFDebugger.isPage(Object),18,4,4,4,0
"org.apache.pdfbox.debugger.PDFDebugger.isFlagNode(Object, Object)",13,2,8,6,0
org.apache.pdfbox.debugger.PDFDebugger.isEncrypt(Object),9,2,3,4,0
org.apache.pdfbox.debugger.PDFDebugger.isFontDescriptor(Object),7,1,4,5,0
org.apache.pdfbox.debugger.PDFDebugger.isAnnot(Object),7,1,4,5,0
org.apache.pdfbox.debugger.PDFDebugger.isStream(Object),4,1,2,2,0
org.apache.pdfbox.debugger.PDFDebugger.isString(Object),4,1,2,2,0
org.apache.pdfbox.debugger.PDFDebugger.isFont(Object),12,2,4,6,0
org.apache.pdfbox.debugger.PDFDebugger.isCIDFont(COSDictionary),6,1,5,4,0
org.apache.pdfbox.debugger.PDFDebugger.showColorPane(Object),29,7,6,14,0
org.apache.pdfbox.debugger.PDFDebugger.showPage(Object),19,3,5,8,0
"org.apache.pdfbox.debugger.PDFDebugger.showFlagPane(Object, Object)",11,2,3,5,0
"org.apache.pdfbox.debugger.PDFDebugger.showStream(COSStream, TreePath)",43,7,12,11,0
"org.apache.pdfbox.debugger.PDFDebugger.showFont(Object, TreePath)",13,2,4,7,0
org.apache.pdfbox.debugger.PDFDebugger.replaceRightComponent(Component),6,1,9,3,0
org.apache.pdfbox.debugger.PDFDebugger.showString(Object),5,1,2,4,0
org.apache.pdfbox.debugger.PDFDebugger.getNodeKey(Object),8,2,3,2,0
org.apache.pdfbox.debugger.PDFDebugger.getUnderneathObject(Object),20,5,16,5,0
org.apache.pdfbox.debugger.PDFDebugger.convertToString(Object),66,14,4,17,2
org.apache.pdfbox.debugger.PDFDebugger.exitMenuItemActionPerformed(ActionEvent),20,4,6,6,0
org.apache.pdfbox.debugger.PDFDebugger.printMenuItemActionPerformed(ActionEvent),19,4,3,6,0
org.apache.pdfbox.debugger.PDFDebugger.exitForm(WindowEvent),20,4,5,6,0
org.apache.pdfbox.debugger.PDFDebugger.main(String[]),46,7,5,11,1
"org.apache.pdfbox.debugger.PDFDebugger.readPDFFile(String, String)",5,1,6,2,0
"org.apache.pdfbox.debugger.PDFDebugger.readPDFFile(File, String)",25,4,9,14,0
"org.apache.pdfbox.debugger.PDFDebugger.readPDFurl(String, String)",24,4,7,11,0
org.apache.pdfbox.debugger.PDFDebugger.initTree(),17,2,8,13,0
"org.apache.pdfbox.debugger.PDFDebugger.parseDocument(File, String)",30,4,7,10,1
org.apache.pdfbox.debugger.PDFDebugger.addRecentFileItems(),34,3,5,12,1
org.apache.pdfbox.debugger.PDFDebugger.usage(),10,1,2,2,0
"org.apache.fontbox.ttf.GlyfDescript.GlyfDescript(short, TTFDataStream)",4,1,3,2,0
org.apache.fontbox.ttf.GlyfDescript.resolve(),3,1,0,0,0
org.apache.fontbox.ttf.GlyfDescript.getContourCount(),4,1,1,1,0
org.apache.fontbox.ttf.GlyfDescript.getInstructions(),4,1,1,1,0
"org.apache.fontbox.ttf.GlyfDescript.readInstructions(TTFDataStream, int)",4,1,4,2,0
"org.apache.fontbox.ttf.GlyfSimpleDescript.GlyfSimpleDescript(short, TTFDataStream, short)",24,3,6,12,0
org.apache.fontbox.ttf.GlyfSimpleDescript.getEndPtOfContours(int),4,1,2,1,0
org.apache.fontbox.ttf.GlyfSimpleDescript.getFlags(int),4,1,2,1,0
org.apache.fontbox.ttf.GlyfSimpleDescript.getXCoordinate(int),4,1,2,1,0
org.apache.fontbox.ttf.GlyfSimpleDescript.getYCoordinate(int),4,1,2,1,0
org.apache.fontbox.ttf.GlyfSimpleDescript.isComposite(),4,1,0,1,0
org.apache.fontbox.ttf.GlyfSimpleDescript.getPointCount(),4,1,1,1,0
"org.apache.fontbox.ttf.GlyfSimpleDescript.readCoords(int, TTFDataStream, short)",49,9,9,4,2
"org.apache.fontbox.ttf.GlyfSimpleDescript.readFlags(int, TTFDataStream)",16,4,5,2,2
"org.apache.fontbox.ttf.GlyfCompositeDescript.GlyfCompositeDescript(TTFDataStream, GlyphTable)",16,3,6,8,1
org.apache.fontbox.ttf.GlyfCompositeDescript.resolve(),32,5,4,13,1
org.apache.fontbox.ttf.GlyfCompositeDescript.getEndPtOfContours(int),10,2,1,7,0
org.apache.fontbox.ttf.GlyfCompositeDescript.getFlags(int),10,2,1,6,0
org.apache.fontbox.ttf.GlyfCompositeDescript.getXCoordinate(int),15,2,1,9,0
org.apache.fontbox.ttf.GlyfCompositeDescript.getYCoordinate(int),15,2,1,9,0
org.apache.fontbox.ttf.GlyfCompositeDescript.isComposite(),4,1,0,1,0
org.apache.fontbox.ttf.GlyfCompositeDescript.getPointCount(),15,3,3,8,0
org.apache.fontbox.ttf.GlyfCompositeDescript.getContourCount(),9,2,3,8,0
org.apache.fontbox.ttf.GlyfCompositeDescript.getComponentCount(),4,1,1,2,0
org.apache.fontbox.ttf.GlyfCompositeDescript.getCompositeComp(int),12,3,5,5,1
org.apache.fontbox.ttf.GlyfCompositeDescript.getCompositeCompEndPt(int),12,3,3,5,1
org.apache.fontbox.ttf.GlyfCompositeDescript.getGlypDescription(int),17,3,13,4,0
org.apache.fontbox.ttf.GlyphRenderer.GlyphRenderer(GlyphDescription),4,1,2,2,0
org.apache.fontbox.ttf.GlyphRenderer.getPath(),5,1,2,3,0
org.apache.fontbox.ttf.GlyphRenderer.describe(GlyphDescription),16,3,3,7,1
org.apache.fontbox.ttf.GlyphRenderer.calculatePath(Point[]),53,9,5,12,3
"org.apache.fontbox.ttf.GlyphRenderer.moveTo(GeneralPath, Point)",8,2,6,4,0
"org.apache.fontbox.ttf.GlyphRenderer.lineTo(GeneralPath, Point)",8,2,6,4,0
"org.apache.fontbox.ttf.GlyphRenderer.quadTo(GeneralPath, Point, Point)",9,2,7,4,0
"org.apache.fontbox.ttf.GlyphRenderer.midValue(int, int)",4,1,3,1,0
"org.apache.fontbox.ttf.GlyphRenderer.midValue(Point, Point)",4,1,5,3,0
org.apache.pdfbox.preflight.utils.TestCOSUtils.testIsInteger(),18,2,1,13,0
org.apache.pdfbox.preflight.utils.TestCOSUtils.testIsFloat(),18,2,1,13,0
org.apache.pdfbox.preflight.utils.TestCOSUtils.testIsString(),18,2,1,13,0
org.apache.pdfbox.preflight.utils.TestCOSUtils.testIsStream(),18,2,1,13,0
org.apache.pdfbox.preflight.utils.TestCOSUtils.testIsDictionary(),18,2,1,13,0
org.apache.pdfbox.preflight.utils.TestCOSUtils.testIsArray(),18,2,1,13,0
org.apache.pdfbox.preflight.utils.TestCOSUtils.testCloseCOSDocumentNull(),4,1,0,1,0
org.apache.pdfbox.preflight.utils.TestCOSUtils.testClosePDDocumentNull(),4,1,0,1,0
org.apache.pdfbox.preflight.utils.TestCOSUtils.testCloseCOSDocumentIO(),11,2,1,4,0
"org.apache.pdfbox.preflight.utils.TestCOSUtils.addToXref(COSDocument, COSObjectKey, long)",6,1,9,3,0
org.apache.pdfbox.pdfparser.FDFParser.FDFParser(String),4,1,2,3,0
org.apache.pdfbox.pdfparser.FDFParser.FDFParser(File),6,1,3,6,0
org.apache.pdfbox.pdfparser.FDFParser.FDFParser(InputStream),6,1,3,6,0
org.apache.pdfbox.pdfparser.FDFParser.init(),17,3,4,6,0
org.apache.pdfbox.pdfparser.FDFParser.initialParse(),19,3,1,6,0
org.apache.pdfbox.pdfparser.FDFParser.parse(),21,3,4,5,0
org.apache.pdfbox.pdfparser.COSParser.COSParser(RandomAccessRead),5,1,4,4,0
org.apache.pdfbox.pdfparser.COSParser.setEOFLookupRange(int),7,2,3,1,0
org.apache.pdfbox.pdfparser.COSParser.parseXref(long),95,15,13,31,2
"org.apache.pdfbox.pdfparser.COSParser.parseXrefObjStream(long, boolean)",11,1,5,9,0
org.apache.pdfbox.pdfparser.COSParser.getStartxrefOffset(),57,8,10,7,1
"org.apache.pdfbox.pdfparser.COSParser.lastIndexOf(char[], byte[], int)",24,5,6,1,1
org.apache.pdfbox.pdfparser.COSParser.isLenient(),4,1,2,1,0
org.apache.pdfbox.pdfparser.COSParser.setLenient(boolean),8,2,4,2,0
org.apache.pdfbox.pdfparser.COSParser.getObjectId(COSObject),4,1,4,3,0
"org.apache.pdfbox.pdfparser.COSParser.addNewToList(Queue<COSBase>, Collection<COSBase>, Set<Long>)",8,2,4,1,1
"org.apache.pdfbox.pdfparser.COSParser.addNewToList(Queue<COSBase>, COSBase, Set<Long>)",13,3,5,3,0
"org.apache.pdfbox.pdfparser.COSParser.parseDictObjects(COSDictionary, COSName...)",82,15,7,32,4
"org.apache.pdfbox.pdfparser.COSParser.addExcludedToList(COSName[], COSDictionary, Set<Long>)",14,4,4,3,1
"org.apache.pdfbox.pdfparser.COSParser.parseObjectDynamically(COSObject, boolean)",6,1,7,4,0
"org.apache.pdfbox.pdfparser.COSParser.parseObjectDynamically(long, int, boolean)",48,9,11,20,1
"org.apache.pdfbox.pdfparser.COSParser.parseFileObject(Long, COSObjectKey, COSObject)",64,10,14,23,0
org.apache.pdfbox.pdfparser.COSParser.parseObjectStream(int),34,6,7,12,1
"org.apache.pdfbox.pdfparser.COSParser.getLength(COSBase, COSName)",39,7,5,9,0
org.apache.pdfbox.pdfparser.COSParser.parseCOSStream(COSDictionary),72,8,14,25,0
org.apache.pdfbox.pdfparser.COSParser.readUntilEndStream(OutputStream),63,12,10,6,2
"org.apache.pdfbox.pdfparser.COSParser.readValidStream(OutputStream, COSNumber)",16,4,6,5,1
org.apache.pdfbox.pdfparser.COSParser.validateStreamLength(long),27,3,6,6,0
org.apache.pdfbox.pdfparser.COSParser.checkXRefOffset(long),21,5,6,6,0
"org.apache.pdfbox.pdfparser.COSParser.checkXRefStreamOffset(long, boolean)",29,6,7,10,0
"org.apache.pdfbox.pdfparser.COSParser.calculateXRefFixedOffset(long, boolean)",16,3,5,4,0
org.apache.pdfbox.pdfparser.COSParser.checkXrefOffsets(),58,13,5,19,5
"org.apache.pdfbox.pdfparser.COSParser.checkObjectKeys(COSObjectKey, long)",28,4,6,8,0
"org.apache.pdfbox.pdfparser.COSParser.createObjectString(long, int)",4,1,3,3,0
org.apache.pdfbox.pdfparser.COSParser.bfSearchForObjects(),63,11,8,17,3
"org.apache.pdfbox.pdfparser.COSParser.bfSearchForXRef(long, boolean)",45,8,5,6,0
"org.apache.pdfbox.pdfparser.COSParser.searchNearestValue(List<Long>, long)",22,4,3,4,1
org.apache.pdfbox.pdfparser.COSParser.bfSearchForXRefTables(),24,5,5,9,1
org.apache.pdfbox.pdfparser.COSParser.bfSearchForXRefStreams(),74,13,6,14,4
org.apache.pdfbox.pdfparser.COSParser.rebuildTrailer(),51,8,21,23,2
org.apache.pdfbox.pdfparser.COSParser.parseStartXref(),11,2,2,5,0
org.apache.pdfbox.pdfparser.COSParser.isString(byte[]),25,5,5,5,1
org.apache.pdfbox.pdfparser.COSParser.isString(char[]),14,3,7,4,1
org.apache.pdfbox.pdfparser.COSParser.parseTrailer(),26,4,3,12,0
org.apache.pdfbox.pdfparser.COSParser.parsePDFHeader(),4,1,3,2,0
org.apache.pdfbox.pdfparser.COSParser.parseFDFHeader(),4,1,4,2,0
"org.apache.pdfbox.pdfparser.COSParser.parseHeader(String, String)",60,11,10,18,1
org.apache.pdfbox.pdfparser.COSParser.parseXrefTable(long),71,13,9,23,2
"org.apache.pdfbox.pdfparser.COSParser.parseXrefStream(COSStream, long, boolean)",10,2,7,4,0
org.apache.pdfbox.pdfparser.COSParser.getDocument(),8,2,10,2,0
org.apache.pdfbox.pdfparser.COSParser.parseTrailerValuesDynamically(COSDictionary),17,4,4,5,1
org.apache.pdfbox.pdmodel.fdf.XMLUtil.XMLUtil(),3,1,0,1,0
org.apache.pdfbox.pdmodel.fdf.XMLUtil.parse(InputStream),21,4,5,8,0
org.apache.pdfbox.pdmodel.fdf.XMLUtil.getNodeValue(Element),15,3,2,8,1
org.apache.pdfbox.pdmodel.PDDestinationNameTreeNode.PDDestinationNameTreeNode(),4,1,0,2,0
org.apache.pdfbox.pdmodel.PDDestinationNameTreeNode.PDDestinationNameTreeNode(COSDictionary),4,1,3,2,0
org.apache.pdfbox.pdmodel.PDDestinationNameTreeNode.convertCOSToPD(COSBase),9,2,2,3,0
org.apache.pdfbox.pdmodel.PDDestinationNameTreeNode.createChildNode(COSDictionary),4,1,1,2,0
org.apache.pdfbox.pdmodel.interactive.form.AppearanceGeneratorHelper.AppearanceGeneratorHelper(PDVariableText),5,1,4,4,0
org.apache.pdfbox.pdmodel.interactive.form.AppearanceGeneratorHelper.setAppearanceValue(String),35,6,6,24,1
"org.apache.pdfbox.pdmodel.interactive.form.AppearanceGeneratorHelper.initializeAppearanceContent(PDAnnotationWidget, PDAppearanceStream)",33,5,5,23,0
org.apache.pdfbox.pdmodel.interactive.form.AppearanceGeneratorHelper.tokenize(PDAppearanceStream),6,1,2,4,0
"org.apache.pdfbox.pdmodel.interactive.form.AppearanceGeneratorHelper.setAppearanceContent(PDAnnotationWidget, PDAppearanceStream)",30,3,7,13,0
"org.apache.pdfbox.pdmodel.interactive.form.AppearanceGeneratorHelper.insertGeneratedAppearance(PDAnnotationWidget, PDAppearanceStream, OutputStream)",83,8,7,52,0
org.apache.pdfbox.pdmodel.interactive.form.AppearanceGeneratorHelper.isMultiLine(),4,1,3,2,0
org.apache.pdfbox.pdmodel.interactive.form.AppearanceGeneratorHelper.shallComb(),8,1,2,5,0
"org.apache.pdfbox.pdmodel.interactive.form.AppearanceGeneratorHelper.insertGeneratedCombAppearance(PDPageContentStream, PDAppearanceStream, PDFont, float)",26,2,8,14,1
"org.apache.pdfbox.pdmodel.interactive.form.AppearanceGeneratorHelper.insertGeneratedSelectionHighlight(PDPageContentStream, PDAppearanceStream, PDFont, float)",29,3,8,18,0
"org.apache.pdfbox.pdmodel.interactive.form.AppearanceGeneratorHelper.insertGeneratedListboxAppearance(PDPageContentStream, PDAppearanceStream, PDRectangle, PDFont, float)",43,7,12,20,1
"org.apache.pdfbox.pdmodel.interactive.form.AppearanceGeneratorHelper.writeToStream(byte[], PDAppearanceStream)",6,1,4,4,0
"org.apache.pdfbox.pdmodel.interactive.form.AppearanceGeneratorHelper.calculateFontSize(PDFont, PDRectangle)",27,4,7,15,0
"org.apache.pdfbox.pdmodel.interactive.form.AppearanceGeneratorHelper.resolveBoundingBox(PDAnnotationWidget, PDAppearanceStream)",10,2,4,4,0
"org.apache.pdfbox.pdmodel.interactive.form.AppearanceGeneratorHelper.applyPadding(PDRectangle, float)",7,1,6,6,0
org.apache.pdfbox.pdmodel.interactive.annotation.PDAppearanceStream.PDAppearanceStream(COSStream),4,1,5,2,0
org.apache.pdfbox.pdmodel.interactive.annotation.PDAppearanceStream.PDAppearanceStream(PDDocument),4,1,2,2,0
"org.apache.pdfbox.pdmodel.interactive.form.PDDefaultAppearanceString.PDDefaultAppearanceString(COSString, PDResources)",13,3,6,5,0
org.apache.pdfbox.pdmodel.interactive.form.PDDefaultAppearanceString.processAppearanceStringOperators(byte[]),23,4,2,6,1
"org.apache.pdfbox.pdmodel.interactive.form.PDDefaultAppearanceString.processOperator(Operator, List<COSBase>)",12,3,3,4,0
org.apache.pdfbox.pdmodel.interactive.form.PDDefaultAppearanceString.processSetFont(List<COSBase>),27,5,3,11,0
org.apache.pdfbox.pdmodel.interactive.form.PDDefaultAppearanceString.processSetFontColor(List<COSBase>),12,2,3,9,0
org.apache.pdfbox.pdmodel.interactive.form.PDDefaultAppearanceString.getFontName(),4,1,2,1,0
org.apache.pdfbox.pdmodel.interactive.form.PDDefaultAppearanceString.setFontName(COSName),4,1,2,1,0
org.apache.pdfbox.pdmodel.interactive.form.PDDefaultAppearanceString.getFont(),4,1,5,1,0
org.apache.pdfbox.pdmodel.interactive.form.PDDefaultAppearanceString.setFont(PDFont),4,1,2,1,0
org.apache.pdfbox.pdmodel.interactive.form.PDDefaultAppearanceString.getFontSize(),4,1,4,1,0
org.apache.pdfbox.pdmodel.interactive.form.PDDefaultAppearanceString.setFontSize(float),4,1,2,1,0
org.apache.pdfbox.pdmodel.interactive.form.PDDefaultAppearanceString.getFontColor(),4,1,3,1,0
org.apache.pdfbox.pdmodel.interactive.form.PDDefaultAppearanceString.setFontColor(PDColor),4,1,2,1,0
"org.apache.pdfbox.pdmodel.interactive.form.PDDefaultAppearanceString.writeTo(PDPageContentStream, float)",13,3,3,5,0
org.apache.pdfbox.pdmodel.interactive.form.PDDefaultAppearanceString.copyNeededResourcesTo(PDAppearanceStream),13,3,3,7,0
org.apache.pdfbox.pdmodel.interactive.form.PDVariableText.PDVariableText(PDAcroForm),4,1,3,2,0
"org.apache.pdfbox.pdmodel.interactive.form.PDVariableText.PDVariableText(PDAcroForm, COSDictionary, PDNonTerminalField)",4,1,5,2,0
org.apache.pdfbox.pdmodel.interactive.form.PDVariableText.getDefaultAppearance(),5,1,2,3,0
org.apache.pdfbox.pdmodel.interactive.form.PDVariableText.getDefaultAppearanceString(),6,1,3,5,0
org.apache.pdfbox.pdmodel.interactive.form.PDVariableText.setDefaultAppearance(String),4,1,3,2,0
org.apache.pdfbox.pdmodel.interactive.form.PDVariableText.getDefaultStyleString(),5,1,2,4,0
org.apache.pdfbox.pdmodel.interactive.form.PDVariableText.setDefaultStyleString(String),11,2,2,4,0
org.apache.pdfbox.pdmodel.interactive.form.PDVariableText.getQ(),10,2,3,3,0
org.apache.pdfbox.pdmodel.interactive.form.PDVariableText.setQ(int),4,1,2,2,0
org.apache.pdfbox.pdmodel.interactive.form.PDVariableText.getRichTextValue(),4,1,2,3,0
org.apache.pdfbox.pdmodel.interactive.form.PDVariableText.setRichTextValue(String),11,2,2,4,0
org.apache.pdfbox.pdmodel.interactive.form.PDVariableText.getStringOrStream(COSBase),19,4,4,3,0
org.apache.pdfbox.pdmodel.interactive.form.AppearanceStyle.getFont(),4,1,2,1,0
org.apache.pdfbox.pdmodel.interactive.form.AppearanceStyle.setFont(PDFont),4,1,2,1,0
org.apache.pdfbox.pdmodel.interactive.form.AppearanceStyle.getFontSize(),4,1,2,1,0
org.apache.pdfbox.pdmodel.interactive.form.AppearanceStyle.setFontSize(float),5,1,2,2,0
org.apache.pdfbox.pdmodel.interactive.form.AppearanceStyle.getLeading(),4,1,2,1,0
org.apache.pdfbox.pdmodel.interactive.form.AppearanceStyle.setLeading(float),4,1,2,1,0
org.apache.pdfbox.pdmodel.interactive.form.PlainTextFormatter.PlainTextFormatter(Builder),11,1,10,9,0
org.apache.pdfbox.pdmodel.interactive.form.PlainTextFormatter.format(),43,8,13,10,1
"org.apache.pdfbox.pdmodel.interactive.form.PlainTextFormatter.processLines(List<Line>, boolean)",50,9,13,14,2
org.apache.pdfbox.pdmodel.interactive.form.PlainText.PlainText(String),9,2,3,7,1
org.apache.pdfbox.pdmodel.interactive.form.PlainText.PlainText(List<String>),8,2,2,5,1
org.apache.pdfbox.pdmodel.interactive.form.PlainText.getParagraphs(),4,1,2,1,0
org.apache.pdfbox.pdmodel.interactive.form.PDListBox.PDListBox(PDAcroForm),4,1,3,2,0
"org.apache.pdfbox.pdmodel.interactive.form.PDListBox.PDListBox(PDAcroForm, COSDictionary, PDNonTerminalField)",4,1,4,2,0
org.apache.pdfbox.pdmodel.interactive.form.PDListBox.getTopIndex(),4,1,3,3,0
org.apache.pdfbox.pdmodel.interactive.form.PDListBox.setTopIndex(Integer),11,2,2,3,0
org.apache.pdfbox.pdmodel.interactive.form.PDListBox.constructAppearances(),6,1,0,2,0
org.apache.pdfbox.pdmodel.interactive.form.PDChoice.PDChoice(PDAcroForm),5,1,5,4,0
"org.apache.pdfbox.pdmodel.interactive.form.PDChoice.PDChoice(PDAcroForm, COSDictionary, PDNonTerminalField)",4,1,5,2,0
org.apache.pdfbox.pdmodel.interactive.form.PDChoice.getOptions(),5,1,5,4,0
org.apache.pdfbox.pdmodel.interactive.form.PDChoice.setOptions(List<String>),15,3,3,7,0
"org.apache.pdfbox.pdmodel.interactive.form.PDChoice.setOptions(List<String>, List<String>)",32,5,4,15,1
org.apache.pdfbox.pdmodel.interactive.form.PDChoice.getOptionsDisplayValues(),5,1,3,4,0
org.apache.pdfbox.pdmodel.interactive.form.PDChoice.getOptionsExportValues(),4,1,2,2,0
org.apache.pdfbox.pdmodel.interactive.form.PDChoice.getSelectedOptionsIndex(),9,2,2,5,0
org.apache.pdfbox.pdmodel.interactive.form.PDChoice.setSelectedOptionsIndex(List<Integer>),16,3,4,7,0
org.apache.pdfbox.pdmodel.interactive.form.PDChoice.isSort(),4,1,4,3,0
org.apache.pdfbox.pdmodel.interactive.form.PDChoice.setSort(boolean),4,1,4,2,0
org.apache.pdfbox.pdmodel.interactive.form.PDChoice.isMultiSelect(),4,1,4,3,0
org.apache.pdfbox.pdmodel.interactive.form.PDChoice.setMultiSelect(boolean),4,1,4,2,0
org.apache.pdfbox.pdmodel.interactive.form.PDChoice.isDoNotSpellCheck(),4,1,2,3,0
org.apache.pdfbox.pdmodel.interactive.form.PDChoice.setDoNotSpellCheck(boolean),4,1,3,2,0
org.apache.pdfbox.pdmodel.interactive.form.PDChoice.isCommitOnSelChange(),4,1,2,3,0
org.apache.pdfbox.pdmodel.interactive.form.PDChoice.setCommitOnSelChange(boolean),4,1,3,2,0
org.apache.pdfbox.pdmodel.interactive.form.PDChoice.isCombo(),4,1,4,3,0
org.apache.pdfbox.pdmodel.interactive.form.PDChoice.setCombo(boolean),4,1,4,2,0
org.apache.pdfbox.pdmodel.interactive.form.PDChoice.setValue(String),6,1,3,4,0
org.apache.pdfbox.pdmodel.interactive.form.PDChoice.setDefaultValue(String),4,1,2,2,0
org.apache.pdfbox.pdmodel.interactive.form.PDChoice.setValue(List<String>),21,4,3,11,0
org.apache.pdfbox.pdmodel.interactive.form.PDChoice.getValue(),4,1,5,2,0
org.apache.pdfbox.pdmodel.interactive.form.PDChoice.getDefaultValue(),4,1,1,2,0
org.apache.pdfbox.pdmodel.interactive.form.PDChoice.getValueFor(COSName),15,3,3,8,0
org.apache.pdfbox.pdmodel.interactive.form.PDChoice.getValueAsString(),4,1,0,4,0
org.apache.pdfbox.pdmodel.interactive.form.PDChoice.updateSelectedOptionsIndex(List<String>),11,2,2,6,1
org.apache.pdfbox.pdmodel.interactive.form.PDChoice.constructAppearances(),1,1,0,0,0
org.apache.pdfbox.pdmodel.interactive.form.PDXFAResource.PDXFAResource(COSBase),4,1,2,2,0
org.apache.pdfbox.pdmodel.interactive.form.PDXFAResource.getCOSObject(),4,1,2,1,0
org.apache.pdfbox.pdmodel.interactive.form.PDXFAResource.getBytes(),47,8,4,12,3
org.apache.pdfbox.pdmodel.interactive.form.PDXFAResource.getDocument(),7,1,0,7,0
org.apache.pdfbox.pdmodel.graphics.color.PDCIEBasedColorSpace.toRGBImage(WritableRaster),24,3,2,8,2
org.apache.pdfbox.pdmodel.graphics.color.PDCIEBasedColorSpace.toString(),4,1,0,2,0
org.apache.pdfbox.pdmodel.graphics.color.PDTristimulus.PDTristimulus(),7,1,2,5,0
org.apache.pdfbox.pdmodel.graphics.color.PDTristimulus.PDTristimulus(COSArray),4,1,3,2,0
org.apache.pdfbox.pdmodel.graphics.color.PDTristimulus.PDTristimulus(float[]),8,2,3,5,1
org.apache.pdfbox.pdmodel.graphics.color.PDTristimulus.getCOSObject(),4,1,3,1,0
org.apache.pdfbox.pdmodel.graphics.color.PDTristimulus.getX(),4,1,3,3,0
org.apache.pdfbox.pdmodel.graphics.color.PDTristimulus.setX(float),4,1,3,2,0
org.apache.pdfbox.pdmodel.graphics.color.PDTristimulus.getY(),4,1,3,3,0
org.apache.pdfbox.pdmodel.graphics.color.PDTristimulus.setY(float),4,1,3,2,0
org.apache.pdfbox.pdmodel.graphics.color.PDTristimulus.getZ(),4,1,3,3,0
org.apache.pdfbox.pdmodel.graphics.color.PDTristimulus.setZ(float),4,1,3,2,0
org.apache.pdfbox.examples.pdmodel.RemoveFirstPage.RemoveFirstPage(),3,1,0,1,0
org.apache.pdfbox.examples.pdmodel.RemoveFirstPage.main(String[]),33,5,2,9,0
org.apache.pdfbox.examples.pdmodel.RemoveFirstPage.usage(),4,1,2,2,0
"org.apache.pdfbox.filter.ccitt.CCITTFaxG31DDecodeInputStream.CCITTFaxG31DDecodeInputStream(InputStream, int, int, boolean)",9,1,8,9,0
"org.apache.pdfbox.filter.ccitt.CCITTFaxG31DDecodeInputStream.CCITTFaxG31DDecodeInputStream(InputStream, int, boolean)",4,1,4,2,0
org.apache.pdfbox.filter.ccitt.CCITTFaxG31DDecodeInputStream.markSupported(),4,1,0,1,0
org.apache.pdfbox.filter.ccitt.CCITTFaxG31DDecodeInputStream.read(),13,3,2,5,0
org.apache.pdfbox.filter.ccitt.CCITTFaxG31DDecodeInputStream.decodeLine(),62,12,12,9,1
"org.apache.pdfbox.filter.ccitt.CCITTFaxG31DDecodeInputStream.writeRun(int, int)",10,2,6,3,0
org.apache.pdfbox.filter.ccitt.CCITTFaxG31DDecodeInputStream.writeNonTerminating(int),4,1,2,1,0
org.apache.pdfbox.filter.ccitt.CCITTFaxG31DDecodeInputStream.readBit(),12,4,6,3,0
org.apache.pdfbox.filter.ccitt.CCITTFaxG31DDecodeInputStream.readByte(),5,1,3,3,0
org.apache.pdfbox.filter.ccitt.CCITTFaxG31DDecodeInputStream.buildLookupTree(),12,1,8,4,0
"org.apache.pdfbox.filter.ccitt.CCITTFaxG31DDecodeInputStream.buildUpTerminating(short[], NonLeafLookupTreeNode, boolean)",8,3,5,2,1
"org.apache.pdfbox.filter.ccitt.CCITTFaxG31DDecodeInputStream.buildUpMakeUp(short[], NonLeafLookupTreeNode)",8,2,4,2,1
"org.apache.pdfbox.filter.ccitt.CCITTFaxG31DDecodeInputStream.buildUpMakeUpLong(short[], NonLeafLookupTreeNode)",8,2,4,2,1
"org.apache.pdfbox.filter.ccitt.CCITTFaxG31DDecodeInputStream.addLookupTreeNode(short, NonLeafLookupTreeNode, LookupTreeNode)",32,5,7,5,1
org.apache.pdfbox.pdmodel.graphics.color.PDDeviceN.PDDeviceN(),8,1,3,4,0
org.apache.pdfbox.pdmodel.graphics.color.PDDeviceN.PDDeviceN(COSArray),18,3,7,14,1
org.apache.pdfbox.pdmodel.graphics.color.PDDeviceN.initColorConversionCache(),45,9,3,14,3
org.apache.pdfbox.pdmodel.graphics.color.PDDeviceN.toRGBImage(WritableRaster),11,2,2,3,0
org.apache.pdfbox.pdmodel.graphics.color.PDDeviceN.toRGBWithAttributes(WritableRaster),66,9,9,16,5
org.apache.pdfbox.pdmodel.graphics.color.PDDeviceN.toRGBWithTintTransform(WritableRaster),31,5,6,12,4
org.apache.pdfbox.pdmodel.graphics.color.PDDeviceN.toRGB(float[]),11,2,3,3,0
org.apache.pdfbox.pdmodel.graphics.color.PDDeviceN.toRGBWithAttributes(float[]),36,5,6,4,1
org.apache.pdfbox.pdmodel.graphics.color.PDDeviceN.toRGBWithTintTransform(float[]),5,1,5,3,0
org.apache.pdfbox.pdmodel.graphics.color.PDDeviceN.isNChannel(),4,1,2,2,0
org.apache.pdfbox.pdmodel.graphics.color.PDDeviceN.getName(),4,1,2,2,0
org.apache.pdfbox.pdmodel.graphics.color.PDDeviceN.getNumberOfComponents(),4,1,4,3,0
org.apache.pdfbox.pdmodel.graphics.color.PDDeviceN.getDefaultDecode(int),10,2,0,2,1
org.apache.pdfbox.pdmodel.graphics.color.PDDeviceN.getInitialColor(),4,1,1,1,0
org.apache.pdfbox.pdmodel.graphics.color.PDDeviceN.getColorantNames(),5,1,7,3,0
org.apache.pdfbox.pdmodel.graphics.color.PDDeviceN.getAttributes(),4,1,2,1,0
org.apache.pdfbox.pdmodel.graphics.color.PDDeviceN.setColorantNames(List<String>),5,1,3,2,0
org.apache.pdfbox.pdmodel.graphics.color.PDDeviceN.setAttributes(PDDeviceNAttributes),16,3,4,6,1
org.apache.pdfbox.pdmodel.graphics.color.PDDeviceN.getAlternateColorSpace(),8,2,3,4,0
org.apache.pdfbox.pdmodel.graphics.color.PDDeviceN.setAlternateColorSpace(PDColorSpace),10,2,3,3,0
org.apache.pdfbox.pdmodel.graphics.color.PDDeviceN.getTintTransform(),8,2,3,4,0
org.apache.pdfbox.pdmodel.graphics.color.PDDeviceN.setTintTransform(PDFunction),5,1,3,2,0
org.apache.pdfbox.pdmodel.graphics.color.PDDeviceN.toString(),21,3,3,9,1
org.apache.pdfbox.pdmodel.graphics.color.PDDeviceNAttributes.PDDeviceNAttributes(),4,1,0,3,0
org.apache.pdfbox.pdmodel.graphics.color.PDDeviceNAttributes.PDDeviceNAttributes(COSDictionary),4,1,2,2,0
org.apache.pdfbox.pdmodel.graphics.color.PDDeviceNAttributes.getCOSDictionary(),4,1,2,1,0
org.apache.pdfbox.pdmodel.graphics.color.PDDeviceNAttributes.getColorants(),16,3,5,10,1
org.apache.pdfbox.pdmodel.graphics.color.PDDeviceNAttributes.getProcess(),9,2,4,3,0
org.apache.pdfbox.pdmodel.graphics.color.PDDeviceNAttributes.isNChannel(),4,1,3,3,0
"org.apache.pdfbox.pdmodel.graphics.color.PDDeviceNAttributes.setColorants(Map<String, PDColorSpace>)",9,2,3,2,0
org.apache.pdfbox.pdmodel.graphics.color.PDDeviceNAttributes.toString(),32,4,2,12,1
org.apache.pdfbox.pdmodel.graphics.color.PDDeviceNProcess.PDDeviceNProcess(),4,1,0,3,0
org.apache.pdfbox.pdmodel.graphics.color.PDDeviceNProcess.PDDeviceNProcess(COSDictionary),4,1,2,2,0
org.apache.pdfbox.pdmodel.graphics.color.PDDeviceNProcess.getCOSDictionary(),4,1,1,1,0
org.apache.pdfbox.pdmodel.graphics.color.PDDeviceNProcess.getColorSpace(),9,2,4,3,0
org.apache.pdfbox.pdmodel.graphics.color.PDDeviceNProcess.getComponents(),14,3,4,5,1
org.apache.pdfbox.pdmodel.graphics.color.PDDeviceNProcess.toString(),20,3,0,8,1
org.apache.pdfbox.preflight.process.StreamValidationProcess.validate(PreflightContext),15,3,1,5,1
"org.apache.pdfbox.preflight.process.StreamValidationProcess.validateStreamObject(PreflightContext, COSObject)",7,1,3,4,0
"org.apache.pdfbox.preflight.process.StreamValidationProcess.checkFilters(COSStream, PreflightContext)",26,5,5,10,1
org.apache.pdfbox.preflight.process.StreamValidationProcess.readUntilStream(InputStream),76,14,2,2,1
"org.apache.pdfbox.preflight.process.StreamValidationProcess.checkStreamLength(PreflightContext, COSObject)",104,18,7,23,3
"org.apache.pdfbox.preflight.process.StreamValidationProcess.checkDictionaryEntries(PreflightContext, COSStream)",17,3,9,3,0
"org.apache.pdfbox.preflight.process.StreamValidationProcess.addStreamLengthValidationError(PreflightContext, COSObject, int, String)",5,1,6,2,0
org.apache.pdfbox.preflight.utils.FilterHelper.FilterHelper(),3,1,0,1,0
"org.apache.pdfbox.preflight.utils.FilterHelper.isAuthorizedFilter(PreflightContext, String)",13,2,5,3,0
"org.apache.pdfbox.preflight.utils.FilterHelper.isAuthorizedFilterInPDFA(PreflightContext, String)",17,4,8,4,0
org.apache.pdfbox.rendering.TestRendering.data(),17,2,1,6,1
org.apache.pdfbox.rendering.TestRendering.TestRendering(String),4,1,1,2,0
org.apache.pdfbox.rendering.TestRendering.render(),8,1,2,5,0
org.apache.pdfbox.pdmodel.PageLayout.fromString(String),24,6,7,3,0
org.apache.pdfbox.pdmodel.PageLayout.PageLayout(String),4,1,1,2,0
org.apache.pdfbox.pdmodel.PageLayout.stringValue(),4,1,2,1,0
org.apache.pdfbox.pdmodel.PageLayout.values(),0,1,0,1,0
org.apache.pdfbox.pdmodel.PageLayout.valueOf(),0,1,0,1,0
org.apache.pdfbox.examples.pdmodel.EmbeddedFiles.EmbeddedFiles(),4,1,1,1,0
org.apache.pdfbox.examples.pdmodel.EmbeddedFiles.doIt(String),45,2,4,32,0
org.apache.pdfbox.examples.pdmodel.EmbeddedFiles.main(String[]),12,2,2,3,0
org.apache.pdfbox.examples.pdmodel.EmbeddedFiles.usage(),4,1,2,3,0
org.apache.pdfbox.debugger.treestatus.TreeStatus.TreeStatus(),3,1,0,1,0
org.apache.pdfbox.debugger.treestatus.TreeStatus.TreeStatus(Object),4,1,3,2,0
org.apache.pdfbox.debugger.treestatus.TreeStatus.getStringForPath(TreePath),4,1,3,2,0
org.apache.pdfbox.debugger.treestatus.TreeStatus.getPathForString(String),4,1,3,2,0
org.apache.pdfbox.debugger.treestatus.TreeStatus.generatePathString(TreePath),12,2,2,8,1
org.apache.pdfbox.debugger.treestatus.TreeStatus.generatePath(String),20,4,3,5,1
org.apache.pdfbox.debugger.treestatus.TreeStatus.getObjectName(Object),20,4,2,8,0
org.apache.pdfbox.debugger.treestatus.TreeStatus.parsePathString(String),19,4,2,8,1
"org.apache.pdfbox.debugger.treestatus.TreeStatus.searchNode(Object, String)",41,8,3,17,0
org.apache.pdfbox.debugger.ui.ArrayEntry.getValue(),4,1,12,1,0
org.apache.pdfbox.debugger.ui.ArrayEntry.getItem(),4,1,3,1,0
org.apache.pdfbox.debugger.ui.ArrayEntry.setValue(COSBase),4,1,3,1,0
org.apache.pdfbox.debugger.ui.ArrayEntry.setItem(COSBase),4,1,3,1,0
org.apache.pdfbox.debugger.ui.ArrayEntry.getIndex(),4,1,4,1,0
org.apache.pdfbox.debugger.ui.ArrayEntry.setIndex(int),4,1,3,1,0
"org.apache.pdfbox.debugger.ui.PageEntry.PageEntry(COSDictionary, int)",5,1,3,3,0
org.apache.pdfbox.debugger.ui.PageEntry.getDict(),4,1,6,1,0
org.apache.pdfbox.debugger.ui.PageEntry.getPageNum(),4,1,2,1,0
org.apache.pdfbox.debugger.ui.PageEntry.toString(),4,1,1,1,0
org.apache.pdfbox.debugger.ui.PageEntry.getPath(),15,2,4,8,1
org.apache.pdfbox.examples.interactive.form.FillFormField.FillFormField(),3,1,0,1,0
org.apache.pdfbox.examples.interactive.form.FillFormField.main(String[]),15,2,0,8,0
org.apache.pdfbox.pdmodel.interactive.annotation.PDAnnotationText.PDAnnotationText(),5,1,2,5,0
org.apache.pdfbox.pdmodel.interactive.annotation.PDAnnotationText.PDAnnotationText(COSDictionary),4,1,3,2,0
org.apache.pdfbox.pdmodel.interactive.annotation.PDAnnotationText.setOpen(boolean),4,1,1,3,0
org.apache.pdfbox.pdmodel.interactive.annotation.PDAnnotationText.getOpen(),4,1,0,4,0
org.apache.pdfbox.pdmodel.interactive.annotation.PDAnnotationText.setName(String),4,1,2,2,0
org.apache.pdfbox.pdmodel.interactive.annotation.PDAnnotationText.getName(),4,1,2,3,0
org.apache.pdfbox.pdmodel.interactive.annotation.PDAnnotationText.getState(),4,1,1,3,0
org.apache.pdfbox.pdmodel.interactive.annotation.PDAnnotationText.setState(String),4,1,2,2,0
org.apache.pdfbox.pdmodel.interactive.annotation.PDAnnotationText.getStateModel(),4,1,1,3,0
org.apache.pdfbox.pdmodel.interactive.annotation.PDAnnotationText.setStateModel(String),4,1,2,2,0
org.apache.pdfbox.pdmodel.graphics.shading.PDShadingType3.PDShadingType3(COSDictionary),4,1,3,2,0
org.apache.pdfbox.pdmodel.graphics.shading.PDShadingType3.getShadingType(),4,1,1,1,0
org.apache.pdfbox.pdmodel.graphics.shading.PDShadingType3.toPaint(Matrix),4,1,1,2,0
org.apache.pdfbox.pdmodel.graphics.shading.PDShadingType2.PDShadingType2(COSDictionary),4,1,4,2,0
org.apache.pdfbox.pdmodel.graphics.shading.PDShadingType2.getShadingType(),4,1,1,1,0
org.apache.pdfbox.pdmodel.graphics.shading.PDShadingType2.getExtend(),8,2,4,4,0
org.apache.pdfbox.pdmodel.graphics.shading.PDShadingType2.setExtend(COSArray),5,1,2,3,0
org.apache.pdfbox.pdmodel.graphics.shading.PDShadingType2.getDomain(),8,2,4,4,0
org.apache.pdfbox.pdmodel.graphics.shading.PDShadingType2.setDomain(COSArray),5,1,2,3,0
org.apache.pdfbox.pdmodel.graphics.shading.PDShadingType2.getCoords(),8,2,4,4,0
org.apache.pdfbox.pdmodel.graphics.shading.PDShadingType2.setCoords(COSArray),5,1,3,3,0
org.apache.pdfbox.pdmodel.graphics.shading.PDShadingType2.toPaint(Matrix),4,1,1,2,0
"org.apache.pdfbox.pdmodel.graphics.shading.RadialShadingPaint.RadialShadingPaint(PDShadingType3, Matrix)",5,1,3,3,0
org.apache.pdfbox.pdmodel.graphics.shading.RadialShadingPaint.getTransparency(),4,1,0,1,0
"org.apache.pdfbox.pdmodel.graphics.shading.RadialShadingPaint.createContext(ColorModel, Rectangle, Rectangle2D, AffineTransform, RenderingHints)",13,2,9,5,0
"org.apache.pdfbox.pdmodel.graphics.shading.ShadingContext.ShadingContext(PDShading, ColorModel, AffineTransform, Matrix)",20,3,12,15,0
org.apache.pdfbox.pdmodel.graphics.shading.ShadingContext.getShadingColorSpace(),4,1,3,1,0
org.apache.pdfbox.pdmodel.graphics.shading.ShadingContext.getShading(),4,1,2,1,0
org.apache.pdfbox.pdmodel.graphics.shading.ShadingContext.getBackground(),4,1,5,1,0
org.apache.pdfbox.pdmodel.graphics.shading.ShadingContext.getRgbBackground(),4,1,4,1,0
"org.apache.pdfbox.pdmodel.graphics.shading.ShadingContext.transformBBox(Matrix, AffineTransform)",19,2,9,14,0
org.apache.pdfbox.pdmodel.graphics.shading.ShadingContext.convertToRGB(float[]),9,1,6,2,0
org.apache.pdfbox.pdmodel.graphics.shading.ShadingContext.getColorModel(),4,1,5,1,0
org.apache.pdfbox.pdmodel.graphics.shading.ShadingContext.dispose(),5,1,4,2,0
"org.apache.pdfbox.preflight.action.GoToAction.GoToAction(ActionManagerFactory, COSDictionary, PreflightContext, String)",4,1,6,2,0
org.apache.pdfbox.preflight.action.GoToAction.innerValid(),12,2,5,5,0
org.apache.pdfbox.pdmodel.graphics.optionalcontent.PDOptionalContentGroup.PDOptionalContentGroup(String),5,1,6,3,0
org.apache.pdfbox.pdmodel.graphics.optionalcontent.PDOptionalContentGroup.PDOptionalContentGroup(COSDictionary),9,2,6,5,0
org.apache.pdfbox.pdmodel.graphics.optionalcontent.PDOptionalContentGroup.getName(),4,1,5,2,0
org.apache.pdfbox.pdmodel.graphics.optionalcontent.PDOptionalContentGroup.setName(String),4,1,4,1,0
org.apache.pdfbox.pdmodel.graphics.optionalcontent.PDOptionalContentGroup.toString(),4,1,0,3,0
org.apache.pdfbox.preflight.utils.RenderingIntents.RenderingIntents(),3,1,0,1,0
org.apache.pdfbox.preflight.utils.RenderingIntents.contains(String),4,1,4,2,0
org.apache.pdfbox.pdmodel.interactive.annotation.PDExternalDataDictionary.PDExternalDataDictionary(),5,1,2,4,0
org.apache.pdfbox.pdmodel.interactive.annotation.PDExternalDataDictionary.PDExternalDataDictionary(COSDictionary),4,1,2,2,0
org.apache.pdfbox.pdmodel.interactive.annotation.PDExternalDataDictionary.getCOSObject(),4,1,4,1,0
org.apache.pdfbox.pdmodel.interactive.annotation.PDExternalDataDictionary.getType(),4,1,1,3,0
org.apache.pdfbox.pdmodel.interactive.annotation.PDExternalDataDictionary.getSubtype(),4,1,1,3,0
org.apache.pdfbox.pdmodel.interactive.annotation.PDExternalDataDictionary.setSubtype(String),4,1,2,2,0
org.apache.xmpbox.schema.PDFAExtensionSchema.PDFAExtensionSchema(XMPMetadata),4,1,3,2,0
"org.apache.xmpbox.schema.PDFAExtensionSchema.PDFAExtensionSchema(XMPMetadata, String)",4,1,2,2,0
org.apache.xmpbox.schema.PDFAExtensionSchema.getSchemasProperty(),4,1,2,2,0
"org.apache.pdfbox.debugger.streampane.Stream.Stream(COSStream, boolean)",7,1,3,7,0
org.apache.pdfbox.debugger.streampane.Stream.isImage(),4,1,3,1,0
org.apache.pdfbox.debugger.streampane.Stream.getFilterList(),9,2,2,5,1
org.apache.pdfbox.debugger.streampane.Stream.getFilteredLabel(),22,5,3,8,1
org.apache.pdfbox.debugger.streampane.Stream.getStream(String),23,4,7,9,0
org.apache.pdfbox.debugger.streampane.Stream.getImage(PDResources),21,3,5,6,0
org.apache.pdfbox.debugger.streampane.Stream.createFilterList(COSStream),20,4,5,9,1
org.apache.pdfbox.debugger.streampane.Stream.getPartialStreamCommand(int),11,2,3,12,1
org.apache.pdfbox.debugger.streampane.Stream.getStopFilterList(int),7,1,3,7,0
"org.apache.pdfbox.debugger.streampane.Stream.isImageStream(COSDictionary, boolean)",8,2,5,4,0
"org.apache.pdfbox.io.RandomAccessFile.RandomAccessFile(File, String)",4,1,6,2,0
org.apache.pdfbox.io.RandomAccessFile.close(),5,1,2,2,0
org.apache.pdfbox.io.RandomAccessFile.clear(),6,1,1,3,0
org.apache.pdfbox.io.RandomAccessFile.seek(long),5,1,3,2,0
org.apache.pdfbox.io.RandomAccessFile.getPosition(),5,1,3,3,0
org.apache.pdfbox.io.RandomAccessFile.read(),5,1,2,3,0
org.apache.pdfbox.io.RandomAccessFile.read(byte[]),5,1,2,3,0
"org.apache.pdfbox.io.RandomAccessFile.read(byte[], int, int)",5,1,5,3,0
org.apache.pdfbox.io.RandomAccessFile.length(),5,1,2,3,0
org.apache.pdfbox.io.RandomAccessFile.checkClosed(),7,2,13,1,0
org.apache.pdfbox.io.RandomAccessFile.isClosed(),4,1,1,1,0
"org.apache.pdfbox.io.RandomAccessFile.write(byte[], int, int)",5,1,5,2,0
org.apache.pdfbox.io.RandomAccessFile.write(byte[]),4,1,2,1,0
org.apache.pdfbox.io.RandomAccessFile.write(int),5,1,2,2,0
org.apache.pdfbox.io.RandomAccessFile.peek(),9,2,1,3,0
org.apache.pdfbox.io.RandomAccessFile.rewind(int),5,1,3,3,0
org.apache.pdfbox.io.RandomAccessFile.readFully(int),7,1,2,3,0
org.apache.pdfbox.io.RandomAccessFile.isEOF(),4,1,0,2,0
org.apache.pdfbox.io.RandomAccessFile.available(),5,1,2,5,0
org.apache.fontbox.pfb.PfbParser.PfbParser(String),4,1,2,4,0
org.apache.fontbox.pfb.PfbParser.PfbParser(InputStream),5,1,3,3,0
org.apache.fontbox.pfb.PfbParser.PfbParser(byte[]),4,1,3,2,0
org.apache.fontbox.pfb.PfbParser.parsePfb(byte[]),33,6,8,8,1
org.apache.fontbox.pfb.PfbParser.readPfbInput(InputStream),11,2,3,5,1
org.apache.fontbox.pfb.PfbParser.getLengths(),4,1,2,1,0
org.apache.fontbox.pfb.PfbParser.getPfbdata(),4,1,1,1,0
org.apache.fontbox.pfb.PfbParser.getInputStream(),4,1,2,2,0
org.apache.fontbox.pfb.PfbParser.size(),4,1,3,1,0
org.apache.fontbox.pfb.PfbParser.getSegment1(),4,1,4,2,0
org.apache.fontbox.pfb.PfbParser.getSegment2(),4,1,4,2,0
org.apache.pdfbox.pdmodel.encryption.StandardDecryptionMaterial.StandardDecryptionMaterial(String),4,1,2,2,0
org.apache.pdfbox.pdmodel.encryption.StandardDecryptionMaterial.getPassword(),4,1,2,1,0
org.apache.pdfbox.pdmodel.interactive.measurement.PDMeasureDictionary.PDMeasureDictionary(),5,1,2,5,0
org.apache.pdfbox.pdmodel.interactive.measurement.PDMeasureDictionary.PDMeasureDictionary(COSDictionary),4,1,3,2,0
org.apache.pdfbox.pdmodel.interactive.measurement.PDMeasureDictionary.getCOSObject(),4,1,22,1,0
org.apache.pdfbox.pdmodel.interactive.measurement.PDMeasureDictionary.getType(),4,1,1,1,0
org.apache.pdfbox.pdmodel.interactive.measurement.PDMeasureDictionary.getSubtype(),5,1,2,3,0
org.apache.pdfbox.pdmodel.interactive.measurement.PDMeasureDictionary.setSubtype(String),4,1,3,2,0
org.apache.pdfbox.pdmodel.interactive.measurement.PDRectlinearMeasureDictionary.PDRectlinearMeasureDictionary(),4,1,1,2,0
org.apache.pdfbox.pdmodel.interactive.measurement.PDRectlinearMeasureDictionary.PDRectlinearMeasureDictionary(COSDictionary),4,1,1,2,0
org.apache.pdfbox.pdmodel.interactive.measurement.PDRectlinearMeasureDictionary.getScaleRatio(),4,1,1,3,0
org.apache.pdfbox.pdmodel.interactive.measurement.PDRectlinearMeasureDictionary.setScaleRatio(String),4,1,2,2,0
org.apache.pdfbox.pdmodel.interactive.measurement.PDRectlinearMeasureDictionary.getChangeXs(),16,3,0,6,1
org.apache.pdfbox.pdmodel.interactive.measurement.PDRectlinearMeasureDictionary.setChangeXs(PDNumberFormatDictionary[]),9,2,1,4,1
org.apache.pdfbox.pdmodel.interactive.measurement.PDRectlinearMeasureDictionary.getChangeYs(),16,3,0,6,1
org.apache.pdfbox.pdmodel.interactive.measurement.PDRectlinearMeasureDictionary.setChangeYs(PDNumberFormatDictionary[]),9,2,1,4,1
org.apache.pdfbox.pdmodel.interactive.measurement.PDRectlinearMeasureDictionary.getDistances(),16,3,0,6,1
org.apache.pdfbox.pdmodel.interactive.measurement.PDRectlinearMeasureDictionary.setDistances(PDNumberFormatDictionary[]),9,2,1,4,1
org.apache.pdfbox.pdmodel.interactive.measurement.PDRectlinearMeasureDictionary.getAreas(),16,3,1,6,1
org.apache.pdfbox.pdmodel.interactive.measurement.PDRectlinearMeasureDictionary.setAreas(PDNumberFormatDictionary[]),9,2,2,4,1
org.apache.pdfbox.pdmodel.interactive.measurement.PDRectlinearMeasureDictionary.getAngles(),16,3,0,6,1
org.apache.pdfbox.pdmodel.interactive.measurement.PDRectlinearMeasureDictionary.setAngles(PDNumberFormatDictionary[]),9,2,1,4,1
org.apache.pdfbox.pdmodel.interactive.measurement.PDRectlinearMeasureDictionary.getLineSloaps(),16,3,0,6,1
org.apache.pdfbox.pdmodel.interactive.measurement.PDRectlinearMeasureDictionary.setLineSloaps(PDNumberFormatDictionary[]),9,2,1,4,1
org.apache.pdfbox.pdmodel.interactive.measurement.PDRectlinearMeasureDictionary.getCoordSystemOrigin(),9,2,0,4,0
org.apache.pdfbox.pdmodel.interactive.measurement.PDRectlinearMeasureDictionary.setCoordSystemOrigin(float[]),6,1,1,4,0
org.apache.pdfbox.pdmodel.interactive.measurement.PDRectlinearMeasureDictionary.getCYX(),4,1,0,3,0
org.apache.pdfbox.pdmodel.interactive.measurement.PDRectlinearMeasureDictionary.setCYX(float),4,1,1,2,0
"org.apache.pdfbox.pdmodel.encryption.PublicKeyDecryptionMaterial.PublicKeyDecryptionMaterial(KeyStore, String, String)",6,1,4,4,0
org.apache.pdfbox.pdmodel.encryption.PublicKeyDecryptionMaterial.getCertificate(),17,3,3,7,0
org.apache.pdfbox.pdmodel.encryption.PublicKeyDecryptionMaterial.getPassword(),4,1,1,1,0
org.apache.pdfbox.pdmodel.encryption.PublicKeyDecryptionMaterial.getPrivateKey(),28,5,6,9,0
org.apache.pdfbox.pdmodel.encryption.MessageDigests.MessageDigests(),3,1,0,1,0
org.apache.pdfbox.pdmodel.encryption.MessageDigests.getMD5(),11,2,6,3,0
org.apache.pdfbox.pdmodel.encryption.MessageDigests.getSHA1(),11,2,3,3,0
"org.apache.pdfbox.pdmodel.graphics.blend.BlendComposite.getInstance(BlendMode, float)",21,4,7,4,0
"org.apache.pdfbox.pdmodel.graphics.blend.BlendComposite.BlendComposite(BlendMode, float)",6,1,3,3,0
"org.apache.pdfbox.pdmodel.graphics.blend.BlendComposite.createContext(ColorModel, ColorModel, RenderingHints)",5,1,3,2,0
"org.apache.xmpbox.type.ProperNameType.ProperNameType(XMPMetadata, String, String, String, Object)",4,1,6,2,0
org.apache.fontbox.type1.DamagedFontException.DamagedFontException(String),4,1,2,2,0
org.apache.pdfbox.pdmodel.font.FontInfo.getPostScriptName(),1,1,3,1,0
org.apache.pdfbox.pdmodel.font.FontInfo.getFormat(),1,1,3,1,0
org.apache.pdfbox.pdmodel.font.FontInfo.getCIDSystemInfo(),1,1,3,1,0
org.apache.pdfbox.pdmodel.font.FontInfo.getFont(),1,1,2,1,0
org.apache.pdfbox.pdmodel.font.FontInfo.getFamilyClass(),1,1,2,1,0
org.apache.pdfbox.pdmodel.font.FontInfo.getWeightClass(),1,1,2,1,0
org.apache.pdfbox.pdmodel.font.FontInfo.getWeightClassAsPanose(),19,12,1,2,0
org.apache.pdfbox.pdmodel.font.FontInfo.getCodePageRange1(),1,1,1,1,0
org.apache.pdfbox.pdmodel.font.FontInfo.getCodePageRange2(),1,1,1,1,0
org.apache.pdfbox.pdmodel.font.FontInfo.getCodePageRange(),6,1,1,3,0
org.apache.pdfbox.pdmodel.font.FontInfo.getMacStyle(),1,1,2,1,0
org.apache.pdfbox.pdmodel.font.FontInfo.getPanose(),1,1,2,1,0
org.apache.pdfbox.pdmodel.font.FontInfo.toString(),7,1,1,7,0
"org.apache.pdfbox.pdmodel.font.CIDSystemInfo.CIDSystemInfo(String, String, int)",6,1,5,4,0
org.apache.pdfbox.pdmodel.font.CIDSystemInfo.getRegistry(),4,1,4,1,0
org.apache.pdfbox.pdmodel.font.CIDSystemInfo.getOrdering(),4,1,4,1,0
org.apache.pdfbox.pdmodel.font.CIDSystemInfo.getSupplement(),4,1,3,1,0
org.apache.pdfbox.pdmodel.font.CIDSystemInfo.toString(),4,1,0,4,0
org.apache.pdfbox.pdmodel.font.FontFormat.values(),0,1,0,1,0
org.apache.pdfbox.pdmodel.font.FontFormat.valueOf(),0,1,0,1,0
org.apache.pdfbox.pdmodel.font.PDPanoseClassification.PDPanoseClassification(byte[]),4,1,3,2,0
org.apache.pdfbox.pdmodel.font.PDPanoseClassification.getFamilyKind(),4,1,4,1,0
org.apache.pdfbox.pdmodel.font.PDPanoseClassification.getSerifStyle(),4,1,4,1,0
org.apache.pdfbox.pdmodel.font.PDPanoseClassification.getWeight(),4,1,4,1,0
org.apache.pdfbox.pdmodel.font.PDPanoseClassification.getProportion(),4,1,3,1,0
org.apache.pdfbox.pdmodel.font.PDPanoseClassification.getContrast(),4,1,3,1,0
org.apache.pdfbox.pdmodel.font.PDPanoseClassification.getStrokeVariation(),4,1,3,1,0
org.apache.pdfbox.pdmodel.font.PDPanoseClassification.getArmStyle(),4,1,3,1,0
org.apache.pdfbox.pdmodel.font.PDPanoseClassification.getLetterform(),4,1,3,1,0
org.apache.pdfbox.pdmodel.font.PDPanoseClassification.getMidline(),4,1,3,1,0
org.apache.pdfbox.pdmodel.font.PDPanoseClassification.getXHeight(),4,1,3,1,0
org.apache.pdfbox.pdmodel.font.PDPanoseClassification.getBytes(),4,1,2,1,0
org.apache.pdfbox.pdmodel.font.PDPanoseClassification.toString(),13,1,0,11,0
org.apache.pdfbox.pdmodel.common.PDNumberTreeNode.PDNumberTreeNode(Class<? extends COSObjectable>),5,1,2,4,0
"org.apache.pdfbox.pdmodel.common.PDNumberTreeNode.PDNumberTreeNode(COSDictionary, Class<? extends COSObjectable>)",5,1,6,3,0
org.apache.pdfbox.pdmodel.common.PDNumberTreeNode.getCOSObject(),4,1,2,1,0
org.apache.pdfbox.pdmodel.common.PDNumberTreeNode.getKids(),15,3,5,8,1
org.apache.pdfbox.pdmodel.common.PDNumberTreeNode.setKids(List<? extends PDNumberTreeNode>),17,3,9,9,0
org.apache.pdfbox.pdmodel.common.PDNumberTreeNode.getValue(Integer),30,5,3,10,1
org.apache.pdfbox.pdmodel.common.PDNumberTreeNode.getNumbers(),18,3,4,9,1
org.apache.pdfbox.pdmodel.common.PDNumberTreeNode.convertCOSToPD(COSBase),14,2,4,6,0
org.apache.pdfbox.pdmodel.common.PDNumberTreeNode.createChildNode(COSDictionary),4,1,3,2,0
"org.apache.pdfbox.pdmodel.common.PDNumberTreeNode.setNumbers(Map<Integer, ? extends COSObjectable>)",30,4,8,14,1
org.apache.pdfbox.pdmodel.common.PDNumberTreeNode.getUpperLimit(),10,2,5,4,0
org.apache.pdfbox.pdmodel.common.PDNumberTreeNode.setUpperLimit(Integer),19,3,5,6,0
org.apache.pdfbox.pdmodel.common.PDNumberTreeNode.getLowerLimit(),10,2,5,4,0
org.apache.pdfbox.pdmodel.common.PDNumberTreeNode.setLowerLimit(Integer),19,3,5,6,0
org.apache.pdfbox.filter.MissingImageReaderException.MissingImageReaderException(String),4,1,3,2,0
org.apache.pdfbox.pdmodel.MissingResourceException.MissingResourceException(String),4,1,3,2,0
org.apache.pdfbox.pdmodel.font.PDFontFactory.PDFontFactory(),3,1,0,1,0
org.apache.pdfbox.pdmodel.font.PDFontFactory.createFont(COSDictionary),52,11,20,16,0
"org.apache.pdfbox.pdmodel.font.PDFontFactory.createDescendantFont(COSDictionary, PDType0Font)",22,4,8,9,0
org.apache.pdfbox.pdmodel.font.PDFontFactory.createDefaultFont(),8,1,6,5,0
"org.apache.pdfbox.pdmodel.font.PDType3CharProc.PDType3CharProc(PDType3Font, COSStream)",5,1,4,3,0
org.apache.pdfbox.pdmodel.font.PDType3CharProc.getCOSObject(),4,1,1,1,0
org.apache.pdfbox.pdmodel.font.PDType3CharProc.getFont(),4,1,1,1,0
org.apache.pdfbox.pdmodel.font.PDType3CharProc.getContentStream(),4,1,1,2,0
org.apache.pdfbox.pdmodel.font.PDType3CharProc.getContents(),4,1,1,2,0
org.apache.pdfbox.pdmodel.font.PDType3CharProc.getResources(),4,1,1,2,0
org.apache.pdfbox.pdmodel.font.PDType3CharProc.getBBox(),4,1,1,2,0
org.apache.pdfbox.pdmodel.font.PDType3CharProc.getGlyphBBox(),41,7,1,12,2
org.apache.pdfbox.pdmodel.font.PDType3CharProc.getMatrix(),4,1,2,2,0
org.apache.pdfbox.pdmodel.font.PDType3CharProc.getWidth(),23,4,1,8,1
"org.apache.pdfbox.pdmodel.font.PDType3CharProc.parseWidth(Operator, List)",23,4,3,9,0
org.apache.pdfbox.pdmodel.graphics.PDLineDashPattern.PDLineDashPattern(),5,1,0,3,0
"org.apache.pdfbox.pdmodel.graphics.PDLineDashPattern.PDLineDashPattern(COSArray, int)",5,1,6,4,0
org.apache.pdfbox.pdmodel.graphics.PDLineDashPattern.getCOSObject(),7,1,3,6,0
org.apache.pdfbox.pdmodel.graphics.PDLineDashPattern.getPhase(),4,1,2,1,0
org.apache.pdfbox.pdmodel.graphics.PDLineDashPattern.getDashArray(),4,1,3,2,0
org.apache.pdfbox.tools.imageio.JPEGUtil.JPEGUtil(),3,1,0,1,0
"org.apache.pdfbox.tools.imageio.JPEGUtil.updateMetadata(IIOMetadata, int)",47,7,4,12,0
org.apache.pdfbox.pdmodel.font.PDPanose.PDPanose(byte[]),4,1,3,2,0
org.apache.pdfbox.pdmodel.font.PDPanose.getFamilyClass(),4,1,1,1,0
org.apache.pdfbox.pdmodel.font.PDPanose.getPanose(),5,1,3,3,0
"org.apache.pdfbox.preflight.font.Type1FontValidator.Type1FontValidator(PreflightContext, PDSimpleFont)",4,1,3,4,0
org.apache.pdfbox.preflight.font.Type1FontValidator.createFontDescriptorHelper(),4,1,3,2,0
org.apache.pdfbox.preflight.font.Type1FontValidator.checkEncoding(),24,5,10,9,0
org.apache.pdfbox.preflight.font.container.Type1Container.Type1Container(PDSimpleFont),4,1,2,2,0
org.apache.pdfbox.preflight.font.container.Type1Container.hasGlyph(int),9,2,2,6,0
"org.apache.pdfbox.preflight.font.descriptor.Type1DescriptorHelper.Type1DescriptorHelper(PreflightContext, PDSimpleFont, Type1Container)",4,1,4,2,0
org.apache.pdfbox.preflight.font.descriptor.Type1DescriptorHelper.checkMandatoryFields(COSDictionary),16,3,4,8,0
org.apache.pdfbox.preflight.font.descriptor.Type1DescriptorHelper.extractFontFile(PDFontDescriptor),30,4,6,10,0
"org.apache.pdfbox.preflight.font.descriptor.Type1DescriptorHelper.processFontFile(PDFontDescriptor, PDStream)",8,2,3,4,0
org.apache.pdfbox.pdmodel.fdf.FDFAnnotationTest.loadXFDFAnnotations(),25,3,0,10,0
"org.apache.pdfbox.contentstream.operator.markedcontent.BeginMarkedContentSequenceWithProperties.process(Operator, List<COSBase>)",20,5,2,1,1
org.apache.pdfbox.contentstream.operator.markedcontent.BeginMarkedContentSequenceWithProperties.getName(),4,1,0,1,0
org.apache.pdfbox.pdmodel.interactive.annotation.PDAnnotationMarkup.PDAnnotationMarkup(),4,1,6,2,0
org.apache.pdfbox.pdmodel.interactive.annotation.PDAnnotationMarkup.PDAnnotationMarkup(COSDictionary),4,1,8,2,0
org.apache.pdfbox.pdmodel.interactive.annotation.PDAnnotationMarkup.getTitlePopup(),4,1,1,3,0
org.apache.pdfbox.pdmodel.interactive.annotation.PDAnnotationMarkup.setTitlePopup(String),4,1,2,2,0
org.apache.pdfbox.pdmodel.interactive.annotation.PDAnnotationMarkup.getPopup(),12,2,0,4,0
org.apache.pdfbox.pdmodel.interactive.annotation.PDAnnotationMarkup.setPopup(PDAnnotationPopup),4,1,1,2,0
org.apache.pdfbox.pdmodel.interactive.annotation.PDAnnotationMarkup.getConstantOpacity(),4,1,1,3,0
org.apache.pdfbox.pdmodel.interactive.annotation.PDAnnotationMarkup.setConstantOpacity(float),4,1,3,2,0
org.apache.pdfbox.pdmodel.interactive.annotation.PDAnnotationMarkup.getRichContents(),16,3,1,5,0
org.apache.pdfbox.pdmodel.interactive.annotation.PDAnnotationMarkup.setRichContents(String),4,1,2,3,0
org.apache.pdfbox.pdmodel.interactive.annotation.PDAnnotationMarkup.getCreationDate(),4,1,1,3,0
org.apache.pdfbox.pdmodel.interactive.annotation.PDAnnotationMarkup.setCreationDate(Calendar),4,1,2,2,0
org.apache.pdfbox.pdmodel.interactive.annotation.PDAnnotationMarkup.getInReplyTo(),9,2,0,4,0
org.apache.pdfbox.pdmodel.interactive.annotation.PDAnnotationMarkup.setInReplyTo(PDAnnotation),4,1,1,2,0
org.apache.pdfbox.pdmodel.interactive.annotation.PDAnnotationMarkup.getSubject(),4,1,1,3,0
org.apache.pdfbox.pdmodel.interactive.annotation.PDAnnotationMarkup.setSubject(String),4,1,2,2,0
org.apache.pdfbox.pdmodel.interactive.annotation.PDAnnotationMarkup.getReplyType(),4,1,1,3,0
org.apache.pdfbox.pdmodel.interactive.annotation.PDAnnotationMarkup.setReplyType(String),4,1,1,2,0
org.apache.pdfbox.pdmodel.interactive.annotation.PDAnnotationMarkup.getIntent(),4,1,1,3,0
org.apache.pdfbox.pdmodel.interactive.annotation.PDAnnotationMarkup.setIntent(String),4,1,2,2,0
org.apache.pdfbox.pdmodel.interactive.annotation.PDAnnotationMarkup.getExternalData(),9,2,0,4,0
org.apache.pdfbox.pdmodel.interactive.annotation.PDAnnotationMarkup.setExternalData(PDExternalDataDictionary),4,1,1,2,0
org.apache.pdfbox.pdmodel.interactive.annotation.PDAnnotationMarkup.setBorderStyle(PDBorderStyleDictionary),4,1,2,2,0
org.apache.pdfbox.pdmodel.interactive.annotation.PDAnnotationMarkup.getBorderStyle(),9,2,2,4,0
org.apache.fontbox.afm.TrackKern.getDegree(),4,1,1,1,0
org.apache.fontbox.afm.TrackKern.setDegree(int),4,1,2,1,0
org.apache.fontbox.afm.TrackKern.getMaxKern(),4,1,1,1,0
org.apache.fontbox.afm.TrackKern.setMaxKern(float),4,1,2,1,0
org.apache.fontbox.afm.TrackKern.getMaxPointSize(),4,1,1,1,0
org.apache.fontbox.afm.TrackKern.setMaxPointSize(float),4,1,2,1,0
org.apache.fontbox.afm.TrackKern.getMinKern(),4,1,1,1,0
org.apache.fontbox.afm.TrackKern.setMinKern(float),4,1,2,1,0
org.apache.fontbox.afm.TrackKern.getMinPointSize(),4,1,1,1,0
org.apache.fontbox.afm.TrackKern.setMinPointSize(float),4,1,2,1,0
org.apache.fontbox.afm.Composite.getName(),4,1,1,1,0
org.apache.fontbox.afm.Composite.setName(String),4,1,2,1,0
org.apache.fontbox.afm.Composite.addPart(CompositePart),4,1,3,1,0
org.apache.fontbox.afm.Composite.getParts(),4,1,1,1,0
org.apache.fontbox.afm.Composite.setParts(List<CompositePart>),4,1,1,1,0
org.apache.fontbox.afm.KernPair.getFirstKernCharacter(),4,1,1,1,0
org.apache.fontbox.afm.KernPair.setFirstKernCharacter(String),4,1,2,1,0
org.apache.fontbox.afm.KernPair.getSecondKernCharacter(),4,1,1,1,0
org.apache.fontbox.afm.KernPair.setSecondKernCharacter(String),4,1,2,1,0
org.apache.fontbox.afm.KernPair.getX(),4,1,1,1,0
org.apache.fontbox.afm.KernPair.setX(float),4,1,2,1,0
org.apache.fontbox.afm.KernPair.getY(),4,1,1,1,0
org.apache.fontbox.afm.KernPair.setY(float),4,1,2,1,0
"org.apache.fontbox.cff.CIDKeyedType2CharString.CIDKeyedType2CharString(Type1CharStringReader, String, int, int, List<Object>, int, int)",5,1,8,4,0
org.apache.fontbox.cff.CIDKeyedType2CharString.getCID(),4,1,1,1,0
"org.apache.fontbox.cff.Type2CharString.Type2CharString(Type1CharStringReader, String, String, int, List<Object>, int, int)",10,1,9,7,0
org.apache.fontbox.cff.Type2CharString.getGID(),4,1,2,1,0
org.apache.fontbox.cff.Type2CharString.getType2Sequence(),4,1,1,1,0
org.apache.fontbox.cff.Type2CharString.convertType1ToType2(List<Object>),13,1,2,4,0
"org.apache.fontbox.cff.Type2CharString.handleCommand(List<Integer>, CharStringCommand)",154,29,4,23,1
"org.apache.fontbox.cff.Type2CharString.clearStack(List<Integer>, boolean)",18,3,6,8,0
"org.apache.fontbox.cff.Type2CharString.expandStemHints(List<Integer>, boolean)",3,1,1,0,0
org.apache.fontbox.cff.Type2CharString.markPath(),8,2,2,2,0
org.apache.fontbox.cff.Type2CharString.closePath(),11,3,4,6,0
"org.apache.fontbox.cff.Type2CharString.drawAlternatingLine(List<Integer>, boolean)",10,3,3,4,1
"org.apache.fontbox.cff.Type2CharString.drawAlternatingCurve(List<Integer>, boolean)",23,6,3,6,1
"org.apache.fontbox.cff.Type2CharString.drawCurve(List<Integer>, boolean)",23,14,3,6,1
"org.apache.fontbox.cff.Type2CharString.addCommandList(List<List>, CharStringCommand)",7,2,3,1,1
"org.apache.fontbox.cff.Type2CharString.addCommand(List<Integer>, CharStringCommand)",5,1,10,2,0
"org.apache.fontbox.cff.Type2CharString.split(List<E>, int)",9,2,3,5,1
org.apache.pdfbox.util.Version.Version(),3,1,0,1,0
org.apache.pdfbox.util.Version.getVersion(),18,3,3,7,0
org.apache.xmpbox.schema.PDFAIdentificationOthersTest.initTempMetaData(),4,1,0,2,0
org.apache.xmpbox.schema.PDFAIdentificationOthersTest.testPDFAIdentification(),17,1,1,14,0
org.apache.xmpbox.schema.PDFAIdentificationOthersTest.testBadPDFAConformanceId(),6,1,1,2,0
org.apache.xmpbox.schema.PDFAIdentificationOthersTest.testBadVersionIdValueType(),6,1,1,2,0
"org.apache.pdfbox.pdmodel.graphics.shading.AxialShadingPaint.AxialShadingPaint(PDShadingType2, Matrix)",5,1,3,3,0
org.apache.pdfbox.pdmodel.graphics.shading.AxialShadingPaint.getTransparency(),4,1,0,1,0
"org.apache.pdfbox.pdmodel.graphics.shading.AxialShadingPaint.createContext(ColorModel, Rectangle, Rectangle2D, AffineTransform, RenderingHints)",13,2,9,5,0
"org.apache.pdfbox.pdmodel.graphics.shading.AxialShadingContext.AxialShadingContext(PDShadingType2, ColorModel, AffineTransform, Matrix, Rectangle)",45,4,13,32,0
org.apache.pdfbox.pdmodel.graphics.shading.AxialShadingContext.calcColorTable(),19,3,5,3,1
org.apache.pdfbox.pdmodel.graphics.shading.AxialShadingContext.dispose(),5,1,0,2,0
org.apache.pdfbox.pdmodel.graphics.shading.AxialShadingContext.getColorModel(),4,1,1,2,0
"org.apache.pdfbox.pdmodel.graphics.shading.AxialShadingContext.getRaster(int, int, int, int)",89,14,17,7,2
org.apache.pdfbox.pdmodel.graphics.shading.AxialShadingContext.getCoords(),4,1,1,1,0
org.apache.pdfbox.pdmodel.graphics.shading.AxialShadingContext.getDomain(),4,1,1,1,0
org.apache.pdfbox.pdmodel.graphics.shading.AxialShadingContext.getExtend(),4,1,1,1,0
org.apache.pdfbox.pdmodel.graphics.shading.AxialShadingContext.getFunction(),4,1,1,2,0
"org.apache.xmpbox.type.LocaleType.LocaleType(XMPMetadata, String, String, String, Object)",4,1,6,2,0
"org.apache.pdfbox.contentstream.operator.graphics.CloseAndStrokePath.process(Operator, List<COSBase>)",5,1,2,1,0
org.apache.pdfbox.contentstream.operator.graphics.CloseAndStrokePath.getName(),4,1,0,1,0
org.apache.pdfbox.pdmodel.interactive.action.PDActionURI.PDActionURI(),5,1,5,4,0
org.apache.pdfbox.pdmodel.interactive.action.PDActionURI.PDActionURI(COSDictionary),4,1,3,2,0
org.apache.pdfbox.pdmodel.interactive.action.PDActionURI.getS(),4,1,2,2,0
org.apache.pdfbox.pdmodel.interactive.action.PDActionURI.setS(String),4,1,3,1,0
org.apache.pdfbox.pdmodel.interactive.action.PDActionURI.getURI(),4,1,4,2,0
org.apache.pdfbox.pdmodel.interactive.action.PDActionURI.setURI(String),4,1,6,1,0
org.apache.pdfbox.pdmodel.interactive.action.PDActionURI.shouldTrackMousePosition(),4,1,1,2,0
org.apache.pdfbox.pdmodel.interactive.action.PDActionURI.setTrackMousePosition(boolean),4,1,2,1,0
org.apache.fontbox.cff.CFFFont.getName(),4,1,1,1,0
org.apache.fontbox.cff.CFFFont.setName(String),4,1,2,1,0
"org.apache.fontbox.cff.CFFFont.addValueToTopDict(String, Object)",7,2,4,1,0
org.apache.fontbox.cff.CFFFont.getTopDict(),4,1,1,1,0
org.apache.fontbox.cff.CFFFont.getFontMatrix(),1,1,0,1,0
org.apache.fontbox.cff.CFFFont.getFontBBox(),5,1,2,3,0
org.apache.fontbox.cff.CFFFont.getCharset(),4,1,2,1,0
org.apache.fontbox.cff.CFFFont.setCharset(CFFCharset),4,1,2,1,0
org.apache.fontbox.cff.CFFFont.getCharStringBytes(),4,1,1,2,0
org.apache.fontbox.cff.CFFFont.setData(CFFParser.ByteSource),4,1,2,1,0
org.apache.fontbox.cff.CFFFont.getData(),4,1,1,2,0
org.apache.fontbox.cff.CFFFont.getNumCharStrings(),4,1,2,1,0
org.apache.fontbox.cff.CFFFont.setGlobalSubrIndex(byte[][]),4,1,2,1,0
org.apache.fontbox.cff.CFFFont.getGlobalSubrIndex(),4,1,1,2,0
org.apache.fontbox.cff.CFFFont.getType2CharString(int),1,1,2,1,0
org.apache.fontbox.cff.CFFFont.toString(),6,1,4,5,0
org.apache.pdfbox.pdmodel.interactive.digitalsignature.visible.PDFTemplateCreator.PDFTemplateCreator(PDFTemplateBuilder),4,1,2,2,0
org.apache.pdfbox.pdmodel.interactive.digitalsignature.visible.PDFTemplateCreator.getPdfStructure(),4,1,1,2,0
org.apache.pdfbox.pdmodel.interactive.digitalsignature.visible.PDFTemplateCreator.buildPDF(PDVisibleSignDesigner),53,1,4,55,0
org.apache.pdfbox.pdmodel.interactive.digitalsignature.visible.PDFTemplateStructure.getPage(),4,1,2,1,0
org.apache.pdfbox.pdmodel.interactive.digitalsignature.visible.PDFTemplateStructure.setPage(PDPage),4,1,2,1,0
org.apache.pdfbox.pdmodel.interactive.digitalsignature.visible.PDFTemplateStructure.getTemplate(),4,1,4,1,0
org.apache.pdfbox.pdmodel.interactive.digitalsignature.visible.PDFTemplateStructure.setTemplate(PDDocument),4,1,2,1,0
org.apache.pdfbox.pdmodel.interactive.digitalsignature.visible.PDFTemplateStructure.getAcroForm(),4,1,2,1,0
org.apache.pdfbox.pdmodel.interactive.digitalsignature.visible.PDFTemplateStructure.setAcroForm(PDAcroForm),4,1,2,1,0
org.apache.pdfbox.pdmodel.interactive.digitalsignature.visible.PDFTemplateStructure.getSignatureField(),4,1,2,1,0
org.apache.pdfbox.pdmodel.interactive.digitalsignature.visible.PDFTemplateStructure.setSignatureField(PDSignatureField),4,1,2,1,0
org.apache.pdfbox.pdmodel.interactive.digitalsignature.visible.PDFTemplateStructure.getPdSignature(),4,1,1,1,0
org.apache.pdfbox.pdmodel.interactive.digitalsignature.visible.PDFTemplateStructure.setPdSignature(PDSignature),4,1,2,1,0
org.apache.pdfbox.pdmodel.interactive.digitalsignature.visible.PDFTemplateStructure.getAcroFormDictionary(),4,1,1,1,0
org.apache.pdfbox.pdmodel.interactive.digitalsignature.visible.PDFTemplateStructure.setAcroFormDictionary(COSDictionary),4,1,2,1,0
org.apache.pdfbox.pdmodel.interactive.digitalsignature.visible.PDFTemplateStructure.getSignatureRectangle(),4,1,1,1,0
org.apache.pdfbox.pdmodel.interactive.digitalsignature.visible.PDFTemplateStructure.setSignatureRectangle(PDRectangle),4,1,2,1,0
org.apache.pdfbox.pdmodel.interactive.digitalsignature.visible.PDFTemplateStructure.getAffineTransform(),4,1,2,1,0
org.apache.pdfbox.pdmodel.interactive.digitalsignature.visible.PDFTemplateStructure.setAffineTransform(AffineTransform),4,1,2,1,0
org.apache.pdfbox.pdmodel.interactive.digitalsignature.visible.PDFTemplateStructure.getProcSet(),4,1,2,1,0
org.apache.pdfbox.pdmodel.interactive.digitalsignature.visible.PDFTemplateStructure.setProcSet(COSArray),4,1,2,1,0
org.apache.pdfbox.pdmodel.interactive.digitalsignature.visible.PDFTemplateStructure.getImage(),4,1,2,1,0
org.apache.pdfbox.pdmodel.interactive.digitalsignature.visible.PDFTemplateStructure.setImage(PDImageXObject),4,1,2,1,0
org.apache.pdfbox.pdmodel.interactive.digitalsignature.visible.PDFTemplateStructure.getFormatterRectangle(),4,1,2,1,0
org.apache.pdfbox.pdmodel.interactive.digitalsignature.visible.PDFTemplateStructure.setFormatterRectangle(PDRectangle),4,1,2,1,0
org.apache.pdfbox.pdmodel.interactive.digitalsignature.visible.PDFTemplateStructure.getHolderFormStream(),4,1,3,1,0
org.apache.pdfbox.pdmodel.interactive.digitalsignature.visible.PDFTemplateStructure.setHolderFormStream(PDStream),4,1,2,1,0
org.apache.pdfbox.pdmodel.interactive.digitalsignature.visible.PDFTemplateStructure.getHolderForm(),4,1,2,1,0
org.apache.pdfbox.pdmodel.interactive.digitalsignature.visible.PDFTemplateStructure.setHolderForm(PDFormXObject),4,1,2,1,0
org.apache.pdfbox.pdmodel.interactive.digitalsignature.visible.PDFTemplateStructure.getHolderFormResources(),4,1,2,1,0
org.apache.pdfbox.pdmodel.interactive.digitalsignature.visible.PDFTemplateStructure.setHolderFormResources(PDResources),4,1,2,1,0
org.apache.pdfbox.pdmodel.interactive.digitalsignature.visible.PDFTemplateStructure.getAppearanceDictionary(),4,1,1,1,0
org.apache.pdfbox.pdmodel.interactive.digitalsignature.visible.PDFTemplateStructure.setAppearanceDictionary(PDAppearanceDictionary),4,1,2,1,0
org.apache.pdfbox.pdmodel.interactive.digitalsignature.visible.PDFTemplateStructure.getInnerFormStream(),4,1,3,1,0
org.apache.pdfbox.pdmodel.interactive.digitalsignature.visible.PDFTemplateStructure.setInnterFormStream(PDStream),4,1,2,1,0
org.apache.pdfbox.pdmodel.interactive.digitalsignature.visible.PDFTemplateStructure.getInnerFormResources(),4,1,2,1,0
org.apache.pdfbox.pdmodel.interactive.digitalsignature.visible.PDFTemplateStructure.setInnerFormResources(PDResources),4,1,2,1,0
org.apache.pdfbox.pdmodel.interactive.digitalsignature.visible.PDFTemplateStructure.getInnerForm(),4,1,2,1,0
org.apache.pdfbox.pdmodel.interactive.digitalsignature.visible.PDFTemplateStructure.setInnerForm(PDFormXObject),4,1,2,1,0
org.apache.pdfbox.pdmodel.interactive.digitalsignature.visible.PDFTemplateStructure.getInnerFormName(),4,1,2,1,0
org.apache.pdfbox.pdmodel.interactive.digitalsignature.visible.PDFTemplateStructure.setInnerFormName(COSName),4,1,2,1,0
org.apache.pdfbox.pdmodel.interactive.digitalsignature.visible.PDFTemplateStructure.getImageFormStream(),4,1,3,1,0
org.apache.pdfbox.pdmodel.interactive.digitalsignature.visible.PDFTemplateStructure.setImageFormStream(PDStream),4,1,2,1,0
org.apache.pdfbox.pdmodel.interactive.digitalsignature.visible.PDFTemplateStructure.getImageFormResources(),4,1,2,1,0
org.apache.pdfbox.pdmodel.interactive.digitalsignature.visible.PDFTemplateStructure.setImageFormResources(PDResources),4,1,2,1,0
org.apache.pdfbox.pdmodel.interactive.digitalsignature.visible.PDFTemplateStructure.getImageForm(),4,1,1,1,0
org.apache.pdfbox.pdmodel.interactive.digitalsignature.visible.PDFTemplateStructure.setImageForm(PDFormXObject),4,1,2,1,0
org.apache.pdfbox.pdmodel.interactive.digitalsignature.visible.PDFTemplateStructure.getImageFormName(),4,1,2,1,0
org.apache.pdfbox.pdmodel.interactive.digitalsignature.visible.PDFTemplateStructure.setImageFormName(COSName),4,1,2,1,0
org.apache.pdfbox.pdmodel.interactive.digitalsignature.visible.PDFTemplateStructure.getImageName(),4,1,2,1,0
org.apache.pdfbox.pdmodel.interactive.digitalsignature.visible.PDFTemplateStructure.setImageName(COSName),4,1,2,1,0
org.apache.pdfbox.pdmodel.interactive.digitalsignature.visible.PDFTemplateStructure.getVisualSignature(),4,1,2,1,0
org.apache.pdfbox.pdmodel.interactive.digitalsignature.visible.PDFTemplateStructure.setVisualSignature(COSDocument),4,1,2,1,0
org.apache.pdfbox.pdmodel.interactive.digitalsignature.visible.PDFTemplateStructure.getAcroFormFields(),4,1,1,1,0
org.apache.pdfbox.pdmodel.interactive.digitalsignature.visible.PDFTemplateStructure.setAcroFormFields(List<PDField>),4,1,2,1,0
org.apache.pdfbox.pdmodel.interactive.digitalsignature.visible.PDFTemplateStructure.getTemplateAppearanceStream(),10,1,1,9,0
org.apache.pdfbox.pdmodel.interactive.digitalsignature.visible.PDFTemplateStructure.getWidgetDictionary(),4,1,1,1,0
org.apache.pdfbox.pdmodel.interactive.digitalsignature.visible.PDFTemplateStructure.setWidgetDictionary(COSDictionary),4,1,2,1,0
org.apache.fontbox.ttf.CFFTable.CFFTable(TrueTypeFont),4,1,2,2,0
"org.apache.fontbox.ttf.CFFTable.read(TrueTypeFont, TTFDataStream)",7,1,2,7,0
org.apache.fontbox.ttf.CFFTable.getFont(),4,1,5,1,0
org.apache.pdfbox.examples.pdmodel.HelloWorldType1.HelloWorldType1(),3,1,0,1,0
org.apache.pdfbox.examples.pdmodel.HelloWorldType1.main(String[]),32,2,4,17,0
org.apache.fontbox.afm.Ligature.getLigature(),4,1,1,1,0
org.apache.fontbox.afm.Ligature.setLigature(String),4,1,2,1,0
org.apache.fontbox.afm.Ligature.getSuccessor(),4,1,1,1,0
org.apache.fontbox.afm.Ligature.setSuccessor(String),4,1,2,1,0
"org.apache.xmpbox.type.XPathType.XPathType(XMPMetadata, String, String, String, Object)",4,1,6,2,0
"org.apache.pdfbox.pdmodel.graphics.shading.Type6ShadingPaint.Type6ShadingPaint(PDShadingType6, Matrix)",5,1,3,3,0
org.apache.pdfbox.pdmodel.graphics.shading.Type6ShadingPaint.getTransparency(),4,1,0,1,0
"org.apache.pdfbox.pdmodel.graphics.shading.Type6ShadingPaint.createContext(ColorModel, Rectangle, Rectangle2D, AffineTransform, RenderingHints)",13,2,9,5,0
"org.apache.pdfbox.pdmodel.graphics.shading.Type6ShadingContext.Type6ShadingContext(PDShadingType6, ColorModel, AffineTransform, Matrix, Rectangle)",5,1,6,2,0
"org.apache.pdfbox.pdmodel.graphics.shading.Type6ShadingContext.generatePatch(Point2D[], float[][])",4,1,2,2,0
org.apache.pdfbox.pdmodel.graphics.state.RenderingMode.fromInt(int),4,1,3,1,0
org.apache.pdfbox.pdmodel.graphics.state.RenderingMode.RenderingMode(int),4,1,1,2,0
org.apache.pdfbox.pdmodel.graphics.state.RenderingMode.intValue(),4,1,1,1,0
org.apache.pdfbox.pdmodel.graphics.state.RenderingMode.isFill(),7,1,5,1,0
org.apache.pdfbox.pdmodel.graphics.state.RenderingMode.isStroke(),7,1,4,1,0
org.apache.pdfbox.pdmodel.graphics.state.RenderingMode.isClip(),7,1,6,1,0
org.apache.pdfbox.pdmodel.graphics.state.RenderingMode.values(),0,1,0,1,0
org.apache.pdfbox.pdmodel.graphics.state.RenderingMode.valueOf(),0,1,0,1,0
"org.apache.pdfbox.preflight.content.PreflightStreamEngine.PreflightStreamEngine(PreflightContext, PDPage)",79,1,4,8,0
"org.apache.pdfbox.preflight.content.PreflightStreamEngine.validateRenderingIntent(Operator, List)",20,5,5,7,0
org.apache.pdfbox.preflight.content.PreflightStreamEngine.validateNumberOfGraphicStates(Operator),11,3,5,4,0
org.apache.pdfbox.preflight.content.PreflightStreamEngine.validateInlineImageFilter(Operator),7,1,6,6,0
org.apache.pdfbox.preflight.content.PreflightStreamEngine.validateInlineImageColorSpace(Operator),52,9,9,20,0
org.apache.pdfbox.preflight.content.PreflightStreamEngine.getColorSpaceHelper(PDColorSpace),6,1,4,4,0
org.apache.pdfbox.preflight.content.PreflightStreamEngine.toLongName(COSBase),16,4,8,2,0
org.apache.pdfbox.preflight.content.PreflightStreamEngine.checkColorOperators(String),26,4,9,4,0
"org.apache.pdfbox.preflight.content.PreflightStreamEngine.validColorSpace(PDColorSpace, ColorSpaceType)",13,2,3,3,0
org.apache.pdfbox.preflight.content.PreflightStreamEngine.validColorSpaceDestOutputProfile(ColorSpaceType),30,5,6,5,0
"org.apache.pdfbox.preflight.content.PreflightStreamEngine.isDeviceIndependent(PDColorSpace, ColorSpaceType)",22,5,7,3,0
org.apache.pdfbox.preflight.content.PreflightStreamEngine.getColorSpace(String),16,3,2,5,0
"org.apache.pdfbox.preflight.content.PreflightStreamEngine.checkSetColorSpaceOperators(Operator, List<?>)",57,9,7,16,0
"org.apache.pdfbox.preflight.content.PreflightStreamEngine.registerError(String, String)",4,1,11,1,0
"org.apache.pdfbox.preflight.content.PreflightStreamEngine.registerError(String, String, Throwable)",4,1,5,1,0
"org.apache.pdfbox.preflight.content.PreflightStreamEngine.registerError(String, String, boolean)",4,1,3,1,0
"org.apache.pdfbox.preflight.content.PreflightStreamEngine.registerError(String, String, boolean, Throwable)",7,1,7,3,0
"org.apache.pdfbox.contentstream.operator.graphics.CurveToReplicateFinalPoint.process(Operator, List<COSBase>)",20,3,5,7,0
org.apache.pdfbox.contentstream.operator.graphics.CurveToReplicateFinalPoint.getName(),4,1,0,1,0
org.apache.pdfbox.tools.PrintPDF.PrintPDF(),3,1,0,1,0
org.apache.pdfbox.tools.PrintPDF.main(String[]),73,13,6,17,2
org.apache.pdfbox.tools.PrintPDF.usage(),9,1,2,2,0
org.apache.pdfbox.printing.PDFPageable.PDFPageable(PDDocument),4,1,9,2,0
"org.apache.pdfbox.printing.PDFPageable.PDFPageable(PDDocument, Orientation)",4,1,2,2,0
"org.apache.pdfbox.printing.PDFPageable.PDFPageable(PDDocument, Orientation, boolean)",4,1,3,2,0
"org.apache.pdfbox.printing.PDFPageable.PDFPageable(PDDocument, Orientation, boolean, float)",8,1,7,5,0
org.apache.pdfbox.printing.PDFPageable.getNumberOfPages(),4,1,2,2,0
org.apache.pdfbox.printing.PDFPageable.getPageFormat(int),46,6,8,14,0
org.apache.pdfbox.printing.PDFPageable.getPrintable(int),8,2,5,4,0
org.apache.pdfbox.examples.pdmodel.CreateBookmarks.CreateBookmarks(),3,1,0,1,0
org.apache.pdfbox.examples.pdmodel.CreateBookmarks.main(String[]),46,5,3,20,1
org.apache.pdfbox.examples.pdmodel.CreateBookmarks.usage(),4,1,2,2,0
org.apache.pdfbox.pdmodel.interactive.documentnavigation.destination.PDPageFitWidthDestination.PDPageFitWidthDestination(),6,1,3,4,0
org.apache.pdfbox.pdmodel.interactive.documentnavigation.destination.PDPageFitWidthDestination.PDPageFitWidthDestination(COSArray),4,1,2,2,0
org.apache.pdfbox.pdmodel.interactive.documentnavigation.destination.PDPageFitWidthDestination.getTop(),4,1,1,2,0
org.apache.pdfbox.pdmodel.interactive.documentnavigation.destination.PDPageFitWidthDestination.setTop(int),12,2,2,3,0
org.apache.pdfbox.pdmodel.interactive.documentnavigation.destination.PDPageFitWidthDestination.fitBoundingBox(),4,1,2,3,0
org.apache.pdfbox.pdmodel.interactive.documentnavigation.destination.PDPageFitWidthDestination.setFitBoundingBox(boolean),12,2,4,2,0
org.apache.pdfbox.pdmodel.TestPDDocumentInformation.testMetadataExtraction(),35,3,0,22,1
org.apache.pdfbox.pdmodel.TestPDDocumentInformation.testPDFBox3068(),7,1,0,6,0
org.apache.pdfbox.tools.WriteDecodedDoc.WriteDecodedDoc(),4,1,1,1,0
"org.apache.pdfbox.tools.WriteDecodedDoc.doIt(String, String, String)",32,4,5,18,1
org.apache.pdfbox.tools.WriteDecodedDoc.main(String[]),43,7,4,6,1
org.apache.pdfbox.tools.WriteDecodedDoc.calculateOutputFilename(String),14,2,2,5,0
org.apache.pdfbox.tools.WriteDecodedDoc.usage(),10,1,2,2,0
org.apache.pdfbox.pdmodel.interactive.action.PDActionImportData.PDActionImportData(),5,1,1,4,0
org.apache.pdfbox.pdmodel.interactive.action.PDActionImportData.PDActionImportData(COSDictionary),4,1,2,2,0
org.apache.pdfbox.pdmodel.interactive.action.PDActionImportData.getFile(),4,1,2,3,0
org.apache.pdfbox.pdmodel.interactive.action.PDActionImportData.setFile(PDFileSpecification),4,1,3,1,0
"org.apache.xmpbox.type.RealType.RealType(XMPMetadata, String, String, String, Object)",4,1,8,2,0
org.apache.xmpbox.type.RealType.getValue(),4,1,2,1,0
org.apache.xmpbox.type.RealType.setValue(Object),15,3,1,4,0
org.apache.xmpbox.type.RealType.getStringValue(),4,1,2,2,0
org.apache.xmpbox.TestXMPWithDefinedSchemas.initializeParameters(),10,1,0,3,0
org.apache.xmpbox.TestXMPWithDefinedSchemas.TestXMPWithDefinedSchemas(String),4,1,1,2,0
org.apache.xmpbox.TestXMPWithDefinedSchemas.main(),6,1,1,4,0
org.apache.pdfbox.examples.util.PrintTextLocations.PrintTextLocations(),3,1,1,1,0
org.apache.pdfbox.examples.util.PrintTextLocations.main(String[]),28,3,2,12,0
"org.apache.pdfbox.examples.util.PrintTextLocations.writeString(String, List<TextPosition>)",11,2,2,9,1
org.apache.pdfbox.examples.util.PrintTextLocations.usage(),4,1,2,2,0
org.apache.pdfbox.pdmodel.encryption.PDCryptFilterDictionary.PDCryptFilterDictionary(),4,1,1,3,0
org.apache.pdfbox.pdmodel.encryption.PDCryptFilterDictionary.PDCryptFilterDictionary(COSDictionary),4,1,2,2,0
org.apache.pdfbox.pdmodel.encryption.PDCryptFilterDictionary.getCOSDictionary(),4,1,2,1,0
org.apache.pdfbox.pdmodel.encryption.PDCryptFilterDictionary.setLength(int),4,1,4,1,0
org.apache.pdfbox.pdmodel.encryption.PDCryptFilterDictionary.getLength(),4,1,2,2,0
org.apache.pdfbox.pdmodel.encryption.PDCryptFilterDictionary.setCryptFilterMethod(COSName),4,1,4,1,0
org.apache.pdfbox.pdmodel.encryption.PDCryptFilterDictionary.getCryptFilterMethod(),4,1,3,2,0
org.apache.pdfbox.pdmodel.encryption.InvalidPasswordException.InvalidPasswordException(String),4,1,2,2,0
org.apache.pdfbox.pdfparser.PDFStreamParserTest.testInlineImages(),39,1,0,2,0
"org.apache.pdfbox.pdfparser.PDFStreamParserTest.testInlineImage2ops(String, String, String)",9,1,5,9,0
"org.apache.pdfbox.pdfparser.PDFStreamParserTest.testInlineImage1op(String, String)",8,1,4,9,0
org.apache.pdfbox.pdfparser.PDFStreamParserTest.parseTokenString(String),6,1,3,5,0
org.apache.pdfbox.tools.Version.Version(),3,1,0,1,0
org.apache.pdfbox.tools.Version.getVersion(),12,2,2,2,0
org.apache.pdfbox.tools.Version.main(String[]),10,2,3,4,0
org.apache.pdfbox.tools.Version.usage(),5,1,2,3,0
"org.apache.pdfbox.examples.pdmodel.AddImageToPDF.createPDFFromImage(String, String, String)",23,2,5,11,0
org.apache.pdfbox.examples.pdmodel.AddImageToPDF.main(String[]),12,2,2,2,0
org.apache.pdfbox.examples.pdmodel.AddImageToPDF.usage(),4,1,2,3,0
"org.apache.pdfbox.filter.JPXFilter.decode(InputStream, OutputStream, COSDictionary, int)",15,2,4,12,0
"org.apache.pdfbox.filter.JPXFilter.readJPX(InputStream, DecodeResult)",41,5,10,22,0
"org.apache.pdfbox.filter.JPXFilter.encode(InputStream, OutputStream, COSDictionary)",5,1,0,1,0
"org.apache.pdfbox.preflight.font.descriptor.TrueTypeDescriptorHelper.TrueTypeDescriptorHelper(PreflightContext, PDTrueTypeFont, TrueTypeContainer)",5,1,4,3,0
org.apache.pdfbox.preflight.font.descriptor.TrueTypeDescriptorHelper.extractFontFile(PDFontDescriptor),19,4,4,8,0
"org.apache.pdfbox.preflight.font.descriptor.TrueTypeDescriptorHelper.processFontFile(PDFontDescriptor, PDStream)",25,4,6,8,0
org.apache.pdfbox.pdmodel.interactive.action.PDActionHide.PDActionHide(),4,1,1,2,0
org.apache.pdfbox.pdmodel.interactive.action.PDActionHide.PDActionHide(COSDictionary),4,1,2,2,0
org.apache.pdfbox.pdmodel.interactive.action.PDActionHide.getT(),4,1,2,2,0
org.apache.pdfbox.pdmodel.interactive.action.PDActionHide.setT(COSBase),4,1,3,1,0
org.apache.pdfbox.pdmodel.interactive.action.PDActionHide.getH(),4,1,2,2,0
org.apache.pdfbox.pdmodel.interactive.action.PDActionHide.setH(boolean),4,1,3,2,0
"org.apache.pdfbox.preflight.font.descriptor.CIDType0DescriptorHelper.CIDType0DescriptorHelper(PreflightContext, PDFontLike, CIDType0Container)",4,1,4,2,0
org.apache.pdfbox.preflight.font.descriptor.CIDType0DescriptorHelper.extractFontFile(PDFontDescriptor),26,4,6,10,0
org.apache.pdfbox.preflight.font.descriptor.CIDType0DescriptorHelper.checkCIDSet(PDFontDescriptor),13,3,6,9,0
"org.apache.pdfbox.preflight.font.descriptor.CIDType0DescriptorHelper.processFontFile(PDFontDescriptor, PDStream)",8,2,3,4,0
org.apache.pdfbox.preflight.font.container.CIDType0Container.CIDType0Container(PDCIDFontType0),4,1,2,2,0
org.apache.pdfbox.preflight.font.container.CIDType0Container.hasGlyph(int),4,1,2,2,0
"org.apache.pdfbox.preflight.annotation.LinkAnnotationValidator.LinkAnnotationValidator(PreflightContext, COSDictionary)",6,1,3,5,0
org.apache.pdfbox.preflight.annotation.LinkAnnotationValidator.validate(),6,1,0,3,0
org.apache.pdfbox.preflight.annotation.LinkAnnotationValidator.checkDest(),24,4,8,10,0
org.apache.pdfbox.pdmodel.interactive.annotation.PDAnnotationLink.PDAnnotationLink(),5,1,3,5,0
org.apache.pdfbox.pdmodel.interactive.annotation.PDAnnotationLink.PDAnnotationLink(COSDictionary),4,1,3,2,0
org.apache.pdfbox.pdmodel.interactive.annotation.PDAnnotationLink.getAction(),5,1,5,4,0
org.apache.pdfbox.pdmodel.interactive.annotation.PDAnnotationLink.setAction(PDAction),4,1,3,2,0
org.apache.pdfbox.pdmodel.interactive.annotation.PDAnnotationLink.setBorderStyle(PDBorderStyleDictionary),4,1,3,2,0
org.apache.pdfbox.pdmodel.interactive.annotation.PDAnnotationLink.getBorderStyle(),9,2,2,4,0
org.apache.pdfbox.pdmodel.interactive.annotation.PDAnnotationLink.getDestination(),5,1,3,4,0
org.apache.pdfbox.pdmodel.interactive.annotation.PDAnnotationLink.setDestination(PDDestination),4,1,2,2,0
org.apache.pdfbox.pdmodel.interactive.annotation.PDAnnotationLink.getHighlightMode(),4,1,2,3,0
org.apache.pdfbox.pdmodel.interactive.annotation.PDAnnotationLink.setHighlightMode(String),4,1,2,2,0
org.apache.pdfbox.pdmodel.interactive.annotation.PDAnnotationLink.setPreviousURI(PDActionURI),4,1,1,2,0
org.apache.pdfbox.pdmodel.interactive.annotation.PDAnnotationLink.getPreviousURI(),9,2,0,4,0
org.apache.pdfbox.pdmodel.interactive.annotation.PDAnnotationLink.setQuadPoints(float[]),6,1,1,4,0
org.apache.pdfbox.pdmodel.interactive.annotation.PDAnnotationLink.getQuadPoints(),9,2,0,4,0
org.apache.pdfbox.pdmodel.interactive.action.PDActionLaunch.PDActionLaunch(),5,1,1,3,0
org.apache.pdfbox.pdmodel.interactive.action.PDActionLaunch.PDActionLaunch(COSDictionary),4,1,2,2,0
org.apache.pdfbox.pdmodel.interactive.action.PDActionLaunch.getFile(),4,1,1,4,0
org.apache.pdfbox.pdmodel.interactive.action.PDActionLaunch.setFile(PDFileSpecification),4,1,2,2,0
org.apache.pdfbox.pdmodel.interactive.action.PDActionLaunch.getWinLaunchParams(),10,2,1,3,0
org.apache.pdfbox.pdmodel.interactive.action.PDActionLaunch.setWinLaunchParams(PDWindowsLaunchParams),4,1,2,1,0
org.apache.pdfbox.pdmodel.interactive.action.PDActionLaunch.getF(),4,1,2,2,0
org.apache.pdfbox.pdmodel.interactive.action.PDActionLaunch.setF(String),4,1,3,1,0
org.apache.pdfbox.pdmodel.interactive.action.PDActionLaunch.getD(),4,1,2,2,0
org.apache.pdfbox.pdmodel.interactive.action.PDActionLaunch.setD(String),4,1,3,1,0
org.apache.pdfbox.pdmodel.interactive.action.PDActionLaunch.getO(),4,1,2,2,0
org.apache.pdfbox.pdmodel.interactive.action.PDActionLaunch.setO(String),4,1,3,1,0
org.apache.pdfbox.pdmodel.interactive.action.PDActionLaunch.getP(),4,1,2,2,0
org.apache.pdfbox.pdmodel.interactive.action.PDActionLaunch.setP(String),4,1,3,1,0
org.apache.pdfbox.pdmodel.interactive.action.PDActionLaunch.shouldOpenInNewWindow(),4,1,1,2,0
org.apache.pdfbox.pdmodel.interactive.action.PDActionLaunch.setOpenInNewWindow(boolean),4,1,2,1,0
org.apache.pdfbox.pdmodel.interactive.action.PDWindowsLaunchParams.PDWindowsLaunchParams(),4,1,0,3,0
org.apache.pdfbox.pdmodel.interactive.action.PDWindowsLaunchParams.PDWindowsLaunchParams(COSDictionary),4,1,2,2,0
org.apache.pdfbox.pdmodel.interactive.action.PDWindowsLaunchParams.getCOSObject(),4,1,1,1,0
org.apache.pdfbox.pdmodel.interactive.action.PDWindowsLaunchParams.getFilename(),4,1,2,2,0
org.apache.pdfbox.pdmodel.interactive.action.PDWindowsLaunchParams.setFilename(String),4,1,3,1,0
org.apache.pdfbox.pdmodel.interactive.action.PDWindowsLaunchParams.getDirectory(),4,1,2,2,0
org.apache.pdfbox.pdmodel.interactive.action.PDWindowsLaunchParams.setDirectory(String),4,1,3,1,0
org.apache.pdfbox.pdmodel.interactive.action.PDWindowsLaunchParams.getOperation(),4,1,3,2,0
org.apache.pdfbox.pdmodel.interactive.action.PDWindowsLaunchParams.setOperation(String),4,1,3,1,0
org.apache.pdfbox.pdmodel.interactive.action.PDWindowsLaunchParams.getExecuteParam(),4,1,2,2,0
org.apache.pdfbox.pdmodel.interactive.action.PDWindowsLaunchParams.setExecuteParam(String),4,1,3,1,0
org.apache.pdfbox.filter.FilterFactory.FilterFactory(),30,1,18,2,0
org.apache.pdfbox.filter.FilterFactory.getFilter(String),4,1,3,3,0
org.apache.pdfbox.filter.FilterFactory.getFilter(COSName),9,2,8,3,0
org.apache.pdfbox.filter.FilterFactory.getAllFilters(),4,1,2,2,0
"org.apache.pdfbox.filter.FlateFilter.decode(InputStream, OutputStream, COSDictionary, int)",36,4,10,16,0
"org.apache.pdfbox.filter.FlateFilter.decompress(InputStream, OutputStream)",46,7,5,11,1
"org.apache.pdfbox.filter.FlateFilter.encode(InputStream, OutputStream, COSDictionary)",17,3,3,7,1
"org.apache.pdfbox.filter.DCTFilter.decode(InputStream, OutputStream, COSDictionary, int)",100,16,5,31,0
org.apache.pdfbox.filter.DCTFilter.getAdobeTransform(IIOMetadata),12,2,2,7,0
org.apache.pdfbox.filter.DCTFilter.fromYCCKtoCMYK(Raster),28,3,2,7,2
org.apache.pdfbox.filter.DCTFilter.fromBGRtoRGB(Raster),20,3,2,6,2
org.apache.pdfbox.filter.DCTFilter.getNumChannels(ImageReader),22,4,2,6,0
org.apache.pdfbox.filter.DCTFilter.clamp(float),4,3,2,1,0
"org.apache.pdfbox.filter.DCTFilter.encode(InputStream, OutputStream, COSDictionary)",5,1,0,1,0
"org.apache.pdfbox.filter.CCITTFaxFilter.decode(InputStream, OutputStream, COSDictionary, int)",55,6,13,23,0
org.apache.pdfbox.filter.CCITTFaxFilter.invertBitmap(byte[]),7,2,3,1,1
"org.apache.pdfbox.filter.CCITTFaxFilter.encode(InputStream, OutputStream, COSDictionary)",5,1,0,1,0
"org.apache.pdfbox.filter.LZWFilter.decode(InputStream, OutputStream, COSDictionary, int)",35,4,9,14,0
"org.apache.pdfbox.filter.LZWFilter.doLZWDecode(InputStream, OutputStream, int)",53,6,8,13,1
"org.apache.pdfbox.filter.LZWFilter.checkIndexBounds(List, long, MemoryCacheImageInputStream)",15,3,4,3,0
"org.apache.pdfbox.filter.LZWFilter.encode(InputStream, OutputStream, COSDictionary)",53,6,5,11,1
"org.apache.pdfbox.filter.LZWFilter.findPatternCode(List, byte[])",26,6,5,4,1
org.apache.pdfbox.filter.LZWFilter.createCodeTable(),11,2,2,3,1
"org.apache.pdfbox.filter.LZWFilter.calculateChunk(int, int)",16,4,4,1,0
"org.apache.pdfbox.filter.ASCIIHexFilter.decode(InputStream, OutputStream, COSDictionary, int)",38,8,5,8,2
org.apache.pdfbox.filter.ASCIIHexFilter.isWhitespace(int),4,1,2,1,0
org.apache.pdfbox.filter.ASCIIHexFilter.isEOD(int),4,1,2,1,0
"org.apache.pdfbox.filter.ASCIIHexFilter.encode(InputStream, OutputStream, COSDictionary)",10,2,2,4,1
"org.apache.pdfbox.filter.ASCII85Filter.decode(InputStream, OutputStream, COSDictionary, int)",21,2,3,7,1
"org.apache.pdfbox.filter.ASCII85Filter.encode(InputStream, OutputStream, COSDictionary)",13,2,2,5,1
"org.apache.pdfbox.filter.CryptFilter.decode(InputStream, OutputStream, COSDictionary, int)",12,2,6,7,0
"org.apache.pdfbox.filter.CryptFilter.encode(InputStream, OutputStream, COSDictionary)",14,2,5,5,0
"org.apache.pdfbox.filter.JBIG2Filter.decode(InputStream, OutputStream, COSDictionary, int)",73,9,12,36,0
"org.apache.pdfbox.filter.JBIG2Filter.encode(InputStream, OutputStream, COSDictionary)",5,1,0,1,0
org.apache.pdfbox.pdmodel.graphics.image.PDInlineImageTest.setUp(),5,1,1,2,0
org.apache.pdfbox.pdmodel.graphics.image.PDInlineImageTest.testInlineImage(),105,10,9,39,5
"org.apache.pdfbox.pdmodel.graphics.image.PDInlineImage.PDInlineImage(COSDictionary, byte[], PDResources)",30,4,8,17,1
org.apache.pdfbox.pdmodel.graphics.image.PDInlineImage.getCOSObject(),4,1,1,1,0
org.apache.pdfbox.pdmodel.graphics.image.PDInlineImage.getBitsPerComponent(),11,2,5,3,0
org.apache.pdfbox.pdmodel.graphics.image.PDInlineImage.setBitsPerComponent(int),4,1,3,1,0
org.apache.pdfbox.pdmodel.graphics.image.PDInlineImage.getColorSpace(),16,3,5,5,0
org.apache.pdfbox.pdmodel.graphics.image.PDInlineImage.toLongName(COSBase),16,4,8,2,0
org.apache.pdfbox.pdmodel.graphics.image.PDInlineImage.createColorSpace(COSBase),22,4,5,10,0
org.apache.pdfbox.pdmodel.graphics.image.PDInlineImage.setColorSpace(PDColorSpace),9,2,3,2,0
org.apache.pdfbox.pdmodel.graphics.image.PDInlineImage.getHeight(),4,1,7,2,0
org.apache.pdfbox.pdmodel.graphics.image.PDInlineImage.setHeight(int),4,1,3,1,0
org.apache.pdfbox.pdmodel.graphics.image.PDInlineImage.getWidth(),4,1,7,2,0
org.apache.pdfbox.pdmodel.graphics.image.PDInlineImage.setWidth(int),4,1,3,1,0
org.apache.pdfbox.pdmodel.graphics.image.PDInlineImage.getInterpolate(),4,1,3,2,0
org.apache.pdfbox.pdmodel.graphics.image.PDInlineImage.setInterpolate(boolean),4,1,3,1,0
org.apache.pdfbox.pdmodel.graphics.image.PDInlineImage.getFilters(),15,3,5,5,0
org.apache.pdfbox.pdmodel.graphics.image.PDInlineImage.setFilters(List<String>),5,1,3,2,0
org.apache.pdfbox.pdmodel.graphics.image.PDInlineImage.setDecode(COSArray),4,1,3,1,0
org.apache.pdfbox.pdmodel.graphics.image.PDInlineImage.getDecode(),4,1,4,2,0
org.apache.pdfbox.pdmodel.graphics.image.PDInlineImage.isStencil(),4,1,8,2,0
org.apache.pdfbox.pdmodel.graphics.image.PDInlineImage.setStencil(boolean),4,1,3,1,0
org.apache.pdfbox.pdmodel.graphics.image.PDInlineImage.createInputStream(),4,1,1,2,0
org.apache.pdfbox.pdmodel.graphics.image.PDInlineImage.createInputStream(List<String>),21,3,5,11,1
org.apache.pdfbox.pdmodel.graphics.image.PDInlineImage.isEmpty(),4,1,2,1,0
org.apache.pdfbox.pdmodel.graphics.image.PDInlineImage.getData(),4,1,2,1,0
org.apache.pdfbox.pdmodel.graphics.image.PDInlineImage.getImage(),4,1,2,3,0
org.apache.pdfbox.pdmodel.graphics.image.PDInlineImage.getStencilImage(Paint),8,2,2,4,0
org.apache.pdfbox.pdmodel.graphics.image.PDInlineImage.getColorKeyMask(),9,2,4,2,0
org.apache.pdfbox.pdmodel.graphics.image.PDInlineImage.getSuffix(),4,1,0,1,0
org.apache.pdfbox.pdmodel.graphics.color.PDDeviceColorSpace.toString(),4,1,0,2,0
org.apache.pdfbox.pdmodel.graphics.color.PDDeviceColorSpace.getCOSObject(),4,1,0,3,0
org.apache.xmpbox.type.OECFType.OECFType(XMPMetadata),4,1,2,2,0
"org.apache.pdfbox.contentstream.operator.text.NextLine.process(Operator, List<COSBase>)",7,1,1,7,0
org.apache.pdfbox.contentstream.operator.text.NextLine.getName(),4,1,0,1,0
org.apache.pdfbox.preflight.process.AcroFormValidationProcess.validate(PreflightContext),24,4,3,10,0
"org.apache.pdfbox.preflight.process.AcroFormValidationProcess.checkNeedAppearences(PreflightContext, PDAcroForm)",8,2,5,4,0
"org.apache.pdfbox.preflight.process.AcroFormValidationProcess.exploreFields(PreflightContext, List<PDField>)",26,6,6,6,1
"org.apache.pdfbox.preflight.process.AcroFormValidationProcess.exploreWidgets(PreflightContext, List<PDAnnotationWidget>)",8,2,4,3,1
"org.apache.pdfbox.preflight.process.AcroFormValidationProcess.validateField(PreflightContext, PDField)",31,5,7,12,0
"org.apache.pdfbox.pdmodel.graphics.shading.Line.Line(Point, Point, float[], float[])",8,1,9,8,0
"org.apache.pdfbox.pdmodel.graphics.shading.Line.calcLine(int, int, int, int)",29,7,5,5,1
org.apache.pdfbox.pdmodel.graphics.shading.Line.calcColor(Point),28,5,10,1,2
"org.apache.pdfbox.debugger.fontencodingpane.Type0Font.Type0Font(PDCIDFontType2, PDFont)",11,2,4,8,0
"org.apache.pdfbox.debugger.fontencodingpane.Type0Font.readCIDToGIDMap(PDCIDFontType2, PDFont)",28,4,5,7,1
org.apache.pdfbox.debugger.fontencodingpane.Type0Font.getPanel(),10,2,1,5,0
"org.apache.pdfbox.debugger.fontencodingpane.FontEncodingView.FontEncodingView(Object[][], Map<String, String>, String[])",4,1,5,4,0
"org.apache.pdfbox.debugger.fontencodingpane.FontEncodingView.createView(JPanel, JTable)",21,1,9,16,0
"org.apache.pdfbox.debugger.fontencodingpane.FontEncodingView.getTable(Object[][], String[])",7,1,3,4,0
"org.apache.pdfbox.debugger.fontencodingpane.FontEncodingView.getHeaderPanel(Map<String, String>)",22,3,5,17,1
org.apache.pdfbox.debugger.fontencodingpane.FontEncodingView.getPanel(),4,1,3,1,0
org.apache.pdfbox.pdmodel.interactive.digitalsignature.visible.PDVisibleSigBuilder.createPage(PDVisibleSignDesigner),7,1,3,6,0
org.apache.pdfbox.pdmodel.interactive.digitalsignature.visible.PDVisibleSigBuilder.createTemplate(PDPage),6,1,2,3,0
org.apache.pdfbox.pdmodel.interactive.digitalsignature.visible.PDVisibleSigBuilder.PDVisibleSigBuilder(),5,1,2,3,0
org.apache.pdfbox.pdmodel.interactive.digitalsignature.visible.PDVisibleSigBuilder.createAcroForm(PDDocument),7,1,3,5,0
org.apache.pdfbox.pdmodel.interactive.digitalsignature.visible.PDVisibleSigBuilder.getStructure(),4,1,1,1,0
org.apache.pdfbox.pdmodel.interactive.digitalsignature.visible.PDVisibleSigBuilder.createSignatureField(PDAcroForm),6,1,3,3,0
"org.apache.pdfbox.pdmodel.interactive.digitalsignature.visible.PDVisibleSigBuilder.createSignature(PDSignatureField, PDPage, String)",14,1,5,12,0
"org.apache.pdfbox.pdmodel.interactive.digitalsignature.visible.PDVisibleSigBuilder.createAcroFormDictionary(PDAcroForm, PDSignatureField)",15,1,4,10,0
"org.apache.pdfbox.pdmodel.interactive.digitalsignature.visible.PDVisibleSigBuilder.createSignatureRectangle(PDSignatureField, PDVisibleSignDesigner)",13,1,4,15,0
org.apache.pdfbox.pdmodel.interactive.digitalsignature.visible.PDVisibleSigBuilder.createAffineTransform(byte[]),7,1,3,3,0
org.apache.pdfbox.pdmodel.interactive.digitalsignature.visible.PDVisibleSigBuilder.createProcSetArray(),11,1,2,5,0
"org.apache.pdfbox.pdmodel.interactive.digitalsignature.visible.PDVisibleSigBuilder.createSignatureImage(PDDocument, BufferedImage)",5,1,4,3,0
org.apache.pdfbox.pdmodel.interactive.digitalsignature.visible.PDVisibleSigBuilder.createFormatterRectangle(byte[]),10,1,3,7,0
org.apache.pdfbox.pdmodel.interactive.digitalsignature.visible.PDVisibleSigBuilder.createHolderFormStream(PDDocument),6,1,3,3,0
org.apache.pdfbox.pdmodel.interactive.digitalsignature.visible.PDVisibleSigBuilder.createHolderFormResources(),6,1,2,3,0
"org.apache.pdfbox.pdmodel.interactive.digitalsignature.visible.PDVisibleSigBuilder.createHolderForm(PDResources, PDStream, PDRectangle)",10,1,5,6,0
"org.apache.pdfbox.pdmodel.interactive.digitalsignature.visible.PDVisibleSigBuilder.createAppearanceDictionary(PDFormXObject, PDSignatureField)",11,1,4,11,0
org.apache.pdfbox.pdmodel.interactive.digitalsignature.visible.PDVisibleSigBuilder.createInnerFormStream(PDDocument),7,1,3,3,0
org.apache.pdfbox.pdmodel.interactive.digitalsignature.visible.PDVisibleSigBuilder.createInnerFormResource(),7,1,2,3,0
"org.apache.pdfbox.pdmodel.interactive.digitalsignature.visible.PDVisibleSigBuilder.createInnerForm(PDResources, PDStream, PDRectangle)",10,1,5,6,0
"org.apache.pdfbox.pdmodel.interactive.digitalsignature.visible.PDVisibleSigBuilder.insertInnerFormToHolderResources(PDFormXObject, PDResources)",7,1,4,3,0
org.apache.pdfbox.pdmodel.interactive.digitalsignature.visible.PDVisibleSigBuilder.createImageFormStream(PDDocument),6,1,3,3,0
org.apache.pdfbox.pdmodel.interactive.digitalsignature.visible.PDVisibleSigBuilder.createImageFormResources(),6,1,2,3,0
"org.apache.pdfbox.pdmodel.interactive.digitalsignature.visible.PDVisibleSigBuilder.createImageForm(PDResources, PDResources, PDStream, PDRectangle, AffineTransform, PDImageXObject)",17,1,8,12,0
"org.apache.pdfbox.pdmodel.interactive.digitalsignature.visible.PDVisibleSigBuilder.injectProcSetArray(PDFormXObject, PDPage, PDResources, PDResources, PDResources, COSArray)",11,1,8,5,0
"org.apache.pdfbox.pdmodel.interactive.digitalsignature.visible.PDVisibleSigBuilder.injectAppearanceStreams(PDStream, PDStream, PDStream, COSName, COSName, COSName, PDVisibleSignDesigner)",16,1,5,7,0
"org.apache.pdfbox.pdmodel.interactive.digitalsignature.visible.PDVisibleSigBuilder.appendRawCommands(OutputStream, String)",5,1,3,3,0
org.apache.pdfbox.pdmodel.interactive.digitalsignature.visible.PDVisibleSigBuilder.createVisualSignature(PDDocument),5,1,3,3,0
"org.apache.pdfbox.pdmodel.interactive.digitalsignature.visible.PDVisibleSigBuilder.createWidgetDictionary(PDSignatureField, PDResources)",9,1,5,8,0
org.apache.pdfbox.pdmodel.interactive.digitalsignature.visible.PDVisibleSigBuilder.closeTemplate(PDDocument),5,1,2,2,0
org.apache.xmpbox.type.FlashType.FlashType(XMPMetadata),4,1,1,2,0
org.apache.pdfbox.examples.pdmodel.RubberStampWithImage.doIt(String[]),61,5,5,38,1
"org.apache.pdfbox.examples.pdmodel.RubberStampWithImage.drawXObject(PDImageXObject, PDResources, OutputStream, float, float, float, float)",26,1,14,5,0
"org.apache.pdfbox.examples.pdmodel.RubberStampWithImage.appendRawCommands(OutputStream, String)",4,1,3,2,0
org.apache.pdfbox.examples.pdmodel.RubberStampWithImage.main(String[]),5,1,1,1,0
org.apache.pdfbox.examples.pdmodel.RubberStampWithImage.usage(),4,1,2,3,0
org.apache.pdfbox.pdmodel.interactive.annotation.PDAnnotationRubberStamp.PDAnnotationRubberStamp(),5,1,4,5,0
org.apache.pdfbox.pdmodel.interactive.annotation.PDAnnotationRubberStamp.PDAnnotationRubberStamp(COSDictionary),4,1,3,2,0
org.apache.pdfbox.pdmodel.interactive.annotation.PDAnnotationRubberStamp.setName(String),4,1,4,2,0
org.apache.pdfbox.pdmodel.interactive.annotation.PDAnnotationRubberStamp.getName(),4,1,2,3,0
"org.apache.pdfbox.debugger.ui.textsearcher.SearchEngine.SearchEngine(JTextComponent, Highlighter.HighlightPainter)",6,1,3,6,0
"org.apache.pdfbox.debugger.ui.textsearcher.SearchEngine.search(String, boolean)",45,7,8,13,1
"org.apache.pdfbox.rendering.PageDrawerParameters.PageDrawerParameters(PDFRenderer, PDPage)",5,1,3,3,0
org.apache.pdfbox.rendering.PageDrawerParameters.getPage(),4,1,2,1,0
org.apache.pdfbox.rendering.PageDrawerParameters.getRenderer(),4,1,2,1,0
"org.apache.pdfbox.pdfparser.PDFObjectStreamParser.PDFObjectStreamParser(COSStream, COSDocument)",6,1,6,6,0
org.apache.pdfbox.pdfparser.PDFObjectStreamParser.parse(),43,6,8,19,2
org.apache.pdfbox.pdfparser.PDFObjectStreamParser.getObjects(),4,1,5,1,0
org.apache.pdfbox.pdfparser.XrefTrailerResolver.getFirstTrailer(),10,2,3,6,0
org.apache.pdfbox.pdfparser.XrefTrailerResolver.getLastTrailer(),10,2,3,6,0
"org.apache.pdfbox.pdfparser.XrefTrailerResolver.nextXrefObj(long, XRefType)",5,1,7,4,0
org.apache.pdfbox.pdfparser.XrefTrailerResolver.getXrefType(),4,2,3,1,0
"org.apache.pdfbox.pdfparser.XrefTrailerResolver.setXRef(COSObjectKey, long)",9,2,9,3,0
org.apache.pdfbox.pdfparser.XrefTrailerResolver.setTrailer(COSDictionary),9,2,5,3,0
org.apache.pdfbox.pdfparser.XrefTrailerResolver.getCurrentTrailer(),4,1,3,1,0
org.apache.pdfbox.pdfparser.XrefTrailerResolver.setStartxref(long),52,9,10,18,2
org.apache.pdfbox.pdfparser.XrefTrailerResolver.getTrailer(),4,2,4,1,0
org.apache.pdfbox.pdfparser.XrefTrailerResolver.getXrefTable(),4,2,7,1,0
org.apache.pdfbox.pdfparser.XrefTrailerResolver.getContainedObjectNumbers(int),17,4,6,7,1
"org.apache.pdfbox.preflight.action.SubmitAction.SubmitAction(ActionManagerFactory, COSDictionary, PreflightContext, String)",4,1,5,2,0
org.apache.pdfbox.preflight.action.SubmitAction.innerValid(),11,2,4,4,0
org.apache.pdfbox.pdmodel.encryption.RC4Cipher.RC4Cipher(),4,1,0,2,0
org.apache.pdfbox.pdmodel.encryption.RC4Cipher.setKey(byte[]),21,4,5,6,2
org.apache.pdfbox.pdmodel.encryption.RC4Cipher.fixByte(byte),4,2,2,1,0
"org.apache.pdfbox.pdmodel.encryption.RC4Cipher.swap(int[], int, int)",6,1,5,1,0
"org.apache.pdfbox.pdmodel.encryption.RC4Cipher.write(byte, OutputStream)",8,1,7,4,0
"org.apache.pdfbox.pdmodel.encryption.RC4Cipher.write(byte[], OutputStream)",7,2,4,1,1
"org.apache.pdfbox.pdmodel.encryption.RC4Cipher.write(InputStream, OutputStream)",9,2,3,2,1
"org.apache.pdfbox.pdmodel.encryption.RC4Cipher.write(byte[], int, int, OutputStream)",7,2,5,1,1
org.apache.pdfbox.printing.Orientation.values(),0,1,0,1,0
org.apache.pdfbox.printing.Orientation.valueOf(),0,1,0,1,0
org.apache.xmpbox.xml.XmpSerializationException.XmpSerializationException(String),4,1,2,2,0
"org.apache.xmpbox.xml.XmpSerializationException.XmpSerializationException(String, Throwable)",4,1,3,2,0
"org.apache.pdfbox.contentstream.operator.state.SetFlatness.process(Operator, List<COSBase>)",5,1,2,4,0
org.apache.pdfbox.contentstream.operator.state.SetFlatness.getName(),4,1,0,1,0
org.apache.fontbox.util.autodetect.FontFileFinder.FontFileFinder(),3,1,1,1,0
org.apache.fontbox.util.autodetect.FontFileFinder.determineDirFinder(),19,3,1,3,0
org.apache.fontbox.util.autodetect.FontFileFinder.find(),14,3,2,5,1
org.apache.fontbox.util.autodetect.FontFileFinder.find(String),10,2,1,4,0
"org.apache.fontbox.util.autodetect.FontFileFinder.walk(File, List<URI>)",30,7,5,7,1
org.apache.fontbox.util.autodetect.FontFileFinder.checkFontfile(File),5,1,2,4,0
org.apache.fontbox.util.autodetect.WindowsFontDirFinder.getWinDir(String),18,2,2,9,0
org.apache.fontbox.util.autodetect.WindowsFontDirFinder.find(),66,13,1,10,2
org.apache.fontbox.util.autodetect.MacFontDirFinder.getSearchableDirectories(),8,1,0,2,0
org.apache.fontbox.util.autodetect.UnixFontDirFinder.getSearchableDirectories(),9,1,0,2,0
org.apache.pdfbox.pdmodel.common.function.TestFunctions.main(String[]),5,1,0,2,0
org.apache.pdfbox.pdmodel.common.function.TestFunctions.suite(),8,1,0,3,0
org.apache.pdfbox.pdmodel.common.function.type4.TestParser.testParserBasics(),4,1,0,3,0
org.apache.pdfbox.pdmodel.common.function.type4.TestParser.testNested(),6,1,0,4,0
org.apache.pdfbox.pdmodel.common.function.type4.TestParser.testParseFloat(),10,1,0,2,0
org.apache.pdfbox.pdmodel.common.function.type4.TestParser.testJira804(),5,1,0,3,0
"org.apache.pdfbox.preflight.font.descriptor.CIDType2DescriptorHelper.CIDType2DescriptorHelper(PreflightContext, PDFontLike, CIDType2Container)",4,1,4,2,0
org.apache.pdfbox.preflight.font.descriptor.CIDType2DescriptorHelper.checkCIDSet(PDFontDescriptor),13,3,6,9,0
org.apache.pdfbox.preflight.font.descriptor.CIDType2DescriptorHelper.extractFontFile(PDFontDescriptor),16,3,3,8,0
"org.apache.pdfbox.preflight.font.descriptor.CIDType2DescriptorHelper.processFontFile(PDFontDescriptor, PDStream)",8,2,3,4,0
org.apache.pdfbox.preflight.font.container.CIDType2Container.CIDType2Container(PDCIDFontType2),4,1,2,2,0
org.apache.pdfbox.preflight.font.container.CIDType2Container.hasGlyph(int),4,1,2,2,0
"org.apache.pdfbox.examples.signature.TSAClient.TSAClient(URL, String, String, MessageDigest)",7,1,6,5,0
org.apache.pdfbox.examples.signature.TSAClient.getTimeStampToken(byte[]),28,3,4,15,0
org.apache.pdfbox.examples.signature.TSAClient.getTSAResponse(byte[]),37,2,6,12,0
org.apache.pdfbox.examples.signature.TSAClient.getHashObjectIdentifier(String),35,8,2,3,0
org.apache.pdfbox.examples.signature.CMSProcessableInputStream.CMSProcessableInputStream(InputStream),4,1,2,3,0
"org.apache.pdfbox.examples.signature.CMSProcessableInputStream.CMSProcessableInputStream(ASN1ObjectIdentifier, InputStream)",5,1,3,3,0
org.apache.pdfbox.examples.signature.CMSProcessableInputStream.getContent(),4,1,1,1,0
org.apache.pdfbox.examples.signature.CMSProcessableInputStream.write(OutputStream),10,2,2,3,1
org.apache.pdfbox.examples.signature.CMSProcessableInputStream.getContentType(),4,1,1,1,0
org.apache.pdfbox.pdmodel.graphics.color.PDDeviceCMYK.PDDeviceCMYK(),3,1,0,1,0
org.apache.pdfbox.pdmodel.graphics.color.PDDeviceCMYK.init(),21,4,3,5,0
org.apache.pdfbox.pdmodel.graphics.color.PDDeviceCMYK.getICCProfile(),13,2,1,7,0
org.apache.pdfbox.pdmodel.graphics.color.PDDeviceCMYK.getName(),4,1,1,2,0
org.apache.pdfbox.pdmodel.graphics.color.PDDeviceCMYK.getNumberOfComponents(),4,1,0,1,0
org.apache.pdfbox.pdmodel.graphics.color.PDDeviceCMYK.getDefaultDecode(int),4,1,0,1,0
org.apache.pdfbox.pdmodel.graphics.color.PDDeviceCMYK.getInitialColor(),4,1,1,1,0
org.apache.pdfbox.pdmodel.graphics.color.PDDeviceCMYK.toRGB(float[]),5,1,2,3,0
org.apache.pdfbox.pdmodel.graphics.color.PDDeviceCMYK.toRGBImage(WritableRaster),5,1,2,3,0
org.apache.pdfbox.pdmodel.interactive.annotation.PDAnnotationFileAttachment.PDAnnotationFileAttachment(),5,1,2,5,0
org.apache.pdfbox.pdmodel.interactive.annotation.PDAnnotationFileAttachment.PDAnnotationFileAttachment(COSDictionary),4,1,2,2,0
org.apache.pdfbox.pdmodel.interactive.annotation.PDAnnotationFileAttachment.getFile(),4,1,1,4,0
org.apache.pdfbox.pdmodel.interactive.annotation.PDAnnotationFileAttachment.setFile(PDFileSpecification),4,1,1,2,0
org.apache.pdfbox.pdmodel.interactive.annotation.PDAnnotationFileAttachment.getAttachmentName(),4,1,1,3,0
org.apache.pdfbox.pdmodel.interactive.annotation.PDAnnotationFileAttachment.setAttachementName(String),4,1,1,2,0
org.apache.pdfbox.pdmodel.interactive.annotation.PDAnnotationPopup.PDAnnotationPopup(),5,1,2,5,0
org.apache.pdfbox.pdmodel.interactive.annotation.PDAnnotationPopup.PDAnnotationPopup(COSDictionary),4,1,4,2,0
org.apache.pdfbox.pdmodel.interactive.annotation.PDAnnotationPopup.setOpen(boolean),4,1,1,2,0
org.apache.pdfbox.pdmodel.interactive.annotation.PDAnnotationPopup.getOpen(),4,1,0,3,0
org.apache.pdfbox.pdmodel.interactive.annotation.PDAnnotationPopup.setParent(PDAnnotationMarkup),4,1,2,2,0
org.apache.pdfbox.pdmodel.interactive.annotation.PDAnnotationPopup.getParent(),13,2,2,4,0
org.apache.pdfbox.pdmodel.interactive.annotation.PDAnnotationTextMarkup.PDAnnotationTextMarkup(),3,1,0,1,0
org.apache.pdfbox.pdmodel.interactive.annotation.PDAnnotationTextMarkup.PDAnnotationTextMarkup(String),6,1,2,4,0
org.apache.pdfbox.pdmodel.interactive.annotation.PDAnnotationTextMarkup.PDAnnotationTextMarkup(COSDictionary),4,1,4,2,0
org.apache.pdfbox.pdmodel.interactive.annotation.PDAnnotationTextMarkup.setQuadPoints(float[]),6,1,4,4,0
org.apache.pdfbox.pdmodel.interactive.annotation.PDAnnotationTextMarkup.getQuadPoints(),12,2,1,4,0
org.apache.pdfbox.pdmodel.interactive.annotation.PDAnnotationTextMarkup.setSubtype(String),4,1,3,2,0
org.apache.pdfbox.pdmodel.interactive.annotation.PDAnnotationTextMarkup.getSubtype(),4,1,1,3,0
org.apache.pdfbox.pdmodel.common.filespecification.PDSimpleFileSpecification.PDSimpleFileSpecification(),4,1,1,3,0
org.apache.pdfbox.pdmodel.common.filespecification.PDSimpleFileSpecification.PDSimpleFileSpecification(COSString),4,1,2,2,0
org.apache.pdfbox.pdmodel.common.filespecification.PDSimpleFileSpecification.getFile(),4,1,1,2,0
org.apache.pdfbox.pdmodel.common.filespecification.PDSimpleFileSpecification.setFile(String),4,1,2,2,0
org.apache.pdfbox.pdmodel.common.filespecification.PDSimpleFileSpecification.getCOSObject(),4,1,1,1,0
org.apache.pdfbox.pdmodel.fdf.FDFJavaScript.FDFJavaScript(),4,1,0,3,0
org.apache.pdfbox.pdmodel.fdf.FDFJavaScript.FDFJavaScript(COSDictionary),4,1,2,2,0
org.apache.pdfbox.pdmodel.fdf.FDFJavaScript.getCOSObject(),4,1,1,1,0
org.apache.pdfbox.pdmodel.fdf.FDFJavaScript.getBefore(),16,3,2,4,0
org.apache.pdfbox.pdmodel.fdf.FDFJavaScript.setBefore(String),4,1,3,2,0
org.apache.pdfbox.pdmodel.fdf.FDFJavaScript.getAfter(),16,3,2,4,0
org.apache.pdfbox.pdmodel.fdf.FDFJavaScript.setAfter(String),4,1,3,2,0
org.apache.pdfbox.pdmodel.fdf.FDFJavaScript.getDoc(),14,3,2,6,1
"org.apache.pdfbox.pdmodel.fdf.FDFJavaScript.setDoc(Map<String, PDActionJavaScript>)",10,2,3,8,1
org.apache.pdfbox.pdmodel.fdf.FDFField.FDFField(),4,1,3,3,0
org.apache.pdfbox.pdmodel.fdf.FDFField.FDFField(COSDictionary),4,1,4,2,0
org.apache.pdfbox.pdmodel.fdf.FDFField.FDFField(Element),31,7,2,17,1
org.apache.pdfbox.pdmodel.fdf.FDFField.writeXML(Writer),30,7,2,8,1
org.apache.pdfbox.pdmodel.fdf.FDFField.getCOSObject(),4,1,1,1,0
org.apache.pdfbox.pdmodel.fdf.FDFField.getKids(),15,3,4,8,1
org.apache.pdfbox.pdmodel.fdf.FDFField.setKids(List<FDFField>),4,1,5,2,0
org.apache.pdfbox.pdmodel.fdf.FDFField.getPartialFieldName(),4,1,5,2,0
org.apache.pdfbox.pdmodel.fdf.FDFField.setPartialFieldName(String),4,1,6,1,0
org.apache.pdfbox.pdmodel.fdf.FDFField.getValue(),24,5,3,5,0
org.apache.pdfbox.pdmodel.fdf.FDFField.getCOSValue(),24,5,3,3,0
org.apache.pdfbox.pdmodel.fdf.FDFField.setValue(Object),21,5,4,6,0
org.apache.pdfbox.pdmodel.fdf.FDFField.setValue(COSBase),4,1,5,1,0
org.apache.pdfbox.pdmodel.fdf.FDFField.getFieldFlags(),10,2,3,3,0
org.apache.pdfbox.pdmodel.fdf.FDFField.setFieldFlags(Integer),9,2,3,2,0
org.apache.pdfbox.pdmodel.fdf.FDFField.setFieldFlags(int),4,1,3,1,0
org.apache.pdfbox.pdmodel.fdf.FDFField.getSetFieldFlags(),10,2,3,3,0
org.apache.pdfbox.pdmodel.fdf.FDFField.setSetFieldFlags(Integer),9,2,3,2,0
org.apache.pdfbox.pdmodel.fdf.FDFField.setSetFieldFlags(int),4,1,3,1,0
org.apache.pdfbox.pdmodel.fdf.FDFField.getClearFieldFlags(),10,2,3,3,0
org.apache.pdfbox.pdmodel.fdf.FDFField.setClearFieldFlags(Integer),9,2,3,2,0
org.apache.pdfbox.pdmodel.fdf.FDFField.setClearFieldFlags(int),4,1,3,1,0
org.apache.pdfbox.pdmodel.fdf.FDFField.getWidgetFieldFlags(),10,2,2,3,0
org.apache.pdfbox.pdmodel.fdf.FDFField.setWidgetFieldFlags(Integer),9,2,3,2,0
org.apache.pdfbox.pdmodel.fdf.FDFField.setWidgetFieldFlags(int),4,1,3,1,0
org.apache.pdfbox.pdmodel.fdf.FDFField.getSetWidgetFieldFlags(),10,2,3,3,0
org.apache.pdfbox.pdmodel.fdf.FDFField.setSetWidgetFieldFlags(Integer),9,2,3,2,0
org.apache.pdfbox.pdmodel.fdf.FDFField.setSetWidgetFieldFlags(int),4,1,3,1,0
org.apache.pdfbox.pdmodel.fdf.FDFField.getClearWidgetFieldFlags(),10,2,3,3,0
org.apache.pdfbox.pdmodel.fdf.FDFField.setClearWidgetFieldFlags(Integer),9,2,3,2,0
org.apache.pdfbox.pdmodel.fdf.FDFField.setClearWidgetFieldFlags(int),4,1,3,1,0
org.apache.pdfbox.pdmodel.fdf.FDFField.getAppearanceDictionary(),10,2,2,3,0
org.apache.pdfbox.pdmodel.fdf.FDFField.setAppearanceDictionary(PDAppearanceDictionary),4,1,3,1,0
org.apache.pdfbox.pdmodel.fdf.FDFField.getAppearanceStreamReference(),10,2,2,3,0
org.apache.pdfbox.pdmodel.fdf.FDFField.setAppearanceStreamReference(FDFNamedPageReference),4,1,3,1,0
org.apache.pdfbox.pdmodel.fdf.FDFField.getIconFit(),10,2,2,3,0
org.apache.pdfbox.pdmodel.fdf.FDFField.setIconFit(FDFIconFit),4,1,3,1,0
org.apache.pdfbox.pdmodel.fdf.FDFField.getOptions(),24,4,2,9,1
org.apache.pdfbox.pdmodel.fdf.FDFField.setOptions(List<Object>),5,1,3,2,0
org.apache.pdfbox.pdmodel.fdf.FDFField.getAction(),4,1,2,3,0
org.apache.pdfbox.pdmodel.fdf.FDFField.setAction(PDAction),4,1,3,1,0
org.apache.pdfbox.pdmodel.fdf.FDFField.getAdditionalActions(),10,2,2,3,0
org.apache.pdfbox.pdmodel.fdf.FDFField.setAdditionalActions(PDAdditionalActions),4,1,3,1,0
org.apache.pdfbox.pdmodel.fdf.FDFField.getRichText(),16,3,3,4,0
org.apache.pdfbox.pdmodel.fdf.FDFField.setRichText(COSString),4,1,4,1,0
org.apache.pdfbox.pdmodel.fdf.FDFField.setRichText(COSStream),4,1,3,1,0
org.apache.pdfbox.pdmodel.fdf.FDFField.escapeXML(String),36,8,2,8,1
org.apache.pdfbox.pdmodel.fdf.FDFPage.FDFPage(),4,1,0,3,0
org.apache.pdfbox.pdmodel.fdf.FDFPage.FDFPage(COSDictionary),4,1,2,2,0
org.apache.pdfbox.pdmodel.fdf.FDFPage.getCOSObject(),4,1,1,1,0
org.apache.pdfbox.pdmodel.fdf.FDFPage.getTemplates(),15,3,2,8,1
org.apache.pdfbox.pdmodel.fdf.FDFPage.setTemplates(List<FDFTemplate>),4,1,3,2,0
org.apache.pdfbox.pdmodel.fdf.FDFPage.getPageInfo(),10,2,2,3,0
org.apache.pdfbox.pdmodel.fdf.FDFPage.setPageInfo(FDFPageInfo),4,1,3,1,0
org.apache.pdfbox.debugger.colorpane.IndexedTableModel.IndexedTableModel(IndexedColorant[]),4,1,2,2,0
org.apache.pdfbox.debugger.colorpane.IndexedTableModel.getRowCount(),4,1,2,1,0
org.apache.pdfbox.debugger.colorpane.IndexedTableModel.getColumnCount(),4,1,2,1,0
"org.apache.pdfbox.debugger.colorpane.IndexedTableModel.getValueAt(int, int)",14,4,3,4,0
org.apache.pdfbox.debugger.colorpane.IndexedTableModel.getColumnName(int),4,1,2,1,0
org.apache.pdfbox.debugger.colorpane.IndexedTableModel.getColumnClass(int),14,4,1,1,0
org.apache.pdfbox.multipdf.PDFCloneUtility.PDFCloneUtility(PDDocument),4,1,4,2,0
org.apache.pdfbox.multipdf.PDFCloneUtility.getDestination(),4,1,1,1,0
org.apache.pdfbox.multipdf.PDFCloneUtility.cloneForNewDocument(Object),77,13,8,21,4
"org.apache.pdfbox.multipdf.PDFCloneUtility.cloneMerge(COSObjectable, COSObjectable)",77,14,6,20,3
org.apache.xmpbox.type.DeviceSettingsType.DeviceSettingsType(XMPMetadata),4,1,1,2,0
org.apache.pdfbox.examples.pdmodel.ExtractEmbeddedFiles.ExtractEmbeddedFiles(),3,1,0,1,0
org.apache.pdfbox.examples.pdmodel.ExtractEmbeddedFiles.main(String[]),58,9,2,19,3
"org.apache.pdfbox.examples.pdmodel.ExtractEmbeddedFiles.extractFiles(Map<String, PDComplexFileSpecification>, String)",11,2,3,5,1
"org.apache.pdfbox.examples.pdmodel.ExtractEmbeddedFiles.extractFile(String, String, PDEmbeddedFile)",17,1,6,6,0
org.apache.pdfbox.examples.pdmodel.ExtractEmbeddedFiles.getEmbeddedFile(PDComplexFileSpecification),25,6,3,6,0
org.apache.pdfbox.examples.pdmodel.ExtractEmbeddedFiles.usage(),4,1,2,2,0
org.apache.pdfbox.pdmodel.documentinterchange.logicalstructure.PDMarkInfo.PDMarkInfo(),4,1,0,3,0
org.apache.pdfbox.pdmodel.documentinterchange.logicalstructure.PDMarkInfo.PDMarkInfo(COSDictionary),4,1,2,2,0
org.apache.pdfbox.pdmodel.documentinterchange.logicalstructure.PDMarkInfo.getCOSObject(),4,1,1,1,0
org.apache.pdfbox.pdmodel.documentinterchange.logicalstructure.PDMarkInfo.isMarked(),4,1,2,2,0
org.apache.pdfbox.pdmodel.documentinterchange.logicalstructure.PDMarkInfo.setMarked(boolean),4,1,3,1,0
org.apache.pdfbox.pdmodel.documentinterchange.logicalstructure.PDMarkInfo.usesUserProperties(),4,1,1,2,0
org.apache.pdfbox.pdmodel.documentinterchange.logicalstructure.PDMarkInfo.setUserProperties(boolean),4,1,2,1,0
org.apache.pdfbox.pdmodel.documentinterchange.logicalstructure.PDMarkInfo.isSuspect(),4,1,1,2,0
org.apache.pdfbox.pdmodel.documentinterchange.logicalstructure.PDMarkInfo.setSuspect(boolean),4,1,1,1,0
org.apache.pdfbox.examples.interactive.form.CreateSimpleForm.CreateSimpleForm(),3,1,0,1,0
org.apache.pdfbox.examples.interactive.form.CreateSimpleForm.main(String[]),27,1,2,25,0
org.apache.pdfbox.pdmodel.interactive.form.MultilineFieldsTest.setUp(),6,1,4,7,0
org.apache.pdfbox.pdmodel.interactive.form.MultilineFieldsTest.fillFields(),34,2,7,9,0
org.apache.pdfbox.pdmodel.interactive.form.MultilineFieldsTest.tearDown(),4,1,1,1,0
org.apache.pdfbox.examples.pdmodel.PrintURLs.PrintURLs(),3,1,0,1,0
org.apache.pdfbox.examples.pdmodel.PrintURLs.main(String[]),69,11,3,22,3
org.apache.pdfbox.examples.pdmodel.PrintURLs.usage(),4,1,2,2,0
org.apache.pdfbox.text.PDFTextStripperByArea.PDFTextStripperByArea(),5,1,2,3,0
org.apache.pdfbox.text.PDFTextStripperByArea.setShouldSeparateByBeads(boolean),3,1,0,0,0
"org.apache.pdfbox.text.PDFTextStripperByArea.addRegion(String, Rectangle2D)",5,1,6,2,0
org.apache.pdfbox.text.PDFTextStripperByArea.removeRegion(String),5,1,3,2,0
org.apache.pdfbox.text.PDFTextStripperByArea.getRegions(),4,1,1,1,0
org.apache.pdfbox.text.PDFTextStripperByArea.getTextForRegion(String),5,1,4,3,0
org.apache.pdfbox.text.PDFTextStripperByArea.extractRegions(PDPage),18,3,6,12,1
org.apache.pdfbox.text.PDFTextStripperByArea.processTextPosition(TextPosition),14,3,3,10,1
org.apache.pdfbox.text.PDFTextStripperByArea.writePage(),11,2,3,8,1
org.apache.pdfbox.examples.util.PrintImageLocations.PrintImageLocations(),9,1,1,2,0
org.apache.pdfbox.examples.util.PrintImageLocations.main(String[]),30,4,3,8,1
"org.apache.pdfbox.examples.util.PrintImageLocations.processOperator(Operator, List<COSBase>)",39,4,3,18,0
org.apache.pdfbox.examples.util.PrintImageLocations.usage(),4,1,2,2,0
"org.apache.pdfbox.contentstream.operator.state.Concatenate.process(Operator, List<COSBase>)",20,3,3,9,0
org.apache.pdfbox.contentstream.operator.state.Concatenate.getName(),4,1,0,1,0
"org.apache.pdfbox.contentstream.operator.state.Save.process(Operator, List<COSBase>)",4,1,1,1,0
org.apache.pdfbox.contentstream.operator.state.Save.getName(),4,1,0,1,0
"org.apache.pdfbox.contentstream.operator.state.SetGraphicsStateParameters.process(Operator, List<COSBase>)",19,4,3,9,0
org.apache.pdfbox.contentstream.operator.state.SetGraphicsStateParameters.getName(),4,1,0,1,0
org.apache.pdfbox.pdmodel.interactive.digitalsignature.PDPropBuild.PDPropBuild(),5,1,1,4,0
org.apache.pdfbox.pdmodel.interactive.digitalsignature.PDPropBuild.PDPropBuild(COSDictionary),5,1,3,3,0
org.apache.pdfbox.pdmodel.interactive.digitalsignature.PDPropBuild.getCOSObject(),4,1,1,1,0
org.apache.pdfbox.pdmodel.interactive.digitalsignature.PDPropBuild.getFilter(),10,2,2,3,0
org.apache.pdfbox.pdmodel.interactive.digitalsignature.PDPropBuild.setPDPropBuildFilter(PDPropBuildDataDict),4,1,3,1,0
org.apache.pdfbox.pdmodel.interactive.digitalsignature.PDPropBuild.getPubSec(),10,2,2,3,0
org.apache.pdfbox.pdmodel.interactive.digitalsignature.PDPropBuild.setPDPropBuildPubSec(PDPropBuildDataDict),4,1,3,1,0
org.apache.pdfbox.pdmodel.interactive.digitalsignature.PDPropBuild.getApp(),10,2,2,3,0
org.apache.pdfbox.pdmodel.interactive.digitalsignature.PDPropBuild.setPDPropBuildApp(PDPropBuildDataDict),4,1,3,1,0
org.apache.pdfbox.pdmodel.interactive.digitalsignature.PDPropBuildDataDict.PDPropBuildDataDict(),5,1,1,4,0
org.apache.pdfbox.pdmodel.interactive.digitalsignature.PDPropBuildDataDict.PDPropBuildDataDict(COSDictionary),5,1,5,3,0
org.apache.pdfbox.pdmodel.interactive.digitalsignature.PDPropBuildDataDict.getCOSObject(),4,1,1,1,0
org.apache.pdfbox.pdmodel.interactive.digitalsignature.PDPropBuildDataDict.getName(),4,1,2,2,0
org.apache.pdfbox.pdmodel.interactive.digitalsignature.PDPropBuildDataDict.setName(String),4,1,3,1,0
org.apache.pdfbox.pdmodel.interactive.digitalsignature.PDPropBuildDataDict.getDate(),4,1,2,2,0
org.apache.pdfbox.pdmodel.interactive.digitalsignature.PDPropBuildDataDict.setDate(String),4,1,3,1,0
org.apache.pdfbox.pdmodel.interactive.digitalsignature.PDPropBuildDataDict.setVersion(String),4,1,2,1,0
org.apache.pdfbox.pdmodel.interactive.digitalsignature.PDPropBuildDataDict.getVersion(),4,1,1,2,0
org.apache.pdfbox.pdmodel.interactive.digitalsignature.PDPropBuildDataDict.getRevision(),4,1,2,2,0
org.apache.pdfbox.pdmodel.interactive.digitalsignature.PDPropBuildDataDict.setRevision(long),4,1,3,1,0
org.apache.pdfbox.pdmodel.interactive.digitalsignature.PDPropBuildDataDict.getMinimumRevision(),4,1,2,2,0
org.apache.pdfbox.pdmodel.interactive.digitalsignature.PDPropBuildDataDict.setMinimumRevision(long),4,1,3,1,0
org.apache.pdfbox.pdmodel.interactive.digitalsignature.PDPropBuildDataDict.getPreRelease(),4,1,2,2,0
org.apache.pdfbox.pdmodel.interactive.digitalsignature.PDPropBuildDataDict.setPreRelease(boolean),4,1,3,1,0
org.apache.pdfbox.pdmodel.interactive.digitalsignature.PDPropBuildDataDict.getOS(),9,2,2,4,0
org.apache.pdfbox.pdmodel.interactive.digitalsignature.PDPropBuildDataDict.setOS(String),18,3,3,7,0
org.apache.pdfbox.pdmodel.interactive.digitalsignature.PDPropBuildDataDict.getNonEFontNoWarn(),4,1,2,2,0
org.apache.pdfbox.pdmodel.interactive.digitalsignature.PDPropBuildDataDict.getTrustedMode(),4,1,2,2,0
org.apache.pdfbox.pdmodel.interactive.digitalsignature.PDPropBuildDataDict.setTrustedMode(boolean),4,1,3,1,0
org.apache.pdfbox.examples.pdmodel.AddAnnotations.AddAnnotations(),3,1,0,1,0
org.apache.pdfbox.examples.pdmodel.AddAnnotations.main(String[]),122,2,11,51,0
org.apache.pdfbox.preflight.annotation.pdfa.PDFAbAnnotationFactory.initializeClasses(),19,1,17,1,0
"org.apache.pdfbox.preflight.graphic.ColorSpaceHelperFactory.getColorSpaceHelper(PreflightContext, PDColorSpace, ColorSpaceRestriction)",12,3,10,4,0
org.apache.pdfbox.preflight.process.CatalogValidationProcess.CatalogValidationProcess(),54,1,52,2,0
org.apache.pdfbox.preflight.process.CatalogValidationProcess.isStandardICCCharacterization(String),11,3,3,2,1
org.apache.pdfbox.preflight.process.CatalogValidationProcess.validate(PreflightContext),17,2,3,10,0
org.apache.pdfbox.preflight.process.CatalogValidationProcess.validateActions(PreflightContext),10,2,6,5,0
org.apache.pdfbox.preflight.process.CatalogValidationProcess.validateLang(PreflightContext),8,2,4,5,0
org.apache.pdfbox.preflight.process.CatalogValidationProcess.validateNames(PreflightContext),18,4,5,5,0
org.apache.pdfbox.preflight.process.CatalogValidationProcess.validateOCProperties(PreflightContext),8,2,4,3,0
org.apache.pdfbox.preflight.process.CatalogValidationProcess.validateOutputIntent(PreflightContext),49,7,10,23,1
"org.apache.pdfbox.preflight.process.CatalogValidationProcess.validateICCProfile(COSBase, Map<COSObjectKey, Boolean>, PreflightContext)",55,11,9,19,0
"org.apache.pdfbox.preflight.process.CatalogValidationProcess.validateICCProfileVersion(ICC_Profile, PreflightContext)",24,4,4,8,0
"org.apache.pdfbox.preflight.process.CatalogValidationProcess.validateICCProfileNEntry(COSStream, PreflightContext, ICC_Profile)",31,5,6,8,0
org.apache.pdfbox.preflight.process.FileSpecificationValidationProcess.validate(PreflightContext),19,4,4,8,1
"org.apache.pdfbox.preflight.process.FileSpecificationValidationProcess.validateFileSpecification(PreflightContext, COSDictionary)",10,2,5,6,0
org.apache.pdfbox.preflight.process.MetadataValidationProcess.validate(PreflightContext),91,15,21,21,0
"org.apache.pdfbox.preflight.process.MetadataValidationProcess.checkThumbnails(PreflightContext, XMPMetadata)",26,5,5,6,1
"org.apache.pdfbox.preflight.process.MetadataValidationProcess.checkThumbnail(ThumbnailType, PreflightContext)",45,7,5,15,0
org.apache.pdfbox.preflight.process.MetadataValidationProcess.hasJpegMagicNumber(byte[]),11,2,3,1,0
org.apache.pdfbox.preflight.process.MetadataValidationProcess.getXpacket(COSDocument),26,4,6,8,0
org.apache.pdfbox.preflight.process.MetadataValidationProcess.checkStreamFilterUsage(PDDocument),11,2,2,8,0
org.apache.pdfbox.preflight.process.PageTreeValidationProcess.validate(PreflightContext),25,4,4,11,1
"org.apache.pdfbox.preflight.process.PageTreeValidationProcess.validatePage(PreflightContext, PDPage)",4,1,4,1,0
org.apache.pdfbox.preflight.process.TrailerValidationProcess.validate(PreflightContext),22,3,1,9,0
org.apache.pdfbox.preflight.process.TrailerValidationProcess.checkTrailersForLinearizedPDF14(PreflightContext),20,3,5,9,0
org.apache.pdfbox.preflight.process.TrailerValidationProcess.checkTrailersForLinearizedPDF15(PreflightContext),45,7,8,15,1
"org.apache.pdfbox.preflight.process.TrailerValidationProcess.compareIds(COSDictionary, COSDictionary, COSDocument)",40,7,6,7,2
"org.apache.pdfbox.preflight.process.TrailerValidationProcess.checkMainTrailer(PreflightContext, COSDictionary)",109,20,17,11,1
org.apache.pdfbox.preflight.process.TrailerValidationProcess.getLinearizedDictionary(PDDocument),15,3,3,7,1
"org.apache.pdfbox.preflight.process.TrailerValidationProcess.checkLinearizedDictionnary(PreflightContext, COSDictionary)",48,10,11,5,1
org.apache.pdfbox.preflight.process.XRefValidationProcess.validate(PreflightContext),12,3,4,7,0
org.apache.pdfbox.preflight.process.reflect.ActionsValidationProcess.validate(PreflightContext),24,4,2,12,1
org.apache.pdfbox.preflight.process.reflect.AnnotationValidationProcess.validate(PreflightContext),23,4,2,10,0
org.apache.pdfbox.preflight.process.reflect.DestinationValidationProcess.validate(PreflightContext),48,8,4,16,0
"org.apache.pdfbox.preflight.process.reflect.DestinationValidationProcess.validateExplicitDestination(PreflightContext, COSArray)",24,4,7,7,0
org.apache.pdfbox.preflight.process.reflect.ExtGStateValidationProcess.validate(PreflightContext),19,3,2,9,0
"org.apache.pdfbox.preflight.process.reflect.ExtGStateValidationProcess.extractExtGStateDictionaries(PreflightContext, COSDictionary)",25,5,4,11,1
"org.apache.pdfbox.preflight.process.reflect.ExtGStateValidationProcess.validateTransparencyRules(PreflightContext, List<COSDictionary>)",12,2,3,6,1
"org.apache.pdfbox.preflight.process.reflect.ExtGStateValidationProcess.validateFonts(PreflightContext, List<COSDictionary>)",8,2,3,1,1
"org.apache.pdfbox.preflight.process.reflect.ExtGStateValidationProcess.checkFont(PreflightContext, COSDictionary)",48,8,10,10,0
"org.apache.pdfbox.preflight.process.reflect.ExtGStateValidationProcess.checkSoftMask(PreflightContext, COSDictionary)",10,2,6,5,0
"org.apache.pdfbox.preflight.process.reflect.ExtGStateValidationProcess.checkBlendMode(PreflightContext, COSDictionary)",13,3,7,5,0
"org.apache.pdfbox.preflight.process.reflect.ExtGStateValidationProcess.checkUpperCA(PreflightContext, COSDictionary)",15,3,5,7,0
"org.apache.pdfbox.preflight.process.reflect.ExtGStateValidationProcess.checkLowerCA(PreflightContext, COSDictionary)",15,3,5,7,0
"org.apache.pdfbox.preflight.process.reflect.ExtGStateValidationProcess.checkTRKey(PreflightContext, COSDictionary)",8,2,5,3,0
"org.apache.pdfbox.preflight.process.reflect.ExtGStateValidationProcess.checkTR2Key(PreflightContext, COSDictionary)",12,3,4,5,0
org.apache.pdfbox.preflight.process.reflect.FontValidationProcess.validate(PreflightContext),26,5,2,10,0
"org.apache.pdfbox.preflight.process.reflect.FontValidationProcess.getFontValidator(PreflightContext, PDFont)",27,6,13,9,0
org.apache.pdfbox.preflight.process.reflect.GraphicObjectPageValidationProcess.validate(PreflightContext),31,6,3,10,0
org.apache.pdfbox.preflight.process.reflect.ShadingPatternValidationProcess.validate(PreflightContext),20,3,2,9,0
"org.apache.pdfbox.preflight.process.reflect.ShadingPatternValidationProcess.checkColorSpace(PreflightContext, PDPage, PDShading)",16,2,6,8,0
"org.apache.pdfbox.preflight.process.reflect.ShadingPatternValidationProcess.checkGraphicState(PreflightContext, PDPage, PDShading)",10,2,5,3,0
org.apache.pdfbox.preflight.process.reflect.SinglePageValidationProcess.validate(PreflightContext),23,3,2,13,0
"org.apache.pdfbox.preflight.process.reflect.SinglePageValidationProcess.validateActions(PreflightContext, PDPage)",4,1,4,2,0
"org.apache.pdfbox.preflight.process.reflect.SinglePageValidationProcess.validateColorSpaces(PreflightContext, PDPage)",22,4,4,7,1
"org.apache.pdfbox.preflight.process.reflect.SinglePageValidationProcess.validateGraphicObjects(PreflightContext, PDPage)",21,4,7,8,0
"org.apache.pdfbox.preflight.process.reflect.SinglePageValidationProcess.validateResources(PreflightContext, PDPage)",4,1,4,2,0
"org.apache.pdfbox.preflight.process.reflect.SinglePageValidationProcess.validateContent(PreflightContext, PDPage)",12,2,5,5,0
"org.apache.pdfbox.preflight.process.reflect.SinglePageValidationProcess.validateAnnotation(PreflightContext, PDPage)",23,5,6,4,1
"org.apache.pdfbox.preflight.process.reflect.SinglePageValidationProcess.validateGroupTransparency(PreflightContext, PDPage)",14,3,7,9,0
org.apache.xmpbox.schema.XmpSchemaException.XmpSchemaException(String),4,1,1,2,0
"org.apache.xmpbox.schema.XmpSchemaException.XmpSchemaException(String, Throwable)",4,1,3,2,0
"org.apache.pdfbox.contentstream.operator.text.SetTextRenderingMode.process(Operator, List<COSBase>)",15,3,3,8,0
org.apache.pdfbox.contentstream.operator.text.SetTextRenderingMode.getName(),4,1,0,1,0
"org.apache.fontbox.cff.Type1CharStringParser.Type1CharStringParser(String, String)",5,1,3,3,0
"org.apache.fontbox.cff.Type1CharStringParser.parse(byte[], List)",4,1,3,3,0
"org.apache.fontbox.cff.Type1CharStringParser.parse(byte[], List, List<Object>)",84,15,12,24,3
org.apache.fontbox.cff.Type1CharStringParser.removeInteger(List<Object>),16,3,2,6,0
"org.apache.fontbox.cff.Type1CharStringParser.readCommand(DataInput, int)",9,2,3,4,0
"org.apache.fontbox.cff.Type1CharStringParser.readNumber(DataInput, int)",25,5,3,4,0
org.apache.pdfbox.pdmodel.common.PDTypedDictionaryWrapper.PDTypedDictionaryWrapper(String),5,1,2,4,0
org.apache.pdfbox.pdmodel.common.PDTypedDictionaryWrapper.PDTypedDictionaryWrapper(COSDictionary),4,1,1,2,0
org.apache.pdfbox.pdmodel.common.PDTypedDictionaryWrapper.getType(),4,1,1,3,0
org.apache.pdfbox.examples.pdmodel.CreatePDFA.CreatePDFA(),3,1,0,1,0
org.apache.pdfbox.examples.pdmodel.CreatePDFA.main(String[]),59,3,5,40,0
"org.apache.pdfbox.pdmodel.graphics.color.PDOutputIntent.PDOutputIntent(PDDocument, InputStream)",8,1,10,6,0
org.apache.pdfbox.pdmodel.graphics.color.PDOutputIntent.PDOutputIntent(COSDictionary),4,1,2,2,0
org.apache.pdfbox.pdmodel.graphics.color.PDOutputIntent.getCOSObject(),4,1,3,1,0
org.apache.pdfbox.pdmodel.graphics.color.PDOutputIntent.getDestOutputIntent(),4,1,2,2,0
org.apache.pdfbox.pdmodel.graphics.color.PDOutputIntent.getInfo(),4,1,2,2,0
org.apache.pdfbox.pdmodel.graphics.color.PDOutputIntent.setInfo(String),4,1,5,1,0
org.apache.pdfbox.pdmodel.graphics.color.PDOutputIntent.getOutputCondition(),4,1,2,2,0
org.apache.pdfbox.pdmodel.graphics.color.PDOutputIntent.setOutputCondition(String),4,1,5,1,0
org.apache.pdfbox.pdmodel.graphics.color.PDOutputIntent.getOutputConditionIdentifier(),4,1,2,2,0
org.apache.pdfbox.pdmodel.graphics.color.PDOutputIntent.setOutputConditionIdentifier(String),4,1,5,1,0
org.apache.pdfbox.pdmodel.graphics.color.PDOutputIntent.getRegistryName(),4,1,2,2,0
org.apache.pdfbox.pdmodel.graphics.color.PDOutputIntent.setRegistryName(String),4,1,5,1,0
"org.apache.pdfbox.pdmodel.graphics.color.PDOutputIntent.configureOutputProfile(PDDocument, InputStream)",8,1,5,8,0
"org.apache.pdfbox.contentstream.operator.markedcontent.EndMarkedContentSequence.process(Operator, List<COSBase>)",7,2,1,1,0
org.apache.pdfbox.contentstream.operator.markedcontent.EndMarkedContentSequence.getName(),4,1,0,1,0
org.apache.pdfbox.debugger.ui.Tree.Tree(Component),7,1,3,8,0
org.apache.pdfbox.debugger.ui.Tree.getPopupLocation(MouseEvent),15,3,2,9,1
org.apache.pdfbox.debugger.ui.Tree.getPopupMenuItems(TreePath),31,7,2,12,1
org.apache.pdfbox.debugger.ui.Tree.getTreePathMenuItem(TreePath),14,1,1,3,0
org.apache.pdfbox.debugger.ui.Tree.getFilteredStreamSaveMenu(COSStream),21,1,2,4,0
org.apache.pdfbox.debugger.ui.Tree.getFilters(COSStream),25,6,2,8,1
org.apache.pdfbox.debugger.ui.Tree.getUnFilteredStreamSaveMenu(COSStream),21,1,1,3,0
org.apache.pdfbox.debugger.ui.Tree.getPartiallyFilteredStreamSaveMenu(COSStream),11,2,2,7,1
"org.apache.pdfbox.debugger.ui.Tree.getPartialStreamSavingMenuItem(int, PDStream)",30,2,3,15,1
org.apache.pdfbox.debugger.ui.Tree.saveStream(byte[]),5,1,5,2,0
"org.apache.pdfbox.debugger.ui.FileOpenSaveDialog.FileOpenSaveDialog(Component, FileFilter)",5,1,5,3,0
org.apache.pdfbox.debugger.ui.FileOpenSaveDialog.saveFile(byte[]),23,3,5,6,0
org.apache.pdfbox.debugger.ui.FileOpenSaveDialog.openFile(),9,2,4,3,0
org.apache.pdfbox.multipdf.PageExtractor.PageExtractor(PDDocument),5,1,3,4,0
"org.apache.pdfbox.multipdf.PageExtractor.PageExtractor(PDDocument, int, int)",6,1,4,4,0
org.apache.pdfbox.multipdf.PageExtractor.extract(),17,2,4,17,1
org.apache.pdfbox.multipdf.PageExtractor.getStartPage(),4,1,1,1,0
org.apache.pdfbox.multipdf.PageExtractor.setStartPage(int),4,1,1,1,0
org.apache.pdfbox.multipdf.PageExtractor.getEndPage(),4,1,1,1,0
org.apache.pdfbox.multipdf.PageExtractor.setEndPage(int),4,1,1,1,0
org.apache.pdfbox.tools.Decrypt.Decrypt(),3,1,1,1,0
org.apache.pdfbox.tools.Decrypt.main(String[]),7,1,2,4,0
org.apache.pdfbox.tools.Decrypt.parseCommandLineArgs(String[]),64,14,9,7,1
org.apache.pdfbox.tools.Decrypt.decrypt(),38,5,7,11,0
org.apache.pdfbox.tools.Decrypt.usage(),10,1,2,2,0
org.apache.pdfbox.rendering.TTFGlyph2D.TTFGlyph2D(PDTrueTypeFont),5,1,2,4,0
org.apache.pdfbox.rendering.TTFGlyph2D.TTFGlyph2D(PDType0Font),5,1,2,5,0
"org.apache.pdfbox.rendering.TTFGlyph2D.TTFGlyph2D(TrueTypeFont, PDFont, boolean)",12,2,6,8,0
org.apache.pdfbox.rendering.TTFGlyph2D.getPathForCharacterCode(int),5,1,1,3,0
org.apache.pdfbox.rendering.TTFGlyph2D.getGIDForCharacterCode(int),11,2,4,3,0
"org.apache.pdfbox.rendering.TTFGlyph2D.getPathForGID(int, int)",42,7,11,16,0
org.apache.pdfbox.rendering.TTFGlyph2D.dispose(),4,1,1,1,0
org.apache.xmpbox.type.AttributeTest.testAtt(),21,1,0,8,0
org.apache.xmpbox.type.AttributeTest.testAttWithoutPrefix(),12,1,0,4,0
org.apache.pdfbox.pdfparser.InputStreamSource.InputStreamSource(InputStream),5,1,7,4,0
org.apache.pdfbox.pdfparser.InputStreamSource.read(),6,1,1,3,0
org.apache.pdfbox.pdfparser.InputStreamSource.read(byte[]),6,1,2,3,0
"org.apache.pdfbox.pdfparser.InputStreamSource.read(byte[], int, int)",6,1,5,3,0
org.apache.pdfbox.pdfparser.InputStreamSource.getPosition(),4,1,1,1,0
org.apache.pdfbox.pdfparser.InputStreamSource.peek(),9,2,2,3,0
org.apache.pdfbox.pdfparser.InputStreamSource.unread(int),5,1,2,2,0
org.apache.pdfbox.pdfparser.InputStreamSource.unread(byte[]),5,1,3,2,0
org.apache.pdfbox.pdfparser.InputStreamSource.readFully(int),14,2,1,3,1
org.apache.pdfbox.pdfparser.InputStreamSource.isEOF(),4,1,0,2,0
org.apache.pdfbox.pdfparser.InputStreamSource.close(),4,1,1,1,0
org.apache.pdfbox.pdmodel.interactive.pagenavigation.PDTransitionDirectionTest.getCOSBase(),13,1,7,3,0
org.apache.pdfbox.pdmodel.interactive.pagenavigation.PDTransitionDirection.PDTransitionDirection(int),4,1,1,2,0
org.apache.pdfbox.pdmodel.interactive.pagenavigation.PDTransitionDirection.getCOSBase(),4,1,5,2,0
org.apache.pdfbox.pdmodel.interactive.pagenavigation.PDTransitionDirection.values(),0,1,0,1,0
org.apache.pdfbox.pdmodel.interactive.pagenavigation.PDTransitionDirection.valueOf(),0,1,0,1,0
org.apache.pdfbox.pdmodel.common.PDIntegerNameTreeNode.PDIntegerNameTreeNode(),4,1,1,2,0
org.apache.pdfbox.pdmodel.common.PDIntegerNameTreeNode.PDIntegerNameTreeNode(COSDictionary),4,1,2,2,0
org.apache.pdfbox.pdmodel.common.PDIntegerNameTreeNode.convertCOSToPD(COSBase),4,1,1,1,0
org.apache.pdfbox.pdmodel.common.PDIntegerNameTreeNode.createChildNode(COSDictionary),4,1,1,2,0
org.apache.pdfbox.rendering.Type1Glyph2D.Type1Glyph2D(PDSimpleFont),4,1,2,2,0
org.apache.pdfbox.rendering.Type1Glyph2D.getPathForCharacterCode(int),28,5,5,11,0
org.apache.pdfbox.rendering.Type1Glyph2D.dispose(),4,1,1,1,0
"org.apache.pdfbox.contentstream.operator.graphics.MoveTo.process(Operator, List<COSBase>)",21,4,5,6,0
org.apache.pdfbox.contentstream.operator.graphics.MoveTo.getName(),4,1,0,1,0
org.apache.pdfbox.examples.pdfa.CreatePDFATest.setUp(),5,1,1,3,0
org.apache.pdfbox.examples.pdfa.CreatePDFATest.testCreatePDFA(),28,2,3,23,1
"org.apache.pdfbox.cos.COSInputStream.create(List<Filter>, COSDictionary, InputStream, ScratchFile)",38,4,5,13,1
"org.apache.pdfbox.cos.COSInputStream.COSInputStream(InputStream, List<DecodeResult>)",5,1,3,3,0
org.apache.pdfbox.cos.COSInputStream.getDecodeResult(),11,2,4,4,0
"org.apache.pdfbox.debugger.colorpane.ColorBarCellRenderer.getTableCellRendererComponent(JTable, Object, boolean, boolean, int, int)",8,1,1,4,0
org.apache.fontbox.ttf.TestMemoryTTFDataStream.testEOF(),25,4,0,5,1
org.apache.pdfbox.debugger.colorpane.DeviceNColorant.DeviceNColorant(),3,1,1,1,0
org.apache.pdfbox.debugger.colorpane.DeviceNColorant.getName(),4,1,2,1,0
org.apache.pdfbox.debugger.colorpane.DeviceNColorant.setName(String),4,1,2,1,0
org.apache.pdfbox.debugger.colorpane.DeviceNColorant.getMaximum(),4,1,2,1,0
org.apache.pdfbox.debugger.colorpane.DeviceNColorant.setMaximum(Color),4,1,2,1,0
org.apache.pdfbox.debugger.colorpane.DeviceNColorant.getMinimum(),4,1,2,1,0
org.apache.pdfbox.debugger.colorpane.DeviceNColorant.setMinimum(Color),4,1,2,1,0
org.apache.pdfbox.tools.PDFToImage.PDFToImage(),3,1,0,1,0
org.apache.pdfbox.tools.PDFToImage.main(String[]),183,31,22,23,2
org.apache.pdfbox.tools.PDFToImage.usage(),18,1,2,3,0
org.apache.pdfbox.tools.PDFToImage.getImageFormats(),17,4,2,6,1
"org.apache.pdfbox.tools.PDFToImage.changeCropBox(PDDocument, float, float, float, float)",13,2,7,8,1
"org.apache.pdfbox.preflight.font.CIDType0FontValidator.CIDType0FontValidator(PreflightContext, PDCIDFontType0)",4,1,3,3,0
org.apache.pdfbox.preflight.font.CIDType0FontValidator.checkCIDToGIDMap(COSBase),4,1,1,1,0
org.apache.pdfbox.preflight.font.CIDType0FontValidator.createFontDescriptorHelper(),4,1,3,2,0
"org.apache.pdfbox.pdmodel.font.PDCIDFontType0.PDCIDFontType0(COSDictionary, PDType0Font)",77,10,10,30,0
org.apache.pdfbox.pdmodel.font.PDCIDFontType0.getFontMatrix(),33,5,4,8,0
org.apache.pdfbox.pdmodel.font.PDCIDFontType0.getBoundingBox(),8,2,1,3,0
org.apache.pdfbox.pdmodel.font.PDCIDFontType0.generateBoundingBox(),26,5,3,11,0
org.apache.pdfbox.pdmodel.font.PDCIDFontType0.getCFFFont(),15,3,2,1,0
org.apache.pdfbox.pdmodel.font.PDCIDFontType0.getFontBoxFont(),11,2,2,1,0
org.apache.pdfbox.pdmodel.font.PDCIDFontType0.getType2CharString(int),15,3,7,3,0
org.apache.pdfbox.pdmodel.font.PDCIDFontType0.getGlyphName(int),9,2,5,4,0
org.apache.pdfbox.pdmodel.font.PDCIDFontType0.getPath(int),17,3,4,7,0
org.apache.pdfbox.pdmodel.font.PDCIDFontType0.hasGlyph(int),17,3,4,7,0
org.apache.pdfbox.pdmodel.font.PDCIDFontType0.codeToCID(int),4,1,7,3,0
org.apache.pdfbox.pdmodel.font.PDCIDFontType0.codeToGID(int),12,2,3,4,0
org.apache.pdfbox.pdmodel.font.PDCIDFontType0.encode(int),4,1,0,2,0
org.apache.pdfbox.pdmodel.font.PDCIDFontType0.getWidthFromFont(int),20,3,5,9,0
org.apache.pdfbox.pdmodel.font.PDCIDFontType0.isEmbedded(),4,1,1,1,0
org.apache.pdfbox.pdmodel.font.PDCIDFontType0.isDamaged(),4,1,1,1,0
org.apache.pdfbox.pdmodel.font.PDCIDFontType0.getHeight(int),11,2,2,7,0
org.apache.pdfbox.pdmodel.font.PDCIDFontType0.getAverageFontWidth(),8,2,1,3,0
org.apache.pdfbox.pdmodel.font.PDCIDFontType0.getAverageCharacterWidth(),4,1,1,1,0
"org.apache.pdfbox.contentstream.operator.text.ShowTextLineAndSpace.process(Operator, List<COSBase>)",10,2,3,4,0
org.apache.pdfbox.contentstream.operator.text.ShowTextLineAndSpace.getName(),4,1,0,1,0
"org.apache.pdfbox.contentstream.operator.color.SetStrokingDeviceCMYKColor.process(Operator, List<COSBase>)",6,1,4,5,0
org.apache.pdfbox.contentstream.operator.color.SetStrokingDeviceCMYKColor.getName(),4,1,0,1,0
"org.apache.pdfbox.pdmodel.graphics.shading.Type4ShadingContext.Type4ShadingContext(PDShadingType4, ColorModel, AffineTransform, Matrix, Rectangle)",10,1,8,8,0
"org.apache.pdfbox.pdmodel.graphics.shading.Type4ShadingContext.collectTriangles(PDShadingType4, AffineTransform, Matrix)",98,13,14,16,2
"org.apache.pdfbox.pdmodel.graphics.shading.GouraudShadingContext.GouraudShadingContext(PDShading, ColorModel, AffineTransform, Matrix)",5,1,6,2,0
"org.apache.pdfbox.pdmodel.graphics.shading.GouraudShadingContext.readVertex(ImageInputStream, long, long, PDRange, PDRange, PDRange[], Matrix, AffineTransform)",22,2,14,10,1
org.apache.pdfbox.pdmodel.graphics.shading.GouraudShadingContext.setTriangleList(List<ShadedTriangle>),4,1,3,1,0
org.apache.pdfbox.pdmodel.graphics.shading.GouraudShadingContext.calcPixelTable(Rectangle),6,1,2,3,0
org.apache.pdfbox.pdmodel.graphics.shading.GouraudShadingContext.dispose(),5,1,0,2,0
"org.apache.pdfbox.pdmodel.graphics.shading.GouraudShadingContext.interpolate(float, long, float, float)",4,1,5,1,0
org.apache.pdfbox.pdmodel.graphics.shading.GouraudShadingContext.isDataEmpty(),4,1,1,2,0
"org.apache.pdfbox.pdmodel.graphics.shading.Vertex.Vertex(Point2D, float[])",5,1,3,4,0
org.apache.pdfbox.pdmodel.graphics.shading.Vertex.toString(),13,3,2,6,1
org.apache.fontbox.ttf.DigitalSignatureTable.DigitalSignatureTable(TrueTypeFont),4,1,2,2,0
"org.apache.pdfbox.pdmodel.font.encoding.DictionaryEncoding.DictionaryEncoding(COSName, COSArray)",22,3,11,9,0
org.apache.pdfbox.pdmodel.font.encoding.DictionaryEncoding.DictionaryEncoding(COSDictionary),6,1,2,4,0
"org.apache.pdfbox.pdmodel.font.encoding.DictionaryEncoding.DictionaryEncoding(COSDictionary, boolean, Encoding)",33,5,10,9,0
org.apache.pdfbox.pdmodel.font.encoding.DictionaryEncoding.applyDifferences(),20,4,6,7,1
org.apache.pdfbox.pdmodel.font.encoding.DictionaryEncoding.getBaseEncoding(),4,1,2,1,0
org.apache.pdfbox.pdmodel.font.encoding.DictionaryEncoding.getDifferences(),4,1,3,1,0
org.apache.pdfbox.pdmodel.font.encoding.DictionaryEncoding.getCOSObject(),4,1,1,1,0
org.apache.pdfbox.pdmodel.font.encoding.DictionaryEncoding.getEncodingName(),4,1,1,2,0
"org.apache.pdfbox.debugger.pagepane.PagePane.PagePane(PDDocument, COSDictionary)",7,1,3,7,0
org.apache.pdfbox.debugger.pagepane.PagePane.initUI(),17,2,9,16,0
org.apache.pdfbox.debugger.pagepane.PagePane.getPanel(),4,1,2,1,0
org.apache.pdfbox.debugger.pagepane.PagePane.actionPerformed(ActionEvent),8,2,1,7,0
org.apache.pdfbox.debugger.pagepane.PagePane.ancestorAdded(AncestorEvent),11,1,4,8,0
org.apache.pdfbox.debugger.pagepane.PagePane.ancestorRemoved(AncestorEvent),5,1,2,1,0
org.apache.pdfbox.debugger.pagepane.PagePane.ancestorMoved(AncestorEvent),3,1,0,0,0
"org.apache.pdfbox.debugger.streampane.tooltip.FontToolTip.FontToolTip(PDResources, String)",4,1,3,3,0
"org.apache.pdfbox.debugger.streampane.tooltip.FontToolTip.initUI(String, PDResources)",22,5,4,7,1
org.apache.pdfbox.debugger.streampane.tooltip.FontToolTip.extractFontReference(String),4,1,2,4,0
org.apache.pdfbox.debugger.streampane.tooltip.FontToolTip.getToolTipText(),4,1,1,1,0
org.apache.pdfbox.examples.interactive.form.AddBorderToField.AddBorderToField(),3,1,0,1,0
org.apache.pdfbox.examples.interactive.form.AddBorderToField.main(String[]),14,1,1,14,0
org.apache.pdfbox.examples.pdmodel.ExtractMetadata.ExtractMetadata(),3,1,0,1,0
org.apache.pdfbox.examples.pdmodel.ExtractMetadata.main(String[]),69,9,4,31,0
org.apache.pdfbox.examples.pdmodel.ExtractMetadata.showDocumentInformation(PDDocumentInformation),8,1,2,6,0
"org.apache.pdfbox.examples.pdmodel.ExtractMetadata.listString(String, List<String>)",14,3,4,4,1
"org.apache.pdfbox.examples.pdmodel.ExtractMetadata.listCalendar(String, List<Calendar>)",14,3,4,5,1
org.apache.pdfbox.examples.pdmodel.ExtractMetadata.format(Object),12,2,3,5,0
"org.apache.pdfbox.examples.pdmodel.ExtractMetadata.display(String, Object)",7,2,5,2,0
org.apache.pdfbox.examples.pdmodel.ExtractMetadata.usage(),4,1,2,2,0
org.apache.pdfbox.pdmodel.graphics.image.CCITTFactory.CCITTFactory(),3,1,0,1,0
"org.apache.pdfbox.pdmodel.graphics.image.CCITTFactory.createFromRandomAccess(PDDocument, RandomAccess)",5,1,2,2,0
"org.apache.pdfbox.pdmodel.graphics.image.CCITTFactory.createFromRandomAccess(PDDocument, RandomAccess, int)",5,1,3,2,0
"org.apache.pdfbox.pdmodel.graphics.image.CCITTFactory.createFromFile(PDDocument, File)",5,1,5,3,0
"org.apache.pdfbox.pdmodel.graphics.image.CCITTFactory.createFromFile(PDDocument, File, int)",5,1,4,3,0
"org.apache.pdfbox.pdmodel.graphics.image.CCITTFactory.createFromRandomAccessImpl(PDDocument, RandomAccess, int)",23,2,12,11,0
"org.apache.pdfbox.pdmodel.graphics.image.CCITTFactory.extractFromTiff(RandomAccess, OutputStream, COSDictionary, int)",182,35,9,11,3
"org.apache.pdfbox.pdmodel.graphics.image.CCITTFactory.readshort(char, RandomAccess)",8,2,3,2,0
"org.apache.pdfbox.pdmodel.graphics.image.CCITTFactory.readlong(char, RandomAccess)",8,2,3,2,0
"org.apache.xmpbox.type.RationalType.RationalType(XMPMetadata, String, String, String, Object)",4,1,5,2,0
org.apache.pdfbox.pdmodel.font.FontMapperImpl.FontMapperImpl(),66,5,2,15,1
org.apache.pdfbox.pdmodel.font.FontMapperImpl.setProvider(FontProvider),5,1,2,4,0
org.apache.pdfbox.pdmodel.font.FontMapperImpl.getProvider(),8,2,3,2,0
org.apache.pdfbox.pdmodel.font.FontMapperImpl.getFontCache(),4,1,1,1,0
org.apache.pdfbox.pdmodel.font.FontMapperImpl.createFontInfoByName(List<? extends FontInfo>),12,3,2,5,2
org.apache.pdfbox.pdmodel.font.FontMapperImpl.getPostScriptNames(String),7,1,2,4,0
org.apache.pdfbox.pdmodel.font.FontMapperImpl.copySubstitutes(String),4,1,3,3,0
"org.apache.pdfbox.pdmodel.font.FontMapperImpl.addSubstitute(String, String)",8,2,3,5,0
org.apache.pdfbox.pdmodel.font.FontMapperImpl.getSubstitutes(String),12,2,3,4,0
org.apache.pdfbox.pdmodel.font.FontMapperImpl.getFallbackFontName(PDFontDescriptor),73,14,3,7,0
"org.apache.pdfbox.pdmodel.font.FontMapperImpl.getTrueTypeFont(String, PDFontDescriptor)",19,3,4,4,0
"org.apache.pdfbox.pdmodel.font.FontMapperImpl.getFontBoxFont(String, PDFontDescriptor)",19,3,3,4,0
org.apache.pdfbox.pdmodel.font.FontMapperImpl.findFontBoxFont(String),19,4,5,2,0
"org.apache.pdfbox.pdmodel.font.FontMapperImpl.findFont(FontFormat, String)",35,8,6,6,1
"org.apache.pdfbox.pdmodel.font.FontMapperImpl.getFont(FontFormat, String)",13,3,4,6,0
"org.apache.pdfbox.pdmodel.font.FontMapperImpl.getCIDFont(String, PDFontDescriptor, PDCIDSystemInfo)",37,7,7,9,0
"org.apache.pdfbox.pdmodel.font.FontMapperImpl.getFontMatches(PDFontDescriptor, PDCIDSystemInfo)",62,13,4,18,1
"org.apache.pdfbox.pdmodel.font.FontMapperImpl.isCharSetMatch(PDCIDSystemInfo, FontInfo)",38,5,3,8,0
org.apache.pdfbox.pdmodel.font.FontMapperImpl.printMatches(PriorityQueue<FontMatch>),16,2,4,11,1
org.apache.pdfbox.debugger.streampane.tooltip.ToolTipController.ToolTipController(PDResources),4,1,2,2,0
org.apache.pdfbox.debugger.streampane.tooltip.ToolTipController.getWords(String),13,3,3,7,1
"org.apache.pdfbox.debugger.streampane.tooltip.ToolTipController.getToolTip(int, JTextComponent)",49,10,15,12,0
"org.apache.pdfbox.debugger.streampane.tooltip.ToolTipController.findColorSpace(int, String)",26,5,5,7,1
"org.apache.pdfbox.debugger.streampane.tooltip.ToolTipController.isColorSpace(String, String)",5,1,3,5,0
org.apache.pdfbox.debugger.streampane.tooltip.ToolTipController.getWord(int),14,2,4,7,0
org.apache.pdfbox.debugger.streampane.tooltip.ToolTipController.getRowText(int),14,2,5,6,0
org.apache.pdfbox.preflight.action.pdfa1b.TestUriAction.createAction(),6,1,3,3,0
org.apache.pdfbox.preflight.action.pdfa1b.TestUriAction.test(),5,1,0,2,0
org.apache.pdfbox.preflight.action.pdfa1b.TestUriAction.testMissingURI(),5,1,1,2,0
org.apache.pdfbox.preflight.action.pdfa1b.TestUriAction.testInvalidURI(),6,1,2,4,0
org.apache.pdfbox.preflight.action.pdfa1b.TestUriAction.testNextValid(),6,1,0,4,0
org.apache.pdfbox.preflight.action.pdfa1b.TestUriAction.testNextInvalid(),6,1,1,5,0
org.apache.pdfbox.pdmodel.interactive.digitalsignature.PDSeedValue.PDSeedValue(),6,1,3,5,0
org.apache.pdfbox.pdmodel.interactive.digitalsignature.PDSeedValue.PDSeedValue(COSDictionary),5,1,3,3,0
org.apache.pdfbox.pdmodel.interactive.digitalsignature.PDSeedValue.getCOSObject(),4,1,15,1,0
org.apache.pdfbox.pdmodel.interactive.digitalsignature.PDSeedValue.isFilterRequired(),4,1,2,3,0
org.apache.pdfbox.pdmodel.interactive.digitalsignature.PDSeedValue.setFilterRequired(boolean),4,1,3,2,0
org.apache.pdfbox.pdmodel.interactive.digitalsignature.PDSeedValue.isSubFilterRequired(),4,1,2,3,0
org.apache.pdfbox.pdmodel.interactive.digitalsignature.PDSeedValue.setSubFilterRequired(boolean),4,1,3,2,0
org.apache.pdfbox.pdmodel.interactive.digitalsignature.PDSeedValue.isDigestMethodRequired(),4,1,2,3,0
org.apache.pdfbox.pdmodel.interactive.digitalsignature.PDSeedValue.setDigestMethodRequired(boolean),4,1,3,2,0
org.apache.pdfbox.pdmodel.interactive.digitalsignature.PDSeedValue.isVRequired(),4,1,2,3,0
org.apache.pdfbox.pdmodel.interactive.digitalsignature.PDSeedValue.setVRequired(boolean),4,1,3,2,0
org.apache.pdfbox.pdmodel.interactive.digitalsignature.PDSeedValue.isReasonRequired(),4,1,2,3,0
org.apache.pdfbox.pdmodel.interactive.digitalsignature.PDSeedValue.setReasonRequired(boolean),4,1,3,2,0
org.apache.pdfbox.pdmodel.interactive.digitalsignature.PDSeedValue.isLegalAttestationRequired(),4,1,2,3,0
org.apache.pdfbox.pdmodel.interactive.digitalsignature.PDSeedValue.setLegalAttestationRequired(boolean),4,1,3,2,0
org.apache.pdfbox.pdmodel.interactive.digitalsignature.PDSeedValue.isAddRevInfoRequired(),4,1,2,3,0
org.apache.pdfbox.pdmodel.interactive.digitalsignature.PDSeedValue.setAddRevInfoRequired(boolean),4,1,3,2,0
org.apache.pdfbox.pdmodel.interactive.digitalsignature.PDSeedValue.getFilter(),4,1,2,2,0
org.apache.pdfbox.pdmodel.interactive.digitalsignature.PDSeedValue.setFilter(COSName),4,1,3,1,0
org.apache.pdfbox.pdmodel.interactive.digitalsignature.PDSeedValue.getSubFilter(),19,4,2,7,1
org.apache.pdfbox.pdmodel.interactive.digitalsignature.PDSeedValue.setSubFilter(List<COSName>),4,1,3,2,0
org.apache.pdfbox.pdmodel.interactive.digitalsignature.PDSeedValue.getDigestMethod(),19,4,2,7,1
org.apache.pdfbox.pdmodel.interactive.digitalsignature.PDSeedValue.setDigestMethod(List<COSName>),15,3,8,5,1
org.apache.pdfbox.pdmodel.interactive.digitalsignature.PDSeedValue.getV(),4,1,2,2,0
org.apache.pdfbox.pdmodel.interactive.digitalsignature.PDSeedValue.setV(float),4,1,3,1,0
org.apache.pdfbox.pdmodel.interactive.digitalsignature.PDSeedValue.getReasons(),19,4,2,7,1
org.apache.pdfbox.pdmodel.interactive.digitalsignature.PDSeedValue.setReasonsd(List<String>),4,1,3,2,0
org.apache.pdfbox.pdmodel.interactive.digitalsignature.PDSeedValue.getMDP(),10,2,2,3,0
org.apache.pdfbox.pdmodel.interactive.digitalsignature.PDSeedValue.setMPD(PDSeedValueMDP),7,2,3,2,0
org.apache.pdfbox.pdmodel.interactive.digitalsignature.PDSeedValue.getTimeStamp(),10,2,2,3,0
org.apache.pdfbox.pdmodel.interactive.digitalsignature.PDSeedValue.setTimeStamp(PDSeedValueTimeStamp),7,2,3,2,0
org.apache.pdfbox.pdmodel.interactive.digitalsignature.PDSeedValue.getLegalAttestation(),19,4,2,7,1
org.apache.pdfbox.pdmodel.interactive.digitalsignature.PDSeedValue.setLegalAttestation(List<String>),4,1,3,2,0
org.apache.pdfbox.pdmodel.common.TestPDNumberTreeNode.setUp(),46,4,5,14,0
org.apache.pdfbox.pdmodel.common.TestPDNumberTreeNode.testGetValue(),8,1,2,6,0
org.apache.pdfbox.pdmodel.common.TestPDNumberTreeNode.testUpperLimit(),14,1,5,6,0
org.apache.pdfbox.pdmodel.common.TestPDNumberTreeNode.testLowerLimit(),14,1,5,6,0
"org.apache.pdfbox.tools.TestPDFText2HTML.createDocument(String, PDFont, String)",15,1,5,13,0
org.apache.pdfbox.tools.TestPDFText2HTML.testEscapeTitle(),10,1,1,10,0
org.apache.pdfbox.tools.TestPDFText2HTML.testStyle(),9,1,1,9,0
org.apache.pdfbox.tools.PDFText2HTML.PDFText2HTML(),11,1,4,9,0
org.apache.pdfbox.tools.PDFText2HTML.writeHeader(),12,1,2,6,0
org.apache.pdfbox.tools.PDFText2HTML.writePage(),9,2,1,3,0
org.apache.pdfbox.tools.PDFText2HTML.endDocument(PDDocument),4,1,0,1,0
org.apache.pdfbox.tools.PDFText2HTML.getTitle(),36,7,2,14,2
org.apache.pdfbox.tools.PDFText2HTML.startArticle(boolean),11,2,1,1,0
org.apache.pdfbox.tools.PDFText2HTML.endArticle(),5,1,0,2,0
"org.apache.pdfbox.tools.PDFText2HTML.writeString(String, List<TextPosition>)",4,1,3,2,0
org.apache.pdfbox.tools.PDFText2HTML.writeString(String),4,1,1,2,0
org.apache.pdfbox.tools.PDFText2HTML.writeParagraphEnd(),5,1,1,3,0
org.apache.pdfbox.tools.PDFText2HTML.escape(String),9,2,4,6,1
"org.apache.pdfbox.tools.PDFText2HTML.appendEscaped(StringBuilder, char)",28,6,4,3,0
org.apache.pdfbox.pdmodel.common.PDPageLabels.PDPageLabels(PDDocument),8,1,4,7,0
"org.apache.pdfbox.pdmodel.common.PDPageLabels.PDPageLabels(PDDocument, COSDictionary)",10,2,3,4,0
org.apache.pdfbox.pdmodel.common.PDPageLabels.findLabels(PDNumberTreeNode),22,6,3,7,2
org.apache.pdfbox.pdmodel.common.PDPageLabels.getPageRangeCount(),4,1,1,2,0
org.apache.pdfbox.pdmodel.common.PDPageLabels.getPageLabelRange(int),4,1,2,2,0
"org.apache.pdfbox.pdmodel.common.PDPageLabels.setLabelItem(int, PDPageLabelRange)",8,2,3,2,0
org.apache.pdfbox.pdmodel.common.PDPageLabels.getCOSObject(),12,2,2,9,1
org.apache.pdfbox.pdmodel.common.PDPageLabels.getPageIndicesByLabels(),14,1,1,4,0
org.apache.pdfbox.pdmodel.common.PDPageLabels.getLabelsByPageIndices(),16,1,3,3,0
org.apache.pdfbox.pdmodel.common.PDPageLabels.computeLabels(LabelHandler),31,5,5,11,3
org.apache.pdfbox.pdmodel.common.PDPageLabelRange.PDPageLabelRange(),4,1,1,3,0
org.apache.pdfbox.pdmodel.common.PDPageLabelRange.PDPageLabelRange(COSDictionary),4,1,3,2,0
org.apache.pdfbox.pdmodel.common.PDPageLabelRange.getCOSObject(),4,1,1,1,0
org.apache.pdfbox.pdmodel.common.PDPageLabelRange.getStyle(),4,1,3,2,0
org.apache.pdfbox.pdmodel.common.PDPageLabelRange.setStyle(String),11,2,4,2,0
org.apache.pdfbox.pdmodel.common.PDPageLabelRange.getStart(),4,1,3,2,0
org.apache.pdfbox.pdmodel.common.PDPageLabelRange.setStart(int),9,2,3,2,0
org.apache.pdfbox.pdmodel.common.PDPageLabelRange.getPrefix(),4,1,3,2,0
org.apache.pdfbox.pdmodel.common.PDPageLabelRange.setPrefix(String),11,2,3,2,0
org.apache.pdfbox.preflight.action.pdfa1b.TestForbiddenAction.createAction(String),7,1,9,4,0
org.apache.pdfbox.preflight.action.pdfa1b.TestForbiddenAction.testLaunch(),5,1,1,2,0
org.apache.pdfbox.preflight.action.pdfa1b.TestForbiddenAction.testSound(),5,1,1,2,0
org.apache.pdfbox.preflight.action.pdfa1b.TestForbiddenAction.testMovie(),5,1,1,2,0
org.apache.pdfbox.preflight.action.pdfa1b.TestForbiddenAction.testImportData(),5,1,1,2,0
org.apache.pdfbox.preflight.action.pdfa1b.TestForbiddenAction.testResetForm(),5,1,1,2,0
org.apache.pdfbox.preflight.action.pdfa1b.TestForbiddenAction.testJS(),5,1,1,2,0
"org.apache.pdfbox.preflight.xobject.XObjImageValidator.XObjImageValidator(PreflightContext, PDImageXObject)",5,1,3,4,0
org.apache.pdfbox.preflight.xobject.XObjImageValidator.checkMandatoryFields(),9,2,5,3,0
org.apache.pdfbox.preflight.xobject.XObjImageValidator.checkAlternates(),7,2,4,3,0
org.apache.pdfbox.preflight.xobject.XObjImageValidator.checkInterpolate(),8,2,4,4,0
org.apache.pdfbox.preflight.xobject.XObjImageValidator.checkIntent(),12,3,4,5,0
org.apache.pdfbox.preflight.xobject.XObjImageValidator.checkColorSpaceAndImageMask(),35,5,10,12,0
org.apache.pdfbox.preflight.xobject.XObjImageValidator.isImageMaskTrue(),12,2,2,3,0
org.apache.pdfbox.preflight.xobject.XObjImageValidator.validate(),8,1,0,5,0
"org.apache.pdfbox.pdmodel.graphics.shading.Type1ShadingPaint.Type1ShadingPaint(PDShadingType1, Matrix)",5,1,3,3,0
org.apache.pdfbox.pdmodel.graphics.shading.Type1ShadingPaint.getTransparency(),4,1,0,1,0
"org.apache.pdfbox.pdmodel.graphics.shading.Type1ShadingPaint.createContext(ColorModel, Rectangle, Rectangle2D, AffineTransform, RenderingHints)",13,2,9,5,0
org.apache.pdfbox.pdmodel.graphics.shading.PDShadingType1.PDShadingType1(COSDictionary),4,1,2,2,0
org.apache.pdfbox.pdmodel.graphics.shading.PDShadingType1.getShadingType(),4,1,1,1,0
org.apache.pdfbox.pdmodel.graphics.shading.PDShadingType1.getMatrix(),12,2,2,5,0
org.apache.pdfbox.pdmodel.graphics.shading.PDShadingType1.setMatrix(AffineTransform),11,2,2,6,1
org.apache.pdfbox.pdmodel.graphics.shading.PDShadingType1.getDomain(),8,2,3,4,0
org.apache.pdfbox.pdmodel.graphics.shading.PDShadingType1.setDomain(COSArray),5,1,2,3,0
org.apache.pdfbox.pdmodel.graphics.shading.PDShadingType1.toPaint(Matrix),4,1,1,2,0
"org.apache.pdfbox.pdmodel.graphics.shading.Type1ShadingContext.Type1ShadingContext(PDShadingType1, ColorModel, AffineTransform, Matrix)",24,3,8,12,0
org.apache.pdfbox.pdmodel.graphics.shading.Type1ShadingContext.dispose(),5,1,0,2,0
org.apache.pdfbox.pdmodel.graphics.shading.Type1ShadingContext.getColorModel(),4,1,1,2,0
"org.apache.pdfbox.pdmodel.graphics.shading.Type1ShadingContext.getRaster(int, int, int, int)",67,11,15,10,2
org.apache.pdfbox.pdmodel.graphics.shading.Type1ShadingContext.getDomain(),4,1,1,1,0
"org.apache.pdfbox.preflight.annotation.MarkupAnnotationValidator.MarkupAnnotationValidator(PreflightContext, COSDictionary)",6,1,3,5,0
org.apache.pdfbox.preflight.annotation.MarkupAnnotationValidator.checkSpecificMandatoryFields(),4,1,2,3,0
org.apache.pdfbox.pdmodel.graphics.color.PDDeviceCMYKTest.testCMYK(),4,1,0,2,0
org.apache.pdfbox.pdmodel.interactive.pagenavigation.PDTransition.PDTransition(),4,1,9,2,0
org.apache.pdfbox.pdmodel.interactive.pagenavigation.PDTransition.PDTransition(PDTransitionStyle),6,1,7,6,0
org.apache.pdfbox.pdmodel.interactive.pagenavigation.PDTransition.PDTransition(COSDictionary),4,1,3,2,0
org.apache.pdfbox.pdmodel.interactive.pagenavigation.PDTransition.getStyle(),4,1,7,4,0
org.apache.pdfbox.pdmodel.interactive.pagenavigation.PDTransition.getDimension(),4,1,4,4,0
org.apache.pdfbox.pdmodel.interactive.pagenavigation.PDTransition.setDimension(PDTransitionDimension),4,1,3,3,0
org.apache.pdfbox.pdmodel.interactive.pagenavigation.PDTransition.getMotion(),4,1,4,4,0
org.apache.pdfbox.pdmodel.interactive.pagenavigation.PDTransition.setMotion(PDTransitionMotion),4,1,3,3,0
org.apache.pdfbox.pdmodel.interactive.pagenavigation.PDTransition.getDirection(),9,2,7,3,0
org.apache.pdfbox.pdmodel.interactive.pagenavigation.PDTransition.setDirection(PDTransitionDirection),4,1,5,3,0
org.apache.pdfbox.pdmodel.interactive.pagenavigation.PDTransition.getDuration(),4,1,4,3,0
org.apache.pdfbox.pdmodel.interactive.pagenavigation.PDTransition.setDuration(float),4,1,3,3,0
org.apache.pdfbox.pdmodel.interactive.pagenavigation.PDTransition.getFlyScale(),4,1,3,3,0
org.apache.pdfbox.pdmodel.interactive.pagenavigation.PDTransition.setFlyScale(float),4,1,4,3,0
org.apache.pdfbox.pdmodel.interactive.pagenavigation.PDTransition.isFlyAreaOpaque(),4,1,3,3,0
org.apache.pdfbox.pdmodel.interactive.pagenavigation.PDTransition.setFlyAreaOpaque(boolean),4,1,3,3,0
org.apache.pdfbox.pdmodel.interactive.pagenavigation.PDTransitionStyle.values(),0,1,0,1,0
org.apache.pdfbox.pdmodel.interactive.pagenavigation.PDTransitionStyle.valueOf(),0,1,0,1,0
org.apache.pdfbox.pdmodel.interactive.pagenavigation.PDTransitionDimension.values(),0,1,0,1,0
org.apache.pdfbox.pdmodel.interactive.pagenavigation.PDTransitionDimension.valueOf(),0,1,0,1,0
"org.apache.xmpbox.schema.XMPBasicTest.XMPBasicTest(String, PropertyType, Object)",4,1,3,2,0
org.apache.xmpbox.schema.XMPBasicTest.initTempMetaData(),6,1,1,5,0
org.apache.xmpbox.schema.XMPBasicTest.initializeParameters(),16,1,9,6,0
"org.apache.pdfbox.pdmodel.graphics.shading.Type7ShadingPaint.Type7ShadingPaint(PDShadingType7, Matrix)",5,1,3,3,0
org.apache.pdfbox.pdmodel.graphics.shading.Type7ShadingPaint.getTransparency(),4,1,0,1,0
"org.apache.pdfbox.pdmodel.graphics.shading.Type7ShadingPaint.createContext(ColorModel, Rectangle, Rectangle2D, AffineTransform, RenderingHints)",13,2,9,5,0
org.apache.pdfbox.pdmodel.graphics.shading.PDShadingType7.PDShadingType7(COSDictionary),4,1,2,2,0
org.apache.pdfbox.pdmodel.graphics.shading.PDShadingType7.getShadingType(),4,1,1,1,0
org.apache.pdfbox.pdmodel.graphics.shading.PDShadingType7.toPaint(Matrix),4,1,1,2,0
"org.apache.pdfbox.pdmodel.graphics.shading.Type7ShadingContext.Type7ShadingContext(PDShadingType7, ColorModel, AffineTransform, Matrix, Rectangle)",5,1,6,2,0
"org.apache.pdfbox.pdmodel.graphics.shading.Type7ShadingContext.generatePatch(Point2D[], float[][])",4,1,2,2,0
"org.apache.pdfbox.contentstream.operator.graphics.CurveTo.process(Operator, List<COSBase>)",31,4,6,10,0
org.apache.pdfbox.contentstream.operator.graphics.CurveTo.getName(),4,1,0,1,0
"org.apache.pdfbox.contentstream.operator.text.MoveText.process(Operator, List<COSBase>)",28,5,4,11,0
org.apache.pdfbox.contentstream.operator.text.MoveText.getName(),4,1,1,1,0
org.apache.pdfbox.examples.pdmodel.PrintBookmarks.main(String[]),32,4,3,8,0
org.apache.pdfbox.examples.pdmodel.PrintBookmarks.usage(),4,1,2,2,0
"org.apache.pdfbox.examples.pdmodel.PrintBookmarks.printBookmark(PDOutlineNode, String)",10,2,4,4,1
"org.apache.pdfbox.preflight.font.util.PreflightType3Stream.PreflightType3Stream(PreflightContext, PDPage, PDType3CharProc)",5,1,4,3,0
org.apache.pdfbox.preflight.font.util.PreflightType3Stream.showType3Character(PDType3CharProc),4,1,3,2,0
org.apache.pdfbox.preflight.font.util.PreflightType3Stream.createImage(),5,1,2,3,0
"org.apache.pdfbox.preflight.font.util.PreflightType3Stream.processOperator(Operator, List)",35,4,3,24,0
org.apache.pdfbox.preflight.font.util.PreflightType3Stream.checkType3FirstOperator(List),21,4,3,7,0
org.apache.pdfbox.preflight.font.util.PreflightType3Stream.getWidth(),4,1,2,1,0
"org.apache.pdfbox.preflight.font.FontValidator.FontValidator(PreflightContext, COSDictionary, T)",7,1,7,4,0
org.apache.pdfbox.preflight.font.FontValidator.validate(),1,1,2,0,0
org.apache.pdfbox.preflight.font.FontValidator.checkEncoding(),3,1,1,0,0
org.apache.pdfbox.preflight.font.FontValidator.checkToUnicode(),3,1,3,0,0
org.apache.pdfbox.preflight.font.FontValidator.getFontContainer(),4,1,2,1,0
"org.apache.pdfbox.examples.signature.CreateSignature.CreateSignature(KeyStore, char[])",17,2,5,9,0
org.apache.pdfbox.examples.signature.CreateSignature.signDetached(File),4,1,1,1,0
"org.apache.pdfbox.examples.signature.CreateSignature.signDetached(File, File)",4,1,3,1,0
"org.apache.pdfbox.examples.signature.CreateSignature.signDetached(File, File, TSAClient)",11,2,7,6,0
"org.apache.pdfbox.examples.signature.CreateSignature.signDetached(PDDocument, OutputStream, TSAClient)",14,1,6,11,0
org.apache.pdfbox.examples.signature.CreateSignature.signTimeStamps(CMSSignedData),11,2,1,7,1
org.apache.pdfbox.examples.signature.CreateSignature.signTimeStamp(SignerInformation),22,3,3,9,0
org.apache.pdfbox.examples.signature.CreateSignature.main(String[]),36,6,2,18,1
org.apache.pdfbox.examples.signature.CreateSignature.usage(),7,1,2,2,0
org.apache.pdfbox.filter.Predictor.Predictor(),3,1,0,1,0
"org.apache.pdfbox.filter.Predictor.decodePredictor(int, int, int, int, InputStream, OutputStream)",160,32,8,9,11
"org.apache.pdfbox.filter.Predictor.getBitSeq(int, int, int)",5,1,5,1,0
"org.apache.pdfbox.filter.Predictor.calcSetBitSeq(int, int, int, int)",7,1,6,1,0
org.apache.pdfbox.multipdf.PDFCloneUtilityTest.testClonePDFWithCosArrayStream(),12,1,1,9,0
org.apache.pdfbox.multipdf.PDFCloneUtilityTest.testClonePDFWithCosArrayStream2(),34,1,4,16,0
org.apache.fontbox.cff.CFFExpertSubsetCharset.CFFExpertSubsetCharset(),4,1,0,2,0
org.apache.fontbox.cff.CFFExpertSubsetCharset.getInstance(),4,1,2,1,0
"org.apache.pdfbox.pdfparser.PDFXrefStreamParser.PDFXrefStreamParser(COSStream, COSDocument, XrefTrailerResolver)",8,1,4,7,0
org.apache.pdfbox.pdfparser.PDFXrefStreamParser.parse(),81,14,8,17,7
"org.apache.pdfbox.preflight.graphic.NoPatternColorSpaceHelper.NoPatternColorSpaceHelper(PreflightContext, PDColorSpace)",4,1,3,2,0
org.apache.pdfbox.preflight.graphic.NoPatternColorSpaceHelper.processPatternColorSpace(PDColorSpace),5,1,2,2,0
"org.apache.pdfbox.preflight.graphic.StandardColorSpaceHelper.StandardColorSpaceHelper(PreflightContext, PDColorSpace)",5,1,5,3,0
org.apache.pdfbox.preflight.graphic.StandardColorSpaceHelper.validate(),9,2,2,4,0
org.apache.pdfbox.preflight.graphic.StandardColorSpaceHelper.processAllColorSpace(PDColorSpace),43,16,24,14,0
org.apache.pdfbox.preflight.graphic.StandardColorSpaceHelper.processRGBColorSpace(PDColorSpace),16,4,6,4,0
org.apache.pdfbox.preflight.graphic.StandardColorSpaceHelper.processCYMKColorSpace(PDColorSpace),16,4,6,4,0
org.apache.pdfbox.preflight.graphic.StandardColorSpaceHelper.processPatternColorSpace(PDColorSpace),8,2,4,2,0
org.apache.pdfbox.preflight.graphic.StandardColorSpaceHelper.processGrayColorSpace(PDColorSpace),8,2,5,3,0
org.apache.pdfbox.preflight.graphic.StandardColorSpaceHelper.processCalibratedColorSpace(PDColorSpace),3,1,1,0,0
org.apache.pdfbox.preflight.graphic.StandardColorSpaceHelper.processICCBasedColorSpace(PDColorSpace),29,5,9,10,0
org.apache.pdfbox.preflight.graphic.StandardColorSpaceHelper.processDeviceNColorSpace(PDColorSpace),48,9,9,13,1
org.apache.pdfbox.preflight.graphic.StandardColorSpaceHelper.processIndexedColorSpace(PDColorSpace),19,3,7,6,0
org.apache.pdfbox.preflight.graphic.StandardColorSpaceHelper.processSeparationColorSpace(PDColorSpace),30,8,11,11,0
org.apache.pdfbox.preflight.graphic.StandardColorSpaceHelper.processDefaultColorSpace(PDColorSpace),41,7,13,16,0
org.apache.pdfbox.tools.PDFMerger.PDFMerger(),3,1,1,1,0
org.apache.pdfbox.tools.PDFMerger.main(String[]),6,1,2,3,0
org.apache.pdfbox.tools.PDFMerger.merge(String[]),17,3,3,6,1
org.apache.pdfbox.tools.PDFMerger.usage(),10,1,2,2,0
"org.apache.pdfbox.preflight.graphic.DeviceColorSpaceHelper.DeviceColorSpaceHelper(PreflightContext, PDColorSpace)",4,1,3,2,0
org.apache.pdfbox.preflight.graphic.DeviceColorSpaceHelper.processPatternColorSpace(PDColorSpace),5,1,2,2,0
org.apache.pdfbox.preflight.graphic.DeviceColorSpaceHelper.processDeviceNColorSpace(PDColorSpace),5,1,2,2,0
org.apache.pdfbox.preflight.graphic.DeviceColorSpaceHelper.processIndexedColorSpace(PDColorSpace),17,4,6,7,0
"org.apache.fontbox.cff.Type2CharStringParser.Type2CharStringParser(String, String)",5,1,3,3,0
"org.apache.fontbox.cff.Type2CharStringParser.Type2CharStringParser(String, int)",5,1,3,4,0
"org.apache.fontbox.cff.Type2CharStringParser.parse(byte[], byte[][], byte[][])",4,1,5,2,0
"org.apache.fontbox.cff.Type2CharStringParser.parse(byte[], byte[][], byte[][], boolean)",95,17,7,17,1
"org.apache.fontbox.cff.Type2CharStringParser.readCommand(int, DataInput)",27,6,4,10,1
"org.apache.fontbox.cff.Type2CharStringParser.readNumber(int, DataInput)",32,6,3,4,0
org.apache.fontbox.cff.Type2CharStringParser.getMaskLength(),10,2,3,1,0
org.apache.fontbox.cff.Type2CharStringParser.peekNumbers(),15,3,2,5,1
org.apache.pdfbox.text.PDFTextStreamEngine.PDFTextStreamEngine(),28,1,0,7,0
org.apache.pdfbox.text.PDFTextStreamEngine.processPage(PDPage),14,2,3,9,0
"org.apache.pdfbox.text.PDFTextStreamEngine.showGlyph(Matrix, PDFont, int, String, Vector)",116,17,13,41,0
org.apache.pdfbox.text.PDFTextStreamEngine.processTextPosition(TextPosition),3,1,1,0,0
"org.apache.pdfbox.text.TextPositionComparator.compare(TextPosition, TextPosition)",43,7,2,6,0
"org.apache.pdfbox.debugger.fontencodingpane.FontEncodingPaneController.FontEncodingPaneController(COSName, COSDictionary)",21,4,4,8,0
org.apache.pdfbox.debugger.fontencodingpane.FontEncodingPaneController.getPane(),8,2,2,2,0
org.apache.pdfbox.debugger.fontencodingpane.SimpleFont.SimpleFont(PDSimpleFont),9,1,3,9,0
org.apache.pdfbox.debugger.fontencodingpane.SimpleFont.getGlyphs(PDSimpleFont),20,3,3,6,1
org.apache.pdfbox.debugger.fontencodingpane.SimpleFont.getEncodingName(PDSimpleFont),4,1,2,4,0
org.apache.pdfbox.debugger.fontencodingpane.SimpleFont.getPanel(),4,1,1,2,0
org.apache.pdfbox.examples.printing.Printing.Printing(),3,1,0,1,0
org.apache.pdfbox.examples.printing.Printing.main(String[]),11,2,3,6,0
org.apache.pdfbox.examples.printing.Printing.print(PDDocument),6,1,2,4,0
org.apache.pdfbox.examples.printing.Printing.printWithAttributes(PDDocument),9,1,1,7,0
org.apache.pdfbox.examples.printing.Printing.printWithDialog(PDDocument),9,2,1,5,0
org.apache.pdfbox.examples.printing.Printing.printWithDialogAndAttributes(PDDocument),12,2,1,8,0
org.apache.pdfbox.examples.printing.Printing.printWithPaper(PDDocument),15,1,1,15,0
org.apache.pdfbox.printing.PDFPrintable.PDFPrintable(PDDocument),4,1,3,2,0
"org.apache.pdfbox.printing.PDFPrintable.PDFPrintable(PDDocument, Scaling)",4,1,3,2,0
"org.apache.pdfbox.printing.PDFPrintable.PDFPrintable(PDDocument, Scaling, boolean)",4,1,3,2,0
"org.apache.pdfbox.printing.PDFPrintable.PDFPrintable(PDDocument, Scaling, boolean, float)",4,1,7,2,0
"org.apache.pdfbox.printing.PDFPrintable.PDFPrintable(PDDocument, Scaling, boolean, float, boolean)",10,1,6,8,0
"org.apache.pdfbox.printing.PDFPrintable.print(Graphics, PageFormat, int)",70,9,17,31,0
org.apache.pdfbox.printing.PDFPrintable.getRotatedCropBox(PDPage),14,2,3,8,0
org.apache.pdfbox.printing.PDFPrintable.getRotatedMediaBox(PDPage),14,2,2,8,0
org.apache.pdfbox.pdmodel.interactive.digitalsignature.PDSeedValueTimeStamp.PDSeedValueTimeStamp(),5,1,1,4,0
org.apache.pdfbox.pdmodel.interactive.digitalsignature.PDSeedValueTimeStamp.PDSeedValueTimeStamp(COSDictionary),5,1,3,3,0
org.apache.pdfbox.pdmodel.interactive.digitalsignature.PDSeedValueTimeStamp.getCOSObject(),4,1,2,1,0
org.apache.pdfbox.pdmodel.interactive.digitalsignature.PDSeedValueTimeStamp.getURL(),4,1,2,2,0
org.apache.pdfbox.pdmodel.interactive.digitalsignature.PDSeedValueTimeStamp.setURL(String),4,1,3,1,0
org.apache.pdfbox.pdmodel.interactive.digitalsignature.PDSeedValueTimeStamp.isTimestampRequired(),4,1,2,2,0
org.apache.pdfbox.pdmodel.interactive.digitalsignature.PDSeedValueTimeStamp.setTimestampRequired(boolean),4,2,3,1,0
org.apache.pdfbox.preflight.Validator_A1b.main(String[]),79,12,4,25,3
org.apache.pdfbox.preflight.Validator_A1b.usage(),11,1,2,3,0
org.apache.pdfbox.preflight.Validator_A1b.runSimple(File),41,5,4,17,1
org.apache.pdfbox.preflight.Validator_A1b.listFiles(String),28,5,2,14,1
org.apache.pdfbox.pdmodel.interactive.form.PDFieldFactory.PDFieldFactory(),3,1,0,1,0
"org.apache.pdfbox.pdmodel.interactive.form.PDFieldFactory.createField(PDAcroForm, COSDictionary, PDNonTerminalField)",28,6,9,9,0
"org.apache.pdfbox.pdmodel.interactive.form.PDFieldFactory.createChoiceSubType(PDAcroForm, COSDictionary, PDNonTerminalField)",13,2,6,4,0
"org.apache.pdfbox.pdmodel.interactive.form.PDFieldFactory.createButtonSubType(PDAcroForm, COSDictionary, PDNonTerminalField)",17,3,7,5,0
org.apache.pdfbox.pdmodel.interactive.form.PDFieldFactory.findFieldType(COSDictionary),14,3,5,3,0
org.apache.pdfbox.pdmodel.interactive.form.PDComboBox.PDComboBox(PDAcroForm),5,1,2,3,0
"org.apache.pdfbox.pdmodel.interactive.form.PDComboBox.PDComboBox(PDAcroForm, COSDictionary, PDNonTerminalField)",4,1,4,2,0
org.apache.pdfbox.pdmodel.interactive.form.PDComboBox.isEdit(),4,1,2,3,0
org.apache.pdfbox.pdmodel.interactive.form.PDComboBox.setEdit(boolean),4,1,3,2,0
org.apache.pdfbox.pdmodel.interactive.form.PDComboBox.constructAppearances(),14,2,0,5,0
org.apache.pdfbox.pdmodel.interactive.form.PDPushButton.PDPushButton(PDAcroForm),5,1,2,3,0
"org.apache.pdfbox.pdmodel.interactive.form.PDPushButton.PDPushButton(PDAcroForm, COSDictionary, PDNonTerminalField)",4,1,4,2,0
org.apache.pdfbox.pdmodel.interactive.form.PDPushButton.getExportValues(),4,1,0,2,0
org.apache.pdfbox.pdmodel.interactive.form.PDPushButton.setExportValues(List<String>),7,2,1,2,0
org.apache.pdfbox.pdmodel.interactive.form.PDPushButton.getValue(),4,1,1,1,0
org.apache.pdfbox.pdmodel.interactive.form.PDPushButton.getDefaultValue(),4,1,0,1,0
org.apache.pdfbox.pdmodel.interactive.form.PDPushButton.getValueAsString(),4,1,0,2,0
org.apache.xmpbox.type.TestLayerType.before(),4,1,0,1,0
"org.apache.xmpbox.type.TestLayerType.TestLayerType(Class<? extends AbstractStructuredType>, String, Types)",4,1,3,2,0
org.apache.xmpbox.type.TestLayerType.getStructured(),4,1,1,2,0
org.apache.xmpbox.type.TestLayerType.initializeParameters(),7,1,1,3,0
org.apache.xmpbox.type.LayerType.LayerType(XMPMetadata),5,1,4,4,0
org.apache.xmpbox.type.LayerType.getLayerName(),9,2,1,3,0
org.apache.xmpbox.type.LayerType.setLayerName(String),4,1,3,2,0
org.apache.xmpbox.type.LayerType.getLayerText(),9,2,1,3,0
org.apache.xmpbox.type.LayerType.setLayerText(String),4,1,3,2,0
org.apache.pdfbox.io.TestRandomAccessOutputStream.setUp(),5,1,1,2,0
org.apache.pdfbox.io.TestRandomAccessOutputStream.testWrite(),51,2,2,15,1
"org.apache.pdfbox.io.TestRandomAccessOutputStream.createDataSequence(int, int)",9,2,4,1,1
org.apache.pdfbox.pdmodel.fdf.FDFTemplate.FDFTemplate(),4,1,0,3,0
org.apache.pdfbox.pdmodel.fdf.FDFTemplate.FDFTemplate(COSDictionary),4,1,2,2,0
org.apache.pdfbox.pdmodel.fdf.FDFTemplate.getCOSObject(),4,1,1,1,0
org.apache.pdfbox.pdmodel.fdf.FDFTemplate.getTemplateReference(),10,2,2,3,0
org.apache.pdfbox.pdmodel.fdf.FDFTemplate.setTemplateReference(FDFNamedPageReference),4,1,3,1,0
org.apache.pdfbox.pdmodel.fdf.FDFTemplate.getFields(),15,3,2,8,1
org.apache.pdfbox.pdmodel.fdf.FDFTemplate.setFields(List<FDFField>),4,1,3,2,0
org.apache.pdfbox.pdmodel.fdf.FDFTemplate.shouldRename(),4,1,2,2,0
org.apache.pdfbox.pdmodel.fdf.FDFTemplate.setRename(boolean),4,1,3,1,0
org.apache.pdfbox.pdmodel.fdf.FDFNamedPageReference.FDFNamedPageReference(),4,1,0,3,0
org.apache.pdfbox.pdmodel.fdf.FDFNamedPageReference.FDFNamedPageReference(COSDictionary),4,1,3,2,0
org.apache.pdfbox.pdmodel.fdf.FDFNamedPageReference.getCOSObject(),4,1,1,1,0
org.apache.pdfbox.pdmodel.fdf.FDFNamedPageReference.getName(),4,1,2,2,0
org.apache.pdfbox.pdmodel.fdf.FDFNamedPageReference.setName(String),4,1,3,1,0
org.apache.pdfbox.pdmodel.fdf.FDFNamedPageReference.getFileSpecification(),4,1,2,3,0
org.apache.pdfbox.pdmodel.fdf.FDFNamedPageReference.setFileSpecification(PDFileSpecification),4,1,3,1,0
org.apache.fontbox.afm.CompositePart.getName(),4,1,1,1,0
org.apache.fontbox.afm.CompositePart.setName(String),4,1,2,1,0
org.apache.fontbox.afm.CompositePart.getXDisplacement(),4,1,1,1,0
org.apache.fontbox.afm.CompositePart.setXDisplacement(int),4,1,2,1,0
org.apache.fontbox.afm.CompositePart.getYDisplacement(),4,1,1,1,0
org.apache.fontbox.afm.CompositePart.setYDisplacement(int),4,1,2,1,0
"org.apache.pdfbox.contentstream.operator.graphics.FillNonZeroAndStrokePath.process(Operator, List<COSBase>)",4,1,2,1,0
org.apache.pdfbox.contentstream.operator.graphics.FillNonZeroAndStrokePath.getName(),4,1,0,1,0
"org.apache.pdfbox.preflight.action.HideAction.HideAction(ActionManagerFactory, COSDictionary, PreflightContext, String)",4,1,5,2,0
org.apache.pdfbox.preflight.action.HideAction.innerValid(),24,4,7,10,0
org.apache.pdfbox.pdmodel.graphics.color.PDLabTest.testLAB(),51,1,0,33,0
org.apache.pdfbox.pdmodel.graphics.color.PDLab.PDLab(),4,1,2,2,0
org.apache.pdfbox.pdmodel.graphics.color.PDLab.PDLab(COSArray),4,1,2,2,0
org.apache.pdfbox.pdmodel.graphics.color.PDLab.getName(),4,1,2,2,0
org.apache.pdfbox.pdmodel.graphics.color.PDLab.toRGBImage(WritableRaster),31,3,2,12,2
org.apache.pdfbox.pdmodel.graphics.color.PDLab.toRGB(float[]),8,1,5,3,0
org.apache.pdfbox.pdmodel.graphics.color.PDLab.inverse(float),11,2,2,1,0
org.apache.pdfbox.pdmodel.graphics.color.PDLab.getNumberOfComponents(),4,1,1,1,0
org.apache.pdfbox.pdmodel.graphics.color.PDLab.getDefaultDecode(int),6,1,0,4,0
org.apache.pdfbox.pdmodel.graphics.color.PDLab.getInitialColor(),12,2,2,7,0
org.apache.pdfbox.pdmodel.graphics.color.PDLab.getDefaultRangeArray(),9,1,3,4,0
org.apache.pdfbox.pdmodel.graphics.color.PDLab.getARange(),9,2,6,4,0
org.apache.pdfbox.pdmodel.graphics.color.PDLab.getBRange(),9,2,5,4,0
org.apache.pdfbox.pdmodel.graphics.color.PDLab.setARange(PDRange),4,1,2,1,0
org.apache.pdfbox.pdmodel.graphics.color.PDLab.setBRange(PDRange),4,1,2,1,0
"org.apache.pdfbox.pdmodel.graphics.color.PDLab.setComponentRangeArray(PDRange, int)",20,3,6,8,0
"org.apache.xmpbox.type.TestDerivedType.TestDerivedType(Class<? extends TextType>, String)",6,1,2,3,0
org.apache.xmpbox.type.TestDerivedType.initializeParameters(),16,1,0,3,0
org.apache.xmpbox.type.TestDerivedType.before(),6,1,1,4,0
"org.apache.xmpbox.type.TestDerivedType.instanciate(XMPMetadata, String, String, String, Object)",6,1,7,2,0
org.apache.xmpbox.type.TestDerivedType.test1(),7,1,4,6,0
"org.apache.xmpbox.type.ChoiceType.ChoiceType(XMPMetadata, String, String, String, Object)",4,1,6,2,0
"org.apache.xmpbox.type.PartType.PartType(XMPMetadata, String, String, String, Object)",4,1,6,2,0
"org.apache.pdfbox.contentstream.operator.graphics.CloseFillEvenOddAndStrokePath.process(Operator, List<COSBase>)",5,1,2,1,0
org.apache.pdfbox.contentstream.operator.graphics.CloseFillEvenOddAndStrokePath.getName(),4,1,0,1,0
org.apache.pdfbox.preflight.font.container.Type0Container.Type0Container(PDFont),4,1,2,2,0
org.apache.pdfbox.preflight.font.container.Type0Container.setDelegateFontContainer(FontContainer),4,1,2,1,0
org.apache.pdfbox.preflight.font.container.Type0Container.getAllErrors(),8,2,2,3,0
org.apache.pdfbox.preflight.font.container.Type0Container.isValid(),9,2,2,4,0
org.apache.pdfbox.preflight.font.container.Type0Container.isEmbeddedFont(),9,2,3,2,0
org.apache.pdfbox.preflight.font.container.Type0Container.hasGlyph(int),4,1,2,2,0
org.apache.pdfbox.contentstream.operator.color.SetNonStrokingColorN.getName(),4,1,0,1,0
org.apache.pdfbox.pdmodel.interactive.form.PDFieldTree.PDFieldTree(PDAcroForm),8,2,3,3,0
org.apache.pdfbox.pdmodel.interactive.form.PDFieldTree.iterator(),4,1,2,2,0
"org.apache.pdfbox.preflight.annotation.InkAnnotationValidator.InkAnnotationValidator(PreflightContext, COSDictionary)",6,1,3,5,0
org.apache.pdfbox.preflight.annotation.InkAnnotationValidator.checkSpecificMandatoryFields(),4,1,2,3,0
"org.apache.pdfbox.contentstream.operator.graphics.ClipNonZeroRule.process(Operator, List<COSBase>)",4,1,2,1,0
org.apache.pdfbox.contentstream.operator.graphics.ClipNonZeroRule.getName(),4,1,0,1,0
org.apache.fontbox.util.autodetect.NativeFontDirFinder.find(),17,4,0,6,1
org.apache.fontbox.util.autodetect.NativeFontDirFinder.getSearchableDirectories(),1,1,1,1,0
org.apache.fontbox.cff.CFFStandardEncoding.CFFStandardEncoding(),3,1,0,1,0
org.apache.fontbox.cff.CFFStandardEncoding.getInstance(),4,1,2,1,0
org.apache.pdfbox.examples.pdmodel.ShowColorBoxes.ShowColorBoxes(),3,1,0,1,0
org.apache.pdfbox.examples.pdmodel.ShowColorBoxes.main(String[]),28,2,5,16,0
org.apache.pdfbox.debugger.colorpane.DeviceNTableModel.DeviceNTableModel(DeviceNColorant[]),4,1,2,2,0
org.apache.pdfbox.debugger.colorpane.DeviceNTableModel.getRowCount(),4,1,2,1,0
org.apache.pdfbox.debugger.colorpane.DeviceNTableModel.getColumnCount(),4,1,2,1,0
"org.apache.pdfbox.debugger.colorpane.DeviceNTableModel.getValueAt(int, int)",14,4,3,4,0
org.apache.pdfbox.debugger.colorpane.DeviceNTableModel.getColumnName(int),4,1,2,1,0
org.apache.pdfbox.debugger.colorpane.DeviceNTableModel.getColumnClass(int),13,4,1,1,0
org.apache.pdfbox.pdmodel.interactive.form.PDAcroFormTest.setUp(),6,1,2,6,0
org.apache.pdfbox.pdmodel.interactive.form.PDAcroFormTest.testFieldsEntry(),10,1,2,8,0
org.apache.pdfbox.pdmodel.interactive.form.PDAcroFormTest.testAcroFormProperties(),6,1,1,5,0
org.apache.pdfbox.pdmodel.interactive.form.PDAcroFormTest.testFlatten(),13,2,3,14,0
org.apache.pdfbox.pdmodel.interactive.form.PDAcroFormTest.tearDown(),4,1,1,1,0
org.apache.pdfbox.pdmodel.documentinterchange.prepress.PDBoxStyle.PDBoxStyle(),4,1,0,3,0
org.apache.pdfbox.pdmodel.documentinterchange.prepress.PDBoxStyle.PDBoxStyle(COSDictionary),4,1,1,2,0
org.apache.pdfbox.pdmodel.documentinterchange.prepress.PDBoxStyle.getCOSObject(),4,1,1,1,0
org.apache.pdfbox.pdmodel.documentinterchange.prepress.PDBoxStyle.getGuidelineColor(),14,2,4,7,0
org.apache.pdfbox.pdmodel.documentinterchange.prepress.PDBoxStyle.setGuideLineColor(PDColor),9,2,3,2,0
org.apache.pdfbox.pdmodel.documentinterchange.prepress.PDBoxStyle.getGuidelineWidth(),4,1,2,2,0
org.apache.pdfbox.pdmodel.documentinterchange.prepress.PDBoxStyle.setGuidelineWidth(float),4,1,3,1,0
org.apache.pdfbox.pdmodel.documentinterchange.prepress.PDBoxStyle.getGuidelineStyle(),4,1,3,2,0
org.apache.pdfbox.pdmodel.documentinterchange.prepress.PDBoxStyle.setGuidelineStyle(String),4,1,3,1,0
org.apache.pdfbox.pdmodel.documentinterchange.prepress.PDBoxStyle.getLineDashPattern(),15,2,3,6,0
org.apache.pdfbox.pdmodel.documentinterchange.prepress.PDBoxStyle.setLineDashPattern(COSArray),9,2,3,1,0
"org.apache.pdfbox.debugger.ui.OSXAdapter.setQuitHandler(Object, Method)",3,1,3,2,0
"org.apache.pdfbox.debugger.ui.OSXAdapter.setAboutHandler(Object, Method)",13,3,5,8,0
"org.apache.pdfbox.debugger.ui.OSXAdapter.setPreferencesHandler(Object, Method)",13,3,5,8,0
"org.apache.pdfbox.debugger.ui.OSXAdapter.setFileHandler(Object, Method)",16,1,3,1,0
org.apache.pdfbox.debugger.ui.OSXAdapter.setHandler(OSXAdapter),17,4,9,10,0
"org.apache.pdfbox.debugger.ui.OSXAdapter.OSXAdapter(String, Object, Method)",5,1,6,4,0
org.apache.pdfbox.debugger.ui.OSXAdapter.callTarget(Object),7,2,3,5,0
"org.apache.pdfbox.debugger.ui.OSXAdapter.invoke(Object, Method, Object[])",7,2,2,4,0
"org.apache.pdfbox.debugger.ui.OSXAdapter.isCorrectMethod(Method, Object[])",3,1,6,3,0
"org.apache.pdfbox.debugger.ui.OSXAdapter.setApplicationEventHandled(Object, boolean)",11,3,5,7,0
org.apache.pdfbox.pdmodel.TestPDPageTree.tearDown(),7,2,1,1,0
org.apache.pdfbox.pdmodel.TestPDPageTree.indexOfPageFromOutlineDestination(),12,3,1,12,1
org.apache.pdfbox.pdmodel.TestPDPageTree.positiveSingleLevel(),8,2,1,8,1
org.apache.pdfbox.pdmodel.TestPDPageTree.positiveMultipleLevel(),8,2,1,8,1
org.apache.pdfbox.pdmodel.TestPDPageTree.negative(),5,1,1,7,0
"org.apache.pdfbox.debugger.streampane.tooltip.SCNToolTip.SCNToolTip(PDResources, String, String)",4,1,4,4,0
"org.apache.pdfbox.debugger.streampane.tooltip.SCNToolTip.createMarkUp(PDResources, String, String)",28,5,6,9,0
org.apache.pdfbox.debugger.streampane.tooltip.KToolTip.KToolTip(String),4,1,2,2,0
org.apache.pdfbox.debugger.streampane.tooltip.KToolTip.createMarkUp(String),16,3,3,8,0
org.apache.pdfbox.debugger.streampane.tooltip.KToolTip.getICCColorSpace(),9,2,1,4,0
org.apache.pdfbox.debugger.streampane.tooltip.KToolTip.getICCProfile(),13,2,1,7,0
org.apache.fontbox.cff.Type1FontUtilTest.testHexEncoding(),9,2,2,2,1
org.apache.fontbox.cff.Type1FontUtilTest.tryHexEncoding(long),7,1,2,4,0
org.apache.fontbox.cff.Type1FontUtilTest.testEexecEncryption(),9,2,2,2,1
org.apache.fontbox.cff.Type1FontUtilTest.tryEexecEncryption(long),7,1,2,4,0
org.apache.fontbox.cff.Type1FontUtilTest.testCharstringEncryption(),9,2,2,2,1
org.apache.fontbox.cff.Type1FontUtilTest.tryCharstringEncryption(long),7,1,2,4,0
"org.apache.fontbox.cff.Type1FontUtilTest.createRandomByteArray(int, long)",10,2,5,3,1
org.apache.fontbox.cff.Type1FontUtil.Type1FontUtil(),3,1,0,1,0
org.apache.fontbox.cff.Type1FontUtil.hexEncode(byte[]),14,3,3,7,1
org.apache.fontbox.cff.Type1FontUtil.hexDecode(String),13,3,2,5,1
org.apache.fontbox.cff.Type1FontUtil.eexecEncrypt(byte[]),4,1,2,2,0
"org.apache.fontbox.cff.Type1FontUtil.charstringEncrypt(byte[], int)",4,1,3,2,0
"org.apache.fontbox.cff.Type1FontUtil.encrypt(byte[], int, int)",20,3,6,2,2
org.apache.fontbox.cff.Type1FontUtil.eexecDecrypt(byte[]),4,1,2,2,0
"org.apache.fontbox.cff.Type1FontUtil.charstringDecrypt(byte[], int)",4,1,3,2,0
"org.apache.fontbox.cff.Type1FontUtil.decrypt(byte[], int, int)",16,2,6,2,1
org.apache.pdfbox.tools.PDFBox.PDFBox(),3,1,0,1,0
org.apache.pdfbox.tools.PDFBox.main(String[]),77,16,2,17,0
org.apache.pdfbox.tools.PDFBox.showMessageAndExit(),22,1,2,3,0
org.apache.pdfbox.tools.Encrypt.Encrypt(),3,1,1,1,0
org.apache.pdfbox.tools.Encrypt.main(String[]),6,1,2,3,0
org.apache.pdfbox.tools.Encrypt.encrypt(String[]),148,24,4,31,1
org.apache.pdfbox.tools.Encrypt.usage(),21,1,2,2,0
org.apache.pdfbox.tools.ExtractImages.ExtractImages(),3,1,1,1,0
org.apache.pdfbox.tools.ExtractImages.main(String[]),6,1,2,3,0
org.apache.pdfbox.tools.ExtractImages.run(String[]),56,11,7,7,1
org.apache.pdfbox.tools.ExtractImages.usage(),12,1,2,3,0
"org.apache.pdfbox.tools.ExtractImages.extract(String, String)",26,4,3,10,1
"org.apache.pdfbox.tools.ExtractImages.write2file(PDImage, String, boolean)",44,6,7,14,0
org.apache.pdfbox.tools.OverlayPDF.OverlayPDF(),3,1,0,1,0
org.apache.pdfbox.tools.OverlayPDF.main(String[]),89,16,14,26,1
org.apache.pdfbox.tools.OverlayPDF.usage(),20,1,2,2,0
org.apache.pdfbox.tools.OverlayPDF.isInteger(String),12,2,2,2,0
org.apache.pdfbox.tools.TextToPDF.createPDFFromText(Reader),6,1,2,3,0
"org.apache.pdfbox.tools.TextToPDF.createPDFFromText(PDDocument, Reader)",81,12,10,24,3
org.apache.pdfbox.tools.TextToPDF.main(String[]),45,6,3,15,1
org.apache.pdfbox.tools.TextToPDF.usage(),16,2,4,7,1
org.apache.pdfbox.tools.TextToPDF.getStandardFont(String),4,1,3,2,0
org.apache.pdfbox.tools.TextToPDF.getStandard14Names(),4,1,2,3,0
org.apache.pdfbox.tools.TextToPDF.getFont(),4,1,1,1,0
org.apache.pdfbox.tools.TextToPDF.setFont(PDFont),4,1,2,1,0
org.apache.pdfbox.tools.TextToPDF.getFontSize(),4,1,1,1,0
org.apache.pdfbox.tools.TextToPDF.setFontSize(int),4,1,2,1,0
org.apache.pdfbox.pdmodel.documentinterchange.logicalstructure.PDUserAttributeObject.PDUserAttributeObject(),4,1,1,2,0
org.apache.pdfbox.pdmodel.documentinterchange.logicalstructure.PDUserAttributeObject.PDUserAttributeObject(COSDictionary),4,1,2,2,0
org.apache.pdfbox.pdmodel.documentinterchange.logicalstructure.PDUserAttributeObject.getOwnerUserProperties(),12,2,2,8,1
org.apache.pdfbox.pdmodel.documentinterchange.logicalstructure.PDUserAttributeObject.setUserProperties(List<PDUserProperty>),9,2,2,4,1
org.apache.pdfbox.pdmodel.documentinterchange.logicalstructure.PDUserAttributeObject.addUserProperty(PDUserProperty),6,1,2,4,0
org.apache.pdfbox.pdmodel.documentinterchange.logicalstructure.PDUserAttributeObject.removeUserProperty(PDUserProperty),10,2,2,4,0
org.apache.pdfbox.pdmodel.documentinterchange.logicalstructure.PDUserAttributeObject.userPropertyChanged(PDUserProperty),3,1,1,0,0
org.apache.pdfbox.pdmodel.documentinterchange.logicalstructure.PDUserAttributeObject.toString(),6,1,0,7,0
org.apache.pdfbox.pdmodel.documentinterchange.logicalstructure.PDUserProperty.PDUserProperty(PDUserAttributeObject),4,1,1,2,0
"org.apache.pdfbox.pdmodel.documentinterchange.logicalstructure.PDUserProperty.PDUserProperty(COSDictionary, PDUserAttributeObject)",6,1,3,3,0
org.apache.pdfbox.pdmodel.documentinterchange.logicalstructure.PDUserProperty.getName(),4,1,3,3,0
org.apache.pdfbox.pdmodel.documentinterchange.logicalstructure.PDUserProperty.setName(String),5,1,2,4,0
org.apache.pdfbox.pdmodel.documentinterchange.logicalstructure.PDUserProperty.getValue(),4,1,3,3,0
org.apache.pdfbox.pdmodel.documentinterchange.logicalstructure.PDUserProperty.setValue(COSBase),5,1,2,4,0
org.apache.pdfbox.pdmodel.documentinterchange.logicalstructure.PDUserProperty.getFormattedValue(),4,1,3,3,0
org.apache.pdfbox.pdmodel.documentinterchange.logicalstructure.PDUserProperty.setFormattedValue(String),5,1,2,4,0
org.apache.pdfbox.pdmodel.documentinterchange.logicalstructure.PDUserProperty.isHidden(),4,1,3,3,0
org.apache.pdfbox.pdmodel.documentinterchange.logicalstructure.PDUserProperty.setHidden(boolean),5,1,2,4,0
org.apache.pdfbox.pdmodel.documentinterchange.logicalstructure.PDUserProperty.toString(),7,1,0,10,0
"org.apache.pdfbox.pdmodel.documentinterchange.logicalstructure.PDUserProperty.potentiallyNotifyChanged(Object, Object)",7,2,7,2,0
"org.apache.pdfbox.pdmodel.documentinterchange.logicalstructure.PDUserProperty.isEntryChanged(Object, Object)",8,2,3,2,0
org.apache.pdfbox.pdmodel.documentinterchange.logicalstructure.PDUserProperty.hashCode(),8,2,1,2,0
org.apache.pdfbox.pdmodel.documentinterchange.logicalstructure.PDUserProperty.equals(Object),28,7,2,3,0
org.apache.xmpbox.schema.DublinCoreTest.getSchema(),4,1,1,2,0
org.apache.xmpbox.schema.DublinCoreTest.before(),4,1,0,1,0
"org.apache.xmpbox.schema.DublinCoreTest.DublinCoreTest(String, Types, Cardinality)",4,1,3,2,0
org.apache.xmpbox.schema.DublinCoreTest.initializeParameters(),17,1,8,3,0
org.apache.xmpbox.schema.AbstractSchemaTester.before(),6,1,3,6,0
org.apache.xmpbox.schema.AbstractSchemaTester.getSchema(),1,1,7,1,0
org.apache.xmpbox.schema.AbstractSchemaTester.getSchemaClass(),4,1,5,3,0
"org.apache.xmpbox.schema.AbstractSchemaTester.AbstractSchemaTester(String, Types, Cardinality)",6,1,5,4,0
org.apache.xmpbox.schema.AbstractSchemaTester.testInitializedToNull(),19,2,3,8,0
org.apache.xmpbox.schema.AbstractSchemaTester.testSettingValue(),4,1,0,1,0
org.apache.xmpbox.schema.AbstractSchemaTester.testRandomSettingValue(),8,2,1,3,1
org.apache.xmpbox.schema.AbstractSchemaTester.internalTestSettingValue(),22,4,6,13,1
org.apache.xmpbox.schema.AbstractSchemaTester.testSettingValueInArray(),4,1,0,1,0
org.apache.xmpbox.schema.AbstractSchemaTester.testRandomSettingValueInArray(),8,2,1,3,1
org.apache.xmpbox.schema.AbstractSchemaTester.internalTestSettingValueInArray(),32,6,8,17,1
org.apache.xmpbox.schema.AbstractSchemaTester.testPropertySetterSimple(),4,1,0,1,0
org.apache.xmpbox.schema.AbstractSchemaTester.testRandomPropertySetterSimple(),8,2,1,3,1
org.apache.xmpbox.schema.AbstractSchemaTester.internalTestPropertySetterSimple(),21,2,7,17,0
org.apache.xmpbox.schema.AbstractSchemaTester.testPropertySetterInArray(),4,1,0,1,0
org.apache.xmpbox.schema.AbstractSchemaTester.testRandomPropertySetterInArray(),8,2,1,3,1
org.apache.xmpbox.schema.AbstractSchemaTester.internalTestPropertySetterInArray(),25,2,6,13,0
org.apache.xmpbox.schema.AbstractSchemaTester.getPropertyQualifiedName(String),6,1,3,6,0
org.apache.xmpbox.schema.XMPSchemaTest.resetDocument(),5,1,1,4,0
org.apache.xmpbox.schema.XMPSchemaTest.testBagManagement(),15,1,1,10,0
org.apache.xmpbox.schema.XMPSchemaTest.testArrayList(),14,1,2,10,0
org.apache.xmpbox.schema.XMPSchemaTest.testSeqManagement(),23,1,2,16,0
org.apache.xmpbox.schema.XMPSchemaTest.rdfAboutTest(),11,1,1,3,0
org.apache.xmpbox.schema.XMPSchemaTest.testBadRdfAbout(),4,1,1,2,0
org.apache.xmpbox.schema.XMPSchemaTest.testSetSpecifiedSimpleTypeProperty(),12,1,1,5,0
org.apache.xmpbox.schema.XMPSchemaTest.testSpecifiedSimplePropertyFormer(),11,1,1,9,0
org.apache.xmpbox.schema.XMPSchemaTest.testAsSimpleMethods(),41,1,1,27,0
org.apache.xmpbox.schema.XMPSchemaTest.testProperties(),78,5,3,31,0
org.apache.xmpbox.schema.XMPSchemaTest.testAltProperties(),27,1,1,8,0
org.apache.xmpbox.schema.XMPSchemaTest.testMergeSchema(),33,1,1,11,0
org.apache.xmpbox.schema.XMPSchemaTest.testListAndContainerAccessor(),13,1,3,12,0
org.apache.pdfbox.pdmodel.interactive.form.AlignmentTest.setUp(),6,1,4,7,0
org.apache.pdfbox.pdmodel.interactive.form.AlignmentTest.fillFields(),46,2,7,9,0
org.apache.pdfbox.pdmodel.interactive.form.AlignmentTest.tearDown(),4,1,1,1,0
"org.apache.pdfbox.pdmodel.common.COSDictionaryMap.COSDictionaryMap(Map<K, V>, COSDictionary)",5,1,5,3,0
org.apache.pdfbox.pdmodel.common.COSDictionaryMap.size(),4,1,2,2,0
org.apache.pdfbox.pdmodel.common.COSDictionaryMap.isEmpty(),4,1,0,2,0
org.apache.pdfbox.pdmodel.common.COSDictionaryMap.containsKey(Object),4,1,2,3,0
org.apache.pdfbox.pdmodel.common.COSDictionaryMap.containsValue(Object),4,1,2,2,0
org.apache.pdfbox.pdmodel.common.COSDictionaryMap.get(Object),4,1,2,2,0
"org.apache.pdfbox.pdmodel.common.COSDictionaryMap.put(K, V)",6,1,4,5,0
org.apache.pdfbox.pdmodel.common.COSDictionaryMap.remove(Object),5,1,3,4,0
"org.apache.pdfbox.pdmodel.common.COSDictionaryMap.putAll(Map<? extends K, ? extends V>)",4,1,0,1,0
org.apache.pdfbox.pdmodel.common.COSDictionaryMap.clear(),5,1,2,2,0
org.apache.pdfbox.pdmodel.common.COSDictionaryMap.keySet(),4,1,1,2,0
org.apache.pdfbox.pdmodel.common.COSDictionaryMap.values(),4,1,1,2,0
org.apache.pdfbox.pdmodel.common.COSDictionaryMap.entrySet(),4,1,1,3,0
org.apache.pdfbox.pdmodel.common.COSDictionaryMap.equals(Object),10,2,2,2,0
org.apache.pdfbox.pdmodel.common.COSDictionaryMap.toString(),4,1,1,2,0
org.apache.pdfbox.pdmodel.common.COSDictionaryMap.hashCode(),4,1,1,2,0
"org.apache.pdfbox.pdmodel.common.COSDictionaryMap.convert(Map<String, ?>)",11,2,2,8,1
org.apache.pdfbox.pdmodel.common.COSDictionaryMap.convertBasicTypesToMap(COSDictionary),40,9,6,12,1
org.apache.pdfbox.pdmodel.graphics.shading.PDShadingType5.PDShadingType5(COSDictionary),4,1,2,2,0
org.apache.pdfbox.pdmodel.graphics.shading.PDShadingType5.getShadingType(),4,1,1,1,0
org.apache.pdfbox.pdmodel.graphics.shading.PDShadingType5.getVerticesPerRow(),4,1,2,3,0
org.apache.pdfbox.pdmodel.graphics.shading.PDShadingType5.setVerticesPerRow(int),4,1,2,2,0
org.apache.pdfbox.pdmodel.graphics.shading.PDShadingType5.toPaint(Matrix),4,1,1,2,0
org.apache.pdfbox.pdmodel.interactive.form.TestListBox.TestListBox(String),4,1,1,1,0
org.apache.pdfbox.pdmodel.interactive.form.TestListBox.suite(),4,1,0,1,0
org.apache.pdfbox.pdmodel.interactive.form.TestListBox.main(String[]),5,1,0,2,0
org.apache.pdfbox.pdmodel.interactive.form.TestListBox.testChoicePDModel(),89,4,5,30,0
org.apache.pdfbox.pdmodel.interactive.form.PDChoiceTest.setUp(),5,1,1,4,0
org.apache.pdfbox.pdmodel.interactive.form.PDChoiceTest.createListBox(),7,1,2,7,0
org.apache.pdfbox.pdmodel.interactive.form.PDChoiceTest.createComboBox(),7,1,2,7,0
org.apache.pdfbox.cos.TestCOSStream.testUncompressedStreamEncode(),6,1,0,3,0
org.apache.pdfbox.cos.TestCOSStream.testUncompressedStreamDecode(),6,1,0,3,0
org.apache.pdfbox.cos.TestCOSStream.testCompressedStream1Encode(),7,1,1,4,0
org.apache.pdfbox.cos.TestCOSStream.testCompressedStream1Decode(),11,1,2,8,0
org.apache.pdfbox.cos.TestCOSStream.testCompressedStream2Encode(),11,1,2,6,0
org.apache.pdfbox.cos.TestCOSStream.testCompressedStream2Decode(),15,1,3,10,0
"org.apache.pdfbox.cos.TestCOSStream.encodeData(byte[], COSName)",7,1,7,7,0
"org.apache.pdfbox.cos.TestCOSStream.createStream(byte[], COSBase)",8,1,6,5,0
"org.apache.pdfbox.cos.TestCOSStream.validateEncoded(COSStream, byte[])",6,1,5,5,0
"org.apache.pdfbox.cos.TestCOSStream.validateDecoded(COSStream, byte[])",6,1,5,5,0
org.apache.fontbox.ttf.TTFSubsetter.TTFSubsetter(TrueTypeFont),4,1,3,2,0
"org.apache.fontbox.ttf.TTFSubsetter.TTFSubsetter(TrueTypeFont, List<String>)",9,1,5,10,0
org.apache.fontbox.ttf.TTFSubsetter.setPrefix(String),4,1,2,1,0
org.apache.fontbox.ttf.TTFSubsetter.add(int),9,2,6,3,0
org.apache.fontbox.ttf.TTFSubsetter.addAll(Set<Integer>),7,2,2,1,1
org.apache.fontbox.ttf.TTFSubsetter.getGIDMap(),12,2,2,4,1
"org.apache.fontbox.ttf.TTFSubsetter.writeFileHeader(DataOutputStream, int)",13,1,3,6,0
"org.apache.fontbox.ttf.TTFSubsetter.writeTableHeader(DataOutputStream, String, long, byte[])",16,2,6,5,1
"org.apache.fontbox.ttf.TTFSubsetter.writeTableBody(OutputStream, byte[])",9,2,5,2,0
org.apache.fontbox.ttf.TTFSubsetter.buildHeadTable(),25,1,2,26,0
org.apache.fontbox.ttf.TTFSubsetter.buildHheaTable(),25,1,3,28,0
org.apache.fontbox.ttf.TTFSubsetter.shouldCopyNameRecord(NameRecord),7,1,5,5,0
org.apache.fontbox.ttf.TTFSubsetter.buildNameTable(),86,16,7,17,4
org.apache.fontbox.ttf.TTFSubsetter.buildMaxpTable(),23,1,3,22,0
org.apache.fontbox.ttf.TTFSubsetter.buildOS2Table(),45,2,4,41,0
org.apache.fontbox.ttf.TTFSubsetter.buildLocaTable(long[]),11,2,2,6,1
org.apache.fontbox.ttf.TTFSubsetter.addCompoundReferences(),80,13,6,13,3
org.apache.fontbox.ttf.TTFSubsetter.buildGlyfTable(long[]),89,12,5,16,2
org.apache.fontbox.ttf.TTFSubsetter.getNewGlyphId(Integer),4,1,4,3,0
org.apache.fontbox.ttf.TTFSubsetter.buildCmapTable(),87,11,6,21,5
org.apache.fontbox.ttf.TTFSubsetter.buildPostTable(),48,6,6,30,2
org.apache.fontbox.ttf.TTFSubsetter.buildHmtxTable(),45,7,3,13,1
org.apache.fontbox.ttf.TTFSubsetter.writeToStream(OutputStream),81,12,9,31,3
"org.apache.fontbox.ttf.TTFSubsetter.writeFixed(DataOutputStream, double)",7,1,6,2,0
"org.apache.fontbox.ttf.TTFSubsetter.writeUint32(DataOutputStream, long)",4,1,7,1,0
"org.apache.fontbox.ttf.TTFSubsetter.writeUint16(DataOutputStream, int)",4,1,9,1,0
"org.apache.fontbox.ttf.TTFSubsetter.writeSInt16(DataOutputStream, short)",4,1,6,1,0
"org.apache.fontbox.ttf.TTFSubsetter.writeUint8(DataOutputStream, int)",4,1,3,1,0
"org.apache.fontbox.ttf.TTFSubsetter.writeLongDateTime(DataOutputStream, Calendar)",7,1,3,3,0
"org.apache.fontbox.ttf.TTFSubsetter.toUInt32(int, int)",4,1,3,1,0
org.apache.fontbox.ttf.TTFSubsetter.toUInt32(byte[]),7,1,2,1,0
org.apache.fontbox.ttf.TTFSubsetter.log2(int),4,1,3,3,0
"org.apache.pdfbox.pdmodel.graphics.shading.Type4ShadingPaint.Type4ShadingPaint(PDShadingType4, Matrix)",5,1,3,3,0
org.apache.pdfbox.pdmodel.graphics.shading.Type4ShadingPaint.getTransparency(),4,1,0,1,0
"org.apache.pdfbox.pdmodel.graphics.shading.Type4ShadingPaint.createContext(ColorModel, Rectangle, Rectangle2D, AffineTransform, RenderingHints)",13,2,9,5,0
org.apache.pdfbox.pdmodel.interactive.form.PDDefaultAppearanceStringTest.setUp(),5,1,2,4,0
org.apache.pdfbox.pdmodel.interactive.form.PDDefaultAppearanceStringTest.testParseDAString(),11,1,4,9,0
org.apache.pdfbox.pdmodel.interactive.form.PDDefaultAppearanceStringTest.testFontResourceUnavailable(),5,1,1,2,0
org.apache.pdfbox.pdmodel.interactive.form.PDDefaultAppearanceStringTest.testWrongNumberOfColorArguments(),5,1,1,2,0
org.apache.xmpbox.type.PDFASchemaType.PDFASchemaType(XMPMetadata),4,1,1,2,0
org.apache.xmpbox.type.PDFASchemaType.getNamespaceURI(),5,2,2,3,0
org.apache.xmpbox.type.PDFASchemaType.getPrefixValue(),5,2,2,3,0
org.apache.xmpbox.type.PDFASchemaType.getProperty(),4,1,2,2,0
org.apache.xmpbox.type.PDFASchemaType.getValueType(),4,1,2,2,0
org.apache.xmpbox.type.PDFAPropertyType.PDFAPropertyType(XMPMetadata),4,1,1,2,0
org.apache.xmpbox.type.PDFAPropertyType.getName(),5,2,2,3,0
org.apache.xmpbox.type.PDFAPropertyType.getValueType(),5,2,2,3,0
org.apache.xmpbox.type.PDFAPropertyType.getDescription(),5,2,2,3,0
org.apache.xmpbox.type.PDFAPropertyType.getCategory(),5,2,2,3,0
org.apache.xmpbox.type.DimensionsType.DimensionsType(XMPMetadata),4,1,1,2,0
org.apache.pdfbox.pdmodel.interactive.documentnavigation.destination.PDPageFitDestination.PDPageFitDestination(),6,1,2,4,0
org.apache.pdfbox.pdmodel.interactive.documentnavigation.destination.PDPageFitDestination.PDPageFitDestination(COSArray),4,1,2,2,0
org.apache.pdfbox.pdmodel.interactive.documentnavigation.destination.PDPageFitDestination.fitBoundingBox(),4,1,2,3,0
org.apache.pdfbox.pdmodel.interactive.documentnavigation.destination.PDPageFitDestination.setFitBoundingBox(boolean),12,2,4,2,0
org.apache.pdfbox.pdmodel.interactive.documentnavigation.destination.PDPageFitHeightDestination.PDPageFitHeightDestination(),6,1,2,4,0
org.apache.pdfbox.pdmodel.interactive.documentnavigation.destination.PDPageFitHeightDestination.PDPageFitHeightDestination(COSArray),4,1,2,2,0
org.apache.pdfbox.pdmodel.interactive.documentnavigation.destination.PDPageFitHeightDestination.getLeft(),4,1,1,2,0
org.apache.pdfbox.pdmodel.interactive.documentnavigation.destination.PDPageFitHeightDestination.setLeft(int),12,2,2,3,0
org.apache.pdfbox.pdmodel.interactive.documentnavigation.destination.PDPageFitHeightDestination.fitBoundingBox(),4,1,2,3,0
org.apache.pdfbox.pdmodel.interactive.documentnavigation.destination.PDPageFitHeightDestination.setFitBoundingBox(boolean),12,2,4,2,0
org.apache.pdfbox.pdmodel.interactive.documentnavigation.destination.PDPageFitRectangleDestination.PDPageFitRectangleDestination(),6,1,2,4,0
org.apache.pdfbox.pdmodel.interactive.documentnavigation.destination.PDPageFitRectangleDestination.PDPageFitRectangleDestination(COSArray),4,1,2,2,0
org.apache.pdfbox.pdmodel.interactive.documentnavigation.destination.PDPageFitRectangleDestination.getLeft(),4,1,1,2,0
org.apache.pdfbox.pdmodel.interactive.documentnavigation.destination.PDPageFitRectangleDestination.setLeft(int),12,2,2,3,0
org.apache.pdfbox.pdmodel.interactive.documentnavigation.destination.PDPageFitRectangleDestination.getBottom(),4,1,1,2,0
org.apache.pdfbox.pdmodel.interactive.documentnavigation.destination.PDPageFitRectangleDestination.setBottom(int),12,2,2,3,0
org.apache.pdfbox.pdmodel.interactive.documentnavigation.destination.PDPageFitRectangleDestination.getRight(),4,1,1,2,0
org.apache.pdfbox.pdmodel.interactive.documentnavigation.destination.PDPageFitRectangleDestination.setRight(int),12,2,2,3,0
org.apache.pdfbox.pdmodel.interactive.documentnavigation.destination.PDPageFitRectangleDestination.getTop(),4,1,1,2,0
org.apache.pdfbox.pdmodel.interactive.documentnavigation.destination.PDPageFitRectangleDestination.setTop(int),12,2,2,3,0
org.apache.pdfbox.pdmodel.interactive.documentnavigation.destination.PDNamedDestination.PDNamedDestination(COSString),4,1,2,2,0
org.apache.pdfbox.pdmodel.interactive.documentnavigation.destination.PDNamedDestination.PDNamedDestination(COSName),4,1,2,2,0
org.apache.pdfbox.pdmodel.interactive.documentnavigation.destination.PDNamedDestination.PDNamedDestination(),3,1,0,1,0
org.apache.pdfbox.pdmodel.interactive.documentnavigation.destination.PDNamedDestination.PDNamedDestination(String),4,1,1,3,0
org.apache.pdfbox.pdmodel.interactive.documentnavigation.destination.PDNamedDestination.getCOSObject(),4,1,1,1,0
org.apache.pdfbox.pdmodel.interactive.documentnavigation.destination.PDNamedDestination.getNamedDestination(),13,3,2,3,0
org.apache.pdfbox.pdmodel.interactive.documentnavigation.destination.PDNamedDestination.setNamedDestination(String),11,2,1,2,0
org.apache.xmpbox.schema.PhotoshopSchema.PhotoshopSchema(XMPMetadata),4,1,2,2,0
"org.apache.xmpbox.schema.PhotoshopSchema.PhotoshopSchema(XMPMetadata, String)",4,1,2,2,0
org.apache.xmpbox.schema.PhotoshopSchema.getAncestorIDProperty(),4,1,1,2,0
org.apache.xmpbox.schema.PhotoshopSchema.getAncestorID(),5,2,1,3,0
org.apache.xmpbox.schema.PhotoshopSchema.setAncestorID(String),5,1,2,2,0
org.apache.xmpbox.schema.PhotoshopSchema.setAncestorIDProperty(URIType),4,1,2,1,0
org.apache.xmpbox.schema.PhotoshopSchema.getAuthorsPositionProperty(),4,1,1,2,0
org.apache.xmpbox.schema.PhotoshopSchema.getAuthorsPosition(),5,2,1,3,0
org.apache.xmpbox.schema.PhotoshopSchema.setAuthorsPosition(String),5,1,2,2,0
org.apache.xmpbox.schema.PhotoshopSchema.setAuthorsPositionProperty(TextType),4,1,2,1,0
org.apache.xmpbox.schema.PhotoshopSchema.getCaptionWriterProperty(),4,1,1,2,0
org.apache.xmpbox.schema.PhotoshopSchema.getCaptionWriter(),5,2,1,3,0
org.apache.xmpbox.schema.PhotoshopSchema.setCaptionWriter(String),5,1,2,2,0
org.apache.xmpbox.schema.PhotoshopSchema.setCaptionWriterProperty(ProperNameType),4,1,2,1,0
org.apache.xmpbox.schema.PhotoshopSchema.getCategoryProperty(),4,1,1,2,0
org.apache.xmpbox.schema.PhotoshopSchema.getCategory(),5,2,1,3,0
org.apache.xmpbox.schema.PhotoshopSchema.setCategory(String),5,1,2,2,0
org.apache.xmpbox.schema.PhotoshopSchema.setCategoryProperty(TextType),4,1,2,1,0
org.apache.xmpbox.schema.PhotoshopSchema.getCityProperty(),4,1,1,2,0
org.apache.xmpbox.schema.PhotoshopSchema.getCity(),5,2,1,3,0
org.apache.xmpbox.schema.PhotoshopSchema.setCity(String),5,1,2,2,0
org.apache.xmpbox.schema.PhotoshopSchema.setCityProperty(TextType),4,1,2,1,0
org.apache.xmpbox.schema.PhotoshopSchema.getColorModeProperty(),4,1,1,2,0
org.apache.xmpbox.schema.PhotoshopSchema.getColorMode(),5,2,1,3,0
org.apache.xmpbox.schema.PhotoshopSchema.setColorMode(String),5,1,2,2,0
org.apache.xmpbox.schema.PhotoshopSchema.setColorModeProperty(IntegerType),4,1,2,1,0
org.apache.xmpbox.schema.PhotoshopSchema.getCountryProperty(),4,1,1,2,0
org.apache.xmpbox.schema.PhotoshopSchema.getCountry(),5,2,1,3,0
org.apache.xmpbox.schema.PhotoshopSchema.setCountry(String),5,1,2,2,0
org.apache.xmpbox.schema.PhotoshopSchema.setCountryProperty(TextType),4,1,2,1,0
org.apache.xmpbox.schema.PhotoshopSchema.getCreditProperty(),4,1,1,2,0
org.apache.xmpbox.schema.PhotoshopSchema.getCredit(),5,2,1,3,0
org.apache.xmpbox.schema.PhotoshopSchema.setCredit(String),5,1,2,2,0
org.apache.xmpbox.schema.PhotoshopSchema.setCreditProperty(TextType),4,1,2,1,0
org.apache.xmpbox.schema.PhotoshopSchema.getDateCreatedProperty(),4,1,1,2,0
org.apache.xmpbox.schema.PhotoshopSchema.getDateCreated(),5,2,1,3,0
org.apache.xmpbox.schema.PhotoshopSchema.setDateCreated(String),5,1,2,2,0
org.apache.xmpbox.schema.PhotoshopSchema.setDateCreatedProperty(DateType),4,1,2,1,0
org.apache.xmpbox.schema.PhotoshopSchema.addDocumentAncestors(String),4,1,2,1,0
org.apache.xmpbox.schema.PhotoshopSchema.getDocumentAncestorsProperty(),4,1,1,2,0
org.apache.xmpbox.schema.PhotoshopSchema.getDocumentAncestors(),4,1,1,2,0
org.apache.xmpbox.schema.PhotoshopSchema.getHeadlineProperty(),4,1,1,2,0
org.apache.xmpbox.schema.PhotoshopSchema.getHeadline(),5,2,1,3,0
org.apache.xmpbox.schema.PhotoshopSchema.setHeadline(String),5,1,2,2,0
org.apache.xmpbox.schema.PhotoshopSchema.setHeadlineProperty(TextType),4,1,2,1,0
org.apache.xmpbox.schema.PhotoshopSchema.getHistoryProperty(),4,1,1,2,0
org.apache.xmpbox.schema.PhotoshopSchema.getHistory(),5,2,1,3,0
org.apache.xmpbox.schema.PhotoshopSchema.setHistory(String),5,1,2,2,0
org.apache.xmpbox.schema.PhotoshopSchema.setHistoryProperty(TextType),4,1,2,1,0
org.apache.xmpbox.schema.PhotoshopSchema.getICCProfileProperty(),4,1,1,2,0
org.apache.xmpbox.schema.PhotoshopSchema.getICCProfile(),5,2,1,3,0
org.apache.xmpbox.schema.PhotoshopSchema.setICCProfile(String),5,1,2,2,0
org.apache.xmpbox.schema.PhotoshopSchema.setICCProfileProperty(TextType),4,1,2,1,0
org.apache.xmpbox.schema.PhotoshopSchema.getInstructionsProperty(),4,1,1,2,0
org.apache.xmpbox.schema.PhotoshopSchema.getInstructions(),5,2,1,3,0
org.apache.xmpbox.schema.PhotoshopSchema.setInstructions(String),5,1,2,2,0
org.apache.xmpbox.schema.PhotoshopSchema.setInstructionsProperty(TextType),4,1,2,1,0
org.apache.xmpbox.schema.PhotoshopSchema.getSourceProperty(),4,1,1,2,0
org.apache.xmpbox.schema.PhotoshopSchema.getSource(),5,2,1,3,0
org.apache.xmpbox.schema.PhotoshopSchema.setSource(String),5,1,2,2,0
org.apache.xmpbox.schema.PhotoshopSchema.setSourceProperty(TextType),4,1,2,1,0
org.apache.xmpbox.schema.PhotoshopSchema.getStateProperty(),4,1,1,2,0
org.apache.xmpbox.schema.PhotoshopSchema.getState(),5,2,1,3,0
org.apache.xmpbox.schema.PhotoshopSchema.setState(String),5,1,2,2,0
org.apache.xmpbox.schema.PhotoshopSchema.setStateProperty(TextType),4,1,2,1,0
org.apache.xmpbox.schema.PhotoshopSchema.getSupplementalCategoriesProperty(),4,1,1,2,0
org.apache.xmpbox.schema.PhotoshopSchema.getSupplementalCategories(),5,2,1,3,0
org.apache.xmpbox.schema.PhotoshopSchema.setSupplementalCategories(String),5,1,2,2,0
org.apache.xmpbox.schema.PhotoshopSchema.setSupplementalCategoriesProperty(TextType),4,1,2,1,0
"org.apache.xmpbox.schema.PhotoshopSchema.addTextLayers(String, String)",12,2,5,9,0
org.apache.xmpbox.schema.PhotoshopSchema.getTextLayers(),22,4,1,7,1
org.apache.xmpbox.schema.PhotoshopSchema.getTransmissionReferenceProperty(),4,1,1,2,0
org.apache.xmpbox.schema.PhotoshopSchema.getTransmissionReference(),5,2,1,3,0
org.apache.xmpbox.schema.PhotoshopSchema.setTransmissionReference(String),5,1,2,2,0
org.apache.xmpbox.schema.PhotoshopSchema.setTransmissionReferenceProperty(TextType),4,1,2,1,0
org.apache.xmpbox.schema.PhotoshopSchema.getUrgencyProperty(),4,1,1,2,0
org.apache.xmpbox.schema.PhotoshopSchema.getUrgency(),5,2,1,3,0
org.apache.xmpbox.schema.PhotoshopSchema.setUrgency(String),5,1,2,2,0
org.apache.xmpbox.schema.PhotoshopSchema.setUrgency(Integer),5,1,2,2,0
org.apache.xmpbox.schema.PhotoshopSchema.setUrgencyProperty(IntegerType),4,1,3,1,0
org.apache.pdfbox.debugger.ui.textsearcher.Searcher.Searcher(JTextComponent),8,1,5,7,0
org.apache.pdfbox.debugger.ui.textsearcher.Searcher.getSearchPanel(),4,1,2,2,0
org.apache.pdfbox.debugger.ui.textsearcher.Searcher.insertUpdate(DocumentEvent),4,1,1,1,0
org.apache.pdfbox.debugger.ui.textsearcher.Searcher.removeUpdate(DocumentEvent),4,1,1,1,0
org.apache.pdfbox.debugger.ui.textsearcher.Searcher.changedUpdate(DocumentEvent),4,1,1,1,0
org.apache.pdfbox.debugger.ui.textsearcher.Searcher.search(DocumentEvent),20,3,9,10,0
org.apache.pdfbox.debugger.ui.textsearcher.Searcher.search(String),16,2,7,13,0
org.apache.pdfbox.debugger.ui.textsearcher.Searcher.updateNavigationButtons(),20,5,8,2,0
org.apache.pdfbox.debugger.ui.textsearcher.Searcher.scrollToWord(int),11,2,6,3,0
"org.apache.pdfbox.debugger.ui.textsearcher.Searcher.updateHighLighter(int, int)",8,2,7,1,0
"org.apache.pdfbox.debugger.ui.textsearcher.Searcher.changeHighlighter(int, Highlighter.HighlightPainter)",15,2,7,9,0
org.apache.pdfbox.debugger.ui.textsearcher.Searcher.stateChanged(ChangeEvent),7,2,2,3,0
org.apache.pdfbox.debugger.ui.textsearcher.Searcher.componentResized(ComponentEvent),3,1,0,0,0
org.apache.pdfbox.debugger.ui.textsearcher.Searcher.componentMoved(ComponentEvent),3,1,0,0,0
org.apache.pdfbox.debugger.ui.textsearcher.Searcher.componentShown(ComponentEvent),4,1,1,1,0
org.apache.pdfbox.debugger.ui.textsearcher.Searcher.componentHidden(ComponentEvent),4,1,1,2,0
org.apache.pdfbox.debugger.ui.textsearcher.Searcher.addMenuListeners(PDFDebugger),4,1,3,1,0
org.apache.pdfbox.debugger.ui.textsearcher.Searcher.removeMenuListeners(PDFDebugger),4,1,3,1,0
"org.apache.pdfbox.contentstream.operator.graphics.EndPath.process(Operator, List<COSBase>)",4,1,1,1,0
org.apache.pdfbox.contentstream.operator.graphics.EndPath.getName(),4,1,0,1,0
org.apache.pdfbox.preflight.action.pdfa1b.TestNamedAction.createNamedAction(),7,1,8,4,0
org.apache.pdfbox.preflight.action.pdfa1b.TestNamedAction.testFirstPage(),7,1,2,4,0
org.apache.pdfbox.preflight.action.pdfa1b.TestNamedAction.testLastPage(),6,1,2,4,0
org.apache.pdfbox.preflight.action.pdfa1b.TestNamedAction.testNextPage(),6,1,2,4,0
org.apache.pdfbox.preflight.action.pdfa1b.TestNamedAction.testPrevPage(),6,1,2,4,0
org.apache.pdfbox.preflight.action.pdfa1b.TestNamedAction.testMissingN(),5,1,1,2,0
org.apache.pdfbox.preflight.action.pdfa1b.TestNamedAction.testForbiddenN(),6,1,2,4,0
org.apache.pdfbox.examples.pdmodel.RubberStamp.RubberStamp(),3,1,0,1,0
org.apache.pdfbox.examples.pdmodel.RubberStamp.main(String[]),36,5,3,15,1
org.apache.pdfbox.examples.pdmodel.RubberStamp.usage(),4,1,2,2,0
"org.apache.pdfbox.pdmodel.graphics.shading.RadialShadingContext.RadialShadingContext(PDShadingType3, ColorModel, AffineTransform, Matrix, Rectangle)",48,4,15,34,0
org.apache.pdfbox.pdmodel.graphics.shading.RadialShadingContext.calcColorTable(),19,3,5,3,1
org.apache.pdfbox.pdmodel.graphics.shading.RadialShadingContext.dispose(),5,1,0,2,0
org.apache.pdfbox.pdmodel.graphics.shading.RadialShadingContext.getColorModel(),4,1,1,2,0
"org.apache.pdfbox.pdmodel.graphics.shading.RadialShadingContext.getRaster(int, int, int, int)",130,21,14,10,2
"org.apache.pdfbox.pdmodel.graphics.shading.RadialShadingContext.calculateInputValues(double, double)",16,2,9,3,0
org.apache.pdfbox.pdmodel.graphics.shading.RadialShadingContext.getCoords(),4,1,1,1,0
org.apache.pdfbox.pdmodel.graphics.shading.RadialShadingContext.getDomain(),4,1,1,1,0
org.apache.pdfbox.pdmodel.graphics.shading.RadialShadingContext.getExtend(),4,1,1,1,0
org.apache.pdfbox.pdmodel.graphics.shading.RadialShadingContext.getFunction(),4,1,1,2,0
org.apache.pdfbox.pdmodel.interactive.viewerpreferences.PDViewerPreferences.PDViewerPreferences(COSDictionary),4,1,2,2,0
org.apache.pdfbox.pdmodel.interactive.viewerpreferences.PDViewerPreferences.getCOSObject(),4,1,1,1,0
org.apache.pdfbox.pdmodel.interactive.viewerpreferences.PDViewerPreferences.hideToolbar(),4,1,2,2,0
org.apache.pdfbox.pdmodel.interactive.viewerpreferences.PDViewerPreferences.setHideToolbar(boolean),4,1,3,1,0
org.apache.pdfbox.pdmodel.interactive.viewerpreferences.PDViewerPreferences.hideMenubar(),4,1,2,2,0
org.apache.pdfbox.pdmodel.interactive.viewerpreferences.PDViewerPreferences.setHideMenubar(boolean),4,1,3,1,0
org.apache.pdfbox.pdmodel.interactive.viewerpreferences.PDViewerPreferences.hideWindowUI(),4,1,2,2,0
org.apache.pdfbox.pdmodel.interactive.viewerpreferences.PDViewerPreferences.setHideWindowUI(boolean),4,1,3,1,0
org.apache.pdfbox.pdmodel.interactive.viewerpreferences.PDViewerPreferences.fitWindow(),4,1,2,2,0
org.apache.pdfbox.pdmodel.interactive.viewerpreferences.PDViewerPreferences.setFitWindow(boolean),4,1,3,1,0
org.apache.pdfbox.pdmodel.interactive.viewerpreferences.PDViewerPreferences.centerWindow(),4,1,2,2,0
org.apache.pdfbox.pdmodel.interactive.viewerpreferences.PDViewerPreferences.setCenterWindow(boolean),4,1,3,1,0
org.apache.pdfbox.pdmodel.interactive.viewerpreferences.PDViewerPreferences.displayDocTitle(),4,1,2,2,0
org.apache.pdfbox.pdmodel.interactive.viewerpreferences.PDViewerPreferences.setDisplayDocTitle(boolean),4,1,3,1,0
org.apache.pdfbox.pdmodel.interactive.viewerpreferences.PDViewerPreferences.getNonFullScreenPageMode(),5,1,3,3,0
org.apache.pdfbox.pdmodel.interactive.viewerpreferences.PDViewerPreferences.setNonFullScreenPageMode(NON_FULL_SCREEN_PAGE_MODE),4,1,3,2,0
org.apache.pdfbox.pdmodel.interactive.viewerpreferences.PDViewerPreferences.setNonFullScreenPageMode(String),4,1,3,1,0
org.apache.pdfbox.pdmodel.interactive.viewerpreferences.PDViewerPreferences.getReadingDirection(),4,1,3,3,0
org.apache.pdfbox.pdmodel.interactive.viewerpreferences.PDViewerPreferences.setReadingDirection(READING_DIRECTION),4,1,3,2,0
org.apache.pdfbox.pdmodel.interactive.viewerpreferences.PDViewerPreferences.setReadingDirection(String),4,1,3,1,0
org.apache.pdfbox.pdmodel.interactive.viewerpreferences.PDViewerPreferences.getViewArea(),4,1,3,3,0
org.apache.pdfbox.pdmodel.interactive.viewerpreferences.PDViewerPreferences.setViewArea(String),4,1,3,1,0
org.apache.pdfbox.pdmodel.interactive.viewerpreferences.PDViewerPreferences.setViewArea(BOUNDARY),4,1,3,2,0
org.apache.pdfbox.pdmodel.interactive.viewerpreferences.PDViewerPreferences.getViewClip(),4,1,3,3,0
org.apache.pdfbox.pdmodel.interactive.viewerpreferences.PDViewerPreferences.setViewClip(BOUNDARY),4,1,3,2,0
org.apache.pdfbox.pdmodel.interactive.viewerpreferences.PDViewerPreferences.setViewClip(String),4,1,3,1,0
org.apache.pdfbox.pdmodel.interactive.viewerpreferences.PDViewerPreferences.getPrintArea(),4,1,3,3,0
org.apache.pdfbox.pdmodel.interactive.viewerpreferences.PDViewerPreferences.setPrintArea(String),4,1,3,1,0
org.apache.pdfbox.pdmodel.interactive.viewerpreferences.PDViewerPreferences.setPrintArea(BOUNDARY),4,1,3,2,0
org.apache.pdfbox.pdmodel.interactive.viewerpreferences.PDViewerPreferences.getPrintClip(),4,1,3,3,0
org.apache.pdfbox.pdmodel.interactive.viewerpreferences.PDViewerPreferences.setPrintClip(String),4,1,3,1,0
org.apache.pdfbox.pdmodel.interactive.viewerpreferences.PDViewerPreferences.setPrintClip(BOUNDARY),4,1,3,2,0
org.apache.pdfbox.pdmodel.interactive.viewerpreferences.PDViewerPreferences.getDuplex(),4,1,2,2,0
org.apache.pdfbox.pdmodel.interactive.viewerpreferences.PDViewerPreferences.setDuplex(DUPLEX),4,1,3,2,0
org.apache.pdfbox.pdmodel.interactive.viewerpreferences.PDViewerPreferences.getPrintScaling(),4,1,3,3,0
org.apache.pdfbox.pdmodel.interactive.viewerpreferences.PDViewerPreferences.setPrintScaling(PRINT_SCALING),4,1,3,2,0
org.apache.pdfbox.examples.pdmodel.CreateLandscapePDF.CreateLandscapePDF(),4,1,1,1,0
"org.apache.pdfbox.examples.pdmodel.CreateLandscapePDF.doIt(String, String)",50,2,6,21,0
org.apache.pdfbox.examples.pdmodel.CreateLandscapePDF.main(String[]),12,2,2,3,0
org.apache.pdfbox.examples.pdmodel.CreateLandscapePDF.usage(),4,1,2,3,0
"org.apache.pdfbox.pdmodel.graphics.shading.CoonsPatch.CoonsPatch(Point2D[], float[][])",7,1,3,8,0
org.apache.pdfbox.pdmodel.graphics.shading.CoonsPatch.reshapeControlPoints(Point2D[]),21,1,2,1,0
org.apache.pdfbox.pdmodel.graphics.shading.CoonsPatch.calcLevel(),48,9,2,3,0
org.apache.pdfbox.pdmodel.graphics.shading.CoonsPatch.getTriangles(),9,1,3,4,0
org.apache.pdfbox.pdmodel.graphics.shading.CoonsPatch.getFlag1Edge(),4,1,1,2,0
org.apache.pdfbox.pdmodel.graphics.shading.CoonsPatch.getFlag2Edge(),9,1,1,1,0
org.apache.pdfbox.pdmodel.graphics.shading.CoonsPatch.getFlag3Edge(),9,1,1,1,0
"org.apache.pdfbox.pdmodel.graphics.shading.CoonsPatch.getPatchCoordinatesColor(CubicBezierCurve, CubicBezierCurve, CubicBezierCurve, CubicBezierCurve)",42,4,8,5,3
"org.apache.pdfbox.pdmodel.graphics.shading.CubicBezierCurve.CubicBezierCurve(Point2D[], int)",6,1,4,6,0
org.apache.pdfbox.pdmodel.graphics.shading.CubicBezierCurve.getLevel(),4,1,1,1,0
org.apache.pdfbox.pdmodel.graphics.shading.CubicBezierCurve.getPoints(int),25,3,3,3,1
org.apache.pdfbox.pdmodel.graphics.shading.CubicBezierCurve.getCubicBezierCurve(),4,1,2,1,0
org.apache.pdfbox.pdmodel.graphics.shading.CubicBezierCurve.toString(),13,3,1,5,1
"org.apache.pdfbox.contentstream.operator.graphics.ClosePath.process(Operator, List<COSBase>)",9,2,2,3,0
org.apache.pdfbox.contentstream.operator.graphics.ClosePath.getName(),4,1,0,1,0
org.apache.pdfbox.pdmodel.interactive.action.PDActionNamed.PDActionNamed(),5,1,1,4,0
org.apache.pdfbox.pdmodel.interactive.action.PDActionNamed.PDActionNamed(COSDictionary),4,1,2,2,0
org.apache.pdfbox.pdmodel.interactive.action.PDActionNamed.getN(),4,1,1,2,0
org.apache.pdfbox.pdmodel.interactive.action.PDActionNamed.setN(String),4,1,2,1,0
org.apache.pdfbox.pdmodel.graphics.PDFontSetting.PDFontSetting(),6,1,1,5,0
org.apache.pdfbox.pdmodel.graphics.PDFontSetting.PDFontSetting(COSArray),4,1,2,2,0
org.apache.pdfbox.pdmodel.graphics.PDFontSetting.getCOSObject(),4,1,1,1,0
org.apache.pdfbox.pdmodel.graphics.PDFontSetting.getFont(),10,2,2,3,0
org.apache.pdfbox.pdmodel.graphics.PDFontSetting.setFont(PDFont),4,1,2,1,0
org.apache.pdfbox.pdmodel.graphics.PDFontSetting.getFontSize(),5,1,2,3,0
org.apache.pdfbox.pdmodel.graphics.PDFontSetting.setFontSize(float),4,1,2,2,0
org.apache.pdfbox.examples.ant.PDFToTextTask.addFileset(FileSet),4,1,2,1,0
org.apache.pdfbox.examples.ant.PDFToTextTask.execute(),31,5,2,16,2
"org.apache.pdfbox.contentstream.operator.text.SetWordSpacing.process(Operator, List<COSBase>)",14,3,2,6,0
org.apache.pdfbox.contentstream.operator.text.SetWordSpacing.getName(),4,1,0,1,0
org.apache.pdfbox.io.TestRandomAccessBuffer.testRemainingByteZero(),31,4,2,7,3
org.apache.pdfbox.io.TestRandomAccessBuffer.testSimpleReadWrite(),16,3,0,6,2
org.apache.pdfbox.io.TestRandomAccessBuffer.testSimpleArrayReadWrite(),26,4,1,7,3
org.apache.pdfbox.io.TestRandomAccessBuffer.testArrayReadWrite(),39,5,2,8,4
org.apache.pdfbox.io.TestRandomAccessBuffer.testOverwrite(),38,6,2,7,5
org.apache.pdfbox.io.TestRandomAccessBuffer.testSeekBeyondEOF(),13,2,0,8,1
org.apache.pdfbox.io.TestRandomAccessBuffer.testPDFBOX1490(),9,1,1,6,0
org.apache.pdfbox.io.TestRandomAccessBuffer.testPDFBOX2969(),18,2,1,8,1
org.apache.pdfbox.pdmodel.font.PDFontTest.testPDFBox988(),17,2,0,5,0
org.apache.pdfbox.debugger.colorpane.CSDeviceN.CSDeviceN(COSArray),13,2,3,6,0
org.apache.pdfbox.debugger.colorpane.CSDeviceN.getColorantData(),19,2,2,11,1
org.apache.pdfbox.debugger.colorpane.CSDeviceN.initUI(DeviceNColorant[]),17,1,7,17,0
org.apache.pdfbox.debugger.colorpane.CSDeviceN.getPanel(),4,1,2,1,0
org.apache.pdfbox.debugger.colorpane.CSDeviceN.getColorObj(float[]),4,1,2,2,0
org.apache.pdfbox.debugger.colorpane.CSIndexed.CSIndexed(COSArray),13,2,3,8,0
org.apache.pdfbox.debugger.colorpane.CSIndexed.getColorantData(),13,2,3,5,1
org.apache.pdfbox.debugger.colorpane.CSIndexed.initUI(IndexedColorant[]),43,1,12,30,0
org.apache.pdfbox.debugger.colorpane.CSIndexed.getPanel(),4,1,2,1,0
org.apache.pdfbox.debugger.colorpane.CSIndexed.getHival(COSArray),5,1,2,5,0
"org.apache.pdfbox.debugger.streampane.StreamPane.StreamPane(COSStream, boolean, boolean, COSDictionary)",30,3,14,29,0
org.apache.pdfbox.debugger.streampane.StreamPane.getPanel(),4,1,2,1,0
"org.apache.pdfbox.debugger.streampane.StreamPane.createHeaderPanel(List<String>, String, ActionListener)",9,1,4,8,0
org.apache.pdfbox.debugger.streampane.StreamPane.actionPerformed(ActionEvent),21,4,3,7,0
org.apache.pdfbox.debugger.streampane.StreamPane.requestImageShowing(),23,3,7,10,0
org.apache.pdfbox.debugger.streampane.StreamPane.requestStreamText(String),14,2,6,6,0
org.apache.pdfbox.debugger.treestatus.TreeStatusPane.TreeStatusPane(JTree),5,1,2,3,0
org.apache.pdfbox.debugger.treestatus.TreeStatusPane.init(),11,1,7,13,0
org.apache.pdfbox.debugger.treestatus.TreeStatusPane.getPanel(),4,1,2,1,0
org.apache.pdfbox.debugger.treestatus.TreeStatusPane.updateTreeStatus(TreeStatus),6,1,3,3,0
org.apache.pdfbox.debugger.treestatus.TreeStatusPane.updateText(String),8,2,5,4,0
org.apache.pdfbox.debugger.treestatus.TreeStatusPane.valueChanged(TreeSelectionEvent),5,1,2,3,0
"org.apache.pdfbox.debugger.ui.DocumentEntry.DocumentEntry(PDDocument, String)",5,1,3,3,0
org.apache.pdfbox.debugger.ui.DocumentEntry.getPageCount(),4,1,2,3,0
org.apache.pdfbox.debugger.ui.DocumentEntry.getPage(int),5,1,3,5,0
org.apache.pdfbox.debugger.ui.DocumentEntry.indexOf(PageEntry),4,1,2,2,0
org.apache.pdfbox.debugger.ui.DocumentEntry.toString(),4,1,1,1,0
"org.apache.pdfbox.debugger.ui.ExtensionFileFilter.ExtensionFileFilter(String[], String)",5,1,3,3,0
org.apache.pdfbox.debugger.ui.ExtensionFileFilter.accept(File),17,4,3,5,1
org.apache.pdfbox.debugger.ui.ExtensionFileFilter.getDescription(),4,1,1,1,0
org.apache.pdfbox.debugger.ui.PDFTreeCellRenderer.getImageUrl(String),5,1,1,2,0
"org.apache.pdfbox.debugger.ui.PDFTreeCellRenderer.getTreeCellRendererComponent(JTree, Object, boolean, boolean, boolean, int, boolean)",15,1,7,5,0
org.apache.pdfbox.debugger.ui.PDFTreeCellRenderer.toTreeObject(Object),95,17,4,24,1
org.apache.pdfbox.debugger.ui.PDFTreeCellRenderer.toTreePostfix(Object),23,4,4,7,0
org.apache.pdfbox.debugger.ui.PDFTreeCellRenderer.lookupIconWithOverlay(Object),31,6,3,8,0
org.apache.pdfbox.debugger.ui.PDFTreeCellRenderer.lookupIcon(Object),69,16,14,6,1
org.apache.pdfbox.debugger.ui.PDFTreeModel.PDFTreeModel(),3,1,0,1,0
org.apache.pdfbox.debugger.ui.PDFTreeModel.PDFTreeModel(PDDocument),4,1,2,4,0
org.apache.pdfbox.debugger.ui.PDFTreeModel.PDFTreeModel(DocumentEntry),4,1,2,2,0
org.apache.pdfbox.debugger.ui.PDFTreeModel.addTreeModelListener(TreeModelListener),3,1,0,0,0
"org.apache.pdfbox.debugger.ui.PDFTreeModel.getChild(Object, int)",54,9,2,24,0
org.apache.pdfbox.debugger.ui.PDFTreeModel.getChildCount(Object),37,9,1,9,0
"org.apache.pdfbox.debugger.ui.PDFTreeModel.getIndexOfChild(Object, Object)",63,13,2,19,1
org.apache.pdfbox.debugger.ui.PDFTreeModel.getRoot(),4,1,1,1,0
org.apache.pdfbox.debugger.ui.PDFTreeModel.isLeaf(Object),12,1,1,3,0
org.apache.pdfbox.debugger.ui.PDFTreeModel.removeTreeModelListener(TreeModelListener),3,1,0,0,0
"org.apache.pdfbox.debugger.ui.PDFTreeModel.valueForPathChanged(TreePath, Object)",3,1,0,0,0
"org.apache.pdfbox.debugger.ui.RecentFiles.RecentFiles(Class, int)",10,2,4,7,0
org.apache.pdfbox.debugger.ui.RecentFiles.removeAll(),4,1,1,1,0
org.apache.pdfbox.debugger.ui.RecentFiles.isEmpty(),4,1,3,2,0
org.apache.pdfbox.debugger.ui.RecentFiles.addFile(String),8,2,7,3,0
org.apache.pdfbox.debugger.ui.RecentFiles.removeFile(String),7,2,3,2,0
org.apache.pdfbox.debugger.ui.RecentFiles.getFiles(),21,5,3,8,1
org.apache.pdfbox.debugger.ui.RecentFiles.close(),4,1,3,1,0
org.apache.pdfbox.debugger.ui.RecentFiles.breakString(String),16,3,3,7,1
org.apache.pdfbox.debugger.ui.RecentFiles.writeHistoryToPref(Queue<String>),20,4,8,6,2
org.apache.pdfbox.debugger.ui.RecentFiles.readHistoryFromPref(),22,4,6,10,2
org.apache.xmpbox.type.TestResourceRefType.before(),4,1,0,1,0
"org.apache.xmpbox.type.TestResourceRefType.TestResourceRefType(Class<? extends AbstractStructuredType>, String, Types)",4,1,3,2,0
org.apache.xmpbox.type.TestResourceRefType.getStructured(),4,1,1,2,0
org.apache.xmpbox.type.TestResourceRefType.initializeParameters(),20,1,7,3,0
org.apache.pdfbox.pdmodel.TestPDDocumentCatalog.retrievePageLabels(),30,2,1,7,0
org.apache.pdfbox.pdmodel.TestPDDocumentCatalog.retrievePageLabelsOnMalformedPdf(),17,2,0,6,0
org.apache.pdfbox.pdmodel.TestPDDocumentCatalog.retrieveNumberOfPages(),16,2,0,5,0
org.apache.pdfbox.pdmodel.TestPDDocumentCatalog.handleOutputIntents(),35,3,0,17,0
org.apache.pdfbox.pdmodel.common.function.type4.InstructionSequenceBuilder.InstructionSequenceBuilder(),4,1,3,2,0
org.apache.pdfbox.pdmodel.common.function.type4.InstructionSequenceBuilder.getInstructionSequence(),4,1,2,1,0
org.apache.pdfbox.pdmodel.common.function.type4.InstructionSequenceBuilder.parse(CharSequence),6,1,3,4,0
org.apache.pdfbox.pdmodel.common.function.type4.InstructionSequenceBuilder.getCurrentSequence(),4,1,2,2,0
org.apache.pdfbox.pdmodel.common.function.type4.InstructionSequenceBuilder.token(CharSequence),5,1,1,2,0
org.apache.pdfbox.pdmodel.common.function.type4.InstructionSequenceBuilder.token(String),29,5,5,12,0
org.apache.pdfbox.pdmodel.common.function.type4.InstructionSequenceBuilder.parseInt(String),8,2,2,4,0
org.apache.pdfbox.pdmodel.common.function.type4.InstructionSequenceBuilder.parseReal(String),4,1,3,2,0
org.apache.xmpbox.parser.DeserializationTest.init(),5,1,0,4,0
org.apache.xmpbox.parser.DeserializationTest.testStructuredRecursive(),6,1,0,3,0
org.apache.xmpbox.parser.DeserializationTest.testEmptyLi(),6,1,0,3,0
org.apache.xmpbox.parser.DeserializationTest.testEmptyLi2(),8,1,0,5,0
org.apache.xmpbox.parser.DeserializationTest.testGetTitle(),9,1,0,6,0
org.apache.xmpbox.parser.DeserializationTest.testAltBagSeq(),6,1,0,3,0
org.apache.xmpbox.parser.DeserializationTest.testIsartorStyleWithThumbs(),27,1,0,20,0
org.apache.xmpbox.parser.DeserializationTest.testWithNoXPacketStart(),14,2,2,6,0
org.apache.xmpbox.parser.DeserializationTest.testWithNoXPacketEnd(),14,2,2,6,0
org.apache.xmpbox.parser.DeserializationTest.testWithNoRDFElement(),14,2,2,6,0
org.apache.xmpbox.parser.DeserializationTest.testWithTwoRDFElement(),14,2,2,6,0
org.apache.xmpbox.parser.DeserializationTest.testWithInvalidRDFElementPrefix(),14,2,2,6,0
org.apache.xmpbox.parser.DeserializationTest.testWithRDFRootAsText(),14,2,2,6,0
org.apache.xmpbox.parser.DeserializationTest.testUndefinedSchema(),14,2,2,6,0
org.apache.xmpbox.parser.DeserializationTest.testUndefinedPropertyWithDefinedSchema(),14,2,2,6,0
org.apache.xmpbox.parser.DeserializationTest.testUndefinedStructuredWithDefinedSchema(),14,2,2,6,0
org.apache.xmpbox.parser.DeserializationTest.testRdfAboutFound(),11,2,0,6,1
org.apache.xmpbox.parser.DeserializationTest.testWihtAttributesAsProperties(),12,1,0,11,0
org.apache.xmpbox.parser.DeserializationTest.testSpaceTextValues(),8,1,0,8,0
org.apache.pdfbox.tools.TestTextToPdf.TestTextToPdf(String),4,1,1,1,0
org.apache.pdfbox.tools.TestTextToPdf.testCreateEmptyPdf(),11,1,0,7,0
org.apache.pdfbox.tools.TestTextToPdf.suite(),4,1,0,1,0
org.apache.pdfbox.tools.TestTextToPdf.main(String[]),5,1,0,2,0
org.apache.pdfbox.io.TestIOUtils.testPopulateBuffer(),18,1,1,6,0
org.apache.xmpbox.schema.TiffSchema.TiffSchema(XMPMetadata),4,1,1,2,0
"org.apache.xmpbox.schema.TiffSchema.TiffSchema(XMPMetadata, String)",4,1,2,2,0
org.apache.xmpbox.schema.TiffSchema.getArtistProperty(),4,1,1,2,0
org.apache.xmpbox.schema.TiffSchema.getArtist(),5,2,1,3,0
org.apache.xmpbox.schema.TiffSchema.setArtist(String),4,1,2,2,0
org.apache.xmpbox.schema.TiffSchema.getImageDescriptionProperty(),4,1,1,2,0
org.apache.xmpbox.schema.TiffSchema.getImageDescriptionLanguages(),4,1,1,2,0
org.apache.xmpbox.schema.TiffSchema.getImageDescription(String),4,1,3,2,0
org.apache.xmpbox.schema.TiffSchema.getImageDescription(),4,1,0,2,0
"org.apache.xmpbox.schema.TiffSchema.addImageDescription(String, String)",4,1,3,1,0
org.apache.xmpbox.schema.TiffSchema.getCopyRightProperty(),4,1,1,2,0
org.apache.xmpbox.schema.TiffSchema.getCopyRightLanguages(),4,1,1,2,0
org.apache.xmpbox.schema.TiffSchema.getCopyRight(String),4,1,3,2,0
org.apache.xmpbox.schema.TiffSchema.getCopyRight(),4,1,0,2,0
"org.apache.xmpbox.schema.TiffSchema.addCopyright(String, String)",4,1,3,1,0
org.apache.xmpbox.schema.XMPageTextSchema.XMPageTextSchema(XMPMetadata),4,1,1,2,0
"org.apache.xmpbox.schema.XMPageTextSchema.XMPageTextSchema(XMPMetadata, String)",4,1,2,2,0
"org.apache.xmpbox.type.DefinedStructuredType.DefinedStructuredType(XMPMetadata, String, String, String)",5,1,6,4,0
org.apache.xmpbox.type.DefinedStructuredType.DefinedStructuredType(XMPMetadata),5,1,1,4,0
"org.apache.xmpbox.type.DefinedStructuredType.addProperty(String, PropertyType)",4,1,4,1,0
org.apache.xmpbox.type.DefinedStructuredType.getDefinedProperties(),4,1,2,1,0
org.apache.pdfbox.pdmodel.font.FileSystemFontProvider.FileSystemFontProvider(FontCache),39,6,4,16,1
org.apache.pdfbox.pdmodel.font.FileSystemFontProvider.scanFonts(List<File>),27,6,4,7,1
org.apache.pdfbox.pdmodel.font.FileSystemFontProvider.getDiskCacheFile(),13,3,2,3,0
org.apache.pdfbox.pdmodel.font.FileSystemFontProvider.saveDiskCache(),66,10,14,17,2
org.apache.pdfbox.pdmodel.font.FileSystemFontProvider.loadDiskCache(List<File>),90,13,5,27,3
org.apache.pdfbox.pdmodel.font.FileSystemFontProvider.addTrueTypeCollection(File),31,4,5,4,0
org.apache.pdfbox.pdmodel.font.FileSystemFontProvider.addTrueTypeFont(File),26,4,5,8,0
"org.apache.pdfbox.pdmodel.font.FileSystemFontProvider.addTrueTypeFontImpl(TrueTypeFont, File)",91,11,10,35,0
org.apache.pdfbox.pdmodel.font.FileSystemFontProvider.addType1Font(File),23,3,6,11,0
"org.apache.pdfbox.pdmodel.font.FileSystemFontProvider.getTrueTypeFont(String, File)",21,4,6,5,0
"org.apache.pdfbox.pdmodel.font.FileSystemFontProvider.readTrueTypeFont(String, File)",19,3,3,10,0
"org.apache.pdfbox.pdmodel.font.FileSystemFontProvider.getOTFFont(String, File)",18,3,5,6,0
"org.apache.pdfbox.pdmodel.font.FileSystemFontProvider.getType1Font(String, File)",23,3,5,7,0
org.apache.pdfbox.pdmodel.font.FileSystemFontProvider.toDebugString(),14,2,2,9,1
org.apache.pdfbox.pdmodel.font.FileSystemFontProvider.getFontInfo(),4,1,1,1,0
org.apache.pdfbox.pdmodel.font.FontProvider.toDebugString(),1,1,0,1,0
org.apache.pdfbox.pdmodel.font.FontProvider.getFontInfo(),1,1,1,1,0
"org.apache.pdfbox.pdmodel.font.FontCache.addFont(FontInfo, FontBoxFont)",4,1,4,2,0
org.apache.pdfbox.pdmodel.font.FontCache.getFont(FontInfo),5,2,3,3,0
org.apache.pdfbox.util.TestDateUtil.TestDateUtil(String),4,1,1,1,0
org.apache.pdfbox.util.TestDateUtil.testExtract(),11,1,0,8,0
"org.apache.pdfbox.util.TestDateUtil.assertCalendarEquals(Calendar, Calendar)",6,1,3,4,0
org.apache.pdfbox.util.TestDateUtil.testDateConversion(),11,1,7,3,0
"org.apache.pdfbox.util.TestDateUtil.checkParse(int, int, int, int, int, int, int, int, String)",25,3,11,5,0
org.apache.pdfbox.util.TestDateUtil.testDateConverter(),80,1,2,3,0
"org.apache.pdfbox.util.TestDateUtil.checkToString(int, int, int, int, int, int, TimeZone, int, int)",14,1,11,6,0
org.apache.pdfbox.util.TestDateUtil.testToString(),34,1,0,5,0
"org.apache.pdfbox.util.TestDateUtil.checkParseTZ(int, String)",6,1,4,5,0
org.apache.pdfbox.util.TestDateUtil.testParseTZ(),22,1,2,1,0
"org.apache.pdfbox.util.TestDateUtil.checkFormatOffset(double, String)",6,1,3,4,0
org.apache.pdfbox.util.TestDateUtil.testFormatTZoffset(),19,1,0,1,0
org.apache.pdfbox.util.TestDateUtil.suite(),4,1,0,1,0
org.apache.pdfbox.util.TestDateUtil.main(String[]),8,1,0,2,0
"org.apache.pdfbox.preflight.action.UriAction.UriAction(ActionManagerFactory, COSDictionary, PreflightContext, String)",4,1,5,2,0
org.apache.pdfbox.preflight.action.UriAction.innerValid(),17,3,5,7,0
org.apache.fontbox.ttf.TestTTFParser.testUTCDate(),14,1,1,12,0
org.apache.pdfbox.pdmodel.interactive.action.PDDocumentCatalogAdditionalActions.PDDocumentCatalogAdditionalActions(),4,1,0,3,0
org.apache.pdfbox.pdmodel.interactive.action.PDDocumentCatalogAdditionalActions.PDDocumentCatalogAdditionalActions(COSDictionary),4,1,2,2,0
org.apache.pdfbox.pdmodel.interactive.action.PDDocumentCatalogAdditionalActions.getCOSObject(),4,1,1,1,0
org.apache.pdfbox.pdmodel.interactive.action.PDDocumentCatalogAdditionalActions.getWC(),10,2,1,3,0
org.apache.pdfbox.pdmodel.interactive.action.PDDocumentCatalogAdditionalActions.setWC(PDAction),4,1,2,1,0
org.apache.pdfbox.pdmodel.interactive.action.PDDocumentCatalogAdditionalActions.getWS(),10,2,1,3,0
org.apache.pdfbox.pdmodel.interactive.action.PDDocumentCatalogAdditionalActions.setWS(PDAction),4,1,2,1,0
org.apache.pdfbox.pdmodel.interactive.action.PDDocumentCatalogAdditionalActions.getDS(),10,2,1,3,0
org.apache.pdfbox.pdmodel.interactive.action.PDDocumentCatalogAdditionalActions.setDS(PDAction),4,1,2,1,0
org.apache.pdfbox.pdmodel.interactive.action.PDDocumentCatalogAdditionalActions.getWP(),10,2,1,3,0
org.apache.pdfbox.pdmodel.interactive.action.PDDocumentCatalogAdditionalActions.setWP(PDAction),4,1,2,1,0
org.apache.pdfbox.pdmodel.interactive.action.PDDocumentCatalogAdditionalActions.getDP(),10,2,1,3,0
org.apache.pdfbox.pdmodel.interactive.action.PDDocumentCatalogAdditionalActions.setDP(PDAction),4,1,2,1,0
org.apache.pdfbox.pdmodel.graphics.pattern.PDShadingPattern.PDShadingPattern(),5,1,2,4,0
org.apache.pdfbox.pdmodel.graphics.pattern.PDShadingPattern.PDShadingPattern(COSDictionary),4,1,2,2,0
org.apache.pdfbox.pdmodel.graphics.pattern.PDShadingPattern.getPatternType(),4,1,1,1,0
org.apache.pdfbox.pdmodel.graphics.pattern.PDShadingPattern.getExtendedGraphicsState(),13,3,2,5,0
org.apache.pdfbox.pdmodel.graphics.pattern.PDShadingPattern.setExtendedGraphicsState(PDExtendedGraphicsState),5,1,2,3,0
org.apache.pdfbox.pdmodel.graphics.pattern.PDShadingPattern.getShading(),12,3,3,5,0
org.apache.pdfbox.pdmodel.graphics.pattern.PDShadingPattern.setShading(PDShading),5,1,2,3,0
"org.apache.pdfbox.preflight.font.Type3FontValidator.Type3FontValidator(PreflightContext, PDType3Font)",7,1,3,9,0
org.apache.pdfbox.preflight.font.Type3FontValidator.validate(),10,1,0,7,0
org.apache.pdfbox.preflight.font.Type3FontValidator.checkMandatoryField(),15,2,12,4,0
org.apache.pdfbox.preflight.font.Type3FontValidator.checkFontBBox(),27,5,7,10,1
org.apache.pdfbox.preflight.font.Type3FontValidator.checkFontMatrix(),27,5,7,10,1
org.apache.pdfbox.preflight.font.Type3FontValidator.checkEncoding(),19,3,7,10,0
org.apache.pdfbox.preflight.font.Type3FontValidator.checkEncodingAsString(String),9,2,5,4,0
org.apache.pdfbox.preflight.font.Type3FontValidator.checkEncodingAsDictionary(COSDictionary),28,6,7,10,1
org.apache.pdfbox.preflight.font.Type3FontValidator.checkCharProcsAndMetrics(),63,9,14,21,1
org.apache.pdfbox.preflight.font.Type3FontValidator.getWidths(PDFont),14,2,3,5,0
org.apache.pdfbox.preflight.font.Type3FontValidator.getCharProc(int),11,2,5,7,0
org.apache.pdfbox.preflight.font.Type3FontValidator.getWidthFromCharProc(PDType3CharProc),7,1,3,6,0
org.apache.pdfbox.preflight.font.Type3FontValidator.checkResources(),41,7,13,15,1
org.apache.pdfbox.preflight.font.container.Type3Container.Type3Container(PDType3Font),4,1,2,2,0
org.apache.pdfbox.preflight.font.container.Type3Container.hasGlyph(int),4,1,2,2,0
org.apache.pdfbox.pdmodel.font.PDMMType1Font.PDMMType1Font(COSDictionary),4,1,2,2,0
"org.apache.pdfbox.pdmodel.graphics.blend.SoftMaskPaint.SoftMaskPaint(Paint, Raster)",5,1,3,3,0
org.apache.pdfbox.pdmodel.graphics.blend.SoftMaskPaint.getTransparency(),4,1,1,1,0
"org.apache.pdfbox.pdmodel.graphics.blend.SoftMaskPaint.createContext(ColorModel, Rectangle, Rectangle2D, AffineTransform, RenderingHints)",14,2,5,3,0
org.apache.pdfbox.pdmodel.graphics.state.PDSoftMask.create(COSBase),24,4,4,4,0
org.apache.pdfbox.pdmodel.graphics.state.PDSoftMask.PDSoftMask(COSDictionary),5,1,2,2,0
org.apache.pdfbox.pdmodel.graphics.state.PDSoftMask.getCOSObject(),4,1,5,1,0
org.apache.pdfbox.pdmodel.graphics.state.PDSoftMask.getSubType(),8,2,4,4,0
org.apache.pdfbox.pdmodel.graphics.state.PDSoftMask.getGroup(),12,3,3,5,0
org.apache.pdfbox.pdmodel.graphics.state.PDSoftMask.getBackdropColor(),8,2,2,4,0
org.apache.pdfbox.pdmodel.graphics.state.PDSoftMask.getTransferFunction(),12,3,2,5,0
org.apache.pdfbox.rendering.CIDType0Glyph2D.CIDType0Glyph2D(PDCIDFontType0),5,1,2,4,0
org.apache.pdfbox.rendering.CIDType0Glyph2D.getPathForCharacterCode(int),25,4,6,11,0
org.apache.pdfbox.rendering.CIDType0Glyph2D.dispose(),4,1,1,1,0
"org.apache.pdfbox.contentstream.operator.text.SetCharSpacing.process(Operator, List<COSBase>)",13,3,3,8,0
org.apache.pdfbox.contentstream.operator.text.SetCharSpacing.getName(),4,1,0,1,0
org.apache.pdfbox.pdmodel.documentinterchange.taggedpdf.PDPrintFieldAttributeObject.PDPrintFieldAttributeObject(),4,1,1,2,0
org.apache.pdfbox.pdmodel.documentinterchange.taggedpdf.PDPrintFieldAttributeObject.PDPrintFieldAttributeObject(COSDictionary),4,1,2,2,0
org.apache.pdfbox.pdmodel.documentinterchange.taggedpdf.PDPrintFieldAttributeObject.getRole(),4,1,2,2,0
org.apache.pdfbox.pdmodel.documentinterchange.taggedpdf.PDPrintFieldAttributeObject.setRole(String),4,1,2,1,0
org.apache.pdfbox.pdmodel.documentinterchange.taggedpdf.PDPrintFieldAttributeObject.getCheckedState(),4,1,3,2,0
org.apache.pdfbox.pdmodel.documentinterchange.taggedpdf.PDPrintFieldAttributeObject.setCheckedState(String),4,1,2,1,0
org.apache.pdfbox.pdmodel.documentinterchange.taggedpdf.PDPrintFieldAttributeObject.getAlternateName(),4,1,2,2,0
org.apache.pdfbox.pdmodel.documentinterchange.taggedpdf.PDPrintFieldAttributeObject.setAlternateName(String),4,1,2,1,0
org.apache.pdfbox.pdmodel.documentinterchange.taggedpdf.PDPrintFieldAttributeObject.toString(),17,4,3,9,0
org.apache.fontbox.cff.CFFExpertCharset.CFFExpertCharset(),4,1,0,2,0
org.apache.fontbox.cff.CFFExpertCharset.getInstance(),4,1,2,1,0
org.apache.fontbox.cff.CFFStandardString.CFFStandardString(),3,1,0,1,0
org.apache.fontbox.cff.CFFStandardString.getName(int),4,1,4,1,0
org.apache.pdfbox.pdmodel.interactive.measurement.PDViewportDictionary.PDViewportDictionary(),4,1,0,3,0
org.apache.pdfbox.pdmodel.interactive.measurement.PDViewportDictionary.PDViewportDictionary(COSDictionary),4,1,1,2,0
org.apache.pdfbox.pdmodel.interactive.measurement.PDViewportDictionary.getCOSObject(),4,1,7,1,0
org.apache.pdfbox.pdmodel.interactive.measurement.PDViewportDictionary.getType(),4,1,1,1,0
org.apache.pdfbox.pdmodel.interactive.measurement.PDViewportDictionary.getBBox(),9,2,0,4,0
org.apache.pdfbox.pdmodel.interactive.measurement.PDViewportDictionary.setBBox(PDRectangle),4,1,1,2,0
org.apache.pdfbox.pdmodel.interactive.measurement.PDViewportDictionary.getName(),4,1,1,3,0
org.apache.pdfbox.pdmodel.interactive.measurement.PDViewportDictionary.setName(String),4,1,2,2,0
org.apache.pdfbox.pdmodel.interactive.measurement.PDViewportDictionary.getMeasure(),9,2,0,4,0
org.apache.pdfbox.pdmodel.interactive.measurement.PDViewportDictionary.setMeasure(PDMeasureDictionary),4,1,1,2,0
"org.apache.pdfbox.preflight.annotation.RubberStampAnnotationValidator.RubberStampAnnotationValidator(PreflightContext, COSDictionary)",6,1,3,5,0
org.apache.pdfbox.tools.ImportFDF.ImportFDF(),3,1,3,1,0
"org.apache.pdfbox.tools.ImportFDF.importFDF(PDDocument, FDFDocument)",12,2,4,5,0
org.apache.pdfbox.tools.ImportFDF.main(String[]),6,1,1,3,0
org.apache.pdfbox.tools.ImportFDF.importFDF(String[]),25,2,3,9,0
org.apache.pdfbox.tools.ImportFDF.usage(),5,1,2,2,0
org.apache.pdfbox.tools.ImportFDF.close(FDFDocument),7,2,2,1,0
org.apache.pdfbox.tools.ImportFDF.close(PDDocument),7,2,2,1,0
"org.apache.pdfbox.contentstream.operator.graphics.DrawObject.process(Operator, List<COSBase>)",31,7,3,11,0
org.apache.pdfbox.contentstream.operator.graphics.DrawObject.getName(),4,1,0,1,0
org.apache.pdfbox.pdmodel.graphics.optionalcontent.TestOptionalContentGroups.setUp(),5,1,1,2,0
org.apache.pdfbox.pdmodel.graphics.optionalcontent.TestOptionalContentGroups.testOCGGeneration(),70,2,8,29,0
org.apache.pdfbox.pdmodel.graphics.optionalcontent.TestOptionalContentGroups.testOCGConsumption(),40,2,2,28,0
org.apache.pdfbox.pdmodel.graphics.optionalcontent.PDOptionalContentProperties.PDOptionalContentProperties(),6,1,5,5,0
org.apache.pdfbox.pdmodel.graphics.optionalcontent.PDOptionalContentProperties.PDOptionalContentProperties(COSDictionary),4,1,2,2,0
org.apache.pdfbox.pdmodel.graphics.optionalcontent.PDOptionalContentProperties.getCOSObject(),4,1,1,1,0
org.apache.pdfbox.pdmodel.graphics.optionalcontent.PDOptionalContentProperties.getOCGs(),10,2,5,4,0
org.apache.pdfbox.pdmodel.graphics.optionalcontent.PDOptionalContentProperties.getD(),10,2,7,4,0
org.apache.pdfbox.pdmodel.graphics.optionalcontent.PDOptionalContentProperties.getGroup(String),14,3,5,6,1
org.apache.pdfbox.pdmodel.graphics.optionalcontent.PDOptionalContentProperties.addGroup(PDOptionalContentGroup),12,2,4,8,0
org.apache.pdfbox.pdmodel.graphics.optionalcontent.PDOptionalContentProperties.getOptionalContentGroups(),11,2,1,5,1
org.apache.pdfbox.pdmodel.graphics.optionalcontent.PDOptionalContentProperties.getBaseState(),6,1,3,4,0
org.apache.pdfbox.pdmodel.graphics.optionalcontent.PDOptionalContentProperties.setBaseState(BaseState),5,1,2,3,0
org.apache.pdfbox.pdmodel.graphics.optionalcontent.PDOptionalContentProperties.getGroupNames(),13,2,5,6,1
org.apache.pdfbox.pdmodel.graphics.optionalcontent.PDOptionalContentProperties.hasGroup(String),12,3,2,3,1
org.apache.pdfbox.pdmodel.graphics.optionalcontent.PDOptionalContentProperties.isGroupEnabled(String),33,7,7,8,2
org.apache.pdfbox.pdmodel.graphics.optionalcontent.PDOptionalContentProperties.toDictionary(COSBase),11,2,5,2,0
"org.apache.pdfbox.pdmodel.graphics.optionalcontent.PDOptionalContentProperties.setGroupEnabled(String, boolean)",60,10,7,12,2
org.apache.pdfbox.pdmodel.documentinterchange.logicalstructure.PDDefaultAttributeObject.PDDefaultAttributeObject(),3,1,0,1,0
org.apache.pdfbox.pdmodel.documentinterchange.logicalstructure.PDDefaultAttributeObject.PDDefaultAttributeObject(COSDictionary),4,1,2,2,0
org.apache.pdfbox.pdmodel.documentinterchange.logicalstructure.PDDefaultAttributeObject.getAttributeNames(),13,3,2,8,1
org.apache.pdfbox.pdmodel.documentinterchange.logicalstructure.PDDefaultAttributeObject.getAttributeValue(String),4,1,3,3,0
"org.apache.pdfbox.pdmodel.documentinterchange.logicalstructure.PDDefaultAttributeObject.getAttributeValue(String, COSBase)",9,2,2,3,0
"org.apache.pdfbox.pdmodel.documentinterchange.logicalstructure.PDDefaultAttributeObject.setAttribute(String, COSBase)",6,1,2,5,0
org.apache.pdfbox.pdmodel.documentinterchange.logicalstructure.PDDefaultAttributeObject.toString(),16,3,0,12,1
org.apache.pdfbox.cos.UnmodifiableCOSDictionary.UnmodifiableCOSDictionary(COSDictionary),5,1,3,3,0
org.apache.pdfbox.cos.UnmodifiableCOSDictionary.clear(),4,1,0,1,0
"org.apache.pdfbox.cos.UnmodifiableCOSDictionary.setItem(COSName, COSBase)",4,1,0,1,0
"org.apache.pdfbox.cos.UnmodifiableCOSDictionary.setItem(COSName, COSObjectable)",4,1,0,1,0
"org.apache.pdfbox.cos.UnmodifiableCOSDictionary.setItem(String, COSObjectable)",4,1,0,1,0
"org.apache.pdfbox.cos.UnmodifiableCOSDictionary.setBoolean(String, boolean)",4,1,0,1,0
"org.apache.pdfbox.cos.UnmodifiableCOSDictionary.setBoolean(COSName, boolean)",4,1,0,1,0
"org.apache.pdfbox.cos.UnmodifiableCOSDictionary.setItem(String, COSBase)",4,1,0,1,0
"org.apache.pdfbox.cos.UnmodifiableCOSDictionary.setName(String, String)",4,1,0,1,0
"org.apache.pdfbox.cos.UnmodifiableCOSDictionary.setName(COSName, String)",4,1,0,1,0
"org.apache.pdfbox.cos.UnmodifiableCOSDictionary.setDate(String, Calendar)",4,1,0,1,0
"org.apache.pdfbox.cos.UnmodifiableCOSDictionary.setDate(COSName, Calendar)",4,1,0,1,0
"org.apache.pdfbox.cos.UnmodifiableCOSDictionary.setEmbeddedDate(String, String, Calendar)",4,1,0,1,0
"org.apache.pdfbox.cos.UnmodifiableCOSDictionary.setEmbeddedDate(String, COSName, Calendar)",4,1,0,1,0
"org.apache.pdfbox.cos.UnmodifiableCOSDictionary.setString(String, String)",4,1,0,1,0
"org.apache.pdfbox.cos.UnmodifiableCOSDictionary.setString(COSName, String)",4,1,0,1,0
"org.apache.pdfbox.cos.UnmodifiableCOSDictionary.setEmbeddedString(String, String, String)",4,1,0,1,0
"org.apache.pdfbox.cos.UnmodifiableCOSDictionary.setEmbeddedString(String, COSName, String)",4,1,0,1,0
"org.apache.pdfbox.cos.UnmodifiableCOSDictionary.setInt(String, int)",4,1,0,1,0
"org.apache.pdfbox.cos.UnmodifiableCOSDictionary.setInt(COSName, int)",4,1,0,1,0
"org.apache.pdfbox.cos.UnmodifiableCOSDictionary.setLong(String, long)",4,1,0,1,0
"org.apache.pdfbox.cos.UnmodifiableCOSDictionary.setLong(COSName, long)",4,1,0,1,0
"org.apache.pdfbox.cos.UnmodifiableCOSDictionary.setEmbeddedInt(String, String, int)",4,1,0,1,0
"org.apache.pdfbox.cos.UnmodifiableCOSDictionary.setEmbeddedInt(String, COSName, int)",4,1,0,1,0
"org.apache.pdfbox.cos.UnmodifiableCOSDictionary.setFloat(String, float)",4,1,0,1,0
"org.apache.pdfbox.cos.UnmodifiableCOSDictionary.setFloat(COSName, float)",4,1,0,1,0
org.apache.pdfbox.cos.UnmodifiableCOSDictionary.removeItem(COSName),4,1,0,1,0
org.apache.pdfbox.cos.UnmodifiableCOSDictionary.addAll(COSDictionary),4,1,0,1,0
org.apache.pdfbox.cos.UnmodifiableCOSDictionary.mergeInto(COSDictionary),4,1,0,1,0
org.apache.xmpbox.SaveMetadataHelperTest.testSchemaParsing(),8,1,0,5,0
org.apache.xmpbox.SaveMetadataHelperTest.testMetadataParsing(),12,1,0,8,0
org.apache.pdfbox.preflight.TestIsartorBavaria.initializeParameters(),65,9,3,26,2
org.apache.pdfbox.preflight.TestIsartorBavaria.beforeClass(),21,4,0,8,0
org.apache.pdfbox.preflight.TestIsartorBavaria.afterClass(),7,2,1,1,0
"org.apache.pdfbox.preflight.TestIsartorBavaria.TestIsartorBavaria(File, Set<String>)",6,1,3,5,0
org.apache.pdfbox.preflight.TestIsartorBavaria.validate(),104,17,4,34,6
org.apache.pdfbox.examples.pdmodel.ReplaceURLs.ReplaceURLs(),3,1,0,1,0
org.apache.pdfbox.examples.pdmodel.ReplaceURLs.main(String[]),46,7,3,11,2
org.apache.pdfbox.examples.pdmodel.ReplaceURLs.usage(),4,1,2,2,0
org.apache.pdfbox.pdmodel.interactive.measurement.PDNumberFormatDictionary.PDNumberFormatDictionary(),5,1,3,4,0
org.apache.pdfbox.pdmodel.interactive.measurement.PDNumberFormatDictionary.PDNumberFormatDictionary(COSDictionary),4,1,7,2,0
org.apache.pdfbox.pdmodel.interactive.measurement.PDNumberFormatDictionary.getCOSObject(),4,1,21,1,0
org.apache.pdfbox.pdmodel.interactive.measurement.PDNumberFormatDictionary.getType(),4,1,1,1,0
org.apache.pdfbox.pdmodel.interactive.measurement.PDNumberFormatDictionary.getUnits(),4,1,0,3,0
org.apache.pdfbox.pdmodel.interactive.measurement.PDNumberFormatDictionary.setUnits(String),4,1,1,2,0
org.apache.pdfbox.pdmodel.interactive.measurement.PDNumberFormatDictionary.getConversionFactor(),4,1,0,3,0
org.apache.pdfbox.pdmodel.interactive.measurement.PDNumberFormatDictionary.setConversionFactor(float),4,1,1,2,0
org.apache.pdfbox.pdmodel.interactive.measurement.PDNumberFormatDictionary.getFractionalDisplay(),4,1,1,3,0
org.apache.pdfbox.pdmodel.interactive.measurement.PDNumberFormatDictionary.setFractionalDisplay(String),15,2,5,4,0
org.apache.pdfbox.pdmodel.interactive.measurement.PDNumberFormatDictionary.getDenominator(),4,1,0,3,0
org.apache.pdfbox.pdmodel.interactive.measurement.PDNumberFormatDictionary.setDenominator(int),4,1,1,2,0
org.apache.pdfbox.pdmodel.interactive.measurement.PDNumberFormatDictionary.isFD(),4,1,0,3,0
org.apache.pdfbox.pdmodel.interactive.measurement.PDNumberFormatDictionary.setFD(boolean),4,1,1,2,0
org.apache.pdfbox.pdmodel.interactive.measurement.PDNumberFormatDictionary.getThousandsSeparator(),4,1,0,3,0
org.apache.pdfbox.pdmodel.interactive.measurement.PDNumberFormatDictionary.setThousandsSeparator(String),4,1,1,2,0
org.apache.pdfbox.pdmodel.interactive.measurement.PDNumberFormatDictionary.getDecimalSeparator(),4,1,0,3,0
org.apache.pdfbox.pdmodel.interactive.measurement.PDNumberFormatDictionary.setDecimalSeparator(String),4,1,1,2,0
org.apache.pdfbox.pdmodel.interactive.measurement.PDNumberFormatDictionary.getLabelPrefixString(),4,1,0,3,0
org.apache.pdfbox.pdmodel.interactive.measurement.PDNumberFormatDictionary.setLabelPrefixString(String),4,1,1,2,0
org.apache.pdfbox.pdmodel.interactive.measurement.PDNumberFormatDictionary.getLabelSuffixString(),4,1,0,3,0
org.apache.pdfbox.pdmodel.interactive.measurement.PDNumberFormatDictionary.setLabelSuffixString(String),4,1,1,2,0
org.apache.pdfbox.pdmodel.interactive.measurement.PDNumberFormatDictionary.getLabelPositionToValue(),4,1,1,3,0
org.apache.pdfbox.pdmodel.interactive.measurement.PDNumberFormatDictionary.setLabelPositionToValue(String),13,2,3,4,0
org.apache.pdfbox.debugger.streampane.StreamPaneView.StreamPaneView(),4,1,1,4,0
"org.apache.pdfbox.debugger.streampane.StreamPaneView.showStreamText(StyledDocument, ToolTipController)",7,1,5,5,0
org.apache.pdfbox.debugger.streampane.StreamPaneView.showStreamImage(BufferedImage),6,1,4,5,0
org.apache.pdfbox.debugger.streampane.StreamPaneView.getStreamPanel(),4,1,2,1,0
org.apache.pdfbox.examples.interactive.form.UpdateFieldOnDocumentOpen.UpdateFieldOnDocumentOpen(),3,1,0,1,0
org.apache.pdfbox.examples.interactive.form.UpdateFieldOnDocumentOpen.main(String[]),12,1,0,8,0
org.apache.pdfbox.preflight.metadata.RDFAboutAttributeConcordanceValidation.validateRDFAboutAttributes(XMPMetadata),21,5,2,7,1
"org.apache.pdfbox.preflight.metadata.XpacketParsingException.XpacketParsingException(String, Throwable)",4,1,2,2,0
org.apache.pdfbox.preflight.metadata.XpacketParsingException.XpacketParsingException(String),4,1,1,2,0
"org.apache.pdfbox.preflight.metadata.XpacketParsingException.XpacketParsingException(String, ValidationError)",5,1,3,3,0
org.apache.pdfbox.preflight.metadata.XpacketParsingException.getError(),4,1,2,1,0
"org.apache.pdfbox.examples.interactive.form.SetField.setField(PDDocument, String, String)",33,7,5,5,0
org.apache.pdfbox.examples.interactive.form.SetField.main(String[]),5,1,1,1,0
org.apache.pdfbox.examples.interactive.form.SetField.setField(String[]),25,3,3,6,0
org.apache.pdfbox.examples.interactive.form.SetField.usage(),4,1,2,1,0
org.apache.pdfbox.cos.PDFDocEncodingTest.testDeviations(),8,2,1,3,1
org.apache.xmpbox.DoubleSameTypeSchemaTest.testInit(),4,1,0,2,0
org.apache.xmpbox.DoubleSameTypeSchemaTest.testDoubleDublinCore(),30,2,1,20,1
org.apache.pdfbox.filter.ASCII85OutputStream.ASCII85OutputStream(OutputStream),11,1,2,9,0
org.apache.pdfbox.filter.ASCII85OutputStream.setTerminator(char),8,2,2,2,0
org.apache.pdfbox.filter.ASCII85OutputStream.getTerminator(),4,1,1,1,0
org.apache.pdfbox.filter.ASCII85OutputStream.setLineLength(int),8,2,2,2,0
org.apache.pdfbox.filter.ASCII85OutputStream.getLineLength(),4,1,1,1,0
org.apache.pdfbox.filter.ASCII85OutputStream.transformASCII85(),23,2,5,1,0
org.apache.pdfbox.filter.ASCII85OutputStream.write(int),24,5,7,6,1
org.apache.pdfbox.filter.ASCII85OutputStream.flush(),42,9,11,8,3
org.apache.pdfbox.filter.ASCII85OutputStream.close(),12,1,1,4,0
org.apache.pdfbox.pdmodel.fdf.FDFPageInfo.FDFPageInfo(),4,1,0,3,0
org.apache.pdfbox.pdmodel.fdf.FDFPageInfo.FDFPageInfo(COSDictionary),4,1,2,2,0
org.apache.pdfbox.pdmodel.fdf.FDFPageInfo.getCOSObject(),4,1,1,1,0
org.apache.pdfbox.pdmodel.interactive.form.PDSignatureFieldTest.setUp(),5,1,1,4,0
org.apache.pdfbox.pdmodel.interactive.form.PDSignatureFieldTest.createDefaultSignatureField(),13,1,6,12,0
org.apache.pdfbox.pdmodel.interactive.form.PDSignatureFieldTest.setValueForAbstractedSignatureField(),6,1,1,3,0
org.apache.pdfbox.pdmodel.interactive.form.PDButtonTest.setUp(),7,1,4,10,0
org.apache.pdfbox.pdmodel.interactive.form.PDButtonTest.createCheckBox(),8,1,2,8,0
org.apache.pdfbox.pdmodel.interactive.form.PDButtonTest.createPushButton(),8,1,2,9,0
org.apache.pdfbox.pdmodel.interactive.form.PDButtonTest.createRadioButton(),8,1,2,9,0
org.apache.pdfbox.pdmodel.interactive.form.PDButtonTest.retrieveAcrobatCheckBoxProperties(),8,1,1,8,0
org.apache.pdfbox.pdmodel.interactive.form.PDButtonTest.testAcrobatCheckBoxProperties(),21,1,4,12,0
org.apache.pdfbox.pdmodel.interactive.form.PDButtonTest.setValueForAbstractedAcrobatCheckBox(),12,1,4,9,0
org.apache.pdfbox.pdmodel.interactive.form.PDButtonTest.testAcrobatCheckBoxGroupProperties(),27,1,1,16,0
org.apache.pdfbox.pdmodel.interactive.form.PDButtonTest.setValueForAbstractedCheckBoxGroup(),16,1,1,8,0
org.apache.pdfbox.pdmodel.interactive.form.PDButtonTest.setCheckboxInvalidValue(),5,1,1,2,0
org.apache.pdfbox.pdmodel.interactive.form.PDButtonTest.setCheckboxGroupInvalidValue(),5,1,1,2,0
org.apache.pdfbox.pdmodel.interactive.form.PDButtonTest.setAbstractedCheckboxInvalidValue(),5,1,1,2,0
org.apache.pdfbox.pdmodel.interactive.form.PDButtonTest.setAbstractedCheckboxGroupInvalidValue(),5,1,1,2,0
org.apache.pdfbox.pdmodel.interactive.form.PDButtonTest.retrieveAcrobatRadioButtonProperties(),8,1,1,7,0
org.apache.pdfbox.pdmodel.interactive.form.PDButtonTest.testAcrobatRadioButtonProperties(),16,1,3,9,0
org.apache.pdfbox.pdmodel.interactive.form.PDButtonTest.setValueForAbstractedAcrobatRadioButton(),16,1,3,9,0
org.apache.pdfbox.pdmodel.interactive.form.PDButtonTest.setRadioButtonInvalidValue(),5,1,1,2,0
org.apache.pdfbox.pdmodel.interactive.form.PDButtonTest.setAbstractedRadioButtonInvalidValue(),5,1,1,2,0
org.apache.pdfbox.pdmodel.interactive.form.PDButtonTest.tearDown(),5,1,2,1,0
"org.apache.pdfbox.preflight.annotation.PrintMarkAnnotationValidator.PrintMarkAnnotationValidator(PreflightContext, COSDictionary)",6,1,3,5,0
org.apache.pdfbox.pdmodel.interactive.action.PDActionMovie.PDActionMovie(),5,1,1,4,0
org.apache.pdfbox.pdmodel.interactive.action.PDActionMovie.PDActionMovie(COSDictionary),4,1,2,2,0
org.apache.pdfbox.pdmodel.interactive.action.PDActionMovie.getS(),4,1,2,2,0
org.apache.pdfbox.pdmodel.interactive.action.PDActionMovie.setS(String),4,1,3,1,0
"org.apache.pdfbox.filter.IdentityFilter.decode(InputStream, OutputStream, COSDictionary, int)",13,2,4,5,1
"org.apache.pdfbox.filter.IdentityFilter.encode(InputStream, OutputStream, COSDictionary)",11,2,3,3,1
org.apache.pdfbox.filter.ASCII85InputStream.ASCII85InputStream(InputStream),9,1,2,7,0
org.apache.pdfbox.filter.ASCII85InputStream.read(),94,17,14,8,6
"org.apache.pdfbox.filter.ASCII85InputStream.read(byte[], int, int)",24,5,7,4,1
org.apache.pdfbox.filter.ASCII85InputStream.close(),7,1,0,4,0
org.apache.pdfbox.filter.ASCII85InputStream.markSupported(),4,1,0,1,0
org.apache.pdfbox.filter.ASCII85InputStream.skip(long),4,1,0,1,0
org.apache.pdfbox.filter.ASCII85InputStream.available(),4,1,0,1,0
org.apache.pdfbox.filter.ASCII85InputStream.mark(int),3,1,0,0,0
org.apache.pdfbox.filter.ASCII85InputStream.reset(),4,1,0,1,0
org.apache.pdfbox.pdmodel.TestPDPageTransitions.readTransitions(),11,1,2,13,0
org.apache.pdfbox.pdmodel.TestPDPageTransitions.saveAndReadTransitions(),21,1,3,23,0
org.apache.fontbox.ttf.GlyfCompositeComp.GlyfCompositeComp(TTFDataStream),48,6,10,16,0
org.apache.fontbox.ttf.GlyfCompositeComp.setFirstIndex(int),4,1,2,1,0
org.apache.fontbox.ttf.GlyfCompositeComp.getFirstIndex(),4,1,7,1,0
org.apache.fontbox.ttf.GlyfCompositeComp.setFirstContour(int),4,1,2,1,0
org.apache.fontbox.ttf.GlyfCompositeComp.getFirstContour(),4,1,4,1,0
org.apache.fontbox.ttf.GlyfCompositeComp.getArgument1(),4,1,1,1,0
org.apache.fontbox.ttf.GlyfCompositeComp.getArgument2(),4,1,1,1,0
org.apache.fontbox.ttf.GlyfCompositeComp.getFlags(),4,1,2,1,0
org.apache.fontbox.ttf.GlyfCompositeComp.getGlyphIndex(),4,1,10,1,0
org.apache.fontbox.ttf.GlyfCompositeComp.getScale01(),4,1,1,1,0
org.apache.fontbox.ttf.GlyfCompositeComp.getScale10(),4,1,1,1,0
org.apache.fontbox.ttf.GlyfCompositeComp.getXScale(),4,1,1,1,0
org.apache.fontbox.ttf.GlyfCompositeComp.getYScale(),4,1,1,1,0
org.apache.fontbox.ttf.GlyfCompositeComp.getXTranslate(),4,1,2,1,0
org.apache.fontbox.ttf.GlyfCompositeComp.getYTranslate(),4,1,2,1,0
"org.apache.fontbox.ttf.GlyfCompositeComp.scaleX(int, int)",4,1,5,2,0
"org.apache.fontbox.ttf.GlyfCompositeComp.scaleY(int, int)",4,1,5,2,0
org.apache.pdfbox.cos.TestCOSFloat.setUp(),11,2,0,3,0
org.apache.pdfbox.cos.TestCOSFloat.testEquals(),22,1,0,1,0
org.apache.pdfbox.cos.TestCOSFloat.testHashCode(),4,1,0,1,0
org.apache.pdfbox.cos.TestCOSFloat.testFloatValue(),4,1,0,1,0
org.apache.pdfbox.cos.TestCOSFloat.testDoubleValue(),4,1,0,1,0
org.apache.pdfbox.cos.TestCOSFloat.testIntValue(),4,1,0,1,0
org.apache.pdfbox.cos.TestCOSFloat.testLongValue(),4,1,0,1,0
org.apache.pdfbox.cos.TestCOSFloat.testAccept(),4,1,0,1,0
org.apache.pdfbox.cos.TestCOSFloat.testWritePDF(),6,1,0,3,0
org.apache.pdfbox.cos.TestCOSFloat.floatToString(float),4,1,3,5,0
org.apache.pdfbox.cos.TestCOSFloat.removeTrailingNull(String),11,3,2,5,1
org.apache.pdfbox.cos.TestCOSFloat.suite(),4,1,0,1,0
org.apache.pdfbox.cos.TestCOSBase.testGetCOSObject(),4,1,1,2,0
org.apache.pdfbox.cos.TestCOSBase.testAccept(),1,1,0,0,0
org.apache.pdfbox.cos.TestCOSBase.testIsSetDirect(),7,1,1,4,0
"org.apache.pdfbox.cos.TestCOSBase.testByteArrays(byte[], byte[])",8,2,8,1,1
org.apache.pdfbox.multipdf.LayerUtility.LayerUtility(PDDocument),5,1,3,4,0
org.apache.pdfbox.multipdf.LayerUtility.getDocument(),4,1,2,1,0
org.apache.pdfbox.multipdf.LayerUtility.wrapInSaveRestore(PDPage),32,3,3,16,0
"org.apache.pdfbox.multipdf.LayerUtility.importPageAsForm(PDDocument, int)",5,1,4,3,0
"org.apache.pdfbox.multipdf.LayerUtility.importPageAsForm(PDDocument, PDPage)",47,6,7,34,0
"org.apache.pdfbox.multipdf.LayerUtility.appendFormAsLayer(PDPage, PDFormXObject, AffineTransform, String)",28,3,9,18,0
"org.apache.pdfbox.multipdf.LayerUtility.transferDict(COSDictionary, COSDictionary, Set<String>, boolean)",18,4,6,7,1
"org.apache.pdfbox.contentstream.operator.graphics.CurveToReplicateInitialPoint.process(Operator, List<COSBase>)",29,4,6,12,0
org.apache.pdfbox.contentstream.operator.graphics.CurveToReplicateInitialPoint.getName(),4,1,0,1,0
"org.apache.pdfbox.preflight.action.InvalidAction.InvalidAction(ActionManagerFactory, COSDictionary, PreflightContext, String, String)",6,1,6,3,0
org.apache.pdfbox.preflight.action.InvalidAction.innerValid(),6,1,3,3,0
"org.apache.pdfbox.preflight.integration.TestIsartorValidation.TestIsartorValidation(File, String)",4,1,2,2,0
org.apache.pdfbox.preflight.integration.TestIsartorValidation.stopIfExpected(),6,1,1,3,0
org.apache.pdfbox.preflight.integration.TestIsartorValidation.initializeParameters(),46,6,4,21,1
org.apache.pdfbox.preflight.integration.TestIsartorValidation.getResultFileKey(),4,1,1,1,0
"org.apache.pdfbox.contentstream.operator.graphics.BeginInlineImage.process(Operator, List<COSBase>)",7,1,2,5,0
org.apache.pdfbox.contentstream.operator.graphics.BeginInlineImage.getName(),4,1,0,1,0
"org.apache.pdfbox.preflight.action.GoToRemoteAction.GoToRemoteAction(ActionManagerFactory, COSDictionary, PreflightContext, String)",4,1,5,2,0
org.apache.pdfbox.preflight.action.GoToRemoteAction.innerValid(),52,8,8,15,0
org.apache.pdfbox.preflight.action.GoToRemoteAction.validateExplicitDestination(COSArray),11,2,4,4,0
org.apache.pdfbox.pdmodel.fdf.FDFIconFit.FDFIconFit(),4,1,0,3,0
org.apache.pdfbox.pdmodel.fdf.FDFIconFit.FDFIconFit(COSDictionary),4,1,2,2,0
org.apache.pdfbox.pdmodel.fdf.FDFIconFit.getCOSObject(),4,1,1,1,0
org.apache.pdfbox.pdmodel.fdf.FDFIconFit.getScaleOption(),9,2,3,2,0
org.apache.pdfbox.pdmodel.fdf.FDFIconFit.setScaleOption(String),4,1,3,1,0
org.apache.pdfbox.pdmodel.fdf.FDFIconFit.getScaleType(),9,2,3,2,0
org.apache.pdfbox.pdmodel.fdf.FDFIconFit.setScaleType(String),4,1,3,1,0
org.apache.pdfbox.pdmodel.fdf.FDFIconFit.getFractionalSpaceToAllocate(),17,2,2,7,0
org.apache.pdfbox.pdmodel.fdf.FDFIconFit.setFractionalSpaceToAllocate(PDRange),4,1,4,1,0
org.apache.pdfbox.pdmodel.fdf.FDFIconFit.shouldScaleToFitAnnotation(),4,1,2,2,0
org.apache.pdfbox.pdmodel.fdf.FDFIconFit.setScaleToFitAnnotation(boolean),4,1,3,1,0
org.apache.pdfbox.pdmodel.common.PDObjectStream.PDObjectStream(COSStream),4,1,3,2,0
org.apache.pdfbox.pdmodel.common.PDObjectStream.createStream(PDDocument),7,1,3,6,0
org.apache.pdfbox.pdmodel.common.PDObjectStream.getType(),4,1,1,3,0
org.apache.pdfbox.pdmodel.common.PDObjectStream.getNumberOfObjects(),4,1,1,3,0
org.apache.pdfbox.pdmodel.common.PDObjectStream.setNumberOfObjects(int),4,1,2,2,0
org.apache.pdfbox.pdmodel.common.PDObjectStream.getFirstByteOffset(),4,1,1,3,0
org.apache.pdfbox.pdmodel.common.PDObjectStream.setFirstByteOffset(int),4,1,2,2,0
org.apache.pdfbox.pdmodel.common.PDObjectStream.getExtends(),10,2,1,4,0
org.apache.pdfbox.pdmodel.common.PDObjectStream.setExtends(PDObjectStream),4,1,2,2,0
org.apache.pdfbox.pdmodel.interactive.form.FieldUtils.FieldUtils(),3,1,0,1,0
"org.apache.pdfbox.pdmodel.interactive.form.FieldUtils.toKeyValueList(List<String>, List<String>)",9,2,3,5,1
org.apache.pdfbox.pdmodel.interactive.form.FieldUtils.sortByValue(List<KeyValue>),4,1,2,1,0
org.apache.pdfbox.pdmodel.interactive.form.FieldUtils.sortByKey(List<KeyValue>),4,1,1,1,0
"org.apache.pdfbox.pdmodel.interactive.form.FieldUtils.getPairableItems(COSBase, int)",26,5,4,9,0
"org.apache.pdfbox.pdmodel.interactive.form.FieldUtils.getItemsFromPair(COSBase, int)",12,2,3,6,1
org.apache.pdfbox.examples.util.ExtractTextByArea.ExtractTextByArea(),3,1,0,1,0
org.apache.pdfbox.examples.util.ExtractTextByArea.main(String[]),30,3,3,12,0
org.apache.pdfbox.examples.util.ExtractTextByArea.usage(),4,1,2,2,0
org.apache.fontbox.ttf.TTFSubsetterTest.testEmptySubset(),14,2,0,7,0
org.apache.fontbox.ttf.TTFSubsetterTest.testNonEmptySubset(),8,1,0,7,0
org.apache.pdfbox.pdmodel.interactive.documentnavigation.outline.PDDocumentOutlineTest.outlinesCountShouldNotBeNegative(),12,1,0,6,0
org.apache.pdfbox.pdmodel.interactive.documentnavigation.outline.PDDocumentOutlineTest.outlinesCount(),16,1,0,6,0
"org.apache.pdfbox.pdmodel.interactive.digitalsignature.COSFilterInputStream.COSFilterInputStream(InputStream, int[])",5,1,4,3,0
"org.apache.pdfbox.pdmodel.interactive.digitalsignature.COSFilterInputStream.COSFilterInputStream(byte[], int[])",5,1,4,4,0
org.apache.pdfbox.pdmodel.interactive.digitalsignature.COSFilterInputStream.read(),10,2,1,4,0
org.apache.pdfbox.pdmodel.interactive.digitalsignature.COSFilterInputStream.read(byte[]),4,1,4,2,0
"org.apache.pdfbox.pdmodel.interactive.digitalsignature.COSFilterInputStream.read(byte[], int, int)",30,6,3,3,1
org.apache.pdfbox.pdmodel.interactive.digitalsignature.COSFilterInputStream.inRange(),12,3,4,1,1
org.apache.pdfbox.pdmodel.interactive.digitalsignature.COSFilterInputStream.nextAvailable(),11,3,1,3,1
org.apache.pdfbox.pdmodel.interactive.digitalsignature.COSFilterInputStream.toByteArray(),11,2,2,5,1
org.apache.pdfbox.examples.pdmodel.EmbeddedFonts.EmbeddedFonts(),3,1,0,1,0
org.apache.pdfbox.examples.pdmodel.EmbeddedFonts.main(String[]),24,1,1,16,0
org.apache.pdfbox.examples.pdmodel.AddJavascript.AddJavascript(),3,1,0,1,0
org.apache.pdfbox.examples.pdmodel.AddJavascript.main(String[]),30,4,2,10,0
org.apache.pdfbox.examples.pdmodel.AddJavascript.usage(),4,1,2,2,0
"org.apache.pdfbox.pdmodel.graphics.shading.Type5ShadingPaint.Type5ShadingPaint(PDShadingType5, Matrix)",5,1,3,3,0
org.apache.pdfbox.pdmodel.graphics.shading.Type5ShadingPaint.getTransparency(),4,1,0,1,0
"org.apache.pdfbox.pdmodel.graphics.shading.Type5ShadingPaint.createContext(ColorModel, Rectangle, Rectangle2D, AffineTransform, RenderingHints)",13,2,9,5,0
org.apache.pdfbox.preflight.Benchmark.main(String[]),60,7,4,31,3
org.apache.pdfbox.pdmodel.graphics.image.CCITTFactoryTest.setUp(),5,1,1,2,0
org.apache.pdfbox.pdmodel.graphics.image.CCITTFactoryTest.testCreateFromRandomAccessSingle(),29,1,4,22,0
org.apache.pdfbox.pdmodel.graphics.image.CCITTFactoryTest.testCreateFromRandomAccessMulti(),38,3,4,34,1
org.apache.pdfbox.examples.interactive.form.PrintFields.printFields(PDDocument),11,2,3,7,1
"org.apache.pdfbox.examples.interactive.form.PrintFields.processField(PDField, String, String)",32,6,5,10,1
org.apache.pdfbox.examples.interactive.form.PrintFields.main(String[]),24,3,2,5,0
org.apache.pdfbox.examples.interactive.form.PrintFields.usage(),4,1,2,1,0
org.apache.xmpbox.schema.PhotoshopSchemaTest.getSchema(),4,1,1,2,0
org.apache.xmpbox.schema.PhotoshopSchemaTest.before(),4,1,0,1,0
"org.apache.xmpbox.schema.PhotoshopSchemaTest.PhotoshopSchemaTest(String, Types, Cardinality)",4,1,3,2,0
org.apache.xmpbox.schema.PhotoshopSchemaTest.initializeParameters(),23,1,6,3,0
org.apache.pdfbox.text.TestTextStripper.TestTextStripper(String),6,1,2,4,0
org.apache.pdfbox.text.TestTextStripper.setUp(),3,1,0,0,0
"org.apache.pdfbox.text.TestTextStripper.stringsEqual(String, String)",51,8,5,6,1
"org.apache.pdfbox.text.TestTextStripper.skipWhitespace(char[], int)",12,3,4,1,1
"org.apache.pdfbox.text.TestTextStripper.doTestFile(File, File, boolean, boolean)",151,17,9,41,4
org.apache.pdfbox.text.TestTextStripper.fileToLines(File),19,3,4,9,1
"org.apache.pdfbox.text.TestTextStripper.findOutlineItemDestPageNum(PDDocument, PDOutlineItem)",8,1,3,7,0
org.apache.pdfbox.text.TestTextStripper.testStripByOutlineItems(),81,1,1,20,0
"org.apache.pdfbox.text.TestTextStripper.doTestDir(File, File)",16,2,3,2,1
org.apache.pdfbox.text.TestTextStripper.testExtract(),25,4,1,8,0
org.apache.pdfbox.text.TestTextStripper.suite(),4,1,0,1,0
org.apache.pdfbox.text.TestTextStripper.main(String[]),5,1,0,2,0
org.apache.xmpbox.type.TestSimpleMetadataProperties.resetDocument(),4,1,0,2,0
org.apache.xmpbox.type.TestSimpleMetadataProperties.testBooleanBadTypeDetection(),4,1,1,1,0
org.apache.xmpbox.type.TestSimpleMetadataProperties.testDateBadTypeDetection(),4,1,1,1,0
org.apache.xmpbox.type.TestSimpleMetadataProperties.testIntegerBadTypeDetection(),4,1,1,1,0
org.apache.xmpbox.type.TestSimpleMetadataProperties.testRealBadTypeDetection(),4,1,1,1,0
org.apache.xmpbox.type.TestSimpleMetadataProperties.testTextBadTypeDetection(),4,1,1,2,0
org.apache.xmpbox.type.TestSimpleMetadataProperties.testElementAndObjectSynchronization(),18,1,1,15,0
org.apache.xmpbox.type.TestSimpleMetadataProperties.testCreationFromString(),18,1,1,11,0
org.apache.xmpbox.type.TestSimpleMetadataProperties.testObjectCreationWithNamespace(),14,1,1,9,0
org.apache.xmpbox.type.TestSimpleMetadataProperties.testExceptionWithCause(),4,1,0,2,0
org.apache.xmpbox.type.TestSimpleMetadataProperties.testAttribute(),20,1,1,12,0
org.apache.pdfbox.pdmodel.font.TestTTFParser.testPostTable(),31,3,2,13,1
org.apache.pdfbox.multipdf.PageExtractorTest.PageExtractorTest(String),4,1,1,1,0
org.apache.pdfbox.multipdf.PageExtractorTest.setUp(),3,1,0,0,0
org.apache.pdfbox.multipdf.PageExtractorTest.tearDown(),3,1,0,0,0
org.apache.pdfbox.multipdf.PageExtractorTest.closeDoc(PDDocument),13,3,2,1,0
org.apache.pdfbox.multipdf.PageExtractorTest.testExtract(),34,1,0,8,0
org.apache.pdfbox.examples.pdmodel.UsingTextMatrix.UsingTextMatrix(),4,1,1,1,0
"org.apache.pdfbox.examples.pdmodel.UsingTextMatrix.doIt(String, String)",71,5,7,18,3
org.apache.pdfbox.examples.pdmodel.UsingTextMatrix.main(String[]),12,2,2,3,0
org.apache.pdfbox.examples.pdmodel.UsingTextMatrix.usage(),4,1,2,3,0
org.apache.pdfbox.examples.pdmodel.TestCreateSignature.setUp(),8,1,2,11,0
org.apache.pdfbox.examples.pdmodel.TestCreateSignature.testDetachedSHA256(),9,1,4,8,0
org.apache.pdfbox.examples.pdmodel.TestCreateSignature.testDetachedSHA256WithTSA(),30,2,5,20,0
org.apache.pdfbox.examples.pdmodel.TestCreateSignature.testCreateVisibleSignature(),14,1,5,10,0
org.apache.pdfbox.examples.pdmodel.TestCreateSignature.checkSignature(File),41,4,12,25,1
"org.apache.pdfbox.contentstream.operator.graphics.ShadingFill.process(Operator, List<COSBase>)",8,2,3,4,0
org.apache.pdfbox.contentstream.operator.graphics.ShadingFill.getName(),4,1,0,1,0
org.apache.xmpbox.type.TestJobType.before(),4,1,0,1,0
"org.apache.xmpbox.type.TestJobType.TestJobType(Class<? extends AbstractStructuredType>, String, Types)",4,1,3,2,0
org.apache.xmpbox.type.TestJobType.getStructured(),4,1,1,2,0
org.apache.xmpbox.type.TestJobType.initializeParameters(),8,1,2,3,0
org.apache.pdfbox.pdmodel.common.PDStreamTest.testCreateInputStreamNullFilters(),17,1,2,12,0
org.apache.pdfbox.pdmodel.common.PDStreamTest.testCreateInputStreamEmptyFilters(),17,1,2,13,0
org.apache.pdfbox.pdmodel.common.PDStreamTest.testCreateInputStreamNullStopFilters(),14,1,0,10,0
"org.apache.pdfbox.contentstream.operator.text.BeginText.process(Operator, List<COSBase>)",6,1,1,4,0
org.apache.pdfbox.contentstream.operator.text.BeginText.getName(),4,1,0,1,0
org.apache.pdfbox.pdmodel.interactive.action.PDAdditionalActions.PDAdditionalActions(),4,1,0,3,0
org.apache.pdfbox.pdmodel.interactive.action.PDAdditionalActions.PDAdditionalActions(COSDictionary),4,1,2,2,0
org.apache.pdfbox.pdmodel.interactive.action.PDAdditionalActions.getCOSObject(),4,1,1,1,0
org.apache.pdfbox.pdmodel.interactive.action.PDAdditionalActions.getF(),4,1,2,3,0
org.apache.pdfbox.pdmodel.interactive.action.PDAdditionalActions.setF(PDAction),4,1,3,1,0
org.apache.pdfbox.pdmodel.fdf.FDFOptionElement.FDFOptionElement(),6,1,1,5,0
org.apache.pdfbox.pdmodel.fdf.FDFOptionElement.FDFOptionElement(COSArray),4,1,2,2,0
org.apache.pdfbox.pdmodel.fdf.FDFOptionElement.getCOSObject(),4,1,1,1,0
org.apache.pdfbox.pdmodel.fdf.FDFOptionElement.getCOSArray(),4,1,1,1,0
org.apache.pdfbox.pdmodel.fdf.FDFOptionElement.getOption(),4,1,1,3,0
org.apache.pdfbox.pdmodel.fdf.FDFOptionElement.setOption(String),4,1,2,2,0
org.apache.pdfbox.pdmodel.fdf.FDFOptionElement.getDefaultAppearanceString(),4,1,1,3,0
org.apache.pdfbox.pdmodel.fdf.FDFOptionElement.setDefaultAppearanceString(String),4,1,2,2,0
"org.apache.pdfbox.pdmodel.graphics.shading.Type5ShadingContext.Type5ShadingContext(PDShadingType5, ColorModel, AffineTransform, Matrix, Rectangle)",8,1,7,6,0
"org.apache.pdfbox.pdmodel.graphics.shading.Type5ShadingContext.collectTriangles(PDShadingType5, AffineTransform, Matrix)",77,9,9,14,6
org.apache.pdfbox.pdmodel.graphics.color.PDCalGray.PDCalGray(),4,1,1,2,0
org.apache.pdfbox.pdmodel.graphics.color.PDCalGray.PDCalGray(COSArray),4,1,2,2,0
org.apache.pdfbox.pdmodel.graphics.color.PDCalGray.getName(),4,1,1,2,0
org.apache.pdfbox.pdmodel.graphics.color.PDCalGray.getNumberOfComponents(),4,1,0,1,0
org.apache.pdfbox.pdmodel.graphics.color.PDCalGray.getDefaultDecode(int),4,1,0,1,0
org.apache.pdfbox.pdmodel.graphics.color.PDCalGray.getInitialColor(),4,1,1,1,0
org.apache.pdfbox.pdmodel.graphics.color.PDCalGray.toRGB(float[]),14,2,4,4,0
org.apache.pdfbox.pdmodel.graphics.color.PDCalGray.getGamma(),10,2,3,3,0
org.apache.pdfbox.pdmodel.graphics.color.PDCalGray.setGamma(float),4,1,3,2,0
org.apache.pdfbox.tools.DecompressObjectstreams.DecompressObjectstreams(),3,1,0,1,0
org.apache.pdfbox.tools.DecompressObjectstreams.main(String[]),61,9,5,20,2
org.apache.pdfbox.tools.DecompressObjectstreams.usage(),10,1,2,2,0
org.apache.pdfbox.examples.pdmodel.ImageToPDF.ImageToPDF(),3,1,0,1,0
org.apache.pdfbox.examples.pdmodel.ImageToPDF.main(String[]),30,3,3,13,0
org.apache.xmpbox.schema.TestExifXmp.testNonStrict(),11,1,1,10,0
org.apache.xmpbox.schema.TestExifXmp.testGenerate(),13,1,2,13,0
"org.apache.pdfbox.preflight.font.Type0FontValidator.Type0FontValidator(PreflightContext, PDFont)",6,1,4,8,0
org.apache.pdfbox.preflight.font.Type0FontValidator.validate(),7,1,0,4,0
org.apache.pdfbox.preflight.font.Type0FontValidator.checkMandatoryFields(),14,2,9,5,0
org.apache.pdfbox.preflight.font.Type0FontValidator.processDescendantFont(),24,4,6,13,0
org.apache.pdfbox.preflight.font.Type0FontValidator.createDescendantValidator(COSDictionary),19,3,8,8,0
org.apache.pdfbox.preflight.font.Type0FontValidator.createCIDType0FontValidator(COSDictionary),13,2,7,6,0
org.apache.pdfbox.preflight.font.Type0FontValidator.createCIDType2FontValidator(COSDictionary),13,2,7,6,0
org.apache.pdfbox.preflight.font.Type0FontValidator.checkEncoding(),5,1,3,3,0
org.apache.pdfbox.preflight.font.Type0FontValidator.checkCMapEncoding(COSBase),23,4,10,9,0
org.apache.pdfbox.preflight.font.Type0FontValidator.processCMapAsStream(COSStream),47,6,14,19,0
org.apache.pdfbox.preflight.font.Type0FontValidator.checkCIDSystemInfo(COSBase),23,3,8,7,0
org.apache.pdfbox.preflight.font.Type0FontValidator.compareCIDSystemInfo(COSDictionary),20,3,10,11,0
"org.apache.pdfbox.preflight.font.CIDType2FontValidator.CIDType2FontValidator(PreflightContext, PDCIDFontType2)",4,1,3,3,0
org.apache.pdfbox.preflight.font.CIDType2FontValidator.checkCIDToGIDMap(COSBase),4,1,1,1,0
org.apache.pdfbox.preflight.font.CIDType2FontValidator.createFontDescriptorHelper(),4,1,3,2,0
org.apache.pdfbox.pdmodel.interactive.action.PDURIDictionary.PDURIDictionary(),4,1,0,3,0
org.apache.pdfbox.pdmodel.interactive.action.PDURIDictionary.PDURIDictionary(COSDictionary),4,1,2,2,0
org.apache.pdfbox.pdmodel.interactive.action.PDURIDictionary.getCOSObject(),4,1,3,1,0
org.apache.pdfbox.pdmodel.interactive.action.PDURIDictionary.getBase(),4,1,0,3,0
org.apache.pdfbox.pdmodel.interactive.action.PDURIDictionary.setBase(String),4,1,1,2,0
org.apache.pdfbox.preflight.action.pdfa1b.TestHideAction.createHideAction(),9,1,8,6,0
org.apache.pdfbox.preflight.action.pdfa1b.TestHideAction.testHideAction(),5,1,0,2,0
org.apache.pdfbox.preflight.action.pdfa1b.TestHideAction.testHideAction_InvalideH(),6,1,2,3,0
org.apache.pdfbox.preflight.action.pdfa1b.TestHideAction.testHideAction_InvalideT(),6,1,2,3,0
org.apache.pdfbox.preflight.action.pdfa1b.TestHideAction.testHideAction_MissingT(),6,1,2,3,0
"org.apache.pdfbox.contentstream.operator.color.SetStrokingDeviceRGBColor.process(Operator, List<COSBase>)",6,1,4,5,0
org.apache.pdfbox.contentstream.operator.color.SetStrokingDeviceRGBColor.getName(),4,1,0,1,0
org.apache.pdfbox.examples.signature.ShowSignature.ShowSignature(),3,1,1,1,0
org.apache.pdfbox.examples.signature.ShowSignature.main(String[]),5,1,1,2,0
org.apache.pdfbox.examples.signature.ShowSignature.showSignature(String[]),83,10,15,22,1
org.apache.pdfbox.examples.signature.ShowSignature.usage(),5,1,2,2,0
"org.apache.pdfbox.debugger.streampane.StreamTextView.StreamTextView(StyledDocument, ToolTipController)",5,1,3,3,0
org.apache.pdfbox.debugger.streampane.StreamTextView.initUI(StyledDocument),15,1,7,16,0
org.apache.pdfbox.debugger.streampane.StreamTextView.getView(),4,1,2,1,0
org.apache.pdfbox.debugger.streampane.StreamTextView.mouseDragged(MouseEvent),3,1,0,0,0
org.apache.pdfbox.debugger.streampane.StreamTextView.mouseMoved(MouseEvent),8,2,3,4,0
org.apache.pdfbox.debugger.streampane.StreamTextView.ancestorAdded(AncestorEvent),9,2,3,6,0
org.apache.pdfbox.debugger.streampane.StreamTextView.ancestorRemoved(AncestorEvent),9,2,3,6,0
org.apache.pdfbox.debugger.streampane.StreamTextView.ancestorMoved(AncestorEvent),3,1,0,0,0
"org.apache.pdfbox.contentstream.operator.graphics.FillEvenOddAndStrokePath.process(Operator, List<COSBase>)",4,1,2,1,0
org.apache.pdfbox.contentstream.operator.graphics.FillEvenOddAndStrokePath.getName(),4,1,0,1,0
org.apache.pdfbox.pdmodel.common.TestPDNameTreeNode.setUp(),46,4,5,14,0
org.apache.pdfbox.pdmodel.common.TestPDNameTreeNode.testUpperLimit(),8,1,5,2,0
org.apache.pdfbox.pdmodel.common.TestPDNameTreeNode.testLowerLimit(),8,1,5,2,0
org.apache.pdfbox.filter.PredictorTest.testGetBitSeq(),23,1,0,3,0
org.apache.pdfbox.filter.PredictorTest.testCalcSetBitSeq(),25,1,0,3,0
"org.apache.pdfbox.preflight.annotation.LineAnnotationValidator.LineAnnotationValidator(PreflightContext, COSDictionary)",6,1,3,5,0
org.apache.pdfbox.preflight.annotation.LineAnnotationValidator.validate(),6,1,0,3,0
org.apache.pdfbox.preflight.annotation.LineAnnotationValidator.checkIColors(),10,2,4,5,0
org.apache.pdfbox.preflight.annotation.LineAnnotationValidator.checkSpecificMandatoryFields(),4,1,2,2,0
org.apache.pdfbox.pdmodel.interactive.action.PDActionSubmitForm.PDActionSubmitForm(),4,1,1,2,0
org.apache.pdfbox.pdmodel.interactive.action.PDActionSubmitForm.PDActionSubmitForm(COSDictionary),4,1,2,2,0
org.apache.pdfbox.pdmodel.interactive.action.PDActionSubmitForm.getFile(),4,1,2,3,0
org.apache.pdfbox.pdmodel.interactive.action.PDActionSubmitForm.setFile(PDFileSpecification),4,1,3,1,0
org.apache.pdfbox.pdmodel.interactive.action.PDActionSubmitForm.getFields(),5,2,2,2,0
org.apache.pdfbox.pdmodel.interactive.action.PDActionSubmitForm.setFields(COSArray),4,1,3,1,0
org.apache.pdfbox.pdmodel.interactive.action.PDActionSubmitForm.getFlags(),4,1,2,2,0
org.apache.pdfbox.pdmodel.interactive.action.PDActionSubmitForm.setFlags(int),4,1,3,1,0
org.apache.pdfbox.pdmodel.common.function.type4.Parser.Parser(),3,1,0,1,0
"org.apache.pdfbox.pdmodel.common.function.type4.Parser.parse(CharSequence, SyntaxHandler)",5,1,3,2,0
org.apache.fontbox.encoding.MacRomanEncoding.MacRomanEncoding(),7,2,3,3,1
org.apache.pdfbox.pdmodel.graphics.image.JPEGFactory.JPEGFactory(),3,1,0,1,0
"org.apache.pdfbox.pdmodel.graphics.image.JPEGFactory.createFromStream(PDDocument, InputStream)",16,2,7,13,0
org.apache.pdfbox.pdmodel.graphics.image.JPEGFactory.readJPEG(InputStream),34,5,2,12,1
"org.apache.pdfbox.pdmodel.graphics.image.JPEGFactory.createFromImage(PDDocument, BufferedImage)",5,1,6,2,0
"org.apache.pdfbox.pdmodel.graphics.image.JPEGFactory.createFromImage(PDDocument, BufferedImage, float)",5,1,5,2,0
"org.apache.pdfbox.pdmodel.graphics.image.JPEGFactory.createFromImage(PDDocument, BufferedImage, float, int)",5,1,5,2,0
org.apache.pdfbox.pdmodel.graphics.image.JPEGFactory.getAlphaImage(BufferedImage),21,4,4,10,0
"org.apache.pdfbox.pdmodel.graphics.image.JPEGFactory.createJPEG(PDDocument, BufferedImage, float, int)",19,2,7,16,0
"org.apache.pdfbox.pdmodel.graphics.image.JPEGFactory.encodeImageToJPEGStream(BufferedImage, float, int, OutputStream)",35,3,6,19,0
org.apache.pdfbox.pdmodel.graphics.image.JPEGFactory.getColorSpaceFromAWT(BufferedImage),24,6,9,7,0
org.apache.pdfbox.pdmodel.graphics.image.JPEGFactory.getColorImage(BufferedImage),16,3,4,11,0
org.apache.fontbox.cmap.TestCMapParser.testLookup(),26,1,0,9,0
org.apache.fontbox.cmap.TestCMapParser.toInt(byte[]),10,2,2,1,1
org.apache.fontbox.cmap.TestCMapParser.testParserWithPoorWhitespace(),7,1,0,6,0
org.apache.pdfbox.encryption.TestSymmetricKeyEncryption.setUp(),18,2,3,14,0
org.apache.pdfbox.encryption.TestSymmetricKeyEncryption.testPermissions(),47,4,3,12,0
"org.apache.pdfbox.encryption.TestSymmetricKeyEncryption.checkPerms(byte[], String, AccessPermission)",20,1,4,17,0
org.apache.pdfbox.encryption.TestSymmetricKeyEncryption.testProtection(),11,1,4,2,0
org.apache.pdfbox.encryption.TestSymmetricKeyEncryption.testProtectionInnerAttachment(),14,1,3,4,0
"org.apache.pdfbox.encryption.TestSymmetricKeyEncryption.testSymmEncrForKeySize(int, int, byte[], String, String, AccessPermission)",39,3,8,20,2
"org.apache.pdfbox.encryption.TestSymmetricKeyEncryption.encrypt(int, int, PDDocument, String, AccessPermission, String, String)",28,1,10,19,0
"org.apache.pdfbox.encryption.TestSymmetricKeyEncryption.extractEmbeddedFile(InputStream, String)",23,1,6,24,0
"org.apache.pdfbox.encryption.TestSymmetricKeyEncryption.testSymmEncrForKeySizeInner(int, int, byte[], File, String, String)",18,1,9,13,0
org.apache.pdfbox.encryption.TestSymmetricKeyEncryption.getStreamAsByteArray(InputStream),7,1,3,5,0
org.apache.pdfbox.encryption.TestSymmetricKeyEncryption.getFileResourceAsByteArray(String),4,1,4,3,0
org.apache.pdfbox.encryption.TestSymmetricKeyEncryption.getFileAsByteArray(File),4,1,2,3,0
org.apache.pdfbox.examples.pdmodel.HelloWorld.HelloWorld(),3,1,0,1,0
org.apache.pdfbox.examples.pdmodel.HelloWorld.main(String[]),29,2,4,15,0
org.apache.pdfbox.pdmodel.interactive.annotation.PDAnnotationTest.createDefaultWidgetAnnotation(),6,1,4,5,0
org.apache.pdfbox.pdmodel.interactive.annotation.PDAnnotationTest.createWidgetAnnotationFromField(),9,1,4,9,0
"org.apache.pdfbox.contentstream.operator.text.ShowText.process(Operator, List<COSBase>)",18,4,2,5,0
org.apache.pdfbox.contentstream.operator.text.ShowText.getName(),4,1,0,1,0
"org.apache.pdfbox.contentstream.operator.color.SetStrokingDeviceGrayColor.process(Operator, List<COSBase>)",6,1,4,5,0
org.apache.pdfbox.contentstream.operator.color.SetStrokingDeviceGrayColor.getName(),4,1,0,1,0
org.apache.pdfbox.pdmodel.graphics.image.JPEGFactoryTest.setUp(),5,1,1,2,0
org.apache.pdfbox.pdmodel.graphics.image.JPEGFactoryTest.testCreateFromStream(),9,1,2,7,0
org.apache.pdfbox.pdmodel.graphics.image.JPEGFactoryTest.testCreateFromStream256(),9,1,2,7,0
org.apache.pdfbox.pdmodel.graphics.image.JPEGFactoryTest.testCreateFromImageRGB(),9,1,2,10,0
org.apache.pdfbox.pdmodel.graphics.image.JPEGFactoryTest.testCreateFromImage256(),9,1,2,10,0
org.apache.pdfbox.pdmodel.graphics.image.JPEGFactoryTest.testCreateFromImageINT_ARGB(),31,4,4,23,2
org.apache.pdfbox.pdmodel.graphics.image.JPEGFactoryTest.testCreateFromImage4BYTE_ABGR(),31,4,4,23,2
"org.apache.pdfbox.pdmodel.graphics.image.JPEGFactoryTest.checkJpegStream(File, String, InputStream)",16,1,6,15,0
"org.apache.pdfbox.preflight.font.TrueTypeFontValidator.TrueTypeFontValidator(PreflightContext, PDTrueTypeFont)",4,1,3,4,0
org.apache.pdfbox.preflight.font.TrueTypeFontValidator.createFontDescriptorHelper(),4,1,3,2,0
org.apache.pdfbox.preflight.font.TrueTypeFontValidator.checkEncoding(),22,5,5,8,0
org.apache.pdfbox.preflight.TestValidDirectory.TestValidDirectory(File),4,1,1,2,0
org.apache.pdfbox.preflight.TestValidDirectory.validate(),26,3,3,10,0
org.apache.pdfbox.preflight.TestValidDirectory.initializeParameters(),38,8,2,13,1
org.apache.pdfbox.examples.rendering.CustomGraphicsStreamEngine.main(String[]),10,1,0,6,0
org.apache.pdfbox.examples.rendering.CustomGraphicsStreamEngine.CustomGraphicsStreamEngine(PDPage),4,1,2,2,0
org.apache.pdfbox.examples.rendering.CustomGraphicsStreamEngine.run(),8,2,1,4,1
"org.apache.pdfbox.examples.rendering.CustomGraphicsStreamEngine.appendRectangle(Point2D, Point2D, Point2D, Point2D)",6,1,5,3,0
org.apache.pdfbox.examples.rendering.CustomGraphicsStreamEngine.drawImage(PDImage),4,1,1,1,0
org.apache.pdfbox.examples.rendering.CustomGraphicsStreamEngine.clip(int),4,1,1,1,0
"org.apache.pdfbox.examples.rendering.CustomGraphicsStreamEngine.moveTo(float, float)",4,1,3,1,0
"org.apache.pdfbox.examples.rendering.CustomGraphicsStreamEngine.lineTo(float, float)",4,1,3,1,0
"org.apache.pdfbox.examples.rendering.CustomGraphicsStreamEngine.curveTo(float, float, float, float, float, float)",4,1,7,1,0
org.apache.pdfbox.examples.rendering.CustomGraphicsStreamEngine.getCurrentPoint(),4,1,0,1,0
org.apache.pdfbox.examples.rendering.CustomGraphicsStreamEngine.closePath(),4,1,1,1,0
org.apache.pdfbox.examples.rendering.CustomGraphicsStreamEngine.endPath(),4,1,1,1,0
org.apache.pdfbox.examples.rendering.CustomGraphicsStreamEngine.strokePath(),4,1,1,1,0
org.apache.pdfbox.examples.rendering.CustomGraphicsStreamEngine.fillPath(int),4,1,1,1,0
org.apache.pdfbox.examples.rendering.CustomGraphicsStreamEngine.fillAndStrokePath(int),4,1,1,1,0
org.apache.pdfbox.examples.rendering.CustomGraphicsStreamEngine.shadingFill(COSName),4,1,2,2,0
org.apache.pdfbox.examples.rendering.CustomGraphicsStreamEngine.showTextString(byte[]),6,1,2,3,0
org.apache.pdfbox.examples.rendering.CustomGraphicsStreamEngine.showTextStrings(COSArray),6,1,2,3,0
"org.apache.pdfbox.examples.rendering.CustomGraphicsStreamEngine.showGlyph(Matrix, PDFont, int, String, Vector)",6,1,6,2,0
"org.apache.pdfbox.contentstream.operator.text.SetFontAndSize.process(Operator, List<COSBase>)",22,4,3,10,0
org.apache.pdfbox.contentstream.operator.text.SetFontAndSize.getName(),4,1,0,1,0
"org.apache.pdfbox.contentstream.operator.text.ShowTextAdjusted.process(Operator, List<COSBase>)",18,4,2,4,0
org.apache.pdfbox.contentstream.operator.text.ShowTextAdjusted.getName(),4,1,0,1,0
"org.apache.pdfbox.contentstream.operator.text.MoveTextSetLeading.process(Operator, List<COSBase>)",17,3,3,8,0
org.apache.pdfbox.contentstream.operator.text.MoveTextSetLeading.getName(),4,1,0,1,0
"org.apache.pdfbox.contentstream.operator.text.SetTextLeading.process(Operator, List<COSBase>)",5,1,2,5,0
org.apache.pdfbox.contentstream.operator.text.SetTextLeading.getName(),4,1,0,1,0
"org.apache.pdfbox.contentstream.operator.text.SetTextRise.process(Operator, List<COSBase>)",14,3,2,6,0
org.apache.pdfbox.contentstream.operator.text.SetTextRise.getName(),4,1,0,1,0
org.apache.pdfbox.multipdf.TestLayerUtility.setUp(),5,1,1,2,0
org.apache.pdfbox.multipdf.TestLayerUtility.testLayerImport(),41,1,1,23,0
org.apache.pdfbox.multipdf.TestLayerUtility.createMainPDF(),49,3,5,18,1
org.apache.pdfbox.multipdf.TestLayerUtility.createOverlay1(),40,2,5,26,0
"org.apache.pdfbox.contentstream.operator.graphics.StrokePath.process(Operator, List<COSBase>)",4,1,1,1,0
org.apache.pdfbox.contentstream.operator.graphics.StrokePath.getName(),4,1,0,1,0
"org.apache.pdfbox.contentstream.operator.state.SetLineCapStyle.process(Operator, List<COSBase>)",9,2,3,6,0
org.apache.pdfbox.contentstream.operator.state.SetLineCapStyle.getName(),4,1,0,1,0
"org.apache.pdfbox.contentstream.operator.state.SetLineMiterLimit.process(Operator, List<COSBase>)",9,2,3,6,0
org.apache.pdfbox.contentstream.operator.state.SetLineMiterLimit.getName(),4,1,0,1,0
org.apache.pdfbox.examples.pdmodel.AddMessageToEachPage.AddMessageToEachPage(),4,1,1,1,0
"org.apache.pdfbox.examples.pdmodel.AddMessageToEachPage.doIt(String, String, String)",44,8,7,20,1
org.apache.pdfbox.examples.pdmodel.AddMessageToEachPage.main(String[]),12,2,2,3,0
org.apache.pdfbox.examples.pdmodel.AddMessageToEachPage.usage(),4,1,2,3,0
org.apache.xmpbox.type.TestAbstractStructuredType.before(),5,1,2,3,0
org.apache.xmpbox.type.TestAbstractStructuredType.validate(),6,1,3,3,0
org.apache.xmpbox.type.TestAbstractStructuredType.testNonExistingProperty(),4,1,1,2,0
org.apache.xmpbox.type.TestAbstractStructuredType.testNotValuatedPropertyProperty(),4,1,2,2,0
org.apache.xmpbox.type.TestAbstractStructuredType.testValuatedTextProperty(),8,1,3,6,0
org.apache.xmpbox.type.TestAbstractStructuredType.testValuatedDateProperty(),8,1,3,7,0
org.apache.pdfbox.pdmodel.interactive.action.PDActionRemoteGoTo.PDActionRemoteGoTo(),5,1,5,4,0
org.apache.pdfbox.pdmodel.interactive.action.PDActionRemoteGoTo.PDActionRemoteGoTo(COSDictionary),4,1,2,2,0
org.apache.pdfbox.pdmodel.interactive.action.PDActionRemoteGoTo.getS(),4,1,2,2,0
org.apache.pdfbox.pdmodel.interactive.action.PDActionRemoteGoTo.setS(String),4,1,3,1,0
org.apache.pdfbox.pdmodel.interactive.action.PDActionRemoteGoTo.getFile(),4,1,2,3,0
org.apache.pdfbox.pdmodel.interactive.action.PDActionRemoteGoTo.setFile(PDFileSpecification),4,1,6,1,0
org.apache.pdfbox.pdmodel.interactive.action.PDActionRemoteGoTo.getD(),4,1,2,2,0
org.apache.pdfbox.pdmodel.interactive.action.PDActionRemoteGoTo.setD(COSBase),4,1,6,1,0
org.apache.pdfbox.pdmodel.interactive.action.PDActionRemoteGoTo.shouldOpenInNewWindow(),4,1,1,2,0
org.apache.pdfbox.pdmodel.interactive.action.PDActionRemoteGoTo.setOpenInNewWindow(boolean),4,1,2,1,0
"org.apache.pdfbox.multipdf.Overlay.overlay(Map<Integer, String>)",13,2,5,9,1
org.apache.pdfbox.multipdf.Overlay.close(),36,9,9,4,1
org.apache.pdfbox.multipdf.Overlay.loadPDFs(),57,14,15,19,0
org.apache.pdfbox.multipdf.Overlay.loadPDF(String),4,1,3,3,0
org.apache.pdfbox.multipdf.Overlay.getLayoutPage(PDDocument),12,2,4,10,0
org.apache.pdfbox.multipdf.Overlay.getLayoutPages(PDDocument),18,3,3,13,1
org.apache.pdfbox.multipdf.Overlay.createContentStream(COSBase),19,3,4,9,2
org.apache.pdfbox.multipdf.Overlay.createContentStreamList(COSBase),24,5,2,8,1
org.apache.pdfbox.multipdf.Overlay.processPages(PDDocument),27,4,6,11,1
"org.apache.pdfbox.multipdf.Overlay.addOriginalContent(COSBase, COSArray)",15,3,3,5,0
"org.apache.pdfbox.multipdf.Overlay.overlayPage(COSArray, PDPage, int, int)",46,10,14,8,0
"org.apache.pdfbox.multipdf.Overlay.createOverlayXObject(PDPage, LayoutPage, COSStream)",10,1,6,11,0
"org.apache.pdfbox.multipdf.Overlay.createOverlayStream(PDPage, LayoutPage, COSName)",16,1,5,10,0
org.apache.pdfbox.multipdf.Overlay.float2String(float),13,3,2,8,1
org.apache.pdfbox.multipdf.Overlay.createStream(String),8,1,4,6,0
org.apache.pdfbox.multipdf.Overlay.setOverlayPosition(Position),4,1,2,1,0
org.apache.pdfbox.multipdf.Overlay.setInputFile(String),4,1,2,1,0
org.apache.pdfbox.multipdf.Overlay.setInputPDF(PDDocument),4,1,1,1,0
org.apache.pdfbox.multipdf.Overlay.getInputFile(),4,1,2,1,0
org.apache.pdfbox.multipdf.Overlay.setDefaultOverlayFile(String),4,1,2,1,0
org.apache.pdfbox.multipdf.Overlay.setDefaultOverlayPDF(PDDocument),4,1,1,1,0
org.apache.pdfbox.multipdf.Overlay.getDefaultOverlayFile(),4,1,2,1,0
org.apache.pdfbox.multipdf.Overlay.setFirstPageOverlayFile(String),4,1,2,1,0
org.apache.pdfbox.multipdf.Overlay.setFirstPageOverlayPDF(PDDocument),4,1,1,1,0
org.apache.pdfbox.multipdf.Overlay.setLastPageOverlayFile(String),4,1,2,1,0
org.apache.pdfbox.multipdf.Overlay.setLastPageOverlayPDF(PDDocument),4,1,1,1,0
org.apache.pdfbox.multipdf.Overlay.setAllPagesOverlayFile(String),4,1,2,1,0
org.apache.pdfbox.multipdf.Overlay.setAllPagesOverlayPDF(PDDocument),4,1,1,1,0
org.apache.pdfbox.multipdf.Overlay.setOddPageOverlayFile(String),4,1,2,1,0
org.apache.pdfbox.multipdf.Overlay.setOddPageOverlayPDF(PDDocument),4,1,1,1,0
org.apache.pdfbox.multipdf.Overlay.setEvenPageOverlayFile(String),4,1,2,1,0
org.apache.pdfbox.multipdf.Overlay.setEvenPageOverlayPDF(PDDocument),4,1,1,1,0
org.apache.pdfbox.examples.pdmodel.SuperimposePage.SuperimposePage(),3,1,0,1,0
org.apache.pdfbox.examples.pdmodel.SuperimposePage.main(String[]),49,3,6,26,0
org.apache.pdfbox.cos.PDFDocEncoding.PDFDocEncoding(),3,1,0,1,0
"org.apache.pdfbox.cos.PDFDocEncoding.set(int, char)",5,1,3,2,0
org.apache.pdfbox.cos.PDFDocEncoding.toString(byte[]),16,3,4,4,1
org.apache.pdfbox.cos.PDFDocEncoding.getBytes(String),17,3,3,7,1
org.apache.pdfbox.cos.PDFDocEncoding.containsChar(char),4,1,3,2,0
"org.apache.pdfbox.filter.ccitt.TIFFFaxDecoder.TIFFFaxDecoder(int, int, int)",10,1,4,8,0
"org.apache.pdfbox.filter.ccitt.TIFFFaxDecoder.decode1D(byte[], byte[], int, int)",13,2,5,4,1
"org.apache.pdfbox.filter.ccitt.TIFFFaxDecoder.decodeNextScanline(byte[], int, int)",125,17,13,8,3
"org.apache.pdfbox.filter.ccitt.TIFFFaxDecoder.decode2D(byte[], byte[], int, int, long)",109,11,10,20,2
"org.apache.pdfbox.filter.ccitt.TIFFFaxDecoder.decodeT6(byte[], byte[], int, int, long, boolean)",171,23,14,16,4
"org.apache.pdfbox.filter.ccitt.TIFFFaxDecoder.setToBlack(byte[], int, int, int)",31,5,7,1,3
org.apache.pdfbox.filter.ccitt.TIFFFaxDecoder.decodeWhiteCodeWord(),42,6,4,5,1
org.apache.pdfbox.filter.ccitt.TIFFFaxDecoder.decodeBlackCodeWord(),62,7,6,5,1
org.apache.pdfbox.filter.ccitt.TIFFFaxDecoder.readEOL(),43,10,4,4,1
"org.apache.pdfbox.filter.ccitt.TIFFFaxDecoder.getNextChangingElement(int, boolean, int[])",29,6,7,2,1
org.apache.pdfbox.filter.ccitt.TIFFFaxDecoder.nextNBits(int),82,10,13,4,0
org.apache.pdfbox.filter.ccitt.TIFFFaxDecoder.nextLesserThan8Bits(int),57,7,15,4,0
org.apache.pdfbox.filter.ccitt.TIFFFaxDecoder.updatePointer(int),13,2,7,2,0
org.apache.pdfbox.filter.ccitt.TIFFFaxDecoder.advancePointer(),9,2,2,3,0
org.apache.pdfbox.contentstream.operator.color.SetStrokingColorN.getName(),4,1,0,1,0
"org.apache.pdfbox.contentstream.operator.state.SetLineWidth.process(Operator, List<COSBase>)",9,2,3,6,0
org.apache.pdfbox.contentstream.operator.state.SetLineWidth.getName(),4,1,0,1,0
"org.apache.pdfbox.contentstream.operator.color.SetNonStrokingDeviceCMYKColor.process(Operator, List<COSBase>)",6,1,4,5,0
org.apache.pdfbox.contentstream.operator.color.SetNonStrokingDeviceCMYKColor.getName(),4,1,0,1,0
"org.apache.pdfbox.contentstream.operator.color.SetNonStrokingColorSpace.process(Operator, List<COSBase>)",7,1,2,7,0
org.apache.pdfbox.contentstream.operator.color.SetNonStrokingColorSpace.getName(),4,1,0,1,0
"org.apache.pdfbox.contentstream.operator.color.SetNonStrokingDeviceGrayColor.process(Operator, List<COSBase>)",6,1,4,5,0
org.apache.pdfbox.contentstream.operator.color.SetNonStrokingDeviceGrayColor.getName(),4,1,0,1,0
"org.apache.pdfbox.contentstream.operator.color.SetStrokingColorSpace.process(Operator, List<COSBase>)",7,1,2,7,0
org.apache.pdfbox.contentstream.operator.color.SetStrokingColorSpace.getName(),4,1,0,1,0
org.apache.pdfbox.examples.util.PrintTextColors.PrintTextColors(),15,1,1,2,0
org.apache.pdfbox.examples.util.PrintTextColors.main(String[]),28,3,2,12,0
org.apache.pdfbox.examples.util.PrintTextColors.processTextPosition(TextPosition),14,1,2,9,0
org.apache.pdfbox.examples.util.PrintTextColors.usage(),4,1,2,2,0
org.apache.pdfbox.preflight.action.pdfa1b.TestSubmitAction.createSubmitAction(),23,1,5,5,0
org.apache.pdfbox.preflight.action.pdfa1b.TestSubmitAction.test(),5,1,0,2,0
org.apache.pdfbox.preflight.action.pdfa1b.TestSubmitAction.testMissngF(),6,1,2,3,0
org.apache.xmpbox.XMPMetaDataTest.init(),21,1,3,15,0
org.apache.xmpbox.XMPMetaDataTest.testAddingSchem(),6,1,3,3,0
org.apache.xmpbox.XMPMetaDataTest.testTransformerExceptionMessage(),4,1,0,1,0
org.apache.xmpbox.XMPMetaDataTest.testTransformerExceptionWithCause(),4,1,0,2,0
org.apache.xmpbox.XMPMetaDataTest.testInitMetaDataWithInfo(),9,1,1,7,0
org.apache.xmpbox.XMPMetaDataTest.testPDFBOX3257(),58,1,0,14,0
org.apache.pdfbox.tools.ExportFDF.ExportFDF(),3,1,1,1,0
org.apache.pdfbox.tools.ExportFDF.main(String[]),6,1,1,3,0
org.apache.pdfbox.tools.ExportFDF.exportFDF(String[]),43,5,4,12,0
org.apache.pdfbox.tools.ExportFDF.usage(),8,1,2,2,0
org.apache.pdfbox.tools.ExportFDF.close(FDFDocument),7,2,2,1,0
org.apache.pdfbox.tools.ExportFDF.close(PDDocument),7,2,2,1,0
org.apache.pdfbox.examples.pdmodel.CreateGradientShadingPDF.create(String),67,2,11,27,0
org.apache.pdfbox.examples.pdmodel.CreateGradientShadingPDF.main(String[]),12,2,2,2,0
org.apache.pdfbox.examples.pdmodel.CreateGradientShadingPDF.usage(),4,1,2,2,0
"org.apache.pdfbox.preflight.action.NamedAction.NamedAction(ActionManagerFactory, COSDictionary, PreflightContext, String)",4,1,5,2,0
org.apache.pdfbox.preflight.action.NamedAction.innerValid(),19,3,9,5,0
org.apache.pdfbox.printing.Scaling.values(),0,1,0,1,0
org.apache.pdfbox.printing.Scaling.valueOf(),0,1,0,1,0
"org.apache.pdfbox.filter.ccitt.AbstractCCITTFaxTestCase.dumpBitmap(byte[], int)",21,5,7,2,2
org.apache.pdfbox.filter.ccitt.AbstractCCITTFaxTestCase.toBitString(byte[]),4,1,3,2,0
org.apache.pdfbox.cos.TestCOSString.suite(),4,1,0,1,0
org.apache.pdfbox.cos.TestCOSString.setUp(),4,1,0,2,0
org.apache.pdfbox.cos.TestCOSString.main(String[]),5,1,0,2,0
org.apache.pdfbox.cos.TestCOSString.testSetForceHexLiteralForm(),12,1,2,4,0
"org.apache.pdfbox.cos.TestCOSString.writePDFTests(String, COSString)",13,2,6,6,0
org.apache.pdfbox.cos.TestCOSString.testFromHex(),24,3,3,5,0
org.apache.pdfbox.cos.TestCOSString.createHex(String),9,2,6,7,1
org.apache.pdfbox.cos.TestCOSString.testGetHex(),9,1,1,4,0
org.apache.pdfbox.cos.TestCOSString.testGetString(),20,2,2,7,0
org.apache.pdfbox.cos.TestCOSString.testGetBytes(),5,1,1,4,0
org.apache.pdfbox.cos.TestCOSString.testWritePDF(),8,1,2,2,0
org.apache.pdfbox.cos.TestCOSString.testUnicode(),38,3,0,17,2
org.apache.pdfbox.cos.TestCOSString.testAccept(),12,1,2,9,0
org.apache.pdfbox.cos.TestCOSString.testEquals(),26,2,0,5,1
org.apache.pdfbox.cos.TestCOSString.testHashCode(),10,1,0,5,0
org.apache.pdfbox.cos.TestCOSString.testCompareFromHexString(),12,1,0,9,0
org.apache.pdfbox.examples.pdmodel.ExtractTTFFonts.ExtractTTFFonts(),3,1,1,1,0
org.apache.pdfbox.examples.pdmodel.ExtractTTFFonts.main(String[]),5,1,1,2,0
org.apache.pdfbox.examples.pdmodel.ExtractTTFFonts.extractFonts(String[]),74,13,6,10,2
"org.apache.pdfbox.examples.pdmodel.ExtractTTFFonts.processResources(PDResources, String, boolean)",51,10,4,10,2
"org.apache.pdfbox.examples.pdmodel.ExtractTTFFonts.writeFont(PDFontDescriptor, String)",24,4,4,7,0
"org.apache.pdfbox.examples.pdmodel.ExtractTTFFonts.getUniqueFileName(String, String)",12,2,4,4,1
org.apache.pdfbox.examples.pdmodel.ExtractTTFFonts.usage(),9,1,2,3,0
org.apache.pdfbox.examples.pdmodel.HelloWorldTTF.HelloWorldTTF(),3,1,0,1,0
org.apache.pdfbox.examples.pdmodel.HelloWorldTTF.main(String[]),32,2,4,17,0
"org.apache.pdfbox.contentstream.operator.graphics.CloseFillNonZeroAndStrokePath.process(Operator, List<COSBase>)",5,1,2,1,0
org.apache.pdfbox.contentstream.operator.graphics.CloseFillNonZeroAndStrokePath.getName(),4,1,0,1,0
org.apache.pdfbox.contentstream.operator.graphics.LegacyFillNonZeroRule.getName(),4,1,0,1,0
"org.apache.pdfbox.contentstream.operator.state.SetRenderingIntent.process(Operator, List<COSBase>)",9,2,3,7,0
org.apache.pdfbox.contentstream.operator.state.SetRenderingIntent.getName(),4,1,0,1,0
"org.apache.pdfbox.preflight.annotation.TextAnnotationValidator.TextAnnotationValidator(PreflightContext, COSDictionary)",6,1,3,5,0
org.apache.pdfbox.preflight.annotation.TextAnnotationValidator.checkFlags(),11,2,3,6,0
org.apache.pdfbox.pdmodel.TestFDF.TestFDF(String),4,1,1,1,0
org.apache.pdfbox.pdmodel.TestFDF.suite(),4,1,0,1,0
org.apache.pdfbox.pdmodel.TestFDF.main(String[]),5,1,0,2,0
org.apache.pdfbox.pdmodel.TestFDF.testFDFfdeb(),33,3,1,9,0
org.apache.pdfbox.pdmodel.TestFDF.testFDFPDFWithLotsOfFields(),60,3,1,12,0
org.apache.pdfbox.pdmodel.TestFDF.testFDFFreedomExpressions(),36,4,3,16,0
"org.apache.pdfbox.pdmodel.TestFDF.testContentStreamContains(PDDocument, PDAnnotationWidget, String)",7,1,4,7,0
"org.apache.pdfbox.pdmodel.TestFDF.testContentStreams(PDDocument, PDTerminalField, String)",15,2,5,9,1
"org.apache.pdfbox.pdmodel.TestFDF.getStreamTokens(PDDocument, String)",12,2,2,5,0
"org.apache.pdfbox.pdmodel.TestFDF.getStreamTokens(PDDocument, PDContentStream)",12,2,3,4,0
org.apache.pdfbox.util.TestMatrix.TestMatrix(String),4,1,1,1,0
org.apache.pdfbox.util.TestMatrix.testConstructionAndCopy(),8,1,0,4,0
org.apache.pdfbox.util.TestMatrix.testMultiplication(),61,3,0,8,2
org.apache.pdfbox.util.TestMatrix.assertMatrixIsPristine(Matrix),6,1,2,1,0
"org.apache.pdfbox.util.TestMatrix.assertMatrixValuesEqualTo(float[], Matrix)",13,2,5,7,1
org.apache.pdfbox.util.TestMatrix.suite(),4,1,0,1,0
org.apache.pdfbox.util.TestMatrix.main(String[]),5,1,0,2,0
org.apache.pdfbox.pdmodel.interactive.action.PDPageAdditionalActions.PDPageAdditionalActions(),4,1,0,3,0
org.apache.pdfbox.pdmodel.interactive.action.PDPageAdditionalActions.PDPageAdditionalActions(COSDictionary),4,1,2,2,0
org.apache.pdfbox.pdmodel.interactive.action.PDPageAdditionalActions.getCOSObject(),4,1,1,1,0
org.apache.pdfbox.pdmodel.interactive.action.PDPageAdditionalActions.getO(),10,2,2,3,0
org.apache.pdfbox.pdmodel.interactive.action.PDPageAdditionalActions.setO(PDAction),4,1,3,1,0
org.apache.pdfbox.pdmodel.interactive.action.PDPageAdditionalActions.getC(),10,2,1,3,0
org.apache.pdfbox.pdmodel.interactive.action.PDPageAdditionalActions.setC(PDAction),4,1,2,1,0
org.apache.pdfbox.pdmodel.interactive.documentnavigation.outline.PDOutlineItemTest.setUp(),11,1,4,6,0
org.apache.pdfbox.pdmodel.interactive.documentnavigation.outline.PDOutlineItemTest.insertSiblingAfter_OpenChildToOpenParent(),10,1,4,6,0
org.apache.pdfbox.pdmodel.interactive.documentnavigation.outline.PDOutlineItemTest.insertSiblingBefore_OpenChildToOpenParent(),10,1,4,6,0
org.apache.pdfbox.pdmodel.interactive.documentnavigation.outline.PDOutlineItemTest.insertSiblingAfter_OpenChildToClosedParent(),9,1,4,6,0
org.apache.pdfbox.pdmodel.interactive.documentnavigation.outline.PDOutlineItemTest.insertSiblingBefore_OpenChildToClosedParent(),9,1,4,6,0
org.apache.pdfbox.pdmodel.interactive.documentnavigation.outline.PDOutlineItemTest.insertSiblingAfter_ClosedChildToOpenParent(),9,1,4,6,0
org.apache.pdfbox.pdmodel.interactive.documentnavigation.outline.PDOutlineItemTest.insertSiblingBefore_ClosedChildToOpenParent(),9,1,4,6,0
org.apache.pdfbox.pdmodel.interactive.documentnavigation.outline.PDOutlineItemTest.insertSiblingAfter_ClosedChildToClosedParent(),8,1,4,5,0
org.apache.pdfbox.pdmodel.interactive.documentnavigation.outline.PDOutlineItemTest.insertSiblingBefore_ClosedChildToClosedParent(),8,1,4,5,0
org.apache.pdfbox.pdmodel.interactive.documentnavigation.outline.PDOutlineItemTest.insertSiblingTop(),8,1,2,5,0
org.apache.pdfbox.pdmodel.interactive.documentnavigation.outline.PDOutlineItemTest.insertSiblingTopNoParent(),7,1,2,5,0
org.apache.pdfbox.pdmodel.interactive.documentnavigation.outline.PDOutlineItemTest.insertSiblingBottom(),8,1,2,5,0
org.apache.pdfbox.pdmodel.interactive.documentnavigation.outline.PDOutlineItemTest.insertSiblingBottomNoParent(),7,1,2,5,0
org.apache.pdfbox.pdmodel.interactive.documentnavigation.outline.PDOutlineItemTest.cannotInsertSiblingBeforeAList(),7,1,1,3,0
org.apache.pdfbox.pdmodel.interactive.documentnavigation.outline.PDOutlineItemTest.cannotInsertSiblingAfterAList(),7,1,1,2,0
org.apache.pdfbox.tools.ImportXFDF.ImportXFDF(),3,1,1,1,0
"org.apache.pdfbox.tools.ImportXFDF.importFDF(PDDocument, FDFDocument)",7,1,2,4,0
org.apache.pdfbox.tools.ImportXFDF.main(String[]),6,1,1,3,0
org.apache.pdfbox.tools.ImportXFDF.importXFDF(String[]),25,2,3,9,0
org.apache.pdfbox.tools.ImportXFDF.usage(),5,1,2,2,0
org.apache.pdfbox.tools.ImportXFDF.close(FDFDocument),7,2,2,1,0
org.apache.pdfbox.tools.ImportXFDF.close(PDDocument),7,2,2,1,0
org.apache.pdfbox.preflight.parser.TestXmlResultParser.before(),6,1,2,9,0
org.apache.pdfbox.preflight.parser.TestXmlResultParser.testOneError(),9,1,6,7,0
org.apache.pdfbox.preflight.parser.TestXmlResultParser.testTwoError(),10,1,7,7,0
org.apache.pdfbox.preflight.parser.TestXmlResultParser.testSameErrorTwice(),12,1,6,7,0
org.apache.pdfbox.preflight.parser.TestXmlResultParser.testSameCodeWithDifferentMessages(),10,1,7,7,0
org.apache.pdfbox.pdmodel.interactive.form.TestRadioButtons.TestRadioButtons(String),4,1,1,1,0
org.apache.pdfbox.pdmodel.interactive.form.TestRadioButtons.suite(),4,1,0,1,0
org.apache.pdfbox.pdmodel.interactive.form.TestRadioButtons.main(String[]),5,1,0,2,0
org.apache.pdfbox.pdmodel.interactive.form.TestRadioButtons.testRadioButtonPDModel(),35,2,1,20,0
org.apache.pdfbox.examples.pdmodel.AddMetadataFromDocInfo.AddMetadataFromDocInfo(),3,1,0,1,0
org.apache.pdfbox.examples.pdmodel.AddMetadataFromDocInfo.main(String[]),49,4,3,38,0
org.apache.pdfbox.examples.pdmodel.AddMetadataFromDocInfo.usage(),4,1,2,2,0
org.apache.xmpbox.xml.PdfaExtensionHelper.PdfaExtensionHelper(),3,1,0,1,0
"org.apache.xmpbox.xml.PdfaExtensionHelper.validateNaming(XMPMetadata, Element)",13,2,2,4,1
"org.apache.xmpbox.xml.PdfaExtensionHelper.checkNamespaceDeclaration(Attr, Class<? extends AbstractStructuredType>)",16,3,4,7,0
org.apache.xmpbox.xml.PdfaExtensionHelper.populateSchemaMapping(XMPMetadata),27,6,3,12,2
"org.apache.xmpbox.xml.PdfaExtensionHelper.populatePDFASchemaType(XMPMetadata, PDFASchemaType, TypeMapping)",36,8,5,11,2
"org.apache.xmpbox.xml.PdfaExtensionHelper.populatePDFAPropertyType(PDFAPropertyType, TypeMapping, XMPSchemaFactory)",31,5,7,11,0
"org.apache.xmpbox.xml.PdfaExtensionHelper.populatePDFAType(XMPMetadata, PDFATypeType, TypeMapping)",32,6,5,16,2
"org.apache.xmpbox.xml.PdfaExtensionHelper.populatePDFAFieldType(PDFAFieldType, DefinedStructuredType)",20,3,7,8,0
"org.apache.xmpbox.xml.PdfaExtensionHelper.transformValueType(TypeMapping, String)",51,11,11,10,0
org.apache.pdfbox.pdmodel.graphics.blend.NonSeparableBlendMode.NonSeparableBlendMode(),3,1,0,1,0
"org.apache.pdfbox.pdmodel.graphics.blend.NonSeparableBlendMode.blend(float[], float[], float[])",1,1,0,0,0
org.apache.fontbox.ttf.KerningSubtable.KerningSubtable(),3,1,1,1,0
"org.apache.fontbox.ttf.KerningSubtable.read(TTFDataStream, int)",15,3,3,3,0
org.apache.fontbox.ttf.KerningSubtable.isHorizontalKerning(),4,1,0,2,0
org.apache.fontbox.ttf.KerningSubtable.isHorizontalKerning(boolean),19,4,6,1,0
org.apache.fontbox.ttf.KerningSubtable.getKerning(int[]),29,5,4,3,2
"org.apache.fontbox.ttf.KerningSubtable.getKerning(int, int)",9,2,5,3,0
org.apache.fontbox.ttf.KerningSubtable.readSubtable0(TTFDataStream),41,8,11,11,0
org.apache.fontbox.ttf.KerningSubtable.readSubtable0Format0(TTFDataStream),5,1,3,2,0
org.apache.fontbox.ttf.KerningSubtable.readSubtable0Format2(TTFDataStream),5,1,1,1,0
org.apache.fontbox.ttf.KerningSubtable.readSubtable1(TTFDataStream),5,1,1,1,0
"org.apache.fontbox.ttf.KerningSubtable.isBitsSet(int, int, int)",4,1,4,2,0
"org.apache.fontbox.ttf.KerningSubtable.getBits(int, int, int)",4,1,5,1,0
org.apache.pdfbox.pdfparser.EndstreamOutputStreamTest.testEndstreamOutputStream(),62,1,1,6,0
org.apache.pdfbox.io.ScratchFileBuffer.ScratchFileBuffer(ScratchFile),7,1,4,6,0
org.apache.pdfbox.io.ScratchFileBuffer.checkClosed(),8,2,10,2,0
org.apache.pdfbox.io.ScratchFileBuffer.addPage(),25,4,8,9,0
org.apache.pdfbox.io.ScratchFileBuffer.length(),4,1,1,1,0
org.apache.pdfbox.io.ScratchFileBuffer.ensureAvailableBytesInPage(boolean),26,5,13,9,0
org.apache.pdfbox.io.ScratchFileBuffer.write(int),11,2,4,6,0
org.apache.pdfbox.io.ScratchFileBuffer.write(byte[]),4,1,2,1,0
"org.apache.pdfbox.io.ScratchFileBuffer.write(byte[], int, int)",20,3,10,7,1
org.apache.pdfbox.io.ScratchFileBuffer.clear(),15,2,4,10,0
org.apache.pdfbox.io.ScratchFileBuffer.getPosition(),5,1,2,2,0
org.apache.pdfbox.io.ScratchFileBuffer.seek(long),29,5,11,10,0
org.apache.pdfbox.io.ScratchFileBuffer.isClosed(),4,1,1,1,0
org.apache.pdfbox.io.ScratchFileBuffer.peek(),9,2,0,3,0
org.apache.pdfbox.io.ScratchFileBuffer.rewind(int),4,1,4,1,0
org.apache.pdfbox.io.ScratchFileBuffer.readFully(int),15,3,1,3,1
org.apache.pdfbox.io.ScratchFileBuffer.isEOF(),5,1,3,2,0
org.apache.pdfbox.io.ScratchFileBuffer.available(),5,1,4,3,0
org.apache.pdfbox.io.ScratchFileBuffer.read(),13,3,5,5,0
org.apache.pdfbox.io.ScratchFileBuffer.read(byte[]),4,1,2,2,0
"org.apache.pdfbox.io.ScratchFileBuffer.read(byte[], int, int)",25,4,10,8,1
org.apache.pdfbox.io.ScratchFileBuffer.close(),13,2,4,8,0
org.apache.pdfbox.io.ScratchFileBuffer.finalize(),15,2,2,4,0
"org.apache.pdfbox.preflight.annotation.FreeTextAnnotationValidator.FreeTextAnnotationValidator(PreflightContext, COSDictionary)",6,1,3,5,0
org.apache.pdfbox.preflight.annotation.FreeTextAnnotationValidator.checkSpecificMandatoryFields(),4,1,2,2,0
org.apache.pdfbox.pdmodel.interactive.action.PDActionResetForm.PDActionResetForm(),5,1,1,4,0
org.apache.pdfbox.pdmodel.interactive.action.PDActionResetForm.PDActionResetForm(COSDictionary),4,1,2,2,0
org.apache.pdfbox.pdmodel.interactive.action.PDActionResetForm.getFields(),5,2,2,2,0
org.apache.pdfbox.pdmodel.interactive.action.PDActionResetForm.setFields(COSArray),4,1,3,1,0
org.apache.pdfbox.pdmodel.interactive.action.PDActionResetForm.getFlags(),4,1,2,2,0
org.apache.pdfbox.pdmodel.interactive.action.PDActionResetForm.setFlags(int),4,1,3,1,0
org.apache.pdfbox.examples.pdmodel.TestRubberStampWithImage.test(),10,1,0,3,0
org.apache.pdfbox.tools.ExportXFDF.ExportXFDF(),3,1,1,1,0
org.apache.pdfbox.tools.ExportXFDF.main(String[]),6,1,1,3,0
org.apache.pdfbox.tools.ExportXFDF.exportXFDF(String[]),43,5,4,12,0
org.apache.pdfbox.tools.ExportXFDF.usage(),8,1,2,2,0
org.apache.pdfbox.tools.ExportXFDF.close(FDFDocument),7,2,2,1,0
org.apache.pdfbox.tools.ExportXFDF.close(PDDocument),7,2,2,1,0
org.apache.pdfbox.debugger.ui.ReaderBottomPanel.ReaderBottomPanel(),11,1,3,11,0
org.apache.pdfbox.debugger.ui.ReaderBottomPanel.getStatusLabel(),4,1,1,1,0
org.apache.pdfbox.preflight.action.pdfa1b.TestThreadAction.createSubmitAction(),8,1,6,5,0
org.apache.pdfbox.preflight.action.pdfa1b.TestThreadAction.test(),5,1,0,2,0
org.apache.pdfbox.preflight.action.pdfa1b.TestThreadAction.testMissingD(),6,1,2,3,0
org.apache.pdfbox.preflight.action.pdfa1b.TestThreadAction.testInvalidD(),6,1,2,3,0
org.apache.pdfbox.filter.TestFilters.testFilters(),66,10,2,10,5
org.apache.pdfbox.filter.TestFilters.testPDFBOX1777(),13,2,2,9,1
"org.apache.pdfbox.filter.TestFilters.checkEncodeDecode(Filter, byte[])",12,1,4,9,0
org.apache.pdfbox.pdmodel.interactive.form.TestFields.TestFields(String),4,1,1,1,0
org.apache.pdfbox.pdmodel.interactive.form.TestFields.suite(),4,1,0,1,0
org.apache.pdfbox.pdmodel.interactive.form.TestFields.main(String[]),5,1,0,2,0
org.apache.pdfbox.pdmodel.interactive.form.TestFields.testFlags(),38,2,0,10,0
org.apache.pdfbox.pdmodel.interactive.form.TestFields.testAcroFormsBasicFields(),47,2,3,22,0
org.apache.pdfbox.pdmodel.interactive.form.TestCheckBox.TestCheckBox(String),4,1,1,1,0
org.apache.pdfbox.pdmodel.interactive.form.TestCheckBox.suite(),4,1,0,1,0
org.apache.pdfbox.pdmodel.interactive.form.TestCheckBox.main(String[]),5,1,0,2,0
org.apache.pdfbox.pdmodel.interactive.form.TestCheckBox.testCheckboxPDModel(),33,2,1,18,0
org.apache.fontbox.cmap.TestCMap.testLookup(),8,1,0,5,0
org.apache.pdfbox.cos.TestCOSUpdateInfo.testIsSetNeedToBeUpdate(),21,2,1,8,0
org.apache.pdfbox.pdfparser.TestPDFParser.setUp(),4,1,0,2,0
org.apache.pdfbox.pdfparser.TestPDFParser.getNumberOfTempFile(),18,2,4,2,0
org.apache.pdfbox.pdfparser.TestPDFParser.testPDFParserFile(),4,1,1,4,0
org.apache.pdfbox.pdfparser.TestPDFParser.testPDFParserInputStream(),4,1,1,4,0
org.apache.pdfbox.pdfparser.TestPDFParser.testPDFParserFileScratchFile(),4,1,1,4,0
org.apache.pdfbox.pdfparser.TestPDFParser.testPDFParserInputStreamScratchFile(),4,1,1,4,0
org.apache.pdfbox.pdfparser.TestPDFParser.testPDFParserMissingCatalog(),4,1,0,3,0
"org.apache.pdfbox.pdfparser.TestPDFParser.executeParserTest(RandomAccessRead, MemoryUsageSetting)",11,1,7,9,0
"org.apache.pdfbox.preflight.annotation.PopupAnnotationValidator.PopupAnnotationValidator(PreflightContext, COSDictionary)",6,1,3,5,0
org.apache.pdfbox.examples.rendering.CustomPageDrawer.main(String[]),10,1,0,7,0
org.apache.pdfbox.preflight.action.pdfa1b.TestGotoRemoteAction.testGoto_OK(),22,1,0,5,0
org.apache.pdfbox.preflight.action.pdfa1b.TestGotoRemoteAction.testGoto_KO_InvalidContent(),22,1,1,5,0
org.apache.pdfbox.preflight.action.pdfa1b.TestGotoRemoteAction.testGoto_KO_MissingD(),21,1,1,3,0
org.apache.pdfbox.preflight.action.pdfa1b.TestGotoRemoteAction.testGoto_KO_MissingF(),6,1,1,4,0
org.apache.pdfbox.pdmodel.interactive.action.PDActionThread.PDActionThread(),4,1,1,2,0
org.apache.pdfbox.pdmodel.interactive.action.PDActionThread.PDActionThread(COSDictionary),4,1,2,2,0
org.apache.pdfbox.pdmodel.interactive.action.PDActionThread.getD(),4,1,2,2,0
org.apache.pdfbox.pdmodel.interactive.action.PDActionThread.setD(COSBase),4,1,3,1,0
org.apache.pdfbox.pdmodel.interactive.action.PDActionThread.getFile(),4,1,2,3,0
org.apache.pdfbox.pdmodel.interactive.action.PDActionThread.setFile(PDFileSpecification),4,1,3,1,0
org.apache.pdfbox.pdmodel.interactive.action.PDActionThread.getB(),4,1,2,2,0
org.apache.pdfbox.pdmodel.interactive.action.PDActionThread.setB(COSBase),4,1,3,1,0
org.apache.xmpbox.schema.PDFAIdentificationTest.initTempMetaData(),6,1,1,5,0
org.apache.xmpbox.schema.PDFAIdentificationTest.initializeParameters(),8,1,2,4,0
"org.apache.xmpbox.schema.PDFAIdentificationTest.PDFAIdentificationTest(String, PropertyType, Object)",4,1,3,2,0
org.apache.pdfbox.filter.ccitt.TestCCITTFaxG31DDecodeInputStream.testDecoderNaked(),7,1,0,2,0
org.apache.pdfbox.filter.ccitt.TestCCITTFaxG31DDecodeInputStream.testDecoderWithEOL(),7,1,1,2,0
org.apache.pdfbox.filter.ccitt.TestCCITTFaxG31DDecodeInputStream.testDecoderAlignedWithRTC(),7,1,2,2,0
org.apache.pdfbox.filter.ccitt.TestCCITTFaxG31DDecodeInputStream.testDecoderInitialEOL(),7,1,1,2,0
org.apache.pdfbox.filter.ccitt.TestCCITTFaxG31DDecodeInputStream.assertStandardDecodingResult(byte[]),14,2,8,6,0
org.apache.pdfbox.filter.ccitt.TestCCITTFaxG31DDecodeInputStream.testDecoderRowsRestriction(),20,2,3,10,0
org.apache.pdfbox.filter.ccitt.TestCCITTFaxG31DDecodeInputStream.testDecoderWhiteLines(),13,2,4,4,0
"org.apache.pdfbox.filter.ccitt.TestCCITTFaxG31DDecodeInputStream.decode(byte[], int)",8,1,4,5,0
org.apache.pdfbox.filter.ccitt.TestCCITTFaxG31DDecodeInputStream.fromBinary(String),18,3,7,8,1
org.apache.pdfbox.pdmodel.font.TestFontEmbedding.setUp(),4,1,1,1,0
org.apache.pdfbox.pdmodel.font.TestFontEmbedding.testCIDFontType2(),4,1,0,1,0
org.apache.pdfbox.pdmodel.font.TestFontEmbedding.testCIDFontType2Subset(),4,1,0,1,0
org.apache.pdfbox.pdmodel.font.TestFontEmbedding.validateCIDFontType2(boolean),22,1,5,19,0
org.apache.pdfbox.pdmodel.font.TestFontEmbedding.getUnicodeText(File),6,1,2,4,0
org.apache.pdfbox.preflight.parser.TestPreflightConfiguration.testGetValidationProcess_MissingProcess(),5,1,0,2,0
org.apache.pdfbox.preflight.parser.TestPreflightConfiguration.testGetValidationProcess_MissingProcess_NoError(),6,1,0,3,0
org.apache.pdfbox.preflight.parser.TestPreflightConfiguration.testReplaceValidationProcess(),9,1,0,5,0
org.apache.pdfbox.text.BidiTest.setUp(),13,3,4,10,0
org.apache.pdfbox.text.BidiTest.testSorted(),5,1,3,2,0
org.apache.pdfbox.text.BidiTest.testNotSorted(),5,1,3,2,0
org.apache.pdfbox.text.BidiTest.tearDown(),4,1,1,1,0
"org.apache.pdfbox.text.BidiTest.doTestFile(File, File, boolean, boolean)",102,12,9,28,3
"org.apache.pdfbox.text.BidiTest.stringsEqual(String, String)",51,8,5,6,1
"org.apache.pdfbox.text.BidiTest.skipWhitespace(char[], int)",12,3,4,1,1
org.apache.pdfbox.pdmodel.interactive.pagenavigation.PDTransitionTest.defaultStyle(),6,1,3,6,0
org.apache.pdfbox.pdmodel.interactive.pagenavigation.PDTransitionTest.getStyle(),6,1,3,6,0
org.apache.pdfbox.pdmodel.interactive.pagenavigation.PDTransitionTest.defaultValues(),11,1,4,12,0
org.apache.pdfbox.pdmodel.interactive.pagenavigation.PDTransitionTest.dimension(),6,1,1,5,0
org.apache.pdfbox.pdmodel.interactive.pagenavigation.PDTransitionTest.directionNone(),7,1,2,6,0
org.apache.pdfbox.pdmodel.interactive.pagenavigation.PDTransitionTest.directionNumber(),7,1,2,6,0
org.apache.pdfbox.pdmodel.interactive.pagenavigation.PDTransitionTest.motion(),6,1,1,5,0
org.apache.pdfbox.pdmodel.interactive.pagenavigation.PDTransitionTest.duration(),6,1,0,4,0
org.apache.pdfbox.pdmodel.interactive.pagenavigation.PDTransitionTest.flyScale(),6,1,0,4,0
org.apache.pdfbox.pdmodel.interactive.pagenavigation.PDTransitionTest.flyArea(),6,1,0,4,0
