id, seed, size, upperDepth, upperWidth, lowerDepth, lowerWidth
1,org.apache.ivy.core.resolve.ResolvedModuleRevision.getPublicationDate(),4,1,2,1,1
2,org.apache.ivy.core.cache.RepositoryCacheManager.getName(),33,7,6,0,0
3,"org.apache.ivy.Ivy14.retrieve(ModuleId, String[], File, String, String, Filter, boolean, boolean)",291,0,0,14,56
4,org.apache.ivy.plugins.resolver.IvyRepResolver.updateWholeIvyPattern(),9,2,3,1,2
5,org.apache.ivy.plugins.parser.xml.XmlModuleDescriptorUpdater.UpdaterHandler.writeInheritedDependencies(ModuleDescriptor),249,16,44,3,6
6,org.apache.ivy.plugins.resolver.IvyRepResolver.listModules(OrganisationEntry),18,0,0,3,8
7,"org.apache.ivy.core.resolve.IvyNode.getResolvedRevisions(ModuleId, String)",207,7,5,16,49
8,"org.apache.ivy.osgi.updatesite.xml.EclipseFeature.EclipseFeature(String, Version)",22,2,16,3,1
9,org.apache.ivy.plugins.version.Match.split(String),158,12,49,0,0
10,"org.apache.ivy.core.cache.RepositoryCacheManager.originalToCachedModuleDescriptor(DependencyResolver, ResolvedResource, Artifact, ResolvedModuleRevision, ModuleDescriptorWriter)",186,15,49,0,0
11,org.apache.ivy.plugins.resolver.ChainResolver.commitPublishTransaction(),3,0,0,1,2
12,"org.apache.ivy.core.settings.IvySettings.setVariable(String, String)",787,15,125,6,5
13,"org.apache.ivy.plugins.repository.vsftp.VsftpRepository.readResponse(boolean, long)",41,6,9,4,6
14,org.apache.ivy.ant.IvyDeliver.setDeliverpattern(String),363,16,64,0,0
15,"org.apache.ivy.plugins.lock.LockStrategy.unlockArtifact(Artifact, File)",89,10,15,0,0
16,org.apache.ivy.plugins.version.Match.setMatcher(String),1,0,0,0,0
17,"org.apache.ivy.osgi.obr.xml.CapabilityAdapter.adapt(BundleInfo, Capability)",25,2,1,4,9
18,org.apache.ivy.osgi.core.BundleInfo.getVersion(),308,17,64,0,0
19,"org.apache.ivy.core.resolve.ResolveEngine.resolve(ModuleRevisionId, ResolveOptions, boolean)",657,1,1,13,97
20,org.apache.ivy.core.settings.IvySettings.addClasspathURL(URL),3,2,1,0,0
21,org.apache.ivy.util.DefaultMessageLogger.doProgress(),1,0,0,0,0
22,org.apache.ivy.plugins.repository.Resource.clone(String),24,5,7,0,0
23,"org.apache.ivy.core.module.descriptor.DefaultArtifact.cloneWithAnotherType(Artifact, String)",31,2,1,5,9
24,org.apache.ivy.core.resolve.ResolveOptions.isRefresh(),653,15,97,0,0
25,org.apache.ivy.core.event.publish.PublishEvent.getData(),1,0,0,0,0
26,org.apache.ivy.ant.IvyDependencyTree.doExecute(),311,0,0,20,47
27,"org.apache.ivy.core.module.id.ArtifactRevisionId.newInstance(ModuleRevisionId, String, String, String, Map)",35,2,10,3,9
28,org.apache.ivy.core.module.descriptor.ModuleDescriptor.getModuleRevisionId(),1714,10,552,0,0
29,org.apache.ivy.core.retrieve.RetrieveOptions.setDestIvyPattern(String),715,15,189,0,0
30,org.apache.ivy.util.CopyProgressListener.progress(CopyProgressEvent),6,2,4,0,0
31,org.apache.ivy.osgi.util.DelegatingHandler.error(SAXParseException),2,0,0,1,1
32,"org.apache.ivy.Ivy.deliver(ModuleRevisionId, String, String)",251,0,0,15,55
33,"org.apache.ivy.plugins.resolver.BasicResolver.findArtifactRef(Artifact, Date)",23,5,12,0,0
34,org.apache.ivy.util.MessageLoggerEngine.peekLogger(),33,3,15,2,2
35,"org.apache.ivy.osgi.util.DelegatingHandler.doIgnorableWhitespace(char[], int, int)",2,1,1,0,0
36,org.apache.ivy.osgi.p2.PropertiesParser.PropertyHandler.handleAttributes(Attributes),1,0,0,0,0
37,org.apache.ivy.plugins.parser.m2.PomModuleDescriptorBuilder.addExtraInfos(List),399,12,105,2,3
38,org.apache.ivy.core.resolve.VisitNode.getResolvedId(),471,14,92,2,4
39,org.apache.ivy.core.resolve.IvyNode.getDescriptor(),794,13,160,0,0
40,org.apache.ivy.plugins.repository.vsftp.VsftpRepository.dirExists(String),46,2,1,8,14
41,org.apache.ivy.core.report.ArtifactDownloadReport.getArtifactOrigin(),891,13,182,0,0
42,org.apache.ivy.plugins.conflict.LatestConflictManager.toString(),1,0,0,0,0
43,org.apache.ivy.ant.IvyCachePath.setOsgi(boolean),1,0,0,0,0
44,org.apache.ivy.plugins.parser.m2.PomDependencyMgt.getExcludedModules(),399,12,102,0,0
45,org.apache.ivy.osgi.p2.P2MetadataParser.namespace2Type(String),20,5,6,0,0
46,org.apache.ivy.ant.AntCallTrigger.setPrefix(String),1,0,0,0,0
47,"org.apache.ivy.Ivy14.resolve(URL, String, String[], File, Date, boolean, boolean, boolean, boolean, Filter)",654,0,0,15,100
48,org.apache.ivy.plugins.repository.vsftp.VsftpRepository.mkdirs(String),188,12,46,8,14
49,org.apache.ivy.osgi.p2.P2MetadataParser.RepositoryHandler.RepositoryHandler(P2Descriptor),25,1,1,5,8
50,org.apache.ivy.ant.IvyPostResolveTask.getBranch(),124,10,33,0,0
51,org.apache.ivy.osgi.repo.EditableRepoDescriptor.getBaseUri(),50,6,30,0,0
52,org.apache.ivy.plugins.repository.vsftp.VsftpRepository.get.(Anon_1).run(),47,0,0,8,16
53,org.apache.ivy.plugins.parser.ParserSettings.substitute(String),20,5,6,0,0
54,org.apache.ivy.plugins.resolver.AbstractResolver.getChangingMatcherName(),40,7,16,0,0
55,org.apache.ivy.osgi.util.DelegatingHandler.doEndDocument(),2,1,1,0,0
56,org.apache.ivy.core.retrieve.RetrieveOptions.getMapper(),72,5,39,0,0
57,org.apache.ivy.core.settings.IvySettings.setBaseDir(File),181,8,59,6,5
58,org.apache.ivy.core.report.ResolveReport.getUnresolvedDependencies(),265,16,48,2,2
59,"org.apache.ivy.ant.IvyArtifactReport.writeCacheLocationIfPresent(RepositoryCacheManager, TransformerHandler, ArtifactDownloadReport)",235,21,49,1,1
60,org.apache.ivy.osgi.core.ExecutionEnvironmentProfileProvider.ExecutionEnvironmentProfileProvider(),423,18,63,6,5
61,org.apache.ivy.plugins.latest.LatestLexicographicStrategy.LatestLexicographicStrategy(),74,5,28,1,2
62,org.apache.ivy.core.settings.IvySettings.setSettingsVariables(URL),75,6,19,5,7
63,org.apache.ivy.plugins.circular.ErrorCircularDependencyStrategy.ErrorCircularDependencyStrategy(),2,0,0,1,1
64,org.apache.ivy.plugins.conflict.NoConflictManager.NoConflictManager(),663,13,106,1,1
65,org.apache.ivy.plugins.resolver.packager.PackagerCacheEntry.getBuiltArtifact(Artifact),285,17,46,6,9
66,org.apache.ivy.plugins.resolver.DualResolver.add(DependencyResolver),1,0,0,0,0
67,org.apache.ivy.core.event.IvyListener.progress(IvyEvent),4,2,2,0,0
68,org.apache.ivy.osgi.core.BundleInfo.isSource(),43,5,16,0,0
69,org.apache.ivy.osgi.filter.OSGiFilterParser.Parser.parseNot(),20,0,0,4,6
70,org.apache.ivy.plugins.version.Match.getArgs(),158,12,49,0,0
71,org.apache.ivy.osgi.p2.P2MetadataParser.ProvidesHandler.handleAttributes(Attributes),1,0,0,0,0
72,org.apache.ivy.core.module.descriptor.DefaultDependencyDescriptor.getAttribute(String),8,3,4,1,1
73,org.apache.ivy.util.url.ApacheURLLister.listAll(URL),19,1,2,5,6
74,org.apache.ivy.plugins.resolver.AbstractResolver.getTypeName(),15,5,5,0,0
75,org.apache.ivy.core.settings.XmlSettingsParser.endDocument(),27,0,0,4,12
76,org.apache.ivy.core.module.descriptor.DependencyDescriptor.getDependencyId(),455,15,66,0,0
77,org.apache.ivy.core.resolve.ResolveData.blacklist(IvyNode),45,7,9,2,8
78,org.apache.ivy.plugins.parser.xml.UpdateOptions.setResolvedRevisions(Map),248,15,46,0,0
79,org.apache.ivy.core.module.descriptor.DefaultDependencyDescriptor.setIncludeRules(Map),23,3,19,0,0
80,org.apache.ivy.osgi.repo.EditableRepoDescriptor.getCapabilityValues(String),8,2,6,0,0
81,org.apache.ivy.core.module.descriptor.DefaultModuleDescriptor.check(),88,9,15,9,6
82,org.apache.ivy.plugins.namespace.MRIDRule.getModule(),189,15,49,0,0
83,org.apache.ivy.core.module.descriptor.DefaultModuleDescriptor.getConfigurations(),216,19,49,0,0
84,org.apache.ivy.core.settings.IvySettings.getDefaultRepositoryCacheManager(),36,0,0,6,9
85,"org.apache.ivy.osgi.obr.xml.OBRXMLWriter.startElement(ContentHandler, String)",34,5,13,0,0
86,org.apache.ivy.core.event.IvyEvent.addMDAttributes(ModuleDescriptor),164,13,50,3,8
87,"org.apache.ivy.plugins.resolver.BasicResolver.check(Resource, File, String)",28,3,2,4,8
88,org.apache.ivy.util.Credentials.getUserName(),199,15,44,0,0
89,org.apache.ivy.core.resolve.IvyNode.getAllEvictingNodes(),3,0,0,2,1
90,org.apache.ivy.ant.IvyDeliver.setConf(String),363,16,64,0,0
91,org.apache.ivy.plugins.resolver.ChainResolver.getResolvers(),8,3,4,0,0
92,org.apache.ivy.osgi.util.VersionRange.getEndVersion(),8,4,4,0,0
93,org.apache.ivy.util.CopyProgressEvent.CopyProgressEvent(),6,2,4,0,0
94,org.apache.ivy.plugins.repository.BasicResource.toString(),2,0,0,1,1
95,"org.apache.ivy.plugins.conflict.RegexpConflictManager.matchEquals(IvyNode, IvyNode)",28,4,2,6,6
96,org.apache.ivy.util.MessageLogger.debug(String),14,4,5,0,0
97,org.apache.ivy.util.DefaultMessageLogger.doEndProgress(String),1,0,0,0,0
98,org.apache.ivy.plugins.repository.AbstractRepository.hasTransferListener(TransferListener),1,0,0,0,0
99,org.apache.ivy.ant.IvyVar.getName(),31,8,7,0,0
100,"org.apache.ivy.plugins.repository.vfs.VfsURI.VfsURI(String, String, String, String, String)",97,10,29,1,1
101,org.apache.ivy.plugins.resolver.AbstractPatternsBasedResolver.exist(String),9,3,5,0,0
102,org.apache.ivy.core.report.ArtifactDownloadReport.toString(),598,12,140,0,0
103,org.apache.ivy.core.resolve.IvyNode.getSelectedArtifacts(Filter),302,5,23,19,47
104,org.apache.ivy.plugins.resolver.SshResolver.setExistCommand(String),3,0,0,1,2
105,"org.apache.ivy.core.settings.XmlSettingsParser.endElement(String, String, String)",59,0,0,8,13
106,org.apache.ivy.util.filter.Filter.accept(Object),296,22,43,0,0
107,org.apache.ivy.ant.IvyVar.getUrl(),31,8,7,0,0
108,org.apache.ivy.core.cache.CacheMetadataOptions.getChangingMatcherName(),5,2,3,0,0
109,org.apache.ivy.core.IvyContext.getIvy(),198,5,20,9,50
110,org.apache.ivy.plugins.resolver.ChainResolver.resolvedRevision(ResolvedModuleRevision),232,12,46,1,6
111,org.apache.ivy.plugins.report.XmlReportParser.SaxXmlReportParser.getResolvedModule(),2,1,1,0,0
112,org.apache.ivy.plugins.repository.jar.JarResource.getContentLength(),1,0,0,0,0
113,org.apache.ivy.plugins.parser.xml.UpdateOptions.getBranch(),199,15,49,0,0
114,org.apache.ivy.plugins.resolver.AbstractResolver.ResolverParserSettings.getStatusManager(),3,0,0,1,2
115,org.apache.ivy.plugins.circular.AbstractLogCircularDependencyStrategy.handleCircularDependency(ModuleRevisionId[]),9,0,0,3,4
116,org.apache.ivy.util.Configurator.MacroRecord.MacroRecord(String),4,1,3,0,0
117,org.apache.ivy.util.extendable.UnmodifiableExtendableItem.getQualifiedExtraAttributes(),335,14,100,0,0
118,org.apache.ivy.osgi.filter.OSGiFilterParser.Parser.parseCompare(),20,4,4,2,3
119,"org.apache.ivy.core.resolve.IvyNodeCallers.Caller.Caller(ModuleDescriptor, ModuleRevisionId, DependencyDescriptor, boolean)",31,6,11,0,0
120,org.apache.ivy.plugins.repository.sftp.SFTPResource.getLastModified(),202,0,0,18,44
121,"org.apache.ivy.plugins.resolver.AbstractPatternsBasedResolver.listTokenValues(String[], Map)",17,0,0,3,7
122,org.apache.ivy.core.install.InstallOptions.getArtifactFilter(),663,13,103,0,0
123,"org.apache.ivy.Ivy.listTokenValues(String, Map)",15,1,1,3,8
124,org.apache.ivy.plugins.resolver.IBiblioResolver.exists(Artifact),36,0,0,6,18
125,org.apache.ivy.core.resolve.ResolvedModuleRevision.getReport(),1020,12,236,0,0
126,"org.apache.ivy.ant.IvyPostResolveTask.getConfsToResolve(ModuleDescriptor, String, String[])",61,3,3,7,14
127,"org.apache.ivy.plugins.resolver.AbstractPatternsBasedResolver.findArtifactNames(Map, String)",13,3,2,2,5
128,org.apache.ivy.osgi.repo.AbstractFSManifestIterable.FSManifestIterator.FSManifestIterator(),2,1,1,0,0
129,org.apache.ivy.ant.IvyDependency.createConf(),1,0,0,0,0
130,org.apache.ivy.plugins.repository.ssh.SshRepository.setFileSeparator(char),3,2,1,0,0
131,org.apache.ivy.util.EncrytedProperties.getProperty(String),1,0,0,0,0
132,"org.apache.ivy.core.resolve.ResolveEngine.resolveConflict(VisitNode, String)",471,8,44,15,50
133,org.apache.ivy.core.module.id.ModuleRules.getRule(ModuleRevisionId),16,4,2,5,3
134,"org.apache.ivy.osgi.core.ManifestHeaderValue.ManifestHeaderParser.error(String, int)",18,6,5,0,0
135,"org.apache.ivy.osgi.repo.BundleRepoDescriptor.BundleRepoDescriptor(URI, ExecutionEnvironmentProfileProvider)",6,2,3,1,1
136,"org.apache.ivy.core.module.descriptor.DefaultArtifact.cloneWithAnotherMrid(Artifact, ModuleRevisionId)",28,0,0,4,9
137,org.apache.ivy.ant.IvyConvertPom.getIvyFile(),16,7,4,0,0
138,org.apache.ivy.plugins.repository.vfs.VfsResource.isLocal(),3,0,0,2,1
139,org.apache.ivy.core.resolve.IvyNode.getAllEvictingNodesDetails(),265,16,48,2,2
140,org.apache.ivy.core.module.descriptor.Configuration.Visibility.getVisibility(String),53,7,16,0,0
141,org.apache.ivy.ant.IvyReport.setConf(String),1,0,0,0,0
142,org.apache.ivy.core.settings.IvyPattern.setPattern(String),10,4,4,0,0
143,org.apache.ivy.plugins.resolver.IvyRepResolver.getWholeArtPattern(),3,2,1,0,0
144,org.apache.ivy.plugins.parser.m2.PomWriterOptions.setMapping(ConfigurationScopeMapping),29,3,18,0,0
145,org.apache.ivy.ant.IvyAntSettings.getDefaultInstance(ProjectComponent),184,1,1,8,65
146,org.apache.ivy.ant.IvyVar.doExecute(),31,0,0,7,8
147,org.apache.ivy.ant.BuildOBRTask.doExecute.AntMessageLogger2.AntMessageLogger2(),428,23,85,2,1
148,org.apache.ivy.core.resolve.ResolvedModuleRevision.getDescriptor(),1260,12,344,0,0
149,org.apache.ivy.core.settings.IvySettings.addVersionMatcher(VersionMatcher),16,2,3,2,5
150,org.apache.ivy.core.module.status.StatusManager.getCurrent(),171,3,11,11,50
151,org.apache.ivy.core.retrieve.RetrieveOptions.setUseOrigin(boolean),710,15,191,0,0
152,org.apache.ivy.osgi.obr.xml.OBRXMLParser.ResourceSizeHandler.ResourceSizeHandler(),16,3,9,1,2
153,org.apache.ivy.core.module.status.StatusManager.newDefaultInstance(),7,1,1,3,2
154,"org.apache.ivy.core.IvyPatternHelper.substitute(String, Artifact, String)",153,9,38,3,10
155,org.apache.ivy.osgi.obr.xml.OBRXMLParser.CapabilityHandler.CapabilityHandler.(Anon_10).childHanlded(CapabilityPropertyHandler),3,0,0,2,1
156,"org.apache.ivy.Ivy14.resolve(URL, String, String[], File, Date, boolean)",654,0,0,15,100
157,org.apache.ivy.osgi.core.OSGiManifestParser.accept(Resource),2,0,0,1,1
158,org.apache.ivy.plugins.parser.xml.UpdateOptions.setMergedDescriptor(ModuleDescriptor),326,14,70,0,0
159,"org.apache.ivy.plugins.namespace.NameSpaceHelper.transformOrganisation(String, NamespaceTransformer)",207,4,18,15,49
160,org.apache.ivy.Ivy.pushContext(),1109,12,332,2,5
161,org.apache.ivy.plugins.parser.m2.PomReader.PomPluginElement.getGroupId(),5,0,0,2,2
162,org.apache.ivy.plugins.repository.file.FileRepository.getProgressListener(),25,7,6,0,0
163,org.apache.ivy.ant.IvyCheck.addFileset(FileSet),1,0,0,0,0
164,org.apache.ivy.plugins.parser.m2.PomReader.getParentVersion(),399,12,105,2,2
165,org.apache.ivy.core.module.descriptor.ModuleDescriptor.getPublicationDate(),873,14,132,0,0
166,"org.apache.ivy.Main.run(CommandLineParser, String[])",638,4,9,14,137
167,org.apache.ivy.osgi.p2.PropertiesParser.PropertyHandler.PropertyHandler(),5,3,1,1,1
168,org.apache.ivy.ant.IvyDependencyTree.hasDependencies(IvyNode),215,20,49,1,1
169,"org.apache.ivy.osgi.repo.RepoDescriptor.findModules(String, String)",370,17,48,0,0
170,org.apache.ivy.core.report.MetadataArtifactDownloadReport.setOriginalLocalFile(File),431,15,101,0,0
171,"org.apache.ivy.plugins.resolver.ChainResolver.findIvyFileRef(DependencyDescriptor, ResolveData)",2,0,0,1,1
172,org.apache.ivy.plugins.namespace.MRIDTransformationRule.addSrc(MRIDRule),1,0,0,0,0
173,"org.apache.ivy.osgi.util.DelegatingHandler.getRequiredBooleanAttribute(Attributes, String)",4,0,0,2,2
174,org.apache.ivy.osgi.updatesite.xml.EclipseUpdateSiteParser.CategoryHandler.CategoryHandler(),5,3,1,1,1
175,"org.apache.ivy.ant.IvyRepositoryReport.gengraph(ResolutionCacheManager, String, String)",746,15,100,3,4
176,org.apache.ivy.core.IvyContext.getMessageLogger(),428,23,81,1,3
177,"org.apache.ivy.plugins.repository.AbstractRepository.put(File, String, boolean)",3,1,1,1,1
178,org.apache.ivy.core.report.ResolveReport.setDownloadSize(long),301,14,48,0,0
179,org.apache.ivy.plugins.namespace.Namespace.addRule(NamespaceRule),1,0,0,0,0
180,org.apache.ivy.osgi.util.VersionRange.VersionRangeParser.parseVersion(),12,2,3,2,4
181,org.apache.ivy.plugins.resolver.DualResolver.setAllownomd(boolean),11,0,0,4,5
182,"org.apache.ivy.util.url.URLHandler.getURLInfo(URL, int)",9,2,4,0,0
183,org.apache.ivy.core.module.descriptor.ExtendsDescriptor.isLocal(),191,15,49,0,0
184,org.apache.ivy.core.module.descriptor.DependencyDescriptor.getDependencyConfigurations(String),349,17,59,0,0
185,org.apache.ivy.osgi.p2.P2ArtifactParser.RuleHandler.handleAttributes(Attributes),1,0,0,0,0
186,org.apache.ivy.core.cache.DefaultRepositoryCacheManager.setDataFilePattern(String),2,0,0,1,1
187,org.apache.ivy.util.url.AbstractURLHandler.normalizeToURL(URL),47,5,14,1,1
188,org.apache.ivy.osgi.repo.AbstractOSGiResolver.setRepoDescriptor(RepoDescriptor),142,8,45,0,0
189,org.apache.ivy.plugins.lock.FileBasedLockStrategy.getCurrentLockHolderNames(File),17,6,5,0,0
190,"org.apache.ivy.util.MessageLoggerEngine.log(String, int)",6,0,0,3,2
191,org.apache.ivy.plugins.parser.xml.XmlModuleDescriptorParser.newParser(ParserSettings),102,9,20,2,1
192,org.apache.ivy.core.search.OrganisationEntry.getResolver(),4,2,2,0,0
193,org.apache.ivy.core.settings.IvySettings.addResolver(DependencyResolver),9,1,1,2,5
194,org.apache.ivy.osgi.repo.AggregatedRepoDescriptor.getCapabilities(),2,0,0,1,1
195,org.apache.ivy.osgi.p2.P2ArtifactParser.ArtifactHandler.ArtifactHandler(),7,1,1,2,3
196,org.apache.ivy.core.module.descriptor.ModuleDescriptor.getResource(),338,15,79,0,0
197,"org.apache.ivy.core.settings.IvySettings.setDeprecatedVariable(String, String)",76,5,26,7,5
198,org.apache.ivy.osgi.repo.EditableRepoDescriptor.hashCode(),1,0,0,0,0
199,"org.apache.ivy.plugins.resolver.packager.PackagerResolver.findArtifactRef(Artifact, Date)",285,0,0,16,46
200,org.apache.ivy.core.report.ResolveReport.setResolveTime(long),631,15,98,0,0
201,"org.apache.ivy.util.Configurator.ObjectDescriptor.addCreateMethod(String, Method)",8,2,6,0,0
202,org.apache.ivy.core.module.descriptor.ModuleDescriptor.toIvyFile(File),195,15,49,0,0
203,org.apache.ivy.plugins.parser.m2.PomReader.getLicenses(),399,12,104,2,4
204,org.apache.ivy.osgi.core.ExportPackage.getVersion(),268,17,47,1,1
205,org.apache.ivy.Ivy.interrupt(),17,1,1,5,5
206,org.apache.ivy.core.module.id.ModuleRevisionId.toString(),1653,11,700,1,1
207,org.apache.ivy.ant.IvyPublish.setOverwrite(boolean),1,0,0,0,0
208,org.apache.ivy.ant.IvyPostResolveTask.setInline(boolean),1,0,0,0,0
209,org.apache.ivy.plugins.resolver.util.HasLatestStrategy.getLatestStrategy(),2,1,1,0,0
210,org.apache.ivy.plugins.report.XmlReportParser.getResolvedModule(),271,16,54,1,1
211,org.apache.ivy.plugins.resolver.AbstractPatternsBasedResolver.addIvyPattern(String),6,4,2,0,0
212,"org.apache.ivy.osgi.core.BundleInfoAdapter.toModuleDescriptor(ModuleDescriptorParser, URI, BundleInfo, Manifest, ExecutionEnvironmentProfileProvider)",429,9,42,16,47
213,org.apache.ivy.core.module.descriptor.DefaultModuleDescriptor.getAttribute(String),2,0,0,1,1
214,org.apache.ivy.core.cache.DefaultResolutionCacheManager.getResolvedIvyFileInCache(ModuleRevisionId),202,15,49,3,6
215,org.apache.ivy.core.settings.IvySettings.getClassLoader(),12,5,5,0,0
216,org.apache.ivy.core.module.descriptor.InheritableItem.getSourceModule(),26,3,22,0,0
217,org.apache.ivy.core.resolve.IvyNodeEviction.EvictionData.getSelected(),481,15,93,0,0
218,org.apache.ivy.osgi.updatesite.xml.FeatureParser.RequiresHandler.RequiresHandler(),11,3,4,2,3
219,org.apache.ivy.core.report.ArtifactDownloadReport.equals(Object),1,0,0,0,0
220,"org.apache.ivy.plugins.parser.xml.XmlModuleDescriptorParser.Parser.Parser(ModuleDescriptorParser, ParserSettings)",50,8,19,1,1
221,"org.apache.ivy.plugins.latest.LatestRevisionStrategy.ArtifactInfoComparator.compare(Object, Object)",191,0,0,11,51
222,org.apache.ivy.core.resolve.IvyNodeCallers.Caller.getDependencyDescriptor(),39,6,19,0,0
223,"org.apache.ivy.core.module.id.ModuleRevisionId.ModuleRevisionId(ModuleId, String, String)",746,15,94,13,49
224,org.apache.ivy.core.settings.IvySettings.isDefaultUseOrigin(),3,2,1,0,0
225,org.apache.ivy.plugins.parser.AbstractModuleDescriptorParser.AbstractParser.getMd(),445,12,130,0,0
226,org.apache.ivy.plugins.resolver.DependencyResolver.listRevisions(ModuleEntry),207,16,46,0,0
227,"org.apache.ivy.osgi.updatesite.PluginAdapter.featureAsBundle(URI, EclipseFeature)",50,6,9,3,22
228,"org.apache.ivy.plugins.report.XmlReportOutputter.output(ResolveReport, ResolutionCacheManager, ResolveOptions)",746,15,81,22,46
229,org.apache.ivy.core.module.id.ModuleId.parse(String),4,0,0,2,2
230,org.apache.ivy.core.cache.DefaultResolutionCacheManager.saveResolvedModuleDescriptor(ModuleDescriptor),195,0,0,14,49
231,org.apache.ivy.core.settings.IvySettings.setSettingsVariables(File),75,6,20,7,5
232,"org.apache.ivy.plugins.parser.xml.XmlModuleDescriptorUpdater.UpdaterHandler.processingInstruction(String, String)",4,0,0,3,1
233,"org.apache.ivy.core.settings.IvyVariableContainer.setVariable(String, String, boolean)",211,12,46,0,0
234,org.apache.ivy.plugins.resolver.AbstractResolver.setEventManager(EventManager),7,3,4,0,0
235,org.apache.ivy.core.cache.CacheMetadataOptions.getNamespace(),413,16,91,0,0
236,org.apache.ivy.core.settings.IvySettings.logResolvedRevision(),3,0,0,2,1
237,org.apache.ivy.core.settings.XmlSettingsParser.urlFromFileAttribute(String),43,6,12,0,0
238,org.apache.ivy.plugins.repository.AbstractRepository.fireTransferProgress(long),208,12,47,2,6
239,org.apache.ivy.plugins.parser.xml.XmlModuleDescriptorParser.Parser.getPatternMatcher(String),41,5,11,1,2
240,"org.apache.ivy.plugins.conflict.LatestCompatibleConflictManager.handleIncompatibleConflict(IvyNode, Collection, IvyNode, IvyNode)",295,7,4,21,42
241,org.apache.ivy.core.sort.ModuleInSort.getDependencies(),36,5,10,1,1
242,"org.apache.ivy.plugins.parser.m2.PomModuleDescriptorParser.parseDescriptor(ParserSettings, URL, boolean)",401,0,0,12,109
243,org.apache.ivy.osgi.repo.BundleRepoDescriptor.populate(Iterator),91,0,0,8,34
244,org.apache.ivy.plugins.parser.xml.XmlModuleDescriptorUpdater.UpdaterHandler.flushAllMergedElements(),30,3,8,4,6
245,"org.apache.ivy.core.search.RevisionEntry.RevisionEntry(ModuleEntry, String)",9,3,5,0,0
246,org.apache.ivy.plugins.resolver.ChainResolver.ResolvedModuleRevisionArtifactInfo.getRevision(),4,0,0,2,2
247,"org.apache.ivy.plugins.resolver.AbstractPatternsBasedResolver.findIvyNames(Map, String)",22,4,5,2,5
248,"org.apache.ivy.plugins.repository.sftp.SFTPRepository.get(String, File)",210,0,0,14,44
249,org.apache.ivy.ant.IvyAntSettings.getRealm(),29,6,8,0,0
250,org.apache.ivy.core.resolve.ResolveOptions.setUseCacheOnly(boolean),37,6,19,0,0
251,"org.apache.ivy.plugins.parser.AbstractModuleDescriptorParser.AbstractParser.parseDepsConfs(String, DefaultDependencyDescriptor, boolean, boolean)",207,1,1,17,49
252,"org.apache.ivy.ant.IvyDependencyTree.printDependencies(List, int)",311,7,34,19,49
253,"org.apache.ivy.core.pack.OsgiBundlePacking.writeFile(InputStream, File)",4,0,0,2,2
254,org.apache.ivy.osgi.updatesite.xml.EclipseUpdateSiteParser.CategoryHandler.handleAttributes(Attributes),1,0,0,0,0
255,"org.apache.ivy.osgi.obr.xml.Requirement.Requirement(String, OSGiFilter)",31,7,7,0,0
256,org.apache.ivy.core.module.descriptor.Artifact.getConfigurations(),24,3,18,0,0
257,org.apache.ivy.osgi.obr.xml.OBRXMLParser.RepositoryHandler.RepositoryHandler.(Anon_1).childHanlded(ResourceHandler),26,0,0,5,10
258,org.apache.ivy.util.url.URLHandlerDispatcher.getContentLength(URL),3,0,0,1,2
259,org.apache.ivy.core.report.ArtifactDownloadReport.getDownloadDetails(),473,12,102,0,0
260,org.apache.ivy.core.module.descriptor.DefaultExtendsDescriptor.getResolvedParentRevisionId(),2,0,0,1,1
261,org.apache.ivy.plugins.namespace.NamespaceTransformer.transform(ModuleRevisionId),328,15,113,0,0
262,org.apache.ivy.plugins.parser.xml.XmlModuleDescriptorUpdater.UpdaterHandler.startPublications(Attributes),243,16,44,3,3
263,org.apache.ivy.core.settings.IvySettings.getConflictManager(String),97,6,25,4,3
264,org.apache.ivy.plugins.parser.xml.XmlModuleDescriptorUpdater.ExtendedBuffer.ExtendedBuffer(String),243,15,44,0,0
265,org.apache.ivy.core.resolve.ResolveOptions.setTransitive(boolean),639,15,137,0,0
266,org.apache.ivy.plugins.resolver.BasicResolver.UnresolvedDependencyException.UnresolvedDependencyException(),468,12,99,1,1
267,"org.apache.ivy.core.report.ResolveReport.addReport(String, ConfigurationResolveReport)",530,16,95,0,0
268,org.apache.ivy.core.settings.IvySettings.ModuleSettings.getResolverName(),12,6,3,0,0
269,"org.apache.ivy.core.resolve.IvyNode.getEvictionDataInRoot(String, IvyNode)",34,2,1,8,13
270,"org.apache.ivy.core.event.resolve.ResolveEvent.ResolveEvent(String, ModuleDescriptor, String[])",172,2,6,12,50
271,org.apache.ivy.util.FileUtil.readEntirely(BufferedReader),21,5,6,0,0
272,"org.apache.ivy.ant.IvyBuildNumber.findFirstNumber(String, int)",7,2,4,1,1
273,org.apache.ivy.plugins.parser.m2.PomDependencyMgt.getScope(),399,12,102,0,0
274,"org.apache.ivy.util.FileUtil.symlinkInMass(Map, boolean)",258,12,49,4,5
275,org.apache.ivy.ant.IvyRepositoryReport.doExecute(),746,0,0,14,100
276,org.apache.ivy.osgi.core.BundleInfo.getSymbolicNameTarget(),43,5,16,0,0
277,org.apache.ivy.core.resolve.IvyNode.getBlacklistData(String),32,6,9,1,1
278,org.apache.ivy.Ivy.getEventManager(),165,11,46,0,0
279,org.apache.ivy.core.module.descriptor.Configuration.Configuration(String),702,13,103,5,1
280,org.apache.ivy.osgi.p2.P2Artifact.getClassifier(),22,4,9,0,0
281,org.apache.ivy.plugins.parser.m2.PomReader.getArtifactId(),399,12,105,2,2
282,org.apache.ivy.util.AbstractMessageLogger.warn(String),3,0,0,1,2
283,org.apache.ivy.ant.IvyDeliver.setOrganisation(String),363,16,64,0,0
284,org.apache.ivy.core.repository.RepositoryManagementEngine.ensureLoaded(),31,5,12,0,0
285,"org.apache.ivy.util.Configurator.MacroDef.play(Configurator, MacroRecord, Map, Map)",53,0,0,4,19
286,org.apache.ivy.core.module.descriptor.ModuleDescriptor.getConflictManager(ModuleId),11,4,5,0,0
287,org.apache.ivy.core.module.descriptor.ModuleDescriptor.getExtraInfoContentByTagName(String),70,7,27,0,0
288,"org.apache.ivy.core.pack.StreamPacking.unpack(InputStream, File)",3,0,0,1,2
289,org.apache.ivy.core.install.InstallOptions.getMatcherName(),663,13,103,0,0
290,"org.apache.ivy.plugins.parser.m2.PomModuleDescriptorWriter.printDependencies(ModuleDescriptor, PrintWriter, PomWriterOptions, int, boolean)",210,12,49,3,26
291,"org.apache.ivy.plugins.signer.SignatureGenerator.sign(File, File)",34,6,9,0,0
292,org.apache.ivy.ant.IvyCleanCache.getCache(),48,8,10,0,0
293,org.apache.ivy.core.module.descriptor.AbstractIncludeExcludeRule.addConfiguration(String),802,15,113,0,0
294,org.apache.ivy.core.cache.CacheMetadataOptions.setNamespace(Namespace),40,7,16,0,0
295,org.apache.ivy.ant.IvyConfigure.getRealm(),2,0,0,1,1
296,org.apache.ivy.ant.IvyReport.getStylePath(String),85,6,11,8,9
297,org.apache.ivy.plugins.conflict.LatestCompatibleConflictManager.toString(),2,0,0,1,1
298,org.apache.ivy.plugins.repository.url.URLResource.init(),9,1,3,1,5
299,org.apache.ivy.plugins.parser.xml.XmlModuleDescriptorUpdater.ExtendedBuffer.getWriter(),2,1,1,0,0
300,org.apache.ivy.plugins.parser.m2.PomReader.getParentGroupId(),399,12,105,2,2
301,org.apache.ivy.ant.IvyAntVariableContainer.updateProject(String),181,8,62,1,3
302,"org.apache.ivy.util.Configurator.MacroRecord.recordChild(String, Object)",17,4,7,2,1
303,"org.apache.ivy.core.settings.IvyVariableContainerImpl.setVariable(String, String, boolean)",16,1,1,4,6
304,org.apache.ivy.core.settings.IvySettings.getPackingRegistry(),35,7,11,0,0
305,org.apache.ivy.ant.MapperAdapter.mapFileName(String),1,0,0,0,0
306,org.apache.ivy.plugins.repository.ssh.SshResource.SshResource(),209,16,44,0,0
307,org.apache.ivy.osgi.core.BundleInfo.getExecutionEnvironments(),268,17,47,0,0
308,org.apache.ivy.ant.IvyAntSettings.Credentials.getUsername(),22,6,5,0,0
309,org.apache.ivy.plugins.version.LatestVersionMatcher.isDynamic(ModuleRevisionId),2,0,0,1,1
310,org.apache.ivy.core.module.descriptor.IncludeRule.getId(),87,8,25,0,0
311,"org.apache.ivy.core.module.id.ModuleRevisionId.newInstance(String, String, String, String)",863,13,122,14,49
312,org.apache.ivy.tools.analyser.DependencyAnalyser.analyze(JarModule[]),310,17,56,0,0
313,org.apache.ivy.core.settings.IvySettings.setDefaultCacheArtifactPattern(String),57,7,15,1,1
314,org.apache.ivy.osgi.obr.xml.Capability.toString(),1,0,0,0,0
315,org.apache.ivy.core.module.descriptor.Configuration.replaceWildcards(ModuleDescriptor),10,2,2,2,3
316,"org.apache.ivy.core.resolve.ResolveData.replaceNode(ModuleRevisionId, IvyNode, String)",300,16,47,3,7
317,"org.apache.ivy.plugins.namespace.NameSpaceHelper.toSystem(DependencyDescriptor, Namespace)",266,11,46,4,20
318,org.apache.ivy.plugins.repository.vfs.VfsResource.getLastModified(),12,0,0,5,5
319,org.apache.ivy.plugins.parser.m2.PomWriterOptions.setTemplate(File),29,3,18,0,0
320,org.apache.ivy.plugins.resolver.AbstractResolver.initNamespaceFromSettings(),26,3,5,4,6
321,org.apache.ivy.core.sort.ModuleInSort.logLoopWarning(List),14,0,0,4,5
322,org.apache.ivy.plugins.matcher.Matcher.isExact(),5,2,3,0,0
323,"org.apache.ivy.plugins.parser.m2.PomModuleDescriptorBuilder.PomDependencyDescriptor.PomDependencyDescriptor(PomDependencyData, ModuleDescriptor, ModuleRevisionId)",235,16,48,3,2
324,org.apache.ivy.plugins.parser.ParserSettings.getContextNamespace(),190,11,47,0,0
325,"org.apache.ivy.plugins.resolver.AbstractPatternsBasedResolver.listTokenValues(String, String)",9,3,5,0,0
326,"org.apache.ivy.plugins.resolver.DualResolver.beginPublishTransaction(ModuleRevisionId, boolean)",2,0,0,1,1
327,org.apache.ivy.ant.IvyAntSettings.getUrl(),2,1,1,0,0
328,org.apache.ivy.core.resolve.IvyNode.hasConfigurationsToLoad(),300,15,53,0,0
329,org.apache.ivy.core.resolve.ResolveOptions.isUseCacheOnly(),468,12,89,0,0
330,org.apache.ivy.core.report.ArtifactDownloadReport.getName(),27,3,17,1,1
331,"org.apache.ivy.util.url.URLHandlerDispatcher.getContentLength(URL, int)",3,0,0,1,2
332,"org.apache.ivy.Ivy14.listTokenValues(String, Map)",15,0,0,4,8
333,org.apache.ivy.Main.getParser(),638,16,137,2,9
334,"org.apache.ivy.ant.IvyBuildList.filterModulesFromRoot(Collection, List)",98,9,18,4,5
335,"org.apache.ivy.core.IvyPatternHelper.substituteTokens(String, Map)",201,12,43,0,0
336,org.apache.ivy.core.settings.IvySettings.getMatcherNames(),1,0,0,0,0
337,org.apache.ivy.core.publish.PublishOptions.setUpdate(boolean),366,16,64,0,0
338,org.apache.ivy.core.deliver.DeliverOptions.isGenerateRevConstraint(),248,15,46,0,0
339,org.apache.ivy.plugins.repository.vfs.VfsRepository.createVFSManager(),14,1,1,4,5
340,org.apache.ivy.ant.FixDepsTask.setToFile(File),1,0,0,0,0
341,org.apache.ivy.core.module.descriptor.DefaultModuleDescriptor.setDefaultConf(String),3,2,1,0,0
342,org.apache.ivy.plugins.repository.file.FileRepository.FileRepository(),24,5,13,0,0
343,org.apache.ivy.plugins.conflict.LatestCompatibleConflictManager.LatestCompatibleConflictManager(),1,0,0,0,0
344,org.apache.ivy.osgi.core.ExecutionEnvironmentProfile.ExecutionEnvironmentProfile(String),13,5,5,0,0
345,"org.apache.ivy.core.cache.RepositoryCacheManager.saveResolvers(ModuleDescriptor, String, String)",300,15,53,0,0
346,org.apache.ivy.core.module.id.MatcherLookup.key(Map),7,3,3,0,0
347,"org.apache.ivy.core.cache.DefaultRepositoryCacheManager.checkCacheUptodate(File, Resource, ArtifactOrigin, ArtifactOrigin, long)",292,16,38,1,4
348,org.apache.ivy.plugins.repository.url.URLRepository.getResource(String),175,15,50,1,1
349,org.apache.ivy.osgi.filter.UniOperatorFilter.equals(Object),1,0,0,0,0
350,org.apache.ivy.util.url.BasicURLHandler.openStream(URL),27,0,0,5,8
351,org.apache.ivy.util.MemoryUtil.gc(),2,1,1,0,0
352,org.apache.ivy.plugins.repository.ssh.AbstractSshBasedRepository.setUserPassword(String),4,3,1,0,0
353,org.apache.ivy.plugins.repository.LazyResource.init(Resource),65,9,14,1,8
354,"org.apache.ivy.plugins.repository.url.ChainedRepository.logFailed(Repository, Exception)",29,2,8,4,6
355,org.apache.ivy.core.event.publish.PublishEvent.isOverwrite(),1,0,0,0,0
356,org.apache.ivy.util.MessageLoggerEngine.endProgress(),6,0,0,3,2
357,org.apache.ivy.util.cli.OptionBuilder.arg(String),12,3,8,0,0
358,org.apache.ivy.core.module.descriptor.DefaultModuleDescriptor.mediate(DependencyDescriptor),11,0,0,5,3
359,org.apache.ivy.core.module.descriptor.Artifact.getUrl(),423,13,81,0,0
360,org.apache.ivy.plugins.repository.RepositoryCopyProgressListener.start(CopyProgressEvent),11,0,0,3,4
361,"org.apache.ivy.plugins.lock.ArtifactLockStrategy.lockArtifact(Artifact, File)",18,0,0,6,6
362,"org.apache.ivy.util.url.URLHandler.URLInfo.URLInfo(boolean, long, long, String)",52,5,16,0,0
363,"org.apache.ivy.core.resolve.ResolveEngine.handleTransiviteEviction(ModuleDescriptor, String[], ResolveData, List)",530,13,75,19,45
364,"org.apache.ivy.plugins.parser.m2.PomModuleDescriptorWriter.setModuleVariables(ModuleDescriptor, IvyVariableContainer, PomWriterOptions)",210,12,49,2,11
365,org.apache.ivy.plugins.parser.ModuleDescriptorParserRegistry.addParser(ModuleDescriptorParser),3,2,1,0,0
366,"org.apache.ivy.plugins.parser.m2.PomModuleDescriptorParser.addSourcesAndJavadocArtifactsIfPresent(PomModuleDescriptorBuilder, ParserSettings)",399,12,89,10,15
367,"org.apache.ivy.plugins.repository.vfs.VfsURI.vfsURIFactory(String, String, Ivy)",98,1,1,9,29
368,org.apache.ivy.plugins.resolver.DualResolver.reportFailure(Artifact),2,0,0,1,1
369,org.apache.ivy.ant.IvyTask.cacheAttributeNotSupported(),8,1,7,0,0
370,org.apache.ivy.osgi.util.VersionRange.getStartVersion(),8,4,4,0,0
371,org.apache.ivy.core.module.descriptor.ExtendsDescriptor.getLocation(),301,15,52,0,0
372,org.apache.ivy.core.IvyContext.popContext(),757,12,142,1,1
373,org.apache.ivy.plugins.parser.m2.PomReader.PomDependencyMgtElement.getVersion(),235,16,48,2,2
374,"org.apache.ivy.plugins.conflict.LatestCompatibleConflictManager.blackListIncompatibleCaller(VersionMatcher, IvyNode, IvyNode, IvyNode, Stack)",268,6,13,19,49
375,org.apache.ivy.plugins.resolver.packager.PackagerResolver.PackagerResolver(),1,0,0,0,0
376,"org.apache.ivy.core.pack.ZipPacking.writeFile(InputStream, File)",15,5,5,0,0
377,"org.apache.ivy.core.cache.ModuleDescriptorWriter.write(ResolvedResource, ModuleDescriptor, File, File)",147,10,32,0,0
378,org.apache.ivy.plugins.resolver.packager.PackagerResolver.getResourceCache(),1,0,0,0,0
379,"org.apache.ivy.util.url.BasicURLHandler.download(URL, File, CopyProgressListener)",28,0,0,5,8
380,org.apache.ivy.ant.IvyMakePom.Dependency.getType(),8,2,6,0,0
381,"org.apache.ivy.core.publish.PublishEngine.publish(ModuleRevisionId, Collection, String, PublishOptions)",293,1,1,13,45
382,org.apache.ivy.osgi.core.BundleInfo.addExecutionEnvironment(String),6,3,3,0,0
383,org.apache.ivy.ant.IvyPostResolveTask.isRefresh(),37,6,15,0,0
384,"org.apache.ivy.plugins.parser.xml.XmlModuleDescriptorUpdater.UpdaterHandler.characters(char[], int, int)",9,1,1,3,3
385,org.apache.ivy.core.resolve.IvyNode.isRoot(),531,13,101,0,0
386,"org.apache.ivy.core.module.id.ModuleRevisionId.newInstance(String, String, String, String, Map, boolean)",217,9,10,12,49
387,org.apache.ivy.ant.IvyFindRevision.setModule(String),1,0,0,0,0
388,org.apache.ivy.util.cli.Option.isCountArgs(),5,3,2,0,0
389,org.apache.ivy.plugins.parser.m2.PomReader.getTextContent(Element),6,2,3,0,0
390,org.apache.ivy.plugins.repository.TransferEvent.getTotalLength(),30,5,13,0,0
391,org.apache.ivy.core.module.descriptor.ModuleDescriptor.getLastModified(),472,16,96,0,0
392,org.apache.ivy.plugins.matcher.MapMatcher.getAttributes(),21,5,9,0,0
393,org.apache.ivy.ant.IvyPublish.getOrganisation(),363,16,64,0,0
394,"org.apache.ivy.osgi.repo.AbstractOSGiResolver.findResource(ResolvedResource[], ResourceMDParser, ModuleRevisionId, Date)",361,10,37,15,44
395,"org.apache.ivy.plugins.parser.xml.XmlModuleDescriptorUpdater.UpdaterHandler.startElement(String, String, String, Attributes)",243,0,0,15,44
396,org.apache.ivy.ant.IvyMakePom.getMappingsMap(),29,3,17,1,3
397,org.apache.ivy.core.settings.IvySettings.addConfigured(Trigger),5,0,0,3,2
398,org.apache.ivy.core.cache.ParserSettingsMonitor.(Anon_1).resolveFile(String),2,0,0,1,1
399,"org.apache.ivy.plugins.resolver.ChainResolver.publish(Artifact, File, boolean)",3,0,0,1,2
400,org.apache.ivy.core.module.descriptor.Artifact.getExt(),486,13,135,0,0
401,"org.apache.ivy.core.resolve.VisitNode.loadData(String, boolean)",471,12,32,15,63
402,org.apache.ivy.plugins.circular.WarnCircularDependencyStrategy.getInstance(),6,3,3,0,0
403,org.apache.ivy.core.module.descriptor.DefaultDependencyDescriptor.clone(ModuleRevisionId),8,0,0,3,5
404,"org.apache.ivy.util.Credentials.Credentials(String, String, String, String)",33,5,11,0,0
405,org.apache.ivy.core.resolve.ResolveEngineSettings.logNotConvertedExclusionRule(),29,5,8,0,0
406,"org.apache.ivy.util.FileUtil.listAll(File, Collection)",258,12,52,1,1
407,"org.apache.ivy.Ivy14.publish(ModuleRevisionId, String, File, String, String, String, String, Date, Artifact[], boolean, boolean, boolean, String)",302,0,0,15,48
408,org.apache.ivy.osgi.filter.AndFilter.AndFilter(OSGiFilter[]),3,0,0,2,1
409,org.apache.ivy.plugins.resolver.AbstractResolver.dumpSettings(),19,2,3,4,5
410,org.apache.ivy.plugins.repository.url.URLResource.URLResource(URL),1076,13,239,0,0
411,org.apache.ivy.core.module.id.ModuleId.equals(Object),516,12,116,0,0
412,org.apache.ivy.plugins.resolver.util.FileURLLister.accept(String),1,0,0,0,0
413,org.apache.ivy.osgi.util.VersionRange.isClosedRange(),3,0,0,2,1
414,org.apache.ivy.plugins.matcher.PatternMatcher.getName(),231,16,49,0,0
415,"org.apache.ivy.plugins.resolver.util.ResourceMDParser.parse(Resource, String)",228,15,46,0,0
416,org.apache.ivy.core.event.IvyEvent.addModuleIdAttributes(ModuleId),11,2,6,1,3
417,org.apache.ivy.osgi.filter.OSGiFilterParser.Parser.parseAnd(),20,0,0,5,7
418,org.apache.ivy.osgi.repo.AbstractOSGiResolver.getRepoDescriptor(),372,17,47,2,2
419,org.apache.ivy.plugins.parser.AbstractModuleDescriptorParser.AbstractParser.setDefaultConf(String),71,8,24,1,2
420,org.apache.ivy.ant.IvyMakePom.Dependency.getClassifier(),8,2,6,0,0
421,org.apache.ivy.core.settings.IvySettings.getVariableContainer(),218,12,45,0,0
422,"org.apache.ivy.plugins.resolver.IvyRepResolver.findArtifactRef(Artifact, Date)",251,0,0,16,46
423,org.apache.ivy.util.url.AbstractURLHandler.getUserAgent(),52,5,17,1,1
424,org.apache.ivy.ant.IvyRetrieve.addMapper(Mapper),2,1,1,0,0
425,org.apache.ivy.plugins.resolver.ResolverSettings.getResolveMode(ModuleId),184,15,49,0,0
426,"org.apache.ivy.plugins.resolver.IBiblioResolver.listRevisionsWithMavenMetadata(Repository, Map)",219,15,44,5,6
427,org.apache.ivy.osgi.util.DelegatingHandler.doFatalError(SAXParseException),2,1,1,0,0
428,org.apache.ivy.plugins.conflict.AbstractConflictManager.setSettings(IvySettings),7,4,2,0,0
429,org.apache.ivy.osgi.updatesite.UpdateSiteLoader.loadP2(URI),107,7,33,5,11
430,org.apache.ivy.plugins.resolver.AbstractResolver.toSystem(DependencyDescriptor),468,12,82,6,26
431,org.apache.ivy.core.module.descriptor.DefaultModuleDescriptor.getExcludeRules(String[]),192,17,49,1,2
432,org.apache.ivy.util.Message.getDefaultLogger(),5,2,2,0,0
433,org.apache.ivy.ant.IvyPostResolveTask.getResolveMode(),37,6,15,0,0
434,org.apache.ivy.core.module.descriptor.DefaultDependencyArtifactDescriptor.getName(),5,2,3,0,0
435,org.apache.ivy.osgi.p2.P2CompositeParser.parse(InputStream),7,0,0,3,3
436,"org.apache.ivy.ant.IvyTask.getProperty(IvySettings, String)",913,15,147,4,5
437,org.apache.ivy.plugins.resolver.VfsResolver.prepareForDisplay(String),5,3,2,0,0
438,"org.apache.ivy.util.url.HttpClientHandler.IvyCredentialsProvider.getCredentials(AuthScheme, String, int, boolean)",17,0,0,5,5
439,org.apache.ivy.core.module.descriptor.ModuleDescriptor.getInheritedDescriptors(),863,15,141,0,0
440,org.apache.ivy.plugins.repository.ssh.Scp.FileInfo.setFilename(String),4,2,2,0,0
441,org.apache.ivy.core.settings.IvySettings.filterIgnore(Collection),1,0,0,0,0
442,"org.apache.ivy.core.module.descriptor.DefaultArtifact.cloneWithAnotherExt(Artifact, String)",29,0,0,5,9
443,org.apache.ivy.plugins.version.VersionRangeMatcher.isDynamic(ModuleRevisionId),2,0,0,1,1
444,org.apache.ivy.osgi.updatesite.xml.EclipseUpdateSiteParser.FeatureHandler.FeatureHandler.(Anon_2).childHanlded(CategoryHandler),2,0,0,1,1
445,org.apache.ivy.plugins.resolver.BasicResolver.filterNames(Collection),263,15,47,1,2
446,org.apache.ivy.osgi.p2.P2MetadataParser.UnitsHandler.handleAttributes(Attributes),1,0,0,0,0
447,org.apache.ivy.plugins.resolver.packager.PackagerResolver.setResourceCache(File),1,0,0,0,0
448,org.apache.ivy.core.retrieve.RetrieveOptions.getDestIvyPattern(),258,12,71,0,0
449,"org.apache.ivy.Ivy14.publish(ModuleRevisionId, String, File, String, String, String, boolean)",295,0,0,15,48
450,org.apache.ivy.Ivy.newInstance(),627,15,119,7,31
451,org.apache.ivy.ant.IvyAntSettings.getConfiguredIvyInstance(ProjectComponent),183,1,1,8,65
452,org.apache.ivy.core.cache.DefaultResolutionCacheManager.CacheParserSettings.getStatusManager(),2,0,0,1,1
453,org.apache.ivy.plugins.repository.TransferEvent.checkEventType(int),4,2,2,0,0
454,org.apache.ivy.osgi.util.DelegatingHandler.getLocation(Locator),22,6,6,0,0
455,org.apache.ivy.plugins.resolver.ChainResolver.getLatest(DependencyResolver),7,3,2,1,1
456,org.apache.ivy.core.settings.IvySettings.doValidate(),48,6,12,0,0
457,org.apache.ivy.plugins.repository.TransferEvent.setResource(Resource),157,13,50,1,2
458,org.apache.ivy.core.resolve.ResolveData.getSettings(),725,12,145,1,1
459,org.apache.ivy.plugins.resolver.DualResolver.getArtifactResolver(),8,3,4,0,0
460,org.apache.ivy.plugins.repository.url.ChainedRepository.list(String),23,0,0,5,5
461,org.apache.ivy.core.settings.IvySettings.getDefaultRepositoryCacheBasedir(),38,4,3,5,7
462,org.apache.ivy.plugins.matcher.GlobPatternMatcher.GlobMatcher.calculateExact(),2,1,1,0,0
463,"org.apache.ivy.osgi.updatesite.UpdateSiteLoader.readCompositeContent(URI, String, P2Descriptor)",12,0,0,2,8
464,org.apache.ivy.core.report.ResolveReport.setProblemMessages(List),22,5,8,0,0
465,"org.apache.ivy.core.module.id.ModuleRules.defineRule(MapMatcher, Object)",15,3,4,2,3
466,org.apache.ivy.core.report.ConfigurationResolveReport.getUnresolvedDependencies(),224,24,49,1,2
467,org.apache.ivy.core.settings.IvyVariableContainer.setEnvironmentPrefix(String),17,5,5,0,0
468,org.apache.ivy.core.resolve.IvyNodeUsage.isBlacklisted(String),2,1,1,0,0
469,"org.apache.ivy.util.url.URLHandlerDispatcher.getLastModified(URL, int)",3,0,0,1,2
470,"org.apache.ivy.plugins.parser.m2.DefaultPomDependencyMgt.DefaultPomDependencyMgt(String, String, String, String, List)",399,12,105,0,0
471,org.apache.ivy.plugins.resolver.FileSystemResolver.filterNames(Collection),20,0,0,7,5
472,org.apache.ivy.ant.IvyBuildNumber.computeNewRevision(String),269,16,46,2,5
473,org.apache.ivy.plugins.repository.sftp.SFTPRepository.SFTPRepository(),3,2,1,0,0
474,"org.apache.ivy.util.url.CredentialsStore.getCredentials(String, String)",22,3,5,4,5
475,org.apache.ivy.core.resolve.IvyNodeEviction.cleanEvicted(),212,18,49,5,7
476,org.apache.ivy.core.module.descriptor.OverrideDependencyDescriptorMediator.getVersion(),19,5,8,0,0
477,org.apache.ivy.core.deliver.DeliverOptions.setGenerateRevConstraint(boolean),287,16,67,0,0
478,org.apache.ivy.plugins.resolver.IBiblioResolver.setRoot(String),23,4,5,2,7
479,org.apache.ivy.osgi.core.ManifestHeaderValue.addElement(ManifestHeaderElement),18,6,5,0,0
480,org.apache.ivy.core.resolve.IvyNode.getDefaultConf(String),10,3,4,0,0
481,org.apache.ivy.plugins.parser.xml.XmlModuleDescriptorParser.Parser.mediationOverrideStarted(Attributes),419,13,82,4,6
482,"org.apache.ivy.plugins.resolver.IvyRepResolver.download(Artifact[], DownloadOptions)",177,0,0,13,46
483,org.apache.ivy.osgi.updatesite.xml.UpdateSiteDigestParser.DigestHandler.DigestHandler(UpdateSite),17,1,1,3,7
484,org.apache.ivy.osgi.util.Version.compareTo(Version),7,2,2,1,2
485,"org.apache.ivy.plugins.parser.AbstractModuleDescriptorParser.AbstractParser.addExtendingConfigurations(String, DefaultDependencyDescriptor, boolean)",206,0,0,18,49
486,org.apache.ivy.core.module.descriptor.Configuration.isTransitive(),28,5,15,0,0
487,org.apache.ivy.util.filter.NotFilter.NotFilter(Filter),5,2,3,0,0
488,org.apache.ivy.osgi.p2.P2MetadataParser.ArtifactsHandler.ArtifactsHandler(),20,4,7,2,3
489,org.apache.ivy.plugins.resolver.packager.BuiltFileResource.getLastModified(),1,0,0,0,0
490,org.apache.ivy.osgi.updatesite.xml.Require.setVersion(Version),7,2,5,0,0
491,org.apache.ivy.core.resolve.VisitNode.getNode(),472,14,78,0,0
492,org.apache.ivy.osgi.p2.P2MetadataParser.UnitsHandler.UnitsHandler.(Anon_4).childHanlded(UnitHandler),2,0,0,1,1
493,org.apache.ivy.plugins.resolver.IvyRepResolver.exists(Artifact),33,0,0,6,15
494,org.apache.ivy.plugins.repository.vsftp.VsftpRepository.cleanup(),217,12,42,8,16
495,org.apache.ivy.osgi.p2.PropertiesParser.PropertiesHandler.handleAttributes(Attributes),1,0,0,0,0
496,org.apache.ivy.plugins.repository.vfs.VfsRepository.VfsRepository(),3,2,1,0,0
497,org.apache.ivy.ant.IvyConfigure.setUrl(URL),2,0,0,1,1
498,org.apache.ivy.core.cache.DefaultRepositoryCacheManager.getOriginalMetadataArtifact(Artifact),416,16,83,6,9
499,org.apache.ivy.osgi.repo.ArtifactReportManifestIterable.ArtifactReportManifestIterator.hasNext(),23,1,1,4,8
500,org.apache.ivy.plugins.parser.xml.UpdateOptions.setBranch(String),326,14,70,0,0
501,"org.apache.ivy.core.resolve.ResolveEngine.mediate(DependencyDescriptor, ResolveOptions)",193,3,6,14,49
502,org.apache.ivy.plugins.parser.m2.PomWriterOptions.getArtifactPackaging(),18,3,10,0,0
503,org.apache.ivy.osgi.repo.EditableRepoDescriptor.setLogLevel(int),39,6,11,0,0
504,"org.apache.ivy.plugins.repository.vsftp.VsftpRepository.getExpectedDownloadMessage(String, File)",47,9,16,0,0
505,org.apache.ivy.core.resolve.IvyNode.isBlacklisted(String),314,14,47,1,1
506,org.apache.ivy.plugins.repository.vfs.VfsResource.toString(),4,0,0,2,2
507,"org.apache.ivy.osgi.updatesite.UpdateSiteLoader.normalizeSiteUri(URI, URI)",15,5,7,0,0
508,org.apache.ivy.core.resolve.IvyNode.getAllRealCallers(),29,7,6,2,1
509,org.apache.ivy.core.settings.IvySettings.addReportOutputter(ReportOutputter),75,5,28,2,2
510,org.apache.ivy.core.IvyContext.peekInContextStack(String),165,13,45,1,2
511,"org.apache.ivy.plugins.report.XmlReportWriter.outputCallers(ConfigurationResolveReport, PrintWriter, IvyNode)",274,20,49,2,15
512,"org.apache.ivy.core.IvyPatternHelper.OriginalArtifactNameValue.OriginalArtifactNameValue(String, String, String, String, String, String, String, Map, Map)",4,2,2,0,0
513,org.apache.ivy.ant.IvyArtifactProperty.getValue(),152,9,46,0,0
514,"org.apache.ivy.core.module.descriptor.DefaultExtendsDescriptor.DefaultExtendsDescriptor(ModuleDescriptor, String, String[], boolean)",290,12,51,0,0
515,org.apache.ivy.plugins.matcher.ExactPatternMatcher.ExactMatcher.matches(String),1,0,0,0,0
516,org.apache.ivy.osgi.obr.OBRResolver.setRepoXmlURL(String),1,0,0,0,0
517,org.apache.ivy.plugins.repository.url.ChainedRepository.logTry(Repository),29,5,8,4,5
518,"org.apache.ivy.osgi.core.ManifestHeaderElement.addAttribute(String, String)",5,3,2,0,0
519,org.apache.ivy.plugins.resolver.util.ResolvedResource.getResource(),774,12,204,0,0
520,"org.apache.ivy.plugins.resolver.RepositoryResolver.putChecksum(Artifact, File, String, boolean, String)",43,3,5,5,10
521,"org.apache.ivy.Ivy14.deliver(ModuleRevisionId, String, File, String, String, Date, PublishingDependencyRevisionResolver, boolean)",252,0,0,17,53
522,org.apache.ivy.core.settings.IvySettings.addConfigured(LatestStrategy),6,0,0,3,2
523,org.apache.ivy.plugins.version.SubVersionMatcher.SubVersionMatcher(),15,4,5,1,1
524,"org.apache.ivy.core.cache.DefaultRepositoryCacheManager.saveResolver(ModuleDescriptor, String)",327,15,40,10,12
525,org.apache.ivy.core.publish.PublishOptions.getPubdate(),292,14,45,0,0
526,org.apache.ivy.osgi.updatesite.xml.Require.setFilter(String),7,2,5,0,0
527,"org.apache.ivy.core.event.retrieve.EndRetrieveEvent.EndRetrieveEvent(ModuleRevisionId, String[], long, int, int, long, RetrieveOptions)",258,5,42,13,50
528,"org.apache.ivy.core.cache.DefaultRepositoryCacheManager.saveResolvers(ModuleDescriptor, String, String)",147,6,12,10,24
529,org.apache.ivy.plugins.repository.file.FileResource.getName(),2,1,1,0,0
530,org.apache.ivy.core.settings.XmlSettingsParser.credentialsStarted(Map),180,7,48,5,5
531,org.apache.ivy.plugins.resolver.ChainResolver.getLatestStrategyName(DependencyResolver),7,3,2,1,1
532,org.apache.ivy.core.module.descriptor.DependencyArtifactDescriptor.getName(),63,7,23,0,0
533,org.apache.ivy.util.url.URLHandlerDispatcher.getLastModified(URL),3,0,0,1,2
534,org.apache.ivy.core.cache.DefaultRepositoryCacheManager.setSettings(IvySettings),5,2,2,1,1
535,org.apache.ivy.core.settings.IvySettings.getVersionMatcher(String),1,0,0,0,0
536,org.apache.ivy.plugins.resolver.BasicResolver.setAllownomd(boolean),11,0,0,4,5
537,org.apache.ivy.util.MessageLoggerEngine.pushLogger(MessageLogger),12,4,5,1,2
538,org.apache.ivy.plugins.circular.IgnoreCircularDependencyStrategy.IgnoreCircularDependencyStrategy(),3,0,0,2,1
539,org.apache.ivy.util.Credentials.getRealm(),24,6,6,0,0
540,"org.apache.ivy.util.url.HttpClientHandler.doGet(URL, int)",44,5,11,3,4
541,org.apache.ivy.util.MessageLogger.isShowProgress(),12,4,4,0,0
542,org.apache.ivy.plugins.namespace.Namespace.(Anon_1).isIdentity(),1,0,0,0,0
543,org.apache.ivy.core.resolve.IvyNode.getLastModified(),3,1,1,1,1
544,"org.apache.ivy.osgi.util.DelegatingHandler.parseLong(String, String)",5,2,2,1,1
545,org.apache.ivy.plugins.namespace.MRIDRule.toString(),193,16,47,0,0
546,org.apache.ivy.osgi.p2.PropertiesParser.PropertiesHandler.PropertiesHandler.(Anon_1).childHanlded(PropertyHandler),1,0,0,0,0
547,org.apache.ivy.plugins.repository.AbstractRepository.toString(),2,0,0,1,1
548,org.apache.ivy.osgi.util.VersionRange.VersionRangeParser.parse(),14,2,1,2,7
549,org.apache.ivy.plugins.parser.m2.PomModuleDescriptorBuilder.getSrcArtifact(),51,10,14,2,2
550,"org.apache.ivy.core.repository.RepositoryManagementEngine.RepositoryManagementEngine(RepositoryManagementEngineSettings, SearchEngine, ResolveEngine)",92,7,31,0,0
551,org.apache.ivy.osgi.repo.RelativeURLRepository.getResource(String),3,0,0,1,2
552,org.apache.ivy.plugins.parser.xml.UpdateOptions.getMergedDescriptor(),249,15,46,0,0
553,org.apache.ivy.plugins.repository.vfs.VfsResource.getChildren(),13,0,0,4,5
554,"org.apache.ivy.osgi.core.BundleInfoAdapter.toModuleDescriptor(ModuleDescriptorParser, URI, BundleInfo, ExecutionEnvironmentProfileProvider)",271,2,1,17,47
555,"org.apache.ivy.plugins.namespace.MRIDRule.MRIDRule(String, String, String)",1,0,0,0,0
556,"org.apache.ivy.plugins.repository.TransferEvent.TransferEvent(Repository, Resource, Exception, int)",158,0,0,13,50
557,org.apache.ivy.osgi.p2.P2MetadataParser.AbstractRequirementHandler.AbstractRequirementHandler.(Anon_14).childHanlded(RequiredHandler),17,0,0,4,6
558,org.apache.ivy.core.settings.IvySettings.defaultInit(),50,0,0,5,18
559,"org.apache.ivy.core.module.id.ModuleRevisionId.newInstance(ModuleRevisionId, String)",1219,12,252,13,49
560,org.apache.ivy.core.event.EventManager.removeTransferListener(TransferListener),1,0,0,0,0
561,"org.apache.ivy.core.resolve.IvyNode.getRequiredConfigurations(IvyNode, String)",302,15,54,2,2
562,org.apache.ivy.Ivy.resolve(File),13,1,1,3,6
563,org.apache.ivy.core.module.descriptor.DefaultModuleDescriptor.getDefaultConfMapping(),36,6,12,0,0
564,"org.apache.ivy.plugins.resolver.BasicResolver.getRMDParser.(Anon_2).parse(Resource, String)",259,0,0,15,44
565,org.apache.ivy.core.event.EventManager.addTransferListener(TransferListener),92,7,31,0,0
566,org.apache.ivy.plugins.repository.AbstractRepository.fireTransferEvent(TransferEvent),173,14,50,1,1
567,"org.apache.ivy.core.module.descriptor.DefaultArtifact.newIvyArtifact(ModuleRevisionId, Date)",541,14,93,6,9
568,org.apache.ivy.plugins.parser.m2.PomReader.PomDependencyData.PomDependencyData(PomDependencyData),399,12,107,2,1
569,"org.apache.ivy.plugins.parser.m2.PomModuleDescriptorBuilder.getDependencyMgtExtraInfoKeyForScope(String, String)",42,5,18,0,0
570,org.apache.ivy.osgi.filter.OrFilter.eval(Map),3,0,0,1,2
571,org.apache.ivy.osgi.core.ExecutionEnvironmentProfileProvider.loadDefaultProfileList(),15,1,1,5,5
572,"org.apache.ivy.core.cache.DefaultResolutionCacheManager.getConfigurationResolveReportsInCache.(Anon_1).accept(File, String)",1,0,0,0,0
573,org.apache.ivy.core.cache.CacheUtil.checkCachePattern(String),6,1,5,0,0
574,org.apache.ivy.ant.IvyAntVariableContainer.IvyAntVariableContainer(Project),181,8,65,0,0
575,org.apache.ivy.ant.IvyPublish.setCache(File),2,0,0,1,1
576,org.apache.ivy.plugins.resolver.packager.BuiltFileResource.getContentLength(),1,0,0,0,0
577,org.apache.ivy.ant.IvyAntSettings.getDefaultProperties(ProjectComponent),4,1,1,2,1
578,"org.apache.ivy.Ivy14.resolve(URL, String, String[], File, Date, boolean, boolean, Filter)",654,0,0,15,100
579,org.apache.ivy.plugins.lock.DeleteOnExitHook.add(File),15,5,5,0,0
580,org.apache.ivy.core.event.IvyEvent.equals(Object),3,0,0,1,2
581,org.apache.ivy.plugins.resolver.packager.PackagerResolver.validate(),27,0,0,6,11
582,"org.apache.ivy.core.resolve.IvyNodeEviction.getResolvedNodes(ModuleId, String)",11,1,1,5,2
583,"org.apache.ivy.ant.AntMessageLogger.register(ProjectComponent, Ivy)",182,8,61,3,4
584,org.apache.ivy.plugins.repository.ssh.SshResource.openStream(),196,0,0,16,44
585,org.apache.ivy.ant.IvyPublish.addConfiguredArtifacts(ArtifactsPattern),2,0,0,1,1
586,"org.apache.ivy.ant.IvyTask.getResolvedReport(String, String, String)",6,2,3,1,1
587,org.apache.ivy.ant.IvyResolve.setHaltonfailure(boolean),37,6,15,0,0
588,org.apache.ivy.core.resolve.IvyNodeUsage.blacklist(IvyNodeBlacklist),45,7,13,1,1
589,org.apache.ivy.plugins.namespace.Namespace.(Anon_1).transform(ModuleRevisionId),197,0,0,16,47
590,org.apache.ivy.util.url.BasicURLHandler.getURLInfo(URL),35,0,0,5,11
591,org.apache.ivy.ant.testutil.AntTestListener.getLog(),4,2,2,0,0
592,"org.apache.ivy.Ivy14.resolve(ModuleRevisionId, String[], boolean, boolean, File, Date, boolean, boolean, Filter)",671,0,0,15,97
593,org.apache.ivy.osgi.updatesite.xml.UpdateSite.getDigestUri(),34,6,12,0,0
594,org.apache.ivy.osgi.repo.ArtifactReportManifestIterable.ArtifactReportManifestIterator.next(),23,0,0,5,8
595,"org.apache.ivy.ant.IvyBuildList.processFilterNodeFromLeaf(ModuleDescriptor, Set, Map)",19,5,5,1,6
596,org.apache.ivy.plugins.repository.vfs.VfsRepository.finalize(),1,0,0,0,0
597,org.apache.ivy.core.resolve.IvyNodeCallers.Caller.getCallerConfigurations(),39,6,19,0,0
598,org.apache.ivy.core.cache.DefaultRepositoryCacheManager.getChangingMatcherName(),26,5,8,0,0
599,"org.apache.ivy.plugins.resolver.BasicResolver.parse(ResolvedResource, DependencyDescriptor, ResolveData)",470,8,55,14,45
600,org.apache.ivy.core.settings.IvySettings.getDefaultResolveMode(),12,6,3,0,0
601,org.apache.ivy.ant.IvyExtractFromSources.addConfiguredMapping(PackageMapping),178,0,0,16,49
602,org.apache.ivy.plugins.repository.vfs.VfsResource.normalize(String),21,5,6,0,0
603,"org.apache.ivy.osgi.p2.P2Descriptor.addArtifact(BundleInfo, BundleArtifact)",14,4,3,1,5
604,org.apache.ivy.plugins.repository.vsftp.VsftpRepository.readResponse(boolean),35,5,7,5,6
605,"org.apache.ivy.core.settings.XmlSettingsParser.inConfiguratorStarted(String, Map)",180,7,41,5,18
606,"org.apache.ivy.core.cache.RepositoryCacheManager.cacheModuleDescriptor(DependencyResolver, ResolvedResource, DependencyDescriptor, Artifact, ResourceDownloader, CacheMetadataOptions)",468,12,92,0,0
607,org.apache.ivy.core.module.descriptor.ModuleDescriptor.setResolvedPublicationDate(Date),271,15,50,0,0
608,"org.apache.ivy.util.ContextualSAXHandler.characters(char[], int, int)",1,0,0,0,0
609,org.apache.ivy.ant.IvyBuildNumber.setResolver(String),1,0,0,0,0
610,org.apache.ivy.plugins.resolver.BasicResolver.listOrganisations(),127,7,43,1,2
611,org.apache.ivy.core.module.descriptor.DependencyArtifactDescriptor.getType(),97,7,46,0,0
612,"org.apache.ivy.plugins.resolver.RepositoryResolver.put(Artifact, File, String, boolean)",229,16,47,6,10
613,org.apache.ivy.ant.IvyAntSettings.createIvyEngine.(Anon_1).execute(),4,0,0,3,1
614,"org.apache.ivy.plugins.resolver.CacheResolver.download(Artifact[], DownloadOptions)",67,0,0,8,26
615,org.apache.ivy.osgi.updatesite.xml.EclipseFeature.setType(String),14,5,9,0,0
616,org.apache.ivy.core.deliver.DeliverOptions.setResolveId(String),287,16,67,0,0
617,org.apache.ivy.core.report.ResolveReport.getAllArtifactsReports(),216,0,0,23,49
618,"org.apache.ivy.plugins.conflict.LatestCompatibleConflictManager.handleUnsolvableConflict(IvyNode, Collection, IvyNode, IvyNode)",290,22,42,4,6
619,org.apache.ivy.util.MessageLogger.setShowProgress(boolean),13,4,4,0,0
620,org.apache.ivy.util.Message.progress(),52,5,21,3,5
621,"org.apache.ivy.plugins.parser.AbstractModuleDescriptorParser.AbstractParser.parseDepsConfs(String, DefaultDependencyDescriptor, boolean)",208,1,1,18,49
622,org.apache.ivy.ant.IvyBuildNumber.NewRevision.getBuildNumber(),269,16,46,0,0
623,org.apache.ivy.core.cache.DefaultRepositoryCacheManager.setArtifactPattern(String),2,0,0,1,1
624,"org.apache.ivy.core.module.descriptor.DefaultExtendsDescriptor.DefaultExtendsDescriptor(ModuleDescriptor, String, String[])",119,8,32,1,1
625,org.apache.ivy.core.settings.IvySettings.getMatcher(String),795,15,106,0,0
626,org.apache.ivy.core.settings.IvySettings.setDefaultUseOrigin(boolean),51,7,12,0,0
627,org.apache.ivy.plugins.repository.ssh.SshResource.getContentLength(),213,0,0,17,44
628,org.apache.ivy.core.search.RevisionEntry.toString(),3,0,0,2,1
629,org.apache.ivy.plugins.resolver.ChainResolver.reportFailure(),2,0,0,1,1
630,org.apache.ivy.plugins.parser.xml.XmlModuleDescriptorUpdater.UpdaterHandler.endDocument(),1,0,0,0,0
631,"org.apache.ivy.util.CopyProgressEvent.CopyProgressEvent(byte[], int, long)",2,0,0,1,1
632,"org.apache.ivy.plugins.parser.m2.PomModuleDescriptorBuilder.(Anon_4).addMappingConfs(DefaultDependencyDescriptor, boolean)",7,0,0,3,4
633,org.apache.ivy.plugins.resolver.DependencyResolver.getName(),822,12,265,0,0
634,org.apache.ivy.plugins.repository.file.FileRepository.delete(File),27,6,7,1,1
635,"org.apache.ivy.osgi.util.ZipUtil.zip(File, OutputStream)",2,0,0,1,1
636,org.apache.ivy.util.AbstractMessageLogger.progress(),2,0,0,1,1
637,org.apache.ivy.osgi.updatesite.xml.FeatureParser.FeatureHandler.handleAttributes(Attributes),18,0,0,4,14
638,org.apache.ivy.plugins.version.Match.setPattern(String),1,0,0,0,0
639,org.apache.ivy.plugins.parser.ParserSettings.getDefaultBranch(ModuleId),5,2,3,0,0
640,org.apache.ivy.ant.IvyCacheTask.getAllArtifactReports(),248,2,2,20,41
641,org.apache.ivy.ant.IvyAntSettings.Credentials.setHost(String),2,0,0,1,1
642,"org.apache.ivy.core.publish.PublishEngine.publish(Artifact, File, DependencyResolver, boolean)",212,6,23,11,48
643,org.apache.ivy.util.Credentials.getPasswd(),199,15,44,0,0
644,org.apache.ivy.ant.IvyPublish.getPubrevision(),363,16,64,0,0
645,"org.apache.ivy.osgi.util.DelegatingHandler.doCharacters(char[], int, int)",2,1,1,0,0
646,"org.apache.ivy.core.report.ResolveReport.gatherExtendingConfs(Set, String, String)",5,2,1,1,2
647,org.apache.ivy.core.module.descriptor.DefaultDependencyArtifactDescriptor.getExt(),5,2,3,0,0
648,org.apache.ivy.ant.IvyPostResolveTask.prepareAndCheck(),1057,14,162,9,33
649,org.apache.ivy.core.cache.ParserSettingsMonitor.(Anon_1).getNamespace(String),2,0,0,1,1
650,org.apache.ivy.plugins.resolver.MirroredURLResolver.readMirrorList(File),26,5,8,0,0
651,org.apache.ivy.osgi.core.BundleInfo.setDescription(String),82,8,42,0,0
652,org.apache.ivy.plugins.lock.DeleteOnExitHook.(Anon_1).run(),2,0,0,1,1
653,org.apache.ivy.core.module.id.ArtifactRevisionId.getRevision(),298,16,44,1,1
654,org.apache.ivy.plugins.repository.vfs.VfsRepository.getVFSManager(),177,15,47,5,5
655,org.apache.ivy.plugins.resolver.packager.BuiltFileResource.getName(),2,1,1,0,0
656,"org.apache.ivy.util.url.HttpClientHandler.checkStatusCode(URL, HttpMethodBase)",44,5,9,4,5
657,org.apache.ivy.core.report.ArtifactDownloadReport.getExt(),27,3,17,1,1
658,org.apache.ivy.plugins.resolver.AbstractResolver.getParserSettings(),484,16,94,0,0
659,"org.apache.ivy.plugins.conflict.LatestCompatibleConflictManager.LatestCompatibleConflictManager(String, LatestStrategy)",74,5,27,2,1
660,org.apache.ivy.ant.IvyArtifactProperty.setName(String),1,0,0,0,0
661,"org.apache.ivy.plugins.resolver.RepositoryResolver.download(Artifact[], DownloadOptions)",184,4,6,12,46
662,org.apache.ivy.core.module.descriptor.ModuleDescriptor.getLicenses(),410,16,89,0,0
663,org.apache.ivy.ant.IvyPublish.setArtifactspattern(String),1,0,0,0,0
664,"org.apache.ivy.util.FileUtil.copy(InputStream, OutputStream, CopyProgressListener, boolean)",8,1,2,1,5
665,org.apache.ivy.core.module.status.StatusManager.getPriority(String),159,13,48,4,5
666,org.apache.ivy.core.resolve.ResolveData.setReport(ConfigurationResolveReport),530,16,95,0,0
667,org.apache.ivy.core.report.ResolveReport.getResolveId(),434,16,63,0,0
668,"org.apache.ivy.plugins.repository.file.FileRepository.copy(File, File, boolean)",175,15,46,6,6
669,org.apache.ivy.osgi.repo.EditableRepoDescriptor.getLogLevel(),34,5,11,0,0
670,org.apache.ivy.osgi.repo.AbstractFSManifestIterable.listDirs(T),22,5,8,0,0
671,org.apache.ivy.plugins.resolver.IBiblioResolver.ensureConfigured(ResolverSettings),586,13,127,2,5
672,"org.apache.ivy.plugins.parser.xml.XmlModuleDescriptorWriter.printDependency(ModuleDescriptor, DependencyDescriptor, PrintWriter)",66,6,8,2,23
673,"org.apache.ivy.core.NormalRelativeUrlResolver.getURL(URL, String)",1,0,0,0,0
674,"org.apache.ivy.plugins.repository.ssh.SshResource.SshResource(SshRepository, String, boolean, long, long)",209,16,44,0,0
675,org.apache.ivy.plugins.repository.sftp.SFTPRepository.getSftpChannel(String),220,5,9,15,44
676,org.apache.ivy.ant.AntTestHelper.newProject(),3,2,1,0,0
677,org.apache.ivy.plugins.resolver.IvyRepResolver.ensureArtifactConfigured(ResolverSettings),337,14,46,2,3
678,org.apache.ivy.core.retrieve.RetrieveOptions.setMakeSymlinksInMass(boolean),708,15,192,0,0
679,org.apache.ivy.plugins.signer.bouncycastle.OpenPGPSignatureGenerator.setKeyId(String),1,0,0,0,0
680,org.apache.ivy.ant.IvyAntSettings.getPasswd(),29,6,8,0,0
681,org.apache.ivy.util.AbstractMessageLogger.endProgress(),3,0,0,2,1
682,org.apache.ivy.plugins.resolver.ChainResolver.exists(Artifact),2,0,0,1,1
683,org.apache.ivy.core.settings.IvySettings.getBaseDir(),74,5,28,0,0
684,"org.apache.ivy.ant.IvyBuildNumber.NewRevision.NewRevision(String, String, String, String)",7,3,4,0,0
685,"org.apache.ivy.core.module.descriptor.DefaultIncludeRule.DefaultIncludeRule(ArtifactId, PatternMatcher, Map)",43,4,11,3,9
686,"org.apache.ivy.core.module.id.ModuleRevisionId.newInstance(String, String, String, Map)",175,0,0,14,49
687,org.apache.ivy.core.settings.XmlSettingsParser.doParse(URL),12,3,3,3,3
688,org.apache.ivy.core.search.ModuleEntry.getOrganisationEntry(),6,3,2,0,0
689,"org.apache.ivy.osgi.util.DelegatingHandler.getOptionalLongAttribute(Attributes, String, Long)",3,0,0,2,1
690,org.apache.ivy.core.settings.IvySettings.getVariables(),1,0,0,0,0
691,org.apache.ivy.plugins.parser.m2.PomModuleDescriptorBuilder.addJavadocArtifact(),51,3,12,9,11
692,org.apache.ivy.osgi.filter.AndFilter.AndFilter(),20,6,6,1,1
693,"org.apache.ivy.plugins.latest.AbstractLatestStrategy.findLatest(ArtifactInfo[], Date)",3,0,0,1,2
694,"org.apache.ivy.plugins.report.ReportOutputter.output(ResolveReport, ResolutionCacheManager, ResolveOptions)",2,1,1,0,0
695,org.apache.ivy.plugins.parser.xml.UpdateOptions.setGenerateRevConstraint(boolean),248,15,46,0,0
696,org.apache.ivy.plugins.repository.ssh.AbstractSshBasedRepository.parseURI(String),187,15,44,4,5
697,org.apache.ivy.osgi.repo.RelativeURLRepository.encode(String),3,2,1,0,0
698,org.apache.ivy.util.url.URLHandler.getContentLength(URL),3,2,1,0,0
699,org.apache.ivy.ant.IvyInstall.setFrom(String),1,0,0,0,0
700,org.apache.ivy.core.cache.DefaultRepositoryCacheManager.setIvyPattern(String),2,0,0,1,1
701,org.apache.ivy.core.settings.IvySettings.addConfigured(RepositoryCacheManager),6,0,0,3,2
702,"org.apache.ivy.core.IvyPatternHelper.substitute(String, String, String, String, String, String, String)",379,16,61,2,3
703,org.apache.ivy.core.settings.IvySettings.addMatcher(PatternMatcher),75,5,28,2,2
704,org.apache.ivy.plugins.repository.ssh.SshResource.resolve(),213,0,0,16,44
705,org.apache.ivy.plugins.resolver.packager.PackagerResolver.clearCache(),4,1,1,1,2
706,org.apache.ivy.osgi.p2.P2MetadataParser.InstructionHandler.InstructionHandler(),6,3,1,1,2
707,org.apache.ivy.plugins.repository.ssh.Scp.getFileinfo(String),209,16,44,3,6
708,org.apache.ivy.plugins.resolver.ChainResolver.reportFailure(Artifact),2,0,0,1,1
709,"org.apache.ivy.plugins.parser.xml.XmlModuleDescriptorUpdater.ConfigurationPrinter.print(ModuleDescriptor, Object, PrintWriter)",13,0,0,3,9
710,org.apache.ivy.plugins.parser.AbstractModuleDescriptorParser.AbstractParser.getDefaultConfMappingDescriptor(),206,0,0,15,49
711,org.apache.ivy.plugins.repository.LazyResource.setLastModified(long),9,2,7,0,0
712,"org.apache.ivy.plugins.version.PatternVersionMatcher.accept(ModuleRevisionId, ModuleRevisionId)",162,0,0,12,49
713,"org.apache.ivy.osgi.util.DelegatingHandler.endElement(String, String, String)",32,1,1,7,6
714,"org.apache.ivy.plugins.resolver.ChainResolver.download(Artifact[], DownloadOptions)",8,0,0,1,7
715,"org.apache.ivy.core.event.resolve.ResolveDependencyEvent.ResolveDependencyEvent(String, DependencyResolver, DependencyDescriptor, ModuleRevisionId)",169,2,2,12,50
716,org.apache.ivy.osgi.util.DelegatingHandler.skippedEntity(String),2,0,0,1,1
717,"org.apache.ivy.util.url.HttpClientHandler.createCredentials(String, String)",22,6,6,1,1
718,org.apache.ivy.core.module.id.MatcherLookup.add(MapMatcher),7,2,2,1,3
719,org.apache.ivy.plugins.namespace.MRIDTransformationRule.MridRuleMatcher.getPattern(String),13,3,8,0,0
720,org.apache.ivy.osgi.util.VersionRange.VersionRange(Version),25,4,21,0,0
721,org.apache.ivy.core.resolve.RestartResolveProcess.RestartResolveProcess(String),268,21,44,1,1
722,org.apache.ivy.core.resolve.IvyNodeCallers.Caller.canExclude(),25,6,8,1,2
723,org.apache.ivy.osgi.repo.FSManifestIterable.buildBundleURI(File),1,0,0,0,0
724,"org.apache.ivy.plugins.resolver.RepositoryResolver.findTokenValues(Collection, List, Map, String)",42,4,4,5,10
725,org.apache.ivy.osgi.obr.xml.OBRXMLParser.ResourceHandler.ResourceHandler.(Anon_2).childHanlded(ResourceSourceHandler),27,0,0,6,6
726,org.apache.ivy.core.repository.RepositoryManagementEngine.getAllRevisions(ModuleRevisionId),38,5,16,1,1
727,org.apache.ivy.plugins.repository.sftp.SFTPRepository.MyProgressMonitor.end(),10,0,0,3,4
728,"org.apache.ivy.core.settings.XmlSettingsParser.parse(Configurator, URL)",38,6,9,4,3
729,org.apache.ivy.plugins.resolver.BasicResolver.locate(Artifact),120,9,12,7,19
730,org.apache.ivy.plugins.repository.AbstractRepository.fireTransferStarted(long),12,2,2,2,4
731,org.apache.ivy.util.MemoryUtil.main(String[]),19,0,0,6,5
732,org.apache.ivy.core.module.id.ModuleRules.getAllRules(),19,5,8,0,0
733,org.apache.ivy.core.settings.IvySettings.typeDefs(Properties),15,0,0,7,5
734,org.apache.ivy.osgi.util.VersionRange.VersionRangeParser.parseNumberSeparator(),8,3,3,1,2
735,org.apache.ivy.osgi.core.BundleCapability.toString(),4,0,0,3,1
736,"org.apache.ivy.core.cache.ArtifactOrigin.ArtifactOrigin(Artifact, boolean, String)",365,15,77,1,1
737,org.apache.ivy.plugins.parser.m2.PomModuleDescriptorBuilder.setLicenses(License[]),399,12,108,1,1
738,org.apache.ivy.plugins.resolver.SFTPResolver.getSFTPRepository(),2,0,0,1,1
739,org.apache.ivy.plugins.parser.xml.XmlModuleDescriptorParser.Parser.mergeExcludes(ExcludeRule[]),235,16,47,1,2
740,org.apache.ivy.util.Configurator.startMacroDef(String),17,4,3,3,7
741,"org.apache.ivy.Ivy14.resolve(ModuleDescriptor, String[], File, Date, boolean, boolean, Filter)",646,0,0,16,98
742,"org.apache.ivy.core.cache.DefaultRepositoryCacheManager.isChanging(DependencyDescriptor, ModuleRevisionId, CacheMetadataOptions)",414,16,87,2,4
743,org.apache.ivy.osgi.util.VersionRange.hashCode(),4,1,1,2,1
744,org.apache.ivy.core.module.descriptor.Configuration.getDescription(),42,5,28,0,0
745,org.apache.ivy.core.resolve.IvyNodeCallers.Caller.getAskedDependencyId(ResolveData),229,20,49,1,1
746,org.apache.ivy.plugins.resolver.AbstractResolver.getLatestStrategy(),296,12,47,5,5
747,org.apache.ivy.osgi.filter.OSGiFilterParser.Parser.parseCompareValue(),7,2,2,1,3
748,"org.apache.ivy.core.retrieve.RetrieveEngine.getConfs(ModuleRevisionId, RetrieveOptions)",258,12,68,4,8
749,org.apache.ivy.core.module.descriptor.DefaultModuleDescriptor.getQualifiedExtraAttributes(),2,0,0,1,1
750,org.apache.ivy.osgi.updatesite.xml.FeatureParser.FeatureHandler.FeatureHandler.(Anon_5).childHanlded(RequiresHandler),2,0,0,1,1
751,"org.apache.ivy.plugins.resolver.RepositoryResolver.getDestination(String, Artifact, ModuleRevisionId)",235,16,46,4,10
752,"org.apache.ivy.core.module.descriptor.DefaultModuleDescriptor.checkConf(Stack, String)",24,1,1,8,6
753,org.apache.ivy.plugins.resolver.IBiblioResolver.setM2compatible(boolean),22,4,5,2,5
754,"org.apache.ivy.plugins.matcher.MatcherHelper.isExact(PatternMatcher, String)",11,3,5,1,2
755,"org.apache.ivy.util.CredentialsUtil.promptCredentials(Credentials, File)",28,2,3,5,9
756,org.apache.ivy.core.settings.IvySettings.getNamespace(String),2,0,0,1,1
757,org.apache.ivy.core.search.ModuleEntry.toString(),3,1,1,1,1
758,org.apache.ivy.core.publish.PublishOptions.setMerge(boolean),363,16,64,0,0
759,org.apache.ivy.osgi.p2.P2Artifact.getVersion(),22,4,9,0,0
760,org.apache.ivy.core.settings.XmlSettingsParser.classpathStarted(Map),180,7,52,1,2
761,"org.apache.ivy.core.module.id.ModuleId.newInstance(String, String)",936,13,135,1,2
762,org.apache.ivy.tools.analyser.RepositoryAnalyser.main(String[]),312,0,0,17,56
763,org.apache.ivy.osgi.obr.xml.OBRXMLParser.ResourceHandler.ResourceHandler.(Anon_4).childHanlded(ResourceDocumentationHandler),3,0,0,1,2
764,org.apache.ivy.plugins.latest.LatestRevisionStrategy.isUsedefaultspecialmeanings(),2,1,1,0,0
765,org.apache.ivy.core.resolve.IvyNodeUsage.getDependencyIncludesSet(String),80,8,22,1,1
766,org.apache.ivy.ant.IvyInstall.doExecute(),694,0,0,14,97
767,org.apache.ivy.core.module.descriptor.DefaultModuleDescriptor.addInheritedDescriptor(ExtendsDescriptor),289,12,51,0,0
768,org.apache.ivy.plugins.parser.m2.PomWriterOptions.setExtraDependencies(List),29,3,18,0,0
769,"org.apache.ivy.util.url.URLHandlerDispatcher.upload(File, URL, CopyProgressListener)",3,0,0,1,2
770,"org.apache.ivy.plugins.resolver.IBiblioResolver.findTokenValues(Collection, List, Map, String)",42,0,0,6,12
771,org.apache.ivy.plugins.parser.xml.XmlModuleDescriptorUpdater.UpdaterHandler.writeInheritedConfigurations(ModuleDescriptor),30,3,10,3,6
772,"org.apache.ivy.plugins.repository.vsftp.VsftpRepository.sendCommand(String, boolean, boolean)",180,12,44,6,14
773,org.apache.ivy.core.resolve.VisitNode.getDependencies(String),471,9,54,14,48
774,org.apache.ivy.plugins.resolver.packager.BuiltFileResource.toString(),2,0,0,1,1
775,org.apache.ivy.plugins.parser.m2.PomModuleDescriptorBuilder.setDescription(String),399,12,108,1,1
776,org.apache.ivy.core.IvyContext.getContext(),1148,11,290,1,2
777,org.apache.ivy.core.report.ResolveReport.setDownloadTime(long),301,14,48,0,0
778,org.apache.ivy.core.report.ConfigurationResolveReport.getDate(),318,21,47,0,0
779,org.apache.ivy.util.Configurator.Attribute.getName(),54,6,19,0,0
780,org.apache.ivy.core.module.descriptor.ConfigurationAware.addConfiguration(String),9,3,4,0,0
781,org.apache.ivy.plugins.trigger.AbstractTrigger.createFilter(),159,1,1,12,50
782,"org.apache.ivy.osgi.updatesite.UpdateSiteDescriptor.UpdateSiteDescriptor(URI, ExecutionEnvironmentProfileProvider)",75,7,30,1,1
783,org.apache.ivy.plugins.parser.xml.UpdateOptions.setMerge(boolean),326,14,70,0,0
784,org.apache.ivy.core.cache.DefaultRepositoryCacheManager.getName(),417,16,96,0,0
785,org.apache.ivy.core.resolve.IvyNode.isEvicted(String),466,6,119,18,49
786,org.apache.ivy.plugins.resolver.AbstractResolver.getName(),716,12,184,0,0
787,org.apache.ivy.core.check.CheckEngineSettings.doValidate(),36,5,18,0,0
788,"org.apache.ivy.ant.IvyTask.getProperty(String, IvySettings, String, String)",309,16,65,5,5
789,org.apache.ivy.ant.IvyPostResolveTask.setModule(String),1,0,0,0,0
790,"org.apache.ivy.core.resolve.IvyNodeCallers.Caller.updateConfs(String, String[])",4,2,2,0,0
791,"org.apache.ivy.plugins.parser.xml.XmlModuleDescriptorWriter.printExtraInfoElement(PrintWriter, ExtraInfoHolder, int)",39,3,26,1,5
792,org.apache.ivy.core.settings.IvySettings.addConfigured(PatternMatcher),6,0,0,3,2
793,org.apache.ivy.core.resolve.IvyNode.isLoaded(),516,15,92,0,0
794,org.apache.ivy.plugins.repository.url.URLResource.getFile(),2,0,0,1,1
795,org.apache.ivy.osgi.updatesite.xml.FeatureParser.FeatureHandler.FeatureHandler(),17,3,3,2,7
796,org.apache.ivy.core.resolve.VisitNode.updateConfsToFetch(Collection),471,14,94,1,1
797,"org.apache.ivy.osgi.obr.xml.OBRXMLWriter.addAttr(AttributesImpl, String, String)",34,4,20,0,0
798,org.apache.ivy.plugins.parser.xml.XmlModuleDescriptorParser.Parser.setInput(URL),115,9,24,0,0
799,org.apache.ivy.util.Message.error(String),1333,12,360,3,5
800,org.apache.ivy.core.module.status.StatusManager.addStatus(Status),1,0,0,0,0
801,org.apache.ivy.util.url.HttpClientHandler.HttpClientHelper.getHttpClientMajorVersion(),15,6,5,0,0
802,org.apache.ivy.core.settings.IvySettings.getDefaultBranch(),12,6,3,0,0
803,org.apache.ivy.plugins.parser.m2.PomReader.getAllChilds(Element),7,2,4,0,0
804,"org.apache.ivy.plugins.matcher.MatcherHelper.isExact(PatternMatcher, ModuleId)",6,0,0,2,3
805,org.apache.ivy.core.report.ConfigurationResolveReport.getDownloadedNodes(),226,21,48,5,3
806,org.apache.ivy.plugins.lock.FileBasedLockStrategy.CreateFileLocker.CreateFileLocker(boolean),8,3,3,0,0
807,org.apache.ivy.ant.IvyDependencyUpdateChecker.doExecute(),724,0,0,13,105
808,"org.apache.ivy.plugins.namespace.MRIDTransformationRule.MridRuleMatcher.match(MRIDRule, ModuleRevisionId)",193,16,47,2,9
809,org.apache.ivy.core.resolve.VisitData.getVisitNodes(String),189,14,48,0,0
810,"org.apache.ivy.ant.IvyTask.getReference(String, String, String, boolean)",4,1,3,0,0
811,org.apache.ivy.plugins.parser.m2.PomReader.PomDependencyData.getClassifier(),235,16,48,2,2
812,org.apache.ivy.core.deliver.DeliverOptions.getPubBranch(),248,15,46,0,0
813,org.apache.ivy.plugins.matcher.GlobPatternMatcher.newMatcher(String),2,0,0,1,1
814,org.apache.ivy.core.retrieve.RetrieveOptions.setArtifactFilter(Filter),713,15,189,0,0
815,org.apache.ivy.plugins.resolver.AbstractResolver.ResolverParserSettings.getNamespace(String),3,0,0,1,2
816,"org.apache.ivy.Ivy.resolve(ModuleRevisionId, ResolveOptions, boolean)",763,7,34,14,97
817,"org.apache.ivy.plugins.parser.AbstractModuleDescriptorParser.AbstractParser.addExtendingConfigurations(String[], DefaultDependencyDescriptor, boolean)",206,0,0,19,49
818,"org.apache.ivy.core.module.descriptor.DefaultModuleDescriptor.addConflictManager(ModuleId, PatternMatcher, ConflictManager)",672,13,105,3,3
819,org.apache.ivy.plugins.resolver.DualResolver.abortPublishTransaction(),2,0,0,1,1
820,org.apache.ivy.osgi.p2.P2CompositeParser.ChildHandler.handleAttributes(Attributes),1,0,0,0,0
821,org.apache.ivy.plugins.parser.xml.XmlModuleDescriptorUpdater.ExtendedBuffer.setDefaultPrint(boolean),243,15,44,0,0
822,org.apache.ivy.ant.IvyPostResolveTask.isHaltonfailure(),124,10,35,0,0
823,"org.apache.ivy.util.url.ApacheURLLister.retrieveListing(URL, boolean, boolean)",19,1,3,4,6
824,"org.apache.ivy.plugins.resolver.DependencyResolver.download(ArtifactOrigin, DownloadOptions)",11,2,7,0,0
825,org.apache.ivy.core.deliver.DeliverOptions.getPdrResolver(),248,15,46,0,0
826,org.apache.ivy.plugins.resolver.AbstractResolver.setName(String),34,9,9,0,0
827,"org.apache.ivy.core.sort.ModuleInSort.match(DependencyDescriptor, VersionMatcher)",11,2,3,2,5
828,org.apache.ivy.core.resolve.IvyNode.getMainConf(String),10,3,4,0,0
829,"org.apache.ivy.plugins.report.LogReportOutputter.append(StringBuffer, Object, int)",265,16,48,0,0
830,org.apache.ivy.osgi.repo.AbstractFSManifestIterable.getInputStream(T),22,5,8,0,0
831,org.apache.ivy.core.deliver.DeliverEngine.DeliverEngine(DeliverEngineSettings),92,7,31,0,0
832,org.apache.ivy.core.resolve.ResolveEngineSettings.logModuleWhenFound(),300,15,53,0,0
833,org.apache.ivy.osgi.updatesite.xml.FeatureParser.FeatureHandler.FeatureHandler.(Anon_3).childHanlded(CopyrightHandler),3,0,0,1,2
834,"org.apache.ivy.plugins.resolver.AbstractPatternsBasedResolver.findResource(ResolvedResource[], ResourceMDParser, ModuleRevisionId, Date)",266,6,12,15,46
835,org.apache.ivy.ant.testutil.AntTaskTestCase.configureProject(),3,0,0,1,2
836,org.apache.ivy.core.module.descriptor.DefaultDependencyDescriptor.getIncludeRules(String[]),3,0,0,2,1
837,"org.apache.ivy.util.extendable.ExtendableItemHelper.getExtraAttributes(Attributes, String)",213,15,49,0,0
838,"org.apache.ivy.plugins.resolver.DualResolver.publish(Artifact, File, boolean)",3,0,0,1,2
839,org.apache.ivy.core.resolve.IvyNode.findNode(ModuleRevisionId),224,20,49,4,2
840,org.apache.ivy.core.report.ArtifactDownloadReport.getDownloadStatus(),648,12,155,0,0
841,org.apache.ivy.core.resolve.IvyNode.getCallers(String),264,20,45,1,1
842,"org.apache.ivy.plugins.parser.xml.XmlModuleDescriptorWriter.printConfiguration(Configuration, PrintWriter)",15,2,2,2,9
843,org.apache.ivy.plugins.resolver.BasicResolver.getChecksumAlgorithms(),63,7,14,1,2
844,org.apache.ivy.plugins.circular.CircularDependencyHelper.toMrids(ModuleDescriptor[]),4,2,1,1,1
845,org.apache.ivy.plugins.resolver.AbstractResolver.doValidate(ResolveData),234,12,46,2,1
846,org.apache.ivy.plugins.latest.LatestRevisionStrategy.SpecialMeaning.validate(),6,3,3,0,0
847,org.apache.ivy.core.cache.RepositoryCacheManager.getSavedArtifactOrigin(Artifact),245,12,46,0,0
848,org.apache.ivy.util.url.HttpClientHandler.HttpClientHandler(),13,0,0,5,5
849,org.apache.ivy.core.search.RevisionEntry.getResolver(),6,2,2,2,1
850,org.apache.ivy.core.module.descriptor.DefaultModuleDescriptor.toIvyFile(File),116,0,0,8,49
851,"org.apache.ivy.core.resolve.ResolveProcessException.ResolveProcessException(String, Throwable)",2,1,1,0,0
852,org.apache.ivy.core.publish.PublishOptions.setWarnOnMissing(boolean),363,16,64,0,0
853,"org.apache.ivy.plugins.namespace.MRIDTransformationRule.MridRuleMatcher.applyTypeRule(String, String, String, Matcher)",2,1,1,0,0
854,org.apache.ivy.core.publish.PublishOptions.isHaltOnMissing(),212,13,46,0,0
855,org.apache.ivy.plugins.parser.m2.PomReader.PomDependencyMgtElement.getGroupId(),235,16,48,2,2
856,org.apache.ivy.Ivy.listOrganisationEntries(),15,1,1,3,8
857,"org.apache.ivy.util.MockMessageLogger.log(String, int)",1,0,0,0,0
858,org.apache.ivy.ant.IvyResolve.setCache(File),2,0,0,1,1
859,"org.apache.ivy.plugins.report.XmlReportParser.SaxXmlReportParser.XmlReportParserHandler.startElement(String, String, String, Attributes)",213,0,0,14,49
860,org.apache.ivy.core.sort.SortOptions.isUseCircularDependencyStrategy(),52,7,12,0,0
861,org.apache.ivy.ant.IvyTask.finalizeTask(),30,6,5,4,4
862,org.apache.ivy.Ivy14.resolve(URL),643,0,0,16,100
863,"org.apache.ivy.plugins.version.LatestVersionMatcher.needModuleDescriptor(ModuleRevisionId, ModuleRevisionId)",159,1,1,12,50
864,org.apache.ivy.core.report.ConfigurationResolveReport.getModuleIds(),318,21,47,8,12
865,org.apache.ivy.ant.IvyTask.setValidate(boolean),376,16,63,0,0
866,org.apache.ivy.core.module.descriptor.DefaultModuleDescriptor.getInheritedDescriptors(),1,0,0,0,0
867,"org.apache.ivy.Main.initMessage(CommandLine, Ivy)",625,15,137,2,4
868,org.apache.ivy.plugins.repository.vsftp.VsftpRepository.readResponse.(Anon_2).run(),2,0,0,1,1
869,org.apache.ivy.core.cache.ParserSettingsMonitor.getMonitoredSettings(),16,6,5,0,0
870,org.apache.ivy.plugins.report.XmlReportParser.getDependencyRevisionIds(),221,21,45,1,1
871,org.apache.ivy.core.module.id.ArtifactRevisionId.getName(),19,3,8,1,1
872,"org.apache.ivy.plugins.resolver.IvyRepResolver.getDependency(DependencyDescriptor, ResolveData)",475,0,0,12,100
873,"org.apache.ivy.Ivy14.resolve(ModuleDescriptor, String[], File, Date, boolean, boolean, boolean, Filter)",646,0,0,16,98
874,org.apache.ivy.core.settings.IvySettings.setCheckUpToDate(boolean),57,7,15,0,0
875,org.apache.ivy.core.resolve.ResolveOptions.getDate(),2,1,1,0,0
876,org.apache.ivy.ant.AddPathTask.createPath(),1,0,0,0,0
877,"org.apache.ivy.plugins.conflict.StrictConflictException.StrictConflictException(IvyNode, IvyNode)",39,6,8,3,6
878,org.apache.ivy.core.module.descriptor.ModuleDescriptor.getExtraAttributesNamespaces(),178,8,57,0,0
879,"org.apache.ivy.plugins.lock.FileBasedLockStrategy.FileBasedLockStrategy(FileLocker, boolean)",6,2,3,1,1
880,org.apache.ivy.core.sort.ModuleInSort.setCaller(ModuleInSort),36,5,11,0,0
881,org.apache.ivy.core.report.ArtifactDownloadReport.getType(),276,12,83,1,1
882,org.apache.ivy.osgi.core.BundleInfo.getClasspath(),3,2,1,0,0
883,org.apache.ivy.osgi.updatesite.xml.EclipsePlugin.setId(String),7,2,5,0,0
884,org.apache.ivy.plugins.repository.jar.JarRepository.setJarFile(JarFile),5,3,2,0,0
885,org.apache.ivy.util.url.HttpClientHandler.getClient.(Anon_1).run(),1,0,0,0,0
886,org.apache.ivy.ant.IvyTask.toString(),1,0,0,0,0
887,"org.apache.ivy.core.retrieve.RetrieveEngine.upToDate(File, File, RetrieveOptions)",258,12,52,1,1
888,org.apache.ivy.core.cache.DefaultResolutionCacheManager.DefaultResolutionCacheManager(File),33,7,7,1,1
889,org.apache.ivy.plugins.repository.vsftp.VsftpRepository.ensureConnectionOpened.(Anon_3).run(),46,0,0,8,15
890,"org.apache.ivy.plugins.report.XmlReportWriter.outputEvictionInformation(ConfigurationResolveReport, PrintWriter, IvyNode)",274,4,29,19,49
891,"org.apache.ivy.osgi.obr.xml.OBRXMLWriter.addAttr(AttributesImpl, String, Object)",34,5,13,0,0
892,"org.apache.ivy.plugins.matcher.MatcherHelper.matches(PatternMatcher, String, String)",16,3,9,1,2
893,"org.apache.ivy.util.EncrytedProperties.setProperty(String, String)",3,0,0,1,2
894,"org.apache.ivy.util.FileResolver.resolveFile(String, String)",9,3,5,0,0
895,org.apache.ivy.core.resolve.ResolveEngine.locate(Artifact),4,0,0,1,3
896,org.apache.ivy.core.module.descriptor.DefaultDependencyArtifactDescriptor.addConfiguration(String),1,0,0,0,0
897,org.apache.ivy.ant.IvyResolve.setUseOrigin(boolean),37,6,15,0,0
898,org.apache.ivy.ant.IvyPostResolveTask.setKeep(boolean),1,0,0,0,0
899,org.apache.ivy.ant.IvyPostResolveTask.getLog(),836,14,157,0,0
900,"org.apache.ivy.plugins.report.LogReportOutputter.output(ResolveReport, ResolutionCacheManager, ResolveOptions)",265,0,0,15,48
901,org.apache.ivy.osgi.updatesite.xml.EclipseFeature.setApplication(String),18,5,13,0,0
902,org.apache.ivy.plugins.resolver.AbstractSshBasedResolver.getSshBasedRepository(),49,7,11,1,1
903,org.apache.ivy.core.resolve.ResolveEngineSettings.getReportOutputters(),22,5,8,0,0
904,org.apache.ivy.ant.IvyResolve.isInline(),757,15,107,0,0
905,org.apache.ivy.plugins.repository.vfs.VfsRepository.getResource(String),16,0,0,6,5
906,"org.apache.ivy.osgi.util.DelegatingHandler.addChild(DH, ChildElementHandler)",60,3,31,1,1
907,"org.apache.ivy.core.module.descriptor.DefaultArtifact.DefaultArtifact(ModuleRevisionId, Date, String, String, String, Map)",226,12,47,5,9
908,org.apache.ivy.core.event.IvyEvent.getName(),8,2,4,0,0
909,org.apache.ivy.plugins.report.XmlReportParser.getRealDependencyRevisionIds(),72,5,39,1,1
910,"org.apache.ivy.core.module.id.ArtifactRevisionId.ArtifactRevisionId(ArtifactId, ModuleRevisionId)",18,0,0,3,9
911,org.apache.ivy.core.module.descriptor.ModuleDescriptor.getExtraInfo(),7,2,5,0,0
912,org.apache.ivy.plugins.resolver.JarResolver.setUrl(String),2,0,0,1,1
913,org.apache.ivy.ant.IvyInstall.setTo(String),1,0,0,0,0
914,org.apache.ivy.osgi.filter.CompareFilter.equals(Object),1,0,0,0,0
915,org.apache.ivy.util.url.HttpClientHandler.useProxyAuthentication(),15,3,7,0,0
916,org.apache.ivy.core.event.IvyEventFilter.accept(Object),2,0,0,1,1
917,"org.apache.ivy.util.XMLHelper.parse(InputStream, URL, DefaultHandler, LexicalHandler)",22,0,0,7,5
918,"org.apache.ivy.plugins.version.VersionRangeMatcher.VersionRangeMatcher(String, LatestStrategy)",2,0,0,1,1
919,org.apache.ivy.ant.IvyPublish.setRevision(String),1,0,0,0,0
920,org.apache.ivy.core.resolve.VisitNode.getConfiguration(String),471,14,94,2,3
921,org.apache.ivy.core.resolve.ResolveData.setCurrentVisitNode(VisitNode),477,14,97,0,0
922,"org.apache.ivy.core.module.descriptor.DefaultModuleDescriptor.containsAny(String[], String[])",3,2,1,0,0
923,org.apache.ivy.osgi.core.ManifestHeaderValue.getElements(),59,8,21,0,0
924,org.apache.ivy.plugins.lock.FileBasedLockStrategy.CreateFileLocker.unlock(File),2,0,0,1,1
925,org.apache.ivy.osgi.repo.ResolverManifestIterable.ResolverManifestIterator.ResolverManifestIterator(),86,1,1,6,29
926,"org.apache.ivy.core.resolve.VisitData.addVisitNodes(String, List)",16,4,5,1,1
927,"org.apache.ivy.core.search.SearchEngine.addMatcher(PatternMatcher, String, Map, String)",190,15,49,1,2
928,org.apache.ivy.osgi.filter.CompareFilter.getLeftValue(),6,2,4,0,0
929,org.apache.ivy.osgi.repo.FSManifestIterable.FSManifestIterable(File),428,23,85,1,1
930,org.apache.ivy.ant.IvyBuildList.setExcludeLeaf(boolean),1,0,0,0,0
931,org.apache.ivy.osgi.filter.MultiOperatorFilter.MultiOperatorFilter(OSGiFilter[]),4,1,2,1,1
932,org.apache.ivy.core.pack.PackingRegistry.PackingRegistry(),3,0,0,2,1
933,org.apache.ivy.plugins.parser.xml.XmlModuleDescriptorParser.Parser.parseOtherIvyFile(ModuleRevisionId),289,10,36,10,47
934,"org.apache.ivy.plugins.repository.ssh.Scp.put(String, String, String, String)",205,16,44,3,2
935,"org.apache.ivy.util.StringUtils.repeat(String, int)",6,3,3,0,0
936,"org.apache.ivy.plugins.resolver.FileSystemResolver.beginPublishTransaction(ModuleRevisionId, boolean)",198,0,0,15,46
937,"org.apache.ivy.plugins.resolver.util.ResolverHelper.listAll(URLLister, URL)",25,3,4,4,5
938,org.apache.ivy.util.url.URLHandler.URLInfo.getContentLength(),9,2,5,0,0
939,org.apache.ivy.core.cache.ArtifactOrigin.getLastChecked(),84,10,15,0,0
940,"org.apache.ivy.osgi.util.Version.Version(int, int, int, String)",17,3,6,0,0
941,org.apache.ivy.core.resolve.ResolveOptions.isTransitive(),656,13,102,0,0
942,org.apache.ivy.core.module.descriptor.DefaultDependencyDescriptor.getExcludeRules(String[]),192,17,49,2,1
943,org.apache.ivy.plugins.parser.ParserSettings.getConflictManager(String),22,5,7,0,0
944,org.apache.ivy.osgi.p2.P2MetadataParser.UnitHandler.UnitHandler(),21,1,1,3,10
945,"org.apache.ivy.core.module.descriptor.DefaultModuleDescriptor.addArtifact(String, Artifact)",430,17,109,8,9
946,org.apache.ivy.core.LogOptions.setLog(String),870,13,158,0,0
947,org.apache.ivy.plugins.resolver.IBiblioResolver.updateWholePattern(),15,2,5,1,5
948,org.apache.ivy.ant.IvyDependency.createExclude(),1,0,0,0,0
949,org.apache.ivy.osgi.repo.AbstractFSManifestIterable.listBundleFiles(T),22,5,8,0,0
950,org.apache.ivy.osgi.util.VersionRange.contains(String),5,0,0,3,2
951,org.apache.ivy.osgi.repo.AbstractOSGiResolver.setRequirementStrategy(String),3,0,0,1,2
952,org.apache.ivy.core.module.descriptor.MDArtifact.newIvyArtifact(ModuleDescriptor),212,13,46,2,1
953,org.apache.ivy.osgi.repo.RepositoryManifestIterable.buildBundleURI(String),3,0,0,1,2
954,"org.apache.ivy.util.Configurator.addMacroElement(String, boolean)",8,0,0,3,4
955,"org.apache.ivy.core.module.id.ModuleId.ModuleId(String, String)",977,13,178,0,0
956,"org.apache.ivy.osgi.core.BundleArtifact.BundleArtifact(boolean, URI, String)",396,18,83,0,0
957,org.apache.ivy.plugins.parser.xml.XmlModuleDescriptorUpdater.UpdaterHandler.getIndent(),243,16,44,1,1
958,org.apache.ivy.osgi.updatesite.xml.Require.setPlugin(String),7,2,5,0,0
959,org.apache.ivy.ant.IvyInfo.setProperty(String),1,0,0,0,0
960,"org.apache.ivy.ant.IvyBuildList.onMissingDescriptor(File, File, List)",98,9,21,4,5
961,org.apache.ivy.plugins.version.Match.getRevision(),2,1,1,0,0
962,org.apache.ivy.ant.IvyExtractFromSources.getMapping(String),9,3,4,0,0
963,org.apache.ivy.osgi.util.VersionRange.VersionRangeParser.unread(),9,2,7,0,0
964,org.apache.ivy.plugins.resolver.VsftpResolver.disconnect(),46,0,0,8,16
965,org.apache.ivy.plugins.repository.ssh.AbstractSshBasedRepository.getKeyFile(),187,15,44,0,0
966,"org.apache.ivy.core.resolve.VisitNode.getEvictionDataInRoot(String, VisitNode)",371,15,50,9,13
967,org.apache.ivy.core.sort.SimpleSortEngineSettings.setCircularDependencyStrategy(CircularDependencyStrategy),1,0,0,0,0
968,org.apache.ivy.osgi.p2.P2CompositeParser.ChildHandler.ChildHandler(),5,3,1,1,1
969,org.apache.ivy.plugins.parser.m2.PomReader.PomPluginElement.getVersion(),5,0,0,2,2
970,"org.apache.ivy.plugins.version.VersionRangeMatcher.compare(ModuleRevisionId, ModuleRevisionId, Comparator)",178,0,0,14,49
971,org.apache.ivy.plugins.trigger.LogTrigger.setAppend(boolean),1,0,0,0,0
972,org.apache.ivy.Ivy14.listOrganisationEntries(),15,0,0,4,8
973,org.apache.ivy.core.install.InstallOptions.setTransitive(boolean),695,15,97,0,0
974,org.apache.ivy.osgi.util.Version.compareUnqualified(Version),4,1,2,1,1
975,org.apache.ivy.ant.IvyConvertPom.setIvyFile(File),1,0,0,0,0
976,org.apache.ivy.core.resolve.IvyNodeUsage.addAndGetConfigurations(String),17,5,5,0,0
977,org.apache.ivy.ant.IvyReport.setOutputpattern(String),1,0,0,0,0
978,"org.apache.ivy.core.report.ResolveReport.getArtifactsReports(DownloadStatus, boolean)",219,3,2,22,49
979,org.apache.ivy.plugins.repository.ssh.SshCache.Entry.Entry.(Anon_1).progress(IvyEvent),167,0,0,14,48
980,org.apache.ivy.osgi.core.ManifestHeaderValue.getSingleValue(),59,8,20,1,1
981,org.apache.ivy.plugins.conflict.StrictConflictManager.StrictConflictManager(),74,5,28,0,0
982,org.apache.ivy.osgi.core.BundleInfoAdapter.decodeIvyURI(URI),194,1,1,15,49
983,org.apache.ivy.plugins.parser.m2.PomDependencyMgt.getArtifactId(),399,12,100,0,0
984,"org.apache.ivy.core.settings.IvySettings.setVariable(String, String, boolean, String, String)",15,1,2,4,5
985,org.apache.ivy.util.url.HttpClientHandler.HttpClientHelper2x.getResponseContentLength(HttpMethodBase),11,0,0,4,5
986,org.apache.ivy.core.resolve.ResolveOptions.setArtifactFilter(Filter),639,15,137,0,0
987,org.apache.ivy.core.module.descriptor.ExcludeRule.getConfigurations(),17,2,13,0,0
988,org.apache.ivy.Ivy14.sortNodes(Collection),64,0,0,9,12
989,org.apache.ivy.plugins.repository.jar.JarResource.getName(),2,1,1,0,0
990,org.apache.ivy.core.search.SearchEngine.listModuleEntries(OrganisationEntry),16,4,6,1,4
991,"org.apache.ivy.plugins.parser.xml.XmlModuleDescriptorWriter.printPublications(ModuleDescriptor, PrintWriter)",112,7,45,2,7
992,org.apache.ivy.core.resolve.VisitNode.isConfRequiredByMergedUsageOnly(String),471,14,94,2,1
993,org.apache.ivy.plugins.latest.LatestRevisionStrategy.addConfiguredSpecialMeaning(SpecialMeaning),6,0,0,2,4
994,"org.apache.ivy.core.IvyPatternHelper.substitute(String, ModuleRevisionId, Artifact)",305,15,44,3,10
995,"org.apache.ivy.core.event.EventManager.addIvyListener(IvyListener, String)",166,12,46,3,3
996,org.apache.ivy.osgi.filter.UniOperatorFilter.append(StringBuffer),4,0,0,2,2
997,org.apache.ivy.plugins.parser.m2.PomReader.PomDependencyData.getType(),235,16,48,2,2
998,org.apache.ivy.core.module.descriptor.ExtendsDescriptor.getResolvedParentRevisionId(),766,15,108,0,0
999,"org.apache.ivy.plugins.latest.LatestTimeStrategy.(Anon_1).compare(Object, Object)",2,0,0,1,1
1000,org.apache.ivy.core.cache.DefaultRepositoryCacheManager.removeSavedArtifactOrigin(Artifact),413,16,71,9,15
1001,"org.apache.ivy.core.cache.DefaultRepositoryCacheManager.downloadRepositoryResource(Resource, String, String, String, CacheResourceOptions, Repository)",292,0,0,15,41
1002,org.apache.ivy.core.module.descriptor.DependencyDescriptor.getAllExcludeRules(),72,4,37,0,0
1003,org.apache.ivy.osgi.updatesite.xml.EclipseFeature.setLabel(String),22,5,16,0,0
1004,org.apache.ivy.osgi.filter.OSGiFilterParser.Parser.parseMultiOperator(MultiOperatorFilter),20,0,0,4,6
1005,org.apache.ivy.plugins.parser.xml.XmlModuleDescriptorParser.Parser.mergeInfo(ModuleDescriptor),235,5,17,14,49
1006,"org.apache.ivy.core.settings.IvySettings.loadProperties(InputStream, boolean)",16,0,0,7,5
1007,org.apache.ivy.core.resolve.VisitNode.getPath(),213,13,48,1,1
1008,org.apache.ivy.plugins.repository.TransferEvent.getName(int),157,13,50,0,0
1009,org.apache.ivy.plugins.conflict.FixedConflictManager.getRevs(),1,0,0,0,0
1010,org.apache.ivy.core.module.descriptor.Configuration.Visibility.toString(),12,3,8,0,0
1011,org.apache.ivy.core.settings.IvySettings.debugLocking(),74,5,28,2,1
1012,org.apache.ivy.osgi.updatesite.xml.FeatureParser.CopyrightHandler.CopyrightHandler(),11,3,5,1,2
1013,org.apache.ivy.core.repository.RepositoryManagementEngine.loadModuleRevision(ModuleRevisionId),213,17,46,4,10
1014,org.apache.ivy.core.resolve.ResolveData.getNodeIds(),239,20,45,0,0
1015,org.apache.ivy.core.resolve.IvyNodeEviction.EvictionData.getParent(),268,15,46,0,0
1016,"org.apache.ivy.ant.IvyRetrieve.getPath(File, File)",384,14,80,0,0
1017,org.apache.ivy.plugins.repository.jar.JarResource.clone(String),2,0,0,1,1
1018,org.apache.ivy.osgi.util.DelegatingHandler.fatalError(SAXParseException),2,0,0,1,1
1019,org.apache.ivy.plugins.trigger.AbstractTrigger.getEvent(),158,13,50,0,0
1020,org.apache.ivy.core.resolve.ResolveOptions.ResolveOptions(ResolveOptions),659,14,97,1,1
1021,org.apache.ivy.util.MessageLogger.warn(String),14,4,5,0,0
1022,org.apache.ivy.ant.IvyResources.setLocation(Location),1,0,0,0,0
1023,"org.apache.ivy.plugins.repository.vsftp.VsftpRepository.sendCommand(String, Pattern, long)",191,12,46,7,17
1024,org.apache.ivy.osgi.repo.AbstractOSGiResolver.RequirementStrategy.valueOf(String),3,2,1,0,0
1025,org.apache.ivy.plugins.latest.LatestRevisionStrategy.SpecialMeaning.setName(String),1,0,0,0,0
1026,org.apache.ivy.core.resolve.IvyNode.markEvicted(EvictionData),271,21,44,4,6
1027,org.apache.ivy.core.module.id.ModuleRevisionId.getOrganisation(),1257,13,339,1,2
1028,org.apache.ivy.osgi.util.Version.qualifier(),2,0,0,1,1
1029,org.apache.ivy.core.cache.DefaultRepositoryCacheManager.BackupResourceDownloader.cleanUp(),413,16,91,0,0
1030,"org.apache.ivy.util.FileUtil.listAll(File, Collection, Collection)",2,1,1,0,0
1031,org.apache.ivy.ant.IvyDependency.setName(String),1,0,0,0,0
1032,org.apache.ivy.core.settings.IvySettings.addRepositoryCacheManager(RepositoryCacheManager),37,7,7,2,2
1033,org.apache.ivy.plugins.conflict.AbstractConflictManager.getName(),2,1,1,0,0
1034,org.apache.ivy.ant.IvyPublish.PublishArtifact.getAttribute(String),1,0,0,0,0
1035,org.apache.ivy.core.sort.SortOptions.setNonMatchingVersionReporter(NonMatchingVersionReporter),66,9,15,0,0
1036,org.apache.ivy.util.Configurator.addConfiguredMacrodef(MacroDef),5,3,1,1,1
1037,org.apache.ivy.plugins.matcher.AbstractPatternMatcher.AbstractPatternMatcher(String),5,1,4,0,0
1038,org.apache.ivy.core.publish.PublishOptions.isOverwrite(),212,13,46,0,0
1039,org.apache.ivy.core.module.descriptor.DependencyDescriptor.canExclude(),44,4,26,0,0
1040,org.apache.ivy.osgi.core.BundleInfoAdapter.buildIvyURI(Artifact),488,13,90,2,9
1041,org.apache.ivy.osgi.p2.P2MetadataParser.ReferencesHandler.ReferencesHandler.(Anon_3).childHanlded(RepositoryReferenceHandler),1,0,0,0,0
1042,"org.apache.ivy.core.install.InstallEngine.InstallEngine(InstallEngineSettings, SearchEngine, ResolveEngine)",92,7,31,0,0
1043,org.apache.ivy.plugins.repository.ssh.SshCache.Entry.getChannelSftp(),14,6,5,0,0
1044,org.apache.ivy.ant.PackageMapping.getModuleRevisionId(),178,2,1,15,49
1045,org.apache.ivy.core.event.EventManager.fireTransferEvent(TransferEvent),5,3,1,1,1
1046,"org.apache.ivy.plugins.resolver.DependencyResolver.listTokenValues(String[], Map)",190,15,49,0,0
1047,org.apache.ivy.osgi.obr.xml.Requirement.setOptional(boolean),31,7,7,0,0
1048,"org.apache.ivy.core.resolve.ResolveData.isEqual(Object, Object)",2,1,1,0,0
1049,"org.apache.ivy.core.resolve.VisitNode.VisitNode(ResolveData, IvyNode, VisitNode, String, String, IvyNodeUsage)",169,13,48,5,6
1050,org.apache.ivy.plugins.parser.m2.PomReader.PomPluginElement.PomPluginElement(Element),3,2,1,0,0
1051,org.apache.ivy.osgi.core.BundleRequirement.getName(),210,17,49,0,0
1052,org.apache.ivy.util.Configurator.endCreateChild(),59,3,4,7,13
1053,"org.apache.ivy.ant.IvyArtifactReport.removeLeadingPath(File, File)",2,1,1,0,0
1054,org.apache.ivy.ant.IvyMakePom.Dependency.getScope(),8,2,6,0,0
1055,"org.apache.ivy.plugins.parser.m2.PomModuleDescriptorWriter.write(ModuleDescriptor, File, PomWriterOptions)",249,6,20,11,49
1056,org.apache.ivy.core.module.descriptor.DefaultDependencyDescriptor.getDependencyId(),249,16,48,1,2
1057,org.apache.ivy.plugins.report.XmlReportParser.SaxXmlReportParser.getArtifactReports(),2,1,1,0,0
1058,"org.apache.ivy.plugins.resolver.BasicResolver.checkModuleDescriptorRevision(ModuleDescriptor, ModuleRevisionId)",198,15,46,2,7
1059,org.apache.ivy.core.settings.IvySettings.loadDefault(),141,9,23,6,26
1060,org.apache.ivy.plugins.repository.sftp.SFTPResource.init(),204,1,3,17,44
1061,org.apache.ivy.core.module.descriptor.ModuleDescriptor.getHomePage(),376,20,79,0,0
1062,org.apache.ivy.osgi.p2.P2ArtifactParser.MappingsHandler.handleAttributes(Attributes),1,0,0,0,0
1063,org.apache.ivy.osgi.core.ManifestHeaderValue.ManifestHeaderParser.endValue(),14,4,4,2,2
1064,"org.apache.ivy.core.resolve.IvyNodeBlacklist.IvyNodeBlacklist(IvyNode, IvyNode, IvyNode, IvyNode, String)",222,20,49,0,0
1065,org.apache.ivy.core.module.descriptor.ExtendsDescriptor.getParentRevisionId(),39,3,27,0,0
1066,org.apache.ivy.core.module.descriptor.DefaultModuleDescriptor.canExclude(),1,0,0,0,0
1067,org.apache.ivy.plugins.resolver.RepositoryResolver.exist(String),3,0,0,1,2
1068,"org.apache.ivy.core.resolve.ResolvedModuleRevision.ResolvedModuleRevision(DependencyResolver, DependencyResolver, ModuleDescriptor, MetadataArtifactDownloadReport, boolean)",489,12,117,0,0
1069,org.apache.ivy.plugins.latest.LatestTimeStrategy.LatestTimeStrategy(),74,5,28,1,2
1070,org.apache.ivy.osgi.p2.P2MetadataParser.ProvidedHandler.handleAttributes(Attributes),5,0,0,3,2
1071,org.apache.ivy.osgi.core.BundleInfo.getVersionTarget(),43,5,16,0,0
1072,org.apache.ivy.util.cli.CommandLine.hasOption(String),625,15,138,0,0
1073,org.apache.ivy.plugins.repository.vfs.VfsTestHelper.createVFSUriSet(String),98,0,0,10,29
1074,org.apache.ivy.util.MessageLogger.endProgress(String),14,4,5,0,0
1075,org.apache.ivy.tools.analyser.JarModuleFinder.JarModuleFinder(String),342,17,64,0,0
1076,"org.apache.ivy.ant.IvyDependencyTree.addDependency(ModuleRevisionId, IvyNode)",7,3,3,1,1
1077,org.apache.ivy.osgi.repo.EditableRepoDescriptor.equals(Object),1,0,0,0,0
1078,org.apache.ivy.ant.IvyListModules.setProperty(String),1,0,0,0,0
1079,org.apache.ivy.osgi.updatesite.xml.UpdateSite.addFeature(EclipseFeature),2,1,1,0,0
1080,org.apache.ivy.plugins.resolver.packager.PackagerResolver.setPreserveBuildDirectories(boolean),1,0,0,0,0
1081,"org.apache.ivy.core.IvyPatternHelper.substitute(String, String, String, String, String, String, String, String, String, ArtifactOrigin, Map, Map)",77,5,39,1,3
1082,org.apache.ivy.plugins.repository.vsftp.VsftpRepository.getAuthentication(),40,5,11,0,0
1083,org.apache.ivy.core.module.descriptor.DefaultDependencyDescriptor.getAllExcludeRules(),2,0,0,1,1
1084,org.apache.ivy.plugins.parser.xml.UpdateOptions.getPubdate(),11,2,9,0,0
1085,"org.apache.ivy.core.resolve.VisitNode.toMrids(Collection, ModuleRevisionId)",168,13,48,1,2
1086,"org.apache.ivy.plugins.repository.jar.JarRepository.get(String, File)",167,0,0,14,50
1087,org.apache.ivy.core.cache.ResolutionCacheManager.getResolvedModuleDescriptor(ModuleRevisionId),331,14,74,0,0
1088,org.apache.ivy.core.IvyContext.pushNewContext(),8,2,3,2,2
1089,"org.apache.ivy.core.cache.DefaultResolutionCacheManager.getConfigurationResolveReportInCache(String, String)",2,0,0,1,1
1090,org.apache.ivy.osgi.updatesite.UpdateSiteResolver.setUrl(String),1,0,0,0,0
1091,org.apache.ivy.osgi.updatesite.UpdateSiteDescriptor.addFeature(EclipseFeature),75,5,11,5,30
1092,org.apache.ivy.osgi.core.BundleInfo.getServices(),2,0,0,1,1
1093,org.apache.ivy.util.MessageLoggerEngine.sumupProblems(),12,0,0,3,8
1094,org.apache.ivy.core.settings.IvySettings.setDefaultResolver(String),27,5,11,1,1
1095,org.apache.ivy.util.cli.CommandLine.getLeftOverArgs(),625,15,137,0,0
1096,org.apache.ivy.osgi.obr.xml.OBRXMLParser.ResourceHandler.getCurrentElementIdentifier(),6,0,0,3,3
1097,"org.apache.ivy.core.module.descriptor.DefaultModuleDescriptor.addExtraAttributeNamespace(String, String)",276,17,46,0,0
1098,"org.apache.ivy.core.cache.DefaultRepositoryCacheManager.getGroupIntValue(java.util.regex.Matcher, int)",2,1,1,0,0
1099,"org.apache.ivy.plugins.resolver.packager.PackagerCacheEntry.getSubdir(File, ModuleRevisionId)",8,1,1,2,3
1100,org.apache.ivy.plugins.resolver.DependencyResolver.getNamespace(),190,15,49,0,0
1101,org.apache.ivy.util.Configurator.ObjectDescriptor.getAddConfiguredMethod(Class),53,8,12,1,1
1102,org.apache.ivy.osgi.repo.ManifestAndLocation.getUri(),123,9,52,0,0
1103,org.apache.ivy.plugins.resolver.SshResolver.setCreateDirCommand(String),3,0,0,1,2
1104,"org.apache.ivy.osgi.core.BundleInfoAdapter.asMrid(String, String, Version)",268,6,33,15,49
1105,org.apache.ivy.util.Configurator.MacroDef.recordCreateChild(String),25,4,9,1,1
1106,"org.apache.ivy.util.XMLHelper.newSAXParser(URL, InputStream, boolean)",20,2,2,5,5
1107,org.apache.ivy.plugins.repository.ssh.AbstractSshBasedRepository.requestCredentials(String),187,15,44,6,8
1108,"org.apache.ivy.util.url.HttpClientHandler.doHead(URL, int)",40,5,9,3,4
1109,org.apache.ivy.plugins.matcher.ExactOrRegexpPatternMatcher.ExactOrRegexpMatcher.matches(String),2,0,0,1,1
1110,"org.apache.ivy.plugins.matcher.MapMatcher.MapMatcher(Map, PatternMatcher)",15,4,4,1,1
1111,"org.apache.ivy.plugins.report.XmlReportWriter.output(ConfigurationResolveReport, OutputStream)",319,0,0,21,47
1112,org.apache.ivy.plugins.lock.NIOFileLockStrategy.NIOFileLockStrategy(boolean),74,5,28,3,3
1113,org.apache.ivy.util.url.AbstractURLHandler.isReachable(URL),3,0,0,1,2
1114,org.apache.ivy.plugins.repository.TransferEvent.setRequestType(int),157,13,50,1,1
1115,org.apache.ivy.ant.AntMessageLogger.doEndProgress(String),1,0,0,0,0
1116,org.apache.ivy.util.CopyProgressEvent.getReadBytes(),16,4,7,0,0
1117,org.apache.ivy.plugins.parser.m2.PomModuleDescriptorBuilder.getJavadocArtifact(),51,10,14,2,2
1118,"org.apache.ivy.core.resolve.ResolveEngine.download(ArtifactOrigin, DownloadOptions)",5,0,0,1,4
1119,org.apache.ivy.osgi.core.ManifestParser.formatLines(String),25,5,10,0,0
1120,org.apache.ivy.plugins.parser.ParserSettings.getStatusManager(),247,15,47,0,0
1121,org.apache.ivy.plugins.version.VersionRangeMatcher.VersionRangeMatcher(),15,4,5,1,1
1122,"org.apache.ivy.plugins.parser.xml.XmlModuleDescriptorParser.toIvyFile(InputStream, Resource, File, ModuleDescriptor)",174,0,0,11,48
1123,org.apache.ivy.ant.IvyMakePom.getTemplateFile(),29,3,18,0,0
1124,"org.apache.ivy.util.url.HttpClientHandler.download(URL, File, CopyProgressListener)",31,0,0,5,9
1125,org.apache.ivy.core.retrieve.RetrieveOptions.getDestArtifactPattern(),258,12,53,0,0
1126,org.apache.ivy.core.cache.ArtifactOrigin.isUnknown(ArtifactOrigin),750,12,120,1,1
1127,"org.apache.ivy.plugins.parser.xml.XmlModuleDescriptorUpdater.UpdaterHandler.UpdaterHandler(URL, PrintWriter, UpdateOptions)",12,1,1,1,10
1128,"org.apache.ivy.plugins.resolver.util.ResolverHelper.listAll(Repository, String)",29,3,4,4,5
1129,org.apache.ivy.ant.IvyPostResolveTask.createExclude(),2,0,0,1,1
1130,"org.apache.ivy.plugins.repository.ssh.SshRepository.put(File, String, boolean)",205,0,0,15,44
1131,org.apache.ivy.osgi.filter.OSGiFilterParser.Parser.parseFilter(),21,1,1,3,7
1132,"org.apache.ivy.core.resolve.ResolveEngine.resolveConflicts(VisitNode, VisitNode, Collection, ConflictManager)",371,15,50,7,11
1133,org.apache.ivy.osgi.repo.RepoDescriptor.getCapabilities(),284,21,47,0,0
1134,"org.apache.ivy.ant.IvyAntVariableContainer.setVariable(String, String, boolean)",16,0,0,4,6
1135,org.apache.ivy.util.Configurator.Element.getName(),54,5,19,0,0
1136,org.apache.ivy.ant.ConvertManifestTask.doExecute(),423,0,0,17,66
1137,org.apache.ivy.osgi.p2.P2MetadataParser.ArtifactsHandler.handleAttributes(Attributes),1,0,0,0,0
1138,org.apache.ivy.osgi.p2.P2MetadataParser.P2MetadataParser(P2Descriptor),12,3,7,0,0
1139,org.apache.ivy.core.publish.PublishEngineSettings.substitute(String),292,13,59,0,0
1140,"org.apache.ivy.plugins.resolver.BasicResolver.listTokenValues(String, Map)",13,4,4,1,1
1141,org.apache.ivy.core.LogOptions.getLog(),768,14,177,0,0
1142,org.apache.ivy.core.settings.IvySettings.getRepositoryCacheManagers(),48,8,10,0,0
1143,org.apache.ivy.osgi.util.Version.withoutQualifier(),3,0,0,1,2
1144,org.apache.ivy.plugins.latest.LatestRevisionStrategy.getSpecialMeanings(),9,2,5,1,1
1145,"org.apache.ivy.core.cache.DefaultRepositoryCacheManager.getArchivePathInCache(Artifact, ArtifactOrigin)",60,9,6,4,9
1146,org.apache.ivy.plugins.matcher.RegexpPatternMatcher.RegexpPatternMatcher(),2,0,0,1,1
1147,org.apache.ivy.core.settings.IvySettings.hasResolver(String),1,0,0,0,0
1148,"org.apache.ivy.core.retrieve.RetrieveEngine.RetrieveEngine(RetrieveEngineSettings, EventManager)",92,7,31,0,0
1149,org.apache.ivy.core.resolve.IvyNodeUsage.getRootModuleConfigurations(),3,2,1,0,0
1150,org.apache.ivy.util.AbstractMessageLogger.doEndProgress(String),2,1,1,0,0
1151,"org.apache.ivy.plugins.resolver.RepositoryResolver.listTokenValues(String, String)",46,4,8,5,8
1152,org.apache.ivy.plugins.version.ChainVersionMatcher.ChainVersionMatcher(),11,3,4,1,1
1153,org.apache.ivy.core.settings.IvyVariableContainerImpl.getVariables(),4,2,2,0,0
1154,"org.apache.ivy.osgi.p2.P2ArtifactParser.P2ArtifactParser(P2Descriptor, String)",11,3,7,0,0
1155,org.apache.ivy.ant.IvyPublish.ArtifactsPattern.getPattern(),2,1,1,0,0
1156,"org.apache.ivy.ant.IvyTask.setResolved(ResolveReport, String, boolean)",757,15,107,2,4
1157,org.apache.ivy.osgi.updatesite.xml.EclipseFeature.setExclusive(boolean),18,5,13,0,0
1158,org.apache.ivy.plugins.resolver.AbstractResolver.reportFailure(Artifact),12,0,0,4,5
1159,org.apache.ivy.osgi.core.OsgiLatestStrategy.OsgiLatestStrategy(),74,5,28,1,2
1160,org.apache.ivy.core.module.descriptor.DefaultDependencyDescriptor.getIncludeRules(),25,3,20,0,0
1161,org.apache.ivy.osgi.repo.FSManifestIterable.listBundleFiles(File),1,0,0,0,0
1162,org.apache.ivy.core.settings.IvySettings.setVariableContainer(IvyVariableContainer),92,6,37,0,0
1163,org.apache.ivy.core.module.descriptor.DefaultModuleDescriptor.getConflictManager(ModuleId),11,0,0,6,3
1164,"org.apache.ivy.plugins.parser.xml.XmlModuleDescriptorUpdater.UpdaterHandler.setIndent(int, String)",3,1,1,1,1
1165,"org.apache.ivy.plugins.resolver.BasicResolver.UnresolvedDependencyException.UnresolvedDependencyException(String, boolean)",468,12,98,0,0
1166,org.apache.ivy.osgi.repo.BundleRepoDescriptor.setLastModified(String),6,3,3,0,0
1167,org.apache.ivy.core.cache.DefaultRepositoryCacheManager.getIvyPattern(),97,8,21,1,1
1168,org.apache.ivy.osgi.util.DelegatingHandler.getParent(),29,7,6,0,0
1169,org.apache.ivy.util.extendable.UnmodifiableExtendableItem.getAttribute(String),25,8,6,0,0
1170,org.apache.ivy.osgi.util.DelegatingHandler.setSkipOnError(boolean),16,3,10,0,0
1171,"org.apache.ivy.plugins.repository.file.FileResource.FileResource(FileRepository, File)",39,5,21,0,0
1172,org.apache.ivy.plugins.parser.xml.UpdateOptions.getResolvedBranches(),11,2,9,0,0
1173,org.apache.ivy.core.settings.IvySettings.getCircularDependencyStrategy(String),28,5,11,0,0
1174,org.apache.ivy.core.module.descriptor.ExcludeRule.getId(),206,17,49,0,0
1175,"org.apache.ivy.plugins.resolver.AbstractResolver.checkLatest(DependencyDescriptor, ResolvedModuleRevision, ResolveData)",470,12,83,4,17
1176,"org.apache.ivy.plugins.parser.m2.PomReader.PomReader(URL, Resource)",399,12,103,2,7
1177,org.apache.ivy.ant.IvyInstall.setTransitive(boolean),1,0,0,0,0
1178,org.apache.ivy.plugins.repository.vsftp.VsftpRepository.getConnectionCommand(),35,5,9,0,0
1179,org.apache.ivy.plugins.parser.m2.PomWriterOptions.ExtraDependency.getVersion(),42,4,25,0,0
1180,org.apache.ivy.osgi.updatesite.UpdateSiteLoader.loadFromSite(UpdateSite),107,6,11,6,35
1181,org.apache.ivy.plugins.parser.xml.XmlModuleDescriptorUpdater.UpdaterHandler.infoStarted(Attributes),243,8,16,14,49
1182,"org.apache.ivy.plugins.parser.m2.PomModuleDescriptorBuilder.getDependencyMgtExclusions(ModuleDescriptor, String, String)",238,16,47,4,8
1183,org.apache.ivy.util.extendable.UnmodifiableExtendableItem.getExtraAttribute(String),5,2,3,0,0
1184,org.apache.ivy.core.resolve.IvyNode.isCompletelyBlacklisted(),530,16,93,3,3
1185,"org.apache.ivy.core.resolve.IvyNode.getResolvedNodes(ModuleId, String)",371,15,47,6,2
1186,org.apache.ivy.plugins.repository.ssh.AbstractSshBasedRepository.setKeyFilePassword(String),4,3,1,0,0
1187,org.apache.ivy.plugins.version.AbstractVersionMatcher.getName(),2,1,1,0,0
1188,org.apache.ivy.Ivy.configure(URL),182,5,22,8,39
1189,"org.apache.ivy.plugins.lock.ArtifactLockStrategy.unlockArtifact(Artifact, File)",16,0,0,6,5
1190,org.apache.ivy.osgi.p2.P2MetadataParser.parse(InputStream),25,0,0,6,8
1191,org.apache.ivy.ant.IvyConfigure.setSettingsId(String),2,0,0,1,1
1192,org.apache.ivy.ant.IvyDeliver.setDeliveryList(File),363,16,64,0,0
1193,org.apache.ivy.plugins.repository.file.FileResource.isLocal(),2,0,0,1,1
1194,"org.apache.ivy.ant.IvyDependency.asDependencyDescriptor(ModuleDescriptor, String, IvySettings)",757,15,89,15,49
1195,"org.apache.ivy.core.module.id.ModuleRevisionId.ModuleRevisionId(ModuleId, String)",463,9,74,13,49
1196,org.apache.ivy.osgi.updatesite.xml.Require.getFeature(),25,4,21,0,0
1197,org.apache.ivy.core.resolve.IvyNode.getAllCallersModuleIds(),31,6,10,1,1
1198,org.apache.ivy.osgi.updatesite.xml.FeatureParser.RequiresHandler.RequiresHandler.(Anon_6).childHanlded(ImportHandler),1,0,0,0,0
1199,org.apache.ivy.osgi.filter.UniOperatorFilter.UniOperatorFilter(OSGiFilter),2,1,1,0,0
1200,org.apache.ivy.core.retrieve.RetrieveOptions.setMapper(FileNameMapper),384,14,80,0,0
1201,"org.apache.ivy.plugins.parser.xml.XmlModuleDescriptorParser.Parser.mergeValue(String, String)",196,15,49,0,0
1202,org.apache.ivy.core.deliver.DeliverOptions.isReplaceForcedRevisions(),248,15,46,0,0
1203,org.apache.ivy.plugins.parser.m2.PomWriterOptions.isPrintIvyInfo(),210,12,49,0,0
1204,"org.apache.ivy.osgi.updatesite.UpdateSiteResolver.init.(Anon_1).startArtifactDownload(RepositoryCacheManager, ResolvedResource, Artifact, ArtifactOrigin)",13,0,0,4,5
1205,org.apache.ivy.core.resolve.VisitNode.getDescriptor(),193,16,47,1,1
1206,org.apache.ivy.plugins.parser.m2.PomModuleDescriptorBuilder.addSourceArtifact(),51,3,12,9,11
1207,org.apache.ivy.core.module.descriptor.AbstractArtifact.getAttributes(),3,0,0,1,2
1208,"org.apache.ivy.util.cli.CommandLine.addOptionValues(String, String[])",8,4,3,0,0
1209,"org.apache.ivy.util.CredentialsUtil.loadPassfile(Credentials, File)",24,2,1,5,7
1210,org.apache.ivy.core.retrieve.RetrieveEngineSettings.getIgnorableFilenames(),258,12,53,0,0
1211,"org.apache.ivy.core.resolve.ResolveEngine.findModule(ModuleRevisionId, ResolveOptions)",661,14,92,16,49
1212,"org.apache.ivy.ant.IvyDependencyUpdateChecker.displayMissingDependencyOnLatest(ResolveReport, ResolveReport)",724,14,105,2,5
1213,org.apache.ivy.core.module.id.ModuleRules.clone(),120,8,32,3,3
1214,org.apache.ivy.plugins.parser.AbstractModuleDescriptorParser.AbstractParser.replaceConfigurationWildcards(ModuleDescriptor),206,17,49,3,2
1215,org.apache.ivy.plugins.resolver.FileSystemResolver.checkSupportTransaction(),16,1,1,5,5
1216,org.apache.ivy.Ivy14.listOrganisations(),14,0,0,4,7
1217,org.apache.ivy.plugins.parser.m2.PomReader.PomDependencyMgtElement.getExcludedModules(),235,16,48,2,3
1218,org.apache.ivy.util.ChecksumHelper.getMessageDigest(String),2,1,1,0,0
1219,"org.apache.ivy.core.module.descriptor.DefaultDependencyArtifactDescriptor.DefaultDependencyArtifactDescriptor(DependencyDescriptor, String, String, String, URL, Map)",248,16,48,2,5
1220,org.apache.ivy.plugins.repository.Resource.isLocal(),347,16,60,0,0
1221,org.apache.ivy.util.url.HttpClientHandler.getHttpClientHelper(),17,2,2,4,5
1222,org.apache.ivy.plugins.parser.AbstractModuleDescriptorParser.AbstractParser.addError(String),423,13,79,0,0
1223,org.apache.ivy.plugins.repository.sftp.SFTPRepository.resolveResource(String),201,2,3,16,44
1224,org.apache.ivy.core.settings.IvySettings.getReportOutputters(),1,0,0,0,0
1225,org.apache.ivy.core.settings.XmlSettingsParser.IvyVariableContainerWrapper.setEnvironmentPrefix(String),2,0,0,1,1
1226,org.apache.ivy.core.settings.IvySettings.IvySettings(),99,3,14,5,29
1227,org.apache.ivy.util.Message.info(String),1539,12,472,3,5
1228,org.apache.ivy.ant.IvyPostResolveTask.getConf(),853,14,170,0,0
1229,"org.apache.ivy.util.Configurator.Macro.defineAttribute(String, String)",9,2,5,1,2
1230,org.apache.ivy.core.cache.DefaultRepositoryCacheManager.getSettings(),6,3,2,0,0
1231,org.apache.ivy.core.deliver.DeliverOptions.setValidate(boolean),625,15,137,0,0
1232,"org.apache.ivy.core.resolve.ResolveEngine.downloadArtifacts(ResolveReport, Filter, DownloadOptions)",697,13,83,13,48
1233,org.apache.ivy.core.report.ConfigurationResolveReport.getDependencies(),257,20,47,0,0
1234,"org.apache.ivy.plugins.parser.AbstractModuleDescriptorParser.parseDescriptor(ParserSettings, URL, boolean)",619,14,113,1,2
1235,"org.apache.ivy.plugins.repository.vfs.VfsResource.VfsResource(String, FileSystemManager)",177,15,47,0,0
1236,org.apache.ivy.osgi.core.ManifestHeaderElement.equals(Object),1,0,0,0,0
1237,org.apache.ivy.ant.AntBuildTrigger.getBuildFilePattern(),153,12,49,0,0
1238,org.apache.ivy.core.cache.ParserSettingsMonitor.(Anon_1).getContextNamespace(),2,0,0,1,1
1239,"org.apache.ivy.plugins.parser.xml.XmlModuleDescriptorParser.Parser.addExcludeRule(String, Attributes)",419,13,73,5,12
1240,"org.apache.ivy.core.install.InstallEngine.install(ModuleRevisionId, String, String, InstallOptions)",664,1,1,12,103
1241,org.apache.ivy.plugins.parser.ModuleDescriptorParserRegistry.getInstance(),990,14,208,0,0
1242,org.apache.ivy.core.resolve.ResolveData.getCurrentResolvedModuleRevision(),494,12,110,0,0
1243,"org.apache.ivy.core.module.descriptor.DefaultDependencyDescriptor.addObjectToConfiguration(String, Object, Map)",7,2,3,0,0
1244,org.apache.ivy.ant.IvyExclude.asRule(IvySettings),757,15,106,4,9
1245,"org.apache.ivy.util.url.URLHandler.upload(File, URL, CopyProgressListener)",5,2,2,0,0
1246,org.apache.ivy.plugins.repository.Repository.getName(),206,15,44,0,0
1247,org.apache.ivy.core.cache.ArtifactOrigin.getArtifact(),798,13,130,0,0
1248,"org.apache.ivy.plugins.version.LatestVersionMatcher.compare(ModuleRevisionId, ModuleRevisionId, Comparator)",159,0,0,13,50
1249,"org.apache.ivy.plugins.parser.xml.XmlModuleDescriptorUpdater.UpdaterHandler.removeConfigurationsFromMapping(String, List)",200,15,49,0,0
1250,org.apache.ivy.core.report.ArtifactDownloadReport.hashCode(),1,0,0,0,0
1251,org.apache.ivy.osgi.updatesite.xml.EclipseFeature.getDescription(),25,4,21,0,0
1252,org.apache.ivy.ant.AddPathTask.createPathElement(),1,0,0,0,0
1253,org.apache.ivy.osgi.core.BundleCapability.getType(),33,5,13,0,0
1254,org.apache.ivy.core.report.ResolveReport.getResolveTime(),631,15,95,0,0
1255,org.apache.ivy.core.module.descriptor.DefaultDependencyDescriptor.canExclude(),1,0,0,0,0
1256,org.apache.ivy.ant.IvyDependencyExclude.asRule(IvySettings),210,16,49,4,9
1257,org.apache.ivy.ant.IvyAntSettings.Credentials.getRealm(),22,6,5,0,0
1258,org.apache.ivy.plugins.resolver.ChainResolver.ResolvedModuleRevisionArtifactInfo.getLastModified(),3,0,0,2,1
1259,org.apache.ivy.core.report.ResolveReport.getDownloadTime(),631,15,95,0,0
1260,org.apache.ivy.core.search.SearchEngine.listRevisionEntries(ModuleEntry),18,4,6,2,5
1261,org.apache.ivy.ant.IvyAntSettings.setProject(Project),186,9,65,0,0
1262,org.apache.ivy.core.settings.IvySettings.getVersionMatcher(),910,13,129,4,6
1263,org.apache.ivy.plugins.repository.vsftp.VsftpRepository.getUsername(),40,5,11,0,0
1264,"org.apache.ivy.util.Checks.checkNotNull(Object, String)",297,14,48,0,0
1265,org.apache.ivy.core.module.descriptor.DefaultDependencyDescriptor.getParentRevisionId(),2,0,0,1,1
1266,org.apache.ivy.core.IvyPatternHelper.getTokenString(String),268,15,44,0,0
1267,org.apache.ivy.util.StringUtils.getStackTrace(Throwable),12,5,5,0,0
1268,org.apache.ivy.osgi.updatesite.xml.Require.getMatch(),25,4,21,0,0
1269,"org.apache.ivy.core.module.descriptor.DefaultDependencyDescriptor.DefaultDependencyDescriptor(ModuleDescriptor, ModuleRevisionId, ModuleRevisionId, boolean, boolean, boolean)",237,14,49,1,2
1270,org.apache.ivy.core.resolve.ResolveEngine.getEventManager(),2,1,1,0,0
1271,"org.apache.ivy.core.resolve.ResolveData.isSubMap(Map, Map)",4,2,1,1,1
1272,org.apache.ivy.ant.IvyDeliver.setMerge(boolean),363,16,64,0,0
1273,org.apache.ivy.Ivy.getWorkingRevision(),1150,12,216,1,1
1274,"org.apache.ivy.core.module.descriptor.DefaultArtifact.DefaultArtifact(ArtifactRevisionId, Date, URL, boolean)",129,10,29,0,0
1275,org.apache.ivy.core.module.descriptor.DefaultModuleDescriptor.getArtifacts(String),28,0,0,8,7
1276,org.apache.ivy.plugins.repository.vsftp.VsftpRepository.exec(String),37,5,10,4,5
1277,org.apache.ivy.core.module.id.ArtifactId.hashCode(),15,3,5,1,4
1278,"org.apache.ivy.plugins.report.XmlReportWriter.output(ConfigurationResolveReport, String[], OutputStream)",321,2,2,20,47
1279,org.apache.ivy.core.resolve.VisitNode.getRealConfs(String),471,15,88,3,5
1280,org.apache.ivy.core.settings.IvySettings.getDefaultSettingsDir(),74,5,27,2,1
1281,org.apache.ivy.osgi.p2.P2MetadataParser.RequiredHandler.handleAttributes(Attributes),4,0,0,3,1
1282,org.apache.ivy.osgi.p2.P2MetadataParser.RepositoryReferenceHandler.RepositoryReferenceHandler(),5,3,1,1,1
1283,org.apache.ivy.core.cache.DefaultResolutionCacheManager.setBasedir(File),30,7,7,0,0
1284,org.apache.ivy.osgi.util.VersionRange.VersionRangeParser.parseEnd(),12,3,4,1,3
1285,"org.apache.ivy.osgi.repo.ModuleDescriptorWrapper.ModuleDescriptorWrapper(BundleInfo, URI, ExecutionEnvironmentProfileProvider)",25,5,9,0,0
1286,"org.apache.ivy.core.module.descriptor.DefaultArtifact.DefaultArtifact(ModuleRevisionId, Date, String, String, String, URL, Map)",210,17,49,4,9
1287,"org.apache.ivy.core.resolve.IvyNodeEviction.setPendingConflicts(ModuleId, String, Collection)",3,1,1,1,1
1288,org.apache.ivy.plugins.parser.ParserSettings.getRelativeUrlResolver(),71,8,34,0,0
1289,"org.apache.ivy.osgi.updatesite.UpdateSiteLoader.UpdateSiteLoader(RepositoryCacheManager, EventManager, CacheResourceOptions)",121,8,44,1,1
1290,"org.apache.ivy.plugins.resolver.ChainResolver.download(ArtifactOrigin, DownloadOptions)",6,0,0,1,5
1291,"org.apache.ivy.plugins.resolver.IvyRepResolver.listOrganisations.(Anon_1).startElement(String, String, String, org.xml.sax.Attributes)",2,0,0,1,1
1292,org.apache.ivy.core.search.RevisionEntry.getModule(),2,0,0,1,1
1293,"org.apache.ivy.ant.IvyCacheFileset.getBaseDir(File, File)",318,23,45,1,1
1294,org.apache.ivy.core.cache.DefaultRepositoryCacheManager.setMemorySize(int),2,0,0,1,1
1295,org.apache.ivy.util.url.URLHandler.isReachable(URL),3,2,1,0,0
1296,org.apache.ivy.core.module.descriptor.DefaultModuleDescriptor.addDependency(DependencyDescriptor),1233,11,232,0,0
1297,org.apache.ivy.plugins.resolver.AbstractResolver.ResolverParserSettings.resolveFile(String),3,0,0,1,2
1298,org.apache.ivy.core.module.descriptor.DefaultArtifact.getType(),3,0,0,2,1
1299,org.apache.ivy.osgi.updatesite.xml.EclipseUpdateSiteParser.FeatureHandler.handleAttributes(Attributes),14,0,0,4,10
1300,"org.apache.ivy.core.module.descriptor.Configuration.Configuration(String, Visibility, String, String[], boolean, String)",285,17,49,4,1
1301,org.apache.ivy.osgi.util.VersionRange.VersionRangeParser.parseVersionSeparator(),12,3,4,1,3
1302,org.apache.ivy.plugins.resolver.CacheResolver.exists(Artifact),58,0,0,8,20
1303,org.apache.ivy.core.IvyContext.getCurrentStack(),7,2,4,0,0
1304,"org.apache.ivy.plugins.parser.xml.XmlModuleDescriptorParser.Parser.addIncludeRule(String, Attributes)",419,13,73,5,12
1305,org.apache.ivy.plugins.parser.xml.XmlModuleDescriptorParser.Parser.mergeDependencies(DependencyDescriptor[]),235,16,47,4,5
1306,"org.apache.ivy.osgi.obr.xml.RequirementAdapter.adapt(BundleInfo, boolean)",18,4,4,2,4
1307,org.apache.ivy.plugins.repository.vfs.VfsResource.clone(String),2,0,0,1,1
1308,org.apache.ivy.core.retrieve.RetrieveReport.getRetrieveRoot(),384,14,80,0,0
1309,org.apache.ivy.core.module.descriptor.AbstractArtifact.hashCode(),14,0,0,2,7
1310,"org.apache.ivy.core.resolve.ResolveEngine.checkConflictSolvedEvicted(VisitNode, VisitNode)",371,15,50,4,9
1311,"org.apache.ivy.plugins.repository.ssh.SshCache.attachChannelSftp(Session, ChannelSftp)",193,16,44,1,2
1312,org.apache.ivy.core.install.InstallEngineSettings.getMatcherNames(),663,13,103,0,0
1313,org.apache.ivy.core.resolve.ResolveOptions.getResolveMode(),184,15,49,0,0
1314,org.apache.ivy.plugins.version.ChainVersionMatcher.add(VersionMatcher),11,3,4,1,3
1315,org.apache.ivy.plugins.resolver.ChainResolver.forcedRevision(ResolvedModuleRevision),232,12,46,1,5
1316,org.apache.ivy.plugins.resolver.AbstractResolver.ResolverParserSettings.getConflictManager(String),3,0,0,1,2
1317,org.apache.ivy.core.module.id.ModuleRevisionId.parse(String),1,0,0,0,0
1318,org.apache.ivy.ant.IvyListModules.doExecute(),212,0,0,15,47
1319,"org.apache.ivy.plugins.version.VersionMatcher.needModuleDescriptor(ModuleRevisionId, ModuleRevisionId)",321,15,57,0,0
1320,org.apache.ivy.core.settings.IvySettings.getTypeDef(String),1,0,0,0,0
1321,"org.apache.ivy.ant.IvyCachePath.addToPath(Path, File)",319,23,45,1,2
1322,org.apache.ivy.plugins.parser.xml.XmlModuleDescriptorParser.Parser.extendsStarted(Attributes),419,9,49,11,51
1323,org.apache.ivy.osgi.util.DelegatingHandler.ChildElementHandler.childHanlded(DH),2,1,1,0,0
1324,"org.apache.ivy.plugins.parser.m2.PomModuleDescriptorBuilder.ConfMapper.addMappingConfs(DefaultDependencyDescriptor, boolean)",235,16,48,0,0
1325,org.apache.ivy.plugins.parser.xml.XmlModuleDescriptorUpdater.ExtendedBuffer.setPrint(boolean),244,15,44,0,0
1326,org.apache.ivy.plugins.resolver.BasicResolver.getResource(String),7,2,5,0,0
1327,"org.apache.ivy.util.url.AbstractURLHandler.getContentLength(URL, int)",3,0,0,1,2
1328,org.apache.ivy.plugins.parser.AbstractModuleDescriptorParser.AbstractParser.error(SAXParseException),4,0,0,2,2
1329,"org.apache.ivy.plugins.parser.m2.PomModuleDescriptorWriter.printDependency(PrintWriter, int, String, String, String, String, String, String, boolean, boolean, ExcludeRule[])",42,4,24,2,4
1330,org.apache.ivy.core.resolve.ResolveData.isValidate(),3,1,1,1,1
1331,org.apache.ivy.plugins.resolver.RepositoryResolver.RepositoryResolver(),2,1,1,0,0
1332,org.apache.ivy.osgi.core.ManifestParser.versionRangeOf(String),41,8,7,4,6
1333,org.apache.ivy.ant.IvyListModules.setRevision(String),1,0,0,0,0
1334,org.apache.ivy.core.module.id.ModuleRules.ModuleRules(Map),6,1,1,2,3
1335,org.apache.ivy.core.pack.PackingRegistry.get(String),35,7,11,0,0
1336,org.apache.ivy.plugins.parser.xml.XmlModuleDescriptorUpdater.UpdaterHandler.flushMergedElementsBefore(String),244,16,44,3,6
1337,"org.apache.ivy.core.module.descriptor.MDArtifact.MDArtifact(ModuleDescriptor, String, String, String, URL, Map)",288,13,48,0,0
1338,org.apache.ivy.plugins.repository.url.URLResource.getContentLength(),7,0,0,2,5
1339,org.apache.ivy.core.deliver.DeliverOptions.setPubBranch(String),287,16,67,0,0
1340,"org.apache.ivy.ant.IvyInfo.setProperties(ModuleDescriptor, ModuleRevisionId)",249,16,45,2,19
1341,org.apache.ivy.util.extendable.ExtendableItem.getExtraAttributes(),342,15,101,0,0
1342,org.apache.ivy.plugins.repository.ssh.AbstractSshBasedRepository.getKeyFilePassword(),187,15,44,0,0
1343,org.apache.ivy.Ivy.postConfigure(),148,9,39,2,5
1344,org.apache.ivy.plugins.repository.LazyResource.isLocal(),3,0,0,2,1
1345,org.apache.ivy.util.AbstractMessageLogger.getErrors(),3,2,1,0,0
1346,org.apache.ivy.ant.IvyPostResolveTask.getResolvedReport(),821,14,129,2,4
1347,"org.apache.ivy.plugins.parser.xml.XmlModuleDescriptorParser.parseDescriptor(ParserSettings, InputStream, Resource, boolean)",100,0,0,8,21
1348,org.apache.ivy.util.cli.OptionBuilder.countArgs(boolean),12,3,8,0,0
1349,org.apache.ivy.util.cli.CommandLine.setLeftOverArgs(String[]),8,4,3,0,0
1350,"org.apache.ivy.osgi.util.DelegatingHandler.getRequiredAttribute(Attributes, String)",39,7,9,1,1
1351,"org.apache.ivy.util.FileUtil.deepCopy(File, File, CopyProgressListener, boolean)",14,0,0,6,5
1352,org.apache.ivy.core.install.InstallOptions.isOverwrite(),663,13,103,0,0
1353,org.apache.ivy.core.module.id.ModuleRevisionId.hashCode(),28,3,11,1,5
1354,"org.apache.ivy.Ivy14.determineArtifactsToCopy(ModuleId, String[], File, String, String, Filter)",231,0,0,14,45
1355,org.apache.ivy.plugins.repository.RepositoryCopyProgressListener.setTotalLength(Long),183,15,48,0,0
1356,"org.apache.ivy.plugins.namespace.NameSpaceHelper.transform(MetadataArtifactDownloadReport, NamespaceTransformer)",156,10,35,6,20
1357,org.apache.ivy.core.module.id.ModuleId.encodeToString(),3,0,0,1,2
1358,org.apache.ivy.core.report.ConfigurationResolveReport.getNodesNumber(),226,21,48,1,1
1359,"org.apache.ivy.plugins.resolver.RepositoryResolver.findDynamicResourceUsingPattern(ResourceMDParser, ModuleRevisionId, String, Artifact, Date)",273,3,8,14,48
1360,org.apache.ivy.ant.IvyPostResolveTask.getFile(),110,10,27,0,0
1361,org.apache.ivy.plugins.parser.ParserSettings.resolveFile(String),404,12,147,0,0
1362,"org.apache.ivy.core.resolve.IvyNodeCallers.updateFrom(IvyNodeCallers, String, boolean)",12,4,5,1,2
1363,org.apache.ivy.plugins.resolver.BasicResolver.isForce(),475,12,96,0,0
1364,"org.apache.ivy.util.Configurator.MacroRecord.recordAttribute(String, String)",9,3,5,0,0
1365,org.apache.ivy.core.module.descriptor.DefaultModuleDescriptor.getExtraInfoContentByTagName(String),20,4,8,2,2
1366,"org.apache.ivy.Ivy14.resolve(URL, String, String[], File, Date, boolean, boolean, boolean, Filter)",654,0,0,15,100
1367,org.apache.ivy.ant.IvyBuildList.doExecute(),98,0,0,8,26
1368,"org.apache.ivy.ant.IvyPostResolveTask.setupResolve(boolean, boolean)",124,10,31,5,16
1369,"org.apache.ivy.plugins.parser.xml.XmlModuleDescriptorUpdater.UpdaterHandler.startElementInConfigurationsConf(String, Attributes)",243,16,44,3,5
1370,"org.apache.ivy.util.url.BasicURLHandler.upload(File, URL, CopyProgressListener)",29,0,0,5,8
1371,"org.apache.ivy.core.settings.IvySettings.typeDef(String, String)",16,2,1,6,5
1372,org.apache.ivy.plugins.repository.ssh.Scp.FileInfo.getLength(),209,16,44,0,0
1373,org.apache.ivy.core.settings.IvySettings.getResolverName(ModuleRevisionId),23,6,5,5,3
1374,org.apache.ivy.core.settings.IvySettings.getVariable(String),152,9,33,1,1
1375,org.apache.ivy.core.settings.IvySettings.addConfigured(VersionMatcher),12,0,0,3,5
1376,org.apache.ivy.plugins.parser.xml.XmlModuleDescriptorParser.Parser.includeConfStarted(Attributes),419,13,64,7,20
1377,org.apache.ivy.plugins.repository.jar.JarResource.toString(),2,0,0,1,1
1378,"org.apache.ivy.osgi.util.DelegatingHandler.getRequiredIntAttribute(Attributes, String, Integer)",4,0,0,2,2
1379,"org.apache.ivy.Ivy14.getDependencies(ModuleDescriptor, String[], File, Date, ResolveReport, boolean)",545,0,0,16,95
1380,org.apache.ivy.plugins.parser.xml.XmlModuleDescriptorParser.Parser.replaceConfigurationWildcards(),88,9,16,3,3
1381,"org.apache.ivy.core.module.descriptor.DependencyDescriptor.doesExclude(String[], ArtifactId)",23,5,8,0,0
1382,org.apache.ivy.plugins.resolver.AbstractResolver.ResolverParserSettings.getContextNamespace(),19,0,0,6,6
1383,"org.apache.ivy.plugins.version.LatestVersionMatcher.accept(ModuleRevisionId, ModuleDescriptor)",159,0,0,12,48
1384,org.apache.ivy.core.cache.ParserSettingsMonitor.(Anon_1).getResolver(ModuleRevisionId),2,0,0,1,1
1385,"org.apache.ivy.Ivy14.retrieve(ModuleId, String[], File, String)",287,0,0,14,56
1386,"org.apache.ivy.plugins.namespace.NameSpaceHelper.transform(ArtifactId, NamespaceTransformer)",196,4,6,15,49
1387,"org.apache.ivy.ant.IvyPublish.PublishArtifact.setDynamicAttribute(String, String)",1,0,0,0,0
1388,org.apache.ivy.util.MockMessageLogger.assertLogDoesntContain(String),2,0,0,1,1
1389,org.apache.ivy.core.module.id.ModuleId.getAttributes(),224,15,44,0,0
1390,org.apache.ivy.plugins.parser.m2.PomModuleDescriptorBuilder.getMainArtifact(),51,11,14,0,0
1391,org.apache.ivy.core.resolve.IvyNodeUsage.NodeConf.hashCode(),11,0,0,3,5
1392,"org.apache.ivy.core.resolve.IvyNodeCallers.doesCallersExclude(String, Artifact)",99,8,22,6,10
1393,org.apache.ivy.Ivy.bind(),97,2,3,6,31
1394,"org.apache.ivy.core.event.publish.EndArtifactPublishEvent.EndArtifactPublishEvent(DependencyResolver, Artifact, File, boolean, boolean)",173,4,4,13,50
1395,org.apache.ivy.ant.IvyArtifactProperty.setValue(String),1,0,0,0,0
1396,org.apache.ivy.core.module.descriptor.DependencyDescriptor.clone(ModuleRevisionId),959,12,178,0,0
1397,org.apache.ivy.plugins.repository.AbstractRepository.fireTransferCompleted(long),204,12,47,2,4
1398,"org.apache.ivy.plugins.resolver.DualResolver.download(ArtifactOrigin, DownloadOptions)",4,0,0,1,3
1399,org.apache.ivy.ant.AntBuildTrigger.markBuilt(File),161,13,46,0,0
1400,"org.apache.ivy.plugins.matcher.MatcherHelper.isExact(PatternMatcher, ModuleRevisionId)",663,13,103,2,5
1401,org.apache.ivy.plugins.resolver.VsftpResolver.setReuseConnection(long),4,0,0,2,2
1402,org.apache.ivy.ant.IvyBuildNumber.setPrefix(String),1,0,0,0,0
1403,org.apache.ivy.core.resolve.ResolveData.register(VisitNode),16,2,1,4,6
1404,org.apache.ivy.core.module.descriptor.DefaultDependencyDescriptor.getIncludeRules(String),3,1,1,1,1
1405,org.apache.ivy.plugins.parser.xml.UpdateOptions.getNamespace(),11,2,9,0,0
1406,org.apache.ivy.util.Configurator.ObjectDescriptor.getSetMethod(String),9,3,5,0,0
1407,org.apache.ivy.util.extendable.ExtendableItem.getQualifiedExtraAttributes(),339,13,103,0,0
1408,"org.apache.ivy.plugins.repository.url.URLRepository.get(String, File)",189,7,6,14,50
1409,org.apache.ivy.util.MessageLogger.deprecated(String),14,4,5,0,0
1410,"org.apache.ivy.Ivy.sortModuleDescriptors(Collection, SortOptions)",100,5,16,7,14
1411,org.apache.ivy.plugins.parser.xml.XmlModuleDescriptorParser.Parser.mergeConfigurations(ModuleDescriptor),235,16,47,5,13
1412,"org.apache.ivy.core.resolve.VisitNode.markEvicted(VisitNode, ConflictManager, Collection)",371,15,50,6,6
1413,org.apache.ivy.osgi.updatesite.xml.FeatureParser.ImportHandler.handleAttributes(Attributes),7,0,0,1,6
1414,org.apache.ivy.core.module.id.ModuleRevisionId.getName(),1260,13,347,1,2
1415,org.apache.ivy.core.search.ModuleEntry.getOrganisation(),213,16,46,1,1
1416,org.apache.ivy.plugins.latest.ComparatorLatestStrategy.ComparatorLatestStrategy(Comparator),4,2,2,0,0
1417,org.apache.ivy.plugins.resolver.AbstractResolver.getChangingPattern(),40,7,16,0,0
1418,org.apache.ivy.ant.IvyDependencyInclude.asRule(IvySettings),210,16,49,4,9
1419,org.apache.ivy.ant.IvyRepositoryReport.setOutputname(String),1,0,0,0,0
1420,"org.apache.ivy.plugins.parser.m2.PomModuleDescriptorBuilder.addMainArtifact(String, String)",399,12,94,7,12
1421,"org.apache.ivy.plugins.parser.m2.PomModuleDescriptorBuilder.overwriteExtraInfoIfExists(String, String)",31,5,14,1,4
1422,org.apache.ivy.core.module.descriptor.ExtraInfoHolder.setName(String),428,13,87,0,0
1423,org.apache.ivy.core.report.ArtifactDownloadReport.getSize(),537,12,102,0,0
1424,org.apache.ivy.plugins.repository.ssh.SshCache.clearSession(Session),169,3,3,13,48
1425,org.apache.ivy.core.event.IvyEvent.getSource(),190,15,46,0,0
1426,org.apache.ivy.osgi.updatesite.xml.EclipseFeature.setPrimary(boolean),18,5,13,0,0
1427,"org.apache.ivy.osgi.util.DelegatingHandler.getOptionalAttribute(Attributes, String, String)",32,7,8,0,0
1428,org.apache.ivy.Ivy.resolve(URL),643,1,1,15,100
1429,"org.apache.ivy.ant.IvyDependencyUpdateChecker.displayDependencyUpdates(ResolveReport, ResolveReport)",724,14,105,2,9
1430,org.apache.ivy.plugins.repository.vsftp.VsftpRepository.closeConnection(),44,5,14,4,5
1431,org.apache.ivy.util.Message.getProblems(),22,3,8,3,5
1432,org.apache.ivy.core.module.id.ArtifactRevisionId.getModuleRevisionId(),31,3,14,0,0
1433,org.apache.ivy.core.search.SearchEngine.listOrganisationEntries(),14,4,6,1,2
1434,org.apache.ivy.plugins.parser.AbstractModuleDescriptorParser.AbstractParser.getModuleDescriptorParser(),49,8,19,0,0
1435,"org.apache.ivy.core.module.descriptor.DependencyDescriptor.getDependencyConfigurations(String, String)",279,14,48,0,0
1436,org.apache.ivy.core.cache.ArtifactOrigin.setLocation(String),171,10,42,0,0
1437,org.apache.ivy.osgi.core.ManifestHeaderElement.getAttributes(),59,8,23,0,0
1438,org.apache.ivy.core.settings.IvySettings.getResolverName.(Anon_1).accept(Object),2,0,0,1,1
1439,org.apache.ivy.util.Message.getLogger(),36,2,14,2,5
1440,org.apache.ivy.osgi.util.DelegatingHandler.setBufferingChar(boolean),12,2,10,0,0
1441,"org.apache.ivy.core.resolve.IvyNodeUsage.setRequiredConfs(IvyNode, String, Collection)",279,14,48,1,1
1442,"org.apache.ivy.plugins.lock.FileBasedLockStrategy.incrementLock(File, Thread)",17,6,5,0,0
1443,org.apache.ivy.tools.analyser.JarModule.getJar(),51,8,13,0,0
1444,org.apache.ivy.plugins.repository.TransferListener.transferProgress(TransferEvent),3,1,2,0,0
1445,org.apache.ivy.plugins.repository.Repository.removeTransferListener(TransferListener),181,13,46,0,0
1446,org.apache.ivy.core.module.descriptor.DefaultDependencyDescriptor.getDependencyConfigurations(String[]),14,0,0,5,6
1447,"org.apache.ivy.plugins.repository.ssh.SshCache.getSession(String, int, String, String, File, String, File, boolean)",187,4,14,13,47
1448,org.apache.ivy.plugins.resolver.VsftpResolver.setUsername(String),4,0,0,2,2
1449,org.apache.ivy.osgi.util.DelegatingHandler.startElement.(Anon_3).call(),31,0,0,8,6
1450,org.apache.ivy.util.FileUtil.UncloseInputStream.toString(),1,0,0,0,0
1451,org.apache.ivy.core.settings.IvySettings.getDefaultResolver(),45,6,12,0,0
1452,org.apache.ivy.core.retrieve.RetrieveEngine.getConflictResolvingPolicy(),72,5,39,0,0
1453,"org.apache.ivy.ant.IvyBuildList.processFilterNodeFromRoot(ModuleDescriptor, Set, Map)",18,5,5,1,3
1454,org.apache.ivy.core.module.id.ModuleRevisionId.intern(ModuleRevisionId),186,13,49,0,0
1455,"org.apache.ivy.util.XMLHelper.parseToDom(InputSource, EntityResolver)",9,2,6,1,1
1456,org.apache.ivy.osgi.obr.xml.Capability.getName(),23,5,9,0,0
1457,org.apache.ivy.Ivy.getResolveEngine(),834,13,170,0,0
1458,org.apache.ivy.core.cache.DefaultRepositoryCacheManager.getDefaultMetadataArtifactOrigin(ModuleRevisionId),91,5,6,9,16
1459,"org.apache.ivy.core.module.descriptor.DefaultDependencyDescriptor.addDependencyArtifact(String, DependencyArtifactDescriptor)",240,16,48,1,2
1460,org.apache.ivy.ant.IvyPublish.setStatus(String),1,0,0,0,0
1461,org.apache.ivy.core.module.id.ModuleRules.ModuleRules(),1,0,0,0,0
1462,org.apache.ivy.osgi.core.BundleCapability.equals(Object),4,1,1,2,1
1463,org.apache.ivy.plugins.circular.AbstractCircularDependencyStrategy.getName(),2,1,1,0,0
1464,org.apache.ivy.core.deliver.DeliverEngine.getCache(),256,15,50,1,1
1465,org.apache.ivy.plugins.resolver.AbstractPatternsBasedResolver.convertM2ResourceSearchIdToNormal(ModuleRevisionId),237,6,29,14,49
1466,org.apache.ivy.core.settings.IvySettings.setDefaultResolveMode(String),34,5,11,0,0
1467,org.apache.ivy.osgi.p2.P2MetadataParser.InstructionsHandler.InstructionsHandler(),7,1,1,2,3
1468,"org.apache.ivy.core.cache.DefaultRepositoryCacheManager.isCheckmodified(DependencyDescriptor, ModuleRevisionId, CacheMetadataOptions)",414,16,89,3,2
1469,org.apache.ivy.core.repository.RepositoryManagementEngine.getOrphans(),2,0,0,1,1
1470,org.apache.ivy.core.resolve.IvyNode.hasProblem(),700,12,162,0,0
1471,org.apache.ivy.Ivy.popContext(),1109,12,336,2,1
1472,"org.apache.ivy.util.Message.verbose(String, Throwable)",281,12,47,4,5
1473,org.apache.ivy.core.cache.ModuleDescriptorMemoryCache.ModuleDescriptorMemoryCache(int),3,1,2,0,0
1474,org.apache.ivy.plugins.parser.m2.PomModuleDescriptorBuilder.getDefaultVersion(PomDependencyData),235,16,48,3,7
1475,org.apache.ivy.util.cli.OptionBuilder.deprecated(),12,3,8,0,0
1476,"org.apache.ivy.plugins.parser.xml.XmlModuleDescriptorWriter.write(ModuleDescriptor, File)",880,10,176,7,49
1477,org.apache.ivy.plugins.parser.ModuleDescriptorParserRegistry.getParsers(),1,0,0,0,0
1478,org.apache.ivy.ant.IvyPostResolveTask.createDependency(),2,0,0,1,1
1479,org.apache.ivy.core.module.descriptor.DefaultModuleDescriptor.getDescription(),4,2,2,0,0
1480,org.apache.ivy.osgi.util.DelegatingHandler.doWarning(SAXParseException),2,1,1,0,0
1481,org.apache.ivy.core.deliver.DeliverOptions.setStatus(String),625,15,137,0,0
1482,"org.apache.ivy.core.cache.RepositoryCacheManager.saveResolvedRevision(ModuleRevisionId, String)",14,4,7,0,0
1483,org.apache.ivy.core.module.descriptor.DependencyDescriptor.getAllDependencyArtifacts(),506,12,113,0,0
1484,org.apache.ivy.Ivy.configure(File),195,5,24,8,38
1485,org.apache.ivy.core.install.InstallOptions.isInstallOriginalMetadata(),663,13,103,0,0
1486,org.apache.ivy.osgi.updatesite.UpdateSiteLoader.loadFromDigest(UpdateSite),107,7,32,5,12
1487,org.apache.ivy.osgi.core.ManifestParser.parseManifest(InputStream),60,0,0,8,22
1488,org.apache.ivy.util.url.HttpClientHandler.HttpClientHelper3x.getResponseContentLength(HttpMethodBase),1,0,0,0,0
1489,org.apache.ivy.plugins.resolver.BintrayResolver.setRepo(String),19,0,0,4,9
1490,org.apache.ivy.plugins.conflict.LatestConflictManager.IvyNodeArtifactInfo.getLastModified(),3,0,0,2,1
1491,org.apache.ivy.core.cache.DefaultRepositoryCacheManager.BackupResourceDownloader.restore(),413,16,88,6,5
1492,org.apache.ivy.ant.IvyFindRevision.doExecute(),225,0,0,15,49
1493,org.apache.ivy.core.module.descriptor.DefaultModuleDescriptor.isMappingOverride(),246,17,45,0,0
1494,org.apache.ivy.osgi.repo.ArtifactReportManifestIterable.ArtifactReportManifestIterator.ArtifactReportManifestIterator(),2,1,1,0,0
1495,org.apache.ivy.ant.IvyPublish.setUpdate(boolean),1,0,0,0,0
1496,org.apache.ivy.osgi.repo.ModuleDescriptorWrapper.equals(Object),4,0,0,3,1
1497,org.apache.ivy.core.cache.DefaultRepositoryCacheManager.getOriginalKey(Artifact),131,10,27,4,7
1498,org.apache.ivy.plugins.resolver.DependencyResolver.listOrganisations(),207,16,46,0,0
1499,org.apache.ivy.plugins.repository.vsftp.VsftpRepository.sendCommand(String),212,12,44,7,14
1500,org.apache.ivy.plugins.resolver.CacheResolver.ensureConfigured(),394,15,64,7,11
1501,"org.apache.ivy.plugins.parser.m2.PomModuleDescriptorParser.getMetadataArtifact(ModuleRevisionId, Resource)",25,0,0,7,8
1502,"org.apache.ivy.core.event.resolve.EndResolveDependencyEvent.EndResolveDependencyEvent(DependencyResolver, DependencyDescriptor, ModuleRevisionId, ResolvedModuleRevision, long)",300,15,45,13,50
1503,org.apache.ivy.util.MessageLoggerEngine.verbose(String),6,0,0,3,2
1504,org.apache.ivy.plugins.resolver.DependencyResolver.commitPublishTransaction(),695,13,105,0,0
1505,org.apache.ivy.core.resolve.IvyNodeEviction.markEvicted(EvictionData),16,5,6,1,1
1506,org.apache.ivy.Ivy.isInterrupted(),13,5,5,0,0
1507,"org.apache.ivy.osgi.obr.xml.OBRXMLWriter.saxBundleInfo(BundleInfo, ContentHandler)",111,9,29,4,14
1508,org.apache.ivy.osgi.repo.AbstractFSManifestIterable.iterator(),2,0,0,1,1
1509,org.apache.ivy.plugins.resolver.VsftpResolver.VsftpResolver(),2,0,0,1,1
1510,"org.apache.ivy.plugins.conflict.LatestCompatibleConflictManager.blackListIncompatibleCallerAndRestartResolveIfPossible(IvySettings, IvyNode, IvyNode, IvyNode)",283,6,6,20,44
1511,org.apache.ivy.core.module.descriptor.DefaultModuleDescriptor.setResolvedModuleRevisionId(ModuleRevisionId),479,12,95,0,0
1512,org.apache.ivy.core.cache.DefaultRepositoryCacheManager.isUseOrigin(),312,16,45,1,2
1513,org.apache.ivy.osgi.obr.xml.OBRXMLParser.CapabilityHandler.CapabilityHandler(),16,3,8,2,3
1514,org.apache.ivy.plugins.resolver.AbstractResolver.setCheckmodified(boolean),1,0,0,0,0
1515,"org.apache.ivy.plugins.parser.ModuleDescriptorParser.toIvyFile(InputStream, Resource, File, ModuleDescriptor)",125,7,49,0,0
1516,"org.apache.ivy.osgi.util.DelegatingHandler.parseInt(String, String)",5,2,2,1,1
1517,org.apache.ivy.core.module.descriptor.DefaultModuleDescriptor.setDescription(String),248,21,47,0,0
1518,org.apache.ivy.plugins.repository.vsftp.VsftpRepository.getHost(),208,12,44,0,0
1519,org.apache.ivy.plugins.resolver.AbstractResolver.fromSystem(Artifact),64,3,7,6,13
1520,org.apache.ivy.util.MessageLogger.verbose(String),14,4,5,0,0
1521,org.apache.ivy.Ivy14.configure(URL),141,0,0,9,39
1522,org.apache.ivy.core.cache.DefaultRepositoryCacheManager.getIsLocalKey(Artifact),131,10,27,4,7
1523,org.apache.ivy.util.cli.CommandLine.getOptionValues(String),625,15,136,0,0
1524,org.apache.ivy.plugins.repository.Repository.addTransferListener(TransferListener),181,13,46,0,0
1525,org.apache.ivy.ant.IvyResolve.createDependency(),2,1,1,0,0
1526,org.apache.ivy.core.settings.IvySettings.configureDefaultVersionMatcher(),28,6,7,3,6
1527,org.apache.ivy.core.module.id.ArtifactRevisionId.hashCode(),125,10,26,2,7
1528,org.apache.ivy.plugins.resolver.BasicResolver.checkForcedResolvedModuleRevision(ResolvedModuleRevision),468,12,97,1,7
1529,org.apache.ivy.core.resolve.ResolveData.getEventManager(),300,15,53,1,1
1530,"org.apache.ivy.Ivy.resolve(ModuleDescriptor, ResolveOptions)",851,8,47,15,98
1531,org.apache.ivy.osgi.core.ManifestHeaderValue.ManifestHeaderParser.parseParameterValue(),14,3,3,2,5
1532,org.apache.ivy.Ivy.getVariable(String),98,3,2,8,29
1533,org.apache.ivy.plugins.parser.m2.PomModuleDescriptorBuilder.setHomePage(String),399,12,108,1,1
1534,"org.apache.ivy.Ivy14.install(ModuleRevisionId, String, String, boolean, boolean, boolean, Filter, File, String)",670,0,0,14,103
1535,org.apache.ivy.ant.IvyPostResolveTask.setConf(String),1,0,0,0,0
1536,org.apache.ivy.plugins.parser.m2.PomReader.getParentArtifactId(),399,12,105,2,2
1537,org.apache.ivy.core.resolve.DownloadOptions.DownloadOptions(),706,13,111,0,0
1538,org.apache.ivy.plugins.resolver.AbstractResolver.ResolverParserSettings.getRelativeUrlResolver(),3,0,0,1,2
1539,org.apache.ivy.plugins.resolver.FileSystemResolver.isLocal(),4,0,0,2,2
1540,org.apache.ivy.core.module.descriptor.DefaultDependencyDescriptor.getAllIncludeRules(),2,0,0,1,1
1541,"org.apache.ivy.util.ChecksumHelper.check(File, File, String)",24,5,7,3,2
1542,org.apache.ivy.plugins.parser.xml.XmlModuleDescriptorParser.Parser.getSettings(),196,11,45,0,0
1543,org.apache.ivy.ant.IvyDependencyInclude.setName(String),1,0,0,0,0
1544,"org.apache.ivy.plugins.parser.AbstractModuleDescriptorParser.getMetadataArtifact(ModuleRevisionId, Resource)",25,0,0,7,9
1545,org.apache.ivy.plugins.parser.xml.XmlModuleDescriptorUpdater.UpdaterHandler.endIndent(),244,16,44,2,1
1546,org.apache.ivy.plugins.repository.vsftp.VsftpRepository.chomp(StringBuffer),2,1,1,0,0
1547,org.apache.ivy.plugins.trigger.AbstractTrigger.getEventFilter(),159,0,0,13,50
1548,org.apache.ivy.core.cache.DefaultResolutionCacheManager.CacheParserSettings.getRelativeUrlResolver(),3,0,0,1,2
1549,"org.apache.ivy.Main.configureURLHandler(String, String, String, String)",165,10,34,5,6
1550,org.apache.ivy.ant.IvyRetrieve.getOverwriteMode(),384,14,80,0,0
1551,org.apache.ivy.plugins.resolver.packager.PackagerResolver.setPackagerPattern(String),2,0,0,1,1
1552,org.apache.ivy.core.module.descriptor.DefaultModuleDescriptor.equals(Object),7,0,0,2,5
1553,org.apache.ivy.osgi.core.BundleArtifact.getFormat(),271,17,47,0,0
1554,org.apache.ivy.plugins.repository.TransferEvent.setLength(long),11,3,5,0,0
1555,org.apache.ivy.Ivy14.sortModuleDescriptors(Collection),62,0,0,8,14
1556,org.apache.ivy.util.url.HttpClientHandler.FileRequestEntity.writeRequest(OutputStream),7,0,0,2,5
1557,org.apache.ivy.ant.IvyPostResolveTask.getOrganisation(),676,14,99,0,0
1558,"org.apache.ivy.ant.IvyArtifactReport.writeOriginLocationIfPresent(RepositoryCacheManager, TransformerHandler, ArtifactDownloadReport)",235,21,49,1,4
1559,org.apache.ivy.util.Configurator.Macro.Macro(MacroDef),2,1,1,0,0
1560,org.apache.ivy.core.cache.DefaultRepositoryCacheManager.getCachedDataFile(ModuleRevisionId),151,8,30,8,11
1561,"org.apache.ivy.core.cache.DefaultRepositoryCacheManager.findModuleInCache(DependencyDescriptor, ModuleRevisionId, CacheMetadataOptions, String)",339,0,0,15,57
1562,org.apache.ivy.plugins.resolver.AbstractResolver.isValidate(),1,0,0,0,0
1563,"org.apache.ivy.util.Configurator.addChild(ObjectDescriptor, Class, String, Object)",26,3,6,3,8
1564,"org.apache.ivy.plugins.parser.m2.PomModuleDescriptorBuilder.PomModuleDescriptorBuilder(ModuleDescriptorParser, Resource, ParserSettings)",399,12,102,2,7
1565,"org.apache.ivy.core.event.retrieve.StartRetrieveArtifactEvent.StartRetrieveArtifactEvent(ArtifactDownloadReport, File)",258,5,40,13,50
1566,org.apache.ivy.core.module.descriptor.ConfigurationGroup.getMembersConfigurationNames(),46,9,13,0,0
1567,org.apache.ivy.plugins.parser.AbstractModuleDescriptorParser.AbstractParser.setResource(Resource),102,9,19,5,5
1568,org.apache.ivy.osgi.p2.P2Artifact.getId(),22,4,9,0,0
1569,org.apache.ivy.plugins.conflict.AbstractConflictManager.getSettings(),296,21,42,0,0
1570,"org.apache.ivy.core.resolve.VisitNode.getRequiredConfigurations(VisitNode, String)",471,14,93,3,2
1571,org.apache.ivy.osgi.repo.ResolverManifestIterable.iterator(),86,0,0,7,29
1572,"org.apache.ivy.plugins.parser.m2.PomModuleDescriptorParser.parseOtherPom(ParserSettings, ModuleRevisionId)",399,11,89,10,49
1573,org.apache.ivy.core.report.ConfigurationResolveReport.getFailedArtifactsReports(),223,3,2,22,49
1574,org.apache.ivy.plugins.parser.m2.PomReader.PomDependencyData.getScope(),235,16,48,2,2
1575,org.apache.ivy.ant.IvyMakePom.Dependency.getArtifact(),8,2,6,0,0
1576,org.apache.ivy.ant.IvyPublish.PublishArtifact.getExtraAttribute(String),1,0,0,0,0
1577,org.apache.ivy.ant.testutil.AntTaskTestCase.assertLogNotContaining(String),3,0,0,1,2
1578,org.apache.ivy.plugins.repository.ssh.SshRepository.resolveResource(String),213,2,3,15,44
1579,org.apache.ivy.core.resolve.ResolveData.getCurrentVisitNode(),471,12,95,0,0
1580,org.apache.ivy.core.settings.IvySettings.getSettingsURL(String),83,5,34,0,0
1581,org.apache.ivy.core.retrieve.RetrieveEngineSettings.isCheckUpToDate(),258,12,53,0,0
1582,org.apache.ivy.core.IvyContext.peek(String),3,2,1,0,0
1583,"org.apache.ivy.osgi.obr.xml.OBRXMLWriter.newHandler(OutputStream, String, boolean)",428,23,85,0,0
1584,org.apache.ivy.plugins.circular.WarnCircularDependencyStrategy.logCircularDependency(ModuleRevisionId[]),12,0,0,4,5
1585,org.apache.ivy.ant.IvyPostResolveTask.isTransitive(),124,10,35,0,0
1586,org.apache.ivy.osgi.util.DelegatingHandler.skip(),42,7,13,1,1
1587,"org.apache.ivy.osgi.repo.FSManifestIterable.(Anon_2).accept(File, String)",1,0,0,0,0
1588,org.apache.ivy.Ivy.getLoggerEngine(),630,15,136,0,0
1589,"org.apache.ivy.plugins.resolver.DualResolver.findIvyFileRef(DependencyDescriptor, ResolveData)",2,0,0,1,1
1590,org.apache.ivy.osgi.p2.P2Artifact.toString(),4,0,0,3,1
1591,org.apache.ivy.core.resolve.ResolveOptions.getCheckIfChanged(),631,15,98,0,0
1592,"org.apache.ivy.plugins.parser.AbstractModuleDescriptorParserTester.assertDependencyModulesExcludes(DependencyDescriptor, String[], String[])",5,0,0,1,4
1593,org.apache.ivy.core.module.descriptor.DefaultModuleDescriptor.getExtraInfo(),5,0,0,2,3
1594,org.apache.ivy.core.resolve.IvyNodeEviction.getAllEvictingNodesDetails(),4,1,1,1,2
1595,org.apache.ivy.plugins.resolver.AbstractResolver.ResolverParserSettings.getMatcher(String),3,0,0,1,2
1596,"org.apache.ivy.core.check.CheckEngine.check(URL, String)",43,3,4,4,19
1597,"org.apache.ivy.core.cache.DefaultRepositoryCacheManager.getArchiveFileInCache(Artifact, ArtifactOrigin)",313,16,43,8,11
1598,org.apache.ivy.plugins.namespace.NamespaceTransformer.isIdentity(),301,15,74,0,0
1599,org.apache.ivy.plugins.namespace.MRIDRule.getOrg(),189,15,49,0,0
1600,org.apache.ivy.osgi.obr.OBRResolver.setRepoXmlFile(String),1,0,0,0,0
1601,org.apache.ivy.ant.IvyConfigure.getSettingsId(),2,0,0,1,1
1602,org.apache.ivy.core.retrieve.RetrieveOptions.getOverwriteMode(),2,1,1,0,0
1603,"org.apache.ivy.ant.IvyBuildList.convertModuleNamesToModuleDescriptors(Collection, Set, String)",98,9,26,1,3
1604,org.apache.ivy.core.event.EventManager.hasTransferListener(TransferListener),1,0,0,0,0
1605,"org.apache.ivy.core.settings.XmlSettingsParser.statusesStarted(String, Map)",180,7,51,4,7
1606,"org.apache.ivy.core.search.SearchEngine.findModuleRevisionIds(DependencyResolver, ModuleRevisionId, PatternMatcher)",207,0,0,15,46
1607,"org.apache.ivy.plugins.resolver.BasicResolver.checkDescriptorConsistency(ModuleRevisionId, ModuleDescriptor, ResolvedResource)",468,8,72,14,48
1608,org.apache.ivy.core.module.descriptor.DependencyDescriptor.getModuleConfigurations(),363,20,85,0,0
1609,org.apache.ivy.ant.IvyAntSettings.setHost(String),3,1,1,1,1
1610,org.apache.ivy.core.event.IvyEvent.addMridAttributes(ModuleRevisionId),178,13,50,2,8
1611,"org.apache.ivy.osgi.core.ManifestHeaderValue.writeParseException(PrintStream, String, ParseException)",1,0,0,0,0
1612,"org.apache.ivy.core.resolve.VisitNode.traverse(VisitNode, String, IvyNode, IvyNodeUsage)",182,3,7,12,48
1613,org.apache.ivy.plugins.parser.xml.UpdateOptions.getResolvedRevisions(),11,2,9,0,0
1614,org.apache.ivy.plugins.parser.m2.PomModuleDescriptorBuilder.getDependencyManagements(ModuleDescriptor),399,12,98,4,7
1615,org.apache.ivy.core.sort.CollectionOfModulesToSort.getModuleDescriptorDependency(DependencyDescriptor),36,5,8,3,5
1616,org.apache.ivy.core.resolve.ResolveOptions.setConfs(String[]),1106,10,214,0,0
1617,org.apache.ivy.plugins.repository.vfs.VfsResource.init(),24,5,6,4,5
1618,"org.apache.ivy.core.resolve.IvyNode.doesExclude(ModuleDescriptor, String, String[], DependencyDescriptor, Artifact, Stack)",49,8,9,4,9
1619,org.apache.ivy.core.resolve.ResolveData.getNode(ModuleRevisionId),561,14,131,3,2
1620,org.apache.ivy.ant.IvyResources.size(),1,0,0,0,0
1621,"org.apache.ivy.plugins.parser.m2.PomModuleDescriptorBuilder.(Anon_3).addMappingConfs(DefaultDependencyDescriptor, boolean)",7,0,0,3,4
1622,org.apache.ivy.core.module.id.ArtifactId.getType(),203,16,49,0,0
1623,"org.apache.ivy.core.report.ConfigurationResolveReport.ConfigurationResolveReport(ResolveEngine, ModuleDescriptor, String, Date, ResolveOptions)",554,13,97,0,0
1624,org.apache.ivy.plugins.version.Match.getRevisionArgs(String),158,12,49,1,1
1625,org.apache.ivy.util.MessageLoggerEngine.popLogger(),626,15,137,1,1
1626,org.apache.ivy.core.IvyContext.IvyContext(IvyContext),6,3,2,0,0
1627,org.apache.ivy.core.settings.IvySettings.ModuleSettings.getBranch(),13,6,3,0,0
1628,org.apache.ivy.util.Configurator.ObjectDescriptor.getAddMethod(Class),17,4,8,1,1
1629,org.apache.ivy.plugins.repository.ssh.Scp.FileInfo.setLastModified(long),3,2,1,0,0
1630,"org.apache.ivy.plugins.namespace.NameSpaceHelper.toSystem(ModuleDescriptor, Namespace)",156,5,19,8,33
1631,org.apache.ivy.ant.IvyDependencyTree.registerNodeIfNecessary(ModuleRevisionId),7,3,3,0,0
1632,"org.apache.ivy.plugins.repository.ssh.SshRepository.replaceArgument(String, String)",193,16,44,0,0
1633,org.apache.ivy.core.settings.IvySettings.validate(),6,2,2,2,1
1634,org.apache.ivy.ant.IvyReport.setTodir(File),1,0,0,0,0
1635,org.apache.ivy.ant.IvyInstall.isHaltonfailure(),694,15,97,0,0
1636,org.apache.ivy.plugins.repository.ResourceHelper.getLastModifiedOrDefault(Resource),15,2,2,4,5
1637,org.apache.ivy.core.publish.PublishOptions.getExtraArtifacts(),212,13,46,0,0
1638,org.apache.ivy.ant.testutil.AntTestListener.messageLogged(BuildEvent),1,0,0,0,0
1639,org.apache.ivy.plugins.parser.AbstractModuleDescriptorParser.AbstractParser.setMd(DefaultModuleDescriptor),49,8,19,0,0
1640,"org.apache.ivy.plugins.parser.xml.XmlModuleDescriptorWriter.printExtraAttributes(Map, PrintWriter, String)",4,2,1,1,1
1641,org.apache.ivy.plugins.repository.sftp.SFTPRepository.getResource(String),213,15,44,1,1
1642,org.apache.ivy.core.report.ConfigurationResolveReport.hasError(),221,1,1,23,49
1643,org.apache.ivy.util.MessageLoggerEngine.info(String),6,0,0,3,2
1644,org.apache.ivy.core.module.descriptor.DefaultModuleDescriptor.newDefaultInstance(ModuleRevisionId),635,15,129,7,13
1645,"org.apache.ivy.util.FileUtil.UncloseInputStream.read(byte[], int, int)",1,0,0,0,0
1646,"org.apache.ivy.plugins.parser.m2.PomModuleDescriptorWriter.printExclusions(ExcludeRule[], PrintWriter, int)",7,1,1,1,5
1647,"org.apache.ivy.util.Configurator.MacroDef.play(Configurator, Map, Map)",53,0,0,5,19
1648,org.apache.ivy.core.module.descriptor.DefaultExtendsDescriptor.isInfoInherited(),2,0,0,1,1
1649,org.apache.ivy.core.settings.IvySettings.substitute(String),743,15,165,3,1
1650,org.apache.ivy.core.resolve.IvyNode.markRootModuleConfLoaded(String),300,15,53,0,0
1651,org.apache.ivy.ant.IvyAntSettings.getUsername(),29,6,8,0,0
1652,org.apache.ivy.core.module.descriptor.ModuleDescriptor.getStatus(),956,12,236,0,0
1653,"org.apache.ivy.core.module.status.Status.Status(String, boolean)",6,4,2,0,0
1654,"org.apache.ivy.core.settings.IvySettings.addAllVariables(Map, boolean)",29,5,5,6,5
1655,org.apache.ivy.core.module.descriptor.DefaultExtendsDescriptor.isDescriptionInherited(),2,0,0,1,1
1656,org.apache.ivy.plugins.repository.LazyResource.setExists(boolean),9,2,7,0,0
1657,"org.apache.ivy.core.resolve.IvyNodeEviction.setEvictedNodes(ModuleId, String, Collection)",8,1,1,2,3
1658,org.apache.ivy.util.HexEncoder.encode(byte[]),3,2,1,0,0
1659,"org.apache.ivy.osgi.obr.xml.CapabilityAdapter.getOSGiService(BundleInfo, Capability)",23,3,3,4,7
1660,org.apache.ivy.plugins.parser.xml.UpdateOptions.setStatus(String),331,12,76,0,0
1661,org.apache.ivy.plugins.repository.ssh.SshResource.exists(),213,0,0,17,44
1662,org.apache.ivy.plugins.trigger.Trigger.getEventFilter(),7,3,4,0,0
1663,"org.apache.ivy.core.module.descriptor.DefaultModuleDescriptor.addDependencyDescriptorMediator(ModuleId, PatternMatcher, DependencyDescriptorMediator)",37,3,19,3,3
1664,org.apache.ivy.ant.IvyRetrieve.setSync(boolean),1,0,0,0,0
1665,"org.apache.ivy.core.resolve.IvyNode.handleConfiguration(boolean, String, IvyNode, String, String, boolean, IvyNodeUsage)",300,15,47,4,10
1666,"org.apache.ivy.util.filter.FilterHelper.filter(Collection, Filter)",269,20,47,1,1
1667,org.apache.ivy.plugins.matcher.GlobPatternMatcher.GlobMatcher.isExact(),2,0,0,1,1
1668,org.apache.ivy.plugins.repository.Repository.standardize(String),236,16,43,0,0
1669,org.apache.ivy.core.repository.RepositoryManagementEngine.newResolveData(),31,5,9,2,2
1670,"org.apache.ivy.Ivy.publish(ModuleRevisionId, Collection, String, PublishOptions)",686,15,93,14,50
1671,"org.apache.ivy.plugins.parser.xml.XmlModuleDescriptorParser.Parser.endElement(String, String, String)",245,0,0,20,47
1672,"org.apache.ivy.plugins.report.XmlReportOutputter.output(ConfigurationResolveReport, String, String[], ResolutionCacheManager)",324,2,3,21,46
1673,org.apache.ivy.core.IvyContext.setResolveData(ResolveData),833,12,157,0,0
1674,"org.apache.ivy.core.module.descriptor.DefaultArtifact.newPomArtifact(ModuleRevisionId, Date)",306,16,44,6,8
1675,"org.apache.ivy.ant.AntMessageLogger.rawlog(String, int)",1,0,0,0,0
1676,org.apache.ivy.ant.IvyFindRevision.setProperty(String),1,0,0,0,0
1677,org.apache.ivy.core.resolve.VisitNode.getRoot(),471,15,92,2,1
1678,org.apache.ivy.plugins.report.XmlReportParser.SaxXmlReportParser.parseBoolean(String),213,15,49,0,0
1679,org.apache.ivy.plugins.version.LatestVersionMatcher.LatestVersionMatcher(),15,4,5,1,1
1680,org.apache.ivy.core.retrieve.RetrieveOptions.RetrieveOptions(),1001,11,235,0,0
1681,org.apache.ivy.plugins.circular.AbstractCircularDependencyStrategy.toString(),2,0,0,1,1
1682,org.apache.ivy.osgi.core.BundleInfo.setClasspath(List),59,8,21,0,0
1683,org.apache.ivy.osgi.filter.MultiOperatorFilter.add(OSGiFilter),21,5,6,0,0
1684,org.apache.ivy.plugins.version.VersionMatcher.getName(),11,3,5,0,0
1685,"org.apache.ivy.plugins.repository.sftp.SFTPRepository.checkExistence(String, ChannelSftp)",212,15,44,0,0
1686,"org.apache.ivy.osgi.updatesite.xml.UpdateSiteDigestParser.parse(InputStream, UpdateSite)",34,5,7,4,7
1687,org.apache.ivy.core.module.descriptor.DefaultModuleDescriptor.getArtifactsIncludingExtending(String),28,9,6,2,3
1688,org.apache.ivy.osgi.p2.P2MetadataParser.UnitHandler.UnitHandler.(Anon_5).childHanlded(PropertiesHandler),4,0,0,2,2
1689,org.apache.ivy.core.IvyContext.checkInterrupted(),265,6,48,10,48
1690,"org.apache.ivy.plugins.parser.m2.PomModuleDescriptorBuilder.(Anon_1).addMappingConfs(DefaultDependencyDescriptor, boolean)",7,0,0,3,4
1691,org.apache.ivy.util.cli.Option.getArgsSpec(),4,2,2,0,0
1692,org.apache.ivy.core.cache.ResolutionCacheManager.getResolutionCacheRoot(),57,9,13,0,0
1693,"org.apache.ivy.plugins.parser.ModuleDescriptorParserRegistry.toIvyFile(InputStream, Resource, File, ModuleDescriptor)",14,0,0,4,5
1694,org.apache.ivy.core.module.descriptor.OverrideDependencyDescriptorMediator.getBranch(),19,5,8,0,0
1695,org.apache.ivy.core.report.ConfigurationResolveReport.getModuleRevisionIds(),395,9,51,19,49
1696,org.apache.ivy.plugins.resolver.util.ApacheHttpURLLister.accept(String),1,0,0,0,0
1697,org.apache.ivy.plugins.namespace.Namespace.getToSystemTransformer(),539,15,145,0,0
1698,org.apache.ivy.plugins.parser.xml.XmlModuleDescriptorParser.Parser.ivyModuleStarted(Attributes),419,13,82,4,5
1699,org.apache.ivy.util.url.IvyAuthenticator.install(),47,4,13,4,5
1700,org.apache.ivy.core.settings.Validatable.validate(),2,1,1,0,0
1701,"org.apache.ivy.osgi.filter.CompareFilter.CompareFilter(String, Operator, String)",7,3,3,0,0
1702,"org.apache.ivy.util.ContextualSAXHandler.endElement(String, String, String)",1,0,0,0,0
1703,org.apache.ivy.core.resolve.IvyNodeEviction.getAllEvictingConflictManagers(),3,1,1,1,1
1704,org.apache.ivy.ant.AddPathTask.add(Path),1,0,0,0,0
1705,org.apache.ivy.osgi.repo.ModuleDescriptorWrapper.hashCode(),4,0,0,3,1
1706,"org.apache.ivy.util.Configurator.addMacroAttribute(String, String)",8,0,0,3,4
1707,org.apache.ivy.plugins.parser.m2.PomReader.getDescription(),399,12,106,2,2
1708,org.apache.ivy.core.resolve.IvyNode.updateConfsToFetch(Collection),530,12,108,0,0
1709,org.apache.ivy.osgi.updatesite.xml.EclipseFeature.toString(),4,0,0,3,1
1710,org.apache.ivy.plugins.parser.m2.PomReader.getDependencyMgt(),399,12,107,1,2
1711,org.apache.ivy.plugins.report.XmlReportParser.SaxXmlReportParser.parse(),3,2,1,0,0
1712,org.apache.ivy.util.FileUtil.UncloseInputStream.read(byte[]),1,0,0,0,0
1713,org.apache.ivy.util.url.HttpClientHandler.getResponseContentLength(HttpMethodBase),40,5,9,5,5
1714,org.apache.ivy.osgi.updatesite.xml.EclipseUpdateSiteParser.FeatureHandler.FeatureHandler(),6,1,1,2,3
1715,org.apache.ivy.plugins.repository.TransferEvent.setEventType(int),172,13,50,1,3
1716,org.apache.ivy.ant.IvyResolve.setConf(String),124,10,35,0,0
1717,org.apache.ivy.plugins.resolver.BasicResolver.clearIvyAttempts(),513,12,109,1,1
1718,org.apache.ivy.osgi.core.BundleInfo.addRequirement(BundleRequirement),70,8,29,0,0
1719,org.apache.ivy.plugins.parser.m2.PomWriterOptions.setArtifactName(String),29,3,18,0,0
1720,org.apache.ivy.util.EncrytedProperties.containsValue(Object),2,0,0,1,1
1721,org.apache.ivy.ant.IvyResolve.createConflict(),2,1,1,0,0
1722,org.apache.ivy.core.module.descriptor.DefaultDependencyArtifactDescriptor.equals(Object),3,0,0,1,2
1723,org.apache.ivy.core.module.id.ModuleRevisionId.equals(Object),735,13,186,1,5
1724,"org.apache.ivy.core.event.retrieve.RetrieveEvent.RetrieveEvent(String, ModuleRevisionId, String[], RetrieveOptions)",166,1,2,12,50
1725,org.apache.ivy.core.cache.DefaultResolutionCacheManager.CacheParserSettings.getContextNamespace(),2,0,0,1,1
1726,org.apache.ivy.osgi.p2.P2ArtifactParser.MappingsHandler.MappingsHandler.(Anon_3).childHanlded(RuleHandler),1,0,0,0,0
1727,org.apache.ivy.core.settings.IvySettings.isCheckUpToDate(),45,6,12,0,0
1728,org.apache.ivy.util.url.HttpClientHandler.getHttpClientMajorVersion(),15,0,0,5,5
1729,org.apache.ivy.osgi.repo.AbstractOSGiResolver.filterNames(Collection),3,0,0,1,2
1730,org.apache.ivy.ant.IvyExtractFromSources.Ignore.getPackage(),2,1,1,0,0
1731,org.apache.ivy.plugins.version.Match.setRevision(String),1,0,0,0,0
1732,"org.apache.ivy.plugins.resolver.DependencyResolver.getDependency(DependencyDescriptor, ResolveData)",445,12,105,0,0
1733,org.apache.ivy.util.url.URLHandlerDispatcher.getURLInfo(URL),3,0,0,1,2
1734,org.apache.ivy.plugins.resolver.util.URLLister.accept(String),25,5,8,0,0
1735,"org.apache.ivy.core.resolve.ResolveData.ResolveData(ResolveData, boolean)",234,12,46,2,5
1736,org.apache.ivy.ant.IvyReport.getReportStylePath(),66,6,7,8,13
1737,org.apache.ivy.core.settings.IvySettings.getDefault14SettingsURL(),71,7,25,1,1
1738,org.apache.ivy.ant.IvyAntSettings.setPasswd(String),2,1,1,0,0
1739,org.apache.ivy.util.FileUtil.UncloseInputStream.read(),1,0,0,0,0
1740,org.apache.ivy.core.resolve.VisitNode.getModuleId(),371,14,50,2,1
1741,org.apache.ivy.core.cache.DefaultResolutionCacheManager.clean(),3,0,0,1,2
1742,"org.apache.ivy.util.Configurator.MacroDef.addElement(String, boolean)",8,3,1,2,3
1743,org.apache.ivy.plugins.resolver.DualResolver.exists(Artifact),3,0,0,1,2
1744,"org.apache.ivy.osgi.core.OsgiLatestStrategy.ArtifactInfoComparator.compare(ArtifactInfo, ArtifactInfo)",191,0,0,11,51
1745,org.apache.ivy.osgi.repo.AbstractOSGiResolver.ensureInit(),4,1,1,1,2
1746,org.apache.ivy.osgi.core.ManifestHeaderValue.ManifestHeaderParser.endParameterName(),14,4,4,2,1
1747,org.apache.ivy.plugins.resolver.IBiblioResolver.dumpSettings(),33,0,0,5,10
1748,org.apache.ivy.ant.IvyPostResolveTask.isChanging(),124,10,33,0,0
1749,org.apache.ivy.osgi.repo.AggregatedOSGiResolver.add(AbstractOSGiResolver),1,0,0,0,0
1750,org.apache.ivy.core.cache.DefaultRepositoryCacheManager.setLockStrategy(LockStrategy),1,0,0,0,0
1751,org.apache.ivy.core.resolve.IvyNodeEviction.isEvicted(String),212,4,2,17,49
1752,"org.apache.ivy.plugins.parser.xml.XmlModuleDescriptorUpdater.UpdaterHandler.collateInheritedItems(ModuleDescriptor, InheritableItem[])",12,3,4,1,4
1753,org.apache.ivy.core.resolve.IvyNode.hasAnyMergedUsageWithTransitiveDependency(String),18,4,6,2,1
1754,org.apache.ivy.core.event.download.PrepareDownloadEvent.PrepareDownloadEvent(Artifact[]),301,14,29,12,50
1755,org.apache.ivy.plugins.repository.Resource.openStream(),726,13,156,0,0
1756,org.apache.ivy.core.module.descriptor.DefaultDependencyDescriptor.setExcludeRules(Map),23,3,19,0,0
1757,org.apache.ivy.core.resolve.IvyNodeCallers.Caller.isRealCaller(),2,1,1,0,0
1758,org.apache.ivy.core.repository.RepositoryManagementEngine.ensureAnalyzed(),2,1,1,0,0
1759,org.apache.ivy.plugins.lock.CreateFileLockStrategy.CreateFileLockStrategy(boolean),74,5,28,3,3
1760,org.apache.ivy.plugins.repository.AbstractRepository.fireTransferCompleted(),15,3,2,2,5
1761,"org.apache.ivy.osgi.obr.xml.Capability.addProperty(String, String, String)",3,1,1,1,1
1762,org.apache.ivy.ant.IvyTask.setSettingsRef(Reference),376,16,63,0,0
1763,org.apache.ivy.core.report.ResolveReport.getEvictedNodes(),265,6,25,20,49
1764,org.apache.ivy.plugins.resolver.AbstractResolver.setValidate(boolean),1,0,0,0,0
1765,org.apache.ivy.core.resolve.ResolveOptions.getResolveId(),652,13,96,0,0
1766,"org.apache.ivy.core.resolve.IvyNode.doesCallersExclude(String, Artifact, Stack)",23,0,0,6,9
1767,org.apache.ivy.ant.IvyPostResolveTask.ensureResolved(IvySettings),124,4,11,9,27
1768,org.apache.ivy.util.extendable.ExtendableItem.getAttributes(),168,13,50,0,0
1769,"org.apache.ivy.core.resolve.ResolveEngine.markDependenciesFetched(IvyNode, String)",471,14,92,3,6
1770,org.apache.ivy.osgi.util.Version.withNudgedPatch(),5,2,1,1,2
1771,org.apache.ivy.osgi.updatesite.xml.EclipsePlugin.getVersion(),26,4,21,0,0
1772,org.apache.ivy.core.settings.IvySettings.setCircularDependencyStrategy(CircularDependencyStrategy),27,5,11,0,0
1773,org.apache.ivy.plugins.resolver.IBiblioResolver.listRevisions(ModuleEntry),17,0,0,3,7
1774,org.apache.ivy.core.cache.DefaultRepositoryCacheManager.getCachedDataFile(ModuleDescriptor),113,9,10,9,11
1775,org.apache.ivy.plugins.resolver.ChainResolver.isReturnFirst(),234,12,46,0,0
1776,org.apache.ivy.core.resolve.IvyNode.getAllArtifacts(),297,20,47,8,23
1777,"org.apache.ivy.plugins.conflict.LatestCompatibleConflictManager.handleAllBlacklistedRevisions(DependencyDescriptor, Collection)",32,0,0,5,10
1778,org.apache.ivy.util.cli.OptionBuilder.create(),12,3,8,1,1
1779,org.apache.ivy.osgi.obr.xml.OBRXMLParser.AbstractRequirementHandler.AbstractRequirementHandler(String),4,1,2,1,1
1780,org.apache.ivy.plugins.namespace.Namespace.getName(),237,15,45,0,0
1781,org.apache.ivy.core.cache.DefaultRepositoryCacheManager.addConfiguredTtl(Map),13,0,0,4,3
1782,"org.apache.ivy.core.report.ConfigurationResolveReport.addDependency(IvyNode, DownloadReport)",301,14,47,8,21
1783,org.apache.ivy.plugins.repository.file.FileResource.exists(),1,0,0,0,0
1784,org.apache.ivy.ant.IvyPublish.getStatus(),363,16,64,0,0
1785,org.apache.ivy.util.Configurator.MacroDef.getName(),54,5,18,0,0
1786,org.apache.ivy.core.cache.ParserSettingsMonitor.(Anon_1).getResolutionCacheManager(),2,0,0,1,1
1787,org.apache.ivy.util.url.URLHandler.setRequestMethod(int),35,5,11,0,0
1788,org.apache.ivy.core.cache.DefaultRepositoryCacheManager.getChangingMatcher(CacheMetadataOptions),9,2,3,1,4
1789,"org.apache.ivy.plugins.repository.jar.JarResource.JarResource(JarFile, String)",3,1,2,0,0
1790,org.apache.ivy.core.resolve.IvyNodeEviction.ModuleIdConf.getConf(),6,2,3,0,0
1791,org.apache.ivy.plugins.resolver.ChainResolver.abortPublishTransaction(),3,0,0,1,2
1792,org.apache.ivy.core.cache.DefaultRepositoryCacheManager.unlockMetadataArtifact(ModuleRevisionId),428,15,114,9,15
1793,org.apache.ivy.plugins.repository.sftp.SFTPRepository.getPath(String),220,15,44,0,0
1794,org.apache.ivy.osgi.filter.UniOperatorFilter.hashCode(),1,0,0,0,0
1795,"org.apache.ivy.core.resolve.ResolveEngine.resolveConflict(VisitNode, VisitNode, String, Collection)",372,1,1,14,50
1796,"org.apache.ivy.core.cache.DefaultRepositoryCacheManager.getArchiveFileInCache(Artifact, ArtifactOrigin, boolean)",425,16,89,8,11
1797,org.apache.ivy.ant.IvyBuildList.setRestartFrom(String),1,0,0,0,0
1798,org.apache.ivy.plugins.repository.vsftp.VsftpResource.init(),65,0,0,8,14
1799,org.apache.ivy.plugins.repository.TransferEvent.isTotalLengthSet(),13,3,6,0,0
1800,org.apache.ivy.osgi.updatesite.xml.EclipseFeature.getId(),74,7,33,0,0
1801,org.apache.ivy.core.resolve.IvyNode.getAllEvictingConflictManagers(),265,16,48,2,1
1802,org.apache.ivy.plugins.circular.ErrorCircularDependencyStrategy.getInstance(),6,3,3,0,0
1803,org.apache.ivy.osgi.core.ExecutionEnvironmentProfile.hashCode(),1,0,0,0,0
1804,org.apache.ivy.ant.IvyConfigure.setFile(File),2,0,0,1,1
1805,org.apache.ivy.Ivy.configureDefault(),169,5,9,8,37
1806,org.apache.ivy.util.Configurator.Attribute.getDefault(),53,6,19,0,0
1807,org.apache.ivy.plugins.repository.vsftp.VsftpResource.clone(String),150,0,0,12,50
1808,org.apache.ivy.osgi.p2.P2MetadataParser.UnitHandler.UnitHandler.(Anon_6).childHanlded(ProvidesHandler),7,0,0,1,6
1809,org.apache.ivy.osgi.core.BundleInfo.hasInnerClasspath(),268,17,47,0,0
1810,org.apache.ivy.plugins.matcher.GlobPatternMatcher.GlobMatcher.GlobMatcher(String),2,1,1,0,0
1811,org.apache.ivy.plugins.resolver.VfsResolver.hidePassword(String),2,0,0,1,1
1812,org.apache.ivy.osgi.util.DelegatingHandler.DelegatingHandler(String),60,3,46,0,0
1813,org.apache.ivy.plugins.resolver.JarResolver.setSettings(ResolverSettings),22,0,0,3,12
1814,org.apache.ivy.util.url.HttpClientHandler.HttpClientHelper3x.HttpClientHelper3x(),13,5,5,0,0
1815,org.apache.ivy.plugins.repository.url.URLResource.getName(),2,1,1,0,0
1816,org.apache.ivy.core.settings.XmlSettingsParser.parse(URL),69,5,21,4,4
1817,org.apache.ivy.core.cache.CacheDownloadOptions.setListener(DownloadListener),543,16,103,0,0
1818,org.apache.ivy.plugins.resolver.BasicResolver.setDescriptor(String),12,5,5,0,0
1819,org.apache.ivy.Ivy.bind.(Anon_1).transferProgress(TransferEvent),18,0,0,4,8
1820,"org.apache.ivy.plugins.resolver.ResolverTestHelper.assertOrganisationEntriesContains(DependencyResolver, String[], OrganisationEntry[])",4,1,1,1,2
1821,"org.apache.ivy.core.resolve.IvyNodeCallers.addCaller(String, IvyNode, String, String, String[], DependencyDescriptor)",186,13,47,5,11
1822,"org.apache.ivy.core.resolve.IvyNode.setPendingConflicts(ModuleId, String, Collection)",371,15,50,2,1
1823,org.apache.ivy.plugins.resolver.IvyRepResolver.setIvyroot(String),8,0,0,2,4
1824,org.apache.ivy.osgi.util.VersionRange.VersionRangeParser.parseQualifier(),8,3,3,1,2
1825,org.apache.ivy.util.url.HttpClientHandler.useProxy(),18,5,5,0,0
1826,org.apache.ivy.ant.IvyBuildNumber.NewRevision.getNewBuildNumber(),269,16,46,0,0
1827,"org.apache.ivy.osgi.repo.EditableRepoDescriptor.add(String, String, ModuleDescriptorWrapper)",25,4,6,4,5
1828,org.apache.ivy.plugins.resolver.packager.PackagerCacheEntry.isBuilt(),285,17,46,0,0
1829,org.apache.ivy.plugins.resolver.DualResolver.setIvyResolver(DependencyResolver),1,0,0,0,0
1830,org.apache.ivy.core.settings.IvySettings.addConfigured(Namespace),6,0,0,3,2
1831,org.apache.ivy.plugins.repository.file.FileRepository.FileRepository(File),6,0,0,4,2
1832,org.apache.ivy.plugins.parser.m2.PomModuleDescriptorBuilder.PomDependencyDescriptor.getPomDependencyData(),399,12,109,0,0
1833,org.apache.ivy.core.module.descriptor.DefaultModuleDescriptor.setDefault(boolean),290,15,46,0,0
1834,org.apache.ivy.plugins.repository.sftp.SFTPRepository.list(String),195,0,0,16,44
1835,org.apache.ivy.ant.IvyPublish.setConf(String),1,0,0,0,0
1836,org.apache.ivy.plugins.resolver.AbstractResolver.getDownloadOptions(ResolveOptions),40,7,16,1,3
1837,org.apache.ivy.util.url.URLHandlerRegistry.getHttp(),52,5,19,4,5
1838,"org.apache.ivy.core.event.resolve.StartResolveDependencyEvent.StartResolveDependencyEvent(DependencyResolver, DependencyDescriptor, ModuleRevisionId)",300,15,46,13,50
1839,"org.apache.ivy.plugins.conflict.RegexpConflictManager.nodeIsGreater(IvyNode, IvyNode)",28,4,2,6,6
1840,org.apache.ivy.core.module.descriptor.Artifact.getType(),868,13,186,0,0
1841,org.apache.ivy.ant.AddPathTask.addDirset(DirSet),1,0,0,0,0
1842,org.apache.ivy.core.install.InstallOptions.setConfs(String[]),694,15,97,0,0
1843,org.apache.ivy.core.deliver.DeliverOptions.isMerge(),248,15,46,0,0
1844,org.apache.ivy.plugins.version.VersionRangeMatcher.getLatestStrategy(),10,2,2,4,2
1845,"org.apache.ivy.plugins.repository.ssh.Scp.get(String, OutputStream)",12,0,0,3,6
1846,org.apache.ivy.ant.IvyListModules.setModule(String),1,0,0,0,0
1847,org.apache.ivy.plugins.repository.ssh.AbstractSshBasedRepository.setKeyFile(File),16,3,1,4,5
1848,"org.apache.ivy.util.Checks.checkAbsolute(File, String)",39,6,9,2,2
1849,org.apache.ivy.plugins.resolver.AbstractSshBasedResolver.setKeyFilePassword(String),4,0,0,2,2
1850,org.apache.ivy.plugins.namespace.Namespace.(Anon_2).isIdentity(),1,0,0,0,0
1851,"org.apache.ivy.osgi.util.ZipUtil.zipFiles(File, File, ZipOutputStream)",2,1,1,0,0
1852,"org.apache.ivy.plugins.resolver.ChainResolver.setLatest(DependencyResolver, LatestStrategy)",232,12,46,1,1
1853,"org.apache.ivy.Ivy.retrieve(ModuleRevisionId, RetrieveOptions)",384,11,31,12,53
1854,org.apache.ivy.core.resolve.ResolveOptions.setOutputReport(boolean),23,6,10,0,0
1855,org.apache.ivy.core.report.ResolveReport.getModuleIds(),7,0,0,2,4
1856,org.apache.ivy.core.sort.CollectionOfModulesToSort.iterator(),1,0,0,0,0
1857,org.apache.ivy.core.settings.IvySettings.getDefaultCacheIvyPattern(),2,1,1,0,0
1858,org.apache.ivy.core.IvyContext.setDependencyDescriptor(DependencyDescriptor),468,12,99,0,0
1859,"org.apache.ivy.core.search.SearchEngine.listModules(ModuleRevisionId, PatternMatcher)",282,8,25,14,49
1860,org.apache.ivy.core.deliver.DeliverOptions.isResolveDynamicRevisions(),248,15,46,0,0
1861,org.apache.ivy.core.resolve.ResolvedModuleRevision.getId(),784,14,167,1,1
1862,org.apache.ivy.osgi.obr.xml.OBRXMLParser.ResourceHandler.ResourceHandler.(Anon_3).childHanlded(ResourceDescriptionHandler),3,0,0,1,2
1863,org.apache.ivy.core.resolve.VisitNode.getRoot(VisitNode),4,0,0,1,3
1864,org.apache.ivy.ant.IvyMakePom.getArtifactName(),29,3,18,0,0
1865,org.apache.ivy.util.MockMessageLogger.doEndProgress(String),1,0,0,0,0
1866,org.apache.ivy.osgi.core.ManifestHeaderValue.ManifestHeaderValue(String),59,6,22,6,5
1867,org.apache.ivy.core.repository.RepositoryManagementEngine.load(),213,0,0,16,46
1868,org.apache.ivy.osgi.core.ManifestParser.parseManifest(File),3,2,1,0,0
1869,"org.apache.ivy.plugins.repository.vfs.VfsRepository.get(String, File)",170,0,0,14,48
1870,org.apache.ivy.osgi.updatesite.UpdateSiteResolver.init(),121,0,0,7,44
1871,org.apache.ivy.plugins.parser.m2.PomModuleDescriptorParser.getInstance(),19,7,5,0,0
1872,"org.apache.ivy.plugins.version.VersionMatcher.accept(ModuleRevisionId, ModuleDescriptor)",337,15,71,0,0
1873,org.apache.ivy.core.install.InstallOptions.setArtifactFilter(Filter),695,15,97,0,0
1874,org.apache.ivy.plugins.repository.ssh.AbstractSshBasedRepository.getUserPassword(),187,15,44,0,0
1875,"org.apache.ivy.plugins.parser.xml.XmlModuleDescriptorUpdater.UpdaterHandler.writeInheritanceComment(String, Object)",15,3,4,2,2
1876,org.apache.ivy.core.module.descriptor.ExtraInfoHolder.ExtraInfoHolder(),428,13,87,0,0
1877,org.apache.ivy.core.settings.IvySettings.useDeprecatedUseOrigin(),639,15,136,4,5
1878,org.apache.ivy.ant.IvyMakePom.createDependency(),1,0,0,0,0
1879,org.apache.ivy.util.StringUtils.decrypt(String),4,2,2,0,0
1880,"org.apache.ivy.plugins.version.ExactVersionMatcher.accept(ModuleRevisionId, ModuleRevisionId)",2,0,0,1,1
1881,org.apache.ivy.util.cli.CommandLineParser.parse(String[]),625,15,137,3,4
1882,"org.apache.ivy.plugins.resolver.AbstractResolver.findModuleInCache(DependencyDescriptor, ResolveData, boolean)",233,12,46,5,24
1883,org.apache.ivy.plugins.repository.ssh.Scp.readResponse(InputStream),11,3,3,1,2
1884,"org.apache.ivy.core.event.IvyEvent.addAttribute(String, String)",213,13,50,0,0
1885,org.apache.ivy.core.module.id.ArtifactRevisionId.getArtifactId(),107,9,36,0,0
1886,org.apache.ivy.util.MessageLoggerEngine.endProgress(String),6,0,0,3,2
1887,org.apache.ivy.plugins.repository.ssh.SshCache.CfUserInfo.getPassword(),26,1,1,6,6
1888,org.apache.ivy.osgi.p2.P2MetadataParser.RepositoryReferenceHandler.handleAttributes(Attributes),2,0,0,1,1
1889,org.apache.ivy.plugins.resolver.AbstractSshBasedResolver.setPassfile(File),4,0,0,2,2
1890,org.apache.ivy.osgi.repo.ArtifactReportManifestIterable.iterator(),2,0,0,1,1
1891,org.apache.ivy.osgi.updatesite.xml.FeatureParser.DescriptionHandler.DescriptionHandler(),11,3,5,1,2
1892,org.apache.ivy.plugins.parser.m2.PomWriterOptions.setPrintIvyInfo(boolean),29,3,18,0,0
1893,"org.apache.ivy.plugins.repository.ssh.SshRepository.makePath(String, Session)",205,16,44,4,5
1894,org.apache.ivy.plugins.conflict.RegexpConflictManager.getMatch(IvyNode),28,4,3,5,6
1895,"org.apache.ivy.plugins.repository.ssh.AbstractSshBasedRepository.releaseSession(Session, String)",220,5,20,14,48
1896,org.apache.ivy.core.module.descriptor.Configuration.getName(),494,12,128,0,0
1897,org.apache.ivy.ant.IvyAntSettings.createIvyEngine(ProjectComponent),187,2,3,7,65
1898,org.apache.ivy.util.MessageLoggerEngine.deprecated(String),6,0,0,3,2
1899,org.apache.ivy.ant.IvyResources.setDescription(String),1,0,0,0,0
1900,"org.apache.ivy.plugins.repository.url.URLRepository.put(File, String, boolean)",169,0,0,14,50
1901,org.apache.ivy.util.url.URLHandlerDispatcher.setRequestMethod(int),2,0,0,1,1
1902,org.apache.ivy.core.settings.IvyVariableContainerImpl.IvyVariableContainerImpl(Map),6,3,2,0,0
1903,org.apache.ivy.plugins.resolver.FileSystemResolver.initTransaction(ModuleRevisionId),198,4,4,14,48
1904,org.apache.ivy.plugins.resolver.SshResolver.SshResolver(),2,0,0,1,1
1905,"org.apache.ivy.plugins.resolver.ChainResolver.setLatestIfRequired(DependencyResolver, LatestStrategy)",232,12,46,2,3
1906,org.apache.ivy.core.settings.IvySettings.getSignatureGenerator(String),1,0,0,0,0
1907,org.apache.ivy.osgi.core.BundleCapability.getVersion(),2,1,1,0,0
1908,org.apache.ivy.core.cache.ParserSettingsMonitor.(Anon_1).substitute(Map),3,0,0,2,1
1909,org.apache.ivy.core.report.ResolveReport.hasChanged(),757,15,107,1,1
1910,org.apache.ivy.plugins.resolver.BasicResolver.setChecksums(String),1,0,0,0,0
1911,org.apache.ivy.core.module.descriptor.DefaultModuleDescriptor.setPublicationDate(Date),191,15,47,0,0
1912,org.apache.ivy.core.resolve.ResolveOptions.setCheckIfChanged(boolean),739,14,105,0,0
1913,"org.apache.ivy.plugins.repository.ssh.SshResource.SshResource(SshRepository, String)",13,5,5,0,0
1914,org.apache.ivy.osgi.obr.xml.OBRXMLParser.ResourceDocumentationHandler.ResourceDocumentationHandler(),16,3,9,1,2
1915,org.apache.ivy.osgi.core.ManifestHeaderValue.ManifestHeaderParser.parseElement(),18,2,2,4,5
1916,org.apache.ivy.core.module.descriptor.DefaultModuleDescriptor.getConfigurationsNames(),349,17,72,0,0
1917,org.apache.ivy.plugins.parser.m2.PomWriterOptions.getConfs(),10,3,5,0,0
1918,org.apache.ivy.plugins.resolver.AbstractResolver.reportFailure(),12,0,0,4,5
1919,"org.apache.ivy.core.pack.PackagingManager.unpackArtifact(Artifact, File, File)",94,10,19,1,5
1920,"org.apache.ivy.core.resolve.IvyNode.addAllIfNotNull(Collection, Collection)",85,8,23,0,0
1921,"org.apache.ivy.core.module.descriptor.DefaultModuleDescriptor.transformInstance(ModuleDescriptor, Namespace)",120,1,1,7,33
1922,org.apache.ivy.core.module.descriptor.Configuration.hashCode(),2,0,0,1,1
1923,org.apache.ivy.core.sort.CollectionOfModulesToSort.size(),38,6,12,0,0
1924,"org.apache.ivy.plugins.parser.m2.PomModuleDescriptorBuilder.PomModuleDescriptor.PomModuleDescriptor(ModuleDescriptorParser, Resource)",10,3,6,1,1
1925,org.apache.ivy.core.cache.DefaultResolutionCacheManager.getResolvedModuleDescriptor(ModuleRevisionId),194,0,0,14,49
1926,"org.apache.ivy.core.resolve.IvyNode.setEvictedNodes(ModuleId, String, Collection)",371,15,50,3,3
1927,"org.apache.ivy.core.module.id.ModuleRules.getRule(ModuleRevisionId, Filter)",12,2,2,4,3
1928,"org.apache.ivy.core.module.id.ArtifactRevisionId.newInstance(ModuleRevisionId, String, String, String)",125,10,21,4,9
1929,org.apache.ivy.core.settings.IvySettings.setDefaultBranch(String),34,5,11,0,0
1930,org.apache.ivy.plugins.repository.ssh.SshRepository.list(String),191,0,0,15,44
1931,org.apache.ivy.ant.IvyBuildNumber.setModule(String),1,0,0,0,0
1932,org.apache.ivy.plugins.parser.xml.XmlModuleDescriptorWriter.requireInnerInfoElement(ModuleDescriptor),39,3,22,1,6
1933,"org.apache.ivy.osgi.core.ManifestParser.parseRequirement(BundleInfo, Attributes, String, String, String)",59,3,16,7,11
1934,"org.apache.ivy.plugins.repository.url.ChainedRepository.get(String, File)",23,0,0,5,5
1935,org.apache.ivy.core.resolve.ResolvedModuleRevision.getResolver(),801,12,216,0,0
1936,"org.apache.ivy.core.event.retrieve.EndRetrieveArtifactEvent.EndRetrieveArtifactEvent(ArtifactDownloadReport, File)",258,5,40,13,50
1937,org.apache.ivy.plugins.repository.ssh.SshCache.CfUserInfo.getPassphrase(),25,0,0,6,6
1938,org.apache.ivy.core.retrieve.RetrieveOptions.setSync(boolean),710,15,191,0,0
1939,org.apache.ivy.util.Configurator.getDepth(),59,9,13,0,0
1940,org.apache.ivy.plugins.resolver.AbstractResolver.checkInterrupted(),497,10,101,10,48
1941,org.apache.ivy.plugins.version.SubVersionMatcher.isDynamic(ModuleRevisionId),2,0,0,1,1
1942,org.apache.ivy.core.module.descriptor.DefaultExtendsDescriptor.getExtendsTypes(),1,0,0,0,0
1943,org.apache.ivy.core.resolve.IvyNodeBlacklist.getEvictedNode(),32,6,9,0,0
1944,org.apache.ivy.plugins.resolver.AbstractResolver.toString(),2,0,0,1,1
1945,org.apache.ivy.ant.IvyBuildList.getIvyFileFor(File),98,9,26,0,0
1946,org.apache.ivy.osgi.updatesite.xml.FeatureParser.PluginHandler.PluginHandler(),11,3,5,1,1
1947,org.apache.ivy.ant.IvyMakePom.Dependency.getOptional(),8,2,6,0,0
1948,"org.apache.ivy.core.cache.DefaultResolutionCacheManager.saveLocalParents(ModuleRevisionId, ModuleDescriptor, File, Properties)",195,3,2,14,49
1949,org.apache.ivy.plugins.resolver.AbstractSshBasedResolver.setSettings(IvySettings),30,0,0,6,7
1950,org.apache.ivy.core.deliver.DeliverOptions.newInstance(IvySettings),626,15,143,1,2
1951,org.apache.ivy.plugins.parser.xml.XmlModuleDescriptorParser.Parser.infoStarted(Attributes),419,9,65,14,47
1952,org.apache.ivy.core.module.id.ModuleId.getName(),458,12,106,0,0
1953,org.apache.ivy.osgi.filter.MultiOperatorFilter.operator(),3,2,1,0,0
1954,"org.apache.ivy.core.cache.ModuleDescriptorMemoryCache.get(File, ParserSettings, boolean, ModuleDescriptorProvider)",26,3,3,5,6
1955,org.apache.ivy.plugins.resolver.BintrayResolver.isEmpty(String),18,4,7,0,0
1956,org.apache.ivy.core.settings.IvySettings.getCircularDependencyStrategy(),148,12,32,1,1
1957,org.apache.ivy.core.module.descriptor.DependencyDescriptor.getAllIncludeRules(),44,3,23,0,0
1958,org.apache.ivy.util.Credentials.equals(Object),3,0,0,2,1
1959,org.apache.ivy.core.module.descriptor.AbstractIncludeExcludeRule.initStandardAttributes(),12,3,1,1,8
1960,org.apache.ivy.util.MessageLoggerEngine.setShowProgress(boolean),5,0,0,2,3
1961,"org.apache.ivy.util.url.AbstractURLHandler.isReachable(URL, int)",3,0,0,1,2
1962,"org.apache.ivy.osgi.util.VersionComparator.compare(Version, Version)",4,0,0,2,2
1963,org.apache.ivy.core.resolve.IvyNodeBlacklist.getBlacklistedNode(),268,21,44,0,0
1964,org.apache.ivy.util.extendable.ExtendableItem.getAttribute(String),4,2,2,0,0
1965,org.apache.ivy.ant.IvyTask.isValidate(),1,0,0,0,0
1966,org.apache.ivy.osgi.util.VersionRange.toString(),18,5,5,3,1
1967,"org.apache.ivy.core.cache.DefaultRepositoryCacheManager.cacheModuleDescriptor(DependencyResolver, ResolvedResource, DependencyDescriptor, Artifact, ResourceDownloader, CacheMetadataOptions)",413,0,0,15,91
1968,org.apache.ivy.osgi.p2.P2MetadataParser.ArtifactHandler.ArtifactHandler(),5,3,1,1,1
1969,org.apache.ivy.core.cache.ParserSettingsMonitor.(Anon_1).substitute(String),3,1,1,1,1
1970,"org.apache.ivy.util.EncrytedProperties.getProperty(String, String)",2,0,0,1,1
1971,org.apache.ivy.ant.IvyReport.genreport(String[]),85,6,10,9,18
1972,org.apache.ivy.plugins.parser.xml.XmlModuleDescriptorParser.getInstance(),384,13,67,0,0
1973,"org.apache.ivy.plugins.repository.ssh.SshRepository.readSessionOutput(ChannelExec, StringBuffer, StringBuffer)",193,16,44,0,0
1974,org.apache.ivy.osgi.core.ExportPackage.hashCode(),4,0,0,3,1
1975,org.apache.ivy.plugins.repository.vsftp.VsftpRepository.getInitResource(String),65,3,8,7,16
1976,org.apache.ivy.core.resolve.IvyNodeUsage.Depender.equals(Object),1,0,0,0,0
1977,org.apache.ivy.core.resolve.IvyNode.isSearched(),276,20,49,0,0
1978,"org.apache.ivy.core.module.id.ModuleRules.getRules(ModuleRevisionId, Filter)",9,0,0,4,3
1979,org.apache.ivy.ant.IvyPublish.setPubdate(String),1,0,0,0,0
1980,org.apache.ivy.osgi.repo.AggregatedRepoDescriptor.getModules.(Anon_1).hasNext(),3,1,1,1,1
1981,org.apache.ivy.core.module.descriptor.DefaultDependencyArtifactDescriptor.getType(),5,2,3,0,0
1982,org.apache.ivy.ant.IvyResources.iterator(),1,0,0,0,0
1983,org.apache.ivy.ant.IvyPublish.getSrcivypattern(),363,16,64,0,0
1984,org.apache.ivy.core.module.descriptor.DefaultExcludeRule.toString(),8,0,0,4,3
1985,"org.apache.ivy.plugins.parser.m2.PomModuleDescriptorParser.toIvyFile(InputStream, Resource, File, ModuleDescriptor)",114,0,0,8,49
1986,org.apache.ivy.core.settings.IvySettings.ModuleSettings.getConflictManager(),20,6,6,0,0
1987,org.apache.ivy.core.settings.IvySettings.getDefaultCacheArtifactPattern(),2,1,1,0,0
1988,org.apache.ivy.osgi.updatesite.xml.EclipseUpdateSiteParser.SiteHandler.handleAttributes(Attributes),6,0,0,1,5
1989,org.apache.ivy.plugins.parser.ModuleDescriptorParserRegistry.ModuleDescriptorParserRegistry(),4,0,0,1,3
1990,"org.apache.ivy.plugins.resolver.ResolverTestHelper.getEntry(ModuleEntry[], String)",2,0,0,1,1
1991,"org.apache.ivy.plugins.resolver.AbstractResolver.getDownloadListener.(Anon_1).needArtifact(RepositoryCacheManager, Artifact)",169,0,0,14,50
1992,org.apache.ivy.plugins.resolver.ResolverSettings.getLatestStrategy(String),15,5,5,0,0
1993,org.apache.ivy.Ivy.checkInterrupted(),151,11,48,4,5
1994,org.apache.ivy.plugins.repository.vsftp.VsftpRepository.setHost(String),4,3,1,0,0
1995,org.apache.ivy.core.module.descriptor.DefaultModuleDescriptor.setNamespace(Namespace),208,15,47,0,0
1996,org.apache.ivy.util.url.URLHandler.getLastModified(URL),3,2,1,0,0
1997,org.apache.ivy.plugins.repository.ssh.AbstractSshBasedRepository.setPort(int),4,3,1,0,0
1998,"org.apache.ivy.plugins.repository.AbstractRepository.put(Artifact, File, String, boolean)",3,0,0,2,1
1999,"org.apache.ivy.plugins.parser.AbstractModuleDescriptorParserTester.assertDependencyArtifactExcludeRules(DependencyDescriptor, String[], String[])",4,0,0,1,3
2000,org.apache.ivy.ant.IvyArtifactReport.setTofile(File),1,0,0,0,0
2001,org.apache.ivy.plugins.version.VersionRangeMatcher.MRIDArtifactInfo.getRevision(),2,0,0,1,1
2002,"org.apache.ivy.plugins.parser.xml.XmlModuleDescriptorUpdater.UpdaterHandler.removeConfigurationsFromList(String, List)",243,16,44,0,0
2003,org.apache.ivy.plugins.parser.m2.PomWriterOptions.getLicenseHeader(),210,12,49,0,0
2004,"org.apache.ivy.core.resolve.IvyNode.isConfRequiredByMergedUsageOnly(String, String)",36,5,10,1,1
2005,org.apache.ivy.core.module.descriptor.MDArtifact.getPublicationDate(),2,0,0,1,1
2006,"org.apache.ivy.plugins.parser.m2.PomModuleDescriptorBuilder.setModuleRevId(String, String, String)",399,9,93,15,49
2007,"org.apache.ivy.util.url.HttpClientHandler.getURLInfo(URL, int)",41,1,1,4,12
2008,org.apache.ivy.osgi.util.DelegatingHandler.endElement.(Anon_4).call(),32,0,0,8,6
2009,org.apache.ivy.plugins.resolver.VsftpResolver.setHost(String),4,0,0,2,2
2010,"org.apache.ivy.core.module.descriptor.DefaultModuleDescriptor.addExtraInfo(String, String)",2,0,0,1,1
2011,org.apache.ivy.plugins.circular.CircularDependencyException.CircularDependencyException(ModuleRevisionId[]),3,1,1,1,1
2012,org.apache.ivy.plugins.resolver.BasicResolver.toString(),2,0,0,1,1
2013,"org.apache.ivy.plugins.version.SubVersionMatcher.accept(ModuleRevisionId, ModuleRevisionId)",2,0,0,1,1
2014,org.apache.ivy.core.cache.CacheMetadataOptions.isCheckmodified(),6,4,2,0,0
2015,"org.apache.ivy.plugins.conflict.StrictConflictManager.resolveConflicts(IvyNode, Collection)",38,0,0,5,10
2016,"org.apache.ivy.core.resolve.ResolveEngine.getDependencies(URL, ResolveOptions)",551,5,9,16,95
2017,org.apache.ivy.osgi.core.ExecutionEnvironmentProfile.getName(),13,5,5,0,0
2018,org.apache.ivy.util.AbstractMessageLogger.deprecated(String),2,0,0,1,1
2019,"org.apache.ivy.plugins.version.ChainVersionMatcher.accept(ModuleRevisionId, ModuleDescriptor)",4,0,0,1,3
2020,"org.apache.ivy.core.module.descriptor.DefaultDependencyDescriptor.addExcludeRule(String, ExcludeRule)",253,16,48,1,2
2021,"org.apache.ivy.ant.IvyArtifactReport.startModule(TransformerHandler, IvyNode)",235,21,49,2,8
2022,org.apache.ivy.plugins.repository.Repository.list(String),28,5,8,0,0
2023,org.apache.ivy.osgi.p2.P2MetadataParser.UnitHandler.UnitHandler.(Anon_8).childHanlded(RequiresHandler),2,0,0,1,1
2024,"org.apache.ivy.osgi.repo.AbstractOSGiResolver.checkModuleDescriptorRevision(ModuleDescriptor, ModuleRevisionId)",13,0,0,3,9
2025,"org.apache.ivy.plugins.resolver.MockResolver.shouldReturnResolvedModule(DependencyDescriptor, ResolvedModuleRevision)",47,6,13,1,7
2026,"org.apache.ivy.plugins.resolver.AbstractResolver.getDownloadListener.(Anon_1).startArtifactDownload(RepositoryCacheManager, ResolvedResource, Artifact, ArtifactOrigin)",173,0,0,14,47
2027,"org.apache.ivy.osgi.core.ExportPackage.ExportPackage(String, Version)",81,8,29,1,1
2028,org.apache.ivy.core.module.descriptor.DefaultModuleDescriptor.setLastModified(long),478,12,100,0,0
2029,org.apache.ivy.plugins.resolver.CacheResolver.listModules(OrganisationEntry),47,0,0,8,14
2030,org.apache.ivy.plugins.resolver.AbstractPatternsBasedResolver.setArtifactPatterns(List),49,8,14,0,0
2031,org.apache.ivy.core.cache.ParserSettingsMonitor.(Anon_1).getMatcher(String),2,0,0,1,1
2032,org.apache.ivy.core.module.descriptor.License.getName(),295,20,52,0,0
2033,org.apache.ivy.osgi.updatesite.xml.EclipseFeature.getRequires(),25,4,21,0,0
2034,org.apache.ivy.ant.IvyBuildList.setExcludeRoot(boolean),1,0,0,0,0
2035,org.apache.ivy.core.report.ConfigurationResolveReport.getDownloadedArtifactsReports(),226,3,7,22,49
2036,"org.apache.ivy.plugins.namespace.NameSpaceHelper.transform(ModuleId, NamespaceTransformer)",235,4,42,14,49
2037,org.apache.ivy.osgi.obr.xml.Requirement.isOptional(),18,4,8,0,0
2038,"org.apache.ivy.osgi.obr.xml.CapabilityAdapter.getExportPackage(BundleInfo, Capability)",23,2,3,4,8
2039,org.apache.ivy.ant.AntMessageLogger.register.(Anon_1).taskFinished(BuildEvent),4,0,0,2,2
2040,org.apache.ivy.plugins.repository.jar.JarRepository.getResource(String),167,15,50,1,1
2041,org.apache.ivy.core.resolve.ResolveOptions.setDownload(boolean),760,14,108,0,0
2042,org.apache.ivy.Ivy14.getVariable(String),95,0,0,9,29
2043,org.apache.ivy.util.url.HttpClientHandler.openStream(URL),30,0,0,5,9
2044,org.apache.ivy.core.cache.CacheMetadataOptions.setValidate(boolean),40,7,16,0,0
2045,org.apache.ivy.core.module.descriptor.ModuleDescriptor.getDescription(),340,16,58,0,0
2046,org.apache.ivy.core.resolve.IvyNode.getData(),505,15,108,0,0
2047,"org.apache.ivy.Ivy.listRevisions(String, String)",15,1,1,3,8
2048,org.apache.ivy.osgi.core.ManifestHeaderValue.ManifestHeaderParser.parseValueOrParameter(),15,1,1,3,5
2049,"org.apache.ivy.core.resolve.IvyNodeCallers.Caller.addConfiguration(String, String[])",31,6,10,1,3
2050,"org.apache.ivy.plugins.resolver.IBiblioResolver.findIvyFileRef(DependencyDescriptor, ResolveData)",305,0,0,15,44
2051,org.apache.ivy.plugins.repository.ssh.RemoteScpException.RemoteScpException(String),10,2,5,0,0
2052,"org.apache.ivy.Ivy.listModules(ModuleRevisionId, PatternMatcher)",747,15,94,15,49
2053,"org.apache.ivy.plugins.repository.sftp.SFTPRepository.put(File, String, boolean)",212,0,0,14,44
2054,org.apache.ivy.plugins.parser.xml.XmlModuleDescriptorUpdater.UpdaterHandler.getContext(),249,15,44,0,0
2055,org.apache.ivy.plugins.conflict.LatestConflictManager.IvyNodeArtifactInfo.getRevision(),6,0,0,2,3
2056,org.apache.ivy.plugins.resolver.SshResolver.setListCommand(String),3,0,0,1,2
2057,org.apache.ivy.core.retrieve.RetrieveOptions.setMakeSymlinks(boolean),709,15,191,0,0
2058,org.apache.ivy.core.module.descriptor.ExtraInfoHolder.getAttributes(),424,13,86,0,0
2059,org.apache.ivy.osgi.updatesite.xml.UpdateSiteDigestParser.DigestHandler.DigestHandler.(Anon_1).childHanlded(FeatureHandler),51,0,0,6,30
2060,org.apache.ivy.util.AbstractMessageLogger.doProgress(),2,1,1,0,0
2061,org.apache.ivy.core.module.descriptor.DefaultModuleDescriptor.getMetadataArtifact(),231,15,47,7,9
2062,org.apache.ivy.plugins.repository.url.URLResource.openStream(),3,0,0,1,2
2063,org.apache.ivy.ant.IvyMakePom.getPomWriterOptions(),249,13,48,2,19
2064,org.apache.ivy.util.Message.deprecated(String),558,10,142,3,5
2065,org.apache.ivy.core.sort.WarningNonMatchingVersionReporter.reportMessage(String),11,0,0,4,5
2066,org.apache.ivy.ant.IvyAntSettings.format(String),7,1,6,0,0
2067,org.apache.ivy.ant.IvyConfigure.setUrl(String),2,0,0,1,1
2068,"org.apache.ivy.plugins.resolver.BasicResolver.logArtifactAttempt(Artifact, String)",26,2,12,4,5
2069,"org.apache.ivy.core.module.descriptor.DefaultModuleDescriptor.doesExclude(String[], ArtifactId)",192,0,0,16,49
2070,org.apache.ivy.core.event.IvyEvent.toString(),165,13,45,1,2
2071,org.apache.ivy.core.settings.IvyVariableContainerImpl.clone(),2,1,1,0,0
2072,org.apache.ivy.plugins.repository.jar.JarRepository.list(String),1,0,0,0,0
2073,org.apache.ivy.core.resolve.IvyNode.getEvictedData(String),503,15,100,7,7
2074,org.apache.ivy.core.cache.DefaultRepositoryCacheManager.DefaultRepositoryCacheManager(),1,0,0,0,0
2075,org.apache.ivy.plugins.resolver.BasicResolver.listModules(OrganisationEntry),511,13,100,1,3
2076,org.apache.ivy.plugins.conflict.LatestConflictManager.getStrategy(),293,21,42,4,5
2077,org.apache.ivy.core.retrieve.RetrieveOptions.setDestArtifactPattern(String),387,13,88,0,0
2078,"org.apache.ivy.ant.IvyDependencyUpdateChecker.displayNewDependencyOnLatest(ResolveReport, ResolveReport)",724,14,105,2,5
2079,org.apache.ivy.plugins.repository.sftp.SFTPRepository.MyProgressMonitor.count(long),12,0,0,3,6
2080,"org.apache.ivy.plugins.resolver.BasicResolver.(Anon_6).download(Artifact, Resource, File)",186,0,0,15,47
2081,org.apache.ivy.osgi.updatesite.xml.UpdateSite.getUri(),87,6,33,0,0
2082,"org.apache.ivy.plugins.parser.xml.XmlModuleDescriptorParser.Parser.addDependencyArtifacts(String, Attributes)",74,8,6,5,12
2083,"org.apache.ivy.ant.IvyRepositoryReport.gendot(ResolutionCacheManager, String, String)",746,15,100,3,4
2084,org.apache.ivy.core.resolve.ResolveOptions.setValidate(boolean),1163,11,236,0,0
2085,org.apache.ivy.plugins.resolver.IvyRepResolver.getArtifactPatterns(),9,0,0,3,3
2086,org.apache.ivy.plugins.repository.file.FileRepository.getFileSeparator(),8,5,2,0,0
2087,org.apache.ivy.osgi.util.DelegatingHandler.startElement.(Anon_2).call(),2,0,0,1,1
2088,org.apache.ivy.osgi.obr.xml.OBRXMLParser.CapabilityHandler.handleAttributes(Attributes),4,0,0,2,2
2089,"org.apache.ivy.core.module.descriptor.DefaultModuleDescriptor.newDefaultInstance(ModuleRevisionId, DependencyArtifactDescriptor[])",469,12,81,6,13
2090,org.apache.ivy.osgi.p2.P2MetadataParser.AbstractRequirementHandler.handleAttributes(Attributes),1,0,0,0,0
2091,org.apache.ivy.plugins.resolver.CacheResolver.dumpSettings(),12,0,0,4,5
2092,org.apache.ivy.core.resolve.IvyNodeCallers.getDirectCallerFor(ModuleId),2,1,1,0,0
2093,org.apache.ivy.core.sort.ModuleInSort.isSorted(),15,1,1,4,5
2094,org.apache.ivy.plugins.repository.Repository.getResource(String),293,15,45,0,0
2095,org.apache.ivy.plugins.latest.LatestRevisionStrategy.LatestRevisionStrategy(),75,5,28,1,2
2096,"org.apache.ivy.plugins.namespace.NameSpaceHelper.transform(DependencyDescriptor, NamespaceTransformer, boolean)",46,7,6,3,20
2097,org.apache.ivy.ant.IvyResolve.setKeep(boolean),37,6,15,0,0
2098,org.apache.ivy.core.module.id.ArtifactId.getModuleId(),203,16,49,0,0
2099,org.apache.ivy.core.IvyContext.pushNewCopyContext(),765,12,143,2,3
2100,"org.apache.ivy.core.event.retrieve.RetrieveArtifactEvent.RetrieveArtifactEvent(String, ArtifactDownloadReport, File)",168,1,2,12,50
2101,"org.apache.ivy.plugins.resolver.BasicResolver.findFirstArtifactRef(ModuleDescriptor, DependencyDescriptor, ResolveData)",468,12,88,5,14
2102,org.apache.ivy.plugins.resolver.RepositoryResolver.getResource(String),2,0,0,1,1
2103,org.apache.ivy.core.settings.XmlSettingsParser.typedefStarted(Map),180,7,49,7,5
2104,org.apache.ivy.plugins.repository.sftp.SFTPRepository.openStream(SFTPResource),198,1,1,16,44
2105,"org.apache.ivy.osgi.obr.xml.OBRXMLWriter.writeBundles(Iterable, ContentHandler)",35,0,0,5,14
2106,org.apache.ivy.core.resolve.VisitNode.getParentConf(),471,15,93,0,0
2107,"org.apache.ivy.osgi.repo.AbstractOSGiResolver.buildResolvedCapabilityMd(DependencyDescriptor, ModuleDescriptor)",52,5,2,6,21
2108,org.apache.ivy.plugins.repository.AbstractRepository.fireTransferError(),7,0,0,2,4
2109,org.apache.ivy.osgi.filter.OSGiFilter.toString(),24,5,8,1,1
2110,"org.apache.ivy.core.IvyPatternHelper.substitute(String, ModuleRevisionId, Artifact, String, ArtifactOrigin)",21,2,3,2,10
2111,org.apache.ivy.plugins.matcher.ExactOrRegexpPatternMatcher.ExactOrRegexpMatcher.ExactOrRegexpMatcher(String),4,1,1,2,1
2112,org.apache.ivy.plugins.conflict.StrictConflictException.StrictConflictException(),2,0,0,1,1
2113,org.apache.ivy.ant.IvyAntSettings.getFile(),2,1,1,0,0
2114,org.apache.ivy.ant.IvyVar.getPrefix(),2,1,1,0,0
2115,org.apache.ivy.plugins.resolver.AbstractResolver.ResolverParserSettings.substitute(String),3,0,0,1,2
2116,org.apache.ivy.Ivy14.listModules(String),15,0,0,4,8
2117,org.apache.ivy.ant.IvyResolve.setInline(boolean),124,10,33,0,0
2118,org.apache.ivy.plugins.resolver.ResolverSettings.getRepositoryCacheManagers(),45,8,12,0,0
2119,org.apache.ivy.plugins.matcher.AbstractPatternMatcher.toString(),2,0,0,1,1
2120,org.apache.ivy.plugins.resolver.VsftpResolver.getVsftpRepository(),59,9,14,1,1
2121,org.apache.ivy.plugins.parser.m2.PomWriterOptions.ExtraDependency.getType(),42,4,25,0,0
2122,org.apache.ivy.plugins.parser.m2.PomModuleDescriptorBuilder.addExtraInfos(Map),6,0,0,3,3
2123,org.apache.ivy.osgi.repo.ResolverManifestIterable.ResolverManifestIterable(BasicResolver),428,23,85,0,0
2124,org.apache.ivy.core.resolve.IvyNodeEviction.ModuleIdConf.equals(Object),4,0,0,1,3
2125,"org.apache.ivy.core.module.descriptor.DefaultArtifact.cloneWithAnotherName(Artifact, String)",28,0,0,4,9
2126,org.apache.ivy.core.resolve.IvyNode.getRealNode(),47,4,15,4,2
2127,"org.apache.ivy.core.RelativeUrlResolver.getURL(URL, String, String)",56,8,23,1,1
2128,org.apache.ivy.plugins.namespace.NamespaceRule.getToSystem(),197,17,47,0,0
2129,org.apache.ivy.osgi.repo.RelativeURLRepository.RelativeURLRepository(URL),26,5,8,0,0
2130,"org.apache.ivy.plugins.parser.m2.PomModuleDescriptorWriter.indent(PrintWriter, int)",42,4,28,0,0
2131,org.apache.ivy.plugins.IvySettingsAware.setSettings(IvySettings),8,2,4,0,0
2132,org.apache.ivy.osgi.core.ManifestHeaderValue.ManifestHeaderValue(),1,0,0,0,0
2133,org.apache.ivy.util.StringUtils.getErrorMessage(Throwable),284,12,45,0,0
2134,"org.apache.ivy.util.Configurator.ObjectDescriptor.ObjectDescriptor(Object, String)",9,1,1,1,7
2135,org.apache.ivy.plugins.repository.Resource.getLastModified(),250,18,44,0,0
2136,org.apache.ivy.plugins.repository.LazyResource.setContentLength(long),9,2,7,0,0
2137,"org.apache.ivy.util.ChecksumHelper.compute(File, String)",4,2,1,1,1
2138,"org.apache.ivy.plugins.resolver.IBiblioResolver.findSnapshotDescriptor(DependencyDescriptor, ResolveData, ModuleRevisionId)",305,3,5,16,44
2139,"org.apache.ivy.plugins.latest.LatestLexicographicStrategy.(Anon_1).compare(Object, Object)",2,0,0,1,1
2140,org.apache.ivy.osgi.util.DelegatingHandler.SkipOnErrorCallback.call(),29,7,6,0,0
2141,org.apache.ivy.core.module.descriptor.IncludeRule.getConfigurations(),10,2,8,0,0
2142,org.apache.ivy.osgi.util.DelegatingHandler.skipOnError(SkipOnErrorCallback),32,2,2,6,6
2143,"org.apache.ivy.core.settings.IvySettings.classForName(String, boolean)",13,1,1,4,5
2144,org.apache.ivy.core.settings.IvySettings.dumpSettings(),70,6,9,5,12
2145,org.apache.ivy.util.Configurator.endMacroDef(),59,9,13,2,2
2146,org.apache.ivy.plugins.repository.vfs.VfsResource.getName(),175,15,47,1,1
2147,org.apache.ivy.ant.testutil.AntTaskTestCase.assertLogContaining(String),3,0,0,1,2
2148,org.apache.ivy.plugins.resolver.AbstractResolver.ResolverParserSettings.getResolutionCacheManager(),3,0,0,1,2
2149,org.apache.ivy.ant.IvyTask.doExecute(),30,6,9,0,0
2150,org.apache.ivy.plugins.trigger.LogTrigger.progress(IvyEvent),17,0,0,5,5
2151,"org.apache.ivy.plugins.parser.xml.XmlModuleDescriptorUpdater.UpdaterHandler.endElement(String, String, String)",30,0,0,4,11
2152,org.apache.ivy.core.module.id.ModuleId.toString(),667,12,144,0,0
2153,"org.apache.ivy.core.cache.DefaultRepositoryCacheManager.addTTL(Map, PatternMatcher, long)",13,3,2,3,3
2154,org.apache.ivy.core.module.descriptor.DependencyDescriptor.getExcludeRules(String[]),7,2,4,0,0
2155,org.apache.ivy.plugins.resolver.AbstractSshBasedResolver.setUserPassword(String),4,0,0,2,2
2156,org.apache.ivy.ant.IvyRetrieve.getSetId(),384,14,80,0,0
2157,org.apache.ivy.core.module.descriptor.DefaultExtendsDescriptor.isAllInherited(),5,1,4,0,0
2158,org.apache.ivy.core.settings.XmlSettingsParser.XmlSettingsParser(IvySettings),76,6,26,0,0
2159,org.apache.ivy.plugins.resolver.IvyRepResolver.setIvypattern(String),8,0,0,2,4
2160,org.apache.ivy.core.module.descriptor.DefaultModuleDescriptor.toString(),273,20,47,2,1
2161,"org.apache.ivy.plugins.parser.xml.XmlModuleDescriptorParser.Parser.mergeValues(Map, Map)",196,15,49,0,0
2162,org.apache.ivy.core.settings.IvySettings.load(File),140,9,24,5,25
2163,org.apache.ivy.osgi.core.BundleInfo.setSymbolicNameTarget(String),83,8,30,0,0
2164,org.apache.ivy.util.url.URLHandler.URLInfo.getBodyCharset(),16,5,5,0,0
2165,org.apache.ivy.plugins.repository.ssh.SshCache.Entry.getUser(),163,14,48,0,0
2166,org.apache.ivy.core.cache.ArtifactOrigin.hashCode(),1,0,0,0,0
2167,org.apache.ivy.plugins.resolver.BasicResolver.(Anon_5).resolve(Artifact),64,0,0,7,16
2168,org.apache.ivy.plugins.resolver.AbstractSshBasedResolver.AbstractSshBasedResolver(),2,0,0,1,1
2169,org.apache.ivy.core.module.descriptor.DefaultModuleDescriptor.getAllArtifacts(),1,0,0,0,0
2170,"org.apache.ivy.core.cache.ModuleDescriptorMemoryCache.CacheEntry.CacheEntry(ModuleDescriptor, boolean, ParserSettingsMonitor)",12,5,5,0,0
2171,org.apache.ivy.core.resolve.IvyNode.getConflictManager(ModuleId),407,15,60,3,5
2172,org.apache.ivy.core.retrieve.FileNameMapper.mapFileName(String),72,5,39,0,0
2173,org.apache.ivy.ant.IvyBuildNumber.setRevision(String),1,0,0,0,0
2174,org.apache.ivy.core.cache.DefaultRepositoryCacheManager.getLockStrategy(),98,10,15,3,2
2175,org.apache.ivy.core.resolve.ResolveData.getDate(),450,16,73,1,1
2176,org.apache.ivy.util.AbstractMessageLogger.getWarns(),3,2,1,0,0
2177,"org.apache.ivy.Ivy.setVariable(String, String)",95,1,1,8,29
2178,"org.apache.ivy.plugins.resolver.IBiblioResolver.listResources(Repository, ModuleRevisionId, String, Artifact)",214,0,0,14,44
2179,"org.apache.ivy.core.resolve.IvyNode.getDependencies(String, String[], String)",297,4,11,14,48
2180,org.apache.ivy.core.LogOptions.LogOptions(LogOptions),3,1,2,0,0
2181,org.apache.ivy.plugins.matcher.GlobPatternMatcher.GlobMatcher.matches(String),1,0,0,0,0
2182,org.apache.ivy.plugins.parser.m2.PomReader.getVersion(),399,12,105,2,2
2183,"org.apache.ivy.core.settings.IvySettings.loadProperties(URL, boolean)",19,5,5,0,0
2184,org.apache.ivy.Ivy.interrupt(Thread),17,2,2,4,5
2185,"org.apache.ivy.ant.IvyTask.getResolvedConfigurations(String, String, boolean)",124,9,35,1,1
2186,org.apache.ivy.ant.IvyRetrieve.add(FileNameMapper),2,0,0,1,1
2187,"org.apache.ivy.core.retrieve.RetrieveReport.addCopiedFile(File, ArtifactDownloadReport)",258,12,53,0,0
2188,org.apache.ivy.plugins.report.XmlReportParser.SaxXmlReportParser.getMetadataArtifactReport(ModuleRevisionId),2,1,1,0,0
2189,org.apache.ivy.core.event.FilteredIvyListener.progress(IvyEvent),3,0,0,1,2
2190,"org.apache.ivy.plugins.report.XmlReportWriter.outputArtifacts(ConfigurationResolveReport, PrintWriter, IvyNode)",274,20,49,2,18
2191,"org.apache.ivy.plugins.parser.ModuleDescriptorParser.parseDescriptor(ParserSettings, URL, Resource, boolean)",282,16,43,0,0
2192,org.apache.ivy.util.url.URLHandler.URLInfo.isReachable(),9,2,5,0,0
2193,org.apache.ivy.core.install.InstallEngineSettings.setLogNotConvertedExclusionRule(boolean),663,13,103,0,0
2194,org.apache.ivy.core.settings.IvySettings.getResolverNames(),1,0,0,0,0
2195,org.apache.ivy.osgi.p2.P2CompositeParser.getChildLocations(),15,3,9,0,0
2196,org.apache.ivy.osgi.obr.xml.OBRXMLParser.RepositoryHandler.handleAttributes(Attributes),6,0,0,2,4
2197,org.apache.ivy.core.resolve.VisitNode.getRootModuleConf(),371,15,47,0,0
2198,org.apache.ivy.plugins.resolver.IBiblioResolver.listModules(OrganisationEntry),15,0,0,3,6
2199,org.apache.ivy.plugins.resolver.AbstractPatternsBasedResolver.convertM2IdForResourceSearch(ModuleRevisionId),343,9,36,14,49
2200,"org.apache.ivy.util.url.AbstractURLHandler.getDecodingInputStream(String, InputStream)",40,6,11,0,0
2201,"org.apache.ivy.plugins.resolver.MockResolver.download(Artifact[], DownloadOptions)",4,0,0,2,2
2202,org.apache.ivy.osgi.obr.xml.Requirement.getFilter(),18,4,8,0,0
2203,org.apache.ivy.osgi.filter.OSGiFilterParser.Parser.parseOr(),20,0,0,5,7
2204,org.apache.ivy.osgi.core.BundleRequirement.hashCode(),4,0,0,3,1
2205,org.apache.ivy.ant.IvyReport.setGraph(boolean),1,0,0,0,0
2206,"org.apache.ivy.osgi.core.BundleInfoAdapter.asMrid(String, String, VersionRange)",202,4,10,15,49
2207,"org.apache.ivy.ant.IvyDeliver.DeliverDRResolver.deliverDependency(ModuleRevisionId, String, String, String)",166,13,48,2,3
2208,org.apache.ivy.plugins.resolver.ChainResolver.setDual(boolean),1,0,0,0,0
2209,"org.apache.ivy.Ivy.resolve(File, ResolveOptions)",1,0,0,0,0
2210,"org.apache.ivy.plugins.resolver.DependencyResolver.download(Artifact[], DownloadOptions)",315,14,48,0,0
2211,org.apache.ivy.ant.IvyDependencyUpdateChecker.setShowTransitive(boolean),1,0,0,0,0
2212,"org.apache.ivy.plugins.report.XmlReportWriter.outputMetadataArtifact(PrintWriter, IvyNode)",274,20,49,1,14
2213,org.apache.ivy.plugins.resolver.RepositoryResolver.setRepository(Repository),12,2,8,0,0
2214,org.apache.ivy.plugins.repository.ssh.AbstractSshBasedRepository.setHost(String),4,3,1,0,0
2215,org.apache.ivy.plugins.latest.ArtifactInfo.getRevision(),409,12,64,0,0
2216,org.apache.ivy.core.publish.PublishEngineSettings.getResolver(String),292,14,45,0,0
2217,"org.apache.ivy.plugins.resolver.BasicResolver.findNames(Map, String)",11,2,6,0,0
2218,org.apache.ivy.plugins.circular.AbstractLogCircularDependencyStrategy.AbstractLogCircularDependencyStrategy(String),4,1,2,1,1
2219,org.apache.ivy.ant.IvyInfo.setModule(String),1,0,0,0,0
2220,org.apache.ivy.core.resolve.ResolveData.isTransitive(),18,4,6,1,1
2221,"org.apache.ivy.core.module.status.StatusManager.StatusManager(Status[], String)",6,2,1,2,2
2222,org.apache.ivy.core.deliver.DeliverOptions.DeliverOptions(),1,0,0,0,0
2223,org.apache.ivy.plugins.resolver.AbstractResolver.toSystem(ResolvedModuleRevision),156,0,0,10,43
2224,"org.apache.ivy.plugins.version.ChainVersionMatcher.needModuleDescriptor(ModuleRevisionId, ModuleRevisionId)",4,0,0,1,3
2225,org.apache.ivy.ant.IvyBuildNumber.setDefault(String),1,0,0,0,0
2226,org.apache.ivy.core.module.descriptor.DefaultDependencyDescriptor.getExtraAttribute(String),2,0,0,1,1
2227,org.apache.ivy.core.resolve.ResolveData.getNodes(),530,16,95,1,1
2228,org.apache.ivy.core.retrieve.RetrieveOptions.isMakeSymlinksInMass(),258,12,53,0,0
2229,"org.apache.ivy.plugins.resolver.ResolverTestHelper.assertRevisionEntries(DependencyResolver, ModuleEntry, String[], RevisionEntry[])",7,0,0,4,3
2230,"org.apache.ivy.Ivy14.listModules(ModuleId, PatternMatcher)",186,0,0,17,49
2231,org.apache.ivy.core.module.descriptor.DependencyDescriptorMediator.mediate(DependencyDescriptor),196,16,47,0,0
2232,org.apache.ivy.plugins.signer.SignatureGenerator.getExtension(),34,6,9,0,0
2233,org.apache.ivy.osgi.obr.xml.Requirement.setMultiple(boolean),31,7,7,0,0
2234,"org.apache.ivy.plugins.resolver.BasicResolver.getRMDParser(DependencyDescriptor, ResolveData)",307,16,44,0,0
2235,org.apache.ivy.osgi.obr.xml.RequirementAdapter.extractFilter(OSGiFilter),18,4,4,2,4
2236,org.apache.ivy.ant.IvyDeliver.loadDeliveryList(),301,13,68,0,0
2237,org.apache.ivy.osgi.filter.CompareFilter.eval(Map),1,0,0,0,0
2238,"org.apache.ivy.core.resolve.IvyNode.getEvictedRevisions(ModuleId, String)",4,1,1,2,1
2239,"org.apache.ivy.core.settings.IvySettings.addLatestStrategy(String, LatestStrategy)",76,5,29,2,2
2240,org.apache.ivy.util.MockMessageLogger.clear(),1,0,0,0,0
2241,org.apache.ivy.osgi.core.BundleInfo.toString(),34,5,11,0,0
2242,org.apache.ivy.plugins.conflict.StrictConflictException.StrictConflictException(Throwable),2,0,0,1,1
2243,org.apache.ivy.plugins.parser.xml.UpdateOptions.getSettings(),11,2,9,0,0
2244,"org.apache.ivy.plugins.repository.file.FileRepository.put(File, String, boolean)",174,0,0,14,46
2245,org.apache.ivy.core.resolve.IvyNode.clean(),530,16,95,0,0
2246,org.apache.ivy.core.event.retrieve.EndRetrieveEvent.getNbUpToDate(),1,0,0,0,0
2247,org.apache.ivy.util.Message.debug(Throwable),30,3,7,4,5
2248,org.apache.ivy.ant.IvyPublish.setForcedeliver(boolean),1,0,0,0,0
2249,"org.apache.ivy.core.module.id.ArtifactRevisionId.ArtifactRevisionId(ArtifactId, ModuleRevisionId, Map)",20,2,2,2,9
2250,org.apache.ivy.plugins.resolver.IBiblioResolver.getArtifactPatterns(),298,16,44,3,5
2251,org.apache.ivy.core.module.descriptor.DefaultModuleDescriptor.setResolvedPublicationDate(Date),272,17,47,0,0
2252,org.apache.ivy.core.resolve.ResolveProcessException.ResolveProcessException(String),15,4,6,0,0
2253,org.apache.ivy.util.url.URLHandlerRegistry.getDefault(),59,5,24,0,0
2254,org.apache.ivy.core.deliver.DeliverOptions.setPubdate(Date),1,0,0,0,0
2255,org.apache.ivy.ant.IvyListModules.setValue(String),1,0,0,0,0
2256,"org.apache.ivy.core.settings.XmlSettingsParser.startElement(String, String, String, Attributes)",180,0,0,6,52
2257,org.apache.ivy.plugins.parser.ModuleDescriptorParserRegistry.accept(Resource),3,0,0,2,1
2258,org.apache.ivy.util.MessageLogger.sumupProblems(),10,4,5,0,0
2259,org.apache.ivy.plugins.parser.m2.PomModuleDescriptorBuilder.addPlugin(PomDependencyMgt),399,12,102,2,9
2260,org.apache.ivy.core.report.ConfigurationResolveReport.getConfiguration(),463,15,116,0,0
2261,"org.apache.ivy.plugins.resolver.IBiblioResolver.listTokenValues(String, String)",46,0,0,5,13
2262,org.apache.ivy.Ivy14.listModuleEntries(OrganisationEntry),17,0,0,4,10
2263,"org.apache.ivy.plugins.resolver.packager.BuiltFileResource.BuiltFileResource(File, Artifact)",24,2,1,5,10
2264,org.apache.ivy.core.IvyPatternHelper.OriginalArtifactNameValue.OriginalArtifactNameValue(ArtifactOrigin),4,2,2,0,0
2265,"org.apache.ivy.core.sort.CollectionOfModulesToSort.addToModulesByModuleId(ModuleDescriptor, ModuleInSort)",5,2,1,1,2
2266,org.apache.ivy.core.settings.IvySettings.getResolveMode.(Anon_4).accept(Object),2,0,0,1,1
2267,org.apache.ivy.osgi.core.ManifestHeaderValue.getValues(),59,8,19,1,2
2268,org.apache.ivy.util.MessageLogger.rawinfo(String),14,4,5,0,0
2269,org.apache.ivy.core.resolve.ResolveData.getEngine(),193,16,47,0,0
2270,org.apache.ivy.osgi.repo.AbstractFSManifestIterable.AbstractFSManifestIterable(T),3,1,2,0,0
2271,org.apache.ivy.plugins.resolver.packager.PackagerCacheEntry.cleanup(),287,17,46,1,1
2272,org.apache.ivy.core.repository.RepositoryManagementEngine.analyze(),29,0,0,4,12
2273,org.apache.ivy.core.report.MetadataArtifactDownloadReport.isSearched(),346,15,80,0,0
2274,org.apache.ivy.osgi.p2.P2MetadataParser.UnitHandler.handleAttributes(Attributes),3,0,0,1,2
2275,"org.apache.ivy.plugins.parser.m2.PomModuleDescriptorBuilder.addProperty(String, String)",399,12,105,3,3
2276,"org.apache.ivy.core.resolve.IvyNode.getPendingConflicts(String, ModuleId)",371,15,50,6,2
2277,"org.apache.ivy.util.MockMessageLogger.rawlog(String, int)",1,0,0,0,0
2278,org.apache.ivy.osgi.obr.xml.OBRXMLParser.ResourceHandler.ResourceHandler.(Anon_8).childHanlded(RequireHandler),22,0,0,4,8
2279,"org.apache.ivy.plugins.resolver.MockResolver.buildMockResolver(ResolverSettings, String, boolean, ModuleRevisionId, Date, boolean)",33,1,1,8,9
2280,org.apache.ivy.plugins.resolver.AbstractSshBasedResolver.setHost(String),4,0,0,2,2
2281,"org.apache.ivy.core.module.descriptor.DefaultDependencyDescriptor.doesExclude(String[], ArtifactId)",192,0,0,16,49
2282,org.apache.ivy.util.url.URLHandlerRegistry.setDefault(URLHandler),29,6,8,0,0
2283,"org.apache.ivy.plugins.parser.AbstractModuleDescriptorParser.AbstractParser.parseDepsConfs(String[], DefaultDependencyDescriptor, boolean)",206,0,0,17,49
2284,org.apache.ivy.util.Configurator.MacroDef.createMacro(),25,4,9,1,1
2285,org.apache.ivy.ant.IvyBuildNumber.NewRevision.getNewRevision(),269,16,46,0,0
2286,org.apache.ivy.plugins.latest.LatestRevisionStrategy.SpecialMeaning.getValue(),6,3,3,0,0
2287,org.apache.ivy.osgi.filter.MultiOperatorFilter.getSubFilters(),31,5,9,0,0
2288,org.apache.ivy.osgi.util.DelegatingHandler.startElement.(Anon_1).call(),31,0,0,8,6
2289,"org.apache.ivy.Ivy14.publish(ModuleDescriptor, DependencyResolver, Collection, String, Artifact[], boolean, String)",219,0,0,13,46
2290,org.apache.ivy.Ivy.listRevisionEntries(ModuleEntry),19,1,1,3,11
2291,org.apache.ivy.core.report.ArtifactDownloadReport.ArtifactDownloadReport(Artifact),353,15,68,0,0
2292,"org.apache.ivy.ant.IvyConflict.addConflict(DefaultModuleDescriptor, IvySettings)",757,15,102,5,6
2293,org.apache.ivy.core.module.descriptor.DefaultModuleDescriptor.addExcludeRule(ExcludeRule),955,13,148,0,0
2294,org.apache.ivy.plugins.repository.Resource.exists(),452,12,99,0,0
2295,org.apache.ivy.plugins.lock.AbstractLockStrategy.AbstractLockStrategy(boolean),2,1,1,0,0
2296,org.apache.ivy.plugins.repository.ssh.Scp.FileInfo.getLastModified(),209,16,44,0,0
2297,"org.apache.ivy.util.FileUtil.copy(InputStream, File, CopyProgressListener)",41,6,11,0,0
2298,org.apache.ivy.core.module.descriptor.DefaultModuleDescriptor.getAllExcludeRules(),1,0,0,0,0
2299,org.apache.ivy.osgi.obr.xml.OBRXMLParser.RepositoryHandler.RepositoryHandler(URI),18,1,1,3,10
2300,"org.apache.ivy.util.StringUtils.join(Object[], String)",423,21,73,0,0
2301,org.apache.ivy.ant.IvyMakePom.Dependency.getGroup(),8,2,6,0,0
2302,org.apache.ivy.osgi.repo.AbstractOSGiResolver.getResource(String),4,0,0,2,2
2303,org.apache.ivy.osgi.core.BundleInfo.getRequirements(),230,17,49,0,0
2304,org.apache.ivy.core.module.descriptor.ExcludeRule.getMatcher(),201,17,49,0,0
2305,org.apache.ivy.core.cache.ParserSettingsMonitor.hasChanged(ParserSettings),13,1,1,4,5
2306,org.apache.ivy.plugins.resolver.DependencyResolver.dumpSettings(),45,6,12,0,0
2307,org.apache.ivy.core.sort.ModuleInSort.toString(),36,5,9,2,2
2308,org.apache.ivy.Ivy.getRetrieveEngine(),677,14,109,0,0
2309,org.apache.ivy.ant.IvyPublish.setSrcivypattern(String),1,0,0,0,0
2310,"org.apache.ivy.plugins.parser.m2.PomReader.PomReader.(Anon_1).resolveEntity(String, String)",1,0,0,0,0
2311,org.apache.ivy.plugins.repository.vsftp.VsftpRepository.getResource(String),213,9,15,11,50
2312,org.apache.ivy.core.module.descriptor.DefaultModuleDescriptor.getLicenses(),1,0,0,0,0
2313,org.apache.ivy.ant.IvyPostResolveTask.getModule(),676,14,99,0,0
2314,org.apache.ivy.core.module.id.ModuleRevisionId.getModuleId(),879,12,305,0,0
2315,org.apache.ivy.ant.IvyInstall.setConf(String),1,0,0,0,0
2316,org.apache.ivy.util.Configurator.MacroRecord.getChildren(),53,5,19,0,0
2317,org.apache.ivy.plugins.parser.xml.UpdateOptions.isReplaceInclude(),11,2,9,0,0
2318,org.apache.ivy.ant.IvyCacheFileset.getParents(File),2,1,1,0,0
2319,"org.apache.ivy.util.ChecksumHelper.computeAsString(File, String)",36,6,9,2,2
2320,org.apache.ivy.osgi.core.BundleInfo.setId(String),32,7,8,0,0
2321,org.apache.ivy.core.module.descriptor.DependencyDescriptor.isForce(),284,21,46,0,0
2322,org.apache.ivy.osgi.util.Version.ensureToString(),3,1,1,1,1
2323,org.apache.ivy.osgi.core.BundleInfo.setExecutionEnvironments(List),59,8,21,1,2
2324,org.apache.ivy.ant.IvyAntSettings.Credentials.getPasswd(),22,6,5,0,0
2325,org.apache.ivy.core.module.descriptor.AbstractIncludeExcludeRule.hashCode(),7,0,0,2,4
2326,org.apache.ivy.util.FileUtil.readEntirely(File),29,3,18,0,0
2327,org.apache.ivy.plugins.repository.url.URLResource.exists(),7,0,0,2,5
2328,org.apache.ivy.plugins.repository.url.URLResource.isLocal(),2,1,1,0,0
2329,org.apache.ivy.ant.IvyInfo.setFile(File),1,0,0,0,0
2330,org.apache.ivy.core.module.descriptor.ModuleDescriptor.getMetadataArtifact(),1004,12,210,0,0
2331,org.apache.ivy.osgi.core.ManifestHeaderElement.getValues(),59,6,25,0,0
2332,"org.apache.ivy.core.resolve.IvyNodeUsage.NodeConf.NodeConf(IvyNode, String)",3,1,2,0,0
2333,"org.apache.ivy.util.url.URLHandler.getLastModified(URL, int)",3,2,1,0,0
2334,org.apache.ivy.ant.FixDepsTask.doExecute(),449,0,0,20,77
2335,org.apache.ivy.plugins.resolver.BasicResolver.acceptLatest(),9,3,5,0,0
2336,org.apache.ivy.ant.IvyResolve.setOrganisation(String),124,10,33,0,0
2337,org.apache.ivy.osgi.repo.ResolverManifestIterable.ResolverManifestIterator.hasNext(),489,1,1,12,93
2338,org.apache.ivy.ant.IvyExclude.setOrg(String),1,0,0,0,0
2339,org.apache.ivy.plugins.latest.LatestStrategy.sort(ArtifactInfo[]),319,15,54,0,0
2340,org.apache.ivy.osgi.repo.ResolverManifestIterable.ResolverManifestIterator.next(),489,0,0,13,93
2341,org.apache.ivy.osgi.p2.P2ArtifactParser.ArtifactsHandler.ArtifactsHandler.(Anon_4).childHanlded(ArtifactHandler),22,0,0,3,9
2342,org.apache.ivy.ant.IvyResources.setProject(Project),1,0,0,0,0
2343,"org.apache.ivy.core.retrieve.RetrieveEngine.sync(Collection, Collection)",258,12,48,4,5
2344,org.apache.ivy.plugins.trigger.LogTrigger.setFile(File),1,0,0,0,0
2345,org.apache.ivy.core.cache.DefaultRepositoryCacheManager.getSavedArtifactOrigin(Artifact),425,15,88,9,29
2346,"org.apache.ivy.core.resolve.IvyNodeEviction.EvictionData.EvictionData(String, IvyNode, ConflictManager, Collection)",47,8,16,1,1
2347,"org.apache.ivy.ant.IvyPostResolveTask.getConfsToResolve(String, String)",110,5,21,8,14
2348,org.apache.ivy.plugins.resolver.AbstractResolver.exists(Artifact),8,0,0,2,6
2349,"org.apache.ivy.plugins.resolver.AbstractPatternsBasedResolver.findArtifactRef(Artifact, Date)",292,7,12,15,46
2350,org.apache.ivy.plugins.circular.CircularDependencyHelper.formatMessageFromDescriptors(List),14,5,5,1,2
2351,"org.apache.ivy.plugins.repository.ssh.SshCache.setSession(String, String, int, Session)",167,2,6,12,48
2352,"org.apache.ivy.core.settings.IvySettings.typeDef(String, String, boolean)",15,1,2,5,5
2353,org.apache.ivy.plugins.resolver.ChainResolver.setReturnFirst(boolean),1,0,0,0,0
2354,"org.apache.ivy.plugins.resolver.AbstractResolver.download(ArtifactOrigin, DownloadOptions)",4,0,0,1,3
2355,org.apache.ivy.plugins.repository.vfs.VfsResource.exists(),12,0,0,5,5
2356,org.apache.ivy.core.resolve.VisitNode.getEvictedData(),471,15,79,8,7
2357,org.apache.ivy.plugins.resolver.IvyRepResolver.locate(Artifact),85,0,0,8,21
2358,org.apache.ivy.core.check.CheckEngineSettings.getResolver(String),36,5,18,0,0
2359,org.apache.ivy.osgi.repo.AbstractFSManifestIterable.FSManifestIterator.hasNext(),23,1,1,4,9
2360,org.apache.ivy.plugins.repository.url.ChainedRepository.getResource(String),24,0,0,5,6
2361,"org.apache.ivy.osgi.util.DelegatingHandler.log(int, String, Throwable)",29,3,2,5,6
2362,org.apache.ivy.core.module.descriptor.DefaultExtendsDescriptor.areConfigurationsInherited(),2,0,0,1,1
2363,org.apache.ivy.Ivy.getResolutionCacheManager(),838,15,114,7,7
2364,org.apache.ivy.plugins.resolver.packager.PackagerResolver.getBuildRoot(),1,0,0,0,0
2365,org.apache.ivy.plugins.parser.m2.PomReader.PomDependencyData.isOptional(),235,16,48,1,2
2366,"org.apache.ivy.osgi.obr.xml.CapabilityProperty.CapabilityProperty(String, String, String)",2,1,1,0,0
2367,org.apache.ivy.osgi.core.ManifestHeaderValue.ManifestHeaderParser.ManifestHeaderParser(String),20,7,5,0,0
2368,org.apache.ivy.plugins.resolver.ChainResolver.getFirstResolver(),9,2,4,0,0
2369,"org.apache.ivy.ant.IvyReport.genStyled(String[], File, String)",85,6,12,8,14
2370,org.apache.ivy.plugins.resolver.AbstractPatternsBasedResolver.getModuleDescriptorExtension(),17,4,7,0,0
2371,org.apache.ivy.core.resolve.ResolveData.getReport(),417,15,104,0,0
2372,org.apache.ivy.core.report.DownloadStatus.toString(),198,14,50,0,0
2373,org.apache.ivy.core.module.status.Status.getName(),160,13,50,0,0
2374,org.apache.ivy.plugins.resolver.packager.PackagerResolver.setVerbose(boolean),1,0,0,0,0
2375,"org.apache.ivy.plugins.resolver.AbstractResolver.isAfter(ResolvedModuleRevision, ResolvedModuleRevision, Date)",44,5,11,6,5
2376,org.apache.ivy.plugins.lock.FileBasedLockStrategy.NIOFileLocker.unlock(File),11,0,0,4,5
2377,"org.apache.ivy.Ivy.listModules(ModuleId, PatternMatcher)",186,1,1,16,49
2378,"org.apache.ivy.plugins.parser.xml.XmlModuleDescriptorUpdater.UpdaterHandler.comment(char[], int, int)",4,0,0,3,1
2379,org.apache.ivy.osgi.core.BundleInfo.getRequires(),2,0,0,1,1
2380,org.apache.ivy.ant.IvyConfigure.setUserName(String),3,0,0,2,1
2381,org.apache.ivy.ant.IvyResolve.setModule(String),124,10,33,0,0
2382,org.apache.ivy.util.MemoryUtil.getUsedMemory(),214,17,44,1,1
2383,org.apache.ivy.core.module.descriptor.ModuleDescriptor.getConfigurationsNames(),966,12,255,0,0
2384,org.apache.ivy.util.XMLHelper.canDisableExternalDtds(SAXParserFactory),17,6,5,0,0
2385,org.apache.ivy.core.cache.DefaultRepositoryCacheManager.getSavedResolverName(ModuleDescriptor),327,15,41,10,11
2386,org.apache.ivy.osgi.obr.xml.OBRXMLParser.ResourceLicenseHandler.ResourceLicenseHandler(),16,3,9,1,2
2387,"org.apache.ivy.core.report.ConfigurationResolveReport.getArtifactsReports(DownloadStatus, boolean)",220,3,4,21,49
2388,org.apache.ivy.core.resolve.IvyNodeEviction.EvictionData.toString(),408,15,58,3,5
2389,"org.apache.ivy.plugins.repository.TransferEvent.TransferEvent(Repository, Resource, int, int)",162,3,3,12,50
2390,org.apache.ivy.osgi.obr.xml.OBRXMLParser.ResourceDescriptionHandler.ResourceDescriptionHandler(),16,3,9,1,2
2391,"org.apache.ivy.core.module.descriptor.DefaultModuleDescriptor.newCallerInstance(ModuleRevisionId[], boolean, boolean)",746,15,94,15,49
2392,org.apache.ivy.osgi.updatesite.xml.EclipseFeature.setCopyright(String),3,2,1,0,0
2393,org.apache.ivy.plugins.parser.xml.XmlModuleDescriptorUpdater.ExtendedBuffer.isPrint(),30,5,10,0,0
2394,org.apache.ivy.util.Message.endProgress(String),18,3,6,3,5
2395,org.apache.ivy.plugins.repository.sftp.SFTPResource.exists(),202,0,0,18,44
2396,org.apache.ivy.plugins.circular.CircularDependencyHelper.formatMessage(ModuleDescriptor[]),4,0,0,2,2
2397,org.apache.ivy.osgi.updatesite.xml.EclipseFeature.getPlugins(),50,6,24,0,0
2398,org.apache.ivy.core.cache.ResolutionCacheManager.saveResolvedModuleDescriptor(ModuleDescriptor),631,15,98,0,0
2399,org.apache.ivy.plugins.repository.ssh.Scp.Scp(Session),220,16,44,0,0
2400,"org.apache.ivy.ant.IvyTask.getProperty(String, IvySettings, String)",1090,14,234,4,5
2401,org.apache.ivy.core.resolve.IvyNode.blacklist(IvyNodeBlacklist),268,21,44,6,13
2402,org.apache.ivy.core.module.descriptor.ModuleDescriptor.getDependencies(),1069,12,283,0,0
2403,org.apache.ivy.util.FileUtil.dissect(String),2,1,1,0,0
2404,org.apache.ivy.plugins.parser.m2.PomWriterOptions.ExtraDependency.getArtifact(),42,4,25,0,0
2405,org.apache.ivy.plugins.repository.ssh.SshCache.Entry.getSession(),163,13,47,0,0
2406,org.apache.ivy.core.resolve.ResolveOptions.setRefresh(boolean),636,15,137,0,0
2407,org.apache.ivy.plugins.namespace.MRIDTransformationRule.addDest(MRIDRule),1,0,0,0,0
2408,org.apache.ivy.core.module.descriptor.ExtraInfoHolder.setContent(String),257,21,47,0,0
2409,org.apache.ivy.Ivy14.isInterrupted(),2,0,0,1,1
2410,"org.apache.ivy.util.filter.AndFilter.AndFilter(Filter, Filter)",5,2,3,0,0
2411,org.apache.ivy.core.module.status.StatusManager.isIntegration(String),166,13,48,4,5
2412,org.apache.ivy.plugins.circular.AbstractCircularDependencyStrategy.AbstractCircularDependencyStrategy(String),3,1,2,0,0
2413,"org.apache.ivy.Ivy14.listModules(ModuleRevisionId, PatternMatcher)",186,0,0,16,49
2414,org.apache.ivy.osgi.updatesite.UpdateSiteLoader.load(URI),121,4,8,6,44
2415,org.apache.ivy.core.sort.SortEngine.getVersionMatcher(),52,7,12,1,1
2416,org.apache.ivy.Main.main(String[]),638,0,0,15,137
2417,org.apache.ivy.core.resolve.IvyNode.getArtifacts(String),272,20,47,7,23
2418,org.apache.ivy.core.settings.IvySettings.loadDefault14(),142,9,23,6,26
2419,"org.apache.ivy.plugins.resolver.BasicResolver.resolveAndCheckPublicationDate(DependencyDescriptor, ModuleDescriptor, ModuleRevisionId, ResolveData)",468,12,84,7,12
2420,org.apache.ivy.core.event.retrieve.RetrieveArtifactEvent.addArtifactAttributes(Artifact),166,13,50,3,6
2421,"org.apache.ivy.plugins.namespace.NameSpaceHelper.transform(Artifact, NamespaceTransformer)",484,16,89,5,11
2422,"org.apache.ivy.osgi.util.DelegatingHandler.getOptionalBooleanAttribute(Attributes, String, Boolean)",32,7,7,2,1
2423,"org.apache.ivy.core.cache.DefaultRepositoryCacheManager.DefaultRepositoryCacheManager(String, IvySettings, File)",36,7,8,2,3
2424,org.apache.ivy.plugins.lock.FileBasedLockStrategy.CreateFileLocker.tryLock(File),15,0,0,4,5
2425,org.apache.ivy.util.MessageLoggerEngine.error(String),6,0,0,3,2
2426,"org.apache.ivy.plugins.version.VersionMatcher.accept(ModuleRevisionId, ModuleRevisionId)",400,15,62,0,0
2427,org.apache.ivy.plugins.parser.m2.PomModuleDescriptorBuilder.extractPomProperties(List),399,12,107,1,2
2428,org.apache.ivy.core.module.descriptor.MDArtifact.addConfiguration(String),272,21,47,0,0
2429,org.apache.ivy.plugins.repository.ssh.SshCache.Entry.releaseChannelSftp(),162,13,48,4,5
2430,org.apache.ivy.plugins.resolver.AbstractPatternsBasedResolver.convertM2TokenValuesForResourceSearch(Map),20,3,8,1,1
2431,org.apache.ivy.plugins.resolver.FileSystemResolver.closeTransaction(),205,16,45,0,0
2432,"org.apache.ivy.core.cache.ModuleDescriptorMemoryCache.getFromCache(File, ParserSettings, boolean)",21,4,4,4,5
2433,org.apache.ivy.core.cache.DefaultResolutionCacheManager.CacheParserSettings.getResolver(ModuleRevisionId),2,0,0,1,1
2434,org.apache.ivy.util.MessageLogger.progress(),14,4,5,0,0
2435,org.apache.ivy.plugins.resolver.DependencyResolver.exists(Artifact),39,5,19,0,0
2436,org.apache.ivy.core.publish.PublishOptions.setExtraArtifacts(Artifact[]),368,14,68,0,0
2437,org.apache.ivy.ant.IvyRepositoryReport.getGraphStylePath(File),10,4,4,0,0
2438,org.apache.ivy.core.settings.IvySettings.addCircularDependencyStrategy(CircularDependencyStrategy),7,2,3,1,1
2439,org.apache.ivy.util.cli.Option.isDeprecated(),6,3,3,0,0
2440,org.apache.ivy.core.resolve.VisitNode.hasProblem(),471,14,97,1,1
2441,"org.apache.ivy.core.resolve.ResolveEngine.computeConflicts(VisitNode, VisitNode, String, Collection, Collection)",371,8,20,15,48
2442,"org.apache.ivy.plugins.parser.xml.XmlModuleDescriptorParser.Parser.startElement(String, String, String, Attributes)",419,0,0,12,86
2443,org.apache.ivy.core.report.DownloadReport.getArtifactsReports(),305,14,48,0,0
2444,org.apache.ivy.util.MessageLoggerEngine.getDefaultLogger(),10,2,4,1,1
2445,org.apache.ivy.osgi.util.VersionRange.VersionRange(String),15,1,1,3,6
2446,org.apache.ivy.osgi.filter.CompareFilter.hashCode(),1,0,0,0,0
2447,org.apache.ivy.osgi.core.ManifestHeaderValue.ManifestHeaderParser.readNext(),14,3,5,0,0
2448,org.apache.ivy.plugins.resolver.packager.BuiltFileResource.exists(),1,0,0,0,0
2449,org.apache.ivy.core.resolve.IvyNodeCallers.IvyNodeCallers(IvyNode),5,3,2,0,0
2450,org.apache.ivy.ant.IvyDeliver.setReplacedynamicrev(boolean),363,16,64,0,0
2451,org.apache.ivy.core.module.descriptor.DefaultModuleDescriptor.getPublicConfigurationsNames(),3,0,0,1,2
2452,org.apache.ivy.core.module.descriptor.DefaultModuleDescriptor.getModuleRevisionId(),353,14,75,0,0
2453,org.apache.ivy.core.module.descriptor.ModuleDescriptor.setResolvedModuleRevisionId(ModuleRevisionId),926,12,153,0,0
2454,"org.apache.ivy.util.extendable.DefaultExtendableItem.setExtraAttribute(String, String)",4,2,1,1,1
2455,org.apache.ivy.ant.IvyInstall.setCache(File),2,0,0,1,1
2456,org.apache.ivy.core.settings.IvySettings.getIgnorableFilenames(),1,0,0,0,0
2457,"org.apache.ivy.plugins.version.VersionMatcher.compare(ModuleRevisionId, ModuleRevisionId, Comparator)",195,12,51,0,0
2458,org.apache.ivy.core.resolve.VisitNode.getConfsToFetch(),471,14,94,1,1
2459,org.apache.ivy.util.extendable.ExtendableItem.getExtraAttribute(String),400,12,80,0,0
2460,org.apache.ivy.osgi.util.DelegatingHandler.endElement.(Anon_5).call(),3,0,0,2,1
2461,org.apache.ivy.core.cache.CacheMetadataOptions.setCheckmodified(Boolean),40,7,16,0,0
2462,org.apache.ivy.util.MockMessageLogger.getLogs(),1,0,0,0,0
2463,org.apache.ivy.ant.IvyCleanCache.setCache(String),1,0,0,0,0
2464,org.apache.ivy.core.event.download.DownloadEvent.addArtifactAttributes(Artifact),164,13,50,3,6
2465,"org.apache.ivy.core.module.id.ModuleRules.getRules(Map, Filter)",11,2,3,3,2
2466,org.apache.ivy.plugins.parser.AbstractModuleDescriptorParser.AbstractParser.getDefaultConf(),271,21,44,0,0
2467,org.apache.ivy.osgi.updatesite.xml.EclipseFeature.setDescription(String),3,2,1,0,0
2468,org.apache.ivy.core.cache.DefaultRepositoryCacheManager.getRepositoryCacheRoot(),93,8,14,7,7
2469,org.apache.ivy.core.module.status.StatusManager.getStatuses(),158,13,50,0,0
2470,org.apache.ivy.core.resolve.IvyNodeUsage.Depender.hashCode(),1,0,0,0,0
2471,"org.apache.ivy.plugins.conflict.StrictConflictException.StrictConflictException(String, Throwable)",2,0,0,1,1
2472,"org.apache.ivy.core.sort.ModuleDescriptorSorter.sortModuleDescriptorsHelp(ModuleInSort, ModuleInSort)",38,2,1,4,11
2473,"org.apache.ivy.tools.analyser.JarModule.JarModule(ModuleRevisionId, File)",191,16,44,0,0
2474,"org.apache.ivy.core.IvyPatternHelper.substitute(String, Artifact, ArtifactOrigin)",26,3,3,3,10
2475,"org.apache.ivy.core.resolve.IvyNode.getDependencies(String, String, String)",295,8,3,13,48
2476,org.apache.ivy.core.module.descriptor.MDArtifact.getId(),21,0,0,4,9
2477,org.apache.ivy.plugins.parser.xml.UpdateOptions.setConfsToExclude(String[]),326,14,70,0,0
2478,"org.apache.ivy.plugins.resolver.BasicResolver.cacheModuleDescriptor(ModuleDescriptor, ModuleRevisionId, ResolvedResource, ResolvedModuleRevision)",468,8,80,14,49
2479,org.apache.ivy.core.module.id.ModuleRevisionId.encodeToString(),631,15,98,1,3
2480,org.apache.ivy.plugins.lock.NoLockStrategy.NoLockStrategy(),75,5,28,1,1
2481,org.apache.ivy.core.cache.ArtifactOrigin.isLocal(),368,14,72,0,0
2482,"org.apache.ivy.core.retrieve.RetrieveReport.addUpToDateFile(File, ArtifactDownloadReport)",258,12,53,0,0
2483,org.apache.ivy.util.ContextualSAXHandler.getContext(),4,2,2,0,0
2484,org.apache.ivy.plugins.resolver.AbstractResolver.setLatestStrategy(LatestStrategy),1,0,0,0,0
2485,org.apache.ivy.core.cache.ArtifactOrigin.setExist(boolean),292,16,45,0,0
2486,org.apache.ivy.ant.IvyConvertPom.doExecute(),16,0,0,6,4
2487,org.apache.ivy.plugins.repository.vfs.VfsResource.physicallyExists(),172,15,47,5,5
2488,org.apache.ivy.util.url.URLHandler.openStream(URL),53,5,20,0,0
2489,org.apache.ivy.plugins.resolver.DualResolver.getIvyResolver(),8,3,4,0,0
2490,org.apache.ivy.core.cache.ArtifactOrigin.setLastChecked(Long),292,16,47,0,0
2491,"org.apache.ivy.plugins.repository.vfs.VfsRepository.put(File, String, boolean)",172,0,0,14,47
2492,org.apache.ivy.plugins.resolver.FileSystemResolver.setLocal(boolean),4,0,0,2,2
2493,org.apache.ivy.plugins.resolver.BintrayResolver.BintrayResolver(),22,0,0,3,9
2494,org.apache.ivy.core.repository.RepositoryManagementEngine.getDependency(DependencyDescriptor),29,5,7,2,8
2495,org.apache.ivy.plugins.resolver.AbstractResolver.getEventManager(),296,13,51,0,0
2496,"org.apache.ivy.core.resolve.IvyNode.findPath(ModuleId, IvyNode, List)",18,1,1,4,6
2497,org.apache.ivy.osgi.util.VersionRange.VersionRangeParser.readNext(),9,2,7,0,0
2498,org.apache.ivy.core.module.id.ArtifactId.getShortDescription(),33,9,6,1,3
2499,org.apache.ivy.ant.IvyVar.getFile(),31,8,7,0,0
2500,"org.apache.ivy.Ivy14.determineArtifactsToCopy(ModuleId, String[], File, String, String)",230,0,0,14,45
2501,org.apache.ivy.plugins.matcher.ExactOrRegexpPatternMatcher.ExactOrRegexpMatcher.isExact(),2,0,0,1,1
2502,org.apache.ivy.plugins.version.AbstractVersionMatcher.setSettings(IvySettings),4,2,1,1,1
2503,org.apache.ivy.util.AbstractMessageLogger.endProgress(String),3,1,1,1,1
2504,"org.apache.ivy.core.resolve.IvyNodeUsage.updateMapOfSet(Map, Map)",3,1,1,1,1
2505,"org.apache.ivy.core.resolve.IvyNode.toMrids(Collection, IvyNode)",186,13,47,1,1
2506,org.apache.ivy.core.event.IvyEvent.addAttributes(Map),174,13,50,0,0
2507,org.apache.ivy.plugins.matcher.RegexpPatternMatcher.RegexpMatcher.matches(String),1,0,0,0,0
2508,org.apache.ivy.core.pack.Pack200Packing.unpack(InputStream),3,0,0,2,1
2509,org.apache.ivy.core.module.descriptor.ExtraInfoHolder.getName(),40,5,18,0,0
2510,org.apache.ivy.core.cache.DefaultRepositoryCacheManager.getDefaultTTL(),16,7,3,2,2
2511,"org.apache.ivy.core.settings.IvySettings.typeDefs(InputStream, boolean)",16,1,1,7,5
2512,org.apache.ivy.util.FileUtil.getFileLength(File),258,12,53,0,0
2513,org.apache.ivy.core.search.RevisionEntry.getRevision(),504,13,88,0,0
2514,"org.apache.ivy.osgi.util.DelegatingHandler.getOptionalIntAttribute(Attributes, String, Integer)",3,0,0,2,1
2515,org.apache.ivy.ant.IvyResolve.setBranch(String),124,10,33,0,0
2516,"org.apache.ivy.core.settings.XmlSettingsParser.parse.(Anon_1).resolveFile(String, String)",5,0,0,3,2
2517,"org.apache.ivy.util.ContextualSAXHandler.startElement(String, String, String, Attributes)",1,0,0,0,0
2518,org.apache.ivy.plugins.resolver.AbstractResolver.initLatestStrategyFromSettings(),26,4,6,4,5
2519,"org.apache.ivy.core.cache.DefaultRepositoryCacheManager.MyModuleDescriptorProvider.MyModuleDescriptorProvider(ModuleDescriptorParser, ParserSettings)",27,7,6,0,0
2520,org.apache.ivy.plugins.parser.m2.PomReader.PomDependencyMgtElement.getArtifactId(),235,16,48,2,2
2521,org.apache.ivy.core.resolve.ResolvedModuleRevision.toString(),5,0,0,2,2
2522,org.apache.ivy.osgi.repo.ModuleDescriptorWrapper.getBundleInfo(),296,21,46,0,0
2523,org.apache.ivy.core.module.descriptor.MDArtifact.getConfigurations(),245,21,47,0,0
2524,org.apache.ivy.plugins.matcher.MapMatcher.toString(),13,5,5,1,1
2525,"org.apache.ivy.plugins.repository.sftp.SFTPRepository.MyProgressMonitor.init(int, String, String, long)",10,0,0,3,4
2526,org.apache.ivy.osgi.repo.AbstractOSGiResolver.setRequirementStrategy(RequirementStrategy),3,2,1,0,0
2527,"org.apache.ivy.Ivy.check(URL, String)",55,5,3,5,25
2528,org.apache.ivy.core.settings.IvySettings.setDefaultRepositoryCacheManager(RepositoryCacheManager),27,5,11,0,0
2529,org.apache.ivy.plugins.parser.m2.PomReader.AddDTDFilterInputStream.AddDTDFilterInputStream(InputStream),9,3,6,0,0
2530,"org.apache.ivy.core.module.descriptor.Configuration.addOther(Configuration[], Visibility, Set)",6,2,2,1,2
2531,"org.apache.ivy.plugins.parser.AbstractModuleDescriptorParserTester.getDependency(DependencyDescriptor[], String)",3,0,0,1,2
2532,"org.apache.ivy.osgi.util.DelegatingHandler.doNotationDecl(String, String, String)",2,1,1,0,0
2533,org.apache.ivy.core.sort.ModuleInSort.addToSortList(List),16,1,1,5,5
2534,org.apache.ivy.plugins.report.XmlReportParser.SaxXmlReportParser.XmlReportParserHandler.getMaxPos(),213,15,49,0,0
2535,org.apache.ivy.core.search.RevisionEntry.getOrganisation(),3,0,0,2,1
2536,org.apache.ivy.plugins.repository.file.FileResource.getContentLength(),1,0,0,0,0
2537,org.apache.ivy.plugins.version.ChainVersionMatcher.isDynamic(ModuleRevisionId),3,0,0,1,2
2538,org.apache.ivy.plugins.repository.file.FileResource.getFile(),83,9,28,0,0
2539,org.apache.ivy.osgi.core.ExecutionEnvironmentProfileProvider.getInstance(),98,6,35,0,0
2540,org.apache.ivy.core.cache.ArtifactOrigin.unkwnown(Artifact),280,15,40,2,1
2541,"org.apache.ivy.util.Message.debug(String, Throwable)",513,15,104,4,5
2542,org.apache.ivy.core.retrieve.RetrieveReport.getNbrArtifactsCopied(),387,12,87,0,0
2543,org.apache.ivy.osgi.core.BundleInfo.getImports(),2,0,0,1,1
2544,org.apache.ivy.plugins.lock.FileBasedLockStrategy.FileLocker.unlock(File),15,6,5,0,0
2545,"org.apache.ivy.plugins.lock.FileBasedLockStrategy.NIOFileLocker.LockData.LockData(RandomAccessFile, FileLock)",15,5,5,0,0
2546,org.apache.ivy.core.repository.RepositoryManagementEngine.getModuleIdsNumber(),2,0,0,1,1
2547,org.apache.ivy.core.settings.IvySettings.getLockStrategy(String),28,5,11,3,1
2548,org.apache.ivy.plugins.parser.ParserSettings.getNamespace(String),193,15,47,0,0
2549,org.apache.ivy.ant.IvyInstall.setOverwrite(boolean),1,0,0,0,0
2550,org.apache.ivy.core.publish.PublishOptions.setPubdate(Date),366,16,64,0,0
2551,org.apache.ivy.util.Configurator.isTopLevelMacroRecord(),2,0,0,1,1
2552,"org.apache.ivy.core.module.id.ModuleRules.getRule(ModuleId, Filter)",26,5,7,4,3
2553,org.apache.ivy.core.cache.DefaultRepositoryCacheManager.getModuleDescriptorParser(File),327,15,51,1,1
2554,org.apache.ivy.plugins.resolver.BintrayResolver.setSubject(String),19,0,0,4,9
2555,org.apache.ivy.plugins.repository.sftp.SFTPResource.toString(),197,17,44,1,1
2556,org.apache.ivy.osgi.obr.xml.OBRXMLParser.ExtendHandler.ExtendHandler(),16,3,9,2,1
2557,org.apache.ivy.plugins.conflict.LatestConflictManager.LatestConflictManager(LatestStrategy),7,4,2,0,0
2558,org.apache.ivy.core.report.DownloadReport.getArtifactReport(Artifact),93,9,21,0,0
2559,org.apache.ivy.plugins.namespace.MRIDRule.getRev(),189,15,49,0,0
2560,org.apache.ivy.plugins.matcher.AbstractPatternMatcher.getMatcher(String),3,1,1,1,1
2561,org.apache.ivy.plugins.repository.Resource.getContentLength(),228,15,44,0,0
2562,org.apache.ivy.core.module.descriptor.DefaultDependencyArtifactDescriptor.toString(),1,0,0,0,0
2563,"org.apache.ivy.Ivy14.resolve(URL, String, String[], File, Date, boolean, boolean)",654,0,0,15,100
2564,org.apache.ivy.Ivy14.interrupt(Thread),15,0,0,5,5
2565,org.apache.ivy.plugins.version.AbstractVersionMatcher.toString(),2,0,0,1,1
2566,org.apache.ivy.util.FileUtil.UncloseInputStream.hashCode(),1,0,0,0,0
2567,org.apache.ivy.osgi.updatesite.xml.UpdateSite.setAssociateSitesURL(String),6,2,4,0,0
2568,org.apache.ivy.plugins.resolver.BasicResolver.clearArtifactAttempts(),491,12,116,0,0
2569,org.apache.ivy.core.publish.PublishOptions.isMerge(),292,14,45,0,0
2570,org.apache.ivy.util.cli.OptionBuilder.description(String),12,3,8,0,0
2571,org.apache.ivy.core.module.descriptor.DefaultModuleDescriptor.addExtraInfo(ExtraInfoHolder),319,17,54,0,0
2572,org.apache.ivy.core.settings.XmlSettingsParser.moduleStarted(Map),180,7,48,4,4
2573,org.apache.ivy.core.report.ArtifactDownloadReport.setUnpackedLocalFile(File),255,15,41,0,0
2574,org.apache.ivy.core.IvyThread.IvyThread(Runnable),17,5,5,0,0
2575,"org.apache.ivy.core.resolve.IvyNode.addArtifactsFromOwnUsage(Set, Set)",80,8,17,1,6
2576,"org.apache.ivy.plugins.conflict.ConflictManager.handleAllBlacklistedRevisions(DependencyDescriptor, Collection)",228,15,46,0,0
2577,org.apache.ivy.plugins.parser.m2.PomReader.getRelocation(),399,9,91,15,49
2578,org.apache.ivy.ant.IvyRepositoryReport.setOrganisation(String),1,0,0,0,0
2579,org.apache.ivy.plugins.conflict.AbstractConflictManager.setName(String),4,1,3,0,0
2580,"org.apache.ivy.plugins.parser.m2.PomModuleDescriptorBuilder.addExtraInfo(String, String)",10,2,3,2,3
2581,org.apache.ivy.util.Configurator.MacroRecord.getName(),53,5,19,0,0
2582,org.apache.ivy.core.publish.PublishOptions.getPubBranch(),292,14,45,0,0
2583,org.apache.ivy.core.resolve.IvyNode.getProblem(),274,20,49,0,0
2584,org.apache.ivy.ant.IvyConfigure.setOverride(String),1,0,0,0,0
2585,org.apache.ivy.plugins.repository.vsftp.VsftpRepository.getExpectedRemoveMessage(String),188,12,49,0,0
2586,org.apache.ivy.osgi.p2.P2MetadataParser.ProvidedHandler.ProvidedHandler(),5,3,1,1,1
2587,org.apache.ivy.plugins.repository.vsftp.VsftpRepository.ensureConnectionOpened(),41,4,2,4,10
2588,"org.apache.ivy.core.settings.IvySettings.addConflictManager(String, ConflictManager)",76,5,29,2,2
2589,"org.apache.ivy.plugins.resolver.BasicResolver.findResource(ResolvedResource[], ResourceMDParser, ModuleRevisionId, Date)",241,5,6,14,46
2590,org.apache.ivy.plugins.resolver.packager.PackagerResolver.PackagerResolver.(Anon_1).run(),4,0,0,2,2
2591,org.apache.ivy.core.resolve.IvyNode.getRealConfs(String),36,5,7,2,5
2592,org.apache.ivy.core.report.ConfigurationResolveReport.getModuleDescriptor(),320,21,46,0,0
2593,"org.apache.ivy.core.resolve.ResolveData.isBlacklisted(String, ModuleRevisionId)",262,15,46,4,3
2594,org.apache.ivy.plugins.resolver.ResolverSettings.getSignatureGenerator(String),34,6,9,0,0
2595,"org.apache.ivy.core.event.publish.StartArtifactPublishEvent.StartArtifactPublishEvent(DependencyResolver, Artifact, File, boolean)",173,4,4,13,50
2596,org.apache.ivy.core.module.id.ArtifactRevisionId.equals(Object),14,0,0,2,8
2597,org.apache.ivy.util.Message.sumupProblems(),899,13,143,3,5
2598,org.apache.ivy.util.Configurator.Element.isOptional(),53,5,19,0,0
2599,"org.apache.ivy.osgi.updatesite.UpdateSiteLoader.readContent(URI, P2Descriptor)",26,5,5,2,7
2600,org.apache.ivy.ant.IvyPostResolveTask.setRevision(String),1,0,0,0,0
2601,org.apache.ivy.plugins.parser.m2.PomModuleDescriptorWriter.IvyVariableContainerWrapper.IvyVariableContainerWrapper(IvyVariableContainer),210,12,49,0,0
2602,org.apache.ivy.plugins.resolver.packager.PackagerCacheEntry.getResourceURL(),31,5,6,3,5
2603,org.apache.ivy.ant.IvyDependencyConf.createMapped(),1,0,0,0,0
2604,org.apache.ivy.ant.IvyTask.doValidate(IvySettings),1083,14,243,1,1
2605,org.apache.ivy.plugins.version.AbstractVersionMatcher.getSettings(),10,5,3,0,0
2606,"org.apache.ivy.core.resolve.ResolveData.register(ModuleRevisionId, VisitNode)",313,16,58,3,5
2607,org.apache.ivy.plugins.repository.file.FileResource.getLastModified(),1,0,0,0,0
2608,org.apache.ivy.ant.IvyDeliver.setGenerateRevConstraint(boolean),1,0,0,0,0
2609,org.apache.ivy.ant.IvyExtractFromSources.configureConcat(),9,3,4,0,0
2610,org.apache.ivy.core.repository.RepositoryManagementEngine.getRevisionsNumber(),2,0,0,1,1
2611,"org.apache.ivy.plugins.resolver.IBiblioResolver.findSnapshotArtifact(Artifact, Date, ModuleRevisionId)",298,4,6,16,44
2612,"org.apache.ivy.util.url.BasicURLHandler.getURLInfo(URL, int)",35,1,1,4,11
2613,org.apache.ivy.ant.IvyConfigure.setHost(String),3,0,0,2,1
2614,org.apache.ivy.util.FileUtil.UncloseInputStream.available(),1,0,0,0,0
2615,org.apache.ivy.core.module.descriptor.DefaultDependencyDescriptor.getModuleConfigurations(),293,16,47,0,0
2616,org.apache.ivy.plugins.resolver.ResolverSettings.getNamespace(String),18,5,5,0,0
2617,org.apache.ivy.osgi.core.ManifestHeaderValue.ManifestHeaderParser.error(String),13,2,6,1,1
2618,org.apache.ivy.osgi.core.ExportPackage.addUse(String),74,8,26,0,0
2619,org.apache.ivy.core.install.InstallOptions.getConfs(),663,13,103,0,0
2620,org.apache.ivy.osgi.core.BundleInfo.setSize(Integer),26,7,6,0,0
2621,org.apache.ivy.plugins.matcher.ExactOrRegexpPatternMatcher.ExactOrRegexpPatternMatcher(),2,0,0,1,1
2622,org.apache.ivy.core.module.descriptor.ConfigurationIntersection.getIntersectedConfigurationNames(),35,9,9,0,0
2623,org.apache.ivy.osgi.repo.AggregatedRepoDescriptor.getModules(),1,0,0,0,0
2624,org.apache.ivy.plugins.conflict.StrictConflictException.StrictConflictException(String),28,5,7,1,1
2625,org.apache.ivy.core.sort.ModuleInSort.addToSortedListIfRequired(List),36,5,7,6,5
2626,"org.apache.ivy.core.resolve.IvyNode.findArtifactsMatching(IncludeRule, Map)",80,8,20,3,6
2627,"org.apache.ivy.core.cache.ModuleDescriptorMemoryCache.putInCache(File, ParserSettingsMonitor, boolean, ModuleDescriptor)",150,10,29,4,5
2628,org.apache.ivy.core.settings.IvySettings.validateAll(Collection),3,1,1,1,1
2629,org.apache.ivy.core.retrieve.RetrieveOptions.setOverwriteMode(String),384,14,80,0,0
2630,"org.apache.ivy.core.resolve.ResolveEngine.ResolveEngine(ResolveEngineSettings, EventManager, SortEngine)",99,7,31,0,0
2631,org.apache.ivy.plugins.parser.m2.PomWriterOptions.ExtraDependency.getScope(),42,4,25,0,0
2632,org.apache.ivy.plugins.parser.xml.UpdateOptions.isUpdateBranch(),199,15,49,0,0
2633,org.apache.ivy.ant.IvyRetrieve.setIvypattern(String),1,0,0,0,0
2634,org.apache.ivy.plugins.repository.url.ChainedRepository.newIOEFail(String),25,6,5,1,1
2635,"org.apache.ivy.core.IvyPatternHelper.substituteVariables(String, IvyVariableContainer)",314,12,83,2,1
2636,"org.apache.ivy.osgi.p2.P2ArtifactParser.ArtifactsHandler.ArtifactsHandler.(Anon_4).getPattern(P2Artifact, Map)",22,4,9,1,1
2637,org.apache.ivy.core.settings.IvySettings.getTypeDefs(),11,5,4,0,0
2638,org.apache.ivy.util.url.URLHandlerDispatcher.getHandler(String),23,2,11,0,0
2639,"org.apache.ivy.ant.IvyArtifactProperty.setProperty(String, String)",152,9,46,0,0
2640,org.apache.ivy.plugins.resolver.AbstractResolver.setChangingMatcher(String),3,2,1,0,0
2641,"org.apache.ivy.core.report.ResolveReport.ResolveReport(ModuleDescriptor, String)",698,13,104,0,0
2642,org.apache.ivy.core.settings.IvySettings.resolveFile(String),153,12,49,3,1
2643,org.apache.ivy.core.settings.IvySettings.getVersionMatchers(),1,0,0,0,0
2644,org.apache.ivy.plugins.resolver.DependencyResolver.setSettings(ResolverSettings),3,2,1,0,0
2645,org.apache.ivy.core.settings.IvySettings.getDefaultPropertiesURL(),5,2,2,1,1
2646,org.apache.ivy.osgi.core.BundleInfo.equals(Object),35,5,10,2,1
2647,org.apache.ivy.util.MockMessageLogger.assertLogErrorContains(String),13,0,0,4,5
2648,org.apache.ivy.util.AbstractMessageLogger.rawinfo(String),2,0,0,1,1
2649,org.apache.ivy.util.extendable.UnmodifiableExtendableItem.getExtraAttributes(),358,14,81,0,0
2650,org.apache.ivy.core.event.IvyEventFilter.parseExpression(String),6,1,1,1,4
2651,org.apache.ivy.plugins.conflict.ConflictManager.getName(),6,4,2,0,0
2652,"org.apache.ivy.plugins.resolver.RepositoryResolver.publish(Artifact, File, boolean)",244,4,8,15,47
2653,"org.apache.ivy.plugins.parser.AbstractModuleDescriptorParserTester.assertConf(ModuleDescriptor, String, String, Visibility, String[])",6,0,0,1,5
2654,org.apache.ivy.plugins.resolver.SshResolver.setPublishPermissions(String),3,0,0,1,2
2655,org.apache.ivy.tools.analyser.JarModuleFinder.findJarModules(),342,7,48,15,44
2656,org.apache.ivy.core.cache.DefaultRepositoryCacheManager.setUseOrigin(boolean),1,0,0,0,0
2657,org.apache.ivy.osgi.core.ManifestHeaderValue.ManifestHeaderParser.appendQuoted(boolean),9,3,3,1,1
2658,org.apache.ivy.osgi.repo.RepoDescriptor.getModules(),2,1,1,0,0
2659,org.apache.ivy.core.IvyContext.get(String),15,6,4,0,0
2660,org.apache.ivy.core.report.ArtifactDownloadReport.isDownloaded(),556,12,124,0,0
2661,org.apache.ivy.plugins.parser.m2.PomReader.PomDependencyData.PomDependencyData(Element),5,2,2,1,1
2662,org.apache.ivy.core.report.ConfigurationResolveReport.getSearchedNodes(),226,21,48,5,3
2663,"org.apache.ivy.plugins.resolver.ResolverTestHelper.assertOrganisationEntries(DependencyResolver, String[], OrganisationEntry[])",4,0,0,2,2
2664,org.apache.ivy.plugins.resolver.util.MDResolvedResource.getResolvedModuleRevision(),489,12,103,0,0
2665,org.apache.ivy.plugins.matcher.GlobPatternMatcher.GlobPatternMatcher(),2,0,0,1,1
2666,org.apache.ivy.plugins.parser.AbstractModuleDescriptorParser.AbstractParser.getDefaultPubDate(),191,15,47,1,1
2667,org.apache.ivy.osgi.core.ManifestHeaderValue.ManifestHeaderParser.parseSeparator(),14,4,4,2,2
2668,org.apache.ivy.core.resolve.ResolveOptions.setResolveMode(String),636,15,137,0,0
2669,"org.apache.ivy.core.cache.DefaultRepositoryCacheManager.getStaledMd(ModuleDescriptorParser, CacheMetadataOptions, File, ParserSettings)",413,16,85,6,5
2670,org.apache.ivy.core.settings.IvySettings.load(URL),143,9,23,5,26
2671,org.apache.ivy.osgi.util.VersionRange.isStartExclusive(),8,4,4,0,0
2672,org.apache.ivy.ant.IvyDeliver.setRevision(String),363,16,64,0,0
2673,org.apache.ivy.osgi.util.VersionRange.VersionRangeParser.parseNumber(),8,2,3,1,3
2674,"org.apache.ivy.util.Configurator.typeDef(String, String)",1,0,0,0,0
2675,org.apache.ivy.core.cache.ArtifactOrigin.isUnknown(String),1,0,0,0,0
2676,org.apache.ivy.core.publish.PublishOptions.setPubrevision(String),686,15,145,0,0
2677,org.apache.ivy.core.pack.ArchivePacking.getUnpackedExtension(String),32,7,9,0,0
2678,org.apache.ivy.osgi.util.DelegatingHandler.startDocument(),2,0,0,1,1
2679,org.apache.ivy.ant.AntCallTrigger.isTriggered(IvyEvent),24,5,9,0,0
2680,org.apache.ivy.core.cache.DefaultResolutionCacheManager.getConfigurationResolveReportsInCache(String),2,0,0,1,1
2681,org.apache.ivy.plugins.resolver.VsftpResolver.setReadTimeout(long),4,0,0,2,2
2682,org.apache.ivy.osgi.core.BundleInfo.setVersionTarget(Version),83,8,30,0,0
2683,"org.apache.ivy.plugins.resolver.BasicResolver.getDependency(DependencyDescriptor, ResolveData)",502,4,14,11,99
2684,org.apache.ivy.ant.IvyInstall.setInstallOriginalMetadata(boolean),1,0,0,0,0
2685,org.apache.ivy.plugins.resolver.AbstractResolver.locate(Artifact),8,1,1,1,6
2686,org.apache.ivy.core.resolve.ResolveEngine.setDictatorResolver(DependencyResolver),697,13,104,1,1
2687,"org.apache.ivy.plugins.parser.m2.PomReader.getFirstChildElement(Element, String)",201,16,49,0,0
2688,org.apache.ivy.plugins.repository.vsftp.VsftpRepository.updateLastCommandTime(),41,6,13,0,0
2689,"org.apache.ivy.core.module.descriptor.DefaultExcludeRule.DefaultExcludeRule(ArtifactId, PatternMatcher, Map)",330,16,65,3,9
2690,"org.apache.ivy.core.retrieve.RetrieveEngine.determineArtifactsToCopy(ModuleRevisionId, String, RetrieveOptions)",716,14,99,4,40
2691,org.apache.ivy.core.event.EventManager.addIvyListener(IvyListener),1,0,0,0,0
2692,org.apache.ivy.tools.analyser.JarJarDependencyAnalyser.JarJarDependencyAnalyser(File),342,17,54,0,0
2693,"org.apache.ivy.plugins.parser.m2.PomModuleDescriptorBuilder.addDependency(Resource, PomDependencyData)",399,9,58,15,48
2694,org.apache.ivy.plugins.resolver.AbstractPatternsBasedResolver.isM2compatible(),368,15,66,0,0
2695,"org.apache.ivy.core.module.descriptor.ExtraInfoHolder.ExtraInfoHolder(String, String)",274,17,47,0,0
2696,org.apache.ivy.plugins.conflict.RegexpConflictManager.setRegexp(String),11,0,0,4,5
2697,org.apache.ivy.plugins.resolver.AbstractResolver.ResolverParserSettings.getDefaultBranch(ModuleId),3,0,0,1,2
2698,org.apache.ivy.osgi.updatesite.xml.Require.getVersion(),25,4,21,0,0
2699,org.apache.ivy.plugins.repository.ssh.Scp.getExecChannel(),15,4,6,0,0
2700,org.apache.ivy.plugins.resolver.RepositoryResolver.dumpSettings(),33,4,4,4,6
2701,org.apache.ivy.core.module.descriptor.DefaultDependencyDescriptor.getDependencyArtifacts(String),3,1,1,1,1
2702,org.apache.ivy.core.module.descriptor.AbstractArtifact.toString(),2,0,0,1,1
2703,org.apache.ivy.plugins.resolver.AbstractPatternsBasedResolver.addConfiguredIvy(IvyPattern),8,4,2,1,1
2704,org.apache.ivy.core.resolve.IvyNodeEviction.EvictionData.getConflictManager(),319,15,61,0,0
2705,org.apache.ivy.core.event.IvyEventFilter.parseExpression.(Anon_2).accept(Object),3,0,0,1,2
2706,"org.apache.ivy.plugins.repository.file.FileRepository.get(String, File)",174,0,0,14,46
2707,org.apache.ivy.core.settings.IvySettings.getDefaultLockStrategy(),5,1,2,2,1
2708,org.apache.ivy.core.resolve.IvyNodeBlacklist.getConflictParent(),32,6,9,0,0
2709,"org.apache.ivy.plugins.parser.ModuleDescriptorParser.parseDescriptor(ParserSettings, URL, boolean)",654,14,100,0,0
2710,org.apache.ivy.ant.IvyBuildNumber.findLastNumber(String),7,2,4,1,1
2711,"org.apache.ivy.Ivy.deliver(String, String, DeliverOptions)",287,5,19,16,52
2712,org.apache.ivy.core.resolve.VisitNode.getEvictedRevisions(ModuleId),29,5,8,3,1
2713,org.apache.ivy.core.report.ConfigurationResolveReport.getArtifactsNumber(),226,21,48,0,0
2714,"org.apache.ivy.plugins.version.VersionRangeMatcher.accept(ModuleRevisionId, ModuleRevisionId)",178,0,0,15,49
2715,"org.apache.ivy.core.IvyContext.push(String, Object)",20,6,5,0,0
2716,"org.apache.ivy.plugins.repository.vsftp.VsftpRepository.lslToResource(String, String)",54,8,12,4,5
2717,org.apache.ivy.plugins.resolver.AbstractResolver.getCacheOptions(ResolveData),513,12,86,6,17
2718,org.apache.ivy.ant.IvyBuildList.setLeaf(String),1,0,0,0,0
2719,org.apache.ivy.ant.IvyRetrieve.getPathId(),384,14,80,0,0
2720,org.apache.ivy.util.Credentials.getPasswdAsStars(),5,3,2,0,0
2721,org.apache.ivy.plugins.parser.m2.PomWriterOptions.ConfigurationScopeMapping.getScope(String[]),42,4,24,0,0
2722,org.apache.ivy.tools.analyser.JarJarDependencyAnalyser.main(String[]),231,0,0,16,44
2723,org.apache.ivy.ant.IvyResolve.createExclude(),2,1,1,0,0
2724,org.apache.ivy.core.module.descriptor.DependencyDescriptor.isChanging(),67,3,34,0,0
2725,org.apache.ivy.core.settings.IvySettings.addConfigured(LockStrategy),6,0,0,3,2
2726,org.apache.ivy.core.settings.IvySettings.configureDefaultCircularDependencyStrategies(),74,5,28,2,4
2727,org.apache.ivy.plugins.parser.xml.XmlModuleDescriptorUpdater.UpdaterHandler.getWriter(),16,3,5,1,1
2728,org.apache.ivy.util.XMLHelper.escape(String),405,15,143,0,0
2729,org.apache.ivy.plugins.resolver.ResolverSettings.getDefaultLatestStrategy(),17,5,5,0,0
2730,org.apache.ivy.plugins.repository.ssh.SshRepository.setPublishPermissions(String),3,2,1,0,0
2731,org.apache.ivy.core.module.descriptor.DefaultModuleDescriptor.getNamespace(),258,12,58,0,0
2732,"org.apache.ivy.util.CopyProgressEvent.update(byte[], int, long)",8,2,4,0,0
2733,org.apache.ivy.osgi.core.BundleInfo.getRawVersion(),34,5,13,0,0
2734,org.apache.ivy.plugins.parser.xml.XmlModuleDescriptorParser.Parser.dependencyStarted(Attributes),419,8,60,13,49
2735,org.apache.ivy.core.module.descriptor.ConfigurationIntersection.getIntersectedConfiguration(String),1,0,0,0,0
2736,org.apache.ivy.plugins.repository.url.URLResource.getURL(),25,5,12,0,0
2737,org.apache.ivy.core.sort.SortEngineSettings.getCircularDependencyStrategy(),2,1,1,0,0
2738,org.apache.ivy.util.MessageLogger.error(String),14,4,5,0,0
2739,org.apache.ivy.plugins.resolver.ChainResolver.dumpSettings(),17,0,0,4,6
2740,org.apache.ivy.osgi.filter.OSGiFilterParser.Parser.skipWhiteSpace(),20,4,6,1,2
2741,org.apache.ivy.plugins.resolver.BasicResolver.reportFailure(),12,0,0,4,5
2742,org.apache.ivy.ant.IvyMakePom.getDescription(),29,3,18,0,0
2743,org.apache.ivy.util.FileUtil.unwrapPack200(InputStream),5,2,2,1,1
2744,org.apache.ivy.plugins.resolver.ResolverSettings.configureRepositories(boolean),15,3,7,0,0
2745,org.apache.ivy.plugins.resolver.FileSystemResolver.isTransactionStarted(),213,16,45,0,0
2746,org.apache.ivy.core.resolve.IvyNode.findPath(ModuleId),186,13,47,5,6
2747,org.apache.ivy.core.report.ArtifactDownloadReport.getLocalFile(),1277,12,304,0,0
2748,org.apache.ivy.core.settings.IvySettings.debugConflictResolution(),268,21,44,2,1
2749,org.apache.ivy.osgi.updatesite.xml.Require.setFeature(String),7,2,5,0,0
2750,"org.apache.ivy.Ivy14.publish(ModuleRevisionId, String, File, String, String, String, boolean, boolean)",296,0,0,15,48
2751,org.apache.ivy.plugins.resolver.BasicResolver.UnresolvedDependencyException.UnresolvedDependencyException(String),47,8,12,1,1
2752,"org.apache.ivy.osgi.util.VersionRange.VersionRange(boolean, Version, boolean, Version)",2,1,1,0,0
2753,"org.apache.ivy.core.module.descriptor.DefaultDependencyDescriptor.addIncludeRule(String, IncludeRule)",212,16,49,1,2
2754,"org.apache.ivy.core.cache.DefaultResolutionCacheManager.CacheParserSettings.CacheParserSettings(ParserSettings, Map)",194,15,49,0,0
2755,"org.apache.ivy.plugins.parser.xml.XmlModuleDescriptorWriter.printDependencyIncludeRules(ModuleDescriptor, PrintWriter, IncludeRule[])",44,3,18,1,9
2756,org.apache.ivy.core.module.descriptor.DefaultModuleDescriptor.getDependencies(),1,0,0,0,0
2757,org.apache.ivy.ant.IvyResources.setRefid(Reference),1,0,0,0,0
2758,org.apache.ivy.osgi.updatesite.xml.UpdateSite.setPack200(boolean),6,2,4,0,0
2759,"org.apache.ivy.plugins.version.ChainVersionMatcher.accept(ModuleRevisionId, ModuleRevisionId)",4,0,0,1,3
2760,org.apache.ivy.ant.IvyInstall.setModule(String),1,0,0,0,0
2761,org.apache.ivy.util.PropertiesFile.save(),130,10,20,5,5
2762,org.apache.ivy.plugins.parser.m2.PomDependencyMgt.getGroupId(),399,12,100,0,0
2763,org.apache.ivy.plugins.repository.BasicResource.getName(),2,1,1,0,0
2764,org.apache.ivy.core.settings.IvySettings.getDefaultBranch.(Anon_2).accept(Object),2,0,0,1,1
2765,"org.apache.ivy.plugins.resolver.MockResolver.getDependency(DependencyDescriptor, ResolveData)",47,0,0,5,13
2766,org.apache.ivy.core.install.InstallEngineSettings.logNotConvertedExclusionRule(),663,13,103,0,0
2767,org.apache.ivy.osgi.util.DelegatingHandler.doSkippedEntity(String),2,1,1,0,0
2768,org.apache.ivy.plugins.latest.LatestRevisionStrategy.MridComparator.isNumber(String),5,3,2,0,0
2769,org.apache.ivy.plugins.version.PatternVersionMatcher.init(),163,13,49,1,1
2770,org.apache.ivy.core.event.publish.PublishEvent.getResolver(),1,0,0,0,0
2771,org.apache.ivy.core.IvyContext.getEventManager(),156,5,3,10,50
2772,org.apache.ivy.core.event.EventManager.removeIvyListener(IvyListener),187,15,46,1,1
2773,org.apache.ivy.core.resolve.ResolveOptions.setRevision(String),37,6,19,0,0
2774,org.apache.ivy.plugins.matcher.ExactPatternMatcher.ExactPatternMatcher(),2,0,0,1,1
2775,org.apache.ivy.plugins.version.VersionRangeMatcher.VersionRangeMatcher(String),2,0,0,1,1
2776,"org.apache.ivy.ant.IvyBuildNumber.setProperty(String, String)",269,16,46,0,0
2777,org.apache.ivy.core.module.descriptor.DefaultDependencyArtifactDescriptor.getConfigurations(),1,0,0,0,0
2778,org.apache.ivy.plugins.repository.ssh.SshRepository.setExistCommand(String),4,2,2,0,0
2779,"org.apache.ivy.osgi.core.BundleRequirement.BundleRequirement(String, String, VersionRange, String)",82,8,32,0,0
2780,"org.apache.ivy.core.event.retrieve.StartRetrieveEvent.StartRetrieveEvent(ModuleRevisionId, String[], RetrieveOptions)",258,5,42,13,50
2781,org.apache.ivy.plugins.repository.sftp.SFTPResource.openStream(),198,0,0,17,44
2782,org.apache.ivy.core.cache.DefaultRepositoryCacheManager.getLastCheckedKey(Artifact),131,10,27,4,7
2783,org.apache.ivy.ant.IvyPostResolveTask.getResolvedModuleId(),329,15,51,1,4
2784,org.apache.ivy.util.HostUtil.getLocalHostName(),4,1,3,0,0
2785,"org.apache.ivy.plugins.parser.xml.XmlModuleDescriptorUpdater.UpdaterHandler.includeStarted.(Anon_1).endElement(String, String, String)",1,0,0,0,0
2786,org.apache.ivy.core.resolve.IvyNode.getDirectCallerFor(ModuleId),17,5,5,1,1
2787,org.apache.ivy.osgi.obr.xml.CapabilityProperty.getValue(),20,5,8,0,0
2788,org.apache.ivy.plugins.resolver.FileSystemResolver.addConfiguredArtifact(IvyPattern),8,0,0,3,4
2789,"org.apache.ivy.core.module.id.ModuleRevisionId.newInstance(String, String, String)",1633,11,360,14,49
2790,org.apache.ivy.plugins.matcher.PatternMatcher.getMatcher(String),229,12,47,0,0
2791,org.apache.ivy.plugins.latest.ComparatorLatestStrategy.setComparator(Comparator),4,2,2,0,0
2792,org.apache.ivy.ant.IvyDeliver.appendDeliveryList(String),166,13,48,0,0
2793,"org.apache.ivy.util.url.URLHandler.isReachable(URL, int)",4,2,2,0,0
2794,"org.apache.ivy.osgi.util.DelegatingHandler.doUnparsedEntityDecl(String, String, String, String)",2,1,1,0,0
2795,"org.apache.ivy.core.cache.DefaultRepositoryCacheManager.getResolvedRevision(ModuleRevisionId, CacheMetadataOptions)",327,15,38,9,27
2796,org.apache.ivy.util.FileUtil.UncloseInputStream.skip(long),1,0,0,0,0
2797,"org.apache.ivy.core.cache.DefaultRepositoryCacheManager.BackupResourceDownloader.download(Artifact, Resource, File)",16,0,0,6,5
2798,org.apache.ivy.plugins.report.XmlReportParser.parse(File),427,16,103,1,2
2799,org.apache.ivy.util.Configurator.MacroDef.addConfiguredElement(Element),5,2,2,1,1
2800,org.apache.ivy.core.IvyThread.initContext(),51,9,15,2,1
2801,org.apache.ivy.core.resolve.ResolveOptions.isValidate(),643,13,104,0,0
2802,"org.apache.ivy.osgi.updatesite.UpdateSiteLoader.populateP2Descriptor(URI, P2Descriptor)",39,3,8,4,9
2803,org.apache.ivy.plugins.parser.xml.UpdateOptions.getRevision(),11,2,9,0,0
2804,org.apache.ivy.osgi.obr.xml.OBRXMLParser.RequireHandler.RequireHandler(),16,3,9,2,1
2805,org.apache.ivy.plugins.repository.RepositoryCopyProgressListener.progress(CopyProgressEvent),13,0,0,3,6
2806,org.apache.ivy.ant.IvyCachePath.doExecute(),319,0,0,22,45
2807,org.apache.ivy.core.resolve.IvyNodeEviction.isCompletelyEvicted(),212,1,1,18,49
2808,org.apache.ivy.osgi.core.ManifestHeaderValue.equals(Object),1,0,0,0,0
2809,org.apache.ivy.ant.IvyCacheTask.getArtifactReports(),439,10,62,21,41
2810,org.apache.ivy.plugins.resolver.DualResolver.setDescriptor(String),1,0,0,0,0
2811,"org.apache.ivy.osgi.obr.xml.OBRXMLParser.parse(URI, InputStream)",21,2,2,4,10
2812,"org.apache.ivy.plugins.parser.m2.PomModuleDescriptorWriter.findArtifact(ModuleDescriptor, String)",18,3,10,1,3
2813,org.apache.ivy.core.publish.PublishOptions.getSrcIvyPattern(),292,13,59,0,0
2814,org.apache.ivy.core.settings.IvySettings.getSystemNamespace(),2,1,1,0,0
2815,org.apache.ivy.core.cache.DefaultResolutionCacheManager.getResolutionCacheRoot(),18,4,6,0,0
2816,org.apache.ivy.osgi.core.BundleRequirement.equals(Object),4,0,0,3,1
2817,org.apache.ivy.core.module.descriptor.ModuleDescriptor.getExtraInfos(),536,12,138,0,0
2818,org.apache.ivy.plugins.parser.m2.PomModuleDescriptorBuilder.getModuleDescriptor(),399,12,99,0,0
2819,org.apache.ivy.core.report.ArtifactDownloadReport.setDownloadStatus(DownloadStatus),679,12,200,0,0
2820,org.apache.ivy.core.module.descriptor.ModuleDescriptor.getResolvedModuleRevisionId(),1267,11,307,0,0
2821,"org.apache.ivy.util.Checks.checkAbsolute(String, String)",328,12,61,2,2
2822,org.apache.ivy.core.repository.RepositoryManagementEngine.searchModules(),213,6,11,15,49
2823,org.apache.ivy.plugins.repository.LazyResource.exists(),3,0,0,2,1
2824,org.apache.ivy.core.resolve.ResolvedModuleRevision.equals(Object),9,0,0,2,6
2825,org.apache.ivy.osgi.updatesite.xml.UpdateSite.getFeatures(),74,7,35,0,0
2826,"org.apache.ivy.core.module.descriptor.DefaultDependencyDescriptor.replaceThisFallbackPattern(String, String)",12,4,5,1,1
2827,"org.apache.ivy.core.module.descriptor.ConfigurationGroup.ConfigurationGroup(String, Map)",21,5,5,6,1
2828,"org.apache.ivy.plugins.resolver.BasicResolver.shouldReturnResolvedModule(DependencyDescriptor, ResolvedModuleRevision)",468,12,95,1,8
2829,org.apache.ivy.util.filter.FilterHelper.getArtifactTypeFilter(String),776,15,101,2,1
2830,org.apache.ivy.core.resolve.IvyNode.getRoot(),632,13,97,0,0
2831,org.apache.ivy.plugins.resolver.CacheResolver.listOrganisations(),46,0,0,8,13
2832,org.apache.ivy.core.resolve.VisitNode.isParentConfTransitive(),18,3,5,2,5
2833,"org.apache.ivy.core.module.descriptor.Configuration.Configuration(Map, Map, String, Visibility, String, String[], boolean, String, ModuleRevisionId)",14,2,8,3,1
2834,org.apache.ivy.plugins.resolver.ChainResolver.locate(Artifact),7,0,0,3,3
2835,org.apache.ivy.core.resolve.IvyNode.getDependencyDescriptor(IvyNode),653,14,114,0,0
2836,"org.apache.ivy.plugins.parser.AbstractModuleDescriptorParser.AbstractParser.parseDepsConfs(String[], DefaultDependencyDescriptor, boolean, boolean)",206,0,0,16,49
2837,org.apache.ivy.core.retrieve.RetrieveOptions.getArtifactFilter(),72,5,39,0,0
2838,"org.apache.ivy.osgi.obr.xml.OBRXMLWriter.writeManifests(Iterable, ContentHandler, boolean)",428,23,48,8,43
2839,"org.apache.ivy.ant.IvyDeliver.DeliverDRResolver.resolve(ModuleDescriptor, String, ModuleRevisionId, String)",166,0,0,12,48
2840,org.apache.ivy.plugins.repository.vfs.VfsURI.toString(),2,0,0,1,1
2841,org.apache.ivy.core.settings.IvySettings.getDefaultResolutionCacheBasedir(),34,3,3,5,7
2842,"org.apache.ivy.osgi.p2.P2Descriptor.P2Descriptor(URI, ExecutionEnvironmentProfileProvider)",39,6,10,1,1
2843,org.apache.ivy.osgi.filter.NotFilter.NotFilter(OSGiFilter),20,5,6,1,1
2844,org.apache.ivy.ant.IvyMakePom.doExecute(),249,0,0,12,48
2845,org.apache.ivy.core.settings.IvySettings.getResolver(String),670,15,145,4,5
2846,org.apache.ivy.plugins.parser.xml.XmlModuleDescriptorUpdater.UpdaterHandler.write(String),253,15,44,2,1
2847,org.apache.ivy.plugins.repository.url.URLResource.toString(),2,0,0,1,1
2848,"org.apache.ivy.plugins.repository.ssh.SshCache.CfUserInfo.promptKeyboardInteractive(String, String, String, String[], boolean[])",26,0,0,7,6
2849,"org.apache.ivy.plugins.parser.xml.XmlModuleDescriptorParser.Parser.parseRule(String, Attributes)",419,13,72,4,12
2850,org.apache.ivy.core.module.descriptor.DefaultModuleDescriptor.getStatus(),196,15,49,0,0
2851,org.apache.ivy.ant.IvyTask.execute(),418,16,81,5,9
2852,"org.apache.ivy.plugins.parser.m2.PomModuleDescriptorBuilder.(Anon_5).addMappingConfs(DefaultDependencyDescriptor, boolean)",7,0,0,3,4
2853,org.apache.ivy.osgi.core.BundleInfo.setHasInnerClasspath(boolean),81,8,29,0,0
2854,org.apache.ivy.plugins.repository.LazyResource.getName(),66,9,14,0,0
2855,org.apache.ivy.ant.IvyBuildList.setReference(String),1,0,0,0,0
2856,org.apache.ivy.core.module.descriptor.DefaultArtifact.getName(),3,0,0,2,1
2857,"org.apache.ivy.core.event.IvyEventFilter.IvyEventFilter(String, String, PatternMatcher)",159,13,50,2,3
2858,org.apache.ivy.core.module.descriptor.DefaultDependencyDescriptor.toString(),206,17,49,2,1
2859,"org.apache.ivy.core.module.descriptor.ModuleDescriptor.doesExclude(String[], ArtifactId)",23,5,8,0,0
2860,org.apache.ivy.core.cache.DefaultResolutionCacheManager.CacheParserSettings.getDefaultBranch(ModuleId),2,0,0,1,1
2861,org.apache.ivy.core.module.descriptor.ModuleDescriptor.getAllArtifacts(),501,12,104,0,0
2862,org.apache.ivy.osgi.updatesite.xml.FeatureParser.ImportHandler.ImportHandler(),5,3,1,1,1
2863,org.apache.ivy.core.report.ResolveReport.getExtendingConfs(String),297,20,47,2,2
2864,"org.apache.ivy.osgi.repo.AbstractOSGiResolver.listTokenValues(Set, Map)",19,1,1,3,9
2865,org.apache.ivy.plugins.resolver.AbstractResolver.toSystem(ModuleRevisionId),203,15,46,6,6
2866,org.apache.ivy.util.ContextualSAXHandler.getText(),4,2,2,0,0
2867,org.apache.ivy.util.XMLHelper.toSystemId(URL),29,8,7,0,0
2868,org.apache.ivy.osgi.filter.AndFilter.eval(Map),3,0,0,1,2
2869,org.apache.ivy.util.MessageLoggerEngine.debug(String),6,0,0,3,2
2870,org.apache.ivy.plugins.repository.AbstractRepository.getName(),27,5,7,0,0
2871,"org.apache.ivy.core.settings.XmlSettingsParser.settingsStarted(String, Map)",180,7,41,4,12
2872,"org.apache.ivy.core.resolve.IvyNodeUsage.updateDataFrom(Collection, String)",300,16,50,2,2
2873,"org.apache.ivy.plugins.repository.sftp.SFTPResource.SFTPResource(SFTPRepository, String)",3,1,2,0,0
2874,org.apache.ivy.osgi.p2.P2MetadataParser.HostRequirementsHandler.HostRequirementsHandler(),20,4,7,3,3
2875,org.apache.ivy.core.resolve.IvyNode.toString(),704,14,176,2,5
2876,org.apache.ivy.core.settings.IvySettings.getDefaultIvyUserDir(),78,6,23,5,6
2877,org.apache.ivy.core.report.ResolveReport.getConfigurations(),853,15,124,0,0
2878,org.apache.ivy.Ivy.getPublishEngine(),219,14,46,0,0
2879,org.apache.ivy.ant.IvyResolve.setFailurePropery(String),2,0,0,1,1
2880,"org.apache.ivy.osgi.util.ParseUtil.parseDelimitedString(String, String)",1,0,0,0,0
2881,org.apache.ivy.util.cli.CommandLineParser.addOption(Option),12,3,8,1,1
2882,org.apache.ivy.ant.IvyMakePom.getDependencies(),29,3,18,1,7
2883,"org.apache.ivy.core.module.descriptor.DefaultModuleDescriptor.newCallerInstance(ModuleRevisionId, String[], boolean, boolean)",656,14,92,15,49
2884,"org.apache.ivy.ant.IvyBuildList.addBuildFile(Path, File)",98,9,26,0,0
2885,org.apache.ivy.plugins.parser.AbstractModuleDescriptorParser.AbstractParser.setDefaultConfMapping(String),71,8,24,1,2
2886,org.apache.ivy.plugins.latest.LatestRevisionStrategy.SpecialMeaning.setValue(Integer),1,0,0,0,0
2887,org.apache.ivy.plugins.parser.m2.PomReader.AddDTDFilterInputStream.read(),1,0,0,0,0
2888,org.apache.ivy.core.settings.IvySettings.setValidate(boolean),34,5,11,0,0
2889,org.apache.ivy.core.module.descriptor.ExtendsDescriptor.getExtendsTypes(),138,8,48,0,0
2890,"org.apache.ivy.core.module.id.ModuleRevisionId.ModuleRevisionId(ModuleId, String, Map)",175,3,2,13,49
2891,org.apache.ivy.core.module.id.ArtifactId.getName(),207,16,49,0,0
2892,org.apache.ivy.core.module.descriptor.DefaultExtendsDescriptor.getParentRevisionId(),2,0,0,1,1
2893,"org.apache.ivy.core.IvyPatternHelper.substituteVariable(String, String, String)",2,0,0,1,1
2894,"org.apache.ivy.plugins.resolver.DependencyResolver.publish(Artifact, File, boolean)",674,13,107,0,0
2895,org.apache.ivy.util.Configurator.MacroDef.getAttribute(String),3,2,1,0,0
2896,org.apache.ivy.core.settings.IvySettings.addNamespace(Namespace),6,1,1,2,2
2897,org.apache.ivy.osgi.obr.xml.UnsupportedFilterException.UnsupportedFilterException(String),9,2,6,0,0
2898,org.apache.ivy.core.resolve.VisitNode.gotoNode(IvyNode),471,15,66,13,48
2899,"org.apache.ivy.plugins.resolver.MockResolver.buildMockResolver(ResolverSettings, String, boolean, Date)",204,0,0,15,49
2900,org.apache.ivy.ant.IvyArtifactProperty.getName(),152,9,46,0,0
2901,org.apache.ivy.ant.IvyPostResolveTask.isInline(),128,10,33,0,0
2902,org.apache.ivy.plugins.lock.FileBasedLockStrategy.FileLocker.tryLock(File),17,6,5,0,0
2903,org.apache.ivy.plugins.signer.bouncycastle.OpenPGPSignatureGenerator.readSecretKey(InputStream),2,1,1,0,0
2904,org.apache.ivy.osgi.updatesite.xml.EclipseUpdateSiteParser.SiteHandler.SiteHandler(),7,1,1,2,3
2905,"org.apache.ivy.core.resolve.VisitNode.VisitNode(ResolveData, IvyNode, VisitNode, String, String)",530,16,89,6,6
2906,org.apache.ivy.plugins.report.ReportOutputter.getName(),5,3,2,0,0
2907,"org.apache.ivy.util.Configurator.ObjectDescriptor.addSetMethod(String, Method)",8,2,6,0,0
2908,org.apache.ivy.ant.IvyRepositoryReport.setTodir(File),1,0,0,0,0
2909,org.apache.ivy.util.MessageLoggerEngine.getLoggerStack(),11,3,5,0,0
2910,"org.apache.ivy.Ivy14.publish(ModuleRevisionId, String, File, Collection, String, String, String, Date, Artifact[], boolean, boolean, boolean, String)",302,0,0,15,48
2911,"org.apache.ivy.plugins.matcher.MatcherHelper.matches(PatternMatcher, ModuleId, ModuleId)",212,16,46,2,3
2912,org.apache.ivy.core.report.ConfigurationResolveReport.getAllArtifactsReports(),215,0,0,22,49
2913,org.apache.ivy.plugins.resolver.SshResolver.setFileSeparator(String),3,0,0,1,2
2914,org.apache.ivy.core.resolve.VisitNode.getResolvedRevisions(ModuleId),198,5,4,17,49
2915,org.apache.ivy.ant.IvyConfigure.getFile(),2,0,0,1,1
2916,org.apache.ivy.util.Configurator.Attribute.setName(String),5,3,2,0,0
2917,org.apache.ivy.core.resolve.VisitNode.getId(),471,15,83,1,1
2918,org.apache.ivy.core.module.descriptor.Configuration.toString(),35,5,10,0,0
2919,org.apache.ivy.osgi.p2.P2ArtifactParser.parse(InputStream),11,0,0,5,4
2920,"org.apache.ivy.plugins.latest.LatestRevisionStrategy.MridComparator.compare(Object, Object)",5,0,0,2,3
2921,org.apache.ivy.plugins.parser.xml.UpdateOptions.setNamespace(Namespace),174,12,48,0,0
2922,"org.apache.ivy.osgi.util.DelegatingHandler.doStartPrefixMapping(String, String)",2,1,1,0,0
2923,org.apache.ivy.core.module.descriptor.DependencyDescriptor.getDependencyRevisionId(),1165,12,361,0,0
2924,org.apache.ivy.ant.IvyPostResolveTask.setFile(File),1,0,0,0,0
2925,"org.apache.ivy.Ivy14.newResolveOptions(String[], String, File, Date, boolean, boolean, boolean, boolean, boolean, boolean, Filter)",699,14,118,5,11
2926,org.apache.ivy.util.Configurator.ObjectDescriptor.addAddMethod(Method),8,2,6,0,0
2927,"org.apache.ivy.util.url.URLHandlerDispatcher.isReachable(URL, int)",3,0,0,1,2
2928,org.apache.ivy.plugins.repository.ssh.Scp.FileInfo.setLength(long),4,2,2,0,0
2929,org.apache.ivy.core.module.id.ModuleRevisionId.decode(String),248,5,44,14,49
2930,org.apache.ivy.osgi.core.OSGiManifestParser.getInstance(),428,18,66,0,0
2931,org.apache.ivy.plugins.resolver.AbstractResolver.toSystem(MetadataArtifactDownloadReport),468,12,81,7,21
2932,org.apache.ivy.util.Configurator.getCurrent(),208,9,60,1,1
2933,org.apache.ivy.core.cache.CacheMetadataOptions.getChangingPattern(),5,2,3,0,0
2934,org.apache.ivy.core.resolve.VisitNode.setRequestedConf(String),530,14,94,0,0
2935,org.apache.ivy.ant.IvyBuildNumber.Range.getEndIndex(),7,3,4,0,0
2936,org.apache.ivy.tools.analyser.JarModuleFinder.main(String[]),193,0,0,16,44
2937,org.apache.ivy.plugins.resolver.AbstractResolver.validate(),42,4,7,5,11
2938,"org.apache.ivy.Ivy.sortNodes(Collection, SortOptions)",64,2,1,8,12
2939,org.apache.ivy.plugins.version.PatternVersionMatcher.isDynamic(ModuleRevisionId),4,0,0,2,2
2940,org.apache.ivy.plugins.repository.TransferEvent.setException(Exception),8,3,4,0,0
2941,org.apache.ivy.core.settings.IvySettings.setDefaultResolutionCacheBasedir(String),50,6,7,6,7
2942,"org.apache.ivy.util.FileUtil.copy(URL, File, CopyProgressListener)",169,15,50,1,2
2943,org.apache.ivy.core.module.descriptor.ExtraInfoHolder.getNestedExtraInfoHolder(),251,21,47,0,0
2944,org.apache.ivy.core.resolve.IvyNodeCallers.Caller.getModuleDescriptor(),23,6,10,0,0
2945,org.apache.ivy.plugins.parser.xml.XmlModuleDescriptorParser.Parser.publicationsStarted(Attributes),419,13,81,7,4
2946,org.apache.ivy.plugins.resolver.IBiblioResolver.locate(Artifact),88,0,0,8,24
2947,org.apache.ivy.plugins.parser.m2.PomModuleDescriptorBuilder.addDependency(DependencyDescriptor),399,12,104,1,5
2948,org.apache.ivy.plugins.signer.SignatureGenerator.getName(),5,3,2,0,0
2949,org.apache.ivy.Ivy14.findModule(ModuleRevisionId),213,0,0,17,49
2950,org.apache.ivy.ant.IvyRepositoryReport.setCache(File),2,0,0,1,1
2951,org.apache.ivy.core.settings.IvySettings.getDefaultSettingsURL(),72,7,25,1,1
2952,org.apache.ivy.util.url.URLHandler.getURLInfo(URL),25,5,9,0,0
2953,org.apache.ivy.tools.analyser.JarModule.getMrid(),51,8,13,0,0
2954,"org.apache.ivy.plugins.repository.vsftp.VsftpRepository.get(String, File)",203,0,0,11,47
2955,org.apache.ivy.core.module.descriptor.Configuration.getDeprecated(),19,5,11,0,0
2956,org.apache.ivy.osgi.updatesite.xml.EclipseFeature.setOS(String),22,5,16,0,0
2957,"org.apache.ivy.plugins.resolver.util.ResolverHelper.findAll(Repository, ModuleRevisionId, String, Artifact)",203,1,1,14,44
2958,"org.apache.ivy.plugins.resolver.CacheResolver.publish(Artifact, File, boolean)",244,0,0,16,41
2959,org.apache.ivy.plugins.resolver.packager.BuiltFileResource.BuiltFileResource(File),23,6,10,0,0
2960,org.apache.ivy.ant.IvyPostResolveTask.getRevision(),675,14,104,0,0
2961,org.apache.ivy.osgi.util.Version.equals(Object),27,4,10,1,1
2962,org.apache.ivy.core.IvyContext.getDependencyDescriptor(),228,15,46,0,0
2963,org.apache.ivy.core.cache.DefaultResolutionCacheManager.getModuleDescriptorParser(File),194,15,49,1,1
2964,org.apache.ivy.osgi.repo.RepositoryManifestIterable.listDirs(String),23,0,0,5,5
2965,org.apache.ivy.plugins.parser.xml.XmlModuleDescriptorParser.Parser.setValidate(boolean),102,9,21,0,0
2966,"org.apache.ivy.osgi.util.DelegatingHandler.skipOnError(DelegatingHandler, Class, String)",28,0,0,6,6
2967,org.apache.ivy.plugins.lock.FileBasedLockStrategy.NIOFileLocker.NIOFileLocker(boolean),6,4,2,0,0
2968,org.apache.ivy.core.module.descriptor.ModuleDescriptor.getAllDependencyDescriptorMediators(),19,5,8,0,0
2969,org.apache.ivy.core.module.id.ArtifactId.toString(),81,8,21,2,3
2970,org.apache.ivy.ant.IvyPublish.setResolver(String),1,0,0,0,0
2971,org.apache.ivy.util.XMLHelper.getDocBuilder(EntityResolver),2,1,1,0,0
2972,org.apache.ivy.util.Configurator.ObjectDescriptor.getAddConfiguredMethod(String),53,8,13,0,0
2973,org.apache.ivy.plugins.repository.Resource.getName(),931,12,291,0,0
2974,org.apache.ivy.osgi.core.BundleCapability.getRawVersion(),11,4,6,0,0
2975,org.apache.ivy.core.IvyContext.pop(String),1,0,0,0,0
2976,org.apache.ivy.core.module.descriptor.ModuleDescriptor.getConfiguration(String),557,16,83,0,0
2977,org.apache.ivy.core.retrieve.RetrieveOptions.isMakeSymlinks(),258,12,56,0,0
2978,"org.apache.ivy.plugins.parser.xml.XmlModuleDescriptorWriter.printAllExcludes(ModuleDescriptor, PrintWriter)",65,6,26,1,13
2979,"org.apache.ivy.core.search.ModuleEntry.ModuleEntry(OrganisationEntry, String)",23,4,8,0,0
2980,org.apache.ivy.core.module.descriptor.DefaultModuleDescriptor.getExtraInfos(),381,15,75,0,0
2981,"org.apache.ivy.Ivy14.retrieve(ModuleId, String[], File, String, String, Filter, boolean, boolean, boolean)",292,0,0,14,56
2982,"org.apache.ivy.ant.IvyDependencyConf.addConf(DefaultDependencyDescriptor, String)",210,16,49,3,4
2983,org.apache.ivy.core.module.id.ModuleRules.getRule(ModuleId),11,1,1,5,3
2984,org.apache.ivy.osgi.util.VersionRange.VersionRangeParser.parseStart(),12,3,4,1,3
2985,"org.apache.ivy.plugins.report.XmlReportWriter.ouputRevision(ConfigurationResolveReport, PrintWriter, List, IvyNode)",318,9,10,19,49
2986,org.apache.ivy.plugins.lock.FileBasedLockStrategy.releaseLock(File),16,1,1,5,5
2987,org.apache.ivy.util.url.HttpClientHandler.HttpClientHelper2x.HttpClientHelper2x(),13,5,5,0,0
2988,org.apache.ivy.plugins.resolver.util.ResolvedResource.toString(),345,15,61,0,0
2989,org.apache.ivy.core.settings.IvySettings.getReportOutputter(String),1,0,0,0,0
2990,org.apache.ivy.osgi.updatesite.xml.FeatureParser.PluginHandler.handleAttributes(Attributes),7,0,0,1,6
2991,org.apache.ivy.osgi.repo.EditableRepoDescriptor.getModules(),1,0,0,0,0
2992,org.apache.ivy.plugins.resolver.DualResolver.reportFailure(),2,0,0,1,1
2993,org.apache.ivy.core.module.descriptor.DefaultDependencyDescriptor.getDependencyConfigurations(String),14,1,1,4,6
2994,org.apache.ivy.core.cache.DefaultRepositoryCacheManager.getPrefixKey(Artifact),81,10,11,3,7
2995,org.apache.ivy.plugins.parser.xml.UpdateOptions.setResolvedBranches(Map),248,15,46,0,0
2996,org.apache.ivy.util.url.ApacheURLLister.listFiles(URL),17,0,0,5,6
2997,"org.apache.ivy.util.Configurator.ObjectDescriptor.addAddConfiguredMethod(String, Method)",8,2,6,0,0
2998,org.apache.ivy.plugins.resolver.AbstractResolver.describe(ResolvedModuleRevision),44,5,13,2,6
2999,org.apache.ivy.core.search.SearchEngine.SearchEngine(IvySettings),280,16,67,0,0
3000,"org.apache.ivy.osgi.util.DelegatingHandler.characters(char[], int, int)",2,0,0,1,1
3001,org.apache.ivy.util.Credentials.hashCode(),3,0,0,2,1
3002,org.apache.ivy.core.module.descriptor.AbstractArtifact.equals(Object),15,0,0,2,8
3003,org.apache.ivy.ant.IvyCheck.doExecute(),54,0,0,6,30
3004,"org.apache.ivy.plugins.parser.m2.PomModuleDescriptorBuilder.PomPluginElement.PomPluginElement(String, String, String)",3,2,1,0,0
3005,org.apache.ivy.osgi.obr.xml.OBRXMLParser.CapabilityPropertyHandler.handleAttributes(Attributes),3,0,0,2,1
3006,"org.apache.ivy.core.cache.DownloadListener.startArtifactDownload(RepositoryCacheManager, ResolvedResource, Artifact, ArtifactOrigin)",312,16,47,0,0
3007,org.apache.ivy.core.module.descriptor.DependencyDescriptor.getDependencyConfigurations(String[]),43,5,20,0,0
3008,"org.apache.ivy.core.IvyPatternHelper.substitute(String, String, String, String, String, String, String, String)",5,0,0,2,3
3009,org.apache.ivy.ant.IvyResolve.setFailureProperty(String),2,1,1,0,0
3010,org.apache.ivy.core.settings.IvySettings.logModulesInUse(),265,16,48,2,1
3011,org.apache.ivy.osgi.repo.AbstractFSManifestIterable.buildBundleURI(T),22,5,8,0,0
3012,"org.apache.ivy.osgi.repo.ManifestAndLocation.ManifestAndLocation(Manifest, URI, URI)",496,13,94,0,0
3013,org.apache.ivy.plugins.resolver.IvyRepResolver.setArtpattern(String),8,0,0,2,4
3014,"org.apache.ivy.core.IvyPatternHelper.substituteParams(String, Map)",6,1,1,2,2
3015,org.apache.ivy.plugins.resolver.FileSystemResolver.addIvyPattern(String),42,8,10,3,2
3016,org.apache.ivy.core.cache.DefaultRepositoryCacheManager.BackupResourceDownloader.BackupResourceDownloader(ResourceDownloader),413,16,91,0,0
3017,"org.apache.ivy.core.deliver.DefaultPublishingDRResolver.resolve(ModuleDescriptor, String, ModuleRevisionId, String)",166,13,48,1,1
3018,org.apache.ivy.plugins.resolver.RepositoryResolver.setName(String),10,3,3,1,2
3019,org.apache.ivy.osgi.updatesite.xml.FeatureParser.FeatureHandler.FeatureHandler.(Anon_2).childHanlded(LicenseHandler),3,0,0,1,2
3020,"org.apache.ivy.Main.invoke(Ivy, File, ModuleDescriptor, String[], List, String, String[])",625,15,133,8,7
3021,org.apache.ivy.core.cache.DefaultResolutionCacheManager.getBasedir(),3,2,1,0,0
3022,org.apache.ivy.ant.IvyPublish.setModule(String),1,0,0,0,0
3023,org.apache.ivy.plugins.resolver.util.ResolvedResource.getLastModified(),703,12,172,1,2
3024,org.apache.ivy.ant.IvyDeliver.setDelivertarget(String),363,16,64,0,0
3025,"org.apache.ivy.util.extendable.DefaultExtendableItem.DefaultExtendableItem(Map, Map)",5,1,2,2,1
3026,org.apache.ivy.ant.IvyPostResolveTask.setResolveId(String),1,0,0,0,0
3027,"org.apache.ivy.core.IvyPatternHelper.substituteToken(StringBuffer, String, String)",3,1,1,1,1
3028,org.apache.ivy.Main.error(String),625,15,140,0,0
3029,"org.apache.ivy.ant.IvyTask.getProperty(IvySettings, String, String)",154,10,37,5,5
3030,"org.apache.ivy.core.resolve.IvyNodeEviction.EvictionData.EvictionData(String, IvyNode, ConflictManager, Collection, String)",269,21,44,0,0
3031,"org.apache.ivy.core.resolve.IvyNode.discardConf(String, String)",16,0,0,4,6
3032,org.apache.ivy.plugins.repository.file.FileResource.toString(),2,0,0,1,1
3033,org.apache.ivy.ant.MapperAdapter.MapperAdapter(Mapper),384,14,80,0,0
3034,org.apache.ivy.util.MessageLoggerEngine.warn(String),6,0,0,3,2
3035,org.apache.ivy.core.install.InstallEngineSettings.getResolverNames(),663,13,103,0,0
3036,org.apache.ivy.plugins.resolver.URLResolver.URLResolver(),2,0,0,1,1
3037,org.apache.ivy.core.cache.ResolutionCacheManager.clean(),48,8,10,0,0
3038,org.apache.ivy.core.cache.CacheDownloadOptions.getListener(),425,16,87,0,0
3039,org.apache.ivy.osgi.filter.OSGiFilter.append(StringBuffer),4,2,2,0,0
3040,"org.apache.ivy.core.settings.XmlSettingsParser.macrodefStarted(String, Map)",180,7,48,4,7
3041,org.apache.ivy.plugins.resolver.AbstractResolver.setRepositoryCacheManager(RepositoryCacheManager),2,0,0,1,1
3042,org.apache.ivy.core.resolve.IvyNodeCallers.getAllCallers(),2,1,1,0,0
3043,org.apache.ivy.core.sort.ModuleInSort.endOfCall(),36,5,11,0,0
3044,"org.apache.ivy.plugins.resolver.ChainResolver.listTokenValues(String[], Map)",1,0,0,0,0
3045,org.apache.ivy.util.EncrytedProperties.values(),2,0,0,1,1
3046,org.apache.ivy.ant.IvyMakePom.Mapping.getConf(),4,2,2,0,0
3047,org.apache.ivy.osgi.filter.OSGiFilterParser.Parser.readNext(),20,4,8,0,0
3048,org.apache.ivy.osgi.filter.MultiOperatorFilter.MultiOperatorFilter(),3,1,2,0,0
3049,org.apache.ivy.ant.IvyConfigure.getHost(),2,0,0,1,1
3050,org.apache.ivy.core.IvyContext.IvyContext(),5,2,2,0,0
3051,org.apache.ivy.util.Configurator.getTypeDef(String),56,6,18,0,0
3052,org.apache.ivy.plugins.resolver.IvyRepResolver.listRevisions(ModuleEntry),18,0,0,3,8
3053,org.apache.ivy.core.IvyPatternHelper.OriginalArtifactNameValue.toString(),204,0,0,11,47
3054,org.apache.ivy.osgi.core.BundleInfo.addCapability(BundleCapability),79,8,27,0,0
3055,org.apache.ivy.core.cache.DefaultRepositoryCacheManager.setName(String),5,3,2,0,0
3056,org.apache.ivy.core.cache.DefaultRepositoryCacheManager.getArchivePathInCache(Artifact),23,0,0,5,10
3057,org.apache.ivy.plugins.resolver.BasicResolver.setCheckconsistency(boolean),1,0,0,0,0
3058,org.apache.ivy.ant.IvyDeliver.setPubrevision(String),363,16,64,0,0
3059,org.apache.ivy.ant.IvyResolve.doExecute(),757,0,0,14,107
3060,org.apache.ivy.plugins.lock.LockStrategy.getName(),31,5,9,0,0
3061,org.apache.ivy.plugins.resolver.IvyRepResolver.ensureIvyConfigured(ResolverSettings),509,13,106,2,3
3062,"org.apache.ivy.osgi.repo.EditableRepoDescriptor.findModules(String, String)",11,3,7,0,0
3063,org.apache.ivy.osgi.core.ManifestParser.parseManifest(Manifest),463,18,64,7,22
3064,org.apache.ivy.osgi.core.BundleCapability.hashCode(),4,1,1,2,1
3065,org.apache.ivy.plugins.conflict.LatestConflictManager.toArtifactInfo(Collection),293,21,42,1,1
3066,org.apache.ivy.plugins.parser.m2.PomModuleDescriptorBuilder.PomModuleDescriptor.addDependencyManagement(PomDependencyMgt),31,5,11,2,3
3067,org.apache.ivy.plugins.resolver.BasicResolver.reportFailure(Artifact),12,0,0,4,5
3068,org.apache.ivy.plugins.resolver.MirroredURLResolver.MirroredURLResolver(),2,0,0,1,1
3069,org.apache.ivy.ant.IvyConvertPom.setPomFile(File),1,0,0,0,0
3070,org.apache.ivy.plugins.resolver.MirroredURLResolver.downloadMirrorList(),26,5,5,3,6
3071,org.apache.ivy.plugins.parser.AbstractModuleDescriptorParser.AbstractParser.AbstractParser(ModuleDescriptorParser),2,1,1,0,0
3072,org.apache.ivy.core.module.descriptor.Artifact.getPublicationDate(),145,10,37,0,0
3073,org.apache.ivy.core.install.InstallEngineSettings.getStatusManager(),663,13,103,0,0
3074,org.apache.ivy.plugins.resolver.JarResolver.JarResolver(),2,0,0,1,1
3075,org.apache.ivy.osgi.repo.AbstractOSGiResolver.getRepository(),206,16,47,0,0
3076,org.apache.ivy.plugins.resolver.DualResolver.isAllownomd(),167,12,47,0,0
3077,org.apache.ivy.core.settings.XmlSettingsParser.anyConfiguratorStarted(String),180,7,53,4,7
3078,"org.apache.ivy.core.IvyContext.pop(String, Object)",13,5,4,0,0
3079,org.apache.ivy.osgi.core.ManifestHeaderElement.toString(),1,0,0,0,0
3080,org.apache.ivy.util.MessageLogger.getErrors(),6,2,4,0,0
3081,org.apache.ivy.core.settings.XmlSettingsParser.IvyVariableContainerWrapper.IvyVariableContainerWrapper(IvyVariableContainer),38,6,9,0,0
3082,"org.apache.ivy.osgi.updatesite.UpdateSiteLoader.readArtifacts(URI, P2Descriptor)",26,5,5,2,7
3083,org.apache.ivy.core.module.descriptor.DependencyDescriptor.getDynamicConstraintDependencyRevisionId(),253,13,52,0,0
3084,org.apache.ivy.core.resolve.IvyNode.getRootModuleConfigurationsSet(),271,20,47,1,2
3085,org.apache.ivy.plugins.lock.FileBasedLockStrategy.NIOFileLocker.tryLock(File),15,0,0,4,5
3086,org.apache.ivy.plugins.repository.vsftp.VsftpRepository.getSingleCommand(String),13,6,5,0,0
3087,org.apache.ivy.util.url.HttpClientHandler.getLastModified(HttpMethodBase),40,5,12,0,0
3088,org.apache.ivy.util.MockMessageLogger.assertLogWarningContains(String),13,0,0,4,5
3089,"org.apache.ivy.core.pack.ArchivePacking.unpack(InputStream, File)",6,2,4,0,0
3090,"org.apache.ivy.plugins.matcher.MatcherHelper.matches(PatternMatcher, ArtifactId, ArtifactId)",199,17,49,2,6
3091,org.apache.ivy.plugins.repository.jar.JarRepository.getProgressListener(),167,15,50,0,0
3092,org.apache.ivy.core.settings.XmlSettingsParser.IvyVariableContainerWrapper.getVariable(String),2,0,0,1,1
3093,org.apache.ivy.core.settings.IvyVariableContainerImpl.getVariable(String),2,1,1,0,0
3094,org.apache.ivy.util.Configurator.Attribute.setDefault(String),5,3,2,0,0
3095,"org.apache.ivy.osgi.util.DelegatingHandler.doEndElement(String, String, String)",31,8,6,0,0
3096,org.apache.ivy.plugins.repository.file.FileRepository.isLocal(),5,3,2,0,0
3097,org.apache.ivy.plugins.resolver.AbstractPatternsBasedResolver.addArtifactPattern(String),6,4,2,0,0
3098,"org.apache.ivy.core.deliver.PublishingDependencyRevisionResolver.resolve(ModuleDescriptor, String, ModuleRevisionId, String)",248,15,46,0,0
3099,"org.apache.ivy.util.XMLHelper.parse(InputSource, URL, DefaultHandler, LexicalHandler)",24,2,2,6,5
3100,"org.apache.ivy.plugins.repository.TransferEvent.TransferEvent(Repository, Resource, long, int)",158,0,0,13,50
3101,org.apache.ivy.plugins.resolver.DependencyResolver.getRepositoryCacheManager(),345,12,70,0,0
3102,org.apache.ivy.core.settings.IvySettings.getTriggers(),7,3,4,0,0
3103,org.apache.ivy.osgi.filter.OrFilter.OrFilter(OSGiFilter[]),3,0,0,2,1
3104,"org.apache.ivy.ant.IvyTask.getResolvedDescriptor(String, String, boolean)",674,14,110,1,1
3105,"org.apache.ivy.plugins.version.VersionRangeMatcher.isUpper(ModuleRevisionId, String, ModuleRevisionId, boolean)",178,2,2,14,49
3106,org.apache.ivy.core.module.descriptor.DefaultDependencyDescriptor.getExcludeRules(),25,3,20,0,0
3107,org.apache.ivy.core.resolve.IvyNodeUsage.NodeConf.getConf(),15,4,6,0,0
3108,org.apache.ivy.core.module.descriptor.DefaultDependencyDescriptor.getDependencyArtifacts(),25,3,20,0,0
3109,org.apache.ivy.ant.IvyResolve.setFile(File),110,10,27,0,0
3110,org.apache.ivy.core.sort.MessageBasedNonMatchingVersionReporter.reportMessage(String),8,2,6,0,0
3111,org.apache.ivy.plugins.parser.ParserSettings.substitute(Map),4,2,2,0,0
3112,org.apache.ivy.core.event.FilteredIvyListener.getIvyListener(),2,1,1,0,0
3113,org.apache.ivy.core.sort.ModuleDescriptorSorter.sortModuleDescriptors(),52,5,7,5,12
3114,org.apache.ivy.util.MemoryUtil.sizeOf(Class),19,1,1,5,5
3115,org.apache.ivy.core.module.status.StatusManager.computeMaps(),17,5,5,1,2
3116,org.apache.ivy.osgi.p2.P2MetadataParser.InstructionsHandler.InstructionsHandler.(Anon_17).childHanlded(InstructionHandler),2,0,0,1,1
3117,"org.apache.ivy.plugins.repository.BasicResource.BasicResource(String, boolean, long, long, boolean)",206,17,44,0,0
3118,org.apache.ivy.ant.IvyAntSettings.setUrl(URL),2,1,1,0,0
3119,org.apache.ivy.util.Configurator.MacroRecord.getObject(),53,5,19,0,0
3120,"org.apache.ivy.osgi.util.DelegatingHandler.log(int, String)",44,3,15,5,6
3121,"org.apache.ivy.plugins.resolver.AbstractPatternsBasedResolver.findIvyFileRef(DependencyDescriptor, ResolveData)",313,5,29,15,46
3122,org.apache.ivy.plugins.matcher.AbstractPatternMatcher.newMatcher(String),2,1,1,0,0
3123,org.apache.ivy.core.publish.PublishOptions.getStatus(),292,14,45,0,0
3124,"org.apache.ivy.plugins.resolver.IBiblioResolver.listTokenValues(String, Map)",13,0,0,3,4
3125,org.apache.ivy.ant.BuildOBRTask.setSourceType(String),1,0,0,0,0
3126,org.apache.ivy.core.resolve.IvyNodeCallers.Caller.setRealCaller(boolean),3,2,1,0,0
3127,org.apache.ivy.core.settings.IvySettings.getConflictManager.(Anon_3).accept(Object),2,0,0,1,1
3128,"org.apache.ivy.plugins.repository.vsftp.VsftpRepository.sendCommand(String, boolean, long)",46,1,4,6,14
3129,"org.apache.ivy.ant.IvyArtifactReport.generateXml(IvyNode[], Map, Map)",673,14,78,20,49
3130,org.apache.ivy.Ivy.assertBound(),154,7,19,7,31
3131,org.apache.ivy.plugins.resolver.FileSystemResolver.commitPublishTransaction(),26,0,0,5,7
3132,"org.apache.ivy.core.deliver.DeliverOptions.DeliverOptions(String, Date, PublishingDependencyRevisionResolver, boolean, boolean, String[])",289,16,67,0,0
3133,org.apache.ivy.core.settings.IvySettings.setDefaultCacheIvyPattern(String),57,7,15,1,1
3134,org.apache.ivy.osgi.obr.xml.OBRXMLParser.ResourceHandler.ResourceHandler(),17,1,1,2,11
3135,org.apache.ivy.core.cache.DefaultRepositoryCacheManager.setDefaultTTL(String),3,0,0,2,1
3136,"org.apache.ivy.plugins.repository.vsftp.VsftpResource.VsftpResource(VsftpRepository, String)",149,12,50,1,1
3137,org.apache.ivy.util.MessageLogger.clearProblems(),5,3,2,0,0
3138,org.apache.ivy.core.retrieve.RetrieveOptions.RetrieveOptions(RetrieveOptions),262,13,53,1,1
3139,org.apache.ivy.osgi.updatesite.xml.EclipseUpdateSiteParser.SiteHandler.SiteHandler.(Anon_1).childHanlded(FeatureHandler),2,0,0,1,1
3140,"org.apache.ivy.osgi.updatesite.UpdateSiteLoader.readCompositeArtifact(URI, String, P2Descriptor)",11,0,0,2,7
3141,org.apache.ivy.core.module.descriptor.ConfigurationGroup.getMemberConfiguration(String),1,0,0,0,0
3142,org.apache.ivy.osgi.filter.MultiOperatorFilter.append(StringBuffer),3,0,0,1,2
3143,"org.apache.ivy.plugins.resolver.BasicResolver.getPublicationDate(ModuleDescriptor, DependencyDescriptor, ResolveData)",38,3,3,6,14
3144,org.apache.ivy.plugins.resolver.IBiblioResolver.isUsepoms(),308,16,44,0,0
3145,"org.apache.ivy.plugins.parser.m2.PomModuleDescriptorBuilder.getDependencyMgtExtraInfoKeyForVersion(String, String)",42,5,18,0,0
3146,org.apache.ivy.plugins.parser.AbstractModuleDescriptorParser.AbstractParser.warning(SAXParseException),13,0,0,4,5
3147,org.apache.ivy.osgi.updatesite.xml.EclipseFeature.getLicense(),25,4,21,0,0
3148,"org.apache.ivy.util.FileUtil.getPathFiles(File, File)",258,12,53,0,0
3149,org.apache.ivy.plugins.repository.vsftp.VsftpRepository.setAuthentication(String),4,3,1,0,0
3150,"org.apache.ivy.util.Message.error(String, Throwable)",44,5,16,4,5
3151,org.apache.ivy.ant.IvyResolve.setLog(String),37,6,15,0,0
3152,org.apache.ivy.plugins.resolver.IBiblioResolver.IBiblioResolver(),3,0,0,1,2
3153,org.apache.ivy.osgi.repo.AggregatedOSGiResolver.init(),7,0,0,3,3
3154,"org.apache.ivy.util.url.URLHandler.download(URL, File, CopyProgressListener)",5,2,2,0,0
3155,org.apache.ivy.osgi.filter.OrFilter.OrFilter(),20,6,6,1,1
3156,org.apache.ivy.plugins.resolver.AbstractResolver.getNamespace(),366,16,55,5,6
3157,"org.apache.ivy.plugins.repository.ssh.Scp.receiveStream(Channel, String, OutputStream)",13,2,2,2,6
3158,"org.apache.ivy.core.retrieve.RetrieveEngine.retrieve(ModuleRevisionId, String, RetrieveOptions)",263,1,1,12,53
3159,org.apache.ivy.core.resolve.ResolveOptions.getDefaultResolveId(ModuleDescriptor),796,13,137,2,3
3160,org.apache.ivy.ant.AddPathTask.execute(),1,0,0,0,0
3161,org.apache.ivy.plugins.resolver.AbstractPatternsBasedResolver.dumpSettings(),21,2,1,4,5
3162,org.apache.ivy.osgi.filter.UniOperatorFilter.operator(),4,3,1,0,0
3163,org.apache.ivy.core.IvyContext.getSettings(),416,8,81,10,50
3164,org.apache.ivy.core.resolve.ResolveOptions.getDefaultResolveId(ModuleId),376,21,72,1,2
3165,"org.apache.ivy.core.resolve.IvyNode.markEvicted(String, IvyNode, ConflictManager, Collection)",381,15,49,5,6
3166,org.apache.ivy.osgi.p2.P2MetadataParser.RepositoryHandler.RepositoryHandler.(Anon_1).childHanlded(UnitsHandler),35,0,0,5,11
3167,"org.apache.ivy.plugins.resolver.AbstractPatternsBasedResolver.findTokenValues(Collection, List, Map, String)",11,3,5,0,0
3168,org.apache.ivy.plugins.lock.FileBasedLockStrategy.FileBasedLockStrategy(),4,0,0,2,2
3169,org.apache.ivy.plugins.resolver.IvyRepResolver.getWholeIvyPattern(),3,2,1,0,0
3170,org.apache.ivy.util.FileUtil.UncloseInputStream.mark(int),1,0,0,0,0
3171,org.apache.ivy.plugins.resolver.IBiblioResolver.getWholePattern(),314,17,44,0,0
3172,"org.apache.ivy.core.resolve.IvyNodeUsage.addObjectsForConf(String, Object, Map)",3,2,1,0,0
3173,org.apache.ivy.osgi.filter.OSGiFilter.eval(Map),6,2,3,0,0
3174,"org.apache.ivy.plugins.resolver.BasicResolver.cacheModuleDescriptor.(Anon_1).write(ResolvedResource, ModuleDescriptor, File, File)",118,0,0,8,49
3175,org.apache.ivy.core.report.DownloadReport.addArtifactReport(ArtifactDownloadReport),206,12,41,1,1
3176,org.apache.ivy.osgi.util.DelegatingHandler.stopDelegating(),31,8,6,0,0
3177,org.apache.ivy.core.module.descriptor.ModuleDescriptor.getArtifacts(String),579,13,136,0,0
3178,org.apache.ivy.core.settings.IvySettings.addConfigured(ConflictManager),6,0,0,3,2
3179,"org.apache.ivy.plugins.conflict.FixedConflictManager.resolveConflicts(IvyNode, Collection)",6,0,0,2,3
3180,org.apache.ivy.ant.IvyResolve.setRevision(String),124,10,33,0,0
3181,org.apache.ivy.core.cache.CacheMetadataOptions.setChangingMatcherName(String),40,7,16,0,0
3182,org.apache.ivy.osgi.repo.RepoDescriptor.getCapabilityValues(String),287,21,47,0,0
3183,org.apache.ivy.plugins.latest.AbstractLatestStrategy.setName(String),7,2,4,0,0
3184,"org.apache.ivy.core.resolve.IvyNode.loadData(String, IvyNode, String, String, boolean, IvyNodeUsage)",311,4,5,14,54
3185,"org.apache.ivy.plugins.namespace.MRIDTransformationRule.MridRuleMatcher.applyRules(String, String)",182,15,49,1,1
3186,org.apache.ivy.ant.IvyExtractFromSources.execute(),9,0,0,2,5
3187,org.apache.ivy.plugins.resolver.AbstractResolver.getDownloadListener(DownloadOptions),41,7,16,0,0
3188,org.apache.ivy.core.retrieve.RetrieveReport.getNbrArtifactsUpToDate(),258,12,53,0,0
3189,org.apache.ivy.ant.IvyMakePom.createMapping(),1,0,0,0,0
3190,"org.apache.ivy.osgi.obr.xml.OBRXMLWriter.endElement(ContentHandler, String)",34,5,13,0,0
3191,org.apache.ivy.core.module.descriptor.DefaultDependencyDescriptor.getExtraAttributes(),2,0,0,1,1
3192,org.apache.ivy.util.DateUtil.format(Date),570,15,132,0,0
3193,org.apache.ivy.Ivy.findModule(ModuleRevisionId),296,6,34,17,49
3194,org.apache.ivy.plugins.parser.m2.PomModuleDescriptorBuilder.getDefaultScope(PomDependencyData),235,16,48,3,7
3195,org.apache.ivy.plugins.repository.AbstractRepository.fireTransferStarted(),11,3,2,2,4
3196,org.apache.ivy.core.module.descriptor.DefaultModuleDescriptor.setStatus(String),211,15,47,0,0
3197,org.apache.ivy.plugins.repository.LocalizableResource.getFile(),171,10,42,0,0
3198,org.apache.ivy.plugins.parser.xml.XmlModuleDescriptorUpdater.UpdaterHandler.fillIndents(int),3,1,2,0,0
3199,org.apache.ivy.ant.IvyResolve.setResolveMode(String),37,6,15,0,0
3200,org.apache.ivy.osgi.updatesite.UpdateSiteLoader.setLogLevel(int),121,8,44,0,0
3201,org.apache.ivy.plugins.repository.sftp.SFTPResource.getContentLength(),202,0,0,18,44
3202,org.apache.ivy.osgi.repo.EditableRepoDescriptor.addBundle(BundleInfo),120,9,40,4,10
3203,org.apache.ivy.core.resolve.IvyNodeUsage.getBlacklistData(String),2,1,1,0,0
3204,org.apache.ivy.osgi.core.ManifestHeaderValue.ManifestHeaderParser.appendEscaped(),9,3,3,1,1
3205,org.apache.ivy.plugins.circular.CircularDependencyStrategy.getName(),2,1,1,0,0
3206,"org.apache.ivy.core.cache.ResolutionCacheManager.getConfigurationResolveReportInCache(String, String)",857,15,138,0,0
3207,org.apache.ivy.core.report.ResolveReport.getAllProblemMessages(),222,0,0,23,49
3208,org.apache.ivy.ant.IvyPostResolveTask.createConflict(),2,0,0,1,1
3209,org.apache.ivy.core.module.id.ArtifactRevisionId.getExt(),19,3,8,1,1
3210,org.apache.ivy.plugins.parser.m2.PomReader.getPackaging(),399,12,106,2,2
3211,"org.apache.ivy.core.module.descriptor.DefaultDependencyDescriptor.DefaultDependencyDescriptor(ModuleRevisionId, boolean, boolean)",5,1,1,2,2
3212,"org.apache.ivy.core.resolve.ResolveEngine.isDependenciesFetched(IvyNode, String)",471,14,92,3,6
3213,"org.apache.ivy.ant.IvyArtifactReport.writeRetrieveLocation(TransformerHandler, String)",235,21,49,1,1
3214,"org.apache.ivy.core.resolve.IvyNodeCallers.removeCaller(String, ModuleRevisionId)",2,0,0,1,1
3215,"org.apache.ivy.core.resolve.IvyNodeEviction.ModuleIdConf.ModuleIdConf(ModuleId, String)",201,16,49,0,0
3216,org.apache.ivy.osgi.obr.xml.OBRXMLParser.AbstractRequirementHandler.handleAttributes(Attributes),31,0,0,6,7
3217,org.apache.ivy.core.deliver.DeliverOptions.setReplaceForcedRevisions(boolean),287,16,67,0,0
3218,"org.apache.ivy.util.Configurator.addChild(String, Object)",75,6,17,4,8
3219,org.apache.ivy.core.settings.IvySettings.getResolveMode(ModuleId),12,0,0,5,3
3220,org.apache.ivy.ant.IvyAntSettings.setRealm(String),3,1,1,1,1
3221,org.apache.ivy.osgi.p2.P2MetadataParser.RequiredHandler.RequiredHandler(),5,3,1,1,1
3222,org.apache.ivy.plugins.matcher.RegexpPatternMatcher.RegexpMatcher.calculateExact(),2,1,1,0,0
3223,org.apache.ivy.ant.IvyResources.resolveResources(String),316,1,1,22,45
3224,org.apache.ivy.plugins.resolver.FileSystemResolver.addConfiguredIvy(IvyPattern),8,0,0,3,4
3225,org.apache.ivy.osgi.repo.RepositoryManifestIterable.RepositoryManifestIterable(Repository),2,0,0,1,1
3226,org.apache.ivy.osgi.core.BundleInfo.getArtifacts(),294,17,50,0,0
3227,org.apache.ivy.plugins.repository.ssh.AbstractSshBasedRepository.getPassFile(),187,15,44,0,0
3228,org.apache.ivy.Ivy14.Ivy14(),96,0,0,8,31
3229,"org.apache.ivy.osgi.repo.AbstractOSGiResolver.filterCapabilityValues(Set, Map, Map, String)",2,0,0,1,1
3230,org.apache.ivy.core.install.InstallOptions.isTransitive(),663,13,103,0,0
3231,org.apache.ivy.core.module.descriptor.AbstractIncludeExcludeRule.equals(Object),8,0,0,2,5
3232,org.apache.ivy.plugins.parser.xml.UpdateOptions.setPubdate(Date),331,12,76,0,0
3233,org.apache.ivy.core.resolve.IvyNodeEviction.EvictionData.isTransitivelyEvicted(),215,18,49,0,0
3234,org.apache.ivy.plugins.resolver.RepositoryResolver.setSettings(ResolverSettings),52,7,16,1,2
3235,org.apache.ivy.core.module.descriptor.DefaultDependencyDescriptor.getDependencyArtifacts(String[]),3,0,0,2,1
3236,org.apache.ivy.core.resolve.IvyNodeCallers.Caller.toString(),3,0,0,2,1
3237,org.apache.ivy.ant.IvyAntSettings.getHost(),29,6,8,0,0
3238,org.apache.ivy.osgi.obr.xml.OBRXMLParser.ResourceHandler.ResourceHandler.(Anon_7).childHanlded(CapabilityHandler),25,0,0,5,9
3239,org.apache.ivy.core.resolve.ResolveProcessException.ResolveProcessException(Throwable),2,1,1,0,0
3240,org.apache.ivy.plugins.parser.AbstractModuleDescriptorParser.AbstractParser.getModuleDescriptor(),117,9,24,1,1
3241,org.apache.ivy.ant.AddPathTask.addFileset(FileSet),1,0,0,0,0
3242,org.apache.ivy.util.cli.Option.getDescription(),6,3,3,0,0
3243,org.apache.ivy.core.event.IvyEvent.hashCode(),3,0,0,1,2
3244,org.apache.ivy.osgi.p2.P2ArtifactParser.MappingsHandler.MappingsHandler(),10,5,1,2,3
3245,"org.apache.ivy.plugins.resolver.util.ResolverHelper.listTokenValues(Repository, String, String)",207,15,44,4,8
3246,"org.apache.ivy.plugins.repository.ssh.Scp.parseCLine(String, FileInfo)",10,3,4,1,3
3247,org.apache.ivy.core.resolve.IvyNodeBlacklist.toString(),45,7,10,3,5
3248,"org.apache.ivy.tools.analyser.RepositoryAnalyser.analyse(String, DependencyAnalyser)",312,2,1,16,56
3249,org.apache.ivy.ant.IvyMakePom.getHeaderFile(),29,3,18,0,0
3250,org.apache.ivy.ant.IvyResolve.prepareTask(),26,0,0,5,8
3251,"org.apache.ivy.plugins.latest.LatestStrategy.findLatest(ArtifactInfo[], Date)",304,21,42,0,0
3252,org.apache.ivy.plugins.matcher.Matcher.matches(String),236,13,46,0,0
3253,org.apache.ivy.plugins.resolver.IBiblioResolver.getRoot(),33,6,10,0,0
3254,org.apache.ivy.plugins.parser.ParserSettings.getResolver(ModuleRevisionId),423,12,107,0,0
3255,org.apache.ivy.ant.IvyCleanCache.isResolution(),48,8,10,0,0
3256,org.apache.ivy.core.resolve.VisitNode.markEvicted(EvictionData),371,15,50,5,6
3257,org.apache.ivy.plugins.parser.m2.PomWriterOptions.getTemplate(),210,12,49,0,0
3258,org.apache.ivy.core.report.ResolveReport.checkIfChanged(),631,13,93,21,45
3259,org.apache.ivy.core.search.RevisionEntry.getModuleEntry(),6,4,2,0,0
3260,"org.apache.ivy.core.module.descriptor.DefaultDependencyDescriptor.getCollectionForConfiguration(String, Map)",4,1,3,0,0
3261,org.apache.ivy.osgi.core.ExecutionEnvironmentProfile.equals(Object),1,0,0,0,0
3262,org.apache.ivy.plugins.resolver.JarResolver.getJarRepository(),5,2,2,1,1
3263,org.apache.ivy.core.report.ResolveReport.getConfigurationReport(String),690,14,120,0,0
3264,"org.apache.ivy.util.Configurator.ObjectDescriptor.addAddMethod(String, Method)",8,2,6,0,0
3265,org.apache.ivy.util.AbstractMessageLogger.verbose(String),2,0,0,1,1
3266,"org.apache.ivy.plugins.resolver.RepositoryResolver.listResources(Repository, ModuleRevisionId, String, Artifact)",273,7,26,15,44
3267,"org.apache.ivy.plugins.parser.xml.XmlModuleDescriptorUpdater.update(URL, File, UpdateOptions)",292,14,45,4,15
3268,org.apache.ivy.core.settings.IvySettings.setDefaultConflictManager(ConflictManager),27,5,11,0,0
3269,org.apache.ivy.plugins.resolver.VsftpResolver.getHost(),4,0,0,2,2
3270,"org.apache.ivy.plugins.resolver.IBiblioResolver.findArtifactRef(Artifact, Date)",298,0,0,15,44
3271,org.apache.ivy.plugins.resolver.AbstractResolver.setChangingPattern(String),3,2,1,0,0
3272,org.apache.ivy.ant.IvyInstall.setOrganisation(String),1,0,0,0,0
3273,"org.apache.ivy.core.event.download.EndArtifactDownloadEvent.EndArtifactDownloadEvent(DependencyResolver, Artifact, ArtifactDownloadReport, File)",178,3,1,13,50
3274,org.apache.ivy.plugins.resolver.DependencyResolver.listModules(OrganisationEntry),207,16,46,0,0
3275,org.apache.ivy.plugins.resolver.util.FileURLLister.FileURLLister(),191,16,44,1,1
3276,org.apache.ivy.ant.IvyArtifactProperty.doExecute(),152,0,0,8,46
3277,org.apache.ivy.plugins.resolver.BasicResolver.logAttempt(String),273,15,48,5,5
3278,org.apache.ivy.osgi.core.BundleRequirement.getVersion(),210,17,49,0,0
3279,org.apache.ivy.util.url.URLHandlerDispatcher.URLHandlerDispatcher(),29,6,8,0,0
3280,org.apache.ivy.plugins.parser.AbstractModuleDescriptorParser.AbstractParser.getLocationString(SAXParseException),16,5,5,1,1
3281,"org.apache.ivy.osgi.core.OSGiManifestParser.toIvyFile(InputStream, Resource, File, ModuleDescriptor)",114,0,0,8,49
3282,org.apache.ivy.core.deliver.DeliverOptions.getStatus(),248,15,46,0,0
3283,org.apache.ivy.plugins.repository.LazyResource.checkInit(),6,1,4,1,1
3284,org.apache.ivy.util.FileUtil.normalize(String),27,5,10,1,1
3285,"org.apache.ivy.core.module.descriptor.DefaultArtifact.DefaultArtifact(ModuleRevisionId, Date, String, String, String)",394,16,55,5,9
3286,org.apache.ivy.plugins.repository.ssh.AbstractSshBasedRepository.getUser(),187,15,44,0,0
3287,"org.apache.ivy.Main.usage(CommandLineParser, boolean)",638,15,137,3,4
3288,org.apache.ivy.core.settings.IvySettings.getDefaultBranch(ModuleId),751,15,104,5,3
3289,org.apache.ivy.ant.IvyDeliver.setResolveId(String),1,0,0,0,0
3290,org.apache.ivy.plugins.repository.file.FileResource.clone(String),8,0,0,4,2
3291,org.apache.ivy.core.report.ResolveReport.hasError(),1092,13,189,24,49
3292,org.apache.ivy.util.MessageLogger.info(String),19,4,6,0,0
3293,org.apache.ivy.plugins.matcher.AbstractPatternMatcher.getName(),2,1,1,0,0
3294,org.apache.ivy.plugins.matcher.ExactOrRegexpPatternMatcher.newMatcher(String),4,0,0,3,1
3295,org.apache.ivy.ant.IvyDependencyTree.setShowEvicted(boolean),1,0,0,0,0
3296,org.apache.ivy.plugins.resolver.DependencyResolver.abortPublishTransaction(),695,13,105,0,0
3297,org.apache.ivy.plugins.resolver.IBiblioResolver.isUseMavenMetadata(),3,2,1,0,0
3298,org.apache.ivy.plugins.parser.m2.PomReader.getDependencies(),399,12,106,2,2
3299,org.apache.ivy.ant.IvyAntSettings.setUrl(String),2,1,1,0,0
3300,org.apache.ivy.ant.IvyFindRevision.setOrganisation(String),1,0,0,0,0
3301,org.apache.ivy.plugins.version.PatternVersionMatcher.addMatch(Match),1,0,0,0,0
3302,"org.apache.ivy.osgi.util.DelegatingHandler.parseBoolean(String, String)",5,2,2,1,1
3303,org.apache.ivy.ant.FixDepsTask.createKeep(),1,0,0,0,0
3304,org.apache.ivy.plugins.parser.m2.PomWriterOptions.ConfigurationScopeMapping.isOptional(String[]),42,4,24,1,1
3305,org.apache.ivy.plugins.matcher.MapMatcher.matches(Map),4,2,1,1,1
3306,"org.apache.ivy.core.resolve.ResolveData.ResolveData(ResolveEngine, ResolveOptions, ConfigurationResolveReport)",209,17,49,1,1
3307,org.apache.ivy.ant.IvyArtifactReport.createTransformerHandler(FileOutputStream),235,21,49,0,0
3308,org.apache.ivy.core.resolve.VisitNode.isEvicted(),471,11,79,19,49
3309,org.apache.ivy.core.resolve.IvyNode.compareTo(Object),4,0,0,2,2
3310,org.apache.ivy.plugins.resolver.packager.PackagerCacheEntry.finalize(),3,0,0,2,1
3311,"org.apache.ivy.core.event.download.StartArtifactDownloadEvent.StartArtifactDownloadEvent(DependencyResolver, Artifact, ArtifactOrigin)",173,3,3,13,50
3312,org.apache.ivy.util.url.AbstractURLHandler.normalizeToString(URL),16,4,5,0,0
3313,"org.apache.ivy.core.cache.ModuleDescriptorProvider.provideModule(ParserSettings, File, boolean)",16,6,5,0,0
3314,org.apache.ivy.core.IvyContext.getCircularDependencyStrategy(),200,7,13,11,49
3315,org.apache.ivy.ant.IvyPublish.doExecute(),363,0,0,15,64
3316,org.apache.ivy.ant.IvyReport.setXml(boolean),1,0,0,0,0
3317,org.apache.ivy.core.cache.DefaultRepositoryCacheManager.getLocationKey(Artifact),131,10,27,4,7
3318,org.apache.ivy.ant.IvyBuildNumber.NewRevision.getRevision(),269,16,46,0,0
3319,"org.apache.ivy.core.cache.DefaultRepositoryCacheManager.saveArtifactOrigin(Artifact, ArtifactOrigin)",425,16,81,9,15
3320,org.apache.ivy.util.ChecksumHelper.byteArrayToHexString(byte[]),4,3,1,0,0
3321,org.apache.ivy.osgi.util.Version.toString(),352,16,96,2,1
3322,org.apache.ivy.plugins.resolver.JarResolver.setJarFile(File),23,4,10,2,3
3323,org.apache.ivy.ant.IvyRetrieve.setPattern(String),1,0,0,0,0
3324,org.apache.ivy.core.resolve.IvyNode.getId(),438,13,142,0,0
3325,org.apache.ivy.core.pack.StreamPacking.unpack(InputStream),8,2,5,0,0
3326,org.apache.ivy.util.Configurator.ObjectDescriptor.getObject(),56,8,18,0,0
3327,org.apache.ivy.core.settings.IvySettings.addConfigured(ModuleDescriptorParser),3,0,0,1,2
3328,org.apache.ivy.core.module.descriptor.DependencyArtifactDescriptor.getConfigurations(),10,3,6,0,0
3329,org.apache.ivy.plugins.parser.m2.PomModuleDescriptorBuilder.getSourceArtifact(),51,10,14,2,2
3330,org.apache.ivy.plugins.resolver.IvyRepResolver.listOrganisations(),35,0,0,6,10
3331,org.apache.ivy.util.url.BasicURLHandler.readResponseBody(HttpURLConnection),2,1,1,0,0
3332,org.apache.ivy.ant.AntBuildTrigger.isBuilt(File),161,13,46,0,0
3333,org.apache.ivy.plugins.repository.ssh.SshRepository.getResource(String),12,0,0,4,5
3334,"org.apache.ivy.ant.IvyPostResolveTask.getConfsToResolve(String, String, String, boolean)",124,5,29,8,14
3335,"org.apache.ivy.plugins.resolver.ResolverTestHelper.assertRevisionEntriesContains(DependencyResolver, ModuleEntry, String[], RevisionEntry[])",7,1,1,3,3
3336,"org.apache.ivy.core.IvyPatternHelper.substitute(String, ModuleRevisionId, String, String, String)",35,0,0,6,12
3337,org.apache.ivy.plugins.trigger.AbstractTrigger.getPatternMatcher(),158,4,3,11,50
3338,org.apache.ivy.core.module.id.ArtifactRevisionId.getType(),19,3,8,1,1
3339,org.apache.ivy.plugins.resolver.FileSystemResolver.supportTransaction(),217,16,45,6,5
3340,org.apache.ivy.plugins.resolver.util.HasLatestStrategy.getLatest(),2,1,1,0,0
3341,org.apache.ivy.core.module.id.ModuleRevisionId.normalizeRevision(String),168,12,49,1,1
3342,"org.apache.ivy.plugins.repository.Repository.put(Artifact, File, String, boolean)",43,6,11,0,0
3343,org.apache.ivy.core.module.id.ModuleId.decode(String),2,0,0,1,1
3344,org.apache.ivy.util.Configurator.Macro.play(Configurator),53,0,0,6,18
3345,org.apache.ivy.ant.IvyAntSettings.getId(),186,9,65,0,0
3346,org.apache.ivy.ant.IvyPublish.isReplacedynamicrev(),363,16,64,0,0
3347,org.apache.ivy.core.module.descriptor.Configuration.equals(Object),6,2,3,1,1
3348,org.apache.ivy.core.module.descriptor.DefaultExtendsDescriptor.areDependenciesInherited(),2,0,0,1,1
3349,org.apache.ivy.core.cache.CacheMetadataOptions.isValidate(),27,7,6,0,0
3350,org.apache.ivy.core.settings.IvySettings.dumpMemoryUsage(),3,0,0,2,1
3351,org.apache.ivy.osgi.p2.P2MetadataParser.AbstractRequirementHandler.AbstractRequirementHandler(String),8,1,3,2,3
3352,org.apache.ivy.core.settings.IvySettings.init(Object),61,7,16,1,2
3353,org.apache.ivy.core.resolve.IvyNode.getPublication(),274,20,49,2,1
3354,org.apache.ivy.core.report.ConfigurationResolveReport.getDownloadReports(ModuleRevisionId),266,21,41,1,1
3355,org.apache.ivy.plugins.repository.url.URLResource.clone(String),2,0,0,1,1
3356,org.apache.ivy.core.report.ResolveReport.getDownloadSize(),171,14,50,0,0
3357,"org.apache.ivy.core.module.descriptor.DefaultModuleDescriptor.DefaultModuleDescriptor(ModuleRevisionId, String, Date, boolean)",238,16,47,1,1
3358,org.apache.ivy.ant.IvyRepositoryReport.createParam(),1,0,0,0,0
3359,org.apache.ivy.plugins.resolver.FileSystemResolver.FileSystemResolver(),3,0,0,1,2
3360,org.apache.ivy.plugins.resolver.FileSystemResolver.abortPublishTransaction(),25,0,0,5,7
3361,"org.apache.ivy.plugins.lock.ArtifactLockStrategy.ArtifactLockStrategy(FileLocker, boolean)",8,2,3,2,1
3362,org.apache.ivy.osgi.util.DelegatingHandler.doEndPrefixMapping(String),2,1,1,0,0
3363,org.apache.ivy.util.Configurator.startCreateChild(String),75,6,15,3,10
3364,"org.apache.ivy.core.event.EventManager.addIvyListener(IvyListener, Filter)",14,4,5,1,1
3365,org.apache.ivy.osgi.filter.OSGiFilterParser.Parser.parseCompareOperator(),7,3,2,1,2
3366,org.apache.ivy.core.resolve.VisitNode.getRealNode(),9,0,0,5,2
3367,org.apache.ivy.core.report.ArtifactDownloadReport.setDownloadTimeMillis(long),437,15,101,0,0
3368,org.apache.ivy.plugins.parser.AbstractModuleDescriptorParser.AbstractParser.getResource(),2,1,1,0,0
3369,org.apache.ivy.core.repository.RepositoryManagementEngineSettings.dumpMemoryUsage(),213,17,46,0,0
3370,org.apache.ivy.core.publish.PublishOptions.setStatus(String),366,16,64,0,0
3371,org.apache.ivy.plugins.repository.ssh.SshCache.getInstance(),198,15,44,0,0
3372,org.apache.ivy.core.module.status.Status.isIntegration(),4,2,2,0,0
3373,org.apache.ivy.Ivy.setSettings(IvySettings),95,8,31,0,0
3374,org.apache.ivy.core.resolve.IvyNode.isFetched(String),1,0,0,0,0
3375,org.apache.ivy.plugins.parser.m2.PomReader.PomDependencyMgtElement.PomDependencyMgtElement(PomDependencyMgtElement),399,12,108,1,1
3376,"org.apache.ivy.util.Configurator.ObjectDescriptor.getTypeMatchingMethod(Class, Map)",3,1,2,0,0
3377,org.apache.ivy.core.event.publish.EndArtifactPublishEvent.isSuccessful(),165,14,50,0,0
3378,org.apache.ivy.core.resolve.ResolveData.getOptions(),576,12,141,0,0
3379,"org.apache.ivy.util.PropertiesFile.PropertiesFile(File, String)",54,9,8,5,5
3380,org.apache.ivy.osgi.p2.P2CompositeParser.ChildrenHandler.ChildrenHandler(),6,1,1,2,3
3381,org.apache.ivy.core.event.IvyEvent.IvyEvent(String),192,4,24,11,50
3382,org.apache.ivy.plugins.parser.xml.XmlModuleDescriptorParser.Parser.isOtherNamespace(String),419,13,86,0,0
3383,"org.apache.ivy.core.resolve.IvyNodeUsage.addUsage(String, DependencyDescriptor, String)",300,15,53,1,2
3384,org.apache.ivy.osgi.p2.P2MetadataParser.InstructionHandler.handleAttributes(Attributes),1,0,0,0,0
3385,org.apache.ivy.util.cli.Option.missingArgument(int),5,2,1,1,2
3386,org.apache.ivy.core.module.status.StatusManager.StatusManager(),14,5,7,0,0
3387,org.apache.ivy.core.resolve.ResolveOptions.getArtifactFilter(),631,15,98,0,0
3388,"org.apache.ivy.core.report.ResolveReport.toFixedModuleDescriptor(IvySettings, List)",449,7,41,19,47
3389,org.apache.ivy.plugins.parser.m2.PomWriterOptions.ExtraDependency.isOptional(),42,4,25,0,0
3390,org.apache.ivy.plugins.resolver.BasicResolver.UnresolvedDependencyException.isError(),468,12,99,0,0
3391,"org.apache.ivy.core.sort.NonMatchingVersionReporter.reportNonMatchingVersion(DependencyDescriptor, ModuleDescriptor)",11,4,5,0,0
3392,"org.apache.ivy.core.module.descriptor.DefaultDependencyDescriptor.replaceFallbackConfigurationPattern(Pattern, String, String)",3,1,2,0,0
3393,"org.apache.ivy.plugins.parser.xml.XmlModuleDescriptorUpdater.UpdaterHandler.substitute(ParserSettings, String)",244,15,44,1,2
3394,org.apache.ivy.ant.testutil.AntTaskTestCase.checkAntListener(),4,2,2,0,0
3395,org.apache.ivy.plugins.parser.m2.PomModuleDescriptorBuilder.addDependencyMgt(PomDependencyMgt),399,12,97,4,15
3396,org.apache.ivy.plugins.resolver.util.ApacheHttpURLLister.listAll(URL),18,0,0,6,6
3397,org.apache.ivy.core.report.ConfigurationResolveReport.hasChanged(),2,1,1,0,0
3398,org.apache.ivy.plugins.version.AbstractVersionMatcher.AbstractVersionMatcher(String),8,1,7,0,0
3399,org.apache.ivy.osgi.util.DelegatingHandler.doStartDocument(),2,1,1,0,0
3400,org.apache.ivy.core.resolve.IvyNodeCallers.Caller.getModuleRevisionId(),265,20,45,0,0
3401,"org.apache.ivy.plugins.conflict.LatestConflictManager.resolveConflicts(IvyNode, Collection)",295,8,21,20,46
3402,"org.apache.ivy.util.CredentialsUtil.CredentialPanel.CredentialPanel(Credentials, File)",24,6,5,1,4
3403,org.apache.ivy.util.cli.CommandLine.getOptionValue(String),625,15,137,1,1
3404,org.apache.ivy.osgi.repo.ManifestAndLocation.getSourceURI(),110,9,43,0,0
3405,org.apache.ivy.osgi.updatesite.xml.FeatureParser.FeatureHandler.FeatureHandler.(Anon_4).childHanlded(PluginHandler),2,0,0,1,1
3406,org.apache.ivy.osgi.core.ManifestHeaderElement.getDirectives(),59,8,23,0,0
3407,"org.apache.ivy.plugins.repository.TransferEvent.getElapsedTime(int, int)",4,2,1,1,1
3408,org.apache.ivy.ant.IvyAntSettings.getConfiguredIvyInstance(Task),183,0,0,9,65
3409,org.apache.ivy.osgi.core.BundleInfo.getSymbolicName(),336,17,81,0,0
3410,"org.apache.ivy.plugins.resolver.BasicResolver.download(Artifact[], DownloadOptions)",169,2,3,11,46
3411,org.apache.ivy.plugins.repository.AbstractRepository.setName(String),3,2,1,0,0
3412,org.apache.ivy.core.resolve.VisitNode.isCircular(),471,15,92,2,4
3413,org.apache.ivy.plugins.parser.m2.PomReader.getGroupId(),399,12,105,2,2
3414,"org.apache.ivy.plugins.repository.sftp.SFTPRepository.mkdirs(String, ChannelSftp)",212,15,44,0,0
3415,org.apache.ivy.core.resolve.VisitData.setNode(IvyNode),11,4,4,0,0
3416,org.apache.ivy.plugins.repository.ssh.AbstractSshBasedRepository.setAllowedAgentUse(boolean),4,3,1,0,0
3417,org.apache.ivy.core.cache.ArtifactOrigin.equals(Object),1,0,0,0,0
3418,"org.apache.ivy.osgi.updatesite.UpdateSiteLoader.readJarOrXml(URI, String, XMLInputParser)",15,2,4,1,6
3419,org.apache.ivy.util.cli.Option.parse(ListIterator),8,2,2,2,2
3420,org.apache.ivy.Ivy.configureDefault14(),142,0,0,8,37
3421,"org.apache.ivy.plugins.parser.xml.XmlModuleDescriptorWriter.printAllMediators(ModuleDescriptor, PrintWriter)",65,4,30,4,9
3422,"org.apache.ivy.osgi.p2.P2ArtifactParser.RepositoryHandler.RepositoryHandler(P2Descriptor, String)",11,1,1,4,4
3423,"org.apache.ivy.osgi.repo.FSManifestIterable.(Anon_1).accept(File, String)",1,0,0,0,0
3424,org.apache.ivy.util.filter.ArtifactTypeFilter.ArtifactTypeFilter(Collection),2,1,1,0,0
3425,org.apache.ivy.plugins.parser.m2.PomModuleDescriptorParser.newParserException(Exception),399,12,106,4,5
3426,"org.apache.ivy.plugins.parser.xml.XmlModuleDescriptorWriter.printExtraAttributes(ExtendableItem, PrintWriter, String)",87,3,56,2,2
3427,org.apache.ivy.osgi.repo.BundleRepoDescriptor.getLastModified(),1,0,0,0,0
3428,org.apache.ivy.util.MessageLogger.getProblems(),15,4,5,0,0
3429,org.apache.ivy.plugins.resolver.packager.BuiltFileResource.clone(String),2,0,0,1,1
3430,org.apache.ivy.util.MessageLogger.getWarns(),6,2,4,0,0
3431,org.apache.ivy.osgi.filter.CompareFilter.append(StringBuffer),2,0,0,1,1
3432,org.apache.ivy.ant.IvyRetrieve.getAllowedLogOptions(),384,14,80,0,0
3433,org.apache.ivy.core.report.DownloadReport.getArtifactsReports(DownloadStatus),2,0,0,1,1
3434,"org.apache.ivy.plugins.version.SubVersionMatcher.compare(ModuleRevisionId, ModuleRevisionId, Comparator)",2,0,0,1,1
3435,org.apache.ivy.ant.IvyMakePom.isPrintIvyInfo(),29,3,18,0,0
3436,org.apache.ivy.util.filter.OrFilter.accept(Object),2,0,0,1,1
3437,org.apache.ivy.plugins.resolver.VsftpResolver.getAuthentication(),4,0,0,2,2
3438,org.apache.ivy.osgi.updatesite.xml.FeatureParser.parse(InputStream),74,7,28,3,7
3439,org.apache.ivy.plugins.resolver.BasicResolver.logIvyAttempt(String),15,2,3,4,5
3440,"org.apache.ivy.core.sort.CollectionOfModulesToSort.CollectionOfModulesToSort(Collection, VersionMatcher, NonMatchingVersionReporter)",6,1,1,2,2
3441,org.apache.ivy.util.Configurator.ObjectDescriptor.getObjectName(),53,8,9,0,0
3442,org.apache.ivy.core.module.descriptor.DefaultModuleDescriptor.setModuleArtifact(Artifact),88,9,18,0,0
3443,org.apache.ivy.plugins.resolver.RepositoryResolver.getRepository(),109,5,40,0,0
3444,org.apache.ivy.plugins.lock.FileBasedLockStrategy.FileBasedLockStrategy(boolean),4,0,0,2,2
3445,org.apache.ivy.plugins.resolver.AbstractSshBasedResolver.setPort(int),4,0,0,2,2
3446,"org.apache.ivy.osgi.util.DelegatingHandler.getRequiredLongAttribute(Attributes, String)",4,0,0,2,2
3447,"org.apache.ivy.plugins.parser.xml.XmlModuleDescriptorUpdater.ItemPrinter.print(ModuleDescriptor, Object, PrintWriter)",12,3,6,0,0
3448,org.apache.ivy.core.module.descriptor.DefaultModuleDescriptor.setMappingOverride(boolean),77,8,30,0,0
3449,"org.apache.ivy.util.Configurator.setAttribute(String, String)",75,6,16,2,6
3450,org.apache.ivy.Ivy.listModuleEntries(OrganisationEntry),17,1,1,3,10
3451,org.apache.ivy.osgi.updatesite.xml.EclipseFeature.getUrl(),74,7,33,0,0
3452,org.apache.ivy.plugins.repository.AbstractRepository.removeTransferListener(TransferListener),36,7,11,0,0
3453,"org.apache.ivy.ant.IvyRepositoryReport.gen(ResolutionCacheManager, String, String, String, String)",12,2,2,2,5
3454,org.apache.ivy.osgi.core.BundleInfo.setDocumentation(String),3,2,1,0,0
3455,org.apache.ivy.osgi.filter.OSGiFilterParser.Parser.parse(),23,2,1,4,7
3456,org.apache.ivy.util.filter.ArtifactTypeFilter.accept(Object),2,0,0,1,1
3457,org.apache.ivy.Ivy.getSettings(),1428,13,286,0,0
3458,"org.apache.ivy.util.CopyProgressEvent.CopyProgressEvent(byte[], long)",2,0,0,1,1
3459,"org.apache.ivy.osgi.core.OSGiManifestParser.parseDescriptor(ParserSettings, URL, Resource, boolean)",333,2,1,17,58
3460,org.apache.ivy.core.module.descriptor.DefaultDependencyArtifactDescriptor.initStandardAttributes(),9,3,2,1,4
3461,org.apache.ivy.Ivy.listModules(String),15,1,1,3,8
3462,"org.apache.ivy.util.XMLHelper.parse(URL, URL, DefaultHandler)",126,8,38,8,5
3463,"org.apache.ivy.ant.IvyDependencyArtifact.addArtifact(DefaultDependencyDescriptor, String)",210,16,49,3,5
3464,org.apache.ivy.plugins.namespace.MRIDTransformationRule.transform(ModuleRevisionId),199,3,3,15,47
3465,org.apache.ivy.plugins.repository.vsftp.VsftpRepository.checkInterrupted(),203,12,44,5,5
3466,org.apache.ivy.core.module.descriptor.AbstractArtifact.getQualifiedExtraAttributes(),18,3,8,1,2
3467,org.apache.ivy.core.cache.RepositoryCacheManager.clean(),48,8,10,0,0
3468,org.apache.ivy.core.settings.IvySettings.loadProperties(URL),2,0,0,1,1
3469,"org.apache.ivy.plugins.resolver.IBiblioResolver.listRevisionsWithMavenMetadata.(Anon_2).endElement(String, String, String)",3,0,0,1,2
3470,org.apache.ivy.ant.IvyRepositoryReport.getDotStylePath(File),10,4,4,0,0
3471,org.apache.ivy.ant.BuildOBRTask.doExecute(),428,0,0,22,85
3472,org.apache.ivy.osgi.filter.CompareFilter.Operator.toString(),2,1,1,0,0
3473,org.apache.ivy.Ivy14.substitute(String),98,0,0,9,29
3474,"org.apache.ivy.plugins.parser.xml.XmlModuleDescriptorWriter.printDependencyArtefacts(ModuleDescriptor, PrintWriter, DependencyArtifactDescriptor[])",44,3,17,2,7
3475,org.apache.ivy.plugins.resolver.AbstractSshBasedResolver.setKeyFile(File),16,0,0,5,5
3476,org.apache.ivy.plugins.report.XmlReportParser.getArtifacts(),152,9,46,1,1
3477,org.apache.ivy.plugins.report.XmlReportWriter.toString(String[]),274,20,49,1,1
3478,"org.apache.ivy.core.resolve.IvyNodeUsage.updateDataFrom(IvyNodeUsage, String)",4,1,1,1,2
3479,org.apache.ivy.util.MessageLoggerEngine.rawinfo(String),6,0,0,3,2
3480,org.apache.ivy.plugins.repository.ssh.AbstractSshBasedRepository.getPort(),187,15,44,0,0
3481,org.apache.ivy.ant.AntMessageLogger.AntMessageLogger(ProjectComponent),10,4,3,1,1
3482,"org.apache.ivy.osgi.obr.xml.OBRXMLWriter.saxCapability(BundleCapability, ContentHandler)",34,5,12,3,7
3483,org.apache.ivy.osgi.p2.P2ArtifactParser.RepositoryHandler.RepositoryHandler.(Anon_1).childHanlded(MappingsHandler),24,0,0,6,7
3484,org.apache.ivy.util.FileUtil.UncloseInputStream.markSupported(),1,0,0,0,0
3485,org.apache.ivy.osgi.p2.P2MetadataParser.ArtifactsHandler.ArtifactsHandler.(Anon_15).childHanlded(ArtifactHandler),1,0,0,0,0
3486,org.apache.ivy.plugins.report.XmlReportParser.SaxXmlReportParser.getArtifacts(),2,1,1,0,0
3487,org.apache.ivy.plugins.latest.LatestStrategy.getName(),6,4,2,0,0
3488,org.apache.ivy.osgi.p2.P2CompositeParser.ChildrenHandler.handleAttributes(Attributes),1,0,0,0,0
3489,org.apache.ivy.plugins.resolver.ResolverSettings.getDefaultRepositoryCacheManager(),4,2,2,0,0
3490,org.apache.ivy.plugins.repository.vfs.VfsTestHelper.VfsTestHelper(),142,0,0,9,38
3491,"org.apache.ivy.util.FileUtil.copy(InputStream, OutputStream, CopyProgressListener)",29,6,6,2,5
3492,org.apache.ivy.plugins.circular.AbstractLogCircularDependencyStrategy.getCircularDependencyId(ModuleRevisionId[]),9,2,1,2,4
3493,org.apache.ivy.Ivy.substitute(String),98,1,1,8,29
3494,"org.apache.ivy.plugins.resolver.AbstractPatternsBasedResolver.findResourceUsingPatterns(ModuleRevisionId, List, Artifact, ResourceMDParser, Date)",322,9,22,16,46
3495,org.apache.ivy.core.settings.IvySettings.setDefaultRepositoryCacheBasedir(String),50,6,7,6,7
3496,org.apache.ivy.plugins.resolver.IvyRepResolver.updateWholeArtPattern(),9,2,3,1,2
3497,"org.apache.ivy.core.event.resolve.EndResolveEvent.EndResolveEvent(ModuleDescriptor, String[], ResolveReport)",631,15,92,13,50
3498,org.apache.ivy.core.IvyPatternHelper.getTokenRoot(String),258,12,53,0,0
3499,org.apache.ivy.core.settings.XmlSettingsParser.propertyStarted(Map),180,7,47,5,5
3500,org.apache.ivy.core.settings.IvySettings.setDefaultCache(File),650,15,142,6,5
3501,org.apache.ivy.core.module.descriptor.DefaultDependencyDescriptor.setDependencyArtifacts(Map),23,3,19,0,0
3502,org.apache.ivy.ant.IvyBuildList.setReverse(boolean),1,0,0,0,0
3503,org.apache.ivy.core.resolve.IvyNode.getRootModuleConfigurations(),334,13,50,2,2
3504,org.apache.ivy.plugins.parser.m2.PomModuleDescriptorWriter.IvyVariableContainerWrapper.setEnvironmentPrefix(String),2,0,0,1,1
3505,"org.apache.ivy.util.MessageLoggerEngine.rawlog(String, int)",6,0,0,3,2
3506,"org.apache.ivy.core.resolve.ResolveEngine.fetchDependencies(VisitNode, String, boolean)",530,8,16,14,93
3507,org.apache.ivy.core.module.descriptor.DefaultDependencyDescriptor.getExcludeRules(String),3,1,1,1,1
3508,org.apache.ivy.core.settings.IvyPattern.getPattern(),10,4,4,0,0
3509,"org.apache.ivy.plugins.repository.AbstractRepository.fireTransferInitiated(Resource, int)",287,9,32,13,50
3510,org.apache.ivy.core.settings.IvySettings.getResolver(ModuleRevisionId),335,12,53,6,7
3511,org.apache.ivy.plugins.repository.vsftp.VsftpRepository.setUsername(String),4,3,1,0,0
3512,org.apache.ivy.ant.IvyResources.setCache(boolean),1,0,0,0,0
3513,"org.apache.ivy.core.resolve.IvyNodeUsage.Depender.Depender(DependencyDescriptor, String)",3,2,1,0,0
3514,"org.apache.ivy.util.url.URLHandler.URLInfo.URLInfo(boolean, long, long)",2,0,0,1,1
3515,org.apache.ivy.core.publish.PublishOptions.setOverwrite(boolean),687,15,146,0,0
3516,org.apache.ivy.plugins.namespace.Namespace.(Anon_2).transform(ModuleRevisionId),197,0,0,16,47
3517,"org.apache.ivy.core.module.descriptor.License.License(String, String)",424,13,87,0,0
3518,"org.apache.ivy.osgi.util.DelegatingHandler.unparsedEntityDecl(String, String, String, String)",2,0,0,1,1
3519,org.apache.ivy.core.resolve.IvyNode.init(ResolveData),10,2,3,2,3
3520,"org.apache.ivy.plugins.repository.vsftp.VsftpRepository.sendCommand(String, boolean, boolean, long)",43,1,2,5,14
3521,"org.apache.ivy.plugins.lock.FileBasedLockStrategy.hasLock(File, Thread)",17,6,5,0,0
3522,org.apache.ivy.core.report.ArtifactDownloadReport.getUnpackedLocalFile(),421,18,91,0,0
3523,org.apache.ivy.osgi.core.BundleCapability.getName(),281,17,46,0,0
3524,org.apache.ivy.util.Configurator.setRoot(Object),15,2,3,3,7
3525,org.apache.ivy.osgi.repo.RepositoryManifestIterable.getInputStream(String),3,0,0,1,2
3526,org.apache.ivy.core.resolve.IvyNode.isDownloaded(),276,20,49,0,0
3527,org.apache.ivy.core.module.descriptor.DefaultArtifact.getExt(),3,0,0,2,1
3528,org.apache.ivy.plugins.resolver.BintrayResolver.updateRoot(),20,1,2,3,9
3529,org.apache.ivy.ant.IvyAntSettings.Credentials.setRealm(String),2,0,0,1,1
3530,org.apache.ivy.util.MessageLoggerEngine.isShowProgress(),4,0,0,2,2
3531,org.apache.ivy.plugins.parser.xml.XmlModuleDescriptorParser.Parser.setInput(InputStream),100,9,21,0,0
3532,org.apache.ivy.core.pack.ArchivePacking.getNames(),2,1,1,0,0
3533,org.apache.ivy.plugins.repository.ssh.SshResource.getName(),195,16,44,0,0
3534,org.apache.ivy.core.report.ResolveReport.getArtifactsReports(ModuleRevisionId),663,13,103,2,1
3535,org.apache.ivy.core.report.ConfigurationResolveReport.getNodes(ModuleId),318,21,47,9,12
3536,org.apache.ivy.core.settings.IvySettings.checkResolverName(String),12,4,3,0,0
3537,"org.apache.ivy.core.resolve.IvyNode.IvyNode(ResolveData, IvyNode, DependencyDescriptor)",279,14,48,3,3
3538,org.apache.ivy.ant.IvyAntSettings.getDefaultInstance(Task),184,0,0,9,65
3539,org.apache.ivy.ant.IvyVar.setValue(String),1,0,0,0,0
3540,org.apache.ivy.core.report.ConfigurationResolveReport.addDependency(IvyNode),378,14,71,2,3
3541,org.apache.ivy.plugins.parser.ModuleDescriptorParser.accept(Resource),2,1,1,0,0
3542,org.apache.ivy.plugins.repository.file.FileRepository.setBaseDir(File),6,1,1,3,2
3543,org.apache.ivy.ant.IvyDependency.createInclude(),1,0,0,0,0
3544,"org.apache.ivy.osgi.core.OSGiManifestParser.parseDescriptor(ParserSettings, URL, boolean)",333,0,0,18,58
3545,org.apache.ivy.plugins.resolver.ResolverSettings.getVersionMatcher(),786,12,186,0,0
3546,org.apache.ivy.plugins.repository.ssh.AbstractSshBasedRepository.setUser(String),4,3,1,0,0
3547,org.apache.ivy.core.module.descriptor.Artifact.getModuleRevisionId(),1010,13,226,0,0
3548,org.apache.ivy.plugins.repository.ssh.SshCache.getChannelSftp(Session),193,16,44,5,5
3549,org.apache.ivy.core.sort.SilentNonMatchingVersionReporter.reportMessage(String),11,0,0,4,5
3550,org.apache.ivy.ant.IvyInfo.doExecute(),249,0,0,15,45
3551,org.apache.ivy.ant.IvyConfigure.getPasswd(),2,0,0,1,1
3552,org.apache.ivy.core.publish.PublishOptions.getPubrevision(),292,14,45,0,0
3553,"org.apache.ivy.plugins.resolver.BasicResolver.doFindArtifactRef(Artifact, Date)",488,13,93,1,1
3554,org.apache.ivy.plugins.resolver.BasicResolver.exists(Artifact),70,9,13,5,13
3555,org.apache.ivy.core.module.descriptor.DependencyArtifactDescriptor.getUrl(),55,7,18,0,0
3556,"org.apache.ivy.util.url.URLHandler.getContentLength(URL, int)",3,2,1,0,0
3557,org.apache.ivy.plugins.parser.m2.PomDependencyMgt.getVersion(),400,12,95,0,0
3558,org.apache.ivy.core.cache.DefaultResolutionCacheManager.getResolvedIvyPropertiesInCache(ModuleRevisionId),202,15,49,3,6
3559,org.apache.ivy.plugins.resolver.AbstractResolver.ResolverParserSettings.substitute(Map),3,0,0,1,2
3560,"org.apache.ivy.osgi.repo.EditableRepoDescriptor.findModule(String, Version)",33,5,10,2,4
3561,org.apache.ivy.tools.analyser.JarJarDependencyAnalyser.analyze(JarModule[]),231,17,44,7,13
3562,"org.apache.ivy.core.resolve.ResolvedModuleRevision.ResolvedModuleRevision(DependencyResolver, DependencyResolver, ModuleDescriptor, MetadataArtifactDownloadReport)",445,15,100,0,0
3563,org.apache.ivy.ant.IvyCacheFileset.setSetid(String),1,0,0,0,0
3564,org.apache.ivy.util.url.AbstractURLHandler.getContentLength(URL),3,0,0,1,2
3565,"org.apache.ivy.plugins.report.XmlReportParser.SaxXmlReportParser.XmlReportParserHandler.endElement(String, String, String)",3,0,0,1,2
3566,org.apache.ivy.core.report.ConfigurationResolveReport.getDependency(ModuleRevisionId),2,1,1,0,0
3567,org.apache.ivy.ant.IvyDependencyExclude.setOrg(String),1,0,0,0,0
3568,org.apache.ivy.core.resolve.IvyNode.getMainUsage(),2,1,1,0,0
3569,org.apache.ivy.core.event.IvyEvent.getAttributes(),172,12,44,0,0
3570,org.apache.ivy.plugins.trigger.AbstractTrigger.setEvent(String),1,0,0,0,0
3571,org.apache.ivy.core.cache.DefaultResolutionCacheManager.getResolvedIvyPattern(),14,4,5,0,0
3572,org.apache.ivy.ant.IvyVar.setUrl(String),1,0,0,0,0
3573,org.apache.ivy.Ivy.newInstance(IvySettings),181,8,23,7,31
3574,org.apache.ivy.core.cache.DefaultRepositoryCacheManager.lockMetadataArtifact(ModuleRevisionId),416,15,106,9,15
3575,org.apache.ivy.core.resolve.ResolveEngine.checkInterrupted(),525,14,102,10,48
3576,org.apache.ivy.osgi.repo.BundleRepoDescriptor.setName(String),6,3,3,0,0
3577,org.apache.ivy.core.report.MetadataArtifactDownloadReport.MetadataArtifactDownloadReport(Artifact),659,12,168,1,1
3578,"org.apache.ivy.core.resolve.ResolveEngine.outputReport(ResolveReport, ResolutionCacheManager, ResolveOptions)",697,13,103,4,9
3579,org.apache.ivy.plugins.repository.vsftp.VsftpRepository.setReadTimeout(long),4,3,1,0,0
3580,"org.apache.ivy.plugins.resolver.AbstractResolver.saveModuleRevisionIfNeeded(DependencyDescriptor, ResolvedModuleRevision)",44,5,9,3,8
3581,"org.apache.ivy.Ivy.resolve(URL, ResolveOptions)",658,5,9,14,100
3582,org.apache.ivy.core.cache.DefaultRepositoryCacheManager.setCheckmodified(boolean),1,0,0,0,0
3583,org.apache.ivy.osgi.p2.P2MetadataParser.ReferencesHandler.handleAttributes(Attributes),1,0,0,0,0
3584,org.apache.ivy.core.event.EventManager.transferProgress(TransferEvent),5,0,0,2,2
3585,"org.apache.ivy.plugins.resolver.IBiblioResolver.listRevisionsWithMavenMetadata(Repository, String)",47,6,9,4,6
3586,org.apache.ivy.ant.IvyMakePom.Dependency.getVersion(),8,2,6,0,0
3587,org.apache.ivy.core.resolve.IvyNode.getModuleId(),659,13,140,1,1
3588,org.apache.ivy.plugins.resolver.IBiblioResolver.setUsepoms(boolean),22,4,6,2,5
3589,org.apache.ivy.ant.IvyPublish.createArtifact(),1,0,0,0,0
3590,"org.apache.ivy.plugins.resolver.AbstractResolver.getSystemNode(ResolveData, ModuleRevisionId)",28,0,0,7,7
3591,"org.apache.ivy.osgi.core.BundleCapability.BundleCapability(String, String, Version)",50,8,15,0,0
3592,org.apache.ivy.ant.IvyMakePom.Mapping.getScope(),4,2,2,0,0
3593,org.apache.ivy.plugins.resolver.ChainResolver.ResolvedModuleRevisionArtifactInfo.ResolvedModuleRevisionArtifactInfo(ResolvedModuleRevision),19,7,5,0,0
3594,"org.apache.ivy.plugins.repository.vsftp.VsftpRepository.sendCommand(String, Pattern)",188,12,46,8,17
3595,org.apache.ivy.core.settings.IvySettings.loadDefaultProperties(),70,6,24,2,2
3596,org.apache.ivy.Ivy14.Ivy14(Ivy),96,9,31,0,0
3597,org.apache.ivy.core.resolve.VisitData.addVisitNode(VisitNode),11,4,4,1,2
3598,org.apache.ivy.ant.IvyResolve.isKeep(),757,15,107,0,0
3599,org.apache.ivy.ant.IvyPostResolveTask.getType(),23,7,6,0,0
3600,org.apache.ivy.core.cache.ResolutionCacheManager.getConfigurationResolveReportsInCache(String),256,16,50,0,0
3601,"org.apache.ivy.core.resolve.ResolveEngine.download(Artifact, DownloadOptions)",18,5,5,1,4
3602,"org.apache.ivy.util.FileUtil.copy(File, URL, CopyProgressListener)",169,15,50,1,2
3603,org.apache.ivy.core.module.descriptor.DefaultModuleDescriptor.setDefaultConfMapping(String),3,2,1,0,0
3604,"org.apache.ivy.util.Credentials.buildKey(String, String)",19,5,5,0,0
3605,org.apache.ivy.osgi.util.Version.ensureSplitted(),10,2,8,0,0
3606,"org.apache.ivy.util.url.CredentialsStore.addCredentials(String, String, String, String)",35,4,12,4,5
3607,"org.apache.ivy.plugins.parser.xml.XmlModuleDescriptorParser.Parser.mergeRevisionValue(String, String)",196,15,49,2,1
3608,org.apache.ivy.plugins.parser.xml.XmlModuleDescriptorParser.Parser.parse(),102,4,6,8,18
3609,org.apache.ivy.core.report.ArtifactDownloadReport.getArtifact(),880,12,218,0,0
3610,org.apache.ivy.core.module.descriptor.AbstractIncludeExcludeRule.getId(),11,3,6,0,0
3611,org.apache.ivy.plugins.resolver.IvyRepResolver.IvyRepResolver(),1,0,0,0,0
3612,org.apache.ivy.core.publish.PublishOptions.isWarnOnMissing(),212,13,46,0,0
3613,org.apache.ivy.core.module.descriptor.IncludeRule.getMatcher(),19,4,9,0,0
3614,org.apache.ivy.plugins.parser.m2.PomModuleDescriptorBuilder.getPropertyExtraInfoKey(String),7,4,3,0,0
3615,org.apache.ivy.ant.AntBuildTrigger.getBuildFile(IvyEvent),161,3,5,11,49
3616,org.apache.ivy.core.resolve.IvyNodeEviction.EvictionData.getRootModuleConf(),16,5,6,0,0
3617,org.apache.ivy.core.cache.CacheResourceOptions.setTtl(long),140,8,52,0,0
3618,org.apache.ivy.plugins.resolver.util.URLLister.listAll(URL),25,5,8,0,0
3619,org.apache.ivy.core.module.descriptor.ModuleDescriptor.getParser(),282,15,46,0,0
3620,org.apache.ivy.osgi.p2.P2MetadataParser.ArtifactHandler.handleAttributes(Attributes),3,0,0,1,2
3621,org.apache.ivy.util.Configurator.MacroRecord.getAttributes(),53,5,19,0,0
3622,org.apache.ivy.plugins.parser.m2.PomWriterOptions.getArtifactName(),18,3,10,0,0
3623,org.apache.ivy.core.module.id.ModuleId.intern(ModuleId),3,2,1,0,0
3624,org.apache.ivy.osgi.core.ManifestHeaderValue.toString(),1,0,0,0,0
3625,"org.apache.ivy.Main.initSettings(CommandLine, Ivy)",625,15,106,9,43
3626,org.apache.ivy.osgi.core.ManifestHeaderValue.ManifestHeaderParser.parse(),20,2,1,5,5
3627,org.apache.ivy.core.sort.SortEngineSettings.getVersionMatcher(),2,1,1,0,0
3628,org.apache.ivy.plugins.repository.LazyResource.toString(),2,0,0,1,1
3629,org.apache.ivy.core.resolve.ResolvedModuleRevision.hashCode(),9,0,0,2,6
3630,org.apache.ivy.plugins.matcher.RegexpPatternMatcher.RegexpMatcher.RegexpMatcher(String),2,1,1,0,0
3631,org.apache.ivy.ant.IvyBuildNumber.setOrganisation(String),1,0,0,0,0
3632,org.apache.ivy.util.Message.endProgress(),10,0,0,3,5
3633,org.apache.ivy.plugins.parser.m2.PomModuleDescriptorParser.accept(Resource),2,0,0,1,1
3634,org.apache.ivy.osgi.updatesite.UpdateSiteLoader.loadSite(URI),107,7,41,4,8
3635,"org.apache.ivy.plugins.resolver.AbstractResolver.getDownloadListener.(Anon_1).endArtifactDownload(RepositoryCacheManager, Artifact, ArtifactDownloadReport, File)",178,0,0,14,50
3636,"org.apache.ivy.plugins.parser.xml.XmlModuleDescriptorUpdater.DependencyPrinter.print(ModuleDescriptor, Object, PrintWriter)",45,0,0,3,23
3637,org.apache.ivy.osgi.repo.BundleRepoDescriptor.getName(),1,0,0,0,0
3638,org.apache.ivy.ant.IvyBuildNumber.ResolvedModuleRevisionArtifactInfo.getRevision(),2,0,0,1,1
3639,"org.apache.ivy.util.url.AbstractURLHandler.validatePutStatusCode(URL, int, String)",38,6,10,0,0
3640,org.apache.ivy.ant.IvyPublish.addArtifactspattern(String),1,0,0,0,0
3641,"org.apache.ivy.plugins.resolver.AbstractPatternsBasedResolver.findNames(Map, String)",13,0,0,3,6
3642,org.apache.ivy.core.settings.IvySettings.getLatestStrategy(String),323,16,48,3,2
3643,org.apache.ivy.core.search.OrganisationEntry.getOrganisation(),519,13,93,0,0
3644,org.apache.ivy.ant.IvyPublish.setPubrevision(String),1,0,0,0,0
3645,org.apache.ivy.core.module.descriptor.ModuleDescriptor.getConfigurations(),849,14,131,0,0
3646,org.apache.ivy.ant.IvyConfigure.setPasswd(String),2,0,0,1,1
3647,org.apache.ivy.osgi.repo.ModuleDescriptorWrapper.getModuleDescriptor(),274,2,2,18,47
3648,"org.apache.ivy.core.settings.IvySettings.loadProperties(File, boolean)",2,1,1,0,0
3649,"org.apache.ivy.core.cache.DownloadListener.needArtifact(RepositoryCacheManager, Artifact)",312,16,47,0,0
3650,org.apache.ivy.util.url.URLHandlerDispatcher.openStream(URL),3,0,0,1,2
3651,"org.apache.ivy.util.DefaultMessageLogger.log(String, int)",2,1,1,0,0
3652,"org.apache.ivy.plugins.repository.ssh.SshRepository.checkExistence(String, Session)",205,16,44,4,5
3653,org.apache.ivy.core.search.ModuleEntry.getModule(),507,13,87,0,0
3654,org.apache.ivy.osgi.p2.P2MetadataParser.UnitHandler.UnitHandler.(Anon_12).childHanlded(TouchpointDataHandler),25,0,0,4,11
3655,"org.apache.ivy.core.cache.DefaultRepositoryCacheManager.MyModuleDescriptorProvider.provideModule(ParserSettings, File, boolean)",2,0,0,1,1
3656,org.apache.ivy.ant.IvyPostResolveTask.setType(String),23,7,6,0,0
3657,org.apache.ivy.ant.IvyExtractFromSources.addFileSet(FileSet),1,0,0,0,0
3658,"org.apache.ivy.plugins.resolver.packager.PackagerCacheEntry.saveFile(String, InputStream)",31,5,9,1,1
3659,org.apache.ivy.core.retrieve.RetrieveReport.setRetrieveRoot(File),258,12,53,0,0
3660,org.apache.ivy.util.FileUtil.UncloseInputStream.UncloseInputStream(InputStream),2,1,1,0,0
3661,org.apache.ivy.core.resolve.ResolvedModuleRevision.isForce(),728,15,106,0,0
3662,org.apache.ivy.core.event.EventManager.fireIvyEvent(IvyEvent),729,14,161,1,1
3663,org.apache.ivy.core.deliver.DeliverOptions.getResolveId(),256,16,50,0,0
3664,org.apache.ivy.osgi.util.VersionRange.toIvyRevision(),181,16,49,2,2
3665,"org.apache.ivy.plugins.resolver.AbstractPatternsBasedResolver.findResourceUsingPattern(ModuleRevisionId, String, Artifact, ResourceMDParser, Date)",240,17,46,0,0
3666,org.apache.ivy.core.resolve.IvyNodeUsage.IvyNodeUsage(IvyNode),12,4,5,0,0
3667,"org.apache.ivy.plugins.lock.FileBasedLockStrategy.decrementLock(File, Thread)",15,6,5,0,0
3668,"org.apache.ivy.core.event.publish.PublishEvent.PublishEvent(String, DependencyResolver, Artifact, File, boolean)",166,2,2,12,50
3669,org.apache.ivy.ant.IvyExclude.setModule(String),1,0,0,0,0
3670,org.apache.ivy.core.module.descriptor.DefaultModuleDescriptor.getResolvedModuleRevisionId(),89,9,18,0,0
3671,"org.apache.ivy.plugins.parser.xml.XmlModuleDescriptorParser.Parser.artifactStarted(String, Attributes)",419,13,61,7,17
3672,org.apache.ivy.plugins.conflict.LatestConflictManager.IvyNodeArtifactInfo.getNode(),293,21,42,0,0
3673,org.apache.ivy.core.resolve.VisitNode.computePath(),2,0,0,1,1
3674,org.apache.ivy.plugins.repository.ssh.SshCache.getCacheEntry(Session),16,6,5,0,0
3675,"org.apache.ivy.osgi.repo.AbstractOSGiResolver.findArtifactRef(Artifact, Date)",17,0,0,4,7
3676,org.apache.ivy.plugins.version.Match.setArgs(String),1,0,0,0,0
3677,org.apache.ivy.plugins.namespace.Namespace.getFromSystemTransformer(),268,16,46,0,0
3678,org.apache.ivy.core.resolve.ResolveEngine.getDictatorResolver(),697,13,104,0,0
3679,org.apache.ivy.util.cli.OptionBuilder.OptionBuilder(String),12,3,8,0,0
3680,org.apache.ivy.plugins.resolver.BasicResolver.listRevisions(ModuleEntry),518,13,103,2,4
3681,org.apache.ivy.ant.IvyInfo.setOrganisation(String),1,0,0,0,0
3682,org.apache.ivy.core.cache.ResolutionCacheManager.getResolvedIvyFileInCache(ModuleRevisionId),1,0,0,0,0
3683,"org.apache.ivy.plugins.resolver.util.ResolverHelper.listTokenValues(URLLister, String, String)",191,16,44,4,10
3684,"org.apache.ivy.ant.IvyTask.getResolvedDescriptor(String, String)",3,0,0,2,1
3685,org.apache.ivy.osgi.updatesite.xml.EclipseFeature.setPlugin(String),18,5,13,0,0
3686,"org.apache.ivy.osgi.util.DelegatingHandler.processingInstruction(String, String)",2,0,0,1,1
3687,"org.apache.ivy.plugins.repository.ResourceDownloader.download(Artifact, Resource, File)",176,10,44,0,0
3688,org.apache.ivy.ant.AntCallTrigger.progress(IvyEvent),24,0,0,4,10
3689,"org.apache.ivy.plugins.conflict.LatestCompatibleConflictManager.resolveConflicts(IvyNode, Collection)",295,0,0,21,42
3690,org.apache.ivy.osgi.repo.FSManifestIterable.listDirs.(Anon_4).accept(File),1,0,0,0,0
3691,"org.apache.ivy.Ivy.retrieve(ModuleRevisionId, String, RetrieveOptions)",630,15,92,13,51
3692,org.apache.ivy.core.resolve.IvyNodeUsage.NodeConf.getNode(),15,4,6,0,0
3693,org.apache.ivy.core.sort.SortEngine.getCircularStrategy(),52,7,12,1,1
3694,"org.apache.ivy.Ivy.IvyCallback.doInIvyContext(Ivy, IvyContext)",12,3,7,0,0
3695,org.apache.ivy.osgi.core.ManifestParser.parseJarManifest(InputStream),60,0,0,8,22
3696,org.apache.ivy.util.AbstractMessageLogger.debug(String),2,0,0,1,1
3697,org.apache.ivy.core.pack.PackagingManager.getUnpackedArtifact(Artifact),94,10,11,6,10
3698,org.apache.ivy.core.resolve.IvyNode.getModuleRevision(),869,12,201,0,0
3699,org.apache.ivy.core.module.descriptor.Configuration.getVisibility(),453,12,118,0,0
3700,org.apache.ivy.ant.BuildOBRTask.setOut(File),1,0,0,0,0
3701,org.apache.ivy.osgi.p2.P2ArtifactParser.ArtifactHandler.handleAttributes(Attributes),3,0,0,1,2
3702,org.apache.ivy.plugins.repository.ssh.SshCache.attemptAgentUse(JSch),163,14,47,4,5
3703,org.apache.ivy.plugins.circular.CircularDependencyHelper.formatMessage(ModuleRevisionId[]),20,5,5,0,0
3704,org.apache.ivy.plugins.resolver.BasicResolver.download.(Anon_4).resolve(Artifact),7,0,0,1,6
3705,org.apache.ivy.plugins.resolver.AbstractResolver.getRepositoryCacheManager(),654,12,126,2,3
3706,org.apache.ivy.core.report.MetadataArtifactDownloadReport.setSearched(boolean),656,12,171,0,0
3707,org.apache.ivy.core.resolve.IvyNodeEviction.ModuleIdConf.hashCode(),4,0,0,1,3
3708,org.apache.ivy.plugins.resolver.MirroredURLResolver.validate(),40,0,0,5,19
3709,org.apache.ivy.plugins.parser.xml.UpdateOptions.isMerge(),249,15,45,1,1
3710,"org.apache.ivy.plugins.parser.xml.XmlModuleDescriptorWriter.printDependencies(ModuleDescriptor, PrintWriter)",112,4,28,5,39
3711,org.apache.ivy.plugins.repository.RepositoryCopyProgressListener.end(CopyProgressEvent),15,0,0,3,7
3712,org.apache.ivy.plugins.circular.CircularDependencyStrategy.handleCircularDependency(ModuleRevisionId[]),202,13,46,0,0
3713,org.apache.ivy.osgi.p2.P2MetadataParser.ProvidesHandler.ProvidesHandler.(Anon_13).childHanlded(ProvidedHandler),17,0,0,4,5
3714,"org.apache.ivy.plugins.signer.bouncycastle.OpenPGPSignatureGenerator.sign(File, File)",2,0,0,1,1
3715,org.apache.ivy.plugins.resolver.ResolverSettings.filterIgnore(Collection),4,2,2,0,0
3716,"org.apache.ivy.osgi.util.DelegatingHandler.startElement(String, String, String, Attributes)",32,1,2,7,6
3717,org.apache.ivy.util.Configurator.Element.setOptional(boolean),5,3,2,0,0
3718,"org.apache.ivy.core.resolve.ResolveEngine.resolve(ModuleDescriptor, ResolveOptions)",754,7,39,14,98
3719,org.apache.ivy.util.EncrytedProperties.EncrytedProperties(),24,6,7,0,0
3720,org.apache.ivy.ant.IvyBuildNumber.doExecute.(Anon_1).getMatcher(String),2,0,0,1,1
3721,org.apache.ivy.ant.IvyFindRevision.setRevision(String),1,0,0,0,0
3722,org.apache.ivy.core.cache.DefaultRepositoryCacheManager.getBasedir(),445,23,81,6,7
3723,org.apache.ivy.core.module.status.StatusManager.getDefaultStatus(),692,13,104,1,1
3724,org.apache.ivy.core.module.descriptor.DependencyArtifactDescriptor.getExt(),61,7,22,0,0
3725,"org.apache.ivy.osgi.core.ManifestParser.parseCapability(BundleInfo, Attributes, String, String)",59,7,14,7,7
3726,"org.apache.ivy.core.RelativeUrlResolver.getURL(URL, String)",24,5,9,0,0
3727,"org.apache.ivy.util.Configurator.typeDef(String, Class)",26,8,5,0,0
3728,org.apache.ivy.core.sort.ModuleInSort.isProcessed(),36,5,7,4,5
3729,"org.apache.ivy.core.IvyPatternHelper.substituteToken(String, String, String)",217,15,44,2,1
3730,"org.apache.ivy.plugins.parser.xml.XmlModuleDescriptorParser.Parser.mergeWithOtherModuleDescriptor(List, ModuleDescriptor)",289,6,19,15,47
3731,org.apache.ivy.plugins.resolver.FileSystemResolver.unsupportedTransaction(String),198,16,46,4,5
3732,"org.apache.ivy.core.sort.ModuleDescriptorSorter.ModuleDescriptorSorter(Collection, VersionMatcher, NonMatchingVersionReporter, CircularDependencyStrategy)",52,7,12,3,2
3733,"org.apache.ivy.core.event.download.DownloadEvent.DownloadEvent(String, Artifact)",177,2,10,12,50
3734,"org.apache.ivy.Ivy14.resolve(ModuleRevisionId, String[])",671,0,0,15,97
3735,org.apache.ivy.core.IvyContext.getOperatingThread(),16,6,5,0,0
3736,"org.apache.ivy.core.IvyPatternHelper.substituteVariable(StringBuffer, String, String)",2,1,1,0,0
3737,org.apache.ivy.util.url.HttpClientHandler.FileRequestEntity.getContentLength(),1,0,0,0,0
3738,org.apache.ivy.core.IvyContext.setIvy(Ivy),23,6,8,0,0
3739,org.apache.ivy.ant.IvyAntSettings.configureURLHandler(),181,8,53,5,9
3740,org.apache.ivy.plugins.resolver.AbstractResolver.ResolverParserSettings.getResolver(ModuleRevisionId),3,0,0,1,2
3741,"org.apache.ivy.osgi.updatesite.PluginAdapter.pluginAsBundle(URI, EclipsePlugin)",50,6,24,3,6
3742,org.apache.ivy.core.cache.CacheResourceOptions.getTtl(),292,16,41,0,0
3743,"org.apache.ivy.core.resolve.IvyNodeEviction.getEvictedRevisions(ModuleId, String)",3,1,1,1,1
3744,org.apache.ivy.util.Configurator.clear(),59,9,13,0,0
3745,"org.apache.ivy.plugins.repository.ResourceHelper.equals(Resource, File)",171,10,42,1,1
3746,org.apache.ivy.osgi.updatesite.xml.EclipseFeature.setWS(String),22,5,16,0,0
3747,org.apache.ivy.core.resolve.IvyNodeEviction.getEvictedData(String),207,18,49,6,7
3748,org.apache.ivy.plugins.lock.FileBasedLockStrategy.acquireLock(File),18,1,1,5,6
3749,"org.apache.ivy.plugins.parser.xml.XmlModuleDescriptorParser.Parser.managerStarted(Attributes, String)",419,13,81,4,7
3750,"org.apache.ivy.osgi.updatesite.UpdateSiteResolver.init.(Anon_1).needArtifact(RepositoryCacheManager, Artifact)",11,0,0,4,5
3751,org.apache.ivy.plugins.repository.vfs.VfsURI.normalizePath(String),2,1,1,0,0
3752,org.apache.ivy.core.settings.IvyVariableContainer.getVariable(String),22,5,7,0,0
3753,org.apache.ivy.plugins.repository.ssh.AbstractSshBasedRepository.getHost(),220,15,40,0,0
3754,org.apache.ivy.plugins.repository.ssh.SshRepository.openStream(SshResource),196,1,1,15,44
3755,"org.apache.ivy.plugins.parser.m2.PomModuleDescriptorBuilder.(Anon_2).addMappingConfs(DefaultDependencyDescriptor, boolean)",7,0,0,3,4
3756,org.apache.ivy.core.resolve.ResolveEngineSettings.setDictatorResolver(DependencyResolver),2,1,1,0,0
3757,org.apache.ivy.core.module.status.StatusManager.setDefaultStatus(String),14,5,7,0,0
3758,"org.apache.ivy.core.module.descriptor.MDArtifact.MDArtifact(ModuleDescriptor, String, String, String, boolean)",3,1,1,1,1
3759,org.apache.ivy.plugins.report.XmlReportParser.getMetadataArtifactReport(ModuleRevisionId),72,5,39,1,1
3760,org.apache.ivy.util.Message.warn(String),1334,12,466,3,5
3761,org.apache.ivy.tools.analyser.JarModule.toString(),3,0,0,2,1
3762,org.apache.ivy.plugins.version.Match.getPatternMatcher(ModuleRevisionId),162,3,2,11,49
3763,org.apache.ivy.core.cache.ArtifactOrigin.isExists(),782,13,130,0,0
3764,org.apache.ivy.plugins.namespace.MRIDRule.getBranch(),189,15,49,0,0
3765,org.apache.ivy.ant.BuildOBRTask.prepareTask(),23,0,0,6,6
3766,org.apache.ivy.ant.AntCallTrigger.markTriggered(IvyEvent),24,5,9,0,0
3767,"org.apache.ivy.plugins.resolver.IBiblioResolver.getDependency(DependencyDescriptor, ResolveData)",478,0,0,12,103
3768,"org.apache.ivy.plugins.parser.xml.XmlModuleDescriptorWriter.printInfoTag(ModuleDescriptor, PrintWriter)",112,7,39,2,28
3769,org.apache.ivy.util.Configurator.ObjectDescriptor.addAddConfiguredMethod(Method),8,2,6,0,0
3770,"org.apache.ivy.plugins.version.VersionRangeMatcher.isLower(ModuleRevisionId, String, ModuleRevisionId, boolean)",178,2,2,14,49
3771,"org.apache.ivy.core.IvyPatternHelper.substitute(String, ModuleRevisionId)",292,15,65,2,6
3772,org.apache.ivy.plugins.repository.url.URLRepository.list(String),18,0,0,6,6
3773,org.apache.ivy.ant.IvyDependency.setConf(String),1,0,0,0,0
3774,org.apache.ivy.plugins.parser.xml.XmlModuleDescriptorParser.Parser.mergeLicenses(License[]),235,16,47,1,2
3775,"org.apache.ivy.osgi.repo.AbstractOSGiResolver.listTokenValues(String[], Map)",19,0,0,4,9
3776,org.apache.ivy.plugins.repository.AbstractRepository.fireTransferError(Exception),232,12,47,2,4
3777,org.apache.ivy.osgi.updatesite.xml.EclipseFeature.setNL(String),22,5,16,0,0
3778,org.apache.ivy.osgi.p2.P2CompositeParser.ChildrenHandler.ChildrenHandler.(Anon_2).childHanlded(ChildHandler),1,0,0,0,0
3779,"org.apache.ivy.plugins.repository.file.FileRepository.move(File, File)",26,6,7,0,0
3780,org.apache.ivy.ant.IvyResolve.setCheckIfChanged(boolean),1,0,0,0,0
3781,org.apache.ivy.osgi.updatesite.xml.FeatureParser.LicenseHandler.LicenseHandler(),11,3,5,1,2
3782,org.apache.ivy.plugins.parser.m2.PomWriterOptions.setArtifactPackaging(String),29,3,18,0,0
3783,org.apache.ivy.core.resolve.ResolveOptions.getConfs(ModuleDescriptor),656,13,115,2,5
3784,"org.apache.ivy.core.cache.ModuleDescriptorMemoryCache.getStale(File, ParserSettings, boolean, ModuleDescriptorProvider)",26,5,4,5,5
3785,org.apache.ivy.osgi.updatesite.xml.EclipsePlugin.getId(),26,4,21,0,0
3786,org.apache.ivy.plugins.parser.m2.PomReader.PomDependencyMgtElement.getScope(),5,0,0,2,2
3787,"org.apache.ivy.plugins.resolver.ResolverTestHelper.assertModuleEntriesContains(DependencyResolver, OrganisationEntry, String[], ModuleEntry[])",6,1,1,2,3
3788,org.apache.ivy.ant.IvyBuildNumber.doExecute(),269,0,0,15,46
3789,org.apache.ivy.plugins.resolver.AbstractPatternsBasedResolver.setM2compatible(boolean),8,3,5,0,0
3790,"org.apache.ivy.core.resolve.ResolveEngine.resolve(URL, ResolveOptions)",642,2,2,13,100
3791,"org.apache.ivy.core.pack.ZipPacking.unpack(InputStream, File)",12,0,0,4,5
3792,org.apache.ivy.core.module.descriptor.DefaultDependencyArtifactDescriptor.hashCode(),2,0,0,1,1
3793,org.apache.ivy.core.cache.DefaultRepositoryCacheManager.getIvyFileInCache(ModuleRevisionId),336,15,47,8,15
3794,org.apache.ivy.core.module.status.StatusManager.getDeliveryStatusListString(),166,13,48,1,2
3795,org.apache.ivy.osgi.filter.CompareFilter.getOperator(),6,2,4,0,0
3796,org.apache.ivy.core.pack.PackagingManager.setSettings(IvySettings),2,1,1,0,0
3797,org.apache.ivy.core.search.RevisionEntry.getOrganisationEntry(),2,0,0,1,1
3798,org.apache.ivy.core.event.retrieve.EndRetrieveEvent.getNbCopied(),1,0,0,0,0
3799,"org.apache.ivy.Ivy.deliver(ModuleRevisionId, String, String, DeliverOptions)",652,15,97,15,53
3800,"org.apache.ivy.util.MessageLogger.rawlog(String, int)",7,4,2,0,0
3801,org.apache.ivy.plugins.parser.xml.XmlModuleDescriptorUpdater.UpdaterHandler.includeStarted(Attributes),243,16,44,8,7
3802,org.apache.ivy.osgi.util.DelegatingHandler.warning(SAXParseException),2,0,0,1,1
3803,org.apache.ivy.core.resolve.ResolveOptions.getConfs(),656,14,97,1,1
3804,org.apache.ivy.plugins.parser.AbstractModuleDescriptorParser.AbstractParser.fatalError(SAXParseException),4,0,0,2,2
3805,org.apache.ivy.plugins.resolver.VsftpResolver.getUsername(),4,0,0,2,2
3806,"org.apache.ivy.plugins.resolver.DualResolver.download(Artifact[], DownloadOptions)",2,0,0,1,1
3807,"org.apache.ivy.core.event.FilteredIvyListener.FilteredIvyListener(IvyListener, Filter)",2,1,1,0,0
3808,"org.apache.ivy.plugins.parser.m2.PomReader.getFirstChildText(Element, String)",203,16,49,1,2
3809,org.apache.ivy.util.cli.CommandLineParser.CommandLineParser(),12,3,8,0,0
3810,org.apache.ivy.osgi.p2.P2ArtifactParser.RuleHandler.RuleHandler(),5,3,1,1,1
3811,"org.apache.ivy.Ivy14.resolve(ModuleDescriptor, String[], File, Date, boolean, boolean, boolean, boolean, boolean, Filter)",646,0,0,16,98
3812,org.apache.ivy.core.module.descriptor.ModuleDescriptor.getAllExcludeRules(),245,16,47,0,0
3813,"org.apache.ivy.ant.IvyTask.getPubDate(String, Date)",435,16,97,1,1
3814,org.apache.ivy.core.report.ResolveReport.getFailedArtifactsReports(),265,6,24,23,49
3815,org.apache.ivy.util.FileUtil.UncloseInputStream.reset(),1,0,0,0,0
3816,org.apache.ivy.osgi.core.ExportPackage.getUses(),273,17,47,0,0
3817,org.apache.ivy.core.cache.DefaultResolutionCacheManager.CacheParserSettings.substitute(Map),2,0,0,1,1
3818,org.apache.ivy.core.settings.IvySettings.addConfigured(ArchivePacking),6,0,0,2,3
3819,org.apache.ivy.util.url.HttpClientHandler.useAuthentication(URL),15,4,5,1,1
3820,org.apache.ivy.osgi.core.BundleInfoAdapter.getConfigurations(BundleInfo),18,4,8,2,2
3821,org.apache.ivy.ant.IvyAntVariableContainer.clone(),2,0,0,1,1
3822,org.apache.ivy.core.module.descriptor.DefaultModuleDescriptor.getAttributes(),2,0,0,1,1
3823,"org.apache.ivy.plugins.resolver.MockResolver.buildMockResolver(ResolverSettings, String, boolean, ModuleRevisionId, Date)",204,16,49,9,9
3824,org.apache.ivy.core.resolve.ResolveOptions.setResolveId(String),906,13,169,0,0
3825,org.apache.ivy.ant.IvyPostResolveTask.setOrganisation(String),1,0,0,0,0
3826,"org.apache.ivy.util.Configurator.MacroDef.replaceParam(String, Map)",53,5,18,3,2
3827,"org.apache.ivy.core.resolve.IvyNode.addCaller(String, IvyNode, String, String, String[], DependencyDescriptor)",279,12,20,12,47
3828,"org.apache.ivy.core.resolve.IvyNodeEviction.getEvictionDataInRoot(String, IvyNode)",32,1,1,7,13
3829,org.apache.ivy.ant.IvyDependencyUpdateChecker.isDownload(),724,14,105,0,0
3830,org.apache.ivy.osgi.updatesite.xml.UpdateSite.setDigestUri(URI),6,2,4,0,0
3831,org.apache.ivy.Main.getExtraClasspathFileList(CommandLine),625,15,136,4,5
3832,org.apache.ivy.core.settings.IvySettings.getDefaultLatestStrategy(),50,6,13,2,2
3833,"org.apache.ivy.core.settings.IvySettings.typeDefs(Properties, boolean)",16,1,2,6,5
3834,org.apache.ivy.osgi.core.BundleRequirement.getType(),214,17,49,0,0
3835,org.apache.ivy.core.cache.DefaultResolutionCacheManager.getResolvedIvyPropertiesPattern(),14,4,5,0,0
3836,org.apache.ivy.plugins.version.ChainVersionMatcher.setSettings(IvySettings),4,0,0,2,2
3837,org.apache.ivy.plugins.parser.ParserSettings.getResolutionCacheManager(),772,13,147,0,0
3838,org.apache.ivy.osgi.obr.xml.OBRXMLParser.ResourceSourceHandler.ResourceSourceHandler(),16,3,9,1,2
3839,"org.apache.ivy.core.retrieve.RetrieveEngine.retrieve(ModuleRevisionId, RetrieveOptions)",263,3,2,11,53
3840,org.apache.ivy.plugins.circular.IgnoreCircularDependencyStrategy.logCircularDependency(ModuleRevisionId[]),12,0,0,4,5
3841,org.apache.ivy.ant.IvyBuildNumber.ResolvedModuleRevisionArtifactInfo.ResolvedModuleRevisionArtifactInfo(ModuleRevisionId),269,16,46,0,0
3842,org.apache.ivy.plugins.resolver.IBiblioResolver.shouldUseMavenMetadata(String),228,15,44,1,2
3843,"org.apache.ivy.plugins.resolver.DependencyResolver.beginPublishTransaction(ModuleRevisionId, boolean)",695,13,105,0,0
3844,"org.apache.ivy.osgi.core.OsgiLatestStrategy.MridComparator.compare(ModuleRevisionId, ModuleRevisionId)",6,0,0,2,3
3845,org.apache.ivy.osgi.repo.RepositoryManifestIterable.asList(String[]),24,6,5,0,0
3846,org.apache.ivy.util.AbstractMessageLogger.error(String),3,0,0,1,2
3847,org.apache.ivy.core.settings.IvyVariableContainerImpl.getEnvironmentPrefix(),4,2,2,0,0
3848,org.apache.ivy.core.cache.DefaultRepositoryCacheManager.getArtifactPattern(),79,8,19,1,1
3849,org.apache.ivy.core.module.descriptor.ModuleDescriptor.getResolvedPublicationDate(),514,12,111,0,0
3850,org.apache.ivy.ant.IvyBuildList.getOnlydirectdep(),8,2,5,0,0
3851,org.apache.ivy.osgi.filter.OSGiFilterParser.Parser.isOperator(char),4,2,2,0,0
3852,org.apache.ivy.core.report.ArtifactDownloadReport.getDownloadTimeMillis(),444,14,91,0,0
3853,org.apache.ivy.ant.IvyRepositoryReport.getTodir(),746,15,100,0,0
3854,org.apache.ivy.core.resolve.IvyNodeUsage.getConfigurations(String),4,2,2,0,0
3855,org.apache.ivy.core.settings.IvySettings.addTrigger(Trigger),5,1,1,2,2
3856,"org.apache.ivy.Ivy.install(ModuleRevisionId, String, String, InstallOptions)",695,7,12,13,103
3857,org.apache.ivy.core.resolve.VisitNode.toString(),371,15,50,3,5
3858,org.apache.ivy.osgi.p2.P2MetadataParser.RequiresHandler.RequiresHandler(),20,4,7,3,3
3859,org.apache.ivy.ant.IvyReport.genxml(String[]),85,5,11,8,16
3860,org.apache.ivy.plugins.repository.LazyResource.getLastModified(),3,0,0,2,1
3861,org.apache.ivy.osgi.filter.NotFilter.eval(Map),3,0,0,1,2
3862,"org.apache.ivy.osgi.repo.AbstractOSGiResolver.findCapability(DependencyDescriptor, ResolveData, Collection)",361,17,44,7,22
3863,org.apache.ivy.core.deliver.DeliverEngineSettings.substitute(String),248,15,46,0,0
3864,"org.apache.ivy.core.IvyPatternHelper.substituteParams(String, IvyVariableContainer, Stack)",5,2,1,1,2
3865,"org.apache.ivy.core.module.descriptor.OverrideDependencyDescriptorMediator.OverrideDependencyDescriptorMediator(String, String)",37,5,19,0,0
3866,"org.apache.ivy.plugins.resolver.util.ResolvedResource.ResolvedResource(Resource, String)",457,15,82,0,0
3867,"org.apache.ivy.plugins.resolver.BasicResolver.checkNotConvertedExclusionRule(ModuleDescriptor, ResolvedResource, ResolveData)",468,12,87,4,8
3868,"org.apache.ivy.osgi.core.ManifestHeaderElement.addDirective(String, String)",5,3,2,0,0
3869,"org.apache.ivy.core.resolve.IvyNode.updateDataFrom(IvyNode, String, boolean)",303,16,48,3,6
3870,org.apache.ivy.core.settings.IvySettings.getResolutionCacheManager(),63,5,15,6,7
3871,org.apache.ivy.plugins.repository.file.FileRepository.getResource(String),175,15,46,4,2
3872,org.apache.ivy.core.report.ConfigurationResolveReport.getEvictedMrids(),214,2,3,20,49
3873,"org.apache.ivy.plugins.parser.AbstractModuleDescriptorParserTester.assertArtifacts(Artifact[], String[])",2,0,0,1,1
3874,"org.apache.ivy.core.resolve.IvyNodeUsage.getRequiredConfigurations(IvyNode, String)",4,2,1,1,1
3875,"org.apache.ivy.plugins.resolver.DependencyResolver.listTokenValues(String, Map)",12,2,6,0,0
3876,org.apache.ivy.plugins.version.Match.getPattern(),158,12,49,0,0
3877,"org.apache.ivy.plugins.resolver.packager.PackagerResolver.setProperty(String, String)",1,0,0,0,0
3878,org.apache.ivy.ant.IvyDeliver.setCache(File),2,0,0,1,1
3879,org.apache.ivy.osgi.p2.P2MetadataParser.TouchpointDataHandler.TouchpointDataHandler(),20,4,7,3,3
3880,"org.apache.ivy.Ivy14.retrieve(ModuleId, String[], File, String, String, Filter)",289,0,0,14,56
3881,"org.apache.ivy.core.module.id.ModuleRevisionId.ModuleRevisionId(ModuleId, String, String, Map, boolean)",174,3,2,11,49
3882,org.apache.ivy.core.cache.DefaultResolutionCacheManager.CacheParserSettings.getNamespace(String),2,0,0,1,1
3883,org.apache.ivy.core.cache.DefaultResolutionCacheManager.CacheParserSettings.resolveFile(String),2,0,0,1,1
3884,"org.apache.ivy.plugins.repository.Repository.get(String, File)",378,16,57,0,0
3885,org.apache.ivy.util.url.HttpClientHandler.FileRequestEntity.FileRequestEntity(File),13,4,5,0,0
3886,org.apache.ivy.plugins.resolver.AbstractResolver.setSettings(ResolverSettings),34,9,9,0,0
3887,org.apache.ivy.plugins.parser.m2.PomWriterOptions.setConfs(String[]),29,3,18,0,0
3888,org.apache.ivy.plugins.repository.sftp.SFTPResource.getName(),197,17,44,0,0
3889,org.apache.ivy.plugins.parser.ParserSettings.getMatcher(String),39,5,12,0,0
3890,org.apache.ivy.plugins.repository.ssh.SshResource.toString(),1,0,0,0,0
3891,org.apache.ivy.ant.IvyBuildList.setOnMissingDescriptor(String),1,0,0,0,0
3892,org.apache.ivy.plugins.resolver.AbstractResolver.hidePassword(String),229,16,47,0,0
3893,org.apache.ivy.osgi.repo.FSManifestIterable.listDirs(File),1,0,0,0,0
3894,org.apache.ivy.plugins.parser.m2.PomWriterOptions.ExtraDependency.getGroup(),42,4,25,0,0
3895,"org.apache.ivy.plugins.parser.ModuleDescriptorParser.getMetadataArtifact(ModuleRevisionId, Resource)",261,15,45,0,0
3896,org.apache.ivy.util.filter.NotFilter.accept(Object),2,0,0,1,1
3897,org.apache.ivy.ant.IvyCleanCache.doExecute(),48,0,0,7,10
3898,org.apache.ivy.plugins.resolver.IBiblioHelper.getIBiblioMirror(),3,1,1,1,1
3899,org.apache.ivy.osgi.p2.P2CompositeParser.RepositoryHandler.RepositoryHandler(),7,1,1,2,3
3900,"org.apache.ivy.core.module.descriptor.AbstractIncludeExcludeRule.AbstractIncludeExcludeRule(ArtifactId, PatternMatcher, Map)",14,1,2,2,9
3901,org.apache.ivy.osgi.updatesite.xml.EclipseFeature.setArch(String),22,5,16,0,0
3902,org.apache.ivy.ant.IvyConfigure.getUrl(),2,0,0,1,1
3903,org.apache.ivy.core.cache.DefaultRepositoryCacheManager.getExistsKey(Artifact),130,10,27,4,7
3904,org.apache.ivy.core.retrieve.RetrieveOptions.isSync(),258,12,56,0,0
3905,"org.apache.ivy.core.module.descriptor.DefaultArtifact.cloneWithAnotherTypeAndExt(Artifact, String, String)",42,4,8,4,9
3906,org.apache.ivy.util.EncrytedProperties.contains(Object),2,0,0,1,1
3907,org.apache.ivy.plugins.resolver.packager.PackagerResolver.setDescriptor(String),12,0,0,4,5
3908,org.apache.ivy.ant.AntBuildTrigger.setPrefix(String),1,0,0,0,0
3909,org.apache.ivy.osgi.p2.P2MetadataParser.MetaRequirementsHandler.MetaRequirementsHandler(),20,4,7,3,3
3910,org.apache.ivy.plugins.parser.xml.UpdateOptions.getConfsToExclude(),11,2,9,0,0
3911,"org.apache.ivy.ant.IvyResolve.getResolveOptions(Ivy, String[], IvySettings)",757,15,98,5,17
3912,org.apache.ivy.core.deliver.DeliverOptions.setMerge(boolean),287,16,67,0,0
3913,org.apache.ivy.core.cache.ArtifactOrigin.getLocation(),323,12,62,0,0
3914,"org.apache.ivy.osgi.util.DelegatingHandler.startPrefixMapping(String, String)",2,0,0,1,1
3915,"org.apache.ivy.plugins.namespace.MRIDTransformationRule.MridRuleMatcher.apply(MRIDRule, ModuleRevisionId)",193,4,6,14,49
3916,org.apache.ivy.core.module.descriptor.ExtraInfoHolder.getContent(),43,5,20,0,0
3917,org.apache.ivy.plugins.circular.ErrorCircularDependencyStrategy.handleCircularDependency(ModuleRevisionId[]),3,0,0,2,1
3918,org.apache.ivy.util.cli.Option.getSpec(),6,2,3,1,1
3919,"org.apache.ivy.osgi.p2.P2Artifact.P2Artifact(String, Version, String)",4,2,2,0,0
3920,org.apache.ivy.osgi.core.ExecutionEnvironmentProfileProvider.getProfile(String),268,17,47,0,0
3921,"org.apache.ivy.plugins.repository.ssh.SshCache.Entry.Entry(Session, String, String, int)",159,2,3,11,50
3922,org.apache.ivy.core.resolve.IvyNodeUsage.getNode(),13,3,10,0,0
3923,org.apache.ivy.core.report.ResolveReport.getModuleDescriptor(),1120,12,224,0,0
3924,org.apache.ivy.core.report.ConfigurationResolveReport.getEvictedNodes(),227,4,8,19,49
3925,org.apache.ivy.osgi.util.DelegatingHandler.getCurrentElementIdentifier(),28,7,6,0,0
3926,org.apache.ivy.core.resolve.ResolveOptions.useSpecialConfs(),656,14,97,0,0
3927,org.apache.ivy.core.search.OrganisationEntry.toString(),2,1,1,0,0
3928,org.apache.ivy.osgi.obr.xml.OBRXMLParser.ResourceHandler.handleAttributes(Attributes),32,0,0,6,9
3929,"org.apache.ivy.core.module.id.ModuleRevisionId.newInstance(ModuleRevisionId, String, String)",326,8,67,13,49
3930,org.apache.ivy.plugins.parser.AbstractModuleDescriptorParser.AbstractParser.getDefaultConfMapping(),49,8,19,0,0
3931,org.apache.ivy.osgi.updatesite.xml.EclipseFeature.addPlugin(EclipsePlugin),2,1,1,0,0
3932,org.apache.ivy.core.resolve.IvyNode.getConfsToFetch(),2,1,1,0,0
3933,org.apache.ivy.plugins.trigger.AbstractTrigger.getFilter(),158,13,50,0,0
3934,org.apache.ivy.plugins.resolver.JarResolver.setFile(String),6,0,0,3,3
3935,org.apache.ivy.core.module.descriptor.DefaultModuleDescriptor.setModuleRevisionId(ModuleRevisionId),546,12,131,0,0
3936,org.apache.ivy.plugins.resolver.BintrayResolver.updateName(String),23,4,7,2,3
3937,org.apache.ivy.plugins.repository.vsftp.VsftpRepository.disconnect(),55,3,5,7,16
3938,org.apache.ivy.plugins.repository.ssh.SshCache.CfUserInfo.showMessage(String),11,0,0,4,5
3939,org.apache.ivy.osgi.updatesite.xml.EclipsePlugin.setFragment(String),7,2,5,0,0
3940,org.apache.ivy.ant.IvyInstall.setHaltonfailure(boolean),1,0,0,0,0
3941,org.apache.ivy.ant.IvyVar.setPrefix(String),1,0,0,0,0
3942,org.apache.ivy.ant.IvyBuildList.setRoot(String),1,0,0,0,0
3943,org.apache.ivy.ant.AddPathTask.setProject(Project),1,0,0,0,0
3944,org.apache.ivy.core.resolve.ResolveEngine.getSortEngine(),60,9,12,0,0
3945,org.apache.ivy.core.cache.DefaultRepositoryCacheManager.isCheckmodified(),6,2,1,2,2
3946,org.apache.ivy.core.module.id.MatcherLookup.get(Map),7,2,2,2,2
3947,org.apache.ivy.plugins.parser.xml.XmlModuleDescriptorParser.Parser.isValidate(),22,5,9,0,0
3948,org.apache.ivy.core.resolve.IvyNodeEviction.getEvictedConfs(),19,1,1,6,7
3949,org.apache.ivy.core.module.descriptor.DefaultModuleDescriptor.hashCode(),7,0,0,2,5
3950,"org.apache.ivy.core.module.descriptor.DefaultDependencyDescriptor.replaceSelfFallbackPattern(String, String)",12,4,5,1,1
3951,"org.apache.ivy.util.DefaultMessageLogger.rawlog(String, int)",2,0,0,1,1
3952,"org.apache.ivy.core.report.ConfigurationResolveReport.updateDependency(ModuleRevisionId, IvyNode)",16,4,6,0,0
3953,org.apache.ivy.util.Configurator.setFileResolver(FileResolver),11,5,3,1,1
3954,org.apache.ivy.plugins.resolver.VsftpResolver.setAuthentication(String),4,0,0,2,2
3955,org.apache.ivy.util.MockMessageLogger.assertLogContains(String),16,5,5,1,1
3956,"org.apache.ivy.plugins.repository.ssh.SshCache.CfUserInfo.CfUserInfo(String, String, String, File, String, File)",163,14,47,0,0
3957,org.apache.ivy.osgi.util.DelegatingHandler.setDocumentLocator(Locator),1,0,0,0,0
3958,org.apache.ivy.plugins.parser.xml.XmlModuleDescriptorParser.Parser.getDefaultParentLocation(),289,12,51,0,0
3959,org.apache.ivy.plugins.repository.AbstractRepository.addTransferListener(TransferListener),38,7,11,0,0
3960,"org.apache.ivy.core.report.ResolveReport.setDependencies(List, Filter)",697,13,86,20,47
3961,org.apache.ivy.osgi.util.VersionRange.VersionRangeParser.VersionRangeParser(String),14,4,6,0,0
3962,org.apache.ivy.util.url.HttpClientHandler.getURLInfo(URL),41,0,0,5,12
3963,"org.apache.ivy.plugins.resolver.ResolverTestHelper.getEntry(OrganisationEntry[], String)",2,0,0,1,1
3964,org.apache.ivy.core.settings.IvySettings.addSignatureGenerator(SignatureGenerator),6,1,1,2,2
3965,org.apache.ivy.core.module.descriptor.ConfigurationAware.getConfigurations(),245,21,47,0,0
3966,org.apache.ivy.util.CopyProgressListener.end(CopyProgressEvent),6,2,4,0,0
3967,org.apache.ivy.osgi.obr.xml.OBRXMLParser.ResourceHandler.ResourceHandler.(Anon_5).childHanlded(ResourceLicenseHandler),3,0,0,1,2
3968,org.apache.ivy.osgi.util.DelegatingHandler.handleAttributes(Attributes),2,1,1,0,0
3969,org.apache.ivy.osgi.repo.AggregatedRepoDescriptor.getModules.(Anon_1).next(),3,0,0,2,1
3970,org.apache.ivy.osgi.repo.RepositoryManifestIterable.listBundleFiles(String),23,0,0,5,5
3971,org.apache.ivy.core.cache.DefaultRepositoryCacheManager.getDataFilePattern(),54,9,11,0,0
3972,org.apache.ivy.core.settings.IvySettings.addConfigured(DependencyResolver),9,0,0,3,5
3973,org.apache.ivy.ant.IvyTask.prepareTask(),36,5,5,5,6
3974,org.apache.ivy.ant.IvyBuildList.setSkipbuildwithoutivy(boolean),11,0,0,4,5
3975,"org.apache.ivy.core.resolve.VisitNode.traverseChild(String, IvyNode)",293,13,29,13,48
3976,org.apache.ivy.ant.IvyInstall.setBranch(String),1,0,0,0,0
3977,org.apache.ivy.util.MockMessageLogger.assertLogVerboseContains(String),3,0,0,2,1
3978,org.apache.ivy.ant.IvyBuildNumber.Range.getStartIndex(),7,3,4,0,0
3979,org.apache.ivy.core.module.descriptor.AbstractArtifact.getAttribute(String),3,0,0,1,2
3980,org.apache.ivy.osgi.core.ManifestHeaderValue.ManifestHeaderParser.endParameterValue(),9,2,3,2,3
3981,org.apache.ivy.plugins.repository.ssh.AbstractSshBasedRepository.isAllowedAgentUse(),187,15,44,0,0
3982,org.apache.ivy.core.install.InstallOptions.isValidate(),663,13,103,0,0
3983,org.apache.ivy.plugins.repository.TransferEvent.getEventType(),18,5,7,0,0
3984,org.apache.ivy.core.resolve.ResolveData.mediate(DependencyDescriptor),279,9,22,15,47
3985,"org.apache.ivy.plugins.parser.xml.XmlModuleDescriptorParser.Parser.characters(char[], int, int)",1,0,0,0,0
3986,org.apache.ivy.osgi.p2.P2Descriptor.addBundle(BundleInfo),35,1,1,4,11
3987,"org.apache.ivy.core.module.id.ModuleRevisionId.ModuleRevisionId(ModuleId, String, String, Map)",182,3,6,12,49
3988,org.apache.ivy.osgi.updatesite.xml.EclipsePlugin.setUnpack(boolean),7,2,5,0,0
3989,"org.apache.ivy.core.resolve.IvyNode.addArtifactsFromMergedUsage(String, Set)",80,8,17,2,11
3990,org.apache.ivy.ant.IvyDeliver.setStatus(String),363,16,64,0,0
3991,org.apache.ivy.plugins.resolver.AbstractResolver.toSystem(ModuleDescriptor),468,12,72,9,39
3992,org.apache.ivy.plugins.conflict.FixedConflictManager.FixedConflictManager(String[]),28,6,8,1,1
3993,"org.apache.ivy.ant.IvyDependencyTree.populateDependencyTree(IvyNode, ModuleRevisionId, ResolveReport)",311,21,42,2,5
3994,org.apache.ivy.core.module.descriptor.AbstractArtifact.getExtraAttribute(String),3,0,0,1,2
3995,org.apache.ivy.plugins.resolver.packager.PackagerResolver.setAllownomd(boolean),11,0,0,4,5
3996,org.apache.ivy.core.settings.IvySettings.loadProperties(File),2,0,0,1,1
3997,org.apache.ivy.util.extendable.UnmodifiableExtendableItem.getAttributes(),209,15,49,0,0
3998,org.apache.ivy.plugins.resolver.AbstractResolver.fromSystem(DependencyDescriptor),468,12,88,6,26
3999,org.apache.ivy.Ivy.execute(IvyCallback),12,0,0,2,7
4000,"org.apache.ivy.osgi.repo.AbstractOSGiResolver.findBundle(DependencyDescriptor, ResolveData, Collection)",361,17,45,2,6
4001,org.apache.ivy.osgi.core.ExecutionEnvironmentProfile.getPkgNames(),268,17,47,0,0
4002,org.apache.ivy.core.module.descriptor.DependencyDescriptor.getDependencyArtifacts(String[]),3,2,1,0,0
4003,"org.apache.ivy.plugins.conflict.ConflictManager.resolveConflicts(IvyNode, Collection)",39,8,11,0,0
4004,org.apache.ivy.plugins.parser.xml.XmlModuleDescriptorUpdater.UpdaterHandler.startExtends(Attributes),243,16,44,3,10
4005,"org.apache.ivy.plugins.parser.AbstractModuleDescriptorParser.AbstractParser.evaluateCondition(String, DefaultDependencyDescriptor)",206,17,49,2,5
4006,org.apache.ivy.core.resolve.ResolveOptions.setDate(Date),33,6,16,0,0
4007,"org.apache.ivy.util.url.URLHandlerDispatcher.setDownloader(String, URLHandler)",29,6,8,0,0
4008,org.apache.ivy.plugins.parser.xml.UpdateOptions.setSettings(ParserSettings),331,12,76,0,0
4009,org.apache.ivy.core.module.descriptor.DependencyDescriptor.getDependencyArtifacts(String),24,3,19,0,0
4010,"org.apache.ivy.ant.IvyOverride.addOverride(DefaultModuleDescriptor, IvySettings)",14,0,0,4,4
4011,org.apache.ivy.plugins.resolver.ResolverSettings.getRepositoryCacheManager(String),4,2,2,0,0
4012,org.apache.ivy.core.IvyContext.getDefaultIvy(),145,1,1,8,50
4013,org.apache.ivy.core.module.id.ModuleId.hashCode(),13,2,9,0,0
4014,"org.apache.ivy.core.cache.DefaultRepositoryCacheManager.unpackArtifact(Artifact, ArtifactDownloadReport, CacheDownloadOptions)",171,7,26,9,24
4015,org.apache.ivy.core.module.descriptor.ModuleDescriptor.getPublicConfigurationsNames(),281,15,48,0,0
4016,"org.apache.ivy.osgi.core.ExecutionEnvironmentProfileProvider.loadProfile(Properties, Map, String)",14,1,1,4,5
4017,"org.apache.ivy.osgi.obr.xml.RequirementAdapter.parseCompareFilter(CompareFilter, boolean)",9,2,2,1,5
4018,org.apache.ivy.core.IvyThread.run(),4,0,0,3,1
4019,org.apache.ivy.osgi.util.DelegatingHandler.getName(),29,7,6,0,0
4020,org.apache.ivy.plugins.resolver.AbstractResolver.getSettings(),567,14,163,0,0
4021,org.apache.ivy.core.report.ResolveReport.ResolveReport(ModuleDescriptor),8,0,0,3,3
4022,org.apache.ivy.util.url.HttpClientHandler.configureProxy(),13,1,1,4,5
4023,"org.apache.ivy.core.resolve.IvyNode.moveToRealNode(String, IvyNode, String, String, boolean, IvyNode)",300,0,0,15,52
4024,org.apache.ivy.core.event.EventManager.hasIvyListener(IvyListener),1,0,0,0,0
4025,org.apache.ivy.plugins.resolver.packager.PackagerResolver.setBuildRoot(File),1,0,0,0,0
4026,"org.apache.ivy.core.settings.XmlSettingsParser.cachesStarted(String, Map)",180,7,37,6,12
4027,org.apache.ivy.osgi.updatesite.xml.EclipseFeature.setLicense(String),3,2,1,0,0
4028,org.apache.ivy.core.resolve.ResolveEngine.resolve(URL),642,1,1,14,100
4029,"org.apache.ivy.core.search.SearchEngine.listTokenValues(String, Map)",14,4,6,1,2
4030,"org.apache.ivy.plugins.resolver.RepositoryResolver.findResourceUsingPattern(ModuleRevisionId, String, Artifact, ResourceMDParser, Date)",301,8,7,15,44
4031,org.apache.ivy.core.resolve.IvyNode.canExclude(String),31,6,10,2,3
4032,org.apache.ivy.util.AbstractMessageLogger.clearProblems(),8,3,5,0,0
4033,org.apache.ivy.util.Configurator.MacroRecord.recordChild(String),25,4,9,1,1
4034,org.apache.ivy.plugins.resolver.ResolverSettings.getSystemNamespace(),17,5,5,0,0
4035,org.apache.ivy.osgi.core.ExportPackage.equals(Object),4,0,0,3,1
4036,org.apache.ivy.core.resolve.IvyNode.getConfiguration(String),11,3,4,1,3
4037,"org.apache.ivy.ant.IvyRepositoryReport.genreport(ResolutionCacheManager, String, String)",746,15,100,2,4
4038,org.apache.ivy.plugins.resolver.IBiblioResolver.setPattern(String),11,0,0,2,7
4039,"org.apache.ivy.plugins.resolver.FileSystemResolver.getDestination(String, Artifact, ModuleRevisionId)",37,0,0,7,13
4040,"org.apache.ivy.core.deliver.DeliverEngine.deliver(ModuleRevisionId, String, String, DeliverOptions)",260,3,5,14,47
4041,"org.apache.ivy.core.module.descriptor.DefaultDependencyDescriptor.getDependencyConfigurations(String, String)",13,1,1,3,6
4042,org.apache.ivy.core.resolve.IvyNode.isRootModuleConfLoaded(String),300,15,53,0,0
4043,"org.apache.ivy.plugins.repository.vsftp.VsftpRepository.put(File, String, boolean)",188,0,0,11,49
4044,org.apache.ivy.osgi.updatesite.xml.EclipseFeature.addCategory(String),2,1,1,0,0
4045,org.apache.ivy.osgi.obr.OBRResolver.init(),36,0,0,6,12
4046,org.apache.ivy.osgi.core.BundleArtifact.getUri(),287,17,47,0,0
4047,org.apache.ivy.core.install.InstallEngineSettings.getMatcher(String),663,13,103,0,0
4048,"org.apache.ivy.util.url.BasicURLHandler.checkStatusCode(URL, HttpURLConnection)",38,4,11,4,5
4049,"org.apache.ivy.plugins.repository.vsftp.VsftpRepository.getExpectedUploadMessage(File, String)",188,12,49,0,0
4050,org.apache.ivy.plugins.parser.xml.XmlModuleDescriptorParser.Parser.mergeDescription(String),235,16,47,1,3
4051,"org.apache.ivy.osgi.repo.EditableRepoDescriptor.EditableRepoDescriptor(URI, ExecutionEnvironmentProfileProvider)",4,1,3,0,0
4052,org.apache.ivy.core.resolve.IvyNodeUsage.hasTransitiveDepender(String),3,1,1,1,1
4053,"org.apache.ivy.osgi.p2.P2ArtifactParser.ArtifactsHandler.ArtifactsHandler(P2Descriptor, Map, String)",10,3,1,3,3
4054,"org.apache.ivy.util.FileUtil.concat(String, String)",1,0,0,0,0
4055,"org.apache.ivy.core.IvyPatternHelper.substitute(String, String, String, String, String, String, String, String, Map, Map)",61,9,9,2,3
4056,org.apache.ivy.plugins.parser.m2.PomWriterOptions.getExtraDependencies(),42,4,25,0,0
4057,org.apache.ivy.core.module.descriptor.DependencyDescriptor.isTransitive(),103,4,56,0,0
4058,org.apache.ivy.plugins.parser.m2.PomReader.hasParent(),399,12,109,0,0
4059,org.apache.ivy.ant.IvyCachePath.setPathid(String),1,0,0,0,0
4060,org.apache.ivy.plugins.resolver.AbstractPatternsBasedResolver.getIvyPatterns(),363,16,51,0,0
4061,org.apache.ivy.core.publish.PublishOptions.setConfs(String[]),368,14,68,0,0
4062,"org.apache.ivy.osgi.obr.OBRResolver.loadRepoFromFile(URI, File, String)",36,4,10,5,10
4063,"org.apache.ivy.ant.IvyBuildNumber.Range.Range(int, int)",3,1,2,0,0
4064,org.apache.ivy.plugins.resolver.AbstractSshBasedResolver.setUser(String),4,0,0,2,2
4065,"org.apache.ivy.core.resolve.ResolveEngine.doFetchDependencies(VisitNode, String)",471,0,0,13,94
4066,org.apache.ivy.core.module.descriptor.DependencyArtifactDescriptor.getDependencyDescriptor(),13,3,10,0,0
4067,org.apache.ivy.core.retrieve.RetrieveOptions.setConfs(String[]),1001,11,229,0,0
4068,"org.apache.ivy.plugins.version.ChainVersionMatcher.compare(ModuleRevisionId, ModuleRevisionId, Comparator)",6,0,0,2,4
4069,org.apache.ivy.osgi.util.Version.Version(String),159,8,75,0,0
4070,"org.apache.ivy.util.Message.info(String, Throwable)",95,5,45,4,5
4071,org.apache.ivy.osgi.core.BundleInfo.addArtifact(BundleArtifact),397,18,77,0,0
4072,org.apache.ivy.plugins.parser.m2.PomWriterOptions.getDescription(),18,3,10,0,0
4073,"org.apache.ivy.core.module.descriptor.DefaultDependencyDescriptor.transformInstance(DependencyDescriptor, NamespaceTransformer, boolean)",27,2,2,2,20
4074,org.apache.ivy.util.Credentials.getKey(),19,5,5,1,1
4075,org.apache.ivy.plugins.parser.m2.PomWriterOptions.setLicenseHeader(String),29,3,18,0,0
4076,"org.apache.ivy.Ivy14.check(URL, String)",44,0,0,6,25
4077,org.apache.ivy.core.sort.SortOptions.getNonMatchingVersionReporter(),52,7,12,0,0
4078,org.apache.ivy.osgi.repo.EditableRepoDescriptor.toString(),1,0,0,0,0
4079,"org.apache.ivy.core.report.ResolveReport.output(ReportOutputter[], ResolutionCacheManager, ResolveOptions)",22,5,8,1,1
4080,org.apache.ivy.core.cache.ResolutionCacheManager.getResolvedIvyPropertiesInCache(ModuleRevisionId),685,13,105,0,0
4081,org.apache.ivy.plugins.parser.m2.PomReader.PomDependencyMgtElement.PomDependencyMgtElement(Element),5,2,3,0,0
4082,org.apache.ivy.core.module.id.ModuleId.getOrganisation(),410,12,90,0,0
4083,org.apache.ivy.util.Message.rawinfo(String),294,12,46,3,5
4084,org.apache.ivy.plugins.parser.xml.XmlModuleDescriptorUpdater.UpdaterHandler.startDependencies(Attributes),243,16,44,3,3
4085,org.apache.ivy.ant.IvyPublish.setHaltonmissing(boolean),1,0,0,0,0
4086,org.apache.ivy.osgi.filter.CompareFilter.getRightValue(),6,2,4,0,0
4087,org.apache.ivy.osgi.repo.AggregatedRepoDescriptor.getCapabilityValues(String),2,0,0,1,1
4088,org.apache.ivy.util.FileUtil.readEntirely(InputStream),1,0,0,0,0
4089,org.apache.ivy.core.IvyContext.getResolveData(),611,11,124,0,0
4090,org.apache.ivy.core.pack.PackingRegistry.register(ArchivePacking),7,3,2,1,1
4091,org.apache.ivy.osgi.updatesite.xml.EclipseFeature.addRequire(Require),2,1,1,0,0
4092,org.apache.ivy.osgi.updatesite.xml.EclipsePlugin.setFilter(String),7,2,5,0,0
4093,org.apache.ivy.util.url.AbstractURLHandler.getRequestMethod(),51,5,16,0,0
4094,org.apache.ivy.ant.AntCallTrigger.getTarget(),24,5,9,0,0
4095,"org.apache.ivy.plugins.parser.m2.PomModuleDescriptorParser.parseDescriptor(ParserSettings, URL, Resource, boolean)",401,2,1,11,109
4096,org.apache.ivy.core.retrieve.RetrieveOptions.getResolveId(),72,5,39,0,0
4097,org.apache.ivy.ant.IvyDeliver.setPubdate(String),363,16,64,0,0
4098,org.apache.ivy.Ivy14.resolve(File),13,0,0,4,6
4099,org.apache.ivy.util.url.BasicURLHandler.disconnect(URLConnection),47,5,14,1,1
4100,org.apache.ivy.Ivy14.listRevisionEntries(ModuleEntry),19,0,0,4,11
4101,"org.apache.ivy.plugins.parser.xml.XmlModuleDescriptorUpdater.UpdaterHandler.writeInheritedItems(ModuleDescriptor, InheritableItem[], ItemPrinter, String, boolean)",20,3,4,2,6
4102,org.apache.ivy.ant.IvyMakePom.getArtifactPackaging(),29,3,18,0,0
4103,org.apache.ivy.core.settings.IvySettings.ModuleSettings.getResolveMode(),13,6,3,0,0
4104,org.apache.ivy.core.pack.Pack200Packing.getUnpackedExtension(String),1,0,0,0,0
4105,"org.apache.ivy.ant.IvyBuildList.filterModulesFromLeaf(Collection, List)",98,9,17,4,6
4106,org.apache.ivy.osgi.filter.MultiOperatorFilter.equals(Object),1,0,0,0,0
4107,"org.apache.ivy.core.module.descriptor.DefaultDependencyDescriptor.transformInstance(DependencyDescriptor, Namespace)",27,1,1,3,20
4108,"org.apache.ivy.plugins.parser.m2.PomReader.AddDTDFilterInputStream.read(byte[], int, int)",1,0,0,0,0
4109,"org.apache.ivy.core.sort.MessageBasedNonMatchingVersionReporter.reportNonMatchingVersion(DependencyDescriptor, ModuleDescriptor)",8,0,0,1,7
4110,org.apache.ivy.plugins.resolver.SFTPResolver.SFTPResolver(),3,0,0,1,2
4111,org.apache.ivy.core.resolve.VisitData.VisitData(IvyNode),11,4,4,0,0
4112,"org.apache.ivy.plugins.version.AbstractVersionMatcher.accept(ModuleRevisionId, ModuleDescriptor)",3,0,0,1,2
4113,org.apache.ivy.core.resolve.VisitData.getNode(),18,4,10,0,0
4114,org.apache.ivy.osgi.obr.xml.OBRXMLParser.CapabilityPropertyHandler.CapabilityPropertyHandler(),5,3,1,1,1
4115,org.apache.ivy.plugins.version.VersionMatcher.isDynamic(ModuleRevisionId),1018,12,236,0,0
4116,"org.apache.ivy.plugins.resolver.packager.PackagerCacheEntry.PackagerCacheEntry(ModuleRevisionId, File, File, String, boolean, boolean, boolean, boolean, boolean)",285,17,46,3,3
4117,org.apache.ivy.plugins.repository.vfs.VfsResource.getContentLength(),12,0,0,5,5
4118,org.apache.ivy.plugins.repository.vsftp.VsftpRepository.sendSingleCommand(String),41,6,10,5,5
4119,org.apache.ivy.osgi.core.BundleInfoAdapter.ProfileNotFoundException.ProfileNotFoundException(String),268,17,47,0,0
4120,"org.apache.ivy.core.settings.IvySettings.addLockStrategy(String, LockStrategy)",76,5,29,2,2
4121,"org.apache.ivy.core.resolve.ResolveEngine.getDependencies(ModuleDescriptor, ResolveOptions, ResolveReport)",836,7,106,15,95
4122,org.apache.ivy.core.resolve.IvyNodeCallers.getAllCallersModuleIds(),186,13,47,0,0
4123,org.apache.ivy.util.cli.ParseException.ParseException(String),8,3,4,0,0
4124,org.apache.ivy.util.CacheCleaner.deleteDir(File),2,0,0,1,1
4125,org.apache.ivy.core.resolve.IvyNodeCallers.getAllRealCallers(),3,1,1,1,1
4126,"org.apache.ivy.core.module.id.ArtifactId.ArtifactId(ModuleId, String, String, String)",335,16,73,0,0
4127,"org.apache.ivy.plugins.version.VersionRangeMatcher.(Anon_1).compare(Object, Object)",10,0,0,5,3
4128,org.apache.ivy.plugins.repository.LazyResource.init(),2,1,1,0,0
4129,"org.apache.ivy.osgi.util.Version.Version(String, String)",2,0,0,1,1
4130,org.apache.ivy.ant.IvyRetrieve.doExecute(),384,0,0,13,80
4131,org.apache.ivy.core.resolve.ResolveEngineSettings.debugConflictResolution(),478,14,84,0,0
4132,"org.apache.ivy.util.FileUtil.symlink(File, File, CopyProgressListener, boolean)",258,12,46,4,6
4133,org.apache.ivy.core.resolve.VisitNode.getDependencyDescriptor(),471,15,93,2,2
4134,"org.apache.ivy.Ivy14.deliver(ModuleRevisionId, String, File, String, String, Date, PublishingDependencyRevisionResolver, boolean, boolean)",252,1,1,16,53
4135,org.apache.ivy.core.settings.IvySettings.configureRepositories(boolean),27,0,0,4,8
4136,org.apache.ivy.osgi.updatesite.xml.EclipseFeature.setURL(String),84,7,35,0,0
4137,"org.apache.ivy.ant.IvyTask.getResolvedDescriptor(String, boolean)",58,9,14,0,0
4138,org.apache.ivy.core.resolve.IvyNode.getResolvedId(),772,13,175,1,4
4139,"org.apache.ivy.plugins.resolver.DependencyResolver.findIvyFileRef(DependencyDescriptor, ResolveData)",470,12,99,0,0
4140,org.apache.ivy.plugins.parser.xml.UpdateOptions.getStatus(),11,2,9,0,0
4141,org.apache.ivy.core.module.status.StatusManager.isStatus(String),195,15,48,2,2
4142,org.apache.ivy.core.report.ArtifactDownloadReport.setSize(long),459,15,124,0,0
4143,"org.apache.ivy.core.sort.SortEngine.sortNodes(Collection, SortOptions)",535,16,84,7,12
4144,org.apache.ivy.util.cli.CommandLineParser.addCategory(String),12,3,8,0,0
4145,org.apache.ivy.plugins.repository.vsftp.VsftpRepository.initIvy(),214,8,17,10,50
4146,org.apache.ivy.core.cache.DefaultResolutionCacheManager.CacheParserSettings.getResolutionCacheManager(),2,0,0,1,1
4147,org.apache.ivy.plugins.circular.AbstractLogCircularDependencyStrategy.logCircularDependency(ModuleRevisionId[]),9,4,4,0,0
4148,"org.apache.ivy.ant.IvyReport.getOutputPattern(String, String)",67,5,2,8,10
4149,"org.apache.ivy.plugins.resolver.IBiblioResolver.findSnapshotVersion.(Anon_1).endElement(String, String, String)",3,0,0,1,2
4150,org.apache.ivy.util.MockMessageLogger.assertLogInfoContains(String),3,0,0,2,1
4151,org.apache.ivy.osgi.updatesite.xml.EclipseFeature.setProviderName(String),18,5,13,0,0
4152,"org.apache.ivy.plugins.resolver.AbstractResolver.findModuleInCache(DependencyDescriptor, ResolveData)",468,12,73,6,24
4153,org.apache.ivy.osgi.core.BundleInfo.hashCode(),4,1,1,2,1
4154,"org.apache.ivy.osgi.updatesite.UpdateSiteLoader.findEntry(InputStream, String)",82,6,37,0,0
4155,org.apache.ivy.ant.IvyAntSettings.setUsername(String),3,1,1,1,1
4156,org.apache.ivy.core.settings.IvySettings.typeDefs(InputStream),16,0,0,8,5
4157,org.apache.ivy.plugins.conflict.LatestConflictManager.IvyNodeArtifactInfo.IvyNodeArtifactInfo(IvyNode),2,1,1,0,0
4158,org.apache.ivy.util.Configurator.Element.setName(String),5,3,2,0,0
4159,org.apache.ivy.core.search.SearchEngine.listOrganisations(),13,4,6,1,1
4160,org.apache.ivy.osgi.filter.OSGiFilterParser.Parser.unread(),20,4,8,0,0
4161,org.apache.ivy.core.module.descriptor.DefaultModuleDescriptor.getExtraAttribute(String),2,0,0,1,1
4162,org.apache.ivy.core.resolve.VisitNode.getRequiredConfigurations(),2,0,0,1,1
4163,org.apache.ivy.osgi.core.BundleInfo.getCapabilities(),53,5,21,0,0
4164,org.apache.ivy.plugins.repository.vfs.VfsResource.getContent(),176,15,47,5,5
4165,org.apache.ivy.plugins.resolver.BasicResolver.getDefaultRMDParser(ModuleId),423,16,59,0,0
4166,org.apache.ivy.util.url.BasicURLHandler.getCharSetFromContentType(String),34,5,11,0,0
4167,org.apache.ivy.osgi.core.BundleInfo.removeArtifact(BundleArtifact),6,2,4,0,0
4168,org.apache.ivy.core.module.descriptor.DefaultDependencyDescriptor.getQualifiedExtraAttributes(),2,0,0,1,1
4169,org.apache.ivy.core.settings.IvySettings.getRepositoryCacheManager(String),446,23,92,0,0
4170,org.apache.ivy.core.IvyContext.pushContext(IvyContext),11,2,5,1,1
4171,org.apache.ivy.core.resolve.IvyNode.getEvictedConfs(),265,16,48,7,7
4172,org.apache.ivy.plugins.resolver.ChainResolver.add(DependencyResolver),1,0,0,0,0
4173,org.apache.ivy.plugins.resolver.FileSystemResolver.setTransactional(String),1,0,0,0,0
4174,org.apache.ivy.core.report.ArtifactDownloadReport.setLocalFile(File),426,15,105,0,0
4175,org.apache.ivy.plugins.resolver.util.HasLatestStrategy.setLatestStrategy(LatestStrategy),2,1,1,0,0
4176,"org.apache.ivy.osgi.core.BundleInfoAdapter.buildArtifact(ModuleRevisionId, URI, URI, String, String, String)",268,6,33,16,49
4177,"org.apache.ivy.util.extendable.UnmodifiableExtendableItem.setExtraAttribute(String, String)",3,1,2,0,0
4178,org.apache.ivy.core.report.DownloadStatus.fromString(String),213,15,49,0,0
4179,org.apache.ivy.util.FileUtil.forceDelete(File),40,8,10,0,0
4180,org.apache.ivy.core.cache.DefaultRepositoryCacheManager.getDefaultMetadataArtifact(ModuleRevisionId),91,10,11,6,9
4181,org.apache.ivy.util.Message.setShowProgress(boolean),26,6,5,3,5
4182,org.apache.ivy.core.cache.DefaultResolutionCacheManager.CacheParserSettings.getConflictManager(String),2,0,0,1,1
4183,org.apache.ivy.Ivy14.configure(File),141,0,0,9,38
4184,org.apache.ivy.util.XMLHelper.canUseSchemaValidation(),1,0,0,0,0
4185,org.apache.ivy.core.module.descriptor.ModuleDescriptor.canExclude(),3,2,1,0,0
4186,"org.apache.ivy.core.IvyPatternHelper.substituteVariables(String, IvyVariableContainer, Stack)",6,2,3,1,1
4187,org.apache.ivy.plugins.resolver.VfsResolver.getTypeName(),1,0,0,0,0
4188,org.apache.ivy.core.module.id.ArtifactId.getExt(),201,16,49,0,0
4189,org.apache.ivy.core.settings.IvySettings.getDefaultCache(),990,14,173,4,9
4190,"org.apache.ivy.core.event.resolve.StartResolveEvent.StartResolveEvent(ModuleDescriptor, String[])",631,15,92,13,50
4191,org.apache.ivy.core.cache.ParserSettingsMonitor.(Anon_1).getStatusManager(),2,0,0,1,1
4192,"org.apache.ivy.plugins.resolver.BasicResolver.download(ArtifactOrigin, DownloadOptions)",12,0,0,3,5
4193,org.apache.ivy.Ivy.getIvyVersion(),667,15,138,0,0
4194,org.apache.ivy.core.IvyPatternHelper.getFirstToken(String),9,3,5,0,0
4195,org.apache.ivy.plugins.matcher.RegexpPatternMatcher.RegexpMatcher.isExact(),2,0,0,1,1
4196,org.apache.ivy.core.module.descriptor.DefaultDependencyDescriptor.getDependencyRevisionId(),10,3,5,0,0
4197,"org.apache.ivy.core.module.id.ModuleRules.getRule(Map, Filter)",11,2,3,3,2
4198,org.apache.ivy.core.settings.IvySettings.setDictatorResolver(DependencyResolver),1,0,0,0,0
4199,org.apache.ivy.util.AbstractMessageLogger.sumupProblems(),8,0,0,2,5
4200,org.apache.ivy.plugins.resolver.AbstractResolver.getCacheDownloadOptions(DownloadOptions),167,12,45,1,2
4201,"org.apache.ivy.core.cache.RepositoryCacheManager.download(Artifact, ArtifactResourceResolver, ResourceDownloader, CacheDownloadOptions)",167,12,45,0,0
4202,org.apache.ivy.core.cache.DefaultResolutionCacheManager.CacheParserSettings.getMatcher(String),2,0,0,1,1
4203,org.apache.ivy.plugins.resolver.CacheResolver.listRevisions(ModuleEntry),49,0,0,8,15
4204,org.apache.ivy.osgi.core.BundleRequirement.toString(),5,0,0,4,1
4205,org.apache.ivy.util.url.AbstractURLHandler.getLastModified(URL),3,0,0,1,2
4206,org.apache.ivy.core.report.ConfigurationResolveReport.filterOutMergedArtifacts(ArtifactDownloadReport[]),219,23,49,1,2
4207,org.apache.ivy.core.install.InstallOptions.setValidate(boolean),695,15,97,0,0
4208,org.apache.ivy.plugins.parser.xml.UpdateOptions.setRevision(String),331,12,76,0,0
4209,org.apache.ivy.core.cache.CacheMetadataOptions.isCheckTTL(),125,10,27,0,0
4210,"org.apache.ivy.osgi.obr.xml.OBRXMLWriter.saxRequirement(BundleRequirement, ContentHandler)",34,4,12,5,5
4211,"org.apache.ivy.plugins.parser.xml.XmlModuleDescriptorUpdater.UpdaterHandler.ignorableWhitespace(char[], int, int)",9,0,0,4,3
4212,"org.apache.ivy.util.FileUtil.copy(File, File, CopyProgressListener)",755,15,100,6,5
4213,"org.apache.ivy.plugins.conflict.LatestConflictManager.LatestConflictManager(String, LatestStrategy)",74,5,27,1,1
4214,org.apache.ivy.plugins.resolver.util.FileURLLister.FileURLLister(File),2,1,1,0,0
4215,org.apache.ivy.plugins.resolver.BasicResolver.BasicResolver(),2,0,0,1,1
4216,"org.apache.ivy.core.event.download.NeedArtifactEvent.NeedArtifactEvent(DependencyResolver, Artifact)",169,3,1,13,50
4217,org.apache.ivy.core.report.ResolveReport.getArtifacts(),314,14,48,0,0
4218,org.apache.ivy.core.publish.PublishOptions.setValidate(boolean),686,15,143,0,0
4219,"org.apache.ivy.core.sort.ModuleInSort.checkLoop(ModuleInSort, CircularDependencyStrategy)",36,5,9,1,2
4220,org.apache.ivy.plugins.lock.AbstractLockStrategy.setName(String),9,4,3,0,0
4221,org.apache.ivy.core.resolve.ResolveOptions.isOutputReport(),631,15,98,0,0
4222,"org.apache.ivy.plugins.parser.AbstractModuleDescriptorParser.AbstractParser.parseDepsConfs(String, DefaultDependencyDescriptor)",253,6,20,19,49
4223,org.apache.ivy.ant.IvyPublish.setPubbranch(String),1,0,0,0,0
4224,"org.apache.ivy.core.IvyPatternHelper.substitute(String, Artifact)",404,13,69,4,10
4225,"org.apache.ivy.osgi.repo.AbstractOSGiResolver.findIvyFileRef(DependencyDescriptor, ResolveData)",361,0,0,16,47
4226,org.apache.ivy.plugins.parser.m2.PomModuleDescriptorBuilder.addSrcArtifact(),51,3,12,9,11
4227,org.apache.ivy.ant.IvyAntSettings.Credentials.getHost(),22,6,5,0,0
4228,"org.apache.ivy.plugins.parser.xml.XmlModuleDescriptorWriter.printDependencyExcludeRules(ModuleDescriptor, PrintWriter, ExcludeRule[])",44,3,18,1,12
4229,org.apache.ivy.ant.IvyPostResolveTask.getArtifactFilter(),425,14,93,0,0
4230,org.apache.ivy.core.module.descriptor.DefaultModuleDescriptor.getPublicationDate(),88,9,18,0,0
4231,org.apache.ivy.core.deliver.DeliverOptions.setConfs(String[]),1,0,0,0,0
4232,org.apache.ivy.ant.IvyResolve.setChanging(boolean),124,10,33,0,0
4233,"org.apache.ivy.core.cache.DefaultRepositoryCacheManager.getMdFromCache(ModuleDescriptorParser, CacheMetadataOptions, File)",327,15,46,6,6
4234,org.apache.ivy.core.settings.IvyVariableContainerImpl.substitute(String),16,5,5,3,1
4235,"org.apache.ivy.ant.IvyAntSettings.defineDefaultSettingFile(IvyVariableContainer, ProjectComponent)",181,8,61,2,3
4236,org.apache.ivy.core.module.id.ModuleId.compareTo(Object),4,3,1,0,0
4237,"org.apache.ivy.plugins.parser.xml.XmlModuleDescriptorUpdater.update(URL, OutputStream, UpdateOptions)",24,1,1,4,12
4238,org.apache.ivy.plugins.repository.file.FileRepository.getFile(String),178,15,46,3,2
4239,org.apache.ivy.plugins.repository.AbstractRepository.standardize(String),1,0,0,0,0
4240,org.apache.ivy.util.Message.verbose(String),1920,12,832,3,5
4241,org.apache.ivy.ant.IvyPostResolveTask.getResolveId(),752,14,126,0,0
4242,org.apache.ivy.plugins.resolver.packager.PackagerCacheEntry.saveFile(String),31,5,9,2,1
4243,"org.apache.ivy.plugins.resolver.DualResolver.getDependency(DependencyDescriptor, ResolveData)",167,0,0,11,47
4244,"org.apache.ivy.core.resolve.IvyNodeCallers.doesCallersExclude(String, Artifact, Stack)",24,1,1,5,10
4245,org.apache.ivy.core.resolve.IvyNode.getAllCallers(),7,2,4,1,1
4246,org.apache.ivy.core.module.descriptor.License.getUrl(),295,20,52,0,0
4247,org.apache.ivy.core.resolve.IvyNodeUsage.removeRootModuleConf(String),1,0,0,0,0
4248,org.apache.ivy.plugins.resolver.IvyRepResolver.setArtroot(String),8,0,0,2,4
4249,"org.apache.ivy.plugins.parser.m2.PomModuleDescriptorBuilder.getDependencyMgtExtraInfoPrefixForExclusion(String, String)",45,5,19,0,0
4250,"org.apache.ivy.util.url.URLHandlerDispatcher.getURLInfo(URL, int)",3,0,0,1,2
4251,"org.apache.ivy.plugins.resolver.BasicResolver.resolveAndCheckRevision(ModuleDescriptor, ModuleRevisionId, ResolvedResource, boolean)",468,8,73,14,46
4252,org.apache.ivy.plugins.repository.vsftp.VsftpRepository.exec.(Anon_5).run(),4,0,0,3,1
4253,"org.apache.ivy.core.cache.RepositoryCacheManager.downloadRepositoryResource(Resource, String, String, String, CacheResourceOptions, Repository)",130,7,42,0,0
4254,org.apache.ivy.util.MessageLoggerEngine.clearProblems(),12,3,5,2,3
4255,org.apache.ivy.ant.IvyPostResolveTask.setHaltonfailure(boolean),1,0,0,0,0
4256,org.apache.ivy.osgi.core.BundleArtifact.isSource(),290,17,47,0,0
4257,org.apache.ivy.osgi.core.BundleInfo.setSource(boolean),62,8,23,0,0
4258,org.apache.ivy.plugins.repository.jar.JarResource.getLastModified(),1,0,0,0,0
4259,org.apache.ivy.osgi.p2.P2MetadataParser.ProvidesHandler.ProvidesHandler(),20,4,7,2,3
4260,"org.apache.ivy.plugins.resolver.AbstractPatternsBasedResolver.resolveTokenValues(String[], String, Map, boolean)",17,3,6,2,6
4261,org.apache.ivy.plugins.resolver.RepositoryResolver.setAlwaysCheckExactRevision(boolean),1,0,0,0,0
4262,"org.apache.ivy.util.url.AbstractURLHandler.getLastModified(URL, int)",3,0,0,1,2
4263,org.apache.ivy.core.module.descriptor.DefaultArtifact.getModuleRevisionId(),2,0,0,1,1
4264,org.apache.ivy.ant.IvyTask.mergeConfs(String[]),765,15,105,1,1
4265,org.apache.ivy.plugins.repository.ArtifactResourceResolver.resolve(Artifact),171,10,42,0,0
4266,"org.apache.ivy.core.cache.DownloadListener.endArtifactDownload(RepositoryCacheManager, Artifact, ArtifactDownloadReport, File)",312,16,47,0,0
4267,org.apache.ivy.plugins.parser.ModuleDescriptorParserRegistry.getParser(Resource),930,14,161,1,1
4268,"org.apache.ivy.osgi.core.BundleInfoAdapter.asIvyURI(String, String, String, String, String, String, String)",13,3,8,0,0
4269,"org.apache.ivy.ant.AntMessageLogger.log(String, int)",1,0,0,0,0
4270,org.apache.ivy.util.url.HttpClientHandler.HttpClientHelper.getResponseContentLength(HttpMethodBase),15,6,5,0,0
4271,"org.apache.ivy.plugins.resolver.RepositoryResolver.putSignature(Artifact, File, String, boolean)",43,5,3,5,9
4272,org.apache.ivy.core.sort.SimpleSortEngineSettings.setVersionMatcher(VersionMatcher),1,0,0,0,0
4273,org.apache.ivy.core.settings.IvySettings.logModuleWhenFound(),3,0,0,2,1
4274,org.apache.ivy.core.settings.IvySettings.setDefaultLatestStrategy(LatestStrategy),27,5,11,0,0
4275,org.apache.ivy.ant.IvyBuildList.setOnlydirectdep(boolean),1,0,0,0,0
4276,org.apache.ivy.osgi.util.DelegatingHandler.endDocument(),2,0,0,1,1
4277,"org.apache.ivy.osgi.util.DelegatingHandler.ignorableWhitespace(char[], int, int)",2,0,0,1,1
4278,org.apache.ivy.plugins.resolver.BasicResolver.getAndCheckIsDynamic(ModuleRevisionId),468,12,93,2,6
4279,org.apache.ivy.core.settings.IvySettings.substitute(Map),5,0,0,4,1
4280,org.apache.ivy.core.report.ResolveReport.getDependencies(),454,14,84,0,0
4281,"org.apache.ivy.plugins.matcher.MatcherHelper.matches(PatternMatcher, ModuleRevisionId, ModuleRevisionId)",207,16,46,2,5
4282,org.apache.ivy.ant.IvyTask.getResolvedDescriptor(String),673,14,109,1,1
4283,org.apache.ivy.core.install.InstallOptions.setMatcherName(String),695,15,97,0,0
4284,org.apache.ivy.osgi.p2.P2MetadataParser.FilterHandler.FilterHandler(),20,4,8,1,2
4285,org.apache.ivy.core.sort.SortEngine.SortEngine(SortEngineSettings),99,7,31,0,0
4286,"org.apache.ivy.plugins.resolver.IBiblioResolver.download(Artifact[], DownloadOptions)",180,0,0,13,46
4287,org.apache.ivy.Ivy.getSortEngine(),63,8,15,0,0
4288,org.apache.ivy.core.retrieve.RetrieveOptions.getConfs(),19,5,7,0,0
4289,org.apache.ivy.core.module.descriptor.DefaultModuleDescriptor.getConfiguration(String),38,3,8,7,6
4290,"org.apache.ivy.plugins.resolver.ChainResolver.getDependency(DependencyDescriptor, ResolveData)",232,0,0,11,46
4291,org.apache.ivy.osgi.updatesite.xml.EclipseUpdateSiteParser.parse(InputStream),15,2,7,3,3
4292,org.apache.ivy.plugins.resolver.DependencyResolver.reportFailure(Artifact),303,14,48,0,0
4293,org.apache.ivy.plugins.repository.sftp.SFTPResource.clone(String),2,0,0,1,1
4294,org.apache.ivy.util.FileUtil.UncloseInputStream.equals(Object),1,0,0,0,0
4295,org.apache.ivy.plugins.repository.ssh.SshCache.Entry.setChannelSftp(ChannelSftp),3,2,1,0,0
4296,org.apache.ivy.core.event.IvyEvent.addConfsAttribute(String[]),167,13,50,1,2
4297,org.apache.ivy.core.retrieve.RetrieveReport.getRetrievedFiles(),384,14,80,0,0
4298,org.apache.ivy.plugins.resolver.BasicResolver.checkRevision(ModuleRevisionId),468,12,97,2,3
4299,"org.apache.ivy.util.url.HttpClientHandler.upload(File, URL, CopyProgressListener)",13,0,0,3,6
4300,org.apache.ivy.ant.IvyResolve.setRefresh(boolean),37,6,15,0,0
4301,org.apache.ivy.ant.IvyPostResolveTask.setUseOrigin(boolean),1,0,0,0,0
4302,"org.apache.ivy.plugins.repository.ssh.SshCache.createCacheKey(String, String, int)",160,13,48,0,0
4303,org.apache.ivy.core.cache.DefaultRepositoryCacheManager.computeResourceNameHash(Resource),292,16,40,1,2
4304,org.apache.ivy.plugins.repository.vsftp.VsftpRepository.ensureConnectionOpened.(Anon_4).progress(IvyEvent),47,0,0,8,16
4305,org.apache.ivy.core.cache.CacheMetadataOptions.setCheckTTL(boolean),40,7,16,0,0
4306,org.apache.ivy.ant.IvyDeliver.isReplaceForcedRev(),287,16,67,0,0
4307,"org.apache.ivy.Ivy14.resolve(ModuleRevisionId, String[], boolean, boolean, File, Date, boolean, boolean, boolean, Filter)",671,0,0,15,97
4308,org.apache.ivy.core.deliver.DeliverOptions.getPubdate(),248,15,46,0,0
4309,org.apache.ivy.ant.PackageMapping.getPackage(),178,17,49,0,0
4310,org.apache.ivy.plugins.parser.xml.XmlModuleDescriptorUpdater.ExtendedBuffer.toString(),30,5,10,0,0
4311,org.apache.ivy.util.Message.debug(String),1552,11,566,3,5
4312,"org.apache.ivy.util.FileUtil.prepareCopy(File, File, boolean)",258,12,48,4,5
4313,org.apache.ivy.ant.IvyPostResolveTask.getResolvedMrid(),384,8,65,14,49
4314,org.apache.ivy.plugins.parser.xml.XmlModuleDescriptorParser.Parser.parseParentModuleOnFilesystem(String),289,12,44,4,10
4315,org.apache.ivy.core.cache.CacheDownloadOptions.setForce(boolean),560,16,103,0,0
4316,org.apache.ivy.core.install.InstallEngineSettings.getResolver(String),663,13,103,0,0
4317,org.apache.ivy.plugins.parser.m2.PomModuleDescriptorBuilder.extractPomProperties(Map),1,0,0,0,0
4318,org.apache.ivy.util.DateUtil.parse(String),230,15,47,0,0
4319,org.apache.ivy.plugins.parser.m2.PomModuleDescriptorBuilder.PomModuleDescriptor.getDependencyManagementMap(),40,5,17,0,0
4320,org.apache.ivy.core.resolve.VisitNode.isTransitive(),471,14,94,3,7
4321,org.apache.ivy.ant.IvyBuildList.isReverse(),98,9,26,0,0
4322,org.apache.ivy.core.resolve.ResolveEngine.getSettings(),222,21,45,0,0
4323,org.apache.ivy.osgi.core.BundleInfo.getExports(),269,17,47,1,1
4324,org.apache.ivy.plugins.circular.WarnCircularDependencyStrategy.WarnCircularDependencyStrategy(),3,0,0,2,1
4325,org.apache.ivy.Ivy.Ivy(),145,8,54,0,0
4326,org.apache.ivy.core.report.ArtifactDownloadReport.setArtifactOrigin(ArtifactOrigin),459,15,124,0,0
4327,org.apache.ivy.util.AbstractMessageLogger.info(String),2,0,0,1,1
4328,org.apache.ivy.plugins.report.XmlReportParser.SaxXmlReportParser.SaxXmlReportParser(File),3,2,1,0,0
4329,org.apache.ivy.osgi.util.DelegatingHandler.endPrefixMapping(String),2,0,0,1,1
4330,"org.apache.ivy.util.Message.warn(String, Throwable)",668,12,174,4,5
4331,org.apache.ivy.ant.IvyPublish.getRevision(),363,16,64,0,0
4332,org.apache.ivy.osgi.filter.UniOperatorFilter.getSubFilter(),11,3,4,0,0
4333,org.apache.ivy.plugins.parser.m2.PomModuleDescriptorBuilder.getPlugins(ModuleDescriptor),399,12,107,1,2
4334,org.apache.ivy.util.CopyProgressListener.start(CopyProgressEvent),6,2,4,0,0
4335,"org.apache.ivy.plugins.resolver.CacheResolver.getDependency(DependencyDescriptor, ResolveData)",313,0,0,14,45
4336,org.apache.ivy.core.resolve.IvyNodeEviction.EvictionData.getDetail(),281,20,49,0,0
4337,org.apache.ivy.core.module.descriptor.DefaultDependencyDescriptor.getAllDependencyArtifacts(),2,0,0,1,1
4338,"org.apache.ivy.util.Message.log(int, String)",22,2,2,4,6
4339,org.apache.ivy.plugins.repository.url.URLResource.getLastModified(),7,0,0,2,5
4340,org.apache.ivy.core.resolve.VisitNode.getUsage(),323,16,67,1,1
4341,org.apache.ivy.util.MessageLoggerEngine.setDefaultLogger(MessageLogger),1,0,0,0,0
4342,org.apache.ivy.plugins.resolver.FileSystemResolver.addArtifactPattern(String),42,8,10,3,2
4343,org.apache.ivy.core.module.descriptor.Configuration.getExtends(),519,14,101,0,0
4344,"org.apache.ivy.core.IvyPatternHelper.substituteVariables(String, Map)",161,12,47,2,2
4345,org.apache.ivy.plugins.repository.ssh.SshResource.getLastModified(),213,0,0,17,44
4346,org.apache.ivy.plugins.repository.vfs.VfsResource.openStream(),13,0,0,6,5
4347,"org.apache.ivy.plugins.resolver.ChainResolver.beginPublishTransaction(ModuleRevisionId, boolean)",3,0,0,1,2
4348,org.apache.ivy.plugins.repository.file.FileRepository.setLocal(boolean),4,3,1,0,0
4349,"org.apache.ivy.core.resolve.ResolveData.ResolveData(ResolveEngine, ResolveOptions, ConfigurationResolveReport, Map)",9,3,4,0,0
4350,org.apache.ivy.plugins.latest.LatestRevisionStrategy.SpecialMeaning.getName(),6,3,3,0,0
4351,org.apache.ivy.util.url.CredentialsStore.hasCredentials(String),2,1,1,0,0
4352,org.apache.ivy.ant.IvyResolve.getAllowedLogOptions(),757,15,107,0,0
4353,org.apache.ivy.util.url.HttpClientHandler.getClient(),15,3,4,2,4
4354,"org.apache.ivy.core.cache.DefaultResolutionCacheManager.MapURLResolver.getURL(URL, String)",2,0,0,1,1
4355,"org.apache.ivy.core.search.OrganisationEntry.OrganisationEntry(DependencyResolver, String)",211,16,46,0,0
4356,org.apache.ivy.core.cache.DefaultRepositoryCacheManager.setBasedir(File),32,7,6,0,0
4357,org.apache.ivy.plugins.repository.vfs.VfsURI.getVfsURI(),2,1,1,0,0
4358,org.apache.ivy.ant.IvyDeliver.doExecute(),287,0,0,15,67
4359,org.apache.ivy.util.Credentials.getHost(),24,6,6,0,0
4360,org.apache.ivy.core.module.descriptor.ConfigurationGroup.getVisibility(),2,0,0,1,1
4361,org.apache.ivy.ant.AddPathTask.addFilelist(FileList),1,0,0,0,0
4362,org.apache.ivy.osgi.updatesite.xml.Require.setMatch(String),7,2,5,0,0
4363,org.apache.ivy.util.filter.AndFilter.accept(Object),2,0,0,1,1
4364,org.apache.ivy.ant.IvyConfigure.verbose(String),185,9,65,0,0
4365,org.apache.ivy.core.settings.IvySettings.addSystemProperties(),74,5,27,5,6
4366,"org.apache.ivy.core.module.descriptor.DefaultDependencyDescriptor.DefaultDependencyDescriptor(ModuleDescriptor, ModuleRevisionId, boolean, boolean, boolean)",1151,11,222,2,2
4367,org.apache.ivy.core.publish.PublishOptions.setPubbranch(String),363,14,90,0,0
4368,org.apache.ivy.core.report.MetadataArtifactDownloadReport.getOriginalLocalFile(),687,13,105,0,0
4369,org.apache.ivy.core.settings.IvySettings.setStatusManager(StatusManager),14,5,7,0,0
4370,org.apache.ivy.plugins.resolver.DependencyResolver.reportFailure(),302,15,53,0,0
4371,org.apache.ivy.plugins.resolver.BasicResolver.isCheckconsistency(),468,12,99,0,0
4372,org.apache.ivy.plugins.version.VersionRangeMatcher.MRIDArtifactInfo.MRIDArtifactInfo(ModuleRevisionId),10,6,2,0,0
4373,org.apache.ivy.plugins.matcher.ExactPatternMatcher.ExactMatcher.ExactMatcher(String),2,1,1,0,0
4374,org.apache.ivy.ant.IvyPostResolveTask.isKeep(),37,6,15,1,1
4375,"org.apache.ivy.core.cache.RepositoryCacheManager.findModuleInCache(DependencyDescriptor, ModuleRevisionId, CacheMetadataOptions, String)",314,15,47,0,0
4376,org.apache.ivy.util.MessageLogger.endProgress(),14,4,5,0,0
4377,org.apache.ivy.plugins.resolver.DependencyResolver.locate(Artifact),74,8,19,0,0
4378,org.apache.ivy.core.search.ModuleEntry.getResolver(),6,2,2,1,1
4379,"org.apache.ivy.core.module.descriptor.Configuration.Configuration(Configuration, ModuleRevisionId)",36,5,11,4,9
4380,"org.apache.ivy.util.url.URLHandlerDispatcher.download(URL, File, CopyProgressListener)",3,0,0,1,2
4381,"org.apache.ivy.util.XMLHelper.parse(URL, URL, DefaultHandler, LexicalHandler)",24,1,1,7,5
4382,org.apache.ivy.core.settings.IvySettings.setDefaultLockStrategy(LockStrategy),27,5,11,0,0
4383,"org.apache.ivy.core.resolve.IvyNodeEviction.getPendingConflicts(String, ModuleId)",11,1,1,5,2
4384,org.apache.ivy.core.cache.DefaultRepositoryCacheManager.parseDuration(String),17,5,3,1,1
4385,org.apache.ivy.core.resolve.ResolveProcessException.ResolveProcessException(),2,1,1,0,0
4386,org.apache.ivy.plugins.lock.DeleteOnExitHook.runHook(),2,1,1,0,0
4387,org.apache.ivy.Ivy.listOrganisations(),14,1,1,3,7
4388,org.apache.ivy.core.module.descriptor.MDArtifact.getModuleRevisionId(),2,0,0,1,1
4389,org.apache.ivy.core.resolve.IvyNodeCallers.Caller.hashCode(),7,0,0,2,5
4390,org.apache.ivy.plugins.repository.LazyResource.LazyResource(String),2,1,1,0,0
4391,org.apache.ivy.plugins.lock.AbstractLockStrategy.isDebugLocking(),20,6,7,0,0
4392,org.apache.ivy.osgi.repo.AbstractFSManifestIterable.FSManifestIterator.next(),23,0,0,5,9
4393,org.apache.ivy.util.Message.setDefaultLogger(MessageLogger),428,23,85,1,1
4394,org.apache.ivy.core.cache.DefaultRepositoryCacheManager.dumpSettings(),26,0,0,4,9
4395,org.apache.ivy.core.module.id.ModuleRules.getRules(ModuleId),11,2,2,4,2
4396,org.apache.ivy.plugins.repository.Repository.getFileSeparator(),26,5,8,0,0
4397,"org.apache.ivy.osgi.util.DelegatingHandler.doProcessingInstruction(String, String)",2,1,1,0,0
4398,org.apache.ivy.ant.IvyTask.getSettings(),920,13,167,5,4
4399,org.apache.ivy.ant.IvyResolve.isHaltonfailure(),757,15,107,0,0
4400,"org.apache.ivy.osgi.obr.xml.OBRXMLWriter.characters(ContentHandler, String)",34,5,13,0,0
4401,org.apache.ivy.core.module.descriptor.AbstractIncludeExcludeRule.toString(),9,1,2,3,3
4402,"org.apache.ivy.core.deliver.DeliverEngine.deliver(String, String, DeliverOptions)",257,1,1,15,50
4403,org.apache.ivy.ant.IvyResolve.getCheckIfChanged(),757,15,107,0,0
4404,org.apache.ivy.plugins.resolver.DualResolver.commitPublishTransaction(),2,0,0,1,1
4405,org.apache.ivy.ant.IvyResources.IvyBaseResourceCollectionWrapper.getCollection(),316,0,0,23,45
4406,org.apache.ivy.core.module.descriptor.DefaultModuleDescriptor.addLicense(License),420,13,86,0,0
4407,org.apache.ivy.core.settings.XmlSettingsParser.propertiesStarted(Map),180,7,49,4,5
4408,org.apache.ivy.ant.IvyAntSettings.setId(String),2,1,1,0,0
4409,"org.apache.ivy.ant.IvyCacheFileset.getPath(File, File)",318,23,45,0,0
4410,org.apache.ivy.ant.IvyRetrieve.setOverwriteMode(String),1,0,0,0,0
4411,org.apache.ivy.plugins.repository.LazyResource.getContentLength(),3,0,0,2,1
4412,"org.apache.ivy.plugins.repository.ssh.Scp.parseTLine(String, FileInfo)",10,3,4,1,2
4413,org.apache.ivy.core.resolve.IvyNode.hashCode(),11,2,2,2,5
4414,org.apache.ivy.core.cache.DefaultRepositoryCacheManager.isOriginalMetadataArtifact(Artifact),26,5,9,1,2
4415,org.apache.ivy.core.resolve.VisitNode.getRequestedConf(),471,14,86,0,0
4416,"org.apache.ivy.core.module.descriptor.DefaultModuleDescriptor.DefaultModuleDescriptor(ModuleRevisionId, String, Date)",808,13,158,2,1
4417,org.apache.ivy.osgi.updatesite.xml.EclipseFeature.setImage(String),18,5,13,0,0
4418,org.apache.ivy.plugins.parser.xml.UpdateOptions.setUpdateBranch(boolean),174,12,48,0,0
4419,org.apache.ivy.core.settings.XmlSettingsParser.includeStarted(Map),180,7,40,5,10
4420,org.apache.ivy.core.search.SearchEngine.listModules(String),14,4,6,1,2
4421,org.apache.ivy.ant.testutil.AntTestListener.AntTestListener(int),3,2,1,0,0
4422,org.apache.ivy.core.resolve.VisitNode.computeRoot(),3,0,0,1,2
4423,org.apache.ivy.core.resolve.ResolveOptions.isDownload(),631,15,98,0,0
4424,org.apache.ivy.osgi.util.DelegatingHandler.ChildElementHandler._childHanlded(DelegatingHandler),3,1,1,1,1
4425,"org.apache.ivy.osgi.repo.AbstractOSGiResolver.get(Resource, File)",172,0,0,15,47
4426,"org.apache.ivy.core.settings.IvySettings.setVariable(String, String, boolean)",122,6,44,5,5
4427,"org.apache.ivy.core.search.SearchEngine.listModules(DependencyResolver, ModuleRevisionId, PatternMatcher)",720,13,92,14,49
4428,org.apache.ivy.plugins.version.ChainVersionMatcher.getMatchers(),1,0,0,0,0
4429,org.apache.ivy.ant.IvyInstall.setType(String),1,0,0,0,0
4430,org.apache.ivy.core.module.descriptor.DependencyDescriptor.getIncludeRules(String[]),4,2,2,0,0
4431,org.apache.ivy.core.resolve.IvyNode.isCompletelyEvicted(),703,13,107,19,49
4432,org.apache.ivy.core.cache.DefaultRepositoryCacheManager.getTTL(ModuleRevisionId),125,10,22,6,5
4433,"org.apache.ivy.core.repository.RepositoryManagementEngine.getAllRevisions.(Anon_1).compare(Object, Object)",3,0,0,1,2
4434,org.apache.ivy.core.module.descriptor.DefaultModuleDescriptor.getAllDependencyDescriptorMediators(),7,0,0,4,3
4435,org.apache.ivy.core.settings.IvySettings.addConfigured(ReportOutputter),6,0,0,3,2
4436,org.apache.ivy.core.settings.IvySettings.IvySettings(IvyVariableContainer),181,8,30,4,29
4437,org.apache.ivy.plugins.matcher.RegexpPatternMatcher.newMatcher(String),2,0,0,1,1
4438,"org.apache.ivy.plugins.resolver.BasicResolver.getArtifactRef(Artifact, Date)",126,9,22,4,13
4439,"org.apache.ivy.core.publish.PublishEngine.PublishEngine(PublishEngineSettings, EventManager)",92,7,31,0,0
4440,org.apache.ivy.ant.IvyTask.splitConfs(String),1122,14,227,0,0
4441,org.apache.ivy.core.module.descriptor.DefaultModuleDescriptor.getLastModified(),2,1,1,0,0
4442,org.apache.ivy.plugins.repository.jar.JarResource.openStream(),1,0,0,0,0
4443,org.apache.ivy.plugins.resolver.DualResolver.dumpSettings(),13,0,0,4,5
4444,org.apache.ivy.core.module.id.ModuleRules.dump(String),45,6,9,4,5
4445,org.apache.ivy.plugins.resolver.util.ResolvedResource.getRevision(),514,12,119,0,0
4446,org.apache.ivy.osgi.repo.ModuleDescriptorWrapper.unwrap(Collection),366,7,36,19,47
4447,"org.apache.ivy.plugins.parser.m2.PomModuleDescriptorWriter.IvyVariableContainerWrapper.setVariable(String, String, boolean)",1,0,0,0,0
4448,"org.apache.ivy.osgi.repo.AbstractOSGiResolver.findNames(Map, String)",283,0,0,20,47
4449,"org.apache.ivy.plugins.resolver.RepositoryResolver.get(Resource, File)",16,0,0,4,5
4450,org.apache.ivy.util.Configurator.Macro.recordCreateChild(String),25,4,9,1,1
4451,"org.apache.ivy.Main.outputCachePath(Ivy, File, ModuleDescriptor, String[], String)",625,15,133,8,7
4452,org.apache.ivy.core.publish.PublishOptions.isValidate(),292,14,45,0,0
4453,"org.apache.ivy.plugins.resolver.util.MDResolvedResource.MDResolvedResource(Resource, String, ResolvedModuleRevision)",327,15,45,1,1
4454,org.apache.ivy.core.cache.DefaultRepositoryCacheManager.clean(),30,0,0,7,7
4455,org.apache.ivy.plugins.report.XmlReportParser.getArtifactReports(),291,21,53,1,1
4456,org.apache.ivy.osgi.util.Version.hashCode(),5,1,3,1,1
4457,org.apache.ivy.Ivy14.configureDefault(),142,0,0,9,37
4458,org.apache.ivy.util.Configurator.MacroDef.MacroDef(String),11,4,7,0,0
4459,org.apache.ivy.plugins.resolver.IBiblioResolver.setUseMavenMetadata(boolean),22,4,9,0,0
4460,org.apache.ivy.Ivy14.splitConfs(String),305,14,52,0,0
4461,org.apache.ivy.plugins.resolver.DualResolver.setArtifactResolver(DependencyResolver),1,0,0,0,0
4462,"org.apache.ivy.core.resolve.ResolveEngine.getDependenciesFetchedKey(IvyNode, String)",13,1,2,2,6
4463,org.apache.ivy.ant.IvyPublish.getModule(),363,16,64,0,0
4464,org.apache.ivy.util.Message.showInfo(),181,8,58,4,5
4465,org.apache.ivy.osgi.updatesite.xml.EclipseFeature.setPatch(String),14,5,9,0,0
4466,"org.apache.ivy.Ivy14.resolve(ModuleDescriptor, String[], File, Date, boolean, boolean, boolean, boolean, boolean, boolean, Filter)",646,0,0,16,98
4467,"org.apache.ivy.core.resolve.IvyNode.getEvictedNodes(ModuleId, String)",371,15,50,6,2
4468,org.apache.ivy.osgi.util.DelegatingHandler.getLocator(),109,7,31,0,0
4469,"org.apache.ivy.plugins.parser.xml.XmlModuleDescriptorUpdater.update(URL, InputStream, OutputStream, UpdateOptions)",26,5,5,2,10
4470,org.apache.ivy.plugins.parser.xml.XmlModuleDescriptorUpdater.UpdaterHandler.startElementInDependency(Attributes),243,8,19,14,49
4471,"org.apache.ivy.osgi.updatesite.UpdateSiteResolver.init.(Anon_1).endArtifactDownload(RepositoryCacheManager, Artifact, ArtifactDownloadReport, File)",12,0,0,4,5
4472,org.apache.ivy.util.ChecksumHelper.isKnownAlgorithm(String),62,7,12,0,0
4473,org.apache.ivy.ant.IvyReport.setCache(File),2,0,0,1,1
4474,org.apache.ivy.osgi.obr.xml.RequirementAdapter.getVersionRange(),6,2,3,1,1
4475,org.apache.ivy.plugins.repository.ssh.SshCache.Entry.getHost(),163,14,48,0,0
4476,"org.apache.ivy.core.cache.DefaultRepositoryCacheManager.doFindModuleInCache(ModuleRevisionId, CacheMetadataOptions, String)",414,5,39,14,52
4477,org.apache.ivy.core.cache.DefaultRepositoryCacheManager.getSavedArtResolverName(ModuleDescriptor),327,15,41,10,11
4478,org.apache.ivy.core.module.id.ArtifactId.equals(Object),16,3,5,1,5
4479,org.apache.ivy.core.resolve.IvyNodeCallers.getCallers(String),24,6,10,0,0
4480,org.apache.ivy.osgi.util.DelegatingHandler.doError(SAXParseException),2,1,1,0,0
4481,"org.apache.ivy.util.Configurator.MacroDef.addAttribute(String, String)",20,5,7,2,3
4482,"org.apache.ivy.util.cli.Option.Option(String, String[], String, boolean, boolean, boolean)",2,1,1,0,0
4483,org.apache.ivy.core.module.descriptor.Artifact.getId(),449,16,88,0,0
4484,"org.apache.ivy.core.resolve.IvyNode.setResolvedNodes(ModuleId, String, Collection)",371,15,50,2,1
4485,"org.apache.ivy.core.cache.DefaultRepositoryCacheManager.download(Artifact, ArtifactResourceResolver, ResourceDownloader, CacheDownloadOptions)",413,16,39,9,42
4486,"org.apache.ivy.core.cache.DefaultRepositoryCacheManager.originalToCachedModuleDescriptor(DependencyResolver, ResolvedResource, Artifact, ResolvedModuleRevision, ModuleDescriptorWriter)",147,0,0,9,32
4487,org.apache.ivy.core.module.descriptor.Artifact.getName(),431,13,105,0,0
4488,org.apache.ivy.ant.IvyConfigure.execute(),185,0,0,8,65
4489,"org.apache.ivy.core.module.descriptor.DefaultModuleDescriptor.dependsOn(VersionMatcher, ModuleDescriptor)",9,0,0,1,8
4490,"org.apache.ivy.osgi.obr.xml.OBRXMLWriter.saxCapabilityProperty(String, String, ContentHandler)",11,4,5,2,1
4491,org.apache.ivy.plugins.resolver.AbstractPatternsBasedResolver.getArtifactPatterns(),272,16,45,0,0
4492,org.apache.ivy.plugins.resolver.AbstractResolver.toSystem(Artifact),78,4,10,6,13
4493,"org.apache.ivy.plugins.parser.AbstractModuleDescriptorParserTester.assertDependencyArtifactIncludeRules(DependencyDescriptor, String[], String[])",4,0,0,1,3
4494,org.apache.ivy.plugins.matcher.MapMatcher.getPatternMatcher(),21,5,9,0,0
4495,org.apache.ivy.core.module.descriptor.DefaultModuleDescriptor.addConfiguration(Configuration),923,13,186,1,1
4496,"org.apache.ivy.core.settings.IvySettings.ModuleSettings.ModuleSettings(String, String, String, String)",11,4,3,0,0
4497,org.apache.ivy.core.settings.IvySettings.addConfigured(CircularDependencyStrategy),3,0,0,2,1
4498,org.apache.ivy.plugins.repository.url.ChainedRepository.logSuccess(Repository),29,5,8,4,5
4499,org.apache.ivy.plugins.parser.m2.PomWriterOptions.getMapping(),42,4,25,0,0
4500,org.apache.ivy.plugins.parser.m2.PomReader.getHomePage(),399,12,106,2,2
4501,"org.apache.ivy.core.resolve.IvyNode.isDependencyModuleExcluded(DependencyDescriptor, String, ModuleRevisionId, String)",279,14,48,7,11
4502,org.apache.ivy.osgi.core.BundleInfo.setPresentationName(String),32,7,8,0,0
4503,org.apache.ivy.core.event.IvyEventFilter.IvyEventFilter.(Anon_1).accept(Object),3,0,0,1,2
4504,org.apache.ivy.core.cache.ParserSettingsMonitor.(Anon_1).getConflictManager(String),2,0,0,1,1
4505,org.apache.ivy.ant.IvyCleanCache.setResolution(boolean),1,0,0,0,0
4506,org.apache.ivy.ant.IvyReport.createParam(),1,0,0,0,0
4507,org.apache.ivy.plugins.repository.file.FileRepository.standardize(String),4,0,0,2,2
4508,org.apache.ivy.ant.IvyResolve.setResolveId(String),124,10,35,0,0
4509,org.apache.ivy.ant.IvyPostResolveTask.isUseOrigin(),384,14,66,0,0
4510,"org.apache.ivy.core.resolve.ResolveData.ResolveData(ResolveEngine, ResolveOptions)",673,15,143,1,1
4511,org.apache.ivy.core.module.descriptor.DefaultModuleDescriptor.getExtraInfoByTagName(String),15,2,10,1,1
4512,org.apache.ivy.osgi.obr.xml.OBRXMLParser.ResourceHandler.ResourceHandler.(Anon_6).childHanlded(ResourceSizeHandler),26,0,0,6,6
4513,org.apache.ivy.plugins.matcher.ExactPatternMatcher.newMatcher(String),2,0,0,1,1
4514,org.apache.ivy.osgi.updatesite.xml.UpdateSite.setUri(URI),20,5,11,0,0
4515,org.apache.ivy.osgi.p2.PropertiesParser.PropertiesHandler.PropertiesHandler(String...),21,4,7,2,3
4516,"org.apache.ivy.core.cache.ModuleDescriptorMemoryCache.CacheEntry.isStale(boolean, ParserSettings)",14,1,1,5,5
4517,org.apache.ivy.core.resolve.IvyNodeEviction.IvyNodeEviction(IvyNode),16,6,5,0,0
4518,org.apache.ivy.core.cache.ParserSettingsMonitor.(Anon_1).getDefaultBranch(ModuleId),2,0,0,1,1
4519,"org.apache.ivy.osgi.core.BundleInfoAdapter.requirementAsDependency(DefaultModuleDescriptor, BundleInfo, Set)",268,6,32,16,49
4520,org.apache.ivy.core.publish.PublishOptions.getConfs(),292,13,59,0,0
4521,org.apache.ivy.osgi.util.VersionRange.contains(Version),5,2,1,2,1
4522,org.apache.ivy.core.settings.IvySettings.addConfigured(SignatureGenerator),6,0,0,3,2
4523,org.apache.ivy.core.module.descriptor.DependencyDescriptor.getIncludeRules(String),24,3,19,0,0
4524,org.apache.ivy.plugins.version.ExactVersionMatcher.ExactVersionMatcher(),11,3,4,1,1
4525,org.apache.ivy.ant.IvyDependency.setRev(String),1,0,0,0,0
4526,"org.apache.ivy.util.XMLHelper.parse(InputSource, URL, DefaultHandler, LexicalHandler, boolean)",21,1,1,5,5
4527,org.apache.ivy.plugins.repository.ssh.AbstractSshBasedRepository.getRepositoryScheme(),13,5,5,0,0
4528,org.apache.ivy.osgi.p2.P2MetadataParser.ReferencesHandler.ReferencesHandler(),24,6,8,2,3
4529,org.apache.ivy.osgi.core.ManifestHeaderElement.addValue(String),4,3,1,0,0
4530,org.apache.ivy.ant.IvyPublish.setOrganisation(String),1,0,0,0,0
4531,org.apache.ivy.core.settings.IvyVariableContainerImpl.IvyVariableContainerImpl(),76,6,29,0,0
4532,org.apache.ivy.plugins.resolver.VfsResolver.VfsResolver(),3,0,0,1,2
4533,org.apache.ivy.osgi.repo.AbstractOSGiResolver.init(),3,2,1,0,0
4534,org.apache.ivy.core.module.descriptor.ConfigurationIntersection.getVisibility(),2,0,0,1,1
4535,"org.apache.ivy.plugins.resolver.ResolverTestHelper.assertModuleEntries(DependencyResolver, OrganisationEntry, String[], ModuleEntry[])",6,0,0,3,3
4536,org.apache.ivy.ant.BuildOBRTask.setBaseDir(File),1,0,0,0,0
4537,org.apache.ivy.ant.IvyPublish.getPubbranch(),363,16,64,0,0
4538,"org.apache.ivy.util.extendable.ExtendableItemHelper.fillExtraAttributes(ParserSettings, DefaultExtendableItem, Attributes, String[])",53,7,14,2,2
4539,"org.apache.ivy.core.search.SearchEngine.listRevisions(String, String)",14,4,6,1,2
4540,org.apache.ivy.plugins.parser.xml.XmlModuleDescriptorParser.Parser.setPublicationsDefaultConf(String),13,8,4,0,0
4541,org.apache.ivy.core.settings.IvySettings.getStatusManager(),155,12,50,4,2
4542,"org.apache.ivy.core.settings.XmlSettingsParser.versionMatchersStarted(String, Map)",180,7,48,5,7
4543,org.apache.ivy.osgi.repo.AggregatedRepoDescriptor.AggregatedRepoDescriptor(List),7,4,2,0,0
4544,org.apache.ivy.osgi.obr.xml.Capability.getProperties(),20,5,8,0,0
4545,org.apache.ivy.plugins.parser.xml.XmlModuleDescriptorParser.Parser.mergeAll(ModuleDescriptor),235,1,1,15,47
4546,org.apache.ivy.plugins.repository.vsftp.VsftpRepository.setReuseConnection(long),4,3,1,0,0
4547,"org.apache.ivy.plugins.conflict.RegexpConflictManager.resolveConflicts(IvyNode, Collection)",28,0,0,6,7
4548,"org.apache.ivy.util.MessageLogger.log(String, int)",126,9,44,0,0
4549,org.apache.ivy.util.url.URLHandler.URLInfo.getLastModified(),9,2,5,0,0
4550,org.apache.ivy.plugins.resolver.ChainResolver.isDual(),23,5,10,0,0
4551,org.apache.ivy.core.settings.IvySettings.setDefaultIvyUserDir(File),70,6,21,7,5
4552,"org.apache.ivy.ant.IvyTask.setResolved(ResolveReport, boolean)",8,1,1,1,6
4553,org.apache.ivy.ant.IvyTask.getSettingsRef(),376,16,63,0,0
4554,org.apache.ivy.core.module.descriptor.OverrideDependencyDescriptorMediator.mediate(DependencyDescriptor),183,0,0,14,49
4555,org.apache.ivy.core.module.descriptor.ModuleDescriptor.isDefault(),745,12,227,0,0
4556,org.apache.ivy.ant.IvyPostResolveTask.setCache(File),2,0,0,1,1
4557,org.apache.ivy.util.url.IvyAuthenticator.getPasswordAuthentication(),19,0,0,4,7
4558,org.apache.ivy.plugins.repository.LazyResource.setLocal(boolean),9,2,7,0,0
4559,org.apache.ivy.ant.IvyCacheFileset.doExecute(),318,0,0,22,45
4560,org.apache.ivy.core.module.id.ModuleRevisionId.getBranch(),1020,13,305,0,0
4561,org.apache.ivy.plugins.lock.FileBasedLockStrategy.debugLocking(String),26,3,10,4,5
4562,org.apache.ivy.plugins.lock.DeleteOnExitHook.remove(File),2,1,1,0,0
4563,"org.apache.ivy.core.module.descriptor.DefaultDependencyDescriptor.addDependencyConfiguration(String, String)",1291,11,269,2,4
4564,org.apache.ivy.plugins.parser.m2.PomWriterOptions.setDescription(String),29,3,18,0,0
4565,org.apache.ivy.plugins.parser.xml.XmlModuleDescriptorParser.Parser.checkConfigurations(),445,13,85,6,4
4566,org.apache.ivy.ant.IvyInstall.setRevision(String),1,0,0,0,0
4567,org.apache.ivy.plugins.resolver.util.FileURLLister.listAll(URL),1,0,0,0,0
4568,org.apache.ivy.core.resolve.ResolveOptions.ResolveOptions(),1201,11,241,0,0
4569,org.apache.ivy.plugins.repository.ssh.AbstractSshBasedRepository.getSession(String),227,5,16,14,44
4570,"org.apache.ivy.core.module.descriptor.ConfigurationIntersection.ConfigurationIntersection(String, Map)",21,5,5,6,1
4571,"org.apache.ivy.core.retrieve.RetrieveEngine.getConflictResolvingPolicy.(Anon_1).compare(Object, Object)",3,0,0,1,2
4572,org.apache.ivy.ant.IvyExtractFromSources.addConfiguredIgnore(Ignore),2,0,0,1,1
4573,org.apache.ivy.plugins.resolver.AbstractPatternsBasedResolver.convertM2OrganizationForResourceSearch(String),2,1,1,0,0
4574,org.apache.ivy.util.cli.Option.getName(),2,1,1,0,0
4575,org.apache.ivy.osgi.core.ManifestParser.versionOf(String),59,8,20,1,1
4576,"org.apache.ivy.plugins.repository.ssh.Scp.get(String, String)",1,0,0,0,0
4577,org.apache.ivy.core.retrieve.RetrieveEngine.getCache(),72,5,44,1,1
4578,org.apache.ivy.core.module.descriptor.ExtendsDescriptor.getParentMd(),282,15,46,0,0
4579,org.apache.ivy.osgi.obr.xml.Capability.Capability(String),4,3,1,0,0
4580,"org.apache.ivy.plugins.namespace.NameSpaceHelper.toSystem(ResolvedModuleRevision, Namespace)",156,5,5,9,40
4581,org.apache.ivy.util.url.IvyAuthenticator.isProxyAuthentication(),19,3,5,4,5
4582,org.apache.ivy.plugins.resolver.IBiblioHelper.main(String[]),3,0,0,2,1
4583,org.apache.ivy.ant.IvyResolve.setTransitive(boolean),124,10,35,0,0
4584,org.apache.ivy.plugins.resolver.CacheResolver.locate(Artifact),108,0,0,8,26
4585,org.apache.ivy.plugins.repository.ssh.SshCache.Entry.getPort(),163,14,48,0,0
4586,org.apache.ivy.ant.IvyAntSettings.Credentials.setUsername(String),2,0,0,1,1
4587,"org.apache.ivy.core.resolve.IvyNodeEviction.setResolvedNodes(ModuleId, String, Collection)",3,1,1,1,1
4588,"org.apache.ivy.core.resolve.IvyNodeEviction.getEvictedNodes(ModuleId, String)",11,1,1,5,2
4589,"org.apache.ivy.Ivy14.getDependencies(ModuleDescriptor, String[], File, Date, ResolveReport, boolean, boolean)",545,0,0,16,95
4590,org.apache.ivy.core.resolve.IvyNodeUsage.getDependencyArtifactsSet(String),80,8,25,1,1
4591,org.apache.ivy.plugins.report.XmlReportParser.SaxXmlReportParser.getModuleRevisionIds(),2,1,1,0,0
4592,org.apache.ivy.plugins.circular.IgnoreCircularDependencyStrategy.getInstance(),57,7,12,0,0
4593,org.apache.ivy.core.module.descriptor.DefaultModuleDescriptor.getRevision(),44,7,20,1,2
4594,org.apache.ivy.osgi.p2.P2Descriptor.finish(),39,6,9,1,7
4595,org.apache.ivy.core.settings.IvySettings.addAllVariables(Map),165,10,36,7,5
4596,"org.apache.ivy.plugins.parser.AbstractModuleDescriptorParserTester.assertDependencyArtifacts(DependencyDescriptor, String[], String[])",3,0,0,1,2
4597,"org.apache.ivy.core.module.descriptor.DefaultModuleDescriptor.DefaultModuleDescriptor(ModuleDescriptorParser, Resource)",366,17,85,0,0
4598,org.apache.ivy.osgi.p2.P2MetadataParser.UnitsHandler.UnitsHandler(),24,3,1,4,9
4599,org.apache.ivy.plugins.repository.vsftp.VsftpRepository.toString(),5,0,0,1,4
4600,org.apache.ivy.ant.IvyVar.getValue(),31,8,7,0,0
4601,"org.apache.ivy.osgi.util.DelegatingHandler.notationDecl(String, String, String)",2,0,0,1,1
4602,"org.apache.ivy.util.cli.CommandLine.getOptionValue(String, String)",625,15,140,2,1
4603,org.apache.ivy.plugins.repository.ssh.SshRepository.getExecChannel(Session),193,16,44,0,0
4604,"org.apache.ivy.core.settings.IvySettings.addModuleConfiguration(Map, PatternMatcher, String, String, String, String)",13,2,1,3,4
4605,org.apache.ivy.plugins.latest.ArtifactInfo.getLastModified(),4,2,2,0,0
4606,org.apache.ivy.plugins.parser.xml.XmlModuleDescriptorParser.Parser.getBuffer(),419,13,86,0,0
4607,org.apache.ivy.plugins.repository.vsftp.VsftpRepository.list(String),177,0,0,11,46
4608,org.apache.ivy.core.settings.IvySettings.getResolvers(),203,15,49,0,0
4609,org.apache.ivy.core.settings.IvySettings.getDefaultConflictManager(),56,6,12,3,3
4610,org.apache.ivy.plugins.latest.ComparatorLatestStrategy.sort(ArtifactInfo[]),1,0,0,0,0
4611,"org.apache.ivy.util.FileUtil.copy(File, File, CopyProgressListener, boolean)",272,12,50,5,5
4612,"org.apache.ivy.plugins.resolver.BasicResolver.get(Resource, File)",28,5,8,0,0
4613,org.apache.ivy.osgi.updatesite.xml.EclipseFeature.getVersion(),25,4,21,0,0
4614,org.apache.ivy.ant.AntBuildTrigger.progress(IvyEvent),161,0,0,12,46
4615,org.apache.ivy.core.module.descriptor.DefaultIncludeRule.toString(),8,0,0,4,3
4616,org.apache.ivy.core.resolve.ResolveEngineSettings.logResolvedRevision(),310,15,61,0,0
4617,"org.apache.ivy.ant.IvyAntVariableContainer.setPropertyIfNotSet(String, String)",4,2,2,0,0
4618,"org.apache.ivy.util.ConfigurationUtils.replaceWildcards(String[], ModuleDescriptor)",330,13,87,1,5
4619,org.apache.ivy.ant.IvyListModules.setOrganisation(String),1,0,0,0,0
4620,org.apache.ivy.plugins.parser.m2.PomModuleDescriptorBuilder.getDependencyManagementMap(ModuleDescriptor),19,0,0,4,7
4621,"org.apache.ivy.plugins.repository.ssh.Scp.sendFile(Channel, String, String, String)",6,2,1,2,2
4622,"org.apache.ivy.util.Configurator.setCurrent(Object, String)",28,3,12,2,7
4623,"org.apache.ivy.util.FileUtil.resolveFile(File, String)",8,3,3,2,1
4624,org.apache.ivy.osgi.updatesite.xml.UpdateSite.setMirrorsURL(String),6,2,4,0,0
4625,org.apache.ivy.core.resolve.ResolveOptions.getRevision(),639,14,100,0,0
4626,org.apache.ivy.core.cache.CacheDownloadOptions.isForce(),323,16,59,0,0
4627,org.apache.ivy.ant.AntBuildTrigger.getTarget(),161,13,46,0,0
4628,"org.apache.ivy.core.settings.XmlSettingsParser.IvyVariableContainerWrapper.setVariable(String, String, boolean)",2,0,0,1,1
4629,org.apache.ivy.osgi.filter.OSGiFilterParser.Parser.Parser(String),23,6,7,0,0
4630,org.apache.ivy.osgi.obr.xml.CapabilityProperty.getName(),20,5,8,0,0
4631,org.apache.ivy.Ivy14.interrupt(),17,0,0,6,5
4632,org.apache.ivy.core.settings.IvySettings.getConflictManager(ModuleId),19,0,0,5,6
4633,"org.apache.ivy.core.module.descriptor.DefaultDependencyDescriptor.DefaultDependencyDescriptor(ModuleRevisionId, boolean)",555,11,101,3,2
4634,org.apache.ivy.plugins.parser.xml.XmlModuleDescriptorParser.Parser.configurationStarted(Attributes),419,13,83,2,4
4635,org.apache.ivy.core.resolve.ResolveData.getVisitData(ModuleRevisionId),191,14,48,2,2
4636,org.apache.ivy.core.module.id.ArtifactRevisionId.toString(),94,10,20,2,4
4637,"org.apache.ivy.plugins.resolver.BasicResolver.getDefaultRMDParser.(Anon_3).parse(Resource, String)",227,0,0,14,47
4638,org.apache.ivy.core.module.descriptor.DefaultModuleDescriptor.setHomePage(String),420,13,86,0,0
4639,org.apache.ivy.plugins.parser.xml.XmlModuleDescriptorParser.Parser.dependenciesStarted(Attributes),419,13,79,7,5
4640,org.apache.ivy.plugins.resolver.FileSystemResolver.getFileRepository(),31,6,8,1,1
4641,"org.apache.ivy.core.search.SearchEngine.listModules(ModuleId, PatternMatcher)",185,1,1,15,49
4642,org.apache.ivy.osgi.repo.ModuleDescriptorWrapper.toString(),273,0,0,19,47
4643,org.apache.ivy.osgi.core.BundleRequirement.getResolution(),212,17,49,0,0
4644,org.apache.ivy.plugins.conflict.RegexpConflictManager.warnOrThrow(String),22,4,3,4,5
4645,"org.apache.ivy.Ivy14.getDependencies(URL, String[], File, Date, boolean)",551,0,0,17,95
4646,org.apache.ivy.core.resolve.ResolvedModuleRevision.getArtifactResolver(),513,14,115,0,0
4647,"org.apache.ivy.core.sort.SortEngine.sortModuleDescriptors(Collection, SortOptions)",62,3,4,6,12
4648,org.apache.ivy.core.module.descriptor.DefaultDependencyDescriptor.getAttributes(),2,0,0,1,1
4649,org.apache.ivy.osgi.filter.OSGiFilterParser.parse(String),32,3,6,5,7
4650,"org.apache.ivy.core.resolve.IvyNode.addDependencyDescriptor(IvyNode, DependencyDescriptor)",279,14,48,0,0
4651,"org.apache.ivy.osgi.repo.AggregatedRepoDescriptor.findModules(String, String)",2,0,0,1,1
4652,org.apache.ivy.util.StringUtils.encrypt(String),6,2,4,0,0
4653,org.apache.ivy.plugins.parser.xml.XmlModuleDescriptorParser.Parser.getSchemaURL(),88,9,18,0,0
4654,org.apache.ivy.core.pack.ZipPacking.getUnpackedExtension(String),1,0,0,0,0
4655,"org.apache.ivy.core.module.id.ModuleRevisionId.newInstance(String, String, String, String, Map)",343,9,95,13,49
4656,org.apache.ivy.util.MockMessageLogger.join(List),3,1,2,0,0
4657,org.apache.ivy.core.settings.IvySettings.setUseRemoteConfig(boolean),34,5,11,0,0
4658,org.apache.ivy.ant.IvyConfigure.getUserName(),2,0,0,1,1
4659,org.apache.ivy.ant.IvyBuildList.addFileset(FileSet),1,0,0,0,0
4660,org.apache.ivy.util.url.ApacheURLLister.listDirectories(URL),17,0,0,5,6
4661,org.apache.ivy.plugins.resolver.CacheResolver.CacheResolver(ResolverSettings),7,0,0,2,4
4662,org.apache.ivy.ant.IvyPublish.getArtifactspattern(),363,16,64,0,0
4663,"org.apache.ivy.plugins.resolver.BasicResolver.getAndCheck(Resource, File)",186,16,47,5,9
4664,org.apache.ivy.plugins.resolver.DualResolver.locate(Artifact),3,0,0,1,2
4665,"org.apache.ivy.plugins.parser.m2.PomReader.setProperty(String, String)",399,12,109,0,0
4666,org.apache.ivy.plugins.repository.ssh.SshRepository.setListCommand(String),3,2,1,0,0
4667,org.apache.ivy.ant.IvyBuildList.getReference(),98,9,26,0,0
4668,"org.apache.ivy.core.module.descriptor.DefaultDependencyDescriptor.getDependencyConfigurationsIncludingExtending(String, String)",12,0,0,3,6
4669,org.apache.ivy.ant.IvyAntSettings.addConfiguredCredentials(Credentials),22,0,0,5,5
4670,org.apache.ivy.core.module.descriptor.DefaultModuleDescriptor.getDefaultConf(),36,6,12,0,0
4671,org.apache.ivy.util.extendable.DefaultExtendableItem.DefaultExtendableItem(),4,0,0,3,1
4672,org.apache.ivy.core.publish.PublishOptions.setHaltOnMissing(boolean),363,16,64,0,0
4673,org.apache.ivy.core.resolve.IvyNode.getAllUsages(),300,16,51,0,0
4674,"org.apache.ivy.plugins.conflict.LatestCompatibleConflictManager.handleIncompatibleCaller(Stack, IvyNode, IvyNode, IvyNode, IvyNode, IvyNode, Collection, VersionMatcher)",222,0,0,20,49
4675,org.apache.ivy.ant.IvyDeliver.setPubbranch(String),363,16,64,0,0
4676,org.apache.ivy.plugins.repository.TransferEvent.setTotalLengthSet(boolean),13,3,5,0,0
4677,"org.apache.ivy.core.module.descriptor.MDArtifact.MDArtifact(ModuleDescriptor, String, String, String)",98,9,24,1,1
4678,"org.apache.ivy.plugins.repository.ssh.SshCache.getCacheEntry(String, String, int)",163,14,47,1,1
4679,org.apache.ivy.util.MessageLoggerHelper.sumupProblems(MessageLogger),14,4,3,1,5
4680,org.apache.ivy.osgi.util.VersionRange.isEndExclusive(),8,4,4,0,0
4681,"org.apache.ivy.plugins.parser.m2.PomModuleDescriptorWriter.getDependencies(ModuleDescriptor, PomWriterOptions)",42,4,25,2,5
4682,"org.apache.ivy.osgi.core.OSGiManifestParser.getMetadataArtifact(ModuleRevisionId, Resource)",25,0,0,7,9
4683,org.apache.ivy.core.sort.ModuleInSort.ModuleInSort(ModuleDescriptor),5,3,2,0,0
4684,"org.apache.ivy.core.module.descriptor.DefaultArtifact.DefaultArtifact(ModuleRevisionId, Date, String, String, String, boolean)",25,1,3,5,9
4685,org.apache.ivy.core.retrieve.RetrieveEngineSettings.getVariables(),258,12,71,0,0
4686,"org.apache.ivy.plugins.resolver.BasicResolver.getRevision(ResolvedResource, ModuleRevisionId, ModuleDescriptor)",468,8,75,14,47
4687,org.apache.ivy.plugins.resolver.RepositoryResolver.isAlwaysCheckExactRevision(),273,16,44,0,0
4688,org.apache.ivy.core.module.descriptor.AbstractArtifact.getExtraAttributes(),3,0,0,1,2
4689,org.apache.ivy.plugins.repository.ssh.AbstractSshBasedRepository.setPassFile(File),31,7,7,0,0
4690,"org.apache.ivy.ant.IvyArtifactReport.startArtifact(TransformerHandler, Artifact)",235,21,49,1,3
4691,org.apache.ivy.plugins.resolver.AbstractResolver.initRepositoryCacheManagerFromSettings(),26,6,8,1,3
4692,org.apache.ivy.Ivy.getIvyHomeURL(),712,15,148,0,0
4693,"org.apache.ivy.plugins.parser.ModuleDescriptorParserRegistry.parseDescriptor(ParserSettings, URL, Resource, boolean)",14,0,0,4,5
4694,org.apache.ivy.core.resolve.IvyNodeEviction.ModuleIdConf.getModuleId(),6,2,3,0,0
4695,"org.apache.ivy.core.IvyContext.set(String, Object)",22,5,12,0,0
4696,org.apache.ivy.ant.IvyVar.getVarName(String),31,8,7,1,1
4697,org.apache.ivy.util.Configurator.MacroDef.addConfiguredAttribute(Attribute),5,2,2,1,1
4698,org.apache.ivy.plugins.resolver.ResolverSettings.getVariable(String),19,3,7,0,0
4699,"org.apache.ivy.osgi.core.BundleInfo.BundleInfo(String, Version)",110,8,46,0,0
4700,org.apache.ivy.osgi.obr.xml.OBRXMLWriter.buildFilter(BundleRequirement),15,2,2,4,5
4701,org.apache.ivy.plugins.parser.AbstractModuleDescriptorParser.AbstractParser.checkErrors(),89,9,18,0,0
4702,org.apache.ivy.plugins.report.LogReportOutputter.output(ConfigurationResolveReport),265,6,22,20,48
4703,org.apache.ivy.core.resolve.ResolveEngineSettings.getConflictManager(ModuleId),41,8,11,0,0
4704,"org.apache.ivy.Ivy14.listRevisions(String, String)",15,0,0,4,8
4705,org.apache.ivy.util.DefaultMessageLogger.DefaultMessageLogger(int),7,3,3,0,0
4706,org.apache.ivy.osgi.updatesite.xml.EclipseFeature.setColocationAffinity(String),18,5,13,0,0
4707,org.apache.ivy.plugins.repository.url.ChainedRepository.setRepositories(List),26,5,8,0,0
4708,org.apache.ivy.core.resolve.VisitNode.useRealNode(),471,14,86,4,2
4709,org.apache.ivy.core.install.InstallOptions.setOverwrite(boolean),695,15,97,0,0
4710,org.apache.ivy.plugins.parser.xml.XmlModuleDescriptorParser.Parser.addConfiguration(String),267,21,47,2,4
4711,org.apache.ivy.core.retrieve.RetrieveOptions.setResolveId(String),734,14,121,0,0
4712,org.apache.ivy.core.IvyContext.peekIvy(),168,10,50,0,0
4713,org.apache.ivy.core.module.descriptor.DefaultDependencyDescriptor.mergeAll(Map),4,1,3,0,0
4714,org.apache.ivy.osgi.repo.EditableRepoDescriptor.getCapabilities(),1,0,0,0,0
4715,org.apache.ivy.osgi.util.VersionRange.equals(Object),4,1,1,2,1
4716,org.apache.ivy.core.resolve.IvyNodeEviction.getAllEvictingNodes(),3,1,1,1,1
4717,"org.apache.ivy.core.module.descriptor.DefaultModuleDescriptor.newBasicInstance(ModuleRevisionId, Date)",760,15,93,6,12
4718,org.apache.ivy.plugins.repository.file.FileRepository.list(String),8,0,0,4,2
4719,org.apache.ivy.plugins.resolver.util.ResolverHelper.standardize(String),25,5,9,0,0
4720,"org.apache.ivy.osgi.obr.xml.RequirementAdapter.adapt(BundleInfo, Requirement)",22,3,2,3,8
4721,org.apache.ivy.plugins.repository.ssh.Scp.receiveLine(InputStream),10,3,3,1,1
4722,org.apache.ivy.core.sort.ModuleInSort.getSortedModuleDescriptor(),11,4,5,0,0
4723,org.apache.ivy.core.deliver.DeliverOptions.getConfs(),248,15,46,0,0
4724,"org.apache.ivy.util.filter.OrFilter.OrFilter(Filter, Filter)",5,2,3,0,0
4725,org.apache.ivy.ant.IvyBuildList.setHaltonerror(boolean),1,0,0,0,0
4726,"org.apache.ivy.util.cli.CommandLineParser.printHelp(PrintWriter, int, String, boolean)",7,1,1,2,4
4727,org.apache.ivy.core.resolve.IvyNode.getRequiredConfigurations(),2,1,1,0,0
4728,org.apache.ivy.plugins.resolver.IBiblioResolver.findSnapshotVersion(ModuleRevisionId),304,15,44,4,11
4729,org.apache.ivy.plugins.parser.xml.XmlModuleDescriptorUpdater.UpdaterHandler.writeInheritedDescription(ModuleDescriptor),249,16,44,2,5
4730,org.apache.ivy.plugins.repository.ssh.SshResource.clone(String),2,0,0,1,1
4731,org.apache.ivy.ant.IvyDependency.setOrg(String),1,0,0,0,0
4732,org.apache.ivy.util.Configurator.ObjectDescriptor.getCreateMethod(String),25,4,9,0,0
4733,"org.apache.ivy.core.resolve.IvyNodeEviction.getResolvedRevisions(ModuleId, String)",188,1,1,15,49
4734,org.apache.ivy.core.publish.PublishOptions.isUpdate(),292,14,45,0,0
4735,"org.apache.ivy.Ivy14.setVariable(String, String)",95,0,0,9,29
4736,org.apache.ivy.ant.IvyAntVariableContainer.getVariable(String),2,0,0,1,1
4737,org.apache.ivy.core.cache.DefaultRepositoryCacheManager.getChangingPattern(),26,5,8,0,0
4738,org.apache.ivy.plugins.trigger.LogTrigger.log(String),17,4,2,4,5
4739,org.apache.ivy.core.event.publish.PublishEvent.getArtifact(),1,0,0,0,0
4740,org.apache.ivy.ant.IvyVar.setName(String),1,0,0,0,0
4741,org.apache.ivy.ant.AntMessageLogger.doProgress(),1,0,0,0,0
4742,org.apache.ivy.ant.IvyTask.getIvyInstance(),1366,14,286,4,4
4743,"org.apache.ivy.core.cache.DefaultResolutionCacheManager.MapURLResolver.MapURLResolver(Map, RelativeUrlResolver)",3,2,1,0,0
4744,"org.apache.ivy.plugins.lock.LockStrategy.lockArtifact(Artifact, File)",89,10,15,0,0
4745,"org.apache.ivy.osgi.repo.ArtifactReportManifestIterable.ArtifactReportManifestIterable(List, List)",428,23,85,1,2
4746,"org.apache.ivy.util.extendable.UnmodifiableExtendableItem.UnmodifiableExtendableItem(Map, Map)",189,12,49,1,1
4747,org.apache.ivy.osgi.repo.ManifestAndLocation.getManifest(),123,9,52,0,0
4748,org.apache.ivy.plugins.resolver.AbstractPatternsBasedResolver.addConfiguredArtifact(IvyPattern),8,4,2,1,1
4749,"org.apache.ivy.core.resolve.IvyNode.IvyNode(ResolveData, ModuleDescriptor)",530,16,95,3,3
4750,org.apache.ivy.core.module.descriptor.DefaultModuleDescriptor.getExtraAttributes(),2,0,0,1,1
4751,org.apache.ivy.util.filter.FilterHelper.getArtifactTypeFilter(String[]),626,15,137,1,1
4752,org.apache.ivy.plugins.namespace.NamespaceRule.getFromSystem(),197,17,47,0,0
4753,org.apache.ivy.osgi.updatesite.xml.EclipsePlugin.setVersion(Version),7,2,5,0,0
4754,org.apache.ivy.core.module.id.ModuleRevisionId.getRevision(),1276,12,487,0,0
4755,org.apache.ivy.core.report.ArtifactDownloadReport.setDownloadDetails(String),437,15,105,0,0
4756,org.apache.ivy.plugins.parser.xml.UpdateOptions.isGenerateRevConstraint(),11,2,9,0,0
4757,org.apache.ivy.ant.IvyAntSettings.setFile(File),2,1,1,0,0
4758,org.apache.ivy.osgi.filter.MultiOperatorFilter.hashCode(),1,0,0,0,0
4759,org.apache.ivy.core.module.descriptor.DefaultModuleDescriptor.isNamespaceUseful(),29,5,8,1,1
4760,org.apache.ivy.plugins.parser.m2.PomReader.getPomProperties(),399,12,106,1,3
4761,org.apache.ivy.core.module.descriptor.AbstractIncludeExcludeRule.getConfigurations(),1,0,0,0,0
4762,org.apache.ivy.core.resolve.IvyNode.getConfigurations(String),421,16,81,1,2
4763,org.apache.ivy.plugins.parser.m2.PomReader.replaceProps(String),20,3,16,0,0
4764,"org.apache.ivy.core.module.descriptor.DefaultDependencyDescriptor.DefaultDependencyDescriptor(DefaultDependencyDescriptor, ModuleRevisionId)",8,1,1,2,5
4765,"org.apache.ivy.osgi.obr.xml.OBRXMLWriter.appendVersion(StringBuffer, VersionRange)",12,2,3,3,5
4766,"org.apache.ivy.core.resolve.ResolveEngine.checkConflictSolvedSelected(VisitNode, VisitNode)",371,12,28,18,47
4767,org.apache.ivy.osgi.core.BundleInfo.setLicense(String),27,4,22,0,0
4768,org.apache.ivy.util.StringUtils.uncapitalize(String),8,2,6,0,0
4769,"org.apache.ivy.plugins.repository.vsftp.VsftpRepository.sendCommand(String, boolean)",44,1,1,7,14
4770,org.apache.ivy.ant.IvyReport.doExecute(),85,0,0,9,17
4771,org.apache.ivy.core.cache.ParserSettingsMonitor.ParserSettingsMonitor(ParserSettings),150,10,32,0,0
4772,org.apache.ivy.core.resolve.IvyNodeBlacklist.getSelectedNode(),32,6,9,0,0
4773,"org.apache.ivy.core.publish.PublishEngine.publish(ModuleDescriptor, Collection, DependencyResolver, PublishOptions)",298,10,33,12,46
4774,org.apache.ivy.osgi.updatesite.xml.FeatureParser.FeatureHandler.FeatureHandler.(Anon_1).childHanlded(DescriptionHandler),3,0,0,1,2
4775,org.apache.ivy.Ivy.getIvyDate(),657,15,136,0,0
4776,"org.apache.ivy.plugins.parser.xml.XmlModuleDescriptorWriter.printConfigurations(ModuleDescriptor, PrintWriter)",112,7,40,3,9
4777,org.apache.ivy.core.settings.IvySettings.getInterruptTimeout(),14,5,5,0,0
4778,org.apache.ivy.core.deliver.DeliverOptions.toString(),248,15,46,0,0
4779,"org.apache.ivy.plugins.resolver.packager.PackagerCacheEntry.build(Resource, Map)",285,17,46,4,11
4780,"org.apache.ivy.util.extendable.UnmodifiableExtendableItem.setStandardAttribute(String, String)",186,12,49,0,0
4781,org.apache.ivy.util.MessageLoggerEngine.progress(),6,0,0,3,2
4782,org.apache.ivy.core.module.descriptor.Artifact.isMetadata(),438,15,93,0,0
4783,org.apache.ivy.core.resolve.IvyNode.equals(Object),323,16,48,2,5
4784,"org.apache.ivy.core.resolve.IvyNode.clearEvictionDataInAllCallers(String, Stack)",45,5,11,5,4
4785,"org.apache.ivy.plugins.parser.xml.XmlModuleDescriptorUpdater.update(InputStream, Resource, File, UpdateOptions)",254,12,52,4,12
4786,org.apache.ivy.plugins.resolver.IBiblioResolver.getPattern(),33,6,10,0,0
4787,org.apache.ivy.osgi.p2.XMLInputParser.parse(InputStream),7,2,5,0,0
4788,"org.apache.ivy.plugins.parser.xml.XmlModuleDescriptorUpdater.UpdaterHandler.includeStarted.(Anon_1).startElement(String, String, String, Attributes)",8,0,0,3,3
4789,org.apache.ivy.plugins.repository.vfs.VfsRepository.list(String),18,0,0,4,7
4790,org.apache.ivy.plugins.resolver.IvyRepResolver.getIvyPatterns(),9,0,0,3,3
4791,org.apache.ivy.core.resolve.IvyNodeBlacklist.getRootModuleConf(),45,7,13,0,0
4792,org.apache.ivy.util.CollectionUtils.toList(Iterator),1,0,0,0,0
4793,org.apache.ivy.core.cache.DefaultRepositoryCacheManager.getArchiveFileInCache(Artifact),336,15,38,9,29
4794,org.apache.ivy.plugins.trigger.LogTrigger.setMessage(String),1,0,0,0,0
4795,org.apache.ivy.plugins.parser.xml.XmlModuleDescriptorParser.Parser.confStarted(Attributes),419,13,70,6,16
4796,org.apache.ivy.core.settings.IvyVariableContainerImpl.setEnvironmentPrefix(String),1,0,0,0,0
4797,org.apache.ivy.osgi.updatesite.xml.Require.getPlugin(),25,4,21,0,0
4798,org.apache.ivy.core.resolve.IvyNodeCallers.Caller.equals(Object),7,0,0,2,5
4799,org.apache.ivy.core.resolve.VisitNode.getParent(),472,14,80,0,0
4800,org.apache.ivy.util.Message.isShowProgress(),10,0,0,3,5
4801,org.apache.ivy.core.cache.DefaultRepositoryCacheManager.getMemoryCache(),159,10,33,1,1
4802,org.apache.ivy.plugins.parser.m2.PomReader.PomPluginElement.getArtifactId(),5,0,0,2,2
4803,"org.apache.ivy.osgi.p2.P2Descriptor.addArtifactUrl(String, String, Version, URI, String)",22,3,6,3,8
4804,org.apache.ivy.plugins.resolver.AbstractPatternsBasedResolver.setIvyPatterns(List),48,8,14,0,0
4805,org.apache.ivy.core.resolve.IvyNodeUsage.NodeConf.equals(Object),11,0,0,3,5
4806,org.apache.ivy.core.module.descriptor.DependencyDescriptor.getParentRevisionId(),313,15,76,0,0
4807,org.apache.ivy.core.resolve.ResolveData.setCurrentResolvedModuleRevision(ResolvedModuleRevision),232,12,46,0,0
4808,org.apache.ivy.plugins.parser.xml.XmlModuleDescriptorUpdater.ExtendedBuffer.getContext(),30,5,10,0,0
4809,"org.apache.ivy.core.module.descriptor.Configuration.findConfigurationExtending(String, Configuration[])",14,4,5,1,2
4810,org.apache.ivy.util.Configurator.addText(String),2,0,0,1,1
4811,"org.apache.ivy.util.extendable.ExtendableItemHelper.getExtraAttributes(ParserSettings, Attributes, String[])",306,14,62,0,0
4812,org.apache.ivy.core.repository.RepositoryManagementEngine.getDependers(ModuleRevisionId),29,5,12,0,0
4813,org.apache.ivy.osgi.util.VersionRange.VersionRangeParser.skipWhiteSpace(),7,1,4,1,2
4814,org.apache.ivy.plugins.report.XmlReportParser.SaxXmlReportParser.getRealModuleRevisionIds(),2,1,1,0,0
4815,org.apache.ivy.core.report.ConfigurationResolveReport.checkIfChanged(),222,1,1,20,45
4816,org.apache.ivy.core.cache.ParserSettingsMonitor.(Anon_1).getRelativeUrlResolver(),2,0,0,1,1
4817,org.apache.ivy.core.install.InstallOptions.setInstallOriginalMetadata(boolean),694,15,97,0,0
4818,"org.apache.ivy.plugins.parser.xml.XmlModuleDescriptorParser.parseDescriptor(ParserSettings, URL, Resource, boolean)",100,0,0,8,21
4819,"org.apache.ivy.osgi.obr.xml.OBRXMLWriter.saxCapabilityProperty(String, String, String, ContentHandler)",3,1,1,1,1
4820,org.apache.ivy.core.resolve.IvyNode.getProblemMessage(),267,16,48,1,1
4821,org.apache.ivy.ant.IvyDependency.createArtifact(),1,0,0,0,0
4822,"org.apache.ivy.core.resolve.IvyNodeUsage.updateMapOfSetForKey(Map, Map, Object)",3,1,2,0,0
4823,org.apache.ivy.core.resolve.IvyNode.resolveSpecialConfigurations(String[]),369,14,66,1,3
4824,org.apache.ivy.plugins.repository.vsftp.VsftpRepository.cleanup(Exception),217,12,42,8,16
4825,org.apache.ivy.plugins.resolver.BasicResolver.isAllownomd(),486,12,107,0,0
4826,"org.apache.ivy.core.module.descriptor.DefaultModuleDescriptor.populateExtraInfoMap(Map, ExtraInfoHolder)",5,1,1,1,3
4827,"org.apache.ivy.plugins.parser.xml.XmlModuleDescriptorWriter.getConfs(ModuleDescriptor, Artifact)",12,3,6,1,2
4828,org.apache.ivy.ant.IvyArtifactReport.doExecute(),673,0,0,13,109
4829,org.apache.ivy.core.publish.PublishOptions.setSrcIvyPattern(String),688,15,146,0,0
4830,org.apache.ivy.util.Credentials.toString(),21,5,5,2,3
4831,org.apache.ivy.plugins.parser.m2.PomModuleDescriptorWriter.IvyVariableContainerWrapper.getVariable(String),2,0,0,1,1
4832,"org.apache.ivy.core.resolve.IvyNode.addRootModuleConfigurations(IvyNodeUsage, String, String[])",288,14,48,1,3
4833,org.apache.ivy.core.module.descriptor.DependencyDescriptor.getExcludeRules(String),23,3,19,0,0
4834,org.apache.ivy.plugins.resolver.MirroredURLResolver.setupMirrors(),40,5,8,4,8
4835,org.apache.ivy.plugins.resolver.AbstractSshBasedResolver.setAllowedAgentUse(boolean),4,0,0,2,2
4836,org.apache.ivy.ant.IvyDeliver.setModule(String),363,16,64,0,0
4837,org.apache.ivy.util.Configurator.ObjectDescriptor.getAddMethod(String),25,4,9,0,0
4838,org.apache.ivy.core.cache.DefaultResolutionCacheManager.CacheParserSettings.substitute(String),2,0,0,1,1
4839,org.apache.ivy.plugins.repository.TransferEvent.setTotalLength(long),14,3,6,0,0
4840,org.apache.ivy.util.url.URLHandlerDispatcher.isReachable(URL),3,0,0,1,2
4841,"org.apache.ivy.plugins.parser.xml.XmlModuleDescriptorWriter.write(ModuleDescriptor, String, File)",113,1,1,6,49
4842,org.apache.ivy.osgi.p2.P2MetadataParser.setLogLevel(int),12,3,7,0,0
4843,"org.apache.ivy.Ivy14.download(Artifact, File, boolean)",18,0,0,4,6
4844,org.apache.ivy.util.url.IvyAuthenticator.IvyAuthenticator(Authenticator),14,5,5,0,0
4845,org.apache.ivy.core.cache.CacheMetadataOptions.setChangingPattern(String),40,7,16,0,0
4846,"org.apache.ivy.plugins.repository.ssh.SshRepository.get(String, File)",194,0,0,15,44
4847,org.apache.ivy.plugins.parser.m2.PomReader.getPlugins(),399,12,107,1,2
4848,"org.apache.ivy.Ivy14.retrieve(ModuleId, String[], File, String, String)",288,0,0,14,56
4849,org.apache.ivy.core.resolve.VisitNode.getParentNode(),323,16,65,1,1
4850,org.apache.ivy.osgi.util.DelegatingHandler.getBufferedChars(),42,7,11,0,0
4851,org.apache.ivy.core.resolve.ResolveEngine.resolve(File),12,4,6,0,0
4852,org.apache.ivy.osgi.repo.FSManifestIterable.listBundleFiles.(Anon_3).accept(File),1,0,0,0,0
4853,org.apache.ivy.plugins.parser.m2.PomWriterOptions.ExtraDependency.getClassifier(),42,4,25,0,0
4854,org.apache.ivy.osgi.core.ManifestParser.parseManifest(String),25,5,10,0,0
4855,"org.apache.ivy.core.cache.DefaultRepositoryCacheManager.saveResolvedRevision(ModuleRevisionId, String)",125,8,4,9,24
4856,org.apache.ivy.ant.IvyConfigure.setRealm(String),3,0,0,2,1
4857,org.apache.ivy.ant.IvyInfo.setRevision(String),1,0,0,0,0
