class path,method name,method arguments,Time,OwnTime,count
pdfbox\src\main\java\org\apache\pdfbox\pdmodel\fdf\FDFAnnotationSquare.java,<init>,Element,0,0,2
pdfbox\src\main\java\org\apache\pdfbox\pdmodel\interactive\digitalsignature\visible\PDFTemplateStructure.java,getTemplateAppearanceStream,,0,0,1
pdfbox\src\main\java\org\apache\pdfbox\pdmodel\common\PDRange.java,<init>,"COSArray, int",0,0,39
pdfbox\src\main\java\org\apache\pdfbox\pdmodel\interactive\action\type\PDActionJavaScript.java,<init>,String,0,0,8
pdfbox\src\main\java\org\apache\pdfbox\pdmodel\encryption\AccessPermission.java,canExtractForAccessibility,,0,0,23
pdfbox\src\main\java\org\apache\pdfbox\pdmodel\common\PDMetadata.java,exportXMPMetadata,,53,0,2
pdfbox\src\main\java\org\apache\pdfbox\pdmodel\common\PDPageLabelRange.java,getStyle,,16,2,11451
pdfbox\src\main\java\org\apache\pdfbox\WriteDecodedDoc.java,doIt,"String, String",0,0,2
pdfbox\src\main\java\org\apache\pdfbox\pdmodel\graphics\shading\PDShadingType1.java,getDomain,,0,0,4
xmpbox\src\main\java\org\apache\xmpbox\schema\XMPSchema.java,addUnqualifiedSequenceValue,"String, AbstractField",0,0,38
pdfbox\src\main\java\org\apache\pdfbox\pdmodel\graphics\PDShading.java,getExtend,,0,0,3
preflight\src\main\java\org\apache\pdfbox\preflight\metadata\SynchronizedMetaDataValidation.java,analyzeCreatorToolProperty,"PDDocumentInformation, XMPBasicSchema, List",1,0,7
pdfbox\src\main\java\org\apache\pdfbox\pdmodel\interactive\digitalsignature\PDSeedValue.java,getCOSObject,,0,0,2
pdfbox\src\main\java\org\apache\pdfbox\pdmodel\PDPage.java,getThreadBeads,,0,0,10
jempbox\src\main\java\org\apache\jempbox\xmp\ResourceRef.java,setRenditionParams,String,0,0,2
jempbox\src\main\java\org\apache\jempbox\xmp\XMPSchemaDublinCore.java,setIdentifier,String,0,0,1
pdfbox\src\main\java\org\apache\pdfbox\pdmodel\graphics\pattern\PDShadingPatternResources.java,setMatrix,AffineTransform,0,0,5
preflight\src\main\java\org\apache\pdfbox\preflight\utils\COSUtils.java,getAsArray,"COSBase, COSDocument",0,0,7
preflight\src\main\java\org\apache\pdfbox\preflight\metadata\SynchronizedMetaDataValidation.java,unsynchronizedMetaDataError,String,0,0,1
pdfbox\src\main\java\org\apache\pdfbox\pdmodel\encryption\PublicKeyRecipient.java,<init>,,0,0,9
pdfbox\src\main\java\org\apache\pdfbox\pdmodel\encryption\PDStandardEncryption.java,canAssembleDocument,,0,0,3
pdfbox\src\main\java\org\apache\pdfbox\pdmodel\fdf\FDFField.java,getSetWidgetFieldFlags,,0,0,10
xmpbox\src\main\java\org\apache\xmpbox\schema\XMPSchema.java,getAboutAttribute,,0,0,3
preflight\src\main\java\org\apache\pdfbox\preflight\font\FontValidator.java,<init>,"PreflightContext, PDFont, FontContainer",0,0,52
pdfbox\src\main\java\org\apache\pdfbox\pdmodel\interactive\measurement\PDNumberFormatDictionary.java,getLabelSuffixString,,0,0,3
pdfbox\src\main\java\org\apache\pdfbox\util\operator\pagedrawer\FillNonZeroRule.java,<init>,,0,0,14
pdfbox\src\main\java\org\apache\pdfbox\pdmodel\font\PDCIDFontType2Font.java,<init>,,0,0,32
preflight\src\main\java\org\apache\pdfbox\preflight\PreflightPath.java,clear,,0,0,1
pdfbox\src\main\java\org\apache\pdfbox\pdmodel\PDDocument.java,load,"InputStream, RandomAccess, boolean",0,0,2
pdfbox\src\main\java\org\apache\pdfbox\pdmodel\documentinterchange\taggedpdf\PDLayoutAttributeObject.java,setColumnGap,int,0,0,11
xmpbox\src\main\java\org\apache\xmpbox\schema\XMPMediaManagementSchema.java,getVersionIDProperty,,0,0,6
pdfbox\src\main\java\org\apache\pdfbox\pdmodel\graphics\PDExtendedGraphicsState.java,getFloatItem,COSName,0,0,158
preflight\src\main\java\org\apache\pdfbox\preflight\font\container\FontContainer.java,markCIDAsValid,int,1,0,7
preflight\src\main\java\org\apache\pdfbox\preflight\process\reflect\TilingPatternValidationProcess.java,checkMandatoryFields,"PreflightContext, PDPage, PDTilingPatternResources",0,0,4
pdfbox\src\main\java\org\apache\pdfbox\util\operator\SetNonStrokingDeviceN.java,<init>,,0,0,1
pdfbox\src\main\java\org\apache\pdfbox\pdmodel\interactive\annotation\PDAppearanceDictionary.java,setNormalAppearance,Map,0,0,2
xmpbox\src\main\java\org\apache\xmpbox\type\JobType.java,<init>,"XMPMetadata, String",0,0,33
pdfbox\src\main\java\org\apache\pdfbox\pdmodel\graphics\color\PDCalGray.java,setWhitepoint,PDTristimulus,0,0,3
pdfbox\src\main\java\org\apache\pdfbox\pdmodel\common\filespecification\PDComplexFileSpecification.java,setEmbeddedFileMac,PDEmbeddedFile,0,0,3
xmpbox\src\main\java\org\apache\xmpbox\XMPMetadata.java,createAndAddXMPRightsManagementSchema,,1,0,63
pdfbox\src\main\java\org\apache\pdfbox\pdmodel\encryption\BadSecurityHandlerException.java,<init>,,0,0,1
xmpbox\src\main\java\org\apache\xmpbox\schema\PhotoshopSchema.java,getTextLayers,,0,0,13
pdfbox\src\main\java\org\apache\pdfbox\pdmodel\graphics\color\PDDeviceN.java,setTintTransform,PDFunction,0,0,3
xmpbox\src\main\java\org\apache\xmpbox\schema\PhotoshopSchema.java,getCategory,,0,0,11
pdfbox\src\main\java\org\apache\pdfbox\pdmodel\common\function\PDFunctionType0.java,getEncodeValues,,0,0,1
xmpbox\src\main\java\org\apache\xmpbox\schema\DublinCoreSchema.java,getFormat,,0,0,12
preflight\src\main\java\org\apache\pdfbox\preflight\graphic\DeviceColorSpaceHelper.java,processPatternColorSpace,PDColorSpace,0,0,2
preflight\src\main\java\org\apache\pdfbox\preflight\exception\TrailerParseException.java,<init>,"String, String",0,0,3
pdfbox\src\main\java\org\apache\pdfbox\pdmodel\graphics\pattern\PDTilingPatternResources.java,getResources,,0,0,2
pdfbox\src\main\java\org\apache\pdfbox\pdmodel\documentinterchange\logicalstructure\PDUserProperty.java,getName,,0,0,11
pdfbox\src\main\java\org\apache\pdfbox\pdmodel\encryption\PDEncryptionDictionary.java,setVersion,int,0,0,41
xmpbox\src\main\java\org\apache\xmpbox\schema\DublinCoreSchema.java,getSource,,0,0,10
preflight\src\main\java\org\apache\pdfbox\preflight\PreflightConfiguration.java,removePageProcess,String,0,0,2
fontbox\src\main\java\org\apache\fontbox\cff\DataInput.java,<init>,byte[],0,0,1
pdfbox\src\main\java\org\apache\pdfbox\pdmodel\common\COSArrayList.java,toString,,0,0,2
pdfbox\src\main\java\org\apache\pdfbox\pdfparser\PDFParser.java,parseStartXref,,0,0,7
pdfbox\src\main\java\org\apache\pdfbox\pdmodel\interactive\annotation\PDAnnotation.java,getSubtype,,0,0,3
pdfbox\src\main\java\org\apache\pdfbox\pdmodel\common\filespecification\PDEmbeddedFile.java,setCreationDate,Calendar,17,0,5
pdfbox\src\main\java\org\apache\pdfbox\pdmodel\common\PDMetadata.java,importXMPMetadata,XMPMetadata,72,0,3
xmpbox\src\main\java\org\apache\xmpbox\type\PropertiesDescription.java,addNewProperty,"String, PropertyType",296,54,152629
pdfbox\src\main\java\org\apache\pdfbox\cos\COSArray.java,getInt,"int, int",0,0,107
pdfbox\src\main\java\org\apache\pdfbox\util\DateConverter.java,toCalendar,String,17,0,18
jempbox\src\main\java\org\apache\jempbox\xmp\XMPSchemaBasic.java,setNickname,String,0,0,2
pdfbox\src\main\java\org\apache\pdfbox\pdmodel\font\PDFontDescriptor.java,isFixedPitch,,0,0,4
jempbox\src\main\java\org\apache\jempbox\xmp\XMPMetadata.java,addSchema,XMPSchema,0,0,3
fontbox\src\main\java\org\apache\fontbox\ttf\TTFDataStream.java,readString,"int, String",7,0,108
jempbox\src\main\java\org\apache\jempbox\xmp\XMPSchemaIptc4xmpCore.java,<init>,XMPMetadata,0,0,28
pdfbox\src\main\java\org\apache\pdfbox\pdmodel\font\PDFontDescriptor.java,setScript,boolean,0,0,2
pdfbox\src\main\java\org\apache\pdfbox\pdmodel\documentinterchange\taggedpdf\PDLayoutAttributeObject.java,setRubyAlign,String,0,0,5
pdfbox\src\main\java\org\apache\pdfbox\cos\COSInteger.java,get,long,0,0,1038
pdfbox\src\main\java\org\apache\pdfbox\pdmodel\common\PDTextStream.java,getAsString,,0,0,6
pdfbox\src\main\java\org\apache\pdfbox\pdmodel\graphics\shading\PDShadingType1.java,setDomain,COSArray,0,0,3
pdfbox\src\main\java\org\apache\pdfbox\pdmodel\fdf\FDFField.java,getPartialFieldName,,0,0,8
pdfbox\src\main\java\org\apache\pdfbox\pdmodel\interactive\annotation\PDAnnotation.java,setHidden,boolean,0,0,2
xmpbox\src\main\java\org\apache\xmpbox\type\DefinedStructuredType.java,<init>,"XMPMetadata, String, String, String",0,0,11
xmpbox\src\main\java\org\apache\xmpbox\type\DefinedStructuredType.java,<init>,XMPMetadata,0,0,2
jempbox\src\main\java\org\apache\jempbox\xmp\XMPSchemaRightsManagement.java,setUsageTerms,String,0,0,4
pdfbox\src\main\java\org\apache\pdfbox\pdmodel\PDDocumentCatalog.java,setActions,PDDocumentCatalogAdditionalActions,0,0,1
pdfbox\src\main\java\org\apache\pdfbox\pdmodel\common\PDObjectStream.java,getFirstByteOffset,,0,0,3
pdfbox\src\main\java\org\apache\pdfbox\pdmodel\encryption\PDStandardEncryption.java,setPermissions,int,0,0,52
pdfbox\src\main\java\org\apache\pdfbox\pdmodel\common\function\PDFunctionType0.java,getDecodeForParameter,int,0,0,2
xmpbox\src\main\java\org\apache\xmpbox\type\ResourceRefType.java,getManager,,0,0,4
pdfbox\src\main\java\org\apache\pdfbox\pdmodel\fdf\FDFField.java,setSetFieldFlags,int,0,0,3
xmpbox\src\main\java\org\apache\xmpbox\type\RealType.java,<init>,"XMPMetadata, String, String, String, Object",0,0,12
jempbox\src\main\java\org\apache\jempbox\xmp\ResourceEvent.java,getWhen,,0,0,1
preflight\src\main\java\org\apache\pdfbox\preflight\action\ActionManagerFactory.java,getActionManagers,"PreflightContext, COSDictionary",0,0,2
pdfbox\src\main\java\org\apache\pdfbox\pdmodel\encryption\PDEncryptionDictionary.java,setLength,int,0,0,6
pdfbox\src\main\java\org\apache\pdfbox\pdmodel\documentinterchange\taggedpdf\PDLayoutAttributeObject.java,setAllBorderStyles,String,0,0,9
jempbox\src\main\java\org\apache\jempbox\xmp\ResourceRef.java,setMangagerUI,String,0,0,2
preflight\src\main\java\org\apache\pdfbox\preflight\process\reflect\ShaddingPatternValidationProcess.java,<init>,,0,0,8
pdfbox\src\main\java\org\apache\pdfbox\encryption\PDFEncryption.java,computeEncryptedKey,"byte[], byte[], int, byte[], int, int",4,0,21
pdfbox\src\main\java\org\apache\pdfbox\pdmodel\font\PDFontDescriptorAFM.java,getFontBoundingBox,,1,0,12
pdfbox\src\main\java\org\apache\pdfbox\pdmodel\PDDocument.java,getPrintable,int,0,0,3
pdfbox\src\main\java\org\apache\pdfbox\pdmodel\graphics\color\PDColorSpace.java,<init>,,0,0,660
xmpbox\src\main\java\org\apache\xmpbox\schema\DublinCoreSchema.java,removePublisher,String,0,0,3
pdfbox\src\main\java\org\apache\pdfbox\pdmodel\documentinterchange\taggedpdf\PDExportFormatAttributeObject.java,setScope,String,0,0,4
pdfbox\src\main\java\org\apache\pdfbox\pdmodel\common\function\PDFunction.java,interpolate,"float, float, float, float, float",0,0,4
pdfbox\src\main\java\org\apache\pdfbox\cos\COSDictionary.java,getEmbeddedString,"String, COSName, String",0,0,69
jempbox\src\main\java\org\apache\jempbox\xmp\ResourceRef.java,getManager,,0,0,1
preflight\src\main\java\org\apache\pdfbox\preflight\content\ContentStreamWrapper.java,checkShowTextOperators,"PDFOperator, List",0,0,2
preflight\src\main\java\org\apache\pdfbox\preflight\font\util\Type1Parser.java,readNextCharacter,PeekInputStream,0,0,49
jempbox\src\main\java\org\apache\jempbox\xmp\XMPSchemaDublinCore.java,setFormat,String,0,0,3
pdfbox\src\main\java\org\apache\pdfbox\pdmodel\interactive\documentnavigation\destination\PDPageXYZDestination.java,<init>,,0,0,20
xmpbox\src\main\java\org\apache\xmpbox\schema\PhotoshopSchema.java,getDocumentAncestorsProperty,,0,0,10
pdfbox\src\main\java\org\apache\pdfbox\pdmodel\interactive\annotation\PDAnnotationWidget.java,getHighlightingMode,,0,0,2
xmpbox\src\main\java\org\apache\xmpbox\schema\XMPMediaManagementSchema.java,getResourceRefProperty,,0,0,2
pdfbox\src\main\java\org\apache\pdfbox\pdmodel\documentinterchange\taggedpdf\PDListAttributeObject.java,<init>,,0,0,3
preflight\src\main\java\org\apache\pdfbox\preflight\font\util\Type1Parser.java,skipBlankSeparators,PeekInputStream,0,0,11
xmpbox\src\main\java\org\apache\xmpbox\schema\AdobePDFSchema.java,getKeywords,,0,0,4
pdfbox\src\main\java\org\apache\pdfbox\pdmodel\common\function\PDFunction.java,getDomainValues,,0,0,8
pdfbox\src\main\java\org\apache\pdfbox\Encrypt.java,main,String[],0,0,10
pdfbox\src\main\java\org\apache\pdfbox\util\operator\pagedrawer\SetLineCapStyle.java,process,"PDFOperator, List",0,0,4
xmpbox\src\main\java\org\apache\xmpbox\type\AbstractComplexProperty.java,getNamespacePrefix,String,0,0,8
pdfbox\src\main\java\org\apache\pdfbox\pdmodel\documentinterchange\taggedpdf\PDStandardAttributeObject.java,setFourColors,"String, PDFourColours",0,0,9
pdfbox\src\main\java\org\apache\pdfbox\pdmodel\fdf\FDFAnnotation.java,setTitle,String,0,0,2
pdfbox\src\main\java\org\apache\pdfbox\cos\COSDictionary.java,getDictionaryObject,String[],0,0,24
pdfbox\src\main\java\org\apache\pdfbox\pdmodel\documentinterchange\markedcontent\PDMarkedContent.java,getMCID,,0,0,4
pdfbox\src\main\java\org\apache\pdfbox\pdmodel\PDDocument.java,load,URL,0,0,1
pdfbox\src\main\java\org\apache\pdfbox\util\PDFTextStripper.java,<init>,String,7,0,3
pdfbox\src\main\java\org\apache\pdfbox\pdmodel\documentinterchange\taggedpdf\PDLayoutAttributeObject.java,setBlockAlign,String,0,0,4
examples\src\main\java\org\apache\pdfbox\examples\AbstractExample.java,close,InputStream,0,0,2
xmpbox\src\main\java\org\apache\xmpbox\schema\PhotoshopSchema.java,setCityProperty,TextType,0,0,4
pdfbox\src\main\java\org\apache\pdfbox\pdmodel\encryption\PDEncryptionDictionary.java,getSubFilter,,0,0,4
pdfbox\src\main\java\org\apache\pdfbox\pdmodel\common\function\PDFunctionType2.java,getC0,,0,0,25
pdfbox\src\main\java\org\apache\pdfbox\ExportXFDF.java,main,String[],0,0,5
pdfbox\src\main\java\org\apache\pdfbox\pdmodel\interactive\annotation\PDAppearanceDictionary.java,getRolloverAppearance,,0,0,5
jempbox\src\main\java\org\apache\jempbox\xmp\ResourceRef.java,setMangager,String,0,0,2
preflight\src\main\java\org\apache\pdfbox\preflight\font\DescendantFontValidator.java,checkCIDToGIDMap,"COSBase, boolean",4,1,2
pdfbox\src\main\java\org\apache\pdfbox\pdmodel\interactive\annotation\PDAnnotationMarkup.java,setTitlePopup,String,0,0,3
pdfbox\src\main\java\org\apache\pdfbox\pdmodel\interactive\measurement\PDNumberFormatDictionary.java,setLabelPositionToValue,String,0,0,4
pdfbox\src\main\java\org\apache\pdfbox\io\ccitt\PackedBitArray.java,getByteCount,,0,0,34
pdfbox\src\main\java\org\apache\pdfbox\pdmodel\PDPage.java,setResources,PDResources,0,0,12
preflight\src\main\java\org\apache\pdfbox\preflight\utils\COSUtils.java,isInteger,"COSBase, COSDocument",0,0,4
xmpbox\src\main\java\org\apache\xmpbox\schema\DublinCoreSchema.java,getDescription,String,0,0,21
xmpbox\src\main\java\org\apache\xmpbox\schema\XMPMediaManagementSchema.java,setManageTo,String,1,0,6
xmpbox\src\main\java\org\apache\xmpbox\XMPMetadata.java,createXMPMetadata,,1150,0,633
xmpbox\src\main\java\org\apache\xmpbox\schema\XMPSchema.java,setTextProperty,TextType,0,0,10
pdfbox\src\main\java\org\apache\pdfbox\cos\COSString.java,<init>,byte[],0,0,26
xmpbox\src\main\java\org\apache\xmpbox\type\DateType.java,isGoodType,Object,55,0,83
pdfbox\src\main\java\org\apache\pdfbox\pdmodel\graphics\PDExtendedGraphicsState.java,getMiterLimit,,0,0,25
pdfbox\src\main\java\org\apache\pdfbox\pdmodel\fdf\FDFAnnotation.java,setCreationDate,Calendar,1,0,1
jempbox\src\main\java\org\apache\jempbox\xmp\XMPSchemaDublinCore.java,setSource,String,0,0,1
pdfbox\src\main\java\org\apache\pdfbox\pdmodel\graphics\color\PDDeviceNAttributes.java,setColorants,Map,0,0,3
pdfbox\src\main\java\org\apache\pdfbox\pdmodel\common\PDMemoryStream.java,getStream,,0,0,6
pdfbox\src\main\java\org\apache\pdfbox\pdfparser\NonSequentialPDFParser.java,setLenient,boolean,0,0,17
examples\src\main\java\org\apache\pdfbox\examples\pdmodel\RubberStampWithImage.java,main,String[],0,0,3
jempbox\src\main\java\org\apache\jempbox\xmp\XMPSchemaBasic.java,setThumbnail,Thumbnail,0,0,4
pdfbox\src\main\java\org\apache\pdfbox\pdmodel\PDPageNode.java,getKids,,5,0,54
pdfbox\src\main\java\org\apache\pdfbox\pdmodel\graphics\PDExtendedGraphicsState.java,setNonStrokingAlphaConstant,Float,0,0,15
pdfbox\src\main\java\org\apache\pdfbox\pdmodel\documentinterchange\taggedpdf\PDStandardAttributeObject.java,setArrayOfName,"String, String[]",0,0,13
fontbox\src\main\java\org\apache\fontbox\afm\FontMetric.java,<init>,,0,0,119
pdfbox\src\main\java\org\apache\pdfbox\pdmodel\common\PDNumberTreeNode.java,convertCOSToPD,COSBase,0,0,4
pdfbox\src\main\java\org\apache\pdfbox\pdmodel\graphics\color\PDColorSpaceFactory.java,createColorSpace,"String, Map",2,0,58
pdfbox\src\main\java\org\apache\pdfbox\pdmodel\interactive\action\PDDocumentCatalogAdditionalActions.java,getWP,,0,0,3
pdfbox\src\main\java\org\apache\pdfbox\pdmodel\common\COSDictionaryMap.java,equals,Object,0,0,3
pdfbox\src\main\java\org\apache\pdfbox\pdmodel\documentinterchange\logicalstructure\PDStructureElement.java,addAttribute,PDAttributeObject,0,0,6
pdfbox\src\main\java\org\apache\pdfbox\pdmodel\graphics\color\PDDeviceN.java,getAlternateColorSpace,,0,0,22
pdfbox\src\main\java\org\apache\pdfbox\pdmodel\PDDestinationNameTreeNode.java,<init>,,0,0,3
pdfbox\src\main\java\org\apache\pdfbox\cos\COSDictionary.java,getObjectFromPath,String,0,0,12
preflight\src\main\java\org\apache\pdfbox\preflight\font\util\Type1Parser.java,readArray,PeekInputStream,0,0,3
pdfbox\src\main\java\org\apache\pdfbox\pdmodel\interactive\annotation\PDAnnotation.java,setReadOnly,boolean,0,0,2
pdfbox\src\main\java\org\apache\pdfbox\pdmodel\fdf\FDFField.java,writeXML,Writer,0,0,4
pdfbox\src\main\java\org\apache\pdfbox\pdmodel\interactive\action\type\PDActionRemoteGoTo.java,getFile,,0,0,3
pdfbox\src\main\java\org\apache\pdfbox\pdmodel\interactive\annotation\PDAnnotationLine.java,<init>,,5,0,57
pdfbox\src\main\java\org\apache\pdfbox\pdmodel\common\COSArrayList.java,toArray,Object[],0,0,4
jempbox\src\main\java\org\apache\jempbox\xmp\ResourceEvent.java,setAction,String,0,0,2
preflight\src\main\java\org\apache\pdfbox\preflight\font\util\GlyphException.java,<init>,"String, int",0,0,5
pdfbox\src\main\java\org\apache\pdfbox\pdmodel\interactive\annotation\PDAnnotationTextMarkup.java,<init>,COSDictionary,0,0,16
pdfbox\src\main\java\org\apache\pdfbox\cos\COSDictionary.java,containsValue,Object,0,0,11
pdfbox\src\main\java\org\apache\pdfbox\pdmodel\documentinterchange\logicalstructure\PDMarkInfo.java,setUserProperties,boolean,0,0,2
pdfbox\src\main\java\org\apache\pdfbox\io\ccitt\FillOrderChangeInputStream.java,read,"byte[], int, int",0,0,7
pdfbox\src\main\java\org\apache\pdfbox\pdmodel\interactive\pagenavigation\PDThread.java,<init>,,0,0,9
pdfbox\src\main\java\org\apache\pdfbox\pdmodel\PDPage.java,getLastModified,,0,0,11
pdfbox\src\main\java\org\apache\pdfbox\pdmodel\fdf\FDFDocument.java,<init>,,2,0,21
jempbox\src\main\java\org\apache\jempbox\xmp\XMPSchemaMediaManagement.java,getDocumentID,,0,0,3
pdfbox\src\main\java\org\apache\pdfbox\pdmodel\PDDocument.java,loadNonSeq,"InputStream, RandomAccess",7,0,2
xmpbox\src\main\java\org\apache\xmpbox\schema\PhotoshopSchema.java,getSourceProperty,,0,0,12
pdfbox\src\main\java\org\apache\pdfbox\pdmodel\common\PDStream.java,getByteArray,,0,0,31
pdfbox\src\main\java\org\apache\pdfbox\io\ASCII85InputStream.java,reset,,0,0,1
pdfbox\src\main\java\org\apache\pdfbox\util\operator\Concatenate.java,process,"PDFOperator, List",0,0,9
preflight\src\main\java\org\apache\pdfbox\preflight\parser\PreflightParser.java,<init>,DataSource,0,0,5
pdfbox\src\main\java\org\apache\pdfbox\util\PDFStreamEngine.java,<init>,Properties,65,1,19
jempbox\src\main\java\org\apache\jempbox\xmp\XMPSchemaPhotoshop.java,setCredit,String,0,0,2
pdfbox\src\main\java\org\apache\pdfbox\pdmodel\interactive\documentnavigation\outline\PDOutlineItem.java,getAction,,1,0,5
pdfbox\src\main\java\org\apache\pdfbox\encryption\PDFEncryption.java,<init>,,0,0,49
preflight\src\main\java\org\apache\pdfbox\preflight\action\HideAction.java,<init>,"ActionManagerFactory, COSDictionary, PreflightContext, String",0,0,2
pdfbox\src\main\java\org\apache\pdfbox\pdmodel\graphics\PDGraphicsState.java,<init>,PDRectangle,10,0,32
preflight\src\main\java\org\apache\pdfbox\preflight\xobject\XObjImageValidator.java,checkInterpolate,,0,0,1
pdfbox\src\main\java\org\apache\pdfbox\pdmodel\encryption\StandardSecurityHandler.java,isUserPassword,"byte[], byte[], byte[], int, byte[], int, int, boolean",3,0,15
jempbox\src\main\java\org\apache\jempbox\xmp\pdfa\XMPMetadataPDFA.java,getPDFAPropertySchema,,0,0,3
fontbox\src\main\java\org\apache\fontbox\ttf\TrueTypeFont.java,<init>,TTFDataStream,0,0,6
pdfbox\src\main\java\org\apache\pdfbox\encoding\WinAnsiEncoding.java,getName,int,0,0,87
xmpbox\src\main\java\org\apache\xmpbox\schema\XMPMediaManagementSchema.java,getVersionID,,0,0,3
pdfbox\src\main\java\org\apache\pdfbox\pdfparser\VisualSignatureParser.java,getDocument,,0,0,4
pdfbox\src\main\java\org\apache\pdfbox\pdmodel\graphics\color\PDDeviceN.java,getNumberOfComponents,,0,0,2
jempbox\src\main\java\org\apache\jempbox\xmp\XMPMetadata.java,addPagedTextSchema,,0,0,4
pdfbox\src\main\java\org\apache\pdfbox\encryption\PDFEncryption.java,isOwnerPassword,"byte[], byte[], byte[], int, byte[], int, int",0,0,6
xmpbox\src\main\java\org\apache\xmpbox\type\TypeMapping.java,createChoice,"String, String, String, String",0,0,4
pdfbox\src\main\java\org\apache\pdfbox\pdmodel\interactive\annotation\PDAppearanceCharacteristicsDictionary.java,setNormalCaption,String,0,0,4
pdfbox\src\main\java\org\apache\pdfbox\ImportXFDF.java,close,FDFDocument,0,0,6
pdfbox\src\main\java\org\apache\pdfbox\encoding\Encoding.java,loadGlyphList,String,301,57,6
fontbox\src\main\java\org\apache\fontbox\ttf\HeaderTable.java,<init>,,0,0,2
pdfbox\src\main\java\org\apache\pdfbox\pdmodel\common\PDNumberTreeNode.java,getValue,Integer,2,0,5
pdfbox\src\main\java\org\apache\pdfbox\pdmodel\interactive\form\PDField.java,findFieldType,COSDictionary,0,0,20
preflight\src\main\java\org\apache\pdfbox\preflight\action\GoToRemoteAction.java,innerValid,,0,0,2
jempbox\src\main\java\org\apache\jempbox\xmp\XMPSchemaDublinCore.java,addLanguage,String,0,0,2
pdfbox\src\main\java\org\apache\pdfbox\pdmodel\interactive\annotation\PDBorderStyleDictionary.java,<init>,,0,0,23
pdfbox\src\main\java\org\apache\pdfbox\pdmodel\graphics\color\PDOutputIntent.java,getOutputCondition,,0,0,3
pdfbox\src\main\java\org\apache\pdfbox\pdmodel\PDPage.java,setBleedBox,PDRectangle,0,0,5
pdfbox\src\main\java\org\apache\pdfbox\pdmodel\fdf\FDFAnnotation.java,getTitle,,0,0,4
pdfbox\src\main\java\org\apache\pdfbox\pdmodel\graphics\PDExtendedGraphicsState.java,setRenderingIntent,String,0,0,10
pdfbox\src\main\java\org\apache\pdfbox\pdmodel\documentinterchange\logicalstructure\PDUserProperty.java,setValue,COSBase,0,0,4
pdfbox\src\main\java\org\apache\pdfbox\pdmodel\graphics\predictor\Optimum.java,encodeLine,"byte[], byte[], int, int, int, int",0,0,2
xmpbox\src\main\java\org\apache\xmpbox\schema\PhotoshopSchema.java,getHeadlineProperty,,0,0,26
pdfbox\src\main\java\org\apache\pdfbox\io\ASCII85OutputStream.java,write,int,0,0,89
pdfbox\src\main\java\org\apache\pdfbox\pdmodel\graphics\shading\PDShadingType2.java,setExtend,COSArray,0,0,4
xmpbox\src\main\java\org\apache\xmpbox\schema\PhotoshopSchema.java,getDocumentAncestors,,0,0,10
preflight\src\main\java\org\apache\pdfbox\preflight\process\reflect\GraphicObjectPageValidationProcess.java,validate,PreflightContext,0,0,2
pdfbox\src\main\java\org\apache\pdfbox\pdmodel\interactive\annotation\PDAnnotationText.java,getName,,0,0,3
pdfbox\src\main\java\org\apache\pdfbox\pdmodel\documentinterchange\logicalstructure\PDStructureElement.java,setAlternateDescription,String,0,0,2
pdfbox\src\main\java\org\apache\pdfbox\pdfparser\BaseParser.java,readStringNumber,,0,0,31
pdfbox\src\main\java\org\apache\pdfbox\pdmodel\interactive\measurement\PDNumberFormatDictionary.java,getFractionalDisplay,,0,0,2
pdfbox\src\main\java\org\apache\pdfbox\pdmodel\interactive\documentnavigation\outline\PDOutlineItem.java,isItalic,,0,0,4
pdfbox\src\main\java\org\apache\pdfbox\cos\COSFloat.java,<init>,String,0,0,14
xmpbox\src\main\java\org\apache\xmpbox\schema\XMPRightsManagementSchema.java,getWebStatementProperty,,0,0,3
preflight\src\main\java\org\apache\pdfbox\preflight\process\reflect\FontValidationProcess.java,validate,PreflightContext,0,0,2
jempbox\src\main\java\org\apache\jempbox\xmp\XMPSchemaIptc4xmpCore.java,setLocation,String,0,0,1
xmpbox\src\main\java\org\apache\xmpbox\schema\PhotoshopSchema.java,setUrgencyProperty,IntegerType,0,0,5
pdfbox\src\main\java\org\apache\pdfbox\pdmodel\interactive\form\PDFieldFactory.java,isTextbox,PDField,0,0,4
pdfbox\src\main\java\org\apache\pdfbox\pdmodel\graphics\shading\PDShadingType4.java,getDecodeForParameter,int,0,0,2
pdfbox\src\main\java\org\apache\pdfbox\util\operator\pagedrawer\CloseFillNonZeroAndStrokePath.java,<init>,,0,0,9
xmpbox\src\main\java\org\apache\xmpbox\schema\PhotoshopSchema.java,getCity,,0,0,8
examples\src\main\java\org\apache\pdfbox\examples\pdmodel\HelloWorld.java,<init>,,0,0,5
preflight\src\main\java\org\apache\pdfbox\preflight\parser\PreflightParser.java,<init>,File,6,0,14
pdfbox\src\main\java\org\apache\pdfbox\pdmodel\documentinterchange\logicalstructure\PDObjectReference.java,setReferencedObject,PDAnnotation,0,0,3
xmpbox\src\main\java\org\apache\xmpbox\type\TypeMapping.java,getAssociatedSchemaObject,"XMPMetadata, String, String",0,0,5
pdfbox\src\main\java\org\apache\pdfbox\pdmodel\font\PDFont.java,hashCode,,0,0,35
pdfbox\src\main\java\org\apache\pdfbox\pdmodel\graphics\shading\PDShadingType4.java,getBitsPerFlag,,0,0,3
pdfbox\src\main\java\org\apache\pdfbox\io\ccitt\PackedBitArray.java,setBits,"int, int, int",0,0,15
pdfbox\src\main\java\org\apache\pdfbox\pdmodel\documentinterchange\taggedpdf\PDLayoutAttributeObject.java,getLineHeight,,0,0,26
preflight\src\main\java\org\apache\pdfbox\preflight\xobject\AbstractXObjValidator.java,validate,,0,0,1
pdfbox\src\main\java\org\apache\pdfbox\util\operator\SetLineMiterLimit.java,process,"PDFOperator, List",0,0,8
pdfbox\src\main\java\org\apache\pdfbox\pdmodel\documentinterchange\logicalstructure\Revisions.java,setRevisionNumber,"Object, int",0,0,9
pdfbox\src\main\java\org\apache\pdfbox\pdmodel\documentinterchange\logicalstructure\PDMarkedContentReference.java,<init>,COSDictionary,0,0,10
xmpbox\src\main\java\org\apache\xmpbox\schema\PhotoshopSchema.java,getAuthorsPosition,,0,0,6
xmpbox\src\main\java\org\apache\xmpbox\type\TypeMapping.java,createGUID,"String, String, String, String",0,0,7
pdfbox\src\main\java\org\apache\pdfbox\encoding\MacRomanEncoding.java,getName,int,0,0,16
pdfbox\src\main\java\org\apache\pdfbox\pdmodel\font\PDFontDescriptor.java,setSerif,boolean,0,0,3
pdfbox\src\main\java\org\apache\pdfbox\exceptions\SignatureException.java,<init>,"int, String",0,0,5
pdfbox\src\main\java\org\apache\pdfbox\cos\COSStream.java,createUnfilteredStream,,2,0,53
preflight\src\main\java\org\apache\pdfbox\preflight\graphic\StandardColorSpaceHelper.java,processIndexedColorSpace,PDColorSpace,11,0,3
preflight\src\main\java\org\apache\pdfbox\preflight\font\descriptor\FontDescriptorHelper.java,validate,,4,0,8
preflight\src\main\java\org\apache\pdfbox\preflight\content\StubOperator.java,checkStringOperands,"List, int",0,0,1
preflight\src\main\java\org\apache\pdfbox\preflight\PreflightPath.java,getClosestTypePosition,Class,0,0,17
pdfbox\src\main\java\org\apache\pdfbox\pdmodel\documentinterchange\logicalstructure\PDStructureNode.java,removeObjectableKid,COSObjectable,0,0,7
xmpbox\src\main\java\org\apache\xmpbox\schema\XMPMediaManagementSchema.java,setInstanceIDProperty,URIType,0,0,5
pdfbox\src\main\java\org\apache\pdfbox\util\operator\SetTextFont.java,<init>,,0,0,31
pdfbox\src\main\java\org\apache\pdfbox\pdmodel\font\PDSimpleFont.java,<init>,COSDictionary,6,0,62
xmpbox\src\main\java\org\apache\xmpbox\schema\DublinCoreSchema.java,getContributors,,0,0,7
xmpbox\src\main\java\org\apache\xmpbox\type\ProperNameType.java,<init>,"XMPMetadata, String, String, String, Object",0,0,21
preflight\src\main\java\org\apache\pdfbox\preflight\process\reflect\ExtGStateValidationProcess.java,checkCA,"PreflightContext, COSDictionary",0,0,1
preflight\src\main\java\org\apache\pdfbox\preflight\font\descriptor\FontDescriptorHelper.java,fontFileNotEmbedded,PDFontDescriptorDictionary,0,0,2
xmpbox\src\main\java\org\apache\xmpbox\schema\DublinCoreSchema.java,getTitleLanguages,,0,0,19
pdfbox\src\main\java\org\apache\pdfbox\filter\ASCIIHexFilter.java,encode,"InputStream, OutputStream, COSDictionary, int",0,0,3
pdfbox\src\main\java\org\apache\pdfbox\pdmodel\interactive\digitalsignature\PDSeedValue.java,isFilterRequired,,0,0,3
jempbox\src\main\java\org\apache\jempbox\xmp\XMPSchema.java,merge,XMPSchema,0,0,1
pdfbox\src\main\java\org\apache\pdfbox\pdmodel\interactive\annotation\PDAnnotationSquareCircle.java,getRectDifference,,0,0,3
preflight\src\main\java\org\apache\pdfbox\preflight\font\container\Type1Container.java,<init>,PDFont,0,0,43
pdfbox\src\main\java\org\apache\pdfbox\pdmodel\interactive\annotation\PDAnnotationWidget.java,setBorderStyle,PDBorderStyleDictionary,0,0,2
pdfbox\src\main\java\org\apache\pdfbox\pdmodel\fdf\FDFPage.java,<init>,COSDictionary,0,0,15
pdfbox\src\main\java\org\apache\pdfbox\pdmodel\documentinterchange\logicalstructure\PDMarkedContentReference.java,setPage,PDPage,0,0,2
preflight\src\main\java\org\apache\pdfbox\preflight\annotation\WidgetAnnotationValidator.java,checkAAField,,0,0,2
pdfbox\src\main\java\org\apache\pdfbox\cos\COSDictionaryLateBinding.java,getDictionaryObject,COSName,0,0,175
pdfbox\src\main\java\org\apache\pdfbox\pdmodel\fdf\FDFNamedPageReference.java,getName,,0,0,4
pdfbox\src\main\java\org\apache\pdfbox\pdfparser\PDFXRefStream.java,getIndexEntry,,0,0,6
pdfbox\src\main\java\org\apache\pdfbox\pdmodel\interactive\annotation\PDAnnotationText.java,<init>,COSDictionary,0,0,17
pdfbox\src\main\java\org\apache\pdfbox\pdfparser\PDFParser.java,clearResources,,0,0,4
pdfbox\src\main\java\org\apache\pdfbox\pdmodel\interactive\annotation\PDAnnotation.java,getContents,,0,0,2
pdfbox\src\main\java\org\apache\pdfbox\cos\COSArray.java,add,"int, COSBase",0,0,9
preflight\src\main\java\org\apache\pdfbox\preflight\annotation\pdfa\PDFAbAnnotationFactory.java,initializeClasses,,17,3,191
jempbox\src\main\java\org\apache\jempbox\xmp\XMPSchema.java,getEventSequenceList,String,0,0,3
pdfbox\src\main\java\org\apache\pdfbox\pdfparser\NonSequentialPDFParser.java,<init>,"File, RandomAccess",8,0,28
xmpbox\src\main\java\org\apache\xmpbox\type\AbstractStructuredType.java,addSimpleProperty,"String, Object",25,0,169
xmpbox\src\main\java\org\apache\xmpbox\schema\XMPMediaManagementSchema.java,setRenditionClassProperty,RenditionClassType,0,0,6
pdfbox\src\main\java\org\apache\pdfbox\pdmodel\edit\PDPageContentStream.java,moveTo,"float, float",0,0,4
jempbox\src\main\java\org\apache\jempbox\xmp\XMPSchemaDublinCore.java,removeRelation,String,0,0,2
fontbox\src\main\java\org\apache\fontbox\afm\AFMParser.java,readBoolean,,0,0,42
jempbox\src\main\java\org\apache\jempbox\xmp\XMPSchemaMediaManagement.java,createDerivedFrom,,0,0,2
pdfbox\src\main\java\org\apache\pdfbox\pdmodel\common\filespecification\PDComplexFileSpecification.java,setFileDos,String,0,0,4
pdfbox\src\main\java\org\apache\pdfbox\pdmodel\font\PDSimpleFont.java,getAverageFontWidth,,0,0,11
pdfbox\src\main\java\org\apache\pdfbox\pdmodel\interactive\annotation\PDAnnotation.java,setAppearanceStream,String,0,0,3
jempbox\src\main\java\org\apache\jempbox\xmp\XMPSchemaPhotoshop.java,setCaptionWriter,String,0,0,3
pdfbox\src\main\java\org\apache\pdfbox\encryption\PDFEncryption.java,truncateOrPad,byte[],0,0,45
jempbox\src\main\java\org\apache\jempbox\xmp\XMPMetadata.java,getRightsManagementSchema,,0,0,3
pdfbox\src\main\java\org\apache\pdfbox\pdmodel\fdf\FDFField.java,getClearFieldFlags,,0,0,8
pdfbox\src\main\java\org\apache\pdfbox\util\operator\SetTextRise.java,<init>,,0,0,32
jempbox\src\main\java\org\apache\jempbox\xmp\XMPMetadata.java,basicAddSchema,XMPSchema,5,0,157
pdfbox\src\main\java\org\apache\pdfbox\pdmodel\documentinterchange\taggedpdf\PDStandardAttributeObject.java,setArrayOfNumber,"String, float[]",4,0,26
pdfbox\src\main\java\org\apache\pdfbox\util\operator\pagedrawer\FillEvenOddRule.java,<init>,,0,0,7
preflight\src\main\java\org\apache\pdfbox\preflight\action\ActionManagerFactory.java,getNextActions,"PreflightContext, COSDictionary",0,0,4
pdfbox\src\main\java\org\apache\pdfbox\pdfparser\PDFParser.java,parseTrailer,,3,0,7
pdfbox\src\main\java\org\apache\pdfbox\pdmodel\fdf\FDFDictionary.java,getFile,,0,0,13
pdfbox\src\main\java\org\apache\pdfbox\pdmodel\interactive\action\type\PDActionJavaScript.java,setAction,String,0,0,10
pdfbox\src\main\java\org\apache\pdfbox\pdmodel\documentinterchange\prepress\PDBoxStyle.java,<init>,,0,0,14
pdfbox\src\main\java\org\apache\pdfbox\pdmodel\graphics\xobject\PDXObjectForm.java,setBBox,PDRectangle,0,0,2
pdfbox\src\main\java\org\apache\pdfbox\pdmodel\encryption\PDStandardEncryption.java,getRevision,,0,0,4
pdfbox\src\main\java\org\apache\pdfbox\pdmodel\fdf\FDFAnnotation.java,getColor,,0,0,4
pdfbox\src\main\java\org\apache\pdfbox\pdmodel\fdf\FDFAnnotationUnderline.java,<init>,COSDictionary,0,0,4
jempbox\src\main\java\org\apache\jempbox\impl\XMLUtil.java,save,"Document, String, String",11,0,4
pdfbox\src\main\java\org\apache\pdfbox\pdmodel\edit\PDPageContentStream.java,appendRawCommands,int,0,0,67
preflight\src\main\java\org\apache\pdfbox\preflight\xobject\AbstractXObjValidator.java,checkReferenceXObject,,0,0,2
pdfbox\src\main\java\org\apache\pdfbox\pdmodel\fdf\FDFField.java,setIconFit,FDFIconFit,0,0,2
pdfbox\src\main\java\org\apache\pdfbox\util\TextPosition.java,<init>,"int, float, float, Matrix, Matrix, float, float, float, String, PDFont, float, int",0,0,2
xmpbox\src\main\java\org\apache\xmpbox\schema\DublinCoreSchema.java,addPublisher,String,0,0,5
pdfbox\src\main\java\org\apache\pdfbox\pdmodel\PDDocumentCatalog.java,setOpenAction,PDDestinationOrAction,0,0,2
pdfbox\src\main\java\org\apache\pdfbox\pdmodel\documentinterchange\logicalstructure\PDStructureElement.java,getStandardStructureType,,0,0,4
pdfbox\src\main\java\org\apache\pdfbox\pdmodel\common\filespecification\PDComplexFileSpecification.java,getEmbeddedFileUnix,,0,0,4
pdfbox\src\main\java\org\apache\pdfbox\pdmodel\fdf\FDFAnnotationHighlight.java,<init>,,0,0,2
pdfbox\src\main\java\org\apache\pdfbox\pdfparser\VisualSignatureParser.java,parse,,1,0,6
xmpbox\src\main\java\org\apache\xmpbox\type\TypeMapping.java,createProperName,"String, String, String, String",0,0,5
pdfbox\src\main\java\org\apache\pdfbox\pdmodel\edit\PDPageContentStream.java,appendRawCommands,String,0,0,65
xmpbox\src\main\java\org\apache\xmpbox\schema\XMPMediaManagementSchema.java,getManageUIProperty,,0,0,7
pdfbox\src\main\java\org\apache\pdfbox\pdmodel\interactive\form\PDVariableText.java,doNotSpellCheck,,0,0,2
pdfbox\src\main\java\org\apache\pdfbox\pdmodel\fdf\FDFAnnotationPolygon.java,<init>,Element,0,0,2
jempbox\src\main\java\org\apache\jempbox\impl\XMLUtil.java,save,"Node, OutputStream, String",190,0,5
jempbox\src\main\java\org\apache\jempbox\xmp\XMPSchemaIptc4xmpCore.java,setCiAdrRegion,String,0,0,1
pdfbox\src\main\java\org\apache\pdfbox\pdmodel\graphics\xobject\PDXObject.java,getCOSObject,,0,0,5
pdfbox\src\main\java\org\apache\pdfbox\pdmodel\font\PDType0Font.java,getDescendantFonts,,0,0,2
pdfbox\src\main\java\org\apache\pdfbox\pdmodel\interactive\annotation\PDAnnotationPopup.java,getOpen,,0,0,3
pdfbox\src\main\java\org\apache\pdfbox\pdmodel\documentinterchange\taggedpdf\PDArtifactMarkedContent.java,getBBox,,0,0,2
xmpbox\src\main\java\org\apache\xmpbox\type\AbstractStructuredType.java,createArrayProperty,"String, Cardinality",1,0,211
pdfbox\src\main\java\org\apache\pdfbox\pdmodel\interactive\digitalsignature\PDSeedValue.java,setDigestMethodRequired,boolean,0,0,1
pdfbox\src\main\java\org\apache\pdfbox\filter\LZWFilter.java,<init>,,0,0,133
pdfbox\src\main\java\org\apache\pdfbox\filter\ASCII85Filter.java,encode,"InputStream, OutputStream, COSDictionary, int",0,0,3
pdfbox\src\main\java\org\apache\pdfbox\pdmodel\PDDocumentInformation.java,setCustomMetadataValue,"String, String",0,0,3
pdfbox\src\main\java\org\apache\pdfbox\cos\COSStream.java,createFilteredStream,COSBase,0,0,31
xmpbox\src\main\java\org\apache\xmpbox\schema\XMPMediaManagementSchema.java,getManageUI,,0,0,4
pdfbox\src\main\java\org\apache\pdfbox\pdmodel\interactive\annotation\PDAnnotationMarkup.java,getConstantOpacity,,0,0,4
xmpbox\src\main\java\org\apache\xmpbox\schema\XMPMediaManagementSchema.java,getIngredientsProperty,,0,0,3
pdfbox\src\main\java\org\apache\pdfbox\pdmodel\common\COSArrayList.java,contains,Object,0,0,3
jempbox\src\main\java\org\apache\jempbox\xmp\ResourceRef.java,setMangagerVariant,String,0,0,2
xmpbox\src\main\java\org\apache\xmpbox\schema\PhotoshopSchema.java,setAncestorIDProperty,URIType,0,0,7
jempbox\src\main\java\org\apache\jempbox\xmp\XMPSchemaDublinCore.java,setDescription,String,0,0,4
pdfbox\src\main\java\org\apache\pdfbox\pdmodel\fdf\FDFDocument.java,load,String,0,0,2
pdfbox\src\main\java\org\apache\pdfbox\pdmodel\encryption\StandardSecurityHandler.java,computeOwnerPassword,"byte[], byte[], int, int",1,0,6
preflight\src\main\java\org\apache\pdfbox\preflight\font\descriptor\CIDType2DescriptorHelper.java,<init>,"PreflightContext, PDFont, CIDType2Container",0,0,12
xmpbox\src\main\java\org\apache\xmpbox\XMPMetadata.java,addSchema,XMPSchema,0,0,520
jempbox\src\main\java\org\apache\jempbox\xmp\XMPSchemaMediaManagement.java,setManager,String,0,0,2
jempbox\src\main\java\org\apache\jempbox\xmp\XMPSchemaDublinCore.java,getTypes,,0,0,2
pdfbox\src\main\java\org\apache\pdfbox\pdmodel\interactive\measurement\PDMeasureDictionary.java,getSubtype,,0,0,2
examples\src\main\java\org\apache\pdfbox\examples\pdmodel\AddMessageToEachPage.java,doIt,"String, String, String",0,0,3
jempbox\src\main\java\org\apache\jempbox\xmp\XMPSchema.java,setIntegerProperty,"String, Integer",0,0,10
xmpbox\src\main\java\org\apache\xmpbox\type\ResourceRefType.java,setManagerVariant,String,0,0,4
pdfbox\src\main\java\org\apache\pdfbox\cos\COSArray.java,getInt,int,0,0,98
pdfbox\src\main\java\org\apache\pdfbox\pdmodel\graphics\xobject\PDPixelMap.java,createImageStream,"PDDocument, BufferedImage",0,0,3
pdfbox\src\main\java\org\apache\pdfbox\pdmodel\documentinterchange\taggedpdf\PDLayoutAttributeObject.java,setHeight,float,0,0,2
pdfbox\src\main\java\org\apache\pdfbox\util\operator\SetTextRenderingMode.java,process,"PDFOperator, List",0,0,4
pdfbox\src\main\java\org\apache\pdfbox\pdmodel\font\PDFontDescriptor.java,setForceBold,boolean,0,0,3
xmpbox\src\main\java\org\apache\xmpbox\schema\PhotoshopSchema.java,setCreditProperty,TextType,0,0,6
pdfbox\src\main\java\org\apache\pdfbox\pdmodel\interactive\annotation\PDAnnotationLine.java,getEndPointEndingStyle,,0,0,3
xmpbox\src\main\java\org\apache\xmpbox\type\PDFATypeType.java,getType,,0,0,3
xmpbox\src\main\java\org\apache\xmpbox\schema\XMPSchema.java,getIntegerPropertyValueAsSimple,String,0,0,4
pdfbox\src\main\java\org\apache\pdfbox\util\operator\SetLineMiterLimit.java,<init>,,0,0,15
pdfbox\src\main\java\org\apache\pdfbox\util\operator\GRestore.java,process,"PDFOperator, List",0,0,2
pdfbox\src\main\java\org\apache\pdfbox\pdmodel\interactive\annotation\PDAnnotationMarkup.java,<init>,,1,0,139
jempbox\src\main\java\org\apache\jempbox\xmp\pdfa\XMPSchemaPDFAType.java,<init>,"Element, String",0,0,2
pdfbox\src\main\java\org\apache\pdfbox\pdmodel\interactive\documentnavigation\outline\PDOutlineNode.java,<init>,COSDictionary,873,873,8006013
pdfbox\src\main\java\org\apache\pdfbox\pdmodel\common\function\type4\InstructionSequenceBuilder.java,token,CharSequence,0,0,11
pdfbox\src\main\java\org\apache\pdfbox\pdmodel\PDPage.java,setMediaBox,PDRectangle,0,0,75
pdfbox\src\main\java\org\apache\pdfbox\pdmodel\encryption\AccessPermission.java,setCanPrintDegraded,boolean,0,0,33
pdfbox\src\main\java\org\apache\pdfbox\pdmodel\PDDocument.java,importPage,PDPage,0,0,1
pdfbox\src\main\java\org\apache\pdfbox\pdmodel\interactive\form\PDField.java,isReadonly,,0,0,3
pdfbox\src\main\java\org\apache\pdfbox\io\ASCII85OutputStream.java,<init>,OutputStream,0,0,20
pdfbox\src\main\java\org\apache\pdfbox\pdmodel\graphics\PDExtendedGraphicsState.java,getNonStrokingOverprintControl,,0,0,10
pdfbox\src\main\java\org\apache\pdfbox\pdmodel\PDPage.java,<init>,PDRectangle,0,0,12
pdfbox\src\main\java\org\apache\pdfbox\pdmodel\documentinterchange\taggedpdf\PDLayoutAttributeObject.java,getGlyphOrientationVertical,,0,0,14
xmpbox\src\main\java\org\apache\xmpbox\type\VersionType.java,setModifyDate,Calendar,0,0,6
xmpbox\src\main\java\org\apache\xmpbox\schema\DublinCoreSchema.java,getLanguages,,0,0,8
pdfbox\src\main\java\org\apache\pdfbox\encryption\ARCFour.java,setKey,byte[],2,2,115
pdfbox\src\main\java\org\apache\pdfbox\pdmodel\PDPageNode.java,setMediaBox,PDRectangle,0,0,3
pdfbox\src\main\java\org\apache\pdfbox\cos\COSDocument.java,createCOSStream,COSDictionary,0,0,16
jempbox\src\main\java\org\apache\jempbox\xmp\XMPSchema.java,getLanguagePropertyLanguages,String,0,0,14
xmpbox\src\main\java\org\apache\xmpbox\DateConverter.java,<init>,,0,0,1
pdfbox\src\main\java\org\apache\pdfbox\pdmodel\common\function\type4\InstructionSequenceBuilder.java,parse,CharSequence,4,0,13
jempbox\src\main\java\org\apache\jempbox\xmp\pdfa\XMPMetadataPDFA.java,getPDFASchema,,0,0,3
pdfbox\src\main\java\org\apache\pdfbox\util\operator\MoveText.java,<init>,,0,0,34
pdfbox\src\main\java\org\apache\pdfbox\util\operator\SetHorizontalTextScaling.java,process,"PDFOperator, List",0,0,4
xmpbox\src\main\java\org\apache\xmpbox\type\ResourceRefType.java,getFromPart,,0,0,4
preflight\src\main\java\org\apache\pdfbox\preflight\annotation\FreeTextAnnotationValidator.java,<init>,"PreflightContext, COSDictionary",0,0,3
pdfbox\src\main\java\org\apache\pdfbox\util\BitFlagHelper.java,setFlag,"COSDictionary, COSName, int, boolean",1,0,118
pdfbox\src\main\java\org\apache\pdfbox\pdmodel\fdf\FDFAnnotation.java,setPage,int,0,0,2
pdfbox\src\main\java\org\apache\pdfbox\pdmodel\encryption\StandardSecurityHandler.java,<init>,,1,0,37
pdfbox\src\main\java\org\apache\pdfbox\util\DateConverter.java,getFormats,,0,0,2
pdfbox\src\main\java\org\apache\pdfbox\pdmodel\font\PDFontDescriptorAFM.java,getAverageWidth,,0,0,2
preflight\src\main\java\org\apache\pdfbox\preflight\content\ContentStreamException.java,<init>,String,0,0,6
pdfbox\src\main\java\org\apache\pdfbox\pdmodel\encryption\ProtectionPolicy.java,setEncryptionKeyLength,int,0,0,4
pdfbox\src\main\java\org\apache\pdfbox\pdfparser\XrefTrailerResolver.java,getLastTrailer,,0,0,19
xmpbox\src\main\java\org\apache\xmpbox\type\IntegerType.java,getValue,,0,0,12
xmpbox\src\main\java\org\apache\xmpbox\schema\DublinCoreSchema.java,setSource,String,0,0,6
pdfbox\src\main\java\org\apache\pdfbox\pdmodel\PDDocumentNameDictionary.java,<init>,PDDocumentCatalog,0,0,11
pdfbox\src\main\java\org\apache\pdfbox\encryption\ARCFour.java,write,"InputStream, OutputStream",1,0,70
preflight\src\main\java\org\apache\pdfbox\preflight\font\container\CIDType2Container.java,getFontProgramWidth,int,0,0,6
pdfbox\src\main\java\org\apache\pdfbox\pdfviewer\PDFTreeCellRenderer.java,getTreeCellRendererComponent,"JTree, Object, boolean, boolean, boolean, int, boolean",0,0,10
pdfbox\src\main\java\org\apache\pdfbox\pdmodel\documentinterchange\logicalstructure\PDStructureElement.java,setElementIdentifier,String,0,0,2
pdfbox\src\main\java\org\apache\pdfbox\util\StringUtil.java,getBytes,String,3,0,557
jempbox\src\main\java\org\apache\jempbox\impl\XMLUtil.java,asByteArray,"Document, String",25,0,5
pdfbox\src\main\java\org\apache\pdfbox\pdmodel\font\PDFontDescriptor.java,isForceBold,,0,0,3
examples\src\main\java\org\apache\pdfbox\examples\pdmodel\HelloWorld.java,usage,,0,0,2
examples\src\main\java\org\apache\pdfbox\examples\pdmodel\HelloWorldType1AfmPfb.java,usage,,0,0,2
pdfbox\src\main\java\org\apache\pdfbox\pdmodel\interactive\action\PDDocumentCatalogAdditionalActions.java,setWC,PDAction,0,0,2
pdfbox\src\main\java\org\apache\pdfbox\pdmodel\common\PDMemoryStream.java,createInputStream,,0,0,70
pdfbox\src\main\java\org\apache\pdfbox\util\operator\SetStrokingICCBasedColor.java,<init>,,0,0,1
pdfbox\src\main\java\org\apache\pdfbox\pdmodel\graphics\predictor\Optimum.java,setWidth,int,0,0,6
pdfbox\src\main\java\org\apache\pdfbox\pdmodel\fdf\FDFAnnotationFileAttachment.java,<init>,,0,0,6
jempbox\src\main\java\org\apache\jempbox\xmp\XMPSchemaPhotoshop.java,setTransmissionReference,String,0,0,1
xmpbox\src\main\java\org\apache\xmpbox\schema\XMPMediaManagementSchema.java,setManageToProperty,URIType,0,0,11
pdfbox\src\main\java\org\apache\pdfbox\pdmodel\graphics\xobject\PDJpeg.java,<init>,"PDDocument, InputStream",93,0,15
pdfbox\src\main\java\org\apache\pdfbox\util\operator\pagedrawer\LineTo.java,process,"PDFOperator, List",0,0,4
pdfbox\src\main\java\org\apache\pdfbox\pdmodel\interactive\action\type\PDActionGoTo.java,<init>,,0,0,4
pdfbox\src\main\java\org\apache\pdfbox\pdmodel\font\PDFont.java,getFontDescriptor,,5,1,195
xmpbox\src\main\java\org\apache\xmpbox\type\PDFAFieldType.java,getName,,0,0,5
pdfbox\src\main\java\org\apache\pdfbox\pdmodel\interactive\annotation\PDAnnotationWidget.java,getActions,,0,0,4
pdfbox\src\main\java\org\apache\pdfbox\pdmodel\fdf\FDFIconFit.java,setScaleType,String,0,0,2
pdfbox\src\main\java\org\apache\pdfbox\pdmodel\font\PDFontDescriptorDictionary.java,getFontBoundingBox,,0,0,7
fontbox\src\main\java\org\apache\fontbox\ttf\CIDFontType2Parser.java,<init>,boolean,0,0,3
xmpbox\src\main\java\org\apache\xmpbox\schema\DublinCoreSchema.java,getRelationships,,0,0,17
xmpbox\src\main\java\org\apache\xmpbox\xml\XmpSerializationException.java,<init>,String,0,0,1
pdfbox\src\main\java\org\apache\pdfbox\pdmodel\interactive\annotation\PDAnnotationMarkup.java,setRichContents,PDTextStream,0,0,2
pdfbox\src\main\java\org\apache\pdfbox\filter\JPXFilter.java,<init>,,0,0,128
pdfbox\src\main\java\org\apache\pdfbox\encryption\DocumentEncryption.java,<init>,PDDocument,0,0,2
pdfbox\src\main\java\org\apache\pdfbox\pdfparser\NonSequentialPDFParser.java,lastIndexOf,"char[], byte[], int",0,0,2
xmpbox\src\main\java\org\apache\xmpbox\xml\DomXmpParser.java,parse,byte[],49,0,3
preflight\src\main\java\org\apache\pdfbox\preflight\action\NamedAction.java,innerValid,,0,0,1
pdfbox\src\main\java\org\apache\pdfbox\pdmodel\common\function\PDFunctionType0.java,getEncodeForParameter,int,0,0,1
pdfbox\src\main\java\org\apache\pdfbox\pdmodel\fdf\FDFAnnotationText.java,<init>,Element,0,0,2
pdfbox\src\main\java\org\apache\pdfbox\pdmodel\fdf\FDFAnnotation.java,setNoZoom,boolean,0,0,2
jempbox\src\main\java\org\apache\jempbox\xmp\XMPSchemaPhotoshop.java,getTransmissionReference,,0,0,3
pdfbox\src\main\java\org\apache\pdfbox\pdmodel\font\PDFontDescriptorDictionary.java,setFontName,String,0,0,17
pdfbox\src\main\java\org\apache\pdfbox\pdmodel\common\PDStream.java,setFilters,List,0,0,12
pdfbox\src\main\java\org\apache\pdfbox\pdmodel\documentinterchange\taggedpdf\PDLayoutAttributeObject.java,setAllPaddings,int,0,0,3
xmpbox\src\main\java\org\apache\xmpbox\type\ResourceEventType.java,getChanged,,0,0,3
pdfbox\src\main\java\org\apache\pdfbox\pdmodel\interactive\pagenavigation\PDThreadBead.java,<init>,,0,0,13
pdfbox\src\main\java\org\apache\pdfbox\pdmodel\fdf\FDFAnnotationLine.java,<init>,Element,0,0,2
preflight\src\main\java\org\apache\pdfbox\preflight\font\util\Type1Parser.java,isEExecKeyWord,byte[],0,0,4
examples\src\main\java\org\apache\pdfbox\examples\pdmodel\ReplaceURLs.java,main,String[],0,0,4
xmpbox\src\main\java\org\apache\xmpbox\schema\XMPSchema.java,setIntegerPropertyValue,"String, Integer",2,0,14
jempbox\src\main\java\org\apache\jempbox\xmp\XMPSchemaBasic.java,getCreateDate,,0,0,3
pdfbox\src\main\java\org\apache\pdfbox\pdmodel\interactive\form\PDField.java,getFieldFlags,,0,0,10
pdfbox\src\main\java\org\apache\pdfbox\pdmodel\interactive\action\type\PDURIDictionary.java,<init>,COSDictionary,0,0,6
xmpbox\src\main\java\org\apache\xmpbox\schema\PDFAExtensionSchema.java,getSchemasProperty,,0,0,5
pdfbox\src\main\java\org\apache\pdfbox\pdmodel\graphics\xobject\PDXObjectImage.java,<init>,"PDStream, String",0,0,36
pdfbox\src\main\java\org\apache\pdfbox\pdmodel\interactive\action\PDDocumentCatalogAdditionalActions.java,setWP,PDAction,0,0,2
pdfbox\src\main\java\org\apache\pdfbox\cos\COSDictionary.java,setDate,"String, Calendar",1,0,3
jempbox\src\main\java\org\apache\jempbox\xmp\XMPSchemaPhotoshop.java,getInstructions,,0,0,3
pdfbox\src\main\java\org\apache\pdfbox\pdmodel\graphics\color\PDCalRGB.java,createColorSpace,,7,0,11
pdfbox\src\main\java\org\apache\pdfbox\io\ByteArrayPushBackInputStream.java,localUnread,"byte[], int, int",0,0,7
pdfbox\src\main\java\org\apache\pdfbox\pdmodel\encryption\AccessPermission.java,setCanPrint,boolean,0,0,37
pdfbox\src\main\java\org\apache\pdfbox\pdmodel\font\PDFontDescriptorAFM.java,getCapHeight,,0,0,5
pdfbox\src\main\java\org\apache\pdfbox\pdmodel\interactive\measurement\PDRectlinearMeasureDictionary.java,getAngles,,0,0,4
preflight\src\main\java\org\apache\pdfbox\preflight\utils\FilterHelper.java,<init>,,0,0,1
pdfbox\src\main\java\org\apache\pdfbox\pdmodel\fdf\FDFField.java,setClearWidgetFieldFlags,Integer,0,0,4
pdfbox\src\main\java\org\apache\pdfbox\util\TextPosition.java,<init>,"PDPage, Matrix, Matrix, float, float[], float, String, PDFont, float, int, float",0,0,1
preflight\src\main\java\org\apache\pdfbox\preflight\font\util\Type1Parser.java,skipComments,PeekInputStream,0,0,7
pdfbox\src\main\java\org\apache\pdfbox\pdmodel\interactive\digitalsignature\PDSeedValue.java,setDigestMethod,List,0,0,4
pdfbox\src\main\java\org\apache\pdfbox\pdmodel\graphics\color\ColorSpaceCMYK.java,fromCIEXYZ,float[],0,0,4
pdfbox\src\main\java\org\apache\pdfbox\pdmodel\documentinterchange\logicalstructure\PDStructureElement.java,getAlternateDescription,,0,0,4
pdfbox\src\main\java\org\apache\pdfbox\pdmodel\PDDocumentCatalog.java,getOutputIntent,,0,0,2
jempbox\src\main\java\org\apache\jempbox\xmp\XMPSchema.java,setDateProperty,"String, Calendar",0,0,7
pdfbox\src\main\java\org\apache\pdfbox\pdmodel\graphics\predictor\PredictorAlgorithm.java,main,String[],91,0,8
xmpbox\src\main\java\org\apache\xmpbox\schema\DublinCoreSchema.java,addRights,"String, String",0,0,16
pdfbox\src\main\java\org\apache\pdfbox\pdmodel\interactive\annotation\PDAnnotationText.java,getStateModel,,0,0,4
fontbox\src\main\java\org\apache\fontbox\ttf\GlyphData.java,initData,"TrueTypeFont, TTFDataStream",27,1,528
pdfbox\src\main\java\org\apache\pdfbox\pdmodel\interactive\documentnavigation\destination\PDPageDestination.java,setPageNumber,int,0,0,6
pdfbox\src\main\java\org\apache\pdfbox\pdmodel\PDResources.java,getShadings,,0,0,7
pdfbox\src\main\java\org\apache\pdfbox\pdmodel\interactive\annotation\PDAnnotationMarkup.java,getInReplyTo,,0,0,3
pdfbox\src\main\java\org\apache\pdfbox\pdmodel\interactive\measurement\PDRectlinearMeasureDictionary.java,getCYX,,0,0,3
preflight\src\main\java\org\apache\pdfbox\preflight\action\InvalidAction.java,innerValid,,0,0,2
pdfbox\src\main\java\org\apache\pdfbox\util\operator\SetStrokingColorSpace.java,<init>,,0,0,26
pdfbox\src\main\java\org\apache\pdfbox\pdmodel\fdf\FDFAnnotationSquiggly.java,<init>,,0,0,9
pdfbox\src\main\java\org\apache\pdfbox\pdmodel\documentinterchange\logicalstructure\PDStructureElement.java,insertBefore,"COSInteger, Object",0,0,1
preflight\src\main\java\org\apache\pdfbox\preflight\action\InvalidAction.java,<init>,"ActionManagerFactory, COSDictionary, PreflightContext, String, String",0,0,2
pdfbox\src\main\java\org\apache\pdfbox\io\ccitt\CCITTFaxG31DDecodeInputStream.java,buildLookupTree,,1,0,1
xmpbox\src\main\java\org\apache\xmpbox\schema\PhotoshopSchema.java,setCountryProperty,TextType,0,0,9
preflight\src\main\java\org\apache\pdfbox\preflight\exception\CrossRefParseException.java,<init>,ParseException,0,0,2
pdfbox\src\main\java\org\apache\pdfbox\pdmodel\interactive\annotation\PDAnnotationMarkup.java,setCreationDate,Calendar,1,0,2
jempbox\src\main\java\org\apache\jempbox\xmp\Thumbnail.java,<init>,XMPMetadata,0,0,14
pdfbox\src\main\java\org\apache\pdfbox\encoding\MacRomanEncoding.java,<init>,,21,2,15
pdfbox\src\main\java\org\apache\pdfbox\pdmodel\interactive\form\PDAcroForm.java,setFields,List,0,0,1
pdfbox\src\main\java\org\apache\pdfbox\pdmodel\common\function\type4\RelationalOperators.java,<init>,,0,0,1
xmpbox\src\main\java\org\apache\xmpbox\schema\AdobePDFSchema.java,getPDFVersionProperty,,0,0,3
pdfbox\src\main\java\org\apache\pdfbox\pdmodel\common\PDRange.java,<init>,COSArray,0,0,11
fontbox\src\main\java\org\apache\fontbox\ttf\GlyfCompositeDescript.java,getGlypDescription,int,0,0,282
pdfbox\src\main\java\org\apache\pdfbox\pdfwriter\COSWriter.java,close,,2,0,30
preflight\src\main\java\org\apache\pdfbox\preflight\font\container\Type3Container.java,<init>,PDFont,0,0,12
pdfbox\src\main\java\org\apache\pdfbox\pdmodel\documentinterchange\taggedpdf\PDLayoutAttributeObject.java,setGlyphOrientationVertical,String,0,0,4
pdfbox\src\main\java\org\apache\pdfbox\pdmodel\fdf\FDFIconFit.java,getScaleType,,0,0,3
pdfbox\src\main\java\org\apache\pdfbox\pdmodel\graphics\shading\PDShadingResources.java,setShadingType,int,0,0,8
pdfbox\src\main\java\org\apache\pdfbox\exceptions\WrappedException.java,<init>,Exception,0,0,23
pdfbox\src\main\java\org\apache\pdfbox\pdmodel\fdf\FDFAnnotationPolyline.java,<init>,,0,0,2
pdfbox\src\main\java\org\apache\pdfbox\pdmodel\graphics\PDExtendedGraphicsState.java,setTextKnockoutFlag,boolean,0,0,7
pdfbox\src\main\java\org\apache\pdfbox\pdmodel\encryption\AccessPermission.java,isOwnerPermission,,0,0,9
pdfbox\src\main\java\org\apache\pdfbox\pdmodel\interactive\annotation\PDAppearanceCharacteristicsDictionary.java,setBorderColour,PDGamma,0,0,2
xmpbox\src\main\java\org\apache\xmpbox\type\PDFASchemaType.java,getProperty,,0,0,2
xmpbox\src\main\java\org\apache\xmpbox\schema\XMPSchema.java,<init>,"XMPMetadata, String",3,0,221
pdfbox\src\main\java\org\apache\pdfbox\pdfviewer\PDFTreeModel.java,<init>,PDDocument,0,0,5
pdfbox\src\main\java\org\apache\pdfbox\pdmodel\common\function\type4\StackOperators.java,<init>,,0,0,1
pdfbox\src\main\java\org\apache\pdfbox\pdmodel\font\PDFontDescriptorAFM.java,getCharSet,,0,0,4
pdfbox\src\main\java\org\apache\pdfbox\filter\LZWNode.java,getNode,byte[],0,0,15
pdfbox\src\main\java\org\apache\pdfbox\pdmodel\interactive\digitalsignature\PDSeedValueTimeStamp.java,<init>,COSDictionary,0,0,4
pdfbox\src\main\java\org\apache\pdfbox\pdfparser\NonSequentialPDFParser.java,<init>,"InputStream, RandomAccess, String",186,0,21
pdfbox\src\main\java\org\apache\pdfbox\pdmodel\graphics\PDExtendedGraphicsState.java,setLineCapStyle,int,0,0,12
xmpbox\src\main\java\org\apache\xmpbox\schema\DublinCoreSchema.java,addSubject,String,0,0,3
examples\src\main\java\org\apache\pdfbox\examples\pdmodel\RubberStampWithImage.java,usage,,0,0,2
pdfbox\src\main\java\org\apache\pdfbox\pdmodel\common\PDStream.java,addCompression,,1,0,18
pdfbox\src\main\java\org\apache\pdfbox\util\operator\SetMatrix.java,process,"PDFOperator, List",0,0,9
preflight\src\main\java\org\apache\pdfbox\preflight\ValidationResult.java,addErrors,List,0,0,3
pdfbox\src\main\java\org\apache\pdfbox\pdfparser\PDFParser.java,getDocument,,0,0,21
pdfbox\src\main\java\org\apache\pdfbox\pdmodel\font\PDFontDescriptorDictionary.java,getStemH,,0,0,5
preflight\src\main\java\org\apache\pdfbox\preflight\PreflightContext.java,close,,0,0,1
pdfbox\src\main\java\org\apache\pdfbox\pdmodel\fdf\FDFAnnotationStamp.java,<init>,Element,0,0,2
pdfbox\src\main\java\org\apache\pdfbox\util\Splitter.java,processPages,List,0,0,4
pdfbox\src\main\java\org\apache\pdfbox\util\operator\pagedrawer\FillEvenOddAndStrokePath.java,process,"PDFOperator, List",0,0,2
preflight\src\main\java\org\apache\pdfbox\preflight\process\reflect\ExtGStateValidationProcess.java,checkTR2Key,"PreflightContext, COSDictionary",0,0,2
pdfbox\src\main\java\org\apache\pdfbox\pdmodel\common\COSArrayList.java,size,,0,0,102
pdfbox\src\main\java\org\apache\pdfbox\pdmodel\interactive\action\type\PDActionRemoteGoTo.java,getD,,0,0,4
xmpbox\src\main\java\org\apache\xmpbox\schema\XMPMediaManagementSchema.java,setDocumentID,String,1,0,7
pdfbox\src\main\java\org\apache\pdfbox\util\operator\pagedrawer\Invoke.java,process,"PDFOperator, List",0,0,2
preflight\src\main\java\org\apache\pdfbox\preflight\action\ActionManagerFactory.java,createActionManager,"PreflightContext, COSDictionary, String",0,0,4
pdfbox\src\main\java\org\apache\pdfbox\cos\COSName.java,clearResources,,113,0,26
pdfbox\src\main\java\org\apache\pdfbox\pdmodel\graphics\PDExtendedGraphicsState.java,getLineDashPattern,,0,0,13
preflight\src\main\java\org\apache\pdfbox\preflight\font\container\FontContainer.java,isValid,,0,0,8
pdfbox\src\main\java\org\apache\pdfbox\util\PDFStreamEngine.java,processSubStream,COSStream,2,0,4
pdfbox\src\main\java\org\apache\pdfbox\pdmodel\encryption\AccessPermission.java,<init>,int,0,0,30
pdfbox\src\main\java\org\apache\pdfbox\util\DateConverter.java,toCalendar,COSString,16,0,105
pdfbox\src\main\java\org\apache\pdfbox\util\DateConverter.java,adjustTimeZoneNicely,"GregorianCalendar, TimeZone",0,0,14
pdfbox\src\main\java\org\apache\pdfbox\pdmodel\interactive\digitalsignature\PDSignature.java,setContactInfo,String,0,0,3
xmpbox\src\main\java\org\apache\xmpbox\schema\XMPMediaManagementSchema.java,setManagerVariant,String,1,0,5
pdfbox\src\main\java\org\apache\pdfbox\pdmodel\graphics\PDLineDashPattern.java,isDashPatternEmpty,,0,0,7
preflight\src\main\java\org\apache\pdfbox\preflight\annotation\LinkAnnotationValidator.java,validate,,0,0,2
pdfbox\src\main\java\org\apache\pdfbox\pdmodel\graphics\PDShading.java,<init>,"COSName, COSDictionary",0,0,8
pdfbox\src\main\java\org\apache\pdfbox\pdmodel\documentinterchange\taggedpdf\PDStandardAttributeObject.java,getNumberOrName,"String, String",0,0,75
pdfbox\src\main\java\org\apache\pdfbox\pdmodel\graphics\PDGraphicsState.java,clone,,0,0,6
pdfbox\src\main\java\org\apache\pdfbox\pdmodel\documentinterchange\taggedpdf\PDLayoutAttributeObject.java,setTPaddings,float[],1,0,8
pdfbox\src\main\java\org\apache\pdfbox\pdmodel\encryption\StandardDecryptionMaterial.java,<init>,String,0,0,13
pdfbox\src\main\java\org\apache\pdfbox\util\operator\SetNonStrokingRGBColor.java,<init>,,0,0,22
preflight\src\main\java\org\apache\pdfbox\preflight\process\reflect\SinglePageValidationProcess.java,validateActions,"PreflightContext, PDPage",0,0,1
fontbox\src\main\java\org\apache\fontbox\cff\CFFParser.java,<init>,,0,0,6
pdfbox\src\main\java\org\apache\pdfbox\pdmodel\fdf\FDFAnnotation.java,setDate,String,0,0,2
xmpbox\src\main\java\org\apache\xmpbox\schema\XMPRightsManagementSchema.java,getUsageTermsProperty,,0,0,3
pdfbox\src\main\java\org\apache\pdfbox\pdmodel\common\PDStream.java,setMetadata,PDMetadata,0,0,3
preflight\src\main\java\org\apache\pdfbox\preflight\font\util\GlyphDetail.java,throwExceptionIfNotValid,,0,0,5
jempbox\src\main\java\org\apache\jempbox\xmp\XMPSchemaDublinCore.java,getDescriptionLanguages,,0,0,3
pdfbox\src\main\java\org\apache\pdfbox\pdmodel\graphics\color\PDOutputIntent.java,getRegistryName,,0,0,4
pdfbox\src\main\java\org\apache\pdfbox\pdmodel\graphics\color\PDSeparation.java,getNumberOfComponents,,0,0,4
pdfbox\src\main\java\org\apache\pdfbox\pdmodel\encryption\PDEncryptionDictionary.java,getStdCryptFilterDictionary,,0,0,2
pdfbox\src\main\java\org\apache\pdfbox\ImportFDF.java,main,String[],0,0,5
pdfbox\src\main\java\org\apache\pdfbox\pdmodel\graphics\predictor\Optimum.java,setHeight,int,0,0,3
pdfbox\src\main\java\org\apache\pdfbox\cos\COSUnread.java,<init>,"long, long, ConformingPDFParser",0,0,4
pdfbox\src\main\java\org\apache\pdfbox\util\operator\SetNonStrokingIndexed.java,process,"PDFOperator, List",0,0,1
pdfbox\src\main\java\org\apache\pdfbox\pdfparser\PDFXRefStream.java,getStream,,0,0,7
lucene\src\main\java\org\apache\pdfbox\lucene\LucenePDFDocument.java,addUnindexedField,"Document, String, String",4,0,7
pdfbox\src\main\java\org\apache\pdfbox\pdmodel\fdf\FDFField.java,getOptions,,2,0,5
pdfbox\src\main\java\org\apache\pdfbox\pdmodel\PDPage.java,<init>,,0,0,56
pdfbox\src\main\java\org\apache\pdfbox\pdmodel\PDDocumentCatalog.java,getPageLabels,,0,0,1
pdfbox\src\main\java\org\apache\pdfbox\encryption\DocumentEncryption.java,decryptString,"COSString, long, long",0,0,1
pdfbox\src\main\java\org\apache\pdfbox\pdmodel\documentinterchange\taggedpdf\PDPrintFieldAttributeObject.java,setRole,String,0,0,4
pdfbox\src\main\java\org\apache\pdfbox\filter\TIFFFaxDecoder.java,<init>,"int, int, int",0,0,33
pdfbox\src\main\java\org\apache\pdfbox\pdmodel\interactive\digitalsignature\PDSignature.java,setLocation,String,0,0,3
pdfbox\src\main\java\org\apache\pdfbox\cos\COSString.java,equals,Object,3,0,4
preflight\src\main\java\org\apache\pdfbox\preflight\font\descriptor\CIDType0DescriptorHelper.java,extractFontFile,PDFontDescriptorDictionary,0,0,2
pdfbox\src\main\java\org\apache\pdfbox\pdmodel\graphics\PDFontSetting.java,<init>,COSArray,0,0,17
xmpbox\src\main\java\org\apache\xmpbox\schema\DublinCoreSchema.java,getCoverageProperty,,0,0,10
pdfbox\src\main\java\org\apache\pdfbox\pdmodel\encryption\PDEncryptionDictionary.java,setUserKey,byte[],0,0,2
pdfbox\src\main\java\org\apache\pdfbox\pdfparser\PDFObjectStreamParser.java,<init>,"COSStream, COSDocument",0,0,7
preflight\src\main\java\org\apache\pdfbox\preflight\process\reflect\ExtGStateValidationProcess.java,checkTRKey,"PreflightContext, COSDictionary",0,0,2
pdfbox\src\main\java\org\apache\pdfbox\pdmodel\interactive\documentnavigation\outline\PDOutlineNode.java,getOpenCount,,0,0,28
pdfbox\src\main\java\org\apache\pdfbox\util\TextPositionComparator.java,compare,"Object, Object",0,0,2
pdfbox\src\main\java\org\apache\pdfbox\cos\COSFloat.java,accept,ICOSVisitor,0,0,11
pdfbox\src\main\java\org\apache\pdfbox\pdmodel\interactive\digitalsignature\visible\PDVisibleSigBuilder.java,createHolderForm,"PDResources, PDStream, PDRectangle",0,0,1
jempbox\src\main\java\org\apache\jempbox\xmp\XMPSchemaRightsManagement.java,getCertificateURL,,0,0,4
pdfbox\src\main\java\org\apache\pdfbox\pdmodel\graphics\color\PDLab.java,setWhitepoint,PDTristimulus,0,0,3
preflight\src\main\java\org\apache\pdfbox\preflight\font\container\FontContainer.java,markCIDAsInvalid,"int, GlyphException",0,0,5
pdfbox\src\main\java\org\apache\pdfbox\pdmodel\graphics\color\PDOutputIntent.java,<init>,COSDictionary,0,0,15
pdfbox\src\main\java\org\apache\pdfbox\pdfwriter\ContentStreamWriter.java,writeTokens,List,0,0,3
pdfbox\src\main\java\org\apache\pdfbox\encoding\EncodingManager.java,<init>,,0,0,5
pdfbox\src\main\java\org\apache\pdfbox\pdmodel\markedcontent\PDPropertyList.java,putMapping,"COSName, PDOptionalContentGroup",0,0,2
pdfbox\src\main\java\org\apache\pdfbox\pdfwriter\COSWriter.java,visitFromStream,COSStream,40,0,8
pdfbox\src\main\java\org\apache\pdfbox\pdmodel\documentinterchange\logicalstructure\PDDefaultAttributeObject.java,<init>,COSDictionary,0,0,7
pdfbox\src\main\java\org\apache\pdfbox\pdmodel\interactive\digitalsignature\PDSignature.java,getSignedContent,byte[],0,0,2
fontbox\src\main\java\org\apache\fontbox\cff\CFFDataInput.java,readCard16,,0,0,1
pdfbox\src\main\java\org\apache\pdfbox\pdmodel\graphics\xobject\PDXObjectImage.java,write2file,String,12,0,2
jempbox\src\main\java\org\apache\jempbox\xmp\XMPMetadata.java,asByteArray,,5,0,3
jempbox\src\main\java\org\apache\jempbox\xmp\XMPSchemaPhotoshop.java,getSource,,0,0,4
pdfbox\src\main\java\org\apache\pdfbox\pdmodel\encryption\PDStandardEncryption.java,setCanPrintDegraded,boolean,0,0,2
xmpbox\src\main\java\org\apache\xmpbox\type\AbstractField.java,<init>,"XMPMetadata, String",0,0,2267
pdfbox\src\main\java\org\apache\pdfbox\pdmodel\font\PDFontDescriptor.java,setAllCap,boolean,0,0,3
pdfbox\src\main\java\org\apache\pdfbox\pdmodel\interactive\annotation\PDAnnotationSquareCircle.java,<init>,COSDictionary,0,0,18
pdfbox\src\main\java\org\apache\pdfbox\pdmodel\graphics\xobject\PDInlinedImage.java,createImage,,1,0,5
pdfbox\src\main\java\org\apache\pdfbox\pdmodel\graphics\pattern\PDShadingPatternResources.java,<init>,COSDictionary,0,0,27
pdfbox\src\main\java\org\apache\pdfbox\cos\COSFloat.java,longValue,,0,0,4
xmpbox\src\main\java\org\apache\xmpbox\schema\DublinCoreSchema.java,removeType,String,0,0,2
pdfbox\src\main\java\org\apache\pdfbox\filter\LZWDictionary.java,getNode,byte[],0,0,12
preflight\src\main\java\org\apache\pdfbox\preflight\utils\ContextHelper.java,validateElement,"PreflightContext, Object, String",0,0,15
xmpbox\src\main\java\org\apache\xmpbox\xml\DomXmpParser.java,<init>,,81,0,9
pdfbox\src\main\java\org\apache\pdfbox\pdmodel\PDDocumentCatalog.java,getPageMode,,0,0,4
pdfbox\src\main\java\org\apache\pdfbox\pdmodel\font\PDFont.java,setWidths,List,0,0,6
preflight\src\main\java\org\apache\pdfbox\preflight\font\util\PeekInputStream.java,read,,0,0,52
pdfbox\src\main\java\org\apache\pdfbox\util\LayerUtility.java,wrapInSaveRestore,PDPage,0,0,1
pdfbox\src\main\java\org\apache\pdfbox\pdmodel\common\COSDictionaryMap.java,containsKey,Object,0,0,1
xmpbox\src\main\java\org\apache\xmpbox\type\AbstractComplexProperty.java,<init>,"XMPMetadata, String",5,2,1474
pdfbox\src\main\java\org\apache\pdfbox\pdmodel\interactive\annotation\PDBorderStyleDictionary.java,getStyle,,0,0,3
pdfbox\src\main\java\org\apache\pdfbox\pdmodel\font\PDFontDescriptorDictionary.java,setStemH,float,0,0,5
pdfbox\src\main\java\org\apache\pdfbox\pdmodel\common\function\PDFunction.java,getRangeValues,,0,0,20
pdfbox\src\main\java\org\apache\pdfbox\pdmodel\common\function\type4\InstructionSequence.java,addBoolean,boolean,0,0,1
pdfbox\src\main\java\org\apache\pdfbox\pdfwriter\COSWriterXRefEntry.java,getNullEntry,,0,0,37
preflight\src\main\java\org\apache\pdfbox\preflight\exception\HeaderParseException.java,<init>,"String, String",0,0,3
examples\src\main\java\org\apache\pdfbox\examples\signature\ShowSignature.java,showSignature,String[],0,0,4
pdfbox\src\main\java\org\apache\pdfbox\pdmodel\interactive\annotation\PDAnnotationLine.java,<init>,COSDictionary,0,0,36
pdfbox\src\main\java\org\apache\pdfbox\pdmodel\documentinterchange\logicalstructure\PDUserAttributeObject.java,getOwnerUserProperties,,0,0,6
xmpbox\src\main\java\org\apache\xmpbox\type\ThumbnailType.java,getFormat,,0,0,4
fontbox\src\main\java\org\apache\fontbox\ttf\IndexToLocationTable.java,initData,"TrueTypeFont, TTFDataStream",0,0,2
pdfbox\src\main\java\org\apache\pdfbox\pdmodel\font\PDFontDescriptorDictionary.java,getFlags,,0,0,43
pdfbox\src\main\java\org\apache\pdfbox\util\PDFImageWriter.java,writeImage,"PDDocument, String, String, int, int, String",0,0,3
pdfbox\src\main\java\org\apache\pdfbox\pdmodel\font\PDFontDescriptorDictionary.java,setFontFile3,PDStream,0,0,2
preflight\src\main\java\org\apache\pdfbox\preflight\parser\PreflightParser.java,parseCOSString,boolean,0,0,1
preflight\src\main\java\org\apache\pdfbox\preflight\process\reflect\SinglePageValidationProcess.java,<init>,,0,0,9
jempbox\src\main\java\org\apache\jempbox\xmp\XMPSchemaMediaManagement.java,getManageUI,,0,0,4
jempbox\src\main\java\org\apache\jempbox\xmp\Thumbnail.java,setFormat,String,0,0,3
pdfbox\src\main\java\org\apache\pdfbox\pdmodel\interactive\annotation\PDAppearanceCharacteristicsDictionary.java,setAlternateCaption,String,0,0,3
fontbox\src\main\java\org\apache\fontbox\afm\AFMParser.java,readString,,1508,381,230430
pdfbox\src\main\java\org\apache\pdfbox\pdmodel\graphics\PDExtendedGraphicsState.java,<init>,COSDictionary,0,0,32
pdfbox\src\main\java\org\apache\pdfbox\pdmodel\graphics\color\PDDeviceN.java,<init>,COSArray,0,0,9
pdfbox\src\main\java\org\apache\pdfbox\pdmodel\common\function\type4\ArithmeticOperators.java,<init>,,0,0,1
pdfbox\src\main\java\org\apache\pdfbox\pdmodel\common\COSArrayList.java,listIterator,int,0,0,2
pdfbox\src\main\java\org\apache\pdfbox\pdmodel\font\PDFont.java,getFirstChar,,0,0,86
preflight\src\main\java\org\apache\pdfbox\preflight\utils\COSUtils.java,getAsString,"COSBase, COSDocument",0,0,7
pdfbox\src\main\java\org\apache\pdfbox\pdmodel\interactive\form\PDField.java,setKids,List,0,0,6
pdfbox\src\main\java\org\apache\pdfbox\pdmodel\fdf\FDFTemplate.java,<init>,COSDictionary,0,0,9
preflight\src\main\java\org\apache\pdfbox\preflight\process\AcroFormValidationProcess.java,<init>,,0,0,8
jempbox\src\main\java\org\apache\jempbox\xmp\XMPSchemaPhotoshop.java,getCategory,,0,0,3
pdfbox\src\main\java\org\apache\pdfbox\filter\FilterManager.java,addFilter,"COSName, Filter",2,2,2126
pdfbox\src\main\java\org\apache\pdfbox\pdmodel\graphics\color\PDCalRGB.java,setLinearInterpretation,PDMatrix,0,0,13
pdfbox\src\main\java\org\apache\pdfbox\pdmodel\graphics\xobject\PDXObject.java,getStructParent,,0,0,2
xmpbox\src\main\java\org\apache\xmpbox\type\ResourceRefType.java,getRenditionClass,,0,0,4
xmpbox\src\main\java\org\apache\xmpbox\schema\PDFAIdentificationSchema.java,setAmdProperty,TextType,0,0,2
pdfbox\src\main\java\org\apache\pdfbox\pdfparser\PDFXrefStreamParser.java,parse,,1,0,3
pdfbox\src\main\java\org\apache\pdfbox\pdmodel\common\PDNameTreeNode.java,calculateLimits,,0,0,41
pdfbox\src\main\java\org\apache\pdfbox\cos\COSDocument.java,<init>,"RandomAccess, boolean",40,5,852
xmpbox\src\main\java\org\apache\xmpbox\type\AbstractField.java,getAllAttributes,,0,0,17
preflight\src\main\java\org\apache\pdfbox\preflight\ValidationResult.java,<init>,boolean,0,0,157
pdfbox\src\main\java\org\apache\pdfbox\pdmodel\interactive\action\type\PDActionRemoteGoTo.java,setD,COSBase,0,0,3
pdfbox\src\main\java\org\apache\pdfbox\pdmodel\documentinterchange\taggedpdf\PDStandardAttributeObject.java,<init>,COSDictionary,0,0,106
examples\src\main\java\org\apache\pdfbox\examples\fdf\SetField.java,<init>,,0,0,12
pdfbox\src\main\java\org\apache\pdfbox\util\PDFCloneUtility.java,cloneMerge,"COSObjectable, COSObjectable",0,0,8
pdfbox\src\main\java\org\apache\pdfbox\pdmodel\graphics\color\PDICCBased.java,getAlternateColorSpaces,,0,0,2
preflight\src\main\java\org\apache\pdfbox\preflight\utils\ByteArrayDataSource.java,<init>,InputStream,0,0,10
pdfbox\src\main\java\org\apache\pdfbox\pdmodel\encryption\PublicKeySecurityHandler.java,<init>,,0,0,14
pdfbox\src\main\java\org\apache\pdfbox\pdmodel\documentinterchange\logicalstructure\PDMarkInfo.java,isMarked,,0,0,3
pdfbox\src\main\java\org\apache\pdfbox\pdmodel\documentinterchange\taggedpdf\PDLayoutAttributeObject.java,setColor,PDGamma,0,0,1
pdfbox\src\main\java\org\apache\pdfbox\pdmodel\common\function\PDFunction.java,clipToRange,float[],0,0,10
jempbox\src\main\java\org\apache\jempbox\xmp\XMPMetadata.java,addBasicSchema,,2,0,18
preflight\src\main\java\org\apache\pdfbox\preflight\process\reflect\TilingPatternValidationProcess.java,<init>,,0,0,11
pdfbox\src\main\java\org\apache\pdfbox\pdmodel\interactive\documentnavigation\outline\PDOutlineItem.java,insertSiblingAfter,PDOutlineItem,0,0,7
pdfbox\src\main\java\org\apache\pdfbox\pdmodel\font\PDFontDescriptorDictionary.java,getFontStretch,,0,0,5
pdfbox\src\main\java\org\apache\pdfbox\pdmodel\graphics\color\ColorSpaceCMYK.java,toCIEXYZ,float[],10,0,4
xmpbox\src\main\java\org\apache\xmpbox\type\PropertiesDescription.java,getPropertiesName,,0,0,3
pdfbox\src\main\java\org\apache\pdfbox\pdmodel\fdf\FDFAnnotationHighlight.java,<init>,Element,0,0,2
pdfbox\src\main\java\org\apache\pdfbox\util\operator\SetCharSpacing.java,process,"PDFOperator, List",0,0,3
pdfbox\src\main\java\org\apache\pdfbox\pdmodel\common\function\type4\InstructionSequenceBuilder.java,token,String,0,0,11
pdfbox\src\main\java\org\apache\pdfbox\pdmodel\PDDocumentCatalog.java,setPageMode,String,0,0,1
pdfbox\src\main\java\org\apache\pdfbox\pdmodel\PDDocumentNameDictionary.java,setDests,PDDestinationNameTreeNode,0,0,2
pdfbox\src\main\java\org\apache\pdfbox\pdmodel\graphics\shading\PDShadingType4.java,setBitsPerComponent,int,0,0,3
pdfbox\src\main\java\org\apache\pdfbox\pdmodel\interactive\form\PDVariableText.java,isMultiline,,0,0,2
pdfbox\src\main\java\org\apache\pdfbox\pdmodel\PDDocumentInformation.java,getProducer,,0,0,11
pdfbox\src\main\java\org\apache\pdfbox\pdmodel\interactive\pagenavigation\PDThreadBead.java,appendBead,PDThreadBead,0,0,2
pdfbox\src\main\java\org\apache\pdfbox\pdmodel\fdf\FDFCatalog.java,setFDF,FDFDictionary,0,0,16
pdfbox\src\main\java\org\apache\pdfbox\pdmodel\common\COSArrayList.java,add,"int, Object",0,0,5
pdfbox\src\main\java\org\apache\pdfbox\pdfviewer\PDFTreeModel.java,getIndexOfChild,"Object, Object",0,0,6
pdfbox\src\main\java\org\apache\pdfbox\pdmodel\interactive\annotation\PDBorderStyleDictionary.java,<init>,COSDictionary,0,0,12
pdfbox\src\main\java\org\apache\pdfbox\pdmodel\common\function\PDFunctionType2.java,getC1,,0,0,27
pdfbox\src\main\java\org\apache\pdfbox\cos\COSDictionary.java,getFloat,"COSName, float",2,0,246
pdfbox\src\main\java\org\apache\pdfbox\pdmodel\interactive\annotation\PDAppearanceStream.java,<init>,COSStream,0,0,29
pdfbox\src\main\java\org\apache\pdfbox\pdmodel\interactive\measurement\PDRectlinearMeasureDictionary.java,getLineSloaps,,0,0,4
pdfbox\src\main\java\org\apache\pdfbox\pdmodel\interactive\action\PDAdditionalActions.java,<init>,COSDictionary,0,0,7
pdfbox\src\main\java\org\apache\pdfbox\util\operator\OperatorProcessor.java,<init>,,0,0,1281
pdfbox\src\main\java\org\apache\pdfbox\pdmodel\graphics\PDExtendedGraphicsState.java,setLineJoinStyle,int,0,0,12
jempbox\src\main\java\org\apache\jempbox\xmp\XMPSchemaBasic.java,setCreatorTool,String,0,0,1
pdfbox\src\main\java\org\apache\pdfbox\pdmodel\documentinterchange\logicalstructure\PDStructureNode.java,getType,,0,0,3
pdfbox\src\main\java\org\apache\pdfbox\util\operator\SetNonStrokingICCBasedColor.java,process,"PDFOperator, List",0,0,5
xmpbox\src\main\java\org\apache\xmpbox\schema\DublinCoreSchema.java,getCoverage,,0,0,12
pdfbox\src\main\java\org\apache\pdfbox\pdmodel\fdf\FDFAnnotation.java,<init>,Element,1,0,31
jempbox\src\main\java\org\apache\jempbox\xmp\pdfa\XMPSchemaPDFAProperty.java,<init>,XMPMetadata,0,0,4
pdfbox\src\main\java\org\apache\pdfbox\pdmodel\PDResources.java,addXObjectToDictionary,"PDXObject, String",0,0,7
jempbox\src\main\java\org\apache\jempbox\xmp\XMPSchemaBasic.java,getModifyDate,,1,0,4
preflight\src\main\java\org\apache\pdfbox\preflight\exception\HeaderParseException.java,<init>,String,0,0,3
examples\src\main\java\org\apache\pdfbox\examples\pdmodel\UsingTextMatrix.java,doIt,"String, String",0,0,2
pdfbox\src\main\java\org\apache\pdfbox\pdmodel\fdf\FDFAnnotation.java,setNoRotate,boolean,0,0,2
pdfbox\src\main\java\org\apache\pdfbox\util\operator\SetNonStrokingCalRGBColor.java,process,"PDFOperator, List",0,0,3
pdfbox\src\main\java\org\apache\pdfbox\pdmodel\documentinterchange\taggedpdf\PDListAttributeObject.java,toString,,0,0,3
pdfbox\src\main\java\org\apache\pdfbox\pdmodel\PDDocument.java,save,OutputStream,104,0,8
pdfbox\src\main\java\org\apache\pdfbox\pdmodel\documentinterchange\taggedpdf\PDListAttributeObject.java,<init>,COSDictionary,0,0,10
fontbox\src\main\java\org\apache\fontbox\ttf\CMAPEncodingEntry.java,initData,"TrueTypeFont, TTFDataStream",0,0,4
examples\src\main\java\org\apache\pdfbox\examples\pdmodel\HelloWorldTTF.java,<init>,,0,0,2
pdfbox\src\main\java\org\apache\pdfbox\pdmodel\interactive\annotation\PDAnnotationMarkup.java,setSubject,String,0,0,3
pdfbox\src\main\java\org\apache\pdfbox\util\ErrorLogger.java,log,"String, Throwable",0,0,2
pdfbox\src\main\java\org\apache\pdfbox\pdmodel\common\COSArrayList.java,add,Object,0,0,30
pdfbox\src\main\java\org\apache\pdfbox\pdmodel\PDPage.java,getParent,,0,0,92
preflight\src\main\java\org\apache\pdfbox\preflight\action\ActionManagerFactory.java,<init>,,0,0,206
jempbox\src\main\java\org\apache\jempbox\xmp\XMPSchemaBasic.java,addIdentifier,String,0,0,2
xmpbox\src\main\java\org\apache\xmpbox\schema\DublinCoreSchema.java,removeCreator,String,0,0,4
pdfbox\src\main\java\org\apache\pdfbox\pdmodel\interactive\digitalsignature\visible\PDFTemplateCreator.java,getPdfStructure,,0,0,2
examples\src\main\java\org\apache\pdfbox\examples\pdmodel\CreateLandscapePDF.java,usage,,0,0,2
pdfbox\src\main\java\org\apache\pdfbox\pdmodel\PDDocumentInformation.java,getCustomMetadataValue,String,0,0,3
pdfbox\src\main\java\org\apache\pdfbox\pdmodel\interactive\documentnavigation\outline\PDOutlineItem.java,setTitle,String,1,0,2
pdfbox\src\main\java\org\apache\pdfbox\pdmodel\graphics\color\PDDeviceN.java,setColorantNames,List,0,0,2
pdfbox\src\main\java\org\apache\pdfbox\ExtractImages.java,<init>,,0,0,4
xmpbox\src\main\java\org\apache\xmpbox\type\AbstractComplexProperty.java,removeProperty,AbstractField,0,0,6
pdfbox\src\main\java\org\apache\pdfbox\pdmodel\fdf\FDFCatalog.java,getSignature,,0,0,3
pdfbox\src\main\java\org\apache\pdfbox\util\PDFOperator.java,<init>,String,0,0,115
jempbox\src\main\java\org\apache\jempbox\xmp\XMPSchemaPhotoshop.java,getState,,0,0,3
pdfbox\src\main\java\org\apache\pdfbox\pdmodel\font\PDTrueTypeFont.java,loadTTF,"PDDocument, InputStream, Encoding",1,0,8
jempbox\src\main\java\org\apache\jempbox\xmp\XMPSchemaIptc4xmpCore.java,getCiAdrPcode,,0,0,3
pdfbox\src\main\java\org\apache\pdfbox\pdfparser\BaseParser.java,parseCOSName,,1,0,42
pdfbox\src\main\java\org\apache\pdfbox\pdmodel\documentinterchange\logicalstructure\PDStructureNode.java,appendKid,PDStructureElement,0,0,9
preflight\src\main\java\org\apache\pdfbox\preflight\metadata\SynchronizedMetaDataValidation.java,analyzeSubjectProperty,"PDDocumentInformation, DublinCoreSchema, List",0,0,7
pdfbox\src\main\java\org\apache\pdfbox\pdmodel\graphics\xobject\PDInlinedImage.java,createImage,Map,3,0,11
pdfbox\src\main\java\org\apache\pdfbox\pdmodel\graphics\xobject\PDJpeg.java,<init>,"PDDocument, BufferedImage, float",0,0,1
pdfbox\src\main\java\org\apache\pdfbox\pdmodel\common\filespecification\PDComplexFileSpecification.java,isVolatile,,0,0,3
jempbox\src\main\java\org\apache\jempbox\xmp\pdfa\XMPSchemaPDFASchema.java,<init>,"Element, String",0,0,8
preflight\src\main\java\org\apache\pdfbox\preflight\Format.java,values,,0,0,4
pdfbox\src\main\java\org\apache\pdfbox\io\PushBackInputStream.java,unread,int,0,0,987
pdfbox\src\main\java\org\apache\pdfbox\pdmodel\fdf\FDFAnnotationUnderline.java,<init>,Element,0,0,2
pdfbox\src\main\java\org\apache\pdfbox\util\PDFStreamEngine.java,processStream,"PDPage, PDResources, COSStream",0,0,2
pdfbox\src\main\java\org\apache\pdfbox\cos\COSUnread.java,accept,ICOSVisitor,0,0,1
pdfbox\src\main\java\org\apache\pdfbox\pdmodel\font\PDFont.java,getAverageFontWidthFromAFMFile,,1,0,16
pdfbox\src\main\java\org\apache\pdfbox\pdmodel\interactive\form\PDField.java,getAlternateFieldName,,0,0,3
xmpbox\src\main\java\org\apache\xmpbox\schema\PhotoshopSchema.java,setICCProfile,String,0,0,4
xmpbox\src\main\java\org\apache\xmpbox\type\TypeMapping.java,isDefinedTypeNamespace,String,0,0,10
pdfbox\src\main\java\org\apache\pdfbox\pdmodel\fdf\FDFAnnotationText.java,<init>,,0,0,3
xmpbox\src\main\java\org\apache\xmpbox\schema\XMPBasicJobTicketSchema.java,<init>,"XMPMetadata, String",0,0,38
preflight\src\main\java\org\apache\pdfbox\preflight\process\CatalogValidationProcess.java,validateICCProfile,"COSBase, Map, PreflightContext",0,0,2
pdfbox\src\main\java\org\apache\pdfbox\pdmodel\interactive\annotation\PDAnnotationSquareCircle.java,getSubtype,,0,0,5
preflight\src\main\java\org\apache\pdfbox\preflight\process\reflect\ResourcesValidationProcess.java,<init>,,0,0,15
pdfbox\src\main\java\org\apache\pdfbox\cos\COSDictionary.java,getFloat,COSName,0,0,15
fontbox\src\main\java\org\apache\fontbox\ttf\TTFDataStream.java,read,int,0,0,112
preflight\src\main\java\org\apache\pdfbox\preflight\font\descriptor\Type1DescriptorHelper.java,checkMandatoryFields,COSDictionary,0,0,1
jempbox\src\main\java\org\apache\jempbox\xmp\XMPSchemaPhotoshop.java,removeSupplementalCategory,String,0,0,2
pdfbox\src\main\java\org\apache\pdfbox\cos\COSDictionary.java,getString,"String, String",0,0,23
pdfbox\src\main\java\org\apache\pdfbox\pdmodel\fdf\FDFAnnotationText.java,<init>,COSDictionary,0,0,3
pdfbox\src\main\java\org\apache\pdfbox\pdmodel\fdf\FDFDictionary.java,<init>,,0,0,61
xmpbox\src\main\java\org\apache\xmpbox\schema\DublinCoreSchema.java,addContributor,String,0,0,10
pdfbox\src\main\java\org\apache\pdfbox\pdmodel\documentinterchange\logicalstructure\PDStructureNode.java,appendObjectableKid,COSObjectable,0,0,18
pdfbox\src\main\java\org\apache\pdfbox\pdmodel\interactive\documentnavigation\destination\PDPageXYZDestination.java,getLeft,,0,0,4
pdfbox\src\main\java\org\apache\pdfbox\pdmodel\encryption\PDStandardEncryption.java,getOwnerKey,,0,0,4
fontbox\src\main\java\org\apache\fontbox\afm\AFMParser.java,readInt,,0,0,66
pdfbox\src\main\java\org\apache\pdfbox\pdfviewer\PDFTreeCellRenderer.java,convertToTreeObject,Object,0,0,11
xmpbox\src\main\java\org\apache\xmpbox\schema\PhotoshopSchema.java,setUrgency,Integer,0,0,4
pdfbox\src\main\java\org\apache\pdfbox\cos\COSDictionary.java,setBoolean,"COSName, boolean",0,0,55
pdfbox\src\main\java\org\apache\pdfbox\pdmodel\documentinterchange\taggedpdf\PDLayoutAttributeObject.java,getWritingMode,,0,0,15
pdfbox\src\main\java\org\apache\pdfbox\pdmodel\documentinterchange\logicalstructure\PDStructureNode.java,insertBefore,"COSBase, Object",0,0,15
pdfbox\src\main\java\org\apache\pdfbox\pdmodel\interactive\digitalsignature\PDPropBuild.java,getCOSObject,,0,0,1
pdfbox\src\main\java\org\apache\pdfbox\util\operator\pagedrawer\BeginInlineImage.java,process,"PDFOperator, List",0,0,2
pdfbox\src\main\java\org\apache\pdfbox\pdmodel\interactive\action\PDPageAdditionalActions.java,<init>,COSDictionary,0,0,23
pdfbox\src\main\java\org\apache\pdfbox\pdmodel\interactive\form\PDFieldFactory.java,isChoiceField,PDField,0,0,4
preflight\src\main\java\org\apache\pdfbox\preflight\parser\XmlResultParser.java,generateResponseSkeleton,"Document, String, long",0,0,1
pdfbox\src\main\java\org\apache\pdfbox\cos\COSArray.java,size,,2,2,28679
pdfbox\src\main\java\org\apache\pdfbox\pdmodel\graphics\predictor\None.java,encodeLine,"byte[], byte[], int, int, int, int",0,0,4
pdfbox\src\main\java\org\apache\pdfbox\pdfparser\BaseParser.java,parseCOSStream,"COSDictionary, RandomAccess",0,0,1
xmpbox\src\main\java\org\apache\xmpbox\schema\DublinCoreSchema.java,getDatesProperty,,0,0,12
pdfbox\src\main\java\org\apache\pdfbox\pdmodel\interactive\measurement\PDNumberFormatDictionary.java,getThousandsSeparator,,0,0,3
pdfbox\src\main\java\org\apache\pdfbox\pdmodel\documentinterchange\taggedpdf\PDLayoutAttributeObject.java,setStartIndent,float,0,0,3
pdfbox\src\main\java\org\apache\pdfbox\pdmodel\interactive\form\PDAcroForm.java,<init>,"PDDocument, COSDictionary",0,0,26
jempbox\src\main\java\org\apache\jempbox\impl\XMLUtil.java,getStringValue,Element,0,0,44
pdfbox\src\main\java\org\apache\pdfbox\filter\TIFFFaxDecoder.java,setToBlack,"byte[], int, int, int",0,0,1
pdfbox\src\main\java\org\apache\pdfbox\pdmodel\font\PDFontDescriptorDictionary.java,setFontStretch,String,0,0,7
pdfbox\src\main\java\org\apache\pdfbox\pdmodel\interactive\annotation\PDAnnotation.java,getRectangle,,0,0,3
pdfbox\src\main\java\org\apache\pdfbox\pdfparser\PDFXRefStream.java,addEntry,COSWriterXRefEntry,0,0,7
pdfbox\src\main\java\org\apache\pdfbox\cos\COSDictionary.java,getBoolean,"COSName, COSName, boolean",2,0,197
pdfbox\src\main\java\org\apache\pdfbox\util\operator\ShowText.java,<init>,,0,0,19
pdfbox\src\main\java\org\apache\pdfbox\pdmodel\interactive\annotation\PDBorderEffectDictionary.java,getStyle,,0,0,3
pdfbox\src\main\java\org\apache\pdfbox\cos\COSDictionary.java,getBoolean,"COSName, boolean",2,0,174
xmpbox\src\main\java\org\apache\xmpbox\schema\XMPSchema.java,getUnqualifiedSequenceValueList,String,0,0,23
xmpbox\src\main\java\org\apache\xmpbox\schema\PhotoshopSchema.java,getTransmissionReferenceProperty,,0,0,11
pdfbox\src\main\java\org\apache\pdfbox\pdmodel\common\filespecification\PDComplexFileSpecification.java,getFileUnix,,0,0,6
xmpbox\src\main\java\org\apache\xmpbox\schema\XMPRightsManagementSchema.java,getUsageTerms,String,0,0,7
pdfbox\src\main\java\org\apache\pdfbox\pdmodel\interactive\form\PDVariableText.java,getQ,,0,0,3
examples\src\main\java\org\apache\pdfbox\examples\pdmodel\RemoveFirstPage.java,main,String[],0,0,4
pdfbox\src\main\java\org\apache\pdfbox\pdmodel\interactive\annotation\PDAnnotationLine.java,setLeaderLineOffsetLength,float,0,0,3
pdfbox\src\main\java\org\apache\pdfbox\pdmodel\documentinterchange\taggedpdf\PDPrintFieldAttributeObject.java,setCheckedState,String,0,0,3
pdfbox\src\main\java\org\apache\pdfbox\pdmodel\interactive\digitalsignature\PDPropBuildDataDict.java,getMinimumRevision,,0,0,4
preflight\src\main\java\org\apache\pdfbox\preflight\PreflightDocument.java,initConfiguration,Format,59,0,90
xmpbox\src\main\java\org\apache\xmpbox\schema\XMPRightsManagementSchema.java,setCertificateProperty,URLType,0,0,12
pdfbox\src\main\java\org\apache\pdfbox\pdmodel\interactive\form\PDFieldFactory.java,createField,"PDAcroForm, COSDictionary",0,0,6
pdfbox\src\main\java\org\apache\pdfbox\ExportFDF.java,close,PDDocument,0,0,6
preflight\src\main\java\org\apache\pdfbox\preflight\font\util\Type1.java,getLabelAsName,int,0,0,7
xmpbox\src\main\java\org\apache\xmpbox\type\AbstractField.java,containsAttribute,String,0,0,13
pdfbox\src\main\java\org\apache\pdfbox\pdfviewer\PageDrawer.java,drawPage,"Graphics, PDPage, Dimension",1,0,7
pdfbox\src\main\java\org\apache\pdfbox\pdmodel\common\COSArrayList.java,isEmpty,,0,0,24
pdfbox\src\main\java\org\apache\pdfbox\pdmodel\fdf\FDFAnnotation.java,isInvisible,,0,0,3
pdfbox\src\main\java\org\apache\pdfbox\io\ccitt\PackedBitArray.java,byteOffset,int,0,0,101
pdfbox\src\main\java\org\apache\pdfbox\util\PDFStreamEngine.java,processOperator,"PDFOperator, List",28,0,22
pdfbox\src\main\java\org\apache\pdfbox\pdmodel\graphics\predictor\Up.java,decodeLine,"byte[], byte[], int, int, int, int",0,0,40
pdfbox\src\main\java\org\apache\pdfbox\pdmodel\interactive\annotation\PDAppearanceCharacteristicsDictionary.java,getAlternateCaption,,0,0,4
preflight\src\main\java\org\apache\pdfbox\preflight\content\ContentStreamWrapper.java,<init>,"PreflightContext, PDPage",20,0,18
fontbox\src\main\java\org\apache\fontbox\ttf\CMAPEncodingEntry.java,<init>,,0,0,4
pdfbox\src\main\java\org\apache\pdfbox\pdmodel\interactive\action\type\PDActionJavaScript.java,getAction,,0,0,4
pdfbox\src\main\java\org\apache\pdfbox\io\ccitt\CCITTFaxG31DDecodeInputStream.java,readByte,,0,0,40
pdfbox\src\main\java\org\apache\pdfbox\pdmodel\font\PDFont.java,getFontMatrix,,0,0,7
xmpbox\src\main\java\org\apache\xmpbox\schema\XMPSchema.java,getIntegerProperty,String,0,0,6
pdfbox\src\main\java\org\apache\pdfbox\pdmodel\common\filespecification\PDComplexFileSpecification.java,setEmbeddedFile,PDEmbeddedFile,0,0,5
pdfbox\src\main\java\org\apache\pdfbox\util\TextPosition.java,mergeDiacritic,"TextPosition, TextNormalize",0,0,2
preflight\src\main\java\org\apache\pdfbox\preflight\font\util\Type1Parser.java,readNameOrArgument,PeekInputStream,0,0,6
pdfbox\src\main\java\org\apache\pdfbox\pdmodel\fdf\FDFJavaScript.java,<init>,COSDictionary,0,0,9
pdfbox\src\main\java\org\apache\pdfbox\pdmodel\interactive\action\type\PDActionLaunch.java,setFile,PDFileSpecification,0,0,2
xmpbox\src\main\java\org\apache\xmpbox\schema\PhotoshopSchema.java,setDateCreated,String,1,0,3
pdfbox\src\main\java\org\apache\pdfbox\pdmodel\interactive\digitalsignature\visible\PDVisibleSigBuilder.java,<init>,,61,0,41
pdfbox\src\main\java\org\apache\pdfbox\pdmodel\encryption\StandardProtectionPolicy.java,<init>,"String, String, AccessPermission",0,0,37
pdfbox\src\main\java\org\apache\pdfbox\pdmodel\documentinterchange\taggedpdf\PDLayoutAttributeObject.java,getColor,,0,0,14
preflight\src\main\java\org\apache\pdfbox\preflight\process\AbstractProcess.java,addValidationErrors,"PreflightContext, List",0,0,2
pdfbox\src\main\java\org\apache\pdfbox\pdmodel\interactive\digitalsignature\visible\PDVisibleSigBuilder.java,createInnerForm,"PDResources, PDStream, PDRectangle",0,0,1
jempbox\src\main\java\org\apache\jempbox\xmp\XMPSchemaPagedText.java,<init>,"Element, String",0,0,2
fontbox\src\main\java\org\apache\fontbox\ttf\MemoryTTFDataStream.java,readSignedInt,,0,0,8
pdfbox\src\main\java\org\apache\pdfbox\pdmodel\graphics\color\PDICCBased.java,setAlternateColorSpaces,List,0,0,2
pdfbox\src\main\java\org\apache\pdfbox\pdmodel\graphics\color\PDSeparation.java,createColorModel,int,0,0,5
pdfbox\src\main\java\org\apache\pdfbox\io\IOUtils.java,toByteArray,InputStream,0,0,4
pdfbox\src\main\java\org\apache\pdfbox\pdmodel\interactive\digitalsignature\PDPropBuild.java,<init>,COSDictionary,0,0,5
jempbox\src\main\java\org\apache\jempbox\xmp\XMPSchemaRightsManagement.java,addOwner,String,0,0,3
pdfbox\src\main\java\org\apache\pdfbox\io\ccitt\CCITTFaxG31DDecodeInputStream.java,buildUpMakeUpLong,"short[], CCITTFaxG31DDecodeInputStream$NonLeafLookupTreeNode",0,0,2
pdfbox\src\main\java\org\apache\pdfbox\cos\COSString.java,getString,,19,1,8809
pdfbox\src\main\java\org\apache\pdfbox\pdmodel\PDPage.java,findResources,,0,0,11
pdfbox\src\main\java\org\apache\pdfbox\cos\COSDictionary.java,getString,String,2,0,119
pdfbox\src\main\java\org\apache\pdfbox\pdmodel\interactive\documentnavigation\destination\PDNamedDestination.java,setNamedDestination,String,0,0,5
pdfbox\src\main\java\org\apache\pdfbox\persistence\util\COSObjectKey.java,equals,Object,0,0,15
pdfbox\src\main\java\org\apache\pdfbox\pdmodel\graphics\pattern\PDPatternResources.java,setFilter,String,0,0,3
pdfbox\src\main\java\org\apache\pdfbox\io\ccitt\PackedBitArray.java,bitOffset,int,0,0,45
pdfbox\src\main\java\org\apache\pdfbox\util\PDFMergerUtility.java,<init>,,0,0,18
pdfbox\src\main\java\org\apache\pdfbox\pdmodel\graphics\PDShading.java,getFunction,,0,0,2
pdfbox\src\main\java\org\apache\pdfbox\util\operator\SetNonStrokingLabColor.java,process,"PDFOperator, List",0,0,3
jempbox\src\main\java\org\apache\jempbox\xmp\XMPSchemaPhotoshop.java,setAuthorsPosition,String,0,0,1
fontbox\src\main\java\org\apache\fontbox\ttf\PostScriptTable.java,<init>,,0,0,2
pdfbox\src\main\java\org\apache\pdfbox\pdmodel\graphics\xobject\PDJpeg.java,removeAllFiltersButDCT,OutputStream,1,0,20
pdfbox\src\main\java\org\apache\pdfbox\pdmodel\font\PDTrueTypeFont.java,loadDescriptorDictionary,"PDFontDescriptorDictionary, InputStream",82,0,4
pdfbox\src\main\java\org\apache\pdfbox\Overlay.java,<init>,,0,0,1
pdfbox\src\main\java\org\apache\pdfbox\pdmodel\documentinterchange\taggedpdf\PDLayoutAttributeObject.java,getBBox,,0,0,13
xmpbox\src\main\java\org\apache\xmpbox\schema\XMPSchema.java,removeUnqualifiedSequenceValue,"String, AbstractField",0,0,4
jempbox\src\main\java\org\apache\jempbox\xmp\pdfa\XMPSchemaPDFAId.java,getPart,,0,0,5
xmpbox\src\main\java\org\apache\xmpbox\type\TypeMapping.java,createInteger,"String, String, String, int",0,0,4
pdfbox\src\main\java\org\apache\pdfbox\pdmodel\fdf\FDFAnnotation.java,isPrinted,,0,0,2
pdfbox\src\main\java\org\apache\pdfbox\pdmodel\common\PDNumberTreeNode.java,<init>,Class,0,0,39
pdfbox\src\main\java\org\apache\pdfbox\pdmodel\interactive\form\PDRadioCollection.java,<init>,"PDAcroForm, COSDictionary",0,0,22
pdfbox\src\main\java\org\apache\pdfbox\encoding\Encoding.java,getNameToCodeMap,,0,0,11
pdfbox\src\main\java\org\apache\pdfbox\pdmodel\fdf\FDFField.java,getClearWidgetFieldFlags,,0,0,9
jempbox\src\main\java\org\apache\jempbox\xmp\XMPSchemaDublinCore.java,getContributors,,0,0,2
xmpbox\src\main\java\org\apache\xmpbox\schema\PhotoshopSchema.java,getColorMode,,0,0,10
xmpbox\src\main\java\org\apache\xmpbox\type\TypeMapping.java,isDefinedType,String,0,0,5
preflight\src\main\java\org\apache\pdfbox\preflight\PreflightDocument.java,<init>,"COSDocument, Format",1,0,16
pdfbox\src\main\java\org\apache\pdfbox\pdmodel\common\PDTypedDictionaryWrapper.java,<init>,COSDictionary,0,0,3
xmpbox\src\main\java\org\apache\xmpbox\schema\XMPSchema.java,setIntegerPropertyValueAsSimple,"String, Integer",0,0,3
pdfbox\src\main\java\org\apache\pdfbox\pdmodel\interactive\measurement\PDRectlinearMeasureDictionary.java,getDistances,,0,0,4
preflight\src\main\java\org\apache\pdfbox\preflight\process\TrailerValidationProcess.java,<init>,,0,0,16
pdfbox\src\main\java\org\apache\pdfbox\pdmodel\fdf\FDFPage.java,<init>,,0,0,3
preflight\src\main\java\org\apache\pdfbox\preflight\PreflightPath.java,getPathElement,"int, Class",0,0,18
jempbox\src\main\java\org\apache\jempbox\xmp\XMPSchemaIptc4xmpCore.java,setIntellectualGenre,String,0,0,2
xmpbox\src\main\java\org\apache\xmpbox\schema\DublinCoreSchema.java,removeLanguage,String,0,0,8
pdfbox\src\main\java\org\apache\pdfbox\pdmodel\common\filespecification\PDEmbeddedFile.java,setSubtype,String,0,0,3
pdfbox\src\main\java\org\apache\pdfbox\pdmodel\interactive\digitalsignature\PDSeedValueTimeStamp.java,setURL,String,0,0,2
pdfbox\src\main\java\org\apache\pdfbox\encryption\DocumentEncryption.java,decryptStream,"COSStream, long, long",0,0,1
pdfbox\src\main\java\org\apache\pdfbox\pdmodel\graphics\color\PDIndexed.java,lookupColor,"int, int",0,0,3
xmpbox\src\main\java\org\apache\xmpbox\schema\XMPSchema.java,<init>,"XMPMetadata, String, String, String",12,1,877
pdfbox\src\main\java\org\apache\pdfbox\pdmodel\graphics\color\PDDeviceN.java,createColorSpace,,6,0,4
pdfbox\src\main\java\org\apache\pdfbox\pdmodel\interactive\form\PDVariableText.java,isFileSelect,,0,0,2
pdfbox\src\main\java\org\apache\pdfbox\pdmodel\interactive\annotation\PDAnnotationText.java,getState,,0,0,4
pdfbox\src\main\java\org\apache\pdfbox\pdmodel\interactive\digitalsignature\PDPropBuildDataDict.java,getPreRelease,,0,0,3
pdfbox\src\main\java\org\apache\pdfbox\pdmodel\documentinterchange\taggedpdf\PDFourColours.java,getColourByIndex,int,0,0,13
pdfbox\src\main\java\org\apache\pdfbox\pdmodel\common\COSDictionaryMap.java,hashCode,,0,0,2
jempbox\src\main\java\org\apache\jempbox\impl\XMLUtil.java,getIntValue,"Element, String",3,0,10
pdfbox\src\main\java\org\apache\pdfbox\pdfwriter\COSWriter.java,getObjectKey,COSBase,3,0,78
pdfbox\src\main\java\org\apache\pdfbox\cos\COSDictionary.java,getDate,COSName,19,0,113
pdfbox\src\main\java\org\apache\pdfbox\pdmodel\interactive\measurement\PDNumberFormatDictionary.java,setLabelSuffixString,String,0,0,2
preflight\src\main\java\org\apache\pdfbox\preflight\PreflightDocument.java,<init>,Format,342,0,58
pdfbox\src\main\java\org\apache\pdfbox\pdmodel\documentinterchange\logicalstructure\PDStructureElement.java,getElementIdentifier,,0,0,3
jempbox\src\main\java\org\apache\jempbox\xmp\XMPMetadata.java,addMediaManagementSchema,,1,0,19
pdfbox\src\main\java\org\apache\pdfbox\pdmodel\encryption\StandardSecurityHandler.java,prepareDocumentForEncryption,PDDocument,0,0,4
pdfbox\src\main\java\org\apache\pdfbox\pdmodel\documentinterchange\taggedpdf\PDStandardAttributeObject.java,setNumber,"String, float",4,0,56
preflight\src\main\java\org\apache\pdfbox\preflight\exception\SyntaxValidationException.java,<init>,"Throwable, ValidationResult",0,0,1
fontbox\src\main\java\org\apache\fontbox\afm\AFMParser.java,verifySemicolon,StringTokenizer,173,19,50136
pdfbox\src\main\java\org\apache\pdfbox\pdfparser\NonSequentialPDFParser.java,init,"File, RandomAccess, String",3,0,30
fontbox\src\main\java\org\apache\fontbox\ttf\GlyfCompositeDescript.java,resolve,,0,0,138
pdfbox\src\main\java\org\apache\pdfbox\pdmodel\font\PDSimpleFont.java,writeFont,"Graphics2D, AffineTransform, float, float, GlyphVector",0,0,1
pdfbox\src\main\java\org\apache\pdfbox\pdmodel\PDPage.java,setCropBox,PDRectangle,0,0,7
pdfbox\src\main\java\org\apache\pdfbox\pdmodel\fdf\FDFAnnotationStamp.java,<init>,,0,0,3
pdfbox\src\main\java\org\apache\pdfbox\pdmodel\interactive\digitalsignature\PDSeedValue.java,isVRequired,,0,0,3
pdfbox\src\main\java\org\apache\pdfbox\pdmodel\interactive\form\PDRadioCollection.java,getValue,,0,0,4
pdfbox\src\main\java\org\apache\pdfbox\exceptions\SignatureException.java,<init>,String,0,0,1
pdfbox\src\main\java\org\apache\pdfbox\pdmodel\graphics\color\PDTristimulus.java,<init>,float[],0,0,15
xmpbox\src\main\java\org\apache\xmpbox\XMPMetadata.java,createAndAddXMPBasicSchema,,2,0,35
jempbox\src\main\java\org\apache\jempbox\impl\XMLUtil.java,getStringValue,"Element, String",0,0,30
pdfbox\src\main\java\org\apache\pdfbox\pdmodel\interactive\form\PDVariableText.java,isRichText,,0,0,1
pdfbox\src\main\java\org\apache\pdfbox\pdmodel\common\PDNameTreeNode.java,createChildNode,COSDictionary,0,0,15
xmpbox\src\main\java\org\apache\xmpbox\schema\XMPMediaManagementSchema.java,getRenditionParamsProperty,,0,0,7
examples\src\main\java\org\apache\pdfbox\examples\AbstractExample.java,<init>,,0,0,12
preflight\src\main\java\org\apache\pdfbox\preflight\PreflightContext.java,getFontContainer,COSBase,0,0,3
pdfbox\src\main\java\org\apache\pdfbox\io\NBitOutputStream.java,<init>,OutputStream,0,0,10
pdfbox\src\main\java\org\apache\pdfbox\cos\COSString.java,getBytes,,0,0,528
pdfbox\src\main\java\org\apache\pdfbox\pdmodel\common\COSArrayList.java,toArray,,0,0,7
preflight\src\main\java\org\apache\pdfbox\preflight\metadata\RDFAboutAttributeConcordanceValidation.java,validateRDFAboutAttributes,XMPMetadata,0,0,3
pdfbox\src\main\java\org\apache\pdfbox\PdfDecompressor.java,<init>,,0,0,1
jempbox\src\main\java\org\apache\jempbox\xmp\pdfa\XMPSchemaPDFAField.java,<init>,"Element, String",0,0,1
pdfbox\src\main\java\org\apache\pdfbox\pdmodel\graphics\optionalcontent\PDOptionalContentProperties.java,addGroup,PDOptionalContentGroup,0,0,1
pdfbox\src\main\java\org\apache\pdfbox\pdmodel\font\PDType1AfmPfbFont.java,<init>,"PDDocument, InputStream, InputStream",2,0,1
xmpbox\src\main\java\org\apache\xmpbox\XMPMetadata.java,getDublinCoreSchema,,0,0,35
pdfbox\src\main\java\org\apache\pdfbox\pdmodel\fdf\FDFCatalog.java,<init>,Element,0,0,4
pdfbox\src\main\java\org\apache\pdfbox\pdmodel\PDDocument.java,getLastSignatureDictionary,,0,0,4
pdfbox\src\main\java\org\apache\pdfbox\pdmodel\encryption\PDEncryptionDictionary.java,setSubFilter,String,0,0,3
xmpbox\src\main\java\org\apache\xmpbox\type\ThumbnailType.java,setWidth,Integer,0,0,5
pdfbox\src\main\java\org\apache\pdfbox\pdmodel\fdf\FDFDocument.java,load,InputStream,5,0,3
jempbox\src\main\java\org\apache\jempbox\xmp\XMPSchemaBasic.java,setThumbnail,"String, Thumbnail",0,0,3
pdfbox\src\main\java\org\apache\pdfbox\pdfparser\BaseParser.java,parseCOSDictionaryValue,,3,0,30
xmpbox\src\main\java\org\apache\xmpbox\type\TypeMapping.java,addToDefinedStructuredTypes,"String, String, PropertiesDescription",0,0,5
xmpbox\src\main\java\org\apache\xmpbox\schema\XMPMediaManagementSchema.java,setDerivedFromProperty,ResourceRefType,0,0,7
pdfbox\src\main\java\org\apache\pdfbox\pdmodel\interactive\form\PDChoiceField.java,<init>,"PDAcroForm, COSDictionary",0,0,3
pdfbox\src\main\java\org\apache\pdfbox\pdmodel\graphics\color\PDDeviceNAttributes.java,<init>,,0,0,13
pdfbox\src\main\java\org\apache\pdfbox\pdmodel\graphics\PDFontSetting.java,setFont,PDFont,0,0,6
pdfbox\src\main\java\org\apache\pdfbox\pdmodel\fdf\FDFAnnotation.java,getRectangle,,0,0,2
preflight\src\main\java\org\apache\pdfbox\preflight\font\util\Type1Parser.java,createParserWithEncodingObject,"InputStream, int, int, Encoding",1,0,17
pdfbox\src\main\java\org\apache\pdfbox\pdmodel\interactive\digitalsignature\PDPropBuildDataDict.java,setDate,String,0,0,2
pdfbox\src\main\java\org\apache\pdfbox\pdmodel\graphics\shading\RadialShadingPaint.java,<init>,"PDShadingType3, Matrix, int",0,0,3
pdfbox\src\main\java\org\apache\pdfbox\pdmodel\graphics\color\PDCalGray.java,getGamma,,0,0,3
preflight\src\main\java\org\apache\pdfbox\preflight\xobject\AbstractXObjValidator.java,checkOPI,,0,0,1
jempbox\src\main\java\org\apache\jempbox\xmp\Thumbnail.java,getImage,,0,0,2
fontbox\src\main\java\org\apache\fontbox\ttf\TTFDataStream.java,readUnsignedInt,,0,0,132
pdfbox\src\main\java\org\apache\pdfbox\pdmodel\font\PDType0Font.java,getawtFont,,0,0,1
xmpbox\src\main\java\org\apache\xmpbox\XMPMetadata.java,getPhotoshopSchema,,0,0,15
pdfbox\src\main\java\org\apache\pdfbox\pdmodel\encryption\PDStandardEncryption.java,canExtractContent,,0,0,3
pdfbox\src\main\java\org\apache\pdfbox\pdmodel\interactive\documentnavigation\outline\PDOutlineNode.java,appendChild,PDOutlineItem,15790,1379,6
xmpbox\src\main\java\org\apache\xmpbox\schema\DublinCoreSchema.java,getTitle,,0,0,10
xmpbox\src\main\java\org\apache\xmpbox\schema\XMPSchemaFactory.java,getPropertyType,String,0,0,3
pdfbox\src\main\java\org\apache\pdfbox\pdmodel\documentinterchange\taggedpdf\PDTableAttributeObject.java,getScope,,0,0,5
jempbox\src\main\java\org\apache\jempbox\xmp\pdfa\XMPSchemaPDFAId.java,setAmd,String,0,0,4
pdfbox\src\main\java\org\apache\pdfbox\pdmodel\interactive\action\type\PDActionLaunch.java,getWinLaunchParams,,0,0,3
pdfbox\src\main\java\org\apache\pdfbox\pdmodel\interactive\digitalsignature\visible\PDFTemplateCreator.java,buildPDF,PDVisibleSignDesigner,7,0,2
pdfbox\src\main\java\org\apache\pdfbox\pdfparser\PDFObjectStreamParser.java,parse,,0,0,3
preflight\src\main\java\org\apache\pdfbox\preflight\process\reflect\ExtGStateValidationProcess.java,<init>,,0,0,10
pdfbox\src\main\java\org\apache\pdfbox\pdmodel\interactive\action\type\PDURIDictionary.java,<init>,,0,0,8
xmpbox\src\main\java\org\apache\xmpbox\schema\AdobePDFSchema.java,setKeywords,String,0,0,5
pdfbox\src\main\java\org\apache\pdfbox\filter\FlateFilter.java,decompress,InputStream,0,0,3
pdfbox\src\main\java\org\apache\pdfbox\pdmodel\documentinterchange\taggedpdf\PDLayoutAttributeObject.java,setColumnWidths,float[],1,0,5
pdfbox\src\main\java\org\apache\pdfbox\io\PushBackInputStream.java,unread,"byte[], int, int",0,0,43
pdfbox\src\main\java\org\apache\pdfbox\pdmodel\documentinterchange\taggedpdf\PDStandardAttributeObject.java,getNameOrArrayOfName,"String, String",0,0,29
pdfbox\src\main\java\org\apache\pdfbox\pdmodel\common\PDMemoryStream.java,createOutputStream,,0,0,2
pdfbox\src\main\java\org\apache\pdfbox\pdmodel\graphics\pattern\PDShadingPatternResources.java,getExtendedGraphicsState,,0,0,3
xmpbox\src\main\java\org\apache\xmpbox\type\ChoiceType.java,<init>,"XMPMetadata, String, String, String, Object",0,0,23
ant\src\main\java\org\apache\pdfbox\ant\PDFToTextTask.java,<init>,,12,0,5
pdfbox\src\main\java\org\apache\pdfbox\cos\COSArray.java,getString,"int, String",0,0,40
xmpbox\src\main\java\org\apache\xmpbox\XMPMetadata.java,getSchema,"String, String",0,0,17
pdfbox\src\main\java\org\apache\pdfbox\pdmodel\common\PDMetadata.java,<init>,PDDocument,0,0,3
pdfbox\src\main\java\org\apache\pdfbox\io\ByteArrayPushBackInputStream.java,unread,byte[],0,0,3
pdfbox\src\main\java\org\apache\pdfbox\pdmodel\fdf\FDFDocument.java,loadXFDF,String,10,0,3
pdfbox\src\main\java\org\apache\pdfbox\util\operator\Concatenate.java,<init>,,0,0,38
pdfbox\src\main\java\org\apache\pdfbox\io\RandomAccessFile.java,<init>,"File, String",35,0,140
pdfbox\src\main\java\org\apache\pdfbox\pdfviewer\PDFTreeModel.java,getRoot,,0,0,2
pdfbox\src\main\java\org\apache\pdfbox\pdmodel\interactive\form\PDRadioCollection.java,setRadiosInUnison,boolean,0,0,2
xmpbox\src\main\java\org\apache\xmpbox\type\TypeMapping.java,createArrayProperty,"String, String, String, Cardinality",0,0,212
pdfbox\src\main\java\org\apache\pdfbox\pdfwriter\COSFilterInputStream.java,nextAvailable,,0,0,63
xmpbox\src\main\java\org\apache\xmpbox\schema\DublinCoreSchema.java,getCreators,,0,0,13
xmpbox\src\main\java\org\apache\xmpbox\type\TypeMapping.java,createText,"String, String, String, String",1,0,247
preflight\src\main\java\org\apache\pdfbox\preflight\utils\COSUtils.java,closeDocumentQuietly,PDDocument,0,0,3
pdfbox\src\main\java\org\apache\pdfbox\pdmodel\graphics\xobject\PDCcitt.java,extractFromTiff,"RandomAccess, OutputStream, COSDictionary",0,0,1
xmpbox\src\main\java\org\apache\xmpbox\schema\DublinCoreSchema.java,getRightsLanguages,,0,0,7
pdfbox\src\main\java\org\apache\pdfbox\pdmodel\font\PDSimpleFont.java,getFontWidth,"byte[], int, int",1,0,139
pdfbox\src\main\java\org\apache\pdfbox\pdfparser\VisualSignatureParser.java,<init>,InputStream,0,0,10
pdfbox\src\main\java\org\apache\pdfbox\pdmodel\graphics\color\PDPattern.java,<init>,COSArray,0,0,5
pdfbox\src\main\java\org\apache\pdfbox\pdmodel\interactive\documentnavigation\outline\PDOutlineNode.java,setParent,PDOutlineNode,0,0,15
xmpbox\src\main\java\org\apache\xmpbox\schema\PDFAIdentificationSchema.java,setPartProperty,IntegerType,0,0,4
xmpbox\src\main\java\org\apache\xmpbox\schema\DublinCoreSchema.java,setTitle,"String, String",0,0,24
jempbox\src\main\java\org\apache\jempbox\xmp\XMPSchemaDublinCore.java,removeSubject,String,0,0,2
pdfbox\src\main\java\org\apache\pdfbox\pdmodel\fdf\FDFDictionary.java,getStatus,,0,0,4
xmpbox\src\main\java\org\apache\xmpbox\type\ArrayProperty.java,getElementsAsString,,0,0,9
pdfbox\src\main\java\org\apache\pdfbox\pdmodel\font\FontManager.java,normalizeFontname,String,218,5,1155
pdfbox\src\main\java\org\apache\pdfbox\pdmodel\interactive\action\PDDocumentCatalogAdditionalActions.java,setWS,PDAction,0,0,2
pdfbox\src\main\java\org\apache\pdfbox\pdmodel\graphics\predictor\Average.java,encodeLine,"byte[], byte[], int, int, int, int",0,0,40
pdfbox\src\main\java\org\apache\pdfbox\pdmodel\common\PDMatrix.java,getValue,"int, int",0,0,8
pdfbox\src\main\java\org\apache\pdfbox\pdmodel\PDPage.java,setActions,PDPageAdditionalActions,0,0,3
pdfbox\src\main\java\org\apache\pdfbox\pdmodel\fdf\FDFDocument.java,saveXFDF,Writer,0,0,3
pdfbox\src\main\java\org\apache\pdfbox\cos\COSDictionary.java,toString,,0,0,12
pdfbox\src\main\java\org\apache\pdfbox\pdmodel\interactive\measurement\PDRectlinearMeasureDictionary.java,getCoordSystemOrigin,,0,0,4
pdfbox\src\main\java\org\apache\pdfbox\pdmodel\interactive\digitalsignature\PDSeedValue.java,getLegalAttestation,,0,0,4
pdfbox\src\main\java\org\apache\pdfbox\pdmodel\font\PDType1Font.java,<init>,COSDictionary,6,0,19
pdfbox\src\main\java\org\apache\pdfbox\util\TextNormalize.java,normalizePres,String,0,0,3
xmpbox\src\main\java\org\apache\xmpbox\schema\XMPSchema.java,getUnqualifiedLanguagePropertyLanguagesValue,String,0,0,53
pdfbox\src\main\java\org\apache\pdfbox\pdmodel\documentinterchange\taggedpdf\PDLayoutAttributeObject.java,getColumnWidths,,1,0,11
pdfbox\src\main\java\org\apache\pdfbox\util\operator\SetNonStrokingColor.java,<init>,,0,0,46
pdfbox\src\main\java\org\apache\pdfbox\pdmodel\documentinterchange\logicalstructure\PDUserProperty.java,isHidden,,0,0,6
pdfbox\src\main\java\org\apache\pdfbox\pdmodel\common\PDStream.java,<init>,"PDDocument, InputStream",0,0,7
pdfbox\src\main\java\org\apache\pdfbox\io\ByteArrayPushBackInputStream.java,read,"byte[], int, int",0,0,13
pdfbox\src\main\java\org\apache\pdfbox\pdmodel\graphics\predictor\PredictorAlgorithm.java,checkBufsiz,"byte[], byte[]",0,0,75
pdfbox\src\main\java\org\apache\pdfbox\pdmodel\graphics\PDExtendedGraphicsState.java,<init>,,0,0,50
xmpbox\src\main\java\org\apache\xmpbox\type\TypeMapping.java,isDefinedSchema,String,0,0,9
pdfbox\src\main\java\org\apache\pdfbox\pdmodel\encryption\AccessPermission.java,hasAnyRevision3PermissionSet,,0,0,10
pdfbox\src\main\java\org\apache\pdfbox\pdmodel\common\COSArrayList.java,convertIntegerCOSArrayToList,COSArray,0,0,10
pdfbox\src\main\java\org\apache\pdfbox\io\RandomAccessBufferedFileInputStream.java,<init>,File,7,0,53
pdfbox\src\main\java\org\apache\pdfbox\pdmodel\graphics\PDExtendedGraphicsState.java,setSmoothnessTolerance,Float,0,0,16
fontbox\src\main\java\org\apache\fontbox\cmap\CMap.java,addCodespaceRange,CodespaceRange,0,0,1
pdfbox\src\main\java\org\apache\pdfbox\pdmodel\documentinterchange\taggedpdf\PDLayoutAttributeObject.java,getSpaceBefore,,0,0,11
xmpbox\src\main\java\org\apache\xmpbox\schema\PhotoshopSchema.java,<init>,"XMPMetadata, String",0,0,49
jempbox\src\main\java\org\apache\jempbox\xmp\XMPMetadata.java,save,String,8,0,2
jempbox\src\main\java\org\apache\jempbox\xmp\XMPSchemaDublinCore.java,setCoverage,String,0,0,2
pdfbox\src\main\java\org\apache\pdfbox\pdfviewer\PDFTreeCellRenderer.java,<init>,,13,0,11
pdfbox\src\main\java\org\apache\pdfbox\pdmodel\encryption\AccessPermission.java,canPrintDegraded,,0,0,10
fontbox\src\main\java\org\apache\fontbox\cff\DataInput.java,readUnsignedByte,,0,0,12
xmpbox\src\main\java\org\apache\xmpbox\type\AbstractComplexProperty.java,addNamespace,"String, String",1,0,1100
pdfbox\src\main\java\org\apache\pdfbox\pdmodel\font\PDFontDescriptorDictionary.java,<init>,,1,0,185
pdfbox\src\main\java\org\apache\pdfbox\pdmodel\graphics\PDExtendedGraphicsState.java,setAlphaSourceFlag,boolean,0,0,11
pdfbox\src\main\java\org\apache\pdfbox\cos\COSDocument.java,removeObject,COSObjectKey,0,0,3
pdfbox\src\main\java\org\apache\pdfbox\pdmodel\encryption\PDStandardEncryption.java,setUserKey,byte[],0,0,3
pdfbox\src\main\java\org\apache\pdfbox\io\ccitt\PackedBitArray.java,clearBits,"int, int",0,0,33
preflight\src\main\java\org\apache\pdfbox\preflight\font\container\TrueTypeContainer.java,getFontProgramWidth,int,0,0,2
pdfbox\src\main\java\org\apache\pdfbox\pdmodel\common\PDPageLabels.java,getPageIndicesByLabels,,100,0,12
pdfbox\src\main\java\org\apache\pdfbox\pdmodel\encryption\PublicKeyDecryptionMaterial.java,getCertificate,,0,0,1
pdfbox\src\main\java\org\apache\pdfbox\pdmodel\PDPageNode.java,getAllKids,List,0,0,23
pdfbox\src\main\java\org\apache\pdfbox\pdfparser\XrefTrailerResolver.java,setStartxref,long,19,0,20
pdfbox\src\main\java\org\apache\pdfbox\cos\COSDictionary.java,setBoolean,"String, boolean",0,0,39
pdfbox\src\main\java\org\apache\pdfbox\pdmodel\documentinterchange\logicalstructure\PDStructureTreeRoot.java,<init>,,0,0,71
preflight\src\main\java\org\apache\pdfbox\preflight\utils\ContextHelper.java,<init>,,0,0,1
preflight\src\main\java\org\apache\pdfbox\preflight\font\util\Type1Parser.java,parse,,0,0,7
pdfbox\src\main\java\org\apache\pdfbox\pdmodel\PDPage.java,getRotation,,0,0,29
xmpbox\src\main\java\org\apache\xmpbox\schema\PDFAIdentificationSchema.java,getAmendment,,0,0,4
pdfbox\src\main\java\org\apache\pdfbox\pdmodel\interactive\documentnavigation\destination\PDPageXYZDestination.java,setTop,int,0,0,5
pdfbox\src\main\java\org\apache\pdfbox\pdmodel\PDPage.java,getStructParents,,0,0,10
pdfbox\src\main\java\org\apache\pdfbox\pdmodel\edit\PDPageContentStream.java,appendRawCommands,double,0,0,6
pdfbox\src\main\java\org\apache\pdfbox\pdmodel\fdf\FDFDictionary.java,setFields,List,0,0,7
pdfbox\src\main\java\org\apache\pdfbox\pdmodel\fdf\FDFDocument.java,setCatalog,FDFCatalog,0,0,23
pdfbox\src\main\java\org\apache\pdfbox\pdmodel\interactive\documentnavigation\destination\PDPageDestination.java,setPage,PDPage,0,0,3
pdfbox\src\main\java\org\apache\pdfbox\pdmodel\documentinterchange\logicalstructure\PDMarkedContentReference.java,getMCID,,0,0,6
pdfbox\src\main\java\org\apache\pdfbox\util\operator\SetStrokingPattern.java,process,"PDFOperator, List",0,0,6
xmpbox\src\main\java\org\apache\xmpbox\schema\XMPMediaManagementSchema.java,getVersionsProperty,,0,0,2
preflight\src\main\java\org\apache\pdfbox\preflight\graphic\StandardColorSpaceHelper.java,processICCBasedColorSpace,PDColorSpace,0,0,2
pdfbox\src\main\java\org\apache\pdfbox\util\operator\pagedrawer\SetLineWidth.java,<init>,,0,0,11
pdfbox\src\main\java\org\apache\pdfbox\pdmodel\interactive\annotation\PDAnnotationLink.java,setQuadPoints,float[],0,0,3
pdfbox\src\main\java\org\apache\pdfbox\pdmodel\interactive\form\PDField.java,getActions,,0,0,4
pdfbox\src\main\java\org\apache\pdfbox\pdmodel\font\PDFontDescriptorAFM.java,getFontName,,0,0,4
pdfbox\src\main\java\org\apache\pdfbox\pdmodel\common\COSArrayList.java,convertStringListToCOSNameCOSArray,List,0,0,16
xmpbox\src\main\java\org\apache\xmpbox\schema\XMPBasicJobTicketSchema.java,addJob,JobType,0,0,6
pdfbox\src\main\java\org\apache\pdfbox\pdmodel\interactive\digitalsignature\PDSignature.java,getByteRange,,0,0,14
jempbox\src\main\java\org\apache\jempbox\xmp\XMPSchemaDublinCore.java,<init>,"Element, String",0,0,47
pdfbox\src\main\java\org\apache\pdfbox\pdfparser\BaseParser.java,readObjectNumber,,0,0,12
pdfbox\src\main\java\org\apache\pdfbox\pdmodel\font\PDFontDescriptorDictionary.java,getFontFamily,,0,0,6
xmpbox\src\main\java\org\apache\xmpbox\type\PDFAFieldType.java,getValueType,,0,0,4
pdfbox\src\main\java\org\apache\pdfbox\pdmodel\documentinterchange\taggedpdf\PDLayoutAttributeObject.java,setAllBorderThicknesses,float,0,0,6
pdfbox\src\main\java\org\apache\pdfbox\pdmodel\graphics\color\PDICCBased.java,getRangeForComponent,int,0,0,1
pdfbox\src\main\java\org\apache\pdfbox\pdmodel\PDDocument.java,<init>,"COSDocument, BaseParser",0,0,210
pdfbox\src\main\java\org\apache\pdfbox\cos\COSDictionary.java,getDictionaryObject,String,21,4,2962
pdfbox\src\main\java\org\apache\pdfbox\pdmodel\documentinterchange\taggedpdf\PDLayoutAttributeObject.java,setColumnCount,int,0,0,4
pdfbox\src\main\java\org\apache\pdfbox\pdmodel\interactive\annotation\PDAppearanceCharacteristicsDictionary.java,getNormalIcon,,0,0,3
pdfbox\src\main\java\org\apache\pdfbox\pdmodel\documentinterchange\logicalstructure\PDAttributeObject.java,setOwner,String,2,0,238
pdfbox\src\main\java\org\apache\pdfbox\pdfwriter\COSWriter.java,doWriteBody,COSDocument,57,0,12
pdfbox\src\main\java\org\apache\pdfbox\pdmodel\interactive\action\PDAdditionalActions.java,getF,,0,0,3
pdfbox\src\main\java\org\apache\pdfbox\pdmodel\graphics\color\PDIndexed.java,setBaseColorSpace,PDColorSpace,0,0,10
pdfbox\src\main\java\org\apache\pdfbox\pdfwriter\COSWriter.java,write,COSDocument,6,0,5
pdfbox\src\main\java\org\apache\pdfbox\pdmodel\graphics\PDLineDashPattern.java,setPhaseStart,int,0,0,2
pdfbox\src\main\java\org\apache\pdfbox\pdmodel\graphics\color\PDColorState.java,getJavaColor,,63,0,13
pdfbox\src\main\java\org\apache\pdfbox\pdmodel\PDDocument.java,load,"File, RandomAccess",0,0,1
pdfbox\src\main\java\org\apache\pdfbox\pdmodel\common\COSDictionaryMap.java,convertBasicTypesToMap,COSDictionary,0,0,7
pdfbox\src\main\java\org\apache\pdfbox\pdmodel\documentinterchange\logicalstructure\PDStructureElement.java,<init>,COSDictionary,0,0,55
xmpbox\src\main\java\org\apache\xmpbox\schema\PhotoshopSchema.java,setTransmissionReferenceProperty,TextType,0,0,12
examples\src\main\java\org\apache\pdfbox\examples\signature\CreateSignature.java,main,String[],184,0,3
pdfbox\src\main\java\org\apache\pdfbox\pdmodel\interactive\action\type\PDWindowsLaunchParams.java,setExecuteParam,String,0,0,3
pdfbox\src\main\java\org\apache\pdfbox\pdmodel\interactive\annotation\PDAnnotation.java,setModifiedDate,String,0,0,1
pdfbox\src\main\java\org\apache\pdfbox\pdmodel\interactive\form\PDField.java,importFDF,FDFField,0,0,5
xmpbox\src\main\java\org\apache\xmpbox\schema\XMPSchema.java,setTextPropertyValueAsSimple,"String, String",0,0,8
preflight\src\main\java\org\apache\pdfbox\preflight\utils\ByteArrayDataSource.java,getOutputStream,,0,0,1
pdfbox\src\main\java\org\apache\pdfbox\pdmodel\interactive\annotation\PDAnnotation.java,isNoZoom,,0,0,3
pdfbox\src\main\java\org\apache\pdfbox\pdmodel\font\PDType3Font.java,<init>,,0,0,25
pdfbox\src\main\java\org\apache\pdfbox\pdmodel\documentinterchange\taggedpdf\PDFourColours.java,setAfterColour,PDGamma,0,0,2
pdfbox\src\main\java\org\apache\pdfbox\pdmodel\documentinterchange\markedcontent\PDMarkedContent.java,getActualText,,0,0,2
pdfbox\src\main\java\org\apache\pdfbox\pdmodel\fdf\FDFField.java,getKids,,0,0,10
pdfbox\src\main\java\org\apache\pdfbox\pdmodel\PDDocument.java,print,PrinterJob,0,0,1
pdfbox\src\main\java\org\apache\pdfbox\util\operator\SetNonStrokingColorSpace.java,<init>,,0,0,26
xmpbox\src\main\java\org\apache\xmpbox\type\URLType.java,<init>,"XMPMetadata, String, String, String, Object",0,0,34
pdfbox\src\main\java\org\apache\pdfbox\pdmodel\encryption\PDEncryptionDictionary.java,getRecipientStringAt,int,0,0,6
pdfbox\src\main\java\org\apache\pdfbox\pdmodel\interactive\action\PDDocumentCatalogAdditionalActions.java,<init>,COSDictionary,0,0,14
pdfbox\src\main\java\org\apache\pdfbox\pdmodel\common\PDStream.java,setFileDecodeParams,List,0,0,1
pdfbox\src\main\java\org\apache\pdfbox\pdmodel\graphics\color\PDIndexed.java,getNumberOfComponents,,0,0,9
jempbox\src\main\java\org\apache\jempbox\xmp\XMPSchemaBasic.java,setBaseURL,String,0,0,3
pdfbox\src\main\java\org\apache\pdfbox\cos\COSArray.java,indexOf,COSBase,0,0,9
xmpbox\src\main\java\org\apache\xmpbox\type\TypeMapping.java,instanciateDefinedType,"String, String",0,0,4
pdfbox\src\main\java\org\apache\pdfbox\pdmodel\interactive\form\PDCheckbox.java,getOnValue,,0,0,2
fontbox\src\main\java\org\apache\fontbox\ttf\MemoryTTFDataStream.java,read,,6,6,77690
pdfbox\src\main\java\org\apache\pdfbox\pdmodel\fdf\FDFField.java,setOptions,List,0,0,3
pdfbox\src\main\java\org\apache\pdfbox\pdmodel\graphics\color\PDLab.java,setBlackPoint,PDTristimulus,0,0,2
xmpbox\src\main\java\org\apache\xmpbox\schema\XMPRightsManagementSchema.java,setMarkedProperty,BooleanType,0,0,11
pdfbox\src\main\java\org\apache\pdfbox\pdmodel\fdf\FDFAnnotationCircle.java,<init>,COSDictionary,0,0,2
pdfbox\src\main\java\org\apache\pdfbox\pdmodel\fdf\FDFAnnotation.java,getOpacity,,0,0,4
pdfbox\src\main\java\org\apache\pdfbox\util\LayerUtility.java,appendFormAsLayer,"PDPage, PDXObjectForm, AffineTransform, String",1,0,1
pdfbox\src\main\java\org\apache\pdfbox\pdmodel\graphics\shading\PDShadingResources.java,setColorSpace,PDColorSpace,0,0,3
pdfbox\src\main\java\org\apache\pdfbox\pdfparser\BaseParser.java,readString,int,0,0,12
pdfbox\src\main\java\org\apache\pdfbox\pdmodel\documentinterchange\logicalstructure\PDMarkedContentReference.java,<init>,,0,0,12
pdfbox\src\main\java\org\apache\pdfbox\pdmodel\font\PDFontDescriptorDictionary.java,setMissingWidth,float,0,0,6
pdfbox\src\main\java\org\apache\pdfbox\pdmodel\graphics\PDShading.java,getAntiAlias,,0,0,2
xmpbox\src\main\java\org\apache\xmpbox\schema\XMPMediaManagementSchema.java,setManager,String,1,0,5
pdfbox\src\main\java\org\apache\pdfbox\pdmodel\graphics\predictor\Paeth.java,paethPredictor,"int, int, int",0,0,1212
pdfbox\src\main\java\org\apache\pdfbox\pdmodel\font\PDFont.java,getLastChar,,0,0,87
pdfbox\src\main\java\org\apache\pdfbox\pdmodel\documentinterchange\taggedpdf\PDLayoutAttributeObject.java,setAllColumnWidths,int,0,0,6
pdfbox\src\main\java\org\apache\pdfbox\cos\COSArray.java,remove,COSBase,0,0,22
preflight\src\main\java\org\apache\pdfbox\preflight\font\Type0FontValidator.java,checkEncoding,,0,0,3
pdfbox\src\main\java\org\apache\pdfbox\pdmodel\graphics\color\PDOutputIntent.java,setOutputCondition,String,0,0,2
pdfbox\src\main\java\org\apache\pdfbox\pdmodel\graphics\color\PDPattern.java,createColorSpace,,0,0,3
pdfbox\src\main\java\org\apache\pdfbox\pdmodel\interactive\form\PDChoiceButton.java,setOptions,List,0,0,2
pdfbox\src\main\java\org\apache\pdfbox\pdmodel\graphics\color\PDLab.java,setBRange,PDRange,0,0,4
pdfbox\src\main\java\org\apache\pdfbox\OverlayPDF.java,overlay,Map,0,0,3
xmpbox\src\main\java\org\apache\xmpbox\schema\DublinCoreSchema.java,<init>,XMPMetadata,1,0,105
pdfbox\src\main\java\org\apache\pdfbox\pdfparser\PDFParser.java,<init>,"InputStream, RandomAccess, boolean",6,0,107
xmpbox\src\main\java\org\apache\xmpbox\schema\PhotoshopSchema.java,setState,String,1,0,5
pdfbox\src\main\java\org\apache\pdfbox\pdmodel\interactive\measurement\PDRectlinearMeasureDictionary.java,getScaleRatio,,0,0,4
xmpbox\src\main\java\org\apache\xmpbox\schema\PhotoshopSchema.java,addTextLayers,"String, String",0,0,9
pdfbox\src\main\java\org\apache\pdfbox\pdmodel\edit\PDPageContentStream.java,endText,,0,0,6
preflight\src\main\java\org\apache\pdfbox\preflight\utils\COSUtils.java,getAsFloat,"COSBase, COSDocument",0,0,2
pdfbox\src\main\java\org\apache\pdfbox\pdmodel\graphics\optionalcontent\PDOptionalContentProperties.java,getD,,0,0,2
pdfbox\src\main\java\org\apache\pdfbox\io\ccitt\FillOrderChangeInputStream.java,<init>,InputStream,0,0,12
pdfbox\src\main\java\org\apache\pdfbox\pdmodel\common\PDStream.java,getMetadata,,0,0,5
pdfbox\src\main\java\org\apache\pdfbox\pdmodel\graphics\xobject\PDXObjectImage.java,createThumbnailXObject,COSBase,3,0,6
pdfbox\src\main\java\org\apache\pdfbox\pdfparser\PDFXRefStream.java,<init>,,0,0,10
examples\src\main\java\org\apache\pdfbox\examples\pdmodel\Annotation.java,usage,,0,0,1
pdfbox\src\main\java\org\apache\pdfbox\pdmodel\graphics\color\PDCalRGB.java,setWhitepoint,PDTristimulus,0,0,3
pdfbox\src\main\java\org\apache\pdfbox\pdmodel\fdf\FDFIconFit.java,setScaleToFitAnnotation,boolean,0,0,3
pdfbox\src\main\java\org\apache\pdfbox\pdmodel\font\Type3StreamParser.java,createImage,COSStream,0,0,1
pdfbox\src\main\java\org\apache\pdfbox\pdmodel\interactive\digitalsignature\visible\PDVisibleSigBuilder.java,createWidgetDictionary,"PDSignatureField, PDResources",0,0,1
preflight\src\main\java\org\apache\pdfbox\preflight\graphic\StandardColorSpaceHelper.java,processDefaultColorSpace,PDColorSpace,1,0,14
preflight\src\main\java\org\apache\pdfbox\preflight\graphic\StandardColorSpaceHelper.java,processAllColorSpace,PDColorSpace,3,0,13
pdfbox\src\main\java\org\apache\pdfbox\io\IOUtils.java,closeQuietly,OutputStream,1,0,317
pdfbox\src\main\java\org\apache\pdfbox\pdmodel\interactive\annotation\PDAnnotation.java,setLocked,boolean,1,0,28
pdfbox\src\main\java\org\apache\pdfbox\encoding\conversion\CJKConverter.java,convertString,String,57,0,5
preflight\src\main\java\org\apache\pdfbox\preflight\font\Type0FontValidator.java,createDescendantValidator,COSDictionary,0,0,2
pdfbox\src\main\java\org\apache\pdfbox\cos\COSDictionary.java,getString,"COSName, String",0,0,42
pdfbox\src\main\java\org\apache\pdfbox\pdmodel\interactive\annotation\PDAnnotationLine.java,setLine,float[],4,0,61
fontbox\src\main\java\org\apache\fontbox\afm\FontMetric.java,addCharMetric,CharMetric,32,4,12517
pdfbox\src\main\java\org\apache\pdfbox\pdmodel\graphics\color\PDIndexed.java,setLookupColor,"int, int, int",0,0,4
xmpbox\src\main\java\org\apache\xmpbox\schema\XMPMediaManagementSchema.java,addVersions,String,0,0,3
preflight\src\main\java\org\apache\pdfbox\preflight\font\Type0FontValidator.java,<init>,"PreflightContext, PDFont",0,0,15
xmpbox\src\main\java\org\apache\xmpbox\schema\DublinCoreSchema.java,getContributorsProperty,,0,0,10
pdfbox\src\main\java\org\apache\pdfbox\pdmodel\interactive\action\type\PDWindowsLaunchParams.java,<init>,,0,0,19
pdfbox\src\main\java\org\apache\pdfbox\pdmodel\PDDocumentCatalog.java,setVersion,String,0,0,1
xmpbox\src\main\java\org\apache\xmpbox\schema\PhotoshopSchema.java,setCountry,String,3,0,7
pdfbox\src\main\java\org\apache\pdfbox\pdmodel\interactive\action\PDDocumentCatalogAdditionalActions.java,getDS,,0,0,4
xmpbox\src\main\java\org\apache\xmpbox\type\ResourceRefType.java,getDocumentID,,0,0,4
pdfbox\src\main\java\org\apache\pdfbox\pdmodel\font\PDFontDescriptorDictionary.java,setAverageWidth,float,0,0,5
pdfbox\src\main\java\org\apache\pdfbox\util\ImageParameters.java,getCOSObject,"COSName, COSName",0,0,49
xmpbox\src\main\java\org\apache\xmpbox\XMPMetadata.java,createAndAddDefaultSchema,"String, String",0,0,40
preflight\src\main\java\org\apache\pdfbox\preflight\font\util\GlyphException.java,<init>,"String, int, String",0,0,11
pdfbox\src\main\java\org\apache\pdfbox\pdmodel\common\filespecification\PDEmbeddedFile.java,setMacCreator,String,0,0,4
jempbox\src\main\java\org\apache\jempbox\xmp\XMPSchema.java,setAbout,String,0,0,1
pdfbox\src\main\java\org\apache\pdfbox\pdmodel\fdf\FDFField.java,getFieldFlags,,0,0,9
pdfbox\src\main\java\org\apache\pdfbox\util\operator\GSave.java,process,"PDFOperator, List",0,0,2
pdfbox\src\main\java\org\apache\pdfbox\pdmodel\graphics\xobject\CompositeImage.java,createMaskedImage,COSArray,3794,271,4
pdfbox\src\main\java\org\apache\pdfbox\pdmodel\fdf\FDFAnnotation.java,setRectangle,PDRectangle,0,0,2
fontbox\src\main\java\org\apache\fontbox\ttf\TTFDataStream.java,read32Fixed,,0,0,18
preflight\src\main\java\org\apache\pdfbox\preflight\font\container\FontContainer.java,checkGlyphWith,int,1,0,6
pdfbox\src\main\java\org\apache\pdfbox\pdmodel\interactive\measurement\PDNumberFormatDictionary.java,getDecimalSeparator,,0,0,3
xmpbox\src\main\java\org\apache\xmpbox\schema\XMPRightsManagementSchema.java,setMarked,Boolean,0,0,3
pdfbox\src\main\java\org\apache\pdfbox\pdmodel\common\PDRectangle.java,getLowerLeftX,,0,0,128
pdfbox\src\main\java\org\apache\pdfbox\pdmodel\graphics\color\PDCalRGB.java,getLinearInterpretation,,5,0,12
preflight\src\main\java\org\apache\pdfbox\preflight\PreflightConfiguration.java,removeProcess,String,0,0,2
jempbox\src\main\java\org\apache\jempbox\xmp\XMPSchema.java,setLanguageProperty,"String, String, String",1,0,23
pdfbox\src\main\java\org\apache\pdfbox\util\PDFMarkedContentExtractor.java,<init>,Properties,0,0,1
pdfbox\src\main\java\org\apache\pdfbox\pdmodel\graphics\shading\PDShadingType5.java,setVerticesPerRow,int,0,0,3
pdfbox\src\main\java\org\apache\pdfbox\pdmodel\common\function\PDFunctionType2.java,eval,float[],0,0,10
jempbox\src\main\java\org\apache\jempbox\xmp\XMPSchema.java,setThumbnailProperty,"String, String, Thumbnail",0,0,7
examples\src\main\java\org\apache\pdfbox\examples\AbstractExample.java,close,COSWriter,0,0,2
pdfbox\src\main\java\org\apache\pdfbox\cos\COSString.java,append,int,0,0,178
xmpbox\src\main\java\org\apache\xmpbox\type\JobType.java,<init>,XMPMetadata,0,0,11
preflight\src\main\java\org\apache\pdfbox\preflight\process\TrailerValidationProcess.java,checkTrailersForLinearizedPDF14,PreflightContext,0,0,3
pdfbox\src\main\java\org\apache\pdfbox\pdmodel\documentinterchange\taggedpdf\PDExportFormatAttributeObject.java,setHeaders,String[],0,0,5
pdfbox\src\main\java\org\apache\pdfbox\pdfparser\PDFStreamParser.java,<init>,"InputStream, RandomAccess",1,0,58
pdfbox\src\main\java\org\apache\pdfbox\pdmodel\interactive\annotation\PDAnnotationWidget.java,getAppearanceCharacteristics,,0,0,3
jempbox\src\main\java\org\apache\jempbox\xmp\ResourceEvent.java,getManagerTo,,0,0,1
pdfbox\src\main\java\org\apache\pdfbox\util\ResourceLoader.java,loadProperties,"String, Properties",8,0,7
xmpbox\src\main\java\org\apache\xmpbox\schema\XMPSchema.java,removeUnqualifiedBagValue,"String, String",0,0,46
examples\src\main\java\org\apache\pdfbox\examples\pdmodel\AddImageToPDF.java,main,String[],2,0,3
pdfbox\src\main\java\org\apache\pdfbox\pdmodel\interactive\digitalsignature\PDSignature.java,setName,String,0,0,3
pdfbox\src\main\java\org\apache\pdfbox\pdmodel\interactive\annotation\PDAnnotationLink.java,<init>,,0,0,19
pdfbox\src\main\java\org\apache\pdfbox\pdmodel\graphics\shading\AxialShadingContext.java,<init>,"PDShadingType2, ColorModel, AffineTransform, Matrix, int",0,0,1
pdfbox\src\main\java\org\apache\pdfbox\pdfparser\PDFXRefStream.java,writeNumber,"OutputStream, long, int",0,0,21
preflight\src\main\java\org\apache\pdfbox\preflight\action\ThreadAction.java,innerValid,,0,0,2
pdfbox\src\main\java\org\apache\pdfbox\pdmodel\interactive\action\type\PDActionRemoteGoTo.java,<init>,,0,0,16
pdfbox\src\main\java\org\apache\pdfbox\pdmodel\font\PDFontDescriptor.java,<init>,,0,0,376
pdfbox\src\main\java\org\apache\pdfbox\pdmodel\interactive\annotation\PDAnnotationFileAttachment.java,<init>,,0,0,14
pdfbox\src\main\java\org\apache\pdfbox\pdmodel\font\PDFontDescriptorDictionary.java,getMissingWidth,,0,0,6
pdfbox\src\main\java\org\apache\pdfbox\pdmodel\interactive\annotation\PDAppearanceStream.java,setBoundingBox,PDRectangle,0,0,3
examples\src\main\java\org\apache\pdfbox\examples\pdmodel\ImageToPDF.java,<init>,,0,0,2
examples\src\main\java\org\apache\pdfbox\examples\pdmodel\HelloWorldTTF.java,main,String[],0,0,2
preflight\src\main\java\org\apache\pdfbox\preflight\font\descriptor\Type1DescriptorHelper.java,extractFontFile,PDFontDescriptorDictionary,0,0,4
pdfbox\src\main\java\org\apache\pdfbox\pdmodel\interactive\action\PDAnnotationAdditionalActions.java,<init>,,0,0,1
pdfbox\src\main\java\org\apache\pdfbox\pdmodel\fdf\FDFField.java,getAppearanceStreamReference,,0,0,3
pdfbox\src\main\java\org\apache\pdfbox\PDFMerger.java,<init>,,0,0,2
pdfbox\src\main\java\org\apache\pdfbox\pdmodel\common\function\PDFunctionType4.java,eval,float[],0,0,3
pdfbox\src\main\java\org\apache\pdfbox\pdmodel\common\function\type4\InstructionSequenceBuilder.java,parseReal,String,0,0,6
xmpbox\src\main\java\org\apache\xmpbox\schema\DublinCoreSchema.java,setCoverage,String,0,0,4
jempbox\src\main\java\org\apache\jempbox\xmp\XMPSchemaBasic.java,addAdvisory,String,0,0,2
pdfbox\src\main\java\org\apache\pdfbox\pdmodel\font\PDType0Font.java,getFontWidth,"byte[], int, int",0,0,5
pdfbox\src\main\java\org\apache\pdfbox\pdmodel\documentinterchange\taggedpdf\PDArtifactMarkedContent.java,isLeftAttached,,0,0,2
pdfbox\src\main\java\org\apache\pdfbox\cos\COSStream.java,createFilteredStream,,0,0,45
pdfbox\src\main\java\org\apache\pdfbox\pdmodel\common\PDPageLabelRange.java,setStart,int,0,0,7
pdfbox\src\main\java\org\apache\pdfbox\pdmodel\documentinterchange\markedcontent\PDMarkedContent.java,create,"COSName, COSDictionary",0,0,15
pdfbox\src\main\java\org\apache\pdfbox\pdmodel\edit\PDPageContentStream.java,drawString,String,0,0,10
pdfbox\src\main\java\org\apache\pdfbox\pdmodel\interactive\documentnavigation\outline\PDOutlineNode.java,setOpenCount,int,0,0,12
pdfbox\src\main\java\org\apache\pdfbox\pdmodel\interactive\measurement\PDViewportDictionary.java,getBBox,,0,0,3
pdfbox\src\main\java\org\apache\pdfbox\pdmodel\documentinterchange\logicalstructure\PDUserProperty.java,<init>,PDUserAttributeObject,0,0,21
pdfbox\src\main\java\org\apache\pdfbox\pdmodel\interactive\form\PDField.java,getKids,,0,0,72
preflight\src\main\java\org\apache\pdfbox\preflight\metadata\RDFAboutAttributeConcordanceValidation.java,<init>,,0,0,3
preflight\src\main\java\org\apache\pdfbox\preflight\content\ContentStreamEngine.java,registerError,"String, String",0,0,2
examples\src\main\java\org\apache\pdfbox\examples\pdmodel\AddMetadataFromDocInfo.java,main,String[],0,0,4
pdfbox\src\main\java\org\apache\pdfbox\pdmodel\interactive\digitalsignature\PDSeedValue.java,isAddRevInfoRequired,,0,0,2
pdfbox\src\main\java\org\apache\pdfbox\pdmodel\interactive\digitalsignature\PDSeedValue.java,<init>,COSDictionary,0,0,15
pdfbox\src\main\java\org\apache\pdfbox\pdmodel\PDDocument.java,getEncryptionDictionary,,0,0,13
pdfbox\src\main\java\org\apache\pdfbox\pdmodel\documentinterchange\logicalstructure\PDStructureElement.java,<init>,"String, PDStructureNode",1,0,77
pdfbox\src\main\java\org\apache\pdfbox\pdmodel\common\COSDictionaryMap.java,containsValue,Object,0,0,2
examples\src\main\java\org\apache\pdfbox\examples\persistence\CopyDoc.java,usage,,0,0,2
pdfbox\src\main\java\org\apache\pdfbox\pdmodel\interactive\form\PDField.java,toString,,0,0,1
pdfbox\src\main\java\org\apache\pdfbox\pdmodel\documentinterchange\taggedpdf\PDExportFormatAttributeObject.java,setListNumbering,String,0,0,3
pdfbox\src\main\java\org\apache\pdfbox\pdmodel\PDPage.java,getActions,,1,0,11
preflight\src\main\java\org\apache\pdfbox\preflight\annotation\AnnotationValidator.java,<init>,"PreflightContext, COSDictionary",0,0,47
xmpbox\src\main\java\org\apache\xmpbox\schema\XMPMediaManagementSchema.java,getIngredients,,0,0,2
pdfbox\src\main\java\org\apache\pdfbox\pdmodel\common\filespecification\PDComplexFileSpecification.java,setVolatile,boolean,0,0,2
pdfbox\src\main\java\org\apache\pdfbox\pdmodel\common\PDPageLabels.java,computeLabels,PDPageLabels$LabelHandler,107,3,13
jempbox\src\main\java\org\apache\jempbox\xmp\pdfa\XMPSchemaPDFAId.java,setConformance,String,0,0,2
xmpbox\src\main\java\org\apache\xmpbox\schema\XMPMediaManagementSchema.java,getRenditionParams,,0,0,4
xmpbox\src\main\java\org\apache\xmpbox\schema\PhotoshopSchema.java,getInstructionsProperty,,0,0,11
pdfbox\src\main\java\org\apache\pdfbox\ImportFDF.java,<init>,,0,0,13
pdfbox\src\main\java\org\apache\pdfbox\pdmodel\documentinterchange\taggedpdf\PDFourColours.java,getStartColour,,0,0,3
preflight\src\main\java\org\apache\pdfbox\preflight\xobject\XObjImageValidator.java,checkAlternates,,0,0,1
pdfbox\src\main\java\org\apache\pdfbox\filter\JPXFilter.java,decode,"InputStream, OutputStream, COSDictionary, int",2,0,2
pdfbox\src\main\java\org\apache\pdfbox\pdmodel\font\PDFontDescriptorAFM.java,getXHeight,,0,0,2
pdfbox\src\main\java\org\apache\pdfbox\cos\COSStream.java,getUnfilteredStream,,1,0,109
xmpbox\src\main\java\org\apache\xmpbox\type\ResourceRefType.java,getVersionID,,0,0,3
preflight\src\main\java\org\apache\pdfbox\preflight\PreflightContext.java,<init>,"DataSource, PreflightConfiguration",0,0,113
examples\src\main\java\org\apache\pdfbox\examples\pdmodel\CreateBlankPDF.java,usage,,0,0,1
pdfbox\src\main\java\org\apache\pdfbox\pdmodel\fdf\FDFDictionary.java,getJavaScript,,0,0,3
pdfbox\src\main\java\org\apache\pdfbox\pdmodel\fdf\FDFField.java,setSetFieldFlags,Integer,0,0,3
fontbox\src\main\java\org\apache\fontbox\afm\FontMetric.java,getAverageCharacterWidth,,1,0,8
pdfbox\src\main\java\org\apache\pdfbox\pdmodel\interactive\documentnavigation\outline\PDOutlineItem.java,getNextSibling,,14410,3511,8005996
pdfbox\src\main\java\org\apache\pdfbox\pdmodel\common\PDPageLabelRange.java,getStart,,5,0,2430
pdfbox\src\main\java\org\apache\pdfbox\pdfparser\BaseParser.java,parseBoolean,,0,0,1
xmpbox\src\main\java\org\apache\xmpbox\schema\DublinCoreSchema.java,addDescription,"String, String",0,0,19
pdfbox\src\main\java\org\apache\pdfbox\util\operator\SetStrokingCalRGBColor.java,<init>,,0,0,3
xmpbox\src\main\java\org\apache\xmpbox\type\ComplexPropertyContainer.java,removeProperty,AbstractField,0,0,23
pdfbox\src\main\java\org\apache\pdfbox\pdmodel\interactive\form\PDVariableText.java,isPassword,,0,0,2
preflight\src\main\java\org\apache\pdfbox\preflight\Validator_A1b.java,runSimple,DataSource,0,0,2
xmpbox\src\main\java\org\apache\xmpbox\xml\DomHelper.java,isParseTypeResource,Element,0,0,4
pdfbox\src\main\java\org\apache\pdfbox\pdmodel\interactive\action\type\PDWindowsLaunchParams.java,setOperation,String,0,0,3
pdfbox\src\main\java\org\apache\pdfbox\pdmodel\PDDocument.java,load,"InputStream, boolean",0,0,1
fontbox\src\main\java\org\apache\fontbox\ttf\HorizontalMetricsTable.java,<init>,,0,0,2
pdfbox\src\main\java\org\apache\pdfbox\pdfparser\NonSequentialPDFParser.java,getPDDocument,,2,0,6
preflight\src\main\java\org\apache\pdfbox\preflight\graphic\NoPatternColorSpaceHelper.java,processPatternColorSpace,PDColorSpace,0,0,2
pdfbox\src\main\java\org\apache\pdfbox\pdmodel\documentinterchange\logicalstructure\PDUserProperty.java,potentiallyNotifyChanged,"Object, Object",0,0,12
pdfbox\src\main\java\org\apache\pdfbox\pdmodel\font\PDType0Font.java,getFontBoundingBox,,0,0,1
pdfbox\src\main\java\org\apache\pdfbox\pdmodel\documentinterchange\taggedpdf\PDLayoutAttributeObject.java,getEndIndent,,0,0,12
preflight\src\main\java\org\apache\pdfbox\preflight\graphic\ICCProfileWrapper.java,searchFirstICCProfile,PreflightContext,0,0,2
pdfbox\src\main\java\org\apache\pdfbox\io\ccitt\PackedBitArray.java,toString,,30,0,15
pdfbox\src\main\java\org\apache\pdfbox\util\operator\SetGraphicsStateParameters.java,process,"PDFOperator, List",0,0,4
pdfbox\src\main\java\org\apache\pdfbox\util\PDFImageWriter.java,writeImage,"PDDocument, String, String, int, int, String, int, int",0,0,7
xmpbox\src\main\java\org\apache\xmpbox\schema\XMPSchema.java,setDatePropertyValueAsSimple,"String, Calendar",0,0,2
pdfbox\src\main\java\org\apache\pdfbox\pdmodel\graphics\xobject\PDXObject.java,getMetadata,,0,0,1
xmpbox\src\main\java\org\apache\xmpbox\type\TypeMapping.java,isStructuredTypeNamespace,String,0,0,9
pdfbox\src\main\java\org\apache\pdfbox\pdmodel\common\PDStream.java,setFileFilters,List,0,0,1
pdfbox\src\main\java\org\apache\pdfbox\pdmodel\interactive\annotation\PDAnnotationLink.java,getHighlightMode,,0,0,3
preflight\src\main\java\org\apache\pdfbox\preflight\process\StreamValidationProcess.java,<init>,,0,0,13
jempbox\src\main\java\org\apache\jempbox\xmp\XMPMetadata.java,getSchemas,,2,0,53
xmpbox\src\main\java\org\apache\xmpbox\XMPMetadata.java,getSchema,String,0,0,239
examples\src\main\java\org\apache\pdfbox\examples\pdmodel\AddImageToPDF.java,usage,,0,0,2
pdfbox\src\main\java\org\apache\pdfbox\pdmodel\graphics\predictor\Paeth.java,decodeLine,"byte[], byte[], int, int, int, int",1,0,48
pdfbox\src\main\java\org\apache\pdfbox\pdmodel\documentinterchange\prepress\PDBoxStyle.java,getGuidelineColor,,0,0,4
pdfbox\src\main\java\org\apache\pdfbox\cos\COSDocument.java,finalize,,1363,0,990
pdfbox\src\main\java\org\apache\pdfbox\pdmodel\interactive\action\type\PDActionLaunch.java,setD,String,0,0,3
pdfbox\src\main\java\org\apache\pdfbox\pdmodel\fdf\FDFField.java,getAction,,0,0,3
pdfbox\src\main\java\org\apache\pdfbox\exceptions\CryptographyException.java,<init>,Exception,0,0,5
pdfbox\src\main\java\org\apache\pdfbox\pdmodel\common\PDTypedDictionaryWrapper.java,getType,,0,0,4
pdfbox\src\main\java\org\apache\pdfbox\pdmodel\interactive\digitalsignature\PDSignature.java,<init>,COSDictionary,0,0,22
pdfbox\src\main\java\org\apache\pdfbox\pdmodel\font\PDFont.java,clearResources,,0,0,7
pdfbox\src\main\java\org\apache\pdfbox\pdmodel\fdf\FDFAnnotation.java,setInvisible,boolean,0,0,2
pdfbox\src\main\java\org\apache\pdfbox\cos\COSArray.java,setInt,"int, int",0,0,49
pdfbox\src\main\java\org\apache\pdfbox\pdmodel\interactive\digitalsignature\visible\PDVisibleSigBuilder.java,insertInnerFormToHolerResources,"PDXObjectForm, PDResources",0,0,1
pdfbox\src\main\java\org\apache\pdfbox\pdmodel\graphics\shading\PDShadingType5.java,getDecodeForParameter,int,0,0,5
pdfbox\src\main\java\org\apache\pdfbox\util\Splitter.java,split,PDDocument,0,0,3
pdfbox\src\main\java\org\apache\pdfbox\ImportXFDF.java,<init>,,0,0,9
pdfbox\src\main\java\org\apache\pdfbox\pdmodel\interactive\annotation\PDAnnotation.java,isReadOnly,,0,0,3
pdfbox\src\main\java\org\apache\pdfbox\pdfparser\PDFStreamParser.java,parse,,2,0,52
pdfbox\src\main\java\org\apache\pdfbox\pdmodel\fdf\FDFField.java,getAppearanceDictionary,,0,0,2
pdfbox\src\main\java\org\apache\pdfbox\pdmodel\fdf\FDFJavaScript.java,getBefore,,0,0,3
preflight\src\main\java\org\apache\pdfbox\preflight\graphic\StandardColorSpaceHelper.java,processSeparationColorSpace,PDColorSpace,0,0,5
xmpbox\src\main\java\org\apache\xmpbox\type\ResourceEventType.java,setInstanceID,String,0,0,4
jempbox\src\main\java\org\apache\jempbox\xmp\pdfa\XMPSchemaPDFASchema.java,<init>,XMPMetadata,0,0,6
pdfbox\src\main\java\org\apache\pdfbox\pdmodel\interactive\measurement\PDMeasureDictionary.java,<init>,COSDictionary,0,0,20
pdfbox\src\main\java\org\apache\pdfbox\cos\COSDocument.java,getObjectsByType,COSName,0,0,16
xmpbox\src\main\java\org\apache\xmpbox\schema\PDFAIdentificationSchema.java,setAmd,String,0,0,7
pdfbox\src\main\java\org\apache\pdfbox\pdmodel\graphics\shading\PDShadingType2.java,getDomain,,0,0,5
pdfbox\src\main\java\org\apache\pdfbox\io\ASCII85OutputStream.java,close,,0,0,4
pdfbox\src\main\java\org\apache\pdfbox\pdmodel\documentinterchange\taggedpdf\PDLayoutAttributeObject.java,setWidthAuto,,0,0,3
pdfbox\src\main\java\org\apache\pdfbox\pdmodel\interactive\annotation\PDAnnotation.java,isPrinted,,0,0,5
fontbox\src\main\java\org\apache\fontbox\ttf\GlyfDescript.java,readInstructions,"TTFDataStream, int",9,0,390
pdfbox\src\main\java\org\apache\pdfbox\pdmodel\interactive\form\PDRadioCollection.java,isRadiosInUnison,,0,0,1
jempbox\src\main\java\org\apache\jempbox\xmp\pdfa\XMPMetadataPDFA.java,<init>,,113,0,10
pdfbox\src\main\java\org\apache\pdfbox\util\operator\BeginText.java,<init>,,0,0,30
pdfbox\src\main\java\org\apache\pdfbox\util\ICU4JImpl.java,makeLineLogicalOrder,"String, boolean",185,0,12
pdfbox\src\main\java\org\apache\pdfbox\pdmodel\documentinterchange\taggedpdf\PDLayoutAttributeObject.java,setHeight,int,0,0,2
pdfbox\src\main\java\org\apache\pdfbox\pdmodel\documentinterchange\taggedpdf\PDExportFormatAttributeObject.java,getScope,,0,0,5
pdfbox\src\main\java\org\apache\pdfbox\pdmodel\common\filespecification\PDEmbeddedFile.java,getModDate,,0,0,3
pdfbox\src\main\java\org\apache\pdfbox\pdmodel\fdf\FDFAnnotation.java,getPage,,0,0,3
pdfbox\src\main\java\org\apache\pdfbox\pdmodel\graphics\color\PDColorSpaceFactory.java,createColorSpace,String,0,0,2
pdfbox\src\main\java\org\apache\pdfbox\pdmodel\graphics\color\PDICCBased.java,createColorSpace,,0,0,1
pdfbox\src\main\java\org\apache\pdfbox\pdmodel\interactive\form\PDField.java,setNoExport,boolean,0,0,2
pdfbox\src\main\java\org\apache\pdfbox\pdmodel\interactive\digitalsignature\PDSeedValue.java,setSubFilter,List,0,0,2
jempbox\src\main\java\org\apache\jempbox\xmp\XMPSchemaDublinCore.java,addCreator,String,0,0,3
pdfbox\src\main\java\org\apache\pdfbox\pdmodel\interactive\form\PDRadioCollection.java,setValue,String,0,0,3
pdfbox\src\main\java\org\apache\pdfbox\pdmodel\documentinterchange\taggedpdf\PDLayoutAttributeObject.java,setPaddings,float[],0,0,3
pdfbox\src\main\java\org\apache\pdfbox\pdmodel\graphics\shading\PDShadingType3.java,<init>,COSDictionary,0,0,11
pdfbox\src\main\java\org\apache\pdfbox\pdmodel\graphics\xobject\PDXObjectImage.java,getColorSpace,,23,0,18
preflight\src\main\java\org\apache\pdfbox\preflight\Validator_A1b.java,listFiles,String,0,0,1
pdfbox\src\main\java\org\apache\pdfbox\util\operator\MoveTextSetLeading.java,<init>,,0,0,33
jempbox\src\main\java\org\apache\jempbox\xmp\XMPSchemaDublinCore.java,addSubject,String,0,0,2
pdfbox\src\main\java\org\apache\pdfbox\pdmodel\PDPage.java,getBleedBox,,0,0,6
pdfbox\src\main\java\org\apache\pdfbox\pdmodel\PDPage.java,setThreadBeads,List,0,0,2
pdfbox\src\main\java\org\apache\pdfbox\pdmodel\font\PDTrueTypeFont.java,loadTTF,"PDDocument, File",6,0,5
pdfbox\src\main\java\org\apache\pdfbox\pdmodel\font\PDFont.java,encode,"byte[], int, int",0,0,27
pdfbox\src\main\java\org\apache\pdfbox\pdmodel\interactive\documentnavigation\outline\PDDocumentOutline.java,<init>,COSDictionary,0,0,2
pdfbox\src\main\java\org\apache\pdfbox\WriteDecodedDoc.java,main,String[],3,0,6
pdfbox\src\main\java\org\apache\pdfbox\pdmodel\edit\PDPageContentStream.java,concatenate2CTM,"double, double, double, double, double, double",0,0,1
fontbox\src\main\java\org\apache\fontbox\ttf\GlyfCompositeComp.java,<init>,TTFDataStream,0,0,282
pdfbox\src\main\java\org\apache\pdfbox\io\RandomAccessBuffer.java,clone,,10,7,772
pdfbox\src\main\java\org\apache\pdfbox\pdmodel\graphics\color\PDICCBased.java,toString,,0,0,1
xmpbox\src\main\java\org\apache\xmpbox\schema\XMPSchema.java,setBooleanProperty,BooleanType,0,0,10
pdfbox\src\main\java\org\apache\pdfbox\pdfwriter\COSStandardOutputStream.java,writeCRLF,,0,0,54
xmpbox\src\main\java\org\apache\xmpbox\type\ComplexPropertyContainer.java,getFirstEquivalentProperty,"String, Class",0,0,114
preflight\src\main\java\org\apache\pdfbox\preflight\parser\PreflightParser.java,parseCOSArray,,0,0,1
xmpbox\src\main\java\org\apache\xmpbox\schema\XMPSchema.java,internalAddBagValue,"String, String",1,0,80
pdfbox\src\main\java\org\apache\pdfbox\pdmodel\graphics\xobject\PDXObjectForm.java,setMatrix,AffineTransform,0,0,1
jempbox\src\main\java\org\apache\jempbox\xmp\XMPSchema.java,getSequenceDateList,String,0,0,3
pdfbox\src\main\java\org\apache\pdfbox\util\Matrix.java,reset,,0,0,264
pdfbox\src\main\java\org\apache\pdfbox\cos\COSDocument.java,isEncrypted,,0,0,24
fontbox\src\main\java\org\apache\fontbox\ttf\AbstractTTFParser.java,<init>,boolean,0,0,8
pdfbox\src\main\java\org\apache\pdfbox\pdmodel\common\COSStreamArray.java,getStreamCount,,0,0,2
pdfbox\src\main\java\org\apache\pdfbox\pdmodel\interactive\digitalsignature\PDSeedValueTimeStamp.java,getURL,,0,0,4
pdfbox\src\main\java\org\apache\pdfbox\cos\COSBoolean.java,writePDF,OutputStream,0,0,9
pdfbox\src\main\java\org\apache\pdfbox\filter\LZWDictionary.java,resetCodeSize,,0,0,148
pdfbox\src\main\java\org\apache\pdfbox\pdmodel\font\PDMMType1Font.java,<init>,,0,0,11
xmpbox\src\main\java\org\apache\xmpbox\schema\PhotoshopSchema.java,setInstructionsProperty,TextType,0,0,5
preflight\src\main\java\org\apache\pdfbox\preflight\parser\PreflightParser.java,nextIsSpace,,0,0,1
pdfbox\src\main\java\org\apache\pdfbox\Overlay.java,overlay,"PDDocument, PDDocument",0,0,1
pdfbox\src\main\java\org\apache\pdfbox\cos\COSDictionary.java,setString,"String, String",5,0,106
pdfbox\src\main\java\org\apache\pdfbox\encryption\ARCFour.java,write,"byte, OutputStream",1,0,1770
pdfbox\src\main\java\org\apache\pdfbox\pdmodel\interactive\action\PDPageAdditionalActions.java,setO,PDAction,0,0,3
pdfbox\src\main\java\org\apache\pdfbox\pdmodel\documentinterchange\taggedpdf\PDTableAttributeObject.java,<init>,,0,0,25
xmpbox\src\main\java\org\apache\xmpbox\type\DateType.java,<init>,"XMPMetadata, String, String, String, Object",56,0,74
pdfbox\src\main\java\org\apache\pdfbox\pdmodel\documentinterchange\taggedpdf\PDLayoutAttributeObject.java,getBlockAlign,,0,0,8
pdfbox\src\main\java\org\apache\pdfbox\pdmodel\interactive\documentnavigation\outline\PDOutlineItem.java,setBold,boolean,0,0,1
pdfbox\src\main\java\org\apache\pdfbox\util\operator\pagedrawer\CloseFillEvenOddAndStrokePath.java,process,"PDFOperator, List",3,0,2
pdfbox\src\main\java\org\apache\pdfbox\pdmodel\fdf\FDFAnnotation.java,setLocked,boolean,0,0,2
pdfbox\src\main\java\org\apache\pdfbox\util\Matrix.java,<init>,,0,0,263
pdfbox\src\main\java\org\apache\pdfbox\pdmodel\interactive\annotation\PDAnnotationLine.java,setCaption,boolean,0,0,2
jempbox\src\main\java\org\apache\jempbox\xmp\pdfa\XMPMetadataPDFA.java,getPDFATypeSchema,,0,0,3
xmpbox\src\main\java\org\apache\xmpbox\type\PDFATypeType.java,getFields,,0,0,2
jempbox\src\main\java\org\apache\jempbox\xmp\XMPSchemaMediaManagement.java,setManageTo,String,0,0,4
pdfbox\src\main\java\org\apache\pdfbox\io\ByteArrayPushBackInputStream.java,localRead,"byte[], int, int",0,0,16
pdfbox\src\main\java\org\apache\pdfbox\util\LayerUtility.java,<init>,PDDocument,0,0,7
pdfbox\src\main\java\org\apache\pdfbox\util\PositionWrapper.java,<init>,TextPosition,0,0,16
fontbox\src\main\java\org\apache\fontbox\ttf\CMAPEncodingEntry.java,processSubtype4,"TrueTypeFont, TTFDataStream, int",4,0,2
pdfbox\src\main\java\org\apache\pdfbox\pdmodel\documentinterchange\taggedpdf\PDStandardAttributeObject.java,getInteger,"String, int",0,0,40
pdfbox\src\main\java\org\apache\pdfbox\util\Matrix.java,getScaleInstance,"float, float",0,0,30
preflight\src\main\java\org\apache\pdfbox\preflight\utils\FilterHelper.java,isAuthorizedFilterInPDFA,"PreflightContext, String",0,0,16
pdfbox\src\main\java\org\apache\pdfbox\pdmodel\encryption\SecurityHandlersManager.java,registerHandler,"String, Class, Class",0,0,2
pdfbox\src\main\java\org\apache\pdfbox\pdmodel\interactive\action\PDAdditionalActions.java,setF,PDAction,0,0,3
pdfbox\src\main\java\org\apache\pdfbox\pdmodel\fdf\FDFAnnotation.java,isHidden,,0,0,2
pdfbox\src\main\java\org\apache\pdfbox\pdmodel\graphics\color\PDColorState.java,getPaint,int,0,0,3
xmpbox\src\main\java\org\apache\xmpbox\schema\XMPSchema.java,getIntegerPropertyValue,String,0,0,15
examples\src\main\java\org\apache\pdfbox\examples\pdmodel\EmbeddedFiles.java,doIt,String,42,0,2
jempbox\src\main\java\org\apache\jempbox\xmp\XMPSchema.java,addBagValue,"String, String",1,0,27
pdfbox\src\main\java\org\apache\pdfbox\ImportXFDF.java,importFDF,"PDDocument, FDFDocument",0,0,1
pdfbox\src\main\java\org\apache\pdfbox\util\ImageParameters.java,getWidth,,0,0,12
pdfbox\src\main\java\org\apache\pdfbox\pdmodel\graphics\color\PDOutputIntent.java,setOutputConditionIdentifier,String,0,0,1
xmpbox\src\main\java\org\apache\xmpbox\type\TypeMapping.java,createPart,"String, String, String, String",0,0,7
pdfbox\src\main\java\org\apache\pdfbox\filter\CCITTFaxDecodeFilter.java,<init>,,0,0,128
pdfbox\src\main\java\org\apache\pdfbox\cos\COSDocument.java,setEncryptionDictionary,COSDictionary,0,0,1
jempbox\src\main\java\org\apache\jempbox\xmp\XMPSchemaIptc4xmpCore.java,getCiEmailWork,,0,0,3
pdfbox\src\main\java\org\apache\pdfbox\pdmodel\fdf\FDFAnnotationStrikeOut.java,<init>,COSDictionary,0,0,5
preflight\src\main\java\org\apache\pdfbox\preflight\parser\PreflightParser.java,checkStreamKeyWord,,0,0,1
pdfbox\src\main\java\org\apache\pdfbox\pdmodel\interactive\annotation\PDAnnotation.java,setStructParent,int,0,0,2
xmpbox\src\main\java\org\apache\xmpbox\type\TypeMapping.java,createLocale,"String, String, String, String",0,0,4
pdfbox\src\main\java\org\apache\pdfbox\pdmodel\fdf\FDFCatalog.java,getFDF,,0,0,13
pdfbox\src\main\java\org\apache\pdfbox\pdmodel\documentinterchange\taggedpdf\PDLayoutAttributeObject.java,setBaselineShift,float,0,0,4
pdfbox\src\main\java\org\apache\pdfbox\pdmodel\common\function\PDFunction.java,<init>,COSBase,0,0,121
pdfbox\src\main\java\org\apache\pdfbox\pdmodel\documentinterchange\logicalstructure\PDAttributeObject.java,toString,,0,0,65
pdfbox\src\main\java\org\apache\pdfbox\util\TextPosition.java,<init>,,0,0,21
pdfbox\src\main\java\org\apache\pdfbox\pdmodel\interactive\action\type\PDAction.java,getNext,,0,0,1
pdfbox\src\main\java\org\apache\pdfbox\pdmodel\documentinterchange\logicalstructure\Revisions.java,size,,0,0,34
pdfbox\src\main\java\org\apache\pdfbox\pdmodel\interactive\annotation\PDAnnotationFileAttachment.java,getAttachmentName,,0,0,3
pdfbox\src\main\java\org\apache\pdfbox\util\XMLUtil.java,getNodeValue,Element,0,0,3
fontbox\src\main\java\org\apache\fontbox\ttf\TrueTypeFont.java,getPostScript,,0,0,4
xmpbox\src\main\java\org\apache\xmpbox\schema\PhotoshopSchema.java,getSource,,0,0,7
pdfbox\src\main\java\org\apache\pdfbox\pdmodel\documentinterchange\taggedpdf\PDLayoutAttributeObject.java,getBorderStyle,,0,0,12
pdfbox\src\main\java\org\apache\pdfbox\pdfparser\BaseParser.java,readLong,,0,0,21
examples\src\main\java\org\apache\pdfbox\examples\signature\CreateVisibleSignature.java,main,String[],45,0,3
pdfbox\src\main\java\org\apache\pdfbox\io\RandomAccessBuffer.java,expandBuffer,,0,0,1
pdfbox\src\main\java\org\apache\pdfbox\pdmodel\encryption\PublicKeyDecryptionMaterial.java,<init>,"KeyStore, String, String",0,0,11
jempbox\src\main\java\org\apache\jempbox\xmp\XMPSchemaIptc4xmpCore.java,getScenes,,0,0,2
pdfbox\src\main\java\org\apache\pdfbox\pdmodel\graphics\optionalcontent\PDOptionalContentGroup.java,setName,String,0,0,2
pdfbox\src\main\java\org\apache\pdfbox\ExportXFDF.java,exportXFDF,String[],0,0,5
pdfbox\src\main\java\org\apache\pdfbox\pdmodel\documentinterchange\taggedpdf\PDLayoutAttributeObject.java,setSpaceAfter,float,0,0,2
pdfbox\src\main\java\org\apache\pdfbox\pdmodel\font\PDCIDFontType2Font.java,hasCIDToGIDMap,,0,0,10
pdfbox\src\main\java\org\apache\pdfbox\pdmodel\common\function\type4\InstructionSequence.java,execute,ExecutionContext,0,0,8
fontbox\src\main\java\org\apache\fontbox\ttf\AbstractTTFParser.java,parseTTF,InputStream,61,0,6
jempbox\src\main\java\org\apache\jempbox\xmp\ResourceEvent.java,getAction,,0,0,1
jempbox\src\main\java\org\apache\jempbox\xmp\pdfa\XMPSchemaPDFAId.java,getAmd,,0,0,4
pdfbox\src\main\java\org\apache\pdfbox\pdmodel\interactive\annotation\PDAnnotationLink.java,setAction,PDAction,0,0,2
pdfbox\src\main\java\org\apache\pdfbox\pdmodel\font\PDFont.java,isType3Font,,0,0,3
pdfbox\src\main\java\org\apache\pdfbox\pdmodel\interactive\measurement\PDMeasureDictionary.java,<init>,,0,0,37
preflight\src\main\java\org\apache\pdfbox\preflight\process\reflect\ShaddingPatternValidationProcess.java,validate,PreflightContext,0,0,2
lucene\src\main\java\org\apache\pdfbox\searchengine\lucene\IndexFiles.java,main,String[],0,0,2
pdfbox\src\main\java\org\apache\pdfbox\pdmodel\fdf\FDFJavaScript.java,setNamedJavaScripts,List,0,0,4
pdfbox\src\main\java\org\apache\pdfbox\pdmodel\documentinterchange\taggedpdf\PDTableAttributeObject.java,setHeaders,String[],0,0,4
pdfbox\src\main\java\org\apache\pdfbox\cos\COSString.java,hashCode,,3,0,5
pdfbox\src\main\java\org\apache\pdfbox\pdmodel\edit\PDPageContentStream.java,close,,0,0,6
pdfbox\src\main\java\org\apache\pdfbox\util\operator\pagedrawer\CurveToReplicateFinalPoint.java,<init>,,0,0,7
jempbox\src\main\java\org\apache\jempbox\xmp\XMPSchemaBasicJobTicket.java,<init>,XMPMetadata,0,0,10
pdfbox\src\main\java\org\apache\pdfbox\PDFReader.java,main,String[],16,0,1
fontbox\src\main\java\org\apache\fontbox\cmap\CMap.java,<init>,,0,0,12
pdfbox\src\main\java\org\apache\pdfbox\pdmodel\PDDocument.java,getDocumentInformation,,0,0,24
pdfbox\src\main\java\org\apache\pdfbox\pdmodel\PDDocumentCatalog.java,getThreads,,0,0,4
xmpbox\src\main\java\org\apache\xmpbox\schema\PhotoshopSchema.java,getInstructions,,0,0,16
pdfbox\src\main\java\org\apache\pdfbox\pdmodel\common\PDPageLabelRange.java,setPrefix,String,0,0,8
pdfbox\src\main\java\org\apache\pdfbox\cos\COSArray.java,toFloatArray,,1,0,76
pdfbox\src\main\java\org\apache\pdfbox\pdmodel\interactive\documentnavigation\destination\PDPageFitDestination.java,<init>,COSArray,0,0,7
pdfbox\src\main\java\org\apache\pdfbox\pdmodel\font\PDType1AfmPfbFont.java,load,"PDDocument, InputStream, InputStream",2,0,1
pdfbox\src\main\java\org\apache\pdfbox\pdmodel\common\PDNameTreeNode.java,setKids,List,0,0,13
xmpbox\src\main\java\org\apache\xmpbox\schema\XMPSchema.java,setIntegerProperty,IntegerType,0,0,8
xmpbox\src\main\java\org\apache\xmpbox\type\LayerType.java,getLayerName,,0,0,4
examples\src\main\java\org\apache\pdfbox\examples\pdmodel\AddImageToPDF.java,<init>,,0,0,5
pdfbox\src\main\java\org\apache\pdfbox\util\Splitter.java,isNewDocNecessary,,0,0,6
pdfbox\src\main\java\org\apache\pdfbox\pdmodel\common\function\type4\InstructionSequence.java,<init>,,0,0,21
examples\src\main\java\org\apache\pdfbox\examples\signature\CreateVisibleSignature.java,sign,InputStream,0,0,1
fontbox\src\main\java\org\apache\fontbox\ttf\MemoryTTFDataStream.java,<init>,InputStream,0,0,6
jempbox\src\main\java\org\apache\jempbox\xmp\ResourceRef.java,getManagerUI,,0,0,2
pdfbox\src\main\java\org\apache\pdfbox\pdmodel\documentinterchange\taggedpdf\PDLayoutAttributeObject.java,setLineHeightAuto,,0,0,10
preflight\src\main\java\org\apache\pdfbox\preflight\action\NamedAction.java,<init>,"ActionManagerFactory, COSDictionary, PreflightContext, String",0,0,5
pdfbox\src\main\java\org\apache\pdfbox\pdmodel\encryption\SecurityHandler.java,decryptDictionary,"COSDictionary, long, long",0,0,2
xmpbox\src\main\java\org\apache\xmpbox\schema\XMPSchema.java,getUnqualifiedArrayList,String,0,0,25
preflight\src\main\java\org\apache\pdfbox\preflight\font\descriptor\Type1DescriptorHelper.java,processFontFile,"PDFontDescriptorDictionary, PDStream",53,0,3
pdfbox\src\main\java\org\apache\pdfbox\pdmodel\interactive\measurement\PDNumberFormatDictionary.java,getLabelPositionToValue,,0,0,2
preflight\src\main\java\org\apache\pdfbox\preflight\parser\PreflightParser.java,<init>,String,0,0,3
pdfbox\src\main\java\org\apache\pdfbox\pdmodel\documentinterchange\logicalstructure\PDStructureElement.java,setLanguage,String,0,0,3
pdfbox\src\main\java\org\apache\pdfbox\pdmodel\fdf\FDFField.java,getAdditionalActions,,0,0,3
pdfbox\src\main\java\org\apache\pdfbox\pdmodel\interactive\annotation\PDBorderStyleDictionary.java,getDashStyle,,0,0,5
pdfbox\src\main\java\org\apache\pdfbox\pdmodel\interactive\annotation\PDAnnotationSquareCircle.java,getBorderStyle,,0,0,3
pdfbox\src\main\java\org\apache\pdfbox\cos\COSDictionary.java,getFloat,"String, float",0,0,100
pdfbox\src\main\java\org\apache\pdfbox\io\RandomAccessBuffer.java,checkClosed,,0,0,436
pdfbox\src\main\java\org\apache\pdfbox\pdmodel\PDDocument.java,isEncrypted,,0,0,18
pdfbox\src\main\java\org\apache\pdfbox\filter\LZWFilter.java,encode,"InputStream, OutputStream, COSDictionary, int",3,0,3
jempbox\src\main\java\org\apache\jempbox\xmp\XMPSchema.java,setBooleanProperty,"String, Boolean",0,0,6
pdfbox\src\main\java\org\apache\pdfbox\pdmodel\fdf\FDFAnnotation.java,setToggleNoView,boolean,0,0,2
pdfbox\src\main\java\org\apache\pdfbox\pdmodel\font\PDType3Font.java,drawString,"String, int[], Graphics, float, AffineTransform, float, float",0,0,3
pdfbox\src\main\java\org\apache\pdfbox\pdmodel\interactive\digitalsignature\PDSignature.java,getSignedContent,InputStream,0,0,3
xmpbox\src\main\java\org\apache\xmpbox\schema\XmpSchemaException.java,<init>,"String, Throwable",0,0,4
preflight\src\main\java\org\apache\pdfbox\preflight\annotation\InkAnnotationValdiator.java,<init>,"PreflightContext, COSDictionary",18,0,1
pdfbox\src\main\java\org\apache\pdfbox\pdmodel\PDResources.java,setFonts,Map,4,0,24
fontbox\src\main\java\org\apache\fontbox\ttf\TTFDataStream.java,readUnsignedByteArray,int,9,5,390
pdfbox\src\main\java\org\apache\pdfbox\pdmodel\graphics\PDFontSetting.java,getFont,,24,0,10
preflight\src\main\java\org\apache\pdfbox\preflight\font\container\Type0Container.java,getFontProgramWidth,int,0,0,13
pdfbox\src\main\java\org\apache\pdfbox\pdmodel\documentinterchange\taggedpdf\PDLayoutAttributeObject.java,setBackgroundColor,PDGamma,0,0,5
pdfbox\src\main\java\org\apache\pdfbox\util\TextPosition.java,contains,TextPosition,0,0,1
jempbox\src\main\java\org\apache\jempbox\xmp\XMPSchemaBasic.java,getThumbnail,,0,0,2
pdfbox\src\main\java\org\apache\pdfbox\pdmodel\common\PDStream.java,getFileDecodeParams,,0,0,1
preflight\src\main\java\org\apache\pdfbox\preflight\annotation\MarkupAnnotationValidator.java,<init>,"PreflightContext, COSDictionary",0,0,4
pdfbox\src\main\java\org\apache\pdfbox\pdmodel\interactive\pagenavigation\PDThread.java,getThreadInfo,,0,0,3
pdfbox\src\main\java\org\apache\pdfbox\encoding\Encoding.java,getNameFromCharacter,char,0,0,5
pdfbox\src\main\java\org\apache\pdfbox\pdmodel\interactive\annotation\PDAnnotationWidget.java,setActions,PDAnnotationAdditionalActions,0,0,2
xmpbox\src\main\java\org\apache\xmpbox\xml\DomHelper.java,getFirstChildElement,Element,0,0,4
jempbox\src\main\java\org\apache\jempbox\xmp\XMPMetadata.java,getBasicJobTicketSchema,,0,0,3
pdfbox\src\main\java\org\apache\pdfbox\pdmodel\graphics\color\ColorSpaceCalRGB.java,<init>,,0,0,26
fontbox\src\main\java\org\apache\fontbox\ttf\GlyfCompositeDescript.java,<init>,"TTFDataStream, GlyphTable",2,0,138
preflight\src\main\java\org\apache\pdfbox\preflight\metadata\PDFAIdentificationValidation.java,<init>,,0,0,9
jempbox\src\main\java\org\apache\jempbox\xmp\XMPMetadata.java,init,,4,3,317
pdfbox\src\main\java\org\apache\pdfbox\pdmodel\fdf\FDFPageInfo.java,<init>,COSDictionary,0,0,7
pdfbox\src\main\java\org\apache\pdfbox\pdmodel\graphics\PDLineDashPattern.java,getPhaseStart,,0,0,1
pdfbox\src\main\java\org\apache\pdfbox\pdmodel\encryption\AccessPermission.java,getOwnerAccessPermission,,0,0,22
xmpbox\src\main\java\org\apache\xmpbox\type\ResourceRefType.java,setMaskMarkers,String,0,0,4
pdfbox\src\main\java\org\apache\pdfbox\pdmodel\font\PDFont.java,getStringFromArray,"byte[], int, int",0,0,12
pdfbox\src\main\java\org\apache\pdfbox\pdmodel\graphics\color\PDGamma.java,getG,,0,0,8
pdfbox\src\main\java\org\apache\pdfbox\util\TextPosition.java,getX,,0,0,6
examples\src\main\java\org\apache\pdfbox\examples\pdmodel\CreateBlankPDF.java,main,String[],0,0,2
preflight\src\main\java\org\apache\pdfbox\preflight\utils\COSUtils.java,getAsStream,"COSBase, COSDocument",0,0,6
pdfbox\src\main\java\org\apache\pdfbox\ImportFDF.java,usage,,0,0,2
xmpbox\src\main\java\org\apache\xmpbox\schema\XMPSchema.java,getAbstractProperty,String,1,1,702
xmpbox\src\main\java\org\apache\xmpbox\schema\PhotoshopSchema.java,getCreditProperty,,0,0,11
pdfbox\src\main\java\org\apache\pdfbox\util\operator\pagedrawer\MoveTo.java,<init>,,0,0,7
xmpbox\src\main\java\org\apache\xmpbox\type\AbstractSimpleProperty.java,toString,,0,0,5
pdfbox\src\main\java\org\apache\pdfbox\pdmodel\graphics\pattern\PDTilingPatternResources.java,<init>,COSDictionary,0,0,2
pdfbox\src\main\java\org\apache\pdfbox\pdmodel\interactive\documentnavigation\outline\PDOutlineItem.java,setNextSibling,PDOutlineNode,0,0,12
lucene\src\main\java\org\apache\pdfbox\lucene\IndexFiles.java,main,String[],1356,0,8
pdfbox\src\main\java\org\apache\pdfbox\pdmodel\interactive\digitalsignature\PDSeedValue.java,setLegalAttestation,List,0,0,2
pdfbox\src\main\java\org\apache\pdfbox\pdmodel\common\PDNameTreeNode.java,getKids,,0,0,32
jempbox\src\main\java\org\apache\jempbox\xmp\ResourceRef.java,setRenditionClass,String,0,0,1
pdfbox\src\main\java\org\apache\pdfbox\pdmodel\graphics\xobject\PDXObject.java,commonXObjectCreation,"COSBase, boolean",6,0,16
pdfbox\src\main\java\org\apache\pdfbox\pdmodel\PDPage.java,convertToImage,,124,0,10
preflight\src\main\java\org\apache\pdfbox\preflight\parser\PreflightParser.java,createUnknownErrorResult,,0,0,1
pdfbox\src\main\java\org\apache\pdfbox\pdfparser\XrefTrailerResolver.java,getContainedObjectNumbers,int,0,0,6
preflight\src\main\java\org\apache\pdfbox\preflight\process\FileSpecificationValidationProcess.java,<init>,,0,0,4
xmpbox\src\main\java\org\apache\xmpbox\schema\XMPRightsManagementSchema.java,<init>,"XMPMetadata, String",0,0,13
pdfbox\src\main\java\org\apache\pdfbox\pdmodel\documentinterchange\prepress\PDBoxStyle.java,setLineDashPattern,PDLineDashPattern,0,0,4
pdfbox\src\main\java\org\apache\pdfbox\pdmodel\PDDocumentCatalog.java,getURI,,0,0,3
preflight\src\main\java\org\apache\pdfbox\preflight\process\reflect\ExtGStateValidationProcess.java,validateTransparencyRules,"PreflightContext, List",0,0,2
pdfbox\src\main\java\org\apache\pdfbox\cos\COSDocument.java,createCOSStream,,17,0,388
pdfbox\src\main\java\org\apache\pdfbox\pdmodel\PDDocument.java,removePage,int,0,0,4
xmpbox\src\main\java\org\apache\xmpbox\type\GUIDType.java,<init>,"XMPMetadata, String, String, String, Object",0,0,15
preflight\src\main\java\org\apache\pdfbox\preflight\utils\COSUtils.java,isNumeric,"COSBase, COSDocument",0,0,2
pdfbox\src\main\java\org\apache\pdfbox\pdmodel\PDDocument.java,setDocumentInformation,PDDocumentInformation,0,0,5
pdfbox\src\main\java\org\apache\pdfbox\cos\COSName.java,getPDFName,String,24,7,7859
pdfbox\src\main\java\org\apache\pdfbox\pdmodel\documentinterchange\taggedpdf\PDArtifactMarkedContent.java,<init>,COSDictionary,0,0,16
pdfbox\src\main\java\org\apache\pdfbox\pdmodel\common\PDNamedTextStream.java,setName,String,0,0,1
pdfbox\src\main\java\org\apache\pdfbox\encryption\PDFEncryption.java,isUserPassword,"byte[], byte[], byte[], int, byte[], int, int",3,0,8
pdfbox\src\main\java\org\apache\pdfbox\pdmodel\common\function\PDFunction.java,eval,COSArray,0,0,5
pdfbox\src\main\java\org\apache\pdfbox\pdmodel\interactive\form\PDFieldFactory.java,isSignature,PDField,0,0,4
pdfbox\src\main\java\org\apache\pdfbox\io\PushBackInputStream.java,<init>,"InputStream, int",2,0,309
pdfbox\src\main\java\org\apache\pdfbox\pdmodel\font\PDFont.java,drawString,"String, Graphics, float, AffineTransform, float, float",13,0,4
fontbox\src\main\java\org\apache\fontbox\util\BoundingBox.java,<init>,"float, float, float, float",0,0,539
jempbox\src\main\java\org\apache\jempbox\xmp\pdfa\XMPMetadataPDFA.java,addPDFAPropertySchema,,0,0,2
preflight\src\main\java\org\apache\pdfbox\preflight\font\descriptor\FontDescriptorHelper.java,checkFontFileMetaData,"PDFontDescriptor, PDStream",17,0,3
pdfbox\src\main\java\org\apache\pdfbox\pdmodel\PDDocumentCatalog.java,getPages,,6,0,1284
preflight\src\main\java\org\apache\pdfbox\preflight\utils\COSUtils.java,isString,"COSBase, COSDocument",0,0,9
pdfbox\src\main\java\org\apache\pdfbox\pdmodel\documentinterchange\taggedpdf\PDExportFormatAttributeObject.java,getListNumbering,,0,0,4
pdfbox\src\main\java\org\apache\pdfbox\util\operator\MoveAndShow.java,<init>,,0,0,16
xmpbox\src\main\java\org\apache\xmpbox\schema\XMPMediaManagementSchema.java,getHistory,,0,0,2
pdfbox\src\main\java\org\apache\pdfbox\pdmodel\font\PDFontDescriptor.java,isNonSymbolic,,0,0,7
pdfbox\src\main\java\org\apache\pdfbox\pdmodel\common\function\PDFunctionType0.java,<init>,COSBase,0,0,28
pdfbox\src\main\java\org\apache\pdfbox\pdmodel\graphics\shading\PDShadingResources.java,setBackground,COSArray,0,0,2
pdfbox\src\main\java\org\apache\pdfbox\cos\COSString.java,createFromHexString,"String, boolean",2,0,32
pdfbox\src\main\java\org\apache\pdfbox\cos\COSArray.java,clear,,0,0,494
pdfbox\src\main\java\org\apache\pdfbox\pdmodel\interactive\digitalsignature\PDSeedValue.java,getFilter,,0,0,3
pdfbox\src\main\java\org\apache\pdfbox\util\operator\SetNonStrokingGrayColor.java,process,"PDFOperator, List",0,0,7
pdfbox\src\main\java\org\apache\pdfbox\pdmodel\graphics\color\PDLab.java,createColorModel,int,1,0,5
preflight\src\main\java\org\apache\pdfbox\preflight\annotation\AnnotationValidator.java,checkFlags,,0,0,2
pdfbox\src\main\java\org\apache\pdfbox\cos\COSDictionary.java,getEmbeddedString,"String, COSName",0,0,2
examples\src\main\java\org\apache\pdfbox\examples\pdmodel\CreateLandscapePDF.java,doIt,"String, String",42,0,2
pdfbox\src\main\java\org\apache\pdfbox\pdmodel\interactive\form\PDField.java,getFullyQualifiedName,,0,0,3
jempbox\src\main\java\org\apache\jempbox\xmp\XMPMetadata.java,addIptc4xmpCoreSchema,,0,0,18
pdfbox\src\main\java\org\apache\pdfbox\filter\ASCII85Filter.java,decode,"InputStream, OutputStream, COSDictionary, int",0,0,3
pdfbox\src\main\java\org\apache\pdfbox\pdmodel\common\PDNumberTreeNode.java,getUpperLimit,,0,0,9
pdfbox\src\main\java\org\apache\pdfbox\pdmodel\font\PDFontDescriptorAFM.java,setFontName,String,0,0,2
xmpbox\src\main\java\org\apache\xmpbox\schema\XMPSchema.java,getBooleanProperty,String,0,0,10
examples\src\main\java\org\apache\pdfbox\examples\pdmodel\HelloWorldTTF.java,usage,,0,0,2
jempbox\src\main\java\org\apache\jempbox\xmp\pdfa\XMPMetadataPDFA.java,addPDFATypeSchema,,0,0,2
examples\src\main\java\org\apache\pdfbox\examples\pdmodel\AddMessageToEachPage.java,<init>,,0,0,5
examples\src\main\java\org\apache\pdfbox\examples\signature\CreateSignature.java,sign,InputStream,8,0,1
pdfbox\src\main\java\org\apache\pdfbox\pdmodel\common\COSStreamArray.java,getItem,COSName,0,0,5
pdfbox\src\main\java\org\apache\pdfbox\pdmodel\graphics\color\PDTristimulus.java,setX,float,0,0,4
pdfbox\src\main\java\org\apache\pdfbox\Decrypt.java,main,String[],0,0,3
pdfbox\src\main\java\org\apache\pdfbox\pdmodel\font\PDSimpleFont.java,setToUnicode,COSBase,0,0,3
pdfbox\src\main\java\org\apache\pdfbox\pdmodel\graphics\color\ColorSpaceLab.java,<init>,"PDTristimulus, PDTristimulus, PDRange, PDRange",0,0,23
pdfbox\src\main\java\org\apache\pdfbox\pdmodel\graphics\xobject\PDXObjectImage.java,mask,BufferedImage,1,0,1
pdfbox\src\main\java\org\apache\pdfbox\pdmodel\interactive\digitalsignature\visible\PDVisibleSigBuilder.java,createFormaterRectangle,byte[],1,0,3
preflight\src\main\java\org\apache\pdfbox\preflight\font\Type1FontValidator.java,checkEncoding,,0,0,6
pdfbox\src\main\java\org\apache\pdfbox\pdfwriter\COSFilterInputStream.java,<init>,"byte[], int[]",0,0,20
pdfbox\src\main\java\org\apache\pdfbox\util\PDFTextStripperByArea.java,<init>,String,2,0,1
pdfbox\src\main\java\org\apache\pdfbox\pdmodel\encryption\PDEncryptionDictionary.java,getRecipientsLength,,0,0,9
pdfbox\src\main\java\org\apache\pdfbox\util\operator\BeginMarkedContentSequenceWithProperties.java,process,"PDFOperator, List",0,0,4
pdfbox\src\main\java\org\apache\pdfbox\pdmodel\common\filespecification\PDComplexFileSpecification.java,getUnicodeFile,,0,0,6
xmpbox\src\main\java\org\apache\xmpbox\type\ResourceRefType.java,getFilePath,,0,0,4
pdfbox\src\main\java\org\apache\pdfbox\pdmodel\fdf\FDFNamedPageReference.java,getFileSpecification,,0,0,4
pdfbox\src\main\java\org\apache\pdfbox\cos\COSFloat.java,floatValue,,5,0,973
preflight\src\main\java\org\apache\pdfbox\preflight\process\AbstractProcess.java,<init>,,0,0,143
xmpbox\src\main\java\org\apache\xmpbox\type\ResourceRefType.java,setPartMapping,String,0,0,4
pdfbox\src\main\java\org\apache\pdfbox\pdmodel\graphics\shading\PDShadingType5.java,setBitsPerComponent,int,0,0,2
jempbox\src\main\java\org\apache\jempbox\xmp\XMPSchemaDynamicMedia.java,<init>,"Element, String",0,0,2
pdfbox\src\main\java\org\apache\pdfbox\cos\COSDictionary.java,setEmbeddedInt,"String, String, int",0,0,12
pdfbox\src\main\java\org\apache\pdfbox\pdmodel\common\function\PDFunction.java,clipToRange,"float, float, float",0,0,4
preflight\src\main\java\org\apache\pdfbox\preflight\font\container\FontContainer.java,checkWidthsConsistency,"int, float, float",1,0,8
pdfbox\src\main\java\org\apache\pdfbox\pdmodel\common\filespecification\PDComplexFileSpecification.java,setEmbeddedFileUnix,PDEmbeddedFile,0,0,4
pdfbox\src\main\java\org\apache\pdfbox\cos\COSNull.java,accept,ICOSVisitor,0,0,5
pdfbox\src\main\java\org\apache\pdfbox\pdmodel\documentinterchange\logicalstructure\Revisions.java,getObjects,,0,0,84
xmpbox\src\main\java\org\apache\xmpbox\schema\XMPBasicJobTicketSchema.java,addJob,"String, String, String",0,0,3
pdfbox\src\main\java\org\apache\pdfbox\pdmodel\common\PDStream.java,getLength,,0,0,1
pdfbox\src\main\java\org\apache\pdfbox\util\operator\BeginMarkedContentSequence.java,<init>,,0,0,5
jempbox\src\main\java\org\apache\jempbox\xmp\Thumbnail.java,getFormat,,0,0,2
pdfbox\src\main\java\org\apache\pdfbox\pdmodel\font\PDFontDescriptorAFM.java,setFontWeight,float,0,0,1
pdfbox\src\main\java\org\apache\pdfbox\pdmodel\common\COSArrayList.java,lastIndexOf,Object,0,0,3
pdfbox\src\main\java\org\apache\pdfbox\pdmodel\graphics\pattern\PDTilingPatternResources.java,<init>,,0,0,14
pdfbox\src\main\java\org\apache\pdfbox\pdmodel\interactive\documentnavigation\destination\PDPageFitHeightDestination.java,<init>,,0,0,8
xmpbox\src\main\java\org\apache\xmpbox\schema\XMPSchema.java,setDateProperty,DateType,0,0,10
pdfbox\src\main\java\org\apache\pdfbox\encoding\DictionaryEncoding.java,<init>,COSDictionary,3,0,6
pdfbox\src\main\java\org\apache\pdfbox\cos\COSDictionary.java,getInt,String,0,0,25
pdfbox\src\main\java\org\apache\pdfbox\util\DateConverter.java,newGreg,,3,0,183
pdfbox\src\main\java\org\apache\pdfbox\pdmodel\interactive\annotation\PDAnnotationLink.java,getQuadPoints,,0,0,3
pdfbox\src\main\java\org\apache\pdfbox\pdmodel\interactive\annotation\PDExternalDataDictionary.java,getSubtype,,0,0,4
pdfbox\src\main\java\org\apache\pdfbox\pdmodel\common\function\PDFunctionType3.java,eval,float[],0,0,4
pdfbox\src\main\java\org\apache\pdfbox\pdmodel\documentinterchange\logicalstructure\PDStructureTreeRoot.java,getRoleMap,,0,0,3
pdfbox\src\main\java\org\apache\pdfbox\pdmodel\interactive\form\PDCheckbox.java,setValue,String,0,0,2
pdfbox\src\main\java\org\apache\pdfbox\pdmodel\documentinterchange\taggedpdf\PDLayoutAttributeObject.java,setRubyPosition,String,0,0,8
pdfbox\src\main\java\org\apache\pdfbox\pdmodel\PDPage.java,updateLastModified,,8,0,8
pdfbox\src\main\java\org\apache\pdfbox\pdmodel\PDDocumentInformation.java,getAuthor,,0,0,10
jempbox\src\main\java\org\apache\jempbox\xmp\XMPSchemaPhotoshop.java,getSupplementalCategories,,0,0,2
pdfbox\src\main\java\org\apache\pdfbox\pdmodel\common\PDDictionaryWrapper.java,equals,Object,0,0,6
pdfbox\src\main\java\org\apache\pdfbox\pdmodel\graphics\PDShading.java,<init>,,0,0,11
pdfbox\src\main\java\org\apache\pdfbox\pdmodel\PDDocument.java,close,,0,0,23
pdfbox\src\main\java\org\apache\pdfbox\pdmodel\interactive\annotation\PDAnnotation.java,setNoRotate,boolean,0,0,2
pdfbox\src\main\java\org\apache\pdfbox\pdmodel\interactive\form\PDVariableText.java,setPassword,boolean,0,0,1
pdfbox\src\main\java\org\apache\pdfbox\TextToPDF.java,<init>,,123,0,13
pdfbox\src\main\java\org\apache\pdfbox\pdmodel\interactive\documentnavigation\destination\PDPageFitHeightDestination.java,fitBoundingBox,,0,0,6
jempbox\src\main\java\org\apache\jempbox\xmp\XMPMetadata.java,getRDFElement,,4,0,161
xmpbox\src\main\java\org\apache\xmpbox\type\PDFAFieldType.java,getDescription,,0,0,4
jempbox\src\main\java\org\apache\jempbox\xmp\XMPSchemaBasic.java,getBaseURL,,0,0,3
pdfbox\src\main\java\org\apache\pdfbox\pdmodel\documentinterchange\taggedpdf\PDLayoutAttributeObject.java,setWidth,int,0,0,3
pdfbox\src\main\java\org\apache\pdfbox\util\ImageParameters.java,<init>,COSDictionary,0,0,12
pdfbox\src\main\java\org\apache\pdfbox\pdmodel\documentinterchange\logicalstructure\PDAttributeObject.java,arrayToString,Object[],0,0,9
pdfbox\src\main\java\org\apache\pdfbox\pdmodel\font\FontManager.java,isBold,Font,98,1,792
xmpbox\src\main\java\org\apache\xmpbox\type\IntegerType.java,<init>,"XMPMetadata, String, String, String, Object",0,0,53
xmpbox\src\main\java\org\apache\xmpbox\type\RealType.java,getStringValue,,2,0,1
preflight\src\main\java\org\apache\pdfbox\preflight\exception\TrailerParseException.java,getErrorCode,,0,0,2
pdfbox\src\main\java\org\apache\pdfbox\pdmodel\interactive\documentnavigation\destination\PDPageXYZDestination.java,setLeft,int,0,0,5
pdfbox\src\main\java\org\apache\pdfbox\pdmodel\fdf\FDFField.java,getIconFit,,0,0,3
pdfbox\src\main\java\org\apache\pdfbox\ImportXFDF.java,main,String[],1,0,5
xmpbox\src\main\java\org\apache\xmpbox\schema\XMPSchema.java,getUnqualifiedLanguagePropertyValue,"String, String",0,0,80
xmpbox\src\main\java\org\apache\xmpbox\type\RenditionClassType.java,<init>,"XMPMetadata, String, String, String, Object",0,0,18
pdfbox\src\main\java\org\apache\pdfbox\pdmodel\interactive\digitalsignature\visible\PDVisibleSigBuilder.java,createPage,PDVisibleSignDesigner,2,0,3
preflight\src\main\java\org\apache\pdfbox\preflight\graphic\StandardColorSpaceHelper.java,processPatternColorSpace,PDColorSpace,0,0,3
pdfbox\src\main\java\org\apache\pdfbox\pdfwriter\COSWriterXRefEntry.java,compareTo,COSWriterXRefEntry,0,0,87
pdfbox\src\main\java\org\apache\pdfbox\pdmodel\graphics\color\PDICCBased.java,getRangeArray,int,0,0,2
pdfbox\src\main\java\org\apache\pdfbox\pdmodel\interactive\documentnavigation\destination\PDPageFitRectangleDestination.java,getRight,,0,0,4
fontbox\src\main\java\org\apache\fontbox\cff\CFFFont.java,getMappings,,0,0,1
pdfbox\src\main\java\org\apache\pdfbox\io\RandomAccessBufferedFileInputStream.java,close,,0,0,1
pdfbox\src\main\java\org\apache\pdfbox\pdmodel\documentinterchange\logicalstructure\PDStructureElement.java,getPage,,0,0,2
preflight\src\main\java\org\apache\pdfbox\preflight\process\CatalogValidationProcess.java,isStandardICCCharacterization,String,0,0,3
jempbox\src\main\java\org\apache\jempbox\xmp\ResourceEvent.java,setSoftwareAgent,String,0,0,2
preflight\src\main\java\org\apache\pdfbox\preflight\graphic\StandardColorSpaceHelper.java,processRGBColorSpace,PDColorSpace,1,0,6
preflight\src\main\java\org\apache\pdfbox\preflight\process\reflect\SinglePageValidationProcess.java,validateContent,"PreflightContext, PDPage",0,0,1
pdfbox\src\main\java\org\apache\pdfbox\cos\COSInteger.java,<init>,int,0,0,13
pdfbox\src\main\java\org\apache\pdfbox\encoding\WinAnsiEncoding.java,<init>,,138,15,86
pdfbox\src\main\java\org\apache\pdfbox\pdmodel\graphics\xobject\PDXObjectImage.java,setColorSpace,PDColorSpace,0,0,1
pdfbox\src\main\java\org\apache\pdfbox\pdmodel\graphics\shading\PDShadingResources.java,getBackground,,0,0,3
pdfbox\src\main\java\org\apache\pdfbox\pdmodel\common\filespecification\PDComplexFileSpecification.java,setFile,String,0,0,6
pdfbox\src\main\java\org\apache\pdfbox\pdmodel\edit\PDPageContentStream.java,appendRawCommands,byte[],0,0,127
pdfbox\src\main\java\org\apache\pdfbox\pdmodel\graphics\color\PDOutputIntent.java,setInfo,String,0,0,3
pdfbox\src\main\java\org\apache\pdfbox\pdmodel\common\filespecification\PDComplexFileSpecification.java,getFile,,0,0,5
jempbox\src\main\java\org\apache\jempbox\xmp\XMPSchemaDublinCore.java,getSubjects,,0,0,2
pdfbox\src\main\java\org\apache\pdfbox\util\MapUtil.java,getNextUniqueKey,"Map, String",0,0,21
pdfbox\src\main\java\org\apache\pdfbox\pdmodel\PDResources.java,addXObject,"PDXObject, String",1,0,8
pdfbox\src\main\java\org\apache\pdfbox\pdmodel\encryption\PDStandardEncryption.java,canModifyAnnotations,,0,0,3
pdfbox\src\main\java\org\apache\pdfbox\pdmodel\fdf\FDFAnnotationSound.java,<init>,Element,0,0,2
pdfbox\src\main\java\org\apache\pdfbox\util\operator\SetStrokingDeviceN.java,<init>,,0,0,3
xmpbox\src\main\java\org\apache\xmpbox\schema\PhotoshopSchema.java,setCaptionWriter,String,1,0,6
fontbox\src\main\java\org\apache\fontbox\afm\CharMetric.java,addLigature,Ligature,0,0,72
pdfbox\src\main\java\org\apache\pdfbox\pdmodel\documentinterchange\taggedpdf\PDFourColours.java,<init>,,0,0,8
pdfbox\src\main\java\org\apache\pdfbox\pdmodel\documentinterchange\taggedpdf\PDStandardAttributeObject.java,getColorOrFourColors,String,0,0,15
pdfbox\src\main\java\org\apache\pdfbox\pdmodel\documentinterchange\taggedpdf\PDLayoutAttributeObject.java,setSpaceAfter,int,0,0,5
pdfbox\src\main\java\org\apache\pdfbox\pdfwriter\COSStandardOutputStream.java,<init>,OutputStream,10,0,113
pdfbox\src\main\java\org\apache\pdfbox\cos\COSDictionary.java,getNameAsString,String,0,0,77
pdfbox\src\main\java\org\apache\pdfbox\pdmodel\interactive\documentnavigation\outline\PDOutlineItem.java,setDestination,PDDestination,0,0,7
fontbox\src\main\java\org\apache\fontbox\ttf\TTFDataStream.java,readString,int,0,0,64
xmpbox\src\main\java\org\apache\xmpbox\schema\XMPRightsManagementSchema.java,getMarkedProperty,,0,0,4
pdfbox\src\main\java\org\apache\pdfbox\pdfviewer\PDFTreeModel.java,getChild,"Object, int",0,0,7
pdfbox\src\main\java\org\apache\pdfbox\pdmodel\interactive\annotation\PDAnnotationPopup.java,setParent,PDAnnotationMarkup,0,0,3
pdfbox\src\main\java\org\apache\pdfbox\pdmodel\documentinterchange\markedcontent\PDMarkedContent.java,addXObject,PDXObject,0,0,1
pdfbox\src\main\java\org\apache\pdfbox\pdmodel\interactive\measurement\PDNumberFormatDictionary.java,setDecimalSeparator,String,0,0,2
xmpbox\src\main\java\org\apache\xmpbox\schema\DublinCoreSchema.java,setFormat,String,0,0,5
pdfbox\src\main\java\org\apache\pdfbox\util\ImageParameters.java,getNumberOrNegativeOne,"COSName, COSName",0,0,30
pdfbox\src\main\java\org\apache\pdfbox\pdmodel\font\PDCIDFontType2Font.java,<init>,COSDictionary,0,0,11
pdfbox\src\main\java\org\apache\pdfbox\io\RandomAccessFileOutputStream.java,write,"byte[], int, int",0,0,51
pdfbox\src\main\java\org\apache\pdfbox\pdfwriter\COSWriter.java,doWriteHeader,COSDocument,2,0,17
pdfbox\src\main\java\org\apache\pdfbox\pdmodel\interactive\form\PDVariableText.java,getValue,,0,0,2
xmpbox\src\main\java\org\apache\xmpbox\schema\XMPRightsManagementSchema.java,setUsageTerms,String,0,0,3
pdfbox\src\main\java\org\apache\pdfbox\pdmodel\graphics\xobject\PDXObject.java,getCOSStream,,0,0,282
xmpbox\src\main\java\org\apache\xmpbox\schema\XMPSchema.java,setSpecifiedSimpleTypeProperty,AbstractSimpleProperty,0,0,38
pdfbox\src\main\java\org\apache\pdfbox\util\operator\SetNonStrokingCMYKColor.java,process,"PDFOperator, List",0,0,3
pdfbox\src\main\java\org\apache\pdfbox\pdmodel\interactive\form\PDFieldFactory.java,isButton,PDField,0,0,6
xmpbox\src\main\java\org\apache\xmpbox\type\JobType.java,setName,String,0,0,8
xmpbox\src\main\java\org\apache\xmpbox\type\JobType.java,getName,,0,0,4
pdfbox\src\main\java\org\apache\pdfbox\pdmodel\interactive\form\PDAcroForm.java,getField,String,0,0,3
pdfbox\src\main\java\org\apache\pdfbox\pdmodel\documentinterchange\taggedpdf\PDFourColours.java,setColourByIndex,"int, PDGamma",0,0,9
pdfbox\src\main\java\org\apache\pdfbox\pdmodel\PDPage.java,findRotation,,0,0,22
pdfbox\src\main\java\org\apache\pdfbox\util\operator\SetGraphicsStateParameters.java,<init>,,0,0,19
pdfbox\src\main\java\org\apache\pdfbox\pdfviewer\ReaderBottomPanel.java,getStatusLabel,,1,0,4
xmpbox\src\main\java\org\apache\xmpbox\schema\PhotoshopSchema.java,getHistoryProperty,,0,0,8
pdfbox\src\main\java\org\apache\pdfbox\pdmodel\graphics\PDExtendedGraphicsState.java,getStrokingAlpaConstant,,0,0,24
preflight\src\main\java\org\apache\pdfbox\preflight\parser\XmlResultParser.java,validate,"Document, DataSource",1,0,1
pdfbox\src\main\java\org\apache\pdfbox\io\ByteArrayPushBackInputStream.java,read,,0,0,17
pdfbox\src\main\java\org\apache\pdfbox\pdmodel\documentinterchange\prepress\PDBoxStyle.java,getGuidelineWidth,,0,0,4
pdfbox\src\main\java\org\apache\pdfbox\cos\COSDictionary.java,<init>,COSDictionary,1,0,352
pdfbox\src\main\java\org\apache\pdfbox\pdmodel\graphics\color\PDLab.java,<init>,,0,0,28
preflight\src\main\java\org\apache\pdfbox\preflight\PreflightConfiguration.java,replaceProcess,"String, Class",1,0,1685
pdfbox\src\main\java\org\apache\pdfbox\util\operator\pagedrawer\SHFill.java,<init>,,0,0,7
pdfbox\src\main\java\org\apache\pdfbox\util\operator\SetStrokingRGBColor.java,<init>,,0,0,24
pdfbox\src\main\java\org\apache\pdfbox\util\ICU4JImpl.java,normalizePres,String,0,0,14
pdfbox\src\main\java\org\apache\pdfbox\pdmodel\graphics\color\PDDeviceN.java,createColorModel,int,9,0,9
preflight\src\main\java\org\apache\pdfbox\preflight\process\BookmarkValidationProcess.java,<init>,,0,0,10
preflight\src\main\java\org\apache\pdfbox\preflight\font\DescendantFontValidator.java,<init>,"PreflightContext, PDFont, FontContainer",0,0,8
pdfbox\src\main\java\org\apache\pdfbox\pdmodel\font\PDSimpleFont.java,getToUnicode,,0,0,77
pdfbox\src\main\java\org\apache\pdfbox\pdmodel\graphics\shading\PDShadingType5.java,setDecodeValues,COSArray,0,0,4
pdfbox\src\main\java\org\apache\pdfbox\pdmodel\font\PDFontDescriptorAFM.java,setXHeight,float,0,0,2
preflight\src\main\java\org\apache\pdfbox\preflight\content\StubOperator.java,process,"PDFOperator, List",0,0,1
pdfbox\src\main\java\org\apache\pdfbox\pdmodel\documentinterchange\prepress\PDBoxStyle.java,getGuidelineStyle,,0,0,3
pdfbox\src\main\java\org\apache\pdfbox\util\operator\SetStrokingGrayColor.java,process,"PDFOperator, List",0,0,4
pdfbox\src\main\java\org\apache\pdfbox\ImportFDF.java,close,PDDocument,0,0,5
lucene\src\main\java\org\apache\pdfbox\lucene\LucenePDFDocument.java,main,String[],38,0,3
preflight\src\main\java\org\apache\pdfbox\preflight\process\StreamValidationProcess.java,checkDictionaryEntries,"PreflightContext, COSStream",0,0,4
xmpbox\src\main\java\org\apache\xmpbox\schema\AdobePDFSchema.java,setProducerProperty,TextType,0,0,3
pdfbox\src\main\java\org\apache\pdfbox\pdmodel\graphics\PDFontSetting.java,<init>,,0,0,16
pdfbox\src\main\java\org\apache\pdfbox\util\operator\SetStrokingColor.java,process,"PDFOperator, List",0,0,1
pdfbox\src\main\java\org\apache\pdfbox\pdmodel\font\PDCIDFont.java,getAverageFontWidth,,0,0,1
pdfbox\src\main\java\org\apache\pdfbox\cos\COSArray.java,add,COSBase,25,6,27201
pdfbox\src\main\java\org\apache\pdfbox\pdmodel\documentinterchange\logicalstructure\PDStructureElement.java,addClassName,String,0,0,8
pdfbox\src\main\java\org\apache\pdfbox\pdmodel\interactive\documentnavigation\destination\PDPageXYZDestination.java,getZoom,,0,0,4
pdfbox\src\main\java\org\apache\pdfbox\pdmodel\interactive\documentnavigation\destination\PDPageFitWidthDestination.java,getTop,,0,0,4
pdfbox\src\main\java\org\apache\pdfbox\pdmodel\interactive\documentnavigation\destination\PDNamedDestination.java,getNamedDestination,,0,0,4
examples\src\main\java\org\apache\pdfbox\examples\AbstractExample.java,close,OutputStream,0,0,2
pdfbox\src\main\java\org\apache\pdfbox\pdmodel\interactive\annotation\PDAnnotation.java,setContents,String,0,0,6
xmpbox\src\main\java\org\apache\xmpbox\schema\XMPRightsManagementSchema.java,getMarked,,0,0,3
fontbox\src\main\java\org\apache\fontbox\ttf\TrueTypeFont.java,getMaximumProfile,,0,0,14
pdfbox\src\main\java\org\apache\pdfbox\pdmodel\font\PDFont.java,isSymbolicFont,,0,0,5
jempbox\src\main\java\org\apache\jempbox\xmp\XMPSchema.java,addSequenceDateValue,"String, Calendar",0,0,2
pdfbox\src\main\java\org\apache\pdfbox\pdmodel\graphics\PDShading.java,getShadingType,,0,0,2
pdfbox\src\main\java\org\apache\pdfbox\pdmodel\graphics\color\PDDeviceN.java,setAlternateColorSpace,PDColorSpace,0,0,10
pdfbox\src\main\java\org\apache\pdfbox\util\TextPosition.java,<init>,"int, float, float, Matrix, float, float, float, float, float, String, PDFont, float, int",0,0,27
pdfbox\src\main\java\org\apache\pdfbox\util\PDFStreamEngine.java,getXObjects,,0,0,2
pdfbox\src\main\java\org\apache\pdfbox\pdmodel\interactive\action\type\PDActionURI.java,shouldTrackMousePosition,,0,0,3
pdfbox\src\main\java\org\apache\pdfbox\pdmodel\common\COSArrayList.java,subList,"int, int",0,0,3
xmpbox\src\main\java\org\apache\xmpbox\XMPMetadata.java,createAndAddPFAIdentificationSchema,,0,0,41
pdfbox\src\main\java\org\apache\pdfbox\pdmodel\interactive\annotation\PDAnnotationMarkup.java,setReplyType,String,0,0,2
pdfbox\src\main\java\org\apache\pdfbox\pdmodel\graphics\xobject\PDXObjectForm.java,getStructParents,,0,0,4
pdfbox\src\main\java\org\apache\pdfbox\pdmodel\documentinterchange\taggedpdf\PDStandardAttributeObject.java,getName,String,0,0,19
pdfbox\src\main\java\org\apache\pdfbox\util\operator\pagedrawer\CurveTo.java,process,"PDFOperator, List",0,0,5
xmpbox\src\main\java\org\apache\xmpbox\schema\PhotoshopSchema.java,setAncestorID,String,1,0,6
pdfbox\src\main\java\org\apache\pdfbox\pdmodel\fdf\FDFDocument.java,<init>,Document,0,0,1
pdfbox\src\main\java\org\apache\pdfbox\pdmodel\interactive\digitalsignature\visible\PDVisibleSigBuilder.java,createAcroForm,PDDocument,0,0,1
pdfbox\src\main\java\org\apache\pdfbox\pdmodel\graphics\xobject\PDXObject.java,createXObject,COSBase,3,0,8
pdfbox\src\main\java\org\apache\pdfbox\pdmodel\graphics\predictor\Paeth.java,<init>,,0,0,44
jempbox\src\main\java\org\apache\jempbox\xmp\XMPSchemaMediaManagement.java,getManageTo,,0,0,4
pdfbox\src\main\java\org\apache\pdfbox\pdmodel\common\PDNameTreeNode.java,setLowerLimit,String,0,0,15
pdfbox\src\main\java\org\apache\pdfbox\io\NBitOutputStream.java,write,long,1,0,9
pdfbox\src\main\java\org\apache\pdfbox\pdfparser\XrefTrailerResolver.java,nextXrefObj,long,0,0,16
pdfbox\src\main\java\org\apache\pdfbox\pdmodel\interactive\annotation\PDAnnotationLink.java,getPreviousURI,,0,0,3
pdfbox\src\main\java\org\apache\pdfbox\cos\COSString.java,toString,,0,0,10
pdfbox\src\main\java\org\apache\pdfbox\pdmodel\interactive\digitalsignature\PDPropBuildDataDict.java,<init>,,0,0,26
pdfbox\src\main\java\org\apache\pdfbox\pdmodel\font\PDCIDFontType2Font.java,mapCIDToGID,int,0,0,5
pdfbox\src\main\java\org\apache\pdfbox\pdmodel\common\PDMemoryStream.java,getCOSObject,,0,0,8
pdfbox\src\main\java\org\apache\pdfbox\pdmodel\documentinterchange\taggedpdf\PDLayoutAttributeObject.java,getStartIndent,,0,0,14
pdfbox\src\main\java\org\apache\pdfbox\pdmodel\interactive\form\PDAcroForm.java,setDefaultResources,PDResources,0,0,2
pdfbox\src\main\java\org\apache\pdfbox\pdfparser\NonSequentialPDFParser.java,<init>,String,0,0,3
pdfbox\src\main\java\org\apache\pdfbox\pdmodel\PDResources.java,addFont,"PDFont, String",2,0,19
jempbox\src\main\java\org\apache\jempbox\xmp\XMPSchemaPDF.java,setPDFVersion,String,0,0,5
jempbox\src\main\java\org\apache\jempbox\xmp\XMPSchema.java,<init>,"XMPMetadata, String, String",9,1,267
pdfbox\src\main\java\org\apache\pdfbox\pdmodel\fdf\FDFJavaScript.java,setBefore,PDTextStream,0,0,2
xmpbox\src\main\java\org\apache\xmpbox\schema\XMPSchema.java,setAbout,Attribute,0,0,5
pdfbox\src\main\java\org\apache\pdfbox\pdmodel\common\PDMatrix.java,<init>,,8,0,30
pdfbox\src\main\java\org\apache\pdfbox\pdmodel\documentinterchange\logicalstructure\PDStructureElement.java,getStructureType,,0,0,8
jempbox\src\main\java\org\apache\jempbox\xmp\XMPSchemaDublinCore.java,getCoverage,,0,0,3
pdfbox\src\main\java\org\apache\pdfbox\pdmodel\graphics\predictor\Average.java,decodeLine,"byte[], byte[], int, int, int, int",0,0,40
xmpbox\src\main\java\org\apache\xmpbox\type\JobType.java,getUrl,,0,0,4
pdfbox\src\main\java\org\apache\pdfbox\pdmodel\interactive\form\PDSignatureField.java,<init>,PDAcroForm,3,0,25
pdfbox\src\main\java\org\apache\pdfbox\cos\COSDictionary.java,getEmbeddedDate,"String, COSName, Calendar",11,0,78
pdfbox\src\main\java\org\apache\pdfbox\util\ImageIOUtil.java,writeImage,"BufferedImage, String, String, int, int",11,0,4
pdfbox\src\main\java\org\apache\pdfbox\pdmodel\font\FontManager.java,isItalic,Font,53,0,418
pdfbox\src\main\java\org\apache\pdfbox\pdmodel\documentinterchange\logicalstructure\PDStructureNode.java,insertObjectableBefore,"COSObjectable, Object",0,0,9
preflight\src\main\java\org\apache\pdfbox\preflight\font\Type0FontValidator.java,createCIDType2FontValidator,COSDictionary,0,0,2
pdfbox\src\main\java\org\apache\pdfbox\pdmodel\encryption\PDStandardEncryption.java,setCanFillInForm,boolean,0,0,2
pdfbox\src\main\java\org\apache\pdfbox\pdmodel\interactive\digitalsignature\PDSignature.java,getName,,0,0,6
pdfbox\src\main\java\org\apache\pdfbox\util\operator\ShowTextGlyph.java,<init>,,0,0,18
pdfbox\src\main\java\org\apache\pdfbox\pdmodel\common\PDRectangle.java,getWidth,,1,0,68
pdfbox\src\main\java\org\apache\pdfbox\cos\COSArray.java,<init>,,16,2,2701
pdfbox\src\main\java\org\apache\pdfbox\util\operator\SetHorizontalTextScaling.java,<init>,,0,0,32
pdfbox\src\main\java\org\apache\pdfbox\pdmodel\graphics\color\PDCalGray.java,setGamma,float,0,0,2
pdfbox\src\main\java\org\apache\pdfbox\pdmodel\interactive\annotation\PDAppearanceCharacteristicsDictionary.java,setRolloverCaption,String,0,0,3
pdfbox\src\main\java\org\apache\pdfbox\util\PageExtractor.java,<init>,"PDDocument, int, int",0,0,10
pdfbox\src\main\java\org\apache\pdfbox\pdmodel\documentinterchange\taggedpdf\PDArtifactMarkedContent.java,isBottomAttached,,0,0,2
xmpbox\src\main\java\org\apache\xmpbox\schema\DublinCoreSchema.java,getCreatorsProperty,,0,0,7
pdfbox\src\main\java\org\apache\pdfbox\pdmodel\interactive\form\PDField.java,findFieldType,,0,0,20
xmpbox\src\main\java\org\apache\xmpbox\schema\PhotoshopSchema.java,setInstructions,String,0,0,5
pdfbox\src\main\java\org\apache\pdfbox\pdmodel\interactive\measurement\PDRectlinearMeasureDictionary.java,setCYX,float,0,0,3
pdfbox\src\main\java\org\apache\pdfbox\pdmodel\interactive\form\PDField.java,setPartialName,String,1,0,24
pdfbox\src\main\java\org\apache\pdfbox\pdmodel\font\PDCIDFont.java,<init>,COSDictionary,0,0,17
pdfbox\src\main\java\org\apache\pdfbox\pdmodel\graphics\predictor\None.java,decodeLine,"byte[], byte[], int, int, int, int",0,0,4
pdfbox\src\main\java\org\apache\pdfbox\pdmodel\common\COSStreamArray.java,getStreamTokens,,0,0,11
preflight\src\main\java\org\apache\pdfbox\preflight\action\AbstractActionManager.java,valid,,0,0,1
jempbox\src\main\java\org\apache\jempbox\xmp\XMPSchemaPhotoshop.java,setDateCreated,String,0,0,3
pdfbox\src\main\java\org\apache\pdfbox\PdfDecompressor.java,main,String[],1,0,5
preflight\src\main\java\org\apache\pdfbox\preflight\ValidationResult.java,<init>,List,0,0,10
preflight\src\main\java\org\apache\pdfbox\preflight\exception\CrossRefParseException.java,<init>,String,0,0,4
pdfbox\src\main\java\org\apache\pdfbox\pdmodel\fdf\FDFDocument.java,<init>,COSDocument,0,0,11
preflight\src\main\java\org\apache\pdfbox\preflight\content\StubOperator.java,<init>,,0,0,14
preflight\src\main\java\org\apache\pdfbox\preflight\process\reflect\ExtGStateValidationProcess.java,validate,PreflightContext,0,0,2
pdfbox\src\main\java\org\apache\pdfbox\pdmodel\documentinterchange\prepress\PDBoxStyle.java,setGuidelineStyle,String,0,0,3
pdfbox\src\main\java\org\apache\pdfbox\pdmodel\interactive\annotation\PDAnnotationMarkup.java,setExternalData,PDExternalDataDictionary,0,0,2
pdfbox\src\main\java\org\apache\pdfbox\pdmodel\font\PDFontDescriptorAFM.java,setCapHeight,float,0,0,2
pdfbox\src\main\java\org\apache\pdfbox\pdmodel\font\PDType1CFont.java,loadBytes,,0,0,2
pdfbox\src\main\java\org\apache\pdfbox\io\ccitt\PackedBitArray.java,toBitString,"byte[], int, int",31,8,48
pdfbox\src\main\java\org\apache\pdfbox\filter\LZWDictionary.java,visit,byte[],2,0,23
pdfbox\src\main\java\org\apache\pdfbox\util\TextNormalize.java,findICU4J,,53,0,19
pdfbox\src\main\java\org\apache\pdfbox\pdmodel\interactive\annotation\PDAnnotationPopup.java,<init>,,0,0,12
pdfbox\src\main\java\org\apache\pdfbox\pdmodel\font\PDFontDescriptorAFM.java,getFontFamily,,0,0,4
pdfbox\src\main\java\org\apache\pdfbox\ConvertColorspace.java,main,String[],0,0,4
pdfbox\src\main\java\org\apache\pdfbox\pdmodel\interactive\pagenavigation\PDThreadBead.java,getRectangle,,0,0,6
jempbox\src\main\java\org\apache\jempbox\xmp\XMPSchemaBasic.java,getCreatorTool,,0,0,3
pdfbox\src\main\java\org\apache\pdfbox\pdfwriter\ContentStreamWriter.java,writeObject,Object,0,0,1
pdfbox\src\main\java\org\apache\pdfbox\util\TextPositionComparator.java,<init>,,0,0,3
pdfbox\src\main\java\org\apache\pdfbox\pdmodel\encryption\StandardSecurityHandler.java,isOwnerPassword,"byte[], byte[], byte[], int, byte[], int, int, boolean",4,0,10
pdfbox\src\main\java\org\apache\pdfbox\pdmodel\interactive\annotation\PDAnnotationLine.java,getInteriorColour,,0,0,5
pdfbox\src\main\java\org\apache\pdfbox\pdfparser\NonSequentialPDFParser.java,createTmpFile,InputStream,176,0,21
examples\src\main\java\org\apache\pdfbox\examples\persistence\CopyDoc.java,doIt,"String, String",0,0,3
jempbox\src\main\java\org\apache\jempbox\xmp\XMPSchemaPhotoshop.java,getDateCreated,,0,0,4
pdfbox\src\main\java\org\apache\pdfbox\cos\COSArray.java,add,COSObjectable,0,0,117
pdfbox\src\main\java\org\apache\pdfbox\pdmodel\common\COSDictionaryMap.java,remove,Object,0,0,2
pdfbox\src\main\java\org\apache\pdfbox\pdmodel\documentinterchange\taggedpdf\PDFourColours.java,setBeforeColour,PDGamma,0,0,2
pdfbox\src\main\java\org\apache\pdfbox\pdmodel\interactive\action\PDDocumentCatalogAdditionalActions.java,setDS,PDAction,0,0,2
pdfbox\src\main\java\org\apache\pdfbox\pdmodel\fdf\FDFPageInfo.java,<init>,,0,0,1
pdfbox\src\main\java\org\apache\pdfbox\pdmodel\documentinterchange\logicalstructure\PDUserAttributeObject.java,addUserProperty,PDUserProperty,0,0,2
pdfbox\src\main\java\org\apache\pdfbox\pdmodel\encryption\StandardSecurityHandler.java,computeRevisionNumber,,0,0,3
pdfbox\src\main\java\org\apache\pdfbox\pdmodel\font\PDFontDescriptorDictionary.java,setFlags,int,0,0,23
pdfbox\src\main\java\org\apache\pdfbox\pdmodel\graphics\shading\PDShadingType4.java,getDecodeValues,,0,0,2
pdfbox\src\main\java\org\apache\pdfbox\pdmodel\interactive\documentnavigation\destination\PDPageDestination.java,getPage,,0,0,3
pdfbox\src\main\java\org\apache\pdfbox\pdmodel\common\COSStreamArray.java,getUnfilteredStream,,23,6,3638
preflight\src\main\java\org\apache\pdfbox\preflight\utils\RenderingIntents.java,<init>,,0,0,1
pdfbox\src\main\java\org\apache\pdfbox\cos\COSFloat.java,intValue,,0,0,16
xmpbox\src\main\java\org\apache\xmpbox\schema\DublinCoreSchema.java,getDescription,,0,0,14
pdfbox\src\main\java\org\apache\pdfbox\pdmodel\font\PDFontDescriptorAFM.java,setStemV,float,0,0,2
pdfbox\src\main\java\org\apache\pdfbox\pdmodel\common\filespecification\PDEmbeddedFile.java,<init>,PDDocument,0,0,13
preflight\src\main\java\org\apache\pdfbox\preflight\metadata\SynchronizedMetaDataValidation.java,analyzeModifyDateProperty,"PDDocumentInformation, XMPBasicSchema, List",0,0,7
pdfbox\src\main\java\org\apache\pdfbox\pdmodel\font\PDFontDescriptorAFM.java,setLeading,float,0,0,1
preflight\src\main\java\org\apache\pdfbox\preflight\process\reflect\AnnotationValidationProcess.java,<init>,,0,0,3
xmpbox\src\main\java\org\apache\xmpbox\xml\XmpParsingException.java,<init>,"XmpParsingException$ErrorType, String, Throwable",0,0,5
pdfbox\src\main\java\org\apache\pdfbox\util\Splitter.java,<init>,,0,0,25
jempbox\src\main\java\org\apache\jempbox\impl\DateConverter.java,zeroAppend,"StringBuffer, int",0,0,55
examples\src\main\java\org\apache\pdfbox\examples\signature\ShowSignature.java,usage,,0,0,2
pdfbox\src\main\java\org\apache\pdfbox\pdmodel\font\PDFontDescriptorDictionary.java,setItalicAngle,float,0,0,10
pdfbox\src\main\java\org\apache\pdfbox\pdmodel\interactive\form\PDAcroForm.java,exportFDF,,2,0,2
pdfbox\src\main\java\org\apache\pdfbox\pdmodel\interactive\documentnavigation\destination\PDNamedDestination.java,<init>,,0,0,3
fontbox\src\main\java\org\apache\fontbox\ttf\TTFDataStream.java,readInternationalDate,,0,0,4
pdfbox\src\main\java\org\apache\pdfbox\pdmodel\common\COSStreamArray.java,getFilteredStream,,0,0,5
jempbox\src\main\java\org\apache\jempbox\xmp\XMPSchemaMediaManagement.java,getManager,,0,0,3
pdfbox\src\main\java\org\apache\pdfbox\pdmodel\interactive\annotation\PDAppearanceDictionary.java,setRolloverAppearance,Map,0,0,2
jempbox\src\main\java\org\apache\jempbox\xmp\XMPMetadata.java,getSchemasByNamespaceURI,String,0,0,1
pdfbox\src\main\java\org\apache\pdfbox\pdmodel\PDDocument.java,load,File,0,0,1
pdfbox\src\main\java\org\apache\pdfbox\pdmodel\documentinterchange\taggedpdf\PDPrintFieldAttributeObject.java,getAlternateName,,0,0,5
pdfbox\src\main\java\org\apache\pdfbox\filter\TIFFFaxDecoder.java,getNextChangingElement,"int, boolean, int[]",0,0,10
pdfbox\src\main\java\org\apache\pdfbox\io\ASCII85OutputStream.java,setTerminator,char,0,0,5
pdfbox\src\main\java\org\apache\pdfbox\pdmodel\font\PDFontDescriptor.java,setNonSymbolic,boolean,0,0,5
pdfbox\src\main\java\org\apache\pdfbox\pdmodel\common\PDPageLabels.java,getLabelsByPageIndices,,10,0,3
jempbox\src\main\java\org\apache\jempbox\xmp\XMPSchemaPhotoshop.java,getHeadline,,0,0,4
pdfbox\src\main\java\org\apache\pdfbox\pdfparser\PDFStreamParser.java,readOperator,,0,0,30
xmpbox\src\main\java\org\apache\xmpbox\schema\XMPRightsManagementSchema.java,getUsageTermsLanguages,,0,0,3
pdfbox\src\main\java\org\apache\pdfbox\pdmodel\common\function\type4\InstructionSequence.java,addReal,float,0,0,2
xmpbox\src\main\java\org\apache\xmpbox\type\PDFASchemaType.java,<init>,XMPMetadata,0,0,14
pdfbox\src\main\java\org\apache\pdfbox\io\ByteArrayPushBackInputStream.java,read,byte[],0,0,4
pdfbox\src\main\java\org\apache\pdfbox\cos\COSStream.java,clone,RandomAccess,13,0,1234
pdfbox\src\main\java\org\apache\pdfbox\pdmodel\fdf\FDFAnnotation.java,isToggleNoView,,0,0,2
pdfbox\src\main\java\org\apache\pdfbox\pdmodel\fdf\FDFDocument.java,saveXFDF,String,0,0,1
pdfbox\src\main\java\org\apache\pdfbox\pdmodel\interactive\pagenavigation\PDThreadBead.java,<init>,COSDictionary,0,0,17
examples\src\main\java\org\apache\pdfbox\examples\pdmodel\PrintURLs.java,main,String[],0,0,4
pdfbox\src\main\java\org\apache\pdfbox\cos\COSBase.java,<init>,,4,2,15271
pdfbox\src\main\java\org\apache\pdfbox\pdmodel\interactive\digitalsignature\PDSignature.java,getContents,byte[],0,0,4
xmpbox\src\main\java\org\apache\xmpbox\schema\XMPMediaManagementSchema.java,getDocumentIDProperty,,0,0,6
preflight\src\main\java\org\apache\pdfbox\preflight\metadata\SynchronizedMetaDataValidation.java,analyzeProducerProperty,"PDDocumentInformation, AdobePDFSchema, List",0,0,7
pdfbox\src\main\java\org\apache\pdfbox\cos\COSStream.java,getStreamTokens,,4,0,19
pdfbox\src\main\java\org\apache\pdfbox\pdmodel\common\PDObjectStream.java,<init>,COSStream,0,0,30
pdfbox\src\main\java\org\apache\pdfbox\pdmodel\interactive\annotation\PDAnnotationRubberStamp.java,setName,String,0,0,2
xmpbox\src\main\java\org\apache\xmpbox\type\AbstractStructuredType.java,createTextType,"String, String",1,0,263
jempbox\src\main\java\org\apache\jempbox\xmp\XMPSchema.java,removeBagValue,"String, String",0,0,16
pdfbox\src\main\java\org\apache\pdfbox\pdmodel\interactive\form\PDField.java,setFieldFlags,int,0,0,3
pdfbox\src\main\java\org\apache\pdfbox\pdmodel\encryption\StandardSecurityHandler.java,computeUserPassword,"byte[], byte[], int, byte[], int, int, boolean",3,0,19
pdfbox\src\main\java\org\apache\pdfbox\exceptions\WrappedIOException.java,<init>,"String, Throwable",0,0,1
pdfbox\src\main\java\org\apache\pdfbox\pdmodel\graphics\color\PDCalRGB.java,<init>,,14,0,34
pdfbox\src\main\java\org\apache\pdfbox\pdmodel\font\PDFontDescriptorAFM.java,setMaxWidth,float,0,0,2
pdfbox\src\main\java\org\apache\pdfbox\pdmodel\encryption\PDStandardEncryption.java,setCanModifyAnnotations,boolean,0,0,1
jempbox\src\main\java\org\apache\jempbox\xmp\XMPMetadata.java,addPDFSchema,,0,0,3
pdfbox\src\main\java\org\apache\pdfbox\pdmodel\PDDocument.java,getNumberOfPages,,3,0,1244
xmpbox\src\main\java\org\apache\xmpbox\type\ResourceEventType.java,setChanged,String,0,0,4
jempbox\src\main\java\org\apache\jempbox\xmp\XMPSchemaDublinCore.java,setRights,"String, String",0,0,2
pdfbox\src\main\java\org\apache\pdfbox\pdmodel\interactive\digitalsignature\PDSignature.java,setSignDate,Calendar,0,0,2
pdfbox\src\main\java\org\apache\pdfbox\pdmodel\PDDocument.java,addPage,PDPage,10,0,14
xmpbox\src\main\java\org\apache\xmpbox\type\AbstractField.java,setAttribute,Attribute,2,1,630
xmpbox\src\main\java\org\apache\xmpbox\type\ResourceEventType.java,getSoftwareAgent,,0,0,4
xmpbox\src\main\java\org\apache\xmpbox\type\ResourceEventType.java,getWhen,,0,0,5
xmpbox\src\main\java\org\apache\xmpbox\schema\DublinCoreSchema.java,getTitle,String,0,0,17
fontbox\src\main\java\org\apache\fontbox\cff\CFFParser.java,parse,byte[],2,0,1
preflight\src\main\java\org\apache\pdfbox\preflight\annotation\AnnotationValidator.java,validate,,0,0,8
pdfbox\src\main\java\org\apache\pdfbox\pdmodel\documentinterchange\logicalstructure\PDDefaultAttributeObject.java,getAttributeValue,String,0,0,12
preflight\src\main\java\org\apache\pdfbox\preflight\process\PageTreeValidationProcess.java,validatePage,"PreflightContext, PDPage",0,0,1
pdfbox\src\main\java\org\apache\pdfbox\pdmodel\fdf\FDFOptionElement.java,<init>,COSArray,0,0,14
fontbox\src\main\java\org\apache\fontbox\afm\AFMParser.java,parseKernData,FontMetric,1785,21,24
fontbox\src\main\java\org\apache\fontbox\cff\DataInput.java,readByte,,0,0,4
xmpbox\src\main\java\org\apache\xmpbox\schema\DublinCoreSchema.java,setRights,String,0,0,7
xmpbox\src\main\java\org\apache\xmpbox\type\ResourceRefType.java,setRenditionParams,String,1,0,5
pdfbox\src\main\java\org\apache\pdfbox\pdmodel\documentinterchange\taggedpdf\PDLayoutAttributeObject.java,setBorderStyles,String[],0,0,5
pdfbox\src\main\java\org\apache\pdfbox\pdmodel\graphics\shading\PDShadingType4.java,setBitsPerCoordinate,int,0,0,1
pdfbox\src\main\java\org\apache\pdfbox\pdmodel\common\PDTextStream.java,getAsStream,,0,0,7
pdfbox\src\main\java\org\apache\pdfbox\io\ByteArrayPushBackInputStream.java,unread,"byte[], int, int",0,0,9
pdfbox\src\main\java\org\apache\pdfbox\pdfparser\BaseParser.java,readString,,0,0,20
pdfbox\src\main\java\org\apache\pdfbox\pdmodel\graphics\predictor\Optimum.java,encode,"byte[], byte[]",0,0,5
xmpbox\src\main\java\org\apache\xmpbox\schema\AdobePDFSchema.java,setKeywordsProperty,TextType,0,0,2
pdfbox\src\main\java\org\apache\pdfbox\cos\COSDictionary.java,getNameAsString,"COSName, String",0,0,169
jempbox\src\main\java\org\apache\jempbox\xmp\XMPSchemaDublinCore.java,removeCreator,String,0,0,2
preflight\src\main\java\org\apache\pdfbox\preflight\font\Type1FontValidator.java,<init>,"PreflightContext, PDFont",0,0,15
examples\src\main\java\org\apache\pdfbox\examples\pdmodel\GoToSecondBookmarkOnOpen.java,usage,,0,0,2
pdfbox\src\main\java\org\apache\pdfbox\pdmodel\graphics\shading\PDShadingType4.java,getBitsPerCoordinate,,0,0,1
pdfbox\src\main\java\org\apache\pdfbox\pdfviewer\MapEntry.java,<init>,,0,0,19
xmpbox\src\main\java\org\apache\xmpbox\schema\PhotoshopSchema.java,setHeadlineProperty,TextType,0,0,5
pdfbox\src\main\java\org\apache\pdfbox\pdmodel\interactive\pagenavigation\PDThread.java,setThreadInfo,PDDocumentInformation,0,0,2
pdfbox\src\main\java\org\apache\pdfbox\pdmodel\interactive\pagenavigation\PDThreadBead.java,setPreviousBead,PDThreadBead,0,0,17
pdfbox\src\main\java\org\apache\pdfbox\pdfwriter\COSWriter.java,doWriteSignature,COSDocument,0,0,1
jempbox\src\main\java\org\apache\jempbox\xmp\XMPSchemaIptc4xmpCore.java,getCountryCode,,0,0,4
pdfbox\src\main\java\org\apache\pdfbox\util\operator\SetStrokingCMYKColor.java,<init>,,0,0,22
examples\src\main\java\org\apache\pdfbox\examples\pdmodel\CreateBookmarks.java,main,String[],0,0,4
pdfbox\src\main\java\org\apache\pdfbox\ExportFDF.java,usage,,0,0,2
pdfbox\src\main\java\org\apache\pdfbox\pdmodel\encryption\PDEncryptionDictionary.java,getFilter,,0,0,4
pdfbox\src\main\java\org\apache\pdfbox\cos\COSDocument.java,getCatalog,,0,0,7
pdfbox\src\main\java\org\apache\pdfbox\pdmodel\interactive\annotation\PDAnnotationMarkup.java,getSubject,,0,0,4
jempbox\src\main\java\org\apache\jempbox\xmp\XMPSchemaIptc4xmpCore.java,getCiAdrExtadr,,0,0,2
xmpbox\src\main\java\org\apache\xmpbox\schema\XMPSchema.java,removeUnqualifiedArrayValue,"String, AbstractField",0,0,11
pdfbox\src\main\java\org\apache\pdfbox\cos\COSDictionary.java,<init>,,4,4,5345
preflight\src\main\java\org\apache\pdfbox\preflight\PreflightConfiguration.java,getProcessNames,,0,0,3
examples\src\main\java\org\apache\pdfbox\examples\fdf\PrintFields.java,main,String[],16,0,4
pdfbox\src\main\java\org\apache\pdfbox\pdmodel\font\PDFontDescriptorAFM.java,setStemH,float,0,0,2
xmpbox\src\main\java\org\apache\xmpbox\schema\XMPBasicSchema.java,getCreatorToolProperty,,0,0,1
pdfbox\src\main\java\org\apache\pdfbox\io\RandomAccessFileInputStream.java,skip,long,0,0,6
pdfbox\src\main\java\org\apache\pdfbox\util\PDFMergerUtility.java,addSource,String,0,0,3
pdfbox\src\main\java\org\apache\pdfbox\pdfwriter\COSWriterXRefEntry.java,<init>,"long, COSBase, COSObjectKey",0,0,53
jempbox\src\main\java\org\apache\jempbox\xmp\XMPSchemaBasic.java,getLabel,,0,0,2
pdfbox\src\main\java\org\apache\pdfbox\pdmodel\encryption\SecurityHandler.java,decryptString,"COSString, long, long",1305,0,3
jempbox\src\main\java\org\apache\jempbox\xmp\XMPMetadata.java,getDublinCoreSchema,,0,0,3
pdfbox\src\main\java\org\apache\pdfbox\pdmodel\documentinterchange\taggedpdf\PDLayoutAttributeObject.java,setLineHeightNormal,,0,0,4
xmpbox\src\main\java\org\apache\xmpbox\schema\AdobePDFSchema.java,getPDFVersion,,0,0,4
pdfbox\src\main\java\org\apache\pdfbox\cos\COSDictionary.java,entrySet,,0,0,111
jempbox\src\main\java\org\apache\jempbox\xmp\XMPSchemaDublinCore.java,setTitle,"String, String",0,0,2
pdfbox\src\main\java\org\apache\pdfbox\pdmodel\graphics\shading\PDShadingType4.java,<init>,COSDictionary,0,0,47
xmpbox\src\main\java\org\apache\xmpbox\schema\DublinCoreSchema.java,getDescriptionLanguages,,0,0,20
pdfbox\src\main\java\org\apache\pdfbox\pdmodel\interactive\form\PDSignatureField.java,setSeedValue,PDSeedValue,0,0,1
pdfbox\src\main\java\org\apache\pdfbox\cos\COSDictionary.java,accept,ICOSVisitor,36,0,38
pdfbox\src\main\java\org\apache\pdfbox\pdmodel\graphics\color\ColorSpaceLab.java,<init>,,0,0,29
preflight\src\main\java\org\apache\pdfbox\preflight\utils\COSUtils.java,isStream,"COSBase, COSDocument",0,0,5
pdfbox\src\main\java\org\apache\pdfbox\pdmodel\fdf\FDFField.java,setWidgetFieldFlags,int,0,0,5
pdfbox\src\main\java\org\apache\pdfbox\pdmodel\font\PDCIDFontType2Font.java,getawtFont,,6,0,3
preflight\src\main\java\org\apache\pdfbox\preflight\process\reflect\ResourcesValidationProcess.java,validateFonts,"PreflightContext, PDResources",1,0,2
xmpbox\src\main\java\org\apache\xmpbox\type\AbstractStructuredType.java,<init>,XMPMetadata,4,0,318
jempbox\src\main\java\org\apache\jempbox\xmp\XMPSchema.java,addSequenceValue,"String, String",0,0,5
pdfbox\src\main\java\org\apache\pdfbox\pdmodel\edit\PDPageContentStream.java,drawLine,"float, float, float, float",0,0,4
fontbox\src\main\java\org\apache\fontbox\cff\DataInput.java,readUnsignedShort,,0,0,1
jempbox\src\main\java\org\apache\jempbox\xmp\XMPSchemaPhotoshop.java,getCredit,,0,0,4
pdfbox\src\main\java\org\apache\pdfbox\util\operator\MoveTextSetLeading.java,process,"PDFOperator, List",2,0,5
pdfbox\src\main\java\org\apache\pdfbox\pdmodel\interactive\annotation\PDAnnotationLink.java,setHighlightMode,String,0,0,2
xmpbox\src\main\java\org\apache\xmpbox\type\PartType.java,<init>,"XMPMetadata, String, String, String, Object",0,0,14
jempbox\src\main\java\org\apache\jempbox\xmp\XMPMetadata.java,<init>,,738,4,277
xmpbox\src\main\java\org\apache\xmpbox\schema\DublinCoreSchema.java,removeDate,Calendar,0,0,1
pdfbox\src\main\java\org\apache\pdfbox\pdmodel\graphics\color\PDICCBased.java,setMetadata,COSStream,0,0,1
pdfbox\src\main\java\org\apache\pdfbox\pdmodel\fdf\FDFAnnotation.java,isNoZoom,,0,0,3
pdfbox\src\main\java\org\apache\pdfbox\pdmodel\graphics\PDExtendedGraphicsState.java,getFlatnessTolerance,,0,0,23
pdfbox\src\main\java\org\apache\pdfbox\pdmodel\interactive\measurement\PDMeasureDictionary.java,setSubtype,String,0,0,33
xmpbox\src\main\java\org\apache\xmpbox\type\PDFATypeType.java,getPrefixValue,,0,0,3
pdfbox\src\main\java\org\apache\pdfbox\pdmodel\interactive\action\type\PDWindowsLaunchParams.java,<init>,COSDictionary,0,0,12
pdfbox\src\main\java\org\apache\pdfbox\pdmodel\interactive\digitalsignature\PDPropBuildDataDict.java,getDate,,0,0,3
pdfbox\src\main\java\org\apache\pdfbox\pdmodel\interactive\annotation\PDAnnotationLine.java,setInteriorColour,PDGamma,0,0,1
pdfbox\src\main\java\org\apache\pdfbox\pdmodel\interactive\form\PDAcroForm.java,getXFA,,0,0,3
pdfbox\src\main\java\org\apache\pdfbox\pdmodel\encryption\PDStandardEncryption.java,getPermissions,,0,0,50
pdfbox\src\main\java\org\apache\pdfbox\pdmodel\interactive\digitalsignature\PDSignature.java,getFilter,,0,0,4
pdfbox\src\main\java\org\apache\pdfbox\pdmodel\interactive\annotation\PDAnnotationFileAttachment.java,<init>,COSDictionary,0,0,11
pdfbox\src\main\java\org\apache\pdfbox\pdmodel\fdf\FDFCatalog.java,<init>,,0,0,32
fontbox\src\main\java\org\apache\fontbox\ttf\GlyfSimpleDescript.java,readFlags,"int, TTFDataStream",4,1,390
pdfbox\src\main\java\org\apache\pdfbox\pdmodel\font\PDType1CFont.java,load,,0,0,2
pdfbox\src\main\java\org\apache\pdfbox\pdmodel\interactive\digitalsignature\PDSeedValue.java,getReasons,,0,0,4
xmpbox\src\main\java\org\apache\xmpbox\schema\XMPMediaManagementSchema.java,getManagedFromProperty,,0,0,3
pdfbox\src\main\java\org\apache\pdfbox\pdfparser\XrefTrailerResolver.java,getXrefTable,,0,0,10
pdfbox\src\main\java\org\apache\pdfbox\pdmodel\graphics\predictor\PredictorAlgorithm.java,leftPixel,"byte[], int, int, int",0,0,2401
preflight\src\main\java\org\apache\pdfbox\preflight\font\Type0FontValidator.java,processDescendantFont,,0,0,3
preflight\src\main\java\org\apache\pdfbox\preflight\PreflightPath.java,size,,0,0,2
pdfbox\src\main\java\org\apache\pdfbox\pdmodel\PDDocumentInformation.java,getKeywords,,0,0,13
pdfbox\src\main\java\org\apache\pdfbox\pdfwriter\COSWriter.java,write,PDDocument,109,0,15
pdfbox\src\main\java\org\apache\pdfbox\pdmodel\documentinterchange\logicalstructure\PDStructureElement.java,appendKid,PDObjectReference,0,0,3
pdfbox\src\main\java\org\apache\pdfbox\pdmodel\documentinterchange\logicalstructure\PDStructureTreeRoot.java,setK,COSBase,0,0,4
fontbox\src\main\java\org\apache\fontbox\ttf\TTFParser.java,<init>,boolean,0,0,1
jempbox\src\main\java\org\apache\jempbox\xmp\XMPMetadata.java,load,String,2,0,1
pdfbox\src\main\java\org\apache\pdfbox\exceptions\SignatureException.java,<init>,"int, Throwable",0,0,1
pdfbox\src\main\java\org\apache\pdfbox\pdmodel\interactive\documentnavigation\outline\PDOutlineItem.java,getTitle,,0,0,4
pdfbox\src\main\java\org\apache\pdfbox\pdmodel\PDDocument.java,print,"PrinterJob, boolean",82,0,3
jempbox\src\main\java\org\apache\jempbox\xmp\Thumbnail.java,setImage,String,0,0,3
preflight\src\main\java\org\apache\pdfbox\preflight\process\reflect\ExtGStateValidationProcess.java,extractExtGStateDictionaries,"PreflightContext, COSDictionary",0,0,3
preflight\src\main\java\org\apache\pdfbox\preflight\font\descriptor\CIDType2DescriptorHelper.java,processFontFile,"PDFontDescriptorDictionary, PDStream",20,0,3
pdfbox\src\main\java\org\apache\pdfbox\pdmodel\graphics\color\ColorSpaceCalRGB.java,toRGB,float[],0,0,4
xmpbox\src\main\java\org\apache\xmpbox\schema\XMPMediaManagementSchema.java,setManageUIProperty,URIType,0,0,7
examples\src\main\java\org\apache\pdfbox\examples\pdmodel\ReplaceURLs.java,usage,,0,0,2
pdfbox\src\main\java\org\apache\pdfbox\cos\COSInteger.java,writePDF,OutputStream,0,0,32
pdfbox\src\main\java\org\apache\pdfbox\pdmodel\interactive\annotation\PDAppearanceCharacteristicsDictionary.java,getBorderColour,,0,0,3
pdfbox\src\main\java\org\apache\pdfbox\util\ImageParameters.java,setWidth,int,0,0,10
jempbox\src\main\java\org\apache\jempbox\xmp\XMPSchemaMediaManagement.java,setVersionID,String,0,0,3
pdfbox\src\main\java\org\apache\pdfbox\util\operator\GRestore.java,<init>,,0,0,30
xmpbox\src\main\java\org\apache\xmpbox\schema\XMPRightsManagementSchema.java,addOwner,String,0,0,3
pdfbox\src\main\java\org\apache\pdfbox\util\ImageParameters.java,setFilters,List,0,0,6
preflight\src\main\java\org\apache\pdfbox\preflight\font\container\Type1Container.java,getFontProgramWidth,int,0,0,6
xmpbox\src\main\java\org\apache\xmpbox\type\MIMEType.java,<init>,"XMPMetadata, String, String, String, Object",0,0,13
pdfbox\src\main\java\org\apache\pdfbox\pdmodel\graphics\color\PDDeviceCMYK.java,createColorSpace,,0,0,1
pdfbox\src\main\java\org\apache\pdfbox\pdmodel\graphics\PDExtendedGraphicsState.java,setLineWidth,Float,0,0,8
xmpbox\src\main\java\org\apache\xmpbox\type\TypeMapping.java,createAgentName,"String, String, String, String",0,0,5
xmpbox\src\main\java\org\apache\xmpbox\schema\DublinCoreSchema.java,setFormatProperty,MIMEType,0,0,2
pdfbox\src\main\java\org\apache\pdfbox\util\Splitter.java,processNextPage,PDPage,0,0,2
lucene\src\main\java\org\apache\pdfbox\lucene\LucenePDFDocument.java,<init>,,1,0,13
pdfbox\src\main\java\org\apache\pdfbox\pdmodel\PDResources.java,setGraphicsStates,Map,0,0,7
pdfbox\src\main\java\org\apache\pdfbox\util\BitFlagHelper.java,setFlag,"COSDictionary, String, int, boolean",0,0,2
pdfbox\src\main\java\org\apache\pdfbox\pdmodel\documentinterchange\logicalstructure\PDStructureNode.java,create,COSDictionary,0,0,7
pdfbox\src\main\java\org\apache\pdfbox\pdmodel\font\PDFontDescriptorAFM.java,setCharacterSet,String,0,0,2
pdfbox\src\main\java\org\apache\pdfbox\util\operator\ShowTextGlyph.java,process,"PDFOperator, List",0,0,4
preflight\src\main\java\org\apache\pdfbox\preflight\process\CatalogValidationProcess.java,validateOutputIntent,PreflightContext,0,0,1
pdfbox\src\main\java\org\apache\pdfbox\pdmodel\edit\PDPageContentStream.java,getISOBytes,String,0,0,90
pdfbox\src\main\java\org\apache\pdfbox\util\LayerUtility.java,importPageAsForm,"PDDocument, int",0,0,3
pdfbox\src\main\java\org\apache\pdfbox\cos\COSDocument.java,<init>,"File, boolean",217,0,209
pdfbox\src\main\java\org\apache\pdfbox\pdfwriter\COSWriter.java,addXRefEntry,COSWriterXRefEntry,0,0,48
xmpbox\src\main\java\org\apache\xmpbox\schema\XMPSchema.java,setSpecifiedSimpleTypeProperty,"Types, String, Object",3,0,46
fontbox\src\main\java\org\apache\fontbox\ttf\TrueTypeFont.java,getTables,,0,0,2
pdfbox\src\main\java\org\apache\pdfbox\encryption\DocumentEncryption.java,decryptDocument,String,1,0,2
pdfbox\src\main\java\org\apache\pdfbox\pdmodel\PDPage.java,getMetadata,,0,0,23
xmpbox\src\main\java\org\apache\xmpbox\type\LayerType.java,<init>,XMPMetadata,0,0,25
pdfbox\src\main\java\org\apache\pdfbox\pdmodel\graphics\optionalcontent\PDOptionalContentProperties.java,hasGroup,String,0,0,1
pdfbox\src\main\java\org\apache\pdfbox\pdmodel\PDDocument.java,save,File,109,0,14
preflight\src\main\java\org\apache\pdfbox\preflight\font\util\Type1Parser.java,readStringLiteral,PeekInputStream,0,0,1
jempbox\src\main\java\org\apache\jempbox\xmp\XMPSchemaDublinCore.java,removePublisher,String,0,0,1
pdfbox\src\main\java\org\apache\pdfbox\pdmodel\graphics\color\PDColorState.java,createColor,,63,0,10
preflight\src\main\java\org\apache\pdfbox\preflight\exception\TrailerParseException.java,<init>,String,0,0,3
pdfbox\src\main\java\org\apache\pdfbox\cos\COSStream.java,close,,0,0,9
pdfbox\src\main\java\org\apache\pdfbox\pdmodel\interactive\measurement\PDViewportDictionary.java,getMeasure,,0,0,3
pdfbox\src\main\java\org\apache\pdfbox\filter\DCTFilter.java,decode,"InputStream, OutputStream, COSDictionary, int",2,0,1
jempbox\src\main\java\org\apache\jempbox\xmp\XMPSchemaPhotoshop.java,getAuthorsPosition,,0,0,2
pdfbox\src\main\java\org\apache\pdfbox\pdmodel\graphics\shading\PDShadingResources.java,getType,,0,0,1
examples\src\main\java\org\apache\pdfbox\examples\pdmodel\CreateLandscapePDF.java,<init>,,0,0,5
pdfbox\src\main\java\org\apache\pdfbox\pdmodel\interactive\annotation\PDAnnotationLink.java,getBorderStyle,,0,0,2
pdfbox\src\main\java\org\apache\pdfbox\pdmodel\interactive\action\PDPageAdditionalActions.java,getO,,0,0,4
pdfbox\src\main\java\org\apache\pdfbox\pdmodel\common\function\type4\ExecutionContext.java,popInt,,0,0,3
pdfbox\src\main\java\org\apache\pdfbox\pdmodel\interactive\pagenavigation\PDThreadBead.java,setThread,PDThread,0,0,4
pdfbox\src\main\java\org\apache\pdfbox\pdmodel\PDDocumentCatalog.java,getLanguage,,0,0,2
pdfbox\src\main\java\org\apache\pdfbox\pdmodel\graphics\PDExtendedGraphicsState.java,getLineJoinStyle,,0,0,21
pdfbox\src\main\java\org\apache\pdfbox\pdfwriter\COSStandardOutputStream.java,setPos,long,0,0,4
pdfbox\src\main\java\org\apache\pdfbox\pdmodel\graphics\color\PDTristimulus.java,getY,,0,0,17
pdfbox\src\main\java\org\apache\pdfbox\pdmodel\interactive\form\PDTextbox.java,getMaxLen,,0,0,3
xmpbox\src\main\java\org\apache\xmpbox\schema\XMPMediaManagementSchema.java,getManagerVariant,,0,0,4
preflight\src\main\java\org\apache\pdfbox\preflight\process\BookmarkValidationProcess.java,validateItem,"PreflightContext, PDOutlineItem",0,0,18
preflight\src\main\java\org\apache\pdfbox\preflight\font\container\TrueTypeContainer.java,setTrueTypeFont,TrueTypeFont,0,0,1
xmpbox\src\main\java\org\apache\xmpbox\type\PropertiesDescription.java,<init>,,5,2,22768
fontbox\src\main\java\org\apache\fontbox\cff\CFFParser.java,readHeader,CFFDataInput,1,0,1
pdfbox\src\main\java\org\apache\pdfbox\pdmodel\common\PDStream.java,setFile,PDFileSpecification,0,0,2
pdfbox\src\main\java\org\apache\pdfbox\pdmodel\interactive\annotation\PDAnnotationMarkup.java,getCreationDate,,0,0,3
pdfbox\src\main\java\org\apache\pdfbox\pdmodel\font\PDFont.java,isType0Font,,0,0,9
xmpbox\src\main\java\org\apache\xmpbox\schema\XMPMediaManagementSchema.java,<init>,"XMPMetadata, String",0,0,53
xmpbox\src\main\java\org\apache\xmpbox\schema\XMPMediaManagementSchema.java,setDocumentIDProperty,URIType,0,0,6
examples\src\main\java\org\apache\pdfbox\examples\pdmodel\UsingTextMatrix.java,<init>,,0,0,5
preflight\src\main\java\org\apache\pdfbox\preflight\action\ThreadAction.java,<init>,"ActionManagerFactory, COSDictionary, PreflightContext, String",0,0,4
pdfbox\src\main\java\org\apache\pdfbox\cos\COSDictionary.java,keySet,,0,0,66
pdfbox\src\main\java\org\apache\pdfbox\pdmodel\documentinterchange\taggedpdf\PDLayoutAttributeObject.java,setInlineAlign,String,0,0,7
pdfbox\src\main\java\org\apache\pdfbox\pdmodel\graphics\xobject\PDJpeg.java,createImageStream,"PDDocument, BufferedImage, float",0,0,2
pdfbox\src\main\java\org\apache\pdfbox\pdmodel\interactive\annotation\PDAnnotationLine.java,getBorderStyle,,0,0,2
pdfbox\src\main\java\org\apache\pdfbox\pdmodel\documentinterchange\taggedpdf\PDLayoutAttributeObject.java,getRubyAlign,,0,0,9
pdfbox\src\main\java\org\apache\pdfbox\pdmodel\graphics\PDExtendedGraphicsState.java,setNonStrokingOverprintControl,boolean,0,0,6
pdfbox\src\main\java\org\apache\pdfbox\pdmodel\graphics\color\PDGamma.java,setR,float,0,0,7
pdfbox\src\main\java\org\apache\pdfbox\filter\IdentityFilter.java,<init>,,0,0,8
pdfbox\src\main\java\org\apache\pdfbox\pdmodel\interactive\action\type\PDActionURI.java,getURI,,0,0,4
pdfbox\src\main\java\org\apache\pdfbox\pdmodel\encryption\PDStandardEncryption.java,setPermissionBit,"int, boolean",0,0,14
xmpbox\src\main\java\org\apache\xmpbox\schema\XMPMediaManagementSchema.java,addIngredients,String,0,0,3
pdfbox\src\main\java\org\apache\pdfbox\pdmodel\graphics\PDExtendedGraphicsState.java,setAutomaticStrokeAdjustment,boolean,0,0,17
pdfbox\src\main\java\org\apache\pdfbox\pdmodel\fdf\FDFAnnotationFreeText.java,<init>,COSDictionary,0,0,4
pdfbox\src\main\java\org\apache\pdfbox\pdmodel\interactive\annotation\PDAnnotation.java,getAnnotationFlags,,0,0,8
pdfbox\src\main\java\org\apache\pdfbox\pdmodel\fdf\FDFOptionElement.java,setDefaultAppearanceString,String,0,0,3
pdfbox\src\main\java\org\apache\pdfbox\Overlay.java,main,String[],0,0,3
pdfbox\src\main\java\org\apache\pdfbox\pdfparser\PDFStreamParser.java,parseNextToken,,2,0,87
xmpbox\src\main\java\org\apache\xmpbox\type\ResourceRefType.java,getPartMapping,,0,0,3
pdfbox\src\main\java\org\apache\pdfbox\cos\COSDictionary.java,getDate,String,0,0,15
pdfbox\src\main\java\org\apache\pdfbox\pdmodel\common\filespecification\PDEmbeddedFile.java,getSize,,0,0,3
pdfbox\src\main\java\org\apache\pdfbox\util\Matrix.java,copy,,0,0,10
pdfbox\src\main\java\org\apache\pdfbox\pdmodel\interactive\measurement\PDNumberFormatDictionary.java,setThousandsSeparator,String,0,0,2
pdfbox\src\main\java\org\apache\pdfbox\pdmodel\graphics\xobject\PDXObjectImage.java,applyMasks,BufferedImage,3,0,19
pdfbox\src\main\java\org\apache\pdfbox\pdfparser\BaseParser.java,isClosing,,0,0,2
xmpbox\src\main\java\org\apache\xmpbox\schema\AdobePDFSchema.java,getProducer,,0,0,4
pdfbox\src\main\java\org\apache\pdfbox\encryption\DocumentEncryption.java,decrypt,"Object, long, long",0,0,5
preflight\src\main\java\org\apache\pdfbox\preflight\process\AcroFormValidationProcess.java,valideField,"PreflightContext, PDField",0,0,3
pdfbox\src\main\java\org\apache\pdfbox\pdmodel\common\PDRectangle.java,<init>,BoundingBox,2,0,31
xmpbox\src\main\java\org\apache\xmpbox\schema\XMPSchema.java,setBooleanPropertyValueAsSimple,"String, Boolean",0,0,7
pdfbox\src\main\java\org\apache\pdfbox\io\ccitt\PackedBitArray.java,<init>,int,0,0,56
pdfbox\src\main\java\org\apache\pdfbox\pdfparser\PDFStreamParser.java,close,,0,0,5
pdfbox\src\main\java\org\apache\pdfbox\pdmodel\interactive\measurement\PDRectlinearMeasureDictionary.java,setChangeXs,PDNumberFormatDictionary[],0,0,3
pdfbox\src\main\java\org\apache\pdfbox\pdmodel\documentinterchange\taggedpdf\PDLayoutAttributeObject.java,setSpaceBefore,int,0,0,5
preflight\src\main\java\org\apache\pdfbox\preflight\font\CIDType0FontValidator.java,checkCIDToGIDMap,COSBase,0,0,1
pdfbox\src\main\java\org\apache\pdfbox\pdmodel\documentinterchange\taggedpdf\PDArtifactMarkedContent.java,isTopAttached,,0,0,2
pdfbox\src\main\java\org\apache\pdfbox\util\Matrix.java,getValues,,0,0,1
pdfbox\src\main\java\org\apache\pdfbox\pdmodel\font\PDMMType1Font.java,<init>,COSDictionary,0,0,5
pdfbox\src\main\java\org\apache\pdfbox\pdfviewer\ReaderBottomPanel.java,initialize,,2,0,3
pdfbox\src\main\java\org\apache\pdfbox\pdmodel\PDDocumentInformation.java,setModificationDate,Calendar,3,0,4
pdfbox\src\main\java\org\apache\pdfbox\pdmodel\interactive\form\PDTextbox.java,<init>,"PDAcroForm, COSDictionary",0,0,4
xmpbox\src\main\java\org\apache\xmpbox\schema\DublinCoreSchema.java,addTitle,"String, String",0,0,9
preflight\src\main\java\org\apache\pdfbox\preflight\font\descriptor\FontDescriptorHelper.java,getMetaDataStreamAsBytes,PDMetadata,0,0,3
pdfbox\src\main\java\org\apache\pdfbox\util\DateConverter.java,parseTimeField,"String, ParsePosition, int, int",0,0,129
xmpbox\src\main\java\org\apache\xmpbox\XMPMetadata.java,<init>,,1164,0,644
jempbox\src\main\java\org\apache\jempbox\xmp\XMPSchemaBasic.java,getAdvisories,,0,0,2
preflight\src\main\java\org\apache\pdfbox\preflight\font\descriptor\FontDescriptorHelper.java,hasOnlyOneFontFile,PDFontDescriptorDictionary,0,0,2
pdfbox\src\main\java\org\apache\pdfbox\pdmodel\graphics\PDGraphicsState.java,getNonStrokeJavaComposite,,0,0,2
pdfbox\src\main\java\org\apache\pdfbox\pdmodel\documentinterchange\logicalstructure\PDUserProperty.java,isEntryChanged,"Object, Object",0,0,12
pdfbox\src\main\java\org\apache\pdfbox\pdmodel\interactive\digitalsignature\visible\PDVisibleSigProperties.java,<init>,,0,0,58
pdfbox\src\main\java\org\apache\pdfbox\filter\ASCIIHexFilter.java,<init>,,0,0,133
pdfbox\src\main\java\org\apache\pdfbox\pdmodel\interactive\form\PDPushButton.java,<init>,"PDAcroForm, COSDictionary",0,0,10
jempbox\src\main\java\org\apache\jempbox\xmp\XMPSchemaMediaManagement.java,createManagedFrom,,0,0,2
preflight\src\main\java\org\apache\pdfbox\preflight\content\ContentStreamException.java,<init>,"String, Throwable",0,0,1
pdfbox\src\main\java\org\apache\pdfbox\pdmodel\fdf\FDFAnnotationSquiggly.java,<init>,COSDictionary,0,0,1
preflight\src\main\java\org\apache\pdfbox\preflight\exception\HeaderParseException.java,getErrorCode,,0,0,2
fontbox\src\main\java\org\apache\fontbox\ttf\OS2WindowsMetricsTable.java,<init>,,0,0,2
pdfbox\src\main\java\org\apache\pdfbox\util\operator\SetStrokingCMYKColor.java,process,"PDFOperator, List",0,0,1
pdfbox\src\main\java\org\apache\pdfbox\io\RandomAccessFileInputStream.java,read,"byte[], int, int",0,0,81
pdfbox\src\main\java\org\apache\pdfbox\pdmodel\edit\PDPageContentStream.java,<init>,"PDDocument, PDPage",20,0,7
pdfbox\src\main\java\org\apache\pdfbox\pdmodel\graphics\color\PDTristimulus.java,<init>,COSArray,0,0,78
pdfbox\src\main\java\org\apache\pdfbox\pdmodel\fdf\FDFAnnotationFileAttachment.java,<init>,Element,0,0,2
pdfbox\src\main\java\org\apache\pdfbox\pdmodel\PDDocumentCatalog.java,getAllPages,,0,0,17
pdfbox\src\main\java\org\apache\pdfbox\pdmodel\graphics\xobject\PDXObjectImage.java,getImageMask,,3,0,38
preflight\src\main\java\org\apache\pdfbox\preflight\font\Type0FontValidator.java,checkCMapEncoding,COSBase,3,0,4
pdfbox\src\main\java\org\apache\pdfbox\pdmodel\encryption\AccessPermission.java,canFillInForm,,0,0,25
pdfbox\src\main\java\org\apache\pdfbox\pdmodel\encryption\PublicKeyDecryptionMaterial.java,getPrivateKey,,0,0,1
pdfbox\src\main\java\org\apache\pdfbox\pdmodel\graphics\pattern\PDShadingPatternResources.java,setShading,PDShadingResources,0,0,10
pdfbox\src\main\java\org\apache\pdfbox\pdmodel\interactive\documentnavigation\outline\PDOutlineItem.java,getTextColor,,150,0,4
xmpbox\src\main\java\org\apache\xmpbox\type\PDFAPropertyType.java,getCategory,,0,0,4
pdfbox\src\main\java\org\apache\pdfbox\util\ImageParameters.java,<init>,,0,0,35
pdfbox\src\main\java\org\apache\pdfbox\util\Matrix.java,setFromAffineTransform,AffineTransform,0,0,3
pdfbox\src\main\java\org\apache\pdfbox\util\operator\SetCharSpacing.java,<init>,,0,0,31
pdfbox\src\main\java\org\apache\pdfbox\pdmodel\font\PDTrueTypeFont.java,<init>,,0,0,11
pdfbox\src\main\java\org\apache\pdfbox\util\DateConverter.java,parseTZoffset,"String, GregorianCalendar, ParsePosition",0,0,15
pdfbox\src\main\java\org\apache\pdfbox\pdmodel\encryption\PublicKeyProtectionPolicy.java,<init>,,0,0,19
pdfbox\src\main\java\org\apache\pdfbox\pdmodel\encryption\PDEncryptionDictionary.java,setRevision,int,0,0,6
pdfbox\src\main\java\org\apache\pdfbox\pdmodel\interactive\annotation\PDAnnotationPopup.java,getParent,,0,0,4
pdfbox\src\main\java\org\apache\pdfbox\filter\LZWNode.java,setNode,"byte, LZWNode",0,0,163
pdfbox\src\main\java\org\apache\pdfbox\pdmodel\encryption\PDEncryptionDictionary.java,<init>,COSDictionary,0,0,42
preflight\src\main\java\org\apache\pdfbox\preflight\xobject\XObjImageValidator.java,validate,,0,0,1
pdfbox\src\main\java\org\apache\pdfbox\pdmodel\interactive\annotation\PDExternalDataDictionary.java,<init>,COSDictionary,0,0,8
jempbox\src\main\java\org\apache\jempbox\xmp\XMPSchemaMediaManagement.java,removeHistory,ResourceEvent,0,0,1
pdfbox\src\main\java\org\apache\pdfbox\util\TextPosition.java,getXScale,,0,0,1
pdfbox\src\main\java\org\apache\pdfbox\pdmodel\documentinterchange\taggedpdf\PDExportFormatAttributeObject.java,<init>,COSDictionary,0,0,19
preflight\src\main\java\org\apache\pdfbox\preflight\process\reflect\SinglePageValidationProcess.java,validateGraphicObjects,"PreflightContext, PDPage",0,0,1
pdfbox\src\main\java\org\apache\pdfbox\pdmodel\font\PDType3Font.java,<init>,COSDictionary,0,0,6
pdfbox\src\main\java\org\apache\pdfbox\util\operator\SetLineDashPattern.java,<init>,,0,0,29
pdfbox\src\main\java\org\apache\pdfbox\pdmodel\interactive\documentnavigation\outline\PDOutlineNode.java,<init>,,1,1,64
fontbox\src\main\java\org\apache\fontbox\ttf\TTFParser.java,parseTables,"TrueTypeFont, TTFDataStream",57,0,2
pdfbox\src\main\java\org\apache\pdfbox\pdmodel\PDPageNode.java,getCount,,1,0,1250
pdfbox\src\main\java\org\apache\pdfbox\pdmodel\graphics\color\PDSeparation.java,getColorantName,,0,0,3
xmpbox\src\main\java\org\apache\xmpbox\type\TypeMapping.java,getDefinedDescriptionByNamespace,String,0,0,3
preflight\src\main\java\org\apache\pdfbox\preflight\action\UriAction.java,innerValid,,0,0,1
preflight\src\main\java\org\apache\pdfbox\preflight\graphic\StandardColorSpaceHelper.java,processGrayColorSpace,PDColorSpace,0,0,3
lucene\src\main\java\org\apache\pdfbox\lucene\LucenePDFDocument.java,getDocument,File,39,0,4
preflight\src\main\java\org\apache\pdfbox\preflight\annotation\LineAnnotationValidator.java,validate,,0,0,2
pdfbox\src\main\java\org\apache\pdfbox\pdmodel\interactive\digitalsignature\PDSeedValue.java,isReasonRequired,,0,0,2
pdfbox\src\main\java\org\apache\pdfbox\cos\COSDictionary.java,setName,"String, String",3,0,440
pdfbox\src\main\java\org\apache\pdfbox\pdmodel\fdf\FDFField.java,setAppearanceStreamReference,FDFNamedPageReference,0,0,2
pdfbox\src\main\java\org\apache\pdfbox\pdmodel\encryption\PDStandardEncryption.java,<init>,,1,0,35
pdfbox\src\main\java\org\apache\pdfbox\cos\COSDictionary.java,getLong,"COSName, long",0,0,63
pdfbox\src\main\java\org\apache\pdfbox\encoding\Encoding.java,getName,int,0,0,13
preflight\src\main\java\org\apache\pdfbox\preflight\PreflightPath.java,isExpectedType,Class,0,0,14
pdfbox\src\main\java\org\apache\pdfbox\util\PDFMergerUtility.java,addSources,List,0,0,2
pdfbox\src\main\java\org\apache\pdfbox\util\ImageParameters.java,setHeight,int,0,0,7
pdfbox\src\main\java\org\apache\pdfbox\pdmodel\interactive\digitalsignature\PDSeedValue.java,isLegalAttestationRequired,,0,0,3
pdfbox\src\main\java\org\apache\pdfbox\pdmodel\font\PDType1CFont.java,<init>,COSDictionary,0,0,10
pdfbox\src\main\java\org\apache\pdfbox\pdmodel\documentinterchange\taggedpdf\PDTableAttributeObject.java,setColSpan,int,0,0,4
pdfbox\src\main\java\org\apache\pdfbox\pdmodel\interactive\documentnavigation\outline\PDOutlineNode.java,openNode,,0,0,4
pdfbox\src\main\java\org\apache\pdfbox\pdmodel\interactive\annotation\PDAnnotationLine.java,setCaptionHorizontalOffset,float,0,0,7
preflight\src\main\java\org\apache\pdfbox\preflight\annotation\LinkAnnotationValidator.java,checkDest,,5,0,2
lucene\src\main\java\org\apache\pdfbox\lucene\IndexFiles.java,<init>,,0,0,4
pdfbox\src\main\java\org\apache\pdfbox\pdmodel\font\PDFontDescriptorDictionary.java,setDescent,float,0,0,7
pdfbox\src\main\java\org\apache\pdfbox\pdmodel\common\PDNumberTreeNode.java,setKids,List,0,0,10
fontbox\src\main\java\org\apache\fontbox\ttf\HorizontalHeaderTable.java,initData,"TrueTypeFont, TTFDataStream",0,0,2
pdfbox\src\main\java\org\apache\pdfbox\pdmodel\common\PDObjectStream.java,setExtends,PDObjectStream,0,0,3
pdfbox\src\main\java\org\apache\pdfbox\pdmodel\documentinterchange\logicalstructure\PDStructureElement.java,removeKid,COSInteger,0,0,2
pdfbox\src\main\java\org\apache\pdfbox\pdmodel\common\PDRectangle.java,setLowerLeftX,float,0,0,20
preflight\src\main\java\org\apache\pdfbox\preflight\font\descriptor\CIDType2DescriptorHelper.java,checkCIDSet,PDFontDescriptorDictionary,0,0,4
pdfbox\src\main\java\org\apache\pdfbox\pdmodel\graphics\PDShading.java,getDomain,,0,0,3
preflight\src\main\java\org\apache\pdfbox\preflight\font\util\Type1Parser.java,parseClearPartOfFontProgram,PeekInputStream,0,0,7
xmpbox\src\main\java\org\apache\xmpbox\type\ResourceRefType.java,setLastModifyDate,Calendar,2,0,4
pdfbox\src\main\java\org\apache\pdfbox\pdmodel\common\PDNumberTreeNode.java,getNumbers,,0,0,10
pdfbox\src\main\java\org\apache\pdfbox\cos\COSName.java,accept,ICOSVisitor,25,0,172
pdfbox\src\main\java\org\apache\pdfbox\pdmodel\font\PDType1AfmPfbFont.java,<init>,"PDDocument, String",0,0,2
xmpbox\src\main\java\org\apache\xmpbox\schema\XMPSchema.java,getUnqualifiedTextProperty,String,0,0,12
jempbox\src\main\java\org\apache\jempbox\xmp\pdfa\XMPSchemaPDFAId.java,<init>,"Element, String",0,0,9
xmpbox\src\main\java\org\apache\xmpbox\type\ResourceRefType.java,setVersionID,String,0,0,4
pdfbox\src\main\java\org\apache\pdfbox\pdmodel\PDDocument.java,openProtection,DecryptionMaterial,0,0,2
xmpbox\src\main\java\org\apache\xmpbox\type\TypeMapping.java,createURL,"String, String, String, String",0,0,5
preflight\src\main\java\org\apache\pdfbox\preflight\Format.java,<init>,"String, int, String",0,0,2
preflight\src\main\java\org\apache\pdfbox\preflight\parser\PreflightParser.java,parseCOSName,,0,0,1
xmpbox\src\main\java\org\apache\xmpbox\schema\DublinCoreSchema.java,addType,String,0,0,7
pdfbox\src\main\java\org\apache\pdfbox\pdmodel\interactive\form\PDAppearance.java,getDefaultAppearance,,0,0,2
pdfbox\src\main\java\org\apache\pdfbox\pdmodel\interactive\form\PDSignatureField.java,getSignature,,0,0,1
pdfbox\src\main\java\org\apache\pdfbox\util\Matrix.java,createAffineTransform,,0,0,13
pdfbox\src\main\java\org\apache\pdfbox\cos\COSDictionary.java,getEmbeddedInt,"String, String, int",0,0,8
fontbox\src\main\java\org\apache\fontbox\ttf\MemoryTTFDataStream.java,readSignedShort,,3,2,7308
preflight\src\main\java\org\apache\pdfbox\preflight\graphic\ICCProfileWrapper.java,getOrSearchICCProfile,PreflightContext,0,0,4
pdfbox\src\main\java\org\apache\pdfbox\pdmodel\graphics\color\PDIndexed.java,calculateIndexedColorValues,"ColorModel, int",0,0,20
xmpbox\src\main\java\org\apache\xmpbox\schema\XmpSchemaException.java,<init>,String,0,0,1
pdfbox\src\main\java\org\apache\pdfbox\cos\COSNull.java,writePDF,OutputStream,0,0,8
pdfbox\src\main\java\org\apache\pdfbox\pdmodel\interactive\annotation\PDAnnotationMarkup.java,getPopup,,0,0,3
pdfbox\src\main\java\org\apache\pdfbox\cos\COSArray.java,set,"int, COSObjectable",0,0,16
pdfbox\src\main\java\org\apache\pdfbox\util\Matrix.java,clone,,0,0,11
pdfbox\src\main\java\org\apache\pdfbox\pdmodel\graphics\optionalcontent\PDOptionalContentProperties.java,getOCGs,,0,0,1
pdfbox\src\main\java\org\apache\pdfbox\pdmodel\documentinterchange\taggedpdf\PDLayoutAttributeObject.java,getHeight,,0,0,23
pdfbox\src\main\java\org\apache\pdfbox\pdmodel\graphics\xobject\PDXObjectForm.java,setFormType,int,0,0,2
pdfbox\src\main\java\org\apache\pdfbox\util\operator\pagedrawer\CloseFillEvenOddAndStrokePath.java,<init>,,0,0,9
pdfbox\src\main\java\org\apache\pdfbox\pdmodel\font\PDType0Font.java,encode,"byte[], int, int",0,0,8
preflight\src\main\java\org\apache\pdfbox\preflight\utils\COSUtils.java,closeDocumentQuietly,COSDocument,0,0,3
pdfbox\src\main\java\org\apache\pdfbox\pdmodel\interactive\annotation\PDAnnotation.java,getAppearance,,0,0,3
pdfbox\src\main\java\org\apache\pdfbox\pdmodel\interactive\documentnavigation\outline\PDOutlineNode.java,getFirstChild,,0,0,23
pdfbox\src\main\java\org\apache\pdfbox\util\operator\pagedrawer\LineTo.java,<init>,,0,0,11
pdfbox\src\main\java\org\apache\pdfbox\pdmodel\PDPage.java,getResources,,0,0,30
pdfbox\src\main\java\org\apache\pdfbox\pdmodel\encryption\AccessPermission.java,canModifyAnnotations,,0,0,10
pdfbox\src\main\java\org\apache\pdfbox\pdmodel\font\PDFontDescriptorDictionary.java,setMaxWidth,float,0,0,6
pdfbox\src\main\java\org\apache\pdfbox\pdmodel\documentinterchange\taggedpdf\PDLayoutAttributeObject.java,<init>,COSDictionary,0,0,76
jempbox\src\main\java\org\apache\jempbox\xmp\XMPSchemaBasic.java,removeIdentifier,String,0,0,1
pdfbox\src\main\java\org\apache\pdfbox\pdmodel\interactive\annotation\PDAppearanceStream.java,getResources,,0,0,3
pdfbox\src\main\java\org\apache\pdfbox\pdmodel\interactive\form\PDCheckbox.java,getOffValue,,0,0,1
pdfbox\src\main\java\org\apache\pdfbox\pdmodel\font\PDFontDescriptorDictionary.java,setFontBoundingBox,PDRectangle,0,0,6
pdfbox\src\main\java\org\apache\pdfbox\pdmodel\encryption\PDEncryptionDictionary.java,setFilter,String,0,0,6
pdfbox\src\main\java\org\apache\pdfbox\cos\COSDocument.java,addXRefTable,Map,0,0,5
pdfbox\src\main\java\org\apache\pdfbox\pdmodel\PDDocumentInformation.java,setTrapped,String,0,0,5
pdfbox\src\main\java\org\apache\pdfbox\pdmodel\documentinterchange\logicalstructure\PDAttributeObject.java,create,COSDictionary,0,0,6
pdfbox\src\main\java\org\apache\pdfbox\pdmodel\PDEmbeddedFilesNameTreeNode.java,<init>,,1,0,5
pdfbox\src\main\java\org\apache\pdfbox\util\operator\MoveText.java,process,"PDFOperator, List",0,0,6
pdfbox\src\main\java\org\apache\pdfbox\cos\COSStream.java,<init>,RandomAccess,15,1,885
pdfbox\src\main\java\org\apache\pdfbox\pdmodel\interactive\documentnavigation\destination\PDPageDestination.java,<init>,,0,0,54
xmpbox\src\main\java\org\apache\xmpbox\schema\DublinCoreSchema.java,getRights,String,0,0,30
pdfbox\src\main\java\org\apache\pdfbox\pdmodel\interactive\action\type\PDActionLaunch.java,getP,,0,0,4
pdfbox\src\main\java\org\apache\pdfbox\pdmodel\common\filespecification\PDEmbeddedFile.java,setCheckSum,String,0,0,2
pdfbox\src\main\java\org\apache\pdfbox\pdmodel\PDPage.java,<init>,COSDictionary,0,0,46
pdfbox\src\main\java\org\apache\pdfbox\pdmodel\documentinterchange\logicalstructure\PDStructureElement.java,setExpandedForm,String,0,0,2
pdfbox\src\main\java\org\apache\pdfbox\pdmodel\fdf\FDFField.java,<init>,Element,2,0,46
xmpbox\src\main\java\org\apache\xmpbox\schema\XMPMediaManagementSchema.java,setOriginalDocumentID,String,1,0,7
pdfbox\src\main\java\org\apache\pdfbox\pdmodel\interactive\digitalsignature\visible\PDVisibleSigBuilder.java,createSignatureField,PDAcroForm,1,0,2
examples\src\main\java\org\apache\pdfbox\examples\pdmodel\ReplaceString.java,<init>,,0,0,6
pdfbox\src\main\java\org\apache\pdfbox\pdmodel\interactive\digitalsignature\visible\PDVisibleSigProperties.java,buildSignature,,17,0,1
pdfbox\src\main\java\org\apache\pdfbox\pdmodel\interactive\digitalsignature\PDSeedValue.java,getDigestMethod,,0,0,3
jempbox\src\main\java\org\apache\jempbox\xmp\ResourceEvent.java,<init>,XMPSchema,0,0,13
xmpbox\src\main\java\org\apache\xmpbox\schema\XMPMediaManagementSchema.java,setManagerVariantProperty,TextType,0,0,5
fontbox\src\main\java\org\apache\fontbox\ttf\CMAPTable.java,<init>,,0,0,2
pdfbox\src\main\java\org\apache\pdfbox\pdmodel\documentinterchange\taggedpdf\PDLayoutAttributeObject.java,getSpaceAfter,,0,0,18
pdfbox\src\main\java\org\apache\pdfbox\pdmodel\encryption\PDEncryptionDictionary.java,isEncryptMetaData,,0,0,6
pdfbox\src\main\java\org\apache\pdfbox\pdmodel\fdf\FDFDictionary.java,setStatus,String,0,0,3
jempbox\src\main\java\org\apache\jempbox\xmp\ResourceEvent.java,setInstanceID,String,0,0,2
xmpbox\src\main\java\org\apache\xmpbox\schema\PhotoshopSchema.java,setHeadline,String,1,0,5
pdfbox\src\main\java\org\apache\pdfbox\pdmodel\interactive\annotation\PDAnnotationTextMarkup.java,<init>,String,0,0,13
pdfbox\src\main\java\org\apache\pdfbox\pdmodel\font\PDFontDescriptorDictionary.java,getCharSet,,0,0,5
pdfbox\src\main\java\org\apache\pdfbox\pdmodel\encryption\PublicKeySecurityHandler.java,<init>,PublicKeyProtectionPolicy,0,0,8
pdfbox\src\main\java\org\apache\pdfbox\pdmodel\encryption\PDStandardEncryption.java,canModify,,0,0,3
preflight\src\main\java\org\apache\pdfbox\preflight\process\reflect\ShaddingPatternValidationProcess.java,checkColorSpace,"PreflightContext, PDPage, PDShadingResources",0,0,2
pdfbox\src\main\java\org\apache\pdfbox\pdmodel\common\PDMatrix.java,<init>,COSArray,0,0,16
pdfbox\src\main\java\org\apache\pdfbox\pdmodel\graphics\color\PDSeparation.java,<init>,,0,0,29
pdfbox\src\main\java\org\apache\pdfbox\pdmodel\interactive\annotation\PDAppearanceCharacteristicsDictionary.java,getAlternateIcon,,0,0,2
examples\src\main\java\org\apache\pdfbox\examples\fdf\SetField.java,usage,,0,0,2
pdfbox\src\main\java\org\apache\pdfbox\pdmodel\graphics\color\PDLab.java,getBRange,,0,0,10
pdfbox\src\main\java\org\apache\pdfbox\pdmodel\graphics\xobject\PDXObjectImage.java,hasMask,,0,0,1
preflight\src\main\java\org\apache\pdfbox\preflight\metadata\XpacketParsingException.java,<init>,String,0,0,2
pdfbox\src\main\java\org\apache\pdfbox\pdmodel\interactive\digitalsignature\PDSignature.java,getContents,InputStream,0,0,3
pdfbox\src\main\java\org\apache\pdfbox\pdmodel\graphics\color\PDCalGray.java,createColorModel,int,0,0,1
xmpbox\src\main\java\org\apache\xmpbox\schema\XMPSchema.java,removeUnqualifiedArrayValue,"String, String",0,0,56
pdfbox\src\main\java\org\apache\pdfbox\pdfwriter\COSStandardOutputStream.java,write,"byte[], int, int",27,1,2083
pdfbox\src\main\java\org\apache\pdfbox\util\operator\SetNonStrokingGrayColor.java,<init>,,0,0,14
fontbox\src\main\java\org\apache\fontbox\ttf\MaximumProfileTable.java,initData,"TrueTypeFont, TTFDataStream",0,0,2
xmpbox\src\main\java\org\apache\xmpbox\schema\XMPRightsManagementSchema.java,getOwnersProperty,,0,0,3
pdfbox\src\main\java\org\apache\pdfbox\pdmodel\common\function\PDFunctionType0.java,getDecodeValues,,0,0,2
pdfbox\src\main\java\org\apache\pdfbox\pdmodel\documentinterchange\taggedpdf\PDStandardAttributeObject.java,getName,"String, String",1,0,143
pdfbox\src\main\java\org\apache\pdfbox\pdmodel\interactive\documentnavigation\destination\PDPageDestination.java,findPageNumber,,0,0,6
pdfbox\src\main\java\org\apache\pdfbox\pdmodel\graphics\predictor\None.java,encode,"byte[], byte[]",0,0,11
pdfbox\src\main\java\org\apache\pdfbox\pdmodel\encryption\StandardSecurityHandler.java,prepareForDecryption,"PDEncryptionDictionary, COSArray, DecryptionMaterial",1,0,7
xmpbox\src\main\java\org\apache\xmpbox\schema\DublinCoreSchema.java,getDescriptionProperty,,0,0,9
pdfbox\src\main\java\org\apache\pdfbox\util\operator\pagedrawer\ClipNonZeroRule.java,<init>,,0,0,7
pdfbox\src\main\java\org\apache\pdfbox\pdmodel\graphics\color\PDDeviceRGB.java,createColorModel,int,3,0,20
pdfbox\src\main\java\org\apache\pdfbox\pdmodel\font\PDType3Font.java,createImageIfNecessary,char,0,0,1
pdfbox\src\main\java\org\apache\pdfbox\pdmodel\documentinterchange\logicalstructure\PDStructureElement.java,setStructureType,String,0,0,79
xmpbox\src\main\java\org\apache\xmpbox\type\ThumbnailType.java,getHeight,,0,0,6
pdfbox\src\main\java\org\apache\pdfbox\filter\TIFFFaxDecoder.java,decodeT6,"byte[], byte[], int, int, long",0,0,10
pdfbox\src\main\java\org\apache\pdfbox\pdmodel\graphics\xobject\PDXObjectForm.java,getBBox,,0,0,3
xmpbox\src\main\java\org\apache\xmpbox\schema\XMPMediaManagementSchema.java,getInstanceIDProperty,,0,0,6
pdfbox\src\main\java\org\apache\pdfbox\pdfparser\BaseParser.java,parseCOSHexString,,1,0,9
pdfbox\src\main\java\org\apache\pdfbox\pdmodel\font\PDFontDescriptorDictionary.java,getFontFile,,0,0,14
pdfbox\src\main\java\org\apache\pdfbox\util\operator\SetNonStrokingColorSpace.java,process,"PDFOperator, List",0,0,5
pdfbox\src\main\java\org\apache\pdfbox\pdmodel\graphics\color\PDLab.java,<init>,COSArray,0,0,6
pdfbox\src\main\java\org\apache\pdfbox\cos\COSDictionary.java,setInt,"String, int",0,0,108
pdfbox\src\main\java\org\apache\pdfbox\cos\COSDictionary.java,getInt,"COSName, int",6,1,3111
xmpbox\src\main\java\org\apache\xmpbox\schema\XMPRightsManagementSchema.java,getCertificateProperty,,0,0,3
pdfbox\src\main\java\org\apache\pdfbox\pdmodel\PDDocumentCatalog.java,setOCProperties,PDOptionalContentProperties,0,0,3
pdfbox\src\main\java\org\apache\pdfbox\pdmodel\graphics\color\PDPattern.java,createColorModel,int,0,0,3
fontbox\src\main\java\org\apache\fontbox\afm\AFMParser.java,readLine,,720,169,13020
xmpbox\src\main\java\org\apache\xmpbox\type\ResourceRefType.java,addAlternatePath,String,0,0,6
fontbox\src\main\java\org\apache\fontbox\ttf\GlyfSimpleDescript.java,readCoords,"int, TTFDataStream",6,2,390
pdfbox\src\main\java\org\apache\pdfbox\pdmodel\common\function\type4\Operators.java,getOperator,String,0,0,5
pdfbox\src\main\java\org\apache\pdfbox\pdmodel\interactive\action\type\PDWindowsLaunchParams.java,setFilename,String,0,0,4
pdfbox\src\main\java\org\apache\pdfbox\pdmodel\documentinterchange\taggedpdf\PDTableAttributeObject.java,setSummary,String,0,0,4
pdfbox\src\main\java\org\apache\pdfbox\util\DateConverter.java,parseDate,"String, String[], ParsePosition",45,0,31
xmpbox\src\main\java\org\apache\xmpbox\schema\PhotoshopSchema.java,setColorModeProperty,IntegerType,0,0,5
xmpbox\src\main\java\org\apache\xmpbox\schema\XMPSchema.java,instanciateSimple,"String, Object",43,0,191
fontbox\src\main\java\org\apache\fontbox\ttf\TTFParser.java,<init>,,0,0,4
pdfbox\src\main\java\org\apache\pdfbox\pdmodel\fdf\FDFField.java,setAppearanceDictionary,PDAppearanceDictionary,0,0,2
pdfbox\src\main\java\org\apache\pdfbox\pdmodel\graphics\xobject\PDInlinedImage.java,<init>,,0,0,17
jempbox\src\main\java\org\apache\jempbox\xmp\Thumbnail.java,getHeight,,0,0,4
pdfbox\src\main\java\org\apache\pdfbox\util\TextPosition.java,getYScale,,0,0,1
pdfbox\src\main\java\org\apache\pdfbox\pdmodel\encryption\PublicKeySecurityHandler.java,prepareDocumentForEncryption,PDDocument,314,0,2
pdfbox\src\main\java\org\apache\pdfbox\exceptions\SignatureException.java,<init>,Throwable,0,0,1
preflight\src\main\java\org\apache\pdfbox\preflight\font\container\CIDType0Container.java,<init>,PDFont,0,0,26
pdfbox\src\main\java\org\apache\pdfbox\pdmodel\PDDocument.java,silentPrint,,82,0,1
pdfbox\src\main\java\org\apache\pdfbox\pdmodel\fdf\FDFAnnotationInk.java,<init>,COSDictionary,0,0,1
pdfbox\src\main\java\org\apache\pdfbox\Decrypt.java,<init>,,0,0,2
xmpbox\src\main\java\org\apache\xmpbox\type\AgentNameType.java,<init>,"XMPMetadata, String, String, String, Object",0,0,19
jempbox\src\main\java\org\apache\jempbox\xmp\ResourceEvent.java,<init>,Element,0,0,31
pdfbox\src\main\java\org\apache\pdfbox\pdmodel\interactive\form\PDSignatureField.java,generatePartialName,,1,0,25
pdfbox\src\main\java\org\apache\pdfbox\pdmodel\fdf\FDFTemplate.java,getTemplateReference,,0,0,3
pdfbox\src\main\java\org\apache\pdfbox\pdmodel\graphics\color\PDOutputIntent.java,getOutputConditionIdentifier,,0,0,2
pdfbox\src\main\java\org\apache\pdfbox\pdmodel\interactive\documentnavigation\destination\PDPageDestination.java,<init>,COSArray,0,0,70
pdfbox\src\main\java\org\apache\pdfbox\pdmodel\graphics\shading\PDShadingResources.java,setBBox,PDRectangle,0,0,2
pdfbox\src\main\java\org\apache\pdfbox\pdmodel\common\PDObjectStream.java,setNumberOfObjects,int,0,0,3
pdfbox\src\main\java\org\apache\pdfbox\util\PDFStreamEngine.java,getResources,,0,0,3
pdfbox\src\main\java\org\apache\pdfbox\pdmodel\common\filespecification\PDComplexFileSpecification.java,getEmbeddedFileMac,,0,0,2
preflight\src\main\java\org\apache\pdfbox\preflight\process\XRefValidationProcess.java,<init>,,0,0,6
preflight\src\main\java\org\apache\pdfbox\preflight\font\util\Type1.java,<init>,Encoding,0,0,18
preflight\src\main\java\org\apache\pdfbox\preflight\annotation\MarkupAnnotationValidator.java,checkMandatoryFields,,0,0,3
pdfbox\src\main\java\org\apache\pdfbox\util\operator\pagedrawer\EndPath.java,process,"PDFOperator, List",0,0,2
xmpbox\src\main\java\org\apache\xmpbox\schema\PDFAIdentificationSchema.java,setPart,Integer,0,0,4
pdfbox\src\main\java\org\apache\pdfbox\pdmodel\fdf\FDFOptionElement.java,<init>,,0,0,8
jempbox\src\main\java\org\apache\jempbox\xmp\XMPSchemaBasic.java,<init>,"Element, String",0,0,29
pdfbox\src\main\java\org\apache\pdfbox\pdmodel\interactive\annotation\PDAnnotationText.java,getOpen,,0,0,3
pdfbox\src\main\java\org\apache\pdfbox\pdmodel\common\PDMetadata.java,<init>,COSStream,0,0,18
pdfbox\src\main\java\org\apache\pdfbox\pdmodel\interactive\action\type\PDActionRemoteGoTo.java,shouldOpenInNewWindow,,0,0,3
jempbox\src\main\java\org\apache\jempbox\impl\XMLUtil.java,setElementableValue,"Element, String, Elementable",7,0,17
pdfbox\src\main\java\org\apache\pdfbox\cos\COSArray.java,growToSize,"int, COSBase",33,7,143
pdfbox\src\main\java\org\apache\pdfbox\pdmodel\interactive\action\type\PDActionRemoteGoTo.java,setOpenInNewWindow,boolean,0,0,2
xmpbox\src\main\java\org\apache\xmpbox\type\PDFASchemaType.java,getNamespaceURI,,0,0,4
pdfbox\src\main\java\org\apache\pdfbox\pdmodel\graphics\shading\PDShadingType5.java,<init>,COSDictionary,0,0,31
xmpbox\src\main\java\org\apache\xmpbox\schema\DublinCoreSchema.java,removeRelation,String,0,0,6
pdfbox\src\main\java\org\apache\pdfbox\pdmodel\graphics\pattern\PDPatternResources.java,<init>,,0,0,36
pdfbox\src\main\java\org\apache\pdfbox\pdmodel\common\PDPageLabels.java,getCOSObject,,0,0,15
pdfbox\src\main\java\org\apache\pdfbox\util\operator\SetStrokingColor.java,<init>,,0,0,43
pdfbox\src\main\java\org\apache\pdfbox\filter\ASCIIHexFilter.java,decode,"InputStream, OutputStream, COSDictionary, int",5,0,5
pdfbox\src\main\java\org\apache\pdfbox\ExportXFDF.java,close,PDDocument,0,0,6
jempbox\src\main\java\org\apache\jempbox\xmp\XMPMetadata.java,getSchemaByClass,Class,2,0,45
pdfbox\src\main\java\org\apache\pdfbox\cos\COSArray.java,removeObject,COSBase,0,0,11
pdfbox\src\main\java\org\apache\pdfbox\pdmodel\graphics\color\PDLab.java,getRangeArray,,1,0,26
pdfbox\src\main\java\org\apache\pdfbox\pdmodel\interactive\annotation\PDAnnotation.java,setToggleNoView,boolean,0,0,3
pdfbox\src\main\java\org\apache\pdfbox\util\operator\SetStrokingSeparation.java,process,"PDFOperator, List",0,0,2
pdfbox\src\main\java\org\apache\pdfbox\pdmodel\documentinterchange\logicalstructure\Revisions.java,toString,,0,0,2
jempbox\src\main\java\org\apache\jempbox\xmp\XMPSchemaDublinCore.java,getDescription,,0,0,4
pdfbox\src\main\java\org\apache\pdfbox\pdmodel\graphics\xobject\PDXObjectForm.java,getMatrix,,0,0,2
pdfbox\src\main\java\org\apache\pdfbox\pdmodel\PDPage.java,getCropBox,,0,0,55
pdfbox\src\main\java\org\apache\pdfbox\pdmodel\documentinterchange\logicalstructure\PDAttributeObject.java,isValueChanged,"COSBase, COSBase",0,0,303
pdfbox\src\main\java\org\apache\pdfbox\pdmodel\fdf\FDFField.java,setSetWidgetFieldFlags,Integer,0,0,2
pdfbox\src\main\java\org\apache\pdfbox\ImportFDF.java,close,FDFDocument,0,0,6
pdfbox\src\main\java\org\apache\pdfbox\pdmodel\documentinterchange\logicalstructure\PDMarkInfo.java,<init>,COSDictionary,0,0,8
jempbox\src\main\java\org\apache\jempbox\xmp\XMPSchemaBasic.java,setLabel,String,0,0,1
preflight\src\main\java\org\apache\pdfbox\preflight\utils\ContextHelper.java,callValidation,"PreflightContext, Object, String",0,0,16
pdfbox\src\main\java\org\apache\pdfbox\pdmodel\graphics\shading\PDShadingType2.java,setDomain,COSArray,0,0,4
pdfbox\src\main\java\org\apache\pdfbox\pdmodel\fdf\FDFField.java,setAction,PDAction,0,0,2
pdfbox\src\main\java\org\apache\pdfbox\pdmodel\common\COSArrayList.java,iterator,,0,0,68
pdfbox\src\main\java\org\apache\pdfbox\pdmodel\graphics\color\PDIndexed.java,<init>,COSArray,0,0,15
pdfbox\src\main\java\org\apache\pdfbox\pdmodel\common\PDNameTreeNode.java,setNames,Map,0,0,12
pdfbox\src\main\java\org\apache\pdfbox\PrintPDF.java,main,String[],0,0,2
pdfbox\src\main\java\org\apache\pdfbox\pdfwriter\COSWriter.java,visitFromBoolean,COSBoolean,0,0,6
pdfbox\src\main\java\org\apache\pdfbox\pdmodel\graphics\color\PDLab.java,setARange,PDRange,0,0,3
pdfbox\src\main\java\org\apache\pdfbox\pdmodel\graphics\xobject\PDCcitt.java,<init>,"PDDocument, RandomAccess",0,0,1
pdfbox\src\main\java\org\apache\pdfbox\cos\COSStream.java,doDecode,"COSName, int",0,0,6
xmpbox\src\main\java\org\apache\xmpbox\schema\PhotoshopSchema.java,getAncestorID,,0,0,9
pdfbox\src\main\java\org\apache\pdfbox\cos\COSName.java,equals,Object,0,0,1119
pdfbox\src\main\java\org\apache\pdfbox\io\PushBackInputStream.java,peek,,1,0,557
pdfbox\src\main\java\org\apache\pdfbox\pdmodel\interactive\annotation\PDAppearanceDictionary.java,setDownAppearance,Map,0,0,2
pdfbox\src\main\java\org\apache\pdfbox\pdmodel\documentinterchange\taggedpdf\PDFourColours.java,getBeforeColour,,0,0,2
preflight\src\main\java\org\apache\pdfbox\preflight\process\AbstractProcess.java,addValidationError,"PreflightContext, ValidationResult$ValidationError",0,0,18
pdfbox\src\main\java\org\apache\pdfbox\pdmodel\fdf\FDFOptionElement.java,setOption,String,0,0,3
pdfbox\src\main\java\org\apache\pdfbox\util\operator\BeginMarkedContentSequenceWithProperties.java,<init>,,0,0,6
jempbox\src\main\java\org\apache\jempbox\xmp\ResourceRef.java,getRenditionClass,,0,0,1
pdfbox\src\main\java\org\apache\pdfbox\pdmodel\common\PDMetadata.java,<init>,"PDDocument, InputStream, boolean",0,0,4
pdfbox\src\main\java\org\apache\pdfbox\io\ccitt\PackedBitArray.java,toBitString,byte,0,0,12
pdfbox\src\main\java\org\apache\pdfbox\pdmodel\interactive\digitalsignature\visible\PDVisibleSignDesigner.java,signatureImageStream,InputStream,11,0,8
jempbox\src\main\java\org\apache\jempbox\xmp\XMPSchemaDublinCore.java,removeLanguage,String,0,0,2
pdfbox\src\main\java\org\apache\pdfbox\pdmodel\interactive\annotation\PDExternalDataDictionary.java,<init>,,0,0,7
pdfbox\src\main\java\org\apache\pdfbox\pdmodel\graphics\color\PDColorSpaceFactory.java,createColorSpace,"PDDocument, ColorSpace",0,0,4
preflight\src\main\java\org\apache\pdfbox\preflight\font\container\CIDType0Container.java,getFontProgramWidth,int,0,0,5
pdfbox\src\main\java\org\apache\pdfbox\util\operator\Invoke.java,process,"PDFOperator, List",0,0,4
xmpbox\src\main\java\org\apache\xmpbox\schema\DublinCoreSchema.java,getSubjects,,0,0,13
pdfbox\src\main\java\org\apache\pdfbox\pdmodel\PDDocument.java,silentPrint,PrinterJob,82,0,2
pdfbox\src\main\java\org\apache\pdfbox\pdmodel\font\FontManager.java,getStandardFont,,1,0,7
pdfbox\src\main\java\org\apache\pdfbox\pdmodel\fdf\FDFDictionary.java,setAnnotations,List,0,0,5
pdfbox\src\main\java\org\apache\pdfbox\pdmodel\interactive\digitalsignature\PDSeedValue.java,getTimeStamp,,0,0,2
pdfbox\src\main\java\org\apache\pdfbox\pdmodel\fdf\FDFAnnotationStamp.java,<init>,COSDictionary,0,0,4
pdfbox\src\main\java\org\apache\pdfbox\pdmodel\interactive\form\PDVariableText.java,<init>,PDAcroForm,0,0,33
preflight\src\main\java\org\apache\pdfbox\preflight\process\reflect\TilingPatternValidationProcess.java,parseResources,"PreflightContext, PDPage, PDTilingPatternResources",0,0,2
xmpbox\src\main\java\org\apache\xmpbox\XMPMetadata.java,getAdobePDFSchema,,0,0,27
xmpbox\src\main\java\org\apache\xmpbox\schema\XMPRightsManagementSchema.java,setDescription,"String, String",0,0,6
pdfbox\src\main\java\org\apache\pdfbox\pdmodel\interactive\action\type\PDActionLaunch.java,getD,,0,0,4
examples\src\main\java\org\apache\pdfbox\examples\pdmodel\AddImageToPDF.java,createPDFFromImage,"String, String, String",0,0,3
preflight\src\main\java\org\apache\pdfbox\preflight\annotation\LinkAnnotationValidator.java,checkMandatoryFields,,0,0,4
jempbox\src\main\java\org\apache\jempbox\xmp\XMPSchemaRightsManagement.java,setCertificateURL,String,0,0,4
pdfbox\src\main\java\org\apache\pdfbox\pdmodel\fdf\FDFAnnotationSquare.java,<init>,COSDictionary,0,0,3
pdfbox\src\main\java\org\apache\pdfbox\cos\COSDictionary.java,addAll,COSDictionary,0,0,31
pdfbox\src\main\java\org\apache\pdfbox\util\operator\pagedrawer\CurveTo.java,<init>,,0,0,12
pdfbox\src\main\java\org\apache\pdfbox\pdfwriter\COSWriter.java,writeXrefRange,"long, long",1,0,10
xmpbox\src\main\java\org\apache\xmpbox\XMPMetadata.java,getPDFIdentificationSchema,,0,0,24
pdfbox\src\main\java\org\apache\pdfbox\pdmodel\edit\PDPageContentStream.java,addLine,"float, float, float, float",0,0,4
pdfbox\src\main\java\org\apache\pdfbox\pdmodel\interactive\action\type\PDWindowsLaunchParams.java,getFilename,,0,0,4
pdfbox\src\main\java\org\apache\pdfbox\pdmodel\font\PDFontDescriptorDictionary.java,getFontFile3,,0,0,10
pdfbox\src\main\java\org\apache\pdfbox\pdmodel\PDDocumentCatalog.java,getVersion,,0,0,2
pdfbox\src\main\java\org\apache\pdfbox\pdmodel\common\XrefEntry.java,<init>,,0,0,1
xmpbox\src\main\java\org\apache\xmpbox\schema\PhotoshopSchema.java,getHeadline,,0,0,9
pdfbox\src\main\java\org\apache\pdfbox\pdmodel\documentinterchange\logicalstructure\PDDefaultAttributeObject.java,setAttribute,"String, COSBase",0,0,7
pdfbox\src\main\java\org\apache\pdfbox\filter\LZWFilter.java,decode,"InputStream, OutputStream, COSDictionary, int",2,0,4
preflight\src\main\java\org\apache\pdfbox\preflight\utils\ByteArrayDataSource.java,getInputStream,,0,0,1
pdfbox\src\main\java\org\apache\pdfbox\pdmodel\fdf\FDFDictionary.java,getAnnotations,,0,0,6
xmpbox\src\main\java\org\apache\xmpbox\type\VersionType.java,setModifier,String,0,0,5
xmpbox\src\main\java\org\apache\xmpbox\type\PDFATypeType.java,getNamespaceURI,,0,0,4
preflight\src\main\java\org\apache\pdfbox\preflight\font\descriptor\Type1DescriptorHelper.java,processFontFile3,"PDFontDescriptorDictionary, PDStream",0,0,3
preflight\src\main\java\org\apache\pdfbox\preflight\font\container\CIDType2Container.java,<init>,PDFont,0,0,26
xmpbox\src\main\java\org\apache\xmpbox\type\Attribute.java,<init>,"String, String, String",0,0,641
pdfbox\src\main\java\org\apache\pdfbox\util\ImageIOUtil.java,writeImage,"BufferedImage, String, OutputStream",4,0,2
pdfbox\src\main\java\org\apache\pdfbox\pdmodel\PDDocument.java,protect,ProtectionPolicy,17,0,2
pdfbox\src\main\java\org\apache\pdfbox\io\ASCII85InputStream.java,<init>,InputStream,0,0,23
pdfbox\src\main\java\org\apache\pdfbox\pdmodel\fdf\FDFAnnotationPolyline.java,<init>,Element,0,0,2
pdfbox\src\main\java\org\apache\pdfbox\pdmodel\interactive\digitalsignature\visible\PDVisibleSignDesigner.java,calcualteImageSize,InputStream,11,0,3
pdfbox\src\main\java\org\apache\pdfbox\pdmodel\interactive\form\PDCheckbox.java,getValue,,0,0,2
xmpbox\src\main\java\org\apache\xmpbox\schema\XMPBasicJobTicketSchema.java,addJob,"String, String, String, String",1,0,6
jempbox\src\main\java\org\apache\jempbox\xmp\ResourceEvent.java,getParameters,,0,0,1
preflight\src\main\java\org\apache\pdfbox\preflight\PreflightDocument.java,<init>,"Format, PreflightConfiguration",345,0,100
pdfbox\src\main\java\org\apache\pdfbox\cos\COSArray.java,setFloatArray,float[],16,1,466
pdfbox\src\main\java\org\apache\pdfbox\cos\COSStream.java,accept,ICOSVisitor,39,0,7
pdfbox\src\main\java\org\apache\pdfbox\cos\COSArray.java,indexOfObject,COSBase,0,0,7
pdfbox\src\main\java\org\apache\pdfbox\pdmodel\interactive\annotation\PDAnnotationLink.java,getAction,,0,0,1
pdfbox\src\main\java\org\apache\pdfbox\pdmodel\encryption\SecurityHandler.java,encryptData,"long, long, InputStream, OutputStream, boolean",1306,0,6
xmpbox\src\main\java\org\apache\xmpbox\xml\DomXmpParser.java,parse,InputStream,49,0,4
pdfbox\src\main\java\org\apache\pdfbox\pdmodel\font\PDTrueTypeFont.java,getExternalTTFData,,2,0,2
pdfbox\src\main\java\org\apache\pdfbox\pdmodel\interactive\action\type\PDAction.java,setSubType,String,0,0,78
pdfbox\src\main\java\org\apache\pdfbox\pdmodel\documentinterchange\logicalstructure\PDUserAttributeObject.java,setUserProperties,List,0,0,6
fontbox\src\main\java\org\apache\fontbox\cmap\CMap.java,lookupCID,int,0,0,2
fontbox\src\main\java\org\apache\fontbox\ttf\TrueTypeFont.java,getHeader,,0,0,6
pdfbox\src\main\java\org\apache\pdfbox\pdmodel\PDDocumentNameDictionary.java,<init>,"PDDocumentCatalog, COSDictionary",0,0,12
pdfbox\src\main\java\org\apache\pdfbox\pdmodel\fdf\FDFAnnotationFreeText.java,<init>,Element,0,0,2
pdfbox\src\main\java\org\apache\pdfbox\pdmodel\interactive\measurement\PDRectlinearMeasureDictionary.java,getAreas,,0,0,4
preflight\src\main\java\org\apache\pdfbox\preflight\PreflightDocument.java,addValidationError,ValidationResult$ValidationError,0,0,55
pdfbox\src\main\java\org\apache\pdfbox\pdmodel\font\PDFont.java,getFontWidthFromAFMFile,int,0,0,78
xmpbox\src\main\java\org\apache\xmpbox\XMPMetadata.java,getAllSchemas,,0,0,41
pdfbox\src\main\java\org\apache\pdfbox\pdmodel\fdf\FDFAnnotationPolygon.java,<init>,,0,0,3
examples\src\main\java\org\apache\pdfbox\examples\pdmodel\RemoveFirstPage.java,usage,,0,0,2
jempbox\src\main\java\org\apache\jempbox\xmp\XMPSchemaIptc4xmpCore.java,setCiEmailWork,String,0,0,1
pdfbox\src\main\java\org\apache\pdfbox\pdfwriter\COSWriter.java,visitFromName,COSName,26,0,176
pdfbox\src\main\java\org\apache\pdfbox\pdmodel\common\PDStream.java,setDecodedStreamLength,int,0,0,2
pdfbox\src\main\java\org\apache\pdfbox\util\operator\SetNonStrokingSeparation.java,<init>,,0,0,1
fontbox\src\main\java\org\apache\fontbox\ttf\NameRecord.java,initData,"TrueTypeFont, TTFDataStream",0,0,44
preflight\src\main\java\org\apache\pdfbox\preflight\PreflightPath.java,pop,,0,0,3
pdfbox\src\main\java\org\apache\pdfbox\pdmodel\common\PDStream.java,setDecodeParms,List,0,0,3
pdfbox\src\main\java\org\apache\pdfbox\pdmodel\interactive\measurement\PDNumberFormatDictionary.java,setDenominator,int,0,0,3
jempbox\src\main\java\org\apache\jempbox\xmp\XMPSchemaBasic.java,setRating,Integer,0,0,2
jempbox\src\main\java\org\apache\jempbox\xmp\XMPSchemaMediaManagement.java,getManagedFrom,,0,0,2
pdfbox\src\main\java\org\apache\pdfbox\pdmodel\documentinterchange\taggedpdf\PDPrintFieldAttributeObject.java,toString,,0,0,4
pdfbox\src\main\java\org\apache\pdfbox\pdmodel\PDPage.java,hashCode,,0,0,3
pdfbox\src\main\java\org\apache\pdfbox\pdfwriter\ContentStreamWriter.java,<init>,OutputStream,0,0,7
preflight\src\main\java\org\apache\pdfbox\preflight\process\reflect\FontValidationProcess.java,<init>,,0,0,10
pdfbox\src\main\java\org\apache\pdfbox\cos\COSString.java,reset,,0,0,5
pdfbox\src\main\java\org\apache\pdfbox\pdmodel\interactive\annotation\PDAnnotationMarkup.java,<init>,COSDictionary,0,0,106
preflight\src\main\java\org\apache\pdfbox\preflight\content\ContentStreamWrapper.java,validXObjContentStream,PDXObjectForm,0,0,2
pdfbox\src\main\java\org\apache\pdfbox\pdmodel\interactive\annotation\PDAnnotationPopup.java,setOpen,boolean,0,0,3
pdfbox\src\main\java\org\apache\pdfbox\pdfparser\PDFParser.java,<init>,InputStream,0,0,35
pdfbox\src\main\java\org\apache\pdfbox\pdmodel\fdf\FDFAnnotationLine.java,<init>,,0,0,1
pdfbox\src\main\java\org\apache\pdfbox\cos\COSArray.java,addAll,COSArray,0,0,19
pdfbox\src\main\java\org\apache\pdfbox\pdmodel\PDDocument.java,load,"String, RandomAccess",8,0,4
pdfbox\src\main\java\org\apache\pdfbox\pdmodel\interactive\annotation\PDAnnotationLine.java,setCaptionVerticalOffset,float,0,0,4
pdfbox\src\main\java\org\apache\pdfbox\pdmodel\PDDocumentInformation.java,setKeywords,String,0,0,5
pdfbox\src\main\java\org\apache\pdfbox\pdmodel\documentinterchange\taggedpdf\PDStandardAttributeObject.java,getNumberOrArrayOfNumber,"String, float",1,0,88
pdfbox\src\main\java\org\apache\pdfbox\pdfparser\ConformingPDFParser.java,<init>,File,5,0,66
pdfbox\src\main\java\org\apache\pdfbox\pdmodel\fdf\FDFField.java,setKids,List,0,0,2
xmpbox\src\main\java\org\apache\xmpbox\type\ResourceEventType.java,setAction,String,0,0,4
pdfbox\src\main\java\org\apache\pdfbox\util\TextPosition.java,getWidthRot,float,0,0,2
xmpbox\src\main\java\org\apache\xmpbox\type\ResourceEventType.java,setWhen,Calendar,0,0,5
jempbox\src\main\java\org\apache\jempbox\impl\DateConverter.java,toISO8601,Calendar,0,0,14
xmpbox\src\main\java\org\apache\xmpbox\schema\PhotoshopSchema.java,getCaptionWriter,,0,0,9
pdfbox\src\main\java\org\apache\pdfbox\pdmodel\interactive\form\PDPushButton.java,setValue,String,0,0,1
jempbox\src\main\java\org\apache\jempbox\xmp\ResourceRef.java,getManagerTo,,0,0,2
pdfbox\src\main\java\org\apache\pdfbox\util\Matrix.java,getTranslatingInstance,"float, float",0,0,24
pdfbox\src\main\java\org\apache\pdfbox\pdmodel\common\PDPageLabelRange.java,<init>,COSDictionary,0,0,48
pdfbox\src\main\java\org\apache\pdfbox\pdmodel\common\PDNumberTreeNode.java,getLowerLimit,,0,0,12
pdfbox\src\main\java\org\apache\pdfbox\cos\COSDictionary.java,setDate,"COSName, Calendar",43,0,35
pdfbox\src\main\java\org\apache\pdfbox\pdmodel\interactive\documentnavigation\destination\PDPageFitHeightDestination.java,<init>,COSArray,0,0,8
pdfbox\src\main\java\org\apache\pdfbox\pdmodel\documentinterchange\taggedpdf\PDPrintFieldAttributeObject.java,getRole,,0,0,5
xmpbox\src\main\java\org\apache\xmpbox\type\TypeMapping.java,createBoolean,"String, String, String, boolean",0,0,1
examples\src\main\java\org\apache\pdfbox\examples\util\ExtractTextByArea.java,main,String[],0,0,4
pdfbox\src\main\java\org\apache\pdfbox\pdmodel\encryption\SecurityHandler.java,<init>,,2,0,84
pdfbox\src\main\java\org\apache\pdfbox\pdmodel\fdf\FDFField.java,setRichText,PDTextStream,0,0,3
pdfbox\src\main\java\org\apache\pdfbox\pdmodel\PDPageable.java,getNumberOfPages,,0,0,1
pdfbox\src\main\java\org\apache\pdfbox\util\operator\SetNonStrokingSeparation.java,process,"PDFOperator, List",0,0,1
pdfbox\src\main\java\org\apache\pdfbox\pdmodel\PDResources.java,setColorSpaces,Map,0,0,4
pdfbox\src\main\java\org\apache\pdfbox\pdmodel\PDJavascriptNameTreeNode.java,<init>,COSDictionary,0,0,5
xmpbox\src\main\java\org\apache\xmpbox\type\PDFAPropertyType.java,getValueType,,0,0,4
jempbox\src\main\java\org\apache\jempbox\xmp\XMPMetadata.java,getDynamicMediaSchema,,0,0,3
pdfbox\src\main\java\org\apache\pdfbox\cos\COSStream.java,replaceWithStream,COSStream,0,0,2
jempbox\src\main\java\org\apache\jempbox\xmp\XMPSchema.java,setTextProperty,"String, String",11,0,140
pdfbox\src\main\java\org\apache\pdfbox\pdmodel\interactive\annotation\PDAnnotationFileAttachment.java,getFile,,0,0,3
xmpbox\src\main\java\org\apache\xmpbox\schema\PhotoshopSchema.java,setCredit,String,0,0,3
pdfbox\src\main\java\org\apache\pdfbox\pdmodel\PDResources.java,setProperties,PDPropertyList,0,0,2
preflight\src\main\java\org\apache\pdfbox\preflight\exception\BodyParseException.java,<init>,ParseException,0,0,3
pdfbox\src\main\java\org\apache\pdfbox\util\operator\SetStrokingPattern.java,<init>,,0,0,6
pdfbox\src\main\java\org\apache\pdfbox\pdmodel\PDDocument.java,getDocumentCatalog,,5,0,1345
pdfbox\src\main\java\org\apache\pdfbox\pdmodel\graphics\xobject\PDPixelMap.java,<init>,"PDDocument, BufferedImage",0,0,3
pdfbox\src\main\java\org\apache\pdfbox\pdmodel\fdf\FDFAnnotationFreeText.java,<init>,,0,0,7
pdfbox\src\main\java\org\apache\pdfbox\pdfwriter\COSStandardOutputStream.java,reset,,0,0,2
preflight\src\main\java\org\apache\pdfbox\preflight\parser\PreflightParser.java,parse,Format,0,0,1
pdfbox\src\main\java\org\apache\pdfbox\pdmodel\interactive\form\PDAcroForm.java,getFields,,1,0,33
xmpbox\src\main\java\org\apache\xmpbox\schema\PhotoshopSchema.java,getCredit,,0,0,11
xmpbox\src\main\java\org\apache\xmpbox\schema\AdobePDFSchema.java,<init>,"XMPMetadata, String",0,0,16
pdfbox\src\main\java\org\apache\pdfbox\pdmodel\encryption\PDStandardEncryption.java,canPrint,,0,0,3
pdfbox\src\main\java\org\apache\pdfbox\pdmodel\graphics\color\PDSeparation.java,setAlternateColorSpace,PDColorSpace,0,0,2
pdfbox\src\main\java\org\apache\pdfbox\util\PDFStreamEngine.java,setFonts,Map,0,0,1
pdfbox\src\main\java\org\apache\pdfbox\pdmodel\interactive\form\PDVariableText.java,setValue,String,4,0,2
preflight\src\main\java\org\apache\pdfbox\preflight\exception\PdfParseException.java,<init>,String,0,0,19
xmpbox\src\main\java\org\apache\xmpbox\xml\PdfaExtensionHelper.java,validateNaming,"XMPMetadata, Element",0,0,3
pdfbox\src\main\java\org\apache\pdfbox\pdmodel\font\PDFont.java,setLastChar,int,0,0,5
jempbox\src\main\java\org\apache\jempbox\xmp\XMPSchemaRightsManagement.java,getUsageTerms,String,0,0,4
xmpbox\src\main\java\org\apache\xmpbox\type\ThumbnailType.java,<init>,XMPMetadata,0,0,31
pdfbox\src\main\java\org\apache\pdfbox\pdmodel\documentinterchange\taggedpdf\PDLayoutAttributeObject.java,getColumnGap,,0,0,16
xmpbox\src\main\java\org\apache\xmpbox\schema\PhotoshopSchema.java,getCountry,,0,0,5
pdfbox\src\main\java\org\apache\pdfbox\pdmodel\fdf\FDFCatalog.java,<init>,COSDictionary,0,0,21
fontbox\src\main\java\org\apache\fontbox\afm\AFMParser.java,<init>,InputStream,0,0,42
pdfbox\src\main\java\org\apache\pdfbox\util\PDFStreamEngine.java,getGraphicsStates,,0,0,2
pdfbox\src\main\java\org\apache\pdfbox\util\TextPosition.java,getWidth,,0,0,2
pdfbox\src\main\java\org\apache\pdfbox\pdmodel\interactive\measurement\PDNumberFormatDictionary.java,getLabelPrefixString,,0,0,3
preflight\src\main\java\org\apache\pdfbox\preflight\parser\PreflightParser.java,parse,"Format, PreflightConfiguration",1,0,2
pdfbox\src\main\java\org\apache\pdfbox\pdmodel\font\PDType3Font.java,setFontMatrix,PDMatrix,0,0,1
pdfbox\src\main\java\org\apache\pdfbox\pdmodel\documentinterchange\logicalstructure\PDAttributeObject.java,<init>,COSDictionary,0,0,127
preflight\src\main\java\org\apache\pdfbox\preflight\parser\PreflightParser.java,parseXrefTable,long,0,0,1
pdfbox\src\main\java\org\apache\pdfbox\util\BitFlagHelper.java,getFlag,"COSDictionary, String, int",0,0,2
pdfbox\src\main\java\org\apache\pdfbox\pdmodel\graphics\color\PDIndexed.java,createColorModel,int,0,0,7
xmpbox\src\main\java\org\apache\xmpbox\XMPMetadata.java,clearSchemas,,0,0,18
pdfbox\src\main\java\org\apache\pdfbox\pdmodel\graphics\predictor\None.java,<init>,,0,0,46
pdfbox\src\main\java\org\apache\pdfbox\pdmodel\PDDocument.java,encrypt,"String, String",0,0,1
xmpbox\src\main\java\org\apache\xmpbox\type\LayerType.java,getLayerText,,0,0,4
pdfbox\src\main\java\org\apache\pdfbox\util\operator\SetStrokingSeparation.java,<init>,,0,0,2
pdfbox\src\main\java\org\apache\pdfbox\pdmodel\interactive\digitalsignature\visible\PDVisibleSignDesigner.java,<init>,"PDDocument, InputStream, int",3,0,3
pdfbox\src\main\java\org\apache\pdfbox\pdmodel\graphics\color\PDIndexed.java,createColorModel,"int, int",0,0,15
pdfbox\src\main\java\org\apache\pdfbox\pdmodel\PDDocument.java,saveIncremental,"FileInputStream, OutputStream",6,0,3
pdfbox\src\main\java\org\apache\pdfbox\pdmodel\encryption\PDEncryptionDictionary.java,getCryptFilterDictionary,COSName,0,0,4
jempbox\src\main\java\org\apache\jempbox\xmp\XMPSchemaRightsManagement.java,getWebStatement,,0,0,4
pdfbox\src\main\java\org\apache\pdfbox\pdmodel\documentinterchange\taggedpdf\PDLayoutAttributeObject.java,setColumnGaps,float[],0,0,2
pdfbox\src\main\java\org\apache\pdfbox\pdfwriter\COSWriter.java,visitFromNull,COSNull,0,0,6
pdfbox\src\main\java\org\apache\pdfbox\pdmodel\interactive\documentnavigation\destination\PDPageFitRectangleDestination.java,<init>,COSArray,0,0,20
pdfbox\src\main\java\org\apache\pdfbox\pdmodel\documentinterchange\taggedpdf\PDStandardAttributeObject.java,setNumber,"String, int",1,0,67
pdfbox\src\main\java\org\apache\pdfbox\filter\LZWNode.java,childCount,,0,0,2
jempbox\src\main\java\org\apache\jempbox\xmp\XMPSchemaPDF.java,getKeywords,,0,0,4
pdfbox\src\main\java\org\apache\pdfbox\pdmodel\interactive\documentnavigation\outline\PDOutlineNode.java,closeNode,,0,0,6
pdfbox\src\main\java\org\apache\pdfbox\pdmodel\documentinterchange\logicalstructure\PDStructureNode.java,insertBefore,"PDStructureElement, Object",0,0,3
preflight\src\main\java\org\apache\pdfbox\preflight\process\reflect\FontValidationProcess.java,getFontValidator,"PreflightContext, PDFont",2,0,8
pdfbox\src\main\java\org\apache\pdfbox\pdmodel\interactive\action\type\PDActionURI.java,setS,String,0,0,2
pdfbox\src\main\java\org\apache\pdfbox\pdmodel\fdf\FDFIconFit.java,getScaleOption,,0,0,3
pdfbox\src\main\java\org\apache\pdfbox\pdmodel\interactive\annotation\PDAppearanceCharacteristicsDictionary.java,setBackground,PDGamma,0,0,2
pdfbox\src\main\java\org\apache\pdfbox\pdmodel\graphics\xobject\PDXObject.java,setStructParent,int,0,0,1
pdfbox\src\main\java\org\apache\pdfbox\pdmodel\fdf\FDFAnnotationHighlight.java,<init>,COSDictionary,0,0,2
preflight\src\main\java\org\apache\pdfbox\preflight\process\BookmarkValidationProcess.java,exploreOutlineLevel,"PreflightContext, PDOutlineItem",0,0,13
pdfbox\src\main\java\org\apache\pdfbox\util\PDFOperator.java,toString,,0,0,1
pdfbox\src\main\java\org\apache\pdfbox\pdmodel\common\COSStreamArray.java,createFilteredStream,,0,0,1
pdfbox\src\main\java\org\apache\pdfbox\pdmodel\PDPage.java,findCropBox,,0,0,47
pdfbox\src\main\java\org\apache\pdfbox\pdmodel\interactive\annotation\PDAnnotation.java,getAnnotationName,,0,0,2
pdfbox\src\main\java\org\apache\pdfbox\util\PDFImageWriter.java,<init>,,0,0,7
xmpbox\src\main\java\org\apache\xmpbox\type\ResourceRefType.java,setFilePath,String,4,0,4
preflight\src\main\java\org\apache\pdfbox\preflight\process\reflect\SinglePageValidationProcess.java,validateResources,"PreflightContext, PDPage",0,0,1
preflight\src\main\java\org\apache\pdfbox\preflight\graphic\DeviceColorSpaceHelper.java,processDeviceNColorSpace,PDColorSpace,0,0,2
pdfbox\src\main\java\org\apache\pdfbox\pdmodel\fdf\FDFAnnotationLine.java,<init>,COSDictionary,0,0,3
pdfbox\src\main\java\org\apache\pdfbox\pdmodel\documentinterchange\taggedpdf\PDLayoutAttributeObject.java,setTextDecorationColor,PDGamma,0,0,2
jempbox\src\main\java\org\apache\jempbox\xmp\XMPSchemaBasic.java,removeAdvisory,String,0,0,2
fontbox\src\main\java\org\apache\fontbox\cff\DataInput.java,readBytes,int,0,0,1
pdfbox\src\main\java\org\apache\pdfbox\pdmodel\common\filespecification\PDComplexFileSpecification.java,getFileDescription,,0,0,4
pdfbox\src\main\java\org\apache\pdfbox\pdmodel\fdf\FDFAnnotation.java,getCreationDate,,0,0,2
pdfbox\src\main\java\org\apache\pdfbox\pdmodel\font\PDTrueTypeFont.java,<init>,COSDictionary,64,0,3
pdfbox\src\main\java\org\apache\pdfbox\pdmodel\documentinterchange\taggedpdf\PDLayoutAttributeObject.java,setAllColumnWidths,float,0,0,3
fontbox\src\main\java\org\apache\fontbox\ttf\CMAPTable.java,initData,"TrueTypeFont, TTFDataStream",8,0,2
pdfbox\src\main\java\org\apache\pdfbox\pdmodel\interactive\documentnavigation\destination\PDPageFitRectangleDestination.java,getBottom,,0,0,4
jempbox\src\main\java\org\apache\jempbox\xmp\XMPSchemaIptc4xmpCore.java,setCiAdrCtry,String,0,0,2
pdfbox\src\main\java\org\apache\pdfbox\pdmodel\font\PDFontDescriptorDictionary.java,getDescent,,0,0,7
pdfbox\src\main\java\org\apache\pdfbox\pdmodel\interactive\documentnavigation\outline\PDDocumentOutline.java,<init>,,0,0,1
pdfbox\src\main\java\org\apache\pdfbox\cos\COSName.java,<init>,"String, boolean",5,3,1706
pdfbox\src\main\java\org\apache\pdfbox\io\ccitt\CCITTFaxG31DDecodeInputStream.java,buildUpMakeUp,"short[], CCITTFaxG31DDecodeInputStream$NonLeafLookupTreeNode",0,0,2
preflight\src\main\java\org\apache\pdfbox\preflight\process\reflect\ResourcesValidationProcess.java,validate,PreflightContext,0,0,2
pdfbox\src\main\java\org\apache\pdfbox\pdmodel\fdf\FDFField.java,getValue,,0,0,11
jempbox\src\main\java\org\apache\jempbox\impl\XMLUtil.java,setStringValue,"Element, String, String",0,0,43
preflight\src\main\java\org\apache\pdfbox\preflight\font\TrueTypeFontValidator.java,checkEncoding,,0,0,5
xmpbox\src\main\java\org\apache\xmpbox\type\TypeMapping.java,createDate,"String, String, String, Calendar",0,0,32
xmpbox\src\main\java\org\apache\xmpbox\schema\XMPSchema.java,merge,XMPSchema,0,0,5
pdfbox\src\main\java\org\apache\pdfbox\pdmodel\fdf\FDFAnnotation.java,getDate,,0,0,3
xmpbox\src\main\java\org\apache\xmpbox\schema\PhotoshopSchema.java,setAuthorsPositionProperty,TextType,0,0,9
pdfbox\src\main\java\org\apache\pdfbox\pdmodel\documentinterchange\taggedpdf\PDLayoutAttributeObject.java,setAllTBorderStyles,String,0,0,4
preflight\src\main\java\org\apache\pdfbox\preflight\action\HideAction.java,innerValid,,0,0,2
pdfbox\src\main\java\org\apache\pdfbox\pdmodel\font\PDType1Font.java,getFontMatrix,,0,0,5
fontbox\src\main\java\org\apache\fontbox\ttf\TTFTable.java,<init>,,0,0,34
pdfbox\src\main\java\org\apache\pdfbox\pdmodel\documentinterchange\taggedpdf\PDExportFormatAttributeObject.java,setSummary,String,0,0,4
pdfbox\src\main\java\org\apache\pdfbox\pdmodel\interactive\digitalsignature\visible\PDVisibleSigBuilder.java,appendRawCommands,"OutputStream, String",0,0,2
pdfbox\src\main\java\org\apache\pdfbox\cos\COSDictionary.java,getInt,"COSName, COSName",0,0,14
pdfbox\src\main\java\org\apache\pdfbox\pdmodel\graphics\xobject\PDXObjectImage.java,setHeight,int,0,0,1
pdfbox\src\main\java\org\apache\pdfbox\pdmodel\interactive\annotation\PDAnnotationRubberStamp.java,<init>,COSDictionary,0,0,7
pdfbox\src\main\java\org\apache\pdfbox\pdmodel\interactive\annotation\PDBorderStyleDictionary.java,setDashStyle,PDLineDashPattern,0,0,5
xmpbox\src\main\java\org\apache\xmpbox\schema\AdobePDFSchema.java,getKeywordsProperty,,0,0,4
pdfbox\src\main\java\org\apache\pdfbox\util\operator\SetStrokingColorSpace.java,process,"PDFOperator, List",0,0,5
preflight\src\main\java\org\apache\pdfbox\preflight\font\CIDType0FontValidator.java,<init>,"PreflightContext, PDFont",0,0,4
pdfbox\src\main\java\org\apache\pdfbox\pdmodel\common\PDTextStream.java,<init>,COSStream,0,0,10
pdfbox\src\main\java\org\apache\pdfbox\pdmodel\documentinterchange\logicalstructure\PDStructureElement.java,getRevisionNumber,,0,0,20
pdfbox\src\main\java\org\apache\pdfbox\pdmodel\PDDocumentCatalog.java,getMarkInfo,,0,0,4
pdfbox\src\main\java\org\apache\pdfbox\pdmodel\common\COSArrayList.java,addAll,Collection,0,0,6
pdfbox\src\main\java\org\apache\pdfbox\pdmodel\graphics\xobject\PDXObjectForm.java,getResources,,0,0,4
pdfbox\src\main\java\org\apache\pdfbox\pdmodel\documentinterchange\taggedpdf\PDLayoutAttributeObject.java,setEndIndent,int,0,0,4
pdfbox\src\main\java\org\apache\pdfbox\io\ccitt\PackedBitArray.java,setBits,"int, int",0,0,33
pdfbox\src\main\java\org\apache\pdfbox\pdmodel\graphics\color\PDDeviceNAttributes.java,<init>,COSDictionary,0,0,5
pdfbox\src\main\java\org\apache\pdfbox\pdmodel\common\function\PDFunctionType3.java,<init>,COSBase,0,0,23
pdfbox\src\main\java\org\apache\pdfbox\pdmodel\interactive\form\PDField.java,setAlternateFieldName,String,0,0,1
preflight\src\main\java\org\apache\pdfbox\preflight\font\TrueTypeFontValidator.java,createFontDescriptorHelper,,1,0,4
pdfbox\src\main\java\org\apache\pdfbox\pdmodel\documentinterchange\logicalstructure\PDUserProperty.java,getFormattedValue,,0,0,8
pdfbox\src\main\java\org\apache\pdfbox\pdmodel\edit\PDPageContentStream.java,beginText,,0,0,7
pdfbox\src\main\java\org\apache\pdfbox\pdmodel\documentinterchange\prepress\PDBoxStyle.java,<init>,COSDictionary,0,0,13
pdfbox\src\main\java\org\apache\pdfbox\pdmodel\documentinterchange\logicalstructure\PDStructureElement.java,setRevisionNumber,int,0,0,4
pdfbox\src\main\java\org\apache\pdfbox\cos\COSArray.java,accept,ICOSVisitor,11,0,27
xmpbox\src\main\java\org\apache\xmpbox\schema\PDFAIdentificationSchema.java,getAmd,,0,0,4
jempbox\src\main\java\org\apache\jempbox\impl\XMLUtil.java,getElement,"Element, String",7,0,101
pdfbox\src\main\java\org\apache\pdfbox\pdmodel\fdf\FDFAnnotation.java,setPrinted,boolean,0,0,2
preflight\src\main\java\org\apache\pdfbox\preflight\content\StubOperator.java,createInvalidArgumentsError,,0,0,1
pdfbox\src\main\java\org\apache\pdfbox\pdmodel\fdf\FDFAnnotationCaret.java,<init>,Element,0,0,2
pdfbox\src\main\java\org\apache\pdfbox\filter\ASCII85Filter.java,<init>,,0,0,132
jempbox\src\main\java\org\apache\jempbox\xmp\pdfa\XMPMetadataPDFA.java,<init>,Document,0,0,10
pdfbox\src\main\java\org\apache\pdfbox\pdmodel\graphics\shading\PDShadingType6.java,<init>,COSDictionary,0,0,5
pdfbox\src\main\java\org\apache\pdfbox\pdmodel\graphics\predictor\Sub.java,encodeLine,"byte[], byte[], int, int, int, int",0,0,45
pdfbox\src\main\java\org\apache\pdfbox\pdmodel\documentinterchange\logicalstructure\PDAttributeObject.java,<init>,,0,0,211
preflight\src\main\java\org\apache\pdfbox\preflight\process\PageTreeValidationProcess.java,<init>,,0,0,3
pdfbox\src\main\java\org\apache\pdfbox\io\ASCII85InputStream.java,read,"byte[], int, int",0,0,11
pdfbox\src\main\java\org\apache\pdfbox\pdmodel\interactive\digitalsignature\visible\PDVisibleSigBuilder.java,createHolderFormResources,,0,0,1
pdfbox\src\main\java\org\apache\pdfbox\pdmodel\documentinterchange\logicalstructure\PDStructureElement.java,appendKid,PDMarkedContentReference,0,0,2
pdfbox\src\main\java\org\apache\pdfbox\pdmodel\documentinterchange\logicalstructure\PDMarkInfo.java,<init>,,0,0,10
pdfbox\src\main\java\org\apache\pdfbox\util\operator\pagedrawer\SetLineDashPattern.java,process,"PDFOperator, List",0,0,4
pdfbox\src\main\java\org\apache\pdfbox\pdmodel\PDDocumentCatalog.java,getPageLayout,,0,0,1
pdfbox\src\main\java\org\apache\pdfbox\pdmodel\fdf\FDFTemplate.java,<init>,,0,0,14
fontbox\src\main\java\org\apache\fontbox\cff\IndexData.java,<init>,int,0,0,1
preflight\src\main\java\org\apache\pdfbox\preflight\font\container\Type0Container.java,isEmbeddedFont,,0,0,15
examples\src\main\java\org\apache\pdfbox\examples\util\ExtractTextByArea.java,usage,,0,0,1
pdfbox\src\main\java\org\apache\pdfbox\pdmodel\graphics\xobject\CompositeImage.java,createStencilMaskedImage,COSArray,0,0,4
jempbox\src\main\java\org\apache\jempbox\xmp\XMPSchemaBasic.java,getRating,,0,0,4
jempbox\src\main\java\org\apache\jempbox\xmp\XMPSchemaPhotoshop.java,getCity,,0,0,3
pdfbox\src\main\java\org\apache\pdfbox\pdmodel\graphics\color\PDIndexed.java,getBaseColorModel,int,4,0,27
jempbox\src\main\java\org\apache\jempbox\xmp\XMPSchemaPhotoshop.java,getCountry,,0,0,3
pdfbox\src\main\java\org\apache\pdfbox\pdfwriter\COSStandardOutputStream.java,checkPos,,15,0,3194
pdfbox\src\main\java\org\apache\pdfbox\pdmodel\PDDocumentNameDictionary.java,getEmbeddedFiles,,0,0,3
pdfbox\src\main\java\org\apache\pdfbox\pdmodel\graphics\shading\RadialShadingContext.java,<init>,"PDShadingType3, ColorModel, AffineTransform, Matrix, int",0,0,1
pdfbox\src\main\java\org\apache\pdfbox\filter\TIFFFaxDecoder.java,decode1D,"byte[], byte[], int, int",0,0,13
pdfbox\src\main\java\org\apache\pdfbox\pdmodel\interactive\measurement\PDViewportDictionary.java,getName,,0,0,4
pdfbox\src\main\java\org\apache\pdfbox\pdmodel\common\function\PDFunctionType0.java,getSize,,0,0,5
pdfbox\src\main\java\org\apache\pdfbox\Overlay.java,getDocument,String,0,0,2
pdfbox\src\main\java\org\apache\pdfbox\ImportXFDF.java,usage,,0,0,2
xmpbox\src\main\java\org\apache\xmpbox\schema\PhotoshopSchema.java,getICCProfile,,0,0,15
pdfbox\src\main\java\org\apache\pdfbox\pdmodel\interactive\annotation\PDExternalDataDictionary.java,getType,,0,0,2
preflight\src\main\java\org\apache\pdfbox\preflight\process\reflect\TilingPatternValidationProcess.java,validate,PreflightContext,2,0,3
jempbox\src\main\java\org\apache\jempbox\xmp\ResourceRef.java,getVersionID,,0,0,3
preflight\src\main\java\org\apache\pdfbox\preflight\annotation\PrintMarkAnnotationValidator.java,checkMandatoryFields,,0,0,3
preflight\src\main\java\org\apache\pdfbox\preflight\PreflightConfiguration.java,getPageValidationProcessNames,,0,0,1
pdfbox\src\main\java\org\apache\pdfbox\pdmodel\interactive\documentnavigation\outline\PDOutlineItem.java,setItalic,boolean,1,0,1
xmpbox\src\main\java\org\apache\xmpbox\schema\PDFAIdentificationSchema.java,getConformanceProperty,,0,0,8
pdfbox\src\main\java\org\apache\pdfbox\cos\COSDictionary.java,setItem,"String, COSBase",1,0,270
preflight\src\main\java\org\apache\pdfbox\preflight\font\FontValidator.java,isSubSet,String,1,0,17
jempbox\src\main\java\org\apache\jempbox\xmp\XMPSchemaMediaManagement.java,setDocumentID,String,0,0,3
pdfbox\src\main\java\org\apache\pdfbox\pdmodel\interactive\documentnavigation\destination\PDNamedDestination.java,<init>,COSName,0,0,13
pdfbox\src\main\java\org\apache\pdfbox\cos\COSNull.java,<init>,,0,0,2
preflight\src\main\java\org\apache\pdfbox\preflight\font\Type3FontValidator.java,<init>,"PreflightContext, PDFont",0,0,1
xmpbox\src\main\java\org\apache\xmpbox\schema\XMPMediaManagementSchema.java,setOriginalDocumentIDProperty,TextType,0,0,8
pdfbox\src\main\java\org\apache\pdfbox\pdmodel\graphics\PDShading.java,toString,,0,0,1
pdfbox\src\main\java\org\apache\pdfbox\pdmodel\graphics\color\PDSeparation.java,getAlternateColorSpace,,0,0,15
pdfbox\src\main\java\org\apache\pdfbox\pdmodel\font\PDType1Font.java,<init>,,0,0,82
xmpbox\src\main\java\org\apache\xmpbox\type\ComplexPropertyContainer.java,containsProperty,AbstractField,1,1,981
preflight\src\main\java\org\apache\pdfbox\preflight\font\descriptor\FontDescriptorHelper.java,<init>,"PreflightContext, PDFont, FontContainer",0,0,54
preflight\src\main\java\org\apache\pdfbox\preflight\utils\COSUtils.java,isArray,"COSBase, COSDocument",0,0,1
examples\src\main\java\org\apache\pdfbox\examples\pdmodel\Annotation.java,main,String[],2259,0,3
pdfbox\src\main\java\org\apache\pdfbox\pdmodel\font\PDFontDescriptor.java,isSymbolic,,0,0,8
pdfbox\src\main\java\org\apache\pdfbox\util\LayerUtility.java,importPageAsForm,"PDDocument, PDPage",0,0,1
jempbox\src\main\java\org\apache\jempbox\xmp\XMPSchemaMediaManagement.java,setDerivedFrom,ResourceRef,0,0,3
pdfbox\src\main\java\org\apache\pdfbox\pdmodel\documentinterchange\logicalstructure\PDStructureElement.java,getAttributes,,0,0,5
pdfbox\src\main\java\org\apache\pdfbox\pdmodel\fdf\FDFDocument.java,close,,0,0,6
preflight\src\main\java\org\apache\pdfbox\preflight\parser\PreflightParser.java,<init>,"File, RandomAccess",8,0,25
pdfbox\src\main\java\org\apache\pdfbox\util\operator\SetNonStrokingColor.java,process,"PDFOperator, List",0,0,4
pdfbox\src\main\java\org\apache\pdfbox\io\PushBackInputStream.java,unread,byte[],0,0,9
pdfbox\src\main\java\org\apache\pdfbox\pdmodel\interactive\form\PDVariableText.java,setRichText,boolean,0,0,1
xmpbox\src\main\java\org\apache\xmpbox\type\TypeMapping.java,<init>,XMPMetadata,1907,1,1181
preflight\src\main\java\org\apache\pdfbox\preflight\font\container\TrueTypeContainer.java,<init>,PDFont,0,0,27
pdfbox\src\main\java\org\apache\pdfbox\pdmodel\documentinterchange\taggedpdf\PDLayoutAttributeObject.java,setWritingMode,String,0,0,6
pdfbox\src\main\java\org\apache\pdfbox\pdmodel\common\function\PDFunction.java,setRangeValues,COSArray,0,0,8
pdfbox\src\main\java\org\apache\pdfbox\pdmodel\interactive\action\type\PDActionRemoteGoTo.java,setS,String,0,0,2
pdfbox\src\main\java\org\apache\pdfbox\pdmodel\interactive\annotation\PDAnnotationText.java,setOpen,boolean,0,0,2
pdfbox\src\main\java\org\apache\pdfbox\pdmodel\interactive\action\type\PDActionURI.java,getBase,,0,0,4
pdfbox\src\main\java\org\apache\pdfbox\pdmodel\documentinterchange\logicalstructure\PDAttributeObject.java,isEmpty,,0,0,5
pdfbox\src\main\java\org\apache\pdfbox\pdmodel\interactive\annotation\PDAppearanceDictionary.java,setNormalAppearance,PDAppearanceStream,0,0,4
pdfbox\src\main\java\org\apache\pdfbox\cos\COSInteger.java,<init>,String,0,0,2
pdfbox\src\main\java\org\apache\pdfbox\cos\COSDocument.java,getObjectByType,String,0,0,1
examples\src\main\java\org\apache\pdfbox\examples\pdmodel\GoToSecondBookmarkOnOpen.java,main,String[],0,0,4
pdfbox\src\main\java\org\apache\pdfbox\pdmodel\interactive\annotation\PDAnnotation.java,setAnnotationName,String,0,0,2
xmpbox\src\main\java\org\apache\xmpbox\schema\DublinCoreSchema.java,getRights,,0,0,14
pdfbox\src\main\java\org\apache\pdfbox\cos\COSStream.java,getFilters,,0,0,155
jempbox\src\main\java\org\apache\jempbox\xmp\ResourceEvent.java,setMangagerVariant,String,0,0,2
pdfbox\src\main\java\org\apache\pdfbox\pdmodel\font\PDFont.java,isType1Font,,2,0,221
pdfbox\src\main\java\org\apache\pdfbox\pdmodel\interactive\annotation\PDAnnotation.java,isHidden,,0,0,2
pdfbox\src\main\java\org\apache\pdfbox\pdmodel\common\COSDictionaryMap.java,values,,0,0,2
pdfbox\src\main\java\org\apache\pdfbox\pdmodel\font\PDFontDescriptorAFM.java,setAverageWidth,float,0,0,2
pdfbox\src\main\java\org\apache\pdfbox\pdmodel\common\function\type4\InstructionSequence.java,addInteger,int,0,0,2
pdfbox\src\main\java\org\apache\pdfbox\cos\COSStream.java,<init>,"COSDictionary, RandomAccess",2,0,351
fontbox\src\main\java\org\apache\fontbox\afm\KernPair.java,<init>,,4,4,57138
preflight\src\main\java\org\apache\pdfbox\preflight\font\util\CIDToGIDMap.java,parseStream,COSStream,35,0,7
pdfbox\src\main\java\org\apache\pdfbox\pdmodel\interactive\form\PDAcroForm.java,setXFA,PDXFA,0,0,1
preflight\src\main\java\org\apache\pdfbox\preflight\xobject\AbstractXObjValidator.java,<init>,"PreflightContext, COSStream",0,0,2
pdfbox\src\main\java\org\apache\pdfbox\io\FastByteArrayOutputStream.java,<init>,int,0,0,3
pdfbox\src\main\java\org\apache\pdfbox\cos\COSDictionary.java,getKeyForValue,Object,0,0,11
pdfbox\src\main\java\org\apache\pdfbox\pdmodel\graphics\PDExtendedGraphicsState.java,getAlphaSourceFlag,,0,0,22
jempbox\src\main\java\org\apache\jempbox\xmp\pdfa\XMPMetadataPDFA.java,init,,0,0,20
pdfbox\src\main\java\org\apache\pdfbox\pdmodel\documentinterchange\taggedpdf\PDLayoutAttributeObject.java,setAllBorderColors,PDGamma,0,0,4
pdfbox\src\main\java\org\apache\pdfbox\filter\JBIG2Filter.java,<init>,,0,0,127
pdfbox\src\main\java\org\apache\pdfbox\pdmodel\interactive\annotation\PDBorderEffectDictionary.java,<init>,COSDictionary,0,0,7
xmpbox\src\main\java\org\apache\xmpbox\schema\XMPMediaManagementSchema.java,setInstanceID,String,1,0,5
xmpbox\src\main\java\org\apache\xmpbox\type\AbstractField.java,getAttribute,String,0,0,51
pdfbox\src\main\java\org\apache\pdfbox\pdmodel\graphics\predictor\PredictorAlgorithm.java,decode,"byte[], byte[]",1,0,32
pdfbox\src\main\java\org\apache\pdfbox\pdmodel\encryption\AccessPermission.java,<init>,byte[],0,0,7
pdfbox\src\main\java\org\apache\pdfbox\pdmodel\graphics\xobject\PDXObjectForm.java,<init>,COSStream,2,0,41
pdfbox\src\main\java\org\apache\pdfbox\filter\TIFFFaxDecoder.java,readEOL,,0,0,6
pdfbox\src\main\java\org\apache\pdfbox\util\ImageParameters.java,setBitsPerComponent,int,0,0,3
jempbox\src\main\java\org\apache\jempbox\xmp\ResourceRef.java,setVersionID,String,0,0,2
pdfbox\src\main\java\org\apache\pdfbox\util\operator\EndText.java,process,"PDFOperator, List",0,0,2
examples\src\main\java\org\apache\pdfbox\examples\persistence\CopyDoc.java,<init>,,0,0,5
pdfbox\src\main\java\org\apache\pdfbox\pdmodel\documentinterchange\logicalstructure\Revisions.java,getRevisionNumbers,,0,0,48
pdfbox\src\main\java\org\apache\pdfbox\pdmodel\PDPageNode.java,findMediaBox,,1,0,16
pdfbox\src\main\java\org\apache\pdfbox\pdmodel\interactive\annotation\PDAnnotationTextMarkup.java,getSubtype,,0,0,4
pdfbox\src\main\java\org\apache\pdfbox\pdmodel\interactive\action\type\PDActionURI.java,<init>,COSDictionary,0,0,20
pdfbox\src\main\java\org\apache\pdfbox\pdmodel\PDDocumentCatalog.java,setThreads,List,0,0,1
pdfbox\src\main\java\org\apache\pdfbox\pdmodel\graphics\PDExtendedGraphicsState.java,setOverprintMode,Float,0,0,18
preflight\src\main\java\org\apache\pdfbox\preflight\PreflightPath.java,pushObject,Object,0,0,41
pdfbox\src\main\java\org\apache\pdfbox\filter\FilterManager.java,getFilters,,0,0,1
xmpbox\src\main\java\org\apache\xmpbox\schema\XMPSchema.java,getBooleanPropertyValueAsSimple,String,0,0,7
pdfbox\src\main\java\org\apache\pdfbox\io\RandomAccessFileOutputStream.java,<init>,RandomAccess,0,0,150
pdfbox\src\main\java\org\apache\pdfbox\pdmodel\interactive\action\type\PDActionGoTo.java,getDestination,,0,0,5
fontbox\src\main\java\org\apache\fontbox\ttf\TTFDataStream.java,<init>,,0,0,6
pdfbox\src\main\java\org\apache\pdfbox\pdmodel\fdf\FDFField.java,getSetFieldFlags,,0,0,8
pdfbox\src\main\java\org\apache\pdfbox\pdmodel\interactive\annotation\PDBorderStyleDictionary.java,getWidth,,0,0,4
pdfbox\src\main\java\org\apache\pdfbox\pdmodel\documentinterchange\logicalstructure\PDStructureNode.java,removeKid,COSBase,0,0,14
pdfbox\src\main\java\org\apache\pdfbox\pdmodel\documentinterchange\logicalstructure\PDStructureElement.java,getTitle,,0,0,3
fontbox\src\main\java\org\apache\fontbox\afm\AFMParser.java,parseFontMetric,,3695,11,42
pdfbox\src\main\java\org\apache\pdfbox\pdmodel\graphics\color\PDSeparation.java,setColorantName,String,0,0,2
xmpbox\src\main\java\org\apache\xmpbox\schema\XMPSchema.java,<init>,XMPMetadata,9,0,592
pdfbox\src\main\java\org\apache\pdfbox\pdmodel\interactive\measurement\PDNumberFormatDictionary.java,setUnits,String,0,0,3
jempbox\src\main\java\org\apache\jempbox\xmp\XMPSchemaDublinCore.java,getFormat,,0,0,4
pdfbox\src\main\java\org\apache\pdfbox\pdmodel\graphics\color\PDICCBased.java,setNumberOfComponents,int,0,0,1
pdfbox\src\main\java\org\apache\pdfbox\pdmodel\font\PDCIDFont.java,getDefaultWidth,,0,0,11
pdfbox\src\main\java\org\apache\pdfbox\cos\COSArray.java,setName,"int, String",0,0,69
pdfbox\src\main\java\org\apache\pdfbox\io\PushBackInputStream.java,isEOF,,0,0,133
pdfbox\src\main\java\org\apache\pdfbox\pdmodel\graphics\color\PDICCBased.java,createColorModel,int,0,0,1
xmpbox\src\main\java\org\apache\xmpbox\schema\XMPMediaManagementSchema.java,getOriginalDocumentID,,0,0,4
jempbox\src\main\java\org\apache\jempbox\xmp\XMPMetadata.java,addDynamicMediaSchema,,0,0,3
fontbox\src\main\java\org\apache\fontbox\ttf\NamingTable.java,initData,"TrueTypeFont, TTFDataStream",8,0,2
pdfbox\src\main\java\org\apache\pdfbox\pdmodel\graphics\PDFontSetting.java,setFontSize,float,0,0,6
pdfbox\src\main\java\org\apache\pdfbox\pdmodel\interactive\action\type\PDAction.java,setType,String,1,0,77
pdfbox\src\main\java\org\apache\pdfbox\cos\COSNumber.java,get,String,0,0,36
pdfbox\src\main\java\org\apache\pdfbox\io\RandomAccessFileOutputStream.java,write,int,0,0,6
pdfbox\src\main\java\org\apache\pdfbox\pdmodel\graphics\predictor\Optimum.java,checkBufsiz,"byte[], byte[]",0,0,15
pdfbox\src\main\java\org\apache\pdfbox\pdmodel\font\PDFont.java,setBaseFont,String,0,0,71
pdfbox\src\main\java\org\apache\pdfbox\pdmodel\PDDocumentInformation.java,<init>,,0,0,44
pdfbox\src\main\java\org\apache\pdfbox\pdmodel\common\PDObjectStream.java,getNumberOfObjects,,0,0,4
xmpbox\src\main\java\org\apache\xmpbox\schema\PhotoshopSchema.java,getHistory,,0,0,11
pdfbox\src\main\java\org\apache\pdfbox\pdmodel\interactive\annotation\PDAnnotation.java,getStructParent,,0,0,1
pdfbox\src\main\java\org\apache\pdfbox\ImportFDF.java,importFDF,"PDDocument, FDFDocument",0,0,1
pdfbox\src\main\java\org\apache\pdfbox\pdmodel\interactive\digitalsignature\PDSeedValueMDP.java,<init>,COSDictionary,0,0,9
jempbox\src\main\java\org\apache\jempbox\xmp\pdfa\XMPMetadataPDFA.java,addPDFAIdSchema,,0,0,2
pdfbox\src\main\java\org\apache\pdfbox\pdmodel\encryption\AccessPermission.java,setPermissionBit,"int, boolean",0,0,651
xmpbox\src\main\java\org\apache\xmpbox\type\ComplexPropertyContainer.java,<init>,,0,0,1491
pdfbox\src\main\java\org\apache\pdfbox\pdmodel\graphics\predictor\None.java,decode,"byte[], byte[]",0,0,11
pdfbox\src\main\java\org\apache\pdfbox\pdmodel\common\COSArrayList.java,containsAll,Collection,0,0,3
pdfbox\src\main\java\org\apache\pdfbox\Encrypt.java,encrypt,String[],0,0,10
pdfbox\src\main\java\org\apache\pdfbox\util\Matrix.java,getValuesAsDouble,,0,0,1
pdfbox\src\main\java\org\apache\pdfbox\util\operator\SetNonStrokingDeviceN.java,process,"PDFOperator, List",0,0,1
preflight\src\main\java\org\apache\pdfbox\preflight\font\container\FontContainer.java,push,ValidationResult$ValidationError,0,0,49
pdfbox\src\main\java\org\apache\pdfbox\cos\COSDictionary.java,setEmbeddedString,"String, String, String",1,0,36
pdfbox\src\main\java\org\apache\pdfbox\pdmodel\documentinterchange\taggedpdf\PDExportFormatAttributeObject.java,toString,,1,0,11
pdfbox\src\main\java\org\apache\pdfbox\util\Splitter.java,setEndPage,int,0,0,3
xmpbox\src\main\java\org\apache\xmpbox\schema\XMPMediaManagementSchema.java,setRenditionClass,String,1,0,6
pdfbox\src\main\java\org\apache\pdfbox\cos\COSDictionary.java,setEmbeddedDate,"String, String, Calendar",24,0,12
jempbox\src\main\java\org\apache\jempbox\xmp\XMPSchemaRightsManagement.java,getCopyright,,0,0,4
jempbox\src\main\java\org\apache\jempbox\xmp\XMPSchema.java,getLanguageProperty,"String, String",1,0,27
pdfbox\src\main\java\org\apache\pdfbox\pdmodel\interactive\digitalsignature\visible\PDVisibleSigBuilder.java,createVisualSignature,PDDocument,0,0,2
jempbox\src\main\java\org\apache\jempbox\xmp\XMPSchemaDublinCore.java,getRightsLanguages,,0,0,3
pdfbox\src\main\java\org\apache\pdfbox\pdmodel\common\COSArrayList.java,convertStringListToCOSStringCOSArray,List,0,0,3
pdfbox\src\main\java\org\apache\pdfbox\pdmodel\fdf\FDFDictionary.java,setJavaScript,FDFJavaScript,0,0,2
pdfbox\src\main\java\org\apache\pdfbox\pdfwriter\COSFilterInputStream.java,read,"byte[], int, int",0,0,38
xmpbox\src\main\java\org\apache\xmpbox\type\VersionType.java,getEvent,,0,0,3
pdfbox\src\main\java\org\apache\pdfbox\pdmodel\graphics\color\PDCalGray.java,createColorSpace,,0,0,1
pdfbox\src\main\java\org\apache\pdfbox\pdmodel\documentinterchange\taggedpdf\PDArtifactMarkedContent.java,getSubtype,,0,0,3
xmpbox\src\main\java\org\apache\xmpbox\xml\XmpSerializationException.java,<init>,"String, Throwable",0,0,1
pdfbox\src\main\java\org\apache\pdfbox\pdmodel\documentinterchange\taggedpdf\PDExportFormatAttributeObject.java,getSummary,,0,0,5
xmpbox\src\main\java\org\apache\xmpbox\XMPMetadata.java,removeSchema,XMPSchema,0,0,18
pdfbox\src\main\java\org\apache\pdfbox\pdmodel\graphics\color\PDGamma.java,<init>,,1,0,38
pdfbox\src\main\java\org\apache\pdfbox\pdmodel\common\function\type4\InstructionSequenceBuilder.java,parseInt,String,0,0,7
pdfbox\src\main\java\org\apache\pdfbox\util\operator\SetNonStrokingPattern.java,process,"PDFOperator, List",0,0,5
pdfbox\src\main\java\org\apache\pdfbox\pdmodel\documentinterchange\logicalstructure\PDMarkInfo.java,usesUserProperties,,0,0,3
xmpbox\src\main\java\org\apache\xmpbox\schema\DublinCoreSchema.java,getIdentifierProperty,,0,0,15
pdfbox\src\main\java\org\apache\pdfbox\pdmodel\interactive\form\PDVariableText.java,setQ,int,0,0,2
pdfbox\src\main\java\org\apache\pdfbox\pdmodel\documentinterchange\taggedpdf\PDLayoutAttributeObject.java,setTextIndent,float,0,0,4
pdfbox\src\main\java\org\apache\pdfbox\pdmodel\interactive\form\PDXFA.java,getDocument,,7,0,2
preflight\src\main\java\org\apache\pdfbox\preflight\PreflightDocument.java,validate,,0,0,2
pdfbox\src\main\java\org\apache\pdfbox\pdfwriter\COSWriter.java,doWriteTrailer,COSDocument,16,0,10
pdfbox\src\main\java\org\apache\pdfbox\util\PDFMergerUtility.java,appendDocument,"PDDocument, PDDocument",0,0,2
pdfbox\src\main\java\org\apache\pdfbox\pdmodel\interactive\measurement\PDViewportDictionary.java,setBBox,PDRectangle,0,0,2
pdfbox\src\main\java\org\apache\pdfbox\io\ASCII85OutputStream.java,transformASCII85,,0,0,26
xmpbox\src\main\java\org\apache\xmpbox\schema\XMPSchema.java,getDatePropertyValueAsSimple,String,0,0,12
pdfbox\src\main\java\org\apache\pdfbox\pdmodel\common\filespecification\PDComplexFileSpecification.java,getFileDos,,0,0,8
pdfbox\src\main\java\org\apache\pdfbox\pdmodel\interactive\form\PDField.java,getParent,,0,0,5
pdfbox\src\main\java\org\apache\pdfbox\pdmodel\interactive\documentnavigation\outline\PDOutlineNode.java,updateParentOpenCount,int,0,0,14
xmpbox\src\main\java\org\apache\xmpbox\type\ResourceEventType.java,getAction,,0,0,4
pdfbox\src\main\java\org\apache\pdfbox\pdmodel\documentinterchange\taggedpdf\PDLayoutAttributeObject.java,getTextIndent,,0,0,16
pdfbox\src\main\java\org\apache\pdfbox\pdmodel\documentinterchange\taggedpdf\PDLayoutAttributeObject.java,setHeightAuto,,0,0,4
fontbox\src\main\java\org\apache\fontbox\ttf\PostScriptTable.java,initData,"TrueTypeFont, TTFDataStream",4,0,2
pdfbox\src\main\java\org\apache\pdfbox\pdmodel\graphics\optionalcontent\PDOptionalContentGroup.java,<init>,COSDictionary,0,0,1
pdfbox\src\main\java\org\apache\pdfbox\cos\COSDictionary.java,getBoolean,"String, boolean",0,0,33
jempbox\src\main\java\org\apache\jempbox\xmp\XMPSchemaRightsManagement.java,getMarked,,0,0,4
preflight\src\main\java\org\apache\pdfbox\preflight\metadata\PDFAIdentificationValidation.java,checkConformanceLevel,"List, String",0,0,5
pdfbox\src\main\java\org\apache\pdfbox\pdmodel\encryption\PublicKeySecurityHandler.java,decryptDocument,"PDDocument, DecryptionMaterial",0,0,2
pdfbox\src\main\java\org\apache\pdfbox\pdmodel\interactive\annotation\PDAnnotationRubberStamp.java,getName,,0,0,3
pdfbox\src\main\java\org\apache\pdfbox\pdmodel\common\PDStream.java,getFileFilters,,0,0,2
pdfbox\src\main\java\org\apache\pdfbox\pdmodel\documentinterchange\markedcontent\PDMarkedContent.java,getExpandedForm,,0,0,2
pdfbox\src\main\java\org\apache\pdfbox\encryption\ARCFour.java,write,"byte[], OutputStream",0,0,46
xmpbox\src\main\java\org\apache\xmpbox\schema\PhotoshopSchema.java,getAuthorsPositionProperty,,0,0,10
pdfbox\src\main\java\org\apache\pdfbox\pdmodel\documentinterchange\taggedpdf\PDStandardAttributeObject.java,getArrayOfString,String,0,0,14
pdfbox\src\main\java\org\apache\pdfbox\pdmodel\interactive\annotation\PDAnnotationLine.java,setStartPointEndingStyle,String,0,0,5
pdfbox\src\main\java\org\apache\pdfbox\cos\COSDictionary.java,getInt,"COSName, COSName, int",5,1,3146
pdfbox\src\main\java\org\apache\pdfbox\pdfwriter\COSStandardOutputStream.java,mark,,0,0,2
ant\src\main\java\org\apache\pdfbox\ant\PDFToTextTask.java,execute,,7,0,3
pdfbox\src\main\java\org\apache\pdfbox\pdmodel\font\Type3StreamParser.java,processOperator,"PDFOperator, List",8,0,5
pdfbox\src\main\java\org\apache\pdfbox\pdmodel\PDDocumentInformation.java,setTitle,String,0,0,3
pdfbox\src\main\java\org\apache\pdfbox\cos\COSArray.java,toString,,0,0,14
preflight\src\main\java\org\apache\pdfbox\preflight\metadata\SynchronizedMetaDataValidation.java,analyzeCreationDateProperty,"PDDocumentInformation, XMPBasicSchema, List",3,0,7
examples\src\main\java\org\apache\pdfbox\examples\pdmodel\CreateLandscapePDF.java,main,String[],3,0,4
pdfbox\src\main\java\org\apache\pdfbox\pdmodel\interactive\annotation\PDAnnotationMarkup.java,setConstantOpacity,float,0,0,4
pdfbox\src\main\java\org\apache\pdfbox\pdmodel\interactive\digitalsignature\PDPropBuildDataDict.java,getTrustedMode,,0,0,3
pdfbox\src\main\java\org\apache\pdfbox\pdmodel\graphics\xobject\PDXObjectImage.java,getDecode,,0,0,1
pdfbox\src\main\java\org\apache\pdfbox\pdmodel\interactive\digitalsignature\PDSeedValue.java,setFilterRequired,boolean,0,0,1
pdfbox\src\main\java\org\apache\pdfbox\pdmodel\common\PDStream.java,getDecodeParms,,0,0,3
pdfbox\src\main\java\org\apache\pdfbox\pdmodel\fdf\FDFDictionary.java,getPages,,0,0,3
pdfbox\src\main\java\org\apache\pdfbox\pdmodel\interactive\annotation\PDAnnotationLine.java,setCaptionPositioning,String,0,0,3
pdfbox\src\main\java\org\apache\pdfbox\pdmodel\graphics\pattern\PDTilingPatternResources.java,setPaintType,int,0,0,1
pdfbox\src\main\java\org\apache\pdfbox\pdmodel\common\filespecification\PDEmbeddedFile.java,setModDate,Calendar,1,0,1
xmpbox\src\main\java\org\apache\xmpbox\schema\DublinCoreSchema.java,setDescription,"String, String",0,0,5
examples\src\main\java\org\apache\pdfbox\examples\pdmodel\ImageToPDF.java,main,String[],0,0,2
pdfbox\src\main\java\org\apache\pdfbox\pdmodel\PDDocumentCatalog.java,setOutputIntents,List,0,0,2
jempbox\src\main\java\org\apache\jempbox\xmp\XMPSchemaIptc4xmpCore.java,setCiAdrCity,String,0,0,2
xmpbox\src\main\java\org\apache\xmpbox\type\ResourceRefType.java,getAlternatePathsProperty,,0,0,2
pdfbox\src\main\java\org\apache\pdfbox\pdmodel\documentinterchange\logicalstructure\PDStructureElement.java,removeKid,PDObjectReference,0,0,1
pdfbox\src\main\java\org\apache\pdfbox\pdfparser\PDFStreamParser.java,<init>,"InputStream, RandomAccess, boolean",2,0,78
pdfbox\src\main\java\org\apache\pdfbox\pdmodel\fdf\FDFTemplate.java,shouldRename,,0,0,3
pdfbox\src\main\java\org\apache\pdfbox\cos\COSBase.java,getFilterManager,,56,0,119
xmpbox\src\main\java\org\apache\xmpbox\type\AbstractComplexProperty.java,getAllProperties,,0,0,107
lucene\src\main\java\org\apache\pdfbox\lucene\IndexFiles.java,indexDocs,"File, String, boolean",1,0,2
pdfbox\src\main\java\org\apache\pdfbox\pdmodel\fdf\FDFField.java,setClearFieldFlags,Integer,0,0,4
pdfbox\src\main\java\org\apache\pdfbox\pdmodel\interactive\annotation\PDAnnotationPopup.java,<init>,COSDictionary,0,0,10
jempbox\src\main\java\org\apache\jempbox\xmp\XMPMetadata.java,merge,XMPMetadata,2,0,3
pdfbox\src\main\java\org\apache\pdfbox\util\DateConverter.java,toISO8601,Calendar,0,0,1
pdfbox\src\main\java\org\apache\pdfbox\pdmodel\graphics\shading\PDShadingResources.java,setAntiAlias,boolean,0,0,3
pdfbox\src\main\java\org\apache\pdfbox\pdmodel\font\PDFont.java,setEncoding,COSBase,0,0,73
pdfbox\src\main\java\org\apache\pdfbox\util\operator\BeginMarkedContentSequence.java,process,"PDFOperator, List",0,0,3
pdfbox\src\main\java\org\apache\pdfbox\pdmodel\interactive\form\PDSignatureField.java,getSeedValue,,0,0,1
pdfbox\src\main\java\org\apache\pdfbox\pdmodel\common\filespecification\PDEmbeddedFile.java,getCreationDate,,0,0,2
pdfbox\src\main\java\org\apache\pdfbox\pdmodel\fdf\FDFAnnotationInk.java,<init>,,0,0,12
preflight\src\main\java\org\apache\pdfbox\preflight\font\container\FontContainer.java,push,List,0,0,2
xmpbox\src\main\java\org\apache\xmpbox\type\TextType.java,setValue,Object,3,0,639
pdfbox\src\main\java\org\apache\pdfbox\pdmodel\font\PDFontDescriptorDictionary.java,getFontName,,0,0,27
jempbox\src\main\java\org\apache\jempbox\xmp\Thumbnail.java,setWidth,Integer,0,0,4
xmpbox\src\main\java\org\apache\xmpbox\schema\XMPRightsManagementSchema.java,getOwners,,0,0,3
pdfbox\src\main\java\org\apache\pdfbox\pdmodel\graphics\xobject\PDPixelMap.java,write2OutputStream,OutputStream,1,0,1
pdfbox\src\main\java\org\apache\pdfbox\pdmodel\interactive\digitalsignature\PDSeedValue.java,setAddRevInfoRequired,boolean,0,0,2
xmpbox\src\main\java\org\apache\xmpbox\type\VersionType.java,getComments,,0,0,5
xmpbox\src\main\java\org\apache\xmpbox\schema\XMPBasicSchema.java,<init>,XMPMetadata,1,0,38
preflight\src\main\java\org\apache\pdfbox\preflight\font\Type0FontValidator.java,createCIDType0FontValidator,COSDictionary,0,0,2
pdfbox\src\main\java\org\apache\pdfbox\pdmodel\common\PDRange.java,setMax,float,0,0,7
pdfbox\src\main\java\org\apache\pdfbox\pdmodel\PDJavascriptNameTreeNode.java,convertCOSToPD,COSBase,0,0,2
pdfbox\src\main\java\org\apache\pdfbox\cos\COSDocument.java,getScratchFile,,4,0,406
pdfbox\src\main\java\org\apache\pdfbox\TextToPDF.java,usage,,0,0,1
pdfbox\src\main\java\org\apache\pdfbox\util\PDFCloneUtility.java,cloneForNewDocument,Object,0,0,15
preflight\src\main\java\org\apache\pdfbox\preflight\font\container\FontContainer.java,isAlreadyComputedCid,int,0,0,10
pdfbox\src\main\java\org\apache\pdfbox\pdmodel\documentinterchange\logicalstructure\PDStructureElement.java,insertBefore,"PDObjectReference, Object",0,0,1
pdfbox\src\main\java\org\apache\pdfbox\pdmodel\graphics\color\ColorSpaceLab.java,fromCIEXYZ,float[],0,0,10
pdfbox\src\main\java\org\apache\pdfbox\cos\COSDocument.java,getObjectFromPool,COSObjectKey,0,0,24
fontbox\src\main\java\org\apache\fontbox\cff\CFFParser.java,readIndexData,CFFDataInput,1,0,1
pdfbox\src\main\java\org\apache\pdfbox\pdmodel\interactive\digitalsignature\PDPropBuildDataDict.java,getOS,,0,0,3
xmpbox\src\main\java\org\apache\xmpbox\type\ComplexPropertyContainer.java,getPropertiesByLocalName,String,4,2,1010
pdfbox\src\main\java\org\apache\pdfbox\pdmodel\interactive\digitalsignature\PDSeedValueTimeStamp.java,getCOSObject,,0,0,3
pdfbox\src\main\java\org\apache\pdfbox\pdmodel\interactive\annotation\PDAppearanceCharacteristicsDictionary.java,getRolloverCaption,,0,0,4
pdfbox\src\main\java\org\apache\pdfbox\pdmodel\graphics\PDGraphicsState.java,<init>,,12,0,112
pdfbox\src\main\java\org\apache\pdfbox\io\PushBackInputStream.java,read,"byte[], int, int",0,0,41
pdfbox\src\main\java\org\apache\pdfbox\util\PDFStreamEngine.java,setGraphicsStates,Map,0,0,1
pdfbox\src\main\java\org\apache\pdfbox\pdmodel\interactive\documentnavigation\destination\PDPageFitWidthDestination.java,setTop,int,0,0,5
pdfbox\src\main\java\org\apache\pdfbox\pdmodel\common\PDRectangle.java,createRetranslatedRectangle,,0,0,1
preflight\src\main\java\org\apache\pdfbox\preflight\font\util\FontMetaDataValidation.java,analyseRights,"XMPMetadata, PDFontDescriptor, List",0,0,8
pdfbox\src\main\java\org\apache\pdfbox\util\DateConverter.java,skipString,"String, String, ParsePosition",0,0,59
pdfbox\src\main\java\org\apache\pdfbox\io\ccitt\CCITTFaxG31DDecodeInputStream.java,<init>,"InputStream, int",2,0,8
pdfbox\src\main\java\org\apache\pdfbox\pdmodel\fdf\FDFDocument.java,loadXFDF,InputStream,14,0,3
pdfbox\src\main\java\org\apache\pdfbox\encryption\PDFEncryption.java,computeOwnerPassword,"byte[], byte[], int, int",4,0,9
pdfbox\src\main\java\org\apache\pdfbox\pdmodel\encryption\PDEncryptionDictionary.java,getRevision,,0,0,8
pdfbox\src\main\java\org\apache\pdfbox\pdmodel\encryption\SecurityHandler.java,proceedDecryption,,0,0,2
pdfbox\src\main\java\org\apache\pdfbox\pdmodel\interactive\action\PDAdditionalActions.java,<init>,,0,0,6
pdfbox\src\main\java\org\apache\pdfbox\util\operator\pagedrawer\AppendRectangleToPath.java,process,"PDFOperator, List",0,0,4
pdfbox\src\main\java\org\apache\pdfbox\pdmodel\interactive\form\PDVariableText.java,doNotScroll,,0,0,2
pdfbox\src\main\java\org\apache\pdfbox\pdmodel\common\function\PDFunction.java,getDomainForInput,int,0,0,5
pdfbox\src\main\java\org\apache\pdfbox\pdmodel\interactive\form\PDField.java,isRequired,,0,0,2
pdfbox\src\main\java\org\apache\pdfbox\pdmodel\fdf\FDFDictionary.java,setTarget,String,0,0,3
pdfbox\src\main\java\org\apache\pdfbox\pdmodel\documentinterchange\logicalstructure\PDStructureElement.java,removeAttribute,PDAttributeObject,0,0,5
pdfbox\src\main\java\org\apache\pdfbox\pdmodel\graphics\color\PDIndexed.java,getBaseColorSpace,,12,0,74
pdfbox\src\main\java\org\apache\pdfbox\pdmodel\documentinterchange\markedcontent\PDMarkedContent.java,addMarkedContent,PDMarkedContent,0,0,1
pdfbox\src\main\java\org\apache\pdfbox\pdmodel\graphics\predictor\PredictorAlgorithm.java,encode,"byte[], byte[]",1,0,32
pdfbox\src\main\java\org\apache\pdfbox\cos\COSBoolean.java,<init>,boolean,0,0,6
pdfbox\src\main\java\org\apache\pdfbox\pdmodel\graphics\color\PDICCBased.java,setRangeForComponent,"PDRange, int",0,0,1
examples\src\main\java\org\apache\pdfbox\examples\pdmodel\EmbeddedFiles.java,<init>,,0,0,4
preflight\src\main\java\org\apache\pdfbox\preflight\font\util\Type1Parser.java,convertListOfIntToByteArray,List,0,0,4
pdfbox\src\main\java\org\apache\pdfbox\pdmodel\font\PDFontDescriptorAFM.java,getAscent,,0,0,5
pdfbox\src\main\java\org\apache\pdfbox\pdmodel\common\function\type4\ExecutionContext.java,popNumber,,0,0,14
pdfbox\src\main\java\org\apache\pdfbox\cos\COSDocument.java,accept,ICOSVisitor,88,0,12
pdfbox\src\main\java\org\apache\pdfbox\cos\COSDictionary.java,getEmbeddedString,"String, String, String",0,0,33
jempbox\src\main\java\org\apache\jempbox\xmp\XMPSchemaPhotoshop.java,setSource,String,0,0,4
pdfbox\src\main\java\org\apache\pdfbox\pdmodel\interactive\digitalsignature\PDSignature.java,setReason,String,0,0,3
pdfbox\src\main\java\org\apache\pdfbox\cos\COSUnread.java,<init>,,0,0,13
jempbox\src\main\java\org\apache\jempbox\xmp\XMPSchemaMediaManagement.java,setManagedFrom,ResourceRef,0,0,4
preflight\src\main\java\org\apache\pdfbox\preflight\process\reflect\AnnotationValidationProcess.java,validate,PreflightContext,0,0,3
pdfbox\src\main\java\org\apache\pdfbox\pdmodel\interactive\action\type\PDActionLaunch.java,getFile,,0,0,3
pdfbox\src\main\java\org\apache\pdfbox\pdmodel\encryption\AccessPermission.java,setCanFillInForm,boolean,0,0,35
pdfbox\src\main\java\org\apache\pdfbox\cos\COSFloat.java,toString,,0,0,3
pdfbox\src\main\java\org\apache\pdfbox\pdmodel\interactive\annotation\PDBorderStyleDictionary.java,setStyle,String,0,0,3
pdfbox\src\main\java\org\apache\pdfbox\pdmodel\interactive\annotation\PDAnnotation.java,setAnnotationFlags,int,0,0,7
examples\src\main\java\org\apache\pdfbox\examples\pdmodel\PrintDocumentMetaData.java,<init>,,0,0,1
pdfbox\src\main\java\org\apache\pdfbox\pdmodel\common\function\PDFunctionType2.java,<init>,COSBase,0,0,62
pdfbox\src\main\java\org\apache\pdfbox\pdfviewer\PDFTreeModel.java,getChildCount,Object,0,0,7
pdfbox\src\main\java\org\apache\pdfbox\pdmodel\common\COSArrayList.java,indexOf,Object,0,0,2
pdfbox\src\main\java\org\apache\pdfbox\pdmodel\graphics\PDGraphicsState.java,getStrokeJavaComposite,,0,0,2
jempbox\src\main\java\org\apache\jempbox\xmp\ResourceEvent.java,getSoftwareAgent,,0,0,1
pdfbox\src\main\java\org\apache\pdfbox\pdmodel\interactive\documentnavigation\destination\PDNamedDestination.java,<init>,String,0,0,2
xmpbox\src\main\java\org\apache\xmpbox\schema\DublinCoreSchema.java,setTitle,String,0,0,7
pdfbox\src\main\java\org\apache\pdfbox\pdmodel\graphics\color\ColorSpaceCMYK.java,<init>,,0,0,22
pdfbox\src\main\java\org\apache\pdfbox\pdmodel\interactive\form\PDAcroForm.java,<init>,PDDocument,0,0,92
pdfbox\src\main\java\org\apache\pdfbox\pdmodel\interactive\annotation\PDAnnotationMarkup.java,getExternalData,,0,0,3
fontbox\src\main\java\org\apache\fontbox\ttf\MemoryTTFDataStream.java,readLong,,0,0,4
pdfbox\src\main\java\org\apache\pdfbox\filter\TIFFFaxDecoder.java,nextLesserThan8Bits,int,0,0,11
pdfbox\src\main\java\org\apache\pdfbox\pdmodel\interactive\action\type\PDActionLaunch.java,getO,,0,0,4
pdfbox\src\main\java\org\apache\pdfbox\pdmodel\interactive\digitalsignature\PDPropBuild.java,setPDPropBuildFilter,PDPropBuildDataDict,0,0,1
pdfbox\src\main\java\org\apache\pdfbox\pdmodel\documentinterchange\taggedpdf\PDExportFormatAttributeObject.java,getHeaders,,0,0,6
pdfbox\src\main\java\org\apache\pdfbox\pdmodel\interactive\action\type\PDActionLaunch.java,setWinLaunchParams,PDWindowsLaunchParams,0,0,3
pdfbox\src\main\java\org\apache\pdfbox\util\operator\pagedrawer\SetLineDashPattern.java,<init>,,0,0,11
pdfbox\src\main\java\org\apache\pdfbox\pdmodel\font\PDFont.java,getWidths,,0,0,12
preflight\src\main\java\org\apache\pdfbox\preflight\annotation\AnnotationValidatorFactory.java,<init>,,17,0,190
pdfbox\src\main\java\org\apache\pdfbox\encryption\PDFEncryption.java,computeUserPassword,"byte[], byte[], int, byte[], int, int",4,0,14
pdfbox\src\main\java\org\apache\pdfbox\pdmodel\PDPageNode.java,setCropBox,PDRectangle,0,0,3
preflight\src\main\java\org\apache\pdfbox\preflight\font\util\PeekInputStream.java,peek,,0,0,56
pdfbox\src\main\java\org\apache\pdfbox\io\ByteArrayPushBackInputStream.java,skip,long,0,0,5
pdfbox\src\main\java\org\apache\pdfbox\pdmodel\common\filespecification\PDFileSpecification.java,<init>,,0,0,100
xmpbox\src\main\java\org\apache\xmpbox\schema\XMPMediaManagementSchema.java,getVersions,,0,0,1
pdfbox\src\main\java\org\apache\pdfbox\util\operator\SetMoveAndShow.java,<init>,,0,0,16
xmpbox\src\main\java\org\apache\xmpbox\type\AbstractComplexProperty.java,getArrayProperty,String,0,0,13
pdfbox\src\main\java\org\apache\pdfbox\pdmodel\fdf\FDFAnnotationCaret.java,<init>,,0,0,2
xmpbox\src\main\java\org\apache\xmpbox\schema\DublinCoreSchema.java,addCreator,String,0,0,8
pdfbox\src\main\java\org\apache\pdfbox\pdmodel\graphics\PDExtendedGraphicsState.java,getSmoothnessTolerance,,0,0,31
xmpbox\src\main\java\org\apache\xmpbox\XMPMetadata.java,getXMPMediaManagementSchema,,0,0,18
pdfbox\src\main\java\org\apache\pdfbox\pdmodel\font\PDFontDescriptorAFM.java,setFontBoundingBox,PDRectangle,0,0,2
pdfbox\src\main\java\org\apache\pdfbox\pdmodel\encryption\PDEncryptionDictionary.java,getLength,,0,0,18
pdfbox\src\main\java\org\apache\pdfbox\PDFToImage.java,main,String[],67,0,10
pdfbox\src\main\java\org\apache\pdfbox\pdmodel\documentinterchange\taggedpdf\PDExportFormatAttributeObject.java,<init>,String,1,0,38
pdfbox\src\main\java\org\apache\pdfbox\pdmodel\interactive\action\type\PDActionRemoteGoTo.java,setFile,PDFileSpecification,0,0,2
examples\src\main\java\org\apache\pdfbox\examples\pdmodel\RubberStamp.java,main,String[],0,0,4
xmpbox\src\main\java\org\apache\xmpbox\schema\XMPSchema.java,getAboutValue,,0,0,9
fontbox\src\main\java\org\apache\fontbox\ttf\GlyphTable.java,initData,"TrueTypeFont, TTFDataStream",34,0,2
pdfbox\src\main\java\org\apache\pdfbox\pdmodel\graphics\color\PDOutputIntent.java,<init>,"PDDocument, InputStream",3,0,14
fontbox\src\main\java\org\apache\fontbox\afm\FontMetric.java,getCharacterHeight,String,0,0,1
pdfbox\src\main\java\org\apache\pdfbox\util\DateConverter.java,formatTZoffset,"long, String",14,0,32
pdfbox\src\main\java\org\apache\pdfbox\pdmodel\font\PDType0Font.java,getFontWidth,int,0,0,2
pdfbox\src\main\java\org\apache\pdfbox\pdmodel\interactive\digitalsignature\PDSignature.java,getLocation,,0,0,4
pdfbox\src\main\java\org\apache\pdfbox\pdmodel\graphics\color\PDCalGray.java,<init>,,0,0,19
pdfbox\src\main\java\org\apache\pdfbox\io\ASCII85OutputStream.java,flush,,0,0,11
pdfbox\src\main\java\org\apache\pdfbox\pdmodel\encryption\PDEncryptionDictionary.java,getStringFilterName,,0,0,2
fontbox\src\main\java\org\apache\fontbox\ttf\NameRecord.java,<init>,,0,0,44
pdfbox\src\main\java\org\apache\pdfbox\util\operator\pagedrawer\ClipEvenOddRule.java,<init>,,0,0,7
pdfbox\src\main\java\org\apache\pdfbox\util\operator\EndText.java,<init>,,0,0,30
xmpbox\src\main\java\org\apache\xmpbox\XMPMetadata.java,createAndAddPhotoshopSchema,,1,0,58
pdfbox\src\main\java\org\apache\pdfbox\util\operator\NextLine.java,process,"PDFOperator, List",1,0,2
pdfbox\src\main\java\org\apache\pdfbox\util\PDFTextStripper.java,matchPattern,"String, List",0,0,5
xmpbox\src\main\java\org\apache\xmpbox\type\TypeMapping.java,createURI,"String, String, String, String",0,0,3
pdfbox\src\main\java\org\apache\pdfbox\pdfparser\PDFParser.java,readVersionInTrailer,COSDictionary,0,0,4
pdfbox\src\main\java\org\apache\pdfbox\pdmodel\interactive\documentnavigation\destination\PDNamedDestination.java,<init>,COSString,0,0,4
xmpbox\src\main\java\org\apache\xmpbox\schema\XMPMediaManagementSchema.java,getInstanceID,,0,0,4
pdfbox\src\main\java\org\apache\pdfbox\pdmodel\PDDocumentInformation.java,getTrapped,,0,0,3
pdfbox\src\main\java\org\apache\pdfbox\Encrypt.java,<init>,,0,0,9
pdfbox\src\main\java\org\apache\pdfbox\pdmodel\graphics\color\PDLab.java,getBlackPoint,,0,0,14
pdfbox\src\main\java\org\apache\pdfbox\persistence\util\COSObjectKey.java,toString,,0,0,1
pdfbox\src\main\java\org\apache\pdfbox\pdmodel\interactive\measurement\PDRectlinearMeasureDictionary.java,getChangeYs,,0,0,4
xmpbox\src\main\java\org\apache\xmpbox\schema\XMPSchema.java,addSequenceDateValueAsSimple,"String, Calendar",0,0,16
pdfbox\src\main\java\org\apache\pdfbox\cos\COSFloat.java,equals,Object,0,0,33
pdfbox\src\main\java\org\apache\pdfbox\pdmodel\documentinterchange\taggedpdf\PDStandardAttributeObject.java,getNumber,"String, float",0,0,91
pdfbox\src\main\java\org\apache\pdfbox\pdmodel\interactive\annotation\PDAnnotationSquareCircle.java,<init>,String,0,0,19
preflight\src\main\java\org\apache\pdfbox\preflight\process\AcroFormValidationProcess.java,exploreFields,"PreflightContext, List",0,0,3
pdfbox\src\main\java\org\apache\pdfbox\pdmodel\font\PDFont.java,getType,,0,0,6
pdfbox\src\main\java\org\apache\pdfbox\pdmodel\graphics\xobject\PDXObjectImage.java,getSMaskImage,,0,0,21
pdfbox\src\main\java\org\apache\pdfbox\pdmodel\common\function\PDFunction.java,create,COSBase,0,0,12
pdfbox\src\main\java\org\apache\pdfbox\pdmodel\interactive\action\type\PDAction.java,<init>,,1,0,77
pdfbox\src\main\java\org\apache\pdfbox\util\operator\pagedrawer\FillNonZeroAndStrokePath.java,<init>,,0,0,9
pdfbox\src\main\java\org\apache\pdfbox\util\operator\MoveAndShow.java,process,"PDFOperator, List",2,0,2
pdfbox\src\main\java\org\apache\pdfbox\pdmodel\documentinterchange\logicalstructure\PDStructureElement.java,getActualText,,0,0,3
pdfbox\src\main\java\org\apache\pdfbox\pdmodel\graphics\shading\PDShadingType1.java,setMatrix,AffineTransform,0,0,1
pdfbox\src\main\java\org\apache\pdfbox\pdmodel\documentinterchange\taggedpdf\PDLayoutAttributeObject.java,getBorderColors,,0,0,11
pdfbox\src\main\java\org\apache\pdfbox\util\PDFTextStripperByArea.java,<init>,Properties,0,0,1
pdfbox\src\main\java\org\apache\pdfbox\pdmodel\PDDocumentCatalog.java,setStructureTreeRoot,PDStructureTreeRoot,0,0,1
pdfbox\src\main\java\org\apache\pdfbox\util\operator\pagedrawer\SetLineWidth.java,process,"PDFOperator, List",0,0,4
pdfbox\src\main\java\org\apache\pdfbox\cos\COSDictionary.java,setEmbeddedInt,"String, COSName, int",0,0,16
xmpbox\src\main\java\org\apache\xmpbox\xml\DomHelper.java,getElementChildren,Element,0,0,4
preflight\src\main\java\org\apache\pdfbox\preflight\action\GoToAction.java,innerValid,,0,0,4
fontbox\src\main\java\org\apache\fontbox\ttf\HeaderTable.java,initData,"TrueTypeFont, TTFDataStream",0,0,2
fontbox\src\main\java\org\apache\fontbox\ttf\CMAPEncodingEntry.java,processSubtype0,"TrueTypeFont, TTFDataStream",1,0,2
pdfbox\src\main\java\org\apache\pdfbox\pdmodel\common\COSArrayList.java,remove,Object,0,0,2
pdfbox\src\main\java\org\apache\pdfbox\pdmodel\PDPageNode.java,findRotation,,0,0,13
pdfbox\src\main\java\org\apache\pdfbox\pdmodel\PDDocumentCatalog.java,getAcroForm,,0,0,11
pdfbox\src\main\java\org\apache\pdfbox\util\operator\SetLineCapStyle.java,<init>,,0,0,29
pdfbox\src\main\java\org\apache\pdfbox\pdmodel\documentinterchange\logicalstructure\PDStructureElement.java,getRoleMap,,0,0,4
pdfbox\src\main\java\org\apache\pdfbox\pdmodel\documentinterchange\logicalstructure\PDUserProperty.java,setName,String,0,0,5
xmpbox\src\main\java\org\apache\xmpbox\type\ArrayProperty.java,<init>,"XMPMetadata, String, String, String, Cardinality",0,0,235
pdfbox\src\main\java\org\apache\pdfbox\pdmodel\documentinterchange\logicalstructure\PDStructureElement.java,getStructureTreeRoot,,0,0,4
xmpbox\src\main\java\org\apache\xmpbox\schema\DublinCoreSchema.java,setIdentifierProperty,TextType,0,0,3
pdfbox\src\main\java\org\apache\pdfbox\pdmodel\fdf\FDFIconFit.java,shouldScaleToFitAnnotation,,0,0,3
pdfbox\src\main\java\org\apache\pdfbox\pdmodel\common\filespecification\PDSimpleFileSpecification.java,setFile,String,0,0,3
preflight\src\main\java\org\apache\pdfbox\preflight\process\CatalogValidationProcess.java,validateActions,PreflightContext,0,0,1
fontbox\src\main\java\org\apache\fontbox\cmap\CMap.java,isInCodeSpaceRanges,"byte[], int, int",0,0,3
pdfbox\src\main\java\org\apache\pdfbox\pdmodel\graphics\color\PDGamma.java,setB,float,0,0,6
pdfbox\src\main\java\org\apache\pdfbox\io\IOUtils.java,copy,"InputStream, OutputStream",0,0,28
pdfbox\src\main\java\org\apache\pdfbox\util\Matrix.java,multiply,"Matrix, Matrix",0,0,25
pdfbox\src\main\java\org\apache\pdfbox\pdfwriter\COSStandardOutputStream.java,getFilterInputStream,int[],0,0,2
pdfbox\src\main\java\org\apache\pdfbox\pdmodel\interactive\digitalsignature\PDSeedValueTimeStamp.java,isTimestampRequired,,0,0,3
pdfbox\src\main\java\org\apache\pdfbox\pdmodel\fdf\FDFField.java,setClearFieldFlags,int,0,0,2
pdfbox\src\main\java\org\apache\pdfbox\cos\COSStream.java,setFilters,COSBase,0,0,32
pdfbox\src\main\java\org\apache\pdfbox\io\ASCII85InputStream.java,close,,0,0,5
pdfbox\src\main\java\org\apache\pdfbox\cos\COSDocument.java,close,,101,1,1004
pdfbox\src\main\java\org\apache\pdfbox\pdmodel\fdf\FDFDictionary.java,getTarget,,0,0,4
pdfbox\src\main\java\org\apache\pdfbox\pdmodel\fdf\FDFAnnotation.java,isReadOnly,,0,0,2
pdfbox\src\main\java\org\apache\pdfbox\io\RandomAccessBufferedFileInputStream.java,read,,0,0,9
preflight\src\main\java\org\apache\pdfbox\preflight\annotation\TextAnnotationValidator.java,<init>,"PreflightContext, COSDictionary",0,0,5
pdfbox\src\main\java\org\apache\pdfbox\pdmodel\encryption\PDEncryptionDictionary.java,setOwnerKey,byte[],0,0,4
pdfbox\src\main\java\org\apache\pdfbox\pdmodel\graphics\color\PDTristimulus.java,getZ,,0,0,15
pdfbox\src\main\java\org\apache\pdfbox\pdfparser\PDFParser.java,<init>,"InputStream, RandomAccess",0,0,9
xmpbox\src\main\java\org\apache\xmpbox\schema\DublinCoreSchema.java,getRightsProperty,,0,0,20
pdfbox\src\main\java\org\apache\pdfbox\pdmodel\documentinterchange\logicalstructure\PDUserAttributeObject.java,<init>,COSDictionary,0,0,14
xmpbox\src\main\java\org\apache\xmpbox\type\AbstractComplexProperty.java,addProperty,AbstractField,3,0,747
pdfbox\src\main\java\org\apache\pdfbox\exceptions\COSVisitorException.java,<init>,Exception,0,0,22
pdfbox\src\main\java\org\apache\pdfbox\pdmodel\fdf\FDFDictionary.java,setEncoding,String,0,0,1
fontbox\src\main\java\org\apache\fontbox\ttf\HorizontalMetricsTable.java,initData,"TrueTypeFont, TTFDataStream",0,0,2
pdfbox\src\main\java\org\apache\pdfbox\pdmodel\font\PDFontDescriptorAFM.java,setItalicAngle,float,0,0,2
pdfbox\src\main\java\org\apache\pdfbox\cos\COSDictionary.java,getDictionaryObject,"COSName, COSName",6,2,3526
pdfbox\src\main\java\org\apache\pdfbox\pdmodel\graphics\predictor\Up.java,<init>,,0,0,29
pdfbox\src\main\java\org\apache\pdfbox\pdmodel\PDDocument.java,getPageFormat,int,0,0,1
pdfbox\src\main\java\org\apache\pdfbox\pdmodel\fdf\FDFIconFit.java,setFractionalSpaceToAllocate,PDRange,0,0,3
pdfbox\src\main\java\org\apache\pdfbox\pdmodel\interactive\digitalsignature\visible\PDVisibleSignDesigner.java,<init>,"InputStream, InputStream, int",3,0,3
pdfbox\src\main\java\org\apache\pdfbox\pdmodel\interactive\digitalsignature\visible\PDVisibleSigBuilder.java,createHolderFormStream,PDDocument,1,0,2
preflight\src\main\java\org\apache\pdfbox\preflight\process\TrailerValidationProcess.java,checkLinearizedDictionnary,"PreflightContext, COSDictionary",0,0,2
pdfbox\src\main\java\org\apache\pdfbox\pdmodel\interactive\annotation\PDBorderEffectDictionary.java,<init>,,0,0,12
pdfbox\src\main\java\org\apache\pdfbox\pdmodel\encryption\AccessPermission.java,<init>,,0,0,47
pdfbox\src\main\java\org\apache\pdfbox\cos\COSDictionary.java,setFloat,"String, float",4,0,81
pdfbox\src\main\java\org\apache\pdfbox\pdmodel\font\FontManager.java,isBoldItalic,Font,69,0,418
pdfbox\src\main\java\org\apache\pdfbox\pdmodel\interactive\form\PDSignatureField.java,setValue,String,0,0,1
xmpbox\src\main\java\org\apache\xmpbox\XMPMetadata.java,getBasicJobTicketSchema,,0,0,21
preflight\src\main\java\org\apache\pdfbox\preflight\font\Type0FontValidator.java,validate,,0,0,2
pdfbox\src\main\java\org\apache\pdfbox\pdmodel\graphics\shading\PDShadingResources.java,<init>,COSDictionary,0,0,138
pdfbox\src\main\java\org\apache\pdfbox\pdmodel\encryption\DecryptionMaterial.java,<init>,,0,0,24
pdfbox\src\main\java\org\apache\pdfbox\pdmodel\interactive\action\type\PDActionGoTo.java,<init>,COSDictionary,0,0,4
pdfbox\src\main\java\org\apache\pdfbox\pdmodel\graphics\xobject\PDPixelMap.java,getRGBImage,,3,0,2
pdfbox\src\main\java\org\apache\pdfbox\pdmodel\interactive\form\PDAcroForm.java,getDefaultResources,,0,0,2
xmpbox\src\main\java\org\apache\xmpbox\schema\XMPRightsManagementSchema.java,setCertificate,String,3,0,15
pdfbox\src\main\java\org\apache\pdfbox\pdmodel\common\PDPageLabels.java,<init>,"PDDocument, COSDictionary",0,0,3
pdfbox\src\main\java\org\apache\pdfbox\pdmodel\encryption\BadSecurityHandlerException.java,<init>,Exception,0,0,1
examples\src\main\java\org\apache\pdfbox\examples\pdmodel\AddJavascript.java,usage,,0,0,2
examples\src\main\java\org\apache\pdfbox\examples\fdf\SetField.java,main,String[],0,0,4
jempbox\src\main\java\org\apache\jempbox\xmp\XMPMetadata.java,main,String[],15,0,1
xmpbox\src\main\java\org\apache\xmpbox\schema\PhotoshopSchema.java,getDateCreatedProperty,,0,0,17
xmpbox\src\main\java\org\apache\xmpbox\schema\XMPRightsManagementSchema.java,<init>,XMPMetadata,1,0,80
xmpbox\src\main\java\org\apache\xmpbox\XMPMetadata.java,getXMPBasicSchema,,0,0,28
pdfbox\src\main\java\org\apache\pdfbox\pdmodel\documentinterchange\taggedpdf\PDStandardAttributeObject.java,setInteger,"String, int",0,0,22
pdfbox\src\main\java\org\apache\pdfbox\cos\COSDictionary.java,setName,"COSName, String",8,1,1393
pdfbox\src\main\java\org\apache\pdfbox\pdmodel\documentinterchange\logicalstructure\PDMarkInfo.java,setMarked,boolean,0,0,3
jempbox\src\main\java\org\apache\jempbox\xmp\XMPSchemaPhotoshop.java,<init>,"Element, String",0,0,34
xmpbox\src\main\java\org\apache\xmpbox\schema\XMPRightsManagementSchema.java,setWebStatementProperty,URLType,0,0,6
preflight\src\main\java\org\apache\pdfbox\preflight\Format.java,valueOf,String,0,0,4
pdfbox\src\main\java\org\apache\pdfbox\pdmodel\documentinterchange\logicalstructure\PDAttributeObject.java,arrayToString,float[],1,0,13
preflight\src\main\java\org\apache\pdfbox\preflight\font\util\GlyphDetail.java,<init>,"int, GlyphException",0,0,6
xmpbox\src\main\java\org\apache\xmpbox\type\TypeMapping.java,getSpecifiedPropertyType,QName,0,0,4
pdfbox\src\main\java\org\apache\pdfbox\pdmodel\interactive\annotation\PDAnnotationMarkup.java,getRichContents,,0,0,3
xmpbox\src\main\java\org\apache\xmpbox\schema\PhotoshopSchema.java,addDocumentAncestors,String,0,0,4
pdfbox\src\main\java\org\apache\pdfbox\io\RandomAccessFile.java,length,,0,0,4
pdfbox\src\main\java\org\apache\pdfbox\util\ImageParameters.java,setColorSpace,PDColorSpace,0,0,9
preflight\src\main\java\org\apache\pdfbox\preflight\process\reflect\ResourcesValidationProcess.java,validateXObjects,"PreflightContext, PDResources",0,0,4
pdfbox\src\main\java\org\apache\pdfbox\pdmodel\documentinterchange\taggedpdf\PDLayoutAttributeObject.java,getTPadding,,0,0,17
pdfbox\src\main\java\org\apache\pdfbox\pdmodel\font\PDCIDFontType0Font.java,<init>,,0,0,17
examples\src\main\java\org\apache\pdfbox\examples\pdmodel\AddMessageToEachPage.java,main,String[],1,0,3
pdfbox\src\main\java\org\apache\pdfbox\pdmodel\font\PDSimpleFont.java,getSpaceWidth,,10,0,13
jempbox\src\main\java\org\apache\jempbox\impl\XMLUtil.java,newDocument,,682,0,278
pdfbox\src\main\java\org\apache\pdfbox\pdmodel\graphics\color\PDColorState.java,<init>,COSArray,1,0,10
pdfbox\src\main\java\org\apache\pdfbox\pdmodel\fdf\FDFField.java,<init>,,0,0,73
xmpbox\src\main\java\org\apache\xmpbox\type\LayerType.java,setLayerName,String,0,0,12
pdfbox\src\main\java\org\apache\pdfbox\pdmodel\common\function\PDFunctionType3.java,getFunctions,,0,0,2
pdfbox\src\main\java\org\apache\pdfbox\pdmodel\documentinterchange\logicalstructure\PDMarkInfo.java,isSuspect,,0,0,2
pdfbox\src\main\java\org\apache\pdfbox\pdmodel\interactive\annotation\PDAnnotationFileAttachment.java,setFile,PDFileSpecification,0,0,2
fontbox\src\main\java\org\apache\fontbox\cff\CFFDataInput.java,readCard8,,0,0,3
preflight\src\main\java\org\apache\pdfbox\preflight\annotation\WidgetAnnotationValidator.java,<init>,"PreflightContext, COSDictionary",0,0,7
xmpbox\src\main\java\org\apache\xmpbox\type\TypeMapping.java,initialize,,1906,30,1181
pdfbox\src\main\java\org\apache\pdfbox\pdmodel\interactive\form\PDAcroForm.java,importFDF,FDFDocument,0,0,2
pdfbox\src\main\java\org\apache\pdfbox\pdmodel\font\PDFontDescriptorDictionary.java,getStemV,,0,0,6
xmpbox\src\main\java\org\apache\xmpbox\type\Types.java,values,,1,1,1184
xmpbox\src\main\java\org\apache\xmpbox\type\DateType.java,setValueFromString,String,0,0,22
fontbox\src\main\java\org\apache\fontbox\cff\CFFDataInput.java,readOffSize,,0,0,2
pdfbox\src\main\java\org\apache\pdfbox\pdmodel\interactive\annotation\PDAnnotationWidget.java,<init>,COSDictionary,0,0,84
examples\src\main\java\org\apache\pdfbox\examples\pdmodel\ExtractTTFFonts.java,<init>,,0,0,3
pdfbox\src\main\java\org\apache\pdfbox\pdmodel\interactive\documentnavigation\destination\PDDestination.java,toString,,0,0,1
jempbox\src\main\java\org\apache\jempbox\xmp\XMPSchemaDublinCore.java,getRelationships,,0,0,2
pdfbox\src\main\java\org\apache\pdfbox\pdmodel\graphics\shading\PDShadingType1.java,getFunction,,0,0,2
pdfbox\src\main\java\org\apache\pdfbox\filter\FilterManager.java,getFilter,String,0,0,2
pdfbox\src\main\java\org\apache\pdfbox\pdmodel\documentinterchange\taggedpdf\PDLayoutAttributeObject.java,setTextIndent,int,0,0,3
fontbox\src\main\java\org\apache\fontbox\afm\AFMParser.java,parseCharMetric,,1810,115,12516
pdfbox\src\main\java\org\apache\pdfbox\pdmodel\documentinterchange\logicalstructure\PDObjectReference.java,getReferencedObject,,1,0,6
pdfbox\src\main\java\org\apache\pdfbox\pdmodel\interactive\digitalsignature\PDPropBuildDataDict.java,getNonEFontNoWarn,,0,0,2
pdfbox\src\main\java\org\apache\pdfbox\pdmodel\documentinterchange\logicalstructure\PDAttributeObject.java,getOwner,,0,0,75
pdfbox\src\main\java\org\apache\pdfbox\persistence\util\COSObjectKey.java,compareTo,COSObjectKey,0,0,6
pdfbox\src\main\java\org\apache\pdfbox\pdmodel\graphics\color\PDDeviceGray.java,createColorModel,int,0,0,11
jempbox\src\main\java\org\apache\jempbox\xmp\XMPSchemaDublinCore.java,addType,String,0,0,2
pdfbox\src\main\java\org\apache\pdfbox\pdmodel\interactive\digitalsignature\PDSeedValue.java,isSubFilterRequired,,0,0,3
pdfbox\src\main\java\org\apache\pdfbox\pdmodel\PDDocument.java,getSignatureDictionary,,0,0,2
pdfbox\src\main\java\org\apache\pdfbox\pdfwriter\COSWriter.java,visitFromArray,COSArray,12,0,29
pdfbox\src\main\java\org\apache\pdfbox\pdmodel\interactive\digitalsignature\PDSignature.java,getCOSObject,,0,0,3
jempbox\src\main\java\org\apache\jempbox\xmp\ResourceEvent.java,setParameters,String,0,0,3
pdfbox\src\main\java\org\apache\pdfbox\ExtractImages.java,extractImages,String[],0,0,4
pdfbox\src\main\java\org\apache\pdfbox\pdmodel\fdf\FDFDictionary.java,getFields,,0,0,13
pdfbox\src\main\java\org\apache\pdfbox\pdmodel\fdf\FDFDictionary.java,<init>,Element,0,0,13
pdfbox\src\main\java\org\apache\pdfbox\pdmodel\PDDocument.java,loadNonSeq,"File, RandomAccess",0,0,1
pdfbox\src\main\java\org\apache\pdfbox\pdmodel\interactive\annotation\PDAnnotationSquareCircle.java,setBorderEffect,PDBorderEffectDictionary,0,0,2
jempbox\src\main\java\org\apache\jempbox\xmp\XMPMetadata.java,getPagedTextSchema,,0,0,3
xmpbox\src\main\java\org\apache\xmpbox\schema\PhotoshopSchema.java,setSource,String,2,0,9
pdfbox\src\main\java\org\apache\pdfbox\pdfwriter\COSFilterInputStream.java,read,,0,0,63
pdfbox\src\main\java\org\apache\pdfbox\util\TextPosition.java,getDir,,0,0,6
preflight\src\main\java\org\apache\pdfbox\preflight\font\util\Type1.java,initEncodingWithStandardEncoding,,0,0,1
pdfbox\src\main\java\org\apache\pdfbox\encryption\PDFEncryption.java,encryptData,"long, long, byte[], InputStream, OutputStream",0,0,3
pdfbox\src\main\java\org\apache\pdfbox\pdmodel\fdf\FDFAnnotation.java,<init>,,1,0,93
pdfbox\src\main\java\org\apache\pdfbox\pdfparser\BaseParser.java,<init>,InputStream,0,0,10
pdfbox\src\main\java\org\apache\pdfbox\pdmodel\documentinterchange\taggedpdf\PDPrintFieldAttributeObject.java,getCheckedState,,0,0,4
pdfbox\src\main\java\org\apache\pdfbox\pdmodel\interactive\digitalsignature\PDPropBuild.java,setPDPropBuildApp,PDPropBuildDataDict,0,0,1
pdfbox\src\main\java\org\apache\pdfbox\pdmodel\documentinterchange\logicalstructure\PDStructureNode.java,createObject,COSBase,0,0,8
pdfbox\src\main\java\org\apache\pdfbox\pdmodel\interactive\annotation\PDAnnotation.java,isNoRotate,,0,0,2
pdfbox\src\main\java\org\apache\pdfbox\pdmodel\documentinterchange\logicalstructure\PDStructureElement.java,setAttributes,Revisions,0,0,7
pdfbox\src\main\java\org\apache\pdfbox\pdmodel\documentinterchange\taggedpdf\PDLayoutAttributeObject.java,getColumnCount,,0,0,17
jempbox\src\main\java\org\apache\jempbox\xmp\XMPSchemaPhotoshop.java,setInstructions,String,0,0,2
pdfbox\src\main\java\org\apache\pdfbox\util\PDFMergerUtility.java,mergeDocuments,,0,0,1
pdfbox\src\main\java\org\apache\pdfbox\pdmodel\interactive\digitalsignature\visible\PDVisibleSigBuilder.java,createSignatureImage,"PDDocument, InputStream",5,0,1
pdfbox\src\main\java\org\apache\pdfbox\ExtractText.java,main,String[],0,0,10
pdfbox\src\main\java\org\apache\pdfbox\pdmodel\graphics\PDExtendedGraphicsState.java,getStrokingOverprintControl,,0,0,19
pdfbox\src\main\java\org\apache\pdfbox\pdmodel\graphics\color\PDTristimulus.java,setZ,float,0,0,5
pdfbox\src\main\java\org\apache\pdfbox\pdmodel\graphics\color\PDGamma.java,getB,,0,0,6
pdfbox\src\main\java\org\apache\pdfbox\pdmodel\interactive\annotation\PDAnnotation.java,setNoZoom,boolean,0,0,1
preflight\src\main\java\org\apache\pdfbox\preflight\metadata\XpacketParsingException.java,<init>,"String, ValidationResult$ValidationError",0,0,1
pdfbox\src\main\java\org\apache\pdfbox\pdmodel\interactive\form\PDSignatureField.java,<init>,"PDAcroForm, COSDictionary",0,0,14
pdfbox\src\main\java\org\apache\pdfbox\pdmodel\encryption\PDStandardEncryption.java,canExtractForAccessibility,,0,0,2
preflight\src\main\java\org\apache\pdfbox\preflight\PreflightConfiguration.java,createPdfA1BConfiguration,,63,4,188
pdfbox\src\main\java\org\apache\pdfbox\pdmodel\interactive\measurement\PDRectlinearMeasureDictionary.java,setCoordSystemOrigin,float[],0,0,4
pdfbox\src\main\java\org\apache\pdfbox\pdmodel\documentinterchange\taggedpdf\PDFourColours.java,getEndColour,,0,0,4
pdfbox\src\main\java\org\apache\pdfbox\pdmodel\encryption\AccessPermission.java,setCanExtractContent,boolean,0,0,34
jempbox\src\main\java\org\apache\jempbox\xmp\XMPSchemaMediaManagement.java,getHistory,,0,0,3
pdfbox\src\main\java\org\apache\pdfbox\pdfparser\PDFStreamParser.java,<init>,PDStream,0,0,3
pdfbox\src\main\java\org\apache\pdfbox\io\ccitt\PackedBitArray.java,clear,,0,0,19
pdfbox\src\main\java\org\apache\pdfbox\pdfparser\PDFXRefStream.java,getWEntry,,0,0,5
pdfbox\src\main\java\org\apache\pdfbox\pdfwriter\COSWriter.java,<init>,"OutputStream, FileInputStream",3,0,13
pdfbox\src\main\java\org\apache\pdfbox\pdmodel\documentinterchange\logicalstructure\PDStructureElement.java,appendKid,PDMarkedContent,0,0,4
fontbox\src\main\java\org\apache\fontbox\afm\FontMetric.java,getCharacterWidth,String,0,0,66
jempbox\src\main\java\org\apache\jempbox\xmp\XMPSchemaMediaManagement.java,getDerivedFrom,,0,0,4
pdfbox\src\main\java\org\apache\pdfbox\pdmodel\font\PDType1Font.java,encodeToCID,"byte[], int, int",0,0,13
pdfbox\src\main\java\org\apache\pdfbox\pdmodel\interactive\pagenavigation\PDThreadBead.java,setPage,PDPage,0,0,1
pdfbox\src\main\java\org\apache\pdfbox\pdmodel\graphics\color\PDPattern.java,<init>,,0,0,11
pdfbox\src\main\java\org\apache\pdfbox\filter\JPXFilter.java,encode,"InputStream, OutputStream, COSDictionary, int",1,0,1
jempbox\src\main\java\org\apache\jempbox\impl\XMLUtil.java,setIntValue,"Element, String, Integer",3,0,14
pdfbox\src\main\java\org\apache\pdfbox\pdmodel\interactive\annotation\PDAnnotation.java,isInvisible,,0,0,2
pdfbox\src\main\java\org\apache\pdfbox\util\operator\pagedrawer\FillNonZeroAndStrokePath.java,process,"PDFOperator, List",0,0,2
pdfbox\src\main\java\org\apache\pdfbox\pdmodel\interactive\annotation\PDAppearanceCharacteristicsDictionary.java,getRotation,,0,0,4
pdfbox\src\main\java\org\apache\pdfbox\pdmodel\documentinterchange\taggedpdf\PDArtifactMarkedContent.java,isAttached,String,0,0,8
xmpbox\src\main\java\org\apache\xmpbox\schema\XMPSchema.java,reorganizeAltOrder,ComplexPropertyContainer,0,0,10
preflight\src\main\java\org\apache\pdfbox\preflight\font\container\FontContainer.java,<init>,PDFont,0,0,173
pdfbox\src\main\java\org\apache\pdfbox\pdfparser\VisualSignatureParser.java,skipToNextObj,,0,0,6
pdfbox\src\main\java\org\apache\pdfbox\pdmodel\documentinterchange\logicalstructure\PDDefaultAttributeObject.java,toString,,0,0,3
pdfbox\src\main\java\org\apache\pdfbox\pdmodel\common\PDStream.java,getFilters,,1,0,45
pdfbox\src\main\java\org\apache\pdfbox\pdmodel\PDDocumentInformation.java,getCreationDate,,5,0,10
jempbox\src\main\java\org\apache\jempbox\xmp\XMPSchemaPhotoshop.java,getUrgency,,0,0,3
pdfbox\src\main\java\org\apache\pdfbox\pdmodel\graphics\xobject\PDXObjectImage.java,getMask,,0,0,22
preflight\src\main\java\org\apache\pdfbox\preflight\xobject\AbstractXObjValidator.java,checkPostscriptXObject,,0,0,1
pdfbox\src\main\java\org\apache\pdfbox\pdmodel\common\COSArrayList.java,retainAll,Collection,0,0,3
pdfbox\src\main\java\org\apache\pdfbox\cos\COSDictionary.java,setItem,"COSName, COSBase",18,1,8589
pdfbox\src\main\java\org\apache\pdfbox\pdmodel\documentinterchange\taggedpdf\PDLayoutAttributeObject.java,getPlacement,,0,0,20
pdfbox\src\main\java\org\apache\pdfbox\pdfparser\PDFStreamParser.java,<init>,COSStream,0,0,23
pdfbox\src\main\java\org\apache\pdfbox\cos\COSFloat.java,removeNullDigits,String,3,2,2951
jempbox\src\main\java\org\apache\jempbox\xmp\XMPSchemaMediaManagement.java,getVersionID,,0,0,4
pdfbox\src\main\java\org\apache\pdfbox\pdmodel\encryption\PDStandardEncryption.java,setCanExtractContent,boolean,0,0,2
pdfbox\src\main\java\org\apache\pdfbox\pdmodel\PDDocumentCatalog.java,getOCProperties,,0,0,3
pdfbox\src\main\java\org\apache\pdfbox\pdmodel\common\PDNumberTreeNode.java,setLowerLimit,Integer,0,0,18
pdfbox\src\main\java\org\apache\pdfbox\pdmodel\documentinterchange\logicalstructure\PDUserAttributeObject.java,toString,,0,0,3
xmpbox\src\main\java\org\apache\xmpbox\schema\PhotoshopSchema.java,setHistory,String,1,0,7
pdfbox\src\main\java\org\apache\pdfbox\pdmodel\graphics\xobject\PDPixelMap.java,<init>,PDStream,0,0,13
pdfbox\src\main\java\org\apache\pdfbox\pdmodel\documentinterchange\logicalstructure\PDUserProperty.java,toString,,0,0,2
pdfbox\src\main\java\org\apache\pdfbox\pdmodel\PDPageNode.java,getMediaBox,,1,0,25
pdfbox\src\main\java\org\apache\pdfbox\cos\COSDictionary.java,setLong,"String, long",0,0,3
pdfbox\src\main\java\org\apache\pdfbox\util\PDFImageWriter.java,<init>,Properties,0,0,1
pdfbox\src\main\java\org\apache\pdfbox\pdmodel\interactive\digitalsignature\PDPropBuildDataDict.java,setRevision,long,0,0,2
pdfbox\src\main\java\org\apache\pdfbox\pdmodel\font\FontManager.java,getAwtFont,String,4,0,26
pdfbox\src\main\java\org\apache\pdfbox\pdmodel\interactive\digitalsignature\PDSignature.java,<init>,,0,0,73
xmpbox\src\main\java\org\apache\xmpbox\schema\XMPMediaManagementSchema.java,getManageTo,,0,0,4
pdfbox\src\main\java\org\apache\pdfbox\pdmodel\graphics\color\PDGamma.java,getR,,0,0,6
jempbox\src\main\java\org\apache\jempbox\xmp\XMPSchemaDublinCore.java,addContributor,String,0,0,5
jempbox\src\main\java\org\apache\jempbox\xmp\ResourceEvent.java,setMangagerTo,String,0,0,2
pdfbox\src\main\java\org\apache\pdfbox\pdmodel\documentinterchange\logicalstructure\PDDefaultAttributeObject.java,getAttributeNames,,0,0,5
preflight\src\main\java\org\apache\pdfbox\preflight\font\util\GlyphDescription.java,<init>,List,0,0,1
pdfbox\src\main\java\org\apache\pdfbox\pdmodel\interactive\form\PDChoiceField.java,setValue,String,0,0,1
jempbox\src\main\java\org\apache\jempbox\xmp\XMPSchema.java,addSequenceValue,"String, Elementable",0,0,3
preflight\src\main\java\org\apache\pdfbox\preflight\font\util\PeekInputStream.java,peek,int,0,0,3
pdfbox\src\main\java\org\apache\pdfbox\pdmodel\encryption\StandardSecurityHandler.java,<init>,StandardProtectionPolicy,0,0,25
pdfbox\src\main\java\org\apache\pdfbox\util\operator\SetWordSpacing.java,process,"PDFOperator, List",0,0,4
pdfbox\src\main\java\org\apache\pdfbox\pdmodel\interactive\documentnavigation\destination\PDPageXYZDestination.java,<init>,COSArray,0,0,14
pdfbox\src\main\java\org\apache\pdfbox\pdmodel\font\PDCIDFont.java,setDefaultWidth,long,0,0,1
fontbox\src\main\java\org\apache\fontbox\ttf\MemoryTTFDataStream.java,read,"byte[], int, int",0,0,112
jempbox\src\main\java\org\apache\jempbox\xmp\XMPSchemaDublinCore.java,getPublishers,,0,0,2
xmpbox\src\main\java\org\apache\xmpbox\schema\DublinCoreSchema.java,getPublishers,,0,0,13
preflight\src\main\java\org\apache\pdfbox\preflight\font\descriptor\CIDType0DescriptorHelper.java,checkCIDSet,PDFontDescriptorDictionary,0,0,2
xmpbox\src\main\java\org\apache\xmpbox\schema\DublinCoreSchema.java,getSubjectsProperty,,0,0,6
pdfbox\src\main\java\org\apache\pdfbox\pdmodel\documentinterchange\logicalstructure\PDStructureTreeRoot.java,<init>,COSDictionary,0,0,19
xmpbox\src\main\java\org\apache\xmpbox\schema\XMPMediaManagementSchema.java,setRenditionParamsProperty,TextType,0,0,5
pdfbox\src\main\java\org\apache\pdfbox\pdmodel\documentinterchange\logicalstructure\PDStructureElement.java,setClassNames,Revisions,0,0,6
pdfbox\src\main\java\org\apache\pdfbox\pdmodel\PDDocumentCatalog.java,setNames,PDDocumentNameDictionary,0,0,3
xmpbox\src\main\java\org\apache\xmpbox\schema\XMPMediaManagementSchema.java,addHistory,String,0,0,2
pdfbox\src\main\java\org\apache\pdfbox\pdmodel\fdf\FDFAnnotation.java,setColor,Color,0,0,3
pdfbox\src\main\java\org\apache\pdfbox\pdmodel\font\PDType0Font.java,<init>,COSDictionary,0,0,2
jempbox\src\main\java\org\apache\jempbox\xmp\XMPSchemaDublinCore.java,getTitle,String,0,0,3
preflight\src\main\java\org\apache\pdfbox\preflight\font\CIDType0FontValidator.java,createFontDescriptorHelper,,0,0,1
xmpbox\src\main\java\org\apache\xmpbox\type\ComplexPropertyContainer.java,addProperty,AbstractField,3,1,955
pdfbox\src\main\java\org\apache\pdfbox\cos\COSDocument.java,getObjectByType,COSName,0,0,10
pdfbox\src\main\java\org\apache\pdfbox\pdmodel\fdf\FDFOptionElement.java,getDefaultAppearanceString,,0,0,5
pdfbox\src\main\java\org\apache\pdfbox\pdmodel\graphics\color\PDIndexed.java,setHighValue,int,0,0,11
pdfbox\src\main\java\org\apache\pdfbox\util\PDFStreamEngine.java,<init>,,1,0,123
pdfbox\src\main\java\org\apache\pdfbox\pdmodel\fdf\FDFDictionary.java,setFile,PDFileSpecification,0,0,3
xmpbox\src\main\java\org\apache\xmpbox\XMPMetadata.java,createAndAddPDFAExtensionSchemaWithDefaultNS,,0,0,17
pdfbox\src\main\java\org\apache\pdfbox\pdmodel\font\PDType1Font.java,getStandardFont,String,0,0,3
pdfbox\src\main\java\org\apache\pdfbox\cos\COSDocument.java,getEncryptionDictionary,,0,0,2
pdfbox\src\main\java\org\apache\pdfbox\pdmodel\documentinterchange\logicalstructure\PDUserProperty.java,setHidden,boolean,0,0,2
pdfbox\src\main\java\org\apache\pdfbox\pdmodel\graphics\color\PDColorSpace.java,toString,,0,0,19
pdfbox\src\main\java\org\apache\pdfbox\pdmodel\documentinterchange\taggedpdf\PDLayoutAttributeObject.java,getTextDecorationColor,,0,0,16
pdfbox\src\main\java\org\apache\pdfbox\pdmodel\PDDocument.java,processListOfPageReferences,List,0,0,1
pdfbox\src\main\java\org\apache\pdfbox\pdmodel\common\COSDictionaryMap.java,get,Object,0,0,4
preflight\src\main\java\org\apache\pdfbox\preflight\xobject\XObjImageValidator.java,checkMandatoryFields,,0,0,1
xmpbox\src\main\java\org\apache\xmpbox\type\ResourceRefType.java,getLastModifyDate,,0,0,4
pdfbox\src\main\java\org\apache\pdfbox\pdfviewer\MapEntry.java,toString,,0,0,17
pdfbox\src\main\java\org\apache\pdfbox\pdmodel\interactive\digitalsignature\PDPropBuild.java,getApp,,0,0,3
pdfbox\src\main\java\org\apache\pdfbox\pdmodel\PDPageNode.java,<init>,COSDictionary,0,0,1309
pdfbox\src\main\java\org\apache\pdfbox\pdmodel\documentinterchange\taggedpdf\PDExportFormatAttributeObject.java,setRowSpan,int,0,0,4
pdfbox\src\main\java\org\apache\pdfbox\pdmodel\common\filespecification\PDComplexFileSpecification.java,setFileMac,String,0,0,5
pdfbox\src\main\java\org\apache\pdfbox\pdmodel\font\PDFontDescriptor.java,isScript,,0,0,2
pdfbox\src\main\java\org\apache\pdfbox\pdmodel\encryption\AccessPermission.java,canPrint,,0,0,13
pdfbox\src\main\java\org\apache\pdfbox\pdmodel\fdf\FDFDictionary.java,writeXML,Writer,0,0,10
pdfbox\src\main\java\org\apache\pdfbox\pdmodel\interactive\documentnavigation\destination\PDPageFitRectangleDestination.java,<init>,,0,0,16
pdfbox\src\main\java\org\apache\pdfbox\cos\COSDictionary.java,getFloat,String,1,0,54
preflight\src\main\java\org\apache\pdfbox\preflight\font\container\Type0Container.java,isValid,,0,0,10
jempbox\src\main\java\org\apache\jempbox\xmp\XMPSchemaDublinCore.java,getTitle,,0,0,4
pdfbox\src\main\java\org\apache\pdfbox\pdmodel\documentinterchange\taggedpdf\PDLayoutAttributeObject.java,getInlineAlign,,0,0,14
pdfbox\src\main\java\org\apache\pdfbox\pdmodel\encryption\StandardSecurityHandler.java,isUserPassword,"String, byte[], byte[], int, byte[], int, int, boolean",0,0,4
preflight\src\main\java\org\apache\pdfbox\preflight\process\StreamValidationProcess.java,checkFilters,"COSStream, PreflightContext",0,0,2
pdfbox\src\main\java\org\apache\pdfbox\pdmodel\interactive\action\PDPageAdditionalActions.java,setC,PDAction,0,0,2
pdfbox\src\main\java\org\apache\pdfbox\pdmodel\PDPageNode.java,updateCount,,3,0,28
pdfbox\src\main\java\org\apache\pdfbox\pdmodel\documentinterchange\taggedpdf\PDLayoutAttributeObject.java,setTextDecorationThickness,float,0,0,3
pdfbox\src\main\java\org\apache\pdfbox\pdmodel\graphics\color\PDICCBased.java,<init>,COSArray,0,0,3
pdfbox\src\main\java\org\apache\pdfbox\pdmodel\interactive\annotation\PDAnnotationLink.java,setPreviousURI,PDActionURI,0,0,2
pdfbox\src\main\java\org\apache\pdfbox\pdmodel\interactive\annotation\PDAnnotationMarkup.java,getReplyType,,0,0,3
pdfbox\src\main\java\org\apache\pdfbox\pdmodel\encryption\AccessPermission.java,canExtractContent,,0,0,14
pdfbox\src\main\java\org\apache\pdfbox\util\XMLUtil.java,parse,InputStream,79,0,4
pdfbox\src\main\java\org\apache\pdfbox\pdmodel\PDPage.java,setStructParents,int,0,0,9
pdfbox\src\main\java\org\apache\pdfbox\pdmodel\graphics\PDLineDashPattern.java,setDashPattern,List,0,0,1
pdfbox\src\main\java\org\apache\pdfbox\pdmodel\PDDocument.java,getPageMap,,0,0,2
pdfbox\src\main\java\org\apache\pdfbox\pdmodel\documentinterchange\taggedpdf\PDLayoutAttributeObject.java,<init>,,2,0,111
xmpbox\src\main\java\org\apache\xmpbox\schema\XMPSchema.java,setAboutAsSimple,String,4,0,500
pdfbox\src\main\java\org\apache\pdfbox\pdmodel\PDDocumentCatalog.java,setDocumentOutline,PDDocumentOutline,0,0,1
pdfbox\src\main\java\org\apache\pdfbox\pdmodel\interactive\annotation\PDAnnotation.java,setPrinted,boolean,0,0,27
pdfbox\src\main\java\org\apache\pdfbox\cos\COSDictionary.java,getLong,"String[], long",0,0,4
pdfbox\src\main\java\org\apache\pdfbox\pdmodel\interactive\digitalsignature\PDSeedValue.java,setSubFilterRequired,boolean,0,0,2
pdfbox\src\main\java\org\apache\pdfbox\pdmodel\common\function\PDFunction.java,getNumberOfOutputParameters,,0,0,3
pdfbox\src\main\java\org\apache\pdfbox\pdmodel\graphics\shading\PDShadingType5.java,getDecodeValues,,0,0,5
pdfbox\src\main\java\org\apache\pdfbox\pdmodel\interactive\annotation\PDAnnotationSquareCircle.java,setInteriorColour,PDGamma,0,0,3
pdfbox\src\main\java\org\apache\pdfbox\pdmodel\graphics\predictor\PredictorAlgorithm.java,aboveLeftPixel,"byte[], int, int, int",0,0,1201
pdfbox\src\main\java\org\apache\pdfbox\util\TextPosition.java,toString,,0,0,3
pdfbox\src\main\java\org\apache\pdfbox\pdmodel\fdf\FDFAnnotationInk.java,<init>,Element,0,0,3
examples\src\main\java\org\apache\pdfbox\examples\fdf\PrintFields.java,usage,,0,0,1
pdfbox\src\main\java\org\apache\pdfbox\pdmodel\documentinterchange\logicalstructure\PDObjectReference.java,<init>,COSDictionary,0,0,11
pdfbox\src\main\java\org\apache\pdfbox\pdmodel\interactive\annotation\PDAnnotationLine.java,getLeaderLineExtensionLength,,0,0,4
xmpbox\src\main\java\org\apache\xmpbox\type\TypeMapping.java,initializePropMapping,Class,1720,246,22753
jempbox\src\main\java\org\apache\jempbox\xmp\XMPSchemaDublinCore.java,addRelation,String,0,0,1
pdfbox\src\main\java\org\apache\pdfbox\pdmodel\graphics\color\PDDeviceCMYK.java,<init>,,0,0,2
xmpbox\src\main\java\org\apache\xmpbox\xml\PdfaExtensionHelper.java,checkNamespaceDeclaration,"Attr, Class",0,0,8
pdfbox\src\main\java\org\apache\pdfbox\pdmodel\common\function\type4\Operators.java,<init>,,2,1,43
xmpbox\src\main\java\org\apache\xmpbox\schema\XMPMediaManagementSchema.java,getDocumentID,,0,0,4
xmpbox\src\main\java\org\apache\xmpbox\type\BooleanType.java,getValue,,0,0,2
preflight\src\main\java\org\apache\pdfbox\preflight\utils\COSUtils.java,isFloat,"COSBase, COSDocument",0,0,3
xmpbox\src\main\java\org\apache\xmpbox\xml\DomHelper.java,getUniqueElementChild,Element,0,0,5
pdfbox\src\main\java\org\apache\pdfbox\pdmodel\PDDocumentCatalog.java,getDocumentOutline,,0,0,3
pdfbox\src\main\java\org\apache\pdfbox\cos\COSDocument.java,<init>,,40,1,654
pdfbox\src\main\java\org\apache\pdfbox\pdmodel\interactive\digitalsignature\visible\PDVisibleSigBuilder.java,createAppearanceDictionary,"PDXObjectForm, PDSignatureField",1,0,2
xmpbox\src\main\java\org\apache\xmpbox\schema\PhotoshopSchema.java,addSupplementalCategories,String,0,0,9
pdfbox\src\main\java\org\apache\pdfbox\pdmodel\interactive\digitalsignature\PDSignature.java,getPropBuild,,0,0,2
pdfbox\src\main\java\org\apache\pdfbox\pdmodel\common\filespecification\PDEmbeddedFile.java,setMacResFork,String,0,0,3
xmpbox\src\main\java\org\apache\xmpbox\type\VersionType.java,getModifier,,0,0,4
pdfbox\src\main\java\org\apache\pdfbox\filter\TIFFFaxDecoder.java,updatePointer,int,0,0,22
pdfbox\src\main\java\org\apache\pdfbox\pdmodel\interactive\form\PDSignature.java,<init>,"PDAcroForm, COSDictionary",0,0,1
pdfbox\src\main\java\org\apache\pdfbox\pdmodel\common\function\type4\ConditionalOperators.java,<init>,,0,0,1
pdfbox\src\main\java\org\apache\pdfbox\PDFSplit.java,<init>,,0,0,4
pdfbox\src\main\java\org\apache\pdfbox\pdmodel\common\COSArrayList.java,<init>,,0,0,40
pdfbox\src\main\java\org\apache\pdfbox\pdmodel\interactive\annotation\PDAnnotationSquareCircle.java,getBorderEffect,,0,0,3
jempbox\src\main\java\org\apache\jempbox\xmp\XMPSchemaBasic.java,getThumbnailLanguages,,0,0,2
pdfbox\src\main\java\org\apache\pdfbox\pdmodel\interactive\action\type\PDActionURI.java,getS,,0,0,4
pdfbox\src\main\java\org\apache\pdfbox\pdmodel\graphics\shading\PDShadingResources.java,getAntiAlias,,0,0,3
pdfbox\src\main\java\org\apache\pdfbox\pdmodel\encryption\PDEncryptionDictionary.java,getUserKey,,0,0,8
preflight\src\main\java\org\apache\pdfbox\preflight\parser\PreflightParser.java,lastIndexOf,"char[], byte[], int",0,0,2
pdfbox\src\main\java\org\apache\pdfbox\pdmodel\interactive\digitalsignature\PDPropBuildDataDict.java,getCOSObject,,0,0,6
pdfbox\src\main\java\org\apache\pdfbox\util\operator\SetNonStrokingLabColor.java,<init>,,0,0,3
pdfbox\src\main\java\org\apache\pdfbox\pdmodel\interactive\annotation\PDAnnotationTextMarkup.java,setQuadPoints,float[],0,0,17
pdfbox\src\main\java\org\apache\pdfbox\pdmodel\graphics\color\PDTristimulus.java,<init>,,0,0,16
pdfbox\src\main\java\org\apache\pdfbox\pdmodel\fdf\FDFJavaScript.java,<init>,,0,0,12
pdfbox\src\main\java\org\apache\pdfbox\pdmodel\interactive\digitalsignature\PDPropBuild.java,setPDPropBuildPubSec,PDPropBuildDataDict,0,0,2
jempbox\src\main\java\org\apache\jempbox\xmp\ResourceRef.java,setMangagerTo,String,0,0,2
preflight\src\main\java\org\apache\pdfbox\preflight\annotation\WidgetAnnotationValidator.java,checkMandatoryFields,,0,0,4
preflight\src\main\java\org\apache\pdfbox\preflight\xobject\AbstractXObjValidator.java,checkSMask,,0,0,1
examples\src\main\java\org\apache\pdfbox\examples\pdmodel\CreateBookmarks.java,usage,,0,0,2
xmpbox\src\main\java\org\apache\xmpbox\schema\XMPSchemaFactory.java,createXMPSchema,"XMPMetadata, String",0,0,4
pdfbox\src\main\java\org\apache\pdfbox\pdmodel\documentinterchange\taggedpdf\PDLayoutAttributeObject.java,setLineHeight,float,0,0,2
pdfbox\src\main\java\org\apache\pdfbox\pdmodel\interactive\digitalsignature\PDSignature.java,setContents,byte[],0,0,2
pdfbox\src\main\java\org\apache\pdfbox\pdmodel\fdf\FDFDocument.java,saveXFDF,File,0,0,2
pdfbox\src\main\java\org\apache\pdfbox\util\operator\CloseAndStrokePath.java,process,"PDFOperator, List",2,0,2
pdfbox\src\main\java\org\apache\pdfbox\pdmodel\documentinterchange\taggedpdf\PDLayoutAttributeObject.java,getBaselineShift,,0,0,14
xmpbox\src\main\java\org\apache\xmpbox\schema\PDFAExtensionSchema.java,<init>,"XMPMetadata, String",0,0,2
pdfbox\src\main\java\org\apache\pdfbox\pdmodel\interactive\annotation\PDAnnotationLink.java,setBorderStyle,PDBorderStyleDictionary,0,0,2
pdfbox\src\main\java\org\apache\pdfbox\pdmodel\interactive\digitalsignature\PDSeedValueMDP.java,setP,int,0,0,5
pdfbox\src\main\java\org\apache\pdfbox\pdmodel\encryption\AccessPermission.java,canAssembleDocument,,0,0,21
examples\src\main\java\org\apache\pdfbox\examples\pdmodel\ExtractTTFFonts.java,extractFonts,String[],0,0,4
preflight\src\main\java\org\apache\pdfbox\preflight\utils\RenderingIntents.java,contains,Object,0,0,2
pdfbox\src\main\java\org\apache\pdfbox\pdmodel\interactive\digitalsignature\PDSeedValue.java,setVRequired,boolean,0,0,1
xmpbox\src\main\java\org\apache\xmpbox\type\BadFieldValueException.java,<init>,String,0,0,9
pdfbox\src\main\java\org\apache\pdfbox\pdmodel\graphics\predictor\Average.java,<init>,,0,0,28
preflight\src\main\java\org\apache\pdfbox\preflight\annotation\TextAnnotationValidator.java,checkMandatoryFields,,0,0,2
pdfbox\src\main\java\org\apache\pdfbox\cos\COSDictionary.java,getDate,"String, Calendar",0,0,8
preflight\src\main\java\org\apache\pdfbox\preflight\metadata\XpacketParsingException.java,<init>,"String, Throwable",0,0,2
pdfbox\src\main\java\org\apache\pdfbox\pdmodel\PDPageNode.java,findResources,,0,0,8
preflight\src\main\java\org\apache\pdfbox\preflight\graphic\ColorSpaceHelperFactory.java,<init>,,0,0,191
pdfbox\src\main\java\org\apache\pdfbox\util\operator\SetLineCapStyle.java,process,"PDFOperator, List",0,0,8
pdfbox\src\main\java\org\apache\pdfbox\util\operator\SetNonStrokingICCBasedColor.java,<init>,,0,0,5
pdfbox\src\main\java\org\apache\pdfbox\pdmodel\common\PDStream.java,<init>,PDDocument,4,0,56
pdfbox\src\main\java\org\apache\pdfbox\encoding\conversion\CJKConverter.java,convertBytes,"byte[], int, int, CMap",0,0,3
pdfbox\src\main\java\org\apache\pdfbox\util\PDFStreamEngine.java,processSubStream,"PDPage, PDResources, COSStream",2,0,4
pdfbox\src\main\java\org\apache\pdfbox\util\Splitter.java,createNewDocumentIfNecessary,,0,0,4
pdfbox\src\main\java\org\apache\pdfbox\cos\COSDocument.java,<init>,File,68,0,135
xmpbox\src\main\java\org\apache\xmpbox\type\RealType.java,setValue,Object,0,0,15
preflight\src\main\java\org\apache\pdfbox\preflight\process\reflect\SinglePageValidationProcess.java,validateColorSpaces,"PreflightContext, PDPage",0,0,1
pdfbox\src\main\java\org\apache\pdfbox\pdmodel\documentinterchange\logicalstructure\PDStructureElement.java,getLanguage,,0,0,4
pdfbox\src\main\java\org\apache\pdfbox\pdmodel\encryption\PDStandardEncryption.java,setRevision,int,0,0,37
pdfbox\src\main\java\org\apache\pdfbox\pdmodel\documentinterchange\taggedpdf\PDLayoutAttributeObject.java,getBorderThickness,,0,0,18
pdfbox\src\main\java\org\apache\pdfbox\ExportFDF.java,main,String[],0,0,5
pdfbox\src\main\java\org\apache\pdfbox\util\ImageParameters.java,getHeight,,0,0,12
pdfbox\src\main\java\org\apache\pdfbox\pdmodel\interactive\annotation\PDAnnotation.java,createAnnotation,COSBase,0,0,12
pdfbox\src\main\java\org\apache\pdfbox\pdmodel\common\PDRectangle.java,setLowerLeftY,float,0,0,17
fontbox\src\main\java\org\apache\fontbox\ttf\IndexToLocationTable.java,<init>,,0,0,2
pdfbox\src\main\java\org\apache\pdfbox\pdmodel\interactive\digitalsignature\PDSeedValue.java,setReasonsd,List,0,0,2
pdfbox\src\main\java\org\apache\pdfbox\pdmodel\interactive\documentnavigation\outline\PDOutlineItem.java,setAction,PDAction,0,0,7
fontbox\src\main\java\org\apache\fontbox\cmap\CMapParser.java,<init>,,0,0,3
pdfbox\src\main\java\org\apache\pdfbox\filter\IdentityFilter.java,encode,"InputStream, OutputStream, COSDictionary, int",0,0,3
pdfbox\src\main\java\org\apache\pdfbox\pdfwriter\COSWriter.java,prepareIncrement,PDDocument,0,0,2
pdfbox\src\main\java\org\apache\pdfbox\pdmodel\common\function\type4\InstructionSequence.java,addProc,InstructionSequence,0,0,2
pdfbox\src\main\java\org\apache\pdfbox\pdmodel\interactive\digitalsignature\PDSeedValueTimeStamp.java,setTimestampRequired,boolean,0,0,3
pdfbox\src\main\java\org\apache\pdfbox\util\DateConverter.java,toCalendar,"String, String[]",32,0,25
pdfbox\src\main\java\org\apache\pdfbox\pdmodel\interactive\measurement\PDNumberFormatDictionary.java,getConversionFactor,,0,0,4
pdfbox\src\main\java\org\apache\pdfbox\pdmodel\font\FontManager.java,addFontMapping,"String, String",9,0,33
jempbox\src\main\java\org\apache\jempbox\xmp\pdfa\XMPSchemaPDFASchema.java,getSchema,,0,0,4
pdfbox\src\main\java\org\apache\pdfbox\pdmodel\interactive\pagenavigation\PDThreadBead.java,getNextBead,,0,0,4
pdfbox\src\main\java\org\apache\pdfbox\pdmodel\graphics\shading\PDShadingType2.java,setCoords,COSArray,0,0,5
pdfbox\src\main\java\org\apache\pdfbox\pdmodel\PDDocument.java,<init>,,65,4,314
pdfbox\src\main\java\org\apache\pdfbox\pdmodel\interactive\documentnavigation\destination\PDPageFitHeightDestination.java,getLeft,,0,0,4
preflight\src\main\java\org\apache\pdfbox\preflight\PreflightConfiguration.java,<init>,,0,0,264
pdfbox\src\main\java\org\apache\pdfbox\pdmodel\interactive\annotation\PDAppearanceStream.java,getBoundingBox,,0,0,3
xmpbox\src\main\java\org\apache\xmpbox\schema\AdobePDFSchema.java,setPDFVersionProperty,TextType,0,0,2
pdfbox\src\main\java\org\apache\pdfbox\pdmodel\interactive\annotation\PDBorderStyleDictionary.java,setWidth,float,0,0,7
pdfbox\src\main\java\org\apache\pdfbox\pdmodel\encryption\PublicKeyProtectionPolicy.java,getRecipientsIterator,,0,0,1
pdfbox\src\main\java\org\apache\pdfbox\pdmodel\interactive\action\type\PDActionJavaScript.java,<init>,,0,0,15
pdfbox\src\main\java\org\apache\pdfbox\pdmodel\fdf\FDFAnnotation.java,<init>,COSDictionary,0,0,44
pdfbox\src\main\java\org\apache\pdfbox\pdmodel\graphics\shading\PDShadingType4.java,setDecodeValues,COSArray,0,0,1
pdfbox\src\main\java\org\apache\pdfbox\io\RandomAccessFileOutputStream.java,getLength,,0,0,50
preflight\src\main\java\org\apache\pdfbox\preflight\process\CatalogValidationProcess.java,validateLang,PreflightContext,0,0,1
examples\src\main\java\org\apache\pdfbox\examples\fdf\SetField.java,setField,String[],0,0,4
xmpbox\src\main\java\org\apache\xmpbox\schema\PhotoshopSchema.java,setHistoryProperty,TextType,0,0,7
pdfbox\src\main\java\org\apache\pdfbox\pdmodel\documentinterchange\prepress\PDBoxStyle.java,getLineDashPattern,,1,0,4
pdfbox\src\main\java\org\apache\pdfbox\pdmodel\font\PDFontDescriptorAFM.java,setFontFamily,String,0,0,2
pdfbox\src\main\java\org\apache\pdfbox\pdmodel\documentinterchange\taggedpdf\PDStandardAttributeObject.java,getNumber,String,0,0,21
pdfbox\src\main\java\org\apache\pdfbox\pdmodel\fdf\FDFAnnotationUnderline.java,<init>,,0,0,2
pdfbox\src\main\java\org\apache\pdfbox\pdmodel\documentinterchange\logicalstructure\Revisions.java,<init>,,0,0,30
pdfbox\src\main\java\org\apache\pdfbox\ImportXFDF.java,importXFDF,String[],1,0,5
pdfbox\src\main\java\org\apache\pdfbox\pdmodel\graphics\color\PDColorSpace.java,getJavaColorSpace,,15,0,62
xmpbox\src\main\java\org\apache\xmpbox\xml\XmpParsingException.java,<init>,"XmpParsingException$ErrorType, String",0,0,4
pdfbox\src\main\java\org\apache\pdfbox\pdmodel\common\filespecification\PDComplexFileSpecification.java,<init>,,0,0,40
pdfbox\src\main\java\org\apache\pdfbox\pdfparser\PDFStreamParser.java,getTokenIterator,,3,0,4
preflight\src\main\java\org\apache\pdfbox\preflight\annotation\LineAnnotationValidator.java,checkIColors,,0,0,2
pdfbox\src\main\java\org\apache\pdfbox\pdmodel\graphics\PDExtendedGraphicsState.java,setLineDashPattern,PDLineDashPattern,0,0,11
preflight\src\main\java\org\apache\pdfbox\preflight\graphic\StandardColorSpaceHelper.java,validate,,2,0,3
pdfbox\src\main\java\org\apache\pdfbox\pdmodel\interactive\action\type\PDActionLaunch.java,<init>,,0,0,26
pdfbox\src\main\java\org\apache\pdfbox\pdmodel\PDDocumentCatalog.java,getOpenAction,,0,0,3
pdfbox\src\main\java\org\apache\pdfbox\pdmodel\graphics\color\PDCalRGB.java,<init>,COSArray,0,0,6
pdfbox\src\main\java\org\apache\pdfbox\pdmodel\common\PDRange.java,getMax,,0,0,19
xmpbox\src\main\java\org\apache\xmpbox\type\BadFieldValueException.java,<init>,"String, Throwable",0,0,1
pdfbox\src\main\java\org\apache\pdfbox\util\operator\pagedrawer\SetLineMiterLimit.java,<init>,,0,0,11
pdfbox\src\main\java\org\apache\pdfbox\util\Splitter.java,setStartPage,int,0,0,3
preflight\src\main\java\org\apache\pdfbox\preflight\parser\PreflightParser.java,addValidationError,ValidationResult$ValidationError,0,0,5
xmpbox\src\main\java\org\apache\xmpbox\schema\PhotoshopSchema.java,setCity,String,0,0,4
xmpbox\src\main\java\org\apache\xmpbox\schema\PhotoshopSchema.java,getTransmissionReference,,0,0,15
pdfbox\src\main\java\org\apache\pdfbox\pdmodel\graphics\PDExtendedGraphicsState.java,setMiterLimit,Float,0,0,12
preflight\src\main\java\org\apache\pdfbox\preflight\exception\ValidationException.java,<init>,"String, Throwable",0,0,5
pdfbox\src\main\java\org\apache\pdfbox\pdmodel\interactive\annotation\PDAnnotationLine.java,getCaptionHorizontalOffset,,0,0,5
pdfbox\src\main\java\org\apache\pdfbox\pdmodel\fdf\FDFJavaScript.java,getAfter,,0,0,3
xmpbox\src\main\java\org\apache\xmpbox\schema\XMPRightsManagementSchema.java,getCertificate,,0,0,12
pdfbox\src\main\java\org\apache\pdfbox\pdmodel\graphics\color\PDICCBased.java,getNumberOfComponents,,0,0,3
pdfbox\src\main\java\org\apache\pdfbox\pdmodel\interactive\digitalsignature\visible\PDVisibleSigBuilder.java,closeTemplate,PDDocument,0,0,1
pdfbox\src\main\java\org\apache\pdfbox\pdmodel\graphics\color\PDDeviceRGB.java,<init>,,0,0,2
pdfbox\src\main\java\org\apache\pdfbox\pdmodel\graphics\color\PDTristimulus.java,setY,float,0,0,5
pdfbox\src\main\java\org\apache\pdfbox\pdmodel\fdf\FDFDictionary.java,setEmbeddedFDFs,List,0,0,6
xmpbox\src\main\java\org\apache\xmpbox\schema\PhotoshopSchema.java,setICCProfileProperty,TextType,0,0,9
pdfbox\src\main\java\org\apache\pdfbox\pdmodel\encryption\SecurityHandlersManager.java,getInstance,,14,0,4
pdfbox\src\main\java\org\apache\pdfbox\cos\COSString.java,accept,ICOSVisitor,9,0,24
pdfbox\src\main\java\org\apache\pdfbox\pdmodel\common\COSArrayList.java,convertCOSNameCOSArrayToList,COSArray,0,0,10
jempbox\src\main\java\org\apache\jempbox\xmp\XMPMetadata.java,addPhotoshopSchema,,2,0,31
pdfbox\src\main\java\org\apache\pdfbox\pdmodel\graphics\color\PDGamma.java,setG,float,0,0,6
pdfbox\src\main\java\org\apache\pdfbox\pdmodel\encryption\AccessPermission.java,setCanExtractForAccessibility,boolean,0,0,35
pdfbox\src\main\java\org\apache\pdfbox\pdmodel\fdf\FDFAnnotation.java,getName,,0,0,4
pdfbox\src\main\java\org\apache\pdfbox\pdmodel\interactive\action\type\PDWindowsLaunchParams.java,setDirectory,String,0,0,2
examples\src\main\java\org\apache\pdfbox\examples\pdmodel\UsingTextMatrix.java,main,String[],3,0,4
pdfbox\src\main\java\org\apache\pdfbox\pdmodel\common\PDRectangle.java,toString,,0,0,4
pdfbox\src\main\java\org\apache\pdfbox\pdmodel\graphics\color\PDColorSpaceFactory.java,createColorSpace,"COSBase, Map",2,0,56
xmpbox\src\main\java\org\apache\xmpbox\type\DateType.java,setValue,Object,56,0,83
xmpbox\src\main\java\org\apache\xmpbox\schema\XMPSchema.java,removeUnqualifiedSequenceDateValue,"String, Calendar",0,0,4
pdfbox\src\main\java\org\apache\pdfbox\pdfwriter\COSWriter.java,visitFromInt,COSInteger,0,0,31
pdfbox\src\main\java\org\apache\pdfbox\pdmodel\font\PDFont.java,getCodeFromArray,"byte[], int, int",0,0,179
pdfbox\src\main\java\org\apache\pdfbox\pdfparser\BaseParser.java,isHexDigit,char,0,0,265
fontbox\src\main\java\org\apache\fontbox\util\BoundingBox.java,<init>,,0,0,12567
pdfbox\src\main\java\org\apache\pdfbox\pdmodel\graphics\color\ColorSpaceCalRGB.java,fromRGB,float[],0,0,4
pdfbox\src\main\java\org\apache\pdfbox\util\operator\SetMoveAndShow.java,process,"PDFOperator, List",2,0,2
xmpbox\src\main\java\org\apache\xmpbox\type\TypeMapping.java,addNameSpace,Class,993,29,10629
pdfbox\src\main\java\org\apache\pdfbox\pdmodel\interactive\action\type\PDActionJavaScript.java,setAction,PDTextStream,0,0,3
pdfbox\src\main\java\org\apache\pdfbox\pdmodel\PDDestinationNameTreeNode.java,<init>,COSDictionary,0,0,7
pdfbox\src\main\java\org\apache\pdfbox\pdmodel\interactive\measurement\PDNumberFormatDictionary.java,setConversionFactor,float,0,0,4
pdfbox\src\main\java\org\apache\pdfbox\pdmodel\graphics\color\PDColorSpace.java,getCOSObject,,0,0,34
examples\src\main\java\org\apache\pdfbox\examples\pdmodel\HelloWorldType1AfmPfb.java,doIt,"String, String, String",0,0,2
pdfbox\src\main\java\org\apache\pdfbox\pdmodel\PDDocument.java,getSignatureFields,,0,0,4
xmpbox\src\main\java\org\apache\xmpbox\XMPMetadata.java,createAndAddAdobePDFSchema,,1,0,48
pdfbox\src\main\java\org\apache\pdfbox\pdmodel\interactive\form\PDField.java,setActions,PDFormFieldAdditionalActions,0,0,3
pdfbox\src\main\java\org\apache\pdfbox\ExportFDF.java,exportFDF,String[],0,0,5
xmpbox\src\main\java\org\apache\xmpbox\schema\DublinCoreSchema.java,getRelations,,0,0,28
pdfbox\src\main\java\org\apache\pdfbox\pdmodel\interactive\digitalsignature\PDSignature.java,setType,COSName,0,0,1
pdfbox\src\main\java\org\apache\pdfbox\pdmodel\graphics\color\PDLab.java,getWhitepoint,,2,0,12
pdfbox\src\main\java\org\apache\pdfbox\pdmodel\common\COSDictionaryMap.java,keySet,,0,0,4
xmpbox\src\main\java\org\apache\xmpbox\type\TypeMapping.java,createReal,"String, String, String, float",0,0,2
pdfbox\src\main\java\org\apache\pdfbox\pdmodel\documentinterchange\logicalstructure\PDAttributeObject.java,potentiallyNotifyChanged,"COSBase, COSBase",0,0,303
xmpbox\src\main\java\org\apache\xmpbox\DateConverter.java,zeroAppend,"StringBuffer, int",0,0,25
xmpbox\src\main\java\org\apache\xmpbox\schema\DublinCoreSchema.java,getRelationsProperty,,0,0,14
pdfbox\src\main\java\org\apache\pdfbox\pdmodel\interactive\form\PDField.java,getFieldType,,0,0,3
pdfbox\src\main\java\org\apache\pdfbox\pdmodel\edit\PDPageContentStream.java,setFont,"PDFont, float",7,0,7
xmpbox\src\main\java\org\apache\xmpbox\schema\XMPRightsManagementSchema.java,setCertificateURL,String,2,0,6
pdfbox\src\main\java\org\apache\pdfbox\pdmodel\font\PDFontDescriptorDictionary.java,setFontFile2,PDStream,0,0,6
pdfbox\src\main\java\org\apache\pdfbox\util\TextNormalize.java,populateDiacHash,,0,0,1
pdfbox\src\main\java\org\apache\pdfbox\io\ccitt\PackedBitArray.java,set,int,0,0,5
pdfbox\src\main\java\org\apache\pdfbox\cos\COSString.java,getHexString,,0,0,2
pdfbox\src\main\java\org\apache\pdfbox\pdmodel\fdf\FDFDictionary.java,getID,,0,0,13
xmpbox\src\main\java\org\apache\xmpbox\xml\PdfaExtensionHelper.java,populateSchemaMapping,XMPMetadata,0,0,3
fontbox\src\main\java\org\apache\fontbox\cff\CFFParser.java,readTagName,CFFDataInput,0,0,1
xmpbox\src\main\java\org\apache\xmpbox\schema\PhotoshopSchema.java,getDateCreated,,0,0,15
pdfbox\src\main\java\org\apache\pdfbox\encoding\Type1Encoding.java,<init>,int,210,7,9
pdfbox\src\main\java\org\apache\pdfbox\pdmodel\common\PDPageLabelRange.java,setStyle,String,0,0,16
examples\src\main\java\org\apache\pdfbox\examples\signature\CreateSignature.java,signPDF,File,1,0,2
fontbox\src\main\java\org\apache\fontbox\ttf\MaximumProfileTable.java,<init>,,0,0,2
pdfbox\src\main\java\org\apache\pdfbox\pdmodel\PDResources.java,setPatterns,Map,0,0,6
pdfbox\src\main\java\org\apache\pdfbox\pdmodel\graphics\color\ColorSpaceLab.java,calculateStage2FromXYZ,float,0,0,22
xmpbox\src\main\java\org\apache\xmpbox\type\ResourceRefType.java,getInstanceID,,0,0,3
pdfbox\src\main\java\org\apache\pdfbox\pdmodel\font\PDTrueTypeFont.java,getawtFont,,0,0,1
pdfbox\src\main\java\org\apache\pdfbox\io\ccitt\CCITTFaxG31DDecodeInputStream.java,buildUpTerminating,"short[], CCITTFaxG31DDecodeInputStream$NonLeafLookupTreeNode, boolean",1,0,2
pdfbox\src\main\java\org\apache\pdfbox\cos\COSName.java,compareTo,COSName,0,0,8
pdfbox\src\main\java\org\apache\pdfbox\util\TextPosition.java,getYLowerLeftRot,float,0,0,4
pdfbox\src\main\java\org\apache\pdfbox\io\ccitt\CCITTFaxG31DDecodeInputStream.java,<init>,"InputStream, int, int",2,0,15
jempbox\src\main\java\org\apache\jempbox\impl\DateConverter.java,toCalendar,String,7,1,17
pdfbox\src\main\java\org\apache\pdfbox\encryption\DocumentEncryption.java,<init>,COSDocument,0,0,5
pdfbox\src\main\java\org\apache\pdfbox\pdmodel\common\PDRectangle.java,setUpperRightX,float,0,0,24
examples\src\main\java\org\apache\pdfbox\examples\pdmodel\RubberStamp.java,usage,,0,0,2
preflight\src\main\java\org\apache\pdfbox\preflight\font\descriptor\TrueTypeDescriptorHelper.java,<init>,"PreflightContext, PDFont, TrueTypeContainer",0,0,11
xmpbox\src\main\java\org\apache\xmpbox\schema\XMPBasicJobTicketSchema.java,<init>,XMPMetadata,0,0,35
pdfbox\src\main\java\org\apache\pdfbox\pdmodel\graphics\pattern\PDPatternResources.java,getType,,0,0,4
xmpbox\src\main\java\org\apache\xmpbox\type\ThumbnailType.java,getImage,,0,0,4
pdfbox\src\main\java\org\apache\pdfbox\pdmodel\graphics\color\PDColorState.java,getColorSpaceValue,,0,0,3
pdfbox\src\main\java\org\apache\pdfbox\pdmodel\interactive\annotation\PDBorderEffectDictionary.java,setStyle,String,0,0,2
pdfbox\src\main\java\org\apache\pdfbox\pdfparser\PDFObjectStreamParser.java,<init>,"COSStream, COSDocument, boolean",0,0,12
pdfbox\src\main\java\org\apache\pdfbox\pdmodel\fdf\FDFPage.java,setPageInfo,FDFPageInfo,0,0,3
pdfbox\src\main\java\org\apache\pdfbox\pdfparser\BaseParser.java,isEOL,,0,0,3
pdfbox\src\main\java\org\apache\pdfbox\pdmodel\graphics\pattern\PDPatternResources.java,getLength,,0,0,4
pdfbox\src\main\java\org\apache\pdfbox\pdmodel\interactive\annotation\PDAnnotation.java,<init>,,1,0,186
pdfbox\src\main\java\org\apache\pdfbox\Decrypt.java,decrypt,String[],0,0,3
pdfbox\src\main\java\org\apache\pdfbox\pdmodel\PDDestinationNameTreeNode.java,createChildNode,COSDictionary,0,0,1
pdfbox\src\main\java\org\apache\pdfbox\pdmodel\interactive\annotation\PDAnnotationLine.java,setEndPointEndingStyle,String,0,0,6
fontbox\src\main\java\org\apache\fontbox\ttf\GlyphData.java,<init>,,0,0,528
pdfbox\src\main\java\org\apache\pdfbox\pdmodel\graphics\shading\PDShadingType4.java,getBitsPerComponent,,0,0,4
pdfbox\src\main\java\org\apache\pdfbox\cos\COSName.java,<init>,String,4,0,1104
pdfbox\src\main\java\org\apache\pdfbox\util\Splitter.java,setSplitAtPage,int,0,0,4
xmpbox\src\main\java\org\apache\xmpbox\type\VersionType.java,setEvent,ResourceEventType,0,0,8
pdfbox\src\main\java\org\apache\pdfbox\pdmodel\interactive\measurement\PDViewportDictionary.java,setMeasure,PDMeasureDictionary,0,0,2
fontbox\src\main\java\org\apache\fontbox\ttf\TrueTypeFont.java,close,,0,0,2
preflight\src\main\java\org\apache\pdfbox\preflight\PreflightPath.java,<init>,,2,0,376
pdfbox\src\main\java\org\apache\pdfbox\pdmodel\common\PDObjectStream.java,getType,,0,0,3
xmpbox\src\main\java\org\apache\xmpbox\type\LocaleType.java,<init>,"XMPMetadata, String, String, String, Object",0,0,6
pdfbox\src\main\java\org\apache\pdfbox\cos\COSStream.java,doEncode,"COSName, int",31,0,4
preflight\src\main\java\org\apache\pdfbox\preflight\process\reflect\SinglePageValidationProcess.java,validateAnnotation,"PreflightContext, PDPage",0,0,1
pdfbox\src\main\java\org\apache\pdfbox\cos\COSFloat.java,<init>,float,69,3,2989
pdfbox\src\main\java\org\apache\pdfbox\util\operator\Invoke.java,<init>,,0,0,26
pdfbox\src\main\java\org\apache\pdfbox\pdmodel\PDResources.java,getColorSpaces,,0,0,4
pdfbox\src\main\java\org\apache\pdfbox\util\TextPosition.java,getXDirAdj,,0,0,3
pdfbox\src\main\java\org\apache\pdfbox\encoding\conversion\CMapSubstitution.java,substituteCMap,String,0,0,3
xmpbox\src\main\java\org\apache\xmpbox\schema\PDFAIdentificationSchema.java,setConformance,String,0,0,5
xmpbox\src\main\java\org\apache\xmpbox\type\TypeMapping.java,createXPath,"String, String, String, String",0,0,3
pdfbox\src\main\java\org\apache\pdfbox\pdmodel\interactive\action\type\PDURIDictionary.java,setBase,String,0,0,4
pdfbox\src\main\java\org\apache\pdfbox\pdmodel\common\filespecification\PDEmbeddedFile.java,setSize,int,0,0,4
pdfbox\src\main\java\org\apache\pdfbox\pdmodel\common\PDRectangle.java,getHeight,,1,0,62
pdfbox\src\main\java\org\apache\pdfbox\filter\IdentityFilter.java,decode,"InputStream, OutputStream, COSDictionary, int",0,0,4
pdfbox\src\main\java\org\apache\pdfbox\pdmodel\font\PDFontDescriptorDictionary.java,getLeading,,0,0,5
pdfbox\src\main\java\org\apache\pdfbox\util\ImageIOUtil.java,writeImage,"BufferedImage, String, Object, int, float",15,0,9
pdfbox\src\main\java\org\apache\pdfbox\pdmodel\font\PDFontDescriptorDictionary.java,getFontWeight,,0,0,6
pdfbox\src\main\java\org\apache\pdfbox\filter\DCTFilter.java,<init>,,0,0,127
pdfbox\src\main\java\org\apache\pdfbox\pdmodel\font\FontManager.java,loadBasefontMapping,,7,0,1
jempbox\src\main\java\org\apache\jempbox\xmp\XMPSchemaPhotoshop.java,getCaptionWriter,,0,0,3
jempbox\src\main\java\org\apache\jempbox\xmp\XMPSchema.java,getDateProperty,String,2,0,9
xmpbox\src\main\java\org\apache\xmpbox\type\TypeMapping.java,createPropertyType,"Types, Cardinality",1,0,2
pdfbox\src\main\java\org\apache\pdfbox\pdmodel\fdf\FDFAnnotation.java,setReadOnly,boolean,0,0,1
jempbox\src\main\java\org\apache\jempbox\xmp\XMPSchemaPDF.java,<init>,"Element, String",0,0,19
pdfbox\src\main\java\org\apache\pdfbox\io\ccitt\CCITTFaxG31DDecodeInputStream.java,decodeLine,,0,0,15
pdfbox\src\main\java\org\apache\pdfbox\pdmodel\PDResources.java,setShadings,Map,0,0,6
xmpbox\src\main\java\org\apache\xmpbox\type\LayerType.java,setLayerText,String,0,0,11
pdfbox\src\main\java\org\apache\pdfbox\pdmodel\interactive\annotation\PDAnnotation.java,getColour,,0,0,2
pdfbox\src\main\java\org\apache\pdfbox\pdmodel\documentinterchange\logicalstructure\PDStructureElement.java,getExpandedForm,,0,0,3
pdfbox\src\main\java\org\apache\pdfbox\pdmodel\fdf\FDFAnnotationPolyline.java,<init>,COSDictionary,0,0,3
pdfbox\src\main\java\org\apache\pdfbox\pdmodel\encryption\SecurityHandler.java,encryptData,"long, long, InputStream, OutputStream",0,0,2
pdfbox\src\main\java\org\apache\pdfbox\pdmodel\interactive\digitalsignature\visible\PDVisibleSigBuilder.java,createImageFormStream,PDDocument,0,0,1
pdfbox\src\main\java\org\apache\pdfbox\pdmodel\font\PDFontDescriptor.java,setItalic,boolean,0,0,3
pdfbox\src\main\java\org\apache\pdfbox\pdmodel\documentinterchange\logicalstructure\PDStructureNode.java,getKids,,0,0,5
preflight\src\main\java\org\apache\pdfbox\preflight\process\reflect\SinglePageValidationProcess.java,validate,PreflightContext,0,0,2
pdfbox\src\main\java\org\apache\pdfbox\pdmodel\interactive\annotation\PDAnnotationText.java,setName,String,0,0,2
preflight\src\main\java\org\apache\pdfbox\preflight\annotation\TextAnnotationValidator.java,checkFlags,,0,0,2
jempbox\src\main\java\org\apache\jempbox\xmp\pdfa\XMPSchemaPDFAId.java,<init>,XMPMetadata,0,0,12
pdfbox\src\main\java\org\apache\pdfbox\pdmodel\interactive\annotation\PDAppearanceDictionary.java,<init>,,0,0,16
pdfbox\src\main\java\org\apache\pdfbox\pdmodel\common\function\type4\InstructionSequenceBuilder.java,getCurrentSequence,,0,0,9
pdfbox\src\main\java\org\apache\pdfbox\pdmodel\graphics\PDLineDashPattern.java,<init>,"COSArray, int",0,0,4
pdfbox\src\main\java\org\apache\pdfbox\pdmodel\interactive\documentnavigation\destination\PDPageXYZDestination.java,getTop,,0,0,4
xmpbox\src\main\java\org\apache\xmpbox\schema\XMPSchema.java,getDatePropertyValue,String,0,0,16
pdfbox\src\main\java\org\apache\pdfbox\cos\COSString.java,append,byte[],0,0,64
pdfbox\src\main\java\org\apache\pdfbox\pdmodel\encryption\StandardSecurityHandler.java,decryptDocument,"PDDocument, DecryptionMaterial",0,0,2
pdfbox\src\main\java\org\apache\pdfbox\pdmodel\encryption\StandardSecurityHandler.java,isOwnerPassword,"String, byte[], byte[], int, byte[], int, int, boolean",4,0,6
preflight\src\main\java\org\apache\pdfbox\preflight\action\SubmitAction.java,innerValid,,0,0,2
pdfbox\src\main\java\org\apache\pdfbox\io\ccitt\CCITTFaxG31DDecodeInputStream.java,readBit,,0,0,253
pdfbox\src\main\java\org\apache\pdfbox\pdmodel\common\function\PDFunctionType0.java,setEncodeValues,COSArray,0,0,2
xmpbox\src\main\java\org\apache\xmpbox\schema\PhotoshopSchema.java,getSupplementalCategories,,0,0,11
pdfbox\src\main\java\org\apache\pdfbox\util\operator\NextLine.java,<init>,,0,0,31
pdfbox\src\main\java\org\apache\pdfbox\pdmodel\interactive\annotation\PDAnnotationWidget.java,setAction,PDAction,0,0,2
pdfbox\src\main\java\org\apache\pdfbox\pdmodel\interactive\action\type\PDActionLaunch.java,setOpenInNewWindow,boolean,0,0,2
pdfbox\src\main\java\org\apache\pdfbox\pdmodel\common\COSArrayList.java,convertCOSStringCOSArrayToList,COSArray,0,0,4
pdfbox\src\main\java\org\apache\pdfbox\pdmodel\encryption\ProtectionPolicy.java,<init>,,0,0,56
pdfbox\src\main\java\org\apache\pdfbox\pdmodel\fdf\FDFField.java,setFieldFlags,int,0,0,5
pdfbox\src\main\java\org\apache\pdfbox\io\ccitt\PackedBitArray.java,toBitString,byte[],31,0,40
pdfbox\src\main\java\org\apache\pdfbox\pdmodel\encryption\PDEncryptionDictionary.java,getOwnerKey,,0,0,8
pdfbox\src\main\java\org\apache\pdfbox\util\operator\EndMarkedContentSequence.java,process,"PDFOperator, List",0,0,1
pdfbox\src\main\java\org\apache\pdfbox\pdmodel\PDResources.java,getXObjects,,0,0,17
jempbox\src\main\java\org\apache\jempbox\xmp\XMPSchemaBasic.java,setModifyDate,Calendar,0,0,3
pdfbox\src\main\java\org\apache\pdfbox\pdmodel\interactive\documentnavigation\outline\PDOutlineNode.java,setLastChild,PDOutlineNode,0,0,6
pdfbox\src\main\java\org\apache\pdfbox\pdmodel\interactive\documentnavigation\outline\PDOutlineItem.java,getParent,,0,0,20
preflight\src\main\java\org\apache\pdfbox\preflight\content\ContentStreamWrapper.java,validPageContentStream,,0,0,1
pdfbox\src\main\java\org\apache\pdfbox\pdfparser\BaseParser.java,parseDirObject,,4,0,53
pdfbox\src\main\java\org\apache\pdfbox\pdmodel\common\PDRange.java,getMin,,0,0,23
pdfbox\src\main\java\org\apache\pdfbox\pdmodel\interactive\documentnavigation\destination\PDPageFitRectangleDestination.java,getTop,,0,0,4
pdfbox\src\main\java\org\apache\pdfbox\pdmodel\documentinterchange\prepress\PDBoxStyle.java,setGuideLineColor,PDColorState,0,0,3
xmpbox\src\main\java\org\apache\xmpbox\schema\PhotoshopSchema.java,setStateProperty,TextType,0,0,9
pdfbox\src\main\java\org\apache\pdfbox\pdmodel\graphics\shading\PDShadingResources.java,getColorSpace,,0,0,3
pdfbox\src\main\java\org\apache\pdfbox\util\Matrix.java,getXScale,,0,0,35
preflight\src\main\java\org\apache\pdfbox\preflight\action\GoToRemoteAction.java,<init>,"ActionManagerFactory, COSDictionary, PreflightContext, String",0,0,3
examples\src\main\java\org\apache\pdfbox\examples\pdmodel\EmbeddedFiles.java,usage,,0,0,1
pdfbox\src\main\java\org\apache\pdfbox\pdmodel\documentinterchange\taggedpdf\PDFourColours.java,setEndColour,PDGamma,0,0,3
pdfbox\src\main\java\org\apache\pdfbox\pdfparser\NonSequentialPDFParser.java,<init>,InputStream,145,0,9
fontbox\src\main\java\org\apache\fontbox\cmap\CodespaceRange.java,isInRange,"byte[], int, int",0,0,1
pdfbox\src\main\java\org\apache\pdfbox\cos\COSDictionary.java,getNameAsString,COSName,16,2,12133
pdfbox\src\main\java\org\apache\pdfbox\pdmodel\interactive\digitalsignature\PDPropBuildDataDict.java,<init>,COSDictionary,0,0,9
pdfbox\src\main\java\org\apache\pdfbox\pdfparser\PDFParser.java,parse,,17,0,13
pdfbox\src\main\java\org\apache\pdfbox\cos\COSName.java,toString,,0,0,90
xmpbox\src\main\java\org\apache\xmpbox\schema\PDFAIdentificationSchema.java,setPartValueWithString,String,0,0,3
pdfbox\src\main\java\org\apache\pdfbox\cos\COSNumber.java,<init>,,0,0,3345
xmpbox\src\main\java\org\apache\xmpbox\type\PDFAPropertyType.java,getName,,0,0,4
pdfbox\src\main\java\org\apache\pdfbox\pdmodel\common\function\PDFunction.java,getCOSObject,,0,0,12
pdfbox\src\main\java\org\apache\pdfbox\pdmodel\common\filespecification\PDEmbeddedFile.java,getSubtype,,0,0,3
pdfbox\src\main\java\org\apache\pdfbox\pdmodel\interactive\digitalsignature\PDSeedValue.java,setTimeStamp,PDSeedValueTimeStamp,0,0,2
preflight\src\main\java\org\apache\pdfbox\preflight\PreflightPath.java,peek,,0,0,2
pdfbox\src\main\java\org\apache\pdfbox\pdmodel\PDEmbeddedFilesNameTreeNode.java,<init>,COSDictionary,0,0,5
xmpbox\src\main\java\org\apache\xmpbox\schema\PhotoshopSchema.java,removeSupplementalCategory,String,0,0,3
pdfbox\src\main\java\org\apache\pdfbox\pdmodel\fdf\FDFAnnotationSound.java,<init>,COSDictionary,0,0,2
pdfbox\src\main\java\org\apache\pdfbox\pdmodel\common\PDNameTreeNode.java,<init>,"COSDictionary, Class",0,0,41
pdfbox\src\main\java\org\apache\pdfbox\exceptions\OutlineNotLocalException.java,<init>,String,0,0,2
examples\src\main\java\org\apache\pdfbox\examples\pdmodel\PrintDocumentMetaData.java,printMetadata,PDDocument,0,0,1
jempbox\src\main\java\org\apache\jempbox\xmp\XMPSchemaBasic.java,setCreateDate,Calendar,0,0,2
pdfbox\src\main\java\org\apache\pdfbox\pdmodel\PDPageNode.java,getRotation,,0,0,24
pdfbox\src\main\java\org\apache\pdfbox\util\DateConverter.java,toString,Calendar,39,0,36
pdfbox\src\main\java\org\apache\pdfbox\pdmodel\graphics\color\ColorSpaceCMYK.java,fromCIEXYZtoRGB,float[],0,0,1
xmpbox\src\main\java\org\apache\xmpbox\schema\PDFAIdentificationSchema.java,getAmdProperty,,0,0,7
pdfbox\src\main\java\org\apache\pdfbox\pdmodel\common\PDNamedTextStream.java,getName,,0,0,3
preflight\src\main\java\org\apache\pdfbox\preflight\parser\PreflightParser.java,checkEndstreamKeyWord,,0,0,1
pdfbox\src\main\java\org\apache\pdfbox\pdmodel\documentinterchange\markedcontent\PDMarkedContent.java,getLanguage,,0,0,2
pdfbox\src\main\java\org\apache\pdfbox\cos\COSInteger.java,toString,,0,0,3
pdfbox\src\main\java\org\apache\pdfbox\pdmodel\interactive\action\type\PDActionGoTo.java,setDestination,PDDestination,0,0,4
preflight\src\main\java\org\apache\pdfbox\preflight\content\ContentStreamException.java,<init>,Throwable,0,0,2
pdfbox\src\main\java\org\apache\pdfbox\pdmodel\interactive\action\type\PDActionLaunch.java,setP,String,0,0,3
jempbox\src\main\java\org\apache\jempbox\xmp\XMPSchemaIptc4xmpCore.java,getSubjectCodes,,0,0,2
preflight\src\main\java\org\apache\pdfbox\preflight\font\descriptor\TrueTypeDescriptorHelper.java,processFontFile,"PDFontDescriptorDictionary, PDStream",2,0,2
pdfbox\src\main\java\org\apache\pdfbox\util\operator\SetStrokingLabColor.java,process,"PDFOperator, List",0,0,3
pdfbox\src\main\java\org\apache\pdfbox\pdmodel\markedcontent\PDPropertyList.java,putMapping,"COSName, COSDictionary",0,0,1
pdfbox\src\main\java\org\apache\pdfbox\filter\TIFFFaxDecoder.java,nextNBits,int,0,0,41
pdfbox\src\main\java\org\apache\pdfbox\ImportXFDF.java,close,PDDocument,0,0,6
pdfbox\src\main\java\org\apache\pdfbox\pdmodel\interactive\digitalsignature\SignatureOptions.java,setVisualSignature,PDVisibleSigProperties,0,0,3
pdfbox\src\main\java\org\apache\pdfbox\pdmodel\fdf\FDFAnnotationPolygon.java,<init>,COSDictionary,0,0,1
xmpbox\src\main\java\org\apache\xmpbox\schema\XMPRightsManagementSchema.java,setCopyright,String,0,0,5
pdfbox\src\main\java\org\apache\pdfbox\pdmodel\common\function\PDFunctionType0.java,setDecodeValues,COSArray,0,0,2
pdfbox\src\main\java\org\apache\pdfbox\filter\CCITTFaxDecodeFilter.java,encode,"InputStream, OutputStream, COSDictionary, int",1,0,1
jempbox\src\main\java\org\apache\jempbox\xmp\pdfa\XMPSchemaPDFAField.java,<init>,XMPMetadata,0,0,2
pdfbox\src\main\java\org\apache\pdfbox\pdmodel\interactive\measurement\PDNumberFormatDictionary.java,<init>,,0,0,36
xmpbox\src\main\java\org\apache\xmpbox\schema\PhotoshopSchema.java,getUrgencyProperty,,0,0,9
pdfbox\src\main\java\org\apache\pdfbox\pdmodel\graphics\color\ColorSpaceCalRGB.java,fromCIEXYZtoRGB,float[],14,0,1
preflight\src\main\java\org\apache\pdfbox\preflight\font\descriptor\CIDType2DescriptorHelper.java,extractFontFile,PDFontDescriptorDictionary,0,0,2
xmpbox\src\main\java\org\apache\xmpbox\type\VersionType.java,getVersion,,0,0,4
preflight\src\main\java\org\apache\pdfbox\preflight\metadata\SynchronizedMetaDataValidation.java,AbsentSchemaMetaDataError,"String, String",0,0,5
pdfbox\src\main\java\org\apache\pdfbox\util\operator\pagedrawer\CurveToReplicateInitialPoint.java,<init>,,0,0,11
pdfbox\src\main\java\org\apache\pdfbox\pdmodel\graphics\pattern\PDPatternResources.java,setLength,int,0,0,3
pdfbox\src\main\java\org\apache\pdfbox\pdmodel\interactive\action\PDFormFieldAdditionalActions.java,<init>,COSDictionary,0,0,2
pdfbox\src\main\java\org\apache\pdfbox\pdmodel\common\function\type4\ExecutionContext.java,<init>,Operators,0,0,47
pdfbox\src\main\java\org\apache\pdfbox\cos\COSStream.java,doDecode,,0,0,95
pdfbox\src\main\java\org\apache\pdfbox\pdmodel\common\PDNumberTreeNode.java,setUpperLimit,Integer,0,0,18
preflight\src\main\java\org\apache\pdfbox\preflight\parser\XmlResultParser.java,generateFailureResponse,"Document, String, long, String, Exception",1,0,1
pdfbox\src\main\java\org\apache\pdfbox\pdmodel\PDPage.java,setParent,PDPageNode,0,0,22
examples\src\main\java\org\apache\pdfbox\examples\pdmodel\ReplaceString.java,doIt,"String, String, String, String",0,0,4
pdfbox\src\main\java\org\apache\pdfbox\pdmodel\interactive\digitalsignature\SignatureOptions.java,setVisualSignature,InputStream,1,0,4
pdfbox\src\main\java\org\apache\pdfbox\PDFReader.java,<init>,,98,0,2
pdfbox\src\main\java\org\apache\pdfbox\pdmodel\graphics\color\PDDeviceN.java,getAttributes,,0,0,4
pdfbox\src\main\java\org\apache\pdfbox\util\operator\pagedrawer\ClosePath.java,<init>,,0,0,9
pdfbox\src\main\java\org\apache\pdfbox\pdmodel\documentinterchange\taggedpdf\PDArtifactMarkedContent.java,isRightAttached,,0,0,2
pdfbox\src\main\java\org\apache\pdfbox\pdmodel\font\Type3StreamParser.java,<init>,,0,0,6
preflight\src\main\java\org\apache\pdfbox\preflight\font\util\Type1Parser.java,parseFontInformationUntilEncodingPart,PeekInputStream,0,0,7
pdfbox\src\main\java\org\apache\pdfbox\pdmodel\interactive\annotation\PDAppearanceStream.java,getMatrix,,0,0,2
pdfbox\src\main\java\org\apache\pdfbox\pdmodel\graphics\color\PDSeparation.java,getTintTransform,,0,0,4
pdfbox\src\main\java\org\apache\pdfbox\pdmodel\graphics\PDLineDashPattern.java,<init>,,0,0,12
pdfbox\src\main\java\org\apache\pdfbox\pdmodel\edit\PDPageContentStream.java,<init>,"PDDocument, PDPage, boolean, boolean",20,0,9
pdfbox\src\main\java\org\apache\pdfbox\cos\COSDictionary.java,setEmbeddedDate,"String, COSName, Calendar",27,0,20
pdfbox\src\main\java\org\apache\pdfbox\pdmodel\graphics\predictor\Optimum.java,<init>,,0,0,20
xmpbox\src\main\java\org\apache\xmpbox\type\TypeMapping.java,instanciateSimpleField,"Class, String, String, String, Object",67,1,307
preflight\src\main\java\org\apache\pdfbox\preflight\process\FileSpecificationValidationProcess.java,validateFileSpecification,"PreflightContext, COSDictionary",0,0,2
pdfbox\src\main\java\org\apache\pdfbox\pdmodel\interactive\pagenavigation\PDThread.java,setFirstBead,PDThreadBead,0,0,3
pdfbox\src\main\java\org\apache\pdfbox\util\ExtensionFileFilter.java,accept,File,0,0,4
pdfbox\src\main\java\org\apache\pdfbox\cos\COSDictionary.java,getEmbeddedDate,"String, COSName",4,0,3
pdfbox\src\main\java\org\apache\pdfbox\pdmodel\fdf\FDFField.java,setWidgetFieldFlags,Integer,0,0,2
pdfbox\src\main\java\org\apache\pdfbox\pdmodel\interactive\annotation\PDAnnotationMarkup.java,setPopup,PDAnnotationPopup,0,0,2
pdfbox\src\main\java\org\apache\pdfbox\pdmodel\encryption\SecurityHandler.java,encryptStream,"COSStream, long, long",0,0,2
pdfbox\src\main\java\org\apache\pdfbox\pdmodel\encryption\PDEncryptionDictionary.java,getStreamFilterName,,0,0,2
pdfbox\src\main\java\org\apache\pdfbox\pdmodel\PDPage.java,findMediaBox,,0,0,61
pdfbox\src\main\java\org\apache\pdfbox\util\StringUtil.java,<init>,,0,0,1
pdfbox\src\main\java\org\apache\pdfbox\pdmodel\fdf\FDFPage.java,getPageInfo,,0,0,3
pdfbox\src\main\java\org\apache\pdfbox\pdmodel\interactive\annotation\PDAppearanceStream.java,setMatrix,AffineTransform,0,0,2
jempbox\src\main\java\org\apache\jempbox\xmp\XMPSchemaMediaManagement.java,<init>,XMPMetadata,0,0,23
preflight\src\main\java\org\apache\pdfbox\preflight\process\reflect\ExtGStateValidationProcess.java,checkSoftMask,"PreflightContext, COSDictionary",0,0,1
pdfbox\src\main\java\org\apache\pdfbox\filter\RunLengthDecodeFilter.java,decode,"InputStream, OutputStream, COSDictionary, int",0,0,2
fontbox\src\main\java\org\apache\fontbox\cff\CFFDataInput.java,readOffset,int,0,0,1
pdfbox\src\main\java\org\apache\pdfbox\pdmodel\common\PDTextStream.java,<init>,COSString,0,0,23
jempbox\src\main\java\org\apache\jempbox\xmp\ResourceEvent.java,setWhen,Calendar,0,0,2
pdfbox\src\main\java\org\apache\pdfbox\pdmodel\common\filespecification\PDComplexFileSpecification.java,getFileMac,,0,0,7
xmpbox\src\main\java\org\apache\xmpbox\schema\AdobePDFSchema.java,setProducer,String,0,0,5
xmpbox\src\main\java\org\apache\xmpbox\type\PDFATypeType.java,getDescription,,0,0,4
pdfbox\src\main\java\org\apache\pdfbox\pdmodel\fdf\FDFAnnotationSquare.java,<init>,,0,0,3
preflight\src\main\java\org\apache\pdfbox\preflight\PreflightContext.java,addValidationError,ValidationResult$ValidationError,0,0,87
pdfbox\src\main\java\org\apache\pdfbox\pdmodel\interactive\action\type\PDActionRemoteGoTo.java,<init>,COSDictionary,0,0,18
xmpbox\src\main\java\org\apache\xmpbox\type\ResourceEventType.java,setSoftwareAgent,String,0,0,4
examples\src\main\java\org\apache\pdfbox\examples\signature\CreateSignature.java,<init>,"KeyStore, char[]",3,0,6
pdfbox\src\main\java\org\apache\pdfbox\cos\COSDictionary.java,getLong,COSName,0,0,42
pdfbox\src\main\java\org\apache\pdfbox\pdmodel\common\filespecification\PDEmbeddedFile.java,setMacSubtype,String,0,0,7
pdfbox\src\main\java\org\apache\pdfbox\pdmodel\documentinterchange\taggedpdf\PDLayoutAttributeObject.java,getTextDecorationType,,0,0,15
pdfbox\src\main\java\org\apache\pdfbox\pdmodel\common\function\PDFunctionType3.java,getBounds,,0,0,2
pdfbox\src\main\java\org\apache\pdfbox\pdmodel\documentinterchange\taggedpdf\PDLayoutAttributeObject.java,setBBox,PDRectangle,0,0,5
jempbox\src\main\java\org\apache\jempbox\xmp\XMPSchemaPDF.java,setKeywords,String,0,0,5
pdfbox\src\main\java\org\apache\pdfbox\pdmodel\font\PDFontDescriptor.java,isFlagBitOn,int,0,0,36
pdfbox\src\main\java\org\apache\pdfbox\cos\COSDictionary.java,getDate,"COSName, Calendar",10,0,35
pdfbox\src\main\java\org\apache\pdfbox\pdmodel\markedcontent\PDPropertyList.java,getOptionalContentGroup,COSName,0,0,4
pdfbox\src\main\java\org\apache\pdfbox\pdmodel\graphics\PDShading.java,getCoords,,0,0,2
pdfbox\src\main\java\org\apache\pdfbox\io\IOUtils.java,populateBuffer,"InputStream, byte[]",0,0,5
jempbox\src\main\java\org\apache\jempbox\xmp\ResourceRef.java,setInstanceID,String,0,0,2
pdfbox\src\main\java\org\apache\pdfbox\pdmodel\font\PDCIDFont.java,getFontHeight,"byte[], int, int",1,1,3
pdfbox\src\main\java\org\apache\pdfbox\encoding\AFMEncoding.java,<init>,FontMetric,1,0,7
pdfbox\src\main\java\org\apache\pdfbox\util\operator\SetStrokingCalRGBColor.java,process,"PDFOperator, List",0,0,3
pdfbox\src\main\java\org\apache\pdfbox\pdmodel\interactive\measurement\PDNumberFormatDictionary.java,getDenominator,,0,0,4
xmpbox\src\main\java\org\apache\xmpbox\type\ResourceRefType.java,setManager,String,0,0,4
preflight\src\main\java\org\apache\pdfbox\preflight\font\util\Type1.java,getWidthOfCID,int,0,0,7
xmpbox\src\main\java\org\apache\xmpbox\schema\XMPSchema.java,<init>,"XMPMetadata, String, String",0,0,57
pdfbox\src\main\java\org\apache\pdfbox\pdmodel\fdf\FDFDocument.java,save,OutputStream,8,0,2
pdfbox\src\main\java\org\apache\pdfbox\pdmodel\common\PDNumberTreeNode.java,getKids,,0,0,9
pdfbox\src\main\java\org\apache\pdfbox\pdmodel\PDDocumentCatalog.java,addOutputIntent,PDOutputIntent,0,0,1
pdfbox\src\main\java\org\apache\pdfbox\pdmodel\fdf\FDFIconFit.java,setScaleOption,String,0,0,2
pdfbox\src\main\java\org\apache\pdfbox\pdmodel\fdf\FDFAnnotationFileAttachment.java,<init>,COSDictionary,0,0,2
pdfbox\src\main\java\org\apache\pdfbox\pdmodel\font\PDType0Font.java,getAverageFontWidth,,0,0,2
pdfbox\src\main\java\org\apache\pdfbox\pdmodel\fdf\FDFAnnotation.java,setOpacity,float,0,0,3
pdfbox\src\main\java\org\apache\pdfbox\pdmodel\common\COSStreamArray.java,insertCOSStream,PDStream,0,0,3
pdfbox\src\main\java\org\apache\pdfbox\pdmodel\PDPage.java,setArtBox,PDRectangle,0,0,7
pdfbox\src\main\java\org\apache\pdfbox\pdmodel\font\PDTrueTypeFont.java,loadTTF,"PDStream, Encoding",20,0,4
pdfbox\src\main\java\org\apache\pdfbox\pdmodel\interactive\documentnavigation\destination\PDPageXYZDestination.java,setZoom,int,0,0,6
pdfbox\src\main\java\org\apache\pdfbox\pdmodel\interactive\action\PDPageAdditionalActions.java,<init>,,0,0,9
pdfbox\src\main\java\org\apache\pdfbox\pdmodel\interactive\measurement\PDViewportDictionary.java,<init>,COSDictionary,0,0,8
pdfbox\src\main\java\org\apache\pdfbox\TextToPDF.java,createPDFFromText,Reader,15,0,4
pdfbox\src\main\java\org\apache\pdfbox\pdmodel\graphics\color\PDColorState.java,setColorSpaceValue,float[],7,0,335
pdfbox\src\main\java\org\apache\pdfbox\pdmodel\interactive\documentnavigation\destination\PDDestination.java,<init>,,0,0,146
preflight\src\main\java\org\apache\pdfbox\preflight\content\ContentStreamWrapper.java,processOperator,"PDFOperator, List",0,0,3
xmpbox\src\main\java\org\apache\xmpbox\schema\XMPRightsManagementSchema.java,getCertificateURL,,0,0,4
pdfbox\src\main\java\org\apache\pdfbox\pdfwriter\COSWriter.java,writeXrefEntry,COSWriterXRefEntry,6,0,41
pdfbox\src\main\java\org\apache\pdfbox\util\operator\SetWordSpacing.java,<init>,,0,0,32
pdfbox\src\main\java\org\apache\pdfbox\pdmodel\interactive\measurement\PDRectlinearMeasureDictionary.java,setLineSloaps,PDNumberFormatDictionary[],0,0,3
jempbox\src\main\java\org\apache\jempbox\xmp\XMPSchemaRightsManagement.java,getUsageTermsLanguages,,0,0,3
jempbox\src\main\java\org\apache\jempbox\xmp\pdfa\XMPSchemaPDFAType.java,<init>,XMPMetadata,0,0,4
pdfbox\src\main\java\org\apache\pdfbox\io\NBitOutputStream.java,close,,0,0,4
pdfbox\src\main\java\org\apache\pdfbox\pdmodel\documentinterchange\taggedpdf\PDLayoutAttributeObject.java,setTextDecorationType,String,0,0,2
pdfbox\src\main\java\org\apache\pdfbox\io\PushBackInputStream.java,read,byte[],0,0,38
pdfbox\src\main\java\org\apache\pdfbox\util\operator\SetLineWidth.java,process,"PDFOperator, List",0,0,8
pdfbox\src\main\java\org\apache\pdfbox\pdfparser\PDFParser.java,parseXrefTable,long,2,0,7
pdfbox\src\main\java\org\apache\pdfbox\pdmodel\fdf\FDFAnnotation.java,setHidden,boolean,0,0,2
pdfbox\src\main\java\org\apache\pdfbox\pdmodel\edit\PDPageContentStream.java,moveTextPositionByAmount,"float, float",0,0,11
pdfbox\src\main\java\org\apache\pdfbox\pdmodel\font\PDSimpleFont.java,<init>,,9,0,222
pdfbox\src\main\java\org\apache\pdfbox\util\operator\SetLineDashPattern.java,process,"PDFOperator, List",0,0,8
jempbox\src\main\java\org\apache\jempbox\xmp\XMPSchemaPhotoshop.java,addSupplementalCategory,String,1,0,2
xmpbox\src\main\java\org\apache\xmpbox\schema\XMPSchema.java,addUnqualifiedSequenceDateValue,"String, Calendar",0,0,29
pdfbox\src\main\java\org\apache\pdfbox\util\DateConverter.java,parseSimpleDate,"String, String[], ParsePosition",44,0,31
jempbox\src\main\java\org\apache\jempbox\xmp\XMPSchemaIptc4xmpCore.java,getCiAdrCity,,0,0,4
xmpbox\src\main\java\org\apache\xmpbox\type\PDFATypeType.java,<init>,XMPMetadata,0,0,19
pdfbox\src\main\java\org\apache\pdfbox\pdmodel\interactive\annotation\PDAnnotationLine.java,getLeaderLineLength,,0,0,4
pdfbox\src\main\java\org\apache\pdfbox\pdmodel\PDPage.java,convertToImage,"int, int",125,0,17
preflight\src\main\java\org\apache\pdfbox\preflight\content\ContentStreamWrapper.java,validPatternContentStream,COSStream,8,0,2
preflight\src\main\java\org\apache\pdfbox\preflight\action\AbstractActionManager.java,valid,boolean,0,0,4
pdfbox\src\main\java\org\apache\pdfbox\pdmodel\interactive\form\PDUnknownField.java,<init>,"PDAcroForm, COSDictionary",0,0,13
pdfbox\src\main\java\org\apache\pdfbox\util\operator\SetLineJoinStyle.java,<init>,,0,0,30
pdfbox\src\main\java\org\apache\pdfbox\pdfparser\PDFParser.java,parseObject,,9,0,15
pdfbox\src\main\java\org\apache\pdfbox\pdmodel\PDPageable.java,<init>,PDDocument,20,0,1
pdfbox\src\main\java\org\apache\pdfbox\cos\COSDictionary.java,keyList,,0,0,5
xmpbox\src\main\java\org\apache\xmpbox\type\TypeMapping.java,addNewNameSpace,"String, String",0,0,4
preflight\src\main\java\org\apache\pdfbox\preflight\ValidationResult.java,mergeResult,ValidationResult,0,0,5
preflight\src\main\java\org\apache\pdfbox\preflight\content\ContentStreamEngine.java,registerOperatorProcessor,"String, OperatorProcessor",3,1,994
pdfbox\src\main\java\org\apache\pdfbox\pdmodel\common\COSArrayList.java,clear,,0,0,2
pdfbox\src\main\java\org\apache\pdfbox\pdmodel\common\function\type4\BitwiseOperators.java,<init>,,0,0,1
pdfbox\src\main\java\org\apache\pdfbox\pdmodel\font\PDFontDescriptorDictionary.java,setStemV,float,0,0,7
fontbox\src\main\java\org\apache\fontbox\ttf\TTFDataStream.java,readUnsignedByte,,5,4,16604
jempbox\src\main\java\org\apache\jempbox\xmp\XMPSchemaIptc4xmpCore.java,getCiUrlWork,,0,0,3
pdfbox\src\main\java\org\apache\pdfbox\pdmodel\encryption\StandardSecurityHandler.java,computeEncryptedKey,"byte[], byte[], int, byte[], int, int, boolean",3,0,26
pdfbox\src\main\java\org\apache\pdfbox\pdmodel\encryption\PDEncryptionDictionary.java,getPermissions,,0,0,8
fontbox\src\main\java\org\apache\fontbox\cmap\CodespaceRange.java,<init>,,0,0,1
pdfbox\src\main\java\org\apache\pdfbox\pdmodel\documentinterchange\taggedpdf\PDTableAttributeObject.java,setScope,String,0,0,4
pdfbox\src\main\java\org\apache\pdfbox\pdmodel\encryption\AccessPermission.java,setCanModify,boolean,0,0,38
pdfbox\src\main\java\org\apache\pdfbox\pdmodel\encryption\PDStandardEncryption.java,<init>,COSDictionary,0,0,20
xmpbox\src\main\java\org\apache\xmpbox\schema\XMPMediaManagementSchema.java,getManager,,0,0,4
pdfbox\src\main\java\org\apache\pdfbox\pdmodel\documentinterchange\taggedpdf\PDFourColours.java,<init>,COSArray,0,0,22
xmpbox\src\main\java\org\apache\xmpbox\type\ThumbnailType.java,setFormat,String,0,0,3
xmpbox\src\main\java\org\apache\xmpbox\schema\XMPBasicSchema.java,<init>,"XMPMetadata, String",0,0,1
preflight\src\main\java\org\apache\pdfbox\preflight\font\util\PeekInputStream.java,<init>,InputStream,0,0,30
pdfbox\src\main\java\org\apache\pdfbox\pdfviewer\PDFTreeModel.java,isLeaf,Object,0,0,4
preflight\src\main\java\org\apache\pdfbox\preflight\graphic\StandardColorSpaceHelper.java,processCYMKColorSpace,PDColorSpace,0,0,3
pdfbox\src\main\java\org\apache\pdfbox\pdmodel\interactive\annotation\PDAnnotationLink.java,setDestination,PDDestination,0,0,3
pdfbox\src\main\java\org\apache\pdfbox\util\operator\pagedrawer\StrokePath.java,<init>,,0,0,7
pdfbox\src\main\java\org\apache\pdfbox\pdmodel\documentinterchange\taggedpdf\PDPrintFieldAttributeObject.java,<init>,,0,0,17
pdfbox\src\main\java\org\apache\pdfbox\pdmodel\font\PDType1Font.java,determineEncoding,,32,0,31
pdfbox\src\main\java\org\apache\pdfbox\pdmodel\encryption\BadSecurityHandlerException.java,<init>,String,0,0,1
pdfbox\src\main\java\org\apache\pdfbox\pdmodel\documentinterchange\taggedpdf\PDLayoutAttributeObject.java,setTextDecorationThickness,int,0,0,1
preflight\src\main\java\org\apache\pdfbox\preflight\font\util\Type1Parser.java,createParser,"InputStream, int, int",5,0,7
pdfbox\src\main\java\org\apache\pdfbox\pdmodel\fdf\FDFAnnotation.java,getSubject,,0,0,3
jempbox\src\main\java\org\apache\jempbox\xmp\XMPSchemaIptc4xmpCore.java,setCiAdrPcode,String,0,0,2
preflight\src\main\java\org\apache\pdfbox\preflight\process\reflect\ShaddingPatternValidationProcess.java,checkGraphicState,"PreflightContext, PDPage, PDShadingResources",0,0,3
pdfbox\src\main\java\org\apache\pdfbox\pdmodel\fdf\FDFPage.java,getTemplates,,1,0,5
pdfbox\src\main\java\org\apache\pdfbox\pdmodel\interactive\annotation\PDAnnotation.java,setPage,PDPage,0,0,2
xmpbox\src\main\java\org\apache\xmpbox\type\ThumbnailType.java,getWidth,,0,0,5
pdfbox\src\main\java\org\apache\pdfbox\pdmodel\documentinterchange\taggedpdf\PDLayoutAttributeObject.java,getBackgroundColor,,0,0,17
pdfbox\src\main\java\org\apache\pdfbox\pdmodel\graphics\PDLineDashPattern.java,<init>,COSArray,0,0,12
jempbox\src\main\java\org\apache\jempbox\xmp\XMPSchemaMediaManagement.java,<init>,"Element, String",0,0,30
preflight\src\main\java\org\apache\pdfbox\preflight\font\SimpleFontValidator.java,validate,,11,0,5
preflight\src\main\java\org\apache\pdfbox\preflight\font\util\CIDToGIDMap.java,getGID,int,0,0,5
pdfbox\src\main\java\org\apache\pdfbox\pdmodel\graphics\shading\PDShadingType1.java,<init>,COSDictionary,0,0,19
pdfbox\src\main\java\org\apache\pdfbox\pdmodel\interactive\documentnavigation\outline\PDOutlineItem.java,setDestination,PDPage,0,0,1
xmpbox\src\main\java\org\apache\xmpbox\schema\PhotoshopSchema.java,getCategoryProperty,,0,0,13
pdfbox\src\main\java\org\apache\pdfbox\encoding\Encoding.java,getCharacter,int,2,0,21
examples\src\main\java\org\apache\pdfbox\examples\pdmodel\ReplaceString.java,usage,,0,0,2
jempbox\src\main\java\org\apache\jempbox\xmp\XMPSchemaDublinCore.java,getIdentifier,,0,0,2
pdfbox\src\main\java\org\apache\pdfbox\filter\FlateFilter.java,<init>,,0,0,134
examples\src\main\java\org\apache\pdfbox\examples\pdmodel\PrintURLs.java,usage,,0,0,1
examples\src\main\java\org\apache\pdfbox\examples\pdmodel\UsingTextMatrix.java,usage,,0,0,2
pdfbox\src\main\java\org\apache\pdfbox\pdmodel\interactive\annotation\PDAnnotationLine.java,getLeaderLineOffsetLength,,0,0,4
jempbox\src\main\java\org\apache\jempbox\xmp\XMPSchemaPDF.java,<init>,XMPMetadata,0,0,5
jempbox\src\main\java\org\apache\jempbox\xmp\XMPSchemaDublinCore.java,removeContributor,String,0,0,2
pdfbox\src\main\java\org\apache\pdfbox\pdmodel\graphics\pattern\PDPatternResources.java,setPaintType,int,0,0,2
pdfbox\src\main\java\org\apache\pdfbox\pdfviewer\ArrayEntry.java,<init>,,0,0,9
pdfbox\src\main\java\org\apache\pdfbox\cos\COSUnread.java,<init>,"long, long",0,0,8
pdfbox\src\main\java\org\apache\pdfbox\pdmodel\common\COSArrayList.java,toCOSObjectList,Collection,0,0,13
pdfbox\src\main\java\org\apache\pdfbox\pdmodel\interactive\annotation\PDAnnotationWidget.java,<init>,,0,0,16
pdfbox\src\main\java\org\apache\pdfbox\pdmodel\graphics\PDExtendedGraphicsState.java,getRenderingIntent,,0,0,18
examples\src\main\java\org\apache\pdfbox\examples\pdmodel\RubberStampWithImage.java,doIt,String[],0,0,7
pdfbox\src\main\java\org\apache\pdfbox\pdmodel\interactive\action\type\PDURIDictionary.java,getBase,,0,0,4
pdfbox\src\main\java\org\apache\pdfbox\pdmodel\common\PDNameTreeNode.java,getLowerLimit,,0,0,13
pdfbox\src\main\java\org\apache\pdfbox\pdmodel\graphics\optionalcontent\PDOptionalContentProperties.java,getGroupNames,,0,0,1
pdfbox\src\main\java\org\apache\pdfbox\pdmodel\graphics\xobject\PDCcitt.java,<init>,PDStream,0,0,3
pdfbox\src\main\java\org\apache\pdfbox\pdmodel\interactive\digitalsignature\PDPropBuildDataDict.java,getRevision,,0,0,3
pdfbox\src\main\java\org\apache\pdfbox\pdmodel\interactive\annotation\PDAppearanceDictionary.java,getNormalAppearance,,1,0,9
pdfbox\src\main\java\org\apache\pdfbox\util\operator\SetStrokingDeviceN.java,process,"PDFOperator, List",0,0,2
pdfbox\src\main\java\org\apache\pdfbox\pdmodel\graphics\pattern\PDPatternResources.java,create,COSDictionary,0,0,4
pdfbox\src\main\java\org\apache\pdfbox\pdmodel\documentinterchange\taggedpdf\PDFourColours.java,setStartColour,PDGamma,0,0,2
preflight\src\main\java\org\apache\pdfbox\preflight\xobject\XObjImageValidator.java,checkIntent,,0,0,1
pdfbox\src\main\java\org\apache\pdfbox\pdmodel\documentinterchange\logicalstructure\PDStructureNode.java,appendKid,COSBase,0,0,23
pdfbox\src\main\java\org\apache\pdfbox\pdmodel\PDDocumentInformation.java,setSubject,String,0,0,6
pdfbox\src\main\java\org\apache\pdfbox\pdmodel\interactive\measurement\PDRectlinearMeasureDictionary.java,<init>,,0,0,31
pdfbox\src\main\java\org\apache\pdfbox\pdmodel\interactive\annotation\PDAnnotation.java,setAppearance,PDAppearanceDictionary,0,0,4
pdfbox\src\main\java\org\apache\pdfbox\cos\COSDictionary.java,getValues,,0,0,9
pdfbox\src\main\java\org\apache\pdfbox\pdmodel\fdf\FDFNamedPageReference.java,<init>,COSDictionary,0,0,9
pdfbox\src\main\java\org\apache\pdfbox\pdmodel\interactive\digitalsignature\PDPropBuildDataDict.java,setTrustedMode,boolean,0,0,1
pdfbox\src\main\java\org\apache\pdfbox\cos\COSDictionary.java,getDictionaryObject,COSName,7819,2289,8043995
pdfbox\src\main\java\org\apache\pdfbox\pdmodel\PDDocumentNameDictionary.java,setEmbeddedFiles,PDEmbeddedFilesNameTreeNode,0,0,4
preflight\src\main\java\org\apache\pdfbox\preflight\exception\TrailerParseException.java,<init>,ParseException,0,0,2
pdfbox\src\main\java\org\apache\pdfbox\cos\COSStream.java,doEncode,,31,0,15
preflight\src\main\java\org\apache\pdfbox\preflight\font\descriptor\TrueTypeDescriptorHelper.java,extractFontFile,PDFontDescriptorDictionary,0,0,2
pdfbox\src\main\java\org\apache\pdfbox\pdmodel\common\COSDictionaryMap.java,entrySet,,0,0,2
preflight\src\main\java\org\apache\pdfbox\preflight\font\util\Type1Parser.java,readToken,PeekInputStream,0,0,11
pdfbox\src\main\java\org\apache\pdfbox\pdmodel\PDDocumentCatalog.java,setViewerPreferences,PDViewerPreferences,0,0,4
pdfbox\src\main\java\org\apache\pdfbox\pdmodel\graphics\color\PDColorState.java,clone,,0,0,11
pdfbox\src\main\java\org\apache\pdfbox\pdmodel\graphics\color\PDGamma.java,<init>,COSArray,0,0,46
pdfbox\src\main\java\org\apache\pdfbox\pdmodel\PDResources.java,getImages,,0,0,6
pdfbox\src\main\java\org\apache\pdfbox\ExtractImages.java,main,String[],0,0,4
jempbox\src\main\java\org\apache\jempbox\xmp\ResourceEvent.java,getInstanceID,,0,0,1
pdfbox\src\main\java\org\apache\pdfbox\io\ccitt\CCITTFaxG31DDecodeInputStream.java,addLookupTreeNode,"short, CCITTFaxG31DDecodeInputStream$NonLeafLookupTreeNode, CCITTFaxG31DDecodeInputStream$LookupTreeNode",0,0,210
pdfbox\src\main\java\org\apache\pdfbox\io\RandomAccessFileInputStream.java,<init>,"RandomAccess, long, long",0,0,68
preflight\src\main\java\org\apache\pdfbox\preflight\Validator_A1b.java,main,String[],158,0,5
pdfbox\src\main\java\org\apache\pdfbox\pdmodel\common\PDNamedTextStream.java,<init>,"COSName, COSBase",0,0,7
pdfbox\src\main\java\org\apache\pdfbox\pdmodel\PDDocumentInformation.java,getTitle,,0,0,11
pdfbox\src\main\java\org\apache\pdfbox\io\RandomAccessFileInputStream.java,read,,0,0,8
pdfbox\src\main\java\org\apache\pdfbox\OverlayPDF.java,<init>,,0,0,2
pdfbox\src\main\java\org\apache\pdfbox\pdmodel\graphics\PDExtendedGraphicsState.java,copyIntoGraphicsState,PDGraphicsState,1,0,17
pdfbox\src\main\java\org\apache\pdfbox\util\operator\EndMarkedContentSequence.java,<init>,,0,0,3
pdfbox\src\main\java\org\apache\pdfbox\PDFSplit.java,main,String[],2,0,5
preflight\src\main\java\org\apache\pdfbox\preflight\font\util\CIDToGIDMap.java,<init>,,0,0,9
pdfbox\src\main\java\org\apache\pdfbox\cos\COSString.java,<init>,boolean,0,0,49
xmpbox\src\main\java\org\apache\xmpbox\schema\XMPMediaManagementSchema.java,getManagerVariantProperty,,0,0,7
pdfbox\src\main\java\org\apache\pdfbox\pdmodel\graphics\color\PDCalRGB.java,getGamma,,0,0,13
pdfbox\src\main\java\org\apache\pdfbox\pdmodel\common\COSArrayList.java,<init>,"Object, COSBase, COSDictionary, String",0,0,18
xmpbox\src\main\java\org\apache\xmpbox\type\JobType.java,setUrl,String,0,0,8
fontbox\src\main\java\org\apache\fontbox\ttf\TrueTypeFont.java,getIndexToLocation,,0,0,4
xmpbox\src\main\java\org\apache\xmpbox\schema\XMPSchema.java,getDateProperty,String,0,0,13
jempbox\src\main\java\org\apache\jempbox\xmp\XMPSchemaIptc4xmpCore.java,setCiUrlWork,String,0,0,2
pdfbox\src\main\java\org\apache\pdfbox\pdmodel\documentinterchange\taggedpdf\PDLayoutAttributeObject.java,setEndIndent,float,0,0,3
pdfbox\src\main\java\org\apache\pdfbox\pdmodel\graphics\color\PDDeviceN.java,calculateColorValues,List,0,0,2
pdfbox\src\main\java\org\apache\pdfbox\cos\COSString.java,createFromHexString,String,0,0,11
xmpbox\src\main\java\org\apache\xmpbox\schema\PDFAIdentificationSchema.java,setConformanceProperty,TextType,0,0,4
preflight\src\main\java\org\apache\pdfbox\preflight\annotation\PrintMarkAnnotationValidator.java,<init>,"PreflightContext, COSDictionary",0,0,4
xmpbox\src\main\java\org\apache\xmpbox\schema\XMPSchema.java,setTextPropertyValue,"String, String",0,0,13
pdfbox\src\main\java\org\apache\pdfbox\pdmodel\documentinterchange\taggedpdf\PDListAttributeObject.java,getListNumbering,,0,0,4
xmpbox\src\main\java\org\apache\xmpbox\schema\DublinCoreSchema.java,setCoverageProperty,TextType,0,0,4
lucene\src\main\java\org\apache\pdfbox\lucene\IndexFiles.java,indexDocs,File,1,0,5
pdfbox\src\main\java\org\apache\pdfbox\pdmodel\font\PDType0Font.java,getFontHeight,"byte[], int, int",0,0,3
pdfbox\src\main\java\org\apache\pdfbox\pdmodel\PDPageNode.java,findCropBox,,0,0,6
xmpbox\src\main\java\org\apache\xmpbox\type\Types.java,valueOf,String,0,0,6
pdfbox\src\main\java\org\apache\pdfbox\pdmodel\fdf\FDFTemplate.java,setFields,List,0,0,5
pdfbox\src\main\java\org\apache\pdfbox\filter\LZWNode.java,getNode,byte,0,0,760
preflight\src\main\java\org\apache\pdfbox\preflight\metadata\SynchronizedMetaDataValidation.java,SchemaAccessException,"String, Throwable",0,0,1
fontbox\src\main\java\org\apache\fontbox\ttf\TrueTypeFont.java,getOS2Windows,,0,0,2
jempbox\src\main\java\org\apache\jempbox\xmp\ResourceRef.java,setDocumentID,String,0,0,2
xmpbox\src\main\java\org\apache\xmpbox\type\TypeMapping.java,isDefinedNamespace,String,0,0,6
preflight\src\main\java\org\apache\pdfbox\preflight\PreflightContext.java,addValidationErrors,List,0,0,2
pdfbox\src\main\java\org\apache\pdfbox\pdmodel\interactive\form\PDField.java,<init>,"PDAcroForm, COSDictionary",0,0,76
pdfbox\src\main\java\org\apache\pdfbox\pdmodel\graphics\xobject\CompositeImage.java,<init>,"BufferedImage, BufferedImage",0,0,8
jempbox\src\main\java\org\apache\jempbox\xmp\ResourceRef.java,getInstanceID,,0,0,2
preflight\src\main\java\org\apache\pdfbox\preflight\PreflightPath.java,getClosestPathElement,Class,0,0,14
pdfbox\src\main\java\org\apache\pdfbox\pdmodel\PDPage.java,setMetadata,PDMetadata,0,0,4
pdfbox\src\main\java\org\apache\pdfbox\pdmodel\common\filespecification\PDSimpleFileSpecification.java,<init>,COSString,0,0,18
pdfbox\src\main\java\org\apache\pdfbox\pdmodel\graphics\shading\PDShadingType4.java,setBitsPerFlag,int,0,0,2
pdfbox\src\main\java\org\apache\pdfbox\pdfwriter\COSFilterInputStream.java,inRange,,0,0,84
pdfbox\src\main\java\org\apache\pdfbox\io\IOUtils.java,closeQuietly,Writer,0,0,2
preflight\src\main\java\org\apache\pdfbox\preflight\graphic\ColorSpaces.java,<init>,"String, int, String",0,0,15
jempbox\src\main\java\org\apache\jempbox\xmp\ResourceEvent.java,setMangager,String,0,0,1
pdfbox\src\main\java\org\apache\pdfbox\pdmodel\interactive\documentnavigation\outline\PDOutlineItem.java,getStructureElement,,2,0,3
preflight\src\main\java\org\apache\pdfbox\preflight\font\CIDType2FontValidator.java,checkCIDToGIDMap,COSBase,4,0,1
preflight\src\main\java\org\apache\pdfbox\preflight\font\util\GlyphDetail.java,<init>,int,0,0,11
pdfbox\src\main\java\org\apache\pdfbox\pdmodel\PDDocumentInformation.java,getModificationDate,,0,0,9
pdfbox\src\main\java\org\apache\pdfbox\filter\FilterManager.java,<init>,,51,2,125
pdfbox\src\main\java\org\apache\pdfbox\pdmodel\interactive\form\PDVariableText.java,setDoNotScroll,boolean,0,0,1
pdfbox\src\main\java\org\apache\pdfbox\pdmodel\interactive\documentnavigation\destination\PDPageFitRectangleDestination.java,setBottom,int,0,0,4
pdfbox\src\main\java\org\apache\pdfbox\pdmodel\documentinterchange\taggedpdf\PDPrintFieldAttributeObject.java,setAlternateName,String,0,0,4
xmpbox\src\main\java\org\apache\xmpbox\schema\PhotoshopSchema.java,setAuthorsPosition,String,1,0,8
pdfbox\src\main\java\org\apache\pdfbox\pdmodel\graphics\shading\AxialShadingPaint.java,<init>,"PDShadingType2, Matrix, int",0,0,3
pdfbox\src\main\java\org\apache\pdfbox\pdmodel\font\PDFontDescriptorDictionary.java,setAscent,float,0,0,8
pdfbox\src\main\java\org\apache\pdfbox\pdmodel\fdf\FDFField.java,setAdditionalActions,PDAdditionalActions,0,0,1
jempbox\src\main\java\org\apache\jempbox\xmp\XMPSchemaRightsManagement.java,getOwners,,0,0,2
pdfbox\src\main\java\org\apache\pdfbox\util\PDFStreamEngine.java,processEncodedText,byte[],2,0,1
pdfbox\src\main\java\org\apache\pdfbox\encoding\Encoding.java,addCharacterEncoding,"int, String",383,97,87745
pdfbox\src\main\java\org\apache\pdfbox\pdmodel\fdf\FDFAnnotation.java,setName,String,0,0,3
xmpbox\src\main\java\org\apache\xmpbox\type\AbstractComplexProperty.java,getProperty,String,4,0,875
pdfbox\src\main\java\org\apache\pdfbox\pdmodel\documentinterchange\taggedpdf\PDLayoutAttributeObject.java,getWidth,,0,0,19
pdfbox\src\main\java\org\apache\pdfbox\pdmodel\common\PDStream.java,createInputStream,,0,0,42
preflight\src\main\java\org\apache\pdfbox\preflight\graphic\NoPatternColorSpaceHelper.java,<init>,"PreflightContext, PDColorSpace",0,0,3
preflight\src\main\java\org\apache\pdfbox\preflight\font\util\Type1Parser.java,createParserWithEncodingName,"InputStream, int, int, String",7,0,5
xmpbox\src\main\java\org\apache\xmpbox\type\JobType.java,getId,,0,0,5
pdfbox\src\main\java\org\apache\pdfbox\pdmodel\interactive\form\PDVariableText.java,shouldComb,,0,0,2
pdfbox\src\main\java\org\apache\pdfbox\pdmodel\font\PDType1Font.java,getEncodingFromFont,boolean,0,0,27
pdfbox\src\main\java\org\apache\pdfbox\pdmodel\common\PDTypedDictionaryWrapper.java,<init>,String,0,0,5
pdfbox\src\main\java\org\apache\pdfbox\pdmodel\graphics\color\PDIndexed.java,calculateColorValues,int,3,0,12
pdfbox\src\main\java\org\apache\pdfbox\pdmodel\interactive\action\PDDocumentCatalogAdditionalActions.java,<init>,,0,0,16
pdfbox\src\main\java\org\apache\pdfbox\pdmodel\PDDocument.java,addSignature,"PDSignature, SignatureInterface, SignatureOptions",0,0,2
pdfbox\src\main\java\org\apache\pdfbox\pdmodel\font\PDSimpleFont.java,drawString,"String, int[], Graphics, float, AffineTransform, float, float",26,0,10
pdfbox\src\main\java\org\apache\pdfbox\pdfwriter\COSWriter.java,addObjectToWrite,COSBase,1,0,48
preflight\src\main\java\org\apache\pdfbox\preflight\font\util\Type1.java,initEncodingWithISOLatin1Encoding,,1,0,1
pdfbox\src\main\java\org\apache\pdfbox\pdmodel\documentinterchange\taggedpdf\PDTableAttributeObject.java,getHeaders,,0,0,5
pdfbox\src\main\java\org\apache\pdfbox\encryption\PDFEncryption.java,getUserPassword,"byte[], byte[], int, long",3,0,14
pdfbox\src\main\java\org\apache\pdfbox\ExportFDF.java,<init>,,0,0,8
pdfbox\src\main\java\org\apache\pdfbox\pdmodel\documentinterchange\logicalstructure\PDDefaultAttributeObject.java,getAttributeValue,"String, COSBase",0,0,4
examples\src\main\java\org\apache\pdfbox\examples\pdmodel\PrintDocumentMetaData.java,main,String[],0,0,4
pdfbox\src\main\java\org\apache\pdfbox\pdmodel\common\PDStream.java,createOutputStream,,2,0,13
pdfbox\src\main\java\org\apache\pdfbox\pdmodel\documentinterchange\logicalstructure\PDStructureNode.java,setKids,List,0,0,3
pdfbox\src\main\java\org\apache\pdfbox\pdfwriter\COSWriter.java,visitFromDocument,COSDocument,88,0,16
pdfbox\src\main\java\org\apache\pdfbox\pdmodel\interactive\annotation\PDAnnotation.java,setRectangle,PDRectangle,0,0,7
pdfbox\src\main\java\org\apache\pdfbox\pdfparser\PDFStreamParser.java,<init>,"COSStream, boolean",0,0,19
pdfbox\src\main\java\org\apache\pdfbox\util\operator\SetStrokingIndexed.java,process,"PDFOperator, List",0,0,1
xmpbox\src\main\java\org\apache\xmpbox\schema\XMPMediaManagementSchema.java,setVersionIDProperty,TextType,0,0,7
pdfbox\src\main\java\org\apache\pdfbox\pdmodel\interactive\action\type\PDWindowsLaunchParams.java,getExecuteParam,,0,0,4
pdfbox\src\main\java\org\apache\pdfbox\pdmodel\documentinterchange\logicalstructure\PDDefaultAttributeObject.java,<init>,,0,0,14
pdfbox\src\main\java\org\apache\pdfbox\pdmodel\common\PDMatrix.java,setValue,"int, int, float",0,0,5
xmpbox\src\main\java\org\apache\xmpbox\schema\XMPSchema.java,addUnqualifiedSequenceValue,"String, String",0,0,22
pdfbox\src\main\java\org\apache\pdfbox\util\operator\SetNonStrokingCalRGBColor.java,<init>,,0,0,3
preflight\src\main\java\org\apache\pdfbox\preflight\exception\ValidationException.java,<init>,String,0,0,30
xmpbox\src\main\java\org\apache\xmpbox\type\RealType.java,getValue,,0,0,3
preflight\src\main\java\org\apache\pdfbox\preflight\font\util\Type1.java,addGlyphDescription,"String, GlyphDescription",0,0,1
jempbox\src\main\java\org\apache\jempbox\xmp\XMPSchemaIptc4xmpCore.java,getIntellectualGenre,,0,0,3
pdfbox\src\main\java\org\apache\pdfbox\util\TextPosition.java,getXRot,float,0,0,5
pdfbox\src\main\java\org\apache\pdfbox\pdmodel\documentinterchange\logicalstructure\PDUserProperty.java,getValue,,0,0,9
pdfbox\src\main\java\org\apache\pdfbox\pdmodel\PDPage.java,findParentCropBox,PDPageNode,0,0,8
pdfbox\src\main\java\org\apache\pdfbox\pdmodel\interactive\annotation\PDAppearanceStream.java,setResources,PDResources,0,0,3
pdfbox\src\main\java\org\apache\pdfbox\pdmodel\common\function\type4\ExecutionContext.java,popReal,,0,0,5
examples\src\main\java\org\apache\pdfbox\examples\pdmodel\AddMetadataFromDocInfo.java,usage,,0,0,2
pdfbox\src\main\java\org\apache\pdfbox\pdmodel\graphics\shading\PDShadingType5.java,getFunction,,0,0,3
jempbox\src\main\java\org\apache\jempbox\xmp\XMPSchemaIptc4xmpCore.java,getLocation,,0,0,3
pdfbox\src\main\java\org\apache\pdfbox\pdmodel\interactive\digitalsignature\PDSeedValue.java,setLegalAttestationRequired,boolean,0,0,1
pdfbox\src\main\java\org\apache\pdfbox\pdmodel\graphics\shading\PDShadingType2.java,getExtend,,0,0,5
pdfbox\src\main\java\org\apache\pdfbox\pdmodel\common\COSStreamArray.java,get,int,0,0,2
pdfbox\src\main\java\org\apache\pdfbox\pdmodel\font\PDFontDescriptorDictionary.java,setCharacterSet,String,0,0,5
pdfbox\src\main\java\org\apache\pdfbox\cos\COSDictionary.java,getInt,"String[], int",0,0,5
jempbox\src\main\java\org\apache\jempbox\xmp\XMPMetadata.java,addDublinCoreSchema,,3,0,52
pdfbox\src\main\java\org\apache\pdfbox\pdmodel\interactive\digitalsignature\visible\PDVisibleSigBuilder.java,createImageFormResources,,1,0,1
xmpbox\src\main\java\org\apache\xmpbox\type\AbstractComplexProperty.java,getFirstEquivalentProperty,"String, Class",0,0,110
jempbox\src\main\java\org\apache\jempbox\xmp\Thumbnail.java,getWidth,,0,0,3
xmpbox\src\main\java\org\apache\xmpbox\type\ResourceRefType.java,setManageUI,String,0,0,4
pdfbox\src\main\java\org\apache\pdfbox\util\operator\SetTextRenderingMode.java,<init>,,0,0,32
pdfbox\src\main\java\org\apache\pdfbox\pdmodel\graphics\color\PDCalRGB.java,setGamma,PDGamma,0,0,2
preflight\src\main\java\org\apache\pdfbox\preflight\graphic\ColorSpaces.java,valueOf,String,0,0,23
pdfbox\src\main\java\org\apache\pdfbox\pdmodel\graphics\PDExtendedGraphicsState.java,setFontSetting,PDFontSetting,0,0,7
pdfbox\src\main\java\org\apache\pdfbox\pdmodel\common\COSStreamArray.java,appendStream,COSStream,0,0,1
xmpbox\src\main\java\org\apache\xmpbox\type\ResourceRefType.java,getMaskMarkers,,0,0,4
pdfbox\src\main\java\org\apache\pdfbox\pdmodel\graphics\xobject\PDXObjectImage.java,imageMask,BufferedImage,0,0,1
jempbox\src\main\java\org\apache\jempbox\xmp\XMPSchemaBasic.java,getNickname,,0,0,3
pdfbox\src\main\java\org\apache\pdfbox\cos\COSObject.java,getItem,COSName,0,0,7
pdfbox\src\main\java\org\apache\pdfbox\pdmodel\interactive\action\type\PDActionURI.java,<init>,,0,0,16
pdfbox\src\main\java\org\apache\pdfbox\pdmodel\PDResources.java,addFontToDictionary,"PDFont, String",0,0,17
xmpbox\src\main\java\org\apache\xmpbox\schema\PDFAIdentificationSchema.java,<init>,"XMPMetadata, String",0,0,12
preflight\src\main\java\org\apache\pdfbox\preflight\graphic\ColorSpaces.java,values,,0,0,4
pdfbox\src\main\java\org\apache\pdfbox\pdmodel\fdf\FDFDocument.java,getCatalog,,0,0,8
pdfbox\src\main\java\org\apache\pdfbox\pdmodel\common\filespecification\PDSimpleFileSpecification.java,getFile,,0,0,7
xmpbox\src\main\java\org\apache\xmpbox\schema\PhotoshopSchema.java,getStateProperty,,0,0,7
jempbox\src\main\java\org\apache\jempbox\xmp\XMPSchemaRightsManagement.java,<init>,XMPMetadata,0,0,27
pdfbox\src\main\java\org\apache\pdfbox\pdmodel\graphics\PDExtendedGraphicsState.java,setStrokingAlphaConstant,Float,0,0,10
pdfbox\src\main\java\org\apache\pdfbox\pdmodel\interactive\form\PDXFA.java,<init>,COSBase,0,0,11
preflight\src\main\java\org\apache\pdfbox\preflight\utils\COSUtils.java,isDictionary,"COSBase, COSDocument",0,0,2
xmpbox\src\main\java\org\apache\xmpbox\schema\PDFAIdentificationSchema.java,setPartValueWithInt,int,0,0,5
pdfbox\src\main\java\org\apache\pdfbox\cos\COSArray.java,toList,,0,0,16
pdfbox\src\main\java\org\apache\pdfbox\pdmodel\graphics\color\PDOutputIntent.java,configureOutputProfile,"PDDocument, InputStream",2,0,14
pdfbox\src\main\java\org\apache\pdfbox\cos\COSDocument.java,getDocumentID,,0,0,9
pdfbox\src\main\java\org\apache\pdfbox\pdmodel\documentinterchange\taggedpdf\PDLayoutAttributeObject.java,setLineHeight,int,0,0,4
xmpbox\src\main\java\org\apache\xmpbox\DateConverter.java,toCalendar,String,3,0,52
pdfbox\src\main\java\org\apache\pdfbox\pdmodel\interactive\annotation\PDAnnotationLine.java,getCaptionVerticalOffset,,0,0,5
pdfbox\src\main\java\org\apache\pdfbox\pdmodel\documentinterchange\taggedpdf\PDLayoutAttributeObject.java,setAllTPaddings,float,0,0,4
pdfbox\src\main\java\org\apache\pdfbox\pdmodel\common\COSStreamArray.java,getFilters,,0,0,2
pdfbox\src\main\java\org\apache\pdfbox\pdmodel\common\function\type4\Parser.java,parse,"CharSequence, Parser$SyntaxHandler",4,0,22
pdfbox\src\main\java\org\apache\pdfbox\pdmodel\graphics\xobject\PDXObjectForm.java,getFormType,,0,0,4
pdfbox\src\main\java\org\apache\pdfbox\pdmodel\graphics\color\PDSeparation.java,<init>,COSArray,0,0,9
fontbox\src\main\java\org\apache\fontbox\afm\Ligature.java,<init>,,0,0,72
pdfbox\src\main\java\org\apache\pdfbox\filter\LZWDictionary.java,getData,long,0,0,20
pdfbox\src\main\java\org\apache\pdfbox\pdmodel\PDDocument.java,getSignatureDictionaries,,0,0,6
pdfbox\src\main\java\org\apache\pdfbox\util\PDFMergerUtility.java,addSource,File,0,0,1
pdfbox\src\main\java\org\apache\pdfbox\pdmodel\interactive\annotation\PDAppearanceDictionary.java,getDownAppearance,,0,0,5
xmpbox\src\main\java\org\apache\xmpbox\type\TypeMapping.java,instanciateSimpleProperty,"String, String, String, Object, Types",28,1,352
pdfbox\src\main\java\org\apache\pdfbox\filter\LZWDictionary.java,visit,byte,2,0,729
pdfbox\src\main\java\org\apache\pdfbox\pdmodel\graphics\PDExtendedGraphicsState.java,setFloatItem,"COSName, Float",1,0,104
fontbox\src\main\java\org\apache\fontbox\ttf\TrueTypeFont.java,getHorizontalMetrics,,0,0,2
preflight\src\main\java\org\apache\pdfbox\preflight\font\Type1FontValidator.java,createFontDescriptorHelper,,5,0,5
jempbox\src\main\java\org\apache\jempbox\xmp\XMPSchema.java,getSequenceList,String,0,0,5
pdfbox\src\main\java\org\apache\pdfbox\pdmodel\interactive\pagenavigation\PDThreadBead.java,getThread,,0,0,5
pdfbox\src\main\java\org\apache\pdfbox\pdmodel\font\PDFont.java,encodeToCID,"byte[], int, int",0,0,16
pdfbox\src\main\java\org\apache\pdfbox\io\IOUtils.java,closeQuietly,Reader,0,0,5
pdfbox\src\main\java\org\apache\pdfbox\pdfwriter\COSFilterInputStream.java,read,byte[],0,0,30
pdfbox\src\main\java\org\apache\pdfbox\pdmodel\common\PDMemoryStream.java,getLength,,0,0,10
pdfbox\src\main\java\org\apache\pdfbox\pdmodel\graphics\color\PDDeviceN.java,getTintTransform,,0,0,4
pdfbox\src\main\java\org\apache\pdfbox\pdmodel\interactive\digitalsignature\PDSeedValue.java,getSubFilter,,0,0,4
pdfbox\src\main\java\org\apache\pdfbox\util\operator\pagedrawer\SetLineMiterLimit.java,process,"PDFOperator, List",0,0,4
pdfbox\src\main\java\org\apache\pdfbox\pdmodel\common\PDRectangle.java,setUpperRightY,float,1,0,22
pdfbox\src\main\java\org\apache\pdfbox\util\ImageParameters.java,getColorSpace,Map,0,0,19
pdfbox\src\main\java\org\apache\pdfbox\cos\COSDictionary.java,getItem,String,0,0,17
pdfbox\src\main\java\org\apache\pdfbox\pdmodel\interactive\documentnavigation\destination\PDPageFitDestination.java,fitBoundingBox,,0,0,6
pdfbox\src\main\java\org\apache\pdfbox\pdmodel\interactive\action\type\PDActionLaunch.java,shouldOpenInNewWindow,,0,0,3
pdfbox\src\main\java\org\apache\pdfbox\pdmodel\PDDocument.java,getCurrentAccessPermission,,0,0,4
pdfbox\src\main\java\org\apache\pdfbox\pdmodel\documentinterchange\logicalstructure\PDStructureElement.java,getParent,,0,0,8
pdfbox\src\main\java\org\apache\pdfbox\pdmodel\common\PDPageLabels.java,<init>,PDDocument,1,0,12
pdfbox\src\main\java\org\apache\pdfbox\pdmodel\documentinterchange\taggedpdf\PDStandardAttributeObject.java,setArrayOfString,"String, String[]",0,0,11
pdfbox\src\main\java\org\apache\pdfbox\cos\COSObject.java,getDictionaryObject,COSName,0,0,4
pdfbox\src\main\java\org\apache\pdfbox\util\operator\pagedrawer\CloseFillNonZeroAndStrokePath.java,process,"PDFOperator, List",2,0,2
jempbox\src\main\java\org\apache\jempbox\xmp\XMPMetadata.java,save,OutputStream,76,0,3
pdfbox\src\main\java\org\apache\pdfbox\pdmodel\fdf\FDFField.java,getWidgetFieldFlags,,0,0,10
pdfbox\src\main\java\org\apache\pdfbox\pdmodel\encryption\AccessPermission.java,setCanModifyAnnotations,boolean,0,0,39
pdfbox\src\main\java\org\apache\pdfbox\pdmodel\font\PDFontDescriptor.java,setSmallCap,boolean,0,0,2
preflight\src\main\java\org\apache\pdfbox\preflight\utils\FilterHelper.java,isAuthorizedFilter,"PreflightContext, String",1,0,1
pdfbox\src\main\java\org\apache\pdfbox\util\PDFStreamEngine.java,setColorSpaces,Map,0,0,1
preflight\src\main\java\org\apache\pdfbox\preflight\font\descriptor\Type1DescriptorHelper.java,<init>,"PreflightContext, PDFont, Type1Container",0,0,20
pdfbox\src\main\java\org\apache\pdfbox\pdmodel\interactive\action\type\PDActionURI.java,setTrackMousePosition,boolean,0,0,2
pdfbox\src\main\java\org\apache\pdfbox\pdmodel\font\PDCIDFont.java,getFontWidth,int,0,0,2
pdfbox\src\main\java\org\apache\pdfbox\pdmodel\fdf\FDFField.java,getRichText,,0,0,5
preflight\src\main\java\org\apache\pdfbox\preflight\graphic\StandardColorSpaceHelper.java,processDeviceNColorSpace,PDColorSpace,0,0,3
lucene\src\main\java\org\apache\pdfbox\lucene\LucenePDFDocument.java,getDocument,URL,0,0,1
fontbox\src\main\java\org\apache\fontbox\afm\AFMParser.java,parseKernPair,,1716,49,57138
pdfbox\src\main\java\org\apache\pdfbox\pdmodel\graphics\shading\PDShadingType1.java,setFunction,PDFunction,0,0,2
preflight\src\main\java\org\apache\pdfbox\preflight\font\SimpleFontValidator.java,<init>,"PreflightContext, PDFont, FontContainer",0,0,36
pdfbox\src\main\java\org\apache\pdfbox\cos\COSDocument.java,getSignatureFields,boolean,0,0,6
pdfbox\src\main\java\org\apache\pdfbox\pdfwriter\COSWriter.java,doWriteXRefInc,"COSDocument, long",1,0,1
pdfbox\src\main\java\org\apache\pdfbox\pdmodel\interactive\digitalsignature\visible\PDVisibleSigBuilder.java,createAffineTransform,byte[],0,0,2
pdfbox\src\main\java\org\apache\pdfbox\pdmodel\markedcontent\PDPropertyList.java,<init>,COSDictionary,0,0,6
pdfbox\src\main\java\org\apache\pdfbox\pdmodel\fdf\FDFJavaScript.java,setAfter,PDTextStream,0,0,3
preflight\src\main\java\org\apache\pdfbox\preflight\PreflightContext.java,addFontContainer,"COSBase, FontContainer",0,0,51
jempbox\src\main\java\org\apache\jempbox\xmp\pdfa\XMPSchemaPDFAProperty.java,<init>,"Element, String",0,0,2
fontbox\src\main\java\org\apache\fontbox\cff\CFFDataInput.java,<init>,byte[],0,0,1
pdfbox\src\main\java\org\apache\pdfbox\pdmodel\common\filespecification\PDEmbeddedFile.java,getMacResFork,,0,0,3
pdfbox\src\main\java\org\apache\pdfbox\ImportFDF.java,importFDF,String[],0,0,5
pdfbox\src\main\java\org\apache\pdfbox\pdmodel\graphics\PDExtendedGraphicsState.java,getFontSetting,,0,0,14
fontbox\src\main\java\org\apache\fontbox\ttf\TrueTypeFont.java,getHorizontalHeader,,0,0,6
pdfbox\src\main\java\org\apache\pdfbox\pdmodel\fdf\FDFAnnotation.java,create,COSDictionary,0,0,4
pdfbox\src\main\java\org\apache\pdfbox\pdmodel\PDDocument.java,loadNonSeq,"InputStream, RandomAccess, String",14,0,4
pdfbox\src\main\java\org\apache\pdfbox\pdmodel\documentinterchange\logicalstructure\PDStructureNode.java,<init>,COSDictionary,0,0,74
pdfbox\src\main\java\org\apache\pdfbox\pdmodel\documentinterchange\taggedpdf\PDLayoutAttributeObject.java,setBaselineShift,int,0,0,3
pdfbox\src\main\java\org\apache\pdfbox\pdmodel\fdf\FDFAnnotation.java,setNoView,boolean,0,0,2
xmpbox\src\main\java\org\apache\xmpbox\XMPMetadata.java,getPDFExtensionSchema,,0,0,28
pdfbox\src\main\java\org\apache\pdfbox\pdmodel\graphics\color\PDICCBased.java,<init>,PDDocument,0,0,17
examples\src\main\java\org\apache\pdfbox\examples\signature\CreateVisibleSignature.java,signPDF,"File, PDVisibleSigProperties",0,0,3
pdfbox\src\main\java\org\apache\pdfbox\pdmodel\common\COSStreamArray.java,createUnfilteredStream,,0,0,1
pdfbox\src\main\java\org\apache\pdfbox\pdmodel\encryption\PDEncryptionDictionary.java,<init>,,0,0,86
pdfbox\src\main\java\org\apache\pdfbox\util\operator\SetStrokingRGBColor.java,process,"PDFOperator, List",0,0,3
pdfbox\src\main\java\org\apache\pdfbox\util\PDFCloneUtility.java,<init>,PDDocument,0,0,24
pdfbox\src\main\java\org\apache\pdfbox\pdmodel\graphics\xobject\PDXObjectImage.java,setBitsPerComponent,int,0,0,1
pdfbox\src\main\java\org\apache\pdfbox\pdmodel\documentinterchange\logicalstructure\PDStructureElement.java,removeKid,PDMarkedContentReference,0,0,1
pdfbox\src\main\java\org\apache\pdfbox\WriteDecodedDoc.java,<init>,,0,0,12
pdfbox\src\main\java\org\apache\pdfbox\pdmodel\graphics\optionalcontent\PDOptionalContentGroup.java,<init>,String,0,0,2
xmpbox\src\main\java\org\apache\xmpbox\schema\DublinCoreSchema.java,<init>,"XMPMetadata, String",0,0,36
jempbox\src\main\java\org\apache\jempbox\xmp\pdfa\XMPSchemaPDFAId.java,getConformance,,0,0,4
pdfbox\src\main\java\org\apache\pdfbox\pdmodel\interactive\annotation\PDAnnotation.java,setInvisible,boolean,0,0,2
xmpbox\src\main\java\org\apache\xmpbox\schema\PhotoshopSchema.java,removeSupplementalCategories,String,0,0,5
pdfbox\src\main\java\org\apache\pdfbox\pdmodel\encryption\PDStandardEncryption.java,isPermissionBitOn,int,0,0,23
jempbox\src\main\java\org\apache\jempbox\xmp\XMPSchema.java,getTextProperty,String,2,0,183
xmpbox\src\main\java\org\apache\xmpbox\schema\XMPRightsManagementSchema.java,getUsageTerms,,0,0,3
pdfbox\src\main\java\org\apache\pdfbox\cos\COSDictionary.java,getEmbeddedString,"String, String",0,0,30
jempbox\src\main\java\org\apache\jempbox\xmp\Thumbnail.java,<init>,Element,0,0,23
pdfbox\src\main\java\org\apache\pdfbox\pdmodel\PDDocumentCatalog.java,getViewerPreferences,,0,0,4
preflight\src\main\java\org\apache\pdfbox\preflight\utils\COSUtils.java,<init>,,0,0,1
preflight\src\main\java\org\apache\pdfbox\preflight\parser\PreflightParser.java,parseObjectDynamically,"int, int, boolean",2,0,1
pdfbox\src\main\java\org\apache\pdfbox\pdmodel\font\PDType1Font.java,getStandard14Names,,0,0,6
pdfbox\src\main\java\org\apache\pdfbox\pdmodel\interactive\action\PDDocumentCatalogAdditionalActions.java,getWC,,0,0,3
jempbox\src\main\java\org\apache\jempbox\xmp\ResourceRef.java,getManagerVariant,,0,0,1
xmpbox\src\main\java\org\apache\xmpbox\schema\PhotoshopSchema.java,setDateCreatedProperty,DateType,0,0,5
pdfbox\src\main\java\org\apache\pdfbox\util\PDFOperator.java,getOperator,String,2,1,214
pdfbox\src\main\java\org\apache\pdfbox\pdmodel\interactive\digitalsignature\PDSeedValue.java,setMPD,PDSeedValueMDP,0,0,2
pdfbox\src\main\java\org\apache\pdfbox\io\RandomAccessBuffer.java,getPosition,,0,0,5
pdfbox\src\main\java\org\apache\pdfbox\pdmodel\font\PDCIDFontType0Font.java,<init>,COSDictionary,0,0,6
pdfbox\src\main\java\org\apache\pdfbox\pdmodel\graphics\PDLineDashPattern.java,getDashPattern,,0,0,6
pdfbox\src\main\java\org\apache\pdfbox\pdmodel\interactive\measurement\PDRectlinearMeasureDictionary.java,setAngles,PDNumberFormatDictionary[],0,0,3
pdfbox\src\main\java\org\apache\pdfbox\pdmodel\interactive\action\type\PDWindowsLaunchParams.java,getOperation,,0,0,2
fontbox\src\main\java\org\apache\fontbox\afm\FontMetric.java,addComment,String,0,0,168
pdfbox\src\main\java\org\apache\pdfbox\filter\TIFFFaxDecoder.java,decodeWhiteCodeWord,,0,0,3
preflight\src\main\java\org\apache\pdfbox\preflight\font\container\Type0Container.java,<init>,PDFont,0,0,39
pdfbox\src\main\java\org\apache\pdfbox\pdmodel\PDPage.java,print,"Graphics, PageFormat, int",3,0,1
xmpbox\src\main\java\org\apache\xmpbox\type\ResourceRefType.java,getAlternatePaths,,0,0,3
pdfbox\src\main\java\org\apache\pdfbox\pdmodel\fdf\FDFAnnotationSquiggly.java,<init>,Element,0,0,2
pdfbox\src\main\java\org\apache\pdfbox\pdmodel\interactive\documentnavigation\destination\PDPageDestination.java,getPageNumber,,0,0,5
pdfbox\src\main\java\org\apache\pdfbox\WriteDecodedDoc.java,doIt,"String, String, String, boolean",0,0,8
pdfbox\src\main\java\org\apache\pdfbox\pdfwriter\COSStandardOutputStream.java,writeLF,,0,0,2
pdfbox\src\main\java\org\apache\pdfbox\pdmodel\documentinterchange\markedcontent\PDMarkedContent.java,<init>,"COSName, COSDictionary",0,0,37
pdfbox\src\main\java\org\apache\pdfbox\pdfwriter\ContentStreamWriter.java,writeTokens,"List, int, int",0,0,6
pdfbox\src\main\java\org\apache\pdfbox\pdmodel\interactive\annotation\PDAppearanceCharacteristicsDictionary.java,<init>,COSDictionary,0,0,44
pdfbox\src\main\java\org\apache\pdfbox\pdmodel\interactive\annotation\PDAnnotationMarkup.java,getTitlePopup,,0,0,4
pdfbox\src\main\java\org\apache\pdfbox\filter\JBIG2Filter.java,decode,"InputStream, OutputStream, COSDictionary, int",1,0,1
preflight\src\main\java\org\apache\pdfbox\preflight\xobject\XObjImageValidator.java,<init>,"PreflightContext, PDXObjectImage",0,0,2
examples\src\main\java\org\apache\pdfbox\examples\signature\CreateVisibleSignature.java,<init>,"KeyStore, char[]",2,0,6
jempbox\src\main\java\org\apache\jempbox\xmp\XMPSchemaDublinCore.java,addDate,Calendar,0,0,2
pdfbox\src\main\java\org\apache\pdfbox\pdmodel\interactive\digitalsignature\SignatureOptions.java,<init>,,0,0,23
preflight\src\main\java\org\apache\pdfbox\preflight\graphic\DeviceColorSpaceHelper.java,<init>,"PreflightContext, PDColorSpace",0,0,10
preflight\src\main\java\org\apache\pdfbox\preflight\annotation\TrapNetAnnotationValidator.java,<init>,"PreflightContext, COSDictionary",0,0,3
jempbox\src\main\java\org\apache\jempbox\xmp\XMPSchemaBasic.java,getMetadataDate,,0,0,2
pdfbox\src\main\java\org\apache\pdfbox\cos\COSArray.java,set,"int, int",0,0,21
jempbox\src\main\java\org\apache\jempbox\xmp\XMPSchemaDublinCore.java,setRights,String,0,0,2
pdfbox\src\main\java\org\apache\pdfbox\pdmodel\graphics\xobject\PDXObjectImage.java,<init>,"PDDocument, String",0,0,3
pdfbox\src\main\java\org\apache\pdfbox\pdmodel\font\PDCIDFont.java,<init>,,0,0,49
pdfbox\src\main\java\org\apache\pdfbox\util\TextNormalize.java,makeLineLogicalOrder,"String, boolean",185,0,2
xmpbox\src\main\java\org\apache\xmpbox\type\PDFASchemaType.java,getValueType,,0,0,3
jempbox\src\main\java\org\apache\jempbox\xmp\XMPSchemaDublinCore.java,getSource,,0,0,3
preflight\src\main\java\org\apache\pdfbox\preflight\PreflightDocument.java,setResult,ValidationResult,0,0,1
pdfbox\src\main\java\org\apache\pdfbox\pdmodel\graphics\xobject\PDXObject.java,<init>,COSStream,2,0,41
pdfbox\src\main\java\org\apache\pdfbox\pdmodel\graphics\shading\PDShadingType5.java,setBitsPerCoordinate,int,0,0,3
pdfbox\src\main\java\org\apache\pdfbox\pdmodel\interactive\annotation\PDAnnotation.java,setNoView,boolean,0,0,2
pdfbox\src\main\java\org\apache\pdfbox\pdmodel\interactive\measurement\PDNumberFormatDictionary.java,getUnits,,0,0,4
xmpbox\src\main\java\org\apache\xmpbox\schema\PhotoshopSchema.java,setCategoryProperty,TextType,0,0,7
pdfbox\src\main\java\org\apache\pdfbox\pdmodel\common\COSDictionaryMap.java,convert,Map,0,0,54
pdfbox\src\main\java\org\apache\pdfbox\util\Splitter.java,createNewDocument,,0,0,6
pdfbox\src\main\java\org\apache\pdfbox\util\PDFTextStripper.java,<init>,Properties,0,0,2
pdfbox\src\main\java\org\apache\pdfbox\pdmodel\graphics\color\PDCalGray.java,setBlackPoint,PDTristimulus,0,0,2
jempbox\src\main\java\org\apache\jempbox\xmp\XMPSchemaRightsManagement.java,removeOwner,String,0,0,2
xmpbox\src\main\java\org\apache\xmpbox\schema\AdobePDFSchema.java,setPDFVersion,String,0,0,5
pdfbox\src\main\java\org\apache\pdfbox\cos\COSDictionary.java,getInt,COSName,0,0,72
pdfbox\src\main\java\org\apache\pdfbox\pdmodel\PDPage.java,setAnnotations,List,0,0,6
pdfbox\src\main\java\org\apache\pdfbox\pdmodel\interactive\measurement\PDRectlinearMeasureDictionary.java,<init>,COSDictionary,0,0,15
pdfbox\src\main\java\org\apache\pdfbox\pdmodel\graphics\shading\PDShadingType2.java,getCoords,,0,0,6
pdfbox\src\main\java\org\apache\pdfbox\PDFReader.java,initComponents,,47,0,2
pdfbox\src\main\java\org\apache\pdfbox\util\operator\pagedrawer\SetLineJoinStyle.java,process,"PDFOperator, List",0,0,4
pdfbox\src\main\java\org\apache\pdfbox\pdmodel\interactive\form\PDVariableText.java,setComb,boolean,0,0,1
examples\src\main\java\org\apache\pdfbox\examples\pdmodel\HelloWorld.java,doIt,"String, String",42,0,2
xmpbox\src\main\java\org\apache\xmpbox\type\BooleanType.java,setValue,Object,0,0,23
pdfbox\src\main\java\org\apache\pdfbox\pdmodel\PDDocument.java,save,String,109,0,11
pdfbox\src\main\java\org\apache\pdfbox\pdfparser\BaseParser.java,clearResources,,0,0,12
pdfbox\src\main\java\org\apache\pdfbox\util\Matrix.java,getYScale,,0,0,33
xmpbox\src\main\java\org\apache\xmpbox\type\VersionType.java,<init>,XMPMetadata,0,0,39
preflight\src\main\java\org\apache\pdfbox\preflight\process\StreamValidationProcess.java,validate,PreflightContext,0,0,2
xmpbox\src\main\java\org\apache\xmpbox\schema\XMPMediaManagementSchema.java,setRenditionParams,String,0,0,5
pdfbox\src\main\java\org\apache\pdfbox\persistence\util\COSObjectKey.java,<init>,COSObject,0,0,2
pdfbox\src\main\java\org\apache\pdfbox\pdmodel\graphics\PDShading.java,getColorSpace,,0,0,3
pdfbox\src\main\java\org\apache\pdfbox\pdmodel\interactive\measurement\PDRectlinearMeasureDictionary.java,setAreas,PDNumberFormatDictionary[],0,0,3
pdfbox\src\main\java\org\apache\pdfbox\pdmodel\documentinterchange\taggedpdf\PDLayoutAttributeObject.java,setAllBorderThicknesses,int,0,0,4
pdfbox\src\main\java\org\apache\pdfbox\util\ImageParameters.java,getColorSpace,,0,0,4
fontbox\src\main\java\org\apache\fontbox\afm\AFMParser.java,parse,,3696,0,42
xmpbox\src\main\java\org\apache\xmpbox\schema\DublinCoreSchema.java,setDescription,String,0,0,8
pdfbox\src\main\java\org\apache\pdfbox\pdmodel\documentinterchange\taggedpdf\PDStandardAttributeObject.java,getString,String,0,0,20
pdfbox\src\main\java\org\apache\pdfbox\pdfparser\XrefTrailerResolver.java,<init>,,0,0,183
pdfbox\src\main\java\org\apache\pdfbox\pdmodel\interactive\action\PDDocumentCatalogAdditionalActions.java,setDP,PDAction,0,0,2
jempbox\src\main\java\org\apache\jempbox\xmp\XMPSchemaRightsManagement.java,setMarked,Boolean,0,0,5
pdfbox\src\main\java\org\apache\pdfbox\util\PDFMergerUtility.java,addSource,InputStream,0,0,1
jempbox\src\main\java\org\apache\jempbox\xmp\XMPSchemaPDF.java,getProducer,,0,0,4
preflight\src\main\java\org\apache\pdfbox\preflight\PreflightDocument.java,<init>,"COSDocument, Format, PreflightConfiguration",61,0,143
fontbox\src\main\java\org\apache\fontbox\ttf\TrueTypeFont.java,getCMAP,,0,0,8
pdfbox\src\main\java\org\apache\pdfbox\cos\COSDictionary.java,getEmbeddedDate,"String, String",6,0,9
pdfbox\src\main\java\org\apache\pdfbox\pdmodel\graphics\shading\PDShadingType4.java,getFunction,,0,0,2
pdfbox\src\main\java\org\apache\pdfbox\pdmodel\common\COSStreamArray.java,setFilters,COSBase,0,0,2
pdfbox\src\main\java\org\apache\pdfbox\pdmodel\interactive\annotation\PDAnnotation.java,isToggleNoView,,0,0,3
pdfbox\src\main\java\org\apache\pdfbox\pdmodel\PDPageNode.java,setParent,PDPageNode,0,0,5
pdfbox\src\main\java\org\apache\pdfbox\pdmodel\common\PDNumberTreeNode.java,<init>,"COSDictionary, Class",0,0,13
xmpbox\src\main\java\org\apache\xmpbox\schema\PhotoshopSchema.java,getCaptionWriterProperty,,0,0,9
pdfbox\src\main\java\org\apache\pdfbox\util\operator\SetLineJoinStyle.java,process,"PDFOperator, List",0,0,9
fontbox\src\main\java\org\apache\fontbox\ttf\GlyfDescript.java,<init>,"short, TTFDataStream",0,0,528
pdfbox\src\main\java\org\apache\pdfbox\pdmodel\documentinterchange\taggedpdf\PDTableAttributeObject.java,setRowSpan,int,0,0,4
pdfbox\src\main\java\org\apache\pdfbox\pdmodel\common\function\PDFunctionType4.java,<init>,COSBase,7,0,8
xmpbox\src\main\java\org\apache\xmpbox\type\AbstractStructuredType.java,getDatePropertyAsCalendar,String,0,0,13
fontbox\src\main\java\org\apache\fontbox\ttf\GlyfSimpleDescript.java,<init>,"short, TTFDataStream",21,0,390
pdfbox\src\main\java\org\apache\pdfbox\pdfparser\BaseParser.java,readInt,,0,0,9
pdfbox\src\main\java\org\apache\pdfbox\util\operator\CloseAndStrokePath.java,<init>,,0,0,9
pdfbox\src\main\java\org\apache\pdfbox\util\ResourceLoader.java,loadProperties,"String, boolean",143,0,20
preflight\src\main\java\org\apache\pdfbox\preflight\font\container\Type0Container.java,getAllErrors,,0,0,6
pdfbox\src\main\java\org\apache\pdfbox\pdmodel\common\filespecification\PDEmbeddedFile.java,getMacSubtype,,0,0,3
preflight\src\main\java\org\apache\pdfbox\preflight\font\Type0FontValidator.java,compareCIDSystemInfo,COSDictionary,0,0,1
xmpbox\src\main\java\org\apache\xmpbox\schema\XMPSchema.java,setDatePropertyValue,"String, Calendar",0,0,6
pdfbox\src\main\java\org\apache\pdfbox\cos\COSDictionary.java,setString,"COSName, String",17,1,388
pdfbox\src\main\java\org\apache\pdfbox\pdmodel\common\COSDictionaryMap.java,toString,,0,0,2
pdfbox\src\main\java\org\apache\pdfbox\pdmodel\interactive\documentnavigation\outline\PDOutlineItem.java,setTextColor,PDColorState,0,0,2
pdfbox\src\main\java\org\apache\pdfbox\pdmodel\font\PDFont.java,getSubType,,2,0,246
pdfbox\src\main\java\org\apache\pdfbox\pdmodel\PDResources.java,clear,,0,0,12
pdfbox\src\main\java\org\apache\pdfbox\pdmodel\interactive\action\type\PDActionRemoteGoTo.java,getS,,0,0,4
pdfbox\src\main\java\org\apache\pdfbox\pdmodel\interactive\annotation\PDAnnotationLine.java,setLeaderLineExtensionLength,float,0,0,3
preflight\src\main\java\org\apache\pdfbox\preflight\exception\BodyParseException.java,getErrorCode,,0,0,7
pdfbox\src\main\java\org\apache\pdfbox\pdmodel\common\function\PDFunctionType3.java,getEncode,,0,0,2
pdfbox\src\main\java\org\apache\pdfbox\cos\COSArray.java,addAll,Collection,0,0,9
pdfbox\src\main\java\org\apache\pdfbox\util\operator\SetStrokingLabColor.java,<init>,,0,0,3
pdfbox\src\main\java\org\apache\pdfbox\pdmodel\PDDocumentCatalog.java,setAcroForm,PDAcroForm,0,0,4
pdfbox\src\main\java\org\apache\pdfbox\pdmodel\interactive\digitalsignature\PDPropBuildDataDict.java,getName,,0,0,2
pdfbox\src\main\java\org\apache\pdfbox\pdmodel\common\XrefEntry.java,<init>,"int, int, int, String",0,0,3
xmpbox\src\main\java\org\apache\xmpbox\schema\PhotoshopSchema.java,setColorMode,String,1,0,5
pdfbox\src\main\java\org\apache\pdfbox\pdmodel\documentinterchange\logicalstructure\PDObjectReference.java,<init>,,0,0,6
pdfbox\src\main\java\org\apache\pdfbox\pdmodel\documentinterchange\taggedpdf\PDStandardAttributeObject.java,setColor,"String, PDGamma",0,0,12
pdfbox\src\main\java\org\apache\pdfbox\pdmodel\PDDocument.java,removePage,PDPage,0,0,1
pdfbox\src\main\java\org\apache\pdfbox\pdmodel\interactive\measurement\PDRectlinearMeasureDictionary.java,getChangeXs,,0,0,4
preflight\src\main\java\org\apache\pdfbox\preflight\font\SimpleFontValidator.java,checkMandatoryField,,0,0,8
preflight\src\main\java\org\apache\pdfbox\preflight\PreflightConfiguration.java,getInstanceOfProcess,String,3,0,17
pdfbox\src\main\java\org\apache\pdfbox\pdmodel\graphics\color\PDCalRGB.java,createColorModel,int,3,0,4
pdfbox\src\main\java\org\apache\pdfbox\cos\COSArray.java,retainAll,Collection,0,0,5
pdfbox\src\main\java\org\apache\pdfbox\pdmodel\font\PDFont.java,setFontDescriptor,PDFontDescriptorDictionary,0,0,17
pdfbox\src\main\java\org\apache\pdfbox\util\operator\SetLineWidth.java,<init>,,0,0,36
pdfbox\src\main\java\org\apache\pdfbox\pdmodel\documentinterchange\taggedpdf\PDTableAttributeObject.java,getSummary,,0,0,5
pdfbox\src\main\java\org\apache\pdfbox\pdmodel\encryption\SecurityHandlersManager.java,<init>,,0,0,1
pdfbox\src\main\java\org\apache\pdfbox\pdmodel\common\PDTextStream.java,<init>,String,0,0,7
pdfbox\src\main\java\org\apache\pdfbox\pdmodel\common\filespecification\PDComplexFileSpecification.java,setFileUnix,String,0,0,5
pdfbox\src\main\java\org\apache\pdfbox\pdmodel\fdf\FDFTemplate.java,getFields,,0,0,5
pdfbox\src\main\java\org\apache\pdfbox\pdmodel\graphics\predictor\PredictorAlgorithm.java,<init>,,0,0,204
pdfbox\src\main\java\org\apache\pdfbox\pdfparser\NonSequentialPDFParser.java,<init>,"File, RandomAccess, String",8,0,37
preflight\src\main\java\org\apache\pdfbox\preflight\utils\ContextHelper.java,validateElement,"PreflightContext, String",0,0,5
pdfbox\src\main\java\org\apache\pdfbox\pdmodel\graphics\PDExtendedGraphicsState.java,getAutomaticStrokeAdjustment,,0,0,21
pdfbox\src\main\java\org\apache\pdfbox\pdmodel\font\PDFontDescriptorDictionary.java,setLeading,float,0,0,5
fontbox\src\main\java\org\apache\fontbox\ttf\TrueTypeFont.java,getNaming,,0,0,4
pdfbox\src\main\java\org\apache\pdfbox\util\operator\pagedrawer\AppendRectangleToPath.java,<init>,,0,0,11
pdfbox\src\main\java\org\apache\pdfbox\cos\COSDictionary.java,getNameAsString,"String, String",1,0,148
pdfbox\src\main\java\org\apache\pdfbox\pdmodel\documentinterchange\taggedpdf\PDLayoutAttributeObject.java,setColumnGap,float,1,0,8
jempbox\src\main\java\org\apache\jempbox\xmp\XMPSchemaDublinCore.java,<init>,XMPMetadata,2,0,55
pdfbox\src\main\java\org\apache\pdfbox\pdmodel\graphics\PDExtendedGraphicsState.java,getTextKnockoutFlag,,0,0,13
pdfbox\src\main\java\org\apache\pdfbox\encoding\Encoding.java,<init>,,0,0,162
jempbox\src\main\java\org\apache\jempbox\xmp\XMPSchemaIptc4xmpCore.java,<init>,"Element, String",0,0,24
pdfbox\src\main\java\org\apache\pdfbox\pdmodel\interactive\digitalsignature\PDSeedValue.java,getMDP,,0,0,2
pdfbox\src\main\java\org\apache\pdfbox\pdmodel\common\PDNameTreeNode.java,getValue,String,2,0,4
pdfbox\src\main\java\org\apache\pdfbox\pdmodel\font\PDCIDFont.java,extractWidths,,0,0,11
pdfbox\src\main\java\org\apache\pdfbox\pdmodel\interactive\pagenavigation\PDThreadBead.java,getPreviousBead,,0,0,2
pdfbox\src\main\java\org\apache\pdfbox\pdfwriter\COSStandardOutputStream.java,write,int,15,0,1108
preflight\src\main\java\org\apache\pdfbox\preflight\process\reflect\ResourcesValidationProcess.java,validateShadingPattern,"PreflightContext, PDResources",0,0,3
pdfbox\src\main\java\org\apache\pdfbox\pdmodel\documentinterchange\logicalstructure\PDStructureNode.java,removeKid,PDStructureElement,0,0,3
pdfbox\src\main\java\org\apache\pdfbox\pdfparser\BaseParser.java,<init>,,0,0,66
pdfbox\src\main\java\org\apache\pdfbox\pdmodel\interactive\annotation\PDAnnotationLine.java,setBorderStyle,PDBorderStyleDictionary,0,0,2
pdfbox\src\main\java\org\apache\pdfbox\pdmodel\documentinterchange\taggedpdf\PDLayoutAttributeObject.java,setAllPaddings,float,0,0,2
pdfbox\src\main\java\org\apache\pdfbox\pdmodel\common\filespecification\PDComplexFileSpecification.java,setFileDescription,String,0,0,3
pdfbox\src\main\java\org\apache\pdfbox\util\DateConverter.java,parseBigEndianDate,"String, ParsePosition",1,0,34
pdfbox\src\main\java\org\apache\pdfbox\pdmodel\documentinterchange\logicalstructure\PDStructureElement.java,attributeChanged,PDAttributeObject,0,0,6
pdfbox\src\main\java\org\apache\pdfbox\io\NBitInputStream.java,read,,0,0,11
pdfbox\src\main\java\org\apache\pdfbox\pdmodel\font\PDFont.java,parseCmap,"String, InputStream",4,0,3
preflight\src\main\java\org\apache\pdfbox\preflight\annotation\LineAnnotationValidator.java,checkMandatoryFields,,0,0,4
pdfbox\src\main\java\org\apache\pdfbox\pdmodel\fdf\FDFAnnotationCaret.java,<init>,COSDictionary,0,0,4
jempbox\src\main\java\org\apache\jempbox\xmp\XMPSchema.java,getThumbnailProperty,"String, String",0,0,4
pdfbox\src\main\java\org\apache\pdfbox\io\RandomAccessBuffer.java,<init>,,11,10,2096
pdfbox\src\main\java\org\apache\pdfbox\io\ASCII85InputStream.java,read,,0,0,15
pdfbox\src\main\java\org\apache\pdfbox\pdmodel\PDPageNode.java,getParent,,0,0,54
xmpbox\src\main\java\org\apache\xmpbox\type\ResourceRefType.java,getManagerVariant,,0,0,3
fontbox\src\main\java\org\apache\fontbox\cmap\CMapParser.java,parseNextToken,PushbackInputStream,0,0,3
examples\src\main\java\org\apache\pdfbox\examples\pdmodel\HelloWorldType1AfmPfb.java,main,String[],2,0,4
preflight\src\main\java\org\apache\pdfbox\preflight\annotation\WidgetAnnotationValidator.java,validate,,0,0,2
pdfbox\src\main\java\org\apache\pdfbox\pdmodel\graphics\shading\RadialShadingPaint.java,createContext,"ColorModel, Rectangle, Rectangle2D, AffineTransform, RenderingHints",2,0,1
preflight\src\main\java\org\apache\pdfbox\preflight\font\Type0FontValidator.java,checkMandatoryFields,,0,0,3
examples\src\main\java\org\apache\pdfbox\examples\pdmodel\ImageToPDF.java,usage,,0,0,2
pdfbox\src\main\java\org\apache\pdfbox\pdmodel\common\COSStreamArray.java,createFilteredStream,COSBase,0,0,3
xmpbox\src\main\java\org\apache\xmpbox\type\IntegerType.java,getStringValue,,0,0,2
pdfbox\src\main\java\org\apache\pdfbox\pdmodel\common\COSArrayList.java,get,int,0,0,48
pdfbox\src\main\java\org\apache\pdfbox\pdmodel\interactive\documentnavigation\outline\PDOutlineNode.java,getParent,,0,0,28
pdfbox\src\main\java\org\apache\pdfbox\pdmodel\PDDocumentNameDictionary.java,getDests,,0,0,3
pdfbox\src\main\java\org\apache\pdfbox\pdmodel\font\PDCIDFont.java,encode,"byte[], int, int",0,0,5
pdfbox\src\main\java\org\apache\pdfbox\pdmodel\PDDocument.java,decrypt,String,0,0,1
preflight\src\main\java\org\apache\pdfbox\preflight\action\UndefAction.java,<init>,"ActionManagerFactory, COSDictionary, PreflightContext, String, String",0,0,6
pdfbox\src\main\java\org\apache\pdfbox\pdmodel\interactive\form\PDCheckbox.java,isChecked,,0,0,1
jempbox\src\main\java\org\apache\jempbox\xmp\XMPSchemaDublinCore.java,setTitle,String,0,0,5
pdfbox\src\main\java\org\apache\pdfbox\pdmodel\common\function\type4\InstructionSequenceBuilder.java,<init>,,1,0,13
xmpbox\src\main\java\org\apache\xmpbox\schema\DublinCoreSchema.java,getDates,,0,0,21
pdfbox\src\main\java\org\apache\pdfbox\ExtractText.java,startExtraction,String[],0,0,10
pdfbox\src\main\java\org\apache\pdfbox\cos\COSObject.java,accept,ICOSVisitor,0,0,5
xmpbox\src\main\java\org\apache\xmpbox\schema\PDFAIdentificationSchema.java,getPartProperty,,0,0,8
pdfbox\src\main\java\org\apache\pdfbox\pdmodel\graphics\predictor\PredictorAlgorithm.java,getFilter,int,0,0,44
preflight\src\main\java\org\apache\pdfbox\preflight\font\descriptor\CIDType0DescriptorHelper.java,<init>,"PreflightContext, PDFont, CIDType0Container",0,0,11
pdfbox\src\main\java\org\apache\pdfbox\pdmodel\documentinterchange\logicalstructure\PDStructureElement.java,removeClassName,String,0,0,6
pdfbox\src\main\java\org\apache\pdfbox\pdmodel\PDResources.java,getPatterns,,0,0,5
pdfbox\src\main\java\org\apache\pdfbox\cos\COSArray.java,getName,"int, String",0,0,40
pdfbox\src\main\java\org\apache\pdfbox\pdmodel\fdf\FDFDictionary.java,setDifferences,COSStream,0,0,3
pdfbox\src\main\java\org\apache\pdfbox\pdmodel\documentinterchange\taggedpdf\PDLayoutAttributeObject.java,setBorderColors,PDFourColours,0,0,5
xmpbox\src\main\java\org\apache\xmpbox\schema\DublinCoreSchema.java,setSourceProperty,TextType,0,0,4
preflight\src\main\java\org\apache\pdfbox\preflight\parser\PreflightParser.java,checkPdfHeader,,1,0,3
pdfbox\src\main\java\org\apache\pdfbox\pdmodel\font\PDFontDescriptorAFM.java,setFlags,int,0,0,11
pdfbox\src\main\java\org\apache\pdfbox\pdmodel\interactive\form\PDRadioCollection.java,getKids,,5,0,12
pdfbox\src\main\java\org\apache\pdfbox\pdmodel\documentinterchange\taggedpdf\PDExportFormatAttributeObject.java,getColSpan,,0,0,5
pdfbox\src\main\java\org\apache\pdfbox\PDFMerger.java,merge,String[],0,0,3
pdfbox\src\main\java\org\apache\pdfbox\pdmodel\font\PDFontDescriptorDictionary.java,getAscent,,0,0,7
pdfbox\src\main\java\org\apache\pdfbox\pdmodel\common\PDStream.java,<init>,,0,0,125
pdfbox\src\main\java\org\apache\pdfbox\pdmodel\graphics\xobject\PDXObject.java,<init>,PDStream,0,0,43
pdfbox\src\main\java\org\apache\pdfbox\pdmodel\common\filespecification\PDComplexFileSpecification.java,getFilename,,0,0,4
pdfbox\src\main\java\org\apache\pdfbox\pdmodel\graphics\predictor\PredictorAlgorithm.java,dump,byte[],85,4,48
pdfbox\src\main\java\org\apache\pdfbox\pdmodel\interactive\form\PDField.java,isNoExport,,0,0,3
pdfbox\src\main\java\org\apache\pdfbox\pdmodel\graphics\color\PDColorSpaceFactory.java,createColorSpace,COSBase,2,0,46
pdfbox\src\main\java\org\apache\pdfbox\pdmodel\common\COSArrayList.java,converterToCOSArray,List,1,0,126
xmpbox\src\main\java\org\apache\xmpbox\type\IntegerType.java,setValue,Object,0,0,56
pdfbox\src\main\java\org\apache\pdfbox\util\operator\pagedrawer\CurveToReplicateInitialPoint.java,process,"PDFOperator, List",0,0,4
xmpbox\src\main\java\org\apache\xmpbox\type\XPathType.java,<init>,"XMPMetadata, String, String, String, Object",0,0,8
pdfbox\src\main\java\org\apache\pdfbox\pdmodel\graphics\optionalcontent\PDOptionalContentProperties.java,<init>,,0,0,2
pdfbox\src\main\java\org\apache\pdfbox\filter\LZWNode.java,<init>,long,0,0,186
pdfbox\src\main\java\org\apache\pdfbox\pdmodel\font\PDFontDescriptorAFM.java,<init>,FontMetric,0,0,129
pdfbox\src\main\java\org\apache\pdfbox\pdmodel\documentinterchange\logicalstructure\PDStructureElement.java,insertBefore,"PDMarkedContentReference, Object",0,0,2
pdfbox\src\main\java\org\apache\pdfbox\pdmodel\graphics\color\PDColorState.java,<init>,,7,0,316
pdfbox\src\main\java\org\apache\pdfbox\pdmodel\common\PDNamedTextStream.java,<init>,,0,0,6
jempbox\src\main\java\org\apache\jempbox\xmp\XMPSchemaIptc4xmpCore.java,addSubjectCode,String,0,0,2
pdfbox\src\main\java\org\apache\pdfbox\pdmodel\PDDocumentCatalog.java,<init>,"PDDocument, COSDictionary",0,0,111
pdfbox\src\main\java\org\apache\pdfbox\pdmodel\interactive\documentnavigation\destination\PDPageFitHeightDestination.java,setLeft,int,0,0,6
pdfbox\src\main\java\org\apache\pdfbox\io\ccitt\FillOrderChangeInputStream.java,read,,0,0,5
pdfbox\src\main\java\org\apache\pdfbox\io\ccitt\CCITTFaxG31DDecodeInputStream.java,read,,0,0,15
preflight\src\main\java\org\apache\pdfbox\preflight\font\descriptor\Type1DescriptorHelper.java,processFontFile1,"PDFontDescriptorDictionary, PDStream",57,0,4
preflight\src\main\java\org\apache\pdfbox\preflight\exception\MissingValidationProcessException.java,<init>,String,0,0,11
pdfbox\src\main\java\org\apache\pdfbox\util\operator\GSave.java,<init>,,0,0,30
pdfbox\src\main\java\org\apache\pdfbox\pdmodel\font\PDFont.java,<init>,,9,2,222
pdfbox\src\main\java\org\apache\pdfbox\pdmodel\PDDocument.java,load,String,6,0,84
pdfbox\src\main\java\org\apache\pdfbox\util\DateConverter.java,skipOptionals,"String, ParsePosition, String",0,0,195
pdfbox\src\main\java\org\apache\pdfbox\pdmodel\graphics\xobject\PDJpeg.java,getRGBImage,,111,0,20
xmpbox\src\main\java\org\apache\xmpbox\schema\DublinCoreSchema.java,getSourceProperty,,0,0,10
pdfbox\src\main\java\org\apache\pdfbox\pdmodel\PDPageNode.java,setResources,PDResources,0,0,4
pdfbox\src\main\java\org\apache\pdfbox\pdmodel\PDResources.java,getProperties,,0,0,3
pdfbox\src\main\java\org\apache\pdfbox\pdmodel\font\PDFontDescriptorDictionary.java,setFontFile,PDStream,0,0,2
pdfbox\src\main\java\org\apache\pdfbox\pdmodel\graphics\shading\PDShadingType2.java,getFunction,,0,0,2
jempbox\src\main\java\org\apache\jempbox\xmp\XMPSchemaPDF.java,getPDFVersion,,0,0,4
pdfbox\src\main\java\org\apache\pdfbox\pdmodel\documentinterchange\taggedpdf\PDLayoutAttributeObject.java,setPlacement,String,0,0,6
pdfbox\src\main\java\org\apache\pdfbox\pdmodel\encryption\AccessPermission.java,setCanAssembleDocument,boolean,0,0,34
pdfbox\src\main\java\org\apache\pdfbox\cos\COSArray.java,addAll,"int, Collection",0,0,5
pdfbox\src\main\java\org\apache\pdfbox\pdmodel\PDDocument.java,addSignatureField,"List, SignatureInterface, SignatureOptions",0,0,2
pdfbox\src\main\java\org\apache\pdfbox\pdmodel\documentinterchange\logicalstructure\PDMarkedContentReference.java,toString,,0,0,2
xmpbox\src\main\java\org\apache\xmpbox\type\ResourceEventType.java,<init>,XMPMetadata,0,0,42
pdfbox\src\main\java\org\apache\pdfbox\pdmodel\interactive\form\PDTextbox.java,<init>,PDAcroForm,0,0,33
pdfbox\src\main\java\org\apache\pdfbox\pdmodel\common\PDStream.java,createFromCOS,COSBase,0,0,25
pdfbox\src\main\java\org\apache\pdfbox\pdmodel\interactive\digitalsignature\PDSeedValue.java,isDigestMethodRequired,,0,0,2
pdfbox\src\main\java\org\apache\pdfbox\pdmodel\graphics\PDExtendedGraphicsState.java,setStrokingOverprintControl,boolean,0,0,6
pdfbox\src\main\java\org\apache\pdfbox\pdmodel\documentinterchange\logicalstructure\PDObjectReference.java,setReferencedObject,PDXObject,0,0,3
pdfbox\src\main\java\org\apache\pdfbox\pdmodel\interactive\form\PDVariableText.java,setDoNotSpellCheck,boolean,0,0,1
jempbox\src\main\java\org\apache\jempbox\xmp\XMPSchemaRightsManagement.java,setCopyright,String,0,0,3
pdfbox\src\main\java\org\apache\pdfbox\util\ResourceLoader.java,loadResource,String,226,0,93
preflight\src\main\java\org\apache\pdfbox\preflight\process\reflect\ResourcesValidationProcess.java,validateTilingPattern,"PreflightContext, PDResources",0,0,2
pdfbox\src\main\java\org\apache\pdfbox\pdfwriter\COSWriter.java,writeReference,COSBase,3,0,40
pdfbox\src\main\java\org\apache\pdfbox\pdmodel\font\PDType0Font.java,<init>,,8,0,44
pdfbox\src\main\java\org\apache\pdfbox\pdmodel\interactive\action\type\PDActionLaunch.java,<init>,COSDictionary,0,0,19
pdfbox\src\main\java\org\apache\pdfbox\pdmodel\PDDocumentInformation.java,getMetadataKeys,,0,0,3
pdfbox\src\main\java\org\apache\pdfbox\exceptions\CryptographyException.java,<init>,String,0,0,14
examples\src\main\java\org\apache\pdfbox\examples\pdmodel\RubberStampWithImage.java,<init>,,0,0,7
pdfbox\src\main\java\org\apache\pdfbox\pdmodel\PDJavascriptNameTreeNode.java,createChildNode,COSDictionary,0,0,1
pdfbox\src\main\java\org\apache\pdfbox\cos\COSDocument.java,<init>,RandomAccess,3,0,97
pdfbox\src\main\java\org\apache\pdfbox\cos\COSArray.java,growToSize,int,11,0,130
pdfbox\src\main\java\org\apache\pdfbox\pdmodel\interactive\form\PDXFA.java,getBytes,,0,0,6
preflight\src\main\java\org\apache\pdfbox\preflight\metadata\SynchronizedMetaDataValidation.java,unexpectedPrefixFoundError,"String, String, String",0,0,1
pdfbox\src\main\java\org\apache\pdfbox\pdmodel\interactive\annotation\PDAnnotationWidget.java,getBorderStyle,,0,0,3
pdfbox\src\main\java\org\apache\pdfbox\pdfparser\PDFXRefStream.java,writeStreamData,"OutputStream, int[]",0,0,5
pdfbox\src\main\java\org\apache\pdfbox\pdmodel\documentinterchange\logicalstructure\PDStructureElement.java,getClassNames,,1,0,4
pdfbox\src\main\java\org\apache\pdfbox\pdmodel\font\PDFont.java,cmapEncoding,"int, int, boolean, CMap",0,0,6
pdfbox\src\main\java\org\apache\pdfbox\pdmodel\encryption\PDStandardEncryption.java,setCanExtractForAccessibility,boolean,0,0,2
pdfbox\src\main\java\org\apache\pdfbox\OverlayPDF.java,main,String[],2,0,4
preflight\src\main\java\org\apache\pdfbox\preflight\process\AcroFormValidationProcess.java,validate,PreflightContext,0,0,1
pdfbox\src\main\java\org\apache\pdfbox\pdmodel\encryption\PDStandardEncryption.java,setCanPrint,boolean,0,0,2
jempbox\src\main\java\org\apache\jempbox\xmp\pdfa\XMPMetadataPDFA.java,getPDFAIdSchema,,0,0,3
preflight\src\main\java\org\apache\pdfbox\preflight\parser\XmlResultParser.java,<init>,,0,0,1
preflight\src\main\java\org\apache\pdfbox\preflight\font\SimpleFontValidator.java,processFontDescriptorValidation,,4,0,7
xmpbox\src\main\java\org\apache\xmpbox\schema\XMPSchema.java,getUnqualifiedSequenceDateValueList,String,0,0,34
pdfbox\src\main\java\org\apache\pdfbox\util\operator\SetStrokingIndexed.java,<init>,,0,0,1
xmpbox\src\main\java\org\apache\xmpbox\schema\XMPMediaManagementSchema.java,<init>,XMPMetadata,1,0,94
pdfbox\src\main\java\org\apache\pdfbox\pdmodel\fdf\FDFCatalog.java,setSignature,PDSignature,0,0,2
pdfbox\src\main\java\org\apache\pdfbox\pdmodel\interactive\annotation\PDAnnotationLine.java,getStartPointEndingStyle,,0,0,4
pdfbox\src\main\java\org\apache\pdfbox\encoding\Encoding.java,getCode,String,0,0,5
jempbox\src\main\java\org\apache\jempbox\xmp\ResourceRef.java,getRenditionParams,,0,0,1
pdfbox\src\main\java\org\apache\pdfbox\pdmodel\interactive\documentnavigation\destination\PDPageFitDestination.java,setFitBoundingBox,boolean,0,0,5
pdfbox\src\main\java\org\apache\pdfbox\pdmodel\interactive\annotation\PDExternalDataDictionary.java,setSubtype,String,0,0,3
pdfbox\src\main\java\org\apache\pdfbox\pdmodel\graphics\color\ColorSpaceLab.java,calculateStage2ToXYZ,float,0,0,10
pdfbox\src\main\java\org\apache\pdfbox\pdmodel\interactive\annotation\PDAnnotationUnknown.java,<init>,COSDictionary,0,0,14
pdfbox\src\main\java\org\apache\pdfbox\pdmodel\interactive\annotation\PDAnnotation.java,isLocked,,0,0,2
pdfbox\src\main\java\org\apache\pdfbox\cos\COSDictionaryLateBinding.java,<init>,ConformingPDFParser,0,0,80
pdfbox\src\main\java\org\apache\pdfbox\pdmodel\common\PDNameTreeNode.java,setParent,PDNameTreeNode,0,0,19
pdfbox\src\main\java\org\apache\pdfbox\pdmodel\interactive\documentnavigation\destination\PDPageFitRectangleDestination.java,getLeft,,0,0,3
pdfbox\src\main\java\org\apache\pdfbox\cos\COSInteger.java,<init>,long,0,0,340
pdfbox\src\main\java\org\apache\pdfbox\pdmodel\interactive\annotation\PDAnnotationLine.java,getCaptionPositioning,,0,0,4
pdfbox\src\main\java\org\apache\pdfbox\pdfparser\BaseParser.java,readLine,,1,0,34
pdfbox\src\main\java\org\apache\pdfbox\pdmodel\encryption\StandardSecurityHandler.java,getUserPassword,"byte[], byte[], int, long",3,0,15
pdfbox\src\main\java\org\apache\pdfbox\pdmodel\interactive\documentnavigation\outline\PDOutlineItem.java,getPreviousSibling,,0,0,4
pdfbox\src\main\java\org\apache\pdfbox\pdmodel\documentinterchange\taggedpdf\PDTableAttributeObject.java,getRowSpan,,0,0,5
xmpbox\src\main\java\org\apache\xmpbox\type\TextType.java,<init>,"XMPMetadata, String, String, String, Object",4,0,634
jempbox\src\main\java\org\apache\jempbox\xmp\XMPMetadata.java,load,InputSource,114,0,1
pdfbox\src\main\java\org\apache\pdfbox\ExportXFDF.java,<init>,,0,0,8
pdfbox\src\main\java\org\apache\pdfbox\pdfparser\XrefTrailerResolver.java,clearResources,,0,0,10
pdfbox\src\main\java\org\apache\pdfbox\cos\COSArray.java,remove,int,0,0,11
pdfbox\src\main\java\org\apache\pdfbox\io\RandomAccessBuffer.java,length,,0,0,147
jempbox\src\main\java\org\apache\jempbox\xmp\XMPSchema.java,removeSequenceValue,"String, Elementable",0,0,1
pdfbox\src\main\java\org\apache\pdfbox\io\RandomAccessBuffer.java,close,,1,0,785
pdfbox\src\main\java\org\apache\pdfbox\pdmodel\common\PDRectangle.java,getUpperRightY,,0,0,86
pdfbox\src\main\java\org\apache\pdfbox\cos\COSDictionary.java,containsKey,String,0,0,24
preflight\src\main\java\org\apache\pdfbox\preflight\process\TrailerValidationProcess.java,getLinearizedDictionary,PDDocument,0,0,2
pdfbox\src\main\java\org\apache\pdfbox\pdmodel\interactive\annotation\PDAnnotationText.java,setState,String,0,0,3
pdfbox\src\main\java\org\apache\pdfbox\util\operator\SetNonStrokingCMYKColor.java,<init>,,0,0,24
pdfbox\src\main\java\org\apache\pdfbox\pdmodel\graphics\color\PDIndexed.java,getLookupData,,0,0,32
pdfbox\src\main\java\org\apache\pdfbox\pdmodel\common\PDStream.java,getInputStreamAsString,,0,0,10
pdfbox\src\main\java\org\apache\pdfbox\pdmodel\interactive\digitalsignature\visible\PDVisibleSigBuilder.java,createSignatureRectangle,"PDSignatureField, PDVisibleSignDesigner",0,0,1
pdfbox\src\main\java\org\apache\pdfbox\pdmodel\interactive\digitalsignature\PDSeedValueMDP.java,getP,,0,0,4
jempbox\src\main\java\org\apache\jempbox\xmp\XMPSchema.java,getBooleanProperty,String,0,0,4
pdfbox\src\main\java\org\apache\pdfbox\pdmodel\documentinterchange\taggedpdf\PDTableAttributeObject.java,toString,,0,0,6
pdfbox\src\main\java\org\apache\pdfbox\persistence\util\COSObjectKey.java,<init>,"long, long",0,0,130
xmpbox\src\main\java\org\apache\xmpbox\type\ResourceRefType.java,setManageTo,String,1,0,5
pdfbox\src\main\java\org\apache\pdfbox\pdmodel\fdf\FDFDictionary.java,setPages,List,0,0,3
pdfbox\src\main\java\org\apache\pdfbox\pdmodel\documentinterchange\taggedpdf\PDLayoutAttributeObject.java,setWidth,float,0,0,2
xmpbox\src\main\java\org\apache\xmpbox\type\URIType.java,<init>,"XMPMetadata, String, String, String, Object",0,0,58
pdfbox\src\main\java\org\apache\pdfbox\io\ByteArrayPushBackInputStream.java,seek,int,0,0,5
pdfbox\src\main\java\org\apache\pdfbox\pdmodel\edit\PDPageContentStream.java,<init>,"PDDocument, PDPage, boolean, boolean, boolean",20,0,10
pdfbox\src\main\java\org\apache\pdfbox\util\operator\SetNonStrokingRGBColor.java,process,"PDFOperator, List",0,0,1
pdfbox\src\main\java\org\apache\pdfbox\pdmodel\graphics\color\PDCalGray.java,<init>,COSArray,0,0,4
preflight\src\main\java\org\apache\pdfbox\preflight\utils\COSUtils.java,getAsDictionary,"COSBase, COSDocument",0,0,10
xmpbox\src\main\java\org\apache\xmpbox\schema\XMPMediaManagementSchema.java,getRenditionClassProperty,,0,0,7
pdfbox\src\main\java\org\apache\pdfbox\cos\COSFloat.java,writePDF,OutputStream,0,0,14
pdfbox\src\main\java\org\apache\pdfbox\pdmodel\graphics\PDExtendedGraphicsState.java,getLineWidth,,0,0,14
pdfbox\src\main\java\org\apache\pdfbox\pdmodel\interactive\form\PDVariableText.java,<init>,"PDAcroForm, COSDictionary",0,0,7
pdfbox\src\main\java\org\apache\pdfbox\pdmodel\font\PDFontDescriptor.java,isSerif,,0,0,3
pdfbox\src\main\java\org\apache\pdfbox\pdfparser\XrefTrailerResolver.java,setTrailer,COSDictionary,1,0,11
pdfbox\src\main\java\org\apache\pdfbox\pdfviewer\PageDrawer.java,<init>,,69,0,7
lucene\src\main\java\org\apache\pdfbox\lucene\LucenePDFDocument.java,addKeywordField,"Document, String, String",0,0,4
pdfbox\src\main\java\org\apache\pdfbox\pdmodel\common\function\PDFunctionType0.java,getSamples,,0,0,1
pdfbox\src\main\java\org\apache\pdfbox\pdmodel\graphics\shading\PDShadingType1.java,getMatrix,,0,0,2
pdfbox\src\main\java\org\apache\pdfbox\pdmodel\graphics\shading\PDShadingType5.java,getBitsPerComponent,,0,0,3
xmpbox\src\main\java\org\apache\xmpbox\schema\XMPSchema.java,getBooleanPropertyValue,String,0,0,11
jempbox\src\main\java\org\apache\jempbox\xmp\XMPSchema.java,<init>,"Element, String",0,0,236
pdfbox\src\main\java\org\apache\pdfbox\pdmodel\common\PDDictionaryWrapper.java,<init>,COSDictionary,0,0,148
pdfbox\src\main\java\org\apache\pdfbox\cos\COSName.java,writePDF,OutputStream,28,1,188
pdfbox\src\main\java\org\apache\pdfbox\pdmodel\graphics\color\PDCalRGB.java,getWhitepoint,,0,0,13
xmpbox\src\main\java\org\apache\xmpbox\type\ResourceRefType.java,setFromPart,String,0,0,4
pdfbox\src\main\java\org\apache\pdfbox\pdmodel\PDResources.java,getFonts,,13,0,30
pdfbox\src\main\java\org\apache\pdfbox\pdmodel\interactive\documentnavigation\destination\PDPageFitWidthDestination.java,<init>,,0,0,4
xmpbox\src\main\java\org\apache\xmpbox\schema\PhotoshopSchema.java,getColorModeProperty,,0,0,15
pdfbox\src\main\java\org\apache\pdfbox\pdmodel\common\filespecification\PDEmbeddedFile.java,getMacCreator,,0,0,4
preflight\src\main\java\org\apache\pdfbox\preflight\metadata\PDFAIdentificationValidation.java,unexpectedPrefixFoundError,"String, String, String",0,0,2
pdfbox\src\main\java\org\apache\pdfbox\pdmodel\font\PDCIDFontType0Font.java,getawtFont,,0,0,1
pdfbox\src\main\java\org\apache\pdfbox\pdmodel\encryption\PDEncryptionDictionary.java,getVersion,,0,0,4
jempbox\src\main\java\org\apache\jempbox\xmp\XMPSchemaDublinCore.java,setDescription,"String, String",0,0,1
pdfbox\src\main\java\org\apache\pdfbox\pdmodel\interactive\annotation\PDAnnotationTextMarkup.java,getQuadPoints,,0,0,5
pdfbox\src\main\java\org\apache\pdfbox\pdmodel\interactive\digitalsignature\PDSignature.java,getContents,COSFilterInputStream,0,0,5
pdfbox\src\main\java\org\apache\pdfbox\pdmodel\common\filespecification\PDComplexFileSpecification.java,setEmbeddedFileDos,PDEmbeddedFile,0,0,5
pdfbox\src\main\java\org\apache\pdfbox\pdmodel\font\PDFont.java,getFontWidth,int,0,0,80
pdfbox\src\main\java\org\apache\pdfbox\pdmodel\font\PDTrueTypeFont.java,loadTTF,"PDDocument, InputStream",14,0,6
pdfbox\src\main\java\org\apache\pdfbox\pdmodel\graphics\PDLineDashPattern.java,getCOSDashPattern,,0,0,14
jempbox\src\main\java\org\apache\jempbox\xmp\XMPMetadata.java,getPDFSchema,,0,0,3
pdfbox\src\main\java\org\apache\pdfbox\pdfparser\PDFParser.java,skipToNextObj,,2,0,4
pdfbox\src\main\java\org\apache\pdfbox\pdmodel\fdf\FDFDocument.java,writeXML,Writer,0,0,5
pdfbox\src\main\java\org\apache\pdfbox\pdfparser\BaseParser.java,isWhitespace,int,0,0,108
pdfbox\src\main\java\org\apache\pdfbox\cos\COSDictionary.java,getLong,String,0,0,5
pdfbox\src\main\java\org\apache\pdfbox\cos\COSFloat.java,hashCode,,0,0,3
preflight\src\main\java\org\apache\pdfbox\preflight\process\FileSpecificationValidationProcess.java,validate,PreflightContext,0,0,2
pdfbox\src\main\java\org\apache\pdfbox\pdmodel\interactive\pagenavigation\PDThread.java,getFirstBead,,0,0,3
pdfbox\src\main\java\org\apache\pdfbox\pdmodel\common\function\PDFunction.java,setDomainValues,COSArray,0,0,2
xmpbox\src\main\java\org\apache\xmpbox\type\Cardinality.java,<init>,"String, int, boolean",0,0,8
pdfbox\src\main\java\org\apache\pdfbox\pdmodel\PDResources.java,getGraphicsStates,,0,0,5
xmpbox\src\main\java\org\apache\xmpbox\type\ResourceRefType.java,getRenditionParams,,0,0,3
xmpbox\src\main\java\org\apache\xmpbox\type\Cardinality.java,valueOf,String,0,0,4
pdfbox\src\main\java\org\apache\pdfbox\pdmodel\graphics\color\PDDeviceN.java,getColorantNames,,0,0,4
jempbox\src\main\java\org\apache\jempbox\xmp\pdfa\XMPMetadataPDFA.java,addPDFASchema,,0,0,2
pdfbox\src\main\java\org\apache\pdfbox\pdmodel\fdf\FDFAnnotationCircle.java,<init>,Element,0,0,2
pdfbox\src\main\java\org\apache\pdfbox\pdmodel\common\COSDictionaryMap.java,isEmpty,,0,0,6
pdfbox\src\main\java\org\apache\pdfbox\pdmodel\common\filespecification\PDFileSpecification.java,createFS,COSBase,0,0,28
pdfbox\src\main\java\org\apache\pdfbox\pdmodel\interactive\digitalsignature\PDSignature.java,setSubFilter,COSName,0,0,2
jempbox\src\main\java\org\apache\jempbox\xmp\XMPSchemaDublinCore.java,getRights,String,0,0,3
pdfbox\src\main\java\org\apache\pdfbox\pdmodel\common\COSStreamArray.java,accept,ICOSVisitor,0,0,2
xmpbox\src\main\java\org\apache\xmpbox\schema\XMPSchema.java,addQualifiedBagValue,"String, String",1,0,70
pdfbox\src\main\java\org\apache\pdfbox\pdmodel\PDDocument.java,load,"String, boolean",0,0,9
pdfbox\src\main\java\org\apache\pdfbox\pdmodel\font\PDCIDFont.java,determineEncoding,,0,0,20
xmpbox\src\main\java\org\apache\xmpbox\schema\DublinCoreSchema.java,getFormatProperty,,0,0,11
xmpbox\src\main\java\org\apache\xmpbox\type\PDFAFieldType.java,<init>,XMPMetadata,1,0,17
pdfbox\src\main\java\org\apache\pdfbox\pdmodel\graphics\predictor\Optimum.java,decodeLine,"byte[], byte[], int, int, int, int",0,0,1
jempbox\src\main\java\org\apache\jempbox\xmp\XMPSchemaMediaManagement.java,addHistory,ResourceEvent,0,0,3
pdfbox\src\main\java\org\apache\pdfbox\cos\COSDictionary.java,setFloat,"COSName, float",7,0,162
xmpbox\src\main\java\org\apache\xmpbox\type\ComplexPropertyContainer.java,isSameProperty,"AbstractField, AbstractField",0,0,203
fontbox\src\main\java\org\apache\fontbox\cmap\CMapParser.java,parse,"String, InputStream",0,0,3
preflight\src\main\java\org\apache\pdfbox\preflight\process\CatalogValidationProcess.java,<init>,,0,0,11
jempbox\src\main\java\org\apache\jempbox\xmp\Thumbnail.java,setHeight,Integer,0,0,4
pdfbox\src\main\java\org\apache\pdfbox\pdmodel\fdf\FDFJavaScript.java,getNamedJavaScripts,,0,0,5
pdfbox\src\main\java\org\apache\pdfbox\pdmodel\graphics\predictor\Paeth.java,encodeLine,"byte[], byte[], int, int, int, int",0,0,46
preflight\src\main\java\org\apache\pdfbox\preflight\annotation\PopupAnnotationValidator.java,<init>,"PreflightContext, COSDictionary",0,0,3
xmpbox\src\main\java\org\apache\xmpbox\type\Types.java,<init>,"String, int, boolean, Types, Class",0,0,58
pdfbox\src\main\java\org\apache\pdfbox\pdmodel\common\COSArrayList.java,convertFloatCOSArrayToList,COSArray,0,0,5
fontbox\src\main\java\org\apache\fontbox\ttf\TrueTypeFont.java,addTable,TTFTable,0,0,34
pdfbox\src\main\java\org\apache\pdfbox\pdfparser\BaseParser.java,readGenerationNumber,,0,0,8
pdfbox\src\main\java\org\apache\pdfbox\io\IOUtils.java,closeQuietly,InputStream,0,0,48
pdfbox\src\main\java\org\apache\pdfbox\pdmodel\fdf\FDFField.java,setValue,Object,0,0,8
jempbox\src\main\java\org\apache\jempbox\xmp\XMPSchema.java,getIntegerProperty,String,0,0,12
pdfbox\src\main\java\org\apache\pdfbox\pdmodel\PDResources.java,addFont,PDFont,4,0,12
pdfbox\src\main\java\org\apache\pdfbox\filter\TIFFFaxDecoder.java,decodeNextScanline,"byte[], int, int",0,0,44
jempbox\src\main\java\org\apache\jempbox\xmp\XMPSchemaDublinCore.java,getTitleLanguages,,0,0,3
pdfbox\src\main\java\org\apache\pdfbox\pdfwriter\COSFilterInputStream.java,<init>,"InputStream, int[]",0,0,12
pdfbox\src\main\java\org\apache\pdfbox\util\operator\pagedrawer\SetLineCapStyle.java,<init>,,0,0,11
preflight\src\main\java\org\apache\pdfbox\preflight\process\reflect\ResourcesValidationProcess.java,validateExtGStates,"PreflightContext, PDResources",0,0,2
preflight\src\main\java\org\apache\pdfbox\preflight\exception\CrossRefParseException.java,<init>,"String, String",0,0,3
pdfbox\src\main\java\org\apache\pdfbox\util\operator\SetTextRise.java,process,"PDFOperator, List",0,0,4
pdfbox\src\main\java\org\apache\pdfbox\io\RandomAccessBuffer.java,seek,long,0,0,137
preflight\src\main\java\org\apache\pdfbox\preflight\exception\PdfParseException.java,<init>,"String, String",1,0,37
pdfbox\src\main\java\org\apache\pdfbox\pdmodel\interactive\annotation\PDAnnotation.java,isNoView,,0,0,3
xmpbox\src\main\java\org\apache\xmpbox\schema\PhotoshopSchema.java,getUrgency,,0,0,13
pdfbox\src\main\java\org\apache\pdfbox\pdmodel\common\COSDictionaryMap.java,<init>,"Map, COSDictionary",0,0,52
pdfbox\src\main\java\org\apache\pdfbox\pdmodel\common\PDStream.java,getPartiallyFilteredStream,List,1,0,21
pdfbox\src\main\java\org\apache\pdfbox\pdmodel\interactive\annotation\PDAnnotationLine.java,setLeaderLineLength,float,0,0,2
pdfbox\src\main\java\org\apache\pdfbox\pdmodel\text\PDTextState.java,clone,,0,0,6
pdfbox\src\main\java\org\apache\pdfbox\pdmodel\PDDocumentInformation.java,getCreator,,0,0,10
xmpbox\src\main\java\org\apache\xmpbox\schema\PhotoshopSchema.java,getAncestorIDProperty,,0,0,12
fontbox\src\main\java\org\apache\fontbox\afm\AFMParser.java,readFloat,,448,18,57702
pdfbox\src\main\java\org\apache\pdfbox\pdmodel\font\PDFontDescriptorDictionary.java,getMaxWidth,,0,0,6
xmpbox\src\main\java\org\apache\xmpbox\type\ResourceRefType.java,getManageUI,,0,0,4
pdfbox\src\main\java\org\apache\pdfbox\pdmodel\PDDocumentInformation.java,setCreationDate,Calendar,2,0,3
pdfbox\src\main\java\org\apache\pdfbox\cos\COSDocument.java,getSignatureDictionaries,,0,0,4
pdfbox\src\main\java\org\apache\pdfbox\pdmodel\interactive\measurement\PDRectlinearMeasureDictionary.java,setDistances,PDNumberFormatDictionary[],0,0,3
pdfbox\src\main\java\org\apache\pdfbox\util\PageExtractor.java,<init>,PDDocument,0,0,12
pdfbox\src\main\java\org\apache\pdfbox\cos\COSArray.java,removeAll,Collection,0,0,3
pdfbox\src\main\java\org\apache\pdfbox\pdmodel\common\PDDictionaryWrapper.java,hashCode,,0,0,1
lucene\src\main\java\org\apache\pdfbox\lucene\LucenePDFDocument.java,timeToString,long,29,0,8
xmpbox\src\main\java\org\apache\xmpbox\schema\DublinCoreSchema.java,removeContributor,String,0,0,12
xmpbox\src\main\java\org\apache\xmpbox\schema\XMPMediaManagementSchema.java,getRenditionClass,,0,0,4
pdfbox\src\main\java\org\apache\pdfbox\pdmodel\interactive\form\PDVariableText.java,setFileSelect,boolean,0,0,1
pdfbox\src\main\java\org\apache\pdfbox\pdmodel\graphics\shading\PDShadingType7.java,<init>,COSDictionary,0,0,22
preflight\src\main\java\org\apache\pdfbox\preflight\font\util\Type1Parser.java,isNotBlankSperator,int,0,0,21
examples\src\main\java\org\apache\pdfbox\examples\signature\ShowSignature.java,main,String[],0,0,4
xmpbox\src\main\java\org\apache\xmpbox\XMPMetadata.java,<init>,"String, String, String, String",1892,2,1157
pdfbox\src\main\java\org\apache\pdfbox\pdmodel\interactive\documentnavigation\outline\PDOutlineNode.java,setFirstChild,PDOutlineNode,0,0,10
preflight\src\main\java\org\apache\pdfbox\preflight\annotation\LinkAnnotationValidator.java,<init>,"PreflightContext, COSDictionary",0,0,7
pdfbox\src\main\java\org\apache\pdfbox\util\PDFStreamEngine.java,processOperator,"String, List",18,0,16
pdfbox\src\main\java\org\apache\pdfbox\util\ImageParameters.java,getBitsPerComponent,,0,0,6
pdfbox\src\main\java\org\apache\pdfbox\pdmodel\encryption\PublicKeyProtectionPolicy.java,getRecipientsNumber,,0,0,2
jempbox\src\main\java\org\apache\jempbox\xmp\XMPMetadata.java,addBasicJobTicketSchema,,0,0,8
pdfbox\src\main\java\org\apache\pdfbox\util\operator\SetTextLeading.java,<init>,,0,0,32
pdfbox\src\main\java\org\apache\pdfbox\pdmodel\interactive\digitalsignature\PDPropBuildDataDict.java,setPreRelease,boolean,0,0,1
preflight\src\main\java\org\apache\pdfbox\preflight\annotation\RubberStampAnnotationValidator.java,checkMandatoryFields,,0,0,2
pdfbox\src\main\java\org\apache\pdfbox\filter\LZWDictionary.java,<init>,,1,0,16
xmpbox\src\main\java\org\apache\xmpbox\schema\XMPSchema.java,setBooleanPropertyValue,"String, Boolean",0,0,13
xmpbox\src\main\java\org\apache\xmpbox\schema\AdobePDFSchema.java,<init>,XMPMetadata,0,0,56
xmpbox\src\main\java\org\apache\xmpbox\schema\XMPRightsManagementSchema.java,getCopyright,,0,0,4
pdfbox\src\main\java\org\apache\pdfbox\pdmodel\interactive\form\PDCheckbox.java,unCheck,,0,0,1
pdfbox\src\main\java\org\apache\pdfbox\pdmodel\common\COSDictionaryMap.java,putAll,Map,0,0,1
pdfbox\src\main\java\org\apache\pdfbox\pdmodel\font\PDCIDFont.java,getFontBoundingBox,,0,0,2
xmpbox\src\main\java\org\apache\xmpbox\schema\XMPSchema.java,getUnqualifiedBagValueList,String,0,0,116
pdfbox\src\main\java\org\apache\pdfbox\pdmodel\fdf\FDFAnnotationSound.java,<init>,,0,0,4
preflight\src\main\java\org\apache\pdfbox\preflight\process\XRefValidationProcess.java,validate,PreflightContext,0,0,3
examples\src\main\java\org\apache\pdfbox\examples\signature\ShowSignature.java,<init>,,0,0,4
pdfbox\src\main\java\org\apache\pdfbox\pdmodel\graphics\shading\PDShadingType5.java,getBitsPerCoordinate,,0,0,4
pdfbox\src\main\java\org\apache\pdfbox\pdmodel\interactive\form\PDSignatureField.java,getValue,,0,0,2
pdfbox\src\main\java\org\apache\pdfbox\pdmodel\documentinterchange\logicalstructure\PDUserProperty.java,setFormattedValue,String,0,0,3
pdfbox\src\main\java\org\apache\pdfbox\pdmodel\interactive\annotation\PDAnnotationSquareCircle.java,setBorderStyle,PDBorderStyleDictionary,0,0,3
pdfbox\src\main\java\org\apache\pdfbox\encoding\conversion\EncodingConversionManager.java,getConverter,String,0,0,2
pdfbox\src\main\java\org\apache\pdfbox\pdmodel\documentinterchange\markedcontent\PDMarkedContent.java,getAlternateDescription,,0,0,2
pdfbox\src\main\java\org\apache\pdfbox\cos\COSDictionary.java,clear,,0,0,368
preflight\src\main\java\org\apache\pdfbox\preflight\ValidationResult.java,addError,ValidationResult$ValidationError,0,0,64
pdfbox\src\main\java\org\apache\pdfbox\pdmodel\interactive\annotation\PDAnnotationLink.java,<init>,COSDictionary,0,0,21
pdfbox\src\main\java\org\apache\pdfbox\cos\COSDictionary.java,getDictionaryObject,"String, String",0,0,38
pdfbox\src\main\java\org\apache\pdfbox\pdmodel\interactive\annotation\PDAnnotation.java,getPage,,0,0,2
preflight\src\main\java\org\apache\pdfbox\preflight\font\Type0FontValidator.java,processCMapAsStream,COSStream,3,0,1
xmpbox\src\main\java\org\apache\xmpbox\schema\XMPSchema.java,addBagValueAsSimple,"String, String",0,0,10
pdfbox\src\main\java\org\apache\pdfbox\pdmodel\interactive\form\PDAcroForm.java,setCacheFields,boolean,0,0,5
pdfbox\src\main\java\org\apache\pdfbox\cos\COSDictionary.java,getString,COSName,23,5,13665
jempbox\src\main\java\org\apache\jempbox\xmp\ResourceEvent.java,getManager,,0,0,1
pdfbox\src\main\java\org\apache\pdfbox\pdmodel\PDJavascriptNameTreeNode.java,<init>,,0,0,1
xmpbox\src\main\java\org\apache\xmpbox\type\AbstractField.java,removeAttribute,String,0,0,12
xmpbox\src\main\java\org\apache\xmpbox\schema\PhotoshopSchema.java,setCaptionWriterProperty,ProperNameType,0,0,6
xmpbox\src\main\java\org\apache\xmpbox\XMPMetadata.java,createAndAddBasicJobTicketSchema,,0,0,29
preflight\src\main\java\org\apache\pdfbox\preflight\metadata\SynchronizedMetaDataValidation.java,analyzeTitleProperty,"PDDocumentInformation, DublinCoreSchema, List",0,0,7
preflight\src\main\java\org\apache\pdfbox\preflight\exception\SyntaxValidationException.java,<init>,"String, Throwable, ValidationResult",0,0,1
pdfbox\src\main\java\org\apache\pdfbox\pdmodel\markedcontent\PDPropertyList.java,<init>,,0,0,4
pdfbox\src\main\java\org\apache\pdfbox\pdfparser\XrefTrailerResolver.java,getFirstTrailer,,0,0,21
pdfbox\src\main\java\org\apache\pdfbox\pdmodel\fdf\FDFIconFit.java,<init>,COSDictionary,0,0,14
pdfbox\src\main\java\org\apache\pdfbox\pdmodel\interactive\digitalsignature\visible\PDVisibleSigBuilder.java,createSignature,"PDSignatureField, PDPage, String",0,0,1
pdfbox\src\main\java\org\apache\pdfbox\pdmodel\fdf\FDFDocument.java,load,File,5,0,4
pdfbox\src\main\java\org\apache\pdfbox\cos\COSDictionary.java,size,,0,0,133
pdfbox\src\main\java\org\apache\pdfbox\pdmodel\PDDocumentNameDictionary.java,setJavascript,PDJavascriptNameTreeNode,0,0,2
pdfbox\src\main\java\org\apache\pdfbox\util\ICU4JImpl.java,<init>,,43,0,34
pdfbox\src\main\java\org\apache\pdfbox\pdmodel\interactive\measurement\PDNumberFormatDictionary.java,setFD,boolean,0,0,2
pdfbox\src\main\java\org\apache\pdfbox\pdmodel\encryption\StandardSecurityHandler.java,arraysEqual,"byte[], byte[], int",0,0,1
pdfbox\src\main\java\org\apache\pdfbox\pdmodel\common\function\PDFunctionType0.java,setBitsPerSample,int,0,0,3
jempbox\src\main\java\org\apache\jempbox\xmp\XMPSchemaIptc4xmpCore.java,getCiTelWork,,0,0,2
pdfbox\src\main\java\org\apache\pdfbox\pdmodel\interactive\annotation\PDBorderEffectDictionary.java,getIntensity,,0,0,4
preflight\src\main\java\org\apache\pdfbox\preflight\action\UriAction.java,<init>,"ActionManagerFactory, COSDictionary, PreflightContext, String",0,0,2
jempbox\src\main\java\org\apache\jempbox\xmp\pdfa\XMPSchemaPDFASchema.java,getPrefix,,0,0,4
pdfbox\src\main\java\org\apache\pdfbox\pdmodel\fdf\FDFField.java,setClearWidgetFieldFlags,int,0,0,3
pdfbox\src\main\java\org\apache\pdfbox\pdmodel\PDDocumentCatalog.java,setMarkInfo,PDMarkInfo,0,0,1
pdfbox\src\main\java\org\apache\pdfbox\pdmodel\common\PDTextStream.java,createTextStream,COSBase,0,0,24
pdfbox\src\main\java\org\apache\pdfbox\pdmodel\common\COSDictionaryMap.java,clear,,0,0,2
pdfbox\src\main\java\org\apache\pdfbox\pdfwriter\COSFilterInputStream.java,toByteArray,,0,0,9
pdfbox\src\main\java\org\apache\pdfbox\pdmodel\common\function\PDFunction.java,getNumberOfInputParameters,,0,0,3
pdfbox\src\main\java\org\apache\pdfbox\pdmodel\graphics\shading\PDShadingType2.java,<init>,COSDictionary,0,0,41
pdfbox\src\main\java\org\apache\pdfbox\pdmodel\graphics\shading\PDShadingResources.java,getBBox,,0,0,4
pdfbox\src\main\java\org\apache\pdfbox\pdmodel\interactive\annotation\PDAppearanceDictionary.java,<init>,COSDictionary,0,0,15
pdfbox\src\main\java\org\apache\pdfbox\pdmodel\interactive\documentnavigation\outline\PDOutlineItem.java,findDestinationPage,PDDocument,1,0,4
pdfbox\src\main\java\org\apache\pdfbox\pdmodel\common\PDPageLabelRange.java,<init>,,0,0,29
preflight\src\main\java\org\apache\pdfbox\preflight\metadata\SynchronizedMetaDataValidation.java,validateMetadataSynchronization,"PDDocument, XMPMetadata",3,0,7
xmpbox\src\main\java\org\apache\xmpbox\schema\PhotoshopSchema.java,getICCProfileProperty,,0,0,17
jempbox\src\main\java\org\apache\jempbox\impl\XMLUtil.java,setStringValue,"Element, String",1,0,52
pdfbox\src\main\java\org\apache\pdfbox\pdmodel\common\COSDictionaryMap.java,put,"Object, Object",0,0,4
pdfbox\src\main\java\org\apache\pdfbox\ExportFDF.java,close,FDFDocument,0,0,6
pdfbox\src\main\java\org\apache\pdfbox\pdmodel\PDDocumentCatalog.java,setPageLayout,String,0,0,1
preflight\src\main\java\org\apache\pdfbox\preflight\font\util\Type1Parser.java,<init>,"InputStream, int, int, Encoding",1,0,17
preflight\src\main\java\org\apache\pdfbox\preflight\metadata\SynchronizedMetaDataValidation.java,AbsentXMPPropertyError,"String, String",0,0,5
pdfbox\src\main\java\org\apache\pdfbox\pdmodel\common\COSArrayList.java,<init>,"Object, COSBase, COSDictionary, COSName",0,0,66
pdfbox\src\main\java\org\apache\pdfbox\pdmodel\interactive\action\PDPageAdditionalActions.java,getC,,0,0,3
pdfbox\src\main\java\org\apache\pdfbox\pdmodel\font\PDFontDescriptor.java,isAllCap,,0,0,3
pdfbox\src\main\java\org\apache\pdfbox\pdmodel\PDPageNode.java,getAllKids,"List, COSDictionary, boolean",3,0,77
pdfbox\src\main\java\org\apache\pdfbox\pdmodel\PDDocumentCatalog.java,setLanguage,String,0,0,1
pdfbox\src\main\java\org\apache\pdfbox\util\PDFMarkedContentExtractor.java,<init>,String,5,0,1
pdfbox\src\main\java\org\apache\pdfbox\util\PDFTextStripper.java,<init>,,4,0,2
preflight\src\main\java\org\apache\pdfbox\preflight\xobject\XObjImageValidator.java,checkColorSpaceAndImageMask,,0,0,1
fontbox\src\main\java\org\apache\fontbox\ttf\AbstractTTFParser.java,parseTTF,TTFDataStream,60,0,6
pdfbox\src\main\java\org\apache\pdfbox\pdmodel\common\PDDictionaryWrapper.java,<init>,,0,0,250
xmpbox\src\main\java\org\apache\xmpbox\schema\XMPMediaManagementSchema.java,setManageUI,String,1,0,7
pdfbox\src\main\java\org\apache\pdfbox\pdmodel\documentinterchange\taggedpdf\PDListAttributeObject.java,setListNumbering,String,0,0,3
pdfbox\src\main\java\org\apache\pdfbox\pdmodel\common\COSDictionaryMap.java,size,,0,0,17
jempbox\src\main\java\org\apache\jempbox\impl\XMLUtil.java,parse,String,5,0,2
pdfbox\src\main\java\org\apache\pdfbox\pdmodel\fdf\FDFAnnotation.java,isNoRotate,,0,0,3
pdfbox\src\main\java\org\apache\pdfbox\pdmodel\graphics\xobject\PDXObjectForm.java,setResources,PDResources,0,0,1
xmpbox\src\main\java\org\apache\xmpbox\schema\XMPSchemaFactory.java,<init>,"String, Class, PropertiesDescription",0,0,10644
pdfbox\src\main\java\org\apache\pdfbox\pdmodel\PDDocumentCatalog.java,getActions,,0,0,2
pdfbox\src\main\java\org\apache\pdfbox\pdmodel\interactive\digitalsignature\PDPropBuild.java,<init>,,0,0,10
fontbox\src\main\java\org\apache\fontbox\ttf\TrueTypeFont.java,getGlyph,,0,0,142
pdfbox\src\main\java\org\apache\pdfbox\pdmodel\interactive\measurement\PDRectlinearMeasureDictionary.java,setChangeYs,PDNumberFormatDictionary[],0,0,3
pdfbox\src\main\java\org\apache\pdfbox\cos\COSObject.java,<init>,COSBase,0,0,54
pdfbox\src\main\java\org\apache\pdfbox\util\ImageParameters.java,getFilters,,0,0,11
pdfbox\src\main\java\org\apache\pdfbox\pdmodel\interactive\documentnavigation\destination\PDPageFitDestination.java,<init>,,0,0,6
pdfbox\src\main\java\org\apache\pdfbox\util\operator\pagedrawer\ClosePath.java,process,"PDFOperator, List",1,0,2
pdfbox\src\main\java\org\apache\pdfbox\util\TextNormalize.java,<init>,String,53,0,19
pdfbox\src\main\java\org\apache\pdfbox\pdmodel\common\PDRectangle.java,contains,"float, float",0,0,6
jempbox\src\main\java\org\apache\jempbox\xmp\XMPMetadata.java,addRightsManagementSchema,,0,0,3
pdfbox\src\main\java\org\apache\pdfbox\cos\COSBoolean.java,getBoolean,Boolean,0,0,8
pdfbox\src\main\java\org\apache\pdfbox\pdmodel\font\PDFontDescriptorDictionary.java,getCapHeight,,0,0,8
pdfbox\src\main\java\org\apache\pdfbox\util\DateConverter.java,restrainTZoffset,long,0,0,47
pdfbox\src\main\java\org\apache\pdfbox\ExportXFDF.java,close,FDFDocument,0,0,6
pdfbox\src\main\java\org\apache\pdfbox\pdmodel\graphics\color\ColorSpaceLab.java,clipToRange,"float, PDRange",0,0,14
xmpbox\src\main\java\org\apache\xmpbox\type\TypeMapping.java,instanciateStructuredType,"Types, String",0,0,4
examples\src\main\java\org\apache\pdfbox\examples\AbstractExample.java,close,PDDocument,0,0,1
pdfbox\src\main\java\org\apache\pdfbox\pdmodel\font\FontManager.java,loadFonts,,967,5,1
pdfbox\src\main\java\org\apache\pdfbox\pdmodel\interactive\annotation\PDAnnotation.java,getModifiedDate,,0,0,3
pdfbox\src\main\java\org\apache\pdfbox\pdmodel\interactive\pagenavigation\PDThreadBead.java,setNextBead,PDThreadBead,0,0,16
pdfbox\src\main\java\org\apache\pdfbox\pdmodel\font\PDFontDescriptor.java,setFixedPitch,boolean,0,0,6
pdfbox\src\main\java\org\apache\pdfbox\pdmodel\encryption\PublicKeySecurityHandler.java,prepareForDecryption,"PDEncryptionDictionary, COSArray, DecryptionMaterial",41,0,6
pdfbox\src\main\java\org\apache\pdfbox\pdmodel\documentinterchange\logicalstructure\PDUserProperty.java,<init>,"COSDictionary, PDUserAttributeObject",0,0,9
jempbox\src\main\java\org\apache\jempbox\xmp\XMPSchema.java,removeSequenceValue,"String, String",0,0,4
xmpbox\src\main\java\org\apache\xmpbox\type\AbstractStructuredType.java,getPropertyValueAsString,String,0,0,46
pdfbox\src\main\java\org\apache\pdfbox\pdmodel\encryption\PDStandardEncryption.java,setOwnerKey,byte[],0,0,3
pdfbox\src\main\java\org\apache\pdfbox\pdmodel\graphics\PDExtendedGraphicsState.java,getNonStrokingAlpaConstant,,0,0,19
pdfbox\src\main\java\org\apache\pdfbox\pdmodel\interactive\digitalsignature\PDPropBuild.java,getPubSec,,0,0,3
pdfbox\src\main\java\org\apache\pdfbox\io\RandomAccessBufferedFileInputStream.java,seek,long,0,0,33
pdfbox\src\main\java\org\apache\pdfbox\pdmodel\PDResources.java,setXObjects,Map,0,0,16
pdfbox\src\main\java\org\apache\pdfbox\cos\COSDictionary.java,getEmbeddedDate,"String, String, Calendar",0,0,46
xmpbox\src\main\java\org\apache\xmpbox\schema\PDFAExtensionSchema.java,<init>,XMPMetadata,0,0,49
pdfbox\src\main\java\org\apache\pdfbox\pdmodel\common\COSArrayList.java,hashCode,,0,0,1
pdfbox\src\main\java\org\apache\pdfbox\cos\COSArray.java,get,int,0,0,688
pdfbox\src\main\java\org\apache\pdfbox\pdmodel\graphics\color\PDSeparation.java,createColorSpace,,3,0,1
pdfbox\src\main\java\org\apache\pdfbox\cos\COSDictionary.java,setItem,"String, COSObjectable",1,0,200
xmpbox\src\main\java\org\apache\xmpbox\schema\PhotoshopSchema.java,getState,,0,0,5
pdfbox\src\main\java\org\apache\pdfbox\pdmodel\encryption\PDEncryptionDictionary.java,setPermissions,int,0,0,6
preflight\src\main\java\org\apache\pdfbox\preflight\ValidationResult.java,<init>,ValidationResult$ValidationError,0,0,4
pdfbox\src\main\java\org\apache\pdfbox\pdmodel\font\PDCIDFont.java,getCIDSystemInfo,,0,0,20
examples\src\main\java\org\apache\pdfbox\examples\pdmodel\EmbeddedFiles.java,main,String[],5,0,3
examples\src\main\java\org\apache\pdfbox\examples\pdmodel\ExtractMetadata.java,main,String[],0,0,3
pdfbox\src\main\java\org\apache\pdfbox\pdmodel\common\PDObjectStream.java,createStream,PDDocument,0,0,8
pdfbox\src\main\java\org\apache\pdfbox\encryption\DocumentEncryption.java,decryptDictionary,"COSDictionary, long, long",0,0,1
pdfbox\src\main\java\org\apache\pdfbox\pdmodel\graphics\color\PDIndexed.java,getHighValue,,0,0,23
fontbox\src\main\java\org\apache\fontbox\afm\CharMetric.java,<init>,,10,3,12517
pdfbox\src\main\java\org\apache\pdfbox\pdmodel\font\PDFontDescriptorAFM.java,getDescent,,0,0,2
pdfbox\src\main\java\org\apache\pdfbox\cos\COSDictionary.java,setEmbeddedString,"String, COSName, String",3,0,68
jempbox\src\main\java\org\apache\jempbox\xmp\XMPSchemaBasic.java,setMetadataDate,Calendar,0,0,2
pdfbox\src\main\java\org\apache\pdfbox\util\operator\SetNonStrokingIndexed.java,<init>,,0,0,1
xmpbox\src\main\java\org\apache\xmpbox\type\TypeMapping.java,createRenditionClass,"String, String, String, String",0,0,7
preflight\src\main\java\org\apache\pdfbox\preflight\process\BookmarkValidationProcess.java,validate,PreflightContext,0,0,1
pdfbox\src\main\java\org\apache\pdfbox\pdmodel\PDDocument.java,addSignature,"PDSignature, SignatureInterface",0,0,1
pdfbox\src\main\java\org\apache\pdfbox\pdmodel\PDDocument.java,<init>,COSDocument,0,0,188
preflight\src\main\java\org\apache\pdfbox\preflight\font\util\Type1Parser.java,getEncodingObject,String,12,0,12
xmpbox\src\main\java\org\apache\xmpbox\type\ThumbnailType.java,setImage,String,0,0,4
pdfbox\src\main\java\org\apache\pdfbox\pdmodel\documentinterchange\taggedpdf\PDLayoutAttributeObject.java,setTBorderStyles,String[],0,0,5
lucene\src\main\java\org\apache\pdfbox\lucene\IndexFiles.java,addDocument,File,0,0,3
pdfbox\src\main\java\org\apache\pdfbox\pdmodel\graphics\color\PDColorSpaceFactory.java,createColorSpace,"COSBase, Map, Map",2,0,60
pdfbox\src\main\java\org\apache\pdfbox\pdmodel\common\COSArrayList.java,removeAll,Collection,0,0,1
pdfbox\src\main\java\org\apache\pdfbox\pdmodel\interactive\action\type\PDActionURI.java,setBase,String,0,0,3
pdfbox\src\main\java\org\apache\pdfbox\cos\COSDictionary.java,setInt,"COSName, int",2,1,616
pdfbox\src\main\java\org\apache\pdfbox\pdmodel\graphics\pattern\PDShadingPatternResources.java,<init>,,0,0,22
pdfbox\src\main\java\org\apache\pdfbox\pdmodel\common\PDNamedTextStream.java,getSecondCOSObject,,0,0,4
pdfbox\src\main\java\org\apache\pdfbox\pdmodel\PDDocumentCatalog.java,getMetadata,,0,0,1
preflight\src\main\java\org\apache\pdfbox\preflight\graphic\StandardColorSpaceHelper.java,<init>,"PreflightContext, PDColorSpace",0,0,45
pdfbox\src\main\java\org\apache\pdfbox\pdmodel\common\PDRectangle.java,<init>,,3,0,65
pdfbox\src\main\java\org\apache\pdfbox\pdmodel\common\PDStream.java,getFile,,0,0,2
pdfbox\src\main\java\org\apache\pdfbox\pdmodel\graphics\pattern\PDShadingPatternResources.java,getMatrix,,0,0,6
pdfbox\src\main\java\org\apache\pdfbox\pdmodel\interactive\form\PDField.java,getWidget,,0,0,60
fontbox\src\main\java\org\apache\fontbox\ttf\HorizontalHeaderTable.java,<init>,,0,0,2
pdfbox\src\main\java\org\apache\pdfbox\pdmodel\font\PDFontDescriptorAFM.java,getItalicAngle,,0,0,4
pdfbox\src\main\java\org\apache\pdfbox\pdmodel\PDDocument.java,getPageCount,,0,0,2
pdfbox\src\main\java\org\apache\pdfbox\pdmodel\fdf\FDFOptionElement.java,getOption,,0,0,5
pdfbox\src\main\java\org\apache\pdfbox\cos\COSString.java,<init>,,0,0,136
jempbox\src\main\java\org\apache\jempbox\xmp\XMPSchemaDublinCore.java,removeDate,Calendar,0,0,2
pdfbox\src\main\java\org\apache\pdfbox\pdmodel\graphics\pattern\PDTilingPatternResources.java,setResources,PDResources,0,0,4
pdfbox\src\main\java\org\apache\pdfbox\pdmodel\interactive\digitalsignature\PDSeedValue.java,setReasonRequired,boolean,0,0,1
pdfbox\src\main\java\org\apache\pdfbox\pdmodel\fdf\FDFIconFit.java,getFractionalSpaceToAllocate,,0,0,4
jempbox\src\main\java\org\apache\jempbox\xmp\XMPMetadata.java,getBasicSchema,,0,0,3
pdfbox\src\main\java\org\apache\pdfbox\pdmodel\common\PDStream.java,<init>,"PDDocument, InputStream, boolean",3,0,56
pdfbox\src\main\java\org\apache\pdfbox\util\TextNormalize.java,normalizeDiac,String,96,0,6
pdfbox\src\main\java\org\apache\pdfbox\pdmodel\fdf\FDFDocument.java,save,File,10,0,3
pdfbox\src\main\java\org\apache\pdfbox\pdmodel\fdf\FDFDictionary.java,getDifferences,,0,0,4
xmpbox\src\main\java\org\apache\xmpbox\type\ResourceRefType.java,<init>,XMPMetadata,1,0,108
pdfbox\src\main\java\org\apache\pdfbox\encoding\Encoding.java,getCodeToNameMap,,0,0,7
pdfbox\src\main\java\org\apache\pdfbox\util\PDFStreamEngine.java,getFonts,,0,0,1
pdfbox\src\main\java\org\apache\pdfbox\pdmodel\common\COSArrayList.java,remove,int,0,0,4
pdfbox\src\main\java\org\apache\pdfbox\pdmodel\graphics\color\PDOutputIntent.java,getDestOutputIntent,,0,0,6
xmpbox\src\main\java\org\apache\xmpbox\schema\PhotoshopSchema.java,getCityProperty,,0,0,9
xmpbox\src\main\java\org\apache\xmpbox\schema\PDFAIdentificationSchema.java,getPart,,0,0,5
ant\src\main\java\org\apache\pdfbox\ant\PDFToTextTask.java,addFileset,FileSet,0,0,2
preflight\src\main\java\org\apache\pdfbox\preflight\annotation\TrapNetAnnotationValidator.java,checkMandatoryFields,,0,0,2
pdfbox\src\main\java\org\apache\pdfbox\pdmodel\graphics\color\PDSeparation.java,setTintTransform,PDFunction,0,0,2
pdfbox\src\main\java\org\apache\pdfbox\pdmodel\documentinterchange\logicalstructure\Revisions.java,addObject,"Object, int",0,0,20
lucene\src\main\java\org\apache\pdfbox\lucene\LucenePDFDocument.java,addUnstoredKeywordField,"Document, String, String",0,0,4
preflight\src\main\java\org\apache\pdfbox\preflight\font\descriptor\CIDType0DescriptorHelper.java,processFontFile,"PDFontDescriptorDictionary, PDStream",26,0,3
pdfbox\src\main\java\org\apache\pdfbox\pdmodel\interactive\form\PDAppearance.java,setAppearanceValue,String,2,0,1
pdfbox\src\main\java\org\apache\pdfbox\pdmodel\interactive\measurement\PDNumberFormatDictionary.java,isFD,,0,0,3
pdfbox\src\main\java\org\apache\pdfbox\pdmodel\common\PDMemoryStream.java,setFilters,List,0,0,1
pdfbox\src\main\java\org\apache\pdfbox\pdmodel\graphics\color\ColorSpaceLab.java,toCIEXYZ,float[],0,0,10
pdfbox\src\main\java\org\apache\pdfbox\util\PDFHighlighter.java,main,String[],2,0,1
pdfbox\src\main\java\org\apache\pdfbox\pdmodel\graphics\shading\PDShadingType4.java,setFunction,PDFunction,0,0,2
pdfbox\src\main\java\org\apache\pdfbox\pdmodel\interactive\annotation\PDAppearanceCharacteristicsDictionary.java,getNormalCaption,,0,0,4
preflight\src\main\java\org\apache\pdfbox\preflight\process\PageTreeValidationProcess.java,validate,PreflightContext,0,0,2
pdfbox\src\main\java\org\apache\pdfbox\pdfwriter\COSWriter.java,visitFromString,COSString,9,0,24
pdfbox\src\main\java\org\apache\pdfbox\pdmodel\interactive\action\PDDocumentCatalogAdditionalActions.java,getDP,,0,0,3
pdfbox\src\main\java\org\apache\pdfbox\pdmodel\graphics\color\ColorSpaceLab.java,fromRGB,float[],10,0,4
pdfbox\src\main\java\org\apache\pdfbox\pdfparser\PDFStreamParser.java,clearResources,,0,0,7
pdfbox\src\main\java\org\apache\pdfbox\pdfparser\BaseParser.java,<init>,"InputStream, boolean",5,1,208
xmpbox\src\main\java\org\apache\xmpbox\type\VersionType.java,setComments,String,0,0,4
preflight\src\main\java\org\apache\pdfbox\preflight\annotation\FreeTextAnnotationValidator.java,checkMandatoryFields,,0,0,2
pdfbox\src\main\java\org\apache\pdfbox\pdmodel\PDDocumentInformation.java,setAuthor,String,0,0,3
pdfbox\src\main\java\org\apache\pdfbox\util\Matrix.java,extractTranslating,,0,0,3
pdfbox\src\main\java\org\apache\pdfbox\util\Matrix.java,multiply,Matrix,0,0,15
pdfbox\src\main\java\org\apache\pdfbox\pdmodel\fdf\FDFDictionary.java,<init>,COSDictionary,0,0,25
pdfbox\src\main\java\org\apache\pdfbox\pdmodel\PDPage.java,getMediaBox,,0,0,74
jempbox\src\main\java\org\apache\jempbox\xmp\XMPSchemaPhotoshop.java,setCity,String,0,0,3
pdfbox\src\main\java\org\apache\pdfbox\util\operator\pagedrawer\Invoke.java,<init>,,0,0,9
pdfbox\src\main\java\org\apache\pdfbox\cos\COSDictionary.java,getEmbeddedInt,"String, String",0,0,7
pdfbox\src\main\java\org\apache\pdfbox\pdmodel\interactive\action\type\PDActionLaunch.java,setO,String,0,0,4
pdfbox\src\main\java\org\apache\pdfbox\pdmodel\graphics\color\PDDeviceN.java,setAttributes,PDDeviceNAttributes,0,0,5
pdfbox\src\main\java\org\apache\pdfbox\pdmodel\edit\PDPageContentStream.java,appendRawCommands,float,4,0,45
pdfbox\src\main\java\org\apache\pdfbox\io\RandomAccessBuffer.java,read,,0,0,29
jempbox\src\main\java\org\apache\jempbox\xmp\XMPSchemaDublinCore.java,addPublisher,String,0,0,2
xmpbox\src\main\java\org\apache\xmpbox\XMPMetadata.java,getSchema,Class,1,0,206
pdfbox\src\main\java\org\apache\pdfbox\util\operator\SetStrokingGrayColor.java,<init>,,0,0,11
pdfbox\src\main\java\org\apache\pdfbox\pdmodel\interactive\form\PDCheckbox.java,check,,0,0,1
pdfbox\src\main\java\org\apache\pdfbox\filter\RunLengthDecodeFilter.java,<init>,,0,0,131
pdfbox\src\main\java\org\apache\pdfbox\pdmodel\common\PDRectangle.java,createDimension,,2,0,39
pdfbox\src\main\java\org\apache\pdfbox\pdmodel\font\PDSimpleFont.java,getFontHeight,"byte[], int, int",0,0,5
preflight\src\main\java\org\apache\pdfbox\preflight\exception\PdfParseException.java,<init>,ParseException,0,0,11
fontbox\src\main\java\org\apache\fontbox\cff\CFFFont.java,<init>,,0,0,2
pdfbox\src\main\java\org\apache\pdfbox\pdfparser\BaseParser.java,parseCOSDictionary,,5,0,12
pdfbox\src\main\java\org\apache\pdfbox\pdmodel\documentinterchange\logicalstructure\PDStructureElement.java,setParent,PDStructureNode,0,0,88
preflight\src\main\java\org\apache\pdfbox\preflight\graphic\ColorSpaceHelperFactory.java,getColorSpaceHelper,"PreflightContext, PDColorSpace, ColorSpaceHelperFactory$ColorSpaceRestriction",1,0,4
pdfbox\src\main\java\org\apache\pdfbox\pdmodel\common\PDRectangle.java,<init>,COSArray,4,1,28
fontbox\src\main\java\org\apache\fontbox\cmap\CMap.java,lookupCID,"byte[], int, int",0,0,1
pdfbox\src\main\java\org\apache\pdfbox\pdmodel\graphics\color\PDDeviceRGB.java,createColorSpace,,0,0,3
pdfbox\src\main\java\org\apache\pdfbox\io\ByteArrayPushBackInputStream.java,unread,int,0,0,3
jempbox\src\main\java\org\apache\jempbox\xmp\XMPSchemaBasicJobTicket.java,<init>,"Element, String",0,0,8
pdfbox\src\main\java\org\apache\pdfbox\pdmodel\documentinterchange\logicalstructure\PDStructureNode.java,<init>,String,1,0,148
xmpbox\src\main\java\org\apache\xmpbox\type\ResourceEventType.java,getInstanceID,,0,0,3
pdfbox\src\main\java\org\apache\pdfbox\pdmodel\interactive\annotation\PDAppearanceCharacteristicsDictionary.java,setRotation,int,0,0,3
pdfbox\src\main\java\org\apache\pdfbox\pdmodel\graphics\xobject\PDXObject.java,setMetadata,PDMetadata,0,0,1
pdfbox\src\main\java\org\apache\pdfbox\cos\COSInteger.java,accept,ICOSVisitor,0,0,27
pdfbox\src\main\java\org\apache\pdfbox\pdmodel\interactive\annotation\PDAnnotationSquareCircle.java,setRectDifference,PDRectangle,0,0,1
pdfbox\src\main\java\org\apache\pdfbox\pdmodel\PDPage.java,getTrimBox,,0,0,11
jempbox\src\main\java\org\apache\jempbox\xmp\pdfa\XMPMetadataPDFA.java,addPDFAFieldSchema,,0,0,2
pdfbox\src\main\java\org\apache\pdfbox\pdmodel\encryption\PDStandardEncryption.java,canFillInForm,,0,0,4
pdfbox\src\main\java\org\apache\pdfbox\pdmodel\common\PDNameTreeNode.java,getUpperLimit,,0,0,13
pdfbox\src\main\java\org\apache\pdfbox\pdmodel\graphics\pattern\PDPatternResources.java,getFilter,,0,0,4
pdfbox\src\main\java\org\apache\pdfbox\pdmodel\graphics\xobject\PDJpeg.java,<init>,"PDDocument, BufferedImage",0,0,1
pdfbox\src\main\java\org\apache\pdfbox\pdmodel\PDEmbeddedFilesNameTreeNode.java,convertCOSToPD,COSBase,0,0,4
pdfbox\src\main\java\org\apache\pdfbox\pdmodel\PDDocumentInformation.java,setProducer,String,0,0,5
jempbox\src\main\java\org\apache\jempbox\xmp\XMPMetadata.java,hasUnknownSchema,,0,0,2
preflight\src\main\java\org\apache\pdfbox\preflight\metadata\SynchronizedMetaDataValidation.java,<init>,,0,0,27
jempbox\src\main\java\org\apache\jempbox\xmp\XMPSchemaDublinCore.java,getRights,,0,0,2
pdfbox\src\main\java\org\apache\pdfbox\pdmodel\interactive\digitalsignature\PDSignature.java,setByteRange,int[],0,0,12
pdfbox\src\main\java\org\apache\pdfbox\pdmodel\PDDocument.java,loadNonSeq,"File, RandomAccess, String",0,0,8
pdfbox\src\main\java\org\apache\pdfbox\pdmodel\interactive\action\type\PDAction.java,<init>,COSDictionary,0,0,67
pdfbox\src\main\java\org\apache\pdfbox\pdmodel\interactive\annotation\PDAnnotation.java,setColour,PDGamma,0,0,6
preflight\src\main\java\org\apache\pdfbox\preflight\action\AbstractActionManager.java,validNextActions,,0,0,2
pdfbox\src\main\java\org\apache\pdfbox\pdmodel\interactive\digitalsignature\PDSeedValue.java,setV,float,0,0,2
preflight\src\main\java\org\apache\pdfbox\preflight\font\util\Type1.java,addCidWithLabel,"Integer, String",0,0,9
pdfbox\src\main\java\org\apache\pdfbox\pdmodel\interactive\digitalsignature\visible\PDVisibleSigBuilder.java,createTemplate,PDPage,0,0,1
jempbox\src\main\java\org\apache\jempbox\xmp\ResourceRef.java,<init>,Element,0,0,43
pdfbox\src\main\java\org\apache\pdfbox\pdmodel\PDDocumentInformation.java,getSubject,,0,0,11
pdfbox\src\main\java\org\apache\pdfbox\pdmodel\documentinterchange\logicalstructure\PDMarkedContentReference.java,getPage,,0,0,2
pdfbox\src\main\java\org\apache\pdfbox\pdfwriter\COSWriter.java,visitFromDictionary,COSDictionary,45,0,47
xmpbox\src\main\java\org\apache\xmpbox\schema\DublinCoreSchema.java,getIdentifier,,0,0,20
pdfbox\src\main\java\org\apache\pdfbox\WriteDecodedDoc.java,usage,,0,0,2
jempbox\src\main\java\org\apache\jempbox\xmp\XMPSchemaPhotoshop.java,setHeadline,String,0,0,3
pdfbox\src\main\java\org\apache\pdfbox\pdmodel\interactive\digitalsignature\PDPropBuildDataDict.java,setName,String,0,0,1
xmpbox\src\main\java\org\apache\xmpbox\schema\DublinCoreSchema.java,addDate,Calendar,0,0,4
pdfbox\src\main\java\org\apache\pdfbox\pdmodel\documentinterchange\logicalstructure\PDMarkInfo.java,setSuspect,boolean,0,0,2
pdfbox\src\main\java\org\apache\pdfbox\util\operator\pagedrawer\EndPath.java,<init>,,0,0,9
pdfbox\src\main\java\org\apache\pdfbox\cos\COSDictionary.java,containsKey,COSName,0,0,168
xmpbox\src\main\java\org\apache\xmpbox\schema\PhotoshopSchema.java,setSourceProperty,TextType,0,0,10
pdfbox\src\main\java\org\apache\pdfbox\pdmodel\PDPage.java,equals,Object,0,0,6
xmpbox\src\main\java\org\apache\xmpbox\type\ResourceRefType.java,setInstanceID,String,0,0,4
pdfbox\src\main\java\org\apache\pdfbox\cos\COSArray.java,getString,int,0,0,22
pdfbox\src\main\java\org\apache\pdfbox\pdmodel\graphics\xobject\PDXObjectForm.java,setStructParents,int,0,0,2
preflight\src\main\java\org\apache\pdfbox\preflight\process\reflect\ActionsValidationProcess.java,<init>,,0,0,3
pdfbox\src\main\java\org\apache\pdfbox\pdmodel\fdf\FDFNamedPageReference.java,<init>,,0,0,14
pdfbox\src\main\java\org\apache\pdfbox\pdfparser\BaseParser.java,isWhitespace,,0,0,3
pdfbox\src\main\java\org\apache\pdfbox\pdmodel\graphics\color\ColorSpaceCalRGB.java,<init>,"PDGamma, PDTristimulus, PDTristimulus, PDMatrix",0,0,12
pdfbox\src\main\java\org\apache\pdfbox\pdmodel\encryption\SecurityHandler.java,decryptStream,"COSStream, long, long",0,0,2
pdfbox\src\main\java\org\apache\pdfbox\pdfparser\PDFParser.java,getPDDocument,,2,0,10
preflight\src\main\java\org\apache\pdfbox\preflight\annotation\pdfa\PDFAbAnnotationFactory.java,<init>,,17,0,190
pdfbox\src\main\java\org\apache\pdfbox\cos\COSArray.java,getName,int,0,0,30
jempbox\src\main\java\org\apache\jempbox\xmp\XMPSchema.java,getBagList,String,0,0,24
pdfbox\src\main\java\org\apache\pdfbox\pdmodel\interactive\action\type\PDActionLaunch.java,setF,String,0,0,4
pdfbox\src\main\java\org\apache\pdfbox\pdmodel\graphics\pattern\PDShadingPatternResources.java,setExtendedGraphicsState,PDExtendedGraphicsState,0,0,3
pdfbox\src\main\java\org\apache\pdfbox\pdmodel\font\PDFontDescriptor.java,setFlagBit,"int, boolean",0,0,32
pdfbox\src\main\java\org\apache\pdfbox\pdmodel\common\PDPageLabelRange.java,getPrefix,,22,3,13315
jempbox\src\main\java\org\apache\jempbox\xmp\XMPSchemaRightsManagement.java,setWebStatement,String,0,0,3
pdfbox\src\main\java\org\apache\pdfbox\util\operator\ShowText.java,process,"PDFOperator, List",0,0,4
pdfbox\src\main\java\org\apache\pdfbox\pdmodel\font\PDSimpleFont.java,getFontBoundingBox,,0,0,7
pdfbox\src\main\java\org\apache\pdfbox\pdmodel\graphics\color\PDLab.java,createColorSpace,,4,0,9
pdfbox\src\main\java\org\apache\pdfbox\pdfparser\PDFParser.java,parseXrefStream,"COSStream, long",0,0,2
pdfbox\src\main\java\org\apache\pdfbox\pdmodel\graphics\predictor\Optimum.java,setBpp,int,0,0,4
xmpbox\src\main\java\org\apache\xmpbox\schema\PhotoshopSchema.java,getSupplementalCategoriesProperty,,0,0,6
pdfbox\src\main\java\org\apache\pdfbox\util\operator\SetTextLeading.java,process,"PDFOperator, List",0,0,4
pdfbox\src\main\java\org\apache\pdfbox\pdmodel\graphics\xobject\PDXObject.java,<init>,PDDocument,0,0,3
pdfbox\src\main\java\org\apache\pdfbox\pdmodel\common\PDMemoryStream.java,getPartiallyFilteredStream,List,0,0,28
preflight\src\main\java\org\apache\pdfbox\preflight\xobject\XObjImageValidator.java,isImageMaskTrue,,0,0,1
pdfbox\src\main\java\org\apache\pdfbox\pdmodel\font\PDFont.java,getAdobeFontMetrics,,3755,0,6
pdfbox\src\main\java\org\apache\pdfbox\pdmodel\font\PDFont.java,getEncoding,,0,0,77
pdfbox\src\main\java\org\apache\pdfbox\pdmodel\common\PDPageLabels.java,getPageRangeCount,,0,0,4
pdfbox\src\main\java\org\apache\pdfbox\pdmodel\documentinterchange\taggedpdf\PDLayoutAttributeObject.java,setAllTPaddings,int,0,0,5
pdfbox\src\main\java\org\apache\pdfbox\pdmodel\common\function\PDFunctionType2.java,getN,,0,0,10
pdfbox\src\main\java\org\apache\pdfbox\pdmodel\graphics\color\PDCalRGB.java,getBlackPoint,,0,0,12
pdfbox\src\main\java\org\apache\pdfbox\pdmodel\graphics\color\ColorSpaceCalRGB.java,fromRGBtoCIEXYZ,float[],15,0,1
pdfbox\src\main\java\org\apache\pdfbox\pdmodel\interactive\documentnavigation\destination\PDPageFitHeightDestination.java,setFitBoundingBox,boolean,0,0,3
jempbox\src\main\java\org\apache\jempbox\impl\XMLUtil.java,parse,InputStream,37,0,4
pdfbox\src\main\java\org\apache\pdfbox\pdmodel\PDPage.java,getArtBox,,0,0,10
fontbox\src\main\java\org\apache\fontbox\ttf\TTFDataStream.java,readUnsignedShortArray,int,0,0,398
xmpbox\src\main\java\org\apache\xmpbox\schema\XMPSchema.java,setUnqualifiedLanguagePropertyValue,"String, String, String",2,0,90
pdfbox\src\main\java\org\apache\pdfbox\pdmodel\documentinterchange\taggedpdf\PDTableAttributeObject.java,getColSpan,,0,0,5
pdfbox\src\main\java\org\apache\pdfbox\pdmodel\fdf\FDFAnnotation.java,isNoView,,0,0,3
pdfbox\src\main\java\org\apache\pdfbox\pdmodel\documentinterchange\logicalstructure\PDStructureElement.java,incrementRevisionNumber,,0,0,1
pdfbox\src\main\java\org\apache\pdfbox\pdfwriter\COSStandardOutputStream.java,writeEOL,,4,0,433
jempbox\src\main\java\org\apache\jempbox\xmp\XMPSchemaDublinCore.java,getCreators,,0,0,2
pdfbox\src\main\java\org\apache\pdfbox\pdmodel\interactive\annotation\PDAnnotationMarkup.java,setIntent,String,0,0,3
xmpbox\src\main\java\org\apache\xmpbox\type\PDFASchemaType.java,getPrefixValue,,0,0,3
preflight\src\main\java\org\apache\pdfbox\preflight\action\SubmitAction.java,<init>,"ActionManagerFactory, COSDictionary, PreflightContext, String",0,0,2
examples\src\main\java\org\apache\pdfbox\examples\pdmodel\ReplaceString.java,main,String[],2,0,3
pdfbox\src\main\java\org\apache\pdfbox\pdmodel\interactive\documentnavigation\outline\PDOutlineItem.java,setTextColor,Color,0,0,2
fontbox\src\main\java\org\apache\fontbox\pfb\PfbParser.java,parsePfb,byte[],0,0,1
pdfbox\src\main\java\org\apache\pdfbox\pdfparser\PDFParser.java,parseHeader,,1,0,13
examples\src\main\java\org\apache\pdfbox\examples\pdmodel\ExtractTTFFonts.java,main,String[],0,0,4
xmpbox\src\main\java\org\apache\xmpbox\schema\PhotoshopSchema.java,getCountryProperty,,0,0,8
jempbox\src\main\java\org\apache\jempbox\xmp\XMPSchemaDynamicMedia.java,<init>,XMPMetadata,0,0,5
xmpbox\src\main\java\org\apache\xmpbox\schema\DublinCoreSchema.java,getPublishersProperty,,0,0,8
pdfbox\src\main\java\org\apache\pdfbox\cos\COSString.java,<init>,String,20,2,524
pdfbox\src\main\java\org\apache\pdfbox\pdmodel\interactive\digitalsignature\PDSignature.java,setFilter,COSName,0,0,1
pdfbox\src\main\java\org\apache\pdfbox\pdmodel\PDPageNode.java,findParentCropBox,PDPageNode,0,0,1
pdfbox\src\main\java\org\apache\pdfbox\pdmodel\PDResources.java,getFonts,Map,0,0,3
pdfbox\src\main\java\org\apache\pdfbox\pdmodel\documentinterchange\taggedpdf\PDTableAttributeObject.java,<init>,COSDictionary,0,0,12
preflight\src\main\java\org\apache\pdfbox\preflight\process\reflect\ActionsValidationProcess.java,validate,PreflightContext,0,0,3
pdfbox\src\main\java\org\apache\pdfbox\pdmodel\encryption\PDStandardEncryption.java,getUserKey,,0,0,4
pdfbox\src\main\java\org\apache\pdfbox\pdmodel\graphics\color\PDOutputIntent.java,setRegistryName,String,0,0,3
pdfbox\src\main\java\org\apache\pdfbox\pdmodel\PDPageNode.java,setRotation,int,0,0,12
pdfbox\src\main\java\org\apache\pdfbox\pdmodel\fdf\FDFDictionary.java,setID,COSArray,0,0,6
preflight\src\main\java\org\apache\pdfbox\preflight\annotation\InkAnnotationValdiator.java,checkMandatoryFields,,0,0,1
pdfbox\src\main\java\org\apache\pdfbox\pdmodel\common\filespecification\PDSimpleFileSpecification.java,<init>,,0,0,8
jempbox\src\main\java\org\apache\jempbox\xmp\ResourceEvent.java,getManagerVariant,,0,0,1
pdfbox\src\main\java\org\apache\pdfbox\cos\COSArray.java,setString,"int, String",0,0,38
pdfbox\src\main\java\org\apache\pdfbox\pdmodel\interactive\documentnavigation\outline\PDOutlineItem.java,<init>,COSDictionary,3116,2242,8006007
pdfbox\src\main\java\org\apache\pdfbox\pdfwriter\COSWriterXRefEntry.java,compareTo,Object,0,0,83
preflight\src\main\java\org\apache\pdfbox\preflight\font\TrueTypeFontValidator.java,<init>,"PreflightContext, PDFont",0,0,13
pdfbox\src\main\java\org\apache\pdfbox\exceptions\WrappedIOException.java,<init>,Throwable,0,0,3
pdfbox\src\main\java\org\apache\pdfbox\pdmodel\common\filespecification\PDEmbeddedFile.java,<init>,COSStream,0,0,36
pdfbox\src\main\java\org\apache\pdfbox\pdmodel\documentinterchange\taggedpdf\PDExportFormatAttributeObject.java,setColSpan,int,0,0,4
pdfbox\src\main\java\org\apache\pdfbox\pdmodel\interactive\annotation\PDAnnotationSquareCircle.java,getInteriorColour,,0,0,3
pdfbox\src\main\java\org\apache\pdfbox\util\PageExtractor.java,extract,,0,0,2
xmpbox\src\main\java\org\apache\xmpbox\type\ResourceEventType.java,setParameters,String,0,0,4
examples\src\main\java\org\apache\pdfbox\examples\AbstractExample.java,close,COSDocument,0,0,1
pdfbox\src\main\java\org\apache\pdfbox\util\operator\SetStrokingICCBasedColor.java,process,"PDFOperator, List",0,0,1
pdfbox\src\main\java\org\apache\pdfbox\pdmodel\interactive\annotation\PDAnnotationText.java,setStateModel,String,0,0,3
pdfbox\src\main\java\org\apache\pdfbox\pdmodel\interactive\action\type\PDActionURI.java,setURI,String,0,0,4
pdfbox\src\main\java\org\apache\pdfbox\pdmodel\common\filespecification\PDComplexFileSpecification.java,getEmbeddedFile,,0,0,3
pdfbox\src\main\java\org\apache\pdfbox\pdmodel\interactive\documentnavigation\outline\PDOutlineItem.java,isBold,,0,0,2
pdfbox\src\main\java\org\apache\pdfbox\pdmodel\interactive\documentnavigation\destination\PDDestination.java,create,COSBase,0,0,31
jempbox\src\main\java\org\apache\jempbox\xmp\XMPSchemaIptc4xmpCore.java,addScene,String,0,0,2
pdfbox\src\main\java\org\apache\pdfbox\pdmodel\interactive\pagenavigation\PDThread.java,<init>,COSDictionary,0,0,8
pdfbox\src\main\java\org\apache\pdfbox\pdmodel\PDPage.java,getAnnotations,,0,0,20
pdfbox\src\main\java\org\apache\pdfbox\pdmodel\interactive\digitalsignature\PDPropBuildDataDict.java,setOS,String,0,0,2
pdfbox\src\main\java\org\apache\pdfbox\pdmodel\documentinterchange\taggedpdf\PDLayoutAttributeObject.java,setTextAlign,String,0,0,5
pdfbox\src\main\java\org\apache\pdfbox\pdmodel\common\function\PDFunctionType0.java,eval,float[],0,0,2
pdfbox\src\main\java\org\apache\pdfbox\pdmodel\font\PDType1Font.java,<init>,String,453,3,64
preflight\src\main\java\org\apache\pdfbox\preflight\font\util\Type1.java,transafertLTOCinCTIL,,1,0,2
pdfbox\src\main\java\org\apache\pdfbox\pdmodel\documentinterchange\logicalstructure\PDUserAttributeObject.java,removeUserProperty,PDUserProperty,0,0,3
pdfbox\src\main\java\org\apache\pdfbox\util\Matrix.java,toString,,0,0,1
pdfbox\src\main\java\org\apache\pdfbox\pdfparser\BaseParser.java,parseCOSArray,,2,0,10
xmpbox\src\main\java\org\apache\xmpbox\schema\DublinCoreSchema.java,getLanguagesProperty,,0,0,10
pdfbox\src\main\java\org\apache\pdfbox\pdmodel\common\filespecification\PDEmbeddedFile.java,<init>,"PDDocument, InputStream",0,0,4
jempbox\src\main\java\org\apache\jempbox\xmp\XMPSchemaIptc4xmpCore.java,setCiTelWork,String,0,0,2
pdfbox\src\main\java\org\apache\pdfbox\pdmodel\font\PDCIDFont.java,getFontWidth,"byte[], int, int",0,0,4
pdfbox\src\main\java\org\apache\pdfbox\pdmodel\common\PDRange.java,<init>,,1,0,27
jempbox\src\main\java\org\apache\jempbox\xmp\XMPMetadata.java,getMediaManagementSchema,,0,0,3
pdfbox\src\main\java\org\apache\pdfbox\pdmodel\interactive\annotation\PDAnnotationMarkup.java,getIntent,,0,0,4
pdfbox\src\main\java\org\apache\pdfbox\pdmodel\edit\PDPageContentStream.java,stroke,,0,0,4
preflight\src\main\java\org\apache\pdfbox\preflight\process\StreamValidationProcess.java,validateStreamObject,"PreflightContext, COSObject",0,0,3
pdfbox\src\main\java\org\apache\pdfbox\pdmodel\graphics\color\ColorSpaceCMYK.java,fromRGBtoCIEXYZ,float[],10,0,1
lucene\src\main\java\org\apache\pdfbox\lucene\IndexFiles.java,index,"File, boolean, String",1397,0,3
preflight\src\main\java\org\apache\pdfbox\preflight\exception\ValidationException.java,<init>,Throwable,0,0,2
xmpbox\src\main\java\org\apache\xmpbox\schema\AdobePDFSchema.java,getProducerProperty,,0,0,4
preflight\src\main\java\org\apache\pdfbox\preflight\metadata\PDFAIdentificationValidation.java,checkPartNumber,"List, int",0,0,2
xmpbox\src\main\java\org\apache\xmpbox\type\PDFAPropertyType.java,<init>,XMPMetadata,0,0,21
pdfbox\src\main\java\org\apache\pdfbox\util\ExtensionFileFilter.java,<init>,"String[], String",0,0,7
pdfbox\src\main\java\org\apache\pdfbox\pdmodel\interactive\documentnavigation\outline\PDOutlineNode.java,isNodeOpen,,0,0,17
jempbox\src\main\java\org\apache\jempbox\xmp\pdfa\XMPSchemaPDFASchema.java,setSchema,String,0,0,3
pdfbox\src\main\java\org\apache\pdfbox\pdmodel\interactive\form\PDVariableText.java,setMultiline,boolean,0,0,1
pdfbox\src\main\java\org\apache\pdfbox\pdmodel\graphics\PDExtendedGraphicsState.java,getOverprintMode,,0,0,22
pdfbox\src\main\java\org\apache\pdfbox\io\RandomAccessBuffer.java,write,int,0,0,20
xmpbox\src\main\java\org\apache\xmpbox\schema\XMPMediaManagementSchema.java,getManageToProperty,,0,0,7
pdfbox\src\main\java\org\apache\pdfbox\pdmodel\font\PDSimpleFont.java,determineEncoding,,31,0,72
preflight\src\main\java\org\apache\pdfbox\preflight\process\StreamValidationProcess.java,checkStreamLength,"PreflightContext, COSObject",0,0,4
pdfbox\src\main\java\org\apache\pdfbox\pdmodel\documentinterchange\taggedpdf\PDStandardAttributeObject.java,isSpecified,String,13,0,1504
pdfbox\src\main\java\org\apache\pdfbox\pdfparser\PDFParser.java,getFDFDocument,,0,0,3
pdfbox\src\main\java\org\apache\pdfbox\cos\COSArray.java,set,"int, COSBase",1,0,357
pdfbox\src\main\java\org\apache\pdfbox\pdmodel\common\function\PDFunction.java,getDictionary,,0,0,113
pdfbox\src\main\java\org\apache\pdfbox\pdmodel\interactive\digitalsignature\visible\PDFTemplateStructure.java,<init>,,0,0,97
xmpbox\src\main\java\org\apache\xmpbox\type\DefinedStructuredType.java,addProperty,"String, PropertyType",0,0,1
pdfbox\src\main\java\org\apache\pdfbox\pdmodel\common\PDNameTreeNode.java,<init>,Class,0,0,67
pdfbox\src\main\java\org\apache\pdfbox\pdmodel\font\PDFontDescriptor.java,setSymbolic,boolean,0,0,5
xmpbox\src\main\java\org\apache\xmpbox\schema\DublinCoreSchema.java,getTitleProperty,,0,0,7
pdfbox\src\main\java\org\apache\pdfbox\pdmodel\documentinterchange\logicalstructure\PDStructureElement.java,setTitle,String,0,0,1
pdfbox\src\main\java\org\apache\pdfbox\encryption\ARCFour.java,write,"byte[], int, int, OutputStream",1,0,68
pdfbox\src\main\java\org\apache\pdfbox\pdmodel\encryption\PDEncryptionDictionary.java,setRecipients,byte[][],0,0,9
pdfbox\src\main\java\org\apache\pdfbox\util\operator\SetTextFont.java,process,"PDFOperator, List",0,0,3
lucene\src\main\java\org\apache\pdfbox\searchengine\lucene\LucenePDFDocument.java,<init>,,0,0,1
pdfbox\src\main\java\org\apache\pdfbox\pdmodel\common\PDPageLabels.java,findLabels,PDNumberTreeNode,0,0,2
pdfbox\src\main\java\org\apache\pdfbox\pdmodel\common\COSArrayList.java,set,"int, Object",0,0,7
pdfbox\src\main\java\org\apache\pdfbox\cos\COSDictionary.java,getInt,"String, int",0,0,72
pdfbox\src\main\java\org\apache\pdfbox\pdmodel\fdf\FDFCatalog.java,getVersion,,0,0,4
pdfbox\src\main\java\org\apache\pdfbox\filter\TIFFFaxDecoder.java,decode2D,"byte[], byte[], int, int, long",0,0,6
xmpbox\src\main\java\org\apache\xmpbox\schema\DublinCoreSchema.java,getTypesProperty,,0,0,6
pdfbox\src\main\java\org\apache\pdfbox\util\TextPosition.java,getY,,0,0,5
pdfbox\src\main\java\org\apache\pdfbox\pdmodel\encryption\PDStandardEncryption.java,setCanAssembleDocument,boolean,0,0,1
xmpbox\src\main\java\org\apache\xmpbox\type\ResourceEventType.java,getParameters,,0,0,4
pdfbox\src\main\java\org\apache\pdfbox\pdmodel\fdf\FDFCatalog.java,setVersion,String,0,0,3
preflight\src\main\java\org\apache\pdfbox\preflight\utils\COSUtils.java,getAsInteger,"COSBase, COSDocument",0,0,2
pdfbox\src\main\java\org\apache\pdfbox\pdmodel\common\PDObjectStream.java,setFirstByteOffset,int,0,0,1
xmpbox\src\main\java\org\apache\xmpbox\type\ThumbnailType.java,setHeight,Integer,0,0,4
jempbox\src\main\java\org\apache\jempbox\xmp\XMPSchemaIptc4xmpCore.java,getCiAdrRegion,,0,0,3
xmpbox\src\main\java\org\apache\xmpbox\schema\DublinCoreSchema.java,setIdentifier,String,0,0,4
pdfbox\src\main\java\org\apache\pdfbox\ExtractText.java,<init>,,0,0,9
pdfbox\src\main\java\org\apache\pdfbox\encoding\Encoding.java,getCharacter,String,5,0,16
pdfbox\src\main\java\org\apache\pdfbox\pdmodel\interactive\measurement\PDNumberFormatDictionary.java,<init>,COSDictionary,0,0,39
preflight\src\main\java\org\apache\pdfbox\preflight\content\ContentStreamEngine.java,<init>,"PreflightContext, PDPage",20,1,18
examples\src\main\java\org\apache\pdfbox\examples\pdmodel\HelloWorld.java,main,String[],3,0,4
jempbox\src\main\java\org\apache\jempbox\xmp\XMPSchemaBasic.java,setTitle,String,0,0,2
pdfbox\src\main\java\org\apache\pdfbox\pdmodel\fdf\FDFDocument.java,save,String,0,0,1
pdfbox\src\main\java\org\apache\pdfbox\pdmodel\common\PDRange.java,setMin,float,0,0,6
pdfbox\src\main\java\org\apache\pdfbox\cos\COSDocument.java,print,,0,0,3
jempbox\src\main\java\org\apache\jempbox\xmp\XMPSchemaPhotoshop.java,setState,String,0,0,2
pdfbox\src\main\java\org\apache\pdfbox\cos\COSDictionary.java,getEmbeddedInt,"String, COSName",0,0,15
xmpbox\src\main\java\org\apache\xmpbox\schema\PhotoshopSchema.java,setUrgency,String,1,0,8
xmpbox\src\main\java\org\apache\xmpbox\schema\DublinCoreSchema.java,addRelation,String,0,0,6
pdfbox\src\main\java\org\apache\pdfbox\pdmodel\interactive\documentnavigation\outline\PDOutlineItem.java,setStructuredElement,PDStructureElement,0,0,1
pdfbox\src\main\java\org\apache\pdfbox\pdmodel\documentinterchange\taggedpdf\PDLayoutAttributeObject.java,toString,,21,1,46
pdfbox\src\main\java\org\apache\pdfbox\pdmodel\font\PDFont.java,setFirstChar,int,0,0,4
pdfbox\src\main\java\org\apache\pdfbox\util\operator\SetMatrix.java,<init>,,0,0,37
pdfbox\src\main\java\org\apache\pdfbox\pdmodel\font\PDSimpleFont.java,extractToUnicodeEncoding,,3,0,57
pdfbox\src\main\java\org\apache\pdfbox\pdmodel\graphics\pattern\PDShadingPatternResources.java,getShading,,0,0,18
pdfbox\src\main\java\org\apache\pdfbox\pdmodel\encryption\AccessPermission.java,getPermissionBytesForPublicKey,,0,0,18
preflight\src\main\java\org\apache\pdfbox\preflight\font\util\FontMetaDataValidation.java,analyseFontName,"XMPMetadata, PDFontDescriptor, List",0,0,8
pdfbox\src\main\java\org\apache\pdfbox\cos\COSArray.java,iterator,,0,0,53
xmpbox\src\main\java\org\apache\xmpbox\type\Attribute.java,toString,,0,0,1
pdfbox\src\main\java\org\apache\pdfbox\pdmodel\interactive\annotation\PDAnnotationTextMarkup.java,setSubtype,String,0,0,15
pdfbox\src\main\java\org\apache\pdfbox\pdmodel\common\PDRectangle.java,getLowerLeftY,,0,0,118
pdfbox\src\main\java\org\apache\pdfbox\pdmodel\PDDocumentCatalog.java,getStructureTreeRoot,,0,0,5
examples\src\main\java\org\apache\pdfbox\examples\pdmodel\AddJavascript.java,main,String[],0,0,4
preflight\src\main\java\org\apache\pdfbox\preflight\metadata\PDFAIdentificationValidation.java,validatePDFAIdentifer,XMPMetadata,0,0,3
xmpbox\src\main\java\org\apache\xmpbox\type\ResourceRefType.java,getToPart,,0,0,4
pdfbox\src\main\java\org\apache\pdfbox\encoding\conversion\CJKConverter.java,<init>,String,1,0,71
pdfbox\src\main\java\org\apache\pdfbox\pdmodel\PDDocument.java,load,"URL, boolean",0,0,1
pdfbox\src\main\java\org\apache\pdfbox\io\NBitInputStream.java,<init>,InputStream,0,0,14
pdfbox\src\main\java\org\apache\pdfbox\pdmodel\graphics\color\PDDeviceNAttributes.java,getColorants,,0,0,8
pdfbox\src\main\java\org\apache\pdfbox\pdmodel\font\PDFontDescriptorDictionary.java,getXHeight,,0,0,10
preflight\src\main\java\org\apache\pdfbox\preflight\exception\BodyParseException.java,<init>,"String, String",0,0,4
xmpbox\src\main\java\org\apache\xmpbox\schema\PhotoshopSchema.java,setCategory,String,1,0,5
pdfbox\src\main\java\org\apache\pdfbox\pdmodel\common\COSArrayList.java,addAll,"int, Collection",0,0,4
pdfbox\src\main\java\org\apache\pdfbox\pdmodel\font\PDFont.java,getStringWidth,String,3,0,16
preflight\src\main\java\org\apache\pdfbox\preflight\xobject\XObjPostscriptValidator.java,<init>,"PreflightContext, COSStream",0,0,1
pdfbox\src\main\java\org\apache\pdfbox\pdmodel\interactive\digitalsignature\PDPropBuild.java,getFilter,,0,0,3
jempbox\src\main\java\org\apache\jempbox\xmp\XMPSchemaBasic.java,getIdentifiers,,0,0,2
pdfbox\src\main\java\org\apache\pdfbox\pdmodel\interactive\documentnavigation\destination\PDPageFitRectangleDestination.java,setLeft,int,0,0,5
pdfbox\src\main\java\org\apache\pdfbox\pdmodel\interactive\documentnavigation\destination\PDPageFitRectangleDestination.java,setTop,int,0,0,5
pdfbox\src\main\java\org\apache\pdfbox\pdfwriter\COSWriter.java,doWriteXRef,COSDocument,8,0,9
jempbox\src\main\java\org\apache\jempbox\xmp\XMPMetadata.java,addXMLNSMapping,"String, Class",0,0,3
pdfbox\src\main\java\org\apache\pdfbox\pdmodel\interactive\action\type\PDWindowsLaunchParams.java,getDirectory,,0,0,4
pdfbox\src\main\java\org\apache\pdfbox\pdmodel\graphics\color\ColorSpaceCMYK.java,toRGB,float[],0,0,8
pdfbox\src\main\java\org\apache\pdfbox\pdmodel\common\PDRectangle.java,<init>,"float, float",7,0,61
xmpbox\src\main\java\org\apache\xmpbox\XMPMetadata.java,createXMPMetadata,"String, String, String, String",713,0,502
pdfbox\src\main\java\org\apache\pdfbox\pdfparser\PDFXRefStream.java,addTrailerInfo,COSDictionary,0,0,2
pdfbox\src\main\java\org\apache\pdfbox\pdmodel\graphics\color\PDIndexed.java,createColorSpace,,5,0,15
pdfbox\src\main\java\org\apache\pdfbox\pdmodel\font\PDFont.java,getBaseFont,,0,0,65
pdfbox\src\main\java\org\apache\pdfbox\pdmodel\graphics\pattern\PDPatternResources.java,setPatternType,int,0,0,2
pdfbox\src\main\java\org\apache\pdfbox\cos\COSObject.java,toString,,0,0,2
preflight\src\main\java\org\apache\pdfbox\preflight\annotation\LineAnnotationValidator.java,<init>,"PreflightContext, COSDictionary",0,0,7
pdfbox\src\main\java\org\apache\pdfbox\pdmodel\PDDestinationNameTreeNode.java,convertCOSToPD,COSBase,0,0,5
pdfbox\src\main\java\org\apache\pdfbox\pdmodel\documentinterchange\taggedpdf\PDLayoutAttributeObject.java,setSpaceBefore,float,0,0,6
jempbox\src\main\java\org\apache\jempbox\xmp\pdfa\XMPMetadataPDFA.java,getPDFAFieldSchema,,0,0,3
pdfbox\src\main\java\org\apache\pdfbox\pdmodel\common\PDObjectStream.java,getExtends,,0,0,3
preflight\src\main\java\org\apache\pdfbox\preflight\font\CIDType2FontValidator.java,createFontDescriptorHelper,,0,0,1
pdfbox\src\main\java\org\apache\pdfbox\pdmodel\fdf\FDFField.java,setPartialFieldName,String,2,0,48
preflight\src\main\java\org\apache\pdfbox\preflight\process\BookmarkValidationProcess.java,isCountEntryPresent,COSDictionary,0,0,2
examples\src\main\java\org\apache\pdfbox\examples\pdmodel\HelloWorldType1AfmPfb.java,<init>,,0,0,5
pdfbox\src\main\java\org\apache\pdfbox\pdmodel\encryption\PDStandardEncryption.java,setCanModify,boolean,0,0,2
fontbox\src\main\java\org\apache\fontbox\pfb\PfbParser.java,readPfbInput,InputStream,0,0,1
pdfbox\src\main\java\org\apache\pdfbox\cos\COSDocument.java,getObjectsByType,String,0,0,4
pdfbox\src\main\java\org\apache\pdfbox\pdmodel\interactive\measurement\PDViewportDictionary.java,setName,String,0,0,4
pdfbox\src\main\java\org\apache\pdfbox\pdmodel\PDPage.java,getContents,,2,0,22
lucene\src\main\java\org\apache\pdfbox\searchengine\lucene\IndexFiles.java,<init>,,0,0,1
pdfbox\src\main\java\org\apache\pdfbox\pdmodel\interactive\documentnavigation\destination\PDPageFitRectangleDestination.java,setRight,int,0,0,4
pdfbox\src\main\java\org\apache\pdfbox\util\ErrorLogger.java,log,String,0,0,1
pdfbox\src\main\java\org\apache\pdfbox\cos\COSInteger.java,equals,Object,0,0,13
pdfbox\src\main\java\org\apache\pdfbox\pdmodel\PDPage.java,setContents,PDStream,0,0,10
pdfbox\src\main\java\org\apache\pdfbox\pdmodel\documentinterchange\prepress\PDBoxStyle.java,setGuidelineWidth,float,0,0,4
pdfbox\src\main\java\org\apache\pdfbox\pdfparser\XrefTrailerResolver.java,setXRef,"COSObjectKey, long",5,0,19
pdfbox\src\main\java\org\apache\pdfbox\util\TextPosition.java,isDiacritic,,0,0,4
preflight\src\main\java\org\apache\pdfbox\preflight\font\util\FontMetaDataValidation.java,validatePDFAIdentifer,"XMPMetadata, PDFontDescriptor",0,0,5
pdfbox\src\main\java\org\apache\pdfbox\pdmodel\interactive\form\PDCheckbox.java,<init>,"PDAcroForm, COSDictionary",0,0,9
pdfbox\src\main\java\org\apache\pdfbox\pdmodel\fdf\FDFField.java,<init>,COSDictionary,0,0,41
examples\src\main\java\org\apache\pdfbox\examples\pdmodel\AddMessageToEachPage.java,usage,,0,0,2
pdfbox\src\main\java\org\apache\pdfbox\pdmodel\common\COSArrayList.java,equals,Object,0,0,5
xmpbox\src\main\java\org\apache\xmpbox\type\Cardinality.java,values,,0,0,3
pdfbox\src\main\java\org\apache\pdfbox\pdmodel\interactive\annotation\PDAppearanceDictionary.java,setRolloverAppearance,PDAppearanceStream,0,0,2
pdfbox\src\main\java\org\apache\pdfbox\pdmodel\interactive\documentnavigation\destination\PDPageFitWidthDestination.java,fitBoundingBox,,0,0,7
jempbox\src\main\java\org\apache\jempbox\xmp\XMPSchemaPhotoshop.java,setCategory,String,0,0,4
xmpbox\src\main\java\org\apache\xmpbox\type\TypeMapping.java,createMIMEType,"String, String, String, String",0,0,6
jempbox\src\main\java\org\apache\jempbox\xmp\XMPSchemaIptc4xmpCore.java,setCountryCode,String,0,0,3
pdfbox\src\main\java\org\apache\pdfbox\pdmodel\interactive\action\PDFormFieldAdditionalActions.java,<init>,,0,0,3
pdfbox\src\main\java\org\apache\pdfbox\pdmodel\font\PDFont.java,addAdobeFontMetric,"Map, String",3755,0,45
pdfbox\src\main\java\org\apache\pdfbox\PDFSplit.java,split,String[],2,0,5
pdfbox\src\main\java\org\apache\pdfbox\io\RandomAccessBufferedFileInputStream.java,readPage,,0,0,31
pdfbox\src\main\java\org\apache\pdfbox\pdmodel\common\filespecification\PDEmbeddedFile.java,<init>,"PDDocument, InputStream, boolean",0,0,5
preflight\src\main\java\org\apache\pdfbox\preflight\font\util\FontMetaDataValidation.java,<init>,,0,0,8
pdfbox\src\main\java\org\apache\pdfbox\pdmodel\documentinterchange\logicalstructure\Revisions.java,getObject,int,0,0,15
fontbox\src\main\java\org\apache\fontbox\ttf\CMAPEncodingEntry.java,initSubtable,"TrueTypeFont, TTFDataStream",5,0,4
pdfbox\src\main\java\org\apache\pdfbox\pdmodel\interactive\form\PDAppearance.java,<init>,"PDAcroForm, PDVariableText",0,0,2
pdfbox\src\main\java\org\apache\pdfbox\pdmodel\interactive\pagenavigation\PDThreadBead.java,setRectangle,PDRectangle,0,0,1
pdfbox\src\main\java\org\apache\pdfbox\pdmodel\encryption\StandardSecurityHandler.java,truncateOrPad,byte[],0,0,45
pdfbox\src\main\java\org\apache\pdfbox\pdmodel\interactive\digitalsignature\PDSignature.java,getSignDate,,2,0,30
pdfbox\src\main\java\org\apache\pdfbox\pdmodel\documentinterchange\logicalstructure\PDStructureElement.java,setActualText,String,0,0,2
pdfbox\src\main\java\org\apache\pdfbox\pdmodel\documentinterchange\logicalstructure\PDAttributeObject.java,notifyChanged,,0,0,280
pdfbox\src\main\java\org\apache\pdfbox\pdmodel\PDResources.java,<init>,COSDictionary,0,0,39
pdfbox\src\main\java\org\apache\pdfbox\pdmodel\font\PDFontDescriptorDictionary.java,setCapHeight,float,0,0,9
jempbox\src\main\java\org\apache\jempbox\xmp\ResourceRef.java,getDocumentID,,0,0,1
xmpbox\src\main\java\org\apache\xmpbox\type\AbstractStructuredType.java,<init>,"XMPMetadata, String",0,0,33
pdfbox\src\main\java\org\apache\pdfbox\pdmodel\documentinterchange\taggedpdf\PDStandardAttributeObject.java,setName,"String, String",3,0,104
pdfbox\src\main\java\org\apache\pdfbox\pdmodel\interactive\digitalsignature\PDSignature.java,setPropBuild,PDPropBuild,0,0,2
pdfbox\src\main\java\org\apache\pdfbox\TextToPDF.java,main,String[],4,0,5
pdfbox\src\main\java\org\apache\pdfbox\pdmodel\fdf\FDFTemplate.java,setTemplateReference,FDFNamedPageReference,0,0,2
pdfbox\src\main\java\org\apache\pdfbox\pdmodel\interactive\annotation\PDAnnotationRubberStamp.java,<init>,,0,0,11
pdfbox\src\main\java\org\apache\pdfbox\PDFMerger.java,main,String[],0,0,3
xmpbox\src\main\java\org\apache\xmpbox\schema\XMPMediaManagementSchema.java,getOriginalDocumentIDProperty,,0,0,7
preflight\src\main\java\org\apache\pdfbox\preflight\process\CatalogValidationProcess.java,validate,PreflightContext,0,0,1
pdfbox\src\main\java\org\apache\pdfbox\util\Matrix.java,extractScaling,,0,0,4
pdfbox\src\main\java\org\apache\pdfbox\pdmodel\encryption\PublicKeyProtectionPolicy.java,removeRecipient,PublicKeyRecipient,0,0,2
pdfbox\src\main\java\org\apache\pdfbox\io\PushBackInputStream.java,readFully,int,0,0,1
pdfbox\src\main\java\org\apache\pdfbox\pdfwriter\COSWriter.java,<init>,OutputStream,76,2,86
pdfbox\src\main\java\org\apache\pdfbox\cos\COSString.java,writePDF,OutputStream,10,0,40
pdfbox\src\main\java\org\apache\pdfbox\pdmodel\encryption\SecurityHandlersManager.java,getSecurityHandler,ProtectionPolicy,0,0,2
pdfbox\src\main\java\org\apache\pdfbox\pdmodel\interactive\annotation\PDAnnotationSquareCircle.java,setSubtype,String,0,0,20
preflight\src\main\java\org\apache\pdfbox\preflight\exception\SyntaxValidationException.java,<init>,"String, ValidationResult",0,0,5
pdfbox\src\main\java\org\apache\pdfbox\pdmodel\interactive\documentnavigation\destination\PDPageFitWidthDestination.java,<init>,COSArray,0,0,21
pdfbox\src\main\java\org\apache\pdfbox\pdmodel\interactive\annotation\PDAnnotationWidget.java,setAppearanceCharacteristics,PDAppearanceCharacteristicsDictionary,0,0,2
pdfbox\src\main\java\org\apache\pdfbox\util\ICU4JImpl.java,normalizeDiac,String,97,0,10
fontbox\src\main\java\org\apache\fontbox\ttf\OS2WindowsMetricsTable.java,initData,"TrueTypeFont, TTFDataStream",0,0,2
pdfbox\src\main\java\org\apache\pdfbox\pdmodel\font\PDFontDescriptor.java,isItalic,,0,0,3
pdfbox\src\main\java\org\apache\pdfbox\pdmodel\PDDocumentInformation.java,<init>,COSDictionary,0,0,44
pdfbox\src\main\java\org\apache\pdfbox\pdfparser\BaseParser.java,isEndOfName,char,0,0,337
xmpbox\src\main\java\org\apache\xmpbox\type\ResourceRefType.java,getManageTo,,0,0,3
lucene\src\main\java\org\apache\pdfbox\lucene\LucenePDFDocument.java,convertDocument,File,38,0,5
examples\src\main\java\org\apache\pdfbox\examples\persistence\CopyDoc.java,main,String[],1,0,3
pdfbox\src\main\java\org\apache\pdfbox\pdfwriter\COSWriter.java,getXRefRanges,List,0,0,16
pdfbox\src\main\java\org\apache\pdfbox\util\operator\pagedrawer\FillEvenOddAndStrokePath.java,<init>,,0,0,9
jempbox\src\main\java\org\apache\jempbox\xmp\ResourceEvent.java,setMangagerUI,String,0,0,1
pdfbox\src\main\java\org\apache\pdfbox\pdmodel\PDEmbeddedFilesNameTreeNode.java,createChildNode,COSDictionary,0,0,1
pdfbox\src\main\java\org\apache\pdfbox\pdmodel\PDDocument.java,load,InputStream,3,0,2
pdfbox\src\main\java\org\apache\pdfbox\pdmodel\interactive\annotation\PDAnnotationLine.java,getCaption,,0,0,3
fontbox\src\main\java\org\apache\fontbox\ttf\AbstractTTFParser.java,parseTables,"TrueTypeFont, TTFDataStream",57,0,2
pdfbox\src\main\java\org\apache\pdfbox\filter\FlateFilter.java,encode,"InputStream, OutputStream, COSDictionary, int",4,0,4
xmpbox\src\main\java\org\apache\xmpbox\type\TypeMapping.java,getStructuredPropMapping,Types,0,0,6
pdfbox\src\main\java\org\apache\pdfbox\pdfparser\BaseParser.java,skipSpaces,,2,0,464
pdfbox\src\main\java\org\apache\pdfbox\pdmodel\graphics\color\PDCalRGB.java,setBlackPoint,PDTristimulus,0,0,2
pdfbox\src\main\java\org\apache\pdfbox\io\PushBackInputStream.java,fillBuffer,,0,0,3
pdfbox\src\main\java\org\apache\pdfbox\pdmodel\graphics\color\ColorSpaceCalRGB.java,fromCIEXYZ,float[],14,0,4
pdfbox\src\main\java\org\apache\pdfbox\pdmodel\graphics\shading\PDShadingResources.java,create,COSDictionary,0,0,10
pdfbox\src\main\java\org\apache\pdfbox\cos\COSDocument.java,setVersion,float,0,0,8
pdfbox\src\main\java\org\apache\pdfbox\pdmodel\graphics\color\ColorSpaceCalRGB.java,toCIEXYZ,float[],15,0,4
pdfbox\src\main\java\org\apache\pdfbox\pdmodel\fdf\FDFAnnotationCircle.java,<init>,,0,0,3
pdfbox\src\main\java\org\apache\pdfbox\pdmodel\common\PDPageLabels.java,setLabelItem,"int, PDPageLabelRange",0,0,10
pdfbox\src\main\java\org\apache\pdfbox\pdmodel\PDDocumentNameDictionary.java,getJavaScript,,0,0,3
pdfbox\src\main\java\org\apache\pdfbox\pdmodel\graphics\shading\PDShadingType2.java,setFunction,PDFunction,0,0,3
pdfbox\src\main\java\org\apache\pdfbox\pdmodel\common\COSArrayList.java,<init>,"List, COSArray",0,0,197
pdfbox\src\main\java\org\apache\pdfbox\filter\FilterManager.java,getFilter,COSName,0,0,14
pdfbox\src\main\java\org\apache\pdfbox\filter\FlateFilter.java,decode,"InputStream, OutputStream, COSDictionary, int",2,0,4
pdfbox\src\main\java\org\apache\pdfbox\pdmodel\graphics\color\PDOutputIntent.java,getInfo,,0,0,4
preflight\src\main\java\org\apache\pdfbox\preflight\process\reflect\SinglePageValidationProcess.java,validateGroupTransparency,"PreflightContext, PDPage",0,0,1
pdfbox\src\main\java\org\apache\pdfbox\pdmodel\documentinterchange\logicalstructure\PDMarkedContentReference.java,setMCID,int,0,0,3
pdfbox\src\main\java\org\apache\pdfbox\pdmodel\font\PDFontDescriptorDictionary.java,getFontFile2,,0,0,10
examples\src\main\java\org\apache\pdfbox\examples\pdmodel\PrintDocumentMetaData.java,usage,,0,0,1
pdfbox\src\main\java\org\apache\pdfbox\pdmodel\interactive\documentnavigation\outline\PDOutlineNode.java,getLastChild,,0,0,7
pdfbox\src\main\java\org\apache\pdfbox\pdmodel\graphics\pattern\PDTilingPatternResources.java,setBBox,PDRectangle,0,0,2
pdfbox\src\main\java\org\apache\pdfbox\filter\CryptFilter.java,encode,"InputStream, OutputStream, COSDictionary, int",2,0,2
pdfbox\src\main\java\org\apache\pdfbox\util\TextPosition.java,<init>,"int, float, float, Matrix, float, float, float, float, float, String, int[], PDFont, float, int",0,0,50
jempbox\src\main\java\org\apache\jempbox\xmp\pdfa\XMPMetadataPDFA.java,load,InputSource,19,0,1
preflight\src\main\java\org\apache\pdfbox\preflight\parser\PreflightParser.java,nextIsEOL,,0,0,1
pdfbox\src\main\java\org\apache\pdfbox\cos\COSDocument.java,isXRefStream,,0,0,15
jempbox\src\main\java\org\apache\jempbox\impl\XMLUtil.java,parse,InputSource,135,0,3
preflight\src\main\java\org\apache\pdfbox\preflight\process\EmptyValidationProcess.java,<init>,,0,0,6
pdfbox\src\main\java\org\apache\pdfbox\pdmodel\common\PDRectangle.java,getUpperRightX,,1,0,93
pdfbox\src\main\java\org\apache\pdfbox\pdmodel\documentinterchange\taggedpdf\PDFourColours.java,getAfterColour,,0,0,4
pdfbox\src\main\java\org\apache\pdfbox\pdfparser\PDFXrefStreamParser.java,<init>,"COSStream, COSDocument, boolean, XrefTrailerResolver",0,0,7
pdfbox\src\main\java\org\apache\pdfbox\pdmodel\fdf\FDFTemplate.java,setRename,boolean,0,0,2
pdfbox\src\main\java\org\apache\pdfbox\io\PushBackInputStream.java,seek,long,0,0,3
pdfbox\src\main\java\org\apache\pdfbox\pdmodel\common\function\type4\InstructionSequence.java,addName,String,0,0,7
preflight\src\main\java\org\apache\pdfbox\preflight\graphic\DeviceColorSpaceHelper.java,processIndexedColorSpace,PDColorSpace,1,0,5
pdfbox\src\main\java\org\apache\pdfbox\pdmodel\interactive\pagenavigation\PDThreadBead.java,getPage,,0,0,2
pdfbox\src\main\java\org\apache\pdfbox\pdmodel\interactive\annotation\PDAnnotationFileAttachment.java,setAttachementName,String,0,0,2
pdfbox\src\main\java\org\apache\pdfbox\pdmodel\PDDocumentCatalog.java,setMetadata,PDMetadata,0,0,1
pdfbox\src\main\java\org\apache\pdfbox\cos\COSBoolean.java,accept,ICOSVisitor,0,0,3
pdfbox\src\main\java\org\apache\pdfbox\pdmodel\common\PDStream.java,getDecodedStreamLength,,0,0,2
jempbox\src\main\java\org\apache\jempbox\xmp\XMPSchemaPhotoshop.java,setUrgency,Integer,0,0,5
pdfbox\src\main\java\org\apache\pdfbox\ExportXFDF.java,usage,,0,0,2
pdfbox\src\main\java\org\apache\pdfbox\pdmodel\PDPageNode.java,getResources,,0,0,15
pdfbox\src\main\java\org\apache\pdfbox\pdmodel\fdf\FDFNamedPageReference.java,setFileSpecification,PDFileSpecification,0,0,3
pdfbox\src\main\java\org\apache\pdfbox\pdmodel\documentinterchange\taggedpdf\PDPrintFieldAttributeObject.java,<init>,COSDictionary,0,0,8
pdfbox\src\main\java\org\apache\pdfbox\cos\COSFloat.java,setValue,float,65,7,2992
pdfbox\src\main\java\org\apache\pdfbox\pdmodel\graphics\xobject\PDXObjectForm.java,<init>,PDStream,0,0,7
jempbox\src\main\java\org\apache\jempbox\xmp\XMPSchemaPhotoshop.java,setCountry,String,8,0,3
pdfbox\src\main\java\org\apache\pdfbox\pdmodel\interactive\form\PDField.java,getPartialName,,0,0,5
pdfbox\src\main\java\org\apache\pdfbox\pdfviewer\PDFTreeModel.java,<init>,,0,0,19
pdfbox\src\main\java\org\apache\pdfbox\pdmodel\fdf\FDFDocument.java,loadXFDF,File,0,0,2
pdfbox\src\main\java\org\apache\pdfbox\pdmodel\interactive\annotation\PDAnnotation.java,<init>,COSDictionary,0,0,235
pdfbox\src\main\java\org\apache\pdfbox\pdmodel\interactive\digitalsignature\PDSeedValue.java,setFilter,COSName,0,0,1
pdfbox\src\main\java\org\apache\pdfbox\pdmodel\common\filespecification\PDEmbeddedFile.java,getCheckSum,,0,0,3
pdfbox\src\main\java\org\apache\pdfbox\encryption\ARCFour.java,<init>,,0,0,212
jempbox\src\main\java\org\apache\jempbox\xmp\XMPSchemaRightsManagement.java,setDescription,"String, String",0,0,3
jempbox\src\main\java\org\apache\jempbox\xmp\XMPMetadata.java,load,InputStream,37,0,3
preflight\src\main\java\org\apache\pdfbox\preflight\graphic\ICCProfileWrapper.java,<init>,ICC_Profile,0,0,1
pdfbox\src\main\java\org\apache\pdfbox\pdmodel\graphics\PDGraphicsState.java,setCurrentClippingPath,Shape,0,0,5
pdfbox\src\main\java\org\apache\pdfbox\cos\COSFloat.java,doubleValue,,0,0,4
xmpbox\src\main\java\org\apache\xmpbox\type\DateType.java,getStringValue,,0,0,6
pdfbox\src\main\java\org\apache\pdfbox\pdmodel\interactive\action\type\PDActionLaunch.java,getF,,0,0,4
preflight\src\main\java\org\apache\pdfbox\preflight\parser\XmlResultParser.java,validate,DataSource,4,0,1
pdfbox\src\main\java\org\apache\pdfbox\pdmodel\common\COSStreamArray.java,getDictionaryObject,COSName,1,0,142
pdfbox\src\main\java\org\apache\pdfbox\pdmodel\interactive\annotation\PDAppearanceCharacteristicsDictionary.java,getBackground,,0,0,3
preflight\src\main\java\org\apache\pdfbox\preflight\process\CatalogValidationProcess.java,validateNames,PreflightContext,0,0,1
xmpbox\src\main\java\org\apache\xmpbox\XMPMetadata.java,getXMPRightsManagementSchema,,0,0,22
pdfbox\src\main\java\org\apache\pdfbox\pdmodel\PDPageable.java,<init>,"PDDocument, PrinterJob",0,0,4
pdfbox\src\main\java\org\apache\pdfbox\pdmodel\common\filespecification\PDComplexFileSpecification.java,getEmbeddedFileDos,,0,0,3
pdfbox\src\main\java\org\apache\pdfbox\pdmodel\interactive\digitalsignature\PDSignature.java,getSubFilter,,0,0,3
jempbox\src\main\java\org\apache\jempbox\xmp\XMPSchemaPagedText.java,<init>,XMPMetadata,0,0,6
pdfbox\src\main\java\org\apache\pdfbox\pdmodel\common\filespecification\PDComplexFileSpecification.java,<init>,COSDictionary,0,0,34
pdfbox\src\main\java\org\apache\pdfbox\pdmodel\font\PDFontDescriptorDictionary.java,setXHeight,float,0,0,8
xmpbox\src\main\java\org\apache\xmpbox\schema\XMPRightsManagementSchema.java,setWebStatement,String,0,0,5
pdfbox\src\main\java\org\apache\pdfbox\pdmodel\documentinterchange\taggedpdf\PDLayoutAttributeObject.java,setStartIndent,int,0,0,4
pdfbox\src\main\java\org\apache\pdfbox\pdmodel\PDDocumentInformation.java,setCreator,String,0,0,5
pdfbox\src\main\java\org\apache\pdfbox\pdmodel\graphics\shading\PDShadingType5.java,setFunction,PDFunction,0,0,3
pdfbox\src\main\java\org\apache\pdfbox\pdmodel\font\PDFontFactory.java,createFont,COSDictionary,29,0,11
pdfbox\src\main\java\org\apache\pdfbox\pdmodel\common\PDNumberTreeNode.java,setNumbers,Map,0,0,15
xmpbox\src\main\java\org\apache\xmpbox\type\JobType.java,setId,String,0,0,11
xmpbox\src\main\java\org\apache\xmpbox\schema\DublinCoreSchema.java,getTypes,,0,0,15
fontbox\src\main\java\org\apache\fontbox\ttf\AbstractTTFParser.java,readTableDirectory,TTFDataStream,2,1,38
fontbox\src\main\java\org\apache\fontbox\afm\FontMetric.java,addKernPair,KernPair,42,11,57138
preflight\src\main\java\org\apache\pdfbox\preflight\metadata\SynchronizedMetaDataValidation.java,analyzeAuthorProperty,"PDDocumentInformation, DublinCoreSchema, List",0,0,7
pdfbox\src\main\java\org\apache\pdfbox\pdmodel\interactive\form\PDField.java,setParent,PDField,0,0,1
jempbox\src\main\java\org\apache\jempbox\xmp\XMPSchema.java,removeSequenceDateValue,"String, Calendar",0,0,2
pdfbox\src\main\java\org\apache\pdfbox\pdmodel\common\COSStreamArray.java,getScratchFile,,0,0,7
xmpbox\src\main\java\org\apache\xmpbox\type\TypeMapping.java,getSchemaFactory,String,0,0,12
xmpbox\src\main\java\org\apache\xmpbox\schema\XMPBasicJobTicketSchema.java,getJobs,,0,0,5
pdfbox\src\main\java\org\apache\pdfbox\cos\COSDictionary.java,getItem,COSName,0,0,276
pdfbox\src\main\java\org\apache\pdfbox\pdfwriter\COSWriter.java,visitFromFloat,COSFloat,0,0,12
pdfbox\src\main\java\org\apache\pdfbox\encoding\PdfDocEncoding.java,<init>,,25,2,16
xmpbox\src\main\java\org\apache\xmpbox\schema\PDFAIdentificationSchema.java,getConformance,,0,0,5
preflight\src\main\java\org\apache\pdfbox\preflight\action\AbstractActionManager.java,<init>,"ActionManagerFactory, COSDictionary, PreflightContext, String",0,0,29
pdfbox\src\main\java\org\apache\pdfbox\pdmodel\graphics\color\PDLab.java,getARange,,2,0,12
xmpbox\src\main\java\org\apache\xmpbox\type\ResourceRefType.java,setToPart,String,0,0,4
pdfbox\src\main\java\org\apache\pdfbox\pdmodel\graphics\PDLineDashPattern.java,clone,,0,0,1
pdfbox\src\main\java\org\apache\pdfbox\pdmodel\graphics\pattern\PDPatternResources.java,<init>,COSDictionary,0,0,29
pdfbox\src\main\java\org\apache\pdfbox\encryption\DocumentEncryption.java,initForEncryption,,0,0,1
preflight\src\main\java\org\apache\pdfbox\preflight\parser\PreflightParser.java,parse,,0,0,1
jempbox\src\main\java\org\apache\jempbox\xmp\XMPSchemaIptc4xmpCore.java,getCiAdrCtry,,0,0,4
preflight\src\main\java\org\apache\pdfbox\preflight\Validator_A1b.java,<init>,,0,0,1
pdfbox\src\main\java\org\apache\pdfbox\pdmodel\font\PDFontFactory.java,createFont,"COSDictionary, Map",0,0,2
pdfbox\src\main\java\org\apache\pdfbox\util\operator\BeginText.java,process,"PDFOperator, List",0,0,2
pdfbox\src\main\java\org\apache\pdfbox\pdmodel\interactive\documentnavigation\destination\PDPageFitWidthDestination.java,setFitBoundingBox,boolean,0,0,5
pdfbox\src\main\java\org\apache\pdfbox\pdmodel\interactive\action\type\PDActionJavaScript.java,<init>,COSDictionary,0,0,6
pdfbox\src\main\java\org\apache\pdfbox\pdmodel\graphics\color\PDCalGray.java,getWhitepoint,,0,0,4
pdfbox\src\main\java\org\apache\pdfbox\pdmodel\font\PDFont.java,<init>,COSDictionary,6,0,62
pdfbox\src\main\java\org\apache\pdfbox\pdmodel\graphics\predictor\Up.java,encodeLine,"byte[], byte[], int, int, int, int",0,0,40
pdfbox\src\main\java\org\apache\pdfbox\pdmodel\PDDocument.java,generatePageMap,,0,0,2
pdfbox\src\main\java\org\apache\pdfbox\pdmodel\font\PDFontDescriptor.java,isSmallCap,,0,0,3
pdfbox\src\main\java\org\apache\pdfbox\pdmodel\interactive\annotation\PDAnnotationLink.java,getDestination,,5,0,6
pdfbox\src\main\java\org\apache\pdfbox\filter\ASCIIHexFilter.java,isWhitespace,int,0,0,15
xmpbox\src\main\java\org\apache\xmpbox\schema\XMPSchema.java,addBagValue,"String, AbstractField",0,0,6
preflight\src\main\java\org\apache\pdfbox\preflight\exception\HeaderParseException.java,<init>,ParseException,0,0,2
pdfbox\src\main\java\org\apache\pdfbox\pdfviewer\ReaderBottomPanel.java,<init>,,3,0,3
pdfbox\src\main\java\org\apache\pdfbox\pdmodel\graphics\color\PDSeparation.java,calculateColorValues,COSBase,0,0,2
pdfbox\src\main\java\org\apache\pdfbox\util\operator\pagedrawer\SetLineJoinStyle.java,<init>,,0,0,11
pdfbox\src\main\java\org\apache\pdfbox\pdmodel\interactive\documentnavigation\outline\PDOutlineItem.java,setPreviousSibling,PDOutlineNode,0,0,9
pdfbox\src\main\java\org\apache\pdfbox\util\TextPosition.java,getYDirAdj,,0,0,1
xmpbox\src\main\java\org\apache\xmpbox\XMPMetadata.java,createAndAddPDFAExtensionSchemaWithNS,Map,0,0,31
xmpbox\src\main\java\org\apache\xmpbox\xml\DomHelper.java,getQName,Element,0,0,2
pdfbox\src\main\java\org\apache\pdfbox\cos\COSStream.java,getFilteredLength,,0,0,2
pdfbox\src\main\java\org\apache\pdfbox\pdmodel\interactive\digitalsignature\PDSeedValueTimeStamp.java,<init>,,0,0,11
pdfbox\src\main\java\org\apache\pdfbox\pdmodel\interactive\annotation\PDAnnotationLine.java,getLine,,0,0,3
pdfbox\src\main\java\org\apache\pdfbox\util\PDFStreamEngine.java,registerOperatorProcessor,"String, OperatorProcessor",2,0,1584
xmpbox\src\main\java\org\apache\xmpbox\type\AbstractSimpleProperty.java,<init>,"XMPMetadata, String, String, String, Object",61,0,793
preflight\src\main\java\org\apache\pdfbox\preflight\PreflightPath.java,isEmpty,,0,0,22
preflight\src\main\java\org\apache\pdfbox\preflight\PreflightContext.java,<init>,DataSource,2,0,237
pdfbox\src\main\java\org\apache\pdfbox\io\PushBackInputStream.java,read,,4,0,2604
jempbox\src\main\java\org\apache\jempbox\xmp\XMPSchemaRightsManagement.java,<init>,"Element, String",0,0,19
pdfbox\src\main\java\org\apache\pdfbox\pdmodel\graphics\color\PDIndexed.java,<init>,,0,0,52
pdfbox\src\main\java\org\apache\pdfbox\pdmodel\common\function\PDFunction.java,getRangeForOutput,int,0,0,2
xmpbox\src\main\java\org\apache\xmpbox\xml\DomHelper.java,isRdfDescription,Element,0,0,2
preflight\src\main\java\org\apache\pdfbox\preflight\metadata\SynchronizedMetaDataValidation.java,analyzeKeywordsProperty,"PDDocumentInformation, AdobePDFSchema, List",0,0,8
pdfbox\src\main\java\org\apache\pdfbox\cos\COSDictionary.java,setLong,"COSName, long",0,0,70
xmpbox\src\main\java\org\apache\xmpbox\schema\XMPMediaManagementSchema.java,getHistoryProperty,,0,0,2
pdfbox\src\main\java\org\apache\pdfbox\io\ByteArrayPushBackInputStream.java,<init>,byte[],0,0,55
pdfbox\src\main\java\org\apache\pdfbox\pdmodel\interactive\form\PDField.java,findKid,"String[], int",0,0,2
pdfbox\src\main\java\org\apache\pdfbox\pdmodel\interactive\annotation\PDAnnotationWidget.java,getAction,,0,0,3
pdfbox\src\main\java\org\apache\pdfbox\pdmodel\fdf\FDFField.java,setFieldFlags,Integer,0,0,3
xmpbox\src\main\java\org\apache\xmpbox\schema\DublinCoreSchema.java,addLanguage,String,0,0,8
pdfbox\src\main\java\org\apache\pdfbox\util\PDFHighlighter.java,<init>,,2,0,1
pdfbox\src\main\java\org\apache\pdfbox\pdmodel\interactive\digitalsignature\PDSignature.java,getContactInfo,,0,0,5
xmpbox\src\main\java\org\apache\xmpbox\type\PropertiesDescription.java,getPropertyType,String,0,0,310
pdfbox\src\main\java\org\apache\pdfbox\pdmodel\interactive\annotation\PDAnnotation.java,getCOSObject,,0,0,12
pdfbox\src\main\java\org\apache\pdfbox\pdmodel\interactive\annotation\PDBorderEffectDictionary.java,setIntensity,float,0,0,5
pdfbox\src\main\java\org\apache\pdfbox\pdmodel\text\PDTextState.java,<init>,,0,0,178
xmpbox\src\main\java\org\apache\xmpbox\schema\DublinCoreSchema.java,setRights,"String, String",0,0,5
pdfbox\src\main\java\org\apache\pdfbox\pdmodel\common\PDRectangle.java,move,"float, float",2,0,9
pdfbox\src\main\java\org\apache\pdfbox\pdmodel\PDPage.java,setRotation,int,0,0,13
pdfbox\src\main\java\org\apache\pdfbox\pdmodel\font\PDFontDescriptorDictionary.java,getItalicAngle,,0,0,6
pdfbox\src\main\java\org\apache\pdfbox\pdmodel\fdf\FDFCatalog.java,writeXML,Writer,0,0,6
pdfbox\src\main\java\org\apache\pdfbox\pdmodel\graphics\xobject\PDJpeg.java,write2OutputStream,OutputStream,15,0,5
preflight\src\main\java\org\apache\pdfbox\preflight\annotation\PopupAnnotationValidator.java,checkMandatoryFields,,0,0,2
pdfbox\src\main\java\org\apache\pdfbox\WriteDecodedDoc.java,calculateOutputFilename,String,0,0,2
jempbox\src\main\java\org\apache\jempbox\xmp\XMPSchemaBasic.java,getTitle,,0,0,4
pdfbox\src\main\java\org\apache\pdfbox\cos\COSBoolean.java,toString,,0,0,2
xmpbox\src\main\java\org\apache\xmpbox\schema\XMPRightsManagementSchema.java,getWebStatement,,0,0,4
pdfbox\src\main\java\org\apache\pdfbox\pdmodel\font\PDFontDescriptorDictionary.java,setFontFamily,String,0,0,10
pdfbox\src\main\java\org\apache\pdfbox\pdmodel\graphics\pattern\PDShadingPatternResources.java,getPaint,int,0,0,12
pdfbox\src\main\java\org\apache\pdfbox\pdmodel\font\PDFontDescriptorAFM.java,setAscent,float,0,0,2
pdfbox\src\main\java\org\apache\pdfbox\pdmodel\interactive\measurement\PDNumberFormatDictionary.java,setFractionalDisplay,String,0,0,6
pdfbox\src\main\java\org\apache\pdfbox\io\ccitt\PackedBitArray.java,clear,int,0,0,4
lucene\src\main\java\org\apache\pdfbox\lucene\LucenePDFDocument.java,convertDocument,URL,10,0,3
pdfbox\src\main\java\org\apache\pdfbox\pdmodel\font\PDFontDescriptorDictionary.java,getAverageWidth,,0,0,5
pdfbox\src\main\java\org\apache\pdfbox\pdmodel\font\PDFontDescriptorAFM.java,setDescent,float,0,0,1
jempbox\src\main\java\org\apache\jempbox\xmp\XMPMetadata.java,<init>,Document,0,0,40
pdfbox\src\main\java\org\apache\pdfbox\pdmodel\interactive\annotation\PDAppearanceCharacteristicsDictionary.java,getRolloverIcon,,0,0,3
pdfbox\src\main\java\org\apache\pdfbox\pdmodel\fdf\FDFField.java,setSetWidgetFieldFlags,int,0,0,6
pdfbox\src\main\java\org\apache\pdfbox\io\RandomAccessBuffer.java,read,"byte[], int, int",0,0,41
pdfbox\src\main\java\org\apache\pdfbox\pdmodel\interactive\digitalsignature\PDSeedValue.java,<init>,,0,0,41
pdfbox\src\main\java\org\apache\pdfbox\pdmodel\interactive\digitalsignature\visible\PDVisibleSigBuilder.java,createInnerFormResource,,1,0,1
pdfbox\src\main\java\org\apache\pdfbox\pdmodel\interactive\action\PDActionFactory.java,createAction,COSDictionary,0,0,20
pdfbox\src\main\java\org\apache\pdfbox\pdmodel\font\FontManager.java,loadFontMapping,,1,0,1
preflight\src\main\java\org\apache\pdfbox\preflight\action\GoToAction.java,<init>,"ActionManagerFactory, COSDictionary, PreflightContext, String",0,0,6
pdfbox\src\main\java\org\apache\pdfbox\pdmodel\interactive\digitalsignature\visible\PDFTemplateCreator.java,<init>,PDFTemplateBuilder,0,0,4
pdfbox\src\main\java\org\apache\pdfbox\pdmodel\interactive\digitalsignature\visible\PDVisibleSigBuilder.java,createProcSetArray,,3,0,3
pdfbox\src\main\java\org\apache\pdfbox\io\RandomAccessFile.java,close,,8,0,67
pdfbox\src\main\java\org\apache\pdfbox\pdmodel\encryption\PDStandardEncryption.java,canPrintDegraded,,0,0,2
xmpbox\src\main\java\org\apache\xmpbox\DateConverter.java,toISO8601,Calendar,3,0,11
jempbox\src\main\java\org\apache\jempbox\xmp\XMPSchemaIptc4xmpCore.java,setCiAdrExtadr,String,0,0,1
pdfbox\src\main\java\org\apache\pdfbox\pdmodel\common\PDStream.java,<init>,COSStream,0,0,185
pdfbox\src\main\java\org\apache\pdfbox\pdmodel\graphics\color\PDCalGray.java,getBlackPoint,,0,0,3
pdfbox\src\main\java\org\apache\pdfbox\pdmodel\fdf\FDFDictionary.java,getEmbeddedFDFs,,0,0,5
pdfbox\src\main\java\org\apache\pdfbox\pdmodel\PDResources.java,reverseMap,"Map, Class",0,0,36
xmpbox\src\main\java\org\apache\xmpbox\type\BooleanType.java,<init>,"XMPMetadata, String, String, String, Object",0,0,20
pdfbox\src\main\java\org\apache\pdfbox\pdmodel\graphics\PDExtendedGraphicsState.java,getLineCapStyle,,0,0,11
xmpbox\src\main\java\org\apache\xmpbox\type\ResourceRefType.java,setRenditionClass,String,0,0,4
pdfbox\src\main\java\org\apache\pdfbox\pdmodel\interactive\action\PDAnnotationAdditionalActions.java,<init>,COSDictionary,0,0,2
pdfbox\src\main\java\org\apache\pdfbox\pdmodel\common\COSStreamArray.java,<init>,COSArray,3,1,291
preflight\src\main\java\org\apache\pdfbox\preflight\font\Type0FontValidator.java,checkCIDSystemInfo,COSBase,0,0,2
pdfbox\src\main\java\org\apache\pdfbox\cos\COSArray.java,getObject,int,2,0,4217
pdfbox\src\main\java\org\apache\pdfbox\cos\COSDocument.java,dereferenceObjectStreams,,0,0,9
jempbox\src\main\java\org\apache\jempbox\xmp\XMPSchemaRightsManagement.java,getUsageTerms,,0,0,4
pdfbox\src\main\java\org\apache\pdfbox\pdmodel\graphics\color\PDICCBased.java,getMetadata,,0,0,1
preflight\src\main\java\org\apache\pdfbox\preflight\parser\PreflightParser.java,createContext,,0,0,1
pdfbox\src\main\java\org\apache\pdfbox\pdmodel\interactive\action\PDDocumentCatalogAdditionalActions.java,getWS,,0,0,3
pdfbox\src\main\java\org\apache\pdfbox\pdmodel\interactive\digitalsignature\PDSeedValueMDP.java,getCOSObject,,0,0,3
pdfbox\src\main\java\org\apache\pdfbox\pdmodel\common\PDMemoryStream.java,<init>,byte[],0,0,114
pdfbox\src\main\java\org\apache\pdfbox\pdmodel\interactive\annotation\PDAnnotationText.java,<init>,,0,0,18
xmpbox\src\main\java\org\apache\xmpbox\schema\XMPSchema.java,getUnqualifiedTextPropertyValue,String,0,0,2
pdfbox\src\main\java\org\apache\pdfbox\pdmodel\documentinterchange\taggedpdf\PDStandardAttributeObject.java,<init>,,0,0,156
pdfbox\src\main\java\org\apache\pdfbox\cos\COSDictionary.java,removeItem,COSName,0,0,298
jempbox\src\main\java\org\apache\jempbox\xmp\XMPSchemaDublinCore.java,getDates,,0,0,3
pdfbox\src\main\java\org\apache\pdfbox\pdmodel\interactive\digitalsignature\visible\PDVisibleSignDesigner.java,<init>,"String, InputStream, int",3,0,2
xmpbox\src\main\java\org\apache\xmpbox\schema\XMPSchema.java,removeUnqualifiedSequenceValue,"String, String",0,0,10
pdfbox\src\main\java\org\apache\pdfbox\pdmodel\common\PDNumberTreeNode.java,createChildNode,COSDictionary,0,0,5
fontbox\src\main\java\org\apache\fontbox\pfb\PfbParser.java,<init>,InputStream,0,0,1
pdfbox\src\main\java\org\apache\pdfbox\pdmodel\font\PDTrueTypeFont.java,ensureFontDescriptor,,64,0,2
pdfbox\src\main\java\org\apache\pdfbox\pdmodel\documentinterchange\taggedpdf\PDStandardAttributeObject.java,getColor,String,0,0,55
pdfbox\src\main\java\org\apache\pdfbox\pdmodel\font\PDFontDescriptorDictionary.java,<init>,COSDictionary,0,0,62
pdfbox\src\main\java\org\apache\pdfbox\pdmodel\graphics\predictor\Optimum.java,decode,"byte[], byte[]",0,0,6
preflight\src\main\java\org\apache\pdfbox\preflight\process\reflect\GraphicObjectPageValidationProcess.java,<init>,,0,0,3
preflight\src\main\java\org\apache\pdfbox\preflight\annotation\RubberStampAnnotationValidator.java,<init>,"PreflightContext, COSDictionary",0,0,3
jempbox\src\main\java\org\apache\jempbox\xmp\XMPSchemaDublinCore.java,getDescription,String,0,0,3
xmpbox\src\main\java\org\apache\xmpbox\type\ResourceRefType.java,setDocumentID,String,0,0,4
preflight\src\main\java\org\apache\pdfbox\preflight\annotation\AnnotationValidatorFactory.java,getAnnotationValidator,"PreflightContext, COSDictionary",0,0,1
pdfbox\src\main\java\org\apache\pdfbox\cos\COSDictionary.java,setItem,"COSName, COSObjectable",1,0,515
preflight\src\main\java\org\apache\pdfbox\preflight\process\CatalogValidationProcess.java,validateOCProperties,PreflightContext,0,0,1
preflight\src\main\java\org\apache\pdfbox\preflight\font\container\CIDType2Container.java,getGlyphIndex,int,0,0,6
pdfbox\src\main\java\org\apache\pdfbox\filter\CryptFilter.java,<init>,,0,0,131
pdfbox\src\main\java\org\apache\pdfbox\pdmodel\documentinterchange\taggedpdf\PDLayoutAttributeObject.java,getTextAlign,,0,0,20
pdfbox\src\main\java\org\apache\pdfbox\pdmodel\interactive\form\PDField.java,setReadonly,boolean,0,0,2
xmpbox\src\main\java\org\apache\xmpbox\schema\PhotoshopSchema.java,addSupplementalCategory,String,0,0,7
xmpbox\src\main\java\org\apache\xmpbox\schema\DublinCoreSchema.java,removeSubject,String,0,0,2
pdfbox\src\main\java\org\apache\pdfbox\pdmodel\interactive\annotation\PDAnnotationWidget.java,setHighlightingMode,String,0,0,7
pdfbox\src\main\java\org\apache\pdfbox\pdmodel\graphics\PDExtendedGraphicsState.java,setFlatnessTolerance,Float,0,0,25
pdfbox\src\main\java\org\apache\pdfbox\pdmodel\interactive\digitalsignature\PDSeedValue.java,getV,,0,0,4
pdfbox\src\main\java\org\apache\pdfbox\pdmodel\interactive\measurement\PDRectlinearMeasureDictionary.java,setScaleRatio,String,0,0,3
pdfbox\src\main\java\org\apache\pdfbox\pdmodel\graphics\color\PDDeviceGray.java,<init>,,0,0,379
pdfbox\src\main\java\org\apache\pdfbox\pdmodel\PDDocumentCatalog.java,setPageLabels,PDPageLabels,0,0,1
pdfbox\src\main\java\org\apache\pdfbox\pdmodel\fdf\FDFAnnotation.java,setSubject,String,0,0,2
pdfbox\src\main\java\org\apache\pdfbox\pdmodel\PDDocument.java,saveIncremental,String,7,0,3
jempbox\src\main\java\org\apache\jempbox\xmp\XMPSchemaBasic.java,getThumbnail,String,0,0,2
pdfbox\src\main\java\org\apache\pdfbox\pdfparser\BaseParser.java,readExpectedString,String,0,0,3
jempbox\src\main\java\org\apache\jempbox\xmp\XMPSchemaBasic.java,<init>,XMPMetadata,2,0,40
preflight\src\main\java\org\apache\pdfbox\preflight\PreflightConfiguration.java,replacePageProcess,"String, Class",1,0,1685
pdfbox\src\main\java\org\apache\pdfbox\pdmodel\common\function\PDFunctionType0.java,getBitsPerSample,,0,0,4
pdfbox\src\main\java\org\apache\pdfbox\filter\CryptFilter.java,decode,"InputStream, OutputStream, COSDictionary, int",0,0,1
xmpbox\src\main\java\org\apache\xmpbox\schema\XMPMediaManagementSchema.java,setManagedFromProperty,ResourceRefType,0,0,2
pdfbox\src\main\java\org\apache\pdfbox\cos\COSDictionary.java,mergeInto,COSDictionary,0,0,21
xmpbox\src\main\java\org\apache\xmpbox\schema\PhotoshopSchema.java,<init>,XMPMetadata,2,0,120
pdfbox\src\main\java\org\apache\pdfbox\pdmodel\documentinterchange\taggedpdf\PDLayoutAttributeObject.java,setBorderThicknesses,float[],0,0,6
pdfbox\src\main\java\org\apache\pdfbox\pdmodel\font\PDFont.java,getAFM,,2,0,207
xmpbox\src\main\java\org\apache\xmpbox\XMPMetadata.java,createAndAddDublinCoreSchema,,2,0,59
pdfbox\src\main\java\org\apache\pdfbox\pdmodel\documentinterchange\taggedpdf\PDLayoutAttributeObject.java,getRubyPosition,,0,0,11
pdfbox\src\main\java\org\apache\pdfbox\pdfwriter\COSWriter.java,doWriteObject,COSBase,63,0,38
xmpbox\src\main\java\org\apache\xmpbox\schema\PhotoshopSchema.java,setTransmissionReference,String,1,0,8
pdfbox\src\main\java\org\apache\pdfbox\pdmodel\documentinterchange\logicalstructure\Revisions.java,getRevisionNumber,int,0,0,21
pdfbox\src\main\java\org\apache\pdfbox\pdmodel\graphics\color\ColorSpaceLab.java,toRGB,float[],2,0,5
pdfbox\src\main\java\org\apache\pdfbox\pdmodel\common\PDNameTreeNode.java,getNames,,0,0,24
pdfbox\src\main\java\org\apache\pdfbox\pdmodel\documentinterchange\taggedpdf\PDArtifactMarkedContent.java,getType,,0,0,3
pdfbox\src\main\java\org\apache\pdfbox\pdmodel\fdf\FDFIconFit.java,<init>,,0,0,11
pdfbox\src\main\java\org\apache\pdfbox\util\TextPosition.java,getWidthDirAdj,,0,0,1
pdfbox\src\main\java\org\apache\pdfbox\io\NBitInputStream.java,unread,long,0,0,4
pdfbox\src\main\java\org\apache\pdfbox\util\ImageIOUtil.java,writeImage,"BufferedImage, String, Object, int",15,0,8
pdfbox\src\main\java\org\apache\pdfbox\pdmodel\font\PDSimpleFont.java,getawtFont,,5,0,3
xmpbox\src\main\java\org\apache\xmpbox\type\AbstractStructuredType.java,<init>,"XMPMetadata, String, String, String",14,4,1239
pdfbox\src\main\java\org\apache\pdfbox\cos\COSStream.java,getFilteredStream,,31,0,34
pdfbox\src\main\java\org\apache\pdfbox\pdmodel\documentinterchange\taggedpdf\PDLayoutAttributeObject.java,getTBorderStyle,,0,0,13
pdfbox\src\main\java\org\apache\pdfbox\pdmodel\interactive\documentnavigation\outline\PDOutlineItem.java,getDestination,,1,0,7
fontbox\src\main\java\org\apache\fontbox\ttf\MemoryTTFDataStream.java,readUnsignedShort,,1,1,3842
pdfbox\src\main\java\org\apache\pdfbox\pdmodel\PDResources.java,<init>,,0,0,66
pdfbox\src\main\java\org\apache\pdfbox\ExtractText.java,startProcessing,String,0,0,5
pdfbox\src\main\java\org\apache\pdfbox\pdmodel\common\PDNameTreeNode.java,setUpperLimit,String,0,0,15
pdfbox\src\main\java\org\apache\pdfbox\pdmodel\documentinterchange\logicalstructure\PDUserAttributeObject.java,<init>,,0,0,41
preflight\src\main\java\org\apache\pdfbox\preflight\process\reflect\TilingPatternValidationProcess.java,parsePatternContent,"PreflightContext, PDPage, PDTilingPatternResources",0,0,2
pdfbox\src\main\java\org\apache\pdfbox\util\operator\SetNonStrokingPattern.java,<init>,,0,0,5
preflight\src\main\java\org\apache\pdfbox\preflight\font\CIDType2FontValidator.java,<init>,"PreflightContext, PDFont",0,0,4
pdfbox\src\main\java\org\apache\pdfbox\pdmodel\font\PDFont.java,equals,Object,0,0,6
pdfbox\src\main\java\org\apache\pdfbox\pdmodel\interactive\measurement\PDNumberFormatDictionary.java,setLabelPrefixString,String,0,0,2
preflight\src\main\java\org\apache\pdfbox\preflight\exception\BodyParseException.java,<init>,String,0,0,6
pdfbox\src\main\java\org\apache\pdfbox\pdmodel\interactive\form\PDTextbox.java,setMaxLen,int,0,0,2
preflight\src\main\java\org\apache\pdfbox\preflight\font\container\TrueTypeContainer.java,initCMapEncodingEntries,,0,0,2
pdfbox\src\main\java\org\apache\pdfbox\pdmodel\graphics\color\PDDeviceN.java,<init>,,0,0,30
pdfbox\src\main\java\org\apache\pdfbox\pdmodel\PDPage.java,setTrimBox,PDRectangle,0,0,3
pdfbox\src\main\java\org\apache\pdfbox\pdmodel\font\PDFontDescriptorAFM.java,setFontStretch,String,0,0,1
pdfbox\src\main\java\org\apache\pdfbox\cos\COSDictionary.java,getEmbeddedInt,"String, COSName, int",0,0,33
pdfbox\src\main\java\org\apache\pdfbox\pdmodel\graphics\shading\PDShadingType5.java,getVerticesPerRow,,0,0,4
xmpbox\src\main\java\org\apache\xmpbox\schema\XMPMediaManagementSchema.java,getManagerProperty,,0,0,7
pdfbox\src\main\java\org\apache\pdfbox\util\operator\pagedrawer\BeginInlineImage.java,<init>,,0,0,9
pdfbox\src\main\java\org\apache\pdfbox\pdmodel\documentinterchange\taggedpdf\PDLayoutAttributeObject.java,getTextDecorationThickness,,0,0,16
pdfbox\src\main\java\org\apache\pdfbox\pdmodel\common\COSArrayList.java,listIterator,,0,0,6
pdfbox\src\main\java\org\apache\pdfbox\pdmodel\encryption\PublicKeyProtectionPolicy.java,addRecipient,PublicKeyRecipient,0,0,2
pdfbox\src\main\java\org\apache\pdfbox\pdmodel\PDDocumentCatalog.java,setURI,PDURIDictionary,0,0,1
pdfbox\src\main\java\org\apache\pdfbox\encoding\EncodingManager.java,getEncoding,COSName,0,0,18
pdfbox\src\main\java\org\apache\pdfbox\pdmodel\PDPageNode.java,getCropBox,,0,0,17
pdfbox\src\main\java\org\apache\pdfbox\pdmodel\fdf\FDFNamedPageReference.java,setName,String,0,0,4
xmpbox\src\main\java\org\apache\xmpbox\schema\XMPMediaManagementSchema.java,setVersionID,String,1,0,5
pdfbox\src\main\java\org\apache\pdfbox\pdmodel\PDPageNode.java,<init>,,0,0,30
fontbox\src\main\java\org\apache\fontbox\ttf\NamingTable.java,<init>,,0,0,2
jempbox\src\main\java\org\apache\jempbox\xmp\XMPSchemaDublinCore.java,getLanguages,,0,0,2
pdfbox\src\main\java\org\apache\pdfbox\pdmodel\graphics\predictor\Sub.java,<init>,,0,0,37
pdfbox\src\main\java\org\apache\pdfbox\io\ccitt\CCITTFaxG31DDecodeInputStream.java,writeRun,"int, int",0,0,8
pdfbox\src\main\java\org\apache\pdfbox\pdmodel\interactive\measurement\PDViewportDictionary.java,<init>,,0,0,11
pdfbox\src\main\java\org\apache\pdfbox\pdmodel\font\PDTrueTypeFont.java,loadTTF,"PDDocument, String",1,0,3
pdfbox\src\main\java\org\apache\pdfbox\util\PDFTextStripperByArea.java,<init>,,2,0,1
pdfbox\src\main\java\org\apache\pdfbox\pdmodel\interactive\documentnavigation\outline\PDOutlineItem.java,<init>,,1,0,50
jempbox\src\main\java\org\apache\jempbox\xmp\XMPSchemaPhotoshop.java,<init>,XMPMetadata,1,0,40
pdfbox\src\main\java\org\apache\pdfbox\pdmodel\graphics\predictor\Sub.java,decodeLine,"byte[], byte[], int, int, int, int",0,0,44
jempbox\src\main\java\org\apache\jempbox\xmp\ResourceEvent.java,getManagerUI,,0,0,1
pdfbox\src\main\java\org\apache\pdfbox\cos\COSDocument.java,getObjects,,7,1,842
pdfbox\src\main\java\org\apache\pdfbox\pdmodel\fdf\FDFPage.java,setTemplates,List,0,0,5
pdfbox\src\main\java\org\apache\pdfbox\pdmodel\PDDocument.java,load,"URL, RandomAccess",0,0,2
xmpbox\src\main\java\org\apache\xmpbox\XMPMetadata.java,createAndAddXMPMediaManagementSchema,,1,0,72
pdfbox\src\main\java\org\apache\pdfbox\io\RandomAccessBuffer.java,write,"byte[], int, int",0,0,57
pdfbox\src\main\java\org\apache\pdfbox\pdmodel\encryption\AccessPermission.java,canModify,,0,0,10
pdfbox\src\main\java\org\apache\pdfbox\pdmodel\graphics\color\ColorSpaceCMYK.java,fromRGB,float[],0,0,8
pdfbox\src\main\java\org\apache\pdfbox\pdmodel\documentinterchange\taggedpdf\PDExportFormatAttributeObject.java,getRowSpan,,0,0,5
pdfbox\src\main\java\org\apache\pdfbox\pdmodel\graphics\color\PDTristimulus.java,getX,,0,0,19
pdfbox\src\main\java\org\apache\pdfbox\pdmodel\interactive\form\PDChoiceButton.java,<init>,"PDAcroForm, COSDictionary",0,0,31
preflight\src\main\java\org\apache\pdfbox\preflight\content\ContentStreamWrapper.java,resetEnginContext,,6,0,5
pdfbox\src\main\java\org\apache\pdfbox\pdfparser\BaseParser.java,parseCOSString,boolean,2,0,13
xmpbox\src\main\java\org\apache\xmpbox\type\VersionType.java,setVersion,String,0,0,4
pdfbox\src\main\java\org\apache\pdfbox\pdmodel\interactive\form\PDChoiceButton.java,getOptions,,0,0,2
pdfbox\src\main\java\org\apache\pdfbox\encoding\StandardEncoding.java,<init>,,19,3,23
pdfbox\src\main\java\org\apache\pdfbox\pdmodel\font\PDFontDescriptorAFM.java,setMissingWidth,float,0,0,2
pdfbox\src\main\java\org\apache\pdfbox\pdmodel\fdf\FDFAnnotation.java,isLocked,,0,0,2
pdfbox\src\main\java\org\apache\pdfbox\pdmodel\interactive\form\PDField.java,<init>,PDAcroForm,0,0,58
pdfbox\src\main\java\org\apache\pdfbox\pdmodel\font\PDFontDescriptorAFM.java,getFlags,,0,0,34
pdfbox\src\main\java\org\apache\pdfbox\pdmodel\interactive\form\PDField.java,setRequired,boolean,0,0,2
pdfbox\src\main\java\org\apache\pdfbox\pdmodel\PDDocument.java,load,"InputStream, RandomAccess",11,0,5
pdfbox\src\main\java\org\apache\pdfbox\pdmodel\interactive\digitalsignature\PDPropBuildDataDict.java,setMinimumRevision,long,0,0,3
xmpbox\src\main\java\org\apache\xmpbox\schema\XMPRightsManagementSchema.java,addUsageTerms,"String, String",0,0,12
pdfbox\src\main\java\org\apache\pdfbox\pdmodel\PDDocumentCatalog.java,<init>,PDDocument,0,0,22
pdfbox\src\main\java\org\apache\pdfbox\pdmodel\graphics\PDFontSetting.java,getFontSize,,0,0,9
pdfbox\src\main\java\org\apache\pdfbox\pdmodel\documentinterchange\taggedpdf\PDLayoutAttributeObject.java,getPadding,,0,0,22
jempbox\src\main\java\org\apache\jempbox\xmp\pdfa\XMPSchemaPDFASchema.java,setPrefix,String,0,0,3
pdfbox\src\main\java\org\apache\pdfbox\util\PDFMarkedContentExtractor.java,<init>,,2,0,1
jempbox\src\main\java\org\apache\jempbox\xmp\XMPSchemaMediaManagement.java,setManageUI,String,0,0,4
pdfbox\src\main\java\org\apache\pdfbox\pdmodel\graphics\xobject\PDJpeg.java,<init>,PDStream,0,0,4
fontbox\src\main\java\org\apache\fontbox\cmap\CMap.java,lookup,"int, int",0,0,5
xmpbox\src\main\java\org\apache\xmpbox\type\VersionType.java,getModifyDate,,0,0,6
pdfbox\src\main\java\org\apache\pdfbox\pdmodel\interactive\digitalsignature\visible\PDVisibleSigBuilder.java,createInnerFormStream,PDDocument,0,0,2
pdfbox\src\main\java\org\apache\pdfbox\pdmodel\interactive\annotation\PDAppearanceDictionary.java,setDownAppearance,PDAppearanceStream,0,0,2
jempbox\src\main\java\org\apache\jempbox\xmp\XMPSchemaPDF.java,setProducer,String,0,0,5
pdfbox\src\main\java\org\apache\pdfbox\pdmodel\interactive\digitalsignature\PDSignature.java,getReason,,0,0,4
preflight\src\main\java\org\apache\pdfbox\preflight\font\util\Type1Parser.java,isEncodingKeyWord,byte[],0,0,4
preflight\src\main\java\org\apache\pdfbox\preflight\content\ContentStreamWrapper.java,validText,byte[],0,0,2
pdfbox\src\main\java\org\apache\pdfbox\pdmodel\font\PDFontDescriptorAFM.java,getFontWeight,,0,0,5
fontbox\src\main\java\org\apache\fontbox\ttf\GlyphTable.java,<init>,,0,0,2
pdfbox\src\main\java\org\apache\pdfbox\pdmodel\interactive\digitalsignature\PDSeedValueMDP.java,<init>,,0,0,5
pdfbox\src\main\java\org\apache\pdfbox\pdmodel\fdf\FDFDictionary.java,getEncoding,,0,0,3
pdfbox\src\main\java\org\apache\pdfbox\filter\JBIG2Filter.java,encode,"InputStream, OutputStream, COSDictionary, int",0,0,1
pdfbox\src\main\java\org\apache\pdfbox\pdmodel\common\PDPageLabels.java,getPageLabelRange,int,0,0,5
pdfbox\src\main\java\org\apache\pdfbox\filter\LZWDictionary.java,addRootNode,byte,0,0,12
xmpbox\src\main\java\org\apache\xmpbox\schema\XMPMediaManagementSchema.java,setManagerProperty,AgentNameType,0,0,6
pdfbox\src\main\java\org\apache\pdfbox\pdmodel\documentinterchange\taggedpdf\PDStandardAttributeObject.java,setString,"String, String",0,0,18
pdfbox\src\main\java\org\apache\pdfbox\pdmodel\graphics\color\PDDeviceGray.java,createColorSpace,,1,0,5
pdfbox\src\main\java\org\apache\pdfbox\cos\COSDictionary.java,getLong,"String, long",0,0,10
pdfbox\src\main\java\org\apache\pdfbox\pdmodel\font\PDType1Font.java,getawtFont,,26,0,17
preflight\src\main\java\org\apache\pdfbox\preflight\font\descriptor\FontDescriptorHelper.java,checkMandatoryFields,COSDictionary,0,0,3
pdfbox\src\main\java\org\apache\pdfbox\pdmodel\PDDocumentCatalog.java,getNames,,0,0,3
xmpbox\src\main\java\org\apache\xmpbox\type\PDFAPropertyType.java,getDescription,,0,0,4
pdfbox\src\main\java\org\apache\pdfbox\pdmodel\interactive\annotation\PDAnnotationMarkup.java,setInReplyTo,PDAnnotation,0,0,3
xmpbox\src\main\java\org\apache\xmpbox\schema\XMPRightsManagementSchema.java,removeOwner,String,0,0,2
pdfbox\src\main\java\org\apache\pdfbox\util\PDFStreamEngine.java,getColorSpaces,,0,0,3
pdfbox\src\main\java\org\apache\pdfbox\util\BitFlagHelper.java,getFlag,"COSDictionary, COSName, int",0,0,97
pdfbox\src\main\java\org\apache\pdfbox\pdmodel\graphics\xobject\PDXObjectImage.java,write2file,File,4,0,2
jempbox\src\main\java\org\apache\jempbox\xmp\pdfa\XMPSchemaPDFAId.java,setPart,Integer,0,0,5
pdfbox\src\main\java\org\apache\pdfbox\pdmodel\edit\PDPageContentStream.java,lineTo,"float, float",0,0,4
pdfbox\src\main\java\org\apache\pdfbox\pdmodel\font\PDFontDescriptorDictionary.java,setFontWeight,float,0,0,6
pdfbox\src\main\java\org\apache\pdfbox\pdmodel\interactive\annotation\PDAnnotation.java,getAppearanceStream,,0,0,3
preflight\src\main\java\org\apache\pdfbox\preflight\process\TrailerValidationProcess.java,checkTrailersForLinearizedPDF15,PreflightContext,0,0,2
xmpbox\src\main\java\org\apache\xmpbox\schema\PDFAIdentificationSchema.java,<init>,XMPMetadata,0,0,50
preflight\src\main\java\org\apache\pdfbox\preflight\process\AcroFormValidationProcess.java,checkNeedAppearences,"PreflightContext, PDAcroForm",0,0,2
