method,method,invocation counts
org.apache.ivy.ant.IvyReportTest.testMultipleConfigurations(),org.apache.ivy.ant.IvyTask.execute(),2
org.apache.ivy.ant.IvyTask.execute(),org.apache.ivy.ant.IvyReport.doExecute(),6
org.apache.ivy.ant.IvyReport.doExecute(),org.apache.ivy.ant.IvyReport.genreport(String[]),6
org.apache.ivy.ant.IvyReport.genreport(String[]),"org.apache.ivy.ant.IvyReport.genStyled(String[], File, String)",6
"org.apache.ivy.ant.IvyReport.genStyled(String[], File, String)","org.apache.ivy.ant.IvyReport.getOutputPattern(String, String)",15
"org.apache.ivy.ant.IvyReport.getOutputPattern(String, String)",org.apache.ivy.plugins.report.XmlReportParser.parse(File),6
"org.apache.ivy.core.module.id.ModuleRevisionId.newInstance(String, String, String, String, Map)","org.apache.ivy.core.module.id.ModuleRevisionId.<init>(ModuleId, String, String, Map)",2532
"org.apache.ivy.core.module.id.ModuleRevisionId.<init>(ModuleId, String, String, Map)","org.apache.ivy.core.module.id.ModuleRevisionId.<init>(ModuleId, String, String, Map, boolean)",30482
"org.apache.ivy.core.module.id.ModuleRevisionId.<init>(ModuleId, String, String, Map, boolean)","org.apache.ivy.util.extendable.UnmodifiableExtendableItem.<init>(Map, Map)",31176
"org.apache.ivy.core.module.id.ModuleRevisionId.<init>(ModuleId, String, String, Map, boolean)",org.apache.ivy.core.settings.IvySettings.getDefaultBranch(ModuleId),4718
org.apache.ivy.core.settings.IvySettings.getDefaultBranch(ModuleId),"org.apache.ivy.core.module.id.ModuleRules.getRule(ModuleId, Filter)",4751
"org.apache.ivy.core.module.id.ModuleRules.getRule(ModuleId, Filter)","org.apache.ivy.core.module.id.ModuleRules.getRule(Map, Filter)",14991
"org.apache.ivy.core.module.id.ModuleRules.getRule(ModuleId, Filter)","org.apache.ivy.util.Checks.checkNotNull(Object, String)",14994
"org.apache.ivy.core.module.id.ModuleRevisionId.<init>(ModuleId, String, String, Map, boolean)",org.apache.ivy.core.IvyContext.getContext(),31171
org.apache.ivy.core.IvyContext.getContext(),org.apache.ivy.core.IvyContext.getCurrentStack(),335022
"org.apache.ivy.core.module.id.ModuleRevisionId.<init>(ModuleId, String, String, Map, boolean)","org.apache.ivy.util.extendable.UnmodifiableExtendableItem.setStandardAttribute(String, String)",124672
"org.apache.ivy.core.module.id.ModuleRevisionId.<init>(ModuleId, String, String, Map, boolean)",org.apache.ivy.core.IvyContext.getSettings(),4717
org.apache.ivy.core.IvyContext.getSettings(),org.apache.ivy.core.IvyContext.getIvy(),9516
org.apache.ivy.core.IvyContext.getIvy(),org.apache.ivy.core.IvyContext.peekIvy(),19176
"org.apache.ivy.core.module.id.ModuleRevisionId.<init>(ModuleId, String, String, Map, boolean)",org.apache.ivy.core.module.id.ModuleRevisionId.normalizeRevision(String),31025
"org.apache.ivy.core.module.id.ModuleRevisionId.<init>(ModuleId, String, String, Map, boolean)",org.apache.ivy.core.IvyContext.peekIvy(),30328
"org.apache.ivy.core.module.id.ModuleRevisionId.newInstance(String, String, String, String, Map)",org.apache.ivy.core.module.id.ModuleRevisionId.intern(ModuleRevisionId),2528
org.apache.ivy.core.module.id.ModuleRevisionId.hashCode(),org.apache.ivy.core.module.id.ModuleId.hashCode(),31071
org.apache.ivy.core.module.id.ModuleRevisionId.equals(Object),org.apache.ivy.core.module.id.ModuleId.equals(Object),37416
"org.apache.ivy.core.module.id.ModuleRevisionId.newInstance(String, String, String, String, Map)","org.apache.ivy.core.module.id.ModuleId.newInstance(String, String)",2531
"org.apache.ivy.core.module.id.ModuleId.newInstance(String, String)","org.apache.ivy.core.module.id.ModuleId.<init>(String, String)",30563
"org.apache.ivy.core.module.id.ModuleId.newInstance(String, String)",org.apache.ivy.core.module.id.ModuleId.intern(ModuleId),30549
"org.apache.ivy.core.module.descriptor.DefaultArtifact.<init>(ModuleRevisionId, Date, String, String, String, Map)","org.apache.ivy.core.module.descriptor.DefaultArtifact.<init>(ModuleRevisionId, Date, String, String, String, URL, Map)",67
"org.apache.ivy.core.module.descriptor.DefaultArtifact.<init>(ModuleRevisionId, Date, String, String, String, URL, Map)","org.apache.ivy.core.module.id.ArtifactRevisionId.newInstance(ModuleRevisionId, String, String, String, Map)",38160
"org.apache.ivy.core.module.id.ArtifactRevisionId.newInstance(ModuleRevisionId, String, String, String, Map)","org.apache.ivy.core.module.id.ArtifactRevisionId.<init>(ArtifactId, ModuleRevisionId, Map)",50896
"org.apache.ivy.core.module.id.ArtifactRevisionId.<init>(ArtifactId, ModuleRevisionId, Map)","org.apache.ivy.util.extendable.UnmodifiableExtendableItem.<init>(Map, Map)",50918
"org.apache.ivy.core.module.id.ArtifactRevisionId.<init>(ArtifactId, ModuleRevisionId, Map)","org.apache.ivy.util.extendable.UnmodifiableExtendableItem.setStandardAttribute(String, String)",305475
"org.apache.ivy.core.module.id.ArtifactRevisionId.<init>(ArtifactId, ModuleRevisionId, Map)",org.apache.ivy.core.module.id.ArtifactRevisionId.getExt(),50912
"org.apache.ivy.core.module.id.ArtifactRevisionId.<init>(ArtifactId, ModuleRevisionId, Map)",org.apache.ivy.core.module.id.ArtifactRevisionId.getName(),50913
"org.apache.ivy.core.module.id.ArtifactRevisionId.<init>(ArtifactId, ModuleRevisionId, Map)",org.apache.ivy.core.module.id.ArtifactRevisionId.getType(),50912
"org.apache.ivy.core.module.id.ArtifactRevisionId.<init>(ArtifactId, ModuleRevisionId, Map)",org.apache.ivy.core.module.id.ModuleRevisionId.getName(),50913
"org.apache.ivy.core.module.id.ArtifactRevisionId.<init>(ArtifactId, ModuleRevisionId, Map)",org.apache.ivy.core.module.id.ModuleRevisionId.getOrganisation(),50913
"org.apache.ivy.core.module.id.ArtifactRevisionId.newInstance(ModuleRevisionId, String, String, String, Map)","org.apache.ivy.core.module.id.ArtifactId.<init>(ModuleId, String, String, String)",50896
"org.apache.ivy.core.module.descriptor.DefaultArtifact.<init>(ModuleRevisionId, Date, String, String, String, URL, Map)","org.apache.ivy.core.module.descriptor.DefaultArtifact.<init>(ArtifactRevisionId, Date, URL, boolean)",38130
"org.apache.ivy.core.module.descriptor.DefaultArtifact.<init>(ArtifactRevisionId, Date, URL, boolean)",org.apache.ivy.core.module.descriptor.AbstractArtifact.<init>(),38816
"org.apache.ivy.core.cache.ArtifactOrigin.<init>(Artifact, boolean, String)","org.apache.ivy.util.Checks.checkNotNull(Object, String)",24545
"org.apache.ivy.ant.IvyReport.getOutputPattern(String, String)","org.apache.ivy.core.IvyPatternHelper.substitute(String, String, String, String, String, String, String, String, Map, Map)",18
"org.apache.ivy.core.IvyPatternHelper.substitute(String, String, String, String, String, String, String, String, Map, Map)","org.apache.ivy.core.IvyPatternHelper.substitute(String, String, String, String, String, String, String, String, String, ArtifactOrigin, Map, Map)",25
"org.apache.ivy.core.IvyPatternHelper.substitute(String, String, String, String, String, String, String, String, String, ArtifactOrigin, Map, Map)","org.apache.ivy.core.IvyPatternHelper.substituteTokens(String, Map)",29222
"org.apache.ivy.ant.IvyReport.getOutputPattern(String, String)","org.apache.ivy.core.cache.DefaultResolutionCacheManager.getConfigurationResolveReportInCache(String, String)",6
"org.apache.ivy.ant.IvyReport.getOutputPattern(String, String)",org.apache.ivy.ant.IvyTask.getIvyInstance(),6
org.apache.ivy.ant.IvyTask.getIvyInstance(),org.apache.ivy.ant.IvyAntSettings.getDefaultInstance(Task),1048
org.apache.ivy.ant.IvyAntSettings.getDefaultInstance(Task),org.apache.ivy.ant.IvyAntSettings.getDefaultInstance(ProjectComponent),1050
org.apache.ivy.ant.IvyTask.getIvyInstance(),"org.apache.ivy.ant.AntMessageLogger.register(ProjectComponent, Ivy)",1049
"org.apache.ivy.ant.AntMessageLogger.register(ProjectComponent, Ivy)",org.apache.ivy.util.MessageLoggerEngine.peekLogger(),1306
org.apache.ivy.ant.IvyTask.getIvyInstance(),org.apache.ivy.ant.IvyAntSettings.getConfiguredIvyInstance(Task),1049
org.apache.ivy.ant.IvyAntSettings.getConfiguredIvyInstance(Task),org.apache.ivy.ant.IvyAntSettings.getConfiguredIvyInstance(ProjectComponent),1051
"org.apache.ivy.ant.IvyReport.getOutputPattern(String, String)",org.apache.ivy.Ivy.getResolutionCacheManager(),6
org.apache.ivy.Ivy.getResolutionCacheManager(),org.apache.ivy.core.settings.IvySettings.getResolutionCacheManager(),67
"org.apache.ivy.ant.IvyReport.getOutputPattern(String, String)",org.apache.ivy.core.module.id.ModuleRevisionId.getName(),18
"org.apache.ivy.ant.IvyReport.getOutputPattern(String, String)",org.apache.ivy.core.module.id.ModuleRevisionId.getOrganisation(),18
"org.apache.ivy.ant.IvyReport.getOutputPattern(String, String)",org.apache.ivy.plugins.report.XmlReportParser.<init>(),6
"org.apache.ivy.ant.IvyReport.getOutputPattern(String, String)",org.apache.ivy.plugins.report.XmlReportParser.getResolvedModule(),6
"org.apache.ivy.ant.IvyReport.genStyled(String[], File, String)","org.apache.ivy.core.cache.DefaultResolutionCacheManager.getConfigurationResolveReportInCache(String, String)",15
"org.apache.ivy.ant.IvyReport.genStyled(String[], File, String)",org.apache.ivy.ant.IvyTask.getIvyInstance(),11
"org.apache.ivy.ant.IvyReport.genStyled(String[], File, String)",org.apache.ivy.Ivy.getResolutionCacheManager(),11
org.apache.ivy.ant.IvyReport.genreport(String[]),"org.apache.ivy.util.FileUtil.copy(InputStream, File, CopyProgressListener)",6
"org.apache.ivy.util.FileUtil.copy(InputStream, File, CopyProgressListener)","org.apache.ivy.util.FileUtil.copy(InputStream, OutputStream, CopyProgressListener)",1388
"org.apache.ivy.util.FileUtil.copy(InputStream, OutputStream, CopyProgressListener)","org.apache.ivy.util.FileUtil.copy(InputStream, OutputStream, CopyProgressListener, boolean)",1390
org.apache.ivy.ant.IvyReport.genreport(String[]),org.apache.ivy.ant.IvyReport.getReportStylePath(),6
org.apache.ivy.ant.IvyReport.getReportStylePath(),org.apache.ivy.ant.IvyTask.getIvyInstance(),6
org.apache.ivy.ant.IvyReport.getReportStylePath(),org.apache.ivy.Ivy.getResolutionCacheManager(),6
org.apache.ivy.ant.IvyReport.genreport(String[]),org.apache.ivy.util.Message.debug(String),6
org.apache.ivy.util.Message.debug(String),org.apache.ivy.util.MessageLoggerEngine.debug(String),195416
org.apache.ivy.util.MessageLoggerEngine.debug(String),org.apache.ivy.util.AbstractMessageLogger.debug(String),195417
org.apache.ivy.util.AbstractMessageLogger.debug(String),"org.apache.ivy.ant.AntMessageLogger.log(String, int)",36346
org.apache.ivy.util.MessageLoggerEngine.debug(String),org.apache.ivy.util.MessageLoggerEngine.peekLogger(),195417
org.apache.ivy.util.Message.debug(String),org.apache.ivy.util.Message.getLogger(),243067
org.apache.ivy.util.Message.getLogger(),org.apache.ivy.core.IvyContext.getContext(),276142
org.apache.ivy.util.Message.getLogger(),org.apache.ivy.core.IvyContext.getMessageLogger(),276142
org.apache.ivy.core.IvyContext.getMessageLogger(),org.apache.ivy.core.IvyContext.peekIvy(),276142
org.apache.ivy.ant.IvyReport.doExecute(),"org.apache.ivy.ant.IvyReport.genStyled(String[], File, String)",5
org.apache.ivy.ant.IvyReport.doExecute(),org.apache.ivy.ant.IvyReport.getStylePath(String),5
org.apache.ivy.ant.IvyReport.getStylePath(String),org.apache.ivy.ant.IvyTask.getIvyInstance(),5
org.apache.ivy.ant.IvyReport.getStylePath(String),"org.apache.ivy.util.FileUtil.copy(InputStream, File, CopyProgressListener)",5
org.apache.ivy.ant.IvyReport.getStylePath(String),org.apache.ivy.Ivy.getResolutionCacheManager(),5
org.apache.ivy.ant.IvyReport.doExecute(),"org.apache.ivy.ant.IvyTask.getProperty(String, IvySettings, String, String)",19
"org.apache.ivy.ant.IvyTask.getProperty(String, IvySettings, String, String)","org.apache.ivy.ant.IvyTask.getProperty(String, IvySettings, String)",135
"org.apache.ivy.ant.IvyTask.getProperty(String, IvySettings, String)","org.apache.ivy.ant.IvyTask.getProperty(IvySettings, String)",796
"org.apache.ivy.ant.IvyTask.getProperty(IvySettings, String)",org.apache.ivy.core.settings.IvySettings.substitute(String),974
org.apache.ivy.core.settings.IvySettings.substitute(String),"org.apache.ivy.core.IvyPatternHelper.substituteVariables(String, IvyVariableContainer)",63302
"org.apache.ivy.core.IvyPatternHelper.substituteVariables(String, IvyVariableContainer)","org.apache.ivy.core.IvyPatternHelper.substituteVariables(String, IvyVariableContainer, Stack)",212121
"org.apache.ivy.ant.IvyTask.getProperty(IvySettings, String)",org.apache.ivy.util.Message.debug(String),974
"org.apache.ivy.ant.IvyTask.getProperty(IvySettings, String)",org.apache.ivy.core.settings.IvySettings.getVariable(String),978
org.apache.ivy.core.settings.IvySettings.getVariable(String),org.apache.ivy.ant.IvyAntVariableContainer.getVariable(String),6250
org.apache.ivy.ant.IvyReport.doExecute(),"org.apache.ivy.ant.IvyTask.getProperty(String, IvySettings, String)",6
org.apache.ivy.ant.IvyReport.doExecute(),org.apache.ivy.ant.IvyTask.splitConfs(String),6
org.apache.ivy.ant.IvyReport.doExecute(),"org.apache.ivy.core.module.id.ModuleId.<init>(String, String)",6
org.apache.ivy.ant.IvyReport.doExecute(),org.apache.ivy.core.resolve.ResolveOptions.getDefaultResolveId(ModuleId),6
org.apache.ivy.ant.IvyReport.doExecute(),org.apache.ivy.ant.IvyTask.getIvyInstance(),8
org.apache.ivy.ant.IvyTask.execute(),org.apache.ivy.ant.IvyTask.prepareTask(),205
org.apache.ivy.ant.IvyTask.prepareTask(),org.apache.ivy.ant.IvyTask.getIvyInstance(),377
"org.apache.ivy.ant.AntMessageLogger.register(ProjectComponent, Ivy)",org.apache.ivy.ant.AntMessageLogger.<init>(ProjectComponent),1240
org.apache.ivy.ant.AntMessageLogger.<init>(ProjectComponent),org.apache.ivy.util.AbstractMessageLogger.<init>(),1251
org.apache.ivy.ant.AntMessageLogger.<init>(ProjectComponent),"org.apache.ivy.util.Checks.checkNotNull(Object, String)",1251
"org.apache.ivy.ant.AntMessageLogger.register(ProjectComponent, Ivy)",org.apache.ivy.util.MessageLoggerEngine.pushLogger(MessageLogger),1239
org.apache.ivy.util.MessageLoggerEngine.pushLogger(MessageLogger),"org.apache.ivy.util.Checks.checkNotNull(Object, String)",1246
org.apache.ivy.ant.IvyTask.prepareTask(),"org.apache.ivy.core.IvyContext.push(String, Object)",376
org.apache.ivy.ant.IvyTask.prepareTask(),org.apache.ivy.core.IvyContext.pushNewCopyContext(),377
org.apache.ivy.core.IvyContext.pushNewCopyContext(),org.apache.ivy.core.IvyContext.<init>(IvyContext),1614
org.apache.ivy.core.IvyContext.pushNewCopyContext(),org.apache.ivy.core.IvyContext.getContext(),1614
org.apache.ivy.core.IvyContext.pushNewCopyContext(),org.apache.ivy.core.IvyContext.pushContext(IvyContext),1613
org.apache.ivy.core.IvyContext.pushContext(IvyContext),org.apache.ivy.core.IvyContext.getCurrentStack(),4614
org.apache.ivy.ant.IvyTask.prepareTask(),org.apache.ivy.core.IvyContext.getContext(),753
org.apache.ivy.ant.IvyTask.prepareTask(),org.apache.ivy.core.IvyContext.setIvy(Ivy),376
org.apache.ivy.ant.IvyTask.execute(),org.apache.ivy.ant.IvyTask.finalizeTask(),378
org.apache.ivy.ant.IvyTask.finalizeTask(),"org.apache.ivy.core.IvyContext.pop(String, Object)",379
org.apache.ivy.ant.IvyTask.finalizeTask(),org.apache.ivy.core.IvyContext.getContext(),379
org.apache.ivy.ant.IvyTask.finalizeTask(),org.apache.ivy.core.IvyContext.popContext(),379
org.apache.ivy.core.IvyContext.popContext(),org.apache.ivy.core.IvyContext.getCurrentStack(),4610
org.apache.ivy.ant.IvyTask.execute(),org.apache.ivy.ant.IvyResolve.doExecute(),173
org.apache.ivy.ant.IvyResolve.doExecute(),"org.apache.ivy.Ivy.resolve(URL, ResolveOptions)",147
"org.apache.ivy.Ivy.resolve(URL, ResolveOptions)","org.apache.ivy.core.resolve.ResolveEngine.resolve(URL, ResolveOptions)",157
"org.apache.ivy.core.resolve.ResolveEngine.resolve(URL, ResolveOptions)","org.apache.ivy.core.resolve.ResolveEngine.resolve(ModuleDescriptor, ResolveOptions)",149
"org.apache.ivy.core.resolve.ResolveEngine.resolve(ModuleDescriptor, ResolveOptions)","org.apache.ivy.core.resolve.ResolveEngine.getDependencies(ModuleDescriptor, ResolveOptions, ResolveReport)",197
"org.apache.ivy.core.resolve.ResolveEngine.getDependencies(ModuleDescriptor, ResolveOptions, ResolveReport)","org.apache.ivy.core.resolve.ResolveEngine.fetchDependencies(VisitNode, String, boolean)",306
"org.apache.ivy.core.resolve.ResolveEngine.fetchDependencies(VisitNode, String, boolean)","org.apache.ivy.core.resolve.ResolveEngine.doFetchDependencies(VisitNode, String)",1158
"org.apache.ivy.core.resolve.ResolveEngine.doFetchDependencies(VisitNode, String)","org.apache.ivy.core.resolve.ResolveEngine.fetchDependencies(VisitNode, String, boolean)",983
"org.apache.ivy.core.resolve.ResolveEngine.fetchDependencies(VisitNode, String, boolean)","org.apache.ivy.core.resolve.VisitNode.loadData(String, boolean)",1301
"org.apache.ivy.core.resolve.VisitNode.loadData(String, boolean)","org.apache.ivy.core.resolve.IvyNode.loadData(String, IvyNode, String, String, boolean, IvyNodeUsage)",1301
"org.apache.ivy.core.resolve.IvyNode.loadData(String, IvyNode, String, String, boolean, IvyNodeUsage)","org.apache.ivy.plugins.resolver.ChainResolver.getDependency(DependencyDescriptor, ResolveData)",375
"org.apache.ivy.plugins.resolver.ChainResolver.getDependency(DependencyDescriptor, ResolveData)","org.apache.ivy.plugins.resolver.BasicResolver.getDependency(DependencyDescriptor, ResolveData)",508
"org.apache.ivy.plugins.resolver.BasicResolver.getDependency(DependencyDescriptor, ResolveData)","org.apache.ivy.plugins.resolver.BasicResolver.parse(ResolvedResource, DependencyDescriptor, ResolveData)",215
"org.apache.ivy.plugins.resolver.BasicResolver.parse(ResolvedResource, DependencyDescriptor, ResolveData)","org.apache.ivy.core.cache.DefaultRepositoryCacheManager.cacheModuleDescriptor(DependencyResolver, ResolvedResource, DependencyDescriptor, Artifact, ResourceDownloader, CacheMetadataOptions)",215
"org.apache.ivy.core.cache.DefaultRepositoryCacheManager.cacheModuleDescriptor(DependencyResolver, ResolvedResource, DependencyDescriptor, Artifact, ResourceDownloader, CacheMetadataOptions)","org.apache.ivy.core.cache.DefaultRepositoryCacheManager.getStaledMd(ModuleDescriptorParser, CacheMetadataOptions, File, ParserSettings)",135
"org.apache.ivy.core.cache.DefaultRepositoryCacheManager.getStaledMd(ModuleDescriptorParser, CacheMetadataOptions, File, ParserSettings)","org.apache.ivy.core.cache.ModuleDescriptorMemoryCache.getStale(File, ParserSettings, boolean, ModuleDescriptorProvider)",135
"org.apache.ivy.plugins.parser.AbstractModuleDescriptorParser.parseDescriptor(ParserSettings, URL, boolean)","org.apache.ivy.plugins.parser.xml.XmlModuleDescriptorParser.parseDescriptor(ParserSettings, URL, Resource, boolean)",421
"org.apache.ivy.util.XMLHelper.parse(URL, URL, DefaultHandler)","org.apache.ivy.util.XMLHelper.parse(URL, URL, DefaultHandler, LexicalHandler)",600
"org.apache.ivy.util.XMLHelper.parse(URL, URL, DefaultHandler, LexicalHandler)","org.apache.ivy.util.XMLHelper.parse(InputSource, URL, DefaultHandler, LexicalHandler)",581
"org.apache.ivy.core.module.id.ModuleRevisionId.newInstance(String, String, String, String, Map, boolean)","org.apache.ivy.core.module.id.ModuleRevisionId.<init>(ModuleId, String, String, Map, boolean)",696
"org.apache.ivy.core.module.id.ModuleRevisionId.newInstance(String, String, String, String, Map, boolean)","org.apache.ivy.core.module.id.ModuleId.newInstance(String, String)",697
"org.apache.ivy.core.module.id.ModuleRevisionId.newInstance(String, String, String, String, Map, boolean)",org.apache.ivy.core.module.id.ModuleRevisionId.intern(ModuleRevisionId),694
"org.apache.ivy.core.module.descriptor.DefaultDependencyDescriptor.<init>(ModuleDescriptor, ModuleRevisionId, ModuleRevisionId, boolean, boolean, boolean)","org.apache.ivy.util.Checks.checkNotNull(Object, String)",49928
org.apache.ivy.core.module.descriptor.Configuration.replaceWildcards(ModuleDescriptor),org.apache.ivy.core.module.descriptor.DefaultModuleDescriptor.getConfiguration(String),3469
org.apache.ivy.core.module.descriptor.Configuration.replaceWildcards(ModuleDescriptor),org.apache.ivy.core.module.descriptor.DefaultModuleDescriptor.getConfigurations(),3468
org.apache.ivy.core.module.descriptor.Configuration.<init>(String),"org.apache.ivy.core.module.descriptor.Configuration.<init>(String, Configuration$Visibility, String, String[], boolean, String)",1631
"org.apache.ivy.core.module.descriptor.Configuration.<init>(String, Configuration$Visibility, String, String[], boolean, String)","org.apache.ivy.core.module.descriptor.Configuration.<init>(Map, Map, String, Configuration$Visibility, String, String[], boolean, String, ModuleRevisionId)",41787
"org.apache.ivy.core.module.descriptor.Configuration.<init>(Map, Map, String, Configuration$Visibility, String, String[], boolean, String, ModuleRevisionId)","org.apache.ivy.util.extendable.DefaultExtendableItem.<init>(Map, Map)",41826
"org.apache.ivy.util.extendable.DefaultExtendableItem.<init>(Map, Map)","org.apache.ivy.util.extendable.UnmodifiableExtendableItem.<init>(Map, Map)",41835
"org.apache.ivy.util.XMLHelper.parse(InputSource, URL, DefaultHandler, LexicalHandler)","org.apache.ivy.util.XMLHelper.newSAXParser(URL, InputStream)",1021
"org.apache.ivy.util.XMLHelper.parse(InputSource, URL, DefaultHandler, LexicalHandler)",org.apache.ivy.util.url.URLHandlerDispatcher.openStream(URL),424
org.apache.ivy.util.url.URLHandlerDispatcher.openStream(URL),org.apache.ivy.util.url.BasicURLHandler.openStream(URL),1719
org.apache.ivy.util.url.BasicURLHandler.openStream(URL),org.apache.ivy.util.url.BasicURLHandler.disconnect(URLConnection),6343
org.apache.ivy.util.url.BasicURLHandler.openStream(URL),"org.apache.ivy.util.url.AbstractURLHandler.getDecodingInputStream(String, InputStream)",6310
org.apache.ivy.util.url.BasicURLHandler.openStream(URL),org.apache.ivy.util.url.AbstractURLHandler.normalizeToURL(URL),6343
org.apache.ivy.util.url.URLHandlerDispatcher.openStream(URL),org.apache.ivy.util.url.URLHandlerDispatcher.getHandler(String),1720
"org.apache.ivy.util.XMLHelper.parse(URL, URL, DefaultHandler, LexicalHandler)",org.apache.ivy.util.url.URLHandlerDispatcher.openStream(URL),530
"org.apache.ivy.util.XMLHelper.parse(URL, URL, DefaultHandler, LexicalHandler)",org.apache.ivy.util.XMLHelper.toSystemId(URL),575
org.apache.ivy.core.module.descriptor.AbstractArtifact.hashCode(),org.apache.ivy.core.module.descriptor.AbstractArtifact.getQualifiedExtraAttributes(),8099
org.apache.ivy.core.module.descriptor.AbstractArtifact.getQualifiedExtraAttributes(),org.apache.ivy.core.module.descriptor.MDArtifact.getId(),7957
org.apache.ivy.core.module.descriptor.MDArtifact.getId(),"org.apache.ivy.core.module.id.ArtifactRevisionId.newInstance(ModuleRevisionId, String, String, String, Map)",12087
org.apache.ivy.core.module.descriptor.AbstractArtifact.hashCode(),org.apache.ivy.core.module.descriptor.MDArtifact.getModuleRevisionId(),5578
org.apache.ivy.core.module.descriptor.AbstractArtifact.hashCode(),org.apache.ivy.core.module.descriptor.MDArtifact.getPublicationDate(),11154
org.apache.ivy.core.module.descriptor.AbstractArtifact.hashCode(),org.apache.ivy.core.module.id.ModuleRevisionId.hashCode(),8099
"org.apache.ivy.core.module.descriptor.DefaultModuleDescriptor.addArtifact(String, Artifact)",org.apache.ivy.core.module.descriptor.DefaultModuleDescriptor.getConfiguration(String),3185
"org.apache.ivy.core.module.descriptor.DefaultArtifact.newIvyArtifact(ModuleRevisionId, Date)","org.apache.ivy.core.module.descriptor.DefaultArtifact.<init>(ModuleRevisionId, Date, String, String, String, boolean)",25764
"org.apache.ivy.core.module.descriptor.DefaultArtifact.<init>(ModuleRevisionId, Date, String, String, String, boolean)","org.apache.ivy.core.module.descriptor.DefaultArtifact.<init>(ModuleRevisionId, Date, String, String, String, URL, Map)",35927
"org.apache.ivy.core.module.descriptor.MDArtifact.<init>(ModuleDescriptor, String, String, String)","org.apache.ivy.core.module.descriptor.MDArtifact.<init>(ModuleDescriptor, String, String, String, URL, Map)",1377
"org.apache.ivy.core.module.descriptor.MDArtifact.<init>(ModuleDescriptor, String, String, String, URL, Map)",org.apache.ivy.core.module.descriptor.AbstractArtifact.<init>(),1754
org.apache.ivy.plugins.repository.ResourceHelper.getLastModifiedOrDefault(Resource),org.apache.ivy.plugins.repository.url.URLResource.getLastModified(),575
org.apache.ivy.plugins.repository.url.URLResource.getLastModified(),org.apache.ivy.plugins.repository.url.URLResource.init(),592
org.apache.ivy.plugins.repository.url.URLResource.init(),org.apache.ivy.util.url.URLHandlerDispatcher.getURLInfo(URL),683
org.apache.ivy.util.url.URLHandlerDispatcher.getURLInfo(URL),org.apache.ivy.util.url.BasicURLHandler.getURLInfo(URL),534
org.apache.ivy.util.url.BasicURLHandler.getURLInfo(URL),"org.apache.ivy.util.url.BasicURLHandler.getURLInfo(URL, int)",824
"org.apache.ivy.util.url.BasicURLHandler.getURLInfo(URL, int)",org.apache.ivy.util.url.BasicURLHandler.disconnect(URLConnection),834
"org.apache.ivy.util.url.BasicURLHandler.getURLInfo(URL, int)",org.apache.ivy.util.url.BasicURLHandler.getCharSetFromContentType(String),656
"org.apache.ivy.util.url.BasicURLHandler.getURLInfo(URL, int)",org.apache.ivy.util.url.AbstractURLHandler.normalizeToURL(URL),834
org.apache.ivy.util.url.URLHandlerDispatcher.getURLInfo(URL),org.apache.ivy.util.url.URLHandlerDispatcher.getHandler(String),686
"org.apache.ivy.core.module.descriptor.DefaultModuleDescriptor.<init>(ModuleDescriptorParser, Resource)",org.apache.ivy.core.module.status.StatusManager.getCurrent(),2524
org.apache.ivy.core.module.status.StatusManager.getCurrent(),org.apache.ivy.core.IvyContext.getContext(),3858
org.apache.ivy.core.module.status.StatusManager.getCurrent(),org.apache.ivy.core.IvyContext.getSettings(),3874
org.apache.ivy.core.module.status.StatusManager.getCurrent(),org.apache.ivy.core.settings.IvySettings.getStatusManager(),3858
"org.apache.ivy.core.module.descriptor.DefaultModuleDescriptor.<init>(ModuleDescriptorParser, Resource)",org.apache.ivy.core.module.id.ModuleRules.<init>(),5042
"org.apache.ivy.core.module.descriptor.DefaultModuleDescriptor.<init>(ModuleDescriptorParser, Resource)",org.apache.ivy.core.module.status.StatusManager.getDefaultStatus(),2521
"org.apache.ivy.plugins.parser.xml.XmlModuleDescriptorParser.parseDescriptor(ParserSettings, URL, Resource, boolean)",org.apache.ivy.plugins.parser.xml.XmlModuleDescriptorParser.newParser(ParserSettings),598
"org.apache.ivy.plugins.parser.AbstractModuleDescriptorParser.parseDescriptor(ParserSettings, URL, boolean)",org.apache.ivy.plugins.repository.url.URLResource.<init>(URL),583
"org.apache.ivy.core.cache.ModuleDescriptorMemoryCache.getStale(File, ParserSettings, boolean, ModuleDescriptorProvider)","org.apache.ivy.core.cache.ModuleDescriptorMemoryCache.putInCache(File, ParserSettingsMonitor, boolean, ModuleDescriptor)",168
"org.apache.ivy.core.cache.ModuleDescriptorMemoryCache.getStale(File, ParserSettings, boolean, ModuleDescriptorProvider)",org.apache.ivy.core.cache.ParserSettingsMonitor.<init>(ParserSettings),170
"org.apache.ivy.core.cache.DefaultRepositoryCacheManager.getStaledMd(ModuleDescriptorParser, CacheMetadataOptions, File, ParserSettings)",org.apache.ivy.core.cache.DefaultRepositoryCacheManager.getMemoryCache(),135
"org.apache.ivy.core.cache.DefaultRepositoryCacheManager.cacheModuleDescriptor(DependencyResolver, ResolvedResource, DependencyDescriptor, Artifact, ResourceDownloader, CacheMetadataOptions)","org.apache.ivy.core.cache.DefaultRepositoryCacheManager.download(Artifact, ArtifactResourceResolver, ResourceDownloader, CacheDownloadOptions)",215
"org.apache.ivy.plugins.resolver.BasicResolver.getAndCheck(Resource, File)","org.apache.ivy.plugins.resolver.RepositoryResolver.get(Resource, File)",457
"org.apache.ivy.plugins.resolver.RepositoryResolver.get(Resource, File)","org.apache.ivy.plugins.repository.file.FileRepository.get(String, File)",356
"org.apache.ivy.plugins.repository.file.FileRepository.get(String, File)","org.apache.ivy.plugins.repository.file.FileRepository.copy(File, File, boolean)",356
"org.apache.ivy.plugins.repository.file.FileRepository.copy(File, File, boolean)","org.apache.ivy.util.FileUtil.copy(File, File, CopyProgressListener, boolean)",606
"org.apache.ivy.util.FileUtil.copy(File, File, CopyProgressListener, boolean)","org.apache.ivy.util.FileUtil.copy(InputStream, File, CopyProgressListener)",701
"org.apache.ivy.util.FileUtil.copy(InputStream, OutputStream, CopyProgressListener, boolean)",org.apache.ivy.plugins.repository.RepositoryCopyProgressListener.start(CopyProgressEvent),788
org.apache.ivy.plugins.repository.RepositoryCopyProgressListener.start(CopyProgressEvent),org.apache.ivy.plugins.repository.AbstractRepository.fireTransferStarted(long),783
org.apache.ivy.plugins.repository.AbstractRepository.fireTransferStarted(long),org.apache.ivy.plugins.repository.TransferEvent.setEventType(int),783
org.apache.ivy.plugins.repository.TransferEvent.setEventType(int),"org.apache.ivy.core.event.IvyEvent.addAttribute(String, String)",3978
org.apache.ivy.plugins.repository.TransferEvent.setEventType(int),org.apache.ivy.plugins.repository.TransferEvent.checkEventType(int),3874
org.apache.ivy.plugins.repository.TransferEvent.setEventType(int),"org.apache.ivy.plugins.repository.TransferEvent.getElapsedTime(int, int)",3978
"org.apache.ivy.plugins.repository.TransferEvent.getElapsedTime(int, int)",org.apache.ivy.plugins.repository.TransferEvent.checkEventType(int),7956
org.apache.ivy.plugins.repository.AbstractRepository.fireTransferStarted(long),org.apache.ivy.plugins.repository.AbstractRepository.fireTransferEvent(TransferEvent),783
"org.apache.ivy.util.FileUtil.copy(InputStream, OutputStream, CopyProgressListener, boolean)",org.apache.ivy.plugins.repository.RepositoryCopyProgressListener.progress(CopyProgressEvent),587
org.apache.ivy.plugins.repository.RepositoryCopyProgressListener.progress(CopyProgressEvent),org.apache.ivy.plugins.repository.AbstractRepository.fireTransferProgress(long),587
org.apache.ivy.plugins.repository.AbstractRepository.fireTransferProgress(long),org.apache.ivy.plugins.repository.TransferEvent.setEventType(int),1281
org.apache.ivy.plugins.repository.AbstractRepository.fireTransferProgress(long),org.apache.ivy.plugins.repository.AbstractRepository.fireTransferEvent(TransferEvent),1281
"org.apache.ivy.util.FileUtil.copy(InputStream, OutputStream, CopyProgressListener, boolean)",org.apache.ivy.plugins.repository.RepositoryCopyProgressListener.end(CopyProgressEvent),694
org.apache.ivy.plugins.repository.RepositoryCopyProgressListener.end(CopyProgressEvent),org.apache.ivy.plugins.repository.AbstractRepository.fireTransferCompleted(),694
org.apache.ivy.plugins.repository.AbstractRepository.fireTransferCompleted(),org.apache.ivy.plugins.repository.TransferEvent.setEventType(int),694
org.apache.ivy.plugins.repository.AbstractRepository.fireTransferCompleted(),org.apache.ivy.plugins.repository.AbstractRepository.fireTransferEvent(TransferEvent),694
org.apache.ivy.plugins.repository.RepositoryCopyProgressListener.end(CopyProgressEvent),org.apache.ivy.plugins.repository.AbstractRepository.fireTransferProgress(long),694
"org.apache.ivy.util.FileUtil.copy(InputStream, OutputStream, CopyProgressListener, boolean)",org.apache.ivy.util.CopyProgressEvent.<init>(),788
"org.apache.ivy.plugins.repository.file.FileRepository.get(String, File)",org.apache.ivy.plugins.repository.file.FileRepository.getResource(String),358
org.apache.ivy.plugins.repository.file.FileRepository.getResource(String),org.apache.ivy.plugins.repository.file.FileRepository.getFile(String),2328
org.apache.ivy.plugins.repository.file.FileRepository.getFile(String),"org.apache.ivy.util.Checks.checkAbsolute(String, String)",3962
"org.apache.ivy.util.Checks.checkAbsolute(String, String)",org.apache.ivy.util.FileUtil.normalize(String),9154
org.apache.ivy.util.FileUtil.normalize(String),org.apache.ivy.util.FileUtil.dissect(String),10008
"org.apache.ivy.util.Checks.checkAbsolute(String, String)","org.apache.ivy.util.Checks.checkNotNull(Object, String)",9174
org.apache.ivy.plugins.repository.file.FileRepository.getResource(String),"org.apache.ivy.plugins.repository.file.FileResource.<init>(FileRepository, File)",2320
"org.apache.ivy.plugins.repository.file.FileRepository.get(String, File)",org.apache.ivy.plugins.repository.file.FileRepository.getFile(String),356
"org.apache.ivy.plugins.repository.file.FileRepository.get(String, File)","org.apache.ivy.plugins.repository.AbstractRepository.fireTransferInitiated(Resource, int)",356
"org.apache.ivy.plugins.repository.AbstractRepository.fireTransferInitiated(Resource, int)","org.apache.ivy.plugins.repository.TransferEvent.<init>(Repository, Resource, int, int)",905
"org.apache.ivy.plugins.repository.TransferEvent.<init>(Repository, Resource, int, int)",org.apache.ivy.core.event.IvyEvent.<init>(String),909
org.apache.ivy.core.event.IvyEvent.<init>(String),org.apache.ivy.core.IvyContext.getContext(),4146
org.apache.ivy.core.event.IvyEvent.<init>(String),org.apache.ivy.core.IvyContext.getEventManager(),4146
org.apache.ivy.core.IvyContext.getEventManager(),org.apache.ivy.core.IvyContext.getIvy(),4146
"org.apache.ivy.plugins.repository.TransferEvent.<init>(Repository, Resource, int, int)",org.apache.ivy.plugins.repository.TransferEvent.setResource(Resource),909
org.apache.ivy.plugins.repository.TransferEvent.setResource(Resource),"org.apache.ivy.core.event.IvyEvent.addAttribute(String, String)",909
org.apache.ivy.plugins.repository.TransferEvent.setResource(Resource),org.apache.ivy.plugins.repository.file.FileResource.getName(),606
"org.apache.ivy.plugins.repository.TransferEvent.<init>(Repository, Resource, int, int)",org.apache.ivy.plugins.repository.TransferEvent.setRequestType(int),908
org.apache.ivy.plugins.repository.TransferEvent.setRequestType(int),"org.apache.ivy.core.event.IvyEvent.addAttribute(String, String)",906
"org.apache.ivy.plugins.repository.TransferEvent.<init>(Repository, Resource, int, int)",org.apache.ivy.plugins.repository.TransferEvent.getName(int),909
"org.apache.ivy.plugins.repository.TransferEvent.<init>(Repository, Resource, int, int)",org.apache.ivy.plugins.repository.TransferEvent.setEventType(int),909
"org.apache.ivy.plugins.repository.AbstractRepository.fireTransferInitiated(Resource, int)",org.apache.ivy.plugins.repository.AbstractRepository.fireTransferEvent(TransferEvent),905
"org.apache.ivy.plugins.resolver.RepositoryResolver.get(Resource, File)",org.apache.ivy.util.Message.verbose(String),478
org.apache.ivy.util.Message.verbose(String),org.apache.ivy.util.MessageLoggerEngine.verbose(String),24380
org.apache.ivy.util.MessageLoggerEngine.verbose(String),org.apache.ivy.util.AbstractMessageLogger.verbose(String),24381
org.apache.ivy.util.AbstractMessageLogger.verbose(String),"org.apache.ivy.ant.AntMessageLogger.log(String, int)",11037
org.apache.ivy.util.MessageLoggerEngine.verbose(String),org.apache.ivy.util.MessageLoggerEngine.peekLogger(),24381
org.apache.ivy.util.Message.verbose(String),org.apache.ivy.util.Message.getLogger(),25659
"org.apache.ivy.plugins.resolver.RepositoryResolver.get(Resource, File)",org.apache.ivy.util.Message.debug(String),478
"org.apache.ivy.plugins.resolver.RepositoryResolver.get(Resource, File)",org.apache.ivy.plugins.repository.file.FileResource.getName(),710
"org.apache.ivy.plugins.resolver.BasicResolver.getAndCheck(Resource, File)","org.apache.ivy.plugins.resolver.BasicResolver.check(Resource, File, String)",691
"org.apache.ivy.plugins.resolver.BasicResolver.check(Resource, File, String)",org.apache.ivy.plugins.repository.file.FileResource.clone(String),670
org.apache.ivy.plugins.repository.file.FileResource.clone(String),org.apache.ivy.plugins.repository.file.FileRepository.getFile(String),670
org.apache.ivy.plugins.repository.file.FileResource.clone(String),"org.apache.ivy.plugins.repository.file.FileResource.<init>(FileRepository, File)",670
"org.apache.ivy.plugins.resolver.BasicResolver.check(Resource, File, String)",org.apache.ivy.plugins.repository.file.FileResource.exists(),670
"org.apache.ivy.plugins.resolver.BasicResolver.check(Resource, File, String)",org.apache.ivy.util.ChecksumHelper.isKnownAlgorithm(String),691
"org.apache.ivy.plugins.resolver.BasicResolver.check(Resource, File, String)",org.apache.ivy.plugins.repository.file.FileResource.getName(),670
"org.apache.ivy.plugins.resolver.BasicResolver.getAndCheck(Resource, File)",org.apache.ivy.plugins.resolver.BasicResolver.getChecksumAlgorithms(),367
org.apache.ivy.plugins.resolver.BasicResolver.getChecksumAlgorithms(),org.apache.ivy.core.settings.IvySettings.getVariable(String),454
"org.apache.ivy.core.cache.DefaultRepositoryCacheManager.download(Artifact, ArtifactResourceResolver, ResourceDownloader, CacheDownloadOptions)",org.apache.ivy.core.cache.DefaultRepositoryCacheManager.getSavedArtifactOrigin(Artifact),538
org.apache.ivy.core.cache.DefaultRepositoryCacheManager.getSavedArtifactOrigin(Artifact),org.apache.ivy.core.cache.DefaultRepositoryCacheManager.lockMetadataArtifact(ModuleRevisionId),1358
org.apache.ivy.core.cache.DefaultRepositoryCacheManager.lockMetadataArtifact(ModuleRevisionId),org.apache.ivy.core.cache.DefaultRepositoryCacheManager.getDefaultMetadataArtifactOrigin(ModuleRevisionId),4825
org.apache.ivy.core.cache.DefaultRepositoryCacheManager.getDefaultMetadataArtifactOrigin(ModuleRevisionId),org.apache.ivy.core.cache.DefaultRepositoryCacheManager.getIvyFileInCache(ModuleRevisionId),9951
org.apache.ivy.core.cache.DefaultRepositoryCacheManager.getIvyFileInCache(ModuleRevisionId),"org.apache.ivy.core.IvyPatternHelper.substitute(String, Artifact)",11581
"org.apache.ivy.core.IvyPatternHelper.substitute(String, Artifact)","org.apache.ivy.core.IvyPatternHelper.substitute(String, Artifact, String)",11666
"org.apache.ivy.core.IvyPatternHelper.substitute(String, Artifact, String)","org.apache.ivy.core.IvyPatternHelper.substitute(String, ModuleRevisionId, Artifact, String, ArtifactOrigin)",11668
"org.apache.ivy.core.IvyPatternHelper.substitute(String, ModuleRevisionId, Artifact, String, ArtifactOrigin)","org.apache.ivy.core.IvyPatternHelper.substitute(String, String, String, String, String, String, String, String, String, ArtifactOrigin, Map, Map)",25157
"org.apache.ivy.core.IvyPatternHelper.substitute(String, ModuleRevisionId, Artifact, String, ArtifactOrigin)",org.apache.ivy.core.module.descriptor.AbstractArtifact.getQualifiedExtraAttributes(),25157
"org.apache.ivy.core.IvyPatternHelper.substitute(String, ModuleRevisionId, Artifact, String, ArtifactOrigin)",org.apache.ivy.core.module.descriptor.DefaultArtifact.getExt(),23740
org.apache.ivy.core.module.descriptor.DefaultArtifact.getExt(),org.apache.ivy.core.module.id.ArtifactRevisionId.getExt(),32634
"org.apache.ivy.core.IvyPatternHelper.substitute(String, ModuleRevisionId, Artifact, String, ArtifactOrigin)",org.apache.ivy.core.module.descriptor.DefaultArtifact.getName(),23740
org.apache.ivy.core.module.descriptor.DefaultArtifact.getName(),org.apache.ivy.core.module.id.ArtifactRevisionId.getName(),32671
"org.apache.ivy.core.IvyPatternHelper.substitute(String, ModuleRevisionId, Artifact, String, ArtifactOrigin)",org.apache.ivy.core.module.descriptor.DefaultArtifact.getType(),23740
org.apache.ivy.core.module.descriptor.DefaultArtifact.getType(),org.apache.ivy.core.module.id.ArtifactRevisionId.getType(),43426
"org.apache.ivy.core.IvyPatternHelper.substitute(String, ModuleRevisionId, Artifact, String, ArtifactOrigin)",org.apache.ivy.core.module.id.ModuleRevisionId.getName(),25157
"org.apache.ivy.core.IvyPatternHelper.substitute(String, ModuleRevisionId, Artifact, String, ArtifactOrigin)",org.apache.ivy.core.module.id.ModuleRevisionId.getOrganisation(),25157
"org.apache.ivy.core.IvyPatternHelper.substitute(String, Artifact, String)",org.apache.ivy.core.module.descriptor.DefaultArtifact.getModuleRevisionId(),11616
org.apache.ivy.core.cache.DefaultRepositoryCacheManager.getIvyFileInCache(ModuleRevisionId),"org.apache.ivy.core.module.descriptor.DefaultArtifact.newIvyArtifact(ModuleRevisionId, Date)",11582
org.apache.ivy.core.cache.DefaultRepositoryCacheManager.getIvyFileInCache(ModuleRevisionId),org.apache.ivy.core.cache.DefaultRepositoryCacheManager.getIvyPattern(),11582
org.apache.ivy.core.cache.DefaultRepositoryCacheManager.getIvyFileInCache(ModuleRevisionId),org.apache.ivy.core.cache.DefaultRepositoryCacheManager.getRepositoryCacheRoot(),11581
org.apache.ivy.core.cache.DefaultRepositoryCacheManager.getRepositoryCacheRoot(),org.apache.ivy.core.cache.DefaultRepositoryCacheManager.getBasedir(),26559
org.apache.ivy.core.cache.DefaultRepositoryCacheManager.getDefaultMetadataArtifactOrigin(ModuleRevisionId),"org.apache.ivy.core.module.descriptor.DefaultArtifact.newIvyArtifact(ModuleRevisionId, Date)",9951
org.apache.ivy.core.cache.DefaultRepositoryCacheManager.getDefaultMetadataArtifactOrigin(ModuleRevisionId),"org.apache.ivy.core.cache.ArtifactOrigin.<init>(Artifact, boolean, String)",9951
org.apache.ivy.core.cache.DefaultRepositoryCacheManager.lockMetadataArtifact(ModuleRevisionId),"org.apache.ivy.core.cache.DefaultRepositoryCacheManager.getArchiveFileInCache(Artifact, ArtifactOrigin)",4825
"org.apache.ivy.core.cache.DefaultRepositoryCacheManager.getArchiveFileInCache(Artifact, ArtifactOrigin)","org.apache.ivy.core.cache.DefaultRepositoryCacheManager.getArchivePathInCache(Artifact, ArtifactOrigin)",10303
"org.apache.ivy.core.cache.DefaultRepositoryCacheManager.getArchivePathInCache(Artifact, ArtifactOrigin)","org.apache.ivy.core.IvyPatternHelper.substitute(String, Artifact, ArtifactOrigin)",11615
"org.apache.ivy.core.IvyPatternHelper.substitute(String, Artifact, ArtifactOrigin)","org.apache.ivy.core.IvyPatternHelper.substitute(String, ModuleRevisionId, Artifact, String, ArtifactOrigin)",11618
"org.apache.ivy.core.IvyPatternHelper.substitute(String, Artifact, ArtifactOrigin)",org.apache.ivy.core.module.descriptor.DefaultArtifact.getModuleRevisionId(),11114
"org.apache.ivy.core.cache.DefaultRepositoryCacheManager.getArchivePathInCache(Artifact, ArtifactOrigin)",org.apache.ivy.core.cache.DefaultRepositoryCacheManager.getArtifactPattern(),10912
"org.apache.ivy.core.cache.DefaultRepositoryCacheManager.getArchivePathInCache(Artifact, ArtifactOrigin)",org.apache.ivy.core.cache.DefaultRepositoryCacheManager.isOriginalMetadataArtifact(Artifact),11615
org.apache.ivy.core.cache.DefaultRepositoryCacheManager.isOriginalMetadataArtifact(Artifact),org.apache.ivy.core.module.descriptor.DefaultArtifact.getType(),10654
"org.apache.ivy.core.cache.DefaultRepositoryCacheManager.getArchiveFileInCache(Artifact, ArtifactOrigin)",org.apache.ivy.core.cache.ArtifactOrigin.isUnknown(ArtifactOrigin),10111
"org.apache.ivy.core.cache.DefaultRepositoryCacheManager.getArchiveFileInCache(Artifact, ArtifactOrigin)",org.apache.ivy.core.cache.DefaultRepositoryCacheManager.getRepositoryCacheRoot(),10303
org.apache.ivy.core.cache.DefaultRepositoryCacheManager.lockMetadataArtifact(ModuleRevisionId),org.apache.ivy.core.cache.DefaultRepositoryCacheManager.getDefaultMetadataArtifact(ModuleRevisionId),4829
org.apache.ivy.core.cache.DefaultRepositoryCacheManager.getDefaultMetadataArtifact(ModuleRevisionId),"org.apache.ivy.core.module.descriptor.DefaultArtifact.<init>(ModuleRevisionId, Date, String, String, String, boolean)",9956
org.apache.ivy.core.cache.DefaultRepositoryCacheManager.lockMetadataArtifact(ModuleRevisionId),org.apache.ivy.core.cache.DefaultRepositoryCacheManager.getLockStrategy(),4827
org.apache.ivy.core.cache.DefaultRepositoryCacheManager.getSavedArtifactOrigin(Artifact),org.apache.ivy.core.cache.DefaultRepositoryCacheManager.unlockMetadataArtifact(ModuleRevisionId),1356
org.apache.ivy.core.cache.DefaultRepositoryCacheManager.unlockMetadataArtifact(ModuleRevisionId),"org.apache.ivy.core.cache.DefaultRepositoryCacheManager.getArchiveFileInCache(Artifact, ArtifactOrigin)",5126
org.apache.ivy.core.cache.DefaultRepositoryCacheManager.unlockMetadataArtifact(ModuleRevisionId),org.apache.ivy.core.cache.DefaultRepositoryCacheManager.getDefaultMetadataArtifactOrigin(ModuleRevisionId),5126
org.apache.ivy.core.cache.DefaultRepositoryCacheManager.unlockMetadataArtifact(ModuleRevisionId),org.apache.ivy.core.cache.DefaultRepositoryCacheManager.getDefaultMetadataArtifact(ModuleRevisionId),5127
org.apache.ivy.core.cache.DefaultRepositoryCacheManager.unlockMetadataArtifact(ModuleRevisionId),org.apache.ivy.core.cache.DefaultRepositoryCacheManager.getLockStrategy(),5127
org.apache.ivy.core.cache.DefaultRepositoryCacheManager.getSavedArtifactOrigin(Artifact),org.apache.ivy.core.cache.DefaultRepositoryCacheManager.getLastCheckedKey(Artifact),1355
org.apache.ivy.core.cache.DefaultRepositoryCacheManager.getLastCheckedKey(Artifact),org.apache.ivy.core.cache.DefaultRepositoryCacheManager.getPrefixKey(Artifact),1517
org.apache.ivy.core.cache.DefaultRepositoryCacheManager.getPrefixKey(Artifact),org.apache.ivy.core.module.id.ArtifactRevisionId.hashCode(),7734
org.apache.ivy.core.module.id.ArtifactRevisionId.hashCode(),org.apache.ivy.core.module.id.ArtifactId.hashCode(),7790
org.apache.ivy.core.module.id.ArtifactId.hashCode(),org.apache.ivy.core.module.id.ModuleId.hashCode(),9189
org.apache.ivy.core.module.id.ArtifactRevisionId.hashCode(),org.apache.ivy.core.module.id.ModuleRevisionId.hashCode(),7788
org.apache.ivy.core.cache.DefaultRepositoryCacheManager.getPrefixKey(Artifact),org.apache.ivy.core.module.descriptor.DefaultArtifact.getExt(),5655
org.apache.ivy.core.cache.DefaultRepositoryCacheManager.getPrefixKey(Artifact),org.apache.ivy.core.module.descriptor.DefaultArtifact.getName(),5655
org.apache.ivy.core.cache.DefaultRepositoryCacheManager.getPrefixKey(Artifact),org.apache.ivy.core.module.descriptor.DefaultArtifact.getType(),5655
org.apache.ivy.core.cache.DefaultRepositoryCacheManager.getSavedArtifactOrigin(Artifact),org.apache.ivy.core.cache.DefaultRepositoryCacheManager.getCachedDataFile(ModuleRevisionId),1356
org.apache.ivy.core.cache.DefaultRepositoryCacheManager.getCachedDataFile(ModuleRevisionId),"org.apache.ivy.core.IvyPatternHelper.substitute(String, ModuleRevisionId)",3358
"org.apache.ivy.core.IvyPatternHelper.substitute(String, ModuleRevisionId)","org.apache.ivy.core.IvyPatternHelper.substitute(String, String, String, String, String, String, String, String, String, ArtifactOrigin, Map, Map)",3433
"org.apache.ivy.core.IvyPatternHelper.substitute(String, ModuleRevisionId)",org.apache.ivy.core.module.id.ModuleRevisionId.getName(),3433
"org.apache.ivy.core.IvyPatternHelper.substitute(String, ModuleRevisionId)",org.apache.ivy.core.module.id.ModuleRevisionId.getOrganisation(),3433
org.apache.ivy.core.cache.DefaultRepositoryCacheManager.getCachedDataFile(ModuleRevisionId),"org.apache.ivy.util.PropertiesFile.<init>(File, String)",3358
org.apache.ivy.core.cache.DefaultRepositoryCacheManager.getCachedDataFile(ModuleRevisionId),org.apache.ivy.core.cache.DefaultRepositoryCacheManager.getRepositoryCacheRoot(),3359
org.apache.ivy.core.cache.DefaultRepositoryCacheManager.getSavedArtifactOrigin(Artifact),org.apache.ivy.core.cache.DefaultRepositoryCacheManager.getLocationKey(Artifact),1356
org.apache.ivy.core.cache.DefaultRepositoryCacheManager.getLocationKey(Artifact),org.apache.ivy.core.cache.DefaultRepositoryCacheManager.getPrefixKey(Artifact),2073
org.apache.ivy.core.cache.DefaultRepositoryCacheManager.getSavedArtifactOrigin(Artifact),org.apache.ivy.core.cache.DefaultRepositoryCacheManager.getIsLocalKey(Artifact),1355
org.apache.ivy.core.cache.DefaultRepositoryCacheManager.getIsLocalKey(Artifact),org.apache.ivy.core.cache.DefaultRepositoryCacheManager.getPrefixKey(Artifact),2072
org.apache.ivy.core.cache.DefaultRepositoryCacheManager.getSavedArtifactOrigin(Artifact),org.apache.ivy.core.cache.DefaultRepositoryCacheManager.getExistsKey(Artifact),1355
org.apache.ivy.core.cache.DefaultRepositoryCacheManager.getExistsKey(Artifact),org.apache.ivy.core.cache.DefaultRepositoryCacheManager.getPrefixKey(Artifact),2072
org.apache.ivy.core.cache.DefaultRepositoryCacheManager.getSavedArtifactOrigin(Artifact),org.apache.ivy.core.cache.ArtifactOrigin.unkwnown(Artifact),932
org.apache.ivy.core.cache.ArtifactOrigin.unkwnown(Artifact),"org.apache.ivy.core.cache.ArtifactOrigin.<init>(Artifact, boolean, String)",987
org.apache.ivy.core.cache.DefaultRepositoryCacheManager.getSavedArtifactOrigin(Artifact),org.apache.ivy.core.module.descriptor.DefaultArtifact.getModuleRevisionId(),2019
"org.apache.ivy.core.cache.DefaultRepositoryCacheManager.download(Artifact, ArtifactResourceResolver, ResourceDownloader, CacheDownloadOptions)","org.apache.ivy.core.cache.DefaultRepositoryCacheManager.saveArtifactOrigin(Artifact, ArtifactOrigin)",392
"org.apache.ivy.core.cache.DefaultRepositoryCacheManager.saveArtifactOrigin(Artifact, ArtifactOrigin)",org.apache.ivy.util.PropertiesFile.save(),717
"org.apache.ivy.core.cache.DefaultRepositoryCacheManager.saveArtifactOrigin(Artifact, ArtifactOrigin)",org.apache.ivy.core.cache.DefaultRepositoryCacheManager.getCachedDataFile(ModuleRevisionId),718
"org.apache.ivy.core.cache.DefaultRepositoryCacheManager.saveArtifactOrigin(Artifact, ArtifactOrigin)",org.apache.ivy.core.cache.DefaultRepositoryCacheManager.getIsLocalKey(Artifact),717
"org.apache.ivy.core.cache.DefaultRepositoryCacheManager.saveArtifactOrigin(Artifact, ArtifactOrigin)",org.apache.ivy.core.cache.DefaultRepositoryCacheManager.getLocationKey(Artifact),717
"org.apache.ivy.core.cache.DefaultRepositoryCacheManager.saveArtifactOrigin(Artifact, ArtifactOrigin)",org.apache.ivy.core.cache.DefaultRepositoryCacheManager.getExistsKey(Artifact),717
"org.apache.ivy.core.cache.DefaultRepositoryCacheManager.saveArtifactOrigin(Artifact, ArtifactOrigin)",org.apache.ivy.core.module.descriptor.DefaultArtifact.getModuleRevisionId(),487
"org.apache.ivy.core.cache.DefaultRepositoryCacheManager.download(Artifact, ArtifactResourceResolver, ResourceDownloader, CacheDownloadOptions)",org.apache.ivy.core.cache.DefaultRepositoryCacheManager.unlockMetadataArtifact(ModuleRevisionId),538
"org.apache.ivy.core.cache.DefaultRepositoryCacheManager.download(Artifact, ArtifactResourceResolver, ResourceDownloader, CacheDownloadOptions)",org.apache.ivy.core.cache.DefaultRepositoryCacheManager.lockMetadataArtifact(ModuleRevisionId),538
"org.apache.ivy.core.cache.DefaultRepositoryCacheManager.download(Artifact, ArtifactResourceResolver, ResourceDownloader, CacheDownloadOptions)","org.apache.ivy.core.cache.DefaultRepositoryCacheManager.getArchiveFileInCache(Artifact, ArtifactOrigin, boolean)",1011
"org.apache.ivy.core.cache.DefaultRepositoryCacheManager.getArchiveFileInCache(Artifact, ArtifactOrigin, boolean)","org.apache.ivy.core.cache.DefaultRepositoryCacheManager.getArchivePathInCache(Artifact, ArtifactOrigin)",1311
"org.apache.ivy.core.cache.DefaultRepositoryCacheManager.getArchivePathInCache(Artifact, ArtifactOrigin)",org.apache.ivy.core.cache.DefaultRepositoryCacheManager.getIvyPattern(),703
"org.apache.ivy.core.cache.DefaultRepositoryCacheManager.getArchiveFileInCache(Artifact, ArtifactOrigin, boolean)",org.apache.ivy.core.cache.DefaultRepositoryCacheManager.getRepositoryCacheRoot(),1311
"org.apache.ivy.core.event.download.NeedArtifactEvent.<init>(DependencyResolver, Artifact)","org.apache.ivy.core.event.download.DownloadEvent.<init>(String, Artifact)",500
"org.apache.ivy.core.event.download.DownloadEvent.<init>(String, Artifact)",org.apache.ivy.core.event.download.DownloadEvent.addArtifactAttributes(Artifact),1447
org.apache.ivy.core.event.download.DownloadEvent.addArtifactAttributes(Artifact),org.apache.ivy.core.module.descriptor.AbstractArtifact.getAttributes(),1445
org.apache.ivy.core.event.download.DownloadEvent.addArtifactAttributes(Artifact),org.apache.ivy.core.event.IvyEvent.addAttributes(Map),1445
org.apache.ivy.core.event.download.DownloadEvent.addArtifactAttributes(Artifact),org.apache.ivy.core.event.IvyEvent.addMridAttributes(ModuleRevisionId),1445
org.apache.ivy.core.event.IvyEvent.addMridAttributes(ModuleRevisionId),org.apache.ivy.core.event.IvyEvent.addModuleIdAttributes(ModuleId),2972
org.apache.ivy.core.event.IvyEvent.addModuleIdAttributes(ModuleId),"org.apache.ivy.core.event.IvyEvent.addAttribute(String, String)",5946
org.apache.ivy.core.event.IvyEvent.addMridAttributes(ModuleRevisionId),org.apache.ivy.core.event.IvyEvent.addAttributes(Map),5944
org.apache.ivy.core.event.IvyEvent.addMridAttributes(ModuleRevisionId),"org.apache.ivy.core.event.IvyEvent.addAttribute(String, String)",5944
org.apache.ivy.core.event.download.DownloadEvent.addArtifactAttributes(Artifact),"org.apache.ivy.core.event.IvyEvent.addAttribute(String, String)",1445
org.apache.ivy.core.event.download.DownloadEvent.addArtifactAttributes(Artifact),org.apache.ivy.core.module.descriptor.DefaultArtifact.getModuleRevisionId(),680
"org.apache.ivy.core.event.download.DownloadEvent.<init>(String, Artifact)",org.apache.ivy.core.event.IvyEvent.<init>(String),1447
"org.apache.ivy.core.event.download.NeedArtifactEvent.<init>(DependencyResolver, Artifact)","org.apache.ivy.core.event.IvyEvent.addAttribute(String, String)",499
"org.apache.ivy.core.event.download.StartArtifactDownloadEvent.<init>(DependencyResolver, Artifact, ArtifactOrigin)","org.apache.ivy.core.event.download.DownloadEvent.<init>(String, Artifact)",446
"org.apache.ivy.core.event.download.StartArtifactDownloadEvent.<init>(DependencyResolver, Artifact, ArtifactOrigin)","org.apache.ivy.core.event.IvyEvent.addAttribute(String, String)",1335
org.apache.ivy.plugins.repository.file.FileResource.toString(),org.apache.ivy.plugins.repository.file.FileResource.getName(),1380
"org.apache.ivy.core.event.download.EndArtifactDownloadEvent.<init>(DependencyResolver, Artifact, ArtifactDownloadReport, File)","org.apache.ivy.core.event.download.DownloadEvent.<init>(String, Artifact)",501
"org.apache.ivy.core.event.download.EndArtifactDownloadEvent.<init>(DependencyResolver, Artifact, ArtifactDownloadReport, File)","org.apache.ivy.core.event.IvyEvent.addAttribute(String, String)",4000
"org.apache.ivy.core.event.download.EndArtifactDownloadEvent.<init>(DependencyResolver, Artifact, ArtifactDownloadReport, File)",org.apache.ivy.core.cache.ArtifactOrigin.isUnknown(ArtifactOrigin),500
"org.apache.ivy.core.cache.DefaultRepositoryCacheManager.download(Artifact, ArtifactResourceResolver, ResourceDownloader, CacheDownloadOptions)","org.apache.ivy.plugins.repository.ResourceHelper.equals(Resource, File)",473
"org.apache.ivy.plugins.repository.ResourceHelper.equals(Resource, File)",org.apache.ivy.plugins.repository.file.FileResource.getName(),350
"org.apache.ivy.core.cache.DefaultRepositoryCacheManager.download(Artifact, ArtifactResourceResolver, ResourceDownloader, CacheDownloadOptions)",org.apache.ivy.plugins.repository.file.FileResource.isLocal(),368
"org.apache.ivy.core.cache.DefaultRepositoryCacheManager.download(Artifact, ArtifactResourceResolver, ResourceDownloader, CacheDownloadOptions)","org.apache.ivy.core.cache.ArtifactOrigin.<init>(Artifact, boolean, String)",482
"org.apache.ivy.core.cache.DefaultRepositoryCacheManager.download(Artifact, ArtifactResourceResolver, ResourceDownloader, CacheDownloadOptions)",org.apache.ivy.core.cache.DefaultRepositoryCacheManager.isUseOrigin(),539
"org.apache.ivy.core.cache.DefaultRepositoryCacheManager.download(Artifact, ArtifactResourceResolver, ResourceDownloader, CacheDownloadOptions)",org.apache.ivy.core.module.descriptor.DefaultArtifact.getModuleRevisionId(),268
"org.apache.ivy.core.cache.DefaultRepositoryCacheManager.download(Artifact, ArtifactResourceResolver, ResourceDownloader, CacheDownloadOptions)",org.apache.ivy.core.report.ArtifactDownloadReport.<init>(Artifact),539
"org.apache.ivy.core.cache.DefaultRepositoryCacheManager.download(Artifact, ArtifactResourceResolver, ResourceDownloader, CacheDownloadOptions)",org.apache.ivy.plugins.repository.file.FileResource.getName(),359
"org.apache.ivy.core.cache.DefaultRepositoryCacheManager.cacheModuleDescriptor(DependencyResolver, ResolvedResource, DependencyDescriptor, Artifact, ResourceDownloader, CacheMetadataOptions)","org.apache.ivy.core.cache.DefaultRepositoryCacheManager.saveArtifactOrigin(Artifact, ArtifactOrigin)",134
"org.apache.ivy.core.cache.DefaultRepositoryCacheManager.cacheModuleDescriptor(DependencyResolver, ResolvedResource, DependencyDescriptor, Artifact, ResourceDownloader, CacheMetadataOptions)","org.apache.ivy.core.cache.DefaultRepositoryCacheManager.doFindModuleInCache(ModuleRevisionId, CacheMetadataOptions, String)",215
"org.apache.ivy.core.cache.DefaultRepositoryCacheManager.doFindModuleInCache(ModuleRevisionId, CacheMetadataOptions, String)",org.apache.ivy.core.cache.DefaultRepositoryCacheManager.unlockMetadataArtifact(ModuleRevisionId),1491
"org.apache.ivy.core.cache.DefaultRepositoryCacheManager.doFindModuleInCache(ModuleRevisionId, CacheMetadataOptions, String)",org.apache.ivy.core.cache.DefaultRepositoryCacheManager.lockMetadataArtifact(ModuleRevisionId),1491
"org.apache.ivy.core.cache.DefaultRepositoryCacheManager.doFindModuleInCache(ModuleRevisionId, CacheMetadataOptions, String)",org.apache.ivy.plugins.version.ChainVersionMatcher.isDynamic(ModuleRevisionId),1453
org.apache.ivy.plugins.version.ChainVersionMatcher.isDynamic(ModuleRevisionId),org.apache.ivy.plugins.version.VersionRangeMatcher.isDynamic(ModuleRevisionId),9388
org.apache.ivy.plugins.version.ChainVersionMatcher.isDynamic(ModuleRevisionId),org.apache.ivy.plugins.version.LatestVersionMatcher.isDynamic(ModuleRevisionId),9185
org.apache.ivy.plugins.version.ChainVersionMatcher.isDynamic(ModuleRevisionId),org.apache.ivy.plugins.version.SubVersionMatcher.isDynamic(ModuleRevisionId),9265
org.apache.ivy.plugins.version.ChainVersionMatcher.isDynamic(ModuleRevisionId),"org.apache.ivy.util.Checks.checkNotNull(Object, String)",9391
"org.apache.ivy.core.cache.DefaultRepositoryCacheManager.doFindModuleInCache(ModuleRevisionId, CacheMetadataOptions, String)",org.apache.ivy.core.cache.DefaultRepositoryCacheManager.getIvyFileInCache(ModuleRevisionId),1348
"org.apache.ivy.core.cache.DefaultRepositoryCacheManager.doFindModuleInCache(ModuleRevisionId, CacheMetadataOptions, String)",org.apache.ivy.util.Message.debug(String),1534
"org.apache.ivy.core.cache.DefaultRepositoryCacheManager.doFindModuleInCache(ModuleRevisionId, CacheMetadataOptions, String)",org.apache.ivy.core.settings.IvySettings.getVersionMatcher(),1453
"org.apache.ivy.core.cache.DefaultRepositoryCacheManager.cacheModuleDescriptor(DependencyResolver, ResolvedResource, DependencyDescriptor, Artifact, ResourceDownloader, CacheMetadataOptions)",org.apache.ivy.core.cache.DefaultRepositoryCacheManager.unlockMetadataArtifact(ModuleRevisionId),358
"org.apache.ivy.core.cache.DefaultRepositoryCacheManager.cacheModuleDescriptor(DependencyResolver, ResolvedResource, DependencyDescriptor, Artifact, ResourceDownloader, CacheMetadataOptions)",org.apache.ivy.core.cache.DefaultRepositoryCacheManager.lockMetadataArtifact(ModuleRevisionId),358
"org.apache.ivy.core.cache.DefaultRepositoryCacheManager.cacheModuleDescriptor(DependencyResolver, ResolvedResource, DependencyDescriptor, Artifact, ResourceDownloader, CacheMetadataOptions)",org.apache.ivy.plugins.parser.ModuleDescriptorParserRegistry.getParser(Resource),135
org.apache.ivy.plugins.parser.ModuleDescriptorParserRegistry.getParser(Resource),org.apache.ivy.osgi.core.OSGiManifestParser.accept(Resource),601
org.apache.ivy.osgi.core.OSGiManifestParser.accept(Resource),org.apache.ivy.plugins.repository.file.FileResource.getName(),801
org.apache.ivy.plugins.parser.ModuleDescriptorParserRegistry.getParser(Resource),org.apache.ivy.plugins.parser.m2.PomModuleDescriptorParser.accept(Resource),718
org.apache.ivy.plugins.parser.m2.PomModuleDescriptorParser.accept(Resource),org.apache.ivy.plugins.repository.file.FileResource.getName(),805
org.apache.ivy.core.module.id.ArtifactRevisionId.toString(),org.apache.ivy.core.module.id.ArtifactRevisionId.getExt(),1644
org.apache.ivy.core.module.id.ArtifactRevisionId.toString(),org.apache.ivy.core.module.id.ArtifactRevisionId.getName(),822
org.apache.ivy.core.module.id.ArtifactRevisionId.toString(),org.apache.ivy.core.module.id.ArtifactRevisionId.getType(),1053
"org.apache.ivy.core.cache.DefaultRepositoryCacheManager.cacheModuleDescriptor(DependencyResolver, ResolvedResource, DependencyDescriptor, Artifact, ResourceDownloader, CacheMetadataOptions)",org.apache.ivy.core.cache.DefaultRepositoryCacheManager.getOriginalMetadataArtifact(Artifact),215
org.apache.ivy.core.cache.DefaultRepositoryCacheManager.getOriginalMetadataArtifact(Artifact),"org.apache.ivy.core.module.descriptor.DefaultArtifact.cloneWithAnotherType(Artifact, String)",489
"org.apache.ivy.core.module.descriptor.DefaultArtifact.cloneWithAnotherType(Artifact, String)","org.apache.ivy.core.module.descriptor.DefaultArtifact.cloneWithAnotherTypeAndExt(Artifact, String, String)",496
"org.apache.ivy.core.module.descriptor.DefaultArtifact.cloneWithAnotherTypeAndExt(Artifact, String, String)","org.apache.ivy.core.module.id.ArtifactRevisionId.newInstance(ModuleRevisionId, String, String, String, Map)",674
"org.apache.ivy.core.module.descriptor.DefaultArtifact.cloneWithAnotherTypeAndExt(Artifact, String, String)",org.apache.ivy.core.module.descriptor.AbstractArtifact.getQualifiedExtraAttributes(),675
"org.apache.ivy.core.module.descriptor.DefaultArtifact.cloneWithAnotherTypeAndExt(Artifact, String, String)","org.apache.ivy.core.module.descriptor.DefaultArtifact.<init>(ArtifactRevisionId, Date, URL, boolean)",674
"org.apache.ivy.core.module.descriptor.DefaultArtifact.cloneWithAnotherTypeAndExt(Artifact, String, String)",org.apache.ivy.core.module.descriptor.DefaultArtifact.getModuleRevisionId(),558
"org.apache.ivy.core.module.descriptor.DefaultArtifact.cloneWithAnotherTypeAndExt(Artifact, String, String)",org.apache.ivy.core.module.descriptor.DefaultArtifact.getName(),558
"org.apache.ivy.core.module.descriptor.DefaultArtifact.cloneWithAnotherType(Artifact, String)",org.apache.ivy.core.module.descriptor.DefaultArtifact.getExt(),491
org.apache.ivy.core.cache.DefaultRepositoryCacheManager.getOriginalMetadataArtifact(Artifact),org.apache.ivy.core.module.descriptor.DefaultArtifact.getType(),489
"org.apache.ivy.core.cache.DefaultRepositoryCacheManager.cacheModuleDescriptor(DependencyResolver, ResolvedResource, DependencyDescriptor, Artifact, ResourceDownloader, CacheMetadataOptions)",org.apache.ivy.util.Message.verbose(String),215
"org.apache.ivy.core.cache.DefaultRepositoryCacheManager.cacheModuleDescriptor(DependencyResolver, ResolvedResource, DependencyDescriptor, Artifact, ResourceDownloader, CacheMetadataOptions)",org.apache.ivy.util.Message.debug(String),134
"org.apache.ivy.core.cache.DefaultRepositoryCacheManager.cacheModuleDescriptor(DependencyResolver, ResolvedResource, DependencyDescriptor, Artifact, ResourceDownloader, CacheMetadataOptions)","org.apache.ivy.core.cache.DefaultRepositoryCacheManager.isChanging(DependencyDescriptor, ModuleRevisionId, CacheMetadataOptions)",277
"org.apache.ivy.core.cache.DefaultRepositoryCacheManager.isChanging(DependencyDescriptor, ModuleRevisionId, CacheMetadataOptions)",org.apache.ivy.core.cache.DefaultRepositoryCacheManager.getChangingMatcher(CacheMetadataOptions),1515
"org.apache.ivy.core.cache.DefaultRepositoryCacheManager.isChanging(DependencyDescriptor, ModuleRevisionId, CacheMetadataOptions)",org.apache.ivy.plugins.matcher.NoMatcher.matches(String),1411
"org.apache.ivy.core.cache.DefaultRepositoryCacheManager.cacheModuleDescriptor(DependencyResolver, ResolvedResource, DependencyDescriptor, Artifact, ResourceDownloader, CacheMetadataOptions)",org.apache.ivy.plugins.resolver.AbstractResolver.getParserSettings(),135
"org.apache.ivy.core.cache.DefaultRepositoryCacheManager.cacheModuleDescriptor(DependencyResolver, ResolvedResource, DependencyDescriptor, Artifact, ResourceDownloader, CacheMetadataOptions)",org.apache.ivy.core.report.MetadataArtifactDownloadReport.<init>(Artifact),134
org.apache.ivy.core.report.MetadataArtifactDownloadReport.<init>(Artifact),org.apache.ivy.core.report.ArtifactDownloadReport.<init>(Artifact),472
"org.apache.ivy.core.cache.DefaultRepositoryCacheManager.cacheModuleDescriptor(DependencyResolver, ResolvedResource, DependencyDescriptor, Artifact, ResourceDownloader, CacheMetadataOptions)","org.apache.ivy.core.resolve.ResolvedModuleRevision.<init>(DependencyResolver, DependencyResolver, ModuleDescriptor, MetadataArtifactDownloadReport)",134
"org.apache.ivy.core.cache.DefaultRepositoryCacheManager.cacheModuleDescriptor(DependencyResolver, ResolvedResource, DependencyDescriptor, Artifact, ResourceDownloader, CacheMetadataOptions)","org.apache.ivy.plugins.namespace.NameSpaceHelper.transform(Artifact, NamespaceTransformer)",134
"org.apache.ivy.core.cache.DefaultRepositoryCacheManager.cacheModuleDescriptor(DependencyResolver, ResolvedResource, DependencyDescriptor, Artifact, ResourceDownloader, CacheMetadataOptions)",org.apache.ivy.core.cache.CacheDownloadOptions.<init>(),215
"org.apache.ivy.core.cache.DefaultRepositoryCacheManager.cacheModuleDescriptor(DependencyResolver, ResolvedResource, DependencyDescriptor, Artifact, ResourceDownloader, CacheMetadataOptions)",org.apache.ivy.core.module.descriptor.DefaultArtifact.getModuleRevisionId(),215
"org.apache.ivy.core.cache.DefaultRepositoryCacheManager.cacheModuleDescriptor(DependencyResolver, ResolvedResource, DependencyDescriptor, Artifact, ResourceDownloader, CacheMetadataOptions)",org.apache.ivy.core.module.descriptor.DefaultModuleDescriptor.getMetadataArtifact(),268
"org.apache.ivy.plugins.resolver.BasicResolver.parse(ResolvedResource, DependencyDescriptor, ResolveData)",org.apache.ivy.plugins.parser.ModuleDescriptorParserRegistry.getParser(Resource),215
"org.apache.ivy.plugins.resolver.BasicResolver.parse(ResolvedResource, DependencyDescriptor, ResolveData)","org.apache.ivy.plugins.parser.AbstractModuleDescriptorParser.getMetadataArtifact(ModuleRevisionId, Resource)",122
"org.apache.ivy.plugins.parser.AbstractModuleDescriptorParser.getMetadataArtifact(ModuleRevisionId, Resource)",org.apache.ivy.plugins.repository.file.FileResource.getLastModified(),239
"org.apache.ivy.plugins.parser.AbstractModuleDescriptorParser.getMetadataArtifact(ModuleRevisionId, Resource)","org.apache.ivy.core.module.descriptor.DefaultArtifact.newIvyArtifact(ModuleRevisionId, Date)",241
"org.apache.ivy.plugins.resolver.BasicResolver.parse(ResolvedResource, DependencyDescriptor, ResolveData)",org.apache.ivy.plugins.resolver.AbstractResolver.toSystem(DependencyDescriptor),216
org.apache.ivy.plugins.resolver.AbstractResolver.toSystem(DependencyDescriptor),"org.apache.ivy.plugins.namespace.NameSpaceHelper.transform(DependencyDescriptor, NamespaceTransformer, boolean)",362
"org.apache.ivy.plugins.namespace.NameSpaceHelper.transform(DependencyDescriptor, NamespaceTransformer, boolean)","org.apache.ivy.core.module.descriptor.DefaultDependencyDescriptor.transformInstance(DependencyDescriptor, NamespaceTransformer, boolean)",1209
"org.apache.ivy.core.module.descriptor.DefaultDependencyDescriptor.transformInstance(DependencyDescriptor, NamespaceTransformer, boolean)",org.apache.ivy.core.module.descriptor.DefaultDependencyDescriptor.getDependencyConfigurations(String),1061
org.apache.ivy.core.module.descriptor.DefaultDependencyDescriptor.getDependencyConfigurations(String),"org.apache.ivy.core.module.descriptor.DefaultDependencyDescriptor.getDependencyConfigurations(String, String)",1243
"org.apache.ivy.core.module.descriptor.DefaultDependencyDescriptor.getDependencyConfigurations(String, String)","org.apache.ivy.core.module.descriptor.DefaultDependencyDescriptor.replaceSelfFallbackPattern(String, String)",4077
"org.apache.ivy.core.module.descriptor.DefaultDependencyDescriptor.replaceSelfFallbackPattern(String, String)","org.apache.ivy.core.module.descriptor.DefaultDependencyDescriptor.replaceFallbackConfigurationPattern(Pattern, String, String)",4091
"org.apache.ivy.core.module.descriptor.DefaultDependencyDescriptor.getDependencyConfigurations(String, String)","org.apache.ivy.core.module.descriptor.DefaultDependencyDescriptor.replaceThisFallbackPattern(String, String)",4076
"org.apache.ivy.core.module.descriptor.DefaultDependencyDescriptor.replaceThisFallbackPattern(String, String)","org.apache.ivy.core.module.descriptor.DefaultDependencyDescriptor.replaceFallbackConfigurationPattern(Pattern, String, String)",4081
"org.apache.ivy.core.module.descriptor.DefaultDependencyDescriptor.getDependencyConfigurations(String, String)",org.apache.ivy.core.module.descriptor.DefaultModuleDescriptor.getConfiguration(String),9650
"org.apache.ivy.core.module.descriptor.DefaultDependencyDescriptor.transformInstance(DependencyDescriptor, NamespaceTransformer, boolean)",org.apache.ivy.core.module.descriptor.DefaultDependencyDescriptor.getModuleConfigurations(),1221
"org.apache.ivy.core.module.descriptor.DefaultDependencyDescriptor.transformInstance(DependencyDescriptor, NamespaceTransformer, boolean)","org.apache.ivy.core.module.descriptor.DefaultDependencyDescriptor.<init>(ModuleDescriptor, ModuleRevisionId, ModuleRevisionId, boolean, boolean, boolean)",1221
"org.apache.ivy.core.module.descriptor.DefaultDependencyDescriptor.transformInstance(DependencyDescriptor, NamespaceTransformer, boolean)",org.apache.ivy.core.module.descriptor.DefaultDependencyDescriptor.getDependencyArtifacts(String),1061
org.apache.ivy.core.module.descriptor.DefaultDependencyDescriptor.getDependencyArtifacts(String),"org.apache.ivy.core.module.descriptor.DefaultDependencyDescriptor.getCollectionForConfiguration(String, Map)",2258
"org.apache.ivy.core.module.descriptor.DefaultDependencyDescriptor.transformInstance(DependencyDescriptor, NamespaceTransformer, boolean)",org.apache.ivy.core.module.descriptor.DefaultDependencyDescriptor.getExcludeRules(String),1061
org.apache.ivy.core.module.descriptor.DefaultDependencyDescriptor.getExcludeRules(String),"org.apache.ivy.core.module.descriptor.DefaultDependencyDescriptor.getCollectionForConfiguration(String, Map)",4013
"org.apache.ivy.core.module.descriptor.DefaultDependencyDescriptor.transformInstance(DependencyDescriptor, NamespaceTransformer, boolean)",org.apache.ivy.core.module.descriptor.DefaultDependencyDescriptor.getDependencyArtifacts(),1376
"org.apache.ivy.core.module.descriptor.DefaultDependencyDescriptor.transformInstance(DependencyDescriptor, NamespaceTransformer, boolean)",org.apache.ivy.core.module.descriptor.DefaultDependencyDescriptor.getExcludeRules(),1376
"org.apache.ivy.core.module.descriptor.DefaultDependencyDescriptor.transformInstance(DependencyDescriptor, NamespaceTransformer, boolean)",org.apache.ivy.core.module.descriptor.DefaultDependencyDescriptor.getIncludeRules(),1376
"org.apache.ivy.core.module.descriptor.DefaultDependencyDescriptor.transformInstance(DependencyDescriptor, NamespaceTransformer, boolean)",org.apache.ivy.core.module.descriptor.DefaultDependencyDescriptor.getIncludeRules(String),1061
org.apache.ivy.core.module.descriptor.DefaultDependencyDescriptor.getIncludeRules(String),"org.apache.ivy.core.module.descriptor.DefaultDependencyDescriptor.getCollectionForConfiguration(String, Map)",2169
"org.apache.ivy.core.module.descriptor.DefaultDependencyDescriptor.transformInstance(DependencyDescriptor, NamespaceTransformer, boolean)",org.apache.ivy.core.module.descriptor.DefaultDependencyDescriptor.getParentRevisionId(),1223
org.apache.ivy.plugins.resolver.AbstractResolver.toSystem(DependencyDescriptor),org.apache.ivy.plugins.resolver.AbstractResolver.getNamespace(),362
"org.apache.ivy.plugins.resolver.BasicResolver.parse(ResolvedResource, DependencyDescriptor, ResolveData)",org.apache.ivy.plugins.version.ChainVersionMatcher.isDynamic(ModuleRevisionId),215
"org.apache.ivy.plugins.resolver.BasicResolver.parse(ResolvedResource, DependencyDescriptor, ResolveData)",org.apache.ivy.util.Message.verbose(String),430
"org.apache.ivy.plugins.resolver.BasicResolver.parse(ResolvedResource, DependencyDescriptor, ResolveData)",org.apache.ivy.plugins.resolver.AbstractResolver.getCacheOptions(ResolveData),215
org.apache.ivy.plugins.resolver.AbstractResolver.getCacheOptions(ResolveData),org.apache.ivy.plugins.resolver.AbstractResolver.getDownloadOptions(ResolveOptions),1707
org.apache.ivy.plugins.resolver.AbstractResolver.getDownloadOptions(ResolveOptions),org.apache.ivy.core.resolve.DownloadOptions.<init>(),1708
org.apache.ivy.core.resolve.DownloadOptions.<init>(),org.apache.ivy.core.LogOptions.<init>(),1955
org.apache.ivy.plugins.resolver.AbstractResolver.getCacheOptions(ResolveData),org.apache.ivy.core.cache.CacheMetadataOptions.<init>(),1708
org.apache.ivy.core.cache.CacheMetadataOptions.<init>(),org.apache.ivy.core.cache.CacheDownloadOptions.<init>(),1744
org.apache.ivy.plugins.resolver.AbstractResolver.getCacheOptions(ResolveData),org.apache.ivy.plugins.resolver.AbstractResolver.doValidate(ResolveData),1707
org.apache.ivy.plugins.resolver.AbstractResolver.doValidate(ResolveData),org.apache.ivy.core.resolve.ResolveData.isValidate(),2503
org.apache.ivy.plugins.resolver.AbstractResolver.getCacheOptions(ResolveData),org.apache.ivy.plugins.resolver.AbstractResolver.getDownloadListener(DownloadOptions),1707
org.apache.ivy.plugins.resolver.AbstractResolver.getCacheOptions(ResolveData),org.apache.ivy.plugins.resolver.AbstractResolver.getNamespace(),1707
"org.apache.ivy.plugins.resolver.BasicResolver.parse(ResolvedResource, DependencyDescriptor, ResolveData)",org.apache.ivy.util.Message.debug(String),215
"org.apache.ivy.plugins.resolver.BasicResolver.parse(ResolvedResource, DependencyDescriptor, ResolveData)",org.apache.ivy.core.settings.IvySettings.getVersionMatcher(),215
"org.apache.ivy.plugins.resolver.BasicResolver.parse(ResolvedResource, DependencyDescriptor, ResolveData)",org.apache.ivy.plugins.resolver.AbstractResolver.getRepositoryCacheManager(),215
"org.apache.ivy.plugins.resolver.BasicResolver.getDependency(DependencyDescriptor, ResolveData)","org.apache.ivy.plugins.resolver.BasicResolver.cacheModuleDescriptor(ModuleDescriptor, ModuleRevisionId, ResolvedResource, ResolvedModuleRevision)",273
"org.apache.ivy.plugins.resolver.BasicResolver.cacheModuleDescriptor(ModuleDescriptor, ModuleRevisionId, ResolvedResource, ResolvedModuleRevision)","org.apache.ivy.core.cache.DefaultRepositoryCacheManager.originalToCachedModuleDescriptor(DependencyResolver, ResolvedResource, Artifact, ResolvedModuleRevision, ModuleDescriptorWriter)",273
"org.apache.ivy.plugins.parser.xml.XmlModuleDescriptorParser.toIvyFile(InputStream, Resource, File, ModuleDescriptor)","org.apache.ivy.plugins.parser.xml.XmlModuleDescriptorUpdater.update(InputStream, Resource, File, UpdateOptions)",270
"org.apache.ivy.plugins.parser.xml.XmlModuleDescriptorUpdater.update(InputStream, Resource, File, UpdateOptions)","org.apache.ivy.plugins.parser.xml.XmlModuleDescriptorUpdater.update(URL, InputStream, OutputStream, UpdateOptions)",307
"org.apache.ivy.plugins.parser.xml.XmlModuleDescriptorUpdater.update(URL, InputStream, OutputStream, UpdateOptions)","org.apache.ivy.util.XMLHelper.parse(InputSource, URL, DefaultHandler, LexicalHandler)",316
"org.apache.ivy.plugins.parser.xml.XmlModuleDescriptorParser.toIvyFile(InputStream, Resource, File, ModuleDescriptor)",org.apache.ivy.core.IvyContext.getContext(),268
"org.apache.ivy.plugins.parser.xml.XmlModuleDescriptorParser.toIvyFile(InputStream, Resource, File, ModuleDescriptor)",org.apache.ivy.core.IvyContext.getSettings(),268
"org.apache.ivy.plugins.parser.xml.XmlModuleDescriptorParser.toIvyFile(InputStream, Resource, File, ModuleDescriptor)",org.apache.ivy.plugins.parser.xml.UpdateOptions.<init>(),268
"org.apache.ivy.plugins.parser.xml.XmlModuleDescriptorWriter.write(ModuleDescriptor, File)","org.apache.ivy.plugins.parser.xml.XmlModuleDescriptorWriter.write(ModuleDescriptor, String, File)",218
"org.apache.ivy.plugins.parser.xml.XmlModuleDescriptorWriter.write(ModuleDescriptor, String, File)","org.apache.ivy.plugins.parser.xml.XmlModuleDescriptorWriter.printInfoTag(ModuleDescriptor, PrintWriter)",211
"org.apache.ivy.plugins.parser.xml.XmlModuleDescriptorWriter.printInfoTag(ModuleDescriptor, PrintWriter)",org.apache.ivy.util.XMLHelper.escape(String),890
"org.apache.ivy.plugins.parser.xml.XmlModuleDescriptorWriter.printInfoTag(ModuleDescriptor, PrintWriter)",org.apache.ivy.util.DateUtil.format(Date),208
"org.apache.ivy.plugins.parser.xml.XmlModuleDescriptorWriter.printInfoTag(ModuleDescriptor, PrintWriter)",org.apache.ivy.plugins.parser.xml.XmlModuleDescriptorWriter.requireInnerInfoElement(ModuleDescriptor),209
org.apache.ivy.plugins.parser.xml.XmlModuleDescriptorWriter.requireInnerInfoElement(ModuleDescriptor),org.apache.ivy.core.module.descriptor.DefaultModuleDescriptor.getLicenses(),184
org.apache.ivy.plugins.parser.xml.XmlModuleDescriptorWriter.requireInnerInfoElement(ModuleDescriptor),org.apache.ivy.core.module.descriptor.DefaultModuleDescriptor.getInheritedDescriptors(),183
"org.apache.ivy.plugins.parser.xml.XmlModuleDescriptorWriter.printInfoTag(ModuleDescriptor, PrintWriter)",org.apache.ivy.core.module.descriptor.DefaultModuleDescriptor.getExtraAttributes(),208
"org.apache.ivy.plugins.parser.xml.XmlModuleDescriptorWriter.printInfoTag(ModuleDescriptor, PrintWriter)",org.apache.ivy.core.module.id.ModuleRevisionId.getName(),208
"org.apache.ivy.plugins.parser.xml.XmlModuleDescriptorWriter.printInfoTag(ModuleDescriptor, PrintWriter)",org.apache.ivy.core.module.id.ModuleRevisionId.getOrganisation(),208
"org.apache.ivy.plugins.parser.xml.XmlModuleDescriptorWriter.write(ModuleDescriptor, String, File)","org.apache.ivy.plugins.parser.xml.XmlModuleDescriptorWriter.printPublications(ModuleDescriptor, PrintWriter)",208
"org.apache.ivy.plugins.parser.xml.XmlModuleDescriptorWriter.printPublications(ModuleDescriptor, PrintWriter)","org.apache.ivy.plugins.parser.xml.XmlModuleDescriptorWriter.getConfs(ModuleDescriptor, Artifact)",202
org.apache.ivy.core.module.descriptor.AbstractArtifact.equals(Object),org.apache.ivy.core.module.descriptor.AbstractArtifact.getQualifiedExtraAttributes(),746
org.apache.ivy.core.module.descriptor.AbstractArtifact.equals(Object),org.apache.ivy.core.module.id.ModuleRevisionId.equals(Object),405
org.apache.ivy.core.module.descriptor.AbstractArtifact.equals(Object),org.apache.ivy.core.module.descriptor.MDArtifact.getModuleRevisionId(),694
org.apache.ivy.core.module.descriptor.AbstractArtifact.equals(Object),org.apache.ivy.core.module.descriptor.MDArtifact.getPublicationDate(),1039
"org.apache.ivy.plugins.parser.xml.XmlModuleDescriptorWriter.getConfs(ModuleDescriptor, Artifact)",org.apache.ivy.core.module.descriptor.DefaultModuleDescriptor.getArtifacts(String),493
org.apache.ivy.core.module.descriptor.DefaultModuleDescriptor.getArtifacts(String),org.apache.ivy.core.module.descriptor.DefaultModuleDescriptor.getConfiguration(String),3503
"org.apache.ivy.plugins.parser.xml.XmlModuleDescriptorWriter.getConfs(ModuleDescriptor, Artifact)",org.apache.ivy.core.module.descriptor.DefaultModuleDescriptor.getConfigurationsNames(),202
"org.apache.ivy.plugins.parser.xml.XmlModuleDescriptorWriter.printPublications(ModuleDescriptor, PrintWriter)","org.apache.ivy.plugins.parser.xml.XmlModuleDescriptorWriter.printExtraAttributes(ExtendableItem, PrintWriter, String)",202
"org.apache.ivy.plugins.parser.xml.XmlModuleDescriptorWriter.printExtraAttributes(ExtendableItem, PrintWriter, String)",org.apache.ivy.core.module.descriptor.AbstractArtifact.getQualifiedExtraAttributes(),202
"org.apache.ivy.plugins.parser.xml.XmlModuleDescriptorWriter.printExtraAttributes(ExtendableItem, PrintWriter, String)","org.apache.ivy.plugins.parser.xml.XmlModuleDescriptorWriter.printExtraAttributes(Map, PrintWriter, String)",725
"org.apache.ivy.plugins.parser.xml.XmlModuleDescriptorWriter.printPublications(ModuleDescriptor, PrintWriter)",org.apache.ivy.core.module.descriptor.DefaultModuleDescriptor.getAllArtifacts(),208
"org.apache.ivy.plugins.parser.xml.XmlModuleDescriptorWriter.printPublications(ModuleDescriptor, PrintWriter)",org.apache.ivy.util.XMLHelper.escape(String),808
"org.apache.ivy.plugins.parser.xml.XmlModuleDescriptorWriter.write(ModuleDescriptor, String, File)","org.apache.ivy.plugins.parser.xml.XmlModuleDescriptorWriter.printConfigurations(ModuleDescriptor, PrintWriter)",208
"org.apache.ivy.plugins.parser.xml.XmlModuleDescriptorWriter.printConfigurations(ModuleDescriptor, PrintWriter)","org.apache.ivy.plugins.parser.xml.XmlModuleDescriptorWriter.printConfiguration(Configuration, PrintWriter)",391
"org.apache.ivy.plugins.parser.xml.XmlModuleDescriptorWriter.printConfiguration(Configuration, PrintWriter)","org.apache.ivy.plugins.parser.xml.XmlModuleDescriptorWriter.printExtraAttributes(ExtendableItem, PrintWriter, String)",403
"org.apache.ivy.plugins.parser.xml.XmlModuleDescriptorWriter.printConfiguration(Configuration, PrintWriter)",org.apache.ivy.util.XMLHelper.escape(String),1117
"org.apache.ivy.plugins.parser.xml.XmlModuleDescriptorWriter.printConfigurations(ModuleDescriptor, PrintWriter)",org.apache.ivy.core.module.descriptor.DefaultModuleDescriptor.getConfigurations(),208
"org.apache.ivy.plugins.parser.xml.XmlModuleDescriptorWriter.write(ModuleDescriptor, String, File)","org.apache.ivy.plugins.parser.xml.XmlModuleDescriptorWriter.printDependencies(ModuleDescriptor, PrintWriter)",208
"org.apache.ivy.plugins.parser.xml.XmlModuleDescriptorWriter.printDependencies(ModuleDescriptor, PrintWriter)",org.apache.ivy.core.module.descriptor.DefaultModuleDescriptor.getDependencies(),208
"org.apache.ivy.plugins.parser.xml.XmlModuleDescriptorWriter.write(ModuleDescriptor, String, File)",org.apache.ivy.core.module.descriptor.DefaultModuleDescriptor.getInheritedDescriptors(),209
org.apache.ivy.plugins.resolver.util.ResolvedResource.getLastModified(),org.apache.ivy.plugins.repository.file.FileResource.getLastModified(),261
"org.apache.ivy.core.cache.DefaultRepositoryCacheManager.originalToCachedModuleDescriptor(DependencyResolver, ResolvedResource, Artifact, ResolvedModuleRevision, ModuleDescriptorWriter)","org.apache.ivy.core.cache.DefaultRepositoryCacheManager.saveResolvers(ModuleDescriptor, String, String)",273
"org.apache.ivy.core.cache.DefaultRepositoryCacheManager.saveResolvers(ModuleDescriptor, String, String)",org.apache.ivy.core.cache.DefaultRepositoryCacheManager.lockMetadataArtifact(ModuleRevisionId),601
"org.apache.ivy.core.cache.DefaultRepositoryCacheManager.saveResolvers(ModuleDescriptor, String, String)",org.apache.ivy.util.PropertiesFile.save(),600
"org.apache.ivy.core.cache.DefaultRepositoryCacheManager.saveResolvers(ModuleDescriptor, String, String)",org.apache.ivy.core.cache.DefaultRepositoryCacheManager.unlockMetadataArtifact(ModuleRevisionId),600
"org.apache.ivy.core.cache.DefaultRepositoryCacheManager.saveResolvers(ModuleDescriptor, String, String)",org.apache.ivy.core.cache.DefaultRepositoryCacheManager.getCachedDataFile(ModuleDescriptor),600
org.apache.ivy.core.cache.DefaultRepositoryCacheManager.getCachedDataFile(ModuleDescriptor),org.apache.ivy.core.cache.DefaultRepositoryCacheManager.getCachedDataFile(ModuleRevisionId),1076
"org.apache.ivy.core.cache.DefaultRepositoryCacheManager.originalToCachedModuleDescriptor(DependencyResolver, ResolvedResource, Artifact, ResolvedModuleRevision, ModuleDescriptorWriter)",org.apache.ivy.core.cache.DefaultRepositoryCacheManager.getArchiveFileInCache(Artifact),273
org.apache.ivy.core.cache.DefaultRepositoryCacheManager.getArchiveFileInCache(Artifact),org.apache.ivy.core.cache.DefaultRepositoryCacheManager.getSavedArtifactOrigin(Artifact),344
org.apache.ivy.core.cache.DefaultRepositoryCacheManager.getSavedArtifactOrigin(Artifact),"org.apache.ivy.core.cache.ArtifactOrigin.<init>(Artifact, boolean, String)",423
org.apache.ivy.core.cache.DefaultRepositoryCacheManager.getArchiveFileInCache(Artifact),"org.apache.ivy.core.cache.DefaultRepositoryCacheManager.getArchiveFileInCache(Artifact, ArtifactOrigin)",343
"org.apache.ivy.core.cache.DefaultRepositoryCacheManager.originalToCachedModuleDescriptor(DependencyResolver, ResolvedResource, Artifact, ResolvedModuleRevision, ModuleDescriptorWriter)",org.apache.ivy.core.cache.DefaultRepositoryCacheManager.lockMetadataArtifact(ModuleRevisionId),273
"org.apache.ivy.core.cache.DefaultRepositoryCacheManager.originalToCachedModuleDescriptor(DependencyResolver, ResolvedResource, Artifact, ResolvedModuleRevision, ModuleDescriptorWriter)",org.apache.ivy.core.cache.DefaultRepositoryCacheManager.unlockMetadataArtifact(ModuleRevisionId),273
"org.apache.ivy.core.cache.DefaultRepositoryCacheManager.originalToCachedModuleDescriptor(DependencyResolver, ResolvedResource, Artifact, ResolvedModuleRevision, ModuleDescriptorWriter)",org.apache.ivy.core.cache.DefaultRepositoryCacheManager.getIvyFileInCache(ModuleRevisionId),273
"org.apache.ivy.core.cache.DefaultRepositoryCacheManager.originalToCachedModuleDescriptor(DependencyResolver, ResolvedResource, Artifact, ResolvedModuleRevision, ModuleDescriptorWriter)","org.apache.ivy.core.cache.ModuleDescriptorMemoryCache.putInCache(File, ParserSettingsMonitor, boolean, ModuleDescriptor)",273
"org.apache.ivy.core.cache.DefaultRepositoryCacheManager.originalToCachedModuleDescriptor(DependencyResolver, ResolvedResource, Artifact, ResolvedModuleRevision, ModuleDescriptorWriter)",org.apache.ivy.core.cache.DefaultRepositoryCacheManager.getOriginalMetadataArtifact(Artifact),273
"org.apache.ivy.core.cache.DefaultRepositoryCacheManager.originalToCachedModuleDescriptor(DependencyResolver, ResolvedResource, Artifact, ResolvedModuleRevision, ModuleDescriptorWriter)",org.apache.ivy.core.cache.ParserSettingsMonitor.<init>(ParserSettings),273
"org.apache.ivy.core.cache.DefaultRepositoryCacheManager.originalToCachedModuleDescriptor(DependencyResolver, ResolvedResource, Artifact, ResolvedModuleRevision, ModuleDescriptorWriter)",org.apache.ivy.core.cache.DefaultRepositoryCacheManager.getMemoryCache(),273
org.apache.ivy.core.cache.DefaultRepositoryCacheManager.getMemoryCache(),org.apache.ivy.core.cache.ModuleDescriptorMemoryCache.<init>(int),156
"org.apache.ivy.core.cache.DefaultRepositoryCacheManager.originalToCachedModuleDescriptor(DependencyResolver, ResolvedResource, Artifact, ResolvedModuleRevision, ModuleDescriptorWriter)",org.apache.ivy.core.module.descriptor.DefaultArtifact.getModuleRevisionId(),273
"org.apache.ivy.plugins.resolver.BasicResolver.cacheModuleDescriptor(ModuleDescriptor, ModuleRevisionId, ResolvedResource, ResolvedModuleRevision)","org.apache.ivy.core.module.id.ModuleRevisionId.newInstance(ModuleRevisionId, String)",130
"org.apache.ivy.core.module.id.ModuleRevisionId.newInstance(ModuleRevisionId, String)","org.apache.ivy.core.module.id.ModuleRevisionId.<init>(ModuleId, String, String, Map)",1085
"org.apache.ivy.core.module.id.ModuleRevisionId.newInstance(ModuleRevisionId, String)",org.apache.ivy.core.module.id.ModuleRevisionId.intern(ModuleRevisionId),1085
"org.apache.ivy.plugins.resolver.BasicResolver.cacheModuleDescriptor(ModuleDescriptor, ModuleRevisionId, ResolvedResource, ResolvedModuleRevision)","org.apache.ivy.plugins.parser.AbstractModuleDescriptorParser.getMetadataArtifact(ModuleRevisionId, Resource)",117
"org.apache.ivy.plugins.resolver.BasicResolver.cacheModuleDescriptor(ModuleDescriptor, ModuleRevisionId, ResolvedResource, ResolvedModuleRevision)",org.apache.ivy.core.module.descriptor.DefaultModuleDescriptor.getMetadataArtifact(),143
"org.apache.ivy.plugins.resolver.BasicResolver.cacheModuleDescriptor(ModuleDescriptor, ModuleRevisionId, ResolvedResource, ResolvedModuleRevision)",org.apache.ivy.plugins.resolver.AbstractResolver.getRepositoryCacheManager(),273
"org.apache.ivy.plugins.resolver.BasicResolver.getDependency(DependencyDescriptor, ResolveData)","org.apache.ivy.plugins.resolver.AbstractResolver.findModuleInCache(DependencyDescriptor, ResolveData)",842
"org.apache.ivy.plugins.resolver.AbstractResolver.findModuleInCache(DependencyDescriptor, ResolveData)","org.apache.ivy.plugins.resolver.AbstractResolver.findModuleInCache(DependencyDescriptor, ResolveData, boolean)",843
"org.apache.ivy.plugins.resolver.AbstractResolver.findModuleInCache(DependencyDescriptor, ResolveData, boolean)","org.apache.ivy.core.cache.DefaultRepositoryCacheManager.findModuleInCache(DependencyDescriptor, ModuleRevisionId, CacheMetadataOptions, String)",1349
"org.apache.ivy.core.cache.DefaultRepositoryCacheManager.findModuleInCache(DependencyDescriptor, ModuleRevisionId, CacheMetadataOptions, String)","org.apache.ivy.core.cache.DefaultRepositoryCacheManager.doFindModuleInCache(ModuleRevisionId, CacheMetadataOptions, String)",1238
"org.apache.ivy.core.cache.DefaultRepositoryCacheManager.findModuleInCache(DependencyDescriptor, ModuleRevisionId, CacheMetadataOptions, String)","org.apache.ivy.core.cache.DefaultRepositoryCacheManager.isCheckmodified(DependencyDescriptor, ModuleRevisionId, CacheMetadataOptions)",1349
"org.apache.ivy.core.cache.DefaultRepositoryCacheManager.isCheckmodified(DependencyDescriptor, ModuleRevisionId, CacheMetadataOptions)",org.apache.ivy.core.cache.DefaultRepositoryCacheManager.isCheckmodified(),1238
org.apache.ivy.core.cache.DefaultRepositoryCacheManager.isCheckmodified(),org.apache.ivy.core.settings.IvySettings.getVariable(String),1239
"org.apache.ivy.core.cache.DefaultRepositoryCacheManager.findModuleInCache(DependencyDescriptor, ModuleRevisionId, CacheMetadataOptions, String)","org.apache.ivy.core.cache.DefaultRepositoryCacheManager.isChanging(DependencyDescriptor, ModuleRevisionId, CacheMetadataOptions)",1238
"org.apache.ivy.plugins.resolver.AbstractResolver.findModuleInCache(DependencyDescriptor, ResolveData, boolean)",org.apache.ivy.plugins.resolver.AbstractResolver.getCacheOptions(ResolveData),1349
"org.apache.ivy.plugins.resolver.AbstractResolver.findModuleInCache(DependencyDescriptor, ResolveData, boolean)",org.apache.ivy.plugins.resolver.AbstractResolver.getRepositoryCacheManager(),1349
"org.apache.ivy.plugins.resolver.BasicResolver.getDependency(DependencyDescriptor, ResolveData)","org.apache.ivy.core.cache.DefaultRepositoryCacheManager.cacheModuleDescriptor(DependencyResolver, ResolvedResource, DependencyDescriptor, Artifact, ResourceDownloader, CacheMetadataOptions)",143
"org.apache.ivy.core.cache.DefaultRepositoryCacheManager.cacheModuleDescriptor(DependencyResolver, ResolvedResource, DependencyDescriptor, Artifact, ResourceDownloader, CacheMetadataOptions)",org.apache.ivy.core.module.descriptor.MDArtifact.getModuleRevisionId(),143
"org.apache.ivy.plugins.resolver.BasicResolver.getDependency(DependencyDescriptor, ResolveData)","org.apache.ivy.plugins.resolver.AbstractPatternsBasedResolver.findIvyFileRef(DependencyDescriptor, ResolveData)",709
"org.apache.ivy.plugins.resolver.AbstractPatternsBasedResolver.findIvyFileRef(DependencyDescriptor, ResolveData)","org.apache.ivy.plugins.resolver.AbstractPatternsBasedResolver.findResourceUsingPatterns(ModuleRevisionId, List, Artifact, ResourceMDParser, Date)",709
"org.apache.ivy.plugins.resolver.AbstractPatternsBasedResolver.findResourceUsingPatterns(ModuleRevisionId, List, Artifact, ResourceMDParser, Date)","org.apache.ivy.plugins.resolver.RepositoryResolver.findResourceUsingPattern(ModuleRevisionId, String, Artifact, ResourceMDParser, Date)",1605
"org.apache.ivy.plugins.resolver.RepositoryResolver.findResourceUsingPattern(ModuleRevisionId, String, Artifact, ResourceMDParser, Date)","org.apache.ivy.core.IvyPatternHelper.substitute(String, ModuleRevisionId, Artifact)",1486
"org.apache.ivy.core.IvyPatternHelper.substitute(String, ModuleRevisionId, Artifact)","org.apache.ivy.core.IvyPatternHelper.substitute(String, ModuleRevisionId, Artifact, String, ArtifactOrigin)",1822
"org.apache.ivy.plugins.resolver.RepositoryResolver.findResourceUsingPattern(ModuleRevisionId, String, Artifact, ResourceMDParser, Date)",org.apache.ivy.plugins.repository.file.FileRepository.getResource(String),1338
"org.apache.ivy.plugins.resolver.RepositoryResolver.findResourceUsingPattern(ModuleRevisionId, String, Artifact, ResourceMDParser, Date)",org.apache.ivy.plugins.repository.file.FileResource.exists(),1338
"org.apache.ivy.plugins.resolver.RepositoryResolver.findResourceUsingPattern(ModuleRevisionId, String, Artifact, ResourceMDParser, Date)",org.apache.ivy.plugins.resolver.BasicResolver.logAttempt(String),1485
org.apache.ivy.plugins.resolver.BasicResolver.logAttempt(String),org.apache.ivy.plugins.resolver.BasicResolver.logIvyAttempt(String),790
org.apache.ivy.plugins.resolver.BasicResolver.logIvyAttempt(String),org.apache.ivy.util.Message.verbose(String),792
org.apache.ivy.plugins.resolver.BasicResolver.logAttempt(String),org.apache.ivy.core.IvyContext.get(String),1613
org.apache.ivy.plugins.resolver.BasicResolver.logAttempt(String),org.apache.ivy.core.IvyContext.getContext(),1613
"org.apache.ivy.plugins.resolver.RepositoryResolver.findResourceUsingPattern(ModuleRevisionId, String, Artifact, ResourceMDParser, Date)",org.apache.ivy.util.Message.debug(String),2374
"org.apache.ivy.plugins.resolver.RepositoryResolver.findResourceUsingPattern(ModuleRevisionId, String, Artifact, ResourceMDParser, Date)",org.apache.ivy.plugins.version.ChainVersionMatcher.isDynamic(ModuleRevisionId),2494
"org.apache.ivy.plugins.resolver.RepositoryResolver.findResourceUsingPattern(ModuleRevisionId, String, Artifact, ResourceMDParser, Date)",org.apache.ivy.core.settings.IvySettings.getVersionMatcher(),1605
"org.apache.ivy.plugins.resolver.RepositoryResolver.findResourceUsingPattern(ModuleRevisionId, String, Artifact, ResourceMDParser, Date)","org.apache.ivy.plugins.resolver.util.ResolvedResource.<init>(Resource, String)",595
"org.apache.ivy.plugins.resolver.AbstractPatternsBasedResolver.findResourceUsingPatterns(ModuleRevisionId, List, Artifact, ResourceMDParser, Date)",org.apache.ivy.plugins.version.ChainVersionMatcher.isDynamic(ModuleRevisionId),1780
"org.apache.ivy.plugins.resolver.AbstractPatternsBasedResolver.findResourceUsingPatterns(ModuleRevisionId, List, Artifact, ResourceMDParser, Date)",org.apache.ivy.core.settings.IvySettings.getVersionMatcher(),1780
"org.apache.ivy.plugins.resolver.AbstractPatternsBasedResolver.findIvyFileRef(DependencyDescriptor, ResolveData)","org.apache.ivy.core.module.descriptor.DefaultArtifact.newIvyArtifact(ModuleRevisionId, Date)",709
"org.apache.ivy.plugins.resolver.AbstractPatternsBasedResolver.findIvyFileRef(DependencyDescriptor, ResolveData)","org.apache.ivy.plugins.resolver.BasicResolver.getRMDParser(DependencyDescriptor, ResolveData)",709
"org.apache.ivy.plugins.resolver.AbstractPatternsBasedResolver.findIvyFileRef(DependencyDescriptor, ResolveData)",org.apache.ivy.core.resolve.ResolveData.getDate(),1418
"org.apache.ivy.plugins.resolver.BasicResolver.getDependency(DependencyDescriptor, ResolveData)","org.apache.ivy.plugins.resolver.BasicResolver.findFirstArtifactRef(ModuleDescriptor, DependencyDescriptor, ResolveData)",586
"org.apache.ivy.plugins.resolver.BasicResolver.findFirstArtifactRef(ModuleDescriptor, DependencyDescriptor, ResolveData)","org.apache.ivy.plugins.resolver.BasicResolver.getArtifactRef(Artifact, Date)",586
"org.apache.ivy.plugins.resolver.BasicResolver.getArtifactRef(Artifact, Date)","org.apache.ivy.plugins.resolver.AbstractPatternsBasedResolver.findArtifactRef(Artifact, Date)",915
"org.apache.ivy.plugins.resolver.AbstractPatternsBasedResolver.findArtifactRef(Artifact, Date)","org.apache.ivy.plugins.resolver.AbstractPatternsBasedResolver.findResourceUsingPatterns(ModuleRevisionId, List, Artifact, ResourceMDParser, Date)",927
org.apache.ivy.plugins.resolver.BasicResolver.logAttempt(String),"org.apache.ivy.plugins.resolver.BasicResolver.logArtifactAttempt(Artifact, String)",823
"org.apache.ivy.plugins.resolver.BasicResolver.logArtifactAttempt(Artifact, String)",org.apache.ivy.util.Message.verbose(String),846
"org.apache.ivy.plugins.resolver.AbstractPatternsBasedResolver.findArtifactRef(Artifact, Date)",org.apache.ivy.core.module.descriptor.MDArtifact.getModuleRevisionId(),1768
"org.apache.ivy.plugins.resolver.AbstractPatternsBasedResolver.findArtifactRef(Artifact, Date)",org.apache.ivy.plugins.resolver.BasicResolver.getDefaultRMDParser(ModuleId),927
"org.apache.ivy.plugins.resolver.BasicResolver.getArtifactRef(Artifact, Date)","org.apache.ivy.core.IvyContext.set(String, Object)",1992
"org.apache.ivy.plugins.resolver.BasicResolver.getArtifactRef(Artifact, Date)",org.apache.ivy.core.IvyContext.getContext(),1992
"org.apache.ivy.plugins.resolver.BasicResolver.findFirstArtifactRef(ModuleDescriptor, DependencyDescriptor, ResolveData)",org.apache.ivy.core.module.descriptor.DefaultModuleDescriptor.getConfigurationsNames(),586
"org.apache.ivy.plugins.resolver.BasicResolver.findFirstArtifactRef(ModuleDescriptor, DependencyDescriptor, ResolveData)",org.apache.ivy.core.module.descriptor.DefaultModuleDescriptor.getArtifacts(String),586
"org.apache.ivy.plugins.resolver.BasicResolver.findFirstArtifactRef(ModuleDescriptor, DependencyDescriptor, ResolveData)",org.apache.ivy.core.resolve.ResolveData.getDate(),586
"org.apache.ivy.plugins.resolver.BasicResolver.getDependency(DependencyDescriptor, ResolveData)",org.apache.ivy.plugins.resolver.AbstractResolver.fromSystem(DependencyDescriptor),842
org.apache.ivy.plugins.resolver.AbstractResolver.fromSystem(DependencyDescriptor),"org.apache.ivy.plugins.namespace.NameSpaceHelper.transform(DependencyDescriptor, NamespaceTransformer, boolean)",845
org.apache.ivy.plugins.resolver.AbstractResolver.fromSystem(DependencyDescriptor),org.apache.ivy.plugins.resolver.AbstractResolver.getNamespace(),845
"org.apache.ivy.plugins.resolver.BasicResolver.getDependency(DependencyDescriptor, ResolveData)","org.apache.ivy.plugins.resolver.AbstractResolver.checkLatest(DependencyDescriptor, ResolvedModuleRevision, ResolveData)",312
"org.apache.ivy.plugins.resolver.AbstractResolver.checkLatest(DependencyDescriptor, ResolvedModuleRevision, ResolveData)","org.apache.ivy.plugins.resolver.AbstractResolver.saveModuleRevisionIfNeeded(DependencyDescriptor, ResolvedModuleRevision)",312
"org.apache.ivy.plugins.resolver.AbstractResolver.saveModuleRevisionIfNeeded(DependencyDescriptor, ResolvedModuleRevision)",org.apache.ivy.plugins.version.ChainVersionMatcher.isDynamic(ModuleRevisionId),312
"org.apache.ivy.plugins.resolver.AbstractResolver.saveModuleRevisionIfNeeded(DependencyDescriptor, ResolvedModuleRevision)",org.apache.ivy.core.settings.IvySettings.getVersionMatcher(),312
"org.apache.ivy.plugins.resolver.AbstractResolver.checkLatest(DependencyDescriptor, ResolvedModuleRevision, ResolveData)",org.apache.ivy.plugins.resolver.AbstractResolver.describe(ResolvedModuleRevision),624
org.apache.ivy.plugins.resolver.AbstractResolver.describe(ResolvedModuleRevision),org.apache.ivy.core.resolve.ResolvedModuleRevision.getId(),312
"org.apache.ivy.plugins.resolver.AbstractResolver.checkLatest(DependencyDescriptor, ResolvedModuleRevision, ResolveData)",org.apache.ivy.util.Message.debug(String),624
"org.apache.ivy.plugins.resolver.AbstractResolver.checkLatest(DependencyDescriptor, ResolvedModuleRevision, ResolveData)","org.apache.ivy.util.Checks.checkNotNull(Object, String)",625
"org.apache.ivy.plugins.resolver.BasicResolver.getDependency(DependencyDescriptor, ResolveData)","org.apache.ivy.plugins.resolver.BasicResolver.checkDescriptorConsistency(ModuleRevisionId, ModuleDescriptor, ResolvedResource)",342
"org.apache.ivy.plugins.resolver.BasicResolver.checkDescriptorConsistency(ModuleRevisionId, ModuleDescriptor, ResolvedResource)","org.apache.ivy.core.module.id.ModuleRevisionId.newInstance(ModuleRevisionId, String)",338
"org.apache.ivy.plugins.resolver.BasicResolver.checkDescriptorConsistency(ModuleRevisionId, ModuleDescriptor, ResolvedResource)","org.apache.ivy.plugins.version.ChainVersionMatcher.accept(ModuleRevisionId, ModuleDescriptor)",338
"org.apache.ivy.plugins.version.ChainVersionMatcher.accept(ModuleRevisionId, ModuleDescriptor)",org.apache.ivy.plugins.version.VersionRangeMatcher.isDynamic(ModuleRevisionId),877
"org.apache.ivy.plugins.version.ChainVersionMatcher.accept(ModuleRevisionId, ModuleDescriptor)","org.apache.ivy.plugins.version.AbstractVersionMatcher.accept(ModuleRevisionId, ModuleDescriptor)",828
"org.apache.ivy.plugins.version.AbstractVersionMatcher.accept(ModuleRevisionId, ModuleDescriptor)","org.apache.ivy.plugins.version.ExactVersionMatcher.accept(ModuleRevisionId, ModuleRevisionId)",813
"org.apache.ivy.plugins.version.ChainVersionMatcher.accept(ModuleRevisionId, ModuleDescriptor)",org.apache.ivy.plugins.version.LatestVersionMatcher.isDynamic(ModuleRevisionId),863
"org.apache.ivy.plugins.version.ChainVersionMatcher.accept(ModuleRevisionId, ModuleDescriptor)",org.apache.ivy.plugins.version.SubVersionMatcher.isDynamic(ModuleRevisionId),868
"org.apache.ivy.plugins.version.ChainVersionMatcher.accept(ModuleRevisionId, ModuleDescriptor)","org.apache.ivy.util.Checks.checkNotNull(Object, String)",1759
"org.apache.ivy.plugins.resolver.BasicResolver.checkDescriptorConsistency(ModuleRevisionId, ModuleDescriptor, ResolvedResource)",org.apache.ivy.core.module.status.StatusManager.isStatus(String),340
"org.apache.ivy.plugins.resolver.BasicResolver.checkDescriptorConsistency(ModuleRevisionId, ModuleDescriptor, ResolvedResource)",org.apache.ivy.core.module.id.ModuleRevisionId.getName(),684
"org.apache.ivy.plugins.resolver.BasicResolver.checkDescriptorConsistency(ModuleRevisionId, ModuleDescriptor, ResolvedResource)",org.apache.ivy.core.module.id.ModuleRevisionId.getOrganisation(),688
"org.apache.ivy.plugins.resolver.BasicResolver.checkDescriptorConsistency(ModuleRevisionId, ModuleDescriptor, ResolvedResource)",org.apache.ivy.core.settings.IvySettings.getStatusManager(),340
"org.apache.ivy.plugins.resolver.BasicResolver.checkDescriptorConsistency(ModuleRevisionId, ModuleDescriptor, ResolvedResource)",org.apache.ivy.core.settings.IvySettings.getVersionMatcher(),338
"org.apache.ivy.plugins.resolver.BasicResolver.getDependency(DependencyDescriptor, ResolveData)",org.apache.ivy.plugins.resolver.AbstractResolver.toSystem(DependencyDescriptor),143
"org.apache.ivy.plugins.resolver.BasicResolver.getDependency(DependencyDescriptor, ResolveData)","org.apache.ivy.core.module.descriptor.DefaultModuleDescriptor.newDefaultInstance(ModuleRevisionId, DependencyArtifactDescriptor[])",586
"org.apache.ivy.core.module.descriptor.DefaultModuleDescriptor.newDefaultInstance(ModuleRevisionId, DependencyArtifactDescriptor[])","org.apache.ivy.core.module.descriptor.DefaultModuleDescriptor.addArtifact(String, Artifact)",804
"org.apache.ivy.core.module.descriptor.DefaultModuleDescriptor.newDefaultInstance(ModuleRevisionId, DependencyArtifactDescriptor[])","org.apache.ivy.core.module.descriptor.DefaultModuleDescriptor.<init>(ModuleRevisionId, String, Date, boolean)",815
"org.apache.ivy.core.module.descriptor.DefaultModuleDescriptor.<init>(ModuleRevisionId, String, Date, boolean)",org.apache.ivy.core.module.status.StatusManager.getCurrent(),1189
"org.apache.ivy.core.module.descriptor.DefaultModuleDescriptor.<init>(ModuleRevisionId, String, Date, boolean)",org.apache.ivy.core.module.id.ModuleRules.<init>(),2354
"org.apache.ivy.core.module.descriptor.DefaultModuleDescriptor.<init>(ModuleRevisionId, String, Date, boolean)",org.apache.ivy.core.module.status.StatusManager.getDefaultStatus(),1177
"org.apache.ivy.core.module.descriptor.DefaultModuleDescriptor.newDefaultInstance(ModuleRevisionId, DependencyArtifactDescriptor[])",org.apache.ivy.core.module.descriptor.Configuration.<init>(String),804
"org.apache.ivy.core.module.descriptor.DefaultModuleDescriptor.newDefaultInstance(ModuleRevisionId, DependencyArtifactDescriptor[])",org.apache.ivy.core.module.descriptor.DefaultModuleDescriptor.addConfiguration(Configuration),804
"org.apache.ivy.core.module.descriptor.DefaultModuleDescriptor.newDefaultInstance(ModuleRevisionId, DependencyArtifactDescriptor[])","org.apache.ivy.core.module.descriptor.MDArtifact.<init>(ModuleDescriptor, String, String, String)",804
"org.apache.ivy.core.module.descriptor.DefaultModuleDescriptor.newDefaultInstance(ModuleRevisionId, DependencyArtifactDescriptor[])",org.apache.ivy.core.module.id.ModuleRevisionId.getName(),804
"org.apache.ivy.plugins.resolver.BasicResolver.getDependency(DependencyDescriptor, ResolveData)","org.apache.ivy.plugins.resolver.BasicResolver.resolveAndCheckRevision(ModuleDescriptor, ModuleRevisionId, ResolvedResource, boolean)",312
"org.apache.ivy.plugins.resolver.BasicResolver.resolveAndCheckRevision(ModuleDescriptor, ModuleRevisionId, ResolvedResource, boolean)","org.apache.ivy.plugins.resolver.BasicResolver.checkModuleDescriptorRevision(ModuleDescriptor, ModuleRevisionId)",273
"org.apache.ivy.plugins.resolver.BasicResolver.checkModuleDescriptorRevision(ModuleDescriptor, ModuleRevisionId)","org.apache.ivy.plugins.version.ChainVersionMatcher.accept(ModuleRevisionId, ModuleDescriptor)",296
"org.apache.ivy.plugins.resolver.BasicResolver.checkModuleDescriptorRevision(ModuleDescriptor, ModuleRevisionId)",org.apache.ivy.core.settings.IvySettings.getVersionMatcher(),296
"org.apache.ivy.plugins.resolver.BasicResolver.getDependency(DependencyDescriptor, ResolveData)",org.apache.ivy.plugins.resolver.util.ResolvedResource.getLastModified(),143
"org.apache.ivy.plugins.resolver.BasicResolver.getDependency(DependencyDescriptor, ResolveData)",org.apache.ivy.core.IvyContext.pushNewCopyContext(),1023
"org.apache.ivy.plugins.resolver.BasicResolver.getDependency(DependencyDescriptor, ResolveData)",org.apache.ivy.plugins.resolver.BasicResolver.getAndCheckIsDynamic(ModuleRevisionId),842
org.apache.ivy.plugins.resolver.BasicResolver.getAndCheckIsDynamic(ModuleRevisionId),org.apache.ivy.plugins.version.ChainVersionMatcher.isDynamic(ModuleRevisionId),842
org.apache.ivy.plugins.resolver.BasicResolver.getAndCheckIsDynamic(ModuleRevisionId),org.apache.ivy.core.settings.IvySettings.getVersionMatcher(),842
"org.apache.ivy.plugins.resolver.BasicResolver.getDependency(DependencyDescriptor, ResolveData)",org.apache.ivy.core.module.descriptor.DefaultModuleDescriptor.getMetadataArtifact(),143
org.apache.ivy.core.module.descriptor.DefaultModuleDescriptor.getMetadataArtifact(),"org.apache.ivy.core.module.descriptor.DefaultArtifact.newIvyArtifact(ModuleRevisionId, Date)",170
"org.apache.ivy.plugins.resolver.BasicResolver.getDependency(DependencyDescriptor, ResolveData)",org.apache.ivy.core.module.descriptor.DefaultDependencyDescriptor.getAllDependencyArtifacts(),586
org.apache.ivy.core.module.descriptor.DefaultDependencyDescriptor.getAllDependencyArtifacts(),org.apache.ivy.core.module.descriptor.DefaultDependencyDescriptor.mergeAll(Map),563
"org.apache.ivy.plugins.resolver.BasicResolver.getDependency(DependencyDescriptor, ResolveData)",org.apache.ivy.plugins.resolver.AbstractResolver.checkInterrupted(),2270
org.apache.ivy.plugins.resolver.AbstractResolver.checkInterrupted(),org.apache.ivy.core.IvyContext.getContext(),3641
org.apache.ivy.plugins.resolver.AbstractResolver.checkInterrupted(),org.apache.ivy.core.IvyContext.getIvy(),3641
org.apache.ivy.plugins.resolver.AbstractResolver.checkInterrupted(),org.apache.ivy.Ivy.checkInterrupted(),3641
"org.apache.ivy.plugins.resolver.BasicResolver.getDependency(DependencyDescriptor, ResolveData)",org.apache.ivy.plugins.resolver.AbstractResolver.toSystem(ModuleDescriptor),316
org.apache.ivy.plugins.resolver.AbstractResolver.toSystem(ModuleDescriptor),"org.apache.ivy.plugins.namespace.NameSpaceHelper.toSystem(ModuleDescriptor, Namespace)",320
"org.apache.ivy.plugins.namespace.NameSpaceHelper.toSystem(ModuleDescriptor, Namespace)","org.apache.ivy.core.module.descriptor.DefaultModuleDescriptor.transformInstance(ModuleDescriptor, Namespace)",324
org.apache.ivy.plugins.resolver.AbstractResolver.toSystem(ModuleDescriptor),org.apache.ivy.plugins.resolver.AbstractResolver.getNamespace(),320
"org.apache.ivy.plugins.resolver.BasicResolver.getDependency(DependencyDescriptor, ResolveData)",org.apache.ivy.util.Message.verbose(String),588
"org.apache.ivy.plugins.resolver.BasicResolver.getDependency(DependencyDescriptor, ResolveData)",org.apache.ivy.plugins.resolver.AbstractResolver.getCacheOptions(ResolveData),143
"org.apache.ivy.plugins.resolver.BasicResolver.getDependency(DependencyDescriptor, ResolveData)",org.apache.ivy.core.module.descriptor.DefaultModuleDescriptor.getAllArtifacts(),143
"org.apache.ivy.plugins.resolver.BasicResolver.getDependency(DependencyDescriptor, ResolveData)",org.apache.ivy.core.IvyContext.popContext(),1023
"org.apache.ivy.plugins.resolver.BasicResolver.getDependency(DependencyDescriptor, ResolveData)",org.apache.ivy.plugins.resolver.BasicResolver.checkForcedResolvedModuleRevision(ResolvedModuleRevision),312
"org.apache.ivy.plugins.resolver.BasicResolver.getDependency(DependencyDescriptor, ResolveData)",org.apache.ivy.plugins.resolver.BasicResolver.clearIvyAttempts(),842
org.apache.ivy.plugins.resolver.BasicResolver.clearIvyAttempts(),org.apache.ivy.plugins.resolver.BasicResolver.clearArtifactAttempts(),846
"org.apache.ivy.plugins.resolver.BasicResolver.getDependency(DependencyDescriptor, ResolveData)","org.apache.ivy.plugins.resolver.BasicResolver.resolveAndCheckPublicationDate(DependencyDescriptor, ModuleDescriptor, ModuleRevisionId, ResolveData)",312
"org.apache.ivy.plugins.resolver.BasicResolver.resolveAndCheckPublicationDate(DependencyDescriptor, ModuleDescriptor, ModuleRevisionId, ResolveData)",org.apache.ivy.core.resolve.ResolveData.getDate(),312
"org.apache.ivy.plugins.resolver.BasicResolver.getDependency(DependencyDescriptor, ResolveData)",org.apache.ivy.plugins.resolver.AbstractResolver.toSystem(MetadataArtifactDownloadReport),169
org.apache.ivy.plugins.resolver.AbstractResolver.toSystem(MetadataArtifactDownloadReport),"org.apache.ivy.plugins.namespace.NameSpaceHelper.transform(MetadataArtifactDownloadReport, NamespaceTransformer)",170
org.apache.ivy.plugins.resolver.AbstractResolver.toSystem(MetadataArtifactDownloadReport),org.apache.ivy.plugins.resolver.AbstractResolver.getNamespace(),170
"org.apache.ivy.plugins.resolver.BasicResolver.getDependency(DependencyDescriptor, ResolveData)","org.apache.ivy.plugins.resolver.BasicResolver.checkNotConvertedExclusionRule(ModuleDescriptor, ResolvedResource, ResolveData)",312
"org.apache.ivy.plugins.resolver.BasicResolver.checkNotConvertedExclusionRule(ModuleDescriptor, ResolvedResource, ResolveData)",org.apache.ivy.plugins.resolver.AbstractResolver.getNamespace(),312
"org.apache.ivy.plugins.resolver.BasicResolver.getDependency(DependencyDescriptor, ResolveData)",org.apache.ivy.plugins.resolver.BasicResolver.checkRevision(ModuleRevisionId),842
"org.apache.ivy.plugins.resolver.BasicResolver.getDependency(DependencyDescriptor, ResolveData)",org.apache.ivy.core.report.MetadataArtifactDownloadReport.<init>(Artifact),143
"org.apache.ivy.plugins.resolver.BasicResolver.getDependency(DependencyDescriptor, ResolveData)","org.apache.ivy.core.resolve.ResolvedModuleRevision.<init>(DependencyResolver, DependencyResolver, ModuleDescriptor, MetadataArtifactDownloadReport, boolean)",312
"org.apache.ivy.plugins.resolver.BasicResolver.getDependency(DependencyDescriptor, ResolveData)",org.apache.ivy.plugins.resolver.AbstractResolver.getRepositoryCacheManager(),143
"org.apache.ivy.plugins.resolver.BasicResolver.getDependency(DependencyDescriptor, ResolveData)",org.apache.ivy.plugins.resolver.BasicResolver.clearArtifactAttempts(),842
"org.apache.ivy.plugins.resolver.ChainResolver.getDependency(DependencyDescriptor, ResolveData)","org.apache.ivy.plugins.resolver.DualResolver.getDependency(DependencyDescriptor, ResolveData)",284
"org.apache.ivy.plugins.resolver.DualResolver.getDependency(DependencyDescriptor, ResolveData)","org.apache.ivy.plugins.resolver.BasicResolver.getDependency(DependencyDescriptor, ResolveData)",321
"org.apache.ivy.core.cache.DefaultRepositoryCacheManager.doFindModuleInCache(ModuleRevisionId, CacheMetadataOptions, String)",org.apache.ivy.core.cache.DefaultRepositoryCacheManager.getSavedArtResolverName(ModuleDescriptor),238
org.apache.ivy.core.cache.DefaultRepositoryCacheManager.getSavedArtResolverName(ModuleDescriptor),org.apache.ivy.core.cache.DefaultRepositoryCacheManager.getCachedDataFile(ModuleDescriptor),238
"org.apache.ivy.core.cache.DefaultRepositoryCacheManager.doFindModuleInCache(ModuleRevisionId, CacheMetadataOptions, String)",org.apache.ivy.core.cache.DefaultRepositoryCacheManager.getSavedResolverName(ModuleDescriptor),238
org.apache.ivy.core.cache.DefaultRepositoryCacheManager.getSavedResolverName(ModuleDescriptor),org.apache.ivy.core.cache.DefaultRepositoryCacheManager.getCachedDataFile(ModuleDescriptor),238
"org.apache.ivy.core.cache.DefaultRepositoryCacheManager.doFindModuleInCache(ModuleRevisionId, CacheMetadataOptions, String)","org.apache.ivy.core.cache.DefaultRepositoryCacheManager.getMdFromCache(XmlModuleDescriptorParser, CacheMetadataOptions, File)",238
"org.apache.ivy.core.cache.DefaultRepositoryCacheManager.getMdFromCache(XmlModuleDescriptorParser, CacheMetadataOptions, File)","org.apache.ivy.core.cache.ModuleDescriptorMemoryCache.get(File, ParserSettings, boolean, ModuleDescriptorProvider)",238
"org.apache.ivy.core.cache.ModuleDescriptorMemoryCache.get(File, ParserSettings, boolean, ModuleDescriptorProvider)","org.apache.ivy.core.cache.ModuleDescriptorMemoryCache.getFromCache(File, ParserSettings, boolean)",242
"org.apache.ivy.core.cache.ModuleDescriptorMemoryCache.getFromCache(File, ParserSettings, boolean)",org.apache.ivy.util.Message.debug(String),245
"org.apache.ivy.core.cache.DefaultRepositoryCacheManager.getMdFromCache(XmlModuleDescriptorParser, CacheMetadataOptions, File)",org.apache.ivy.core.cache.DefaultRepositoryCacheManager.getMemoryCache(),238
"org.apache.ivy.core.cache.DefaultRepositoryCacheManager.doFindModuleInCache(ModuleRevisionId, CacheMetadataOptions, String)",org.apache.ivy.core.settings.IvySettings.getResolver(String),476
"org.apache.ivy.plugins.resolver.BasicResolver.getDependency(DependencyDescriptor, ResolveData)","org.apache.ivy.plugins.resolver.BasicResolver.shouldReturnResolvedModule(DependencyDescriptor, ResolvedModuleRevision)",322
"org.apache.ivy.plugins.resolver.BasicResolver.shouldReturnResolvedModule(DependencyDescriptor, ResolvedModuleRevision)",org.apache.ivy.plugins.version.ChainVersionMatcher.isDynamic(ModuleRevisionId),322
"org.apache.ivy.plugins.resolver.BasicResolver.shouldReturnResolvedModule(DependencyDescriptor, ResolvedModuleRevision)",org.apache.ivy.core.settings.IvySettings.getVersionMatcher(),322
"org.apache.ivy.plugins.resolver.DualResolver.getDependency(DependencyDescriptor, ResolveData)","org.apache.ivy.core.resolve.ResolveData.<init>(ResolveData, boolean)",288
"org.apache.ivy.core.resolve.ResolveData.<init>(ResolveData, boolean)",org.apache.ivy.core.resolve.ResolveOptions.<init>(ResolveOptions),797
org.apache.ivy.core.resolve.ResolveOptions.<init>(ResolveOptions),org.apache.ivy.core.LogOptions.<init>(LogOptions),834
"org.apache.ivy.core.resolve.ResolveData.<init>(ResolveData, boolean)","org.apache.ivy.core.resolve.ResolveData.<init>(ResolveEngine, ResolveOptions, ConfigurationResolveReport, Map)",796
"org.apache.ivy.plugins.resolver.DualResolver.getDependency(DependencyDescriptor, ResolveData)",org.apache.ivy.plugins.resolver.AbstractResolver.doValidate(ResolveData),288
"org.apache.ivy.plugins.resolver.ChainResolver.getDependency(DependencyDescriptor, ResolveData)","org.apache.ivy.plugins.resolver.AbstractResolver.findModuleInCache(DependencyDescriptor, ResolveData, boolean)",507
org.apache.ivy.core.cache.DefaultRepositoryCacheManager.getLockStrategy(),org.apache.ivy.core.settings.IvySettings.getDefaultLockStrategy(),204
org.apache.ivy.core.settings.IvySettings.getDefaultLockStrategy(),org.apache.ivy.plugins.lock.NoLockStrategy.<init>(),209
org.apache.ivy.plugins.lock.NoLockStrategy.<init>(),org.apache.ivy.plugins.lock.AbstractLockStrategy.<init>(),2113
"org.apache.ivy.plugins.resolver.ChainResolver.getDependency(DependencyDescriptor, ResolveData)",org.apache.ivy.util.Message.verbose(String),561
"org.apache.ivy.plugins.resolver.ChainResolver.getDependency(DependencyDescriptor, ResolveData)",org.apache.ivy.plugins.resolver.AbstractResolver.checkInterrupted(),1016
"org.apache.ivy.plugins.resolver.ChainResolver.getDependency(DependencyDescriptor, ResolveData)","org.apache.ivy.plugins.resolver.ChainResolver.setLatestIfRequired(DependencyResolver, LatestStrategy)",1016
"org.apache.ivy.plugins.resolver.ChainResolver.setLatestIfRequired(DependencyResolver, LatestStrategy)",org.apache.ivy.plugins.resolver.ChainResolver.getLatestStrategyName(DependencyResolver),1016
"org.apache.ivy.plugins.resolver.ChainResolver.getDependency(DependencyDescriptor, ResolveData)","org.apache.ivy.core.resolve.ResolveData.<init>(ResolveData, boolean)",508
"org.apache.ivy.plugins.resolver.ChainResolver.getDependency(DependencyDescriptor, ResolveData)",org.apache.ivy.plugins.resolver.AbstractResolver.doValidate(ResolveData),509
"org.apache.ivy.plugins.resolver.ChainResolver.getDependency(DependencyDescriptor, ResolveData)",org.apache.ivy.plugins.resolver.AbstractResolver.getLatestStrategy(),1016
"org.apache.ivy.plugins.resolver.ChainResolver.getDependency(DependencyDescriptor, ResolveData)",org.apache.ivy.plugins.resolver.ChainResolver.resolvedRevision(ResolvedModuleRevision),314
"org.apache.ivy.core.resolve.IvyNode.loadData(String, IvyNode, String, String, boolean, IvyNodeUsage)","org.apache.ivy.core.cache.DefaultRepositoryCacheManager.saveResolvers(ModuleDescriptor, String, String)",327
"org.apache.ivy.core.resolve.IvyNode.loadData(String, IvyNode, String, String, boolean, IvyNodeUsage)","org.apache.ivy.core.resolve.IvyNode.handleConfiguration(boolean, String, IvyNode, String, String, boolean, IvyNodeUsage)",1187
"org.apache.ivy.core.resolve.IvyNode.handleConfiguration(boolean, String, IvyNode, String, String, boolean, IvyNodeUsage)",org.apache.ivy.core.resolve.IvyNode.getRealConfs(String),1122
org.apache.ivy.core.resolve.IvyNode.getRealConfs(String),org.apache.ivy.core.resolve.IvyNode.getDefaultConf(String),2236
org.apache.ivy.core.resolve.IvyNode.getRealConfs(String),org.apache.ivy.core.resolve.IvyNode.getMainConf(String),2236
org.apache.ivy.core.resolve.IvyNode.getRealConfs(String),org.apache.ivy.core.module.descriptor.DefaultModuleDescriptor.getConfiguration(String),2412
"org.apache.ivy.core.resolve.IvyNode.handleConfiguration(boolean, String, IvyNode, String, String, boolean, IvyNodeUsage)","org.apache.ivy.core.resolve.IvyNode.addRootModuleConfigurations(IvyNodeUsage, String, String[])",1122
"org.apache.ivy.core.resolve.IvyNode.addRootModuleConfigurations(IvyNodeUsage, String, String[])",org.apache.ivy.core.resolve.IvyNodeUsage.addAndGetConfigurations(String),6025
"org.apache.ivy.core.resolve.IvyNode.addRootModuleConfigurations(IvyNodeUsage, String, String[])",org.apache.ivy.core.module.descriptor.DefaultModuleDescriptor.getConfiguration(String),2634
"org.apache.ivy.core.resolve.IvyNode.addRootModuleConfigurations(IvyNodeUsage, String, String[])","org.apache.ivy.core.resolve.IvyNode.addRootModuleConfigurations(IvyNodeUsage, String, String[])",2508
"org.apache.ivy.core.resolve.IvyNode.handleConfiguration(boolean, String, IvyNode, String, String, boolean, IvyNodeUsage)",org.apache.ivy.core.module.descriptor.DefaultModuleDescriptor.getConfiguration(String),1166
"org.apache.ivy.core.resolve.IvyNode.loadData(String, IvyNode, String, String, boolean, IvyNodeUsage)","org.apache.ivy.core.event.resolve.EndResolveDependencyEvent.<init>(DependencyResolver, DependencyDescriptor, ModuleRevisionId, ResolvedModuleRevision, long)",438
"org.apache.ivy.core.event.resolve.EndResolveDependencyEvent.<init>(DependencyResolver, DependencyDescriptor, ModuleRevisionId, ResolvedModuleRevision, long)","org.apache.ivy.core.event.resolve.ResolveDependencyEvent.<init>(String, DependencyResolver, DependencyDescriptor, ModuleRevisionId)",445
"org.apache.ivy.core.event.resolve.ResolveDependencyEvent.<init>(String, DependencyResolver, DependencyDescriptor, ModuleRevisionId)",org.apache.ivy.core.event.IvyEvent.addMridAttributes(ModuleRevisionId),891
"org.apache.ivy.core.event.resolve.ResolveDependencyEvent.<init>(String, DependencyResolver, DependencyDescriptor, ModuleRevisionId)",org.apache.ivy.core.event.IvyEvent.<init>(String),894
"org.apache.ivy.core.event.resolve.ResolveDependencyEvent.<init>(String, DependencyResolver, DependencyDescriptor, ModuleRevisionId)","org.apache.ivy.core.event.IvyEvent.addAttribute(String, String)",5348
"org.apache.ivy.core.event.resolve.ResolveDependencyEvent.<init>(String, DependencyResolver, DependencyDescriptor, ModuleRevisionId)",org.apache.ivy.core.event.IvyEvent.addAttributes(Map),1782
"org.apache.ivy.core.event.resolve.ResolveDependencyEvent.<init>(String, DependencyResolver, DependencyDescriptor, ModuleRevisionId)",org.apache.ivy.core.module.descriptor.DefaultDependencyDescriptor.getExtraAttributes(),891
"org.apache.ivy.core.event.resolve.ResolveDependencyEvent.<init>(String, DependencyResolver, DependencyDescriptor, ModuleRevisionId)",org.apache.ivy.core.module.descriptor.DefaultDependencyDescriptor.getQualifiedExtraAttributes(),891
"org.apache.ivy.core.event.resolve.EndResolveDependencyEvent.<init>(DependencyResolver, DependencyDescriptor, ModuleRevisionId, ResolvedModuleRevision, long)","org.apache.ivy.core.event.IvyEvent.addAttribute(String, String)",1220
"org.apache.ivy.core.event.resolve.EndResolveDependencyEvent.<init>(DependencyResolver, DependencyDescriptor, ModuleRevisionId, ResolvedModuleRevision, long)",org.apache.ivy.core.event.IvyEvent.addAttributes(Map),664
"org.apache.ivy.core.resolve.IvyNode.loadData(String, IvyNode, String, String, boolean, IvyNodeUsage)","org.apache.ivy.core.event.resolve.StartResolveDependencyEvent.<init>(DependencyResolver, DependencyDescriptor, ModuleRevisionId)",443
"org.apache.ivy.core.event.resolve.StartResolveDependencyEvent.<init>(DependencyResolver, DependencyDescriptor, ModuleRevisionId)","org.apache.ivy.core.event.resolve.ResolveDependencyEvent.<init>(String, DependencyResolver, DependencyDescriptor, ModuleRevisionId)",445
"org.apache.ivy.core.resolve.IvyNode.loadData(String, IvyNode, String, String, boolean, IvyNodeUsage)","org.apache.ivy.core.resolve.IvyNode.getRequiredConfigurations(IvyNode, String)",325
"org.apache.ivy.core.resolve.IvyNode.getRequiredConfigurations(IvyNode, String)","org.apache.ivy.core.resolve.IvyNodeUsage.getRequiredConfigurations(IvyNode, String)",929
org.apache.ivy.core.resolve.IvyNode.equals(Object),org.apache.ivy.core.module.id.ModuleRevisionId.equals(Object),4530
org.apache.ivy.core.resolve.IvyNode.hashCode(),org.apache.ivy.core.module.id.ModuleRevisionId.hashCode(),23451
"org.apache.ivy.core.resolve.IvyNode.getRequiredConfigurations(IvyNode, String)","org.apache.ivy.core.resolve.IvyNode.addAllIfNotNull(Collection, Collection)",929
"org.apache.ivy.core.resolve.IvyNode.loadData(String, IvyNode, String, String, boolean, IvyNodeUsage)",org.apache.ivy.util.Message.info(String),385
org.apache.ivy.util.Message.info(String),org.apache.ivy.util.MessageLoggerEngine.info(String),2965
org.apache.ivy.util.MessageLoggerEngine.info(String),org.apache.ivy.util.AbstractMessageLogger.info(String),3018
org.apache.ivy.util.AbstractMessageLogger.info(String),"org.apache.ivy.ant.AntMessageLogger.log(String, int)",1998
org.apache.ivy.util.MessageLoggerEngine.info(String),org.apache.ivy.util.MessageLoggerEngine.peekLogger(),3018
org.apache.ivy.util.Message.info(String),org.apache.ivy.util.Message.getLogger(),3016
"org.apache.ivy.core.resolve.IvyNode.loadData(String, IvyNode, String, String, boolean, IvyNodeUsage)",org.apache.ivy.core.settings.IvySettings.getResolver(ModuleRevisionId),443
org.apache.ivy.core.settings.IvySettings.getResolver(ModuleRevisionId),org.apache.ivy.core.settings.IvySettings.getResolverName(ModuleRevisionId),561
org.apache.ivy.core.settings.IvySettings.getResolverName(ModuleRevisionId),"org.apache.ivy.core.module.id.ModuleRules.getRule(ModuleRevisionId, Filter)",562
"org.apache.ivy.core.module.id.ModuleRules.getRule(ModuleRevisionId, Filter)","org.apache.ivy.core.module.id.ModuleRules.getRule(Map, Filter)",603
"org.apache.ivy.core.module.id.ModuleRules.getRule(ModuleRevisionId, Filter)","org.apache.ivy.util.Checks.checkNotNull(Object, String)",1214
org.apache.ivy.core.settings.IvySettings.getResolver(ModuleRevisionId),org.apache.ivy.core.settings.IvySettings.getResolver(String),557
"org.apache.ivy.core.resolve.IvyNode.loadData(String, IvyNode, String, String, boolean, IvyNodeUsage)",org.apache.ivy.plugins.version.ChainVersionMatcher.isDynamic(ModuleRevisionId),445
"org.apache.ivy.core.resolve.IvyNode.loadData(String, IvyNode, String, String, boolean, IvyNodeUsage)","org.apache.ivy.core.resolve.IvyNodeUsage.addUsage(String, DependencyDescriptor, String)",756
"org.apache.ivy.core.resolve.IvyNodeUsage.addUsage(String, DependencyDescriptor, String)","org.apache.ivy.core.resolve.IvyNodeUsage.addObjectsForConf(String, Object, Map)",762
"org.apache.ivy.core.resolve.IvyNode.loadData(String, IvyNode, String, String, boolean, IvyNodeUsage)",org.apache.ivy.core.settings.IvySettings.logModuleWhenFound(),327
org.apache.ivy.core.settings.IvySettings.logModuleWhenFound(),org.apache.ivy.core.settings.IvySettings.getVariable(String),330
org.apache.ivy.ant.IvyAntVariableContainer.getVariable(String),org.apache.ivy.core.settings.IvyVariableContainerImpl.getVariable(String),2781
"org.apache.ivy.core.resolve.IvyNode.loadData(String, IvyNode, String, String, boolean, IvyNodeUsage)",org.apache.ivy.core.resolve.IvyNode.toString(),1303
org.apache.ivy.core.resolve.IvyNode.toString(),org.apache.ivy.core.module.id.ModuleRevisionId.toString(),1491
org.apache.ivy.core.resolve.IvyNode.toString(),org.apache.ivy.core.resolve.IvyNode.getResolvedId(),1491
"org.apache.ivy.core.resolve.IvyNode.loadData(String, IvyNode, String, String, boolean, IvyNodeUsage)",org.apache.ivy.util.Message.debug(String),2067
"org.apache.ivy.core.resolve.IvyNode.loadData(String, IvyNode, String, String, boolean, IvyNodeUsage)",org.apache.ivy.core.resolve.IvyNode.updateConfsToFetch(Collection),325
"org.apache.ivy.core.resolve.IvyNode.loadData(String, IvyNode, String, String, boolean, IvyNodeUsage)",org.apache.ivy.core.report.ConfigurationResolveReport.addDependency(IvyNode),931
org.apache.ivy.core.report.ConfigurationResolveReport.addDependency(IvyNode),org.apache.ivy.core.resolve.IvyNode.getResolvedId(),1450
"org.apache.ivy.core.resolve.IvyNode.loadData(String, IvyNode, String, String, boolean, IvyNodeUsage)",org.apache.ivy.core.resolve.IvyNode.isEvicted(String),1251
org.apache.ivy.core.resolve.IvyNode.isEvicted(String),org.apache.ivy.core.resolve.IvyNodeEviction.isEvicted(String),7514
org.apache.ivy.core.resolve.IvyNodeEviction.isEvicted(String),org.apache.ivy.core.resolve.IvyNodeEviction.getEvictedData(String),8074
org.apache.ivy.core.resolve.IvyNodeEviction.getEvictedData(String),org.apache.ivy.core.resolve.IvyNodeEviction.cleanEvicted(),8168
org.apache.ivy.core.resolve.IvyNodeEviction.isEvicted(String),org.apache.ivy.core.resolve.IvyNodeEviction.cleanEvicted(),9187
"org.apache.ivy.core.resolve.IvyNode.loadData(String, IvyNode, String, String, boolean, IvyNodeUsage)",org.apache.ivy.core.module.id.ModuleRevisionId.equals(Object),327
"org.apache.ivy.core.resolve.IvyNode.loadData(String, IvyNode, String, String, boolean, IvyNodeUsage)",org.apache.ivy.core.resolve.IvyNode.getDependencyDescriptor(IvyNode),1576
"org.apache.ivy.core.resolve.IvyNode.loadData(String, IvyNode, String, String, boolean, IvyNodeUsage)",org.apache.ivy.core.resolve.IvyNode.markRootModuleConfLoaded(String),1034
"org.apache.ivy.core.resolve.IvyNode.loadData(String, IvyNode, String, String, boolean, IvyNodeUsage)",org.apache.ivy.core.resolve.IvyNode.resolveSpecialConfigurations(String[]),325
"org.apache.ivy.core.resolve.IvyNode.loadData(String, IvyNode, String, String, boolean, IvyNodeUsage)",org.apache.ivy.core.resolve.IvyNode.hasConfigurationsToLoad(),1233
"org.apache.ivy.core.resolve.IvyNode.loadData(String, IvyNode, String, String, boolean, IvyNodeUsage)",org.apache.ivy.core.event.EventManager.fireIvyEvent(IvyEvent),881
"org.apache.ivy.core.resolve.IvyNode.loadData(String, IvyNode, String, String, boolean, IvyNodeUsage)",org.apache.ivy.core.resolve.ResolveData.getEventManager(),881
"org.apache.ivy.core.resolve.IvyNode.loadData(String, IvyNode, String, String, boolean, IvyNodeUsage)",org.apache.ivy.core.resolve.ResolveData.getSettings(),443
"org.apache.ivy.core.resolve.IvyNode.loadData(String, IvyNode, String, String, boolean, IvyNodeUsage)",org.apache.ivy.core.resolve.ResolvedModuleRevision.getId(),832
"org.apache.ivy.core.resolve.IvyNode.loadData(String, IvyNode, String, String, boolean, IvyNodeUsage)",org.apache.ivy.core.settings.IvySettings.getVersionMatcher(),445
"org.apache.ivy.core.resolve.IvyNode.loadData(String, IvyNode, String, String, boolean, IvyNodeUsage)",org.apache.ivy.plugins.resolver.AbstractResolver.getRepositoryCacheManager(),327
"org.apache.ivy.core.resolve.VisitNode.loadData(String, boolean)",org.apache.ivy.core.resolve.VisitNode.useRealNode(),916
org.apache.ivy.core.resolve.VisitNode.useRealNode(),org.apache.ivy.core.resolve.ResolveData.getNode(ModuleRevisionId),1179
org.apache.ivy.core.resolve.ResolveData.getNode(ModuleRevisionId),org.apache.ivy.core.resolve.ResolveData.getVisitData(ModuleRevisionId),13656
"org.apache.ivy.core.resolve.VisitNode.loadData(String, boolean)",org.apache.ivy.core.module.id.ModuleRevisionId.equals(Object),858
"org.apache.ivy.core.resolve.VisitNode.loadData(String, boolean)",org.apache.ivy.core.resolve.ResolveData.getNode(ModuleRevisionId),1774
"org.apache.ivy.core.resolve.VisitNode.loadData(String, boolean)",org.apache.ivy.core.resolve.IvyNode.getResolvedId(),2733
"org.apache.ivy.core.resolve.VisitNode.loadData(String, boolean)",org.apache.ivy.core.resolve.VisitNode.getParentNode(),1301
"org.apache.ivy.core.resolve.VisitNode.loadData(String, boolean)",org.apache.ivy.core.resolve.VisitNode.getUsage(),1301
"org.apache.ivy.core.resolve.ResolveEngine.fetchDependencies(VisitNode, String, boolean)","org.apache.ivy.core.resolve.ResolveEngine.resolveConflict(VisitNode, String)",1741
"org.apache.ivy.core.resolve.ResolveEngine.resolveConflict(VisitNode, String)","org.apache.ivy.core.resolve.ResolveEngine.resolveConflict(VisitNode, VisitNode, String, Collection)",1741
"org.apache.ivy.core.resolve.ResolveEngine.resolveConflict(VisitNode, VisitNode, String, Collection)",org.apache.ivy.core.settings.IvySettings.debugConflictResolution(),2065
org.apache.ivy.core.settings.IvySettings.debugConflictResolution(),org.apache.ivy.core.settings.IvySettings.getVariable(String),184
"org.apache.ivy.core.resolve.ResolveEngine.resolveConflict(VisitNode, VisitNode, String, Collection)","org.apache.ivy.core.resolve.ResolveEngine.computeConflicts(VisitNode, VisitNode, String, Collection, Collection)",665
"org.apache.ivy.core.resolve.ResolveEngine.computeConflicts(VisitNode, VisitNode, String, Collection, Collection)","org.apache.ivy.core.resolve.IvyNode.getDependencies(String, String[], String)",641
"org.apache.ivy.core.resolve.IvyNode.getDependencies(String, String[], String)","org.apache.ivy.core.resolve.IvyNode.getDependencies(String, String, String)",945
"org.apache.ivy.core.resolve.IvyNode.getDependencies(String, String, String)","org.apache.ivy.core.resolve.IvyNode.isDependencyModuleExcluded(DependencyDescriptor, String, ModuleRevisionId, String)",2472
"org.apache.ivy.core.resolve.IvyNode.isDependencyModuleExcluded(DependencyDescriptor, String, ModuleRevisionId, String)","org.apache.ivy.core.resolve.IvyNode.doesExclude(ModuleDescriptor, String, String[], DependencyDescriptor, Artifact, Stack)",1962
"org.apache.ivy.core.resolve.IvyNode.doesExclude(ModuleDescriptor, String, String[], DependencyDescriptor, Artifact, Stack)","org.apache.ivy.core.module.descriptor.DefaultDependencyDescriptor.doesExclude(String[], ArtifactId)",2466
"org.apache.ivy.core.module.descriptor.DefaultDependencyDescriptor.doesExclude(String[], ArtifactId)",org.apache.ivy.core.module.descriptor.DefaultDependencyDescriptor.getExcludeRules(String[]),2475
org.apache.ivy.core.module.descriptor.DefaultDependencyDescriptor.getExcludeRules(String[]),org.apache.ivy.core.module.descriptor.DefaultDependencyDescriptor.getExcludeRules(String),2943
"org.apache.ivy.core.resolve.IvyNode.doesExclude(ModuleDescriptor, String, String[], DependencyDescriptor, Artifact, Stack)","org.apache.ivy.core.module.descriptor.DefaultModuleDescriptor.doesExclude(String[], ArtifactId)",2463
"org.apache.ivy.core.module.descriptor.DefaultModuleDescriptor.doesExclude(String[], ArtifactId)",org.apache.ivy.core.module.descriptor.DefaultModuleDescriptor.getExcludeRules(String[]),2466
"org.apache.ivy.core.resolve.IvyNode.doesExclude(ModuleDescriptor, String, String[], DependencyDescriptor, Artifact, Stack)","org.apache.ivy.core.resolve.IvyNode.doesCallersExclude(String, Artifact, Stack)",2389
"org.apache.ivy.core.resolve.IvyNode.doesCallersExclude(String, Artifact, Stack)","org.apache.ivy.core.resolve.IvyNodeCallers.doesCallersExclude(String, Artifact, Stack)",2389
"org.apache.ivy.core.resolve.IvyNodeCallers.doesCallersExclude(String, Artifact, Stack)",org.apache.ivy.core.resolve.IvyNodeCallers.getCallers(String),3892
"org.apache.ivy.core.resolve.IvyNode.doesExclude(ModuleDescriptor, String, String[], DependencyDescriptor, Artifact, Stack)",org.apache.ivy.core.resolve.ResolveData.getNode(ModuleRevisionId),2389
"org.apache.ivy.core.resolve.IvyNode.isDependencyModuleExcluded(DependencyDescriptor, String, ModuleRevisionId, String)","org.apache.ivy.core.module.descriptor.DefaultArtifact.newIvyArtifact(ModuleRevisionId, Date)",2472
"org.apache.ivy.core.resolve.IvyNode.getDependencies(String, String, String)",org.apache.ivy.core.resolve.ResolveData.mediate(DependencyDescriptor),8784
org.apache.ivy.core.resolve.ResolveData.mediate(DependencyDescriptor),org.apache.ivy.core.resolve.VisitNode.getPath(),8784
org.apache.ivy.core.resolve.VisitNode.getPath(),org.apache.ivy.core.resolve.VisitNode.computePath(),817
org.apache.ivy.core.resolve.VisitNode.computePath(),org.apache.ivy.core.resolve.VisitNode.getPath(),521
org.apache.ivy.core.resolve.ResolveData.mediate(DependencyDescriptor),org.apache.ivy.core.module.descriptor.DefaultModuleDescriptor.mediate(DependencyDescriptor),8530
org.apache.ivy.core.module.descriptor.DefaultModuleDescriptor.mediate(DependencyDescriptor),org.apache.ivy.core.module.id.ModuleRules.getRules(ModuleId),8533
org.apache.ivy.core.module.id.ModuleRules.getRules(ModuleId),"org.apache.ivy.core.module.id.ModuleRules.getRules(Map, Filter)",8535
org.apache.ivy.core.module.descriptor.DefaultModuleDescriptor.mediate(DependencyDescriptor),org.apache.ivy.core.module.descriptor.DefaultDependencyDescriptor.getDependencyId(),8533
org.apache.ivy.core.resolve.ResolveData.mediate(DependencyDescriptor),"org.apache.ivy.core.resolve.ResolveEngine.mediate(DependencyDescriptor, ResolveOptions)",8785
"org.apache.ivy.core.resolve.ResolveEngine.mediate(DependencyDescriptor, ResolveOptions)",org.apache.ivy.core.settings.IvySettings.getResolveMode(ModuleId),8784
org.apache.ivy.core.settings.IvySettings.getResolveMode(ModuleId),"org.apache.ivy.core.module.id.ModuleRules.getRule(ModuleId, Filter)",8786
"org.apache.ivy.core.resolve.ResolveEngine.mediate(DependencyDescriptor, ResolveOptions)",org.apache.ivy.core.module.descriptor.DefaultDependencyDescriptor.getDependencyId(),8784
org.apache.ivy.core.resolve.ResolveData.mediate(DependencyDescriptor),org.apache.ivy.core.resolve.VisitNode.getDescriptor(),8530
"org.apache.ivy.core.resolve.IvyNode.getDependencies(String, String, String)","org.apache.ivy.core.module.descriptor.DefaultDependencyDescriptor.getDependencyConfigurations(String, String)",8784
"org.apache.ivy.core.resolve.IvyNode.getDependencies(String, String, String)","org.apache.ivy.core.resolve.IvyNode.addCaller(String, IvyNode, String, String, String[], DependencyDescriptor)",2395
"org.apache.ivy.core.resolve.IvyNode.addCaller(String, IvyNode, String, String, String[], DependencyDescriptor)","org.apache.ivy.core.resolve.IvyNodeCallers.addCaller(String, IvyNode, String, String, String[], DependencyDescriptor)",2395
"org.apache.ivy.core.resolve.IvyNodeCallers.addCaller(String, IvyNode, String, String, String[], DependencyDescriptor)",org.apache.ivy.core.resolve.IvyNode.getRealNode(),2395
org.apache.ivy.core.resolve.IvyNode.getRealNode(),org.apache.ivy.core.resolve.ResolveData.getNode(ModuleRevisionId),5579
"org.apache.ivy.core.resolve.IvyNodeCallers.addCaller(String, IvyNode, String, String, String[], DependencyDescriptor)",org.apache.ivy.core.resolve.IvyNode.getAllCallersModuleIds(),2395
org.apache.ivy.core.resolve.IvyNode.getAllCallersModuleIds(),org.apache.ivy.core.resolve.IvyNodeCallers.getAllCallersModuleIds(),2395
"org.apache.ivy.core.resolve.IvyNodeCallers.addCaller(String, IvyNode, String, String, String[], DependencyDescriptor)",org.apache.ivy.core.module.id.ModuleId.equals(Object),2395
"org.apache.ivy.core.resolve.IvyNodeCallers.addCaller(String, IvyNode, String, String, String[], DependencyDescriptor)",org.apache.ivy.core.resolve.IvyNode.getResolvedId(),2395
"org.apache.ivy.core.resolve.IvyNode.addCaller(String, IvyNode, String, String, String[], DependencyDescriptor)",org.apache.ivy.core.resolve.IvyNodeCallers.getAllCallersModuleIds(),2395
"org.apache.ivy.core.resolve.IvyNode.getDependencies(String, String, String)","org.apache.ivy.core.resolve.IvyNodeUsage.setRequiredConfs(IvyNode, String, Collection)",2395
"org.apache.ivy.core.resolve.IvyNode.getDependencies(String, String, String)",org.apache.ivy.core.resolve.IvyNode.updateConfsToFetch(Collection),2395
"org.apache.ivy.core.resolve.IvyNode.getDependencies(String, String, String)","org.apache.ivy.core.resolve.IvyNode.addRootModuleConfigurations(IvyNodeUsage, String, String[])",2395
"org.apache.ivy.core.resolve.IvyNode.getDependencies(String, String, String)","org.apache.ivy.core.resolve.IvyNode.addDependencyDescriptor(IvyNode, DependencyDescriptor)",1932
"org.apache.ivy.core.resolve.IvyNode.getDependencies(String, String, String)",org.apache.ivy.core.module.descriptor.DefaultModuleDescriptor.getDependencies(),1818
"org.apache.ivy.core.resolve.IvyNode.getDependencies(String, String, String)",org.apache.ivy.core.resolve.IvyNode.resolveSpecialConfigurations(String[]),2395
"org.apache.ivy.core.resolve.IvyNode.getDependencies(String, String, String)",org.apache.ivy.core.resolve.ResolveData.getNode(ModuleRevisionId),2386
"org.apache.ivy.core.resolve.ResolveEngine.computeConflicts(VisitNode, VisitNode, String, Collection, Collection)",org.apache.ivy.core.resolve.IvyNode.getConfigurations(String),641
org.apache.ivy.core.resolve.IvyNode.getConfigurations(String),"org.apache.ivy.core.resolve.IvyNode.addAllIfNotNull(Collection, Collection)",2151
org.apache.ivy.core.resolve.IvyNode.getConfigurations(String),org.apache.ivy.core.resolve.IvyNodeUsage.getConfigurations(String),2151
"org.apache.ivy.core.resolve.ResolveEngine.computeConflicts(VisitNode, VisitNode, String, Collection, Collection)",org.apache.ivy.core.resolve.IvyNode.equals(Object),641
"org.apache.ivy.core.resolve.ResolveEngine.computeConflicts(VisitNode, VisitNode, String, Collection, Collection)",org.apache.ivy.core.module.id.ModuleId.equals(Object),1712
"org.apache.ivy.core.resolve.ResolveEngine.computeConflicts(VisitNode, VisitNode, String, Collection, Collection)",org.apache.ivy.core.resolve.IvyNode.getModuleId(),1712
"org.apache.ivy.core.resolve.ResolveEngine.computeConflicts(VisitNode, VisitNode, String, Collection, Collection)",org.apache.ivy.core.resolve.VisitNode.getModuleId(),1990
org.apache.ivy.core.resolve.VisitNode.getModuleId(),org.apache.ivy.core.resolve.IvyNode.getModuleId(),11076
"org.apache.ivy.core.resolve.ResolveEngine.resolveConflict(VisitNode, VisitNode, String, Collection)","org.apache.ivy.core.resolve.IvyNode.setEvictedNodes(ModuleId, String, Collection)",661
"org.apache.ivy.core.resolve.IvyNode.setEvictedNodes(ModuleId, String, Collection)","org.apache.ivy.core.resolve.IvyNodeEviction.setEvictedNodes(ModuleId, String, Collection)",661
"org.apache.ivy.core.resolve.ResolveEngine.resolveConflict(VisitNode, VisitNode, String, Collection)","org.apache.ivy.core.resolve.ResolveEngine.checkConflictSolvedEvicted(VisitNode, VisitNode)",2068
"org.apache.ivy.core.resolve.ResolveEngine.checkConflictSolvedEvicted(VisitNode, VisitNode)",org.apache.ivy.core.resolve.VisitNode.getEvictedRevisions(ModuleId),2068
org.apache.ivy.core.resolve.VisitNode.getEvictedRevisions(ModuleId),"org.apache.ivy.core.resolve.IvyNode.getEvictedRevisions(ModuleId, String)",2068
"org.apache.ivy.core.resolve.IvyNode.getEvictedRevisions(ModuleId, String)","org.apache.ivy.core.resolve.IvyNodeEviction.getEvictedRevisions(ModuleId, String)",2068
"org.apache.ivy.core.resolve.ResolveEngine.checkConflictSolvedEvicted(VisitNode, VisitNode)",org.apache.ivy.core.resolve.VisitNode.getModuleId(),2068
"org.apache.ivy.core.resolve.ResolveEngine.checkConflictSolvedEvicted(VisitNode, VisitNode)",org.apache.ivy.core.resolve.VisitNode.getResolvedId(),2068
org.apache.ivy.core.resolve.VisitNode.getResolvedId(),org.apache.ivy.core.resolve.IvyNode.getResolvedId(),4133
"org.apache.ivy.core.resolve.ResolveEngine.resolveConflict(VisitNode, VisitNode, String, Collection)",org.apache.ivy.core.resolve.IvyNode.getConflictManager(ModuleId),665
org.apache.ivy.core.resolve.IvyNode.getConflictManager(ModuleId),org.apache.ivy.core.module.descriptor.DefaultModuleDescriptor.getConflictManager(ModuleId),665
org.apache.ivy.core.module.descriptor.DefaultModuleDescriptor.getConflictManager(ModuleId),org.apache.ivy.core.module.id.ModuleRules.getRule(ModuleId),667
org.apache.ivy.core.module.id.ModuleRules.getRule(ModuleId),"org.apache.ivy.core.module.id.ModuleRules.getRule(ModuleId, Filter)",670
org.apache.ivy.core.resolve.IvyNode.getConflictManager(ModuleId),org.apache.ivy.core.settings.IvySettings.getConflictManager(ModuleId),639
org.apache.ivy.core.settings.IvySettings.getConflictManager(ModuleId),"org.apache.ivy.core.module.id.ModuleRules.getRule(ModuleId, Filter)",783
org.apache.ivy.core.settings.IvySettings.getConflictManager(ModuleId),org.apache.ivy.core.settings.IvySettings.getDefaultConflictManager(),783
"org.apache.ivy.core.resolve.ResolveEngine.resolveConflict(VisitNode, VisitNode, String, Collection)","org.apache.ivy.core.resolve.IvyNode.setResolvedNodes(ModuleId, String, Collection)",651
"org.apache.ivy.core.resolve.IvyNode.setResolvedNodes(ModuleId, String, Collection)","org.apache.ivy.core.resolve.IvyNodeEviction.setResolvedNodes(ModuleId, String, Collection)",651
"org.apache.ivy.core.resolve.ResolveEngine.resolveConflict(VisitNode, VisitNode, String, Collection)","org.apache.ivy.core.resolve.IvyNode.setPendingConflicts(ModuleId, String, Collection)",665
"org.apache.ivy.core.resolve.IvyNode.setPendingConflicts(ModuleId, String, Collection)","org.apache.ivy.core.resolve.IvyNodeEviction.setPendingConflicts(ModuleId, String, Collection)",665
"org.apache.ivy.core.resolve.ResolveEngine.resolveConflict(VisitNode, VisitNode, String, Collection)","org.apache.ivy.core.resolve.ResolveEngine.checkConflictSolvedSelected(VisitNode, VisitNode)",2065
"org.apache.ivy.core.resolve.ResolveEngine.checkConflictSolvedSelected(VisitNode, VisitNode)",org.apache.ivy.core.resolve.VisitNode.getResolvedRevisions(ModuleId),2065
org.apache.ivy.core.resolve.VisitNode.getResolvedRevisions(ModuleId),"org.apache.ivy.core.resolve.IvyNode.getResolvedRevisions(ModuleId, String)",2065
"org.apache.ivy.core.resolve.IvyNode.getResolvedRevisions(ModuleId, String)","org.apache.ivy.core.resolve.IvyNodeEviction.getResolvedRevisions(ModuleId, String)",2369
"org.apache.ivy.core.resolve.ResolveEngine.checkConflictSolvedSelected(VisitNode, VisitNode)",org.apache.ivy.core.resolve.VisitNode.getModuleId(),2065
"org.apache.ivy.core.resolve.ResolveEngine.checkConflictSolvedSelected(VisitNode, VisitNode)",org.apache.ivy.core.resolve.VisitNode.getResolvedId(),2065
"org.apache.ivy.core.resolve.ResolveEngine.resolveConflict(VisitNode, VisitNode, String, Collection)","org.apache.ivy.core.resolve.IvyNode.getPendingConflicts(String, ModuleId)",665
"org.apache.ivy.core.resolve.IvyNode.getPendingConflicts(String, ModuleId)","org.apache.ivy.core.resolve.IvyNodeEviction.getPendingConflicts(String, ModuleId)",665
"org.apache.ivy.core.resolve.ResolveEngine.resolveConflict(VisitNode, VisitNode, String, Collection)","org.apache.ivy.core.resolve.IvyNode.getEvictedNodes(ModuleId, String)",661
"org.apache.ivy.core.resolve.IvyNode.getEvictedNodes(ModuleId, String)","org.apache.ivy.core.resolve.IvyNodeEviction.getEvictedNodes(ModuleId, String)",661
"org.apache.ivy.core.resolve.ResolveEngine.resolveConflict(VisitNode, VisitNode, String, Collection)","org.apache.ivy.core.resolve.ResolveEngine.resolveConflicts(VisitNode, VisitNode, Collection, ConflictManager)",665
"org.apache.ivy.core.resolve.ResolveEngine.resolveConflicts(VisitNode, VisitNode, Collection, ConflictManager)","org.apache.ivy.plugins.conflict.LatestConflictManager.resolveConflicts(IvyNode, Collection)",523
"org.apache.ivy.core.resolve.ResolveEngine.resolveConflicts(VisitNode, VisitNode, Collection, ConflictManager)",org.apache.ivy.core.settings.IvySettings.debugConflictResolution(),665
"org.apache.ivy.core.resolve.ResolveEngine.resolveConflict(VisitNode, VisitNode, String, Collection)","org.apache.ivy.core.resolve.IvyNode.getResolvedNodes(ModuleId, String)",683
"org.apache.ivy.core.resolve.IvyNode.getResolvedNodes(ModuleId, String)","org.apache.ivy.core.resolve.IvyNodeEviction.getResolvedNodes(ModuleId, String)",2497
"org.apache.ivy.core.resolve.ResolveEngine.resolveConflict(VisitNode, VisitNode, String, Collection)","org.apache.ivy.core.resolve.ResolveEngine.resolveConflict(VisitNode, VisitNode, String, Collection)",2051
"org.apache.ivy.core.resolve.ResolveEngine.resolveConflict(VisitNode, VisitNode, String, Collection)",org.apache.ivy.core.resolve.VisitNode.getModuleId(),4651
"org.apache.ivy.core.resolve.ResolveEngine.doFetchDependencies(VisitNode, String)",org.apache.ivy.core.resolve.VisitNode.getConfiguration(String),1158
org.apache.ivy.core.resolve.VisitNode.getConfiguration(String),org.apache.ivy.core.resolve.IvyNode.getConfiguration(String),1158
org.apache.ivy.core.resolve.IvyNode.getConfiguration(String),org.apache.ivy.core.resolve.IvyNode.getMainConf(String),1737
org.apache.ivy.core.resolve.IvyNode.getConfiguration(String),org.apache.ivy.core.resolve.IvyNode.getDefaultConf(String),1737
org.apache.ivy.core.resolve.IvyNode.getConfiguration(String),org.apache.ivy.core.module.descriptor.DefaultModuleDescriptor.getConfiguration(String),3474
"org.apache.ivy.core.resolve.ResolveEngine.doFetchDependencies(VisitNode, String)",org.apache.ivy.core.resolve.VisitNode.isTransitive(),950
org.apache.ivy.core.resolve.VisitNode.isTransitive(),org.apache.ivy.core.resolve.VisitNode.isParentConfTransitive(),579
org.apache.ivy.core.resolve.VisitNode.isParentConfTransitive(),org.apache.ivy.core.resolve.IvyNode.getConfiguration(String),579
org.apache.ivy.core.resolve.VisitNode.isParentConfTransitive(),org.apache.ivy.core.resolve.VisitNode.getParentNode(),579
org.apache.ivy.core.resolve.VisitNode.isTransitive(),org.apache.ivy.core.resolve.IvyNode.getDependencyDescriptor(IvyNode),579
org.apache.ivy.core.resolve.VisitNode.isTransitive(),org.apache.ivy.core.resolve.IvyNode.hasAnyMergedUsageWithTransitiveDependency(String),79
org.apache.ivy.core.resolve.VisitNode.isTransitive(),org.apache.ivy.core.resolve.ResolveData.isTransitive(),579
org.apache.ivy.core.resolve.VisitNode.isTransitive(),org.apache.ivy.core.resolve.VisitNode.getParentNode(),579
"org.apache.ivy.core.resolve.ResolveEngine.doFetchDependencies(VisitNode, String)","org.apache.ivy.core.resolve.ResolveEngine.isDependenciesFetched(IvyNode, String)",1158
"org.apache.ivy.core.resolve.ResolveEngine.isDependenciesFetched(IvyNode, String)","org.apache.ivy.core.resolve.ResolveEngine.getDependenciesFetchedKey(IvyNode, String)",1158
"org.apache.ivy.core.resolve.ResolveEngine.getDependenciesFetchedKey(IvyNode, String)",org.apache.ivy.core.module.id.ModuleRevisionId.getName(),2031
"org.apache.ivy.core.resolve.ResolveEngine.getDependenciesFetchedKey(IvyNode, String)",org.apache.ivy.core.module.id.ModuleRevisionId.getOrganisation(),2031
"org.apache.ivy.core.resolve.ResolveEngine.getDependenciesFetchedKey(IvyNode, String)",org.apache.ivy.core.resolve.IvyNode.getResolvedId(),2031
"org.apache.ivy.core.resolve.ResolveEngine.doFetchDependencies(VisitNode, String)","org.apache.ivy.core.resolve.ResolveEngine.markDependenciesFetched(IvyNode, String)",873
"org.apache.ivy.core.resolve.ResolveEngine.markDependenciesFetched(IvyNode, String)","org.apache.ivy.core.resolve.ResolveEngine.getDependenciesFetchedKey(IvyNode, String)",873
"org.apache.ivy.core.resolve.ResolveEngine.doFetchDependencies(VisitNode, String)",org.apache.ivy.core.resolve.VisitNode.getDependencies(String),873
org.apache.ivy.core.resolve.VisitNode.getDependencies(String),"org.apache.ivy.core.resolve.IvyNode.getDependencies(String, String, String)",873
"org.apache.ivy.core.resolve.ResolveEngine.fetchDependencies(VisitNode, String, boolean)",org.apache.ivy.core.resolve.VisitNode.getRealConfs(String),1114
org.apache.ivy.core.resolve.VisitNode.getRealConfs(String),org.apache.ivy.core.resolve.IvyNode.getRealConfs(String),1114
"org.apache.ivy.core.resolve.ResolveEngine.resolveConflict(VisitNode, VisitNode, String, Collection)","org.apache.ivy.core.resolve.VisitNode.getEvictionDataInRoot(String, VisitNode)",1398
"org.apache.ivy.core.resolve.VisitNode.getEvictionDataInRoot(String, VisitNode)","org.apache.ivy.core.resolve.IvyNode.getEvictionDataInRoot(String, IvyNode)",1398
"org.apache.ivy.core.resolve.IvyNode.getEvictionDataInRoot(String, IvyNode)","org.apache.ivy.core.resolve.IvyNodeEviction.getEvictionDataInRoot(String, IvyNode)",1398
"org.apache.ivy.core.resolve.IvyNodeEviction.getEvictionDataInRoot(String, IvyNode)","org.apache.ivy.core.resolve.IvyNode.getResolvedNodes(ModuleId, String)",1398
"org.apache.ivy.core.resolve.IvyNodeEviction.getResolvedNodes(ModuleId, String)",org.apache.ivy.core.resolve.IvyNode.getRealNode(),1700
"org.apache.ivy.core.resolve.IvyNodeEviction.getEvictionDataInRoot(String, IvyNode)",org.apache.ivy.core.module.id.ModuleRevisionId.equals(Object),1399
"org.apache.ivy.core.resolve.IvyNodeEviction.getEvictionDataInRoot(String, IvyNode)",org.apache.ivy.core.resolve.IvyNode.getModuleId(),1398
"org.apache.ivy.core.resolve.IvyNodeEviction.getEvictionDataInRoot(String, IvyNode)",org.apache.ivy.core.resolve.IvyNode.getResolvedId(),2798
"org.apache.ivy.core.resolve.IvyNodeEviction.getResolvedRevisions(ModuleId, String)",org.apache.ivy.core.resolve.IvyNode.getResolvedId(),1728
"org.apache.ivy.core.resolve.ResolveEngine.checkConflictSolvedSelected(VisitNode, VisitNode)",org.apache.ivy.core.settings.IvySettings.debugConflictResolution(),1400
"org.apache.ivy.core.resolve.ResolveEngine.fetchDependencies(VisitNode, String, boolean)",org.apache.ivy.plugins.version.ChainVersionMatcher.isDynamic(ModuleRevisionId),604
"org.apache.ivy.core.resolve.ResolveEngine.fetchDependencies(VisitNode, String, boolean)",org.apache.ivy.util.Message.verbose(String),1301
"org.apache.ivy.core.resolve.ResolveEngine.fetchDependencies(VisitNode, String, boolean)",org.apache.ivy.core.resolve.VisitNode.isCircular(),1114
org.apache.ivy.core.resolve.VisitNode.isCircular(),org.apache.ivy.core.module.id.ModuleId.equals(Object),594
org.apache.ivy.core.resolve.VisitNode.isCircular(),org.apache.ivy.core.resolve.VisitNode.getId(),1188
org.apache.ivy.core.resolve.VisitNode.isCircular(),org.apache.ivy.core.resolve.VisitNode.getPath(),411
"org.apache.ivy.core.resolve.ResolveEngine.fetchDependencies(VisitNode, String, boolean)",org.apache.ivy.core.resolve.VisitNode.isEvicted(),2434
org.apache.ivy.core.resolve.VisitNode.isEvicted(),org.apache.ivy.core.resolve.IvyNode.isEvicted(String),3014
"org.apache.ivy.core.resolve.ResolveEngine.fetchDependencies(VisitNode, String, boolean)",org.apache.ivy.core.resolve.ResolveEngine.checkInterrupted(),1301
org.apache.ivy.core.resolve.ResolveEngine.checkInterrupted(),org.apache.ivy.core.IvyContext.getContext(),1750
org.apache.ivy.core.resolve.ResolveEngine.checkInterrupted(),org.apache.ivy.core.IvyContext.getIvy(),1750
org.apache.ivy.core.resolve.ResolveEngine.checkInterrupted(),org.apache.ivy.Ivy.checkInterrupted(),1750
"org.apache.ivy.core.resolve.ResolveEngine.fetchDependencies(VisitNode, String, boolean)",org.apache.ivy.core.resolve.VisitNode.getDependencyDescriptor(),1301
org.apache.ivy.core.resolve.VisitNode.getDependencyDescriptor(),org.apache.ivy.core.resolve.IvyNode.getDependencyDescriptor(IvyNode),1301
org.apache.ivy.core.resolve.VisitNode.getDependencyDescriptor(),org.apache.ivy.core.resolve.VisitNode.getParentNode(),1301
"org.apache.ivy.core.resolve.ResolveEngine.fetchDependencies(VisitNode, String, boolean)",org.apache.ivy.core.resolve.VisitNode.getRoot(),924
org.apache.ivy.core.resolve.VisitNode.getRoot(),org.apache.ivy.core.resolve.VisitNode.computeRoot(),849
org.apache.ivy.core.resolve.VisitNode.computeRoot(),org.apache.ivy.core.resolve.VisitNode.getRoot(),582
"org.apache.ivy.core.resolve.ResolveEngine.fetchDependencies(VisitNode, String, boolean)",org.apache.ivy.core.resolve.ResolveData.getSettings(),1301
"org.apache.ivy.core.resolve.ResolveEngine.fetchDependencies(VisitNode, String, boolean)",org.apache.ivy.core.resolve.VisitNode.getId(),2231
"org.apache.ivy.core.resolve.ResolveEngine.fetchDependencies(VisitNode, String, boolean)",org.apache.ivy.core.settings.IvySettings.debugConflictResolution(),1301
"org.apache.ivy.core.resolve.ResolveEngine.fetchDependencies(VisitNode, String, boolean)",org.apache.ivy.core.settings.IvySettings.getVersionMatcher(),1301
org.apache.ivy.core.resolve.ResolveData.getVisitData(ModuleRevisionId),"org.apache.ivy.core.resolve.ResolveData.isSubMap(Map, Map)",4397
"org.apache.ivy.core.resolve.IvyNodeCallers.addCaller(String, IvyNode, String, String, String[], DependencyDescriptor)",org.apache.ivy.core.resolve.IvyNode.canExclude(String),540
org.apache.ivy.core.resolve.IvyNode.canExclude(String),org.apache.ivy.core.resolve.IvyNode.getCallers(String),540
org.apache.ivy.core.resolve.IvyNode.getCallers(String),org.apache.ivy.core.resolve.IvyNodeCallers.getCallers(String),2546
"org.apache.ivy.core.resolve.IvyNode.getDependencies(String, String, String)","org.apache.ivy.core.resolve.IvyNode.<init>(ResolveData, IvyNode, DependencyDescriptor)",463
"org.apache.ivy.core.resolve.IvyNode.<init>(ResolveData, IvyNode, DependencyDescriptor)",org.apache.ivy.core.resolve.IvyNode.init(ResolveData),463
org.apache.ivy.core.resolve.IvyNode.init(ResolveData),org.apache.ivy.core.resolve.IvyNodeEviction.<init>(IvyNode),675
org.apache.ivy.core.resolve.IvyNode.init(ResolveData),org.apache.ivy.core.resolve.IvyNodeCallers.<init>(IvyNode),675
org.apache.ivy.core.resolve.IvyNode.init(ResolveData),org.apache.ivy.core.resolve.ResolveData.getSettings(),675
"org.apache.ivy.core.resolve.IvyNode.<init>(ResolveData, IvyNode, DependencyDescriptor)",org.apache.ivy.core.resolve.IvyNodeUsage.<init>(IvyNode),464
org.apache.ivy.core.resolve.VisitNode.getDependencies(String),"org.apache.ivy.core.resolve.VisitNode.traverseChild(String, IvyNode)",580
"org.apache.ivy.core.resolve.VisitNode.traverseChild(String, IvyNode)","org.apache.ivy.core.resolve.VisitNode.traverse(VisitNode, String, IvyNode, IvyNodeUsage)",580
"org.apache.ivy.core.resolve.VisitNode.traverse(VisitNode, String, IvyNode, IvyNodeUsage)","org.apache.ivy.core.resolve.VisitNode.<init>(ResolveData, IvyNode, VisitNode, String, String, IvyNodeUsage)",593
"org.apache.ivy.core.resolve.VisitNode.<init>(ResolveData, IvyNode, VisitNode, String, String, IvyNodeUsage)",org.apache.ivy.core.resolve.ResolveData.register(VisitNode),899
org.apache.ivy.core.resolve.ResolveData.register(VisitNode),"org.apache.ivy.core.resolve.ResolveData.register(ModuleRevisionId, VisitNode)",899
"org.apache.ivy.core.resolve.ResolveData.register(ModuleRevisionId, VisitNode)",org.apache.ivy.core.resolve.ResolveData.getVisitData(ModuleRevisionId),1001
"org.apache.ivy.core.resolve.ResolveData.register(ModuleRevisionId, VisitNode)",org.apache.ivy.core.resolve.VisitData.addVisitNode(VisitNode),1000
org.apache.ivy.core.resolve.VisitData.addVisitNode(VisitNode),org.apache.ivy.core.resolve.VisitData.getVisitNodes(String),1000
"org.apache.ivy.core.resolve.ResolveData.register(ModuleRevisionId, VisitNode)",org.apache.ivy.core.resolve.VisitData.<init>(IvyNode),721
org.apache.ivy.core.resolve.ResolveData.register(VisitNode),org.apache.ivy.core.resolve.VisitNode.getId(),899
"org.apache.ivy.core.resolve.VisitNode.<init>(ResolveData, IvyNode, VisitNode, String, String, IvyNodeUsage)","org.apache.ivy.util.Checks.checkNotNull(Object, String)",2699
"org.apache.ivy.core.resolve.VisitNode.traverse(VisitNode, String, IvyNode, IvyNodeUsage)",org.apache.ivy.core.resolve.VisitNode.getPath(),593
"org.apache.ivy.core.resolve.ResolveEngine.doFetchDependencies(VisitNode, String)","org.apache.ivy.core.resolve.VisitNode.getRequiredConfigurations(VisitNode, String)",580
"org.apache.ivy.core.resolve.VisitNode.getRequiredConfigurations(VisitNode, String)","org.apache.ivy.core.resolve.IvyNode.getRequiredConfigurations(IvyNode, String)",580
"org.apache.ivy.core.resolve.ResolveEngine.doFetchDependencies(VisitNode, String)",org.apache.ivy.core.resolve.VisitNode.getConfsToFetch(),405
org.apache.ivy.core.resolve.VisitNode.getConfsToFetch(),org.apache.ivy.core.resolve.IvyNode.getConfsToFetch(),405
"org.apache.ivy.core.resolve.ResolveEngine.doFetchDependencies(VisitNode, String)",org.apache.ivy.core.resolve.VisitNode.isEvicted(),580
"org.apache.ivy.core.resolve.ResolveEngine.doFetchDependencies(VisitNode, String)",org.apache.ivy.core.resolve.VisitNode.useRealNode(),580
"org.apache.ivy.core.resolve.ResolveEngine.doFetchDependencies(VisitNode, String)",org.apache.ivy.core.resolve.VisitNode.hasProblem(),561
org.apache.ivy.core.settings.IvySettings.getVersionMatcher(),org.apache.ivy.core.settings.IvySettings.configureDefaultVersionMatcher(),256
org.apache.ivy.core.settings.IvySettings.configureDefaultVersionMatcher(),org.apache.ivy.core.settings.IvySettings.addVersionMatcher(VersionMatcher),771
org.apache.ivy.core.settings.IvySettings.addVersionMatcher(VersionMatcher),org.apache.ivy.core.settings.IvySettings.addVersionMatcher(VersionMatcher),260
org.apache.ivy.core.settings.IvySettings.addVersionMatcher(VersionMatcher),org.apache.ivy.plugins.version.ChainVersionMatcher.add(VersionMatcher),1034
org.apache.ivy.plugins.version.ChainVersionMatcher.add(VersionMatcher),"org.apache.ivy.util.Checks.checkNotNull(Object, String)",1047
org.apache.ivy.core.settings.IvySettings.addVersionMatcher(VersionMatcher),org.apache.ivy.core.settings.IvySettings.init(Object),1036
org.apache.ivy.core.settings.IvySettings.init(Object),org.apache.ivy.plugins.version.AbstractVersionMatcher.setSettings(IvySettings),1034
org.apache.ivy.plugins.version.AbstractVersionMatcher.setSettings(IvySettings),"org.apache.ivy.util.Checks.checkNotNull(Object, String)",1045
org.apache.ivy.core.settings.IvySettings.addVersionMatcher(VersionMatcher),org.apache.ivy.plugins.version.ChainVersionMatcher.<init>(),260
org.apache.ivy.plugins.version.ChainVersionMatcher.<init>(),org.apache.ivy.plugins.version.AbstractVersionMatcher.<init>(String),307
org.apache.ivy.core.settings.IvySettings.addVersionMatcher(VersionMatcher),org.apache.ivy.plugins.version.ExactVersionMatcher.<init>(),260
org.apache.ivy.plugins.version.ExactVersionMatcher.<init>(),org.apache.ivy.plugins.version.AbstractVersionMatcher.<init>(String),268
org.apache.ivy.core.settings.IvySettings.configureDefaultVersionMatcher(),org.apache.ivy.plugins.version.VersionRangeMatcher.<init>(),257
org.apache.ivy.plugins.version.VersionRangeMatcher.<init>(),org.apache.ivy.plugins.version.AbstractVersionMatcher.<init>(String),269
org.apache.ivy.core.settings.IvySettings.configureDefaultVersionMatcher(),org.apache.ivy.plugins.version.LatestVersionMatcher.<init>(),257
org.apache.ivy.plugins.version.LatestVersionMatcher.<init>(),org.apache.ivy.plugins.version.AbstractVersionMatcher.<init>(String),272
org.apache.ivy.core.settings.IvySettings.configureDefaultVersionMatcher(),org.apache.ivy.plugins.version.SubVersionMatcher.<init>(),257
org.apache.ivy.plugins.version.SubVersionMatcher.<init>(),org.apache.ivy.plugins.version.AbstractVersionMatcher.<init>(String),272
"org.apache.ivy.core.resolve.ResolveEngine.getDependencies(ModuleDescriptor, ResolveOptions, ResolveReport)","org.apache.ivy.core.sort.SortEngine.sortNodes(Collection, SortOptions)",212
"org.apache.ivy.core.sort.SortEngine.sortNodes(Collection, SortOptions)","org.apache.ivy.core.sort.SortEngine.sortModuleDescriptors(Collection, SortOptions)",468
"org.apache.ivy.core.sort.SortEngine.sortModuleDescriptors(Collection, SortOptions)",org.apache.ivy.core.sort.ModuleDescriptorSorter.sortModuleDescriptors(),492
org.apache.ivy.core.sort.ModuleDescriptorSorter.sortModuleDescriptors(),org.apache.ivy.util.Message.debug(String),493
org.apache.ivy.core.sort.ModuleDescriptorSorter.sortModuleDescriptors(),"org.apache.ivy.core.sort.ModuleDescriptorSorter.sortModuleDescriptorsHelp(ModuleInSort, ModuleInSort)",708
"org.apache.ivy.core.sort.ModuleDescriptorSorter.sortModuleDescriptorsHelp(ModuleInSort, ModuleInSort)",org.apache.ivy.core.sort.CollectionOfModulesToSort.getModuleDescriptorDependency(DependencyDescriptor),410
"org.apache.ivy.core.sort.MessageBasedNonMatchingVersionReporter.reportNonMatchingVersion(DependencyDescriptor, ModuleDescriptor)",org.apache.ivy.core.sort.SilentNonMatchingVersionReporter.reportMessage(String),64
org.apache.ivy.core.sort.SilentNonMatchingVersionReporter.reportMessage(String),org.apache.ivy.util.Message.debug(String),66
"org.apache.ivy.core.sort.MessageBasedNonMatchingVersionReporter.reportNonMatchingVersion(DependencyDescriptor, ModuleDescriptor)",org.apache.ivy.core.module.descriptor.DefaultDependencyDescriptor.getParentRevisionId(),66
org.apache.ivy.core.sort.CollectionOfModulesToSort.getModuleDescriptorDependency(DependencyDescriptor),"org.apache.ivy.core.sort.ModuleInSort.match(DependencyDescriptor, VersionMatcher)",279
"org.apache.ivy.core.sort.ModuleInSort.match(DependencyDescriptor, VersionMatcher)","org.apache.ivy.plugins.version.ChainVersionMatcher.accept(ModuleRevisionId, ModuleDescriptor)",243
"org.apache.ivy.core.sort.ModuleInSort.match(DependencyDescriptor, VersionMatcher)",org.apache.ivy.Ivy.getWorkingRevision(),282
org.apache.ivy.Ivy.getWorkingRevision(),org.apache.ivy.util.HostUtil.getLocalHostName(),949
org.apache.ivy.core.sort.CollectionOfModulesToSort.getModuleDescriptorDependency(DependencyDescriptor),org.apache.ivy.core.module.descriptor.DefaultDependencyDescriptor.getDependencyId(),410
"org.apache.ivy.core.sort.ModuleDescriptorSorter.sortModuleDescriptorsHelp(ModuleInSort, ModuleInSort)",org.apache.ivy.core.sort.ModuleInSort.toString(),1416
org.apache.ivy.core.sort.ModuleInSort.toString(),org.apache.ivy.core.module.id.ModuleRevisionId.toString(),1417
"org.apache.ivy.core.sort.ModuleDescriptorSorter.sortModuleDescriptorsHelp(ModuleInSort, ModuleInSort)",org.apache.ivy.util.Message.debug(String),1416
"org.apache.ivy.core.sort.ModuleDescriptorSorter.sortModuleDescriptorsHelp(ModuleInSort, ModuleInSort)",org.apache.ivy.core.sort.ModuleInSort.addToSortedListIfRequired(List),708
org.apache.ivy.core.sort.ModuleInSort.addToSortedListIfRequired(List),org.apache.ivy.core.sort.ModuleInSort.addToSortList(List),712
org.apache.ivy.core.sort.ModuleInSort.addToSortList(List),org.apache.ivy.core.sort.ModuleInSort.isSorted(),714
"org.apache.ivy.core.sort.ModuleDescriptorSorter.sortModuleDescriptorsHelp(ModuleInSort, ModuleInSort)",org.apache.ivy.core.sort.ModuleInSort.getDependencies(),708
org.apache.ivy.core.sort.ModuleInSort.getDependencies(),org.apache.ivy.core.module.descriptor.DefaultModuleDescriptor.getDependencies(),709
"org.apache.ivy.core.sort.ModuleDescriptorSorter.sortModuleDescriptorsHelp(ModuleInSort, ModuleInSort)","org.apache.ivy.core.sort.ModuleInSort.checkLoop(ModuleInSort, CircularDependencyStrategy)",710
"org.apache.ivy.core.sort.ModuleDescriptorSorter.sortModuleDescriptorsHelp(ModuleInSort, ModuleInSort)",org.apache.ivy.core.sort.ModuleInSort.isProcessed(),923
org.apache.ivy.core.sort.ModuleDescriptorSorter.sortModuleDescriptors(),org.apache.ivy.core.sort.CollectionOfModulesToSort.iterator(),493
org.apache.ivy.core.sort.ModuleDescriptorSorter.sortModuleDescriptors(),org.apache.ivy.core.sort.CollectionOfModulesToSort.size(),493
"org.apache.ivy.core.sort.SortEngine.sortModuleDescriptors(Collection, SortOptions)","org.apache.ivy.core.sort.ModuleDescriptorSorter.<init>(Collection, VersionMatcher, NonMatchingVersionReporter, CircularDependencyStrategy)",494
"org.apache.ivy.core.sort.ModuleDescriptorSorter.<init>(Collection, VersionMatcher, NonMatchingVersionReporter, CircularDependencyStrategy)","org.apache.ivy.core.sort.CollectionOfModulesToSort.<init>(Collection, VersionMatcher, NonMatchingVersionReporter)",497
"org.apache.ivy.core.sort.CollectionOfModulesToSort.<init>(Collection, VersionMatcher, NonMatchingVersionReporter)","org.apache.ivy.core.sort.CollectionOfModulesToSort.addToModulesByModuleId(ModuleDescriptor, ModuleInSort)",708
"org.apache.ivy.core.sort.CollectionOfModulesToSort.<init>(Collection, VersionMatcher, NonMatchingVersionReporter)",org.apache.ivy.core.sort.ModuleInSort.<init>(ModuleDescriptor),708
"org.apache.ivy.core.sort.SortEngine.sortModuleDescriptors(Collection, SortOptions)",org.apache.ivy.core.sort.SortEngine.getVersionMatcher(),494
org.apache.ivy.core.sort.SortEngine.getVersionMatcher(),org.apache.ivy.core.settings.IvySettings.getVersionMatcher(),494
"org.apache.ivy.core.sort.SortEngine.sortModuleDescriptors(Collection, SortOptions)","org.apache.ivy.util.Checks.checkNotNull(Object, String)",496
org.apache.ivy.core.module.descriptor.DefaultModuleDescriptor.hashCode(),org.apache.ivy.core.module.id.ModuleRevisionId.hashCode(),43572
"org.apache.ivy.core.resolve.ResolveEngine.getDependencies(ModuleDescriptor, ResolveOptions, ResolveReport)","org.apache.ivy.core.resolve.ResolveEngine.handleTransiviteEviction(ModuleDescriptor, String[], ResolveData, List)",212
"org.apache.ivy.core.resolve.ResolveEngine.handleTransiviteEviction(ModuleDescriptor, String[], ResolveData, List)",org.apache.ivy.core.resolve.IvyNode.isCompletelyEvicted(),450
org.apache.ivy.core.resolve.IvyNode.isCompletelyEvicted(),org.apache.ivy.core.resolve.IvyNodeEviction.isCompletelyEvicted(),1661
org.apache.ivy.core.resolve.IvyNodeEviction.isCompletelyEvicted(),org.apache.ivy.core.resolve.IvyNode.getRootModuleConfigurations(),1661
org.apache.ivy.core.resolve.IvyNode.getRootModuleConfigurations(),org.apache.ivy.core.resolve.IvyNode.getRootModuleConfigurationsSet(),2938
org.apache.ivy.core.resolve.IvyNode.getRootModuleConfigurationsSet(),"org.apache.ivy.core.resolve.IvyNode.addAllIfNotNull(Collection, Collection)",3772
org.apache.ivy.core.resolve.IvyNode.getRootModuleConfigurationsSet(),org.apache.ivy.core.resolve.IvyNodeUsage.getRootModuleConfigurations(),3772
org.apache.ivy.core.resolve.IvyNodeEviction.isCompletelyEvicted(),org.apache.ivy.core.resolve.IvyNodeEviction.isEvicted(String),1673
org.apache.ivy.core.resolve.IvyNodeEviction.isCompletelyEvicted(),org.apache.ivy.core.resolve.IvyNodeEviction.cleanEvicted(),1661
"org.apache.ivy.core.resolve.ResolveEngine.handleTransiviteEviction(ModuleDescriptor, String[], ResolveData, List)",org.apache.ivy.core.resolve.IvyNode.getCallers(String),1640
"org.apache.ivy.core.resolve.ResolveEngine.handleTransiviteEviction(ModuleDescriptor, String[], ResolveData, List)",org.apache.ivy.core.module.id.ModuleRevisionId.equals(Object),497
"org.apache.ivy.core.resolve.ResolveEngine.handleTransiviteEviction(ModuleDescriptor, String[], ResolveData, List)",org.apache.ivy.core.settings.IvySettings.debugConflictResolution(),3280
"org.apache.ivy.core.resolve.ResolveEngine.getDependencies(ModuleDescriptor, ResolveOptions, ResolveReport)",org.apache.ivy.core.resolve.IvyNode.isCompletelyBlacklisted(),510
org.apache.ivy.core.resolve.IvyNode.isCompletelyBlacklisted(),org.apache.ivy.core.resolve.IvyNode.getRootModuleConfigurations(),510
org.apache.ivy.core.resolve.IvyNode.isCompletelyBlacklisted(),org.apache.ivy.core.resolve.IvyNode.isBlacklisted(String),510
org.apache.ivy.core.resolve.IvyNode.isBlacklisted(String),org.apache.ivy.core.resolve.IvyNodeUsage.isBlacklisted(String),1610
"org.apache.ivy.core.resolve.ResolveEngine.getDependencies(ModuleDescriptor, ResolveOptions, ResolveReport)","org.apache.ivy.core.resolve.VisitNode.<init>(ResolveData, IvyNode, VisitNode, String, String)",306
"org.apache.ivy.core.resolve.VisitNode.<init>(ResolveData, IvyNode, VisitNode, String, String)","org.apache.ivy.core.resolve.VisitNode.<init>(ResolveData, IvyNode, VisitNode, String, String, IvyNodeUsage)",307
"org.apache.ivy.core.resolve.ResolveEngine.getDependencies(ModuleDescriptor, ResolveOptions, ResolveReport)",org.apache.ivy.core.resolve.IvyNode.updateConfsToFetch(Collection),306
"org.apache.ivy.core.resolve.ResolveEngine.getDependencies(ModuleDescriptor, ResolveOptions, ResolveReport)",org.apache.ivy.util.Message.verbose(String),306
"org.apache.ivy.core.resolve.ResolveEngine.getDependencies(ModuleDescriptor, ResolveOptions, ResolveReport)",org.apache.ivy.core.resolve.ResolveOptions.getConfs(ModuleDescriptor),214
org.apache.ivy.core.resolve.ResolveOptions.getConfs(ModuleDescriptor),"org.apache.ivy.util.ConfigurationUtils.replaceWildcards(String[], ModuleDescriptor)",434
"org.apache.ivy.core.resolve.ResolveEngine.getDependencies(ModuleDescriptor, ResolveOptions, ResolveReport)","org.apache.ivy.core.resolve.IvyNode.<init>(ResolveData, ModuleDescriptor)",212
"org.apache.ivy.core.resolve.IvyNode.<init>(ResolveData, ModuleDescriptor)",org.apache.ivy.core.resolve.IvyNode.init(ResolveData),212
"org.apache.ivy.core.resolve.IvyNode.<init>(ResolveData, ModuleDescriptor)",org.apache.ivy.core.resolve.IvyNodeUsage.<init>(IvyNode),213
"org.apache.ivy.core.resolve.ResolveEngine.getDependencies(ModuleDescriptor, ResolveOptions, ResolveReport)",org.apache.ivy.core.resolve.ResolveData.getNodes(),518
"org.apache.ivy.core.resolve.ResolveEngine.getDependencies(ModuleDescriptor, ResolveOptions, ResolveReport)",org.apache.ivy.core.IvyContext.pushNewCopyContext(),212
"org.apache.ivy.core.resolve.ResolveEngine.getDependencies(ModuleDescriptor, ResolveOptions, ResolveReport)","org.apache.ivy.core.report.ConfigurationResolveReport.<init>(ResolveEngine, ModuleDescriptor, String, Date, ResolveOptions)",305
"org.apache.ivy.core.resolve.ResolveEngine.getDependencies(ModuleDescriptor, ResolveOptions, ResolveReport)","org.apache.ivy.core.report.ResolveReport.addReport(String, ConfigurationResolveReport)",305
"org.apache.ivy.core.resolve.ResolveEngine.getDependencies(ModuleDescriptor, ResolveOptions, ResolveReport)",org.apache.ivy.core.IvyContext.popContext(),212
"org.apache.ivy.core.resolve.ResolveEngine.getDependencies(ModuleDescriptor, ResolveOptions, ResolveReport)",org.apache.ivy.core.resolve.IvyNode.clean(),1285
"org.apache.ivy.core.resolve.ResolveEngine.getDependencies(ModuleDescriptor, ResolveOptions, ResolveReport)",org.apache.ivy.core.report.ResolveReport.getConfigurationReport(String),305
"org.apache.ivy.core.resolve.ResolveEngine.getDependencies(ModuleDescriptor, ResolveOptions, ResolveReport)",org.apache.ivy.core.module.descriptor.DefaultModuleDescriptor.getConfiguration(String),314
"org.apache.ivy.core.resolve.ResolveEngine.resolve(ModuleDescriptor, ResolveOptions)","org.apache.ivy.core.resolve.ResolveEngine.downloadArtifacts(ResolveReport, Filter, DownloadOptions)",195
"org.apache.ivy.core.resolve.ResolveEngine.downloadArtifacts(ResolveReport, Filter, DownloadOptions)","org.apache.ivy.plugins.resolver.RepositoryResolver.download(Artifact[], DownloadOptions)",245
"org.apache.ivy.plugins.resolver.RepositoryResolver.download(Artifact[], DownloadOptions)","org.apache.ivy.plugins.resolver.BasicResolver.download(Artifact[], DownloadOptions)",302
"org.apache.ivy.plugins.resolver.BasicResolver.download(Artifact[], DownloadOptions)","org.apache.ivy.core.cache.DefaultRepositoryCacheManager.download(Artifact, ArtifactResourceResolver, ResourceDownloader, CacheDownloadOptions)",321
org.apache.ivy.plugins.repository.AbstractRepository.fireTransferEvent(TransferEvent),org.apache.ivy.core.event.EventManager.transferProgress(TransferEvent),1076
org.apache.ivy.core.event.EventManager.transferProgress(TransferEvent),org.apache.ivy.core.event.EventManager.fireTransferEvent(TransferEvent),1078
org.apache.ivy.util.Message.endProgress(String),org.apache.ivy.util.MessageLoggerEngine.endProgress(String),234
org.apache.ivy.util.MessageLoggerEngine.endProgress(String),org.apache.ivy.util.AbstractMessageLogger.endProgress(String),235
org.apache.ivy.util.AbstractMessageLogger.endProgress(String),org.apache.ivy.ant.AntMessageLogger.doEndProgress(String),231
org.apache.ivy.util.MessageLoggerEngine.endProgress(String),org.apache.ivy.util.MessageLoggerEngine.peekLogger(),235
org.apache.ivy.util.Message.endProgress(String),org.apache.ivy.util.Message.getLogger(),235
org.apache.ivy.core.event.EventManager.transferProgress(TransferEvent),org.apache.ivy.core.event.EventManager.fireIvyEvent(IvyEvent),1077
org.apache.ivy.util.Message.progress(),org.apache.ivy.util.MessageLoggerEngine.progress(),345
org.apache.ivy.util.MessageLoggerEngine.progress(),org.apache.ivy.util.AbstractMessageLogger.progress(),346
org.apache.ivy.util.AbstractMessageLogger.progress(),org.apache.ivy.ant.AntMessageLogger.doProgress(),338
org.apache.ivy.util.MessageLoggerEngine.progress(),org.apache.ivy.util.MessageLoggerEngine.peekLogger(),346
org.apache.ivy.util.Message.progress(),org.apache.ivy.util.Message.getLogger(),346
org.apache.ivy.core.cache.DefaultRepositoryCacheManager.getPrefixKey(Artifact),org.apache.ivy.core.module.descriptor.MDArtifact.getId(),2078
org.apache.ivy.core.cache.DefaultRepositoryCacheManager.getSavedArtifactOrigin(Artifact),org.apache.ivy.core.module.descriptor.MDArtifact.getModuleRevisionId(),695
"org.apache.ivy.core.cache.DefaultRepositoryCacheManager.saveArtifactOrigin(Artifact, ArtifactOrigin)",org.apache.ivy.core.module.descriptor.MDArtifact.getModuleRevisionId(),231
org.apache.ivy.plugins.resolver.AbstractResolver.fromSystem(Artifact),"org.apache.ivy.plugins.namespace.NameSpaceHelper.transform(Artifact, NamespaceTransformer)",282
org.apache.ivy.plugins.resolver.AbstractResolver.fromSystem(Artifact),org.apache.ivy.plugins.resolver.AbstractResolver.getNamespace(),282
"org.apache.ivy.core.IvyPatternHelper.substitute(String, Artifact, ArtifactOrigin)",org.apache.ivy.core.module.descriptor.MDArtifact.getModuleRevisionId(),504
org.apache.ivy.core.module.descriptor.AbstractArtifact.getAttributes(),org.apache.ivy.core.module.descriptor.MDArtifact.getId(),850
org.apache.ivy.core.event.download.DownloadEvent.addArtifactAttributes(Artifact),org.apache.ivy.core.module.descriptor.MDArtifact.getModuleRevisionId(),765
"org.apache.ivy.core.cache.DefaultRepositoryCacheManager.download(Artifact, ArtifactResourceResolver, ResourceDownloader, CacheDownloadOptions)",org.apache.ivy.core.module.descriptor.MDArtifact.getModuleRevisionId(),270
"org.apache.ivy.plugins.resolver.BasicResolver.download(Artifact[], DownloadOptions)",org.apache.ivy.core.report.DownloadReport.addArtifactReport(ArtifactDownloadReport),321
org.apache.ivy.core.module.descriptor.AbstractArtifact.toString(),org.apache.ivy.core.module.descriptor.MDArtifact.getId(),509
"org.apache.ivy.plugins.resolver.BasicResolver.download(Artifact[], DownloadOptions)",org.apache.ivy.util.Message.info(String),253
"org.apache.ivy.plugins.resolver.BasicResolver.download(Artifact[], DownloadOptions)",org.apache.ivy.plugins.resolver.AbstractResolver.checkInterrupted(),321
"org.apache.ivy.plugins.resolver.BasicResolver.download(Artifact[], DownloadOptions)",org.apache.ivy.plugins.resolver.AbstractResolver.getCacheDownloadOptions(DownloadOptions),321
org.apache.ivy.plugins.resolver.AbstractResolver.getCacheDownloadOptions(DownloadOptions),org.apache.ivy.core.cache.CacheDownloadOptions.<init>(),323
org.apache.ivy.plugins.resolver.AbstractResolver.getCacheDownloadOptions(DownloadOptions),org.apache.ivy.plugins.resolver.AbstractResolver.getDownloadListener(DownloadOptions),323
"org.apache.ivy.plugins.resolver.BasicResolver.download(Artifact[], DownloadOptions)",org.apache.ivy.core.report.DownloadReport.<init>(),336
"org.apache.ivy.plugins.resolver.BasicResolver.download(Artifact[], DownloadOptions)",org.apache.ivy.plugins.resolver.BasicResolver.clearArtifactAttempts(),336
"org.apache.ivy.plugins.resolver.BasicResolver.download(Artifact[], DownloadOptions)",org.apache.ivy.plugins.resolver.AbstractResolver.getRepositoryCacheManager(),342
"org.apache.ivy.plugins.resolver.RepositoryResolver.download(Artifact[], DownloadOptions)",org.apache.ivy.plugins.repository.AbstractRepository.removeTransferListener(TransferListener),294
"org.apache.ivy.plugins.resolver.RepositoryResolver.download(Artifact[], DownloadOptions)",org.apache.ivy.plugins.repository.AbstractRepository.addTransferListener(TransferListener),294
"org.apache.ivy.core.resolve.ResolveEngine.downloadArtifacts(ResolveReport, Filter, DownloadOptions)",org.apache.ivy.core.resolve.IvyNode.getSelectedArtifacts(Filter),318
org.apache.ivy.core.resolve.IvyNode.getSelectedArtifacts(Filter),org.apache.ivy.core.resolve.IvyNode.getArtifacts(String),688
org.apache.ivy.core.resolve.IvyNode.getArtifacts(String),"org.apache.ivy.core.resolve.IvyNodeCallers.doesCallersExclude(String, Artifact)",993
"org.apache.ivy.core.resolve.IvyNodeCallers.doesCallersExclude(String, Artifact)","org.apache.ivy.core.resolve.IvyNodeCallers.doesCallersExclude(String, Artifact, Stack)",1504
org.apache.ivy.core.resolve.IvyNode.getArtifacts(String),org.apache.ivy.core.resolve.IvyNode.getConfigurations(String),1032
org.apache.ivy.core.resolve.IvyNode.getArtifacts(String),org.apache.ivy.core.resolve.IvyNodeUsage.getDependencyArtifactsSet(String),1032
org.apache.ivy.core.resolve.IvyNodeUsage.getDependencyArtifactsSet(String),org.apache.ivy.core.module.descriptor.DefaultDependencyDescriptor.getDependencyArtifacts(String),1191
org.apache.ivy.core.resolve.IvyNode.getArtifacts(String),org.apache.ivy.core.resolve.IvyNodeUsage.getDependencyIncludesSet(String),1110
org.apache.ivy.core.resolve.IvyNodeUsage.getDependencyIncludesSet(String),org.apache.ivy.core.module.descriptor.DefaultDependencyDescriptor.getIncludeRules(String),1065
org.apache.ivy.core.resolve.IvyNode.getArtifacts(String),org.apache.ivy.core.module.descriptor.DefaultModuleDescriptor.getArtifacts(String),2325
org.apache.ivy.core.resolve.IvyNode.getArtifacts(String),"org.apache.ivy.core.resolve.IvyNode.addAllIfNotNull(Collection, Collection)",1110
org.apache.ivy.core.resolve.IvyNode.getSelectedArtifacts(Filter),"org.apache.ivy.util.filter.FilterHelper.filter(Collection, Filter)",636
org.apache.ivy.core.resolve.IvyNode.getSelectedArtifacts(Filter),org.apache.ivy.core.resolve.IvyNode.getRootModuleConfigurationsSet(),636
org.apache.ivy.core.resolve.IvyNode.getSelectedArtifacts(Filter),org.apache.ivy.core.resolve.IvyNode.isEvicted(String),700
org.apache.ivy.core.resolve.IvyNode.getSelectedArtifacts(Filter),org.apache.ivy.core.resolve.IvyNode.isBlacklisted(String),688
"org.apache.ivy.core.resolve.ResolveEngine.downloadArtifacts(ResolveReport, Filter, DownloadOptions)","org.apache.ivy.core.report.ConfigurationResolveReport.addDependency(IvyNode, DownloadReport)",344
"org.apache.ivy.core.report.ConfigurationResolveReport.addDependency(IvyNode, DownloadReport)",org.apache.ivy.core.resolve.IvyNode.getArtifacts(String),344
"org.apache.ivy.core.report.ConfigurationResolveReport.addDependency(IvyNode, DownloadReport)",org.apache.ivy.core.report.DownloadReport.getArtifactReport(Artifact),331
"org.apache.ivy.core.report.ConfigurationResolveReport.addDependency(IvyNode, DownloadReport)",org.apache.ivy.core.resolve.IvyNode.getResolvedId(),344
"org.apache.ivy.core.resolve.ResolveEngine.downloadArtifacts(ResolveReport, Filter, DownloadOptions)",org.apache.ivy.core.resolve.IvyNode.isCompletelyEvicted(),449
"org.apache.ivy.core.resolve.ResolveEngine.downloadArtifacts(ResolveReport, Filter, DownloadOptions)",org.apache.ivy.core.resolve.IvyNode.getRootModuleConfigurations(),318
"org.apache.ivy.core.resolve.ResolveEngine.downloadArtifacts(ResolveReport, Filter, DownloadOptions)",org.apache.ivy.core.report.DownloadReport.getArtifactsReports(),318
"org.apache.ivy.core.resolve.ResolveEngine.downloadArtifacts(ResolveReport, Filter, DownloadOptions)",org.apache.ivy.core.resolve.IvyNode.isEvicted(String),350
"org.apache.ivy.core.resolve.ResolveEngine.downloadArtifacts(ResolveReport, Filter, DownloadOptions)",org.apache.ivy.core.resolve.ResolveEngine.checkInterrupted(),449
"org.apache.ivy.core.resolve.ResolveEngine.downloadArtifacts(ResolveReport, Filter, DownloadOptions)",org.apache.ivy.core.event.download.PrepareDownloadEvent.<init>(Artifact[]),211
org.apache.ivy.core.event.download.PrepareDownloadEvent.<init>(Artifact[]),org.apache.ivy.core.event.IvyEvent.<init>(String),214
"org.apache.ivy.core.resolve.ResolveEngine.downloadArtifacts(ResolveReport, Filter, DownloadOptions)",org.apache.ivy.core.report.ResolveReport.getConfigurationReport(String),350
"org.apache.ivy.core.resolve.ResolveEngine.downloadArtifacts(ResolveReport, Filter, DownloadOptions)",org.apache.ivy.core.resolve.IvyNode.isBlacklisted(String),344
"org.apache.ivy.core.resolve.ResolveEngine.downloadArtifacts(ResolveReport, Filter, DownloadOptions)",org.apache.ivy.core.event.EventManager.fireIvyEvent(IvyEvent),210
"org.apache.ivy.core.resolve.ResolveEngine.resolve(ModuleDescriptor, ResolveOptions)","org.apache.ivy.core.resolve.ResolveEngine.outputReport(ResolveReport, ResolutionCacheManager, ResolveOptions)",179
"org.apache.ivy.core.resolve.ResolveEngine.outputReport(ResolveReport, ResolutionCacheManager, ResolveOptions)","org.apache.ivy.core.report.ResolveReport.output(ReportOutputter[], ResolutionCacheManager, ResolveOptions)",194
"org.apache.ivy.core.report.ResolveReport.output(ReportOutputter[], ResolutionCacheManager, ResolveOptions)","org.apache.ivy.plugins.report.XmlReportOutputter.output(ResolveReport, ResolutionCacheManager, ResolveOptions)",194
"org.apache.ivy.plugins.report.XmlReportOutputter.output(ResolveReport, ResolutionCacheManager, ResolveOptions)","org.apache.ivy.plugins.report.XmlReportOutputter.output(ConfigurationResolveReport, String, String[], ResolutionCacheManager)",249
"org.apache.ivy.plugins.report.XmlReportOutputter.output(ConfigurationResolveReport, String, String[], ResolutionCacheManager)","org.apache.ivy.plugins.report.XmlReportWriter.output(ConfigurationResolveReport, String[], OutputStream)",252
"org.apache.ivy.plugins.report.XmlReportWriter.output(ConfigurationResolveReport, String[], OutputStream)","org.apache.ivy.plugins.report.XmlReportWriter.ouputRevision(ConfigurationResolveReport, PrintWriter, List, IvyNode)",366
"org.apache.ivy.plugins.report.XmlReportWriter.ouputRevision(ConfigurationResolveReport, PrintWriter, List, IvyNode)","org.apache.ivy.plugins.report.XmlReportWriter.outputArtifacts(ConfigurationResolveReport, PrintWriter, IvyNode)",366
"org.apache.ivy.plugins.report.XmlReportWriter.outputArtifacts(ConfigurationResolveReport, PrintWriter, IvyNode)",org.apache.ivy.util.XMLHelper.escape(String),2074
"org.apache.ivy.plugins.report.XmlReportWriter.outputArtifacts(ConfigurationResolveReport, PrintWriter, IvyNode)",org.apache.ivy.core.module.descriptor.AbstractArtifact.getExtraAttributes(),296
org.apache.ivy.core.module.descriptor.AbstractArtifact.getExtraAttributes(),org.apache.ivy.core.module.descriptor.MDArtifact.getId(),304
"org.apache.ivy.plugins.report.XmlReportWriter.outputArtifacts(ConfigurationResolveReport, PrintWriter, IvyNode)",org.apache.ivy.core.report.ConfigurationResolveReport.getDownloadReports(ModuleRevisionId),366
org.apache.ivy.core.report.ConfigurationResolveReport.getDownloadReports(ModuleRevisionId),org.apache.ivy.core.report.ConfigurationResolveReport.getDependency(ModuleRevisionId),418
"org.apache.ivy.plugins.report.XmlReportWriter.outputArtifacts(ConfigurationResolveReport, PrintWriter, IvyNode)",org.apache.ivy.core.report.ArtifactDownloadReport.getExt(),296
"org.apache.ivy.plugins.report.XmlReportWriter.outputArtifacts(ConfigurationResolveReport, PrintWriter, IvyNode)",org.apache.ivy.core.report.ArtifactDownloadReport.getName(),296
"org.apache.ivy.plugins.report.XmlReportWriter.outputArtifacts(ConfigurationResolveReport, PrintWriter, IvyNode)",org.apache.ivy.core.report.ArtifactDownloadReport.getType(),296
"org.apache.ivy.plugins.report.XmlReportWriter.outputArtifacts(ConfigurationResolveReport, PrintWriter, IvyNode)",org.apache.ivy.core.resolve.IvyNode.getResolvedId(),366
"org.apache.ivy.plugins.report.XmlReportWriter.ouputRevision(ConfigurationResolveReport, PrintWriter, List, IvyNode)","org.apache.ivy.plugins.report.XmlReportWriter.outputMetadataArtifact(PrintWriter, IvyNode)",366
"org.apache.ivy.plugins.report.XmlReportWriter.outputMetadataArtifact(PrintWriter, IvyNode)",org.apache.ivy.util.XMLHelper.escape(String),1211
"org.apache.ivy.plugins.report.XmlReportWriter.ouputRevision(ConfigurationResolveReport, PrintWriter, List, IvyNode)",org.apache.ivy.util.DateUtil.format(Date),312
"org.apache.ivy.plugins.report.XmlReportWriter.ouputRevision(ConfigurationResolveReport, PrintWriter, List, IvyNode)","org.apache.ivy.plugins.report.XmlReportWriter.outputCallers(ConfigurationResolveReport, PrintWriter, IvyNode)",366
"org.apache.ivy.plugins.report.XmlReportWriter.outputCallers(ConfigurationResolveReport, PrintWriter, IvyNode)",org.apache.ivy.util.XMLHelper.escape(String),2831
"org.apache.ivy.plugins.report.XmlReportWriter.outputCallers(ConfigurationResolveReport, PrintWriter, IvyNode)",org.apache.ivy.core.resolve.IvyNode.getCallers(String),366
"org.apache.ivy.plugins.report.XmlReportWriter.outputCallers(ConfigurationResolveReport, PrintWriter, IvyNode)",org.apache.ivy.plugins.report.XmlReportWriter.toString(String[]),404
org.apache.ivy.plugins.report.XmlReportWriter.toString(String[]),org.apache.ivy.util.XMLHelper.escape(String),770
"org.apache.ivy.plugins.report.XmlReportWriter.outputCallers(ConfigurationResolveReport, PrintWriter, IvyNode)",org.apache.ivy.core.module.descriptor.DefaultDependencyDescriptor.getExtraAttributes(),404
"org.apache.ivy.plugins.report.XmlReportWriter.outputCallers(ConfigurationResolveReport, PrintWriter, IvyNode)",org.apache.ivy.core.module.id.ModuleRevisionId.getName(),404
"org.apache.ivy.plugins.report.XmlReportWriter.outputCallers(ConfigurationResolveReport, PrintWriter, IvyNode)",org.apache.ivy.core.module.id.ModuleRevisionId.getOrganisation(),404
"org.apache.ivy.plugins.report.XmlReportWriter.ouputRevision(ConfigurationResolveReport, PrintWriter, List, IvyNode)",org.apache.ivy.core.resolve.IvyNode.getConfigurations(String),366
"org.apache.ivy.plugins.report.XmlReportWriter.ouputRevision(ConfigurationResolveReport, PrintWriter, List, IvyNode)",org.apache.ivy.plugins.report.XmlReportWriter.toString(String[]),366
"org.apache.ivy.plugins.report.XmlReportWriter.ouputRevision(ConfigurationResolveReport, PrintWriter, List, IvyNode)","org.apache.ivy.plugins.report.XmlReportWriter.outputEvictionInformation(ConfigurationResolveReport, PrintWriter, IvyNode)",366
"org.apache.ivy.plugins.report.XmlReportWriter.outputEvictionInformation(ConfigurationResolveReport, PrintWriter, IvyNode)",org.apache.ivy.core.resolve.IvyNode.isEvicted(String),366
"org.apache.ivy.plugins.report.XmlReportWriter.ouputRevision(ConfigurationResolveReport, PrintWriter, List, IvyNode)",org.apache.ivy.util.XMLHelper.escape(String),1469
"org.apache.ivy.plugins.report.XmlReportWriter.ouputRevision(ConfigurationResolveReport, PrintWriter, List, IvyNode)",org.apache.ivy.core.resolve.IvyNode.isEvicted(String),366
"org.apache.ivy.plugins.report.XmlReportWriter.ouputRevision(ConfigurationResolveReport, PrintWriter, List, IvyNode)",org.apache.ivy.core.resolve.IvyNode.getPublication(),312
org.apache.ivy.core.resolve.IvyNode.getPublication(),org.apache.ivy.core.resolve.ResolvedModuleRevision.getPublicationDate(),312
"org.apache.ivy.plugins.report.XmlReportWriter.ouputRevision(ConfigurationResolveReport, PrintWriter, List, IvyNode)",org.apache.ivy.core.module.descriptor.DefaultModuleDescriptor.getExtraAttributes(),312
"org.apache.ivy.plugins.report.XmlReportWriter.ouputRevision(ConfigurationResolveReport, PrintWriter, List, IvyNode)",org.apache.ivy.core.module.descriptor.DefaultModuleDescriptor.getLicenses(),312
"org.apache.ivy.plugins.report.XmlReportWriter.ouputRevision(ConfigurationResolveReport, PrintWriter, List, IvyNode)",org.apache.ivy.core.resolve.IvyNode.getResolvedId(),1159
"org.apache.ivy.plugins.report.XmlReportWriter.output(ConfigurationResolveReport, String[], OutputStream)",org.apache.ivy.util.DateUtil.format(Date),254
"org.apache.ivy.plugins.report.XmlReportWriter.output(ConfigurationResolveReport, String[], OutputStream)",org.apache.ivy.core.report.ConfigurationResolveReport.getModuleIds(),254
org.apache.ivy.core.report.ConfigurationResolveReport.getModuleIds(),"org.apache.ivy.core.sort.SortEngine.sortNodes(Collection, SortOptions)",252
org.apache.ivy.core.report.ConfigurationResolveReport.getModuleIds(),org.apache.ivy.core.report.ConfigurationResolveReport.getDependencies(),252
org.apache.ivy.core.report.ConfigurationResolveReport.getModuleIds(),org.apache.ivy.core.resolve.IvyNode.getResolvedId(),353
"org.apache.ivy.plugins.report.XmlReportWriter.output(ConfigurationResolveReport, String[], OutputStream)",org.apache.ivy.core.report.ConfigurationResolveReport.getModuleRevisionIds(),254
org.apache.ivy.core.report.ConfigurationResolveReport.getModuleRevisionIds(),org.apache.ivy.core.report.ConfigurationResolveReport.getDependencies(),281
org.apache.ivy.core.report.ConfigurationResolveReport.getModuleRevisionIds(),org.apache.ivy.core.resolve.IvyNode.isEvicted(String),406
org.apache.ivy.core.report.ConfigurationResolveReport.getModuleRevisionIds(),org.apache.ivy.core.resolve.IvyNode.getResolvedId(),335
"org.apache.ivy.plugins.report.XmlReportWriter.output(ConfigurationResolveReport, String[], OutputStream)","org.apache.ivy.util.StringUtils.join(Object[], String)",254
"org.apache.ivy.plugins.report.XmlReportWriter.output(ConfigurationResolveReport, String[], OutputStream)",org.apache.ivy.util.XMLHelper.escape(String),1957
"org.apache.ivy.plugins.report.XmlReportWriter.output(ConfigurationResolveReport, String[], OutputStream)",org.apache.ivy.core.report.ConfigurationResolveReport.getNodes(ModuleId),339
"org.apache.ivy.plugins.report.XmlReportWriter.output(ConfigurationResolveReport, String[], OutputStream)",org.apache.ivy.core.module.id.ModuleRevisionId.getName(),254
"org.apache.ivy.plugins.report.XmlReportWriter.output(ConfigurationResolveReport, String[], OutputStream)",org.apache.ivy.core.module.id.ModuleRevisionId.getOrganisation(),254
"org.apache.ivy.plugins.report.XmlReportOutputter.output(ConfigurationResolveReport, String, String[], ResolutionCacheManager)","org.apache.ivy.util.FileUtil.copy(InputStream, File, CopyProgressListener)",315
"org.apache.ivy.plugins.report.XmlReportOutputter.output(ConfigurationResolveReport, String, String[], ResolutionCacheManager)","org.apache.ivy.core.cache.DefaultResolutionCacheManager.getConfigurationResolveReportInCache(String, String)",252
"org.apache.ivy.plugins.report.XmlReportOutputter.output(ConfigurationResolveReport, String, String[], ResolutionCacheManager)",org.apache.ivy.util.Message.verbose(String),252
"org.apache.ivy.plugins.report.XmlReportOutputter.output(ResolveReport, ResolutionCacheManager, ResolveOptions)",org.apache.ivy.core.report.ResolveReport.getConfigurationReport(String),249
"org.apache.ivy.plugins.report.XmlReportOutputter.output(ResolveReport, ResolutionCacheManager, ResolveOptions)",org.apache.ivy.core.report.ResolveReport.getConfigurations(),199
"org.apache.ivy.core.report.ResolveReport.output(ReportOutputter[], ResolutionCacheManager, ResolveOptions)","org.apache.ivy.plugins.report.LogReportOutputter.output(ResolveReport, ResolutionCacheManager, ResolveOptions)",194
"org.apache.ivy.plugins.report.LogReportOutputter.output(ResolveReport, ResolutionCacheManager, ResolveOptions)",org.apache.ivy.plugins.report.LogReportOutputter.output(ConfigurationResolveReport),288
org.apache.ivy.plugins.report.LogReportOutputter.output(ConfigurationResolveReport),org.apache.ivy.core.report.ConfigurationResolveReport.getArtifactsNumber(),288
org.apache.ivy.plugins.report.LogReportOutputter.output(ConfigurationResolveReport),org.apache.ivy.core.report.ConfigurationResolveReport.getDownloadedArtifactsReports(),288
org.apache.ivy.core.report.ConfigurationResolveReport.getDownloadedArtifactsReports(),"org.apache.ivy.core.report.ConfigurationResolveReport.getArtifactsReports(DownloadStatus, boolean)",289
org.apache.ivy.core.report.ArtifactDownloadReport.hashCode(),org.apache.ivy.core.module.descriptor.AbstractArtifact.hashCode(),542
org.apache.ivy.plugins.report.LogReportOutputter.output(ConfigurationResolveReport),org.apache.ivy.core.report.ConfigurationResolveReport.getSearchedNodes(),288
org.apache.ivy.core.report.ConfigurationResolveReport.getSearchedNodes(),org.apache.ivy.core.report.ConfigurationResolveReport.getDependencies(),290
org.apache.ivy.core.report.ConfigurationResolveReport.getSearchedNodes(),org.apache.ivy.core.resolve.IvyNode.getRealNode(),264
org.apache.ivy.plugins.report.LogReportOutputter.output(ConfigurationResolveReport),org.apache.ivy.core.report.ConfigurationResolveReport.getEvictedNodes(),288
org.apache.ivy.core.report.ConfigurationResolveReport.getEvictedNodes(),org.apache.ivy.core.report.ConfigurationResolveReport.getDependencies(),582
org.apache.ivy.core.report.ConfigurationResolveReport.getEvictedNodes(),org.apache.ivy.core.resolve.IvyNode.isEvicted(String),955
org.apache.ivy.plugins.report.LogReportOutputter.output(ConfigurationResolveReport),org.apache.ivy.util.Message.rawinfo(String),288
org.apache.ivy.util.Message.rawinfo(String),org.apache.ivy.util.MessageLoggerEngine.rawinfo(String),1253
org.apache.ivy.util.MessageLoggerEngine.rawinfo(String),org.apache.ivy.util.AbstractMessageLogger.rawinfo(String),1254
org.apache.ivy.util.AbstractMessageLogger.rawinfo(String),"org.apache.ivy.ant.AntMessageLogger.rawlog(String, int)",1232
org.apache.ivy.util.MessageLoggerEngine.rawinfo(String),org.apache.ivy.util.MessageLoggerEngine.peekLogger(),1254
org.apache.ivy.util.Message.rawinfo(String),org.apache.ivy.util.Message.getLogger(),1258
org.apache.ivy.plugins.report.LogReportOutputter.output(ConfigurationResolveReport),org.apache.ivy.core.report.ConfigurationResolveReport.getDownloadedNodes(),288
org.apache.ivy.core.report.ConfigurationResolveReport.getDownloadedNodes(),org.apache.ivy.core.report.ConfigurationResolveReport.getDependencies(),290
org.apache.ivy.core.report.ConfigurationResolveReport.getDownloadedNodes(),org.apache.ivy.core.resolve.IvyNode.getRealNode(),119
org.apache.ivy.plugins.report.LogReportOutputter.output(ConfigurationResolveReport),org.apache.ivy.core.report.ConfigurationResolveReport.getNodesNumber(),288
org.apache.ivy.core.report.ConfigurationResolveReport.getNodesNumber(),org.apache.ivy.core.report.ConfigurationResolveReport.getDependencies(),290
org.apache.ivy.plugins.report.LogReportOutputter.output(ConfigurationResolveReport),"org.apache.ivy.plugins.report.LogReportOutputter.append(StringBuffer, Object, int)",2016
"org.apache.ivy.plugins.report.LogReportOutputter.output(ResolveReport, ResolutionCacheManager, ResolveOptions)",org.apache.ivy.core.report.ResolveReport.getUnresolvedDependencies(),194
org.apache.ivy.core.report.ResolveReport.getUnresolvedDependencies(),org.apache.ivy.core.report.ConfigurationResolveReport.getUnresolvedDependencies(),289
org.apache.ivy.core.report.ConfigurationResolveReport.getUnresolvedDependencies(),org.apache.ivy.core.report.ConfigurationResolveReport.getDependencies(),560
"org.apache.ivy.plugins.report.LogReportOutputter.output(ResolveReport, ResolutionCacheManager, ResolveOptions)",org.apache.ivy.core.settings.IvySettings.logModulesInUse(),195
org.apache.ivy.core.settings.IvySettings.logModulesInUse(),org.apache.ivy.core.settings.IvySettings.getVariable(String),200
"org.apache.ivy.plugins.report.LogReportOutputter.output(ResolveReport, ResolutionCacheManager, ResolveOptions)",org.apache.ivy.core.report.ResolveReport.getEvictedNodes(),195
org.apache.ivy.core.report.ResolveReport.getEvictedNodes(),org.apache.ivy.core.report.ConfigurationResolveReport.getEvictedNodes(),291
"org.apache.ivy.plugins.report.LogReportOutputter.output(ResolveReport, ResolutionCacheManager, ResolveOptions)",org.apache.ivy.core.report.ResolveReport.getFailedArtifactsReports(),194
org.apache.ivy.core.report.ResolveReport.getFailedArtifactsReports(),"org.apache.ivy.core.report.ResolveReport.getArtifactsReports(DownloadStatus, boolean)",198
"org.apache.ivy.core.report.ResolveReport.getArtifactsReports(DownloadStatus, boolean)","org.apache.ivy.core.report.ConfigurationResolveReport.getArtifactsReports(DownloadStatus, boolean)",289
org.apache.ivy.core.report.ResolveReport.getFailedArtifactsReports(),org.apache.ivy.core.report.ConfigurationResolveReport.filterOutMergedArtifacts(ArtifactDownloadReport[]),197
"org.apache.ivy.plugins.report.LogReportOutputter.output(ResolveReport, ResolutionCacheManager, ResolveOptions)",org.apache.ivy.util.Message.rawinfo(String),965
"org.apache.ivy.plugins.report.LogReportOutputter.output(ResolveReport, ResolutionCacheManager, ResolveOptions)","org.apache.ivy.plugins.report.LogReportOutputter.append(StringBuffer, Object, int)",1930
"org.apache.ivy.plugins.report.LogReportOutputter.output(ResolveReport, ResolutionCacheManager, ResolveOptions)",org.apache.ivy.core.report.ResolveReport.getConfigurations(),194
"org.apache.ivy.plugins.report.LogReportOutputter.output(ResolveReport, ResolutionCacheManager, ResolveOptions)",org.apache.ivy.core.report.ResolveReport.getConfigurationReport(String),288
"org.apache.ivy.plugins.report.LogReportOutputter.output(ResolveReport, ResolutionCacheManager, ResolveOptions)",org.apache.ivy.core.IvyContext.getContext(),195
"org.apache.ivy.plugins.report.LogReportOutputter.output(ResolveReport, ResolutionCacheManager, ResolveOptions)",org.apache.ivy.core.IvyContext.getSettings(),195
"org.apache.ivy.core.resolve.ResolveEngine.outputReport(ResolveReport, ResolutionCacheManager, ResolveOptions)",org.apache.ivy.util.Message.info(String),193
"org.apache.ivy.core.resolve.ResolveEngine.outputReport(ResolveReport, ResolutionCacheManager, ResolveOptions)",org.apache.ivy.core.settings.IvySettings.getReportOutputters(),194
"org.apache.ivy.core.resolve.ResolveEngine.outputReport(ResolveReport, ResolutionCacheManager, ResolveOptions)",org.apache.ivy.util.Message.getProblems(),194
org.apache.ivy.util.Message.getProblems(),org.apache.ivy.util.Message.getLogger(),197
"org.apache.ivy.core.resolve.ResolveEngine.resolve(ModuleDescriptor, ResolveOptions)",org.apache.ivy.core.cache.DefaultResolutionCacheManager.saveResolvedModuleDescriptor(ModuleDescriptor),195
org.apache.ivy.core.cache.DefaultResolutionCacheManager.saveResolvedModuleDescriptor(ModuleDescriptor),org.apache.ivy.core.module.descriptor.DefaultModuleDescriptor.toIvyFile(File),199
org.apache.ivy.core.module.descriptor.DefaultModuleDescriptor.toIvyFile(File),"org.apache.ivy.plugins.parser.xml.XmlModuleDescriptorParser.toIvyFile(InputStream, Resource, File, ModuleDescriptor)",151
org.apache.ivy.core.module.descriptor.DefaultModuleDescriptor.toIvyFile(File),org.apache.ivy.plugins.repository.url.URLResource.openStream(),148
org.apache.ivy.plugins.repository.url.URLResource.openStream(),org.apache.ivy.util.url.URLHandlerDispatcher.openStream(URL),185
org.apache.ivy.core.cache.DefaultResolutionCacheManager.saveResolvedModuleDescriptor(ModuleDescriptor),org.apache.ivy.core.cache.DefaultResolutionCacheManager.getResolvedIvyFileInCache(ModuleRevisionId),199
org.apache.ivy.core.cache.DefaultResolutionCacheManager.getResolvedIvyFileInCache(ModuleRevisionId),"org.apache.ivy.core.IvyPatternHelper.substitute(String, String, String, String, String, String, String)",251
"org.apache.ivy.core.IvyPatternHelper.substitute(String, String, String, String, String, String, String)","org.apache.ivy.core.IvyPatternHelper.substitute(String, String, String, String, String, String, String, String, String, ArtifactOrigin, Map, Map)",581
org.apache.ivy.core.cache.DefaultResolutionCacheManager.getResolvedIvyFileInCache(ModuleRevisionId),org.apache.ivy.core.module.id.ModuleRevisionId.getName(),251
org.apache.ivy.core.cache.DefaultResolutionCacheManager.getResolvedIvyFileInCache(ModuleRevisionId),org.apache.ivy.core.module.id.ModuleRevisionId.getOrganisation(),251
org.apache.ivy.core.cache.DefaultResolutionCacheManager.saveResolvedModuleDescriptor(ModuleDescriptor),"org.apache.ivy.core.cache.DefaultResolutionCacheManager.saveLocalParents(ModuleRevisionId, ModuleDescriptor, File, Properties)",199
"org.apache.ivy.core.cache.DefaultResolutionCacheManager.saveLocalParents(ModuleRevisionId, ModuleDescriptor, File, Properties)",org.apache.ivy.core.module.descriptor.DefaultModuleDescriptor.getInheritedDescriptors(),202
"org.apache.ivy.core.resolve.ResolveEngine.resolve(ModuleDescriptor, ResolveOptions)",org.apache.ivy.core.cache.DefaultResolutionCacheManager.getResolvedIvyPropertiesInCache(ModuleRevisionId),195
org.apache.ivy.core.cache.DefaultResolutionCacheManager.getResolvedIvyPropertiesInCache(ModuleRevisionId),"org.apache.ivy.core.IvyPatternHelper.substitute(String, String, String, String, String, String, String)",276
org.apache.ivy.core.cache.DefaultResolutionCacheManager.getResolvedIvyPropertiesInCache(ModuleRevisionId),org.apache.ivy.core.module.id.ModuleRevisionId.getName(),276
org.apache.ivy.core.cache.DefaultResolutionCacheManager.getResolvedIvyPropertiesInCache(ModuleRevisionId),org.apache.ivy.core.module.id.ModuleRevisionId.getOrganisation(),276
"org.apache.ivy.core.resolve.ResolveEngine.resolve(ModuleDescriptor, ResolveOptions)","org.apache.ivy.core.report.ResolveReport.setDependencies(List, Filter)",195
"org.apache.ivy.core.report.ResolveReport.setDependencies(List, Filter)",org.apache.ivy.core.resolve.IvyNode.getSelectedArtifacts(Filter),318
"org.apache.ivy.core.report.ResolveReport.setDependencies(List, Filter)",org.apache.ivy.core.resolve.IvyNode.isCompletelyEvicted(),449
"org.apache.ivy.core.report.ResolveReport.setDependencies(List, Filter)",org.apache.ivy.core.resolve.IvyNode.getRootModuleConfigurations(),449
"org.apache.ivy.core.report.ResolveReport.setDependencies(List, Filter)",org.apache.ivy.core.report.ConfigurationResolveReport.addDependency(IvyNode),513
"org.apache.ivy.core.report.ResolveReport.setDependencies(List, Filter)",org.apache.ivy.core.report.ResolveReport.getConfigurationReport(String),513
"org.apache.ivy.core.resolve.ResolveEngine.resolve(ModuleDescriptor, ResolveOptions)","org.apache.ivy.core.event.resolve.StartResolveEvent.<init>(ModuleDescriptor, String[])",197
"org.apache.ivy.core.event.resolve.StartResolveEvent.<init>(ModuleDescriptor, String[])","org.apache.ivy.core.event.resolve.ResolveEvent.<init>(String, ModuleDescriptor, String[])",199
"org.apache.ivy.core.event.resolve.ResolveEvent.<init>(String, ModuleDescriptor, String[])",org.apache.ivy.core.event.IvyEvent.addConfsAttribute(String[]),397
org.apache.ivy.core.event.IvyEvent.addConfsAttribute(String[]),"org.apache.ivy.core.event.IvyEvent.addAttribute(String, String)",449
org.apache.ivy.core.event.IvyEvent.addConfsAttribute(String[]),"org.apache.ivy.util.StringUtils.join(Object[], String)",451
"org.apache.ivy.core.event.resolve.ResolveEvent.<init>(String, ModuleDescriptor, String[])",org.apache.ivy.core.event.IvyEvent.addMDAttributes(ModuleDescriptor),400
org.apache.ivy.core.event.IvyEvent.addMDAttributes(ModuleDescriptor),org.apache.ivy.core.event.IvyEvent.addMridAttributes(ModuleRevisionId),399
"org.apache.ivy.core.event.resolve.ResolveEvent.<init>(String, ModuleDescriptor, String[])",org.apache.ivy.core.event.IvyEvent.<init>(String),400
"org.apache.ivy.core.resolve.ResolveEngine.resolve(ModuleDescriptor, ResolveOptions)",org.apache.ivy.core.module.id.ModuleRevisionId.encodeToString(),242
"org.apache.ivy.core.resolve.ResolveEngine.resolve(ModuleDescriptor, ResolveOptions)",org.apache.ivy.core.report.ResolveReport.checkIfChanged(),170
org.apache.ivy.core.report.ResolveReport.checkIfChanged(),org.apache.ivy.core.report.ConfigurationResolveReport.checkIfChanged(),256
org.apache.ivy.core.report.ConfigurationResolveReport.checkIfChanged(),"org.apache.ivy.core.cache.DefaultResolutionCacheManager.getConfigurationResolveReportInCache(String, String)",256
org.apache.ivy.core.report.ConfigurationResolveReport.checkIfChanged(),org.apache.ivy.core.settings.IvySettings.getResolutionCacheManager(),257
org.apache.ivy.core.settings.IvySettings.getResolutionCacheManager(),org.apache.ivy.core.settings.IvySettings.getDefaultResolutionCacheBasedir(),213
org.apache.ivy.core.settings.IvySettings.getDefaultResolutionCacheBasedir(),org.apache.ivy.core.settings.IvySettings.getVariable(String),235
org.apache.ivy.core.settings.IvySettings.getDefaultResolutionCacheBasedir(),org.apache.ivy.core.settings.IvySettings.getDefaultCache(),232
org.apache.ivy.core.settings.IvySettings.getResolutionCacheManager(),org.apache.ivy.core.cache.DefaultResolutionCacheManager.<init>(File),212
org.apache.ivy.core.settings.IvySettings.getResolutionCacheManager(),org.apache.ivy.core.settings.IvySettings.init(Object),212
"org.apache.ivy.core.resolve.ResolveEngine.resolve(ModuleDescriptor, ResolveOptions)","org.apache.ivy.core.event.resolve.EndResolveEvent.<init>(ModuleDescriptor, String[], ResolveReport)",190
"org.apache.ivy.core.event.resolve.EndResolveEvent.<init>(ModuleDescriptor, String[], ResolveReport)","org.apache.ivy.core.event.resolve.ResolveEvent.<init>(String, ModuleDescriptor, String[])",197
"org.apache.ivy.core.event.resolve.EndResolveEvent.<init>(ModuleDescriptor, String[], ResolveReport)","org.apache.ivy.core.event.IvyEvent.addAttribute(String, String)",1176
"org.apache.ivy.core.resolve.ResolveEngine.resolve(ModuleDescriptor, ResolveOptions)",org.apache.ivy.core.resolve.IvyNode.isCompletelyEvicted(),311
"org.apache.ivy.core.resolve.ResolveEngine.resolve(ModuleDescriptor, ResolveOptions)",org.apache.ivy.core.resolve.ResolveOptions.getConfs(ModuleDescriptor),198
"org.apache.ivy.util.ConfigurationUtils.replaceWildcards(String[], ModuleDescriptor)",org.apache.ivy.core.module.descriptor.DefaultModuleDescriptor.getConfigurationsNames(),213
"org.apache.ivy.core.resolve.ResolveEngine.resolve(ModuleDescriptor, ResolveOptions)",org.apache.ivy.util.Message.debug(String),242
"org.apache.ivy.core.resolve.ResolveEngine.resolve(ModuleDescriptor, ResolveOptions)",org.apache.ivy.util.Message.verbose(String),976
"org.apache.ivy.core.resolve.ResolveEngine.resolve(ModuleDescriptor, ResolveOptions)",org.apache.ivy.util.Message.sumupProblems(),195
org.apache.ivy.util.Message.sumupProblems(),org.apache.ivy.util.MessageLoggerEngine.sumupProblems(),210
org.apache.ivy.util.MessageLoggerEngine.sumupProblems(),org.apache.ivy.util.MessageLoggerEngine.clearProblems(),211
org.apache.ivy.util.MessageLoggerEngine.clearProblems(),org.apache.ivy.util.AbstractMessageLogger.clearProblems(),984
org.apache.ivy.util.MessageLoggerEngine.clearProblems(),org.apache.ivy.util.MessageLoggerEngine.getDefaultLogger(),213
org.apache.ivy.util.MessageLoggerEngine.sumupProblems(),org.apache.ivy.util.MessageLoggerHelper.sumupProblems(MessageLogger),211
org.apache.ivy.util.Message.sumupProblems(),org.apache.ivy.util.Message.getLogger(),211
"org.apache.ivy.core.resolve.ResolveEngine.resolve(ModuleDescriptor, ResolveOptions)",org.apache.ivy.core.resolve.ResolveOptions.getDefaultResolveId(ModuleDescriptor),172
org.apache.ivy.core.resolve.ResolveOptions.getDefaultResolveId(ModuleDescriptor),org.apache.ivy.core.resolve.ResolveOptions.getDefaultResolveId(ModuleId),231
"org.apache.ivy.core.resolve.ResolveEngine.resolve(ModuleDescriptor, ResolveOptions)",org.apache.ivy.util.Message.info(String),392
"org.apache.ivy.core.resolve.ResolveEngine.resolve(ModuleDescriptor, ResolveOptions)",org.apache.ivy.core.resolve.IvyNode.getDependencyDescriptor(IvyNode),618
"org.apache.ivy.core.resolve.ResolveEngine.resolve(ModuleDescriptor, ResolveOptions)","org.apache.ivy.core.report.ResolveReport.<init>(ModuleDescriptor, String)",197
"org.apache.ivy.core.resolve.ResolveEngine.resolve(ModuleDescriptor, ResolveOptions)",org.apache.ivy.core.IvyContext.getContext(),200
"org.apache.ivy.core.resolve.ResolveEngine.resolve(ModuleDescriptor, ResolveOptions)",org.apache.ivy.core.resolve.DownloadOptions.<init>(),195
"org.apache.ivy.core.resolve.ResolveEngine.resolve(ModuleDescriptor, ResolveOptions)","org.apache.ivy.core.resolve.ResolveData.<init>(ResolveEngine, ResolveOptions)",197
"org.apache.ivy.core.resolve.ResolveData.<init>(ResolveEngine, ResolveOptions)","org.apache.ivy.core.resolve.ResolveData.<init>(ResolveEngine, ResolveOptions, ConfigurationResolveReport, Map)",267
"org.apache.ivy.core.resolve.ResolveEngine.resolve(ModuleDescriptor, ResolveOptions)",org.apache.ivy.core.resolve.ResolveEngine.setDictatorResolver(DependencyResolver),200
"org.apache.ivy.core.resolve.ResolveEngine.resolve(ModuleDescriptor, ResolveOptions)",org.apache.ivy.core.event.EventManager.fireIvyEvent(IvyEvent),387
"org.apache.ivy.core.resolve.ResolveEngine.resolve(ModuleDescriptor, ResolveOptions)",org.apache.ivy.core.resolve.IvyNode.getModuleId(),606
"org.apache.ivy.core.resolve.ResolveEngine.resolve(ModuleDescriptor, ResolveOptions)",org.apache.ivy.core.resolve.IvyNode.getResolvedId(),302
"org.apache.ivy.core.resolve.ResolveEngine.resolve(ModuleDescriptor, ResolveOptions)",org.apache.ivy.core.settings.IvySettings.getResolutionCacheManager(),195
"org.apache.ivy.core.resolve.ResolveEngine.resolve(URL, ResolveOptions)","org.apache.ivy.plugins.parser.AbstractModuleDescriptorParser.parseDescriptor(ParserSettings, URL, boolean)",170
"org.apache.ivy.core.module.descriptor.DefaultDependencyDescriptor.addDependencyConfiguration(String, String)",org.apache.ivy.core.module.descriptor.DefaultModuleDescriptor.getConfiguration(String),777
"org.apache.ivy.util.extendable.ExtendableItemHelper.fillExtraAttributes(ParserSettings, DefaultExtendableItem, Attributes, String[])","org.apache.ivy.util.extendable.ExtendableItemHelper.getExtraAttributes(ParserSettings, Attributes, String[])",630
org.apache.ivy.core.settings.IvySettings.getStatusManager(),org.apache.ivy.core.module.status.StatusManager.newDefaultInstance(),934
org.apache.ivy.core.module.status.StatusManager.newDefaultInstance(),"org.apache.ivy.core.module.status.StatusManager.<init>(Status[], String)",947
"org.apache.ivy.core.module.status.StatusManager.<init>(Status[], String)",org.apache.ivy.core.module.status.StatusManager.computeMaps(),951
org.apache.ivy.core.module.status.StatusManager.newDefaultInstance(),"org.apache.ivy.core.module.status.Status.<init>(String, boolean)",2841
"org.apache.ivy.core.resolve.ResolveEngine.resolve(URL, ResolveOptions)",org.apache.ivy.plugins.parser.ModuleDescriptorParserRegistry.getParser(Resource),174
org.apache.ivy.osgi.core.OSGiManifestParser.accept(Resource),org.apache.ivy.plugins.repository.url.URLResource.getName(),948
org.apache.ivy.plugins.parser.m2.PomModuleDescriptorParser.accept(Resource),org.apache.ivy.plugins.repository.url.URLResource.getName(),1060
"org.apache.ivy.core.resolve.ResolveEngine.resolve(URL, ResolveOptions)",org.apache.ivy.util.Message.verbose(String),170
"org.apache.ivy.core.resolve.ResolveEngine.resolve(URL, ResolveOptions)",org.apache.ivy.plugins.repository.url.URLResource.<init>(URL),174
"org.apache.ivy.Ivy.resolve(URL, ResolveOptions)",org.apache.ivy.Ivy.pushContext(),157
org.apache.ivy.Ivy.pushContext(),org.apache.ivy.core.IvyContext.getContext(),5989
org.apache.ivy.Ivy.pushContext(),org.apache.ivy.core.IvyContext.pushContext(IvyContext),577
org.apache.ivy.Ivy.pushContext(),org.apache.ivy.core.IvyContext.peekIvy(),2994
"org.apache.ivy.Ivy.resolve(URL, ResolveOptions)",org.apache.ivy.Ivy.popContext(),157
org.apache.ivy.Ivy.popContext(),org.apache.ivy.core.IvyContext.popContext(),2992
org.apache.ivy.ant.IvyResolve.doExecute(),"org.apache.ivy.ant.IvyTask.setResolved(ResolveReport, String, boolean)",158
"org.apache.ivy.ant.IvyTask.setResolved(ResolveReport, String, boolean)","org.apache.ivy.ant.IvyTask.setResolved(ResolveReport, boolean)",159
"org.apache.ivy.ant.IvyTask.setResolved(ResolveReport, boolean)",org.apache.ivy.core.report.ResolveReport.getConfigurations(),160
org.apache.ivy.ant.IvyResolve.doExecute(),"org.apache.ivy.core.settings.IvySettings.setVariable(String, String)",1005
"org.apache.ivy.core.settings.IvySettings.setVariable(String, String)","org.apache.ivy.core.settings.IvySettings.setVariable(String, String, boolean)",28326
"org.apache.ivy.core.settings.IvySettings.setVariable(String, String, boolean)","org.apache.ivy.ant.IvyAntVariableContainer.setVariable(String, String, boolean)",24826
"org.apache.ivy.ant.IvyAntVariableContainer.setVariable(String, String, boolean)",org.apache.ivy.core.settings.IvyVariableContainerImpl.substitute(String),19365
org.apache.ivy.core.settings.IvyVariableContainerImpl.substitute(String),"org.apache.ivy.core.IvyPatternHelper.substituteVariables(String, IvyVariableContainer)",148534
"org.apache.ivy.ant.IvyAntVariableContainer.setVariable(String, String, boolean)",org.apache.ivy.util.Message.debug(String),19365
org.apache.ivy.ant.IvyResolve.doExecute(),org.apache.ivy.core.report.ResolveReport.hasError(),167
org.apache.ivy.core.report.ResolveReport.hasError(),org.apache.ivy.core.report.ConfigurationResolveReport.hasError(),250
org.apache.ivy.core.report.ConfigurationResolveReport.hasError(),org.apache.ivy.core.report.ConfigurationResolveReport.getFailedArtifactsReports(),232
org.apache.ivy.core.report.ConfigurationResolveReport.getFailedArtifactsReports(),"org.apache.ivy.core.report.ConfigurationResolveReport.getArtifactsReports(DownloadStatus, boolean)",250
org.apache.ivy.core.report.ConfigurationResolveReport.getFailedArtifactsReports(),org.apache.ivy.core.report.ConfigurationResolveReport.filterOutMergedArtifacts(ArtifactDownloadReport[]),250
org.apache.ivy.core.report.ConfigurationResolveReport.hasError(),org.apache.ivy.core.report.ConfigurationResolveReport.getUnresolvedDependencies(),252
org.apache.ivy.ant.IvyResolve.doExecute(),"org.apache.ivy.ant.IvyTask.getProperty(String, IvySettings, String)",346
org.apache.ivy.ant.IvyResolve.doExecute(),"org.apache.ivy.ant.IvyResolve.getResolveOptions(Ivy, String[], IvySettings)",173
"org.apache.ivy.ant.IvyResolve.getResolveOptions(Ivy, String[], IvySettings)",org.apache.ivy.core.resolve.ResolveOptions.<init>(),173
org.apache.ivy.core.resolve.ResolveOptions.<init>(),org.apache.ivy.core.LogOptions.<init>(),336
"org.apache.ivy.ant.IvyResolve.getResolveOptions(Ivy, String[], IvySettings)",org.apache.ivy.util.filter.FilterHelper.getArtifactTypeFilter(String),173
"org.apache.ivy.ant.IvyResolve.getResolveOptions(Ivy, String[], IvySettings)",org.apache.ivy.ant.IvyTask.doValidate(IvySettings),173
"org.apache.ivy.ant.IvyResolve.getResolveOptions(Ivy, String[], IvySettings)","org.apache.ivy.ant.IvyTask.getPubDate(String, Date)",173
org.apache.ivy.ant.IvyResolve.doExecute(),org.apache.ivy.ant.IvyTask.getIvyInstance(),174
org.apache.ivy.ant.IvyResolve.doExecute(),org.apache.ivy.ant.IvyTask.mergeConfs(String[]),342
org.apache.ivy.ant.IvyTask.mergeConfs(String[]),"org.apache.ivy.util.StringUtils.join(Object[], String)",372
org.apache.ivy.ant.IvyResolve.doExecute(),org.apache.ivy.ant.IvyTask.splitConfs(String),173
org.apache.ivy.ant.IvyResolve.doExecute(),org.apache.ivy.core.report.ResolveReport.hasChanged(),149
org.apache.ivy.core.report.ResolveReport.hasChanged(),org.apache.ivy.core.report.ConfigurationResolveReport.hasChanged(),150
org.apache.ivy.ant.IvyResolve.doExecute(),org.apache.ivy.core.report.ResolveReport.getConfigurations(),158
org.apache.ivy.ant.IvyResolve.doExecute(),org.apache.ivy.ant.IvyResolve.isKeep(),316
org.apache.ivy.ant.IvyResolve.doExecute(),org.apache.ivy.core.module.id.ModuleRevisionId.getName(),151
org.apache.ivy.ant.IvyResolve.doExecute(),org.apache.ivy.core.module.id.ModuleRevisionId.getOrganisation(),151
org.apache.ivy.ant.IvyTask.execute(),org.apache.ivy.ant.IvyResolve.prepareTask(),173
org.apache.ivy.ant.IvyResolve.prepareTask(),org.apache.ivy.ant.IvyTask.prepareTask(),174
org.apache.ivy.ant.IvyAntSettings.getDefaultInstance(ProjectComponent),org.apache.ivy.ant.IvyAntSettings.createIvyEngine(ProjectComponent),221
org.apache.ivy.ant.IvyAntSettings.createIvyEngine(ProjectComponent),org.apache.ivy.Ivy.configure(File),191
org.apache.ivy.Ivy.configure(File),org.apache.ivy.core.settings.IvySettings.load(File),194
org.apache.ivy.core.settings.IvySettings.load(File),org.apache.ivy.core.settings.XmlSettingsParser.parse(URL),193
org.apache.ivy.core.settings.XmlSettingsParser.parse(URL),org.apache.ivy.core.settings.XmlSettingsParser.doParse(URL),1067
"org.apache.ivy.core.settings.XmlSettingsParser.startElement(String, String, String, Attributes)",org.apache.ivy.core.settings.IvySettings.substitute(String),36787
"org.apache.ivy.core.IvyPatternHelper.substituteVariables(String, IvyVariableContainer, Stack)","org.apache.ivy.core.IvyPatternHelper.substituteVariables(String, IvyVariableContainer, Stack)",20105
"org.apache.ivy.core.IvyPatternHelper.substituteVariables(String, IvyVariableContainer, Stack)",org.apache.ivy.ant.IvyAntVariableContainer.getVariable(String),5902
"org.apache.ivy.core.settings.XmlSettingsParser.startElement(String, String, String, Attributes)","org.apache.ivy.core.settings.XmlSettingsParser.cachesStarted(String, Map)",185
"org.apache.ivy.core.settings.XmlSettingsParser.cachesStarted(String, Map)",org.apache.ivy.core.settings.XmlSettingsParser.anyConfiguratorStarted(String),185
org.apache.ivy.core.settings.XmlSettingsParser.anyConfiguratorStarted(String),org.apache.ivy.util.Configurator.setRoot(Object),4435
org.apache.ivy.util.Configurator.setRoot(Object),"org.apache.ivy.util.Configurator.setCurrent(Object, String)",4461
"org.apache.ivy.core.settings.XmlSettingsParser.cachesStarted(String, Map)",org.apache.ivy.core.settings.IvySettings.setDefaultCache(File),180
org.apache.ivy.core.settings.IvySettings.setDefaultCache(File),"org.apache.ivy.core.settings.IvySettings.setVariable(String, String, boolean)",1085
"org.apache.ivy.ant.IvyAntVariableContainer.setVariable(String, String, boolean)","org.apache.ivy.core.settings.IvyVariableContainerImpl.setVariable(String, String, boolean)",5757
"org.apache.ivy.core.settings.IvyVariableContainerImpl.setVariable(String, String, boolean)",org.apache.ivy.core.settings.IvyVariableContainerImpl.substitute(String),129163
"org.apache.ivy.core.settings.IvyVariableContainerImpl.setVariable(String, String, boolean)",org.apache.ivy.util.Message.debug(String),129939
"org.apache.ivy.core.settings.XmlSettingsParser.cachesStarted(String, Map)","org.apache.ivy.util.Checks.checkAbsolute(String, String)",180
"org.apache.ivy.core.settings.XmlSettingsParser.startElement(String, String, String, Attributes)",org.apache.ivy.core.settings.XmlSettingsParser.propertiesStarted(Map),184
org.apache.ivy.core.settings.XmlSettingsParser.propertiesStarted(Map),org.apache.ivy.core.settings.XmlSettingsParser.urlFromFileAttribute(String),184
org.apache.ivy.core.settings.XmlSettingsParser.propertiesStarted(Map),"org.apache.ivy.core.settings.IvySettings.loadProperties(URL, boolean)",184
"org.apache.ivy.core.settings.IvySettings.loadProperties(URL, boolean)","org.apache.ivy.core.settings.IvySettings.loadProperties(InputStream, boolean)",1249
"org.apache.ivy.core.settings.IvySettings.loadProperties(InputStream, boolean)","org.apache.ivy.core.settings.IvySettings.addAllVariables(Map, boolean)",1249
"org.apache.ivy.core.settings.IvySettings.addAllVariables(Map, boolean)","org.apache.ivy.core.settings.IvySettings.setVariable(String, String, boolean)",127999
org.apache.ivy.core.settings.XmlSettingsParser.propertiesStarted(Map),org.apache.ivy.util.Message.verbose(String),184
"org.apache.ivy.core.settings.XmlSettingsParser.startElement(String, String, String, Attributes)","org.apache.ivy.core.settings.XmlSettingsParser.inConfiguratorStarted(String, Map)",13523
"org.apache.ivy.core.settings.XmlSettingsParser.inConfiguratorStarted(String, Map)",org.apache.ivy.util.Configurator.startCreateChild(String),10283
org.apache.ivy.util.Configurator.startCreateChild(String),"org.apache.ivy.util.Configurator.setCurrent(Object, String)",4996
"org.apache.ivy.core.settings.XmlSettingsParser.inConfiguratorStarted(String, Map)","org.apache.ivy.util.Configurator.setAttribute(String, String)",13526
"org.apache.ivy.core.settings.XmlSettingsParser.startElement(String, String, String, Attributes)","org.apache.ivy.core.settings.XmlSettingsParser.settingsStarted(String, Map)",1005
"org.apache.ivy.core.settings.XmlSettingsParser.startElement(String, String, String, Attributes)",org.apache.ivy.util.Configurator.getCurrent(),33114
"org.apache.ivy.core.settings.XmlSettingsParser.endElement(String, String, String)",org.apache.ivy.util.Configurator.endCreateChild(),13523
org.apache.ivy.plugins.resolver.FileSystemResolver.addConfiguredArtifact(IvyPattern),"org.apache.ivy.util.Checks.checkAbsolute(String, String)",2527
org.apache.ivy.plugins.resolver.FileSystemResolver.addConfiguredArtifact(IvyPattern),org.apache.ivy.plugins.resolver.AbstractPatternsBasedResolver.addConfiguredArtifact(IvyPattern),2525
org.apache.ivy.plugins.resolver.FileSystemResolver.addConfiguredIvy(IvyPattern),"org.apache.ivy.util.Checks.checkAbsolute(String, String)",2355
org.apache.ivy.plugins.resolver.FileSystemResolver.addConfiguredIvy(IvyPattern),org.apache.ivy.plugins.resolver.AbstractPatternsBasedResolver.addConfiguredIvy(IvyPattern),2353
"org.apache.ivy.core.settings.XmlSettingsParser.endElement(String, String, String)",org.apache.ivy.util.Configurator.getCurrent(),33112
"org.apache.ivy.core.settings.XmlSettingsParser.endElement(String, String, String)",org.apache.ivy.util.Configurator.clear(),4434
"org.apache.ivy.core.settings.XmlSettingsParser.endElement(String, String, String)",org.apache.ivy.util.Configurator.getDepth(),4434
org.apache.ivy.util.Configurator.startCreateChild(String),"org.apache.ivy.util.Configurator.addChild(Configurator$ObjectDescriptor, Class, String, Object)",5327
"org.apache.ivy.util.Configurator.addChild(Configurator$ObjectDescriptor, Class, String, Object)","org.apache.ivy.util.Configurator.setCurrent(Object, String)",8573
org.apache.ivy.plugins.resolver.FileSystemResolver.<init>(),org.apache.ivy.plugins.resolver.RepositoryResolver.<init>(),2664
org.apache.ivy.plugins.resolver.RepositoryResolver.<init>(),org.apache.ivy.plugins.resolver.AbstractPatternsBasedResolver.<init>(),4031
org.apache.ivy.plugins.resolver.AbstractPatternsBasedResolver.<init>(),org.apache.ivy.plugins.resolver.BasicResolver.<init>(),4031
org.apache.ivy.plugins.resolver.BasicResolver.<init>(),org.apache.ivy.plugins.repository.url.URLRepository.<init>(),4107
org.apache.ivy.plugins.repository.url.URLRepository.<init>(),org.apache.ivy.plugins.repository.AbstractRepository.<init>(),5245
org.apache.ivy.plugins.repository.url.URLRepository.<init>(),org.apache.ivy.plugins.repository.RepositoryCopyProgressListener.<init>(AbstractRepository),5245
org.apache.ivy.plugins.repository.url.URLRepository.<init>(),org.apache.ivy.util.url.ApacheURLLister.<init>(),5245
org.apache.ivy.plugins.resolver.BasicResolver.<init>(),org.apache.ivy.plugins.resolver.AbstractResolver.<init>(),4106
org.apache.ivy.plugins.resolver.BasicResolver.<init>(),org.apache.ivy.util.HostUtil.getLocalHostName(),4106
org.apache.ivy.plugins.resolver.FileSystemResolver.<init>(),org.apache.ivy.plugins.repository.file.FileRepository.<init>(),2663
org.apache.ivy.plugins.repository.file.FileRepository.<init>(),org.apache.ivy.plugins.repository.AbstractRepository.<init>(),2678
org.apache.ivy.plugins.repository.file.FileRepository.<init>(),org.apache.ivy.plugins.repository.RepositoryCopyProgressListener.<init>(AbstractRepository),2678
org.apache.ivy.plugins.resolver.DualResolver.<init>(),org.apache.ivy.plugins.resolver.AbstractResolver.<init>(),248
org.apache.ivy.plugins.resolver.ChainResolver.<init>(),org.apache.ivy.plugins.resolver.AbstractResolver.<init>(),1951
"org.apache.ivy.core.settings.XmlSettingsParser.startElement(String, String, String, Attributes)",org.apache.ivy.core.settings.XmlSettingsParser.anyConfiguratorStarted(String),4250
org.apache.ivy.core.settings.IvySettings.addConfigured(DependencyResolver),org.apache.ivy.core.settings.IvySettings.addResolver(DependencyResolver),4615
org.apache.ivy.core.settings.IvySettings.addResolver(DependencyResolver),org.apache.ivy.core.settings.IvySettings.addResolver(DependencyResolver),5594
org.apache.ivy.core.settings.IvySettings.addResolver(DependencyResolver),org.apache.ivy.core.settings.IvySettings.init(Object),10263
org.apache.ivy.core.settings.IvySettings.init(Object),org.apache.ivy.plugins.resolver.RepositoryResolver.setSettings(ResolverSettings),7414
org.apache.ivy.plugins.resolver.RepositoryResolver.setSettings(ResolverSettings),org.apache.ivy.core.settings.IvySettings.getVariable(String),3419
org.apache.ivy.core.settings.XmlSettingsParser.endDocument(),org.apache.ivy.core.settings.IvySettings.setDefaultResolver(String),1004
org.apache.ivy.core.settings.IvySettings.setDefaultResolver(String),org.apache.ivy.core.settings.IvySettings.checkResolverName(String),1024
org.apache.ivy.core.settings.XmlSettingsParser.endDocument(),org.apache.ivy.core.settings.IvySettings.substitute(String),1004
org.apache.ivy.core.settings.XmlSettingsParser.doParse(URL),org.apache.ivy.util.url.URLHandlerDispatcher.openStream(URL),564
org.apache.ivy.core.settings.XmlSettingsParser.doParse(URL),org.apache.ivy.core.settings.IvySettings.validate(),5059
org.apache.ivy.core.settings.IvySettings.validate(),org.apache.ivy.core.settings.IvySettings.validateAll(Collection),45585
org.apache.ivy.core.settings.IvySettings.validateAll(Collection),org.apache.ivy.plugins.resolver.AbstractResolver.validate(),17451
org.apache.ivy.plugins.resolver.AbstractResolver.validate(),org.apache.ivy.plugins.resolver.AbstractResolver.initLatestStrategyFromSettings(),17454
org.apache.ivy.plugins.resolver.AbstractResolver.initLatestStrategyFromSettings(),org.apache.ivy.util.Message.debug(String),17472
org.apache.ivy.plugins.resolver.AbstractResolver.initLatestStrategyFromSettings(),org.apache.ivy.core.settings.IvySettings.getDefaultLatestStrategy(),17472
org.apache.ivy.core.settings.IvySettings.getDefaultLatestStrategy(),org.apache.ivy.plugins.latest.LatestRevisionStrategy.<init>(),1047
org.apache.ivy.plugins.latest.LatestRevisionStrategy.<init>(),org.apache.ivy.plugins.latest.ComparatorLatestStrategy.<init>(),3005
org.apache.ivy.plugins.latest.ComparatorLatestStrategy.<init>(),org.apache.ivy.plugins.latest.AbstractLatestStrategy.<init>(),4919
org.apache.ivy.plugins.resolver.AbstractResolver.validate(),org.apache.ivy.plugins.resolver.AbstractResolver.initNamespaceFromSettings(),17454
org.apache.ivy.plugins.resolver.AbstractResolver.initNamespaceFromSettings(),org.apache.ivy.util.Message.debug(String),17474
org.apache.ivy.plugins.resolver.AbstractResolver.validate(),org.apache.ivy.plugins.resolver.AbstractResolver.initRepositoryCacheManagerFromSettings(),17457
org.apache.ivy.plugins.resolver.AbstractResolver.initRepositoryCacheManagerFromSettings(),org.apache.ivy.core.settings.IvySettings.getDefaultRepositoryCacheManager(),17481
org.apache.ivy.core.settings.IvySettings.getDefaultRepositoryCacheManager(),org.apache.ivy.core.settings.IvySettings.getDefaultRepositoryCacheBasedir(),1042
org.apache.ivy.core.settings.IvySettings.getDefaultRepositoryCacheBasedir(),org.apache.ivy.core.settings.IvySettings.getVariable(String),1085
org.apache.ivy.core.settings.IvySettings.getDefaultRepositoryCacheBasedir(),org.apache.ivy.core.settings.IvySettings.getDefaultCache(),1081
org.apache.ivy.core.settings.IvySettings.getDefaultRepositoryCacheManager(),"org.apache.ivy.core.cache.DefaultRepositoryCacheManager.<init>(String, IvySettings, File)",1042
"org.apache.ivy.core.cache.DefaultRepositoryCacheManager.<init>(String, IvySettings, File)",org.apache.ivy.core.module.id.ModuleRules.<init>(),1070
org.apache.ivy.core.settings.IvySettings.getDefaultRepositoryCacheManager(),org.apache.ivy.core.settings.IvySettings.addRepositoryCacheManager(RepositoryCacheManager),1042
org.apache.ivy.core.settings.IvySettings.addRepositoryCacheManager(RepositoryCacheManager),org.apache.ivy.core.settings.IvySettings.init(Object),1053
org.apache.ivy.core.settings.XmlSettingsParser.parse(URL),"org.apache.ivy.util.Configurator.typeDef(String, Class)",39294
org.apache.ivy.core.settings.XmlSettingsParser.parse(URL),org.apache.ivy.util.Configurator.<init>(),1063
org.apache.ivy.core.settings.XmlSettingsParser.parse(URL),org.apache.ivy.util.Configurator.setFileResolver(FileResolver),1063
org.apache.ivy.util.Configurator.setFileResolver(FileResolver),"org.apache.ivy.util.Checks.checkNotNull(Object, String)",1066
org.apache.ivy.core.settings.IvySettings.load(File),org.apache.ivy.core.settings.IvySettings.loadDefaultProperties(),193
org.apache.ivy.core.settings.IvySettings.loadDefaultProperties(),"org.apache.ivy.core.settings.IvySettings.loadProperties(URL, boolean)",1064
org.apache.ivy.core.settings.IvySettings.loadDefaultProperties(),org.apache.ivy.core.settings.IvySettings.getDefaultPropertiesURL(),1064
org.apache.ivy.core.settings.IvySettings.getDefaultPropertiesURL(),org.apache.ivy.core.settings.IvySettings.getSettingsURL(String),1392
org.apache.ivy.core.settings.IvySettings.load(File),org.apache.ivy.core.settings.IvySettings.setSettingsVariables(File),196
org.apache.ivy.core.settings.IvySettings.setSettingsVariables(File),"org.apache.ivy.core.settings.IvySettings.setVariable(String, String)",579
org.apache.ivy.core.settings.IvySettings.setSettingsVariables(File),"org.apache.ivy.core.settings.IvySettings.setDeprecatedVariable(String, String)",579
"org.apache.ivy.core.settings.IvySettings.setDeprecatedVariable(String, String)","org.apache.ivy.core.settings.IvySettings.setVariable(String, String)",12304
"org.apache.ivy.core.settings.IvySettings.setDeprecatedVariable(String, String)",org.apache.ivy.core.settings.IvySettings.getVariable(String),12304
org.apache.ivy.core.settings.IvySettings.load(File),org.apache.ivy.core.settings.IvySettings.dumpSettings(),191
org.apache.ivy.core.settings.IvySettings.dumpSettings(),org.apache.ivy.plugins.resolver.ChainResolver.dumpSettings(),1796
org.apache.ivy.plugins.resolver.ChainResolver.dumpSettings(),org.apache.ivy.util.Message.debug(String),7189
org.apache.ivy.plugins.resolver.ChainResolver.dumpSettings(),org.apache.ivy.util.Message.verbose(String),1798
org.apache.ivy.core.settings.IvySettings.dumpSettings(),org.apache.ivy.plugins.resolver.RepositoryResolver.dumpSettings(),2528
org.apache.ivy.plugins.resolver.RepositoryResolver.dumpSettings(),org.apache.ivy.plugins.resolver.AbstractPatternsBasedResolver.dumpSettings(),3346
org.apache.ivy.plugins.resolver.AbstractPatternsBasedResolver.dumpSettings(),org.apache.ivy.plugins.resolver.AbstractResolver.dumpSettings(),3346
org.apache.ivy.plugins.resolver.AbstractResolver.dumpSettings(),org.apache.ivy.util.Message.verbose(String),3347
org.apache.ivy.plugins.resolver.AbstractResolver.dumpSettings(),org.apache.ivy.util.Message.debug(String),3347
org.apache.ivy.plugins.resolver.AbstractPatternsBasedResolver.dumpSettings(),org.apache.ivy.util.Message.debug(String),16540
org.apache.ivy.plugins.resolver.AbstractPatternsBasedResolver.dumpSettings(),org.apache.ivy.plugins.resolver.AbstractPatternsBasedResolver.getIvyPatterns(),3341
org.apache.ivy.plugins.resolver.AbstractPatternsBasedResolver.dumpSettings(),org.apache.ivy.plugins.resolver.AbstractPatternsBasedResolver.getArtifactPatterns(),2529
org.apache.ivy.plugins.resolver.RepositoryResolver.dumpSettings(),org.apache.ivy.util.Message.debug(String),3346
org.apache.ivy.core.settings.IvySettings.dumpSettings(),org.apache.ivy.plugins.resolver.DualResolver.dumpSettings(),175
org.apache.ivy.plugins.resolver.DualResolver.dumpSettings(),org.apache.ivy.util.Message.verbose(String),175
org.apache.ivy.core.settings.IvySettings.dumpSettings(),org.apache.ivy.core.module.id.ModuleRules.dump(String),1016
org.apache.ivy.core.module.id.ModuleRules.dump(String),org.apache.ivy.util.Message.debug(String),1018
org.apache.ivy.core.settings.IvySettings.dumpSettings(),org.apache.ivy.util.Message.verbose(String),3048
org.apache.ivy.core.settings.IvySettings.dumpSettings(),org.apache.ivy.util.Message.debug(String),6096
org.apache.ivy.core.settings.IvySettings.dumpSettings(),org.apache.ivy.core.settings.IvySettings.getCircularDependencyStrategy(),1016
org.apache.ivy.core.settings.IvySettings.getCircularDependencyStrategy(),org.apache.ivy.core.settings.IvySettings.getCircularDependencyStrategy(String),1026
org.apache.ivy.core.settings.IvySettings.dumpSettings(),org.apache.ivy.core.settings.IvySettings.getDefaultResolver(),1016
org.apache.ivy.core.settings.IvySettings.dumpSettings(),org.apache.ivy.core.settings.IvySettings.getDefaultConflictManager(),1016
org.apache.ivy.core.settings.IvySettings.getDefaultConflictManager(),org.apache.ivy.core.settings.IvySettings.getDefaultLatestStrategy(),1029
org.apache.ivy.core.settings.IvySettings.getDefaultConflictManager(),org.apache.ivy.plugins.conflict.LatestConflictManager.<init>(LatestStrategy),1029
org.apache.ivy.plugins.conflict.LatestConflictManager.<init>(LatestStrategy),org.apache.ivy.plugins.conflict.AbstractConflictManager.<init>(),1033
org.apache.ivy.core.settings.IvySettings.dumpSettings(),org.apache.ivy.core.settings.IvySettings.getDefaultCache(),1016
org.apache.ivy.core.settings.IvySettings.dumpSettings(),org.apache.ivy.core.settings.IvySettings.getDefaultLatestStrategy(),1016
org.apache.ivy.core.settings.IvySettings.load(File),org.apache.ivy.core.settings.IvySettings.getDefaultIvyUserDir(),383
org.apache.ivy.core.settings.IvySettings.getDefaultIvyUserDir(),org.apache.ivy.core.settings.IvySettings.setDefaultIvyUserDir(File),1217
org.apache.ivy.core.settings.IvySettings.setDefaultIvyUserDir(File),"org.apache.ivy.core.settings.IvySettings.setVariable(String, String)",2438
org.apache.ivy.core.settings.IvySettings.getDefaultIvyUserDir(),org.apache.ivy.util.Message.verbose(String),1217
org.apache.ivy.core.settings.IvySettings.getDefaultIvyUserDir(),org.apache.ivy.core.settings.IvySettings.getVariable(String),1217
org.apache.ivy.core.settings.IvySettings.load(File),"org.apache.ivy.core.settings.IvySettings.setVariable(String, String, boolean)",191
org.apache.ivy.core.settings.IvySettings.load(File),org.apache.ivy.core.settings.IvySettings.getVariable(String),194
org.apache.ivy.core.settings.IvySettings.load(File),org.apache.ivy.util.Message.info(String),196
org.apache.ivy.core.settings.IvySettings.load(File),org.apache.ivy.core.settings.XmlSettingsParser.<init>(IvySettings),193
org.apache.ivy.core.settings.IvySettings.load(File),org.apache.ivy.util.Message.verbose(String),191
org.apache.ivy.Ivy.configure(File),org.apache.ivy.Ivy.postConfigure(),191
org.apache.ivy.Ivy.postConfigure(),org.apache.ivy.core.settings.IvySettings.getResolvers(),1011
org.apache.ivy.Ivy.configure(File),org.apache.ivy.Ivy.popContext(),194
org.apache.ivy.Ivy.configure(File),org.apache.ivy.Ivy.pushContext(),194
org.apache.ivy.Ivy.configure(File),org.apache.ivy.Ivy.assertBound(),194
org.apache.ivy.ant.IvyAntSettings.createIvyEngine(ProjectComponent),org.apache.ivy.core.settings.IvySettings.<init>(IvyVariableContainer),252
org.apache.ivy.core.settings.IvySettings.<init>(IvyVariableContainer),org.apache.ivy.core.settings.IvySettings.addSystemProperties(),1896
org.apache.ivy.core.settings.IvySettings.addSystemProperties(),org.apache.ivy.core.settings.IvySettings.addAllVariables(Map),1896
org.apache.ivy.core.settings.IvySettings.addAllVariables(Map),"org.apache.ivy.core.settings.IvySettings.addAllVariables(Map, boolean)",1898
org.apache.ivy.util.AbstractMessageLogger.debug(String),"org.apache.ivy.util.DefaultMessageLogger.log(String, int)",206715
org.apache.ivy.util.MessageLoggerEngine.peekLogger(),org.apache.ivy.util.MessageLoggerEngine.getDefaultLogger(),172847
org.apache.ivy.core.settings.IvySettings.<init>(IvyVariableContainer),"org.apache.ivy.core.settings.IvySettings.typeDefs(InputStream, boolean)",1896
"org.apache.ivy.core.settings.IvySettings.typeDefs(InputStream, boolean)","org.apache.ivy.core.settings.IvySettings.typeDefs(Properties, boolean)",1896
"org.apache.ivy.core.settings.IvySettings.typeDefs(Properties, boolean)","org.apache.ivy.core.settings.IvySettings.typeDef(String, String, boolean)",70152
"org.apache.ivy.core.settings.IvySettings.typeDef(String, String, boolean)","org.apache.ivy.core.settings.IvySettings.classForName(String, boolean)",70158
"org.apache.ivy.core.settings.IvySettings.classForName(String, boolean)",org.apache.ivy.core.settings.IvySettings.getClassLoader(),70158
org.apache.ivy.core.settings.IvySettings.<init>(IvyVariableContainer),org.apache.ivy.core.settings.IvySettings.getSettingsURL(String),1896
org.apache.ivy.core.settings.IvySettings.<init>(IvyVariableContainer),org.apache.ivy.core.settings.IvySettings.getDefaultSettingsDir(),1899
org.apache.ivy.core.settings.IvySettings.getDefaultSettingsDir(),org.apache.ivy.core.settings.IvySettings.getDefaultSettingsURL(),1899
org.apache.ivy.core.settings.IvySettings.getDefaultSettingsURL(),org.apache.ivy.core.settings.IvySettings.getSettingsURL(String),2810
org.apache.ivy.core.settings.IvySettings.<init>(IvyVariableContainer),"org.apache.ivy.core.settings.IvySettings.setDeprecatedVariable(String, String)",1896
org.apache.ivy.core.settings.IvySettings.<init>(IvyVariableContainer),org.apache.ivy.core.settings.IvySettings.configureDefaultCircularDependencyStrategies(),1896
org.apache.ivy.core.settings.IvySettings.configureDefaultCircularDependencyStrategies(),org.apache.ivy.core.settings.IvySettings.addCircularDependencyStrategy(CircularDependencyStrategy),5688
org.apache.ivy.core.settings.IvySettings.<init>(IvyVariableContainer),"org.apache.ivy.core.settings.IvySettings.setVariable(String, String, boolean)",1899
org.apache.ivy.core.settings.IvySettings.<init>(IvyVariableContainer),"org.apache.ivy.core.settings.IvySettings.setVariable(String, String)",1896
org.apache.ivy.core.settings.IvySettings.<init>(IvyVariableContainer),org.apache.ivy.core.settings.IvySettings.debugLocking(),1896
org.apache.ivy.core.settings.IvySettings.debugLocking(),org.apache.ivy.core.settings.IvySettings.getVariable(String),1896
org.apache.ivy.core.settings.IvySettings.<init>(IvyVariableContainer),org.apache.ivy.plugins.lock.ArtifactLockStrategy.<init>(boolean),1896
org.apache.ivy.plugins.lock.ArtifactLockStrategy.<init>(boolean),org.apache.ivy.plugins.lock.FileBasedLockStrategy.<init>(boolean),1906
org.apache.ivy.plugins.lock.FileBasedLockStrategy.<init>(boolean),"org.apache.ivy.plugins.lock.FileBasedLockStrategy.<init>(FileBasedLockStrategy$FileLocker, boolean)",1906
"org.apache.ivy.plugins.lock.FileBasedLockStrategy.<init>(FileBasedLockStrategy$FileLocker, boolean)",org.apache.ivy.plugins.lock.AbstractLockStrategy.<init>(boolean),1915
org.apache.ivy.plugins.lock.ArtifactLockStrategy.<init>(boolean),org.apache.ivy.plugins.lock.ArtifactLockStrategy.init(),1906
org.apache.ivy.core.settings.IvySettings.<init>(IvyVariableContainer),org.apache.ivy.osgi.core.OsgiLatestStrategy.<init>(),1896
org.apache.ivy.osgi.core.OsgiLatestStrategy.<init>(),org.apache.ivy.plugins.latest.ComparatorLatestStrategy.<init>(),1905
org.apache.ivy.core.settings.IvySettings.<init>(IvyVariableContainer),"org.apache.ivy.core.settings.IvySettings.addLatestStrategy(String, LatestStrategy)",7584
"org.apache.ivy.core.settings.IvySettings.addLatestStrategy(String, LatestStrategy)",org.apache.ivy.core.settings.IvySettings.init(Object),7587
org.apache.ivy.core.settings.IvySettings.<init>(IvyVariableContainer),org.apache.ivy.core.settings.IvySettings.addMatcher(PatternMatcher),7584
org.apache.ivy.core.settings.IvySettings.addMatcher(PatternMatcher),org.apache.ivy.core.settings.IvySettings.init(Object),7594
org.apache.ivy.core.settings.IvySettings.<init>(IvyVariableContainer),org.apache.ivy.plugins.latest.LatestLexicographicStrategy.<init>(),1896
org.apache.ivy.plugins.latest.LatestLexicographicStrategy.<init>(),org.apache.ivy.plugins.latest.ComparatorLatestStrategy.<init>(Comparator),1916
org.apache.ivy.plugins.latest.ComparatorLatestStrategy.<init>(Comparator),org.apache.ivy.plugins.latest.AbstractLatestStrategy.<init>(),3828
org.apache.ivy.core.settings.IvySettings.<init>(IvyVariableContainer),"org.apache.ivy.core.settings.IvySettings.addConflictManager(String, ConflictManager)",9480
"org.apache.ivy.core.settings.IvySettings.addConflictManager(String, ConflictManager)",org.apache.ivy.core.settings.IvySettings.init(Object),9488
org.apache.ivy.core.settings.IvySettings.<init>(IvyVariableContainer),org.apache.ivy.core.settings.IvySettings.addReportOutputter(ReportOutputter),3792
org.apache.ivy.core.settings.IvySettings.addReportOutputter(ReportOutputter),org.apache.ivy.core.settings.IvySettings.init(Object),3797
org.apache.ivy.core.settings.IvySettings.<init>(IvyVariableContainer),org.apache.ivy.plugins.latest.LatestRevisionStrategy.<init>(),1896
org.apache.ivy.core.settings.IvySettings.<init>(IvyVariableContainer),org.apache.ivy.core.module.id.ModuleRules.<init>(),1899
org.apache.ivy.core.settings.IvySettings.<init>(IvyVariableContainer),"org.apache.ivy.core.settings.IvySettings.addLockStrategy(String, LockStrategy)",3792
"org.apache.ivy.core.settings.IvySettings.addLockStrategy(String, LockStrategy)",org.apache.ivy.core.settings.IvySettings.init(Object),3797
org.apache.ivy.core.settings.IvySettings.<init>(IvyVariableContainer),"org.apache.ivy.plugins.conflict.LatestConflictManager.<init>(String, LatestStrategy)",3792
"org.apache.ivy.plugins.conflict.LatestConflictManager.<init>(String, LatestStrategy)",org.apache.ivy.plugins.conflict.AbstractConflictManager.<init>(),5701
org.apache.ivy.core.settings.IvySettings.<init>(IvyVariableContainer),org.apache.ivy.plugins.report.XmlReportOutputter.<init>(),1896
org.apache.ivy.plugins.report.XmlReportOutputter.<init>(),org.apache.ivy.plugins.report.XmlReportWriter.<init>(),1913
org.apache.ivy.core.settings.IvySettings.<init>(IvyVariableContainer),org.apache.ivy.core.settings.IvyVariableContainerImpl.<init>(),1899
org.apache.ivy.core.settings.IvySettings.<init>(IvyVariableContainer),"org.apache.ivy.plugins.conflict.LatestCompatibleConflictManager.<init>(String, LatestStrategy)",1896
"org.apache.ivy.plugins.conflict.LatestCompatibleConflictManager.<init>(String, LatestStrategy)","org.apache.ivy.plugins.conflict.LatestConflictManager.<init>(String, LatestStrategy)",1907
org.apache.ivy.core.settings.IvySettings.<init>(IvyVariableContainer),org.apache.ivy.plugins.conflict.NoConflictManager.<init>(),1896
org.apache.ivy.plugins.conflict.NoConflictManager.<init>(),org.apache.ivy.plugins.conflict.AbstractConflictManager.<init>(),1915
org.apache.ivy.core.settings.IvySettings.<init>(IvyVariableContainer),org.apache.ivy.plugins.conflict.StrictConflictManager.<init>(),1896
org.apache.ivy.plugins.conflict.StrictConflictManager.<init>(),org.apache.ivy.plugins.conflict.AbstractConflictManager.<init>(),1899
org.apache.ivy.core.settings.IvySettings.<init>(IvyVariableContainer),org.apache.ivy.plugins.latest.LatestTimeStrategy.<init>(),1896
org.apache.ivy.plugins.latest.LatestTimeStrategy.<init>(),org.apache.ivy.plugins.latest.ComparatorLatestStrategy.<init>(Comparator),1909
org.apache.ivy.core.settings.IvySettings.<init>(IvyVariableContainer),org.apache.ivy.plugins.lock.NoLockStrategy.<init>(),1896
org.apache.ivy.core.settings.IvySettings.<init>(IvyVariableContainer),org.apache.ivy.plugins.report.LogReportOutputter.<init>(),1896
org.apache.ivy.ant.IvyAntSettings.getDefaultProperties(ProjectComponent),org.apache.ivy.core.settings.IvySettings.getDefaultPropertiesURL(),256
org.apache.ivy.ant.IvyAntSettings.createIvyEngine(ProjectComponent),org.apache.ivy.ant.IvyAntVariableContainer.updateProject(String),249
org.apache.ivy.ant.IvyAntVariableContainer.updateProject(String),"org.apache.ivy.ant.IvyAntVariableContainer.setPropertyIfNotSet(String, String)",45626
org.apache.ivy.ant.IvyAntSettings.createIvyEngine(ProjectComponent),"org.apache.ivy.ant.IvyAntSettings.defineDefaultSettingFile(IvyVariableContainer, ProjectComponent)",226
"org.apache.ivy.ant.IvyAntSettings.defineDefaultSettingFile(IvyVariableContainer, ProjectComponent)",org.apache.ivy.ant.IvyAntVariableContainer.getVariable(String),500
org.apache.ivy.ant.IvyAntSettings.createIvyEngine(ProjectComponent),org.apache.ivy.core.settings.IvySettings.setBaseDir(File),252
org.apache.ivy.core.settings.IvySettings.setBaseDir(File),"org.apache.ivy.core.settings.IvySettings.setVariable(String, String)",254
org.apache.ivy.core.settings.IvySettings.setBaseDir(File),"org.apache.ivy.core.settings.IvySettings.setVariable(String, String, boolean)",254
org.apache.ivy.ant.IvyAntSettings.createIvyEngine(ProjectComponent),org.apache.ivy.ant.IvyAntSettings.configureURLHandler(),251
org.apache.ivy.ant.IvyAntSettings.configureURLHandler(),org.apache.ivy.util.url.URLHandlerRegistry.getHttp(),251
org.apache.ivy.util.url.HttpClientHandler.<init>(),org.apache.ivy.util.url.HttpClientHandler.configureProxy(),299
org.apache.ivy.util.url.HttpClientHandler.configureProxy(),org.apache.ivy.util.Message.verbose(String),299
org.apache.ivy.util.url.HttpClientHandler.configureProxy(),org.apache.ivy.util.url.HttpClientHandler.useProxy(),299
org.apache.ivy.util.url.HttpClientHandler.<init>(),org.apache.ivy.util.url.AbstractURLHandler.<init>(),299
org.apache.ivy.util.url.URLHandlerRegistry.getHttp(),org.apache.ivy.util.Message.verbose(String),252
org.apache.ivy.ant.IvyAntSettings.configureURLHandler(),"org.apache.ivy.util.url.URLHandlerDispatcher.setDownloader(String, URLHandler)",502
org.apache.ivy.ant.IvyAntSettings.configureURLHandler(),org.apache.ivy.util.url.URLHandlerDispatcher.<init>(),251
org.apache.ivy.util.url.URLHandlerDispatcher.<init>(),org.apache.ivy.util.url.BasicURLHandler.<init>(),299
org.apache.ivy.util.url.BasicURLHandler.<init>(),org.apache.ivy.util.url.AbstractURLHandler.<init>(),370
org.apache.ivy.ant.IvyAntSettings.configureURLHandler(),"org.apache.ivy.util.url.CredentialsStore.addCredentials(String, String, String, String)",251
org.apache.ivy.ant.IvyAntSettings.createIvyEngine(ProjectComponent),org.apache.ivy.Ivy.newInstance(IvySettings),251
org.apache.ivy.Ivy.newInstance(IvySettings),org.apache.ivy.Ivy.bind(),278
org.apache.ivy.Ivy.bind(),org.apache.ivy.Ivy.pushContext(),1194
org.apache.ivy.Ivy.pushContext(),org.apache.ivy.core.IvyContext.pushNewContext(),2417
org.apache.ivy.core.IvyContext.pushNewContext(),org.apache.ivy.core.IvyContext.pushContext(IvyContext),2418
org.apache.ivy.core.IvyContext.pushNewContext(),org.apache.ivy.core.IvyContext.<init>(),2418
org.apache.ivy.Ivy.pushContext(),org.apache.ivy.core.IvyContext.setIvy(Ivy),2417
org.apache.ivy.Ivy.bind(),org.apache.ivy.core.event.EventManager.addTransferListener(TransferListener),1193
org.apache.ivy.Ivy.bind(),org.apache.ivy.Ivy.popContext(),1193
org.apache.ivy.Ivy.bind(),"org.apache.ivy.core.repository.RepositoryManagementEngine.<init>(RepositoryManagementEngineSettings, SearchEngine, ResolveEngine)",1191
org.apache.ivy.Ivy.bind(),"org.apache.ivy.core.resolve.ResolveEngine.<init>(ResolveEngineSettings, EventManager, SortEngine)",1191
org.apache.ivy.Ivy.bind(),org.apache.ivy.core.event.EventManager.<init>(),1191
org.apache.ivy.Ivy.bind(),org.apache.ivy.core.deliver.DeliverEngine.<init>(DeliverEngineSettings),1191
org.apache.ivy.Ivy.bind(),"org.apache.ivy.core.install.InstallEngine.<init>(InstallEngineSettings, SearchEngine, ResolveEngine)",1191
org.apache.ivy.Ivy.bind(),"org.apache.ivy.core.publish.PublishEngine.<init>(PublishEngineSettings, EventManager)",1191
org.apache.ivy.Ivy.bind(),"org.apache.ivy.core.retrieve.RetrieveEngine.<init>(RetrieveEngineSettings, EventManager)",1191
org.apache.ivy.Ivy.bind(),org.apache.ivy.core.search.SearchEngine.<init>(IvySettings),1191
org.apache.ivy.Ivy.bind(),org.apache.ivy.core.sort.SortEngine.<init>(SortEngineSettings),1191
org.apache.ivy.Ivy.newInstance(IvySettings),org.apache.ivy.Ivy.<init>(),278
org.apache.ivy.Ivy.<init>(),org.apache.ivy.util.MessageLoggerEngine.<init>(),1233
org.apache.ivy.ant.IvyAntSettings.createIvyEngine(ProjectComponent),"org.apache.ivy.ant.AntMessageLogger.register(ProjectComponent, Ivy)",252
org.apache.ivy.ant.IvyAntSettings.createIvyEngine(ProjectComponent),org.apache.ivy.Ivy.pushContext(),251
org.apache.ivy.ant.IvyAntSettings.createIvyEngine(ProjectComponent),org.apache.ivy.Ivy.popContext(),251
org.apache.ivy.ant.IvyAntSettings.createIvyEngine(ProjectComponent),org.apache.ivy.ant.IvyAntVariableContainer.<init>(Project),252
org.apache.ivy.ant.IvyAntVariableContainer.<init>(Project),org.apache.ivy.core.settings.IvyVariableContainerImpl.<init>(),262
org.apache.ivy.ant.IvyAntSettings.createIvyEngine(ProjectComponent),org.apache.ivy.util.Message.showInfo(),251
org.apache.ivy.ant.IvyAntSettings.getDefaultInstance(ProjectComponent),org.apache.ivy.ant.IvyAntSettings.setProject(Project),221
org.apache.ivy.ant.IvyAntSettings.getDefaultInstance(ProjectComponent),org.apache.ivy.ant.IvyAntSettings.<init>(),221
org.apache.ivy.ant.IvyResolve.prepareTask(),org.apache.ivy.util.Message.setShowProgress(boolean),173
org.apache.ivy.util.Message.setShowProgress(boolean),org.apache.ivy.util.MessageLoggerEngine.setShowProgress(boolean),173
org.apache.ivy.util.MessageLoggerEngine.setShowProgress(boolean),org.apache.ivy.util.MessageLoggerEngine.getDefaultLogger(),175
org.apache.ivy.util.Message.setShowProgress(boolean),org.apache.ivy.util.Message.getLogger(),174
org.apache.ivy.ant.IvyReportTest.testMultipleConfigurations(),org.apache.ivy.ant.IvyResolve.<init>(),1
org.apache.ivy.ant.IvyResolve.<init>(),org.apache.ivy.ant.IvyTask.<init>(),375
org.apache.ivy.ant.IvyResourcesTest.testMultiple(),org.apache.ivy.ant.IvyResourcesTest.asList(IvyResources),1
org.apache.ivy.ant.IvyResourcesTest.asList(IvyResources),org.apache.ivy.ant.IvyResources.iterator(),7
org.apache.ivy.ant.IvyResources.resolveResources(String),org.apache.ivy.ant.IvyPostResolveTask.prepareAndCheck(),11
org.apache.ivy.ant.IvyPostResolveTask.prepareAndCheck(),org.apache.ivy.ant.IvyPostResolveTask.ensureResolved(IvySettings),58
org.apache.ivy.ant.IvyPostResolveTask.ensureResolved(IvySettings),org.apache.ivy.ant.IvyTask.execute(),46
org.apache.ivy.ant.IvyResolve.doExecute(),"org.apache.ivy.Ivy.resolve(ModuleDescriptor, ResolveOptions)",16
"org.apache.ivy.Ivy.resolve(ModuleDescriptor, ResolveOptions)","org.apache.ivy.core.resolve.ResolveEngine.resolve(ModuleDescriptor, ResolveOptions)",40
org.apache.ivy.core.resolve.IvyNode.getRealConfs(String),org.apache.ivy.core.resolve.IvyNode.resolveSpecialConfigurations(String[]),320
org.apache.ivy.core.resolve.IvyNode.resolveSpecialConfigurations(String[]),org.apache.ivy.core.module.descriptor.DefaultModuleDescriptor.getPublicConfigurationsNames(),611
"org.apache.ivy.core.resolve.IvyNode.isDependencyModuleExcluded(DependencyDescriptor, String, ModuleRevisionId, String)","org.apache.ivy.core.resolve.IvyNodeCallers.doesCallersExclude(String, Artifact)",510
"org.apache.ivy.core.resolve.IvyNode.getDependencies(String, String[], String)",org.apache.ivy.core.module.descriptor.DefaultModuleDescriptor.getPublicConfigurationsNames(),48
"org.apache.ivy.core.resolve.ResolveEngine.computeConflicts(VisitNode, VisitNode, String, Collection, Collection)","org.apache.ivy.core.resolve.IvyNode.getResolvedNodes(ModuleId, String)",278
"org.apache.ivy.core.resolve.ResolveEngine.resolveConflicts(VisitNode, VisitNode, Collection, ConflictManager)","org.apache.ivy.core.resolve.IvyNode.getResolvedNodes(ModuleId, String)",138
"org.apache.ivy.core.resolve.ResolveEngine.resolveConflicts(VisitNode, VisitNode, Collection, ConflictManager)",org.apache.ivy.core.settings.IvySettings.getConflictManager(ModuleId),144
"org.apache.ivy.core.resolve.ResolveEngine.resolveConflicts(VisitNode, VisitNode, Collection, ConflictManager)",org.apache.ivy.core.resolve.VisitNode.getModuleId(),282
"org.apache.ivy.core.sort.ModuleDescriptorSorter.sortModuleDescriptorsHelp(ModuleInSort, ModuleInSort)","org.apache.ivy.core.sort.ModuleDescriptorSorter.sortModuleDescriptorsHelp(ModuleInSort, ModuleInSort)",215
org.apache.ivy.core.sort.ModuleInSort.isProcessed(),org.apache.ivy.util.Message.debug(String),213
org.apache.ivy.core.sort.ModuleInSort.isProcessed(),org.apache.ivy.core.module.id.ModuleRevisionId.toString(),213
"org.apache.ivy.core.resolve.ResolveEngine.handleTransiviteEviction(ModuleDescriptor, String[], ResolveData, List)",org.apache.ivy.core.resolve.IvyNode.isEvicted(String),106
"org.apache.ivy.core.resolve.ResolveEngine.handleTransiviteEviction(ModuleDescriptor, String[], ResolveData, List)",org.apache.ivy.core.resolve.ResolveData.getNode(ModuleRevisionId),106
org.apache.ivy.core.module.descriptor.DefaultModuleDescriptor.toIvyFile(File),"org.apache.ivy.plugins.parser.xml.XmlModuleDescriptorWriter.write(ModuleDescriptor, File)",53
"org.apache.ivy.plugins.parser.xml.XmlModuleDescriptorWriter.printDependencies(ModuleDescriptor, PrintWriter)","org.apache.ivy.plugins.parser.xml.XmlModuleDescriptorWriter.printDependency(ModuleDescriptor, DependencyDescriptor, PrintWriter)",100
"org.apache.ivy.plugins.parser.xml.XmlModuleDescriptorWriter.printDependency(ModuleDescriptor, DependencyDescriptor, PrintWriter)",org.apache.ivy.util.XMLHelper.escape(String),699
"org.apache.ivy.plugins.parser.xml.XmlModuleDescriptorWriter.printDependency(ModuleDescriptor, DependencyDescriptor, PrintWriter)",org.apache.ivy.core.module.descriptor.DefaultDependencyDescriptor.getDependencyConfigurations(String),156
"org.apache.ivy.plugins.parser.xml.XmlModuleDescriptorWriter.printDependency(ModuleDescriptor, DependencyDescriptor, PrintWriter)",org.apache.ivy.core.module.descriptor.DefaultDependencyDescriptor.getModuleConfigurations(),117
"org.apache.ivy.plugins.parser.xml.XmlModuleDescriptorWriter.printDependency(ModuleDescriptor, DependencyDescriptor, PrintWriter)","org.apache.ivy.plugins.parser.xml.XmlModuleDescriptorWriter.printExtraAttributes(ExtendableItem, PrintWriter, String)",117
"org.apache.ivy.plugins.parser.xml.XmlModuleDescriptorWriter.printExtraAttributes(ExtendableItem, PrintWriter, String)",org.apache.ivy.core.module.descriptor.DefaultDependencyDescriptor.getQualifiedExtraAttributes(),117
"org.apache.ivy.plugins.parser.xml.XmlModuleDescriptorWriter.printDependency(ModuleDescriptor, DependencyDescriptor, PrintWriter)",org.apache.ivy.core.module.id.ModuleRevisionId.equals(Object),117
"org.apache.ivy.plugins.parser.xml.XmlModuleDescriptorWriter.printDependency(ModuleDescriptor, DependencyDescriptor, PrintWriter)",org.apache.ivy.core.module.descriptor.DefaultDependencyDescriptor.getAllIncludeRules(),117
"org.apache.ivy.plugins.parser.xml.XmlModuleDescriptorWriter.printDependency(ModuleDescriptor, DependencyDescriptor, PrintWriter)",org.apache.ivy.core.module.descriptor.DefaultDependencyDescriptor.getAllExcludeRules(),117
"org.apache.ivy.plugins.parser.xml.XmlModuleDescriptorWriter.printDependency(ModuleDescriptor, DependencyDescriptor, PrintWriter)","org.apache.ivy.plugins.parser.xml.XmlModuleDescriptorWriter.printDependencyArtefacts(ModuleDescriptor, PrintWriter, DependencyArtifactDescriptor[])",117
"org.apache.ivy.plugins.parser.xml.XmlModuleDescriptorWriter.printDependency(ModuleDescriptor, DependencyDescriptor, PrintWriter)",org.apache.ivy.core.module.descriptor.DefaultDependencyDescriptor.getAllDependencyArtifacts(),117
"org.apache.ivy.plugins.parser.xml.XmlModuleDescriptorWriter.printDependency(ModuleDescriptor, DependencyDescriptor, PrintWriter)",org.apache.ivy.core.module.id.ModuleRevisionId.getName(),117
"org.apache.ivy.plugins.parser.xml.XmlModuleDescriptorWriter.printDependency(ModuleDescriptor, DependencyDescriptor, PrintWriter)",org.apache.ivy.core.module.id.ModuleRevisionId.getOrganisation(),117
"org.apache.ivy.plugins.parser.xml.XmlModuleDescriptorWriter.printDependency(ModuleDescriptor, DependencyDescriptor, PrintWriter)","org.apache.ivy.plugins.parser.xml.XmlModuleDescriptorWriter.printDependencyExcludeRules(ModuleDescriptor, PrintWriter, ExcludeRule[])",117
"org.apache.ivy.plugins.parser.xml.XmlModuleDescriptorWriter.printDependency(ModuleDescriptor, DependencyDescriptor, PrintWriter)","org.apache.ivy.plugins.parser.xml.XmlModuleDescriptorWriter.printDependencyIncludeRules(ModuleDescriptor, PrintWriter, IncludeRule[])",117
"org.apache.ivy.plugins.parser.xml.XmlModuleDescriptorWriter.printDependencies(ModuleDescriptor, PrintWriter)","org.apache.ivy.plugins.parser.xml.XmlModuleDescriptorWriter.printAllMediators(ModuleDescriptor, PrintWriter)",57
"org.apache.ivy.plugins.parser.xml.XmlModuleDescriptorWriter.printAllMediators(ModuleDescriptor, PrintWriter)",org.apache.ivy.core.module.descriptor.DefaultModuleDescriptor.getAllDependencyDescriptorMediators(),57
org.apache.ivy.core.module.descriptor.DefaultModuleDescriptor.getAllDependencyDescriptorMediators(),org.apache.ivy.core.module.id.ModuleRules.clone(),61
org.apache.ivy.core.module.id.ModuleRules.clone(),org.apache.ivy.core.module.id.ModuleRules.<init>(Map),76
"org.apache.ivy.plugins.parser.xml.XmlModuleDescriptorWriter.printAllMediators(ModuleDescriptor, PrintWriter)",org.apache.ivy.core.module.id.ModuleRules.getAllRules(),57
"org.apache.ivy.plugins.parser.xml.XmlModuleDescriptorWriter.printDependencies(ModuleDescriptor, PrintWriter)","org.apache.ivy.plugins.parser.xml.XmlModuleDescriptorWriter.printAllExcludes(ModuleDescriptor, PrintWriter)",57
"org.apache.ivy.plugins.parser.xml.XmlModuleDescriptorWriter.printAllExcludes(ModuleDescriptor, PrintWriter)",org.apache.ivy.core.module.descriptor.DefaultModuleDescriptor.getAllExcludeRules(),57
"org.apache.ivy.Ivy.resolve(ModuleDescriptor, ResolveOptions)",org.apache.ivy.Ivy.pushContext(),40
"org.apache.ivy.Ivy.resolve(ModuleDescriptor, ResolveOptions)",org.apache.ivy.Ivy.popContext(),40
org.apache.ivy.ant.IvyResolve.doExecute(),"org.apache.ivy.ant.IvyDependency.asDependencyDescriptor(ModuleDescriptor, String, IvySettings)",28
"org.apache.ivy.ant.IvyDependency.asDependencyDescriptor(ModuleDescriptor, String, IvySettings)","org.apache.ivy.core.module.descriptor.DefaultDependencyDescriptor.addDependencyConfiguration(String, String)",37
"org.apache.ivy.ant.IvyDependency.asDependencyDescriptor(ModuleDescriptor, String, IvySettings)","org.apache.ivy.core.module.id.ModuleRevisionId.newInstance(String, String, String, String)",37
"org.apache.ivy.core.module.id.ModuleRevisionId.newInstance(String, String, String, String)","org.apache.ivy.core.module.id.ModuleRevisionId.<init>(ModuleId, String, String)",221
"org.apache.ivy.core.module.id.ModuleRevisionId.<init>(ModuleId, String, String)","org.apache.ivy.core.module.id.ModuleRevisionId.<init>(ModuleId, String, String, Map)",251
"org.apache.ivy.core.module.id.ModuleRevisionId.newInstance(String, String, String, String)","org.apache.ivy.core.module.id.ModuleId.newInstance(String, String)",222
"org.apache.ivy.core.module.id.ModuleRevisionId.newInstance(String, String, String, String)",org.apache.ivy.core.module.id.ModuleRevisionId.intern(ModuleRevisionId),221
"org.apache.ivy.ant.IvyDependency.asDependencyDescriptor(ModuleDescriptor, String, IvySettings)","org.apache.ivy.core.module.descriptor.DefaultDependencyDescriptor.<init>(ModuleDescriptor, ModuleRevisionId, boolean, boolean, boolean)",37
"org.apache.ivy.core.module.descriptor.DefaultDependencyDescriptor.<init>(ModuleDescriptor, ModuleRevisionId, boolean, boolean, boolean)","org.apache.ivy.core.module.descriptor.DefaultDependencyDescriptor.<init>(ModuleDescriptor, ModuleRevisionId, ModuleRevisionId, boolean, boolean, boolean)",194
org.apache.ivy.ant.IvyResolve.doExecute(),"org.apache.ivy.core.module.descriptor.DefaultModuleDescriptor.newBasicInstance(ModuleRevisionId, Date)",16
"org.apache.ivy.core.module.descriptor.DefaultModuleDescriptor.newBasicInstance(ModuleRevisionId, Date)","org.apache.ivy.core.module.descriptor.DefaultModuleDescriptor.<init>(ModuleRevisionId, String, Date, boolean)",22
"org.apache.ivy.core.module.descriptor.DefaultModuleDescriptor.newBasicInstance(ModuleRevisionId, Date)","org.apache.ivy.core.module.descriptor.DefaultModuleDescriptor.addArtifact(String, Artifact)",19
"org.apache.ivy.core.module.descriptor.DefaultModuleDescriptor.newBasicInstance(ModuleRevisionId, Date)",org.apache.ivy.core.module.descriptor.Configuration.<init>(String),19
"org.apache.ivy.core.module.descriptor.DefaultModuleDescriptor.newBasicInstance(ModuleRevisionId, Date)",org.apache.ivy.core.module.descriptor.DefaultModuleDescriptor.addConfiguration(Configuration),19
"org.apache.ivy.core.module.descriptor.DefaultModuleDescriptor.newBasicInstance(ModuleRevisionId, Date)","org.apache.ivy.core.module.descriptor.MDArtifact.<init>(ModuleDescriptor, String, String, String)",19
"org.apache.ivy.core.module.descriptor.DefaultModuleDescriptor.newBasicInstance(ModuleRevisionId, Date)",org.apache.ivy.core.module.id.ModuleRevisionId.getName(),19
org.apache.ivy.ant.IvyResolve.doExecute(),"org.apache.ivy.core.module.id.ModuleRevisionId.newInstance(String, String, String)",16
"org.apache.ivy.core.module.id.ModuleRevisionId.newInstance(String, String, String)","org.apache.ivy.core.module.id.ModuleRevisionId.<init>(ModuleId, String)",26435
"org.apache.ivy.core.module.id.ModuleRevisionId.<init>(ModuleId, String)","org.apache.ivy.core.module.id.ModuleRevisionId.<init>(ModuleId, String, String, Map)",26512
"org.apache.ivy.core.module.id.ModuleRevisionId.newInstance(String, String, String)","org.apache.ivy.core.module.id.ModuleId.newInstance(String, String)",26443
"org.apache.ivy.core.module.id.ModuleRevisionId.newInstance(String, String, String)",org.apache.ivy.core.module.id.ModuleRevisionId.intern(ModuleRevisionId),26435
"org.apache.ivy.ant.IvyTask.getProperty(String, IvySettings, String)",org.apache.ivy.util.Message.debug(String),445
"org.apache.ivy.ant.IvyTask.getProperty(String, IvySettings, String)",org.apache.ivy.core.settings.IvySettings.substitute(String),445
org.apache.ivy.ant.IvyResolve.doExecute(),org.apache.ivy.Ivy.getWorkingRevision(),16
org.apache.ivy.ant.IvyResolve.doExecute(),org.apache.ivy.ant.IvyResolve.getAllowedLogOptions(),26
org.apache.ivy.ant.IvyResolve.doExecute(),org.apache.ivy.core.module.descriptor.DefaultModuleDescriptor.addDependency(DependencyDescriptor),28
org.apache.ivy.ant.IvyPostResolveTask.ensureResolved(IvySettings),"org.apache.ivy.ant.IvyPostResolveTask.getConfsToResolve(String, String, String, boolean)",48
"org.apache.ivy.ant.IvyPostResolveTask.getConfsToResolve(String, String, String, boolean)","org.apache.ivy.ant.IvyPostResolveTask.getConfsToResolve(ModuleDescriptor, String, String[])",57
"org.apache.ivy.ant.IvyPostResolveTask.getConfsToResolve(ModuleDescriptor, String, String[])",org.apache.ivy.util.Message.debug(String),162
"org.apache.ivy.ant.IvyPostResolveTask.getConfsToResolve(String, String, String, boolean)","org.apache.ivy.ant.IvyTask.getResolvedDescriptor(String, String, boolean)",58
"org.apache.ivy.ant.IvyTask.getResolvedDescriptor(String, String, boolean)","org.apache.ivy.ant.IvyTask.getReference(String, String, String, boolean)",62
"org.apache.ivy.ant.IvyPostResolveTask.getConfsToResolve(String, String, String, boolean)","org.apache.ivy.ant.IvyTask.getResolvedConfigurations(String, String, boolean)",57
"org.apache.ivy.ant.IvyTask.getResolvedConfigurations(String, String, boolean)","org.apache.ivy.ant.IvyTask.getReference(String, String, String, boolean)",66
org.apache.ivy.ant.IvyPostResolveTask.ensureResolved(IvySettings),"org.apache.ivy.ant.IvyPostResolveTask.setupResolve(boolean, boolean)",46
"org.apache.ivy.ant.IvyPostResolveTask.setupResolve(boolean, boolean)",org.apache.ivy.util.Message.verbose(String),54
org.apache.ivy.util.AbstractMessageLogger.verbose(String),"org.apache.ivy.util.DefaultMessageLogger.log(String, int)",14622
"org.apache.ivy.ant.IvyPostResolveTask.setupResolve(boolean, boolean)",org.apache.ivy.ant.IvyTask.getSettings(),54
org.apache.ivy.ant.IvyTask.getSettings(),org.apache.ivy.ant.IvyTask.getIvyInstance(),104
"org.apache.ivy.ant.IvyPostResolveTask.setupResolve(boolean, boolean)",org.apache.ivy.ant.IvyTask.setValidate(boolean),53
"org.apache.ivy.ant.IvyPostResolveTask.setupResolve(boolean, boolean)",org.apache.ivy.ant.IvyPostResolveTask.isKeep(),53
"org.apache.ivy.ant.IvyPostResolveTask.setupResolve(boolean, boolean)",org.apache.ivy.ant.IvyResolve.setKeep(boolean),53
"org.apache.ivy.ant.IvyPostResolveTask.setupResolve(boolean, boolean)",org.apache.ivy.ant.IvyTask.doValidate(IvySettings),53
org.apache.ivy.ant.IvyPostResolveTask.ensureResolved(IvySettings),"org.apache.ivy.ant.IvyTask.getProperty(String, IvySettings, String)",59
org.apache.ivy.ant.IvyPostResolveTask.ensureResolved(IvySettings),"org.apache.ivy.util.StringUtils.join(Object[], String)",46
org.apache.ivy.ant.IvyPostResolveTask.prepareAndCheck(),org.apache.ivy.ant.IvyTask.getIvyInstance(),77
org.apache.ivy.ant.IvyPostResolveTask.prepareAndCheck(),org.apache.ivy.util.Message.debug(String),62
org.apache.ivy.ant.IvyPostResolveTask.prepareAndCheck(),"org.apache.ivy.ant.IvyTask.getProperty(String, IvySettings, String)",308
org.apache.ivy.ant.IvyPostResolveTask.prepareAndCheck(),"org.apache.ivy.ant.IvyTask.getProperty(IvySettings, String, String)",64
"org.apache.ivy.ant.IvyTask.getProperty(IvySettings, String, String)","org.apache.ivy.ant.IvyTask.getProperty(IvySettings, String)",68
org.apache.ivy.ant.IvyPostResolveTask.prepareAndCheck(),org.apache.ivy.util.filter.FilterHelper.getArtifactTypeFilter(String),59
org.apache.ivy.ant.IvyResources.resolveResources(String),org.apache.ivy.ant.IvyCacheTask.getArtifactReports(),7
org.apache.ivy.ant.IvyCacheTask.getArtifactReports(),org.apache.ivy.ant.IvyCacheTask.getAllArtifactReports(),23
org.apache.ivy.ant.IvyCacheTask.getAllArtifactReports(),org.apache.ivy.ant.IvyPostResolveTask.getResolvedReport(),23
org.apache.ivy.ant.IvyPostResolveTask.getResolvedReport(),"org.apache.ivy.ant.IvyTask.getResolvedReport(String, String, String)",26
"org.apache.ivy.ant.IvyTask.getResolvedReport(String, String, String)","org.apache.ivy.ant.IvyTask.getReference(String, String, String, boolean)",29
org.apache.ivy.ant.IvyCacheTask.getAllArtifactReports(),org.apache.ivy.core.report.ConfigurationResolveReport.getModuleRevisionIds(),21
org.apache.ivy.ant.IvyCacheTask.getAllArtifactReports(),org.apache.ivy.util.Message.debug(String),21
org.apache.ivy.ant.IvyCacheTask.getAllArtifactReports(),org.apache.ivy.core.report.ConfigurationResolveReport.getDownloadReports(ModuleRevisionId),30
org.apache.ivy.ant.IvyCacheTask.getAllArtifactReports(),org.apache.ivy.ant.IvyTask.splitConfs(String),23
org.apache.ivy.ant.IvyCacheTask.getAllArtifactReports(),org.apache.ivy.core.report.ResolveReport.getConfigurationReport(String),21
org.apache.ivy.ant.IvyResourcesTest.testMultiple(),"org.apache.ivy.ant.IvyResourcesTest.getArchiveFileInCache(String, String, String, String, String, String)",5
"org.apache.ivy.ant.IvyResourcesTest.getArchiveFileInCache(String, String, String, String, String, String)","org.apache.ivy.TestHelper.getArchiveFileInCache(Ivy, String, String, String, String, String, String)",21
"org.apache.ivy.TestHelper.getArchiveFileInCache(Ivy, String, String, String, String, String, String)",org.apache.ivy.core.cache.DefaultRepositoryCacheManager.getArchiveFileInCache(Artifact),70
"org.apache.ivy.TestHelper.getArchiveFileInCache(Ivy, String, String, String, String, String, String)","org.apache.ivy.TestHelper.newArtifact(String, String, String, String, String, String)",70
"org.apache.ivy.TestHelper.newArtifact(String, String, String, String, String, String)","org.apache.ivy.core.module.id.ModuleRevisionId.newInstance(String, String, String)",70
"org.apache.ivy.TestHelper.newArtifact(String, String, String, String, String, String)","org.apache.ivy.core.module.descriptor.DefaultArtifact.<init>(ModuleRevisionId, Date, String, String, String)",70
"org.apache.ivy.core.module.descriptor.DefaultArtifact.<init>(ModuleRevisionId, Date, String, String, String)","org.apache.ivy.core.module.descriptor.DefaultArtifact.<init>(ModuleRevisionId, Date, String, String, String, URL, Map)",450
"org.apache.ivy.TestHelper.getArchiveFileInCache(Ivy, String, String, String, String, String, String)","org.apache.ivy.TestHelper.getRepositoryCacheManager(Ivy, ModuleRevisionId)",70
"org.apache.ivy.TestHelper.getRepositoryCacheManager(Ivy, ModuleRevisionId)",org.apache.ivy.core.settings.IvySettings.getResolver(ModuleRevisionId),79
"org.apache.ivy.TestHelper.getRepositoryCacheManager(Ivy, ModuleRevisionId)",org.apache.ivy.plugins.resolver.AbstractResolver.getRepositoryCacheManager(),79
"org.apache.ivy.TestHelper.getArchiveFileInCache(Ivy, String, String, String, String, String, String)",org.apache.ivy.core.module.descriptor.DefaultArtifact.getModuleRevisionId(),70
"org.apache.ivy.ant.IvyResourcesTest.getArchiveFileInCache(String, String, String, String, String, String)",org.apache.ivy.ant.IvyResourcesTest.getIvy(),21
org.apache.ivy.ant.IvyResourcesTest.getIvy(),org.apache.ivy.ant.IvyTask.getIvyInstance(),21
org.apache.ivy.ant.IvyResourcesTest.testMultiple(),org.apache.ivy.ant.IvyPostResolveTask.createDependency(),2
org.apache.ivy.ant.IvyPostResolveTask.createDependency(),org.apache.ivy.ant.IvyResolve.createDependency(),15
org.apache.ivy.ant.IvyResolve.createDependency(),org.apache.ivy.ant.IvyDependency.<init>(),30
org.apache.ivy.ant.AntBuildTriggerTest.test(),org.apache.ivy.Ivy.resolve(File),1
org.apache.ivy.Ivy.resolve(File),org.apache.ivy.core.resolve.ResolveEngine.resolve(File),2
org.apache.ivy.core.resolve.ResolveEngine.resolve(File),org.apache.ivy.core.resolve.ResolveEngine.resolve(URL),5
org.apache.ivy.core.resolve.ResolveEngine.resolve(URL),"org.apache.ivy.core.resolve.ResolveEngine.resolve(URL, ResolveOptions)",16
org.apache.ivy.core.event.EventManager.fireIvyEvent(IvyEvent),org.apache.ivy.core.event.FilteredIvyListener.progress(IvyEvent),62
org.apache.ivy.core.event.FilteredIvyListener.progress(IvyEvent),org.apache.ivy.ant.AntBuildTrigger.progress(IvyEvent),1
org.apache.ivy.ant.IvyTask.execute(),org.apache.ivy.ant.IvyPublish.doExecute(),28
org.apache.ivy.ant.IvyPublish.doExecute(),"org.apache.ivy.Ivy.publish(ModuleRevisionId, Collection, String, PublishOptions)",28
"org.apache.ivy.Ivy.publish(ModuleRevisionId, Collection, String, PublishOptions)","org.apache.ivy.core.publish.PublishEngine.publish(ModuleRevisionId, Collection, String, PublishOptions)",30
"org.apache.ivy.core.publish.PublishEngine.publish(ModuleRevisionId, Collection, String, PublishOptions)","org.apache.ivy.core.publish.PublishEngine.publish(ModuleDescriptor, Collection, DependencyResolver, PublishOptions)",27
"org.apache.ivy.core.publish.PublishEngine.publish(ModuleDescriptor, Collection, DependencyResolver, PublishOptions)","org.apache.ivy.core.publish.PublishEngine.publish(Artifact, File, DependencyResolver, boolean)",41
"org.apache.ivy.core.publish.PublishEngine.publish(Artifact, File, DependencyResolver, boolean)","org.apache.ivy.plugins.resolver.RepositoryResolver.publish(Artifact, File, boolean)",41
"org.apache.ivy.plugins.resolver.RepositoryResolver.publish(Artifact, File, boolean)","org.apache.ivy.plugins.resolver.RepositoryResolver.put(Artifact, File, String, boolean)",84
"org.apache.ivy.plugins.resolver.RepositoryResolver.put(Artifact, File, String, boolean)","org.apache.ivy.plugins.resolver.RepositoryResolver.putChecksum(Artifact, File, String, boolean, String)",166
"org.apache.ivy.plugins.resolver.RepositoryResolver.putChecksum(Artifact, File, String, boolean, String)","org.apache.ivy.plugins.repository.AbstractRepository.put(Artifact, File, String, boolean)",166
"org.apache.ivy.plugins.repository.AbstractRepository.put(Artifact, File, String, boolean)","org.apache.ivy.plugins.repository.file.FileRepository.put(File, String, boolean)",250
"org.apache.ivy.plugins.repository.file.FileRepository.put(File, String, boolean)","org.apache.ivy.plugins.repository.file.FileRepository.copy(File, File, boolean)",250
"org.apache.ivy.plugins.repository.file.FileRepository.put(File, String, boolean)",org.apache.ivy.plugins.repository.file.FileRepository.getResource(String),250
"org.apache.ivy.plugins.repository.file.FileRepository.put(File, String, boolean)",org.apache.ivy.plugins.repository.file.FileRepository.getFile(String),250
"org.apache.ivy.plugins.repository.file.FileRepository.put(File, String, boolean)","org.apache.ivy.plugins.repository.AbstractRepository.fireTransferInitiated(Resource, int)",250
"org.apache.ivy.plugins.resolver.RepositoryResolver.putChecksum(Artifact, File, String, boolean, String)","org.apache.ivy.util.FileUtil.copy(InputStream, File, CopyProgressListener)",166
"org.apache.ivy.plugins.resolver.RepositoryResolver.putChecksum(Artifact, File, String, boolean, String)","org.apache.ivy.util.ChecksumHelper.computeAsString(File, String)",167
"org.apache.ivy.util.ChecksumHelper.computeAsString(File, String)","org.apache.ivy.util.ChecksumHelper.compute(File, String)",184
"org.apache.ivy.util.ChecksumHelper.compute(File, String)",org.apache.ivy.util.ChecksumHelper.getMessageDigest(String),181
"org.apache.ivy.util.ChecksumHelper.computeAsString(File, String)",org.apache.ivy.util.ChecksumHelper.byteArrayToHexString(byte[]),181
"org.apache.ivy.plugins.resolver.RepositoryResolver.putChecksum(Artifact, File, String, boolean, String)","org.apache.ivy.core.module.descriptor.DefaultArtifact.cloneWithAnotherTypeAndExt(Artifact, String, String)",166
"org.apache.ivy.core.module.descriptor.DefaultArtifact.cloneWithAnotherTypeAndExt(Artifact, String, String)",org.apache.ivy.core.module.descriptor.MDArtifact.getModuleRevisionId(),117
"org.apache.ivy.core.module.descriptor.DefaultArtifact.cloneWithAnotherTypeAndExt(Artifact, String, String)",org.apache.ivy.core.module.descriptor.MDArtifact.getPublicationDate(),116
"org.apache.ivy.plugins.resolver.RepositoryResolver.put(Artifact, File, String, boolean)","org.apache.ivy.plugins.repository.AbstractRepository.put(Artifact, File, String, boolean)",85
"org.apache.ivy.plugins.resolver.RepositoryResolver.put(Artifact, File, String, boolean)",org.apache.ivy.plugins.resolver.BasicResolver.getChecksumAlgorithms(),87
"org.apache.ivy.plugins.resolver.RepositoryResolver.put(Artifact, File, String, boolean)",org.apache.ivy.util.ChecksumHelper.isKnownAlgorithm(String),169
"org.apache.ivy.plugins.resolver.RepositoryResolver.publish(Artifact, File, boolean)","org.apache.ivy.plugins.resolver.FileSystemResolver.getDestination(String, Artifact, ModuleRevisionId)",84
"org.apache.ivy.plugins.resolver.FileSystemResolver.getDestination(String, Artifact, ModuleRevisionId)","org.apache.ivy.plugins.resolver.RepositoryResolver.getDestination(String, Artifact, ModuleRevisionId)",86
"org.apache.ivy.plugins.resolver.RepositoryResolver.getDestination(String, Artifact, ModuleRevisionId)","org.apache.ivy.core.IvyPatternHelper.substitute(String, ModuleRevisionId, Artifact)",87
"org.apache.ivy.plugins.resolver.FileSystemResolver.getDestination(String, Artifact, ModuleRevisionId)",org.apache.ivy.plugins.resolver.FileSystemResolver.supportTransaction(),86
org.apache.ivy.plugins.resolver.FileSystemResolver.supportTransaction(),org.apache.ivy.plugins.resolver.FileSystemResolver.checkSupportTransaction(),441
"org.apache.ivy.plugins.resolver.RepositoryResolver.publish(Artifact, File, boolean)",org.apache.ivy.plugins.repository.file.FileRepository.standardize(String),83
org.apache.ivy.plugins.repository.file.FileRepository.standardize(String),org.apache.ivy.util.FileUtil.normalize(String),478
"org.apache.ivy.plugins.resolver.RepositoryResolver.publish(Artifact, File, boolean)",org.apache.ivy.util.Message.info(String),83
"org.apache.ivy.plugins.resolver.RepositoryResolver.publish(Artifact, File, boolean)",org.apache.ivy.plugins.resolver.AbstractPatternsBasedResolver.getIvyPatterns(),88
"org.apache.ivy.plugins.resolver.RepositoryResolver.publish(Artifact, File, boolean)",org.apache.ivy.plugins.resolver.AbstractPatternsBasedResolver.getArtifactPatterns(),81
"org.apache.ivy.plugins.resolver.RepositoryResolver.publish(Artifact, File, boolean)",org.apache.ivy.core.module.descriptor.MDArtifact.getModuleRevisionId(),56
"org.apache.ivy.core.publish.PublishEngine.publish(Artifact, File, DependencyResolver, boolean)","org.apache.ivy.core.event.publish.StartArtifactPublishEvent.<init>(DependencyResolver, Artifact, File, boolean)",41
"org.apache.ivy.core.event.publish.StartArtifactPublishEvent.<init>(DependencyResolver, Artifact, File, boolean)","org.apache.ivy.core.event.publish.PublishEvent.<init>(String, DependencyResolver, Artifact, File, boolean)",41
"org.apache.ivy.core.event.publish.PublishEvent.<init>(String, DependencyResolver, Artifact, File, boolean)",org.apache.ivy.core.event.IvyEvent.addAttributes(Map),83
"org.apache.ivy.core.event.publish.PublishEvent.<init>(String, DependencyResolver, Artifact, File, boolean)",org.apache.ivy.core.module.descriptor.AbstractArtifact.getAttributes(),83
"org.apache.ivy.core.event.publish.PublishEvent.<init>(String, DependencyResolver, Artifact, File, boolean)",org.apache.ivy.core.event.IvyEvent.addMridAttributes(ModuleRevisionId),83
"org.apache.ivy.core.event.publish.PublishEvent.<init>(String, DependencyResolver, Artifact, File, boolean)",org.apache.ivy.core.event.IvyEvent.<init>(String),84
"org.apache.ivy.core.event.publish.PublishEvent.<init>(String, DependencyResolver, Artifact, File, boolean)","org.apache.ivy.core.event.IvyEvent.addAttribute(String, String)",249
"org.apache.ivy.core.event.publish.PublishEvent.<init>(String, DependencyResolver, Artifact, File, boolean)",org.apache.ivy.core.module.descriptor.MDArtifact.getModuleRevisionId(),83
"org.apache.ivy.core.publish.PublishEngine.publish(Artifact, File, DependencyResolver, boolean)","org.apache.ivy.core.event.publish.EndArtifactPublishEvent.<init>(DependencyResolver, Artifact, File, boolean, boolean)",41
"org.apache.ivy.core.event.publish.EndArtifactPublishEvent.<init>(DependencyResolver, Artifact, File, boolean, boolean)","org.apache.ivy.core.event.publish.PublishEvent.<init>(String, DependencyResolver, Artifact, File, boolean)",43
"org.apache.ivy.core.event.publish.EndArtifactPublishEvent.<init>(DependencyResolver, Artifact, File, boolean, boolean)","org.apache.ivy.core.event.IvyEvent.addAttribute(String, String)",42
"org.apache.ivy.core.publish.PublishEngine.publish(Artifact, File, DependencyResolver, boolean)",org.apache.ivy.core.event.EventManager.fireIvyEvent(IvyEvent),82
org.apache.ivy.core.event.FilteredIvyListener.progress(IvyEvent),org.apache.ivy.core.event.IvyEventFilter.accept(Object),64
"org.apache.ivy.core.publish.PublishEngine.publish(Artifact, File, DependencyResolver, boolean)",org.apache.ivy.core.IvyContext.checkInterrupted(),41
org.apache.ivy.core.IvyContext.checkInterrupted(),org.apache.ivy.core.IvyContext.getIvy(),95
org.apache.ivy.core.IvyContext.checkInterrupted(),org.apache.ivy.Ivy.checkInterrupted(),94
"org.apache.ivy.core.publish.PublishEngine.publish(Artifact, File, DependencyResolver, boolean)",org.apache.ivy.core.IvyContext.getContext(),41
"org.apache.ivy.core.publish.PublishEngine.publish(ModuleDescriptor, Collection, DependencyResolver, PublishOptions)","org.apache.ivy.plugins.resolver.FileSystemResolver.beginPublishTransaction(ModuleRevisionId, boolean)",24
"org.apache.ivy.plugins.resolver.FileSystemResolver.beginPublishTransaction(ModuleRevisionId, boolean)",org.apache.ivy.plugins.resolver.FileSystemResolver.supportTransaction(),51
org.apache.ivy.plugins.resolver.FileSystemResolver.checkSupportTransaction(),org.apache.ivy.plugins.resolver.FileSystemResolver.unsupportedTransaction(String),84
org.apache.ivy.plugins.resolver.FileSystemResolver.unsupportedTransaction(String),org.apache.ivy.util.Message.verbose(String),87
org.apache.ivy.plugins.resolver.FileSystemResolver.checkSupportTransaction(),org.apache.ivy.plugins.resolver.AbstractPatternsBasedResolver.getIvyPatterns(),112
org.apache.ivy.plugins.resolver.FileSystemResolver.checkSupportTransaction(),org.apache.ivy.plugins.resolver.AbstractPatternsBasedResolver.getArtifactPatterns(),111
"org.apache.ivy.core.publish.PublishEngine.publish(ModuleDescriptor, Collection, DependencyResolver, PublishOptions)",org.apache.ivy.core.settings.IvySettings.resolveFile(String),51
org.apache.ivy.core.settings.IvySettings.resolveFile(String),"org.apache.ivy.util.FileUtil.resolveFile(File, String)",265
"org.apache.ivy.util.FileUtil.resolveFile(File, String)",org.apache.ivy.util.FileUtil.normalize(String),325
"org.apache.ivy.core.publish.PublishEngine.publish(ModuleDescriptor, Collection, DependencyResolver, PublishOptions)","org.apache.ivy.core.IvyPatternHelper.substitute(String, Artifact)",51
"org.apache.ivy.core.IvyPatternHelper.substitute(String, Artifact, String)",org.apache.ivy.core.module.descriptor.MDArtifact.getModuleRevisionId(),52
"org.apache.ivy.core.publish.PublishEngine.publish(ModuleDescriptor, Collection, DependencyResolver, PublishOptions)",org.apache.ivy.core.settings.IvySettings.substitute(String),24
"org.apache.ivy.core.publish.PublishEngine.publish(ModuleDescriptor, Collection, DependencyResolver, PublishOptions)",org.apache.ivy.core.module.descriptor.DefaultModuleDescriptor.getArtifacts(String),44
"org.apache.ivy.core.publish.PublishEngine.publish(ModuleDescriptor, Collection, DependencyResolver, PublishOptions)",org.apache.ivy.core.module.descriptor.MDArtifact.newIvyArtifact(ModuleDescriptor),24
org.apache.ivy.core.module.descriptor.MDArtifact.newIvyArtifact(ModuleDescriptor),"org.apache.ivy.core.module.descriptor.MDArtifact.<init>(ModuleDescriptor, String, String, String, boolean)",89
"org.apache.ivy.core.module.descriptor.MDArtifact.<init>(ModuleDescriptor, String, String, String, boolean)","org.apache.ivy.core.module.descriptor.MDArtifact.<init>(ModuleDescriptor, String, String, String, URL, Map)",176
"org.apache.ivy.core.publish.PublishEngine.publish(ModuleDescriptor, Collection, DependencyResolver, PublishOptions)","org.apache.ivy.util.ConfigurationUtils.replaceWildcards(String[], ModuleDescriptor)",27
"org.apache.ivy.core.publish.PublishEngine.publish(ModuleDescriptor, Collection, DependencyResolver, PublishOptions)",org.apache.ivy.plugins.resolver.FileSystemResolver.commitPublishTransaction(),23
org.apache.ivy.plugins.resolver.FileSystemResolver.commitPublishTransaction(),org.apache.ivy.plugins.resolver.FileSystemResolver.supportTransaction(),48
"org.apache.ivy.core.publish.PublishEngine.publish(ModuleRevisionId, Collection, String, PublishOptions)","org.apache.ivy.plugins.parser.AbstractModuleDescriptorParser.parseDescriptor(ParserSettings, URL, boolean)",37
"org.apache.ivy.core.publish.PublishEngine.publish(ModuleRevisionId, Collection, String, PublishOptions)",org.apache.ivy.core.settings.IvySettings.resolveFile(String),28
"org.apache.ivy.core.publish.PublishEngine.publish(ModuleRevisionId, Collection, String, PublishOptions)",org.apache.ivy.core.settings.IvySettings.getResolver(String),27
"org.apache.ivy.core.publish.PublishEngine.publish(ModuleRevisionId, Collection, String, PublishOptions)","org.apache.ivy.core.module.descriptor.DefaultArtifact.newIvyArtifact(ModuleRevisionId, Date)",29
"org.apache.ivy.core.publish.PublishEngine.publish(ModuleRevisionId, Collection, String, PublishOptions)","org.apache.ivy.core.IvyPatternHelper.substitute(String, Artifact)",29
"org.apache.ivy.core.publish.PublishEngine.publish(ModuleRevisionId, Collection, String, PublishOptions)","org.apache.ivy.core.module.id.ModuleRevisionId.newInstance(ModuleRevisionId, String, String)",29
"org.apache.ivy.core.module.id.ModuleRevisionId.newInstance(ModuleRevisionId, String, String)","org.apache.ivy.core.module.id.ModuleRevisionId.<init>(ModuleId, String, String, Map)",72
"org.apache.ivy.core.module.id.ModuleRevisionId.newInstance(ModuleRevisionId, String, String)",org.apache.ivy.core.module.id.ModuleRevisionId.intern(ModuleRevisionId),72
"org.apache.ivy.core.publish.PublishEngine.publish(ModuleRevisionId, Collection, String, PublishOptions)",org.apache.ivy.core.settings.IvySettings.substitute(String),29
"org.apache.ivy.core.publish.PublishEngine.publish(ModuleRevisionId, Collection, String, PublishOptions)",org.apache.ivy.util.Message.verbose(String),52
"org.apache.ivy.core.publish.PublishEngine.publish(ModuleRevisionId, Collection, String, PublishOptions)",org.apache.ivy.util.Message.info(String),29
"org.apache.ivy.Ivy.publish(ModuleRevisionId, Collection, String, PublishOptions)",org.apache.ivy.Ivy.pushContext(),30
"org.apache.ivy.Ivy.publish(ModuleRevisionId, Collection, String, PublishOptions)",org.apache.ivy.Ivy.popContext(),30
org.apache.ivy.ant.IvyPublish.doExecute(),org.apache.ivy.ant.IvyTask.execute(),22
org.apache.ivy.ant.IvyTask.execute(),org.apache.ivy.ant.IvyDeliver.doExecute(),37
org.apache.ivy.ant.IvyDeliver.doExecute(),"org.apache.ivy.Ivy.deliver(ModuleRevisionId, String, String, DeliverOptions)",35
"org.apache.ivy.Ivy.deliver(ModuleRevisionId, String, String, DeliverOptions)","org.apache.ivy.core.deliver.DeliverEngine.deliver(ModuleRevisionId, String, String, DeliverOptions)",36
"org.apache.ivy.core.deliver.DeliverEngine.deliver(ModuleRevisionId, String, String, DeliverOptions)",org.apache.ivy.core.cache.DefaultResolutionCacheManager.getResolvedModuleDescriptor(ModuleRevisionId),40
org.apache.ivy.core.cache.DefaultResolutionCacheManager.getResolvedModuleDescriptor(ModuleRevisionId),"org.apache.ivy.plugins.parser.AbstractModuleDescriptorParser.parseDescriptor(ParserSettings, URL, boolean)",38
org.apache.ivy.core.cache.DefaultResolutionCacheManager.getResolvedModuleDescriptor(ModuleRevisionId),org.apache.ivy.core.cache.DefaultResolutionCacheManager.getResolvedIvyPropertiesInCache(ModuleRevisionId),39
org.apache.ivy.core.cache.DefaultResolutionCacheManager.getResolvedModuleDescriptor(ModuleRevisionId),org.apache.ivy.core.cache.DefaultResolutionCacheManager.getResolvedIvyFileInCache(ModuleRevisionId),47
org.apache.ivy.core.cache.DefaultResolutionCacheManager.getResolvedModuleDescriptor(ModuleRevisionId),"org.apache.ivy.core.module.id.ModuleRevisionId.newInstance(ModuleRevisionId, String)",39
"org.apache.ivy.core.deliver.DeliverEngine.deliver(ModuleRevisionId, String, String, DeliverOptions)","org.apache.ivy.plugins.parser.xml.XmlModuleDescriptorUpdater.update(InputStream, Resource, File, UpdateOptions)",37
org.apache.ivy.plugins.parser.xml.UpdateOptions.isMerge(),org.apache.ivy.core.module.descriptor.DefaultModuleDescriptor.getInheritedDescriptors(),1328
"org.apache.ivy.core.deliver.DeliverEngine.deliver(ModuleRevisionId, String, String, DeliverOptions)",org.apache.ivy.plugins.repository.url.URLResource.openStream(),37
"org.apache.ivy.core.deliver.DeliverEngine.deliver(ModuleRevisionId, String, String, DeliverOptions)",org.apache.ivy.core.settings.IvySettings.resolveFile(String),37
"org.apache.ivy.core.deliver.DeliverEngine.deliver(ModuleRevisionId, String, String, DeliverOptions)","org.apache.ivy.core.IvyPatternHelper.substitute(String, ModuleRevisionId)",37
"org.apache.ivy.core.deliver.DeliverEngine.deliver(ModuleRevisionId, String, String, DeliverOptions)",org.apache.ivy.core.settings.IvySettings.substitute(String),40
"org.apache.ivy.core.deliver.DeliverEngine.deliver(ModuleRevisionId, String, String, DeliverOptions)",org.apache.ivy.core.cache.DefaultResolutionCacheManager.getResolvedIvyPropertiesInCache(ModuleRevisionId),37
"org.apache.ivy.core.deliver.DeliverEngine.deliver(ModuleRevisionId, String, String, DeliverOptions)","org.apache.ivy.core.module.id.ModuleRevisionId.newInstance(ModuleRevisionId, String, String)",39
"org.apache.ivy.core.deliver.DeliverEngine.deliver(ModuleRevisionId, String, String, DeliverOptions)",org.apache.ivy.util.Message.info(String),78
"org.apache.ivy.core.deliver.DeliverEngine.deliver(ModuleRevisionId, String, String, DeliverOptions)",org.apache.ivy.util.Message.verbose(String),78
"org.apache.ivy.core.deliver.DeliverEngine.deliver(ModuleRevisionId, String, String, DeliverOptions)","org.apache.ivy.util.ConfigurationUtils.replaceWildcards(String[], ModuleDescriptor)",37
"org.apache.ivy.core.deliver.DeliverEngine.deliver(ModuleRevisionId, String, String, DeliverOptions)",org.apache.ivy.core.deliver.DeliverEngine.getCache(),77
org.apache.ivy.core.deliver.DeliverEngine.getCache(),org.apache.ivy.core.settings.IvySettings.getResolutionCacheManager(),80
"org.apache.ivy.core.deliver.DeliverEngine.deliver(ModuleRevisionId, String, String, DeliverOptions)",org.apache.ivy.core.module.descriptor.DefaultModuleDescriptor.getDependencies(),37
"org.apache.ivy.core.deliver.DeliverEngine.deliver(ModuleRevisionId, String, String, DeliverOptions)",org.apache.ivy.core.module.descriptor.DefaultModuleDescriptor.getConfigurationsNames(),37
"org.apache.ivy.core.deliver.DeliverEngine.deliver(ModuleRevisionId, String, String, DeliverOptions)",org.apache.ivy.core.module.descriptor.DefaultModuleDescriptor.setResolvedPublicationDate(Date),37
"org.apache.ivy.core.deliver.DeliverEngine.deliver(ModuleRevisionId, String, String, DeliverOptions)",org.apache.ivy.plugins.parser.xml.UpdateOptions.<init>(),37
"org.apache.ivy.Ivy.deliver(ModuleRevisionId, String, String, DeliverOptions)",org.apache.ivy.Ivy.pushContext(),37
"org.apache.ivy.Ivy.deliver(ModuleRevisionId, String, String, DeliverOptions)",org.apache.ivy.Ivy.popContext(),37
org.apache.ivy.ant.IvyDeliver.doExecute(),"org.apache.ivy.ant.IvyTask.getPubDate(String, Date)",37
org.apache.ivy.ant.IvyDeliver.doExecute(),org.apache.ivy.ant.IvyDeliver.loadDeliveryList(),37
org.apache.ivy.ant.IvyDeliver.doExecute(),"org.apache.ivy.ant.IvyTask.getProperty(String, IvySettings, String)",148
org.apache.ivy.ant.IvyDeliver.doExecute(),"org.apache.ivy.core.module.id.ModuleRevisionId.newInstance(String, String, String)",35
org.apache.ivy.ant.IvyDeliver.doExecute(),"org.apache.ivy.ant.IvyTask.getProperty(String, IvySettings, String, String)",111
org.apache.ivy.ant.IvyDeliver.doExecute(),"org.apache.ivy.ant.IvyTask.getProperty(IvySettings, String)",37
org.apache.ivy.ant.IvyDeliver.doExecute(),"org.apache.ivy.core.deliver.DeliverOptions.<init>(String, Date, PublishingDependencyRevisionResolver, boolean, boolean, String[])",37
"org.apache.ivy.core.deliver.DeliverOptions.<init>(String, Date, PublishingDependencyRevisionResolver, boolean, boolean, String[])",org.apache.ivy.core.deliver.DefaultPublishingDRResolver.<init>(),84
org.apache.ivy.ant.IvyDeliver.doExecute(),org.apache.ivy.ant.IvyTask.getIvyInstance(),39
org.apache.ivy.ant.IvyDeliver.doExecute(),org.apache.ivy.ant.IvyTask.doValidate(IvySettings),37
org.apache.ivy.ant.IvyDeliver.doExecute(),org.apache.ivy.core.deliver.DefaultPublishingDRResolver.<init>(),37
org.apache.ivy.ant.IvyDeliver.doExecute(),org.apache.ivy.ant.IvyTask.splitConfs(String),37
org.apache.ivy.ant.IvyPublish.doExecute(),org.apache.ivy.util.DateUtil.format(Date),22
org.apache.ivy.ant.IvyPublish.doExecute(),"org.apache.ivy.core.module.id.ModuleRevisionId.newInstance(String, String, String)",28
org.apache.ivy.ant.IvyPublish.doExecute(),"org.apache.ivy.core.IvyPatternHelper.substitute(String, String, String, String, String, String, String)",28
org.apache.ivy.ant.IvyPublish.doExecute(),"org.apache.ivy.ant.IvyTask.getProperty(String, IvySettings, String)",193
org.apache.ivy.ant.IvyPublish.doExecute(),org.apache.ivy.ant.IvyDeliver.<init>(),22
org.apache.ivy.ant.IvyDeliver.<init>(),org.apache.ivy.ant.IvyTask.<init>(),82
org.apache.ivy.ant.IvyPublish.doExecute(),org.apache.ivy.ant.IvyTask.getIvyInstance(),30
org.apache.ivy.ant.IvyPublish.doExecute(),org.apache.ivy.ant.IvyPublish.getArtifactspattern(),24
org.apache.ivy.ant.IvyPublish.doExecute(),org.apache.ivy.core.publish.PublishOptions.<init>(),28
org.apache.ivy.ant.IvyPublish.doExecute(),org.apache.ivy.ant.IvyTask.setValidate(boolean),22
org.apache.ivy.ant.IvyPublish.doExecute(),org.apache.ivy.ant.IvyTask.doValidate(IvySettings),50
org.apache.ivy.ant.IvyPublish.doExecute(),"org.apache.ivy.ant.IvyTask.getPubDate(String, Date)",28
org.apache.ivy.ant.IvyPublish.doExecute(),org.apache.ivy.ant.IvyTask.splitConfs(String),28
"org.apache.ivy.core.module.id.ModuleRevisionId.<init>(ModuleId, String, String, Map, boolean)",org.apache.ivy.Ivy.getWorkingRevision(),147
org.apache.ivy.core.sort.SortOptions.<init>(),org.apache.ivy.core.sort.WarningNonMatchingVersionReporter.<init>(),21
org.apache.ivy.core.sort.WarningNonMatchingVersionReporter.<init>(),org.apache.ivy.core.sort.MessageBasedNonMatchingVersionReporter.<init>(),28
org.apache.ivy.core.sort.SilentNonMatchingVersionReporter.<init>(),org.apache.ivy.core.sort.MessageBasedNonMatchingVersionReporter.<init>(),19
org.apache.ivy.ant.IvyConfigure.execute(),org.apache.ivy.ant.IvyAntSettings.createIvyEngine(ProjectComponent),25
org.apache.ivy.ant.AntBuildTrigger.<init>(),org.apache.ivy.plugins.trigger.AbstractTrigger.<init>(),15
"org.apache.ivy.core.settings.XmlSettingsParser.settingsStarted(String, Map)","org.apache.ivy.util.Checks.checkAbsolute(String, String)",10
"org.apache.ivy.core.settings.XmlSettingsParser.settingsStarted(String, Map)",org.apache.ivy.core.settings.IvySettings.setDefaultCache(File),10
"org.apache.ivy.core.settings.XmlSettingsParser.settingsStarted(String, Map)",org.apache.ivy.util.Message.deprecated(String),11
org.apache.ivy.util.Message.deprecated(String),org.apache.ivy.util.MessageLoggerEngine.deprecated(String),16
org.apache.ivy.util.MessageLoggerEngine.deprecated(String),org.apache.ivy.util.AbstractMessageLogger.deprecated(String),17
org.apache.ivy.util.AbstractMessageLogger.deprecated(String),"org.apache.ivy.ant.AntMessageLogger.log(String, int)",14
org.apache.ivy.util.MessageLoggerEngine.deprecated(String),org.apache.ivy.util.MessageLoggerEngine.peekLogger(),17
org.apache.ivy.util.Message.deprecated(String),org.apache.ivy.util.Message.getLogger(),32
org.apache.ivy.core.settings.IvySettings.addConfigured(Trigger),org.apache.ivy.core.settings.IvySettings.addTrigger(Trigger),6
org.apache.ivy.core.settings.IvySettings.addTrigger(Trigger),org.apache.ivy.core.settings.IvySettings.init(Object),8
org.apache.ivy.Ivy.postConfigure(),org.apache.ivy.plugins.trigger.AbstractTrigger.getEventFilter(),3
org.apache.ivy.plugins.trigger.AbstractTrigger.getEventFilter(),org.apache.ivy.plugins.trigger.AbstractTrigger.createFilter(),21
org.apache.ivy.plugins.trigger.AbstractTrigger.createFilter(),"org.apache.ivy.core.event.IvyEventFilter.<init>(String, String, PatternMatcher)",21
"org.apache.ivy.core.event.IvyEventFilter.<init>(String, String, PatternMatcher)",org.apache.ivy.core.event.IvyEventFilter.parseExpression(String),7
org.apache.ivy.core.event.IvyEventFilter.parseExpression(String),org.apache.ivy.plugins.matcher.AbstractPatternMatcher.getMatcher(String),5
org.apache.ivy.plugins.matcher.AbstractPatternMatcher.getMatcher(String),org.apache.ivy.plugins.matcher.ExactPatternMatcher.newMatcher(String),1558
"org.apache.ivy.core.event.IvyEventFilter.<init>(String, String, PatternMatcher)",org.apache.ivy.plugins.matcher.AbstractPatternMatcher.getMatcher(String),13
org.apache.ivy.plugins.trigger.AbstractTrigger.createFilter(),org.apache.ivy.plugins.trigger.AbstractTrigger.getPatternMatcher(),21
org.apache.ivy.plugins.trigger.AbstractTrigger.getPatternMatcher(),org.apache.ivy.core.IvyContext.getContext(),21
org.apache.ivy.plugins.trigger.AbstractTrigger.getPatternMatcher(),org.apache.ivy.core.IvyContext.getSettings(),21
org.apache.ivy.plugins.trigger.AbstractTrigger.getPatternMatcher(),org.apache.ivy.core.settings.IvySettings.getMatcher(String),21
org.apache.ivy.Ivy.postConfigure(),"org.apache.ivy.core.event.EventManager.addIvyListener(IvyListener, Filter)",3
"org.apache.ivy.core.event.EventManager.addIvyListener(IvyListener, Filter)","org.apache.ivy.core.event.FilteredIvyListener.<init>(IvyListener, Filter)",7
org.apache.ivy.util.Message.showInfo(),org.apache.ivy.util.Message.info(String),2
org.apache.ivy.ant.IvyConfigure.execute(),org.apache.ivy.ant.IvyAntSettings.setProject(Project),25
org.apache.ivy.ant.IvyConfigure.<init>(),org.apache.ivy.ant.IvyAntSettings.<init>(),53
org.apache.ivy.ant.IvyPublish.<init>(),org.apache.ivy.ant.IvyTask.<init>(),105
org.apache.ivy.ant.AntBuildTrigger.progress(IvyEvent),org.apache.ivy.ant.AntBuildTrigger.getBuildFile(IvyEvent),2
org.apache.ivy.ant.AntBuildTrigger.getBuildFile(IvyEvent),org.apache.ivy.core.settings.IvySettings.resolveFile(String),1
org.apache.ivy.ant.AntBuildTrigger.getBuildFile(IvyEvent),"org.apache.ivy.core.IvyPatternHelper.substituteTokens(String, Map)",1
org.apache.ivy.ant.AntBuildTrigger.getBuildFile(IvyEvent),org.apache.ivy.core.event.IvyEvent.getAttributes(),1
org.apache.ivy.ant.AntBuildTrigger.getBuildFile(IvyEvent),org.apache.ivy.core.IvyContext.getContext(),2
org.apache.ivy.ant.AntBuildTrigger.getBuildFile(IvyEvent),org.apache.ivy.core.IvyContext.getSettings(),2
org.apache.ivy.core.event.IvyEvent.toString(),org.apache.ivy.core.event.IvyEvent.getAttributes(),5
org.apache.ivy.ant.AntBuildTrigger.progress(IvyEvent),org.apache.ivy.core.event.IvyEvent.getAttributes(),1
org.apache.ivy.ant.AntBuildTrigger.progress(IvyEvent),org.apache.ivy.core.IvyContext.peekInContextStack(String),1
org.apache.ivy.core.IvyContext.peekInContextStack(String),org.apache.ivy.core.IvyContext.peek(String),4
org.apache.ivy.core.IvyContext.peekInContextStack(String),org.apache.ivy.core.IvyContext.getCurrentStack(),4
org.apache.ivy.ant.AntBuildTrigger.progress(IvyEvent),org.apache.ivy.util.Message.verbose(String),1
org.apache.ivy.ant.AntBuildTrigger.progress(IvyEvent),org.apache.ivy.util.Message.debug(String),1
org.apache.ivy.ant.AntBuildTrigger.progress(IvyEvent),org.apache.ivy.ant.AntBuildTrigger.isBuilt(File),1
org.apache.ivy.ant.AntBuildTrigger.progress(IvyEvent),org.apache.ivy.ant.AntBuildTrigger.markBuilt(File),1
"org.apache.ivy.core.resolve.IvyNode.loadData(String, IvyNode, String, String, boolean, IvyNodeUsage)","org.apache.ivy.plugins.resolver.BasicResolver.getDependency(DependencyDescriptor, ResolveData)",64
"org.apache.ivy.plugins.resolver.BasicResolver.check(Resource, File, String)","org.apache.ivy.plugins.resolver.RepositoryResolver.get(Resource, File)",17
"org.apache.ivy.plugins.resolver.BasicResolver.check(Resource, File, String)","org.apache.ivy.util.ChecksumHelper.check(File, File, String)",14
"org.apache.ivy.util.ChecksumHelper.check(File, File, String)","org.apache.ivy.util.ChecksumHelper.computeAsString(File, String)",14
"org.apache.ivy.util.ChecksumHelper.check(File, File, String)",org.apache.ivy.util.FileUtil.readEntirely(BufferedReader),14
"org.apache.ivy.plugins.resolver.BasicResolver.check(Resource, File, String)",org.apache.ivy.util.Message.debug(String),17
"org.apache.ivy.plugins.resolver.BasicResolver.check(Resource, File, String)",org.apache.ivy.util.Message.verbose(String),14
org.apache.ivy.core.settings.IvySettings.getVariable(String),org.apache.ivy.core.settings.IvyVariableContainerImpl.getVariable(String),7338
"org.apache.ivy.plugins.resolver.BasicResolver.parse(ResolvedResource, DependencyDescriptor, ResolveData)","org.apache.ivy.core.module.id.ModuleRevisionId.newInstance(ModuleRevisionId, String)",14
"org.apache.ivy.plugins.resolver.BasicResolver.parse(ResolvedResource, DependencyDescriptor, ResolveData)",org.apache.ivy.core.resolve.ResolveData.getNode(ModuleRevisionId),14
"org.apache.ivy.core.cache.DefaultRepositoryCacheManager.doFindModuleInCache(ModuleRevisionId, CacheMetadataOptions, String)","org.apache.ivy.core.cache.DefaultRepositoryCacheManager.getResolvedRevision(ModuleRevisionId, CacheMetadataOptions)",143
"org.apache.ivy.core.cache.DefaultRepositoryCacheManager.getResolvedRevision(ModuleRevisionId, CacheMetadataOptions)",org.apache.ivy.core.cache.DefaultRepositoryCacheManager.getCachedDataFile(ModuleRevisionId),143
"org.apache.ivy.core.cache.DefaultRepositoryCacheManager.getResolvedRevision(ModuleRevisionId, CacheMetadataOptions)",org.apache.ivy.core.cache.DefaultRepositoryCacheManager.lockMetadataArtifact(ModuleRevisionId),143
"org.apache.ivy.core.cache.DefaultRepositoryCacheManager.getResolvedRevision(ModuleRevisionId, CacheMetadataOptions)",org.apache.ivy.core.cache.DefaultRepositoryCacheManager.unlockMetadataArtifact(ModuleRevisionId),143
"org.apache.ivy.core.cache.DefaultRepositoryCacheManager.getResolvedRevision(ModuleRevisionId, CacheMetadataOptions)",org.apache.ivy.util.Message.verbose(String),105
"org.apache.ivy.plugins.resolver.RepositoryResolver.findResourceUsingPattern(ModuleRevisionId, String, Artifact, ResourceMDParser, Date)","org.apache.ivy.plugins.resolver.RepositoryResolver.findDynamicResourceUsingPattern(ResourceMDParser, ModuleRevisionId, String, Artifact, Date)",120
"org.apache.ivy.plugins.resolver.RepositoryResolver.findDynamicResourceUsingPattern(ResourceMDParser, ModuleRevisionId, String, Artifact, Date)","org.apache.ivy.plugins.resolver.RepositoryResolver.listResources(Repository, ModuleRevisionId, String, Artifact)",120
"org.apache.ivy.plugins.resolver.RepositoryResolver.listResources(Repository, ModuleRevisionId, String, Artifact)","org.apache.ivy.plugins.resolver.util.ResolverHelper.findAll(Repository, ModuleRevisionId, String, Artifact)",123
"org.apache.ivy.plugins.resolver.util.ResolverHelper.findAll(Repository, ModuleRevisionId, String, Artifact)","org.apache.ivy.plugins.resolver.util.ResolverHelper.listTokenValues(Repository, String, String)",124
"org.apache.ivy.plugins.resolver.util.ResolverHelper.listTokenValues(Repository, String, String)",org.apache.ivy.plugins.repository.file.FileRepository.standardize(String),395
"org.apache.ivy.plugins.resolver.util.ResolverHelper.listTokenValues(Repository, String, String)",org.apache.ivy.util.Message.verbose(String),19
"org.apache.ivy.plugins.resolver.util.ResolverHelper.listTokenValues(Repository, String, String)",org.apache.ivy.core.IvyPatternHelper.getTokenString(String),407
"org.apache.ivy.plugins.resolver.util.ResolverHelper.findAll(Repository, ModuleRevisionId, String, Artifact)","org.apache.ivy.core.IvyPatternHelper.substitute(String, ModuleRevisionId, Artifact)",125
"org.apache.ivy.plugins.resolver.util.ResolverHelper.findAll(Repository, ModuleRevisionId, String, Artifact)",org.apache.ivy.plugins.repository.file.FileRepository.getResource(String),233
"org.apache.ivy.plugins.resolver.util.ResolverHelper.findAll(Repository, ModuleRevisionId, String, Artifact)","org.apache.ivy.core.module.id.ModuleRevisionId.newInstance(ModuleRevisionId, String)",127
org.apache.ivy.core.module.id.ModuleRevisionId.normalizeRevision(String),org.apache.ivy.core.IvyPatternHelper.getTokenString(String),246
"org.apache.ivy.plugins.resolver.util.ResolverHelper.findAll(Repository, ModuleRevisionId, String, Artifact)",org.apache.ivy.plugins.repository.file.FileResource.exists(),1
"org.apache.ivy.plugins.resolver.util.ResolverHelper.findAll(Repository, ModuleRevisionId, String, Artifact)",org.apache.ivy.util.Message.debug(String),181
"org.apache.ivy.plugins.resolver.util.ResolverHelper.findAll(Repository, ModuleRevisionId, String, Artifact)",org.apache.ivy.core.IvyPatternHelper.getTokenString(String),127
"org.apache.ivy.plugins.resolver.util.ResolverHelper.findAll(Repository, ModuleRevisionId, String, Artifact)","org.apache.ivy.plugins.resolver.util.ResolvedResource.<init>(Resource, String)",233
"org.apache.ivy.plugins.resolver.util.ResolverHelper.findAll(Repository, ModuleRevisionId, String, Artifact)",org.apache.ivy.plugins.repository.file.FileResource.getName(),1
"org.apache.ivy.plugins.resolver.RepositoryResolver.findDynamicResourceUsingPattern(ResourceMDParser, ModuleRevisionId, String, Artifact, Date)","org.apache.ivy.plugins.resolver.AbstractPatternsBasedResolver.findResource(ResolvedResource[], ResourceMDParser, ModuleRevisionId, Date)",53
"org.apache.ivy.plugins.resolver.AbstractPatternsBasedResolver.findResource(ResolvedResource[], ResourceMDParser, ModuleRevisionId, Date)","org.apache.ivy.plugins.resolver.BasicResolver.findResource(ResolvedResource[], ResourceMDParser, ModuleRevisionId, Date)",54
"org.apache.ivy.plugins.resolver.BasicResolver.findResource(ResolvedResource[], ResourceMDParser, ModuleRevisionId, Date)",org.apache.ivy.plugins.resolver.FileSystemResolver.filterNames(Collection),66
org.apache.ivy.plugins.resolver.FileSystemResolver.filterNames(Collection),org.apache.ivy.plugins.resolver.FileSystemResolver.supportTransaction(),247
org.apache.ivy.plugins.resolver.FileSystemResolver.filterNames(Collection),org.apache.ivy.plugins.resolver.BasicResolver.filterNames(Collection),247
org.apache.ivy.plugins.resolver.BasicResolver.filterNames(Collection),org.apache.ivy.core.settings.IvySettings.filterIgnore(Collection),259
"org.apache.ivy.plugins.resolver.BasicResolver.findResource(ResolvedResource[], ResourceMDParser, ModuleRevisionId, Date)","org.apache.ivy.core.resolve.ResolveData.isBlacklisted(String, ModuleRevisionId)",99
"org.apache.ivy.core.resolve.ResolveData.isBlacklisted(String, ModuleRevisionId)",org.apache.ivy.core.resolve.ResolveData.getNode(ModuleRevisionId),149
"org.apache.ivy.plugins.resolver.BasicResolver.findResource(ResolvedResource[], ResourceMDParser, ModuleRevisionId, Date)","org.apache.ivy.plugins.version.ChainVersionMatcher.needModuleDescriptor(ModuleRevisionId, ModuleRevisionId)",89
"org.apache.ivy.plugins.version.ChainVersionMatcher.needModuleDescriptor(ModuleRevisionId, ModuleRevisionId)","org.apache.ivy.plugins.version.LatestVersionMatcher.needModuleDescriptor(ModuleRevisionId, ModuleRevisionId)",48
"org.apache.ivy.plugins.version.LatestVersionMatcher.needModuleDescriptor(ModuleRevisionId, ModuleRevisionId)",org.apache.ivy.core.module.status.StatusManager.getCurrent(),53
"org.apache.ivy.plugins.version.ChainVersionMatcher.needModuleDescriptor(ModuleRevisionId, ModuleRevisionId)",org.apache.ivy.plugins.version.VersionRangeMatcher.isDynamic(ModuleRevisionId),97
"org.apache.ivy.plugins.version.ChainVersionMatcher.needModuleDescriptor(ModuleRevisionId, ModuleRevisionId)",org.apache.ivy.plugins.version.LatestVersionMatcher.isDynamic(ModuleRevisionId),68
"org.apache.ivy.plugins.version.ChainVersionMatcher.needModuleDescriptor(ModuleRevisionId, ModuleRevisionId)",org.apache.ivy.plugins.version.SubVersionMatcher.isDynamic(ModuleRevisionId),77
"org.apache.ivy.plugins.version.ChainVersionMatcher.needModuleDescriptor(ModuleRevisionId, ModuleRevisionId)","org.apache.ivy.util.Checks.checkNotNull(Object, String)",201
"org.apache.ivy.plugins.resolver.BasicResolver.findResource(ResolvedResource[], ResourceMDParser, ModuleRevisionId, Date)",org.apache.ivy.plugins.repository.file.FileResource.exists(),53
"org.apache.ivy.plugins.resolver.BasicResolver.findResource(ResolvedResource[], ResourceMDParser, ModuleRevisionId, Date)","org.apache.ivy.core.module.id.ModuleRevisionId.newInstance(ModuleRevisionId, String)",110
"org.apache.ivy.plugins.resolver.BasicResolver.findResource(ResolvedResource[], ResourceMDParser, ModuleRevisionId, Date)",org.apache.ivy.plugins.latest.ComparatorLatestStrategy.sort(ArtifactInfo[]),93
"org.apache.ivy.plugins.resolver.BasicResolver.findResource(ResolvedResource[], ResourceMDParser, ModuleRevisionId, Date)","org.apache.ivy.plugins.version.ChainVersionMatcher.accept(ModuleRevisionId, ModuleRevisionId)",110
"org.apache.ivy.plugins.version.ChainVersionMatcher.accept(ModuleRevisionId, ModuleRevisionId)",org.apache.ivy.plugins.version.VersionRangeMatcher.isDynamic(ModuleRevisionId),130
"org.apache.ivy.plugins.version.ChainVersionMatcher.accept(ModuleRevisionId, ModuleRevisionId)",org.apache.ivy.plugins.version.LatestVersionMatcher.isDynamic(ModuleRevisionId),76
"org.apache.ivy.plugins.version.ChainVersionMatcher.accept(ModuleRevisionId, ModuleRevisionId)",org.apache.ivy.plugins.version.SubVersionMatcher.isDynamic(ModuleRevisionId),110
"org.apache.ivy.plugins.version.ChainVersionMatcher.accept(ModuleRevisionId, ModuleRevisionId)","org.apache.ivy.util.Checks.checkNotNull(Object, String)",265
"org.apache.ivy.plugins.resolver.BasicResolver.findResource(ResolvedResource[], ResourceMDParser, ModuleRevisionId, Date)",org.apache.ivy.core.IvyContext.getContext(),93
"org.apache.ivy.plugins.resolver.BasicResolver.findResource(ResolvedResource[], ResourceMDParser, ModuleRevisionId, Date)",org.apache.ivy.core.settings.IvySettings.getVersionMatcher(),93
"org.apache.ivy.plugins.resolver.BasicResolver.findResource(ResolvedResource[], ResourceMDParser, ModuleRevisionId, Date)",org.apache.ivy.plugins.resolver.AbstractResolver.getLatestStrategy(),93
"org.apache.ivy.plugins.resolver.RepositoryResolver.findDynamicResourceUsingPattern(ResourceMDParser, ModuleRevisionId, String, Artifact, Date)","org.apache.ivy.core.IvyPatternHelper.substitute(String, ModuleRevisionId, Artifact)",120
"org.apache.ivy.plugins.resolver.RepositoryResolver.findDynamicResourceUsingPattern(ResourceMDParser, ModuleRevisionId, String, Artifact, Date)","org.apache.ivy.core.module.id.ModuleRevisionId.newInstance(ModuleRevisionId, String)",120
"org.apache.ivy.plugins.resolver.RepositoryResolver.findDynamicResourceUsingPattern(ResourceMDParser, ModuleRevisionId, String, Artifact, Date)",org.apache.ivy.plugins.resolver.BasicResolver.logAttempt(String),120
"org.apache.ivy.plugins.resolver.RepositoryResolver.findDynamicResourceUsingPattern(ResourceMDParser, ModuleRevisionId, String, Artifact, Date)",org.apache.ivy.core.IvyPatternHelper.getTokenString(String),120
"org.apache.ivy.plugins.resolver.RepositoryResolver.findResourceUsingPattern(ModuleRevisionId, String, Artifact, ResourceMDParser, Date)",org.apache.ivy.plugins.resolver.RepositoryResolver.isAlwaysCheckExactRevision(),120
"org.apache.ivy.plugins.resolver.AbstractResolver.saveModuleRevisionIfNeeded(DependencyDescriptor, ResolvedModuleRevision)","org.apache.ivy.core.cache.DefaultRepositoryCacheManager.saveResolvedRevision(ModuleRevisionId, String)",66
"org.apache.ivy.core.cache.DefaultRepositoryCacheManager.saveResolvedRevision(ModuleRevisionId, String)",org.apache.ivy.util.PropertiesFile.save(),66
"org.apache.ivy.core.cache.DefaultRepositoryCacheManager.saveResolvedRevision(ModuleRevisionId, String)",org.apache.ivy.core.cache.DefaultRepositoryCacheManager.unlockMetadataArtifact(ModuleRevisionId),66
"org.apache.ivy.core.cache.DefaultRepositoryCacheManager.saveResolvedRevision(ModuleRevisionId, String)",org.apache.ivy.core.cache.DefaultRepositoryCacheManager.lockMetadataArtifact(ModuleRevisionId),67
"org.apache.ivy.core.cache.DefaultRepositoryCacheManager.saveResolvedRevision(ModuleRevisionId, String)",org.apache.ivy.core.cache.DefaultRepositoryCacheManager.getCachedDataFile(ModuleRevisionId),66
"org.apache.ivy.plugins.resolver.AbstractResolver.saveModuleRevisionIfNeeded(DependencyDescriptor, ResolvedModuleRevision)",org.apache.ivy.core.resolve.ResolvedModuleRevision.getId(),66
"org.apache.ivy.plugins.resolver.AbstractResolver.saveModuleRevisionIfNeeded(DependencyDescriptor, ResolvedModuleRevision)",org.apache.ivy.plugins.resolver.AbstractResolver.getRepositoryCacheManager(),66
"org.apache.ivy.plugins.version.ChainVersionMatcher.accept(ModuleRevisionId, ModuleDescriptor)","org.apache.ivy.plugins.version.LatestVersionMatcher.accept(ModuleRevisionId, ModuleDescriptor)",50
"org.apache.ivy.plugins.version.LatestVersionMatcher.accept(ModuleRevisionId, ModuleDescriptor)",org.apache.ivy.core.module.status.StatusManager.getCurrent(),104
"org.apache.ivy.plugins.version.LatestVersionMatcher.accept(ModuleRevisionId, ModuleDescriptor)",org.apache.ivy.core.module.status.StatusManager.getPriority(String),104
"org.apache.ivy.plugins.resolver.BasicResolver.resolveAndCheckRevision(ModuleDescriptor, ModuleRevisionId, ResolvedResource, boolean)",org.apache.ivy.util.Message.verbose(String),66
"org.apache.ivy.plugins.resolver.BasicResolver.resolveAndCheckRevision(ModuleDescriptor, ModuleRevisionId, ResolvedResource, boolean)",org.apache.ivy.plugins.resolver.AbstractResolver.toSystem(ModuleRevisionId),66
org.apache.ivy.plugins.resolver.AbstractResolver.toSystem(ModuleRevisionId),org.apache.ivy.plugins.resolver.AbstractResolver.getNamespace(),69
org.apache.ivy.util.AbstractMessageLogger.info(String),"org.apache.ivy.util.DefaultMessageLogger.log(String, int)",1076
"org.apache.ivy.core.resolve.IvyNode.loadData(String, IvyNode, String, String, boolean, IvyNodeUsage)",org.apache.ivy.core.resolve.ResolveData.getNode(ModuleRevisionId),60
"org.apache.ivy.core.resolve.IvyNode.loadData(String, IvyNode, String, String, boolean, IvyNodeUsage)",org.apache.ivy.core.settings.IvySettings.logResolvedRevision(),58
org.apache.ivy.core.settings.IvySettings.logResolvedRevision(),org.apache.ivy.core.settings.IvySettings.getVariable(String),66
"org.apache.ivy.core.resolve.VisitNode.loadData(String, boolean)","org.apache.ivy.core.resolve.ResolveData.register(ModuleRevisionId, VisitNode)",101
org.apache.ivy.util.AbstractMessageLogger.endProgress(String),org.apache.ivy.util.DefaultMessageLogger.doEndProgress(String),5
org.apache.ivy.util.AbstractMessageLogger.progress(),org.apache.ivy.util.DefaultMessageLogger.doProgress(),9
org.apache.ivy.util.AbstractMessageLogger.rawinfo(String),"org.apache.ivy.util.DefaultMessageLogger.rawlog(String, int)",27
"org.apache.ivy.util.DefaultMessageLogger.rawlog(String, int)","org.apache.ivy.util.DefaultMessageLogger.log(String, int)",29
"org.apache.ivy.util.XMLHelper.parse(InputSource, URL, DefaultHandler, LexicalHandler)",org.apache.ivy.util.url.BasicURLHandler.openStream(URL),40
"org.apache.ivy.util.XMLHelper.parse(URL, URL, DefaultHandler, LexicalHandler)",org.apache.ivy.util.url.BasicURLHandler.openStream(URL),65
org.apache.ivy.plugins.repository.url.URLResource.init(),org.apache.ivy.util.url.BasicURLHandler.getURLInfo(URL),251
org.apache.ivy.plugins.parser.xml.XmlModuleDescriptorParser.<init>(),org.apache.ivy.plugins.parser.AbstractModuleDescriptorParser.<init>(),43
org.apache.ivy.plugins.parser.ModuleDescriptorParserRegistry.<init>(),org.apache.ivy.plugins.parser.AbstractModuleDescriptorParser.<init>(),13
org.apache.ivy.core.resolve.ResolveEngine.resolve(URL),org.apache.ivy.core.resolve.ResolveOptions.<init>(),16
org.apache.ivy.Ivy.resolve(File),org.apache.ivy.Ivy.pushContext(),2
org.apache.ivy.Ivy.resolve(File),org.apache.ivy.Ivy.popContext(),2
org.apache.ivy.ant.AntBuildTriggerTest.test(),org.apache.ivy.Ivy.configure(File),1
org.apache.ivy.util.AbstractMessageLogger.deprecated(String),"org.apache.ivy.util.DefaultMessageLogger.log(String, int)",20
"org.apache.ivy.core.settings.IvySettings.setVariable(String, String, boolean)","org.apache.ivy.core.settings.IvyVariableContainerImpl.setVariable(String, String, boolean)",118833
"org.apache.ivy.core.IvyPatternHelper.substituteVariables(String, IvyVariableContainer, Stack)",org.apache.ivy.core.settings.IvyVariableContainerImpl.getVariable(String),11972
org.apache.ivy.core.settings.XmlSettingsParser.doParse(URL),org.apache.ivy.util.url.BasicURLHandler.openStream(URL),4500
org.apache.ivy.Ivy.assertBound(),org.apache.ivy.Ivy.bind(),9
org.apache.ivy.Ivy.bind(),org.apache.ivy.core.settings.IvySettings.<init>(),901
org.apache.ivy.core.settings.IvySettings.<init>(),org.apache.ivy.core.settings.IvySettings.<init>(IvyVariableContainer),1445
org.apache.ivy.plugins.circular.WarnCircularDependencyStrategy.<init>(),org.apache.ivy.plugins.circular.AbstractLogCircularDependencyStrategy.<init>(String),15
org.apache.ivy.plugins.circular.AbstractLogCircularDependencyStrategy.<init>(String),org.apache.ivy.plugins.circular.AbstractCircularDependencyStrategy.<init>(String),30
org.apache.ivy.plugins.circular.IgnoreCircularDependencyStrategy.<init>(),org.apache.ivy.plugins.circular.AbstractLogCircularDependencyStrategy.<init>(String),15
org.apache.ivy.plugins.circular.ErrorCircularDependencyStrategy.<init>(),org.apache.ivy.plugins.circular.AbstractCircularDependencyStrategy.<init>(String),15
org.apache.ivy.util.DefaultMessageLogger.<init>(int),org.apache.ivy.util.AbstractMessageLogger.<init>(),73
org.apache.ivy.plugins.matcher.GlobPatternMatcher.<init>(),org.apache.ivy.plugins.matcher.AbstractPatternMatcher.<init>(String),31
org.apache.ivy.plugins.matcher.ExactOrRegexpPatternMatcher.<init>(),org.apache.ivy.plugins.matcher.AbstractPatternMatcher.<init>(String),49
org.apache.ivy.plugins.matcher.ExactPatternMatcher.<init>(),org.apache.ivy.plugins.matcher.AbstractPatternMatcher.<init>(String),40
org.apache.ivy.plugins.matcher.RegexpPatternMatcher.<init>(),org.apache.ivy.plugins.matcher.AbstractPatternMatcher.<init>(String),38
org.apache.ivy.core.settings.IvySettings.<init>(),org.apache.ivy.core.settings.IvyVariableContainerImpl.<init>(),1445
org.apache.ivy.core.IvyContext.getContext(),org.apache.ivy.core.IvyContext.<init>(),1788
org.apache.ivy.ant.AntBuildTriggerTest.test(),org.apache.ivy.Ivy.<init>(),1
org.apache.ivy.ant.AntBuildTriggerTest.test(),org.apache.ivy.core.report.ResolveReport.hasError(),1
org.apache.ivy.ant.IvyRetrieveTest.testCustomIvyPattern(),org.apache.ivy.ant.IvyTask.execute(),1
org.apache.ivy.ant.IvyTask.execute(),org.apache.ivy.ant.IvyRetrieve.doExecute(),24
org.apache.ivy.ant.IvyRetrieve.doExecute(),org.apache.ivy.ant.IvyPostResolveTask.prepareAndCheck(),25
"org.apache.ivy.core.resolve.IvyNode.loadData(String, IvyNode, String, String, boolean, IvyNodeUsage)",org.apache.ivy.core.resolve.IvyNode.isRootModuleConfLoaded(String),228
"org.apache.ivy.core.resolve.ResolveEngine.fetchDependencies(VisitNode, String, boolean)",org.apache.ivy.core.resolve.VisitNode.hasProblem(),385
"org.apache.ivy.core.module.descriptor.DefaultDependencyArtifactDescriptor.<init>(DependencyDescriptor, String, String, String, URL, Map)",org.apache.ivy.core.module.descriptor.DefaultDependencyArtifactDescriptor.initStandardAttributes(),20
org.apache.ivy.core.module.descriptor.DefaultDependencyArtifactDescriptor.initStandardAttributes(),"org.apache.ivy.util.extendable.UnmodifiableExtendableItem.setStandardAttribute(String, String)",80
"org.apache.ivy.core.module.descriptor.DefaultDependencyArtifactDescriptor.<init>(DependencyDescriptor, String, String, String, URL, Map)","org.apache.ivy.util.extendable.UnmodifiableExtendableItem.<init>(Map, Map)",26
"org.apache.ivy.core.module.descriptor.DefaultDependencyArtifactDescriptor.<init>(DependencyDescriptor, String, String, String, URL, Map)","org.apache.ivy.util.Checks.checkNotNull(Object, String)",86
"org.apache.ivy.core.module.descriptor.DefaultDependencyDescriptor.addDependencyArtifact(String, DependencyArtifactDescriptor)","org.apache.ivy.core.module.descriptor.DefaultDependencyDescriptor.addObjectToConfiguration(String, Object, Map)",6
"org.apache.ivy.core.module.descriptor.DefaultDependencyDescriptor.addDependencyArtifact(String, DependencyArtifactDescriptor)",org.apache.ivy.core.module.descriptor.DefaultDependencyDescriptor.getDependencyArtifacts(),6
org.apache.ivy.core.resolve.IvyNode.getArtifacts(String),"org.apache.ivy.core.resolve.IvyNode.addArtifactsFromOwnUsage(Set, Set)",12
"org.apache.ivy.core.resolve.IvyNode.addArtifactsFromOwnUsage(Set, Set)","org.apache.ivy.core.module.descriptor.MDArtifact.<init>(ModuleDescriptor, String, String, String, URL, Map)",6
org.apache.ivy.core.resolve.IvyNode.getArtifacts(String),org.apache.ivy.core.module.descriptor.MDArtifact.getId(),24
org.apache.ivy.core.resolve.IvyNode.getArtifacts(String),"org.apache.ivy.core.resolve.IvyNode.addArtifactsFromMergedUsage(String, Set)",12
org.apache.ivy.ant.IvyResolve.doExecute(),"org.apache.ivy.ant.IvyTask.getProperty(IvySettings, String)",70
org.apache.ivy.ant.IvyRetrieve.doExecute(),"org.apache.ivy.Ivy.retrieve(ModuleRevisionId, RetrieveOptions)",23
"org.apache.ivy.Ivy.retrieve(ModuleRevisionId, RetrieveOptions)","org.apache.ivy.core.retrieve.RetrieveEngine.retrieve(ModuleRevisionId, RetrieveOptions)",24
"org.apache.ivy.core.retrieve.RetrieveEngine.retrieve(ModuleRevisionId, RetrieveOptions)","org.apache.ivy.core.retrieve.RetrieveEngine.determineArtifactsToCopy(ModuleRevisionId, String, RetrieveOptions)",26
"org.apache.ivy.core.retrieve.RetrieveEngine.determineArtifactsToCopy(ModuleRevisionId, String, RetrieveOptions)",org.apache.ivy.plugins.report.XmlReportParser.parse(File),34
"org.apache.ivy.core.retrieve.RetrieveEngine.determineArtifactsToCopy(ModuleRevisionId, String, RetrieveOptions)",org.apache.ivy.core.settings.IvySettings.resolveFile(String),54
"org.apache.ivy.core.retrieve.RetrieveEngine.determineArtifactsToCopy(ModuleRevisionId, String, RetrieveOptions)","org.apache.ivy.core.IvyPatternHelper.substitute(String, ModuleRevisionId, Artifact, String, ArtifactOrigin)",54
org.apache.ivy.core.module.descriptor.AbstractArtifact.hashCode(),org.apache.ivy.core.module.descriptor.DefaultArtifact.getExt(),2522
org.apache.ivy.core.module.descriptor.AbstractArtifact.hashCode(),org.apache.ivy.core.module.descriptor.DefaultArtifact.getName(),2522
org.apache.ivy.core.module.descriptor.AbstractArtifact.hashCode(),org.apache.ivy.core.module.descriptor.DefaultArtifact.getType(),2522
org.apache.ivy.core.module.descriptor.AbstractArtifact.hashCode(),org.apache.ivy.core.module.descriptor.DefaultArtifact.getModuleRevisionId(),2522
"org.apache.ivy.core.retrieve.RetrieveEngine.determineArtifactsToCopy(ModuleRevisionId, String, RetrieveOptions)","org.apache.ivy.core.IvyPatternHelper.substituteVariables(String, IvyVariableContainer)",28
"org.apache.ivy.core.retrieve.RetrieveEngine.determineArtifactsToCopy(ModuleRevisionId, String, RetrieveOptions)","org.apache.ivy.core.cache.DefaultResolutionCacheManager.getConfigurationResolveReportInCache(String, String)",34
"org.apache.ivy.core.retrieve.RetrieveEngine.determineArtifactsToCopy(ModuleRevisionId, String, RetrieveOptions)",org.apache.ivy.plugins.report.XmlReportParser.getMetadataArtifactReport(ModuleRevisionId),10
"org.apache.ivy.core.retrieve.RetrieveEngine.determineArtifactsToCopy(ModuleRevisionId, String, RetrieveOptions)",org.apache.ivy.core.resolve.ResolveOptions.getDefaultResolveId(ModuleId),28
"org.apache.ivy.core.retrieve.RetrieveEngine.determineArtifactsToCopy(ModuleRevisionId, String, RetrieveOptions)",org.apache.ivy.plugins.report.XmlReportParser.getArtifactReports(),30
"org.apache.ivy.core.retrieve.RetrieveEngine.determineArtifactsToCopy(ModuleRevisionId, String, RetrieveOptions)",org.apache.ivy.core.report.ArtifactDownloadReport.getType(),108
org.apache.ivy.core.report.ArtifactDownloadReport.getType(),org.apache.ivy.core.module.descriptor.DefaultArtifact.getType(),169
"org.apache.ivy.core.retrieve.RetrieveEngine.determineArtifactsToCopy(ModuleRevisionId, String, RetrieveOptions)",org.apache.ivy.plugins.report.XmlReportParser.getRealDependencyRevisionIds(),6
"org.apache.ivy.core.retrieve.RetrieveEngine.determineArtifactsToCopy(ModuleRevisionId, String, RetrieveOptions)",org.apache.ivy.core.retrieve.RetrieveEngine.getCache(),29
org.apache.ivy.core.retrieve.RetrieveEngine.getCache(),org.apache.ivy.core.settings.IvySettings.getResolutionCacheManager(),31
"org.apache.ivy.core.retrieve.RetrieveEngine.determineArtifactsToCopy(ModuleRevisionId, String, RetrieveOptions)",org.apache.ivy.core.module.descriptor.DefaultArtifact.getModuleRevisionId(),54
"org.apache.ivy.core.retrieve.RetrieveEngine.determineArtifactsToCopy(ModuleRevisionId, String, RetrieveOptions)","org.apache.ivy.core.retrieve.RetrieveEngine.getConfs(ModuleRevisionId, RetrieveOptions)",29
"org.apache.ivy.core.retrieve.RetrieveEngine.determineArtifactsToCopy(ModuleRevisionId, String, RetrieveOptions)",org.apache.ivy.plugins.report.XmlReportParser.<init>(),28
"org.apache.ivy.core.retrieve.RetrieveEngine.retrieve(ModuleRevisionId, RetrieveOptions)","org.apache.ivy.util.FileUtil.copy(File, File, CopyProgressListener, boolean)",51
"org.apache.ivy.core.retrieve.RetrieveEngine.retrieve(ModuleRevisionId, RetrieveOptions)",org.apache.ivy.core.settings.IvySettings.resolveFile(String),80
"org.apache.ivy.core.retrieve.RetrieveEngine.retrieve(ModuleRevisionId, RetrieveOptions)","org.apache.ivy.core.retrieve.RetrieveReport.addCopiedFile(File, ArtifactDownloadReport)",51
"org.apache.ivy.core.retrieve.RetrieveEngine.retrieve(ModuleRevisionId, RetrieveOptions)","org.apache.ivy.core.event.retrieve.EndRetrieveArtifactEvent.<init>(ArtifactDownloadReport, File)",51
"org.apache.ivy.core.event.retrieve.EndRetrieveArtifactEvent.<init>(ArtifactDownloadReport, File)","org.apache.ivy.core.event.retrieve.RetrieveArtifactEvent.<init>(String, ArtifactDownloadReport, File)",52
"org.apache.ivy.core.event.retrieve.RetrieveArtifactEvent.<init>(String, ArtifactDownloadReport, File)",org.apache.ivy.core.event.retrieve.RetrieveArtifactEvent.addArtifactAttributes(Artifact),103
org.apache.ivy.core.event.retrieve.RetrieveArtifactEvent.addArtifactAttributes(Artifact),org.apache.ivy.core.event.IvyEvent.addAttributes(Map),103
org.apache.ivy.core.event.retrieve.RetrieveArtifactEvent.addArtifactAttributes(Artifact),org.apache.ivy.core.event.IvyEvent.addMridAttributes(ModuleRevisionId),103
org.apache.ivy.core.event.retrieve.RetrieveArtifactEvent.addArtifactAttributes(Artifact),"org.apache.ivy.core.event.IvyEvent.addAttribute(String, String)",103
org.apache.ivy.core.event.retrieve.RetrieveArtifactEvent.addArtifactAttributes(Artifact),org.apache.ivy.core.module.descriptor.AbstractArtifact.getAttributes(),103
org.apache.ivy.core.event.retrieve.RetrieveArtifactEvent.addArtifactAttributes(Artifact),org.apache.ivy.core.module.descriptor.DefaultArtifact.getModuleRevisionId(),103
"org.apache.ivy.core.event.retrieve.RetrieveArtifactEvent.<init>(String, ArtifactDownloadReport, File)",org.apache.ivy.core.event.IvyEvent.<init>(String),106
"org.apache.ivy.core.event.retrieve.RetrieveArtifactEvent.<init>(String, ArtifactDownloadReport, File)","org.apache.ivy.core.event.IvyEvent.addAttribute(String, String)",309
"org.apache.ivy.core.retrieve.RetrieveEngine.retrieve(ModuleRevisionId, RetrieveOptions)","org.apache.ivy.core.event.retrieve.StartRetrieveArtifactEvent.<init>(ArtifactDownloadReport, File)",51
"org.apache.ivy.core.event.retrieve.StartRetrieveArtifactEvent.<init>(ArtifactDownloadReport, File)","org.apache.ivy.core.event.retrieve.RetrieveArtifactEvent.<init>(String, ArtifactDownloadReport, File)",52
"org.apache.ivy.core.retrieve.RetrieveEngine.retrieve(ModuleRevisionId, RetrieveOptions)","org.apache.ivy.core.retrieve.RetrieveEngine.upToDate(File, File, RetrieveOptions)",53
"org.apache.ivy.core.retrieve.RetrieveEngine.retrieve(ModuleRevisionId, RetrieveOptions)",org.apache.ivy.util.Message.verbose(String),155
"org.apache.ivy.core.retrieve.RetrieveEngine.retrieve(ModuleRevisionId, RetrieveOptions)","org.apache.ivy.util.FileUtil.getPathFiles(File, File)",53
"org.apache.ivy.core.retrieve.RetrieveEngine.retrieve(ModuleRevisionId, RetrieveOptions)","org.apache.ivy.core.event.retrieve.StartRetrieveEvent.<init>(ModuleRevisionId, String[], RetrieveOptions)",26
"org.apache.ivy.core.event.retrieve.StartRetrieveEvent.<init>(ModuleRevisionId, String[], RetrieveOptions)","org.apache.ivy.core.event.retrieve.RetrieveEvent.<init>(String, ModuleRevisionId, String[], RetrieveOptions)",27
"org.apache.ivy.core.event.retrieve.RetrieveEvent.<init>(String, ModuleRevisionId, String[], RetrieveOptions)",org.apache.ivy.core.event.IvyEvent.addMridAttributes(ModuleRevisionId),52
"org.apache.ivy.core.event.retrieve.RetrieveEvent.<init>(String, ModuleRevisionId, String[], RetrieveOptions)",org.apache.ivy.core.event.IvyEvent.addConfsAttribute(String[]),51
"org.apache.ivy.core.event.retrieve.RetrieveEvent.<init>(String, ModuleRevisionId, String[], RetrieveOptions)",org.apache.ivy.core.event.IvyEvent.<init>(String),52
"org.apache.ivy.core.event.retrieve.RetrieveEvent.<init>(String, ModuleRevisionId, String[], RetrieveOptions)","org.apache.ivy.core.event.IvyEvent.addAttribute(String, String)",98
"org.apache.ivy.core.retrieve.RetrieveEngine.retrieve(ModuleRevisionId, RetrieveOptions)","org.apache.ivy.core.event.retrieve.EndRetrieveEvent.<init>(ModuleRevisionId, String[], long, int, int, long, RetrieveOptions)",23
"org.apache.ivy.core.event.retrieve.EndRetrieveEvent.<init>(ModuleRevisionId, String[], long, int, int, long, RetrieveOptions)","org.apache.ivy.core.event.retrieve.RetrieveEvent.<init>(String, ModuleRevisionId, String[], RetrieveOptions)",24
"org.apache.ivy.core.event.retrieve.EndRetrieveEvent.<init>(ModuleRevisionId, String[], long, int, int, long, RetrieveOptions)","org.apache.ivy.core.event.IvyEvent.addAttribute(String, String)",92
"org.apache.ivy.core.retrieve.RetrieveEngine.retrieve(ModuleRevisionId, RetrieveOptions)","org.apache.ivy.core.IvyPatternHelper.substituteVariables(String, IvyVariableContainer)",54
"org.apache.ivy.core.retrieve.RetrieveEngine.retrieve(ModuleRevisionId, RetrieveOptions)",org.apache.ivy.util.Message.info(String),76
"org.apache.ivy.core.retrieve.RetrieveEngine.retrieve(ModuleRevisionId, RetrieveOptions)",org.apache.ivy.core.IvyContext.checkInterrupted(),53
"org.apache.ivy.core.retrieve.RetrieveEngine.retrieve(ModuleRevisionId, RetrieveOptions)",org.apache.ivy.core.IvyContext.getContext(),53
"org.apache.ivy.core.retrieve.RetrieveEngine.retrieve(ModuleRevisionId, RetrieveOptions)",org.apache.ivy.core.report.ArtifactDownloadReport.getType(),53
"org.apache.ivy.core.retrieve.RetrieveEngine.retrieve(ModuleRevisionId, RetrieveOptions)",org.apache.ivy.core.IvyPatternHelper.getTokenRoot(String),27
"org.apache.ivy.core.retrieve.RetrieveEngine.retrieve(ModuleRevisionId, RetrieveOptions)",org.apache.ivy.core.retrieve.RetrieveReport.<init>(),29
"org.apache.ivy.core.retrieve.RetrieveEngine.retrieve(ModuleRevisionId, RetrieveOptions)","org.apache.ivy.core.retrieve.RetrieveEngine.getConfs(ModuleRevisionId, RetrieveOptions)",27
"org.apache.ivy.core.retrieve.RetrieveEngine.retrieve(ModuleRevisionId, RetrieveOptions)",org.apache.ivy.core.event.EventManager.fireIvyEvent(IvyEvent),151
"org.apache.ivy.core.retrieve.RetrieveEngine.retrieve(ModuleRevisionId, RetrieveOptions)",org.apache.ivy.core.retrieve.RetrieveReport.getNbrArtifactsCopied(),46
"org.apache.ivy.core.retrieve.RetrieveEngine.retrieve(ModuleRevisionId, RetrieveOptions)",org.apache.ivy.core.retrieve.RetrieveReport.getNbrArtifactsUpToDate(),46
"org.apache.ivy.Ivy.retrieve(ModuleRevisionId, RetrieveOptions)",org.apache.ivy.Ivy.pushContext(),24
"org.apache.ivy.Ivy.retrieve(ModuleRevisionId, RetrieveOptions)",org.apache.ivy.Ivy.popContext(),24
org.apache.ivy.ant.IvyRetrieve.doExecute(),"org.apache.ivy.ant.IvyTask.getProperty(String, IvySettings, String)",23
org.apache.ivy.ant.IvyRetrieve.doExecute(),org.apache.ivy.ant.IvyPostResolveTask.getResolvedMrid(),23
org.apache.ivy.ant.IvyPostResolveTask.getResolvedMrid(),"org.apache.ivy.core.module.id.ModuleRevisionId.<init>(ModuleId, String)",24
org.apache.ivy.ant.IvyPostResolveTask.getResolvedMrid(),org.apache.ivy.ant.IvyPostResolveTask.getResolvedModuleId(),25
org.apache.ivy.ant.IvyPostResolveTask.getResolvedModuleId(),"org.apache.ivy.core.module.id.ModuleId.<init>(String, String)",29
org.apache.ivy.ant.IvyRetrieve.doExecute(),org.apache.ivy.ant.IvyTask.getSettings(),23
org.apache.ivy.ant.IvyRetrieve.doExecute(),org.apache.ivy.ant.IvyTask.getIvyInstance(),23
org.apache.ivy.ant.IvyRetrieve.doExecute(),org.apache.ivy.ant.IvyRetrieve.getAllowedLogOptions(),23
org.apache.ivy.ant.IvyRetrieve.doExecute(),org.apache.ivy.ant.IvyTask.splitConfs(String),23
org.apache.ivy.ant.IvyRetrieve.doExecute(),org.apache.ivy.core.retrieve.RetrieveOptions.<init>(),23
org.apache.ivy.core.retrieve.RetrieveOptions.<init>(),org.apache.ivy.core.LogOptions.<init>(),83
org.apache.ivy.ant.IvyRetrieve.doExecute(),org.apache.ivy.core.retrieve.RetrieveReport.getNbrArtifactsCopied(),22
org.apache.ivy.ant.IvyRetrieveTest.testCustomIvyPattern(),"org.apache.ivy.core.IvyPatternHelper.substitute(String, String, String, String, String, String, String)",4
org.apache.ivy.ant.IvyPublishTest.tearDown(),org.apache.ivy.ant.IvyPublishTest.cleanRep(),22
org.apache.ivy.ant.IvyPublishTest.tearDown(),org.apache.ivy.ant.IvyPublishTest.cleanCache(),22
org.apache.ivy.ant.IvyPublishTest.cleanCache(),org.apache.ivy.util.FileUtil.forceDelete(File),22
org.apache.ivy.util.FileUtil.forceDelete(File),org.apache.ivy.util.FileUtil.forceDelete(File),2252
org.apache.ivy.ant.IvyPublishTest.tearDown(),org.apache.ivy.ant.IvyPublishTest.cleanTestDir(),22
org.apache.ivy.ant.IvyPublishTest.cleanTestDir(),org.apache.ivy.util.FileUtil.forceDelete(File),88
org.apache.ivy.ant.IvyReportTest.testSimple(),org.apache.ivy.ant.IvyTask.execute(),2
org.apache.ivy.ant.IvyReportTest.testSimple(),org.apache.ivy.ant.IvyResolve.<init>(),1
org.apache.ivy.ant.IvyInstallTest.testInstallWithNamespace3(),org.apache.ivy.ant.IvyTask.execute(),1
org.apache.ivy.ant.IvyTask.execute(),org.apache.ivy.ant.IvyInstall.doExecute(),15
org.apache.ivy.ant.IvyInstall.doExecute(),"org.apache.ivy.Ivy.install(ModuleRevisionId, String, String, InstallOptions)",15
"org.apache.ivy.Ivy.install(ModuleRevisionId, String, String, InstallOptions)","org.apache.ivy.core.install.InstallEngine.install(ModuleRevisionId, String, String, InstallOptions)",17
"org.apache.ivy.core.install.InstallEngine.install(ModuleRevisionId, String, String, InstallOptions)","org.apache.ivy.core.resolve.ResolveEngine.getDependencies(ModuleDescriptor, ResolveOptions, ResolveReport)",15
"org.apache.ivy.plugins.parser.m2.PomModuleDescriptorParser.parseDescriptor(ParserSettings, URL, boolean)","org.apache.ivy.plugins.parser.m2.PomModuleDescriptorParser.parseDescriptor(ParserSettings, URL, Resource, boolean)",17
"org.apache.ivy.plugins.parser.m2.PomModuleDescriptorParser.parseDescriptor(ParserSettings, URL, Resource, boolean)","org.apache.ivy.plugins.parser.m2.PomModuleDescriptorParser.addSourcesAndJavadocArtifactsIfPresent(PomModuleDescriptorBuilder, ParserSettings)",14
"org.apache.ivy.plugins.parser.m2.PomModuleDescriptorParser.addSourcesAndJavadocArtifactsIfPresent(PomModuleDescriptorBuilder, ParserSettings)",org.apache.ivy.plugins.resolver.BasicResolver.locate(Artifact),8
org.apache.ivy.plugins.resolver.BasicResolver.locate(Artifact),org.apache.ivy.plugins.resolver.AbstractResolver.toSystem(Artifact),120
org.apache.ivy.plugins.resolver.AbstractResolver.toSystem(Artifact),"org.apache.ivy.plugins.namespace.NameSpaceHelper.transform(Artifact, NamespaceTransformer)",121
org.apache.ivy.plugins.namespace.MRIDTransformationRule.transform(ModuleRevisionId),org.apache.ivy.util.Message.debug(String),169
"org.apache.ivy.plugins.namespace.NameSpaceHelper.transform(Artifact, NamespaceTransformer)",org.apache.ivy.core.module.descriptor.AbstractArtifact.getQualifiedExtraAttributes(),34
"org.apache.ivy.util.extendable.UnmodifiableExtendableItem.<init>(Map, Map)","org.apache.ivy.util.extendable.UnmodifiableExtendableItem.setExtraAttribute(String, String)",928
"org.apache.ivy.plugins.namespace.NameSpaceHelper.transform(Artifact, NamespaceTransformer)","org.apache.ivy.core.module.descriptor.DefaultArtifact.<init>(ModuleRevisionId, Date, String, String, String, URL, Map)",34
"org.apache.ivy.plugins.namespace.NameSpaceHelper.transform(Artifact, NamespaceTransformer)",org.apache.ivy.core.module.id.ModuleRevisionId.equals(Object),38
"org.apache.ivy.plugins.namespace.NameSpaceHelper.transform(Artifact, NamespaceTransformer)",org.apache.ivy.core.module.descriptor.MDArtifact.getModuleRevisionId(),30
"org.apache.ivy.plugins.namespace.NameSpaceHelper.transform(Artifact, NamespaceTransformer)",org.apache.ivy.core.module.descriptor.MDArtifact.getPublicationDate(),11
org.apache.ivy.plugins.resolver.AbstractResolver.toSystem(Artifact),org.apache.ivy.plugins.resolver.AbstractResolver.getNamespace(),121
org.apache.ivy.plugins.resolver.BasicResolver.locate(Artifact),org.apache.ivy.core.cache.DefaultRepositoryCacheManager.getSavedArtifactOrigin(Artifact),120
org.apache.ivy.plugins.resolver.BasicResolver.locate(Artifact),"org.apache.ivy.plugins.resolver.BasicResolver.getArtifactRef(Artifact, Date)",119
"org.apache.ivy.plugins.resolver.AbstractPatternsBasedResolver.findArtifactRef(Artifact, Date)",org.apache.ivy.plugins.resolver.AbstractPatternsBasedResolver.convertM2IdForResourceSearch(ModuleRevisionId),14
org.apache.ivy.plugins.resolver.AbstractPatternsBasedResolver.convertM2IdForResourceSearch(ModuleRevisionId),org.apache.ivy.core.module.id.ModuleRevisionId.getOrganisation(),373
org.apache.ivy.plugins.resolver.BasicResolver.locate(Artifact),org.apache.ivy.core.cache.ArtifactOrigin.isUnknown(ArtifactOrigin),119
org.apache.ivy.plugins.resolver.BasicResolver.locate(Artifact),org.apache.ivy.plugins.resolver.AbstractResolver.getRepositoryCacheManager(),127
"org.apache.ivy.plugins.namespace.NameSpaceHelper.transform(Artifact, NamespaceTransformer)",org.apache.ivy.core.module.descriptor.DefaultArtifact.getExt(),23
"org.apache.ivy.plugins.namespace.NameSpaceHelper.transform(Artifact, NamespaceTransformer)",org.apache.ivy.core.module.descriptor.DefaultArtifact.getModuleRevisionId(),46
"org.apache.ivy.plugins.namespace.NameSpaceHelper.transform(Artifact, NamespaceTransformer)",org.apache.ivy.core.module.descriptor.DefaultArtifact.getName(),23
"org.apache.ivy.plugins.namespace.NameSpaceHelper.transform(Artifact, NamespaceTransformer)",org.apache.ivy.core.module.descriptor.DefaultArtifact.getType(),23
"org.apache.ivy.plugins.resolver.AbstractPatternsBasedResolver.findArtifactRef(Artifact, Date)",org.apache.ivy.core.module.descriptor.DefaultArtifact.getModuleRevisionId(),88
org.apache.ivy.plugins.resolver.BasicResolver.locate(Artifact),org.apache.ivy.plugins.repository.file.FileResource.exists(),2
org.apache.ivy.plugins.resolver.BasicResolver.locate(Artifact),org.apache.ivy.plugins.repository.file.FileResource.isLocal(),2
org.apache.ivy.plugins.resolver.BasicResolver.locate(Artifact),"org.apache.ivy.core.cache.ArtifactOrigin.<init>(Artifact, boolean, String)",25
org.apache.ivy.plugins.resolver.BasicResolver.locate(Artifact),org.apache.ivy.plugins.repository.file.FileResource.getName(),2
"org.apache.ivy.plugins.parser.m2.PomModuleDescriptorParser.addSourcesAndJavadocArtifactsIfPresent(PomModuleDescriptorBuilder, ParserSettings)",org.apache.ivy.util.Message.debug(String),26
"org.apache.ivy.plugins.parser.m2.PomModuleDescriptorParser.addSourcesAndJavadocArtifactsIfPresent(PomModuleDescriptorBuilder, ParserSettings)",org.apache.ivy.plugins.parser.m2.PomModuleDescriptorBuilder.getJavadocArtifact(),13
org.apache.ivy.plugins.parser.m2.PomModuleDescriptorBuilder.getJavadocArtifact(),"org.apache.ivy.core.module.descriptor.MDArtifact.<init>(ModuleDescriptor, String, String, String, URL, Map)",19
org.apache.ivy.plugins.parser.m2.PomModuleDescriptorBuilder.getJavadocArtifact(),org.apache.ivy.core.module.id.ModuleRevisionId.getName(),19
"org.apache.ivy.plugins.parser.m2.PomModuleDescriptorParser.addSourcesAndJavadocArtifactsIfPresent(PomModuleDescriptorBuilder, ParserSettings)",org.apache.ivy.plugins.parser.m2.PomModuleDescriptorBuilder.getSourceArtifact(),13
org.apache.ivy.plugins.parser.m2.PomModuleDescriptorBuilder.getSourceArtifact(),"org.apache.ivy.core.module.descriptor.MDArtifact.<init>(ModuleDescriptor, String, String, String, URL, Map)",19
org.apache.ivy.plugins.parser.m2.PomModuleDescriptorBuilder.getSourceArtifact(),org.apache.ivy.core.module.id.ModuleRevisionId.getName(),19
"org.apache.ivy.plugins.parser.m2.PomModuleDescriptorParser.addSourcesAndJavadocArtifactsIfPresent(PomModuleDescriptorBuilder, ParserSettings)",org.apache.ivy.plugins.parser.m2.PomModuleDescriptorBuilder.getSrcArtifact(),7
org.apache.ivy.plugins.parser.m2.PomModuleDescriptorBuilder.getSrcArtifact(),"org.apache.ivy.core.module.descriptor.MDArtifact.<init>(ModuleDescriptor, String, String, String, URL, Map)",7
org.apache.ivy.plugins.parser.m2.PomModuleDescriptorBuilder.getSrcArtifact(),org.apache.ivy.core.module.id.ModuleRevisionId.getName(),7
"org.apache.ivy.plugins.parser.m2.PomModuleDescriptorParser.addSourcesAndJavadocArtifactsIfPresent(PomModuleDescriptorBuilder, ParserSettings)",org.apache.ivy.core.cache.ArtifactOrigin.isUnknown(ArtifactOrigin),47
"org.apache.ivy.plugins.parser.m2.PomModuleDescriptorParser.parseDescriptor(ParserSettings, URL, Resource, boolean)","org.apache.ivy.plugins.parser.m2.PomReader.<init>(URL, Resource)",16
"org.apache.ivy.plugins.parser.m2.PomReader.<init>(URL, Resource)","org.apache.ivy.util.XMLHelper.parseToDom(InputSource, EntityResolver)",16
"org.apache.ivy.util.XMLHelper.parseToDom(InputSource, EntityResolver)",org.apache.ivy.util.XMLHelper.getDocBuilder(EntityResolver),21
"org.apache.ivy.plugins.parser.m2.PomReader.<init>(URL, Resource)",org.apache.ivy.util.url.URLHandlerDispatcher.openStream(URL),14
"org.apache.ivy.plugins.parser.m2.PomReader.<init>(URL, Resource)",org.apache.ivy.util.XMLHelper.toSystemId(URL),16
"org.apache.ivy.plugins.parser.m2.PomReader.<init>(URL, Resource)","org.apache.ivy.plugins.parser.m2.PomReader.getFirstChildElement(Element, String)",14
"org.apache.ivy.plugins.parser.m2.PomModuleDescriptorParser.parseDescriptor(ParserSettings, URL, Resource, boolean)","org.apache.ivy.plugins.parser.m2.PomModuleDescriptorBuilder.<init>(ModuleDescriptorParser, Resource, ParserSettings)",19
"org.apache.ivy.plugins.parser.m2.PomModuleDescriptorBuilder.<init>(ModuleDescriptorParser, Resource, ParserSettings)",org.apache.ivy.plugins.repository.url.URLResource.getLastModified(),17
"org.apache.ivy.plugins.parser.m2.PomModuleDescriptorBuilder.<init>(ModuleDescriptorParser, Resource, ParserSettings)",org.apache.ivy.core.module.descriptor.DefaultModuleDescriptor.addConfiguration(Configuration),370
"org.apache.ivy.plugins.parser.m2.PomModuleDescriptorBuilder.<init>(ModuleDescriptorParser, Resource, ParserSettings)","org.apache.ivy.core.module.descriptor.DefaultModuleDescriptor.addExtraAttributeNamespace(String, String)",37
"org.apache.ivy.plugins.parser.m2.PomModuleDescriptorBuilder.<init>(ModuleDescriptorParser, Resource, ParserSettings)",org.apache.ivy.core.module.descriptor.DefaultModuleDescriptor.setResolvedPublicationDate(Date),37
"org.apache.ivy.plugins.parser.m2.PomModuleDescriptorParser.parseDescriptor(ParserSettings, URL, Resource, boolean)","org.apache.ivy.plugins.parser.m2.PomModuleDescriptorBuilder.addDependency(Resource, PomReader$PomDependencyData)",34
"org.apache.ivy.plugins.parser.m2.PomModuleDescriptorBuilder.addDependency(Resource, PomReader$PomDependencyData)",org.apache.ivy.plugins.parser.m2.PomModuleDescriptorBuilder.getDefaultScope(PomReader$PomDependencyData),29
org.apache.ivy.plugins.parser.m2.PomReader.replaceProps(String),"org.apache.ivy.core.IvyPatternHelper.substituteVariables(String, Map)",393
"org.apache.ivy.core.IvyPatternHelper.substituteVariables(String, Map)","org.apache.ivy.core.IvyPatternHelper.substituteVariables(String, IvyVariableContainer, Stack)",403
"org.apache.ivy.core.IvyPatternHelper.substituteVariables(String, Map)",org.apache.ivy.core.settings.IvyVariableContainerImpl.<init>(Map),403
"org.apache.ivy.plugins.parser.m2.PomReader.getFirstChildText(Element, String)","org.apache.ivy.plugins.parser.m2.PomReader.getFirstChildElement(Element, String)",614
"org.apache.ivy.plugins.parser.m2.PomReader.getFirstChildText(Element, String)",org.apache.ivy.plugins.parser.m2.PomReader.getTextContent(Element),430
org.apache.ivy.plugins.parser.m2.PomModuleDescriptorBuilder.getDefaultScope(PomReader$PomDependencyData),"org.apache.ivy.plugins.parser.m2.PomModuleDescriptorBuilder.getDependencyMgtExtraInfoKeyForScope(String, String)",29
org.apache.ivy.plugins.parser.m2.PomModuleDescriptorBuilder.getDefaultScope(PomReader$PomDependencyData),"org.apache.ivy.core.module.id.ModuleId.newInstance(String, String)",29
"org.apache.ivy.plugins.parser.m2.PomModuleDescriptorBuilder.addDependency(Resource, PomReader$PomDependencyData)","org.apache.ivy.core.module.id.ModuleRevisionId.newInstance(String, String, String)",34
"org.apache.ivy.plugins.parser.m2.PomModuleDescriptorBuilder.addDependency(Resource, PomReader$PomDependencyData)","org.apache.ivy.plugins.parser.m2.PomModuleDescriptorBuilder.getDependencyMgtExclusions(ModuleDescriptor, String, String)",33
"org.apache.ivy.plugins.parser.m2.PomModuleDescriptorBuilder.getDependencyMgtExclusions(ModuleDescriptor, String, String)","org.apache.ivy.core.module.id.ModuleId.newInstance(String, String)",33
"org.apache.ivy.plugins.parser.m2.PomModuleDescriptorBuilder.getDependencyMgtExclusions(ModuleDescriptor, String, String)","org.apache.ivy.plugins.parser.m2.PomModuleDescriptorBuilder.getDependencyMgtExtraInfoPrefixForExclusion(String, String)",33
"org.apache.ivy.plugins.parser.m2.PomModuleDescriptorBuilder.addDependency(Resource, PomReader$PomDependencyData)",org.apache.ivy.core.module.descriptor.DefaultModuleDescriptor.addDependency(DependencyDescriptor),34
"org.apache.ivy.plugins.parser.m2.PomModuleDescriptorBuilder.addDependency(Resource, PomReader$PomDependencyData)",org.apache.ivy.core.module.id.ModuleId.equals(Object),34
"org.apache.ivy.plugins.parser.m2.PomModuleDescriptorParser.parseDescriptor(ParserSettings, URL, Resource, boolean)","org.apache.ivy.plugins.parser.m2.PomModuleDescriptorBuilder.addMainArtifact(String, String)",14
"org.apache.ivy.plugins.parser.m2.PomModuleDescriptorBuilder.addMainArtifact(String, String)","org.apache.ivy.core.module.descriptor.DefaultArtifact.<init>(ModuleRevisionId, Date, String, String, String)",16
"org.apache.ivy.plugins.parser.m2.PomModuleDescriptorBuilder.addMainArtifact(String, String)","org.apache.ivy.core.module.descriptor.DefaultModuleDescriptor.addArtifact(String, Artifact)",15
"org.apache.ivy.plugins.parser.m2.PomModuleDescriptorParser.parseDescriptor(ParserSettings, URL, Resource, boolean)",org.apache.ivy.plugins.parser.m2.PomModuleDescriptorBuilder.addPlugin(PomDependencyMgt),6
"org.apache.ivy.plugins.parser.m2.PomModuleDescriptorParser.parseDescriptor(ParserSettings, URL, Resource, boolean)",org.apache.ivy.plugins.parser.m2.PomReader.getGroupId(),14
org.apache.ivy.plugins.parser.m2.PomReader.getGroupId(),"org.apache.ivy.plugins.parser.m2.PomReader.getFirstChildText(Element, String)",14
org.apache.ivy.plugins.parser.m2.PomReader.getGroupId(),org.apache.ivy.plugins.parser.m2.PomReader.replaceProps(String),14
"org.apache.ivy.plugins.parser.m2.PomModuleDescriptorParser.parseDescriptor(ParserSettings, URL, Resource, boolean)",org.apache.ivy.plugins.parser.m2.PomReader.getDependencyMgt(),14
org.apache.ivy.plugins.parser.m2.PomReader.getDependencyMgt(),"org.apache.ivy.plugins.parser.m2.PomReader.getFirstChildElement(Element, String)",28
"org.apache.ivy.plugins.parser.m2.PomModuleDescriptorParser.parseDescriptor(ParserSettings, URL, Resource, boolean)",org.apache.ivy.plugins.parser.m2.PomReader.getArtifactId(),14
org.apache.ivy.plugins.parser.m2.PomReader.getArtifactId(),"org.apache.ivy.plugins.parser.m2.PomReader.getFirstChildText(Element, String)",14
org.apache.ivy.plugins.parser.m2.PomReader.getArtifactId(),org.apache.ivy.plugins.parser.m2.PomReader.replaceProps(String),14
"org.apache.ivy.plugins.parser.m2.PomModuleDescriptorParser.parseDescriptor(ParserSettings, URL, Resource, boolean)","org.apache.ivy.plugins.parser.m2.PomModuleDescriptorBuilder.setModuleRevId(String, String, String)",14
"org.apache.ivy.plugins.parser.m2.PomModuleDescriptorBuilder.setModuleRevId(String, String, String)","org.apache.ivy.core.module.id.ModuleRevisionId.newInstance(String, String, String)",16
"org.apache.ivy.plugins.parser.m2.PomModuleDescriptorBuilder.setModuleRevId(String, String, String)",org.apache.ivy.core.module.descriptor.DefaultModuleDescriptor.setModuleRevisionId(ModuleRevisionId),16
"org.apache.ivy.plugins.parser.m2.PomModuleDescriptorParser.parseDescriptor(ParserSettings, URL, Resource, boolean)",org.apache.ivy.plugins.parser.m2.PomReader.getParentVersion(),28
org.apache.ivy.plugins.parser.m2.PomReader.getParentVersion(),"org.apache.ivy.plugins.parser.m2.PomReader.getFirstChildText(Element, String)",56
org.apache.ivy.plugins.parser.m2.PomReader.getParentVersion(),org.apache.ivy.plugins.parser.m2.PomReader.replaceProps(String),28
"org.apache.ivy.plugins.parser.m2.PomModuleDescriptorParser.parseDescriptor(ParserSettings, URL, Resource, boolean)",org.apache.ivy.plugins.parser.m2.PomReader.getPlugins(),14
org.apache.ivy.plugins.parser.m2.PomReader.getPlugins(),"org.apache.ivy.plugins.parser.m2.PomReader.getFirstChildElement(Element, String)",25
"org.apache.ivy.plugins.parser.m2.PomModuleDescriptorParser.parseDescriptor(ParserSettings, URL, Resource, boolean)",org.apache.ivy.plugins.parser.m2.PomReader.getParentGroupId(),28
org.apache.ivy.plugins.parser.m2.PomReader.getParentGroupId(),"org.apache.ivy.plugins.parser.m2.PomReader.getFirstChildText(Element, String)",56
org.apache.ivy.plugins.parser.m2.PomReader.getParentGroupId(),org.apache.ivy.plugins.parser.m2.PomReader.replaceProps(String),28
"org.apache.ivy.plugins.parser.m2.PomModuleDescriptorParser.parseDescriptor(ParserSettings, URL, Resource, boolean)",org.apache.ivy.plugins.parser.m2.PomReader.getDependencies(),14
org.apache.ivy.plugins.parser.m2.PomReader.getDependencies(),"org.apache.ivy.plugins.parser.m2.PomReader.getFirstChildElement(Element, String)",14
"org.apache.ivy.plugins.parser.m2.PomModuleDescriptorParser.parseDescriptor(ParserSettings, URL, Resource, boolean)",org.apache.ivy.plugins.parser.m2.PomReader.getPomProperties(),14
org.apache.ivy.plugins.parser.m2.PomReader.getPomProperties(),"org.apache.ivy.plugins.parser.m2.PomReader.getFirstChildElement(Element, String)",14
org.apache.ivy.plugins.parser.m2.PomReader.getPomProperties(),org.apache.ivy.plugins.parser.m2.PomReader.getAllChilds(Element),14
"org.apache.ivy.plugins.parser.m2.PomModuleDescriptorParser.parseDescriptor(ParserSettings, URL, Resource, boolean)",org.apache.ivy.plugins.parser.m2.PomReader.getLicenses(),14
org.apache.ivy.plugins.parser.m2.PomReader.getLicenses(),"org.apache.ivy.plugins.parser.m2.PomReader.getFirstChildElement(Element, String)",14
"org.apache.ivy.plugins.parser.m2.PomModuleDescriptorParser.parseDescriptor(ParserSettings, URL, Resource, boolean)",org.apache.ivy.plugins.parser.m2.PomReader.getVersion(),14
org.apache.ivy.plugins.parser.m2.PomReader.getVersion(),"org.apache.ivy.plugins.parser.m2.PomReader.getFirstChildText(Element, String)",14
org.apache.ivy.plugins.parser.m2.PomReader.getVersion(),org.apache.ivy.plugins.parser.m2.PomReader.replaceProps(String),14
"org.apache.ivy.plugins.parser.m2.PomModuleDescriptorParser.parseDescriptor(ParserSettings, URL, Resource, boolean)",org.apache.ivy.plugins.parser.m2.PomReader.getDescription(),14
org.apache.ivy.plugins.parser.m2.PomReader.getDescription(),"org.apache.ivy.plugins.parser.m2.PomReader.getFirstChildText(Element, String)",14
"org.apache.ivy.plugins.parser.m2.PomModuleDescriptorParser.parseDescriptor(ParserSettings, URL, Resource, boolean)",org.apache.ivy.plugins.parser.m2.PomReader.getHomePage(),14
org.apache.ivy.plugins.parser.m2.PomReader.getHomePage(),"org.apache.ivy.plugins.parser.m2.PomReader.getFirstChildText(Element, String)",14
"org.apache.ivy.plugins.parser.m2.PomModuleDescriptorParser.parseDescriptor(ParserSettings, URL, Resource, boolean)",org.apache.ivy.plugins.parser.m2.PomReader.getPackaging(),14
org.apache.ivy.plugins.parser.m2.PomReader.getPackaging(),"org.apache.ivy.plugins.parser.m2.PomReader.getFirstChildText(Element, String)",14
"org.apache.ivy.plugins.parser.m2.PomModuleDescriptorParser.parseDescriptor(ParserSettings, URL, Resource, boolean)",org.apache.ivy.plugins.parser.m2.PomReader.getRelocation(),14
org.apache.ivy.plugins.parser.m2.PomReader.getRelocation(),"org.apache.ivy.plugins.parser.m2.PomReader.getFirstChildElement(Element, String)",28
"org.apache.ivy.plugins.parser.m2.PomModuleDescriptorParser.parseDescriptor(ParserSettings, URL, Resource, boolean)","org.apache.ivy.plugins.parser.m2.PomReader.setProperty(String, String)",182
"org.apache.ivy.plugins.parser.m2.PomModuleDescriptorParser.parseDescriptor(ParserSettings, URL, Resource, boolean)",org.apache.ivy.plugins.parser.m2.PomModuleDescriptorBuilder.setHomePage(String),14
"org.apache.ivy.plugins.parser.m2.PomModuleDescriptorParser.parseDescriptor(ParserSettings, URL, Resource, boolean)",org.apache.ivy.plugins.parser.m2.PomModuleDescriptorBuilder.setDescription(String),14
"org.apache.ivy.plugins.parser.m2.PomModuleDescriptorParser.parseDescriptor(ParserSettings, URL, Resource, boolean)",org.apache.ivy.plugins.parser.m2.PomModuleDescriptorBuilder.setLicenses(License[]),14
"org.apache.ivy.plugins.parser.m2.PomModuleDescriptorParser.parseDescriptor(ParserSettings, URL, boolean)",org.apache.ivy.plugins.repository.url.URLResource.<init>(URL),17
"org.apache.ivy.plugins.resolver.BasicResolver.parse(ResolvedResource, DependencyDescriptor, ResolveData)","org.apache.ivy.plugins.parser.m2.PomModuleDescriptorParser.getMetadataArtifact(ModuleRevisionId, Resource)",93
"org.apache.ivy.plugins.parser.m2.PomModuleDescriptorParser.getMetadataArtifact(ModuleRevisionId, Resource)",org.apache.ivy.plugins.repository.file.FileResource.getLastModified(),4
"org.apache.ivy.plugins.parser.m2.PomModuleDescriptorParser.getMetadataArtifact(ModuleRevisionId, Resource)","org.apache.ivy.core.module.descriptor.DefaultArtifact.newPomArtifact(ModuleRevisionId, Date)",107
"org.apache.ivy.core.module.descriptor.DefaultArtifact.newPomArtifact(ModuleRevisionId, Date)","org.apache.ivy.core.module.descriptor.DefaultArtifact.<init>(ModuleRevisionId, Date, String, String, String, boolean)",201
"org.apache.ivy.core.module.descriptor.DefaultArtifact.newPomArtifact(ModuleRevisionId, Date)",org.apache.ivy.core.module.id.ModuleRevisionId.getName(),201
"org.apache.ivy.plugins.parser.m2.PomModuleDescriptorParser.toIvyFile(InputStream, Resource, File, ModuleDescriptor)","org.apache.ivy.plugins.parser.xml.XmlModuleDescriptorWriter.write(ModuleDescriptor, File)",16
"org.apache.ivy.plugins.parser.xml.XmlModuleDescriptorWriter.printInfoTag(ModuleDescriptor, PrintWriter)",org.apache.ivy.core.module.descriptor.DefaultModuleDescriptor.getLicenses(),25
"org.apache.ivy.plugins.parser.xml.XmlModuleDescriptorWriter.printInfoTag(ModuleDescriptor, PrintWriter)",org.apache.ivy.core.module.descriptor.DefaultModuleDescriptor.getInheritedDescriptors(),25
org.apache.ivy.core.module.descriptor.DefaultDependencyDescriptor.getAllIncludeRules(),org.apache.ivy.core.module.descriptor.DefaultDependencyDescriptor.mergeAll(Map),3
org.apache.ivy.core.module.descriptor.DefaultDependencyDescriptor.getAllExcludeRules(),org.apache.ivy.core.module.descriptor.DefaultDependencyDescriptor.mergeAll(Map),8
org.apache.ivy.core.module.descriptor.AbstractArtifact.equals(Object),org.apache.ivy.core.module.descriptor.DefaultArtifact.getExt(),92
org.apache.ivy.core.module.descriptor.AbstractArtifact.equals(Object),org.apache.ivy.core.module.descriptor.DefaultArtifact.getName(),92
org.apache.ivy.core.module.descriptor.AbstractArtifact.equals(Object),org.apache.ivy.core.module.descriptor.DefaultArtifact.getType(),90
org.apache.ivy.core.module.descriptor.AbstractArtifact.equals(Object),org.apache.ivy.core.module.descriptor.DefaultArtifact.getModuleRevisionId(),118
"org.apache.ivy.plugins.parser.xml.XmlModuleDescriptorWriter.printPublications(ModuleDescriptor, PrintWriter)",org.apache.ivy.core.module.descriptor.DefaultArtifact.getExt(),30
"org.apache.ivy.plugins.parser.xml.XmlModuleDescriptorWriter.printPublications(ModuleDescriptor, PrintWriter)",org.apache.ivy.core.module.descriptor.DefaultArtifact.getName(),30
"org.apache.ivy.plugins.parser.xml.XmlModuleDescriptorWriter.printPublications(ModuleDescriptor, PrintWriter)",org.apache.ivy.core.module.descriptor.DefaultArtifact.getType(),30
"org.apache.ivy.plugins.namespace.NameSpaceHelper.transform(ModuleId, NamespaceTransformer)","org.apache.ivy.core.module.id.ModuleRevisionId.<init>(ModuleId, String)",11
"org.apache.ivy.plugins.resolver.BasicResolver.cacheModuleDescriptor(ModuleDescriptor, ModuleRevisionId, ResolvedResource, ResolvedModuleRevision)","org.apache.ivy.plugins.parser.m2.PomModuleDescriptorParser.getMetadataArtifact(ModuleRevisionId, Resource)",13
"org.apache.ivy.core.module.descriptor.DefaultModuleDescriptor.transformInstance(ModuleDescriptor, Namespace)","org.apache.ivy.plugins.namespace.NameSpaceHelper.toSystem(DependencyDescriptor, Namespace)",4
"org.apache.ivy.plugins.namespace.NameSpaceHelper.toSystem(DependencyDescriptor, Namespace)","org.apache.ivy.core.module.descriptor.DefaultDependencyDescriptor.transformInstance(DependencyDescriptor, Namespace)",11
"org.apache.ivy.core.module.descriptor.DefaultDependencyDescriptor.transformInstance(DependencyDescriptor, Namespace)","org.apache.ivy.core.module.descriptor.DefaultDependencyDescriptor.transformInstance(DependencyDescriptor, NamespaceTransformer, boolean)",4
"org.apache.ivy.core.module.descriptor.DefaultModuleDescriptor.transformInstance(ModuleDescriptor, Namespace)","org.apache.ivy.plugins.namespace.NameSpaceHelper.transform(Artifact, NamespaceTransformer)",7
"org.apache.ivy.core.module.descriptor.DefaultModuleDescriptor.transformInstance(ModuleDescriptor, Namespace)","org.apache.ivy.core.module.descriptor.DefaultModuleDescriptor.addArtifact(String, Artifact)",7
"org.apache.ivy.core.module.descriptor.DefaultModuleDescriptor.transformInstance(ModuleDescriptor, Namespace)","org.apache.ivy.core.module.descriptor.DefaultModuleDescriptor.<init>(ModuleDescriptorParser, Resource)",7
"org.apache.ivy.core.module.descriptor.DefaultModuleDescriptor.transformInstance(ModuleDescriptor, Namespace)",org.apache.ivy.core.module.descriptor.DefaultModuleDescriptor.getArtifacts(String),25
"org.apache.ivy.core.module.descriptor.DefaultModuleDescriptor.transformInstance(ModuleDescriptor, Namespace)",org.apache.ivy.core.module.id.ModuleRules.clone(),14
"org.apache.ivy.core.module.descriptor.DefaultModuleDescriptor.transformInstance(ModuleDescriptor, Namespace)",org.apache.ivy.core.module.descriptor.DefaultModuleDescriptor.getConfigurations(),7
"org.apache.ivy.core.module.descriptor.DefaultModuleDescriptor.transformInstance(ModuleDescriptor, Namespace)",org.apache.ivy.core.module.descriptor.DefaultModuleDescriptor.getLicenses(),7
"org.apache.ivy.core.module.descriptor.DefaultModuleDescriptor.transformInstance(ModuleDescriptor, Namespace)",org.apache.ivy.core.module.descriptor.DefaultModuleDescriptor.getDependencies(),7
"org.apache.ivy.core.module.descriptor.DefaultModuleDescriptor.transformInstance(ModuleDescriptor, Namespace)",org.apache.ivy.core.module.descriptor.DefaultModuleDescriptor.getInheritedDescriptors(),7
"org.apache.ivy.plugins.namespace.NameSpaceHelper.transform(MetadataArtifactDownloadReport, NamespaceTransformer)","org.apache.ivy.plugins.namespace.NameSpaceHelper.transform(Artifact, NamespaceTransformer)",9
"org.apache.ivy.plugins.namespace.NameSpaceHelper.transform(MetadataArtifactDownloadReport, NamespaceTransformer)",org.apache.ivy.core.report.MetadataArtifactDownloadReport.<init>(Artifact),9
"org.apache.ivy.plugins.resolver.AbstractPatternsBasedResolver.findIvyFileRef(DependencyDescriptor, ResolveData)",org.apache.ivy.plugins.resolver.AbstractPatternsBasedResolver.convertM2IdForResourceSearch(ModuleRevisionId),7
"org.apache.ivy.plugins.resolver.BasicResolver.checkNotConvertedExclusionRule(ModuleDescriptor, ResolvedResource, ResolveData)",org.apache.ivy.core.module.descriptor.DefaultModuleDescriptor.isNamespaceUseful(),6
org.apache.ivy.core.module.descriptor.DefaultModuleDescriptor.isNamespaceUseful(),org.apache.ivy.core.module.descriptor.DefaultDependencyDescriptor.getAllExcludeRules(),3
"org.apache.ivy.plugins.resolver.BasicResolver.checkNotConvertedExclusionRule(ModuleDescriptor, ResolvedResource, ResolveData)",org.apache.ivy.core.resolve.ResolveData.getSettings(),6
"org.apache.ivy.core.resolve.ResolveEngine.doFetchDependencies(VisitNode, String)",org.apache.ivy.core.resolve.VisitNode.updateConfsToFetch(Collection),238
org.apache.ivy.core.resolve.VisitNode.updateConfsToFetch(Collection),org.apache.ivy.core.resolve.IvyNode.updateConfsToFetch(Collection),238
"org.apache.ivy.core.module.id.ModuleRules.getRule(Map, Filter)",org.apache.ivy.plugins.matcher.MapMatcher.matches(Map),34
org.apache.ivy.plugins.matcher.MapMatcher.matches(Map),org.apache.ivy.plugins.matcher.AnyMatcher.matches(String),52
"org.apache.ivy.core.resolve.ResolveEngine.getDependencies(ModuleDescriptor, ResolveOptions, ResolveReport)","org.apache.ivy.core.resolve.ResolveData.<init>(ResolveEngine, ResolveOptions)",17
"org.apache.ivy.core.install.InstallEngine.install(ModuleRevisionId, String, String, InstallOptions)","org.apache.ivy.core.search.SearchEngine.listModules(DependencyResolver, ModuleRevisionId, PatternMatcher)",1
"org.apache.ivy.core.search.SearchEngine.listModules(DependencyResolver, ModuleRevisionId, PatternMatcher)","org.apache.ivy.plugins.resolver.AbstractPatternsBasedResolver.listTokenValues(String[], Map)",1
"org.apache.ivy.plugins.resolver.AbstractPatternsBasedResolver.listTokenValues(String[], Map)","org.apache.ivy.plugins.resolver.AbstractPatternsBasedResolver.resolveTokenValues(String[], String, Map, boolean)",184
"org.apache.ivy.plugins.resolver.AbstractPatternsBasedResolver.resolveTokenValues(String[], String, Map, boolean)","org.apache.ivy.plugins.resolver.AbstractPatternsBasedResolver.resolveTokenValues(String[], String, Map, boolean)",180
"org.apache.ivy.plugins.resolver.AbstractPatternsBasedResolver.resolveTokenValues(String[], String, Map, boolean)","org.apache.ivy.plugins.resolver.RepositoryResolver.listTokenValues(String, String)",235
"org.apache.ivy.plugins.resolver.RepositoryResolver.listTokenValues(String, String)","org.apache.ivy.plugins.resolver.util.ResolverHelper.listTokenValues(Repository, String, String)",247
"org.apache.ivy.plugins.resolver.util.ResolverHelper.listTokenValues(Repository, String, String)","org.apache.ivy.plugins.resolver.util.ResolverHelper.listAll(Repository, String)",161
"org.apache.ivy.plugins.resolver.util.ResolverHelper.listAll(Repository, String)",org.apache.ivy.plugins.repository.file.FileRepository.list(String),189
org.apache.ivy.plugins.repository.file.FileRepository.list(String),org.apache.ivy.plugins.repository.file.FileRepository.getFile(String),416
"org.apache.ivy.plugins.resolver.util.ResolverHelper.listAll(Repository, String)",org.apache.ivy.util.Message.debug(String),384
"org.apache.ivy.plugins.resolver.AbstractPatternsBasedResolver.resolveTokenValues(String[], String, Map, boolean)",org.apache.ivy.plugins.resolver.RepositoryResolver.exist(String),115
org.apache.ivy.plugins.resolver.RepositoryResolver.exist(String),org.apache.ivy.plugins.repository.file.FileRepository.getResource(String),114
org.apache.ivy.plugins.resolver.RepositoryResolver.exist(String),org.apache.ivy.plugins.repository.file.FileResource.exists(),113
"org.apache.ivy.plugins.resolver.AbstractPatternsBasedResolver.resolveTokenValues(String[], String, Map, boolean)","org.apache.ivy.core.IvyPatternHelper.substituteTokens(String, Map)",540
"org.apache.ivy.plugins.resolver.AbstractPatternsBasedResolver.resolveTokenValues(String[], String, Map, boolean)",org.apache.ivy.core.IvyPatternHelper.getFirstToken(String),358
"org.apache.ivy.plugins.resolver.AbstractPatternsBasedResolver.resolveTokenValues(String[], String, Map, boolean)",org.apache.ivy.plugins.resolver.FileSystemResolver.filterNames(Collection),103
"org.apache.ivy.plugins.resolver.AbstractPatternsBasedResolver.resolveTokenValues(String[], String, Map, boolean)",org.apache.ivy.plugins.matcher.AnyMatcher.matches(String),116
"org.apache.ivy.plugins.resolver.AbstractPatternsBasedResolver.listTokenValues(String[], Map)",org.apache.ivy.plugins.resolver.AbstractPatternsBasedResolver.convertM2TokenValuesForResourceSearch(Map),14
"org.apache.ivy.plugins.resolver.AbstractPatternsBasedResolver.listTokenValues(String[], Map)",org.apache.ivy.plugins.resolver.AbstractPatternsBasedResolver.getArtifactPatterns(),99
"org.apache.ivy.plugins.resolver.AbstractPatternsBasedResolver.listTokenValues(String[], Map)",org.apache.ivy.plugins.resolver.AbstractPatternsBasedResolver.getIvyPatterns(),111
"org.apache.ivy.core.search.SearchEngine.listModules(DependencyResolver, ModuleRevisionId, PatternMatcher)","org.apache.ivy.core.module.id.ModuleRevisionId.newInstance(String, String, String, String, Map)",10
"org.apache.ivy.core.search.SearchEngine.listModules(DependencyResolver, ModuleRevisionId, PatternMatcher)","org.apache.ivy.core.search.SearchEngine.addMatcher(PatternMatcher, String, Map, String)",12
"org.apache.ivy.core.search.SearchEngine.addMatcher(PatternMatcher, String, Map, String)",org.apache.ivy.plugins.matcher.AbstractPatternMatcher.getMatcher(String),58
"org.apache.ivy.core.search.SearchEngine.listModules(DependencyResolver, ModuleRevisionId, PatternMatcher)",org.apache.ivy.plugins.resolver.AbstractResolver.getNamespace(),10
"org.apache.ivy.core.install.InstallEngine.install(ModuleRevisionId, String, String, InstallOptions)","org.apache.ivy.core.resolve.ResolveEngine.downloadArtifacts(ResolveReport, Filter, DownloadOptions)",15
"org.apache.ivy.core.install.InstallEngine.install(ModuleRevisionId, String, String, InstallOptions)","org.apache.ivy.plugins.resolver.RepositoryResolver.publish(Artifact, File, boolean)",43
"org.apache.ivy.plugins.resolver.RepositoryResolver.putChecksum(Artifact, File, String, boolean, String)",org.apache.ivy.core.module.descriptor.DefaultArtifact.getExt(),56
"org.apache.ivy.plugins.resolver.RepositoryResolver.publish(Artifact, File, boolean)",org.apache.ivy.core.module.descriptor.DefaultArtifact.getName(),28
"org.apache.ivy.plugins.resolver.RepositoryResolver.publish(Artifact, File, boolean)",org.apache.ivy.core.module.descriptor.DefaultArtifact.getType(),28
"org.apache.ivy.plugins.resolver.RepositoryResolver.publish(Artifact, File, boolean)",org.apache.ivy.core.module.descriptor.DefaultArtifact.getModuleRevisionId(),28
"org.apache.ivy.core.install.InstallEngine.install(ModuleRevisionId, String, String, InstallOptions)","org.apache.ivy.core.resolve.ResolveEngine.outputReport(ResolveReport, ResolutionCacheManager, ResolveOptions)",15
org.apache.ivy.core.report.ArtifactDownloadReport.getName(),org.apache.ivy.core.module.descriptor.DefaultArtifact.getName(),8
org.apache.ivy.core.report.ArtifactDownloadReport.getExt(),org.apache.ivy.core.module.descriptor.DefaultArtifact.getExt(),8
"org.apache.ivy.core.install.InstallEngine.install(ModuleRevisionId, String, String, InstallOptions)","org.apache.ivy.core.report.ResolveReport.setDependencies(List, Filter)",15
"org.apache.ivy.core.install.InstallEngine.install(ModuleRevisionId, String, String, InstallOptions)",org.apache.ivy.util.Message.info(String),79
"org.apache.ivy.core.install.InstallEngine.install(ModuleRevisionId, String, String, InstallOptions)","org.apache.ivy.plugins.resolver.FileSystemResolver.beginPublishTransaction(ModuleRevisionId, boolean)",21
"org.apache.ivy.core.install.InstallEngine.install(ModuleRevisionId, String, String, InstallOptions)",org.apache.ivy.core.report.ResolveReport.getArtifactsReports(ModuleRevisionId),21
org.apache.ivy.core.report.ResolveReport.getArtifactsReports(ModuleRevisionId),org.apache.ivy.core.report.ConfigurationResolveReport.getDownloadReports(ModuleRevisionId),21
"org.apache.ivy.core.install.InstallEngine.install(ModuleRevisionId, String, String, InstallOptions)","org.apache.ivy.core.module.id.ModuleRevisionId.newInstance(String, String, String)",15
"org.apache.ivy.core.install.InstallEngine.install(ModuleRevisionId, String, String, InstallOptions)",org.apache.ivy.core.module.descriptor.DefaultModuleDescriptor.getMetadataArtifact(),21
"org.apache.ivy.core.install.InstallEngine.install(ModuleRevisionId, String, String, InstallOptions)",org.apache.ivy.core.settings.IvySettings.getStatusManager(),15
"org.apache.ivy.core.install.InstallEngine.install(ModuleRevisionId, String, String, InstallOptions)",org.apache.ivy.util.Message.verbose(String),21
"org.apache.ivy.core.install.InstallEngine.install(ModuleRevisionId, String, String, InstallOptions)","org.apache.ivy.core.module.descriptor.DefaultDependencyDescriptor.addDependencyConfiguration(String, String)",21
"org.apache.ivy.core.install.InstallEngine.install(ModuleRevisionId, String, String, InstallOptions)","org.apache.ivy.core.module.descriptor.DefaultModuleDescriptor.addConflictManager(ModuleId, PatternMatcher, ConflictManager)",15
"org.apache.ivy.core.module.descriptor.DefaultModuleDescriptor.addConflictManager(ModuleId, PatternMatcher, ConflictManager)","org.apache.ivy.plugins.matcher.MapMatcher.<init>(Map, PatternMatcher)",20
"org.apache.ivy.plugins.matcher.MapMatcher.<init>(Map, PatternMatcher)",org.apache.ivy.plugins.matcher.AbstractPatternMatcher.getMatcher(String),68
"org.apache.ivy.core.module.descriptor.DefaultModuleDescriptor.addConflictManager(ModuleId, PatternMatcher, ConflictManager)","org.apache.ivy.core.module.id.ModuleRules.defineRule(MapMatcher, Object)",19
"org.apache.ivy.core.module.id.ModuleRules.defineRule(MapMatcher, Object)","org.apache.ivy.util.Checks.checkNotNull(Object, String)",75
"org.apache.ivy.core.install.InstallEngine.install(ModuleRevisionId, String, String, InstallOptions)","org.apache.ivy.core.module.descriptor.DefaultModuleDescriptor.<init>(ModuleRevisionId, String, Date)",15
"org.apache.ivy.core.module.descriptor.DefaultModuleDescriptor.<init>(ModuleRevisionId, String, Date)","org.apache.ivy.core.module.descriptor.DefaultModuleDescriptor.<init>(ModuleRevisionId, String, Date, boolean)",37
"org.apache.ivy.core.install.InstallEngine.install(ModuleRevisionId, String, String, InstallOptions)",org.apache.ivy.util.Message.sumupProblems(),15
"org.apache.ivy.core.install.InstallEngine.install(ModuleRevisionId, String, String, InstallOptions)",org.apache.ivy.core.settings.IvySettings.getResolutionCacheManager(),15
"org.apache.ivy.core.install.InstallEngine.install(ModuleRevisionId, String, String, InstallOptions)",org.apache.ivy.plugins.resolver.FileSystemResolver.commitPublishTransaction(),21
"org.apache.ivy.core.install.InstallEngine.install(ModuleRevisionId, String, String, InstallOptions)",org.apache.ivy.core.resolve.ResolveOptions.getDefaultResolveId(ModuleDescriptor),15
"org.apache.ivy.core.install.InstallEngine.install(ModuleRevisionId, String, String, InstallOptions)","org.apache.ivy.core.module.descriptor.DefaultDependencyDescriptor.<init>(ModuleDescriptor, ModuleRevisionId, boolean, boolean, boolean)",21
"org.apache.ivy.core.install.InstallEngine.install(ModuleRevisionId, String, String, InstallOptions)",org.apache.ivy.core.module.descriptor.Configuration.<init>(String),15
"org.apache.ivy.core.install.InstallEngine.install(ModuleRevisionId, String, String, InstallOptions)",org.apache.ivy.core.module.descriptor.DefaultModuleDescriptor.addConfiguration(Configuration),15
"org.apache.ivy.core.install.InstallEngine.install(ModuleRevisionId, String, String, InstallOptions)","org.apache.ivy.plugins.matcher.MatcherHelper.isExact(PatternMatcher, ModuleRevisionId)",18
"org.apache.ivy.plugins.matcher.MatcherHelper.isExact(PatternMatcher, ModuleRevisionId)","org.apache.ivy.plugins.matcher.MatcherHelper.isExact(PatternMatcher, String)",66
"org.apache.ivy.plugins.matcher.MatcherHelper.isExact(PatternMatcher, String)",org.apache.ivy.plugins.matcher.AbstractPatternMatcher.getMatcher(String),78
"org.apache.ivy.plugins.matcher.MatcherHelper.isExact(PatternMatcher, ModuleRevisionId)",org.apache.ivy.core.module.id.ModuleRevisionId.getOrganisation(),25
"org.apache.ivy.core.install.InstallEngine.install(ModuleRevisionId, String, String, InstallOptions)","org.apache.ivy.core.module.id.ModuleId.<init>(String, String)",15
"org.apache.ivy.core.install.InstallEngine.install(ModuleRevisionId, String, String, InstallOptions)","org.apache.ivy.core.report.ResolveReport.<init>(ModuleDescriptor, String)",15
"org.apache.ivy.core.install.InstallEngine.install(ModuleRevisionId, String, String, InstallOptions)",org.apache.ivy.core.resolve.ResolveOptions.<init>(),15
"org.apache.ivy.core.install.InstallEngine.install(ModuleRevisionId, String, String, InstallOptions)",org.apache.ivy.core.settings.IvySettings.getResolver(String),34
"org.apache.ivy.core.install.InstallEngine.install(ModuleRevisionId, String, String, InstallOptions)",org.apache.ivy.core.module.descriptor.DefaultModuleDescriptor.addDependency(DependencyDescriptor),21
"org.apache.ivy.core.install.InstallEngine.install(ModuleRevisionId, String, String, InstallOptions)",org.apache.ivy.plugins.conflict.NoConflictManager.<init>(),15
"org.apache.ivy.core.install.InstallEngine.install(ModuleRevisionId, String, String, InstallOptions)",org.apache.ivy.core.resolve.ResolveEngine.setDictatorResolver(DependencyResolver),30
"org.apache.ivy.core.install.InstallEngine.install(ModuleRevisionId, String, String, InstallOptions)",org.apache.ivy.core.settings.IvySettings.getMatcher(String),15
"org.apache.ivy.core.install.InstallEngine.install(ModuleRevisionId, String, String, InstallOptions)",org.apache.ivy.core.module.status.StatusManager.getDefaultStatus(),15
"org.apache.ivy.core.install.InstallEngine.install(ModuleRevisionId, String, String, InstallOptions)",org.apache.ivy.core.resolve.DownloadOptions.<init>(),15
"org.apache.ivy.Ivy.install(ModuleRevisionId, String, String, InstallOptions)",org.apache.ivy.Ivy.pushContext(),18
"org.apache.ivy.Ivy.install(ModuleRevisionId, String, String, InstallOptions)",org.apache.ivy.Ivy.popContext(),18
org.apache.ivy.ant.IvyInstall.doExecute(),org.apache.ivy.core.report.ResolveReport.hasError(),15
org.apache.ivy.ant.IvyInstall.doExecute(),"org.apache.ivy.core.module.id.ModuleRevisionId.newInstance(String, String, String, String)",15
org.apache.ivy.ant.IvyInstall.doExecute(),"org.apache.ivy.core.module.id.ModuleId.newInstance(String, String)",14
org.apache.ivy.ant.IvyInstall.doExecute(),org.apache.ivy.ant.IvyTask.getIvyInstance(),17
org.apache.ivy.ant.IvyInstall.doExecute(),org.apache.ivy.core.settings.IvySettings.getDefaultBranch(ModuleId),14
org.apache.ivy.ant.IvyInstall.doExecute(),org.apache.ivy.core.install.InstallOptions.<init>(),15
org.apache.ivy.ant.IvyInstall.doExecute(),org.apache.ivy.ant.IvyTask.doValidate(IvySettings),15
org.apache.ivy.ant.IvyInstall.doExecute(),org.apache.ivy.util.filter.FilterHelper.getArtifactTypeFilter(String),15
org.apache.ivy.core.settings.IvySettings.addConfigured(Namespace),org.apache.ivy.core.settings.IvySettings.addNamespace(Namespace),6
org.apache.ivy.core.settings.IvySettings.addNamespace(Namespace),org.apache.ivy.core.settings.IvySettings.init(Object),11
org.apache.ivy.plugins.resolver.AbstractResolver.initNamespaceFromSettings(),org.apache.ivy.core.settings.IvySettings.getNamespace(String),3
org.apache.ivy.ant.IvyReportTest.testWithLatest(),org.apache.ivy.ant.IvyTask.execute(),2
org.apache.ivy.ant.IvyReport.doExecute(),org.apache.ivy.ant.IvyReport.genxml(String[]),2
org.apache.ivy.ant.IvyReport.genxml(String[]),"org.apache.ivy.util.FileUtil.copy(File, File, CopyProgressListener)",3
"org.apache.ivy.util.FileUtil.copy(File, File, CopyProgressListener)","org.apache.ivy.util.FileUtil.copy(File, File, CopyProgressListener, boolean)",36
org.apache.ivy.ant.IvyReport.genxml(String[]),"org.apache.ivy.ant.IvyReport.getOutputPattern(String, String)",3
org.apache.ivy.ant.IvyReport.genxml(String[]),"org.apache.ivy.core.cache.DefaultResolutionCacheManager.getConfigurationResolveReportInCache(String, String)",3
org.apache.ivy.ant.IvyReport.genxml(String[]),org.apache.ivy.ant.IvyTask.getIvyInstance(),2
org.apache.ivy.ant.IvyReport.genxml(String[]),org.apache.ivy.Ivy.getResolutionCacheManager(),2
"org.apache.ivy.core.resolve.ResolveData.isBlacklisted(String, ModuleRevisionId)",org.apache.ivy.core.resolve.IvyNode.isBlacklisted(String),68
"org.apache.ivy.plugins.resolver.util.ResolverHelper.listTokenValues(Repository, String, String)",org.apache.ivy.plugins.repository.file.FileRepository.list(String),227
"org.apache.ivy.plugins.resolver.util.ResolverHelper.listTokenValues(Repository, String, String)","org.apache.ivy.core.IvyPatternHelper.substituteToken(String, String, String)",90
"org.apache.ivy.core.IvyPatternHelper.substituteToken(String, String, String)","org.apache.ivy.core.IvyPatternHelper.substituteToken(StringBuffer, String, String)",334
"org.apache.ivy.core.IvyPatternHelper.substituteToken(StringBuffer, String, String)",org.apache.ivy.core.IvyPatternHelper.getTokenString(String),340
"org.apache.ivy.plugins.resolver.util.ResolverHelper.listTokenValues(Repository, String, String)",org.apache.ivy.util.Message.debug(String),407
"org.apache.ivy.plugins.resolver.util.ResolverHelper.findAll(Repository, ModuleRevisionId, String, Artifact)","org.apache.ivy.core.IvyPatternHelper.substituteToken(String, String, String)",232
"org.apache.ivy.plugins.resolver.RepositoryResolver.findDynamicResourceUsingPattern(ResourceMDParser, ModuleRevisionId, String, Artifact, Date)",org.apache.ivy.util.Message.debug(String),71
"org.apache.ivy.plugins.resolver.BasicResolver.getDependency(DependencyDescriptor, ResolveData)","org.apache.ivy.core.module.id.ModuleRevisionId.newInstance(ModuleRevisionId, String)",35
"org.apache.ivy.core.cache.DefaultRepositoryCacheManager.getResolvedRevision(ModuleRevisionId, CacheMetadataOptions)",org.apache.ivy.core.cache.DefaultRepositoryCacheManager.getTTL(ModuleRevisionId),40
org.apache.ivy.core.cache.DefaultRepositoryCacheManager.getTTL(ModuleRevisionId),org.apache.ivy.core.cache.DefaultRepositoryCacheManager.getDefaultTTL(),40
org.apache.ivy.core.cache.DefaultRepositoryCacheManager.getDefaultTTL(),org.apache.ivy.core.cache.DefaultRepositoryCacheManager.parseDuration(String),37
org.apache.ivy.core.cache.DefaultRepositoryCacheManager.parseDuration(String),"org.apache.ivy.core.cache.DefaultRepositoryCacheManager.getGroupIntValue(Matcher, int)",180
org.apache.ivy.core.cache.DefaultRepositoryCacheManager.getDefaultTTL(),org.apache.ivy.core.settings.IvySettings.getVariable(String),37
org.apache.ivy.core.cache.DefaultRepositoryCacheManager.getTTL(ModuleRevisionId),org.apache.ivy.core.module.id.ModuleRules.getRule(ModuleRevisionId),41
org.apache.ivy.core.module.id.ModuleRules.getRule(ModuleRevisionId),"org.apache.ivy.core.module.id.ModuleRules.getRule(ModuleRevisionId, Filter)",44
"org.apache.ivy.core.cache.DefaultRepositoryCacheManager.doFindModuleInCache(ModuleRevisionId, CacheMetadataOptions, String)","org.apache.ivy.core.module.id.ModuleRevisionId.newInstance(ModuleRevisionId, String)",38
"org.apache.ivy.core.cache.DefaultRepositoryCacheManager.doFindModuleInCache(ModuleRevisionId, CacheMetadataOptions, String)",org.apache.ivy.util.Message.verbose(String),38
"org.apache.ivy.core.resolve.IvyNode.loadData(String, IvyNode, String, String, boolean, IvyNodeUsage)","org.apache.ivy.core.resolve.IvyNode.moveToRealNode(String, IvyNode, String, String, boolean, IvyNode)",2
"org.apache.ivy.core.resolve.IvyNode.moveToRealNode(String, IvyNode, String, String, boolean, IvyNode)","org.apache.ivy.core.resolve.IvyNode.updateDataFrom(IvyNode, String, boolean)",2
"org.apache.ivy.core.resolve.IvyNode.updateDataFrom(IvyNode, String, boolean)","org.apache.ivy.core.resolve.IvyNodeUsage.updateDataFrom(Collection, String)",30
"org.apache.ivy.core.resolve.IvyNodeUsage.updateDataFrom(Collection, String)","org.apache.ivy.core.resolve.IvyNodeUsage.updateDataFrom(IvyNodeUsage, String)",37
"org.apache.ivy.core.resolve.IvyNodeUsage.updateDataFrom(IvyNodeUsage, String)","org.apache.ivy.core.resolve.IvyNodeUsage.updateMapOfSetForKey(Map, Map, Object)",72
"org.apache.ivy.core.resolve.IvyNodeUsage.updateDataFrom(IvyNodeUsage, String)","org.apache.ivy.core.resolve.IvyNodeUsage.updateMapOfSet(Map, Map)",36
"org.apache.ivy.core.resolve.IvyNodeUsage.updateMapOfSet(Map, Map)","org.apache.ivy.core.resolve.IvyNodeUsage.updateMapOfSetForKey(Map, Map, Object)",42
"org.apache.ivy.core.resolve.IvyNode.updateDataFrom(IvyNode, String, boolean)","org.apache.ivy.core.resolve.IvyNodeCallers.updateFrom(IvyNodeCallers, String, boolean)",30
"org.apache.ivy.core.resolve.IvyNode.updateDataFrom(IvyNode, String, boolean)",org.apache.ivy.core.resolve.IvyNode.getAllUsages(),30
"org.apache.ivy.core.resolve.IvyNode.updateDataFrom(IvyNode, String, boolean)",org.apache.ivy.core.resolve.IvyNode.updateConfsToFetch(Collection),60
"org.apache.ivy.core.resolve.IvyNode.moveToRealNode(String, IvyNode, String, String, boolean, IvyNode)","org.apache.ivy.core.resolve.IvyNode.loadData(String, IvyNode, String, String, boolean, IvyNodeUsage)",2
"org.apache.ivy.core.resolve.IvyNode.moveToRealNode(String, IvyNode, String, String, boolean, IvyNode)","org.apache.ivy.core.resolve.ResolveData.replaceNode(ModuleRevisionId, IvyNode, String)",2
"org.apache.ivy.core.resolve.ResolveData.replaceNode(ModuleRevisionId, IvyNode, String)","org.apache.ivy.core.resolve.VisitData.addVisitNodes(String, List)",2
"org.apache.ivy.core.resolve.VisitData.addVisitNodes(String, List)",org.apache.ivy.core.resolve.VisitData.getVisitNodes(String),4
"org.apache.ivy.core.resolve.ResolveData.replaceNode(ModuleRevisionId, IvyNode, String)","org.apache.ivy.core.report.ConfigurationResolveReport.updateDependency(ModuleRevisionId, IvyNode)",2
"org.apache.ivy.core.resolve.ResolveData.replaceNode(ModuleRevisionId, IvyNode, String)",org.apache.ivy.core.resolve.ResolveData.getVisitData(ModuleRevisionId),5
"org.apache.ivy.core.resolve.ResolveData.replaceNode(ModuleRevisionId, IvyNode, String)",org.apache.ivy.core.resolve.VisitData.getVisitNodes(String),2
"org.apache.ivy.core.resolve.IvyNode.moveToRealNode(String, IvyNode, String, String, boolean, IvyNode)","org.apache.ivy.core.resolve.IvyNodeUsage.updateDataFrom(Collection, String)",2
"org.apache.ivy.core.resolve.IvyNode.moveToRealNode(String, IvyNode, String, String, boolean, IvyNode)",org.apache.ivy.core.settings.IvySettings.logResolvedRevision(),2
"org.apache.ivy.core.resolve.IvyNode.moveToRealNode(String, IvyNode, String, String, boolean, IvyNode)",org.apache.ivy.core.resolve.IvyNode.getAllUsages(),2
"org.apache.ivy.core.resolve.IvyNode.moveToRealNode(String, IvyNode, String, String, boolean, IvyNode)",org.apache.ivy.util.Message.info(String),2
"org.apache.ivy.core.resolve.IvyNode.moveToRealNode(String, IvyNode, String, String, boolean, IvyNode)",org.apache.ivy.core.resolve.ResolvedModuleRevision.getId(),2
"org.apache.ivy.plugins.conflict.LatestConflictManager.resolveConflicts(IvyNode, Collection)",org.apache.ivy.plugins.version.ChainVersionMatcher.isDynamic(ModuleRevisionId),62
"org.apache.ivy.plugins.conflict.LatestConflictManager.resolveConflicts(IvyNode, Collection)",org.apache.ivy.core.resolve.IvyNode.getDependencyDescriptor(IvyNode),72
"org.apache.ivy.plugins.conflict.LatestConflictManager.resolveConflicts(IvyNode, Collection)",org.apache.ivy.core.resolve.IvyNode.getResolvedId(),68
"org.apache.ivy.plugins.conflict.LatestConflictManager.resolveConflicts(IvyNode, Collection)",org.apache.ivy.core.settings.IvySettings.getVersionMatcher(),62
"org.apache.ivy.core.resolve.IvyNodeEviction.getPendingConflicts(String, ModuleId)",org.apache.ivy.core.resolve.IvyNode.getRealNode(),8
org.apache.ivy.ant.IvyReportTest.testWithLatest(),org.apache.ivy.util.FileUtil.readEntirely(File),1
org.apache.ivy.util.FileUtil.readEntirely(File),org.apache.ivy.util.FileUtil.readEntirely(InputStream),1
org.apache.ivy.ant.IvyReportTest.testWithLatest(),org.apache.ivy.ant.IvyResolve.<init>(),1
org.apache.ivy.ant.IvyReportTest.testRegularCircular(),org.apache.ivy.ant.IvyTask.execute(),2
"org.apache.ivy.core.module.descriptor.DefaultDependencyDescriptor.<init>(ModuleRevisionId, boolean)","org.apache.ivy.core.module.descriptor.DefaultDependencyDescriptor.<init>(ModuleRevisionId, boolean, boolean)",22820
"org.apache.ivy.core.module.descriptor.DefaultDependencyDescriptor.<init>(ModuleRevisionId, boolean, boolean)","org.apache.ivy.core.module.descriptor.DefaultDependencyDescriptor.<init>(ModuleDescriptor, ModuleRevisionId, ModuleRevisionId, boolean, boolean, boolean)",22845
org.apache.ivy.core.module.descriptor.AbstractIncludeExcludeRule.hashCode(),org.apache.ivy.core.module.id.ArtifactId.hashCode(),1368
"org.apache.ivy.plugins.resolver.DualResolver.getDependency(DependencyDescriptor, ResolveData)","org.apache.ivy.core.resolve.ResolvedModuleRevision.<init>(DependencyResolver, DependencyResolver, ModuleDescriptor, MetadataArtifactDownloadReport, boolean)",8
"org.apache.ivy.core.resolve.IvyNodeCallers.doesCallersExclude(String, Artifact, Stack)","org.apache.ivy.core.resolve.IvyNode.doesExclude(ModuleDescriptor, String, String[], DependencyDescriptor, Artifact, Stack)",504
"org.apache.ivy.core.module.descriptor.DefaultDependencyDescriptor.doesExclude(String[], ArtifactId)","org.apache.ivy.plugins.matcher.MatcherHelper.matches(PatternMatcher, ArtifactId, ArtifactId)",35
"org.apache.ivy.plugins.matcher.MatcherHelper.matches(PatternMatcher, ArtifactId, ArtifactId)","org.apache.ivy.plugins.matcher.MatcherHelper.matches(PatternMatcher, ModuleId, ModuleId)",1294
"org.apache.ivy.plugins.matcher.MatcherHelper.matches(PatternMatcher, ModuleId, ModuleId)","org.apache.ivy.plugins.matcher.MatcherHelper.matches(PatternMatcher, String, String)",1419
"org.apache.ivy.plugins.matcher.MatcherHelper.matches(PatternMatcher, String, String)",org.apache.ivy.plugins.matcher.AbstractPatternMatcher.getMatcher(String),1710
org.apache.ivy.plugins.matcher.AbstractPatternMatcher.getMatcher(String),org.apache.ivy.plugins.matcher.ExactOrRegexpPatternMatcher.newMatcher(String),1328
org.apache.ivy.plugins.matcher.AbstractPatternMatcher.getMatcher(String),org.apache.ivy.plugins.matcher.RegexpPatternMatcher.newMatcher(String),1467
"org.apache.ivy.plugins.matcher.MatcherHelper.matches(PatternMatcher, String, String)",org.apache.ivy.plugins.matcher.AnyMatcher.matches(String),275
"org.apache.ivy.plugins.matcher.MatcherHelper.matches(PatternMatcher, ArtifactId, ArtifactId)","org.apache.ivy.plugins.matcher.MatcherHelper.matches(PatternMatcher, String, String)",274
"org.apache.ivy.core.resolve.IvyNode.getDependencies(String, String, String)",org.apache.ivy.util.Message.verbose(String),77
"org.apache.ivy.core.resolve.ResolveEngine.downloadArtifacts(ResolveReport, Filter, DownloadOptions)","org.apache.ivy.plugins.resolver.DualResolver.download(Artifact[], DownloadOptions)",8
"org.apache.ivy.plugins.resolver.DualResolver.download(Artifact[], DownloadOptions)","org.apache.ivy.plugins.resolver.RepositoryResolver.download(Artifact[], DownloadOptions)",11
"org.apache.ivy.core.resolve.IvyNode.doesExclude(ModuleDescriptor, String, String[], DependencyDescriptor, Artifact, Stack)",org.apache.ivy.core.module.descriptor.MDArtifact.getId(),306
"org.apache.ivy.core.module.descriptor.DefaultExcludeRule.<init>(ArtifactId, PatternMatcher, Map)","org.apache.ivy.core.module.descriptor.AbstractIncludeExcludeRule.<init>(ArtifactId, PatternMatcher, Map)",51
"org.apache.ivy.core.module.descriptor.AbstractIncludeExcludeRule.<init>(ArtifactId, PatternMatcher, Map)",org.apache.ivy.core.module.descriptor.AbstractIncludeExcludeRule.initStandardAttributes(),65
org.apache.ivy.core.module.descriptor.AbstractIncludeExcludeRule.initStandardAttributes(),"org.apache.ivy.util.extendable.UnmodifiableExtendableItem.setStandardAttribute(String, String)",377
"org.apache.ivy.core.module.descriptor.AbstractIncludeExcludeRule.<init>(ArtifactId, PatternMatcher, Map)","org.apache.ivy.util.extendable.UnmodifiableExtendableItem.<init>(Map, Map)",68
"org.apache.ivy.core.module.descriptor.DefaultDependencyDescriptor.addExcludeRule(String, ExcludeRule)","org.apache.ivy.core.module.descriptor.DefaultDependencyDescriptor.addObjectToConfiguration(String, Object, Map)",16
"org.apache.ivy.core.module.descriptor.DefaultDependencyDescriptor.addExcludeRule(String, ExcludeRule)",org.apache.ivy.core.module.descriptor.DefaultDependencyDescriptor.getExcludeRules(),16
org.apache.ivy.ant.IvyReportTest.testRegularCircular(),org.apache.ivy.ant.IvyResolve.<init>(),1
org.apache.ivy.ant.IvyRetrieveTest.testRetrievePrivateWithWildcard(),org.apache.ivy.ant.IvyTask.execute(),1
"org.apache.ivy.core.resolve.ResolveEngine.fetchDependencies(VisitNode, String, boolean)","org.apache.ivy.core.resolve.ResolveEngine.fetchDependencies(VisitNode, String, boolean)",12
"org.apache.ivy.plugins.conflict.LatestConflictManager.resolveConflicts(IvyNode, Collection)","org.apache.ivy.plugins.latest.AbstractLatestStrategy.findLatest(ArtifactInfo[], Date)",27
"org.apache.ivy.plugins.latest.AbstractLatestStrategy.findLatest(ArtifactInfo[], Date)",org.apache.ivy.plugins.latest.ComparatorLatestStrategy.sort(ArtifactInfo[]),54
"org.apache.ivy.plugins.conflict.LatestConflictManager.resolveConflicts(IvyNode, Collection)",org.apache.ivy.plugins.conflict.LatestConflictManager.toArtifactInfo(Collection),27
"org.apache.ivy.plugins.conflict.LatestConflictManager.resolveConflicts(IvyNode, Collection)",org.apache.ivy.plugins.conflict.LatestConflictManager.getStrategy(),27
"org.apache.ivy.core.resolve.ResolveEngine.resolveConflict(VisitNode, VisitNode, String, Collection)","org.apache.ivy.core.resolve.VisitNode.markEvicted(VisitNode, ConflictManager, Collection)",18
"org.apache.ivy.core.resolve.VisitNode.markEvicted(VisitNode, ConflictManager, Collection)","org.apache.ivy.core.resolve.IvyNode.markEvicted(String, IvyNode, ConflictManager, Collection)",18
"org.apache.ivy.core.resolve.IvyNode.markEvicted(String, IvyNode, ConflictManager, Collection)",org.apache.ivy.core.resolve.IvyNode.markEvicted(IvyNodeEviction$EvictionData),28
org.apache.ivy.core.resolve.IvyNode.markEvicted(IvyNodeEviction$EvictionData),"org.apache.ivy.core.resolve.IvyNode.updateDataFrom(IvyNode, String, boolean)",28
"org.apache.ivy.core.resolve.IvyNode.updateDataFrom(IvyNode, String, boolean)",org.apache.ivy.core.resolve.IvyNodeUsage.<init>(IvyNode),23
org.apache.ivy.core.resolve.IvyNode.markEvicted(IvyNodeEviction$EvictionData),org.apache.ivy.core.resolve.IvyNodeEviction.markEvicted(IvyNodeEviction$EvictionData),28
"org.apache.ivy.core.resolve.IvyNodeEviction.setEvictedNodes(ModuleId, String, Collection)",org.apache.ivy.core.resolve.IvyNode.getResolvedId(),30
org.apache.ivy.core.resolve.IvyNodeEviction.isEvicted(String),"org.apache.ivy.core.resolve.IvyNode.getResolvedRevisions(ModuleId, String)",304
org.apache.ivy.core.resolve.IvyNodeEviction.cleanEvicted(),org.apache.ivy.core.resolve.IvyNode.getRealNode(),1090
org.apache.ivy.core.resolve.IvyNodeEviction.cleanEvicted(),org.apache.ivy.core.resolve.IvyNode.equals(Object),1090
org.apache.ivy.core.resolve.IvyNodeEviction.isEvicted(String),org.apache.ivy.core.resolve.IvyNode.getResolvedId(),304
"org.apache.ivy.plugins.conflict.LatestConflictManager.resolveConflicts(IvyNode, Collection)",org.apache.ivy.core.module.descriptor.DefaultDependencyDescriptor.getParentRevisionId(),6
"org.apache.ivy.plugins.conflict.LatestConflictManager.resolveConflicts(IvyNode, Collection)",org.apache.ivy.core.module.id.ModuleRevisionId.equals(Object),6
"org.apache.ivy.core.resolve.ResolveEngine.fetchDependencies(VisitNode, String, boolean)",org.apache.ivy.core.resolve.VisitNode.gotoNode(IvyNode),12
org.apache.ivy.core.resolve.VisitNode.gotoNode(IvyNode),"org.apache.ivy.core.resolve.VisitNode.traverse(VisitNode, String, IvyNode, IvyNodeUsage)",13
org.apache.ivy.core.resolve.VisitNode.gotoNode(IvyNode),org.apache.ivy.core.resolve.ResolveData.getVisitData(ModuleRevisionId),20
org.apache.ivy.core.resolve.VisitNode.gotoNode(IvyNode),org.apache.ivy.core.resolve.VisitData.getVisitNodes(String),15
org.apache.ivy.core.resolve.VisitNode.gotoNode(IvyNode),org.apache.ivy.core.module.id.ModuleId.equals(Object),20
org.apache.ivy.core.resolve.VisitNode.gotoNode(IvyNode),org.apache.ivy.core.module.id.ModuleRevisionId.equals(Object),20
org.apache.ivy.core.resolve.VisitNode.gotoNode(IvyNode),org.apache.ivy.core.resolve.IvyNode.getModuleId(),20
org.apache.ivy.core.resolve.VisitNode.gotoNode(IvyNode),org.apache.ivy.core.resolve.VisitNode.getId(),40
org.apache.ivy.core.resolve.VisitNode.gotoNode(IvyNode),org.apache.ivy.core.resolve.VisitNode.getModuleId(),20
org.apache.ivy.core.resolve.VisitNode.gotoNode(IvyNode),org.apache.ivy.core.resolve.VisitNode.getUsage(),20
"org.apache.ivy.core.resolve.ResolveEngine.fetchDependencies(VisitNode, String, boolean)",org.apache.ivy.core.resolve.VisitNode.getEvictedData(),19
org.apache.ivy.core.resolve.VisitNode.getEvictedData(),org.apache.ivy.core.resolve.IvyNode.getEvictedData(String),19
org.apache.ivy.core.resolve.IvyNode.getEvictedData(String),org.apache.ivy.core.resolve.IvyNodeEviction.getEvictedData(String),94
"org.apache.ivy.plugins.report.XmlReportWriter.outputEvictionInformation(ConfigurationResolveReport, PrintWriter, IvyNode)",org.apache.ivy.core.resolve.IvyNode.getEvictedData(String),26
"org.apache.ivy.plugins.report.XmlReportWriter.outputEvictionInformation(ConfigurationResolveReport, PrintWriter, IvyNode)",org.apache.ivy.util.XMLHelper.escape(String),26
"org.apache.ivy.plugins.report.XmlReportWriter.outputEvictionInformation(ConfigurationResolveReport, PrintWriter, IvyNode)",org.apache.ivy.core.resolve.IvyNode.getResolvedId(),26
"org.apache.ivy.plugins.report.XmlReportWriter.ouputRevision(ConfigurationResolveReport, PrintWriter, List, IvyNode)",org.apache.ivy.core.resolve.IvyNode.getEvictedData(String),26
"org.apache.ivy.plugins.report.XmlReportWriter.ouputRevision(ConfigurationResolveReport, PrintWriter, List, IvyNode)",org.apache.ivy.plugins.conflict.LatestConflictManager.toString(),26
"org.apache.ivy.plugins.report.LogReportOutputter.output(ResolveReport, ResolutionCacheManager, ResolveOptions)",org.apache.ivy.util.Message.verbose(String),23
"org.apache.ivy.plugins.report.LogReportOutputter.output(ResolveReport, ResolutionCacheManager, ResolveOptions)",org.apache.ivy.core.resolve.IvyNode.getAllEvictingNodesDetails(),21
org.apache.ivy.core.resolve.IvyNode.getAllEvictingNodesDetails(),org.apache.ivy.core.resolve.IvyNodeEviction.getAllEvictingNodesDetails(),21
"org.apache.ivy.plugins.report.LogReportOutputter.output(ResolveReport, ResolutionCacheManager, ResolveOptions)",org.apache.ivy.util.Message.info(String),38
"org.apache.ivy.plugins.report.LogReportOutputter.output(ResolveReport, ResolutionCacheManager, ResolveOptions)",org.apache.ivy.core.resolve.IvyNode.getEvictedConfs(),42
org.apache.ivy.core.resolve.IvyNode.getEvictedConfs(),org.apache.ivy.core.resolve.IvyNodeEviction.getEvictedConfs(),42
org.apache.ivy.core.resolve.IvyNodeEviction.getEvictedConfs(),org.apache.ivy.core.resolve.IvyNodeEviction.cleanEvicted(),42
"org.apache.ivy.plugins.report.LogReportOutputter.output(ResolveReport, ResolutionCacheManager, ResolveOptions)",org.apache.ivy.core.resolve.IvyNode.getEvictedData(String),23
"org.apache.ivy.ant.IvyPostResolveTask.getConfsToResolve(ModuleDescriptor, String, String[])",org.apache.ivy.ant.IvyTask.splitConfs(String),23
org.apache.ivy.ant.IvyPostResolveTask.prepareAndCheck(),"org.apache.ivy.ant.IvyTask.getProperty(IvySettings, String)",6
org.apache.ivy.ant.IvyRetrieveTest.testRetrievePrivateWithWildcard(),"org.apache.ivy.core.IvyPatternHelper.substitute(String, String, String, String, String, String, String, String)",2
"org.apache.ivy.core.IvyPatternHelper.substitute(String, String, String, String, String, String, String, String)","org.apache.ivy.core.IvyPatternHelper.substitute(String, String, String, String, String, String, String, String, String, ArtifactOrigin, Map, Map)",27
org.apache.ivy.ant.IvyRetrieveTest.testUseOriginWithIvyPattern(),org.apache.ivy.ant.IvyTask.execute(),1
"org.apache.ivy.core.cache.DefaultRepositoryCacheManager.download(Artifact, ArtifactResourceResolver, ResourceDownloader, CacheDownloadOptions)","org.apache.ivy.core.cache.DefaultRepositoryCacheManager.getArchiveFileInCache(Artifact, ArtifactOrigin)",9
"org.apache.ivy.core.cache.DefaultRepositoryCacheManager.getArchiveFileInCache(Artifact, ArtifactOrigin)","org.apache.ivy.util.Checks.checkAbsolute(String, String)",14
"org.apache.ivy.core.cache.DefaultRepositoryCacheManager.getArchiveFileInCache(Artifact, ArtifactOrigin, boolean)",org.apache.ivy.core.cache.ArtifactOrigin.isUnknown(ArtifactOrigin),9
"org.apache.ivy.plugins.resolver.BasicResolver.download(Artifact[], DownloadOptions)",org.apache.ivy.util.Message.verbose(String),48
"org.apache.ivy.ant.IvyResolve.getResolveOptions(Ivy, String[], IvySettings)",org.apache.ivy.core.settings.IvySettings.useDeprecatedUseOrigin(),2
org.apache.ivy.core.settings.IvySettings.useDeprecatedUseOrigin(),org.apache.ivy.util.Message.deprecated(String),8
org.apache.ivy.ant.IvyRetrieveTest.testUseOriginWithIvyPattern(),"org.apache.ivy.core.IvyPatternHelper.substitute(String, String, String, String, String, String, String)",4
org.apache.ivy.ant.IvyResolveTest.testConflictingDepsChanged(),org.apache.ivy.ant.IvyTask.execute(),2
"org.apache.ivy.core.resolve.ResolveEngine.resolveConflict(VisitNode, VisitNode, String, Collection)","org.apache.ivy.core.resolve.IvyNode.markEvicted(String, IvyNode, ConflictManager, Collection)",10
"org.apache.ivy.core.cache.DefaultRepositoryCacheManager.doFindModuleInCache(ModuleRevisionId, CacheMetadataOptions, String)",org.apache.ivy.core.cache.DefaultRepositoryCacheManager.getSavedArtifactOrigin(Artifact),52
"org.apache.ivy.core.cache.DefaultRepositoryCacheManager.doFindModuleInCache(ModuleRevisionId, CacheMetadataOptions, String)","org.apache.ivy.core.resolve.ResolvedModuleRevision.<init>(DependencyResolver, DependencyResolver, ModuleDescriptor, MetadataArtifactDownloadReport)",52
"org.apache.ivy.core.cache.DefaultRepositoryCacheManager.doFindModuleInCache(ModuleRevisionId, CacheMetadataOptions, String)",org.apache.ivy.core.report.MetadataArtifactDownloadReport.<init>(Artifact),52
"org.apache.ivy.core.cache.DefaultRepositoryCacheManager.doFindModuleInCache(ModuleRevisionId, CacheMetadataOptions, String)",org.apache.ivy.core.module.descriptor.DefaultModuleDescriptor.getMetadataArtifact(),104
"org.apache.ivy.plugins.resolver.AbstractResolver.findModuleInCache(DependencyDescriptor, ResolveData, boolean)","org.apache.ivy.core.resolve.ResolveData.isBlacklisted(String, ModuleRevisionId)",49
"org.apache.ivy.plugins.resolver.AbstractResolver.findModuleInCache(DependencyDescriptor, ResolveData, boolean)",org.apache.ivy.core.resolve.ResolvedModuleRevision.getId(),49
"org.apache.ivy.plugins.resolver.ChainResolver.getDependency(DependencyDescriptor, ResolveData)",org.apache.ivy.plugins.resolver.ChainResolver.forcedRevision(ResolvedModuleRevision),83
org.apache.ivy.plugins.resolver.ChainResolver.forcedRevision(ResolvedModuleRevision),"org.apache.ivy.core.resolve.ResolvedModuleRevision.<init>(DependencyResolver, DependencyResolver, ModuleDescriptor, MetadataArtifactDownloadReport, boolean)",83
"org.apache.ivy.plugins.resolver.ChainResolver.getDependency(DependencyDescriptor, ResolveData)",org.apache.ivy.core.resolve.ResolvedModuleRevision.getId(),52
org.apache.ivy.core.report.ConfigurationResolveReport.checkIfChanged(),org.apache.ivy.plugins.report.XmlReportParser.parse(File),5
org.apache.ivy.core.report.ConfigurationResolveReport.checkIfChanged(),org.apache.ivy.core.report.ConfigurationResolveReport.getModuleRevisionIds(),5
org.apache.ivy.core.report.ConfigurationResolveReport.checkIfChanged(),org.apache.ivy.plugins.report.XmlReportParser.getDependencyRevisionIds(),5
org.apache.ivy.core.report.ConfigurationResolveReport.checkIfChanged(),org.apache.ivy.plugins.report.XmlReportParser.<init>(),5
"org.apache.ivy.core.resolve.ResolveEngine.resolve(ModuleDescriptor, ResolveOptions)",org.apache.ivy.core.module.id.ModuleRevisionId.equals(Object),48
org.apache.ivy.ant.IvyResolveTest.testConflictingDepsChanged(),org.apache.ivy.ant.IvyResolveTest.getIvy(),2
org.apache.ivy.ant.IvyResolveTest.getIvy(),org.apache.ivy.ant.IvyTask.getIvyInstance(),53
org.apache.ivy.ant.IvyResolveTest.testConflictingDepsChanged(),org.apache.ivy.Ivy.getVariable(String),2
org.apache.ivy.Ivy.getVariable(String),org.apache.ivy.Ivy.pushContext(),22
org.apache.ivy.Ivy.getVariable(String),org.apache.ivy.Ivy.popContext(),22
org.apache.ivy.Ivy.getVariable(String),org.apache.ivy.core.settings.IvySettings.getVariable(String),22
org.apache.ivy.Ivy.getVariable(String),org.apache.ivy.Ivy.assertBound(),22
org.apache.ivy.ant.IvyReportTest.testNoRevisionInOutputPattern(),org.apache.ivy.ant.IvyTask.execute(),2
org.apache.ivy.ant.IvyReportTest.testNoRevisionInOutputPattern(),org.apache.ivy.ant.IvyResolve.<init>(),1
org.apache.ivy.ant.IvyRetrieveTest.testCustomIvyPatternWithConf(),org.apache.ivy.ant.IvyTask.execute(),1
org.apache.ivy.core.module.descriptor.DefaultModuleDescriptor.check(),"org.apache.ivy.core.module.descriptor.DefaultModuleDescriptor.checkConf(Stack, String)",189
"org.apache.ivy.core.module.descriptor.DefaultModuleDescriptor.checkConf(Stack, String)",org.apache.ivy.core.module.descriptor.DefaultModuleDescriptor.getConfiguration(String),242
"org.apache.ivy.core.resolve.ResolveEngine.resolveConflict(VisitNode, VisitNode, String, Collection)",org.apache.ivy.core.resolve.VisitNode.gotoNode(IvyNode),8
"org.apache.ivy.core.resolve.ResolveEngine.fetchDependencies(VisitNode, String, boolean)",org.apache.ivy.core.resolve.IvyNode.updateConfsToFetch(Collection),7
"org.apache.ivy.core.resolve.ResolveEngine.downloadArtifacts(ResolveReport, Filter, DownloadOptions)",org.apache.ivy.core.report.ConfigurationResolveReport.addDependency(IvyNode),6
org.apache.ivy.core.report.ArtifactDownloadReport.equals(Object),org.apache.ivy.core.module.descriptor.AbstractArtifact.equals(Object),5
org.apache.ivy.ant.IvyRetrieveTest.testCustomIvyPatternWithConf(),"org.apache.ivy.core.IvyPatternHelper.substitute(String, String, String, String, String, String, String, String)",3
org.apache.ivy.ant.IvyRetrieveTest.testSyncWithIvyPattern(),org.apache.ivy.ant.IvyTask.execute(),1
"org.apache.ivy.core.retrieve.RetrieveEngine.retrieve(ModuleRevisionId, RetrieveOptions)","org.apache.ivy.core.retrieve.RetrieveEngine.sync(Collection, Collection)",4
"org.apache.ivy.core.retrieve.RetrieveEngine.sync(Collection, Collection)",org.apache.ivy.util.FileUtil.forceDelete(File),12
"org.apache.ivy.core.retrieve.RetrieveEngine.sync(Collection, Collection)",org.apache.ivy.util.Message.verbose(String),12
"org.apache.ivy.core.retrieve.RetrieveEngine.retrieve(ModuleRevisionId, RetrieveOptions)","org.apache.ivy.util.FileUtil.listAll(File, Collection)",5
"org.apache.ivy.util.FileUtil.listAll(File, Collection)","org.apache.ivy.util.FileUtil.listAll(File, Collection, Collection)",6
"org.apache.ivy.util.FileUtil.listAll(File, Collection, Collection)","org.apache.ivy.util.FileUtil.listAll(File, Collection, Collection)",64
"org.apache.ivy.core.retrieve.RetrieveEngine.retrieve(ModuleRevisionId, RetrieveOptions)",org.apache.ivy.core.settings.IvySettings.getIgnorableFilenames(),4
org.apache.ivy.ant.IvyRetrieveTest.testSyncWithIvyPattern(),org.apache.ivy.ant.IvyRetrieveTest.touch(File),4
org.apache.ivy.ant.IvyRetrieveTest.testSyncWithIvyPattern(),"org.apache.ivy.core.IvyPatternHelper.substitute(String, String, String, String, String, String, String, String)",7
org.apache.ivy.ant.IvyPublishTest.testMergeExtraAttributesFromParent(),org.apache.ivy.ant.IvyTask.execute(),4
"org.apache.ivy.core.resolve.ResolveData.isSubMap(Map, Map)","org.apache.ivy.core.resolve.ResolveData.isEqual(Object, Object)",410
"org.apache.ivy.util.extendable.ExtendableItemHelper.getExtraAttributes(ParserSettings, Attributes, String[])",org.apache.ivy.core.settings.IvySettings.substitute(String),58
org.apache.ivy.core.settings.IvySettings.getRelativeUrlResolver(),org.apache.ivy.core.NormalRelativeUrlResolver.<init>(),26
org.apache.ivy.core.NormalRelativeUrlResolver.<init>(),org.apache.ivy.core.RelativeUrlResolver.<init>(),32
"org.apache.ivy.core.module.descriptor.Configuration.<init>(Configuration, ModuleRevisionId)","org.apache.ivy.core.module.descriptor.Configuration.<init>(Map, Map, String, Configuration$Visibility, String, String[], boolean, String, ModuleRevisionId)",39
"org.apache.ivy.core.publish.PublishEngine.publish(ModuleRevisionId, Collection, String, PublishOptions)","org.apache.ivy.plugins.parser.xml.XmlModuleDescriptorUpdater.update(URL, File, UpdateOptions)",9
"org.apache.ivy.plugins.parser.xml.XmlModuleDescriptorUpdater.update(URL, File, UpdateOptions)","org.apache.ivy.plugins.parser.xml.XmlModuleDescriptorUpdater.update(URL, OutputStream, UpdateOptions)",12
"org.apache.ivy.plugins.parser.xml.XmlModuleDescriptorUpdater.update(URL, OutputStream, UpdateOptions)","org.apache.ivy.plugins.parser.xml.XmlModuleDescriptorUpdater.update(URL, InputStream, OutputStream, UpdateOptions)",12
"org.apache.ivy.core.publish.PublishEngine.publish(ModuleRevisionId, Collection, String, PublishOptions)","org.apache.ivy.util.ConfigurationUtils.replaceWildcards(String[], ModuleDescriptor)",9
"org.apache.ivy.core.publish.PublishEngine.publish(ModuleRevisionId, Collection, String, PublishOptions)",org.apache.ivy.core.module.descriptor.DefaultModuleDescriptor.getConfigurationsNames(),9
"org.apache.ivy.core.publish.PublishEngine.publish(ModuleRevisionId, Collection, String, PublishOptions)",org.apache.ivy.plugins.parser.xml.UpdateOptions.<init>(),9
"org.apache.ivy.core.deliver.DeliverEngine.deliver(ModuleRevisionId, String, String, DeliverOptions)",org.apache.ivy.core.module.id.ModuleRevisionId.decode(String),51
org.apache.ivy.core.module.id.ModuleRevisionId.decode(String),"org.apache.ivy.core.module.id.ModuleRevisionId.newInstance(String, String, String, String, Map)",51
"org.apache.ivy.core.deliver.DeliverEngine.deliver(ModuleRevisionId, String, String, DeliverOptions)","org.apache.ivy.core.module.id.ModuleRevisionId.newInstance(ModuleRevisionId, String)",51
"org.apache.ivy.core.deliver.DeliverEngine.deliver(ModuleRevisionId, String, String, DeliverOptions)","org.apache.ivy.core.deliver.DefaultPublishingDRResolver.resolve(ModuleDescriptor, String, ModuleRevisionId, String)",53
org.apache.ivy.ant.IvyPublishTest.testMergeExtraAttributesFromParent(),"org.apache.ivy.util.FileUtil.copy(File, File, CopyProgressListener)",1
org.apache.ivy.ant.IvyPublishTest.testMergeExtraAttributesFromParent(),org.apache.ivy.ant.IvyResolve.<init>(),2
org.apache.ivy.ant.IvyPublishTest.testMergeExtraAttributesFromParent(),org.apache.ivy.ant.IvyPublish.<init>(),1
org.apache.ivy.ant.IvyPublishTest.testMergeExtraAttributesFromParent(),org.apache.ivy.ant.IvyPublish.addArtifactspattern(String),1
org.apache.ivy.ant.IvyDeliverTest.testMergeParent(),org.apache.ivy.ant.IvyTask.execute(),4
org.apache.ivy.core.resolve.IvyNode.hasAnyMergedUsageWithTransitiveDependency(String),org.apache.ivy.core.resolve.IvyNodeUsage.hasTransitiveDepender(String),14
"org.apache.ivy.core.resolve.IvyNodeEviction.getEvictedNodes(ModuleId, String)",org.apache.ivy.core.resolve.IvyNode.getRealNode(),3
"org.apache.ivy.core.resolve.ResolveEngine.checkConflictSolvedEvicted(VisitNode, VisitNode)",org.apache.ivy.core.settings.IvySettings.debugConflictResolution(),3
"org.apache.ivy.core.cache.DefaultResolutionCacheManager.saveLocalParents(ModuleRevisionId, ModuleDescriptor, File, Properties)",org.apache.ivy.core.module.descriptor.DefaultModuleDescriptor.toIvyFile(File),3
org.apache.ivy.core.module.descriptor.DefaultModuleDescriptor.toIvyFile(File),org.apache.ivy.plugins.repository.file.FileResource.openStream(),3
"org.apache.ivy.core.cache.DefaultResolutionCacheManager.saveLocalParents(ModuleRevisionId, ModuleDescriptor, File, Properties)",org.apache.ivy.core.cache.DefaultResolutionCacheManager.getResolvedIvyFileInCache(ModuleRevisionId),3
"org.apache.ivy.core.cache.DefaultResolutionCacheManager.saveLocalParents(ModuleRevisionId, ModuleDescriptor, File, Properties)","org.apache.ivy.core.module.id.ModuleRevisionId.newInstance(ModuleRevisionId, String)",3
"org.apache.ivy.core.cache.DefaultResolutionCacheManager.saveLocalParents(ModuleRevisionId, ModuleDescriptor, File, Properties)","org.apache.ivy.core.cache.DefaultResolutionCacheManager.saveLocalParents(ModuleRevisionId, ModuleDescriptor, File, Properties)",3
org.apache.ivy.core.cache.DefaultResolutionCacheManager.saveResolvedModuleDescriptor(ModuleDescriptor),org.apache.ivy.core.cache.DefaultResolutionCacheManager.getResolvedIvyPropertiesInCache(ModuleRevisionId),3
org.apache.ivy.core.cache.DefaultResolutionCacheManager.saveResolvedModuleDescriptor(ModuleDescriptor),"org.apache.ivy.core.module.id.ModuleRevisionId.newInstance(ModuleRevisionId, String)",3
org.apache.ivy.plugins.repository.ResourceHelper.getLastModifiedOrDefault(Resource),org.apache.ivy.plugins.repository.file.FileResource.getLastModified(),23
org.apache.ivy.ant.IvyDeliverTest.testMergeParent(),"org.apache.ivy.util.FileUtil.copy(File, File, CopyProgressListener)",1
org.apache.ivy.ant.IvyDeliverTest.testMergeParent(),org.apache.ivy.ant.IvyPublish.<init>(),1
org.apache.ivy.ant.IvyDeliverTest.testMergeParent(),org.apache.ivy.ant.IvyResolve.<init>(),2
org.apache.ivy.ant.IvyResourcesTest.testExclude(),org.apache.ivy.ant.IvyResourcesTest.asList(IvyResources),1
"org.apache.ivy.core.module.descriptor.DefaultModuleDescriptor.doesExclude(String[], ArtifactId)","org.apache.ivy.plugins.matcher.MatcherHelper.matches(PatternMatcher, ArtifactId, ArtifactId)",1238
org.apache.ivy.core.module.descriptor.DefaultModuleDescriptor.getExcludeRules(String[]),"org.apache.ivy.core.module.descriptor.DefaultModuleDescriptor.containsAny(String[], String[])",1652
org.apache.ivy.core.module.descriptor.DefaultModuleDescriptor.getExcludeRules(String[]),org.apache.ivy.core.module.descriptor.AbstractIncludeExcludeRule.getConfigurations(),1652
"org.apache.ivy.plugins.parser.xml.XmlModuleDescriptorWriter.printAllExcludes(ModuleDescriptor, PrintWriter)",org.apache.ivy.util.XMLHelper.escape(String),12
"org.apache.ivy.plugins.parser.xml.XmlModuleDescriptorWriter.printAllExcludes(ModuleDescriptor, PrintWriter)",org.apache.ivy.core.module.descriptor.DefaultModuleDescriptor.getConfigurationsNames(),2
"org.apache.ivy.plugins.parser.xml.XmlModuleDescriptorWriter.printAllExcludes(ModuleDescriptor, PrintWriter)",org.apache.ivy.core.module.descriptor.AbstractIncludeExcludeRule.getConfigurations(),2
org.apache.ivy.ant.IvyResolve.doExecute(),org.apache.ivy.ant.IvyExclude.asRule(IvySettings),2
org.apache.ivy.ant.IvyExclude.asRule(IvySettings),"org.apache.ivy.core.module.descriptor.DefaultExcludeRule.<init>(ArtifactId, PatternMatcher, Map)",7
org.apache.ivy.ant.IvyExclude.asRule(IvySettings),"org.apache.ivy.core.module.id.ModuleId.<init>(String, String)",8
org.apache.ivy.ant.IvyExclude.asRule(IvySettings),org.apache.ivy.core.settings.IvySettings.getMatcher(String),7
org.apache.ivy.ant.IvyExclude.asRule(IvySettings),"org.apache.ivy.core.module.id.ArtifactId.<init>(ModuleId, String, String, String)",8
org.apache.ivy.ant.IvyResolve.doExecute(),org.apache.ivy.core.module.descriptor.AbstractIncludeExcludeRule.addConfiguration(String),2
org.apache.ivy.ant.IvyResolve.doExecute(),org.apache.ivy.core.module.descriptor.DefaultModuleDescriptor.addExcludeRule(ExcludeRule),2
org.apache.ivy.ant.IvyResourcesTest.testExclude(),"org.apache.ivy.ant.IvyResourcesTest.getArchiveFileInCache(String, String, String, String, String, String)",3
org.apache.ivy.ant.IvyResourcesTest.testExclude(),org.apache.ivy.ant.IvyPostResolveTask.createDependency(),2
org.apache.ivy.ant.IvyResourcesTest.testExclude(),org.apache.ivy.ant.IvyPostResolveTask.createExclude(),1
org.apache.ivy.ant.IvyPostResolveTask.createExclude(),org.apache.ivy.ant.IvyResolve.createExclude(),2
org.apache.ivy.ant.IvyResolve.createExclude(),org.apache.ivy.ant.IvyExclude.<init>(),4
org.apache.ivy.ant.IvyRetrieveTest.testSync(),org.apache.ivy.ant.IvyTask.execute(),1
org.apache.ivy.ant.IvyRetrieveTest.testSync(),org.apache.ivy.ant.IvyRetrieveTest.touch(File),4
org.apache.ivy.ant.IvyRetrieveTest.testSync(),"org.apache.ivy.core.IvyPatternHelper.substitute(String, String, String, String, String, String, String, String)",7
org.apache.ivy.ant.IvyPublishTest.testForceDeliver(),org.apache.ivy.ant.IvyTask.execute(),2
org.apache.ivy.ant.IvyPublishTest.testForceDeliver(),"org.apache.ivy.plugins.parser.AbstractModuleDescriptorParser.parseDescriptor(ParserSettings, URL, boolean)",1
org.apache.ivy.core.IvyContext.getIvy(),org.apache.ivy.core.IvyContext.getDefaultIvy(),2900
org.apache.ivy.ant.IvyPublishTest.testForceDeliver(),org.apache.ivy.core.settings.IvySettings.<init>(),1
org.apache.ivy.ant.IvyPublishTest.testForceDeliver(),"org.apache.ivy.util.FileUtil.copy(File, File, CopyProgressListener)",2
org.apache.ivy.ant.IvyPublishTest.testForceDeliver(),org.apache.ivy.ant.IvyResolve.<init>(),1
org.apache.ivy.ant.IvyReportTest.testCopyCssIfTodirNotSet(),org.apache.ivy.ant.IvyTask.execute(),2
org.apache.ivy.ant.IvyReport.doExecute(),"org.apache.ivy.ant.IvyTask.getProperty(IvySettings, String)",1
org.apache.ivy.ant.IvyReportTest.testCopyCssIfTodirNotSet(),org.apache.ivy.ant.IvyResolve.<init>(),1
org.apache.ivy.ant.IvyPublishTest.testMergeParentWithoutPublishingParentForceDeliver(),org.apache.ivy.ant.IvyTask.execute(),2
org.apache.ivy.ant.IvyPublishTest.testMergeParentWithoutPublishingParentForceDeliver(),org.apache.ivy.ant.IvyResolve.<init>(),1
org.apache.ivy.ant.IvyPublishTest.testMergeParentWithoutPublishingParentForceDeliver(),org.apache.ivy.ant.IvyPublish.addArtifactspattern(String),1
org.apache.ivy.ant.IvyRetrieveTest.testWithConf(),org.apache.ivy.ant.IvyTask.execute(),1
org.apache.ivy.ant.IvyRetrieveTest.testWithConf(),"org.apache.ivy.core.IvyPatternHelper.substitute(String, String, String, String, String, String, String, String)",3
org.apache.ivy.ant.IvyPublishTest.testMergeExtraAttributes(),org.apache.ivy.ant.IvyTask.execute(),4
org.apache.ivy.ant.IvyPublishTest.testMergeExtraAttributes(),"org.apache.ivy.util.FileUtil.copy(File, File, CopyProgressListener)",1
org.apache.ivy.ant.IvyPublishTest.testMergeExtraAttributes(),org.apache.ivy.ant.IvyResolve.<init>(),2
org.apache.ivy.ant.IvyPublishTest.testMergeExtraAttributes(),org.apache.ivy.ant.IvyPublish.<init>(),1
org.apache.ivy.ant.IvyPublishTest.testMergeExtraAttributes(),org.apache.ivy.ant.IvyPublish.addArtifactspattern(String),1
org.apache.ivy.ant.IvyResolveTest.testDepsChanged(),org.apache.ivy.ant.IvyTask.execute(),2
org.apache.ivy.ant.IvyResolveTest.testDepsChanged(),org.apache.ivy.ant.IvyResolveTest.getIvy(),2
org.apache.ivy.ant.IvyResolveTest.testDepsChanged(),org.apache.ivy.Ivy.getVariable(String),2
org.apache.ivy.ant.IvyResolveTest.testChildsMultiple(),org.apache.ivy.ant.IvyTask.execute(),1
org.apache.ivy.ant.IvyResolveTest.testChildsMultiple(),"org.apache.ivy.ant.IvyResolveTest.getArchiveFileInCache(String, String, String, String, String, String)",5
"org.apache.ivy.ant.IvyResolveTest.getArchiveFileInCache(String, String, String, String, String, String)","org.apache.ivy.TestHelper.getArchiveFileInCache(Ivy, String, String, String, String, String, String)",28
"org.apache.ivy.ant.IvyResolveTest.getArchiveFileInCache(String, String, String, String, String, String)",org.apache.ivy.ant.IvyResolveTest.getIvy(),28
org.apache.ivy.ant.IvyResolveTest.testChildsMultiple(),org.apache.ivy.ant.IvyResolve.createDependency(),2
org.apache.ivy.ant.IvyRepositoryReportTest.testSimple(),org.apache.ivy.ant.IvyTask.execute(),1
org.apache.ivy.ant.IvyTask.execute(),org.apache.ivy.ant.IvyRepositoryReport.doExecute(),4
org.apache.ivy.ant.IvyRepositoryReport.doExecute(),"org.apache.ivy.Ivy.resolve(ModuleDescriptor, ResolveOptions)",5
org.apache.ivy.ant.IvyRepositoryReport.doExecute(),"org.apache.ivy.Ivy.listModules(ModuleRevisionId, PatternMatcher)",5
"org.apache.ivy.Ivy.listModules(ModuleRevisionId, PatternMatcher)","org.apache.ivy.core.search.SearchEngine.listModules(ModuleRevisionId, PatternMatcher)",7
"org.apache.ivy.core.search.SearchEngine.listModules(ModuleRevisionId, PatternMatcher)","org.apache.ivy.plugins.resolver.AbstractPatternsBasedResolver.listTokenValues(String[], Map)",71
"org.apache.ivy.core.search.SearchEngine.listModules(ModuleRevisionId, PatternMatcher)","org.apache.ivy.core.module.id.ModuleRevisionId.newInstance(String, String, String, String, Map)",102
"org.apache.ivy.core.search.SearchEngine.listModules(ModuleRevisionId, PatternMatcher)","org.apache.ivy.core.search.SearchEngine.addMatcher(PatternMatcher, String, Map, String)",88
"org.apache.ivy.core.search.SearchEngine.listModules(ModuleRevisionId, PatternMatcher)",org.apache.ivy.plugins.resolver.AbstractResolver.getNamespace(),102
"org.apache.ivy.core.search.SearchEngine.listModules(ModuleRevisionId, PatternMatcher)",org.apache.ivy.core.settings.IvySettings.getResolvers(),22
"org.apache.ivy.Ivy.listModules(ModuleRevisionId, PatternMatcher)",org.apache.ivy.Ivy.pushContext(),7
"org.apache.ivy.Ivy.listModules(ModuleRevisionId, PatternMatcher)",org.apache.ivy.Ivy.popContext(),7
org.apache.ivy.ant.IvyRepositoryReport.doExecute(),"org.apache.ivy.plugins.report.XmlReportOutputter.output(ResolveReport, ResolutionCacheManager, ResolveOptions)",5
org.apache.ivy.ant.IvyRepositoryReport.doExecute(),"org.apache.ivy.util.FileUtil.copy(File, File, CopyProgressListener)",5
org.apache.ivy.ant.IvyRepositoryReport.doExecute(),"org.apache.ivy.core.module.id.ModuleRevisionId.newInstance(ModuleRevisionId, String)",38
org.apache.ivy.ant.IvyRepositoryReport.doExecute(),"org.apache.ivy.core.module.descriptor.DefaultModuleDescriptor.newCallerInstance(ModuleRevisionId[], boolean, boolean)",5
"org.apache.ivy.core.module.descriptor.DefaultModuleDescriptor.newCallerInstance(ModuleRevisionId[], boolean, boolean)","org.apache.ivy.core.module.descriptor.DefaultModuleDescriptor.<init>(ModuleRevisionId, String, Date, boolean)",267
"org.apache.ivy.core.module.descriptor.DefaultModuleDescriptor.newCallerInstance(ModuleRevisionId[], boolean, boolean)","org.apache.ivy.core.module.descriptor.DefaultDependencyDescriptor.addDependencyConfiguration(String, String)",28
"org.apache.ivy.core.module.descriptor.DefaultModuleDescriptor.newCallerInstance(ModuleRevisionId[], boolean, boolean)","org.apache.ivy.core.module.id.ModuleRevisionId.newInstance(String, String, String)",267
"org.apache.ivy.core.module.descriptor.DefaultModuleDescriptor.newCallerInstance(ModuleRevisionId[], boolean, boolean)","org.apache.ivy.core.module.descriptor.DefaultDependencyDescriptor.<init>(ModuleDescriptor, ModuleRevisionId, boolean, boolean, boolean)",31
"org.apache.ivy.core.module.descriptor.DefaultModuleDescriptor.newCallerInstance(ModuleRevisionId[], boolean, boolean)",org.apache.ivy.core.module.descriptor.Configuration.<init>(String),265
"org.apache.ivy.core.module.descriptor.DefaultModuleDescriptor.newCallerInstance(ModuleRevisionId[], boolean, boolean)",org.apache.ivy.core.module.descriptor.DefaultModuleDescriptor.addConfiguration(Configuration),265
"org.apache.ivy.core.module.descriptor.DefaultModuleDescriptor.newCallerInstance(ModuleRevisionId[], boolean, boolean)",org.apache.ivy.core.module.descriptor.DefaultModuleDescriptor.addDependency(DependencyDescriptor),28
org.apache.ivy.ant.IvyRepositoryReport.doExecute(),"org.apache.ivy.core.module.id.ModuleRevisionId.newInstance(String, String, String)",5
org.apache.ivy.ant.IvyRepositoryReport.doExecute(),org.apache.ivy.ant.IvyTask.getIvyInstance(),11
org.apache.ivy.ant.IvyRepositoryReport.doExecute(),org.apache.ivy.core.settings.IvySettings.getVersionMatcher(),5
org.apache.ivy.ant.IvyRepositoryReport.doExecute(),"org.apache.ivy.core.cache.DefaultResolutionCacheManager.getConfigurationResolveReportInCache(String, String)",5
org.apache.ivy.ant.IvyRepositoryReport.doExecute(),"org.apache.ivy.core.module.id.ModuleRevisionId.<init>(ModuleId, String, String)",5
org.apache.ivy.ant.IvyRepositoryReport.doExecute(),org.apache.ivy.plugins.version.ChainVersionMatcher.isDynamic(ModuleRevisionId),5
org.apache.ivy.ant.IvyRepositoryReport.doExecute(),org.apache.ivy.core.resolve.ResolveOptions.getDefaultResolveId(ModuleDescriptor),5
org.apache.ivy.ant.IvyRepositoryReport.doExecute(),org.apache.ivy.core.resolve.ResolveOptions.<init>(),10
org.apache.ivy.ant.IvyRepositoryReport.doExecute(),"org.apache.ivy.core.module.id.ModuleId.<init>(String, String)",5
org.apache.ivy.ant.IvyRepositoryReport.doExecute(),org.apache.ivy.plugins.report.XmlReportOutputter.<init>(),5
org.apache.ivy.ant.IvyRepositoryReport.doExecute(),org.apache.ivy.core.settings.IvySettings.getMatcher(String),5
org.apache.ivy.ant.IvyRepositoryReport.doExecute(),org.apache.ivy.Ivy.getResolutionCacheManager(),5
org.apache.ivy.ant.IvyRepositoryReport.doExecute(),org.apache.ivy.ant.IvyRepositoryReport.getTodir(),5
org.apache.ivy.ant.IvyRepositoryReport.doExecute(),org.apache.ivy.ant.IvyTask.doValidate(IvySettings),5
org.apache.ivy.ant.IvyRepositoryReportTest.testSimple(),org.apache.ivy.util.FileUtil.readEntirely(BufferedReader),1
org.apache.ivy.ant.IvyInstallTest.testInstallWithConfsDefaultSettings(),org.apache.ivy.ant.IvyTask.execute(),1
"org.apache.ivy.core.module.descriptor.DefaultModuleDescriptor.checkConf(Stack, String)","org.apache.ivy.core.module.descriptor.DefaultModuleDescriptor.checkConf(Stack, String)",53
"org.apache.ivy.plugins.matcher.MatcherHelper.isExact(PatternMatcher, ModuleRevisionId)",org.apache.ivy.core.module.id.ModuleRevisionId.getName(),21
org.apache.ivy.ant.IvyPublishTest.testMergeParent(),org.apache.ivy.ant.IvyTask.execute(),3
org.apache.ivy.ant.IvyPublishTest.testMergeParent(),"org.apache.ivy.util.FileUtil.copy(File, File, CopyProgressListener)",1
org.apache.ivy.ant.IvyPublishTest.testMergeParent(),org.apache.ivy.ant.IvyPublish.<init>(),1
org.apache.ivy.ant.IvyPublishTest.testMergeParent(),org.apache.ivy.ant.IvyResolve.<init>(),1
org.apache.ivy.ant.IvyPublishTest.testMergeParent(),org.apache.ivy.ant.IvyPublish.addArtifactspattern(String),1
org.apache.ivy.ant.IvyResourcesTest.testMultipleWithConf2(),org.apache.ivy.ant.IvyResourcesTest.asList(IvyResources),1
org.apache.ivy.ant.IvyResourcesTest.testMultipleWithConf2(),"org.apache.ivy.ant.IvyResourcesTest.getArchiveFileInCache(String, String, String, String, String, String)",4
org.apache.ivy.ant.IvyResourcesTest.testMultipleWithConf2(),org.apache.ivy.ant.IvyPostResolveTask.createDependency(),2
org.apache.ivy.ant.IvyDeliverTest.tearDown(),org.apache.ivy.ant.IvyDeliverTest.cleanCache(),15
org.apache.ivy.ant.IvyDeliverTest.tearDown(),org.apache.ivy.ant.IvyDeliverTest.cleanTestDir(),13
org.apache.ivy.ant.IvyDeliverTest.tearDown(),org.apache.ivy.ant.IvyDeliverTest.cleanRep(),13
org.apache.ivy.ant.IvyDeliverTest.tearDown(),org.apache.ivy.ant.IvyDeliverTest.cleanRetrieveDir(),13
org.apache.ivy.ant.IvyInstallTest.testInstallWithNamespace(),org.apache.ivy.ant.IvyTask.execute(),1
org.apache.ivy.ant.IvyRetrieveTest.testSyncWithIgnoreList(),org.apache.ivy.ant.IvyTask.execute(),1
org.apache.ivy.ant.IvyPostResolveTaskTest.testWithResolveIdAndPreviousResolveInSameBuildAndWildcard(),org.apache.ivy.ant.IvyTask.execute(),3
"org.apache.ivy.ant.IvyTask.setResolved(ResolveReport, String, boolean)",org.apache.ivy.core.report.ResolveReport.getConfigurations(),20
org.apache.ivy.ant.IvyPostResolveTask.ensureResolved(IvySettings),"org.apache.ivy.ant.IvyPostResolveTask.getConfsToResolve(String, String)",10
"org.apache.ivy.ant.IvyPostResolveTask.getConfsToResolve(String, String)","org.apache.ivy.ant.IvyPostResolveTask.getConfsToResolve(ModuleDescriptor, String, String[])",7
"org.apache.ivy.ant.IvyPostResolveTask.getConfsToResolve(ModuleDescriptor, String, String[])","org.apache.ivy.core.cache.DefaultResolutionCacheManager.getConfigurationResolveReportInCache(String, String)",23
"org.apache.ivy.ant.IvyPostResolveTask.getConfsToResolve(ModuleDescriptor, String, String[])",org.apache.ivy.ant.IvyTask.getSettings(),17
"org.apache.ivy.ant.IvyPostResolveTask.getConfsToResolve(ModuleDescriptor, String, String[])",org.apache.ivy.core.settings.IvySettings.getResolutionCacheManager(),17
"org.apache.ivy.ant.IvyPostResolveTask.getConfsToResolve(String, String)","org.apache.ivy.ant.IvyTask.getResolvedDescriptor(String, boolean)",11
org.apache.ivy.ant.IvyPostResolveTaskTest.testWithResolveIdAndPreviousResolveInSameBuildAndWildcard(),org.apache.ivy.ant.IvyResolve.<init>(),2
org.apache.ivy.ant.IvyResolveTest.testChildsMultipleWithConf2(),org.apache.ivy.ant.IvyTask.execute(),1
org.apache.ivy.ant.IvyResolveTest.testChildsMultipleWithConf2(),"org.apache.ivy.ant.IvyResolveTest.getArchiveFileInCache(String, String, String, String, String, String)",4
org.apache.ivy.ant.IvyResolveTest.testChildsMultipleWithConf2(),org.apache.ivy.ant.IvyResolve.createDependency(),2
org.apache.ivy.ant.IvyArtifactPropertyTest.testWithResolveIdWithoutResolve(),org.apache.ivy.ant.IvyTask.execute(),1
org.apache.ivy.ant.IvyTask.execute(),org.apache.ivy.ant.IvyArtifactProperty.doExecute(),3
org.apache.ivy.ant.IvyArtifactProperty.doExecute(),org.apache.ivy.ant.IvyPostResolveTask.prepareAndCheck(),5
"org.apache.ivy.plugins.resolver.DualResolver.getDependency(DependencyDescriptor, ResolveData)",org.apache.ivy.util.Message.verbose(String),33
"org.apache.ivy.plugins.resolver.DualResolver.getDependency(DependencyDescriptor, ResolveData)",org.apache.ivy.plugins.resolver.AbstractResolver.checkInterrupted(),33
"org.apache.ivy.core.resolve.IvyNode.loadData(String, IvyNode, String, String, boolean, IvyNodeUsage)",org.apache.ivy.plugins.resolver.ChainResolver.reportFailure(),110
org.apache.ivy.plugins.resolver.ChainResolver.reportFailure(),org.apache.ivy.plugins.resolver.DualResolver.reportFailure(),31
org.apache.ivy.plugins.resolver.DualResolver.reportFailure(),org.apache.ivy.plugins.resolver.BasicResolver.reportFailure(),61
org.apache.ivy.plugins.resolver.BasicResolver.reportFailure(),org.apache.ivy.util.Message.warn(String),1106
org.apache.ivy.util.Message.warn(String),org.apache.ivy.util.MessageLoggerEngine.warn(String),1634
org.apache.ivy.util.MessageLoggerEngine.warn(String),org.apache.ivy.util.AbstractMessageLogger.warn(String),1635
org.apache.ivy.util.AbstractMessageLogger.warn(String),"org.apache.ivy.ant.AntMessageLogger.log(String, int)",1601
org.apache.ivy.util.MessageLoggerEngine.warn(String),org.apache.ivy.util.MessageLoggerEngine.peekLogger(),1635
org.apache.ivy.util.Message.warn(String),org.apache.ivy.util.Message.getLogger(),1689
org.apache.ivy.plugins.resolver.ChainResolver.reportFailure(),org.apache.ivy.plugins.resolver.BasicResolver.reportFailure(),271
"org.apache.ivy.core.resolve.IvyNode.loadData(String, IvyNode, String, String, boolean, IvyNodeUsage)",org.apache.ivy.util.Message.warn(String),111
"org.apache.ivy.plugins.report.LogReportOutputter.output(ResolveReport, ResolutionCacheManager, ResolveOptions)",org.apache.ivy.util.Message.warn(String),246
"org.apache.ivy.plugins.report.LogReportOutputter.output(ResolveReport, ResolutionCacheManager, ResolveOptions)",org.apache.ivy.core.resolve.IvyNode.getProblemMessage(),115
org.apache.ivy.core.resolve.IvyNode.getProblemMessage(),org.apache.ivy.util.StringUtils.getErrorMessage(Throwable),115
org.apache.ivy.util.MessageLoggerHelper.sumupProblems(MessageLogger),"org.apache.ivy.util.MessageLoggerEngine.log(String, int)",516
"org.apache.ivy.util.MessageLoggerEngine.log(String, int)","org.apache.ivy.ant.AntMessageLogger.log(String, int)",487
"org.apache.ivy.util.MessageLoggerEngine.log(String, int)",org.apache.ivy.util.MessageLoggerEngine.peekLogger(),517
org.apache.ivy.util.MessageLoggerHelper.sumupProblems(MessageLogger),org.apache.ivy.util.MessageLoggerEngine.info(String),52
org.apache.ivy.util.Message.debug(String),org.apache.ivy.util.AbstractMessageLogger.debug(String),47644
org.apache.ivy.ant.IvyPostResolveTaskTest.testWithResolveIdAndPreviousResolveInSameBuildAndMoreConfs(),org.apache.ivy.ant.IvyTask.execute(),3
"org.apache.ivy.ant.IvyPostResolveTask.getConfsToResolve(ModuleDescriptor, String, String[])",org.apache.ivy.core.module.descriptor.DefaultModuleDescriptor.getConfigurationsNames(),6
org.apache.ivy.ant.IvyPostResolveTaskTest.testWithResolveIdAndPreviousResolveInSameBuildAndMoreConfs(),"org.apache.ivy.ant.IvyPostResolveTaskTest.getArchiveFileInCache(String, String, String, String, String, String)",3
"org.apache.ivy.ant.IvyPostResolveTaskTest.getArchiveFileInCache(String, String, String, String, String, String)","org.apache.ivy.TestHelper.getArchiveFileInCache(Ivy, String, String, String, String, String, String)",11
"org.apache.ivy.ant.IvyPostResolveTaskTest.getArchiveFileInCache(String, String, String, String, String, String)",org.apache.ivy.ant.IvyTask.getIvyInstance(),11
org.apache.ivy.ant.IvyPostResolveTaskTest.testWithResolveIdAndPreviousResolveInSameBuildAndMoreConfs(),org.apache.ivy.ant.IvyResolve.<init>(),2
org.apache.ivy.ant.IvyPostResolveTaskTest.testWithResolveIdAndPreviousResolveInSameBuildAndBothWildcard(),org.apache.ivy.ant.IvyTask.execute(),3
org.apache.ivy.ant.IvyPostResolveTaskTest.testWithResolveIdAndPreviousResolveInSameBuildAndBothWildcard(),org.apache.ivy.ant.IvyResolve.<init>(),2
org.apache.ivy.ant.IvyInstallTest.testInstallWithConfsRuntimeOnly(),org.apache.ivy.ant.IvyTask.execute(),1
org.apache.ivy.ant.IvyPostResolveTaskTest.testWithResolveIdAndPreviousResolveInSameBuildAndLessConfs(),org.apache.ivy.ant.IvyTask.execute(),3
org.apache.ivy.ant.IvyPostResolveTaskTest.testWithResolveIdAndPreviousResolveInSameBuildAndLessConfs(),org.apache.ivy.ant.IvyResolve.<init>(),2
org.apache.ivy.ant.IvyPublishTest.testSimple(),org.apache.ivy.ant.IvyTask.execute(),2
org.apache.ivy.ant.IvyPublishTest.testSimple(),"org.apache.ivy.plugins.parser.AbstractModuleDescriptorParser.parseDescriptor(ParserSettings, URL, boolean)",1
org.apache.ivy.ant.IvyPublishTest.testSimple(),org.apache.ivy.core.settings.IvySettings.<init>(),1
org.apache.ivy.ant.IvyPublishTest.testSimple(),"org.apache.ivy.util.FileUtil.copy(File, File, CopyProgressListener)",1
org.apache.ivy.ant.IvyPublishTest.testSimple(),org.apache.ivy.ant.IvyResolve.<init>(),1
org.apache.ivy.ant.IvyPostResolveTaskTest.testWithPreviousResolveInSameBuildAndWildcard(),org.apache.ivy.ant.IvyTask.execute(),2
"org.apache.ivy.ant.IvyPostResolveTask.getConfsToResolve(ModuleDescriptor, String, String[])",org.apache.ivy.core.resolve.ResolveOptions.getDefaultResolveId(ModuleDescriptor),13
org.apache.ivy.ant.IvyPostResolveTaskTest.testWithPreviousResolveInSameBuildAndWildcard(),org.apache.ivy.ant.IvyResolve.<init>(),1
org.apache.ivy.ant.IvyResourcesTest.testDependencyExclude(),org.apache.ivy.ant.IvyResourcesTest.asList(IvyResources),1
"org.apache.ivy.plugins.parser.xml.XmlModuleDescriptorWriter.printDependencyExcludeRules(ModuleDescriptor, PrintWriter, ExcludeRule[])",org.apache.ivy.util.XMLHelper.escape(String),24
"org.apache.ivy.plugins.parser.xml.XmlModuleDescriptorWriter.printDependencyExcludeRules(ModuleDescriptor, PrintWriter, ExcludeRule[])",org.apache.ivy.core.module.descriptor.DefaultModuleDescriptor.getConfigurationsNames(),4
"org.apache.ivy.plugins.parser.xml.XmlModuleDescriptorWriter.printDependencyExcludeRules(ModuleDescriptor, PrintWriter, ExcludeRule[])",org.apache.ivy.core.module.descriptor.AbstractIncludeExcludeRule.getConfigurations(),4
"org.apache.ivy.ant.IvyDependency.asDependencyDescriptor(ModuleDescriptor, String, IvySettings)",org.apache.ivy.ant.IvyDependencyExclude.asRule(IvySettings),3
org.apache.ivy.ant.IvyDependencyExclude.asRule(IvySettings),"org.apache.ivy.core.module.descriptor.DefaultExcludeRule.<init>(ArtifactId, PatternMatcher, Map)",7
org.apache.ivy.ant.IvyDependencyExclude.asRule(IvySettings),"org.apache.ivy.core.module.id.ModuleId.<init>(String, String)",9
org.apache.ivy.ant.IvyDependencyExclude.asRule(IvySettings),org.apache.ivy.core.settings.IvySettings.getMatcher(String),7
org.apache.ivy.ant.IvyDependencyExclude.asRule(IvySettings),"org.apache.ivy.core.module.id.ArtifactId.<init>(ModuleId, String, String, String)",9
"org.apache.ivy.ant.IvyDependency.asDependencyDescriptor(ModuleDescriptor, String, IvySettings)","org.apache.ivy.core.module.descriptor.DefaultDependencyDescriptor.addExcludeRule(String, ExcludeRule)",3
org.apache.ivy.ant.IvyResourcesTest.testDependencyExclude(),"org.apache.ivy.ant.IvyResourcesTest.getArchiveFileInCache(String, String, String, String, String, String)",3
org.apache.ivy.ant.IvyResourcesTest.testDependencyExclude(),org.apache.ivy.ant.IvyPostResolveTask.createDependency(),2
org.apache.ivy.ant.IvyResourcesTest.testDependencyExclude(),org.apache.ivy.ant.IvyDependency.createExclude(),1
org.apache.ivy.ant.IvyDependency.createExclude(),org.apache.ivy.ant.IvyDependencyExclude.<init>(),3
org.apache.ivy.ant.IvyPublishTest.testPublishNotAllConfigs(),org.apache.ivy.ant.IvyTask.execute(),2
org.apache.ivy.ant.IvyPublishTest.testPublishNotAllConfigs(),org.apache.ivy.core.settings.IvySettings.<init>(),1
org.apache.ivy.ant.IvyPublishTest.testPublishNotAllConfigs(),"org.apache.ivy.plugins.parser.AbstractModuleDescriptorParser.parseDescriptor(ParserSettings, URL, boolean)",1
org.apache.ivy.ant.IvyPublishTest.testPublishNotAllConfigs(),"org.apache.ivy.util.FileUtil.copy(File, File, CopyProgressListener)",1
org.apache.ivy.ant.IvyPublishTest.testPublishNotAllConfigs(),org.apache.ivy.ant.IvyResolve.<init>(),1
org.apache.ivy.ant.IvyPublishTest.testPublishNotAllConfigs(),org.apache.ivy.core.module.descriptor.DefaultModuleDescriptor.getConfigurationsNames(),1
org.apache.ivy.ant.IvyResolveTest.testChildsExclude(),org.apache.ivy.ant.IvyTask.execute(),1
org.apache.ivy.ant.IvyResolveTest.testChildsExclude(),"org.apache.ivy.ant.IvyResolveTest.getArchiveFileInCache(String, String, String, String, String, String)",3
org.apache.ivy.ant.IvyResolveTest.testChildsExclude(),org.apache.ivy.ant.IvyResolve.createDependency(),2
org.apache.ivy.ant.IvyResolveTest.testChildsExclude(),org.apache.ivy.ant.IvyResolve.createExclude(),1
org.apache.ivy.ant.AntCallTriggerTest.test(),"org.apache.ivy.ant.AntCallTriggerTest.runAnt(File, String)",1
"org.apache.ivy.ant.AntCallTriggerTest.runAnt(File, String)","org.apache.ivy.ant.AntCallTriggerTest.runAnt(File, String, int)",1
"org.apache.ivy.ant.AntCallTriggerTest.runAnt(File, String, int)","org.apache.ivy.ant.AntCallTriggerTest.runAnt(File, Vector, int)",1
"org.apache.ivy.ant.AntCallTriggerTest.runAnt(File, Vector, int)","org.apache.ivy.ant.AntCallTriggerTest.runBuild(File, Vector, int)",1
org.apache.ivy.core.event.IvyEventFilter.accept(Object),org.apache.ivy.util.filter.AndFilter.accept(Object),3
"org.apache.ivy.plugins.resolver.RepositoryResolver.findResourceUsingPattern(ModuleRevisionId, String, Artifact, ResourceMDParser, Date)","org.apache.ivy.plugins.parser.xml.XmlModuleDescriptorParser.parseDescriptor(ParserSettings, URL, Resource, boolean)",2
"org.apache.ivy.plugins.resolver.RepositoryResolver.findResourceUsingPattern(ModuleRevisionId, String, Artifact, ResourceMDParser, Date)","org.apache.ivy.plugins.repository.file.FileRepository.get(String, File)",2
"org.apache.ivy.plugins.resolver.RepositoryResolver.findResourceUsingPattern(ModuleRevisionId, String, Artifact, ResourceMDParser, Date)",org.apache.ivy.plugins.parser.ModuleDescriptorParserRegistry.getParser(Resource),2
"org.apache.ivy.plugins.resolver.RepositoryResolver.findResourceUsingPattern(ModuleRevisionId, String, Artifact, ResourceMDParser, Date)",org.apache.ivy.core.module.descriptor.DefaultModuleDescriptor.getRevision(),2
"org.apache.ivy.plugins.resolver.RepositoryResolver.findResourceUsingPattern(ModuleRevisionId, String, Artifact, ResourceMDParser, Date)",org.apache.ivy.plugins.resolver.AbstractResolver.getParserSettings(),2
"org.apache.ivy.plugins.resolver.RepositoryResolver.findResourceUsingPattern(ModuleRevisionId, String, Artifact, ResourceMDParser, Date)",org.apache.ivy.core.module.descriptor.DefaultArtifact.getExt(),2
"org.apache.ivy.plugins.resolver.RepositoryResolver.findResourceUsingPattern(ModuleRevisionId, String, Artifact, ResourceMDParser, Date)",org.apache.ivy.core.module.descriptor.DefaultArtifact.getType(),2
"org.apache.ivy.plugins.resolver.RepositoryResolver.findResourceUsingPattern(ModuleRevisionId, String, Artifact, ResourceMDParser, Date)",org.apache.ivy.plugins.repository.file.FileResource.getName(),2
org.apache.ivy.core.event.FilteredIvyListener.progress(IvyEvent),org.apache.ivy.ant.AntCallTrigger.progress(IvyEvent),1
org.apache.ivy.ant.AntCallTrigger.progress(IvyEvent),"org.apache.ivy.core.IvyPatternHelper.substituteTokens(String, Map)",1
org.apache.ivy.ant.AntCallTrigger.progress(IvyEvent),org.apache.ivy.core.event.IvyEvent.getAttributes(),1
org.apache.ivy.ant.AntCallTrigger.progress(IvyEvent),org.apache.ivy.util.Message.verbose(String),1
org.apache.ivy.ant.AntCallTrigger.progress(IvyEvent),org.apache.ivy.util.Message.debug(String),1
org.apache.ivy.ant.AntCallTrigger.progress(IvyEvent),org.apache.ivy.ant.AntCallTrigger.isTriggered(IvyEvent),1
org.apache.ivy.ant.AntCallTrigger.progress(IvyEvent),org.apache.ivy.core.IvyContext.peekInContextStack(String),2
org.apache.ivy.ant.AntCallTrigger.progress(IvyEvent),org.apache.ivy.ant.AntCallTrigger.markTriggered(IvyEvent),1
org.apache.ivy.ant.AntCallTrigger.<init>(),org.apache.ivy.plugins.trigger.AbstractTrigger.<init>(),11
org.apache.ivy.core.event.IvyEventFilter.parseExpression(String),org.apache.ivy.core.event.IvyEventFilter.parseExpression(String),3
org.apache.ivy.core.event.IvyEventFilter.parseExpression(String),"org.apache.ivy.util.filter.AndFilter.<init>(Filter, Filter)",1
"org.apache.ivy.ant.AntCallTriggerTest.runBuild(File, Vector, int)","org.apache.ivy.ant.AntCallTriggerTest.addBuildListeners(Project, int)",1
"org.apache.ivy.ant.AntCallTriggerTest.addBuildListeners(Project, int)",org.apache.ivy.ant.AntCallTriggerTest.createLogger(int),1
"org.apache.ivy.ant.AntCallTriggerTest.runBuild(File, Vector, int)","org.apache.ivy.ant.AntCallTriggerTest.addInputHandler(Project, String)",1
org.apache.ivy.ant.IvyRetrieveTest.testWithAPreviousResolve(),org.apache.ivy.ant.IvyTask.execute(),2
org.apache.ivy.ant.IvyRetrieveTest.testWithAPreviousResolve(),"org.apache.ivy.core.IvyPatternHelper.substitute(String, String, String, String, String, String, String)",1
org.apache.ivy.ant.IvyRetrieveTest.testWithAPreviousResolve(),org.apache.ivy.ant.IvyResolve.<init>(),1
org.apache.ivy.ant.IvyResolveTest.tearDown(),org.apache.ivy.ant.IvyResolveTest.cleanCache(),31
org.apache.ivy.ant.IvyArtifactReportTest.testSimple(),org.apache.ivy.ant.IvyTask.execute(),1
org.apache.ivy.ant.IvyTask.execute(),org.apache.ivy.ant.IvyArtifactReport.doExecute(),1
org.apache.ivy.ant.IvyArtifactReport.doExecute(),"org.apache.ivy.ant.IvyArtifactReport.generateXml(IvyNode[], Map, Map)",1
"org.apache.ivy.ant.IvyArtifactReport.generateXml(IvyNode[], Map, Map)",org.apache.ivy.ant.IvyArtifactReport.createTransformerHandler(FileOutputStream),1
"org.apache.ivy.ant.IvyArtifactReport.generateXml(IvyNode[], Map, Map)","org.apache.ivy.ant.IvyArtifactReport.writeOriginLocationIfPresent(RepositoryCacheManager, TransformerHandler, ArtifactDownloadReport)",1
"org.apache.ivy.ant.IvyArtifactReport.writeOriginLocationIfPresent(RepositoryCacheManager, TransformerHandler, ArtifactDownloadReport)",org.apache.ivy.core.cache.ArtifactOrigin.isUnknown(ArtifactOrigin),1
"org.apache.ivy.ant.IvyArtifactReport.generateXml(IvyNode[], Map, Map)","org.apache.ivy.ant.IvyArtifactReport.startModule(TransformerHandler, IvyNode)",1
"org.apache.ivy.ant.IvyArtifactReport.startModule(TransformerHandler, IvyNode)",org.apache.ivy.core.resolve.ResolvedModuleRevision.getId(),1
"org.apache.ivy.ant.IvyArtifactReport.startModule(TransformerHandler, IvyNode)",org.apache.ivy.core.resolve.IvyNode.getModuleId(),2
"org.apache.ivy.ant.IvyArtifactReport.generateXml(IvyNode[], Map, Map)","org.apache.ivy.ant.IvyArtifactReport.startArtifact(TransformerHandler, Artifact)",1
"org.apache.ivy.ant.IvyArtifactReport.startArtifact(TransformerHandler, Artifact)",org.apache.ivy.core.module.descriptor.DefaultArtifact.getName(),1
"org.apache.ivy.ant.IvyArtifactReport.startArtifact(TransformerHandler, Artifact)",org.apache.ivy.core.module.descriptor.DefaultArtifact.getType(),1
"org.apache.ivy.ant.IvyArtifactReport.startArtifact(TransformerHandler, Artifact)",org.apache.ivy.core.module.descriptor.DefaultArtifact.getExt(),1
"org.apache.ivy.ant.IvyArtifactReport.generateXml(IvyNode[], Map, Map)","org.apache.ivy.ant.IvyArtifactReport.writeRetrieveLocation(TransformerHandler, String)",1
"org.apache.ivy.ant.IvyArtifactReport.writeRetrieveLocation(TransformerHandler, String)","org.apache.ivy.ant.IvyArtifactReport.removeLeadingPath(File, File)",1
"org.apache.ivy.ant.IvyArtifactReport.generateXml(IvyNode[], Map, Map)","org.apache.ivy.ant.IvyArtifactReport.writeCacheLocationIfPresent(RepositoryCacheManager, TransformerHandler, ArtifactDownloadReport)",1
"org.apache.ivy.ant.IvyArtifactReport.generateXml(IvyNode[], Map, Map)",org.apache.ivy.core.resolve.IvyNode.isCompletelyEvicted(),1
"org.apache.ivy.ant.IvyArtifactReport.generateXml(IvyNode[], Map, Map)",org.apache.ivy.core.resolve.ResolvedModuleRevision.getId(),1
"org.apache.ivy.ant.IvyArtifactReport.generateXml(IvyNode[], Map, Map)",org.apache.ivy.plugins.resolver.AbstractResolver.getRepositoryCacheManager(),1
org.apache.ivy.ant.IvyArtifactReport.doExecute(),org.apache.ivy.ant.IvyPostResolveTask.prepareAndCheck(),3
org.apache.ivy.ant.IvyArtifactReport.doExecute(),"org.apache.ivy.core.retrieve.RetrieveEngine.determineArtifactsToCopy(ModuleRevisionId, String, RetrieveOptions)",1
org.apache.ivy.ant.IvyArtifactReport.doExecute(),"org.apache.ivy.core.resolve.ResolveEngine.getDependencies(ModuleDescriptor, ResolveOptions, ResolveReport)",1
org.apache.ivy.ant.IvyArtifactReport.doExecute(),"org.apache.ivy.ant.IvyTask.getProperty(String, IvySettings, String)",1
org.apache.ivy.ant.IvyArtifactReport.doExecute(),"org.apache.ivy.core.module.id.ModuleRevisionId.newInstance(String, String, String)",1
org.apache.ivy.ant.IvyArtifactReport.doExecute(),org.apache.ivy.ant.IvyTask.getIvyInstance(),2
org.apache.ivy.ant.IvyArtifactReport.doExecute(),org.apache.ivy.ant.IvyTask.getSettings(),2
org.apache.ivy.ant.IvyArtifactReport.doExecute(),org.apache.ivy.core.retrieve.RetrieveOptions.<init>(),1
org.apache.ivy.ant.IvyArtifactReport.doExecute(),"org.apache.ivy.ant.IvyTask.getResolvedDescriptor(String, String, boolean)",1
org.apache.ivy.ant.IvyArtifactReport.doExecute(),org.apache.ivy.ant.IvyTask.splitConfs(String),1
org.apache.ivy.ant.IvyArtifactReport.doExecute(),org.apache.ivy.core.resolve.ResolveOptions.<init>(),1
org.apache.ivy.ant.IvyArtifactReport.doExecute(),org.apache.ivy.ant.IvyTask.doValidate(IvySettings),1
org.apache.ivy.ant.IvyArtifactReport.doExecute(),org.apache.ivy.core.module.descriptor.DefaultArtifact.getModuleRevisionId(),2
org.apache.ivy.ant.IvyPublishTest.testMergeParentWithoutLocationAttribute(),org.apache.ivy.ant.IvyTask.execute(),2
org.apache.ivy.ant.IvyPublishTest.testMergeParentWithoutLocationAttribute(),org.apache.ivy.ant.IvyResolve.<init>(),1
org.apache.ivy.ant.IvyPublishTest.testMergeParentWithoutLocationAttribute(),org.apache.ivy.ant.IvyPublish.addArtifactspattern(String),1
org.apache.ivy.ant.IvyDeliverTest.testDifferentRevisionsForSameModule(),org.apache.ivy.ant.IvyTask.execute(),2
"org.apache.ivy.plugins.resolver.BasicResolver.findResource(ResolvedResource[], ResourceMDParser, ModuleRevisionId, Date)",org.apache.ivy.util.Message.debug(String),21
"org.apache.ivy.plugins.version.ChainVersionMatcher.accept(ModuleRevisionId, ModuleRevisionId)","org.apache.ivy.plugins.version.SubVersionMatcher.accept(ModuleRevisionId, ModuleRevisionId)",34
"org.apache.ivy.plugins.version.AbstractVersionMatcher.accept(ModuleRevisionId, ModuleDescriptor)","org.apache.ivy.plugins.version.SubVersionMatcher.accept(ModuleRevisionId, ModuleRevisionId)",6
org.apache.ivy.ant.IvyDeliverTest.testDifferentRevisionsForSameModule(),"org.apache.ivy.plugins.parser.AbstractModuleDescriptorParser.parseDescriptor(ParserSettings, URL, boolean)",1
org.apache.ivy.ant.IvyDeliverTest.testDifferentRevisionsForSameModule(),org.apache.ivy.core.settings.IvySettings.<init>(),1
org.apache.ivy.ant.IvyDeliverTest.testDifferentRevisionsForSameModule(),"org.apache.ivy.core.module.id.ModuleRevisionId.newInstance(String, String, String)",4
org.apache.ivy.ant.IvyDeliverTest.testDifferentRevisionsForSameModule(),org.apache.ivy.ant.IvyResolve.<init>(),1
org.apache.ivy.ant.IvyDeliverTest.testDifferentRevisionsForSameModule(),org.apache.ivy.core.module.descriptor.DefaultModuleDescriptor.getDependencies(),1
org.apache.ivy.ant.IvyRetrieveTest.testInline(),org.apache.ivy.ant.IvyTask.execute(),2
org.apache.ivy.ant.IvyPostResolveTask.prepareAndCheck(),org.apache.ivy.ant.IvyTask.execute(),7
org.apache.ivy.ant.IvyResolve.doExecute(),"org.apache.ivy.Ivy.resolve(ModuleRevisionId, ResolveOptions, boolean)",10
"org.apache.ivy.Ivy.resolve(ModuleRevisionId, ResolveOptions, boolean)","org.apache.ivy.core.resolve.ResolveEngine.resolve(ModuleRevisionId, ResolveOptions, boolean)",14
"org.apache.ivy.core.resolve.ResolveEngine.resolve(ModuleRevisionId, ResolveOptions, boolean)","org.apache.ivy.core.resolve.ResolveEngine.resolve(ModuleDescriptor, ResolveOptions)",10
"org.apache.ivy.util.ConfigurationUtils.replaceWildcards(String[], ModuleDescriptor)",org.apache.ivy.core.module.descriptor.DefaultModuleDescriptor.getConfigurations(),25
"org.apache.ivy.core.resolve.ResolveEngine.resolve(ModuleRevisionId, ResolveOptions, boolean)","org.apache.ivy.core.resolve.ResolveEngine.findModule(ModuleRevisionId, ResolveOptions)",10
"org.apache.ivy.core.resolve.ResolveEngine.findModule(ModuleRevisionId, ResolveOptions)","org.apache.ivy.plugins.resolver.ChainResolver.getDependency(DependencyDescriptor, ResolveData)",16
"org.apache.ivy.core.resolve.ResolveEngine.findModule(ModuleRevisionId, ResolveOptions)","org.apache.ivy.core.module.descriptor.DefaultModuleDescriptor.newCallerInstance(ModuleRevisionId, String[], boolean, boolean)",16
"org.apache.ivy.core.module.descriptor.DefaultModuleDescriptor.newCallerInstance(ModuleRevisionId, String[], boolean, boolean)","org.apache.ivy.core.module.id.ModuleRevisionId.newInstance(String, String, String)",44
"org.apache.ivy.core.module.descriptor.DefaultModuleDescriptor.newCallerInstance(ModuleRevisionId, String[], boolean, boolean)","org.apache.ivy.core.module.descriptor.DefaultModuleDescriptor.<init>(ModuleRevisionId, String, Date, boolean)",44
"org.apache.ivy.core.module.descriptor.DefaultModuleDescriptor.newCallerInstance(ModuleRevisionId, String[], boolean, boolean)","org.apache.ivy.core.module.descriptor.DefaultDependencyDescriptor.addDependencyConfiguration(String, String)",112
"org.apache.ivy.core.module.descriptor.DefaultModuleDescriptor.newCallerInstance(ModuleRevisionId, String[], boolean, boolean)",org.apache.ivy.core.module.descriptor.Configuration.<init>(String),117
"org.apache.ivy.core.module.descriptor.DefaultModuleDescriptor.newCallerInstance(ModuleRevisionId, String[], boolean, boolean)",org.apache.ivy.core.module.descriptor.DefaultModuleDescriptor.addConfiguration(Configuration),116
"org.apache.ivy.core.module.descriptor.DefaultModuleDescriptor.newCallerInstance(ModuleRevisionId, String[], boolean, boolean)","org.apache.ivy.core.module.descriptor.DefaultDependencyDescriptor.<init>(ModuleDescriptor, ModuleRevisionId, boolean, boolean, boolean)",43
"org.apache.ivy.core.module.descriptor.DefaultModuleDescriptor.newCallerInstance(ModuleRevisionId, String[], boolean, boolean)",org.apache.ivy.core.module.descriptor.DefaultModuleDescriptor.addDependency(DependencyDescriptor),42
"org.apache.ivy.core.module.descriptor.DefaultModuleDescriptor.newCallerInstance(ModuleRevisionId, String[], boolean, boolean)",org.apache.ivy.core.module.id.ModuleRevisionId.getName(),44
"org.apache.ivy.core.module.descriptor.DefaultModuleDescriptor.newCallerInstance(ModuleRevisionId, String[], boolean, boolean)",org.apache.ivy.core.module.id.ModuleRevisionId.getOrganisation(),44
"org.apache.ivy.core.resolve.ResolveEngine.findModule(ModuleRevisionId, ResolveOptions)",org.apache.ivy.core.resolve.ResolveOptions.getDefaultResolveId(ModuleDescriptor),15
"org.apache.ivy.core.resolve.ResolveEngine.findModule(ModuleRevisionId, ResolveOptions)",org.apache.ivy.core.settings.IvySettings.getResolver(ModuleRevisionId),21
"org.apache.ivy.core.resolve.ResolveEngine.findModule(ModuleRevisionId, ResolveOptions)","org.apache.ivy.core.report.ConfigurationResolveReport.<init>(ResolveEngine, ModuleDescriptor, String, Date, ResolveOptions)",16
"org.apache.ivy.core.resolve.ResolveEngine.findModule(ModuleRevisionId, ResolveOptions)","org.apache.ivy.core.module.descriptor.DefaultDependencyDescriptor.<init>(ModuleRevisionId, boolean)",16
"org.apache.ivy.core.resolve.ResolveEngine.findModule(ModuleRevisionId, ResolveOptions)","org.apache.ivy.core.resolve.ResolveData.<init>(ResolveEngine, ResolveOptions, ConfigurationResolveReport)",16
"org.apache.ivy.core.resolve.ResolveData.<init>(ResolveEngine, ResolveOptions, ConfigurationResolveReport)","org.apache.ivy.core.resolve.ResolveData.<init>(ResolveEngine, ResolveOptions, ConfigurationResolveReport, Map)",20
"org.apache.ivy.core.resolve.ResolveEngine.resolve(ModuleRevisionId, ResolveOptions, boolean)","org.apache.ivy.core.module.descriptor.DefaultModuleDescriptor.newCallerInstance(ModuleRevisionId, String[], boolean, boolean)",12
"org.apache.ivy.core.resolve.ResolveEngine.resolve(ModuleRevisionId, ResolveOptions, boolean)","org.apache.ivy.core.module.id.ModuleRevisionId.newInstance(ModuleRevisionId, String)",9
"org.apache.ivy.core.resolve.ResolveEngine.resolve(ModuleRevisionId, ResolveOptions, boolean)",org.apache.ivy.core.resolve.ResolveOptions.getConfs(ModuleDescriptor),9
"org.apache.ivy.core.resolve.ResolveEngine.resolve(ModuleRevisionId, ResolveOptions, boolean)",org.apache.ivy.core.resolve.ResolveOptions.useSpecialConfs(),14
"org.apache.ivy.core.resolve.ResolveEngine.resolve(ModuleRevisionId, ResolveOptions, boolean)",org.apache.ivy.core.resolve.ResolvedModuleRevision.getId(),9
"org.apache.ivy.core.resolve.ResolveEngine.resolve(ModuleRevisionId, ResolveOptions, boolean)",org.apache.ivy.core.resolve.ResolveOptions.<init>(ResolveOptions),26
"org.apache.ivy.Ivy.resolve(ModuleRevisionId, ResolveOptions, boolean)",org.apache.ivy.Ivy.pushContext(),14
"org.apache.ivy.Ivy.resolve(ModuleRevisionId, ResolveOptions, boolean)",org.apache.ivy.Ivy.popContext(),14
org.apache.ivy.ant.IvyResolve.doExecute(),"org.apache.ivy.core.module.id.ModuleRevisionId.newInstance(String, String, String, String)",10
org.apache.ivy.ant.IvyPostResolveTask.prepareAndCheck(),"org.apache.ivy.ant.IvyPostResolveTask.getConfsToResolve(String, String, String, boolean)",7
org.apache.ivy.ant.IvyPostResolveTask.prepareAndCheck(),"org.apache.ivy.ant.IvyPostResolveTask.setupResolve(boolean, boolean)",7
org.apache.ivy.ant.IvyPostResolveTask.prepareAndCheck(),"org.apache.ivy.ant.IvyTask.getResolvedConfigurations(String, String, boolean)",7
org.apache.ivy.ant.IvyPostResolveTask.prepareAndCheck(),org.apache.ivy.util.Message.verbose(String),7
org.apache.ivy.ant.IvyPostResolveTask.prepareAndCheck(),"org.apache.ivy.util.StringUtils.join(Object[], String)",14
org.apache.ivy.ant.IvyRetrieveTest.testInline(),"org.apache.ivy.ant.IvyRetrieveTest.getArchiveFileInCache(String, String, String, String, String, String)",1
"org.apache.ivy.ant.IvyRetrieveTest.getArchiveFileInCache(String, String, String, String, String, String)","org.apache.ivy.TestHelper.getArchiveFileInCache(Ivy, String, String, String, String, String, String)",1
"org.apache.ivy.ant.IvyRetrieveTest.getArchiveFileInCache(String, String, String, String, String, String)",org.apache.ivy.ant.IvyTask.getIvyInstance(),1
org.apache.ivy.ant.IvyRetrieveTest.testInline(),"org.apache.ivy.core.IvyPatternHelper.substitute(String, String, String, String, String, String, String)",1
org.apache.ivy.ant.IvyRetrieveTest.testInline(),org.apache.ivy.ant.IvyResolve.<init>(),1
org.apache.ivy.ant.IvyCachePathTest.testWithResolveIdAndMissingConfs(),org.apache.ivy.ant.IvyTask.execute(),3
org.apache.ivy.ant.IvyTask.execute(),org.apache.ivy.ant.IvyCachePath.doExecute(),10
org.apache.ivy.ant.IvyCachePath.doExecute(),org.apache.ivy.ant.IvyPostResolveTask.prepareAndCheck(),12
"org.apache.ivy.core.cache.ModuleDescriptorMemoryCache.get(File, ParserSettings, boolean, ModuleDescriptorProvider)","org.apache.ivy.core.cache.ModuleDescriptorMemoryCache.getStale(File, ParserSettings, boolean, ModuleDescriptorProvider)",35
"org.apache.ivy.ant.IvyPostResolveTask.getConfsToResolve(String, String)",org.apache.ivy.ant.IvyTask.splitConfs(String),2
org.apache.ivy.ant.IvyCachePath.doExecute(),org.apache.ivy.ant.IvyCacheTask.getArtifactReports(),9
org.apache.ivy.ant.IvyCachePathTest.testWithResolveIdAndMissingConfs(),org.apache.ivy.ant.IvyResolve.<init>(),2
org.apache.ivy.ant.IvyPostResolveTaskTest.testWithoutKeep(),org.apache.ivy.ant.IvyTask.execute(),2
org.apache.ivy.ant.IvyPostResolveTaskTest.testWithoutKeep(),"org.apache.ivy.ant.IvyPostResolveTaskTest.getArchiveFileInCache(String, String, String, String, String, String)",3
org.apache.ivy.ant.IvyPostResolveTaskTest.testWithoutKeep(),org.apache.ivy.ant.IvyResolve.<init>(),1
org.apache.ivy.ant.IvyPostResolveTaskTest.testWithoutKeep(),org.apache.ivy.ant.IvyPostResolveTask.setKeep(boolean),1
org.apache.ivy.ant.IvyRetrieveTest.testUseOrigin(),org.apache.ivy.ant.IvyTask.execute(),2
org.apache.ivy.ant.IvyRetrieveTest.testUseOrigin(),"org.apache.ivy.core.IvyPatternHelper.substitute(String, String, String, String, String, String, String)",1
org.apache.ivy.ant.IvyRetrieveTest.testUseOrigin(),org.apache.ivy.ant.IvyResolve.<init>(),1
org.apache.ivy.ant.IvyResourcesTest.testMultipleWithConf(),org.apache.ivy.ant.IvyResourcesTest.asList(IvyResources),1
org.apache.ivy.ant.IvyResourcesTest.testMultipleWithConf(),"org.apache.ivy.ant.IvyResourcesTest.getArchiveFileInCache(String, String, String, String, String, String)",3
org.apache.ivy.ant.IvyResourcesTest.testMultipleWithConf(),org.apache.ivy.ant.IvyPostResolveTask.createDependency(),2
org.apache.ivy.ant.IvyRetrieveTest.tearDown(),org.apache.ivy.util.CacheCleaner.deleteDir(File),38
org.apache.ivy.util.CacheCleaner.deleteDir(File),org.apache.ivy.util.FileUtil.forceDelete(File),73
org.apache.ivy.ant.IvyPublishTest.testMinimalMerge(),org.apache.ivy.ant.IvyTask.execute(),3
org.apache.ivy.ant.IvyPublishTest.testMinimalMerge(),"org.apache.ivy.util.FileUtil.copy(File, File, CopyProgressListener)",1
org.apache.ivy.ant.IvyPublishTest.testMinimalMerge(),org.apache.ivy.ant.IvyPublish.<init>(),1
org.apache.ivy.ant.IvyPublishTest.testMinimalMerge(),org.apache.ivy.ant.IvyResolve.<init>(),1
org.apache.ivy.ant.IvyPublishTest.testMinimalMerge(),org.apache.ivy.ant.IvyPublish.addArtifactspattern(String),1
org.apache.ivy.ant.IvyResolveTest.testChildsMultipleWithConf(),org.apache.ivy.ant.IvyTask.execute(),1
org.apache.ivy.ant.IvyResolveTest.testChildsMultipleWithConf(),"org.apache.ivy.ant.IvyResolveTest.getArchiveFileInCache(String, String, String, String, String, String)",3
org.apache.ivy.ant.IvyResolveTest.testChildsMultipleWithConf(),org.apache.ivy.ant.IvyResolve.createDependency(),2
org.apache.ivy.ant.IvyResolveTest.testChildsDependencyExclude(),org.apache.ivy.ant.IvyTask.execute(),1
org.apache.ivy.ant.IvyResolveTest.testChildsDependencyExclude(),"org.apache.ivy.ant.IvyResolveTest.getArchiveFileInCache(String, String, String, String, String, String)",3
org.apache.ivy.ant.IvyResolveTest.testChildsDependencyExclude(),org.apache.ivy.ant.IvyResolve.createDependency(),2
org.apache.ivy.ant.IvyResolveTest.testChildsDependencyExclude(),org.apache.ivy.ant.IvyDependency.createExclude(),1
org.apache.ivy.ant.IvyInstallTest.testInstallDummyDefault(),org.apache.ivy.ant.IvyTask.execute(),1
org.apache.ivy.ant.IvyRetrieveTest.testRetrieveWithOriginalNamePattern(),org.apache.ivy.ant.IvyTask.execute(),1
org.apache.ivy.ant.IvyRetrieveTest.testValidateInIvySettings(),org.apache.ivy.ant.IvyTask.execute(),1
"org.apache.ivy.plugins.parser.xml.XmlModuleDescriptorWriter.printInfoTag(ModuleDescriptor, PrintWriter)","org.apache.ivy.plugins.parser.xml.XmlModuleDescriptorWriter.printExtraAttributes(ExtendableItem, PrintWriter, String)",3
"org.apache.ivy.plugins.parser.xml.XmlModuleDescriptorWriter.printExtraAttributes(Map, PrintWriter, String)",org.apache.ivy.util.XMLHelper.escape(String),15
"org.apache.ivy.plugins.parser.xml.XmlModuleDescriptorWriter.printExtraAttributes(ExtendableItem, PrintWriter, String)",org.apache.ivy.core.module.descriptor.DefaultModuleDescriptor.getQualifiedExtraAttributes(),3
"org.apache.ivy.core.resolve.IvyNodeEviction.getResolvedRevisions(ModuleId, String)","org.apache.ivy.core.module.id.ModuleRevisionId.newInstance(String, String, String, String)",53
"org.apache.ivy.core.resolve.IvyNodeEviction.getResolvedRevisions(ModuleId, String)",org.apache.ivy.core.module.id.ModuleRevisionId.getName(),53
"org.apache.ivy.core.resolve.IvyNodeEviction.getResolvedRevisions(ModuleId, String)",org.apache.ivy.core.module.id.ModuleRevisionId.getOrganisation(),53
org.apache.ivy.ant.IvyRetrieveTest.testValidateInIvySettings(),org.apache.ivy.ant.IvyTask.getSettings(),1
org.apache.ivy.ant.IvyRetrieveTest.testValidateInIvySettings(),"org.apache.ivy.core.IvyPatternHelper.substitute(String, String, String, String, String, String, String, String)",1
org.apache.ivy.ant.IvyDeliverTest.testWithDynEvicted2(),org.apache.ivy.ant.IvyTask.execute(),3
org.apache.ivy.ant.IvyDeliverTest.testWithDynEvicted2(),"org.apache.ivy.plugins.parser.AbstractModuleDescriptorParser.parseDescriptor(ParserSettings, URL, boolean)",1
org.apache.ivy.ant.IvyDeliverTest.testWithDynEvicted2(),org.apache.ivy.core.settings.IvySettings.<init>(),1
org.apache.ivy.ant.IvyDeliverTest.testWithDynEvicted2(),"org.apache.ivy.core.module.id.ModuleRevisionId.newInstance(String, String, String)",2
org.apache.ivy.ant.IvyDeliverTest.testWithDynEvicted2(),org.apache.ivy.ant.IvyRetrieve.<init>(),1
org.apache.ivy.ant.IvyRetrieve.<init>(),org.apache.ivy.ant.IvyPostResolveTask.<init>(),57
org.apache.ivy.ant.IvyPostResolveTask.<init>(),org.apache.ivy.ant.IvyResolve.<init>(),194
org.apache.ivy.ant.IvyPostResolveTask.<init>(),org.apache.ivy.ant.IvyTask.<init>(),194
org.apache.ivy.ant.IvyDeliverTest.testWithDynEvicted2(),org.apache.ivy.ant.IvyResolve.<init>(),1
org.apache.ivy.ant.IvyDeliverTest.testWithDynEvicted2(),org.apache.ivy.core.module.descriptor.DefaultModuleDescriptor.getDependencies(),1
org.apache.ivy.ant.IvyDeliverTest.testWithDynEvicted2(),org.apache.ivy.ant.IvyTask.setValidate(boolean),2
org.apache.ivy.ant.IvyDeliverTest.testWithDynEvicted2(),org.apache.ivy.core.module.descriptor.DefaultDependencyDescriptor.getDependencyId(),2
org.apache.ivy.ant.IvyResolveTest.testDoubleResolveWithResolveId(),org.apache.ivy.ant.IvyTask.execute(),2
org.apache.ivy.ant.IvyResolveTest.testDoubleResolveWithResolveId(),org.apache.ivy.ant.IvyResolve.<init>(),1
org.apache.ivy.ant.IvyPostResolveTaskTest.testWithPreviousResolveInSameBuildAndMoreConfs(),org.apache.ivy.ant.IvyTask.execute(),2
org.apache.ivy.ant.IvyPostResolveTaskTest.testWithPreviousResolveInSameBuildAndMoreConfs(),"org.apache.ivy.ant.IvyPostResolveTaskTest.getArchiveFileInCache(String, String, String, String, String, String)",3
org.apache.ivy.ant.IvyPostResolveTaskTest.testWithPreviousResolveInSameBuildAndMoreConfs(),org.apache.ivy.ant.IvyResolve.<init>(),1
org.apache.ivy.ant.IvyResolveTest.testIVY779(),org.apache.ivy.ant.IvyTask.execute(),1
"org.apache.ivy.plugins.resolver.ChainResolver.getDependency(DependencyDescriptor, ResolveData)","org.apache.ivy.plugins.resolver.ChainResolver.getDependency(DependencyDescriptor, ResolveData)",111
"org.apache.ivy.plugins.resolver.ChainResolver.getDependency(DependencyDescriptor, ResolveData)","org.apache.ivy.plugins.resolver.IBiblioResolver.getDependency(DependencyDescriptor, ResolveData)",113
"org.apache.ivy.plugins.resolver.IBiblioResolver.getDependency(DependencyDescriptor, ResolveData)","org.apache.ivy.plugins.resolver.BasicResolver.getDependency(DependencyDescriptor, ResolveData)",114
"org.apache.ivy.plugins.resolver.IBiblioResolver.getDependency(DependencyDescriptor, ResolveData)",org.apache.ivy.core.resolve.ResolveData.getSettings(),114
"org.apache.ivy.plugins.resolver.IBiblioResolver.getDependency(DependencyDescriptor, ResolveData)",org.apache.ivy.plugins.resolver.IBiblioResolver.ensureConfigured(ResolverSettings),114
"org.apache.ivy.core.cache.DefaultRepositoryCacheManager.findModuleInCache(DependencyDescriptor, ModuleRevisionId, CacheMetadataOptions, String)",org.apache.ivy.util.Message.verbose(String),111
org.apache.ivy.ant.IvyAntSettings.createIvyEngine(ProjectComponent),org.apache.ivy.Ivy.configure(URL),60
org.apache.ivy.Ivy.configure(URL),org.apache.ivy.core.settings.IvySettings.load(URL),68
org.apache.ivy.core.settings.IvySettings.load(URL),org.apache.ivy.core.settings.XmlSettingsParser.parse(URL),872
"org.apache.ivy.core.settings.XmlSettingsParser.startElement(String, String, String, Attributes)",org.apache.ivy.core.settings.XmlSettingsParser.includeStarted(Map),4047
org.apache.ivy.core.settings.XmlSettingsParser.includeStarted(Map),"org.apache.ivy.core.settings.XmlSettingsParser.parse(Configurator, URL)",4047
"org.apache.ivy.core.settings.XmlSettingsParser.parse(Configurator, URL)",org.apache.ivy.core.settings.XmlSettingsParser.doParse(URL),4047
"org.apache.ivy.core.settings.XmlSettingsParser.inConfiguratorStarted(String, Map)","org.apache.ivy.util.Configurator.addChild(String, Object)",3240
"org.apache.ivy.util.Configurator.addChild(String, Object)","org.apache.ivy.util.Configurator.addChild(Configurator$ObjectDescriptor, Class, String, Object)",3248
org.apache.ivy.plugins.resolver.IBiblioResolver.<init>(),org.apache.ivy.plugins.resolver.URLResolver.<init>(),916
org.apache.ivy.plugins.resolver.URLResolver.<init>(),org.apache.ivy.plugins.resolver.RepositoryResolver.<init>(),1034
org.apache.ivy.plugins.resolver.URLResolver.<init>(),org.apache.ivy.plugins.repository.url.URLRepository.<init>(),1026
org.apache.ivy.plugins.resolver.IBiblioResolver.setM2compatible(boolean),org.apache.ivy.plugins.resolver.IBiblioResolver.updateWholePattern(),817
org.apache.ivy.plugins.resolver.IBiblioResolver.updateWholePattern(),org.apache.ivy.plugins.resolver.IBiblioResolver.getWholePattern(),1651
"org.apache.ivy.core.settings.XmlSettingsParser.inConfiguratorStarted(String, Map)",org.apache.ivy.core.settings.IvySettings.getResolver(String),3240
"org.apache.ivy.core.settings.XmlSettingsParser.startElement(String, String, String, Attributes)",org.apache.ivy.core.settings.XmlSettingsParser.propertyStarted(Map),4860
org.apache.ivy.core.settings.XmlSettingsParser.propertyStarted(Map),"org.apache.ivy.core.settings.IvySettings.setVariable(String, String, boolean)",4860
org.apache.ivy.core.settings.IvySettings.getDefaultCache(),"org.apache.ivy.util.Checks.checkAbsolute(String, String)",71
org.apache.ivy.core.settings.IvySettings.getDefaultCache(),org.apache.ivy.core.settings.IvySettings.getVariable(String),944
org.apache.ivy.core.settings.XmlSettingsParser.includeStarted(Map),org.apache.ivy.core.settings.IvySettings.setSettingsVariables(URL),4047
org.apache.ivy.core.settings.IvySettings.setSettingsVariables(URL),"org.apache.ivy.core.settings.IvySettings.setDeprecatedVariable(String, String)",9829
org.apache.ivy.core.settings.IvySettings.setSettingsVariables(URL),"org.apache.ivy.core.settings.IvySettings.setVariable(String, String)",9829
org.apache.ivy.core.settings.XmlSettingsParser.includeStarted(Map),org.apache.ivy.util.Message.verbose(String),4047
org.apache.ivy.core.settings.XmlSettingsParser.includeStarted(Map),org.apache.ivy.core.settings.XmlSettingsParser.<init>(IvySettings),4047
org.apache.ivy.core.settings.IvySettings.load(URL),org.apache.ivy.core.settings.IvySettings.loadDefaultProperties(),867
org.apache.ivy.core.settings.IvySettings.load(URL),org.apache.ivy.core.settings.IvySettings.dumpSettings(),821
org.apache.ivy.core.settings.IvySettings.dumpSettings(),org.apache.ivy.plugins.resolver.IBiblioResolver.dumpSettings(),806
org.apache.ivy.plugins.resolver.IBiblioResolver.dumpSettings(),org.apache.ivy.plugins.resolver.RepositoryResolver.dumpSettings(),812
org.apache.ivy.plugins.resolver.AbstractPatternsBasedResolver.dumpSettings(),org.apache.ivy.plugins.resolver.IBiblioResolver.getArtifactPatterns(),812
org.apache.ivy.plugins.resolver.IBiblioResolver.getArtifactPatterns(),org.apache.ivy.plugins.resolver.AbstractPatternsBasedResolver.getArtifactPatterns(),884
org.apache.ivy.plugins.resolver.IBiblioResolver.getArtifactPatterns(),org.apache.ivy.plugins.resolver.IBiblioResolver.ensureConfigured(ResolverSettings),884
org.apache.ivy.plugins.resolver.IBiblioResolver.dumpSettings(),org.apache.ivy.util.Message.debug(String),3248
org.apache.ivy.plugins.resolver.IBiblioResolver.dumpSettings(),org.apache.ivy.plugins.resolver.IBiblioResolver.ensureConfigured(ResolverSettings),812
org.apache.ivy.core.settings.IvySettings.load(URL),org.apache.ivy.core.settings.IvySettings.setSettingsVariables(URL),870
org.apache.ivy.core.settings.IvySettings.load(URL),org.apache.ivy.core.settings.IvySettings.getDefaultIvyUserDir(),1687
org.apache.ivy.core.settings.IvySettings.load(URL),"org.apache.ivy.core.settings.IvySettings.setVariable(String, String, boolean)",821
org.apache.ivy.core.settings.IvySettings.load(URL),org.apache.ivy.core.settings.IvySettings.getVariable(String),868
org.apache.ivy.core.settings.IvySettings.load(URL),org.apache.ivy.util.Message.info(String),870
org.apache.ivy.core.settings.IvySettings.load(URL),org.apache.ivy.util.Message.verbose(String),821
org.apache.ivy.core.settings.IvySettings.load(URL),org.apache.ivy.core.settings.XmlSettingsParser.<init>(IvySettings),867
org.apache.ivy.Ivy.configure(URL),org.apache.ivy.Ivy.postConfigure(),61
org.apache.ivy.Ivy.configure(URL),org.apache.ivy.Ivy.pushContext(),68
org.apache.ivy.Ivy.configure(URL),org.apache.ivy.Ivy.popContext(),68
org.apache.ivy.Ivy.configure(URL),org.apache.ivy.Ivy.assertBound(),68
"org.apache.ivy.ant.IvyAntSettings.defineDefaultSettingFile(IvyVariableContainer, ProjectComponent)",org.apache.ivy.core.settings.IvySettings.getDefaultSettingsURL(),47
org.apache.ivy.ant.IvyResolveTest.testIVY779(),org.apache.ivy.core.report.ResolveReport.hasError(),1
org.apache.ivy.ant.IvyResolveTest.testIVY779(),org.apache.ivy.ant.IvyResolve.setKeep(boolean),1
org.apache.ivy.ant.IvyInstallTest.tearDown(),org.apache.ivy.ant.IvyInstallTest.cleanCache(),14
org.apache.ivy.ant.IvyInstallTest.cleanCache(),org.apache.ivy.util.FileUtil.forceDelete(File),15
org.apache.ivy.ant.IvyInstallTest.tearDown(),org.apache.ivy.ant.IvyInstallTest.cleanInstall(),14
org.apache.ivy.ant.IvyInstallTest.cleanInstall(),org.apache.ivy.util.FileUtil.forceDelete(File),56
org.apache.ivy.ant.IvyResolveTest.testDontCheckIfChanged(),org.apache.ivy.ant.IvyTask.execute(),2
org.apache.ivy.ant.IvyResolveTest.testDontCheckIfChanged(),org.apache.ivy.Ivy.getVariable(String),2
org.apache.ivy.ant.IvyResolveTest.testDontCheckIfChanged(),org.apache.ivy.ant.IvyResolveTest.getIvy(),2
org.apache.ivy.ant.IvyDeliverTest.testWithResolveIdInAnotherBuild(),org.apache.ivy.ant.IvyTask.execute(),3
org.apache.ivy.ant.IvyDeliverTest.testWithResolveIdInAnotherBuild(),"org.apache.ivy.plugins.parser.AbstractModuleDescriptorParser.parseDescriptor(ParserSettings, URL, boolean)",1
org.apache.ivy.ant.IvyDeliver.doExecute(),"org.apache.ivy.Ivy.deliver(String, String, DeliverOptions)",2
"org.apache.ivy.Ivy.deliver(String, String, DeliverOptions)","org.apache.ivy.core.deliver.DeliverEngine.deliver(String, String, DeliverOptions)",3
"org.apache.ivy.core.deliver.DeliverEngine.deliver(String, String, DeliverOptions)","org.apache.ivy.core.deliver.DeliverEngine.deliver(ModuleRevisionId, String, String, DeliverOptions)",2
"org.apache.ivy.core.deliver.DeliverEngine.deliver(String, String, DeliverOptions)",org.apache.ivy.plugins.report.XmlReportParser.parse(File),2
"org.apache.ivy.core.deliver.DeliverEngine.deliver(String, String, DeliverOptions)",org.apache.ivy.core.cache.DefaultResolutionCacheManager.getConfigurationResolveReportsInCache(String),3
"org.apache.ivy.core.deliver.DeliverEngine.deliver(String, String, DeliverOptions)",org.apache.ivy.core.deliver.DeliverEngine.getCache(),3
"org.apache.ivy.core.deliver.DeliverEngine.deliver(String, String, DeliverOptions)",org.apache.ivy.plugins.report.XmlReportParser.<init>(),2
"org.apache.ivy.core.deliver.DeliverEngine.deliver(String, String, DeliverOptions)",org.apache.ivy.plugins.report.XmlReportParser.getResolvedModule(),2
"org.apache.ivy.Ivy.deliver(String, String, DeliverOptions)",org.apache.ivy.Ivy.pushContext(),4
"org.apache.ivy.Ivy.deliver(String, String, DeliverOptions)",org.apache.ivy.Ivy.popContext(),4
org.apache.ivy.ant.IvyDeliver.doExecute(),org.apache.ivy.Ivy.getWorkingRevision(),1
org.apache.ivy.ant.IvyDeliverTest.testWithResolveIdInAnotherBuild(),org.apache.ivy.core.settings.IvySettings.<init>(),1
org.apache.ivy.ant.IvyDeliverTest.testWithResolveIdInAnotherBuild(),"org.apache.ivy.core.module.id.ModuleRevisionId.newInstance(String, String, String)",2
org.apache.ivy.ant.IvyDeliverTest.testWithResolveIdInAnotherBuild(),org.apache.ivy.ant.IvyResolve.<init>(),2
org.apache.ivy.ant.IvyDeliverTest.testWithResolveIdInAnotherBuild(),org.apache.ivy.core.module.descriptor.DefaultModuleDescriptor.getDependencies(),1
org.apache.ivy.ant.IvyPostResolveTaskTest.testWithResolveIdAndPreviousResolveInSameBuildAndSameConfs(),org.apache.ivy.ant.IvyTask.execute(),3
org.apache.ivy.ant.IvyPostResolveTaskTest.testWithResolveIdAndPreviousResolveInSameBuildAndSameConfs(),org.apache.ivy.ant.IvyResolve.<init>(),2
org.apache.ivy.ant.IvyDeliverTest.testWithResolveId(),org.apache.ivy.ant.IvyTask.execute(),3
org.apache.ivy.ant.IvyDeliverTest.testWithResolveId(),"org.apache.ivy.plugins.parser.AbstractModuleDescriptorParser.parseDescriptor(ParserSettings, URL, boolean)",1
org.apache.ivy.core.IvyContext.getDefaultIvy(),org.apache.ivy.Ivy.configureDefault(),794
org.apache.ivy.Ivy.configureDefault(),org.apache.ivy.core.settings.IvySettings.loadDefault(),797
org.apache.ivy.core.settings.IvySettings.loadDefault(),org.apache.ivy.core.settings.IvySettings.load(URL),801
org.apache.ivy.core.settings.IvySettings.loadDefault(),org.apache.ivy.core.settings.IvySettings.getDefaultSettingsURL(),795
org.apache.ivy.Ivy.configureDefault(),org.apache.ivy.Ivy.pushContext(),791
org.apache.ivy.Ivy.configureDefault(),org.apache.ivy.Ivy.postConfigure(),757
org.apache.ivy.Ivy.configureDefault(),org.apache.ivy.Ivy.popContext(),791
org.apache.ivy.Ivy.configureDefault(),org.apache.ivy.Ivy.assertBound(),791
org.apache.ivy.core.IvyContext.getDefaultIvy(),org.apache.ivy.Ivy.newInstance(),802
org.apache.ivy.Ivy.newInstance(),org.apache.ivy.Ivy.bind(),886
org.apache.ivy.Ivy.newInstance(),org.apache.ivy.Ivy.<init>(),898
org.apache.ivy.ant.IvyDeliverTest.testWithResolveId(),org.apache.ivy.core.settings.IvySettings.<init>(),1
org.apache.ivy.ant.IvyDeliverTest.testWithResolveId(),"org.apache.ivy.core.module.id.ModuleRevisionId.newInstance(String, String, String)",2
org.apache.ivy.ant.IvyDeliverTest.testWithResolveId(),org.apache.ivy.ant.IvyResolve.<init>(),2
org.apache.ivy.ant.IvyDeliverTest.testWithResolveId(),org.apache.ivy.core.module.descriptor.DefaultModuleDescriptor.getDependencies(),1
org.apache.ivy.ant.IvyResolveTest.testDifferentResolveWithSameResolveId(),org.apache.ivy.ant.IvyTask.execute(),2
org.apache.ivy.ant.IvyResolveTest.testDifferentResolveWithSameResolveId(),org.apache.ivy.ant.IvyResolve.<init>(),1
org.apache.ivy.ant.IvyPostResolveTaskTest.testWithPreviousResolveInSameBuildAndBothWildcard(),org.apache.ivy.ant.IvyTask.execute(),2
org.apache.ivy.ant.IvyPostResolveTaskTest.testWithPreviousResolveInSameBuildAndBothWildcard(),org.apache.ivy.ant.IvyResolve.<init>(),1
org.apache.ivy.ant.IvyBuildListTest.testWithModuleWithSameNameAndDifferentOrg(),org.apache.ivy.ant.IvyBuildListTest.getFiles(IvyBuildList),1
org.apache.ivy.ant.IvyBuildListTest.getFiles(IvyBuildList),org.apache.ivy.ant.IvyTask.execute(),21
org.apache.ivy.ant.IvyTask.execute(),org.apache.ivy.ant.IvyBuildList.doExecute(),21
org.apache.ivy.ant.IvyBuildList.doExecute(),"org.apache.ivy.plugins.parser.AbstractModuleDescriptorParser.parseDescriptor(ParserSettings, URL, boolean)",128
"org.apache.ivy.plugins.parser.AbstractModuleDescriptorParser.parseDescriptor(ParserSettings, URL, boolean)","org.apache.ivy.plugins.parser.ModuleDescriptorParserRegistry.parseDescriptor(ParserSettings, URL, Resource, boolean)",153
"org.apache.ivy.plugins.parser.ModuleDescriptorParserRegistry.parseDescriptor(ParserSettings, URL, Resource, boolean)","org.apache.ivy.plugins.parser.xml.XmlModuleDescriptorParser.parseDescriptor(ParserSettings, URL, Resource, boolean)",150
"org.apache.ivy.plugins.parser.ModuleDescriptorParserRegistry.parseDescriptor(ParserSettings, URL, Resource, boolean)",org.apache.ivy.plugins.parser.ModuleDescriptorParserRegistry.getParser(Resource),156
org.apache.ivy.ant.IvyBuildList.doExecute(),"org.apache.ivy.Ivy.sortModuleDescriptors(Collection, SortOptions)",21
"org.apache.ivy.Ivy.sortModuleDescriptors(Collection, SortOptions)","org.apache.ivy.core.sort.SortEngine.sortModuleDescriptors(Collection, SortOptions)",24
"org.apache.ivy.core.sort.SortEngine.sortModuleDescriptors(Collection, SortOptions)",org.apache.ivy.core.sort.SortEngine.getCircularStrategy(),24
org.apache.ivy.core.sort.SortEngine.getCircularStrategy(),org.apache.ivy.core.settings.IvySettings.getCircularDependencyStrategy(),24
"org.apache.ivy.Ivy.sortModuleDescriptors(Collection, SortOptions)",org.apache.ivy.Ivy.pushContext(),26
"org.apache.ivy.Ivy.sortModuleDescriptors(Collection, SortOptions)",org.apache.ivy.Ivy.popContext(),26
org.apache.ivy.ant.IvyBuildList.doExecute(),"org.apache.ivy.ant.IvyBuildList.addBuildFile(Path, File)",79
org.apache.ivy.ant.IvyBuildList.doExecute(),org.apache.ivy.ant.IvyBuildList.getIvyFileFor(File),144
org.apache.ivy.ant.IvyBuildList.doExecute(),org.apache.ivy.util.Message.debug(String),128
org.apache.ivy.ant.IvyBuildList.doExecute(),"org.apache.ivy.ant.IvyTask.getProperty(String, IvySettings, String)",21
org.apache.ivy.ant.IvyBuildList.doExecute(),org.apache.ivy.ant.IvyTask.getIvyInstance(),22
org.apache.ivy.ant.IvyBuildList.doExecute(),"org.apache.ivy.ant.IvyBuildList.convertModuleNamesToModuleDescriptors(Collection, Set, String)",63
org.apache.ivy.ant.IvyBuildList.doExecute(),"org.apache.ivy.ant.IvyBuildList.onMissingDescriptor(File, File, List)",16
"org.apache.ivy.ant.IvyBuildList.onMissingDescriptor(File, File, List)",org.apache.ivy.util.Message.debug(String),15
org.apache.ivy.ant.IvyBuildList.doExecute(),org.apache.ivy.ant.IvyTask.doValidate(IvySettings),128
org.apache.ivy.ant.IvyBuildListTest.testWithModuleWithSameNameAndDifferentOrg(),"org.apache.ivy.ant.IvyBuildListTest.assertListOfFiles(String, String[], String[])",1
org.apache.ivy.ant.IvyBuildListTest.testWithModuleWithSameNameAndDifferentOrg(),org.apache.ivy.ant.IvyBuildList.addFileset(FileSet),1
org.apache.ivy.ant.IvyPostResolveTaskTest.testInlineWithoutKeep(),org.apache.ivy.ant.IvyTask.execute(),1
org.apache.ivy.ant.IvyPostResolveTaskTest.testInlineWithoutKeep(),"org.apache.ivy.ant.IvyPostResolveTaskTest.getArchiveFileInCache(String, String, String, String, String, String)",1
org.apache.ivy.ant.IvyRepositoryReportTest.testPatternWithoutOrganisation(),org.apache.ivy.ant.IvyTask.execute(),1
"org.apache.ivy.plugins.resolver.BasicResolver.findResource(ResolvedResource[], ResourceMDParser, ModuleRevisionId, Date)",org.apache.ivy.plugins.resolver.BasicResolver.logAttempt(String),4
org.apache.ivy.ant.IvyRepositoryReportTest.testPatternWithoutOrganisation(),org.apache.ivy.util.FileUtil.readEntirely(BufferedReader),1
org.apache.ivy.ant.IvyPublishTest.testHaltOnMissing(),org.apache.ivy.ant.IvyTask.execute(),2
"org.apache.ivy.core.publish.PublishEngine.publish(ModuleDescriptor, Collection, DependencyResolver, PublishOptions)",org.apache.ivy.util.Message.warn(String),3
org.apache.ivy.ant.IvyPublishTest.testHaltOnMissing(),org.apache.ivy.ant.IvyResolve.<init>(),1
org.apache.ivy.ant.IvyResolveTest.testDouble(),org.apache.ivy.ant.IvyTask.execute(),2
org.apache.ivy.ant.IvyResolveTest.testDouble(),org.apache.ivy.ant.IvyResolveTest.getIvy(),4
org.apache.ivy.ant.IvyResolveTest.testDouble(),org.apache.ivy.Ivy.getVariable(String),4
org.apache.ivy.ant.IvyBuildListTest.testWithRootCircular(),org.apache.ivy.ant.IvyBuildListTest.getFiles(IvyBuildList),1
"org.apache.ivy.core.sort.ModuleInSort.checkLoop(ModuleInSort, CircularDependencyStrategy)",org.apache.ivy.plugins.circular.AbstractLogCircularDependencyStrategy.handleCircularDependency(ModuleRevisionId[]),2
org.apache.ivy.plugins.circular.AbstractLogCircularDependencyStrategy.handleCircularDependency(ModuleRevisionId[]),org.apache.ivy.plugins.circular.WarnCircularDependencyStrategy.logCircularDependency(ModuleRevisionId[]),2
org.apache.ivy.plugins.circular.WarnCircularDependencyStrategy.logCircularDependency(ModuleRevisionId[]),org.apache.ivy.plugins.circular.CircularDependencyHelper.formatMessage(ModuleRevisionId[]),6
org.apache.ivy.plugins.circular.WarnCircularDependencyStrategy.logCircularDependency(ModuleRevisionId[]),org.apache.ivy.util.Message.warn(String),3
org.apache.ivy.plugins.circular.AbstractLogCircularDependencyStrategy.handleCircularDependency(ModuleRevisionId[]),org.apache.ivy.plugins.circular.AbstractLogCircularDependencyStrategy.getCircularDependencyId(ModuleRevisionId[]),4
org.apache.ivy.plugins.circular.AbstractLogCircularDependencyStrategy.getCircularDependencyId(ModuleRevisionId[]),org.apache.ivy.core.IvyContext.getContext(),6
org.apache.ivy.core.sort.ModuleInSort.addToSortList(List),org.apache.ivy.core.sort.ModuleInSort.addToSortList(List),2
org.apache.ivy.ant.IvyBuildList.doExecute(),"org.apache.ivy.ant.IvyBuildList.filterModulesFromRoot(Collection, List)",5
"org.apache.ivy.ant.IvyBuildList.filterModulesFromRoot(Collection, List)","org.apache.ivy.ant.IvyBuildList.processFilterNodeFromRoot(ModuleDescriptor, Set, Map)",6
"org.apache.ivy.ant.IvyBuildList.processFilterNodeFromRoot(ModuleDescriptor, Set, Map)","org.apache.ivy.ant.IvyBuildList.processFilterNodeFromRoot(ModuleDescriptor, Set, Map)",5
"org.apache.ivy.ant.IvyBuildList.processFilterNodeFromRoot(ModuleDescriptor, Set, Map)",org.apache.ivy.core.module.descriptor.DefaultDependencyDescriptor.getDependencyId(),7
"org.apache.ivy.ant.IvyBuildList.processFilterNodeFromRoot(ModuleDescriptor, Set, Map)",org.apache.ivy.core.module.descriptor.DefaultModuleDescriptor.getDependencies(),11
"org.apache.ivy.ant.IvyBuildList.filterModulesFromRoot(Collection, List)",org.apache.ivy.util.Message.verbose(String),11
org.apache.ivy.ant.IvyBuildList.doExecute(),org.apache.ivy.util.Message.info(String),10
org.apache.ivy.ant.IvyBuildListTest.testWithRootCircular(),org.apache.ivy.ant.IvyBuildList.addFileset(FileSet),1
org.apache.ivy.ant.IvyCachePathTest.testWithResolveIdWithoutResolve(),org.apache.ivy.ant.IvyTask.execute(),3
org.apache.ivy.ant.IvyCachePathTest.testWithResolveIdWithoutResolve(),"org.apache.ivy.ant.IvyCachePathTest.getArchiveFileInCache(String, String, String, String, String, String)",1
"org.apache.ivy.ant.IvyCachePathTest.getArchiveFileInCache(String, String, String, String, String, String)","org.apache.ivy.TestHelper.getArchiveFileInCache(Ivy, String, String, String, String, String, String)",7
"org.apache.ivy.ant.IvyCachePathTest.getArchiveFileInCache(String, String, String, String, String, String)",org.apache.ivy.ant.IvyTask.getIvyInstance(),7
org.apache.ivy.ant.IvyCachePathTest.testWithResolveIdWithoutResolve(),org.apache.ivy.ant.IvyResolve.<init>(),2
org.apache.ivy.ant.IvyRetrieveTest.testWithAPreviousResolveAndResolveId(),org.apache.ivy.ant.IvyTask.execute(),2
org.apache.ivy.ant.IvyRetrieveTest.testWithAPreviousResolveAndResolveId(),"org.apache.ivy.core.IvyPatternHelper.substitute(String, String, String, String, String, String, String)",1
org.apache.ivy.ant.IvyRetrieveTest.testWithAPreviousResolveAndResolveId(),org.apache.ivy.ant.IvyResolve.<init>(),1
org.apache.ivy.ant.IvyPublishTest.testNoDeliverWithBranch(),org.apache.ivy.ant.IvyTask.execute(),2
org.apache.ivy.ant.IvyPublishTest.testNoDeliverWithBranch(),"org.apache.ivy.plugins.parser.AbstractModuleDescriptorParser.parseDescriptor(ParserSettings, URL, boolean)",1
org.apache.ivy.ant.IvyPublishTest.testNoDeliverWithBranch(),org.apache.ivy.core.settings.IvySettings.<init>(),1
org.apache.ivy.ant.IvyPublishTest.testNoDeliverWithBranch(),"org.apache.ivy.util.FileUtil.copy(File, File, CopyProgressListener)",2
org.apache.ivy.ant.IvyPublishTest.testNoDeliverWithBranch(),org.apache.ivy.ant.IvyResolve.<init>(),1
org.apache.ivy.ant.IvyPublishTest.testNoDeliverWithBranch(),org.apache.ivy.core.module.descriptor.DefaultModuleDescriptor.getDependencies(),1
org.apache.ivy.ant.IvyPostResolveTaskTest.testWithPreviousResolveInSameBuildAndLessConfs(),org.apache.ivy.ant.IvyTask.execute(),2
org.apache.ivy.ant.IvyPostResolveTaskTest.testWithPreviousResolveInSameBuildAndLessConfs(),org.apache.ivy.ant.IvyResolve.<init>(),1
org.apache.ivy.ant.IvyResourcesTest.testDependencyInclude(),org.apache.ivy.ant.IvyResourcesTest.asList(IvyResources),1
org.apache.ivy.core.resolve.IvyNode.getArtifacts(String),"org.apache.ivy.core.resolve.IvyNode.findArtifactsMatching(IncludeRule, Map)",6
"org.apache.ivy.core.resolve.IvyNode.findArtifactsMatching(IncludeRule, Map)","org.apache.ivy.plugins.matcher.MatcherHelper.matches(PatternMatcher, ArtifactId, ArtifactId)",12
org.apache.ivy.core.resolve.IvyNode.getArtifacts(String),org.apache.ivy.util.Message.debug(String),6
"org.apache.ivy.plugins.parser.xml.XmlModuleDescriptorWriter.printDependencyIncludeRules(ModuleDescriptor, PrintWriter, IncludeRule[])",org.apache.ivy.util.XMLHelper.escape(String),8
"org.apache.ivy.plugins.parser.xml.XmlModuleDescriptorWriter.printDependencyIncludeRules(ModuleDescriptor, PrintWriter, IncludeRule[])",org.apache.ivy.core.module.descriptor.DefaultModuleDescriptor.getConfigurationsNames(),2
"org.apache.ivy.plugins.parser.xml.XmlModuleDescriptorWriter.printDependencyIncludeRules(ModuleDescriptor, PrintWriter, IncludeRule[])",org.apache.ivy.core.module.descriptor.AbstractIncludeExcludeRule.getConfigurations(),2
"org.apache.ivy.ant.IvyDependency.asDependencyDescriptor(ModuleDescriptor, String, IvySettings)",org.apache.ivy.ant.IvyDependencyInclude.asRule(IvySettings),4
org.apache.ivy.ant.IvyDependencyInclude.asRule(IvySettings),"org.apache.ivy.core.module.descriptor.DefaultIncludeRule.<init>(ArtifactId, PatternMatcher, Map)",7
"org.apache.ivy.core.module.descriptor.DefaultIncludeRule.<init>(ArtifactId, PatternMatcher, Map)","org.apache.ivy.core.module.descriptor.AbstractIncludeExcludeRule.<init>(ArtifactId, PatternMatcher, Map)",17
org.apache.ivy.ant.IvyDependencyInclude.asRule(IvySettings),"org.apache.ivy.core.module.id.ModuleId.<init>(String, String)",9
org.apache.ivy.ant.IvyDependencyInclude.asRule(IvySettings),org.apache.ivy.core.settings.IvySettings.getMatcher(String),7
org.apache.ivy.ant.IvyDependencyInclude.asRule(IvySettings),"org.apache.ivy.core.module.id.ArtifactId.<init>(ModuleId, String, String, String)",9
"org.apache.ivy.ant.IvyDependency.asDependencyDescriptor(ModuleDescriptor, String, IvySettings)","org.apache.ivy.core.module.descriptor.DefaultDependencyDescriptor.addIncludeRule(String, IncludeRule)",3
"org.apache.ivy.core.module.descriptor.DefaultDependencyDescriptor.addIncludeRule(String, IncludeRule)","org.apache.ivy.core.module.descriptor.DefaultDependencyDescriptor.addObjectToConfiguration(String, Object, Map)",5
"org.apache.ivy.core.module.descriptor.DefaultDependencyDescriptor.addIncludeRule(String, IncludeRule)",org.apache.ivy.core.module.descriptor.DefaultDependencyDescriptor.getIncludeRules(),5
org.apache.ivy.ant.IvyResourcesTest.testDependencyInclude(),"org.apache.ivy.ant.IvyResourcesTest.getArchiveFileInCache(String, String, String, String, String, String)",2
org.apache.ivy.ant.IvyResourcesTest.testDependencyInclude(),org.apache.ivy.ant.IvyPostResolveTask.createDependency(),2
org.apache.ivy.ant.IvyResourcesTest.testDependencyInclude(),org.apache.ivy.ant.IvyDependency.createInclude(),1
org.apache.ivy.ant.IvyDependency.createInclude(),org.apache.ivy.ant.IvyDependencyInclude.<init>(),4
org.apache.ivy.ant.IvyRetrieveTest.testSimple(),org.apache.ivy.ant.IvyTask.execute(),1
org.apache.ivy.ant.IvyRetrieveTest.testSimple(),"org.apache.ivy.core.IvyPatternHelper.substitute(String, String, String, String, String, String, String)",1
org.apache.ivy.ant.IvyInstallTest.testIVY843(),org.apache.ivy.ant.IvyTask.execute(),2
org.apache.ivy.ant.IvyInstallTest.testIVY843(),org.apache.ivy.ant.IvyInstallTest.cleanCache(),1
org.apache.ivy.ant.IvyResourcesTest.tearDown(),org.apache.ivy.ant.IvyResourcesTest.cleanCache(),8
org.apache.ivy.ant.IvyResolveTest.testWithSlashes(),org.apache.ivy.ant.IvyTask.execute(),1
org.apache.ivy.ant.IvyResolveTest.testWithSlashes(),"org.apache.ivy.ant.IvyResolveTest.getArchiveFileInCache(String, String, String, String, String, String)",2
org.apache.ivy.ant.IvyResolveTest.testWithSlashes(),org.apache.ivy.ant.IvyResolveTest.getIvyFileInCache(ModuleRevisionId),2
org.apache.ivy.ant.IvyResolveTest.getIvyFileInCache(ModuleRevisionId),org.apache.ivy.core.cache.DefaultRepositoryCacheManager.getIvyFileInCache(ModuleRevisionId),9
org.apache.ivy.ant.IvyResolveTest.getIvyFileInCache(ModuleRevisionId),org.apache.ivy.ant.IvyResolveTest.getIvy(),9
org.apache.ivy.ant.IvyResolveTest.getIvyFileInCache(ModuleRevisionId),"org.apache.ivy.TestHelper.getRepositoryCacheManager(Ivy, ModuleRevisionId)",9
org.apache.ivy.ant.IvyResolveTest.testWithSlashes(),org.apache.ivy.ant.IvyResolveTest.getResolvedIvyFileInCache(ModuleRevisionId),1
org.apache.ivy.ant.IvyResolveTest.getResolvedIvyFileInCache(ModuleRevisionId),org.apache.ivy.core.cache.DefaultResolutionCacheManager.getResolvedIvyFileInCache(ModuleRevisionId),5
org.apache.ivy.ant.IvyResolveTest.getResolvedIvyFileInCache(ModuleRevisionId),org.apache.ivy.ant.IvyResolveTest.getIvy(),5
org.apache.ivy.ant.IvyResolveTest.getResolvedIvyFileInCache(ModuleRevisionId),org.apache.ivy.Ivy.getResolutionCacheManager(),5
org.apache.ivy.ant.IvyResolveTest.testWithSlashes(),"org.apache.ivy.core.module.id.ModuleRevisionId.newInstance(String, String, String)",3
org.apache.ivy.ant.IvyInstallTest.testInstallWithClassifiers(),org.apache.ivy.ant.IvyTask.execute(),1
"org.apache.ivy.core.resolve.IvyNode.loadData(String, IvyNode, String, String, boolean, IvyNodeUsage)","org.apache.ivy.plugins.resolver.IBiblioResolver.getDependency(DependencyDescriptor, ResolveData)",1
"org.apache.ivy.plugins.parser.m2.PomModuleDescriptorParser.addSourcesAndJavadocArtifactsIfPresent(PomModuleDescriptorBuilder, ParserSettings)",org.apache.ivy.plugins.resolver.IBiblioResolver.locate(Artifact),3
org.apache.ivy.plugins.resolver.IBiblioResolver.locate(Artifact),org.apache.ivy.plugins.resolver.BasicResolver.locate(Artifact),44
"org.apache.ivy.plugins.resolver.BasicResolver.getArtifactRef(Artifact, Date)","org.apache.ivy.plugins.resolver.IBiblioResolver.findArtifactRef(Artifact, Date)",57
"org.apache.ivy.plugins.resolver.IBiblioResolver.findArtifactRef(Artifact, Date)","org.apache.ivy.plugins.resolver.AbstractPatternsBasedResolver.findResourceUsingPatterns(ModuleRevisionId, List, Artifact, ResourceMDParser, Date)",56
"org.apache.ivy.plugins.resolver.RepositoryResolver.findResourceUsingPattern(ModuleRevisionId, String, Artifact, ResourceMDParser, Date)",org.apache.ivy.plugins.repository.url.URLResource.exists(),146
org.apache.ivy.plugins.repository.url.URLResource.exists(),org.apache.ivy.plugins.repository.url.URLResource.init(),156
"org.apache.ivy.plugins.resolver.RepositoryResolver.findResourceUsingPattern(ModuleRevisionId, String, Artifact, ResourceMDParser, Date)",org.apache.ivy.plugins.repository.url.URLRepository.getResource(String),147
org.apache.ivy.plugins.repository.url.URLRepository.getResource(String),org.apache.ivy.plugins.repository.url.URLResource.<init>(URL),323
"org.apache.ivy.plugins.resolver.IBiblioResolver.findArtifactRef(Artifact, Date)",org.apache.ivy.plugins.resolver.AbstractPatternsBasedResolver.convertM2IdForResourceSearch(ModuleRevisionId),52
org.apache.ivy.plugins.resolver.AbstractPatternsBasedResolver.convertM2IdForResourceSearch(ModuleRevisionId),"org.apache.ivy.core.module.id.ModuleRevisionId.newInstance(String, String, String, String, Map)",43
org.apache.ivy.plugins.resolver.AbstractPatternsBasedResolver.convertM2IdForResourceSearch(ModuleRevisionId),org.apache.ivy.core.module.id.ModuleRevisionId.getName(),43
"org.apache.ivy.plugins.resolver.IBiblioResolver.findArtifactRef(Artifact, Date)",org.apache.ivy.plugins.resolver.IBiblioResolver.getArtifactPatterns(),56
"org.apache.ivy.plugins.resolver.IBiblioResolver.findArtifactRef(Artifact, Date)",org.apache.ivy.plugins.resolver.BasicResolver.getDefaultRMDParser(ModuleId),56
"org.apache.ivy.plugins.resolver.IBiblioResolver.findArtifactRef(Artifact, Date)",org.apache.ivy.core.module.descriptor.DefaultArtifact.getModuleRevisionId(),48
"org.apache.ivy.plugins.resolver.IBiblioResolver.findArtifactRef(Artifact, Date)",org.apache.ivy.core.module.id.ArtifactRevisionId.getRevision(),56
"org.apache.ivy.plugins.resolver.IBiblioResolver.findArtifactRef(Artifact, Date)",org.apache.ivy.plugins.resolver.IBiblioResolver.ensureConfigured(ResolverSettings),58
org.apache.ivy.plugins.resolver.BasicResolver.locate(Artifact),org.apache.ivy.plugins.repository.url.URLResource.getName(),23
org.apache.ivy.plugins.resolver.BasicResolver.locate(Artifact),org.apache.ivy.plugins.repository.url.URLResource.exists(),23
org.apache.ivy.plugins.resolver.IBiblioResolver.locate(Artifact),org.apache.ivy.plugins.resolver.IBiblioResolver.ensureConfigured(ResolverSettings),44
"org.apache.ivy.plugins.resolver.IBiblioResolver.findArtifactRef(Artifact, Date)",org.apache.ivy.core.module.descriptor.MDArtifact.getId(),33
"org.apache.ivy.plugins.resolver.IBiblioResolver.findArtifactRef(Artifact, Date)",org.apache.ivy.core.module.descriptor.MDArtifact.getModuleRevisionId(),65
"org.apache.ivy.plugins.parser.m2.PomModuleDescriptorParser.addSourcesAndJavadocArtifactsIfPresent(PomModuleDescriptorBuilder, ParserSettings)",org.apache.ivy.plugins.parser.m2.PomModuleDescriptorBuilder.addSourceArtifact(),6
org.apache.ivy.plugins.parser.m2.PomModuleDescriptorBuilder.addSourceArtifact(),"org.apache.ivy.core.module.descriptor.DefaultModuleDescriptor.addArtifact(String, Artifact)",6
org.apache.ivy.plugins.parser.m2.PomModuleDescriptorBuilder.addSourceArtifact(),org.apache.ivy.plugins.parser.m2.PomModuleDescriptorBuilder.getSourceArtifact(),7
"org.apache.ivy.plugins.parser.m2.PomModuleDescriptorParser.addSourcesAndJavadocArtifactsIfPresent(PomModuleDescriptorBuilder, ParserSettings)",org.apache.ivy.plugins.parser.m2.PomModuleDescriptorBuilder.addJavadocArtifact(),6
org.apache.ivy.plugins.parser.m2.PomModuleDescriptorBuilder.addJavadocArtifact(),"org.apache.ivy.core.module.descriptor.DefaultModuleDescriptor.addArtifact(String, Artifact)",6
org.apache.ivy.plugins.parser.m2.PomModuleDescriptorBuilder.addJavadocArtifact(),org.apache.ivy.plugins.parser.m2.PomModuleDescriptorBuilder.getJavadocArtifact(),7
"org.apache.ivy.plugins.resolver.RepositoryResolver.get(Resource, File)","org.apache.ivy.plugins.repository.url.URLRepository.get(String, File)",118
"org.apache.ivy.plugins.repository.url.URLRepository.get(String, File)","org.apache.ivy.util.FileUtil.copy(URL, File, CopyProgressListener)",293
"org.apache.ivy.util.FileUtil.copy(URL, File, CopyProgressListener)","org.apache.ivy.util.url.URLHandlerDispatcher.download(URL, File, CopyProgressListener)",117
"org.apache.ivy.util.url.URLHandlerDispatcher.download(URL, File, CopyProgressListener)","org.apache.ivy.util.url.BasicURLHandler.download(URL, File, CopyProgressListener)",6
"org.apache.ivy.util.url.BasicURLHandler.download(URL, File, CopyProgressListener)","org.apache.ivy.util.FileUtil.copy(InputStream, File, CopyProgressListener)",74
"org.apache.ivy.util.url.BasicURLHandler.download(URL, File, CopyProgressListener)",org.apache.ivy.util.url.BasicURLHandler.disconnect(URLConnection),192
"org.apache.ivy.util.url.BasicURLHandler.download(URL, File, CopyProgressListener)","org.apache.ivy.util.url.AbstractURLHandler.getDecodingInputStream(String, InputStream)",74
"org.apache.ivy.util.url.BasicURLHandler.download(URL, File, CopyProgressListener)",org.apache.ivy.util.url.AbstractURLHandler.normalizeToURL(URL),192
"org.apache.ivy.util.url.URLHandlerDispatcher.download(URL, File, CopyProgressListener)",org.apache.ivy.util.url.URLHandlerDispatcher.getHandler(String),119
"org.apache.ivy.plugins.repository.url.URLRepository.get(String, File)","org.apache.ivy.plugins.repository.AbstractRepository.fireTransferInitiated(Resource, int)",293
org.apache.ivy.plugins.repository.TransferEvent.setResource(Resource),org.apache.ivy.plugins.repository.url.URLResource.getName(),293
"org.apache.ivy.plugins.repository.url.URLRepository.get(String, File)",org.apache.ivy.plugins.repository.url.URLRepository.getResource(String),587
"org.apache.ivy.plugins.repository.url.URLRepository.get(String, File)",org.apache.ivy.plugins.repository.url.URLResource.getContentLength(),293
"org.apache.ivy.plugins.resolver.RepositoryResolver.get(Resource, File)",org.apache.ivy.plugins.repository.url.URLResource.getName(),234
"org.apache.ivy.plugins.resolver.BasicResolver.check(Resource, File, String)",org.apache.ivy.plugins.repository.url.URLResource.exists(),21
"org.apache.ivy.plugins.resolver.BasicResolver.check(Resource, File, String)",org.apache.ivy.plugins.repository.url.URLResource.clone(String),21
org.apache.ivy.plugins.repository.url.URLResource.clone(String),org.apache.ivy.plugins.repository.url.URLResource.<init>(URL),21
"org.apache.ivy.plugins.resolver.BasicResolver.check(Resource, File, String)",org.apache.ivy.plugins.repository.url.URLResource.getName(),21
"org.apache.ivy.plugins.repository.ResourceHelper.equals(Resource, File)",org.apache.ivy.plugins.repository.url.URLResource.getName(),123
org.apache.ivy.plugins.repository.url.URLResource.toString(),org.apache.ivy.plugins.repository.url.URLResource.getName(),413
"org.apache.ivy.core.cache.DefaultRepositoryCacheManager.download(Artifact, ArtifactResourceResolver, ResourceDownloader, CacheDownloadOptions)",org.apache.ivy.plugins.repository.url.URLResource.getName(),123
org.apache.ivy.core.cache.DefaultRepositoryCacheManager.getChangingMatcher(CacheMetadataOptions),org.apache.ivy.plugins.matcher.AbstractPatternMatcher.getMatcher(String),104
org.apache.ivy.core.cache.DefaultRepositoryCacheManager.getChangingMatcher(CacheMetadataOptions),org.apache.ivy.core.settings.IvySettings.getMatcher(String),104
"org.apache.ivy.plugins.parser.m2.PomModuleDescriptorParser.getMetadataArtifact(ModuleRevisionId, Resource)",org.apache.ivy.plugins.repository.url.URLResource.getLastModified(),102
org.apache.ivy.plugins.resolver.util.ResolvedResource.getLastModified(),org.apache.ivy.plugins.repository.url.URLResource.getLastModified(),12
"org.apache.ivy.plugins.resolver.BasicResolver.getDependency(DependencyDescriptor, ResolveData)","org.apache.ivy.plugins.resolver.IBiblioResolver.findIvyFileRef(DependencyDescriptor, ResolveData)",92
"org.apache.ivy.plugins.resolver.IBiblioResolver.findIvyFileRef(DependencyDescriptor, ResolveData)","org.apache.ivy.plugins.resolver.AbstractPatternsBasedResolver.findResourceUsingPatterns(ModuleRevisionId, List, Artifact, ResourceMDParser, Date)",91
"org.apache.ivy.plugins.resolver.IBiblioResolver.findIvyFileRef(DependencyDescriptor, ResolveData)","org.apache.ivy.core.module.descriptor.DefaultArtifact.newPomArtifact(ModuleRevisionId, Date)",91
"org.apache.ivy.plugins.resolver.IBiblioResolver.findIvyFileRef(DependencyDescriptor, ResolveData)",org.apache.ivy.plugins.resolver.AbstractPatternsBasedResolver.convertM2IdForResourceSearch(ModuleRevisionId),91
"org.apache.ivy.plugins.resolver.IBiblioResolver.findIvyFileRef(DependencyDescriptor, ResolveData)",org.apache.ivy.plugins.resolver.AbstractPatternsBasedResolver.getIvyPatterns(),91
"org.apache.ivy.plugins.resolver.IBiblioResolver.findIvyFileRef(DependencyDescriptor, ResolveData)","org.apache.ivy.plugins.resolver.BasicResolver.getRMDParser(DependencyDescriptor, ResolveData)",91
"org.apache.ivy.plugins.resolver.IBiblioResolver.findIvyFileRef(DependencyDescriptor, ResolveData)",org.apache.ivy.core.resolve.ResolveData.getDate(),182
"org.apache.ivy.core.resolve.ResolveEngine.downloadArtifacts(ResolveReport, Filter, DownloadOptions)","org.apache.ivy.plugins.resolver.IBiblioResolver.download(Artifact[], DownloadOptions)",1
"org.apache.ivy.plugins.resolver.IBiblioResolver.download(Artifact[], DownloadOptions)","org.apache.ivy.plugins.resolver.RepositoryResolver.download(Artifact[], DownloadOptions)",12
"org.apache.ivy.plugins.resolver.IBiblioResolver.download(Artifact[], DownloadOptions)",org.apache.ivy.plugins.resolver.IBiblioResolver.ensureConfigured(ResolverSettings),12
org.apache.ivy.plugins.resolver.IBiblioResolver.setRoot(String),org.apache.ivy.plugins.resolver.IBiblioResolver.updateWholePattern(),4
org.apache.ivy.plugins.resolver.IBiblioResolver.setRoot(String),org.apache.ivy.plugins.resolver.IBiblioResolver.ensureConfigured(ResolverSettings),4
org.apache.ivy.ant.IvyDeliverTest.testWithDynEvicted(),org.apache.ivy.ant.IvyTask.execute(),3
org.apache.ivy.ant.IvyDeliverTest.testWithDynEvicted(),"org.apache.ivy.plugins.parser.AbstractModuleDescriptorParser.parseDescriptor(ParserSettings, URL, boolean)",1
org.apache.ivy.ant.IvyDeliverTest.testWithDynEvicted(),org.apache.ivy.core.settings.IvySettings.<init>(),1
org.apache.ivy.ant.IvyDeliverTest.testWithDynEvicted(),"org.apache.ivy.core.module.id.ModuleRevisionId.newInstance(String, String, String)",2
org.apache.ivy.ant.IvyDeliverTest.testWithDynEvicted(),org.apache.ivy.ant.IvyRetrieve.<init>(),1
org.apache.ivy.ant.IvyDeliverTest.testWithDynEvicted(),org.apache.ivy.ant.IvyResolve.<init>(),1
org.apache.ivy.ant.IvyDeliverTest.testWithDynEvicted(),org.apache.ivy.core.module.descriptor.DefaultModuleDescriptor.getDependencies(),1
org.apache.ivy.ant.IvyDeliverTest.testWithDynEvicted(),org.apache.ivy.ant.IvyTask.setValidate(boolean),2
org.apache.ivy.ant.IvyDeliverTest.testWithDynEvicted(),org.apache.ivy.core.module.descriptor.DefaultDependencyDescriptor.getDependencyId(),2
org.apache.ivy.ant.IvyPublishTest.testNoDeliver(),org.apache.ivy.ant.IvyTask.execute(),2
org.apache.ivy.ant.IvyPublishTest.testNoDeliver(),"org.apache.ivy.plugins.parser.AbstractModuleDescriptorParser.parseDescriptor(ParserSettings, URL, boolean)",1
org.apache.ivy.ant.IvyPublishTest.testNoDeliver(),org.apache.ivy.core.settings.IvySettings.<init>(),1
org.apache.ivy.ant.IvyPublishTest.testNoDeliver(),"org.apache.ivy.util.FileUtil.copy(File, File, CopyProgressListener)",2
org.apache.ivy.ant.IvyPublishTest.testNoDeliver(),org.apache.ivy.ant.IvyResolve.<init>(),1
org.apache.ivy.ant.IvyPublishTest.testNoDeliver(),org.apache.ivy.core.module.descriptor.DefaultModuleDescriptor.getDependencies(),1
org.apache.ivy.ant.IvyPostResolveTaskTest.tearDown(),org.apache.ivy.util.CacheCleaner.deleteDir(File),13
org.apache.ivy.ant.IvyResolveTest.testChildsDependencyInclude(),org.apache.ivy.ant.IvyTask.execute(),1
org.apache.ivy.ant.IvyResolveTest.testChildsDependencyInclude(),"org.apache.ivy.ant.IvyResolveTest.getArchiveFileInCache(String, String, String, String, String, String)",2
org.apache.ivy.ant.IvyResolveTest.testChildsDependencyInclude(),org.apache.ivy.ant.IvyResolve.createDependency(),2
org.apache.ivy.ant.IvyResolveTest.testChildsDependencyInclude(),org.apache.ivy.ant.IvyDependency.createInclude(),1
org.apache.ivy.ant.IvyBuildListTest.testAbsolutePathToParent(),org.apache.ivy.ant.IvyBuildListTest.getFiles(IvyBuildList),1
org.apache.ivy.ant.IvyBuildListTest.testAbsolutePathToParent(),"org.apache.ivy.ant.IvyBuildListTest.assertListOfFiles(String, String[], String[])",1
org.apache.ivy.ant.IvyBuildListTest.testAbsolutePathToParent(),org.apache.ivy.ant.IvyBuildList.addFileset(FileSet),1
org.apache.ivy.ant.IvyPublishTest.testOverwriteReadOnly(),org.apache.ivy.ant.IvyTask.execute(),2
org.apache.ivy.ant.IvyPublishTest.testOverwriteReadOnly(),"org.apache.ivy.util.FileUtil.copy(File, File, CopyProgressListener)",2
org.apache.ivy.ant.IvyPublishTest.testOverwriteReadOnly(),org.apache.ivy.ant.IvyResolve.<init>(),1
org.apache.ivy.ant.IvyPublishTest.testCustom(),org.apache.ivy.ant.IvyTask.execute(),2
"org.apache.ivy.util.extendable.ExtendableItemHelper.fillExtraAttributes(ParserSettings, DefaultExtendableItem, Attributes, String[])","org.apache.ivy.util.extendable.DefaultExtendableItem.setExtraAttribute(String, String)",5
"org.apache.ivy.util.extendable.DefaultExtendableItem.setExtraAttribute(String, String)","org.apache.ivy.util.extendable.UnmodifiableExtendableItem.setExtraAttribute(String, String)",8
org.apache.ivy.ant.IvyPublishTest.testCustom(),"org.apache.ivy.plugins.parser.AbstractModuleDescriptorParser.parseDescriptor(ParserSettings, URL, boolean)",1
org.apache.ivy.ant.IvyPublishTest.testCustom(),org.apache.ivy.core.settings.IvySettings.<init>(),1
org.apache.ivy.ant.IvyPublishTest.testCustom(),"org.apache.ivy.util.FileUtil.copy(File, File, CopyProgressListener)",1
org.apache.ivy.ant.IvyPublishTest.testCustom(),org.apache.ivy.util.FileUtil.readEntirely(BufferedReader),2
org.apache.ivy.ant.IvyPublishTest.testCustom(),org.apache.ivy.ant.IvyResolve.<init>(),1
org.apache.ivy.ant.IvyPublishTest.testCustom(),org.apache.ivy.core.module.descriptor.DefaultDependencyDescriptor.getAttribute(String),1
org.apache.ivy.core.module.descriptor.DefaultDependencyDescriptor.getAttribute(String),org.apache.ivy.util.extendable.UnmodifiableExtendableItem.getAttribute(String),3
org.apache.ivy.ant.IvyPublishTest.testCustom(),org.apache.ivy.core.module.descriptor.DefaultModuleDescriptor.getDependencies(),1
org.apache.ivy.ant.IvyPublishTest.testCustom(),org.apache.ivy.util.extendable.UnmodifiableExtendableItem.getAttribute(String),2
org.apache.ivy.ant.IvyPublishTest.testCustom(),org.apache.ivy.ant.IvyTask.setValidate(boolean),2
org.apache.ivy.ant.IvyPublishTest.testCustom(),org.apache.ivy.core.module.descriptor.DefaultModuleDescriptor.getConfiguration(String),1
"org.apache.ivy.core.retrieve.RetrieveEngine.retrieve(ModuleRevisionId, RetrieveOptions)","org.apache.ivy.core.retrieve.RetrieveReport.addUpToDateFile(File, ArtifactDownloadReport)",2
org.apache.ivy.ant.IvyAntSettings.getConfiguredIvyInstance(ProjectComponent),org.apache.ivy.ant.IvyAntSettings.createIvyEngine(ProjectComponent),6
org.apache.ivy.ant.IvyTask.execute(),org.apache.ivy.ant.IvyCleanCache.doExecute(),6
org.apache.ivy.ant.IvyCleanCache.doExecute(),org.apache.ivy.core.cache.DefaultResolutionCacheManager.clean(),4
org.apache.ivy.core.cache.DefaultResolutionCacheManager.clean(),org.apache.ivy.util.FileUtil.forceDelete(File),25
org.apache.ivy.ant.IvyCleanCache.doExecute(),org.apache.ivy.core.cache.DefaultRepositoryCacheManager.clean(),7
org.apache.ivy.core.cache.DefaultRepositoryCacheManager.clean(),org.apache.ivy.util.FileUtil.forceDelete(File),8
org.apache.ivy.core.cache.DefaultRepositoryCacheManager.clean(),org.apache.ivy.core.cache.DefaultRepositoryCacheManager.getBasedir(),11
org.apache.ivy.ant.IvyCleanCache.doExecute(),org.apache.ivy.core.settings.IvySettings.getRepositoryCacheManagers(),4
org.apache.ivy.ant.IvyCleanCache.doExecute(),org.apache.ivy.ant.IvyTask.getIvyInstance(),9
org.apache.ivy.ant.IvyCleanCache.doExecute(),org.apache.ivy.core.settings.IvySettings.getResolutionCacheManager(),4
org.apache.ivy.ant.IvyCleanCache.<init>(),org.apache.ivy.ant.IvyTask.<init>(),16
org.apache.ivy.ant.IvyRetrieveBuildFileTest.testMultipleInlineRetrievesWithCacheCleaning(),org.apache.ivy.core.report.ResolveReport.hasError(),1
org.apache.ivy.ant.IvyBuildListTest.testTwoParents(),org.apache.ivy.ant.IvyBuildListTest.getFiles(IvyBuildList),1
org.apache.ivy.ant.IvyBuildListTest.testTwoParents(),"org.apache.ivy.ant.IvyBuildListTest.assertListOfFiles(String, String[], String[])",1
org.apache.ivy.ant.IvyBuildListTest.testTwoParents(),org.apache.ivy.ant.IvyBuildList.addFileset(FileSet),1
org.apache.ivy.ant.IvyBuildListTest.testWithLeaf(),org.apache.ivy.ant.IvyBuildListTest.getFiles(IvyBuildList),1
org.apache.ivy.ant.IvyBuildList.doExecute(),"org.apache.ivy.ant.IvyBuildList.filterModulesFromLeaf(Collection, List)",5
"org.apache.ivy.ant.IvyBuildList.filterModulesFromLeaf(Collection, List)","org.apache.ivy.ant.IvyBuildList.processFilterNodeFromLeaf(ModuleDescriptor, Set, Map)",6
"org.apache.ivy.ant.IvyBuildList.processFilterNodeFromLeaf(ModuleDescriptor, Set, Map)","org.apache.ivy.ant.IvyBuildList.processFilterNodeFromLeaf(ModuleDescriptor, Set, Map)",7
"org.apache.ivy.ant.IvyBuildList.processFilterNodeFromLeaf(ModuleDescriptor, Set, Map)",org.apache.ivy.core.module.id.ModuleId.equals(Object),78
"org.apache.ivy.ant.IvyBuildList.processFilterNodeFromLeaf(ModuleDescriptor, Set, Map)",org.apache.ivy.core.module.descriptor.DefaultModuleDescriptor.getDependencies(),93
"org.apache.ivy.ant.IvyBuildList.processFilterNodeFromLeaf(ModuleDescriptor, Set, Map)",org.apache.ivy.core.module.descriptor.DefaultDependencyDescriptor.getDependencyId(),78
"org.apache.ivy.ant.IvyBuildList.filterModulesFromLeaf(Collection, List)",org.apache.ivy.util.Message.verbose(String),14
org.apache.ivy.ant.IvyBuildListTest.testWithLeaf(),"org.apache.ivy.ant.IvyBuildListTest.assertListOfFiles(String, String[], String[])",1
org.apache.ivy.ant.IvyBuildListTest.testWithLeaf(),org.apache.ivy.ant.IvyBuildList.addFileset(FileSet),1
org.apache.ivy.ant.IvyResolveTest.testExcludedConf(),org.apache.ivy.ant.IvyTask.execute(),1
org.apache.ivy.ant.IvyResolveTest.testExcludedConf(),org.apache.ivy.ant.IvyResolveTest.getIvyFileInCache(ModuleRevisionId),2
org.apache.ivy.ant.IvyResolveTest.testExcludedConf(),"org.apache.ivy.core.module.id.ModuleRevisionId.newInstance(String, String, String)",2
org.apache.ivy.ant.IvyBuildListTest.testWithRootAndOnlyDirectDep(),org.apache.ivy.ant.IvyBuildListTest.getFiles(IvyBuildList),1
org.apache.ivy.ant.IvyBuildListTest.testWithRootAndOnlyDirectDep(),"org.apache.ivy.ant.IvyBuildListTest.assertListOfFiles(String, String[], String[])",1
org.apache.ivy.ant.IvyBuildListTest.testWithRootAndOnlyDirectDep(),org.apache.ivy.ant.IvyBuildList.addFileset(FileSet),1
org.apache.ivy.ant.IvyBuildListTest.testWithLeafAndOnlyDirectDep(),org.apache.ivy.ant.IvyBuildListTest.getFiles(IvyBuildList),1
org.apache.ivy.ant.IvyBuildListTest.testWithLeafAndOnlyDirectDep(),"org.apache.ivy.ant.IvyBuildListTest.assertListOfFiles(String, String[], String[])",1
org.apache.ivy.ant.IvyBuildListTest.testWithLeafAndOnlyDirectDep(),org.apache.ivy.ant.IvyBuildList.addFileset(FileSet),1
org.apache.ivy.ant.IvyPostResolveTaskTest.testInlineWithKeep(),org.apache.ivy.ant.IvyTask.execute(),1
org.apache.ivy.ant.IvyPostResolveTaskTest.testInlineWithKeep(),"org.apache.ivy.ant.IvyPostResolveTaskTest.getArchiveFileInCache(String, String, String, String, String, String)",1
org.apache.ivy.ant.IvyPostResolveTaskTest.testInlineWithKeep(),org.apache.ivy.ant.IvyPostResolveTask.setKeep(boolean),1
org.apache.ivy.ant.IvyBuildListTest.testWithRootExclude(),org.apache.ivy.ant.IvyBuildListTest.getFiles(IvyBuildList),1
org.apache.ivy.ant.IvyBuildListTest.testWithRootExclude(),"org.apache.ivy.ant.IvyBuildListTest.assertListOfFiles(String, String[], String[])",1
org.apache.ivy.ant.IvyBuildListTest.testWithRootExclude(),org.apache.ivy.ant.IvyBuildList.addFileset(FileSet),1
org.apache.ivy.ant.IvyCachePathTest.tearDown(),org.apache.ivy.ant.IvyCachePathTest.cleanCache(),9
org.apache.ivy.ant.IvyBuildListTest.testOneParent(),org.apache.ivy.ant.IvyBuildListTest.getFiles(IvyBuildList),1
org.apache.ivy.ant.IvyBuildListTest.testOneParent(),"org.apache.ivy.ant.IvyBuildListTest.assertListOfFiles(String, String[], String[])",1
org.apache.ivy.ant.IvyBuildListTest.testOneParent(),org.apache.ivy.ant.IvyBuildList.addFileset(FileSet),1
org.apache.ivy.ant.IvyBuildListTest.testRelativePathToParent(),org.apache.ivy.ant.IvyBuildListTest.getFiles(IvyBuildList),1
org.apache.ivy.ant.IvyBuildListTest.testRelativePathToParent(),"org.apache.ivy.ant.IvyBuildListTest.assertListOfFiles(String, String[], String[])",1
org.apache.ivy.ant.IvyBuildListTest.testRelativePathToParent(),org.apache.ivy.ant.IvyBuildList.addFileset(FileSet),1
org.apache.ivy.ant.IvyPublishTest.testOverwrite(),org.apache.ivy.ant.IvyTask.execute(),2
org.apache.ivy.ant.IvyPublishTest.testOverwrite(),"org.apache.ivy.util.FileUtil.copy(File, File, CopyProgressListener)",2
org.apache.ivy.ant.IvyPublishTest.testOverwrite(),org.apache.ivy.ant.IvyResolve.<init>(),1
org.apache.ivy.ant.IvyPublishTest.testReadonly(),org.apache.ivy.ant.IvyTask.execute(),2
"org.apache.ivy.util.FileUtil.copy(File, File, CopyProgressListener, boolean)",org.apache.ivy.util.Message.verbose(String),3
"org.apache.ivy.plugins.repository.file.FileRepository.copy(File, File, boolean)",org.apache.ivy.plugins.repository.AbstractRepository.fireTransferError(Exception),1
org.apache.ivy.plugins.repository.AbstractRepository.fireTransferError(Exception),org.apache.ivy.plugins.repository.TransferEvent.setEventType(int),206
org.apache.ivy.plugins.repository.AbstractRepository.fireTransferError(Exception),org.apache.ivy.plugins.repository.AbstractRepository.fireTransferEvent(TransferEvent),206
"org.apache.ivy.core.publish.PublishEngine.publish(ModuleDescriptor, Collection, DependencyResolver, PublishOptions)",org.apache.ivy.plugins.resolver.FileSystemResolver.abortPublishTransaction(),1
org.apache.ivy.plugins.resolver.FileSystemResolver.abortPublishTransaction(),org.apache.ivy.plugins.resolver.FileSystemResolver.supportTransaction(),6
org.apache.ivy.ant.IvyPublishTest.testReadonly(),"org.apache.ivy.util.FileUtil.copy(File, File, CopyProgressListener)",2
org.apache.ivy.ant.IvyPublishTest.testReadonly(),org.apache.ivy.ant.IvyResolve.<init>(),1
org.apache.ivy.ant.IvyRetrieveTest.testDoubleRetrieveWithDifferentConfigurations(),org.apache.ivy.ant.IvyTask.execute(),2
org.apache.ivy.ant.IvyRetrieveTest.testDoubleRetrieveWithDifferentConfigurations(),org.apache.ivy.ant.IvyRetrieve.<init>(),1
org.apache.ivy.ant.IvyArtifactPropertyTest.testWithResolveId(),org.apache.ivy.ant.IvyTask.execute(),3
org.apache.ivy.ant.IvyArtifactProperty.doExecute(),org.apache.ivy.plugins.report.XmlReportParser.parse(File),2
org.apache.ivy.ant.IvyArtifactProperty.doExecute(),org.apache.ivy.core.settings.IvySettings.substitute(String),4
org.apache.ivy.ant.IvyArtifactProperty.doExecute(),"org.apache.ivy.core.IvyPatternHelper.substitute(String, Artifact, String)",4
org.apache.ivy.ant.IvyArtifactProperty.doExecute(),org.apache.ivy.ant.IvyTask.getIvyInstance(),2
org.apache.ivy.ant.IvyArtifactProperty.doExecute(),"org.apache.ivy.ant.IvyArtifactProperty.setProperty(String, String)",2
org.apache.ivy.ant.IvyArtifactProperty.doExecute(),org.apache.ivy.ant.IvyTask.getSettings(),4
org.apache.ivy.ant.IvyArtifactProperty.doExecute(),"org.apache.ivy.core.cache.DefaultResolutionCacheManager.getConfigurationResolveReportInCache(String, String)",2
org.apache.ivy.ant.IvyArtifactProperty.doExecute(),org.apache.ivy.plugins.report.XmlReportParser.getArtifacts(),2
org.apache.ivy.ant.IvyArtifactProperty.doExecute(),org.apache.ivy.ant.IvyTask.splitConfs(String),2
org.apache.ivy.ant.IvyArtifactProperty.doExecute(),org.apache.ivy.plugins.report.XmlReportParser.<init>(),2
org.apache.ivy.ant.IvyArtifactProperty.doExecute(),org.apache.ivy.Ivy.getResolutionCacheManager(),2
org.apache.ivy.ant.IvyArtifactPropertyTest.testWithResolveId(),org.apache.ivy.ant.IvyResolve.<init>(),2
org.apache.ivy.ant.IvyResolveTest.testSimple(),org.apache.ivy.ant.IvyTask.execute(),1
org.apache.ivy.ant.IvyResolveTest.testSimple(),"org.apache.ivy.ant.IvyResolveTest.getArchiveFileInCache(String, String, String, String, String, String)",1
org.apache.ivy.ant.IvyResolveTest.testSimple(),org.apache.ivy.ant.IvyResolveTest.getResolvedIvyFileInCache(ModuleRevisionId),1
org.apache.ivy.ant.IvyResolveTest.testSimple(),org.apache.ivy.ant.IvyResolveTest.getIvyFileInCache(ModuleRevisionId),1
org.apache.ivy.ant.IvyResolveTest.testSimple(),"org.apache.ivy.core.module.id.ModuleRevisionId.newInstance(String, String, String)",2
org.apache.ivy.ant.IvyResolveTest.testWithResolveId(),org.apache.ivy.ant.IvyTask.execute(),1
org.apache.ivy.ant.IvyResolveTest.testWithResolveId(),"org.apache.ivy.ant.IvyResolveTest.getArchiveFileInCache(String, String, String, String, String, String)",1
org.apache.ivy.ant.IvyResolveTest.testWithResolveId(),org.apache.ivy.ant.IvyResolveTest.getIvyFileInCache(ModuleRevisionId),1
org.apache.ivy.ant.IvyResolveTest.testWithResolveId(),org.apache.ivy.ant.IvyResolveTest.getResolvedIvyFileInCache(ModuleRevisionId),1
org.apache.ivy.ant.IvyResolveTest.testWithResolveId(),"org.apache.ivy.core.module.id.ModuleRevisionId.newInstance(String, String, String)",2
org.apache.ivy.ant.IvyResolveTest.testWithResolveId(),"org.apache.ivy.core.cache.DefaultResolutionCacheManager.getConfigurationResolveReportInCache(String, String)",1
org.apache.ivy.ant.IvyResolveTest.testWithResolveId(),org.apache.ivy.ant.IvyResolveTest.getIvy(),1
org.apache.ivy.ant.IvyResolveTest.testWithResolveId(),org.apache.ivy.Ivy.getResolutionCacheManager(),1
org.apache.ivy.ant.IvyDeliverTest.testNoReplaceDynamicRev(),org.apache.ivy.ant.IvyTask.execute(),2
org.apache.ivy.ant.IvyDeliverTest.testNoReplaceDynamicRev(),"org.apache.ivy.plugins.parser.AbstractModuleDescriptorParser.parseDescriptor(ParserSettings, URL, boolean)",1
org.apache.ivy.ant.IvyDeliverTest.testNoReplaceDynamicRev(),org.apache.ivy.core.settings.IvySettings.<init>(),1
org.apache.ivy.ant.IvyDeliverTest.testNoReplaceDynamicRev(),"org.apache.ivy.core.module.id.ModuleRevisionId.newInstance(String, String, String)",2
org.apache.ivy.ant.IvyDeliverTest.testNoReplaceDynamicRev(),org.apache.ivy.ant.IvyResolve.<init>(),1
org.apache.ivy.ant.IvyDeliverTest.testNoReplaceDynamicRev(),org.apache.ivy.core.module.descriptor.DefaultModuleDescriptor.getDependencies(),1
org.apache.ivy.ant.IvyBuildListTest.testRestartFrom(),org.apache.ivy.ant.IvyBuildListTest.getFiles(IvyBuildList),1
org.apache.ivy.ant.IvyBuildList.doExecute(),org.apache.ivy.core.module.descriptor.DefaultModuleDescriptor.equals(Object),5
org.apache.ivy.core.module.descriptor.DefaultModuleDescriptor.equals(Object),org.apache.ivy.core.module.id.ModuleRevisionId.equals(Object),3606
org.apache.ivy.ant.IvyBuildListTest.testRestartFrom(),"org.apache.ivy.ant.IvyBuildListTest.assertListOfFiles(String, String[], String[])",1
org.apache.ivy.ant.IvyBuildListTest.testRestartFrom(),org.apache.ivy.ant.IvyBuildList.addFileset(FileSet),1
org.apache.ivy.ant.IvyInstallTest.testInstallWithNamespace2(),org.apache.ivy.ant.IvyTask.execute(),1
"org.apache.ivy.plugins.resolver.BasicResolver.checkDescriptorConsistency(ModuleRevisionId, ModuleDescriptor, ResolvedResource)",org.apache.ivy.util.Message.error(String),3
org.apache.ivy.util.Message.error(String),org.apache.ivy.util.MessageLoggerEngine.error(String),170
org.apache.ivy.util.MessageLoggerEngine.error(String),org.apache.ivy.util.AbstractMessageLogger.error(String),172
org.apache.ivy.util.AbstractMessageLogger.error(String),"org.apache.ivy.ant.AntMessageLogger.log(String, int)",4
org.apache.ivy.util.MessageLoggerEngine.error(String),org.apache.ivy.util.MessageLoggerEngine.peekLogger(),172
org.apache.ivy.util.Message.error(String),org.apache.ivy.util.Message.getLogger(),265
org.apache.ivy.ant.IvyBuildListTest.testWithLeafCircular(),org.apache.ivy.ant.IvyBuildListTest.getFiles(IvyBuildList),1
org.apache.ivy.ant.IvyBuildListTest.testWithLeafCircular(),org.apache.ivy.ant.IvyBuildList.addFileset(FileSet),1
org.apache.ivy.ant.IvyCachePathTest.testWithResolveId(),org.apache.ivy.ant.IvyTask.execute(),3
org.apache.ivy.ant.IvyCachePathTest.testWithResolveId(),"org.apache.ivy.ant.IvyCachePathTest.getArchiveFileInCache(String, String, String, String, String, String)",1
org.apache.ivy.ant.IvyCachePathTest.testWithResolveId(),org.apache.ivy.ant.IvyResolve.<init>(),2
org.apache.ivy.ant.IvyPublishTest.testPublishPublicConfigsByWildcard(),org.apache.ivy.ant.IvyTask.execute(),2
org.apache.ivy.ant.IvyPublishTest.testPublishPublicConfigsByWildcard(),"org.apache.ivy.util.FileUtil.copy(File, File, CopyProgressListener)",1
org.apache.ivy.ant.IvyPublishTest.testPublishPublicConfigsByWildcard(),org.apache.ivy.ant.IvyPublish.addArtifactspattern(String),1
org.apache.ivy.ant.IvyPublishTest.testPublishPublicConfigsByWildcard(),org.apache.ivy.ant.IvyResolve.<init>(),1
org.apache.ivy.ant.IvyResolveTest.testResolveWithoutIvyFile(),org.apache.ivy.ant.IvyTask.execute(),1
org.apache.ivy.plugins.resolver.BasicResolver.setAllownomd(boolean),org.apache.ivy.util.Message.deprecated(String),5
org.apache.ivy.ant.IvyResolveTest.testResolveWithoutIvyFile(),"org.apache.ivy.ant.IvyResolveTest.getArchiveFileInCache(String, String, String, String, String, String)",1
org.apache.ivy.ant.IvyResolveTest.testResolveWithoutIvyFile(),org.apache.ivy.ant.IvyResolveTest.getIvyFileInCache(ModuleRevisionId),1
org.apache.ivy.ant.IvyResolveTest.testResolveWithoutIvyFile(),"org.apache.ivy.core.module.id.ModuleRevisionId.newInstance(String, String, String)",1
org.apache.ivy.ant.IvyBuildListTest.testWithRoot(),org.apache.ivy.ant.IvyBuildListTest.getFiles(IvyBuildList),1
org.apache.ivy.ant.IvyBuildListTest.testWithRoot(),"org.apache.ivy.ant.IvyBuildListTest.assertListOfFiles(String, String[], String[])",1
org.apache.ivy.ant.IvyBuildListTest.testWithRoot(),org.apache.ivy.ant.IvyBuildList.addFileset(FileSet),1
org.apache.ivy.ant.IvyBuildListTest.testWithTwoLeafs(),org.apache.ivy.ant.IvyBuildListTest.getFiles(IvyBuildList),1
org.apache.ivy.ant.IvyBuildListTest.testWithTwoLeafs(),"org.apache.ivy.ant.IvyBuildListTest.assertListOfFiles(String, String[], String[])",1
org.apache.ivy.ant.IvyBuildListTest.testWithTwoLeafs(),org.apache.ivy.ant.IvyBuildList.addFileset(FileSet),1
org.apache.ivy.ant.IvyBuildListTest.testWithLeafExclude(),org.apache.ivy.ant.IvyBuildListTest.getFiles(IvyBuildList),1
org.apache.ivy.ant.IvyBuildListTest.testWithLeafExclude(),"org.apache.ivy.ant.IvyBuildListTest.assertListOfFiles(String, String[], String[])",1
org.apache.ivy.ant.IvyBuildListTest.testWithLeafExclude(),org.apache.ivy.ant.IvyBuildList.addFileset(FileSet),1
org.apache.ivy.ant.IvyPostResolveTaskTest.testWithPreviousResolveInSameBuildAndSameConfs(),org.apache.ivy.ant.IvyTask.execute(),2
org.apache.ivy.ant.IvyPostResolveTaskTest.testWithPreviousResolveInSameBuildAndSameConfs(),org.apache.ivy.ant.IvyResolve.<init>(),1
org.apache.ivy.ant.IvyPublishTest.testBadNoDeliver(),org.apache.ivy.ant.IvyTask.execute(),2
org.apache.ivy.ant.IvyPublishTest.testBadNoDeliver(),"org.apache.ivy.util.FileUtil.copy(File, File, CopyProgressListener)",2
org.apache.ivy.ant.IvyPublishTest.testBadNoDeliver(),org.apache.ivy.ant.IvyResolve.<init>(),1
org.apache.ivy.ant.IvyResolveTest.testFailureOnBadDependencyIvyFile(),org.apache.ivy.ant.IvyTask.execute(),1
"org.apache.ivy.plugins.resolver.ChainResolver.getDependency(DependencyDescriptor, ResolveData)",org.apache.ivy.util.StringUtils.getStackTrace(Exception),2
org.apache.ivy.ant.IvyInstallTest.testInstallWithMultipleType(),org.apache.ivy.ant.IvyTask.execute(),1
"org.apache.ivy.core.resolve.IvyNode.loadData(String, IvyNode, String, String, boolean, IvyNodeUsage)","org.apache.ivy.plugins.resolver.DualResolver.getDependency(DependencyDescriptor, ResolveData)",3
"org.apache.ivy.util.filter.FilterHelper.filter(Collection, Filter)",org.apache.ivy.util.filter.ArtifactTypeFilter.accept(Object),9
org.apache.ivy.util.filter.FilterHelper.getArtifactTypeFilter(String),org.apache.ivy.util.filter.FilterHelper.getArtifactTypeFilter(String[]),4
org.apache.ivy.util.filter.FilterHelper.getArtifactTypeFilter(String[]),org.apache.ivy.util.filter.ArtifactTypeFilter.<init>(Collection),5
org.apache.ivy.ant.IvyResolveTest.testResolveWithAbsoluteFile(),org.apache.ivy.ant.IvyTask.execute(),1
org.apache.ivy.ant.IvyResolveTest.testResolveWithAbsoluteFile(),org.apache.ivy.ant.IvyResolveTest.getResolvedIvyFileInCache(ModuleRevisionId),1
org.apache.ivy.ant.IvyResolveTest.testResolveWithAbsoluteFile(),"org.apache.ivy.core.module.id.ModuleRevisionId.newInstance(String, String, String)",1
org.apache.ivy.ant.IvyDeliverTest.testWithExtraAttributes(),org.apache.ivy.ant.IvyTask.execute(),2
org.apache.ivy.ant.IvyDeliverTest.testWithExtraAttributes(),org.apache.ivy.core.settings.IvySettings.<init>(),1
org.apache.ivy.ant.IvyDeliverTest.testWithExtraAttributes(),"org.apache.ivy.plugins.parser.AbstractModuleDescriptorParser.parseDescriptor(ParserSettings, URL, boolean)",1
org.apache.ivy.ant.IvyDeliverTest.testWithExtraAttributes(),"org.apache.ivy.core.module.id.ModuleRevisionId.newInstance(String, String, String, Map)",1
"org.apache.ivy.core.module.id.ModuleRevisionId.newInstance(String, String, String, Map)","org.apache.ivy.core.module.id.ModuleRevisionId.<init>(ModuleId, String, Map)",30
"org.apache.ivy.core.module.id.ModuleRevisionId.<init>(ModuleId, String, Map)","org.apache.ivy.core.module.id.ModuleRevisionId.<init>(ModuleId, String, String, Map)",30
"org.apache.ivy.core.module.id.ModuleRevisionId.newInstance(String, String, String, Map)",org.apache.ivy.core.module.id.ModuleRevisionId.intern(ModuleRevisionId),29
"org.apache.ivy.core.module.id.ModuleRevisionId.newInstance(String, String, String, Map)","org.apache.ivy.core.module.id.ModuleId.newInstance(String, String)",31
org.apache.ivy.ant.IvyDeliverTest.testWithExtraAttributes(),"org.apache.ivy.core.module.id.ModuleRevisionId.newInstance(String, String, String)",1
org.apache.ivy.ant.IvyDeliverTest.testWithExtraAttributes(),org.apache.ivy.ant.IvyResolve.<init>(),1
org.apache.ivy.ant.IvyDeliverTest.testWithExtraAttributes(),org.apache.ivy.core.module.descriptor.DefaultModuleDescriptor.getDependencies(),1
org.apache.ivy.ant.IvyDeliverTest.testWithExtraAttributes(),org.apache.ivy.ant.IvyTask.setValidate(boolean),2
org.apache.ivy.ant.IvyConvertPomTest.testSimple(),org.apache.ivy.ant.IvyTask.execute(),1
org.apache.ivy.ant.IvyTask.execute(),org.apache.ivy.ant.IvyConvertPom.doExecute(),1
org.apache.ivy.ant.IvyConvertPom.doExecute(),"org.apache.ivy.plugins.parser.m2.PomModuleDescriptorParser.parseDescriptor(ParserSettings, URL, boolean)",1
"org.apache.ivy.plugins.parser.m2.PomModuleDescriptorParser.addSourcesAndJavadocArtifactsIfPresent(PomModuleDescriptorBuilder, ParserSettings)",org.apache.ivy.plugins.resolver.ChainResolver.locate(Artifact),36
org.apache.ivy.plugins.resolver.ChainResolver.locate(Artifact),org.apache.ivy.plugins.resolver.ChainResolver.locate(Artifact),36
org.apache.ivy.plugins.resolver.ChainResolver.locate(Artifact),org.apache.ivy.plugins.resolver.IBiblioResolver.locate(Artifact),36
org.apache.ivy.util.url.URLHandlerDispatcher.getURLInfo(URL),org.apache.ivy.util.url.HttpClientHandler.getURLInfo(URL),152
org.apache.ivy.util.url.HttpClientHandler.getURLInfo(URL),"org.apache.ivy.util.url.HttpClientHandler.getURLInfo(URL, int)",167
"org.apache.ivy.util.url.HttpClientHandler.getURLInfo(URL, int)","org.apache.ivy.util.url.HttpClientHandler.doHead(URL, int)",154
"org.apache.ivy.util.url.HttpClientHandler.doHead(URL, int)",org.apache.ivy.util.url.AbstractURLHandler.normalizeToString(URL),154
"org.apache.ivy.util.url.HttpClientHandler.doHead(URL, int)",org.apache.ivy.util.url.HttpClientHandler.useAuthentication(URL),153
org.apache.ivy.util.url.HttpClientHandler.useAuthentication(URL),org.apache.ivy.util.url.CredentialsStore.hasCredentials(String),285
"org.apache.ivy.util.url.HttpClientHandler.doHead(URL, int)",org.apache.ivy.util.url.HttpClientHandler.getClient(),154
"org.apache.ivy.util.url.HttpClientHandler.doHead(URL, int)",org.apache.ivy.util.url.HttpClientHandler.useProxyAuthentication(),153
"org.apache.ivy.util.url.HttpClientHandler.getURLInfo(URL, int)","org.apache.ivy.util.url.HttpClientHandler.checkStatusCode(URL, HttpMethodBase)",155
"org.apache.ivy.util.url.HttpClientHandler.checkStatusCode(URL, HttpMethodBase)",org.apache.ivy.util.Message.verbose(String),18
"org.apache.ivy.util.url.HttpClientHandler.checkStatusCode(URL, HttpMethodBase)",org.apache.ivy.util.Message.debug(String),18
org.apache.ivy.plugins.resolver.ChainResolver.locate(Artifact),org.apache.ivy.plugins.resolver.BasicResolver.locate(Artifact),72
org.apache.ivy.plugins.resolver.ChainResolver.locate(Artifact),org.apache.ivy.core.cache.ArtifactOrigin.unkwnown(Artifact),40
org.apache.ivy.plugins.resolver.ChainResolver.locate(Artifact),org.apache.ivy.core.cache.ArtifactOrigin.isUnknown(ArtifactOrigin),145
"org.apache.ivy.plugins.parser.m2.PomModuleDescriptorParser.addSourcesAndJavadocArtifactsIfPresent(PomModuleDescriptorBuilder, ParserSettings)",org.apache.ivy.core.settings.IvySettings.getResolver(ModuleRevisionId),1
"org.apache.ivy.plugins.parser.m2.PomModuleDescriptorBuilder.addDependency(Resource, PomReader$PomDependencyData)","org.apache.ivy.core.module.descriptor.DefaultExcludeRule.<init>(ArtifactId, PatternMatcher, Map)",4
"org.apache.ivy.plugins.parser.m2.PomModuleDescriptorBuilder.addDependency(Resource, PomReader$PomDependencyData)","org.apache.ivy.core.module.descriptor.DefaultDependencyDescriptor.addExcludeRule(String, ExcludeRule)",4
"org.apache.ivy.plugins.parser.m2.PomModuleDescriptorBuilder.addDependency(Resource, PomReader$PomDependencyData)",org.apache.ivy.core.module.descriptor.DefaultDependencyDescriptor.getModuleConfigurations(),2
"org.apache.ivy.plugins.parser.m2.PomModuleDescriptorBuilder.addDependency(Resource, PomReader$PomDependencyData)","org.apache.ivy.core.module.id.ArtifactId.<init>(ModuleId, String, String, String)",4
org.apache.ivy.ant.IvyConvertPom.doExecute(),"org.apache.ivy.plugins.parser.m2.PomModuleDescriptorParser.toIvyFile(InputStream, Resource, File, ModuleDescriptor)",1
org.apache.ivy.core.module.descriptor.AbstractIncludeExcludeRule.equals(Object),org.apache.ivy.core.module.id.ArtifactId.equals(Object),4
org.apache.ivy.core.module.id.ArtifactId.equals(Object),org.apache.ivy.core.module.id.ModuleId.equals(Object),14
org.apache.ivy.ant.IvyConvertPom.doExecute(),org.apache.ivy.ant.IvyTask.getSettings(),1
org.apache.ivy.ant.IvyConvertPom.doExecute(),org.apache.ivy.plugins.repository.url.URLResource.<init>(URL),1
org.apache.ivy.ant.IvyConvertPomTest.testSimple(),org.apache.ivy.ant.IvyConvertPom.<init>(),1
org.apache.ivy.ant.IvyConvertPom.<init>(),org.apache.ivy.ant.IvyTask.<init>(),12
org.apache.ivy.ant.IvyRetrieveTest.testFailure(),org.apache.ivy.ant.IvyTask.execute(),1
org.apache.ivy.ant.IvyBuildListTest.testReverse(),org.apache.ivy.ant.IvyBuildListTest.getFiles(IvyBuildList),1
org.apache.ivy.ant.IvyBuildListTest.testReverse(),"org.apache.ivy.ant.IvyBuildListTest.assertListOfFiles(String, String[], String[])",1
org.apache.ivy.ant.IvyBuildListTest.testReverse(),org.apache.ivy.ant.IvyBuildList.addFileset(FileSet),1
org.apache.ivy.ant.IvyBuildListTest.testSimple(),org.apache.ivy.ant.IvyBuildListTest.getFiles(IvyBuildList),1
org.apache.ivy.ant.IvyBuildListTest.testSimple(),"org.apache.ivy.ant.IvyBuildListTest.assertListOfFiles(String, String[], String[])",1
org.apache.ivy.ant.IvyBuildListTest.testSimple(),org.apache.ivy.ant.IvyBuildList.addFileset(FileSet),1
org.apache.ivy.ant.IvyBuildListTest.testWithTwoRoots(),org.apache.ivy.ant.IvyBuildListTest.getFiles(IvyBuildList),1
org.apache.ivy.ant.IvyBuildListTest.testWithTwoRoots(),"org.apache.ivy.ant.IvyBuildListTest.assertListOfFiles(String, String[], String[])",1
org.apache.ivy.ant.IvyBuildListTest.testWithTwoRoots(),org.apache.ivy.ant.IvyBuildList.addFileset(FileSet),1
org.apache.ivy.ant.IvyInstallTest.testInstallWithAnyType(),org.apache.ivy.ant.IvyTask.execute(),1
org.apache.ivy.ant.IvyResolveTest.testFailureOnBadStatusInDependencyIvyFile(),org.apache.ivy.ant.IvyTask.execute(),1
org.apache.ivy.ant.IvyInstallTest.testInstallWithBranch(),org.apache.ivy.ant.IvyTask.execute(),1
org.apache.ivy.ant.IvyDeliverTest.testReplaceVariables(),org.apache.ivy.ant.IvyTask.execute(),2
org.apache.ivy.ant.IvyDeliverTest.testReplaceVariables(),org.apache.ivy.util.FileUtil.readEntirely(BufferedReader),1
org.apache.ivy.ant.IvyDeliverTest.testReplaceVariables(),org.apache.ivy.ant.IvyTask.getIvyInstance(),1
org.apache.ivy.ant.IvyDeliverTest.testReplaceVariables(),"org.apache.ivy.core.settings.IvySettings.setVariable(String, String)",1
org.apache.ivy.ant.IvyDeliverTest.testReplaceVariables(),org.apache.ivy.ant.IvyResolve.<init>(),1
org.apache.ivy.ant.IvyCachePathTest.testInline1(),org.apache.ivy.ant.IvyTask.execute(),2
org.apache.ivy.ant.IvyCachePathTest.testInline1(),"org.apache.ivy.ant.IvyCachePathTest.getArchiveFileInCache(String, String, String, String, String, String)",2
org.apache.ivy.ant.IvyCachePathTest.testInline1(),org.apache.ivy.ant.IvyResolve.<init>(),1
org.apache.ivy.ant.IvyRetrieveTest.testHaltOnFailure(),org.apache.ivy.ant.IvyTask.execute(),1
org.apache.ivy.ant.IvyCachePathTest.testInline2(),org.apache.ivy.ant.IvyTask.execute(),2
org.apache.ivy.ant.IvyCachePathTest.testInline2(),"org.apache.ivy.ant.IvyCachePathTest.getArchiveFileInCache(String, String, String, String, String, String)",2
org.apache.ivy.ant.IvyCachePathTest.testInline2(),org.apache.ivy.ant.IvyResolve.<init>(),1
org.apache.ivy.ant.IvyRepositoryReportTest.testBranchBeforeModule(),org.apache.ivy.ant.IvyTask.execute(),1
org.apache.ivy.ant.IvyRepositoryReportTest.testBranchBeforeModule(),org.apache.ivy.util.FileUtil.readEntirely(BufferedReader),1
org.apache.ivy.ant.IvyResolveTest.testResolveWithRelativeFile(),org.apache.ivy.ant.IvyTask.execute(),1
org.apache.ivy.ant.IvyResolveTest.testResolveWithRelativeFile(),org.apache.ivy.ant.IvyResolveTest.getResolvedIvyFileInCache(ModuleRevisionId),1
org.apache.ivy.ant.IvyResolveTest.testResolveWithRelativeFile(),"org.apache.ivy.core.module.id.ModuleRevisionId.newInstance(String, String, String)",1
org.apache.ivy.ant.IvyVarTest.testURLPrefix(),org.apache.ivy.ant.IvyTask.execute(),1
org.apache.ivy.ant.IvyTask.execute(),org.apache.ivy.ant.IvyVar.doExecute(),4
org.apache.ivy.ant.IvyVar.doExecute(),"org.apache.ivy.core.settings.IvySettings.setVariable(String, String)",6
org.apache.ivy.ant.IvyVar.doExecute(),org.apache.ivy.ant.IvyVar.getVarName(String),6
org.apache.ivy.ant.IvyVar.doExecute(),org.apache.ivy.ant.IvyTask.getIvyInstance(),6
org.apache.ivy.ant.IvyVarTest.testURLPrefix(),org.apache.ivy.Ivy.getVariable(String),2
org.apache.ivy.ant.IvyVarTest.testURLPrefix(),org.apache.ivy.ant.IvyTask.getIvyInstance(),1
org.apache.ivy.ant.IvyVarTest.testURLPrefix(),org.apache.ivy.ant.IvyVar.<init>(),1
org.apache.ivy.ant.IvyVar.<init>(),org.apache.ivy.ant.IvyTask.<init>(),21
org.apache.ivy.ant.IvyPublishTest.testMultiPatterns(),org.apache.ivy.ant.IvyTask.execute(),2
org.apache.ivy.ant.IvyPublishTest.testMultiPatterns(),"org.apache.ivy.util.FileUtil.copy(File, File, CopyProgressListener)",2
org.apache.ivy.ant.IvyPublishTest.testMultiPatterns(),org.apache.ivy.ant.IvyPublish.addArtifactspattern(String),2
org.apache.ivy.ant.IvyPublishTest.testMultiPatterns(),org.apache.ivy.ant.IvyResolve.<init>(),1
org.apache.ivy.ant.IvyArtifactPropertyTest.testSimple(),org.apache.ivy.ant.IvyTask.execute(),1
org.apache.ivy.ant.IvyArtifactProperty.doExecute(),org.apache.ivy.ant.IvyPostResolveTask.getResolvedModuleId(),1
org.apache.ivy.ant.IvyArtifactProperty.doExecute(),org.apache.ivy.core.resolve.ResolveOptions.getDefaultResolveId(ModuleId),1
org.apache.ivy.ant.IvyBuildListTest.testNoParents(),org.apache.ivy.ant.IvyBuildListTest.getFiles(IvyBuildList),1
org.apache.ivy.ant.IvyBuildListTest.testNoParents(),"org.apache.ivy.ant.IvyBuildListTest.assertListOfFiles(String, String[], String[])",1
org.apache.ivy.ant.IvyBuildListTest.testNoParents(),org.apache.ivy.ant.IvyBuildList.addFileset(FileSet),1
org.apache.ivy.ant.IvyDeliverTest.testSimple(),org.apache.ivy.ant.IvyTask.execute(),2
org.apache.ivy.ant.IvyDeliverTest.testSimple(),"org.apache.ivy.plugins.parser.AbstractModuleDescriptorParser.parseDescriptor(ParserSettings, URL, boolean)",1
org.apache.ivy.ant.IvyDeliverTest.testSimple(),org.apache.ivy.core.settings.IvySettings.<init>(),1
org.apache.ivy.ant.IvyDeliverTest.testSimple(),"org.apache.ivy.core.module.id.ModuleRevisionId.newInstance(String, String, String)",3
org.apache.ivy.ant.IvyDeliverTest.testSimple(),org.apache.ivy.ant.IvyResolve.<init>(),1
org.apache.ivy.ant.IvyDeliverTest.testSimple(),org.apache.ivy.core.module.descriptor.DefaultModuleDescriptor.getDependencies(),1
org.apache.ivy.ant.IvyBuildListTest.testOnMissingDescriptor2(),org.apache.ivy.ant.IvyBuildListTest.getFiles(IvyBuildList),1
org.apache.ivy.ant.IvyBuildListTest.testOnMissingDescriptor2(),"org.apache.ivy.ant.IvyBuildListTest.assertListOfFiles(String, String[], String[])",1
org.apache.ivy.ant.IvyBuildListTest.testOnMissingDescriptor2(),org.apache.ivy.ant.IvyBuildList.addFileset(FileSet),1
org.apache.ivy.ant.IvyDeliverTest.testWithBranch(),org.apache.ivy.ant.IvyTask.execute(),2
org.apache.ivy.ant.IvyDeliverTest.testWithBranch(),"org.apache.ivy.plugins.parser.AbstractModuleDescriptorParser.parseDescriptor(ParserSettings, URL, boolean)",1
org.apache.ivy.ant.IvyDeliverTest.testWithBranch(),org.apache.ivy.core.settings.IvySettings.<init>(),1
org.apache.ivy.ant.IvyDeliverTest.testWithBranch(),"org.apache.ivy.core.module.id.ModuleRevisionId.newInstance(String, String, String)",1
org.apache.ivy.ant.IvyDeliverTest.testWithBranch(),"org.apache.ivy.core.module.id.ModuleRevisionId.newInstance(String, String, String, String)",1
org.apache.ivy.ant.IvyDeliverTest.testWithBranch(),org.apache.ivy.ant.IvyResolve.<init>(),1
org.apache.ivy.ant.IvyDeliverTest.testWithBranch(),org.apache.ivy.core.module.descriptor.DefaultModuleDescriptor.getDependencies(),1
org.apache.ivy.ant.IvyDeliverTest.testReplaceBranch(),org.apache.ivy.ant.IvyTask.execute(),2
org.apache.ivy.ant.IvyDeliverTest.testReplaceBranch(),org.apache.ivy.ant.IvyConfigure.execute(),1
org.apache.ivy.ant.IvyDeliverTest.testReplaceBranch(),"org.apache.ivy.plugins.parser.AbstractModuleDescriptorParser.parseDescriptor(ParserSettings, URL, boolean)",1
org.apache.ivy.ant.IvyDeliverTest.testReplaceBranch(),org.apache.ivy.core.settings.IvySettings.<init>(),1
org.apache.ivy.ant.IvyDeliverTest.testReplaceBranch(),"org.apache.ivy.core.module.id.ModuleRevisionId.newInstance(String, String, String)",2
org.apache.ivy.ant.IvyDeliverTest.testReplaceBranch(),"org.apache.ivy.core.module.id.ModuleRevisionId.newInstance(String, String, String, String)",1
org.apache.ivy.ant.IvyDeliverTest.testReplaceBranch(),org.apache.ivy.ant.IvyResolve.<init>(),1
org.apache.ivy.ant.IvyDeliverTest.testReplaceBranch(),org.apache.ivy.ant.IvyAntSettings.getDefaultInstance(Task),1
org.apache.ivy.ant.IvyDeliverTest.testReplaceBranch(),org.apache.ivy.ant.IvyConfigure.<init>(),1
org.apache.ivy.ant.IvyDeliverTest.testReplaceBranch(),org.apache.ivy.core.module.descriptor.DefaultModuleDescriptor.getDependencies(),1
org.apache.ivy.ant.IvyDeliverTest.testReplaceBranch(),org.apache.ivy.ant.IvyAntSettings.getConfiguredIvyInstance(Task),1
org.apache.ivy.ant.IvyResourcesTest.testSimple(),org.apache.ivy.ant.IvyResourcesTest.asList(IvyResources),1
org.apache.ivy.ant.IvyResourcesTest.testSimple(),"org.apache.ivy.ant.IvyResourcesTest.getArchiveFileInCache(String, String, String, String, String, String)",1
org.apache.ivy.ant.IvyResourcesTest.testSimple(),org.apache.ivy.ant.IvyPostResolveTask.createDependency(),1
org.apache.ivy.ant.IvyBuildListTest.testOnMissingDescriptor(),org.apache.ivy.ant.IvyBuildListTest.getFiles(IvyBuildList),1
"org.apache.ivy.ant.IvyBuildList.onMissingDescriptor(File, File, List)",org.apache.ivy.util.Message.verbose(String),2
org.apache.ivy.ant.IvyBuildListTest.testOnMissingDescriptor(),"org.apache.ivy.ant.IvyBuildListTest.assertListOfFiles(String, String[], String[])",1
org.apache.ivy.ant.IvyBuildListTest.testOnMissingDescriptor(),org.apache.ivy.ant.IvyBuildList.addFileset(FileSet),1
org.apache.ivy.ant.IvyDeliverTest.testReplaceBranchInfo(),org.apache.ivy.ant.IvyTask.execute(),2
org.apache.ivy.ant.IvyDeliverTest.testReplaceBranchInfo(),"org.apache.ivy.plugins.parser.AbstractModuleDescriptorParser.parseDescriptor(ParserSettings, URL, boolean)",1
org.apache.ivy.ant.IvyDeliverTest.testReplaceBranchInfo(),org.apache.ivy.core.settings.IvySettings.<init>(),1
org.apache.ivy.ant.IvyDeliverTest.testReplaceBranchInfo(),"org.apache.ivy.core.module.id.ModuleRevisionId.newInstance(String, String, String, String)",1
org.apache.ivy.ant.IvyDeliverTest.testReplaceBranchInfo(),org.apache.ivy.ant.IvyResolve.<init>(),1
org.apache.ivy.ant.IvyDeliverTest.testNotGenerateRevConstraint(),org.apache.ivy.ant.IvyTask.execute(),2
org.apache.ivy.ant.IvyDeliverTest.testNotGenerateRevConstraint(),"org.apache.ivy.plugins.parser.AbstractModuleDescriptorParser.parseDescriptor(ParserSettings, URL, boolean)",1
org.apache.ivy.ant.IvyDeliverTest.testNotGenerateRevConstraint(),org.apache.ivy.core.settings.IvySettings.<init>(),1
org.apache.ivy.ant.IvyDeliverTest.testNotGenerateRevConstraint(),"org.apache.ivy.core.module.id.ModuleRevisionId.newInstance(String, String, String)",3
org.apache.ivy.ant.IvyDeliverTest.testNotGenerateRevConstraint(),org.apache.ivy.ant.IvyResolve.<init>(),1
org.apache.ivy.ant.IvyDeliverTest.testNotGenerateRevConstraint(),org.apache.ivy.core.module.descriptor.DefaultModuleDescriptor.getDependencies(),1
org.apache.ivy.ant.IvyResolveTest.testHaltOnFailure(),org.apache.ivy.ant.IvyTask.execute(),1
org.apache.ivy.ant.IvyResolveTest.testFailure(),org.apache.ivy.ant.IvyTask.execute(),1
org.apache.ivy.ant.IvyConfigure.setSettingsId(String),org.apache.ivy.ant.IvyAntSettings.setId(String),7
org.apache.ivy.ant.IvyAntSettingsBuildFileTest.testOverrideSetToFalse(),org.apache.ivy.core.report.ResolveReport.hasError(),1
org.apache.ivy.ant.IvyResolveTest.testChildsSimple(),org.apache.ivy.ant.IvyTask.execute(),1
org.apache.ivy.ant.IvyResolveTest.testChildsSimple(),"org.apache.ivy.ant.IvyResolveTest.getArchiveFileInCache(String, String, String, String, String, String)",1
org.apache.ivy.ant.IvyResolveTest.testChildsSimple(),org.apache.ivy.ant.IvyResolve.createDependency(),1
org.apache.ivy.ant.IvyVarTest.testSimple(),org.apache.ivy.ant.IvyTask.execute(),1
org.apache.ivy.ant.IvyVarTest.testSimple(),org.apache.ivy.Ivy.getVariable(String),1
org.apache.ivy.ant.IvyVarTest.testSimple(),org.apache.ivy.ant.IvyTask.getIvyInstance(),1
org.apache.ivy.ant.IvyVarTest.testSimple(),org.apache.ivy.ant.IvyVar.<init>(),1
org.apache.ivy.ant.IvyDeliverTest.testReplaceImportedConfigurations(),org.apache.ivy.ant.IvyTask.execute(),2
"org.apache.ivy.core.RelativeUrlResolver.getURL(URL, String, String)","org.apache.ivy.core.NormalRelativeUrlResolver.getURL(URL, String)",3
org.apache.ivy.ant.IvyDeliverTest.testReplaceImportedConfigurations(),org.apache.ivy.util.FileUtil.readEntirely(BufferedReader),1
org.apache.ivy.ant.IvyDeliverTest.testReplaceImportedConfigurations(),org.apache.ivy.ant.IvyResolve.<init>(),1
org.apache.ivy.ant.IvyAntSettingsBuildFileTest.testOverrideNotSpecified(),org.apache.ivy.core.report.ResolveReport.hasError(),1
org.apache.ivy.ant.IvyResolveTest.testInline(),org.apache.ivy.ant.IvyTask.execute(),1
org.apache.ivy.ant.IvyResolveTest.testInline(),"org.apache.ivy.ant.IvyResolveTest.getArchiveFileInCache(String, String, String, String, String, String)",1
org.apache.ivy.ant.IvyResolveTest.testInline(),org.apache.ivy.ant.IvyResolveTest.getIvyFileInCache(ModuleRevisionId),1
org.apache.ivy.ant.IvyResolveTest.testInline(),"org.apache.ivy.core.module.id.ModuleRevisionId.newInstance(String, String, String)",1
org.apache.ivy.ant.IvyCachePath.<init>(),org.apache.ivy.ant.IvyCacheTask.<init>(),20
org.apache.ivy.ant.IvyCacheTask.<init>(),org.apache.ivy.ant.IvyPostResolveTask.<init>(),91
org.apache.ivy.ant.IvyPublishTest.testHaltOnMissing3(),org.apache.ivy.ant.IvyTask.execute(),2
org.apache.ivy.ant.IvyPublishTest.testHaltOnMissing3(),"org.apache.ivy.util.FileUtil.copy(File, File, CopyProgressListener)",1
org.apache.ivy.ant.IvyPublishTest.testHaltOnMissing3(),org.apache.ivy.ant.IvyResolve.<init>(),1
org.apache.ivy.ant.IvyResolveTest.testInlineWithResolveId(),org.apache.ivy.ant.IvyTask.execute(),1
org.apache.ivy.ant.IvyResolveTest.testInlineWithResolveId(),"org.apache.ivy.ant.IvyResolveTest.getArchiveFileInCache(String, String, String, String, String, String)",1
org.apache.ivy.ant.IvyResolveTest.testInlineWithResolveId(),org.apache.ivy.ant.IvyResolveTest.getIvyFileInCache(ModuleRevisionId),1
org.apache.ivy.ant.IvyResolveTest.testInlineWithResolveId(),"org.apache.ivy.core.module.id.ModuleRevisionId.newInstance(String, String, String)",1
org.apache.ivy.ant.IvyResolveTest.testInlineWithResolveId(),org.apache.ivy.ant.IvyResolve.setKeep(boolean),1
org.apache.ivy.ant.IvyBuildListTest.tearDown(),org.apache.ivy.ant.IvyBuildListTest.cleanCache(),21
org.apache.ivy.ant.IvyBuildListTest.cleanCache(),org.apache.ivy.util.FileUtil.forceDelete(File),21
org.apache.ivy.ant.IvyAntSettingsBuildFileTest.testSettingsWithIdIvyInstance(),org.apache.ivy.core.report.ResolveReport.hasError(),1
org.apache.ivy.ant.IvyAntSettingsBuildFileTest.testStackOverflow(),org.apache.ivy.core.report.ResolveReport.hasError(),1
org.apache.ivy.ant.IvyResolveTest.testIvyLogModulesInUseWithFailure(),org.apache.ivy.ant.IvyTask.execute(),1
"org.apache.ivy.plugins.report.LogReportOutputter.output(ResolveReport, ResolutionCacheManager, ResolveOptions)",org.apache.ivy.core.resolve.IvyNode.isCompletelyEvicted(),1
org.apache.ivy.ant.IvyResourcesTest.testFail(),org.apache.ivy.ant.IvyResources.iterator(),1
org.apache.ivy.ant.IvyResourcesTest.testFail(),org.apache.ivy.ant.IvyPostResolveTask.createDependency(),1
org.apache.ivy.ant.IvyVarTest.testURL(),org.apache.ivy.ant.IvyTask.execute(),1
org.apache.ivy.ant.IvyVarTest.testURL(),org.apache.ivy.ant.IvyTask.getIvyInstance(),1
org.apache.ivy.ant.IvyVarTest.testURL(),org.apache.ivy.Ivy.getVariable(String),2
org.apache.ivy.ant.IvyVarTest.testURL(),org.apache.ivy.ant.IvyVar.<init>(),1
org.apache.ivy.ant.IvyPublishTest.testMergeParentWithoutPublishingParent(),org.apache.ivy.ant.IvyTask.execute(),1
org.apache.ivy.ant.IvyPublishTest.testMergeParentWithoutPublishingParent(),org.apache.ivy.ant.IvyPublish.addArtifactspattern(String),1
org.apache.ivy.ant.IvyPublishTest.testHaltOnMissing2(),org.apache.ivy.ant.IvyTask.execute(),2
org.apache.ivy.ant.IvyPublishTest.testHaltOnMissing2(),"org.apache.ivy.util.FileUtil.copy(File, File, CopyProgressListener)",1
org.apache.ivy.ant.IvyPublishTest.testHaltOnMissing2(),org.apache.ivy.ant.IvyResolve.<init>(),1
org.apache.ivy.ant.IvyResolveTest.testChildsFail(),org.apache.ivy.ant.IvyTask.execute(),1
org.apache.ivy.ant.IvyResolveTest.testChildsFail(),org.apache.ivy.ant.IvyResolve.createDependency(),1
org.apache.ivy.ant.IvyInstallTest.testInstallWithUnusedType(),org.apache.ivy.ant.IvyTask.execute(),1
"org.apache.ivy.core.report.ConfigurationResolveReport.addDependency(IvyNode, DownloadReport)",org.apache.ivy.util.Message.debug(String),2
org.apache.ivy.ant.IvyVarTest.testPrefix(),org.apache.ivy.ant.IvyTask.execute(),1
org.apache.ivy.ant.IvyVarTest.testPrefix(),org.apache.ivy.Ivy.getVariable(String),1
org.apache.ivy.ant.IvyVarTest.testPrefix(),org.apache.ivy.ant.IvyTask.getIvyInstance(),1
org.apache.ivy.ant.IvyVarTest.testPrefix(),org.apache.ivy.ant.IvyVar.<init>(),1
"org.apache.ivy.core.settings.XmlSettingsParser.cachesStarted(String, Map)",org.apache.ivy.core.settings.IvySettings.setDefaultResolutionCacheBasedir(String),5
org.apache.ivy.core.settings.IvySettings.setDefaultResolutionCacheBasedir(String),"org.apache.ivy.core.settings.IvySettings.setVariable(String, String, boolean)",8
"org.apache.ivy.core.settings.XmlSettingsParser.cachesStarted(String, Map)",org.apache.ivy.core.settings.IvySettings.setDefaultRepositoryCacheBasedir(String),5
org.apache.ivy.core.settings.IvySettings.setDefaultRepositoryCacheBasedir(String),"org.apache.ivy.core.settings.IvySettings.setVariable(String, String, boolean)",11
org.apache.ivy.core.cache.DefaultRepositoryCacheManager.<init>(),org.apache.ivy.core.module.id.ModuleRules.<init>(),62
org.apache.ivy.core.settings.IvySettings.addConfigured(RepositoryCacheManager),org.apache.ivy.core.settings.IvySettings.addRepositoryCacheManager(RepositoryCacheManager),10
org.apache.ivy.ant.IvyCleanCacheTest.setUp(),org.apache.ivy.ant.IvyConfigure.setUrl(String),5
org.apache.ivy.ant.IvyConfigure.setUrl(String),org.apache.ivy.ant.IvyAntSettings.setUrl(String),11
org.apache.ivy.ant.IvyCleanCacheTest.setUp(),org.apache.ivy.ant.IvyConfigure.<init>(),5
org.apache.ivy.ant.IvyCleanCacheTest.setUp(),org.apache.ivy.ant.IvyCleanCache.<init>(),5
org.apache.ivy.ant.IvyResolveTest.testInlineForNonExistingModule(),org.apache.ivy.ant.IvyTask.execute(),1
"org.apache.ivy.core.resolve.ResolveEngine.outputReport(ResolveReport, ResolutionCacheManager, ResolveOptions)",org.apache.ivy.util.Message.verbose(String),1
"org.apache.ivy.core.resolve.ResolveEngine.resolve(ModuleRevisionId, ResolveOptions, boolean)",org.apache.ivy.util.Message.verbose(String),1
org.apache.ivy.ant.IvyCacheFilesetTest.testWithoutPreviousResolveAndNonDefaultCache(),org.apache.ivy.ant.IvyTask.execute(),1
org.apache.ivy.ant.IvyTask.execute(),org.apache.ivy.ant.IvyCacheFileset.doExecute(),5
org.apache.ivy.ant.IvyCacheFileset.doExecute(),org.apache.ivy.ant.IvyPostResolveTask.prepareAndCheck(),7
org.apache.ivy.ant.IvyCacheFileset.doExecute(),"org.apache.ivy.ant.IvyCacheFileset.getBaseDir(File, File)",2
org.apache.ivy.ant.IvyCacheFileset.doExecute(),org.apache.ivy.ant.IvyCacheTask.getArtifactReports(),4
org.apache.ivy.ant.IvyCacheFileset.doExecute(),"org.apache.ivy.ant.IvyCacheFileset.getPath(File, File)",2
org.apache.ivy.ant.IvyCacheFilesetTest.testWithoutPreviousResolveAndNonDefaultCache(),"org.apache.ivy.ant.IvyCacheFilesetTest.getArchiveFileInCache(String, String, String, String, String, String, File)",1
"org.apache.ivy.ant.IvyCacheFilesetTest.getArchiveFileInCache(String, String, String, String, String, String, File)","org.apache.ivy.TestHelper.getArchiveFileInCache(Ivy, String, String, String, String, String, String)",1
"org.apache.ivy.ant.IvyCacheFilesetTest.getArchiveFileInCache(String, String, String, String, String, String, File)",org.apache.ivy.ant.IvyTask.getIvyInstance(),1
org.apache.ivy.ant.IvyCacheFilesetTest.testSimple(),org.apache.ivy.ant.IvyTask.execute(),1
org.apache.ivy.ant.IvyCacheFilesetTest.testSimple(),"org.apache.ivy.ant.IvyCacheFilesetTest.getArchiveFileInCache(String, String, String, String, String, String)",1
"org.apache.ivy.ant.IvyCacheFilesetTest.getArchiveFileInCache(String, String, String, String, String, String)","org.apache.ivy.TestHelper.getArchiveFileInCache(Ivy, String, String, String, String, String, String)",1
"org.apache.ivy.ant.IvyCacheFilesetTest.getArchiveFileInCache(String, String, String, String, String, String)",org.apache.ivy.ant.IvyTask.getIvyInstance(),1
org.apache.ivy.ant.IvyCachePathTest.testSimple(),org.apache.ivy.ant.IvyTask.execute(),1
org.apache.ivy.ant.IvyCachePathTest.testSimple(),"org.apache.ivy.ant.IvyCachePathTest.getArchiveFileInCache(String, String, String, String, String, String)",1
org.apache.ivy.ant.IvyReportTest.tearDown(),org.apache.ivy.ant.IvyReportTest.cleanCache(),6
org.apache.ivy.ant.IvyFindRevisionTest.testLatestSubversion(),org.apache.ivy.ant.IvyTask.execute(),1
org.apache.ivy.ant.IvyTask.execute(),org.apache.ivy.ant.IvyFindRevision.doExecute(),3
org.apache.ivy.ant.IvyFindRevision.doExecute(),org.apache.ivy.Ivy.findModule(ModuleRevisionId),3
org.apache.ivy.Ivy.findModule(ModuleRevisionId),"org.apache.ivy.core.resolve.ResolveEngine.findModule(ModuleRevisionId, ResolveOptions)",8
org.apache.ivy.Ivy.findModule(ModuleRevisionId),org.apache.ivy.Ivy.pushContext(),9
org.apache.ivy.Ivy.findModule(ModuleRevisionId),org.apache.ivy.core.resolve.ResolveOptions.<init>(),9
org.apache.ivy.Ivy.findModule(ModuleRevisionId),org.apache.ivy.Ivy.popContext(),9
org.apache.ivy.ant.IvyFindRevision.doExecute(),"org.apache.ivy.core.module.id.ModuleRevisionId.newInstance(String, String, String, String)",3
org.apache.ivy.ant.IvyFindRevision.doExecute(),org.apache.ivy.ant.IvyTask.getIvyInstance(),4
org.apache.ivy.ant.IvyFindRevision.doExecute(),org.apache.ivy.core.settings.IvySettings.getDefaultBranch(ModuleId),3
org.apache.ivy.ant.IvyFindRevision.doExecute(),"org.apache.ivy.core.module.id.ModuleId.<init>(String, String)",3
org.apache.ivy.ant.IvyFindRevision.doExecute(),org.apache.ivy.core.resolve.ResolvedModuleRevision.getId(),3
org.apache.ivy.ant.IvyCachePathTest.testEmptyConf(),org.apache.ivy.ant.IvyTask.execute(),1
org.apache.ivy.ant.IvyRepositoryReportTest.tearDown(),org.apache.ivy.ant.IvyRepositoryReportTest.cleanCache(),3
org.apache.ivy.ant.IvyInfoRepositoryTest.testLatest(),org.apache.ivy.ant.IvyTask.execute(),1
org.apache.ivy.ant.IvyTask.execute(),org.apache.ivy.ant.IvyInfo.doExecute(),7
org.apache.ivy.ant.IvyInfo.doExecute(),org.apache.ivy.Ivy.findModule(ModuleRevisionId),3
org.apache.ivy.ant.IvyInfo.doExecute(),"org.apache.ivy.ant.IvyInfo.setProperties(ModuleDescriptor, ModuleRevisionId)",8
"org.apache.ivy.ant.IvyInfo.setProperties(ModuleDescriptor, ModuleRevisionId)",org.apache.ivy.core.module.descriptor.AbstractArtifact.getExtraAttributes(),11
"org.apache.ivy.ant.IvyInfo.setProperties(ModuleDescriptor, ModuleRevisionId)",org.apache.ivy.ant.IvyTask.mergeConfs(String[]),27
"org.apache.ivy.ant.IvyInfo.setProperties(ModuleDescriptor, ModuleRevisionId)",org.apache.ivy.core.module.descriptor.DefaultModuleDescriptor.getAllArtifacts(),8
"org.apache.ivy.ant.IvyInfo.setProperties(ModuleDescriptor, ModuleRevisionId)",org.apache.ivy.core.module.descriptor.DefaultModuleDescriptor.getConfigurations(),8
"org.apache.ivy.ant.IvyInfo.setProperties(ModuleDescriptor, ModuleRevisionId)",org.apache.ivy.core.module.descriptor.DefaultModuleDescriptor.getConfigurationsNames(),8
"org.apache.ivy.ant.IvyInfo.setProperties(ModuleDescriptor, ModuleRevisionId)",org.apache.ivy.core.module.descriptor.MDArtifact.getConfigurations(),11
"org.apache.ivy.ant.IvyInfo.setProperties(ModuleDescriptor, ModuleRevisionId)",org.apache.ivy.core.module.id.ModuleRevisionId.getName(),8
"org.apache.ivy.ant.IvyInfo.setProperties(ModuleDescriptor, ModuleRevisionId)",org.apache.ivy.core.module.id.ModuleRevisionId.getOrganisation(),8
org.apache.ivy.ant.IvyInfo.doExecute(),"org.apache.ivy.core.module.id.ModuleRevisionId.newInstance(String, String, String, String)",3
org.apache.ivy.ant.IvyInfo.doExecute(),org.apache.ivy.ant.IvyTask.getIvyInstance(),9
org.apache.ivy.ant.IvyInfo.doExecute(),org.apache.ivy.core.settings.IvySettings.getDefaultBranch(ModuleId),3
org.apache.ivy.ant.IvyInfo.doExecute(),"org.apache.ivy.core.module.id.ModuleId.<init>(String, String)",3
org.apache.ivy.ant.IvyInfo.doExecute(),org.apache.ivy.core.resolve.ResolvedModuleRevision.getId(),3
org.apache.ivy.ant.IvyFindRevisionTest.testLatest(),org.apache.ivy.ant.IvyTask.execute(),1
org.apache.ivy.ant.IvyRetrieveTest.setUp(),org.apache.ivy.ant.IvyRetrieveTest.createCache(),19
org.apache.ivy.ant.IvyRetrieveTest.setUp(),org.apache.ivy.util.CacheCleaner.deleteDir(File),19
org.apache.ivy.ant.IvyRetrieveTest.setUp(),org.apache.ivy.ant.IvyRetrieve.<init>(),19
org.apache.ivy.ant.IvyCacheFilesetTest.testFailure(),org.apache.ivy.ant.IvyTask.execute(),1
org.apache.ivy.ant.IvyInfoRepositoryTest.testLatestSubversion(),org.apache.ivy.ant.IvyTask.execute(),1
org.apache.ivy.ant.IvyCachePathTest.testHaltOnFailure(),org.apache.ivy.ant.IvyTask.execute(),1
org.apache.ivy.ant.IvyCacheFilesetTest.testHaltOnFailure(),org.apache.ivy.ant.IvyTask.execute(),1
org.apache.ivy.ant.IvyResolveTest.testFailureWithMissingConfigurations(),org.apache.ivy.ant.IvyTask.execute(),1
"org.apache.ivy.core.resolve.ResolveEngine.resolve(ModuleDescriptor, ResolveOptions)",org.apache.ivy.util.Message.error(String),5
org.apache.ivy.ant.IvyBuildNumberTest.testPrefix(),org.apache.ivy.ant.IvyTask.execute(),1
org.apache.ivy.ant.IvyTask.execute(),org.apache.ivy.ant.IvyBuildNumber.doExecute(),12
org.apache.ivy.ant.IvyBuildNumber.doExecute(),"org.apache.ivy.core.search.SearchEngine.listModules(ModuleRevisionId, PatternMatcher)",11
"org.apache.ivy.core.search.SearchEngine.listModules(ModuleRevisionId, PatternMatcher)","org.apache.ivy.plugins.resolver.ChainResolver.listTokenValues(String[], Map)",16
"org.apache.ivy.plugins.resolver.ChainResolver.listTokenValues(String[], Map)","org.apache.ivy.plugins.resolver.AbstractPatternsBasedResolver.listTokenValues(String[], Map)",25
"org.apache.ivy.plugins.resolver.ChainResolver.listTokenValues(String[], Map)","org.apache.ivy.plugins.resolver.AbstractResolver.listTokenValues(String[], Map)",12
"org.apache.ivy.core.search.SearchEngine.listModules(ModuleRevisionId, PatternMatcher)","org.apache.ivy.plugins.resolver.AbstractResolver.listTokenValues(String[], Map)",12
org.apache.ivy.ant.IvyBuildNumber.doExecute(),org.apache.ivy.plugins.latest.ComparatorLatestStrategy.sort(ArtifactInfo[]),12
org.apache.ivy.ant.IvyBuildNumber.doExecute(),"org.apache.ivy.ant.IvyBuildNumber.setProperty(String, String)",48
org.apache.ivy.ant.IvyBuildNumber.doExecute(),"org.apache.ivy.core.module.id.ModuleRevisionId.newInstance(String, String, String, String)",24
org.apache.ivy.ant.IvyBuildNumber.doExecute(),"org.apache.ivy.plugins.version.ChainVersionMatcher.needModuleDescriptor(ModuleRevisionId, ModuleRevisionId)",8
org.apache.ivy.ant.IvyBuildNumber.doExecute(),org.apache.ivy.core.settings.IvySettings.getVersionMatcher(),12
org.apache.ivy.ant.IvyBuildNumber.doExecute(),org.apache.ivy.ant.IvyBuildNumber.computeNewRevision(String),12
org.apache.ivy.ant.IvyBuildNumber.computeNewRevision(String),org.apache.ivy.ant.IvyBuildNumber.findLastNumber(String),7
org.apache.ivy.ant.IvyBuildNumber.doExecute(),org.apache.ivy.ant.IvyTask.getIvyInstance(),13
org.apache.ivy.ant.IvyBuildNumber.doExecute(),"org.apache.ivy.plugins.version.ChainVersionMatcher.accept(ModuleRevisionId, ModuleRevisionId)",20
org.apache.ivy.ant.IvyBuildNumber.doExecute(),"org.apache.ivy.core.module.id.ModuleId.<init>(String, String)",12
org.apache.ivy.ant.IvyBuildNumber.doExecute(),org.apache.ivy.core.settings.IvySettings.getDefaultBranch(ModuleId),12
org.apache.ivy.ant.IvyBuildNumber.doExecute(),org.apache.ivy.core.settings.IvySettings.getLatestStrategy(String),12
org.apache.ivy.ant.IvyBuildNumber.doExecute(),org.apache.ivy.core.search.SearchEngine.<init>(IvySettings),12
org.apache.ivy.ant.IvyListModulesTest.testAllRevs(),org.apache.ivy.ant.IvyTask.execute(),1
org.apache.ivy.ant.IvyTask.execute(),org.apache.ivy.ant.IvyListModules.doExecute(),2
org.apache.ivy.ant.IvyListModules.doExecute(),"org.apache.ivy.core.search.SearchEngine.listModules(ModuleRevisionId, PatternMatcher)",2
org.apache.ivy.ant.IvyListModules.doExecute(),"org.apache.ivy.core.IvyPatternHelper.substitute(String, ModuleRevisionId)",36
org.apache.ivy.ant.IvyListModules.doExecute(),org.apache.ivy.core.settings.IvySettings.substitute(String),36
org.apache.ivy.ant.IvyListModules.doExecute(),"org.apache.ivy.core.module.id.ModuleRevisionId.newInstance(String, String, String, String)",2
org.apache.ivy.ant.IvyListModules.doExecute(),org.apache.ivy.ant.IvyTask.getIvyInstance(),3
org.apache.ivy.ant.IvyListModules.doExecute(),org.apache.ivy.core.settings.IvySettings.getMatcher(String),2
org.apache.ivy.ant.IvyListModules.doExecute(),org.apache.ivy.core.search.SearchEngine.<init>(IvySettings),2
org.apache.ivy.ant.IvyInfoTest.testAll(),org.apache.ivy.ant.IvyTask.execute(),1
org.apache.ivy.ant.IvyInfo.doExecute(),"org.apache.ivy.plugins.parser.AbstractModuleDescriptorParser.parseDescriptor(ParserSettings, URL, boolean)",5
org.apache.ivy.ant.IvyInfo.doExecute(),org.apache.ivy.ant.IvyTask.doValidate(IvySettings),5
org.apache.ivy.ant.IvyCachePathTest.testFailure(),org.apache.ivy.ant.IvyTask.execute(),1
org.apache.ivy.ant.IvyCacheFilesetTest.testEmptyConf(),org.apache.ivy.ant.IvyTask.execute(),1
org.apache.ivy.ant.IvyInfoTest.testSimple(),org.apache.ivy.ant.IvyTask.execute(),1
org.apache.ivy.ant.IvyInfoTest.testIVY395(),org.apache.ivy.ant.IvyTask.execute(),1
org.apache.ivy.ant.IvyTaskTest.testIvyVersionAsAntProperty(),org.apache.ivy.ant.IvyTask.execute(),1
org.apache.ivy.ant.IvyInfoTest.testIVY726(),org.apache.ivy.ant.IvyTask.execute(),1
org.apache.ivy.ant.IvyFindRevisionTest.testProperty(),org.apache.ivy.ant.IvyTask.execute(),1
org.apache.ivy.ant.IvyListModulesTest.testExact(),org.apache.ivy.ant.IvyTask.execute(),1
org.apache.ivy.ant.IvyInfoRepositoryTest.testProperty(),org.apache.ivy.ant.IvyTask.execute(),1
org.apache.ivy.ant.IvyInstallTest.testDependencyNotFoundSuccess(),org.apache.ivy.ant.IvyTask.execute(),1
org.apache.ivy.ant.IvyTaskTest.testDefaultSettings(),org.apache.ivy.ant.IvyTask.getIvyInstance(),1
org.apache.ivy.ant.IvyTaskTest.testDefaultSettings(),org.apache.ivy.ant.IvyAntVariableContainer.getVariable(String),4
org.apache.ivy.ant.IvyTaskTest.testDefaultSettings(),org.apache.ivy.core.settings.IvySettings.getDefaultCache(),1
org.apache.ivy.ant.IvyBuildNumberTest.testDefault(),org.apache.ivy.ant.IvyTask.execute(),1
org.apache.ivy.ant.IvyBuildNumberTest.testDefault3(),org.apache.ivy.ant.IvyTask.execute(),1
org.apache.ivy.ant.IvyTaskTest.testReferencedSettings(),org.apache.ivy.ant.IvyTask.getIvyInstance(),1
org.apache.ivy.ant.IvyTaskTest.testReferencedSettings(),org.apache.ivy.ant.IvyAntSettings.setProject(Project),1
org.apache.ivy.ant.IvyTaskTest.testReferencedSettings(),org.apache.ivy.ant.IvyAntVariableContainer.getVariable(String),4
org.apache.ivy.ant.IvyTaskTest.testReferencedSettings(),org.apache.ivy.ant.IvyAntSettings.<init>(),1
org.apache.ivy.ant.IvyTaskTest.testReferencedSettings(),org.apache.ivy.core.settings.IvySettings.getDefaultCache(),1
org.apache.ivy.ant.IvyConfigureTest.testOverrideTrue(),org.apache.ivy.ant.IvyConfigure.execute(),2
org.apache.ivy.core.settings.IvySettings.load(File),org.apache.ivy.core.settings.IvySettings.setDefaultIvyUserDir(File),1
org.apache.ivy.core.settings.IvySettings.load(File),"org.apache.ivy.util.Checks.checkAbsolute(String, String)",1
org.apache.ivy.ant.IvyConfigureTest.testOverrideTrue(),org.apache.ivy.ant.IvyConfigureTest.getIvyInstance(),3
org.apache.ivy.ant.IvyConfigureTest.getIvyInstance(),org.apache.ivy.ant.IvyTask.getIvyInstance(),14
org.apache.ivy.ant.IvyConfigureTest.getIvyInstance(),org.apache.ivy.ant.IvyConfigure.getSettingsId(),14
org.apache.ivy.ant.IvyConfigureTest.testOverrideTrue(),org.apache.ivy.ant.IvyConfigure.<init>(),1
org.apache.ivy.ant.IvyConfigureTest.testOverrideTrue(),org.apache.ivy.ant.IvyConfigure.setOverride(String),1
org.apache.ivy.ant.IvyConfigureTest.testOverrideTrue(),org.apache.ivy.ant.IvyConfigure.setFile(File),2
org.apache.ivy.ant.IvyConfigureTest.testDefault14(),org.apache.ivy.ant.IvyConfigure.execute(),1
org.apache.ivy.plugins.resolver.IvyRepResolver.<init>(),org.apache.ivy.plugins.resolver.URLResolver.<init>(),85
org.apache.ivy.plugins.resolver.IvyRepResolver.setIvyroot(String),org.apache.ivy.plugins.resolver.IvyRepResolver.updateWholeIvyPattern(),9
org.apache.ivy.plugins.resolver.IvyRepResolver.updateWholeIvyPattern(),org.apache.ivy.plugins.resolver.IvyRepResolver.getWholeIvyPattern(),16
org.apache.ivy.plugins.resolver.IvyRepResolver.setIvyroot(String),org.apache.ivy.plugins.resolver.IvyRepResolver.ensureIvyConfigured(ResolverSettings),9
org.apache.ivy.plugins.resolver.AbstractPatternsBasedResolver.dumpSettings(),org.apache.ivy.plugins.resolver.IvyRepResolver.getIvyPatterns(),5
org.apache.ivy.plugins.resolver.IvyRepResolver.getIvyPatterns(),org.apache.ivy.plugins.resolver.IvyRepResolver.ensureIvyConfigured(ResolverSettings),19
org.apache.ivy.plugins.resolver.IvyRepResolver.ensureIvyConfigured(ResolverSettings),org.apache.ivy.core.settings.IvySettings.configureRepositories(boolean),5
org.apache.ivy.core.settings.IvySettings.configureRepositories(boolean),"org.apache.ivy.core.settings.IvySettings.addAllVariables(Map, boolean)",15
org.apache.ivy.core.settings.IvySettings.configureRepositories(boolean),org.apache.ivy.core.settings.IvySettings.getSettingsURL(String),15
org.apache.ivy.plugins.resolver.IvyRepResolver.ensureIvyConfigured(ResolverSettings),org.apache.ivy.plugins.resolver.IvyRepResolver.updateWholeIvyPattern(),5
org.apache.ivy.plugins.resolver.IvyRepResolver.ensureIvyConfigured(ResolverSettings),org.apache.ivy.core.settings.IvySettings.getVariable(String),13
org.apache.ivy.plugins.resolver.IvyRepResolver.getIvyPatterns(),org.apache.ivy.plugins.resolver.AbstractPatternsBasedResolver.getIvyPatterns(),18
org.apache.ivy.plugins.resolver.AbstractPatternsBasedResolver.dumpSettings(),org.apache.ivy.plugins.resolver.IvyRepResolver.getArtifactPatterns(),5
org.apache.ivy.plugins.resolver.IvyRepResolver.getArtifactPatterns(),org.apache.ivy.plugins.resolver.IvyRepResolver.ensureArtifactConfigured(ResolverSettings),14
org.apache.ivy.plugins.resolver.IvyRepResolver.ensureArtifactConfigured(ResolverSettings),org.apache.ivy.plugins.resolver.IvyRepResolver.updateWholeArtPattern(),7
org.apache.ivy.plugins.resolver.IvyRepResolver.updateWholeArtPattern(),org.apache.ivy.plugins.resolver.IvyRepResolver.getWholeArtPattern(),14
org.apache.ivy.plugins.resolver.IvyRepResolver.ensureArtifactConfigured(ResolverSettings),org.apache.ivy.core.settings.IvySettings.getVariable(String),15
org.apache.ivy.plugins.resolver.IvyRepResolver.getArtifactPatterns(),org.apache.ivy.plugins.resolver.AbstractPatternsBasedResolver.getArtifactPatterns(),14
"org.apache.ivy.ant.IvyAntSettings.defineDefaultSettingFile(IvyVariableContainer, ProjectComponent)",org.apache.ivy.core.settings.IvySettings.getDefault14SettingsURL(),1
org.apache.ivy.core.settings.IvySettings.getDefault14SettingsURL(),org.apache.ivy.core.settings.IvySettings.getSettingsURL(String),124
org.apache.ivy.ant.IvyConfigureTest.testDefault14(),org.apache.ivy.ant.IvyConfigureTest.getIvyInstance(),1
org.apache.ivy.ant.IvyConfigureTest.testDefault14(),org.apache.ivy.core.settings.IvySettings.getResolver(String),1
org.apache.ivy.ant.IvyConfigureTest.testDefault14(),org.apache.ivy.core.settings.IvySettings.getDefaultResolver(),1
org.apache.ivy.ant.IvyInstallTest.testDependencyNotFoundFailure(),org.apache.ivy.ant.IvyTask.execute(),1
org.apache.ivy.ant.IvyPublishTest.setUp(),org.apache.ivy.ant.IvyPublishTest.createCache(),22
org.apache.ivy.ant.IvyPublishTest.setUp(),org.apache.ivy.ant.IvyPublishTest.cleanRep(),22
org.apache.ivy.ant.IvyPublishTest.setUp(),org.apache.ivy.ant.IvyPublishTest.cleanTestDir(),22
org.apache.ivy.ant.IvyPublishTest.setUp(),org.apache.ivy.ant.IvyPublish.<init>(),22
org.apache.ivy.ant.IvyPublishTest.setUp(),org.apache.ivy.util.DefaultMessageLogger.<init>(int),22
org.apache.ivy.ant.IvyPublishTest.setUp(),org.apache.ivy.util.Message.setDefaultLogger(MessageLogger),22
org.apache.ivy.util.Message.setDefaultLogger(MessageLogger),"org.apache.ivy.util.Checks.checkNotNull(Object, String)",37
org.apache.ivy.ant.IvyBuildNumberTest.testBuildNumber(),org.apache.ivy.ant.IvyTask.execute(),1
org.apache.ivy.ant.IvyBuildNumber.computeNewRevision(String),"org.apache.ivy.ant.IvyBuildNumber.findFirstNumber(String, int)",4
org.apache.ivy.ant.IvyRetrieveTest.testFailureWithoutAPreviousResolve(),org.apache.ivy.ant.IvyTask.execute(),1
org.apache.ivy.ant.IvyBuildNumberTest.testDefault2(),org.apache.ivy.ant.IvyTask.execute(),1
org.apache.ivy.ant.IvyConfigureTest.testDefault(),org.apache.ivy.ant.IvyConfigure.execute(),1
org.apache.ivy.ant.IvyConfigureTest.testDefault(),org.apache.ivy.ant.IvyConfigureTest.getIvyInstance(),1
org.apache.ivy.ant.IvyConfigureTest.testDefault(),org.apache.ivy.core.settings.IvySettings.getResolver(String),1
org.apache.ivy.ant.IvyConfigureTest.testDefault(),org.apache.ivy.core.settings.IvySettings.getDefaultResolver(),1
org.apache.ivy.ant.IvyBuildListTest.setUp(),org.apache.ivy.ant.IvyBuildListTest.createCache(),21
org.apache.ivy.ant.IvyBuildListTest.setUp(),org.apache.ivy.ant.IvyBuildList.<init>(),21
org.apache.ivy.ant.IvyBuildList.<init>(),org.apache.ivy.ant.IvyTask.<init>(),62
org.apache.ivy.ant.IvyBuildNumberTest.testLatest(),org.apache.ivy.ant.IvyTask.execute(),1
org.apache.ivy.ant.IvyBuildNumberTest.testBuildNumber3(),org.apache.ivy.ant.IvyTask.execute(),1
org.apache.ivy.ant.IvyBuildNumberTest.testBuildNumber4(),org.apache.ivy.ant.IvyTask.execute(),1
org.apache.ivy.ant.IvyBuildNumberTest.testLatest2(),org.apache.ivy.ant.IvyTask.execute(),1
org.apache.ivy.ant.IvyConfigureTest.testOverrideVariables(),org.apache.ivy.ant.IvyConfigure.execute(),1
org.apache.ivy.ant.IvyConfigureTest.testOverrideVariables(),org.apache.ivy.ant.IvyConfigureTest.getIvyInstance(),1
org.apache.ivy.ant.IvyConfigureTest.testOverrideVariables(),org.apache.ivy.ant.IvyConfigure.setUrl(String),1
org.apache.ivy.ant.IvyConfigureTest.testOverrideVariables(),org.apache.ivy.ant.IvyAntVariableContainer.getVariable(String),1
org.apache.ivy.ant.IvyDeliverTest.setUp(),org.apache.ivy.ant.IvyDeliverTest.cleanTestDir(),15
org.apache.ivy.ant.IvyDeliverTest.setUp(),org.apache.ivy.ant.IvyDeliverTest.createCache(),15
org.apache.ivy.ant.IvyDeliverTest.setUp(),org.apache.ivy.ant.IvyDeliverTest.cleanRep(),15
org.apache.ivy.ant.IvyDeliverTest.setUp(),org.apache.ivy.ant.IvyDeliverTest.cleanRetrieveDir(),15
org.apache.ivy.ant.IvyDeliverTest.setUp(),org.apache.ivy.ant.IvyDeliver.<init>(),15
org.apache.ivy.ant.IvyBuildNumberTest.testBuildNumber2(),org.apache.ivy.ant.IvyTask.execute(),1
org.apache.ivy.ant.IvyConfigureTest.testIncludeTwice(),org.apache.ivy.ant.IvyConfigure.execute(),1
org.apache.ivy.ant.IvyConfigureTest.testIncludeTwice(),org.apache.ivy.ant.IvyConfigureTest.getIvyInstance(),1
org.apache.ivy.ant.IvyConfigureTest.testIncludeTwice(),org.apache.ivy.ant.IvyConfigure.setFile(File),1
org.apache.ivy.ant.IvyConfigureTest.testFile(),org.apache.ivy.ant.IvyConfigure.execute(),1
org.apache.ivy.ant.IvyConfigureTest.testFile(),org.apache.ivy.ant.IvyConfigureTest.getIvyInstance(),1
org.apache.ivy.ant.IvyConfigureTest.testFile(),org.apache.ivy.ant.IvyAntVariableContainer.getVariable(String),4
org.apache.ivy.ant.IvyConfigureTest.testFile(),org.apache.ivy.ant.IvyConfigure.setFile(File),1
org.apache.ivy.ant.IvyConfigureTest.testFile(),org.apache.ivy.core.settings.IvySettings.getDefaultCache(),1
org.apache.ivy.ant.IvyBuildNumberTest.testChainResolver(),org.apache.ivy.ant.IvyTask.execute(),1
"org.apache.ivy.core.settings.XmlSettingsParser.startElement(String, String, String, Attributes)",org.apache.ivy.util.Message.deprecated(String),2
org.apache.ivy.ant.IvyBuildNumber.doExecute(),"org.apache.ivy.core.search.SearchEngine.listModules(DependencyResolver, ModuleRevisionId, PatternMatcher)",1
"org.apache.ivy.core.search.SearchEngine.listModules(DependencyResolver, ModuleRevisionId, PatternMatcher)","org.apache.ivy.plugins.resolver.ChainResolver.listTokenValues(String[], Map)",1
org.apache.ivy.ant.IvyBuildNumber.doExecute(),org.apache.ivy.core.settings.IvySettings.getResolver(String),1
org.apache.ivy.ant.IvyBuildNumberTest.testChainResolver(),org.apache.ivy.ant.IvyBuildNumber.<init>(),1
org.apache.ivy.ant.IvyBuildNumber.<init>(),org.apache.ivy.ant.IvyTask.<init>(),47
org.apache.ivy.ant.IvyCacheFilesetTest.tearDown(),org.apache.ivy.ant.IvyCacheFilesetTest.cleanCache(),7
org.apache.ivy.ant.IvyConfigureTest.testOverrideNotAllowed(),org.apache.ivy.ant.IvyConfigure.execute(),2
org.apache.ivy.ant.IvyConfigureTest.testOverrideNotAllowed(),org.apache.ivy.ant.IvyConfigureTest.getIvyInstance(),1
org.apache.ivy.ant.IvyConfigureTest.testOverrideNotAllowed(),org.apache.ivy.ant.IvyConfigure.<init>(),1
org.apache.ivy.ant.IvyConfigureTest.testOverrideNotAllowed(),org.apache.ivy.ant.IvyConfigure.setOverride(String),1
org.apache.ivy.ant.IvyConfigureTest.testOverrideNotAllowed(),org.apache.ivy.ant.IvyConfigure.getSettingsId(),1
org.apache.ivy.ant.IvyConfigureTest.testOverrideNotAllowed(),org.apache.ivy.ant.IvyConfigure.setFile(File),2
org.apache.ivy.ant.IvyBuildNumberTest.testWithBadChecksum(),org.apache.ivy.ant.IvyTask.execute(),1
org.apache.ivy.ant.IvyBuildNumberTest.testWithBadChecksum(),org.apache.ivy.ant.IvyBuildNumber.<init>(),1
org.apache.ivy.ant.IvyConfigureTest.testURL(),org.apache.ivy.ant.IvyConfigure.execute(),1
org.apache.ivy.ant.IvyConfigureTest.testURL(),org.apache.ivy.ant.IvyConfigureTest.getIvyInstance(),1
org.apache.ivy.ant.IvyConfigureTest.testURL(),org.apache.ivy.ant.IvyConfigure.setUrl(String),1
org.apache.ivy.ant.IvyConfigureTest.testURL(),org.apache.ivy.ant.IvyAntVariableContainer.getVariable(String),3
org.apache.ivy.ant.IvyConfigureTest.testURL(),org.apache.ivy.core.settings.IvySettings.getDefaultCache(),1
org.apache.ivy.ant.IvyConfigureTest.testOverrideFalse(),org.apache.ivy.ant.IvyConfigure.execute(),2
org.apache.ivy.ant.IvyConfigure.execute(),org.apache.ivy.ant.IvyConfigure.verbose(String),1
org.apache.ivy.ant.IvyConfigureTest.testOverrideFalse(),org.apache.ivy.ant.IvyConfigureTest.getIvyInstance(),2
org.apache.ivy.ant.IvyConfigureTest.testOverrideFalse(),org.apache.ivy.ant.IvyConfigure.<init>(),1
org.apache.ivy.ant.IvyConfigureTest.testOverrideFalse(),org.apache.ivy.ant.IvyConfigure.setOverride(String),1
org.apache.ivy.ant.IvyConfigureTest.testOverrideFalse(),org.apache.ivy.ant.IvyConfigure.setFile(File),2
org.apache.ivy.ant.IvyArtifactReportTest.tearDown(),org.apache.ivy.ant.IvyArtifactReportTest.cleanCache(),1
org.apache.ivy.ant.IvyArtifactPropertyTest.tearDown(),org.apache.ivy.ant.IvyArtifactPropertyTest.cleanCache(),3
org.apache.ivy.ant.AntBuildTriggerTest.tearDown(),org.apache.ivy.util.FileUtil.forceDelete(File),2
org.apache.ivy.ant.IvyConfigureTest.testAntProperties(),org.apache.ivy.ant.IvyConfigure.execute(),1
org.apache.ivy.ant.IvyConfigureTest.testAntProperties(),org.apache.ivy.ant.IvyConfigureTest.getIvyInstance(),1
org.apache.ivy.ant.IvyConfigureTest.testAntProperties(),org.apache.ivy.ant.IvyConfigure.setUrl(String),1
org.apache.ivy.ant.IvyConfigureTest.testAntProperties(),org.apache.ivy.ant.IvyAntVariableContainer.getVariable(String),1
org.apache.ivy.ant.IvyConfigureTest.testAntProperties(),org.apache.ivy.core.settings.IvySettings.getDefaultResolver(),1
org.apache.ivy.ant.IvyCacheFilesetTest.testInvalidPattern(),org.apache.ivy.ant.IvyTask.execute(),1
"org.apache.ivy.core.settings.XmlSettingsParser.cachesStarted(String, Map)",org.apache.ivy.core.settings.IvySettings.setDefaultCacheIvyPattern(String),1
org.apache.ivy.core.settings.IvySettings.setDefaultCacheIvyPattern(String),org.apache.ivy.core.cache.CacheUtil.checkCachePattern(String),7
org.apache.ivy.ant.IvyTask.finalizeTask(),org.apache.ivy.util.Message.error(String),3
org.apache.ivy.util.Message.error(String),org.apache.ivy.util.AbstractMessageLogger.error(String),95
org.apache.ivy.util.AbstractMessageLogger.error(String),"org.apache.ivy.util.DefaultMessageLogger.log(String, int)",264
org.apache.ivy.ant.IvyConfigureTest.testDefaultCacheDir(),org.apache.ivy.ant.IvyConfigure.execute(),1
org.apache.ivy.ant.IvyConfigureTest.testDefaultCacheDir(),org.apache.ivy.ant.IvyConfigure.setUrl(URL),1
org.apache.ivy.ant.IvyConfigureTest.testDefaultCacheDir(),org.apache.ivy.ant.IvyConfigure.setSettingsId(String),1
org.apache.ivy.ant.IvyBuildNumberTest.tearDown(),org.apache.ivy.ant.IvyBuildNumberTest.cleanCache(),12
org.apache.ivy.ant.IvyConfigureTest.testExposeAntProperties(),org.apache.ivy.ant.IvyConfigure.execute(),1
org.apache.ivy.ant.IvyConfigureTest.testExposeAntProperties(),org.apache.ivy.ant.IvyConfigureTest.getIvyInstance(),1
org.apache.ivy.ant.IvyConfigureTest.testExposeAntProperties(),org.apache.ivy.ant.IvyConfigure.setUrl(String),1
org.apache.ivy.ant.IvyConfigureTest.testExposeAntProperties(),org.apache.ivy.ant.IvyConfigure.setSettingsId(String),1
org.apache.ivy.ant.IvyResolveTest.setUp(),org.apache.ivy.ant.IvyResolveTest.createCache(),31
org.apache.ivy.ant.IvyResolveTest.setUp(),org.apache.ivy.ant.IvyResolve.<init>(),31
org.apache.ivy.ant.AntCallTriggerTest.tearDown(),org.apache.ivy.util.FileUtil.forceDelete(File),2
org.apache.ivy.ant.IvyFindRevisionTest.tearDown(),org.apache.ivy.ant.IvyFindRevisionTest.cleanCache(),3
org.apache.ivy.ant.IvyInfoRepositoryTest.tearDown(),org.apache.ivy.ant.IvyInfoRepositoryTest.cleanCache(),3
org.apache.ivy.ant.IvyInstallTest.setUp(),org.apache.ivy.ant.IvyInstallTest.createCache(),14
org.apache.ivy.ant.IvyInstallTest.setUp(),org.apache.ivy.ant.AntTestHelper.newProject(),14
org.apache.ivy.ant.IvyInstallTest.setUp(),org.apache.ivy.ant.IvyInstallTest.cleanInstall(),14
org.apache.ivy.ant.IvyInstallTest.setUp(),org.apache.ivy.ant.IvyInstall.<init>(),14
org.apache.ivy.ant.IvyInstall.<init>(),org.apache.ivy.ant.IvyTask.<init>(),57
org.apache.ivy.ant.IvyPostResolveTaskTest.setUp(),org.apache.ivy.ant.IvyPostResolveTaskTest.createCache(),13
org.apache.ivy.ant.IvyPostResolveTaskTest.setUp(),org.apache.ivy.util.DefaultMessageLogger.<init>(int),13
org.apache.ivy.ant.IvyPostResolveTaskTest.setUp(),org.apache.ivy.util.Message.setDefaultLogger(MessageLogger),13
org.apache.ivy.ant.IvyBuildNumberTest.setUp(),org.apache.ivy.ant.IvyBuildNumberTest.createCache(),12
org.apache.ivy.ant.IvyBuildNumberTest.setUp(),org.apache.ivy.ant.IvyBuildNumber.<init>(),12
org.apache.ivy.ant.IvyResourcesTest.setUp(),org.apache.ivy.ant.IvyResourcesTest.createCache(),8
org.apache.ivy.ant.IvyResourcesTest.setUp(),org.apache.ivy.ant.IvyResources.<init>(),8
org.apache.ivy.ant.IvyResources.<init>(),org.apache.ivy.ant.IvyCacheTask.<init>(),35
org.apache.ivy.ant.IvyResourcesTest.setUp(),org.apache.ivy.ant.IvyResources.setProject(Project),8
org.apache.ivy.ant.IvyCachePathTest.setUp(),org.apache.ivy.ant.IvyCachePathTest.createCache(),9
org.apache.ivy.ant.IvyCachePathTest.setUp(),org.apache.ivy.ant.IvyCachePath.<init>(),9
org.apache.ivy.ant.IvyReportTest.setUp(),org.apache.ivy.ant.IvyReportTest.createCache(),6
org.apache.ivy.ant.IvyReportTest.setUp(),org.apache.ivy.ant.IvyReport.<init>(),6
org.apache.ivy.ant.IvyReport.<init>(),org.apache.ivy.ant.IvyTask.<init>(),42
org.apache.ivy.ant.IvyCacheFilesetTest.setUp(),org.apache.ivy.ant.IvyCacheFilesetTest.createCache(),7
org.apache.ivy.ant.IvyCacheFilesetTest.setUp(),org.apache.ivy.ant.IvyCacheFileset.<init>(),7
org.apache.ivy.ant.IvyCacheFileset.<init>(),org.apache.ivy.ant.IvyCacheTask.<init>(),36
org.apache.ivy.core.cache.DefaultRepositoryCacheManager.getBasedir(),org.apache.ivy.core.settings.IvySettings.getDefaultRepositoryCacheBasedir(),16
org.apache.ivy.core.settings.IvySettings.getDefaultRepositoryCacheBasedir(),"org.apache.ivy.util.Checks.checkAbsolute(String, String)",4
org.apache.ivy.core.settings.IvySettings.getDefaultResolutionCacheBasedir(),"org.apache.ivy.util.Checks.checkAbsolute(String, String)",3
org.apache.ivy.ant.IvyListModulesTest.tearDown(),org.apache.ivy.ant.IvyListModulesTest.cleanCache(),2
org.apache.ivy.ant.IvyRepositoryReportTest.setUp(),org.apache.ivy.ant.IvyRepositoryReportTest.createCache(),3
org.apache.ivy.ant.IvyRepositoryReportTest.setUp(),org.apache.ivy.ant.IvyRepositoryReport.<init>(),3
org.apache.ivy.ant.IvyRepositoryReport.<init>(),org.apache.ivy.ant.IvyTask.<init>(),48
org.apache.ivy.ant.IvyArtifactPropertyTest.setUp(),org.apache.ivy.ant.IvyArtifactPropertyTest.createCache(),3
org.apache.ivy.ant.IvyArtifactPropertyTest.setUp(),org.apache.ivy.ant.IvyArtifactProperty.<init>(),3
org.apache.ivy.ant.IvyArtifactProperty.<init>(),org.apache.ivy.ant.IvyPostResolveTask.<init>(),20
org.apache.ivy.ant.IvyListModulesTest.setUp(),org.apache.ivy.ant.IvyListModulesTest.createCache(),2
org.apache.ivy.ant.IvyListModulesTest.setUp(),org.apache.ivy.ant.IvyListModules.<init>(),2
org.apache.ivy.ant.IvyListModules.<init>(),org.apache.ivy.ant.IvyTask.<init>(),35
org.apache.ivy.ant.IvyCleanCache.doExecute(),org.apache.ivy.core.settings.IvySettings.getRepositoryCacheManager(String),2
org.apache.ivy.ant.IvyFindRevisionTest.setUp(),org.apache.ivy.ant.IvyFindRevisionTest.createCache(),3
org.apache.ivy.ant.IvyFindRevisionTest.setUp(),org.apache.ivy.ant.IvyFindRevision.<init>(),3
org.apache.ivy.ant.IvyFindRevision.<init>(),org.apache.ivy.ant.IvyTask.<init>(),22
org.apache.ivy.ant.IvyInfoRepositoryTest.setUp(),org.apache.ivy.ant.IvyInfoRepositoryTest.createCache(),3
org.apache.ivy.ant.IvyInfoRepositoryTest.setUp(),org.apache.ivy.ant.IvyInfo.<init>(),3
org.apache.ivy.ant.IvyInfo.<init>(),org.apache.ivy.ant.IvyTask.<init>(),30
org.apache.ivy.ant.IvyConfigureTest.setUp(),org.apache.ivy.ant.IvyConfigure.<init>(),13
org.apache.ivy.ant.IvyCacheFilesetTest.testGetBaseDir(),"org.apache.ivy.ant.IvyCacheFileset.getBaseDir(File, File)",3
"org.apache.ivy.ant.IvyCacheFileset.getBaseDir(File, File)",org.apache.ivy.ant.IvyCacheFileset.getParents(File),8
org.apache.ivy.ant.IvyArtifactReportTest.setUp(),org.apache.ivy.ant.IvyArtifactReportTest.createCache(),1
org.apache.ivy.ant.IvyArtifactReportTest.setUp(),org.apache.ivy.ant.IvyArtifactReport.<init>(),1
org.apache.ivy.ant.IvyArtifactReport.<init>(),org.apache.ivy.ant.IvyPostResolveTask.<init>(),13
org.apache.ivy.ant.IvyInfoTest.setUp(),org.apache.ivy.ant.IvyInfo.<init>(),4
org.apache.ivy.ant.IvyConfigureTest.testInvalidOverride(),org.apache.ivy.ant.IvyConfigure.setOverride(String),1
"org.apache.ivy.util.url.URLHandlerDispatcher.download(URL, File, CopyProgressListener)","org.apache.ivy.util.url.HttpClientHandler.download(URL, File, CopyProgressListener)",113
"org.apache.ivy.util.url.HttpClientHandler.download(URL, File, CopyProgressListener)","org.apache.ivy.util.url.HttpClientHandler.doGet(URL, int)",123
"org.apache.ivy.util.url.HttpClientHandler.doGet(URL, int)",org.apache.ivy.util.url.AbstractURLHandler.normalizeToString(URL),151
"org.apache.ivy.util.url.HttpClientHandler.doGet(URL, int)",org.apache.ivy.util.url.HttpClientHandler.useAuthentication(URL),132
"org.apache.ivy.util.url.HttpClientHandler.doGet(URL, int)",org.apache.ivy.util.url.HttpClientHandler.getClient(),151
"org.apache.ivy.util.url.HttpClientHandler.doGet(URL, int)",org.apache.ivy.util.url.HttpClientHandler.useProxyAuthentication(),132
"org.apache.ivy.util.url.HttpClientHandler.download(URL, File, CopyProgressListener)","org.apache.ivy.util.FileUtil.copy(InputStream, File, CopyProgressListener)",120
"org.apache.ivy.util.url.HttpClientHandler.download(URL, File, CopyProgressListener)",org.apache.ivy.util.url.HttpClientHandler.getLastModified(HttpMethodBase),30
"org.apache.ivy.util.url.HttpClientHandler.download(URL, File, CopyProgressListener)","org.apache.ivy.util.url.AbstractURLHandler.getDecodingInputStream(String, InputStream)",120
"org.apache.ivy.util.url.HttpClientHandler.download(URL, File, CopyProgressListener)","org.apache.ivy.util.url.HttpClientHandler.checkStatusCode(URL, HttpMethodBase)",120
"org.apache.ivy.plugins.repository.url.URLRepository.get(String, File)",org.apache.ivy.plugins.repository.AbstractRepository.fireTransferError(Exception),204
org.apache.ivy.plugins.repository.url.URLResource.getContentLength(),org.apache.ivy.plugins.repository.url.URLResource.init(),189
"org.apache.ivy.util.url.HttpClientHandler.getURLInfo(URL, int)",org.apache.ivy.util.url.HttpClientHandler.getLastModified(HttpMethodBase),137
"org.apache.ivy.util.url.HttpClientHandler.getURLInfo(URL, int)",org.apache.ivy.util.url.HttpClientHandler.getResponseContentLength(HttpMethodBase),137
org.apache.ivy.util.url.HttpClientHandler.getResponseContentLength(HttpMethodBase),org.apache.ivy.util.url.HttpClientHandler.getHttpClientHelper(),137
"org.apache.ivy.util.url.HttpClientHandler.getURLInfo(URL, int)",org.apache.ivy.util.url.BasicURLHandler.getCharSetFromContentType(String),137
org.apache.ivy.plugins.parser.m2.PomReader.getLicenses(),org.apache.ivy.plugins.parser.m2.PomReader.getAllChilds(Element),5
org.apache.ivy.plugins.parser.m2.PomReader.getLicenses(),"org.apache.ivy.plugins.parser.m2.PomReader.getFirstChildText(Element, String)",10
org.apache.ivy.plugins.parser.m2.PomReader.getLicenses(),"org.apache.ivy.core.module.descriptor.License.<init>(String, String)",5
org.apache.ivy.plugins.parser.m2.PomModuleDescriptorBuilder.setLicenses(License[]),org.apache.ivy.core.module.descriptor.DefaultModuleDescriptor.addLicense(License),6
"org.apache.ivy.core.cache.DefaultRepositoryCacheManager.cacheModuleDescriptor(DependencyResolver, ResolvedResource, DependencyDescriptor, Artifact, ResourceDownloader, CacheMetadataOptions)",org.apache.ivy.util.Message.warn(String),80
org.apache.ivy.util.url.HttpClientHandler.getHttpClientHelper(),org.apache.ivy.util.Message.verbose(String),52
org.apache.ivy.plugins.resolver.ChainResolver.resolvedRevision(ResolvedModuleRevision),"org.apache.ivy.core.resolve.ResolvedModuleRevision.<init>(DependencyResolver, DependencyResolver, ModuleDescriptor, MetadataArtifactDownloadReport, boolean)",30
org.apache.ivy.plugins.resolver.ChainResolver.reportFailure(),org.apache.ivy.plugins.resolver.ChainResolver.reportFailure(),80
"org.apache.ivy.core.resolve.ResolveEngine.downloadArtifacts(ResolveReport, Filter, DownloadOptions)","org.apache.ivy.plugins.resolver.ChainResolver.download(Artifact[], DownloadOptions)",30
"org.apache.ivy.plugins.resolver.ChainResolver.download(Artifact[], DownloadOptions)","org.apache.ivy.plugins.resolver.IBiblioResolver.download(Artifact[], DownloadOptions)",10
"org.apache.ivy.plugins.resolver.BasicResolver.download(Artifact[], DownloadOptions)",org.apache.ivy.util.Message.warn(String),10
"org.apache.ivy.plugins.resolver.ChainResolver.download(Artifact[], DownloadOptions)","org.apache.ivy.plugins.resolver.RepositoryResolver.download(Artifact[], DownloadOptions)",31
"org.apache.ivy.plugins.resolver.ChainResolver.download(Artifact[], DownloadOptions)",org.apache.ivy.core.report.DownloadReport.getArtifactsReports(),41
"org.apache.ivy.plugins.resolver.ChainResolver.download(Artifact[], DownloadOptions)",org.apache.ivy.core.report.DownloadReport.addArtifactReport(ArtifactDownloadReport),37
"org.apache.ivy.plugins.resolver.ChainResolver.download(Artifact[], DownloadOptions)",org.apache.ivy.core.report.DownloadReport.<init>(),34
"org.apache.ivy.plugins.resolver.ChainResolver.download(Artifact[], DownloadOptions)",org.apache.ivy.core.report.ArtifactDownloadReport.<init>(Artifact),16
"org.apache.ivy.core.resolve.ResolveEngine.downloadArtifacts(ResolveReport, Filter, DownloadOptions)",org.apache.ivy.plugins.resolver.ChainResolver.reportFailure(Artifact),10
org.apache.ivy.plugins.resolver.ChainResolver.reportFailure(Artifact),org.apache.ivy.plugins.resolver.BasicResolver.reportFailure(Artifact),20
org.apache.ivy.plugins.resolver.BasicResolver.reportFailure(Artifact),org.apache.ivy.util.Message.warn(String),41
"org.apache.ivy.core.resolve.ResolveEngine.downloadArtifacts(ResolveReport, Filter, DownloadOptions)",org.apache.ivy.util.Message.warn(String),10
"org.apache.ivy.core.resolve.ResolveEngine.downloadArtifacts(ResolveReport, Filter, DownloadOptions)",org.apache.ivy.core.module.descriptor.AbstractArtifact.getExtraAttribute(String),10
org.apache.ivy.core.module.descriptor.AbstractArtifact.getExtraAttribute(String),org.apache.ivy.util.extendable.UnmodifiableExtendableItem.getExtraAttribute(String),22
org.apache.ivy.core.report.ConfigurationResolveReport.filterOutMergedArtifacts(ArtifactDownloadReport[]),org.apache.ivy.core.module.descriptor.AbstractArtifact.getExtraAttribute(String),10
org.apache.ivy.util.Message.verbose(String),org.apache.ivy.util.AbstractMessageLogger.verbose(String),1277
"org.apache.ivy.plugins.resolver.AbstractPatternsBasedResolver.resolveTokenValues(String[], String, Map, boolean)",org.apache.ivy.plugins.resolver.BasicResolver.filterNames(Collection),13
"org.apache.ivy.plugins.resolver.AbstractPatternsBasedResolver.resolveTokenValues(String[], String, Map, boolean)","org.apache.ivy.plugins.resolver.IBiblioResolver.listTokenValues(String, String)",15
"org.apache.ivy.plugins.resolver.AbstractPatternsBasedResolver.listTokenValues(String[], Map)",org.apache.ivy.plugins.resolver.IBiblioResolver.getArtifactPatterns(),10
"org.apache.ivy.plugins.resolver.ChainResolver.listTokenValues(String[], Map)","org.apache.ivy.plugins.resolver.ChainResolver.listTokenValues(String[], Map)",2
org.apache.ivy.ant.IvyInfo.doExecute(),"org.apache.ivy.ant.IvyTask.getProperty(IvySettings, String)",1
"org.apache.ivy.ant.IvyOverride.addOverride(DefaultModuleDescriptor, IvySettings)","org.apache.ivy.core.module.descriptor.DefaultModuleDescriptor.addDependencyDescriptorMediator(ModuleId, PatternMatcher, DependencyDescriptorMediator)",1
"org.apache.ivy.core.module.descriptor.DefaultModuleDescriptor.addDependencyDescriptorMediator(ModuleId, PatternMatcher, DependencyDescriptorMediator)","org.apache.ivy.plugins.matcher.MapMatcher.<init>(Map, PatternMatcher)",2
"org.apache.ivy.core.module.descriptor.DefaultModuleDescriptor.addDependencyDescriptorMediator(ModuleId, PatternMatcher, DependencyDescriptorMediator)","org.apache.ivy.core.module.id.ModuleRules.defineRule(MapMatcher, Object)",2
"org.apache.ivy.ant.IvyOverride.addOverride(DefaultModuleDescriptor, IvySettings)","org.apache.ivy.core.module.descriptor.OverrideDependencyDescriptorMediator.<init>(String, String)",4
"org.apache.ivy.ant.IvyOverride.addOverride(DefaultModuleDescriptor, IvySettings)","org.apache.ivy.core.module.id.ModuleId.<init>(String, String)",4
"org.apache.ivy.ant.IvyOverride.addOverride(DefaultModuleDescriptor, IvySettings)",org.apache.ivy.core.settings.IvySettings.getMatcher(String),4
org.apache.ivy.core.module.descriptor.DefaultModuleDescriptor.newDefaultInstance(ModuleRevisionId),"org.apache.ivy.core.module.descriptor.DefaultModuleDescriptor.newDefaultInstance(ModuleRevisionId, DependencyArtifactDescriptor[])",227
org.apache.ivy.plugins.repository.ssh.SshRepository.<init>(),org.apache.ivy.plugins.repository.ssh.AbstractSshBasedRepository.<init>(),183
org.apache.ivy.plugins.repository.ssh.AbstractSshBasedRepository.<init>(),org.apache.ivy.plugins.repository.AbstractRepository.<init>(),403
org.apache.ivy.util.url.URLHandlerDispatcher.openStream(URL),org.apache.ivy.util.url.HttpClientHandler.openStream(URL),1
org.apache.ivy.util.url.HttpClientHandler.openStream(URL),"org.apache.ivy.util.url.HttpClientHandler.doGet(URL, int)",5
org.apache.ivy.util.url.HttpClientHandler.getClient(),org.apache.ivy.util.url.HttpClientHandler.useProxy(),2
org.apache.ivy.core.settings.IvySettings.getDefaultCache(),org.apache.ivy.core.settings.IvySettings.setDefaultCache(File),873
org.apache.ivy.core.settings.IvySettings.getDefaultCache(),org.apache.ivy.util.Message.verbose(String),873
org.apache.ivy.core.settings.IvySettings.getDefaultCache(),org.apache.ivy.core.settings.IvySettings.getDefaultIvyUserDir(),873
"org.apache.ivy.ant.IvyDependencyConf.addConf(DefaultDependencyDescriptor, String)","org.apache.ivy.core.module.descriptor.DefaultDependencyDescriptor.addDependencyConfiguration(String, String)",3
org.apache.ivy.ant.IvyCacheTask.getAllArtifactReports(),org.apache.ivy.ant.IvyTask.getIvyInstance(),1
org.apache.ivy.ant.IvyCacheTask.getAllArtifactReports(),org.apache.ivy.Ivy.getResolutionCacheManager(),1
org.apache.ivy.ant.IvyCacheTask.getAllArtifactReports(),org.apache.ivy.ant.IvyPostResolveTask.getResolvedModuleId(),1
org.apache.ivy.ant.IvyCacheTask.getAllArtifactReports(),org.apache.ivy.plugins.report.XmlReportParser.<init>(),1
org.apache.ivy.plugins.repository.file.FileRepository.<init>(File),org.apache.ivy.plugins.repository.file.FileRepository.setBaseDir(File),7
org.apache.ivy.plugins.repository.file.FileRepository.setBaseDir(File),"org.apache.ivy.util.Checks.checkAbsolute(File, String)",7
"org.apache.ivy.util.Checks.checkAbsolute(File, String)",org.apache.ivy.util.FileUtil.normalize(String),9
"org.apache.ivy.util.Checks.checkAbsolute(File, String)","org.apache.ivy.util.Checks.checkNotNull(Object, String)",10
org.apache.ivy.plugins.repository.file.FileRepository.<init>(File),org.apache.ivy.plugins.repository.AbstractRepository.<init>(),7
org.apache.ivy.plugins.repository.file.FileRepository.<init>(File),org.apache.ivy.plugins.repository.RepositoryCopyProgressListener.<init>(AbstractRepository),7
org.apache.ivy.plugins.repository.file.FileRepository.getFile(String),"org.apache.ivy.util.FileUtil.resolveFile(File, String)",58
"org.apache.ivy.ant.IvyConflict.addConflict(DefaultModuleDescriptor, IvySettings)","org.apache.ivy.core.module.descriptor.DefaultModuleDescriptor.addConflictManager(ModuleId, PatternMatcher, ConflictManager)",1
"org.apache.ivy.ant.IvyConflict.addConflict(DefaultModuleDescriptor, IvySettings)","org.apache.ivy.core.module.id.ModuleId.<init>(String, String)",5
"org.apache.ivy.ant.IvyConflict.addConflict(DefaultModuleDescriptor, IvySettings)",org.apache.ivy.core.settings.IvySettings.getMatcher(String),4
org.apache.ivy.ant.IvyMakePom.<init>(),org.apache.ivy.ant.IvyTask.<init>(),43
org.apache.ivy.ant.ConvertManifestTask.<init>(),org.apache.ivy.ant.IvyTask.<init>(),6
org.apache.ivy.ant.IvyCheck.<init>(),org.apache.ivy.ant.IvyTask.<init>(),10
org.apache.ivy.ant.IvyExtractFromSources.execute(),org.apache.ivy.ant.IvyExtractFromSources.configureConcat(),1
org.apache.ivy.ant.IvyExtractFromSources.addConfiguredMapping(PackageMapping),org.apache.ivy.ant.PackageMapping.getModuleRevisionId(),2
org.apache.ivy.ant.PackageMapping.getModuleRevisionId(),"org.apache.ivy.core.module.id.ModuleRevisionId.newInstance(String, String, String)",4
"org.apache.ivy.ant.IvyDependency.asDependencyDescriptor(ModuleDescriptor, String, IvySettings)","org.apache.ivy.ant.IvyDependencyArtifact.addArtifact(DefaultDependencyDescriptor, String)",1
"org.apache.ivy.ant.IvyDependencyArtifact.addArtifact(DefaultDependencyDescriptor, String)","org.apache.ivy.core.module.descriptor.DefaultDependencyArtifactDescriptor.<init>(DependencyDescriptor, String, String, String, URL, Map)",3
org.apache.ivy.ant.IvyDependency.createArtifact(),org.apache.ivy.ant.IvyDependencyArtifact.<init>(),1
"org.apache.ivy.ant.IvyConflict.addConflict(DefaultModuleDescriptor, IvySettings)",org.apache.ivy.core.settings.IvySettings.getConflictManager(String),1
"org.apache.ivy.ant.IvyDependency.asDependencyDescriptor(ModuleDescriptor, String, IvySettings)","org.apache.ivy.ant.IvyDependencyConf.addConf(DefaultDependencyDescriptor, String)",1
org.apache.ivy.ant.IvyDependency.createConf(),org.apache.ivy.ant.IvyDependencyConf.<init>(),1
org.apache.ivy.ant.IvyRetrieve.add(FileNameMapper),org.apache.ivy.ant.IvyRetrieve.addMapper(Mapper),3
org.apache.ivy.ant.IvyPostResolveTask.createConflict(),org.apache.ivy.ant.IvyResolve.createConflict(),1
org.apache.ivy.ant.IvyResolve.createConflict(),org.apache.ivy.ant.IvyConflict.<init>(),2
org.apache.ivy.ant.IvyMakePom.doExecute(),org.apache.ivy.ant.IvyTask.getSettings(),1
org.apache.ivy.ant.IvyAntVariableContainer.clone(),org.apache.ivy.core.settings.IvyVariableContainerImpl.clone(),1
org.apache.ivy.ant.IvyPostResolveTask.setCache(File),org.apache.ivy.ant.IvyTask.cacheAttributeNotSupported(),1
org.apache.ivy.ant.IvyBuildList.setSkipbuildwithoutivy(boolean),org.apache.ivy.util.Message.deprecated(String),2
org.apache.ivy.util.Message.deprecated(String),org.apache.ivy.util.AbstractMessageLogger.deprecated(String),16
org.apache.ivy.ant.IvyDeliver.setCache(File),org.apache.ivy.ant.IvyTask.cacheAttributeNotSupported(),1
org.apache.ivy.ant.AntCallTrigger.progress(IvyEvent),org.apache.ivy.util.Message.info(String),1
org.apache.ivy.util.Message.info(String),org.apache.ivy.util.AbstractMessageLogger.info(String),51
org.apache.ivy.ant.IvyPublish.setCache(File),org.apache.ivy.ant.IvyTask.cacheAttributeNotSupported(),1
org.apache.ivy.ant.IvyResolve.setCache(File),org.apache.ivy.ant.IvyTask.cacheAttributeNotSupported(),1
org.apache.ivy.ant.IvyCheck.doExecute(),org.apache.ivy.ant.IvyTask.getIvyInstance(),2
org.apache.ivy.ant.IvyReport.setCache(File),org.apache.ivy.ant.IvyTask.cacheAttributeNotSupported(),1
org.apache.ivy.ant.IvyTask.getResolvedDescriptor(String),"org.apache.ivy.ant.IvyTask.getResolvedDescriptor(String, boolean)",1
org.apache.ivy.ant.IvyAntSettings.setUsername(String),org.apache.ivy.ant.IvyAntSettings.format(String),3
org.apache.ivy.ant.IvyRepositoryReport.setCache(File),org.apache.ivy.ant.IvyTask.cacheAttributeNotSupported(),1
org.apache.ivy.ant.IvyInstall.setCache(File),org.apache.ivy.ant.IvyTask.cacheAttributeNotSupported(),1
"org.apache.ivy.ant.IvyTask.getResolvedDescriptor(String, String)","org.apache.ivy.ant.IvyTask.getResolvedDescriptor(String, String, boolean)",1
org.apache.ivy.ant.IvyConfigure.setUserName(String),org.apache.ivy.ant.IvyAntSettings.setUsername(String),1
org.apache.ivy.ant.IvyAntSettings.setRealm(String),org.apache.ivy.ant.IvyAntSettings.format(String),2
org.apache.ivy.ant.IvyAntSettings.addConfiguredCredentials(IvyAntSettings$Credentials),"org.apache.ivy.util.url.CredentialsStore.addCredentials(String, String, String, String)",1
org.apache.ivy.ant.IvyConfigure.setRealm(String),org.apache.ivy.ant.IvyAntSettings.setRealm(String),1
org.apache.ivy.ant.IvyConfigure.setHost(String),org.apache.ivy.ant.IvyAntSettings.setHost(String),1
org.apache.ivy.ant.IvyAntSettings.setHost(String),org.apache.ivy.ant.IvyAntSettings.format(String),2
"org.apache.ivy.Main.run(CommandLineParser, String[])","org.apache.ivy.Ivy.resolve(URL, ResolveOptions)",1
"org.apache.ivy.Main.run(CommandLineParser, String[])","org.apache.ivy.Main.initSettings(CommandLine, Ivy)",1
"org.apache.ivy.Main.initSettings(CommandLine, Ivy)",org.apache.ivy.Ivy.configureDefault(),1
"org.apache.ivy.Main.initSettings(CommandLine, Ivy)","org.apache.ivy.Main.configureURLHandler(String, String, String, String)",1
"org.apache.ivy.Main.configureURLHandler(String, String, String, String)",org.apache.ivy.util.url.URLHandlerRegistry.getHttp(),1
"org.apache.ivy.Main.configureURLHandler(String, String, String, String)",org.apache.ivy.util.url.URLHandlerDispatcher.<init>(),1
"org.apache.ivy.Main.configureURLHandler(String, String, String, String)","org.apache.ivy.util.url.URLHandlerDispatcher.setDownloader(String, URLHandler)",2
"org.apache.ivy.Main.configureURLHandler(String, String, String, String)","org.apache.ivy.util.url.CredentialsStore.addCredentials(String, String, String, String)",1
"org.apache.ivy.Main.initSettings(CommandLine, Ivy)",org.apache.ivy.core.settings.IvySettings.addAllVariables(Map),1
"org.apache.ivy.Main.initSettings(CommandLine, Ivy)","org.apache.ivy.util.cli.CommandLine.getOptionValue(String, String)",6
"org.apache.ivy.util.cli.CommandLine.getOptionValue(String, String)",org.apache.ivy.util.cli.CommandLine.getOptionValue(String),12
org.apache.ivy.util.cli.CommandLine.getOptionValue(String),org.apache.ivy.util.cli.CommandLine.getOptionValues(String),17
"org.apache.ivy.Main.initSettings(CommandLine, Ivy)",org.apache.ivy.util.cli.CommandLine.hasOption(String),1
"org.apache.ivy.Main.run(CommandLineParser, String[])",org.apache.ivy.Ivy.newInstance(),1
"org.apache.ivy.Main.run(CommandLineParser, String[])",org.apache.ivy.core.report.ResolveReport.hasError(),1
"org.apache.ivy.Main.run(CommandLineParser, String[])","org.apache.ivy.Main.initMessage(CommandLine, Ivy)",1
"org.apache.ivy.Main.initMessage(CommandLine, Ivy)",org.apache.ivy.util.MessageLoggerEngine.pushLogger(MessageLogger),1
"org.apache.ivy.Main.initMessage(CommandLine, Ivy)",org.apache.ivy.util.DefaultMessageLogger.<init>(int),1
"org.apache.ivy.Main.initMessage(CommandLine, Ivy)",org.apache.ivy.util.cli.CommandLine.hasOption(String),4
"org.apache.ivy.Main.run(CommandLineParser, String[])",org.apache.ivy.util.cli.CommandLineParser.parse(String[]),3
org.apache.ivy.util.cli.CommandLineParser.parse(String[]),org.apache.ivy.util.cli.CommandLine.<init>(),8
"org.apache.ivy.Main.run(CommandLineParser, String[])",org.apache.ivy.core.settings.IvySettings.substitute(String),2
"org.apache.ivy.Main.run(CommandLineParser, String[])",org.apache.ivy.Ivy.pushContext(),1
"org.apache.ivy.Main.run(CommandLineParser, String[])",org.apache.ivy.core.module.descriptor.DefaultModuleDescriptor.getConfigurationsNames(),1
"org.apache.ivy.Main.run(CommandLineParser, String[])",org.apache.ivy.util.cli.CommandLine.hasOption(String),13
"org.apache.ivy.Main.run(CommandLineParser, String[])",org.apache.ivy.util.MessageLoggerEngine.popLogger(),1
"org.apache.ivy.Main.run(CommandLineParser, String[])",org.apache.ivy.util.filter.FilterHelper.getArtifactTypeFilter(String[]),1
"org.apache.ivy.Main.run(CommandLineParser, String[])","org.apache.ivy.util.cli.CommandLine.getOptionValue(String, String)",2
"org.apache.ivy.Main.run(CommandLineParser, String[])",org.apache.ivy.core.resolve.ResolveOptions.<init>(),1
"org.apache.ivy.Main.run(CommandLineParser, String[])",org.apache.ivy.Ivy.popContext(),1
"org.apache.ivy.Main.run(CommandLineParser, String[])",org.apache.ivy.util.cli.CommandLine.getOptionValue(String),1
"org.apache.ivy.Main.run(CommandLineParser, String[])",org.apache.ivy.util.cli.CommandLine.getOptionValues(String),1
"org.apache.ivy.Main.run(CommandLineParser, String[])",org.apache.ivy.core.settings.IvySettings.getDefaultCache(),1
"org.apache.ivy.Ivy14.getDependencies(ModuleDescriptor, String[], File, Date, ResolveReport, boolean, boolean)","org.apache.ivy.core.resolve.ResolveEngine.getDependencies(ModuleDescriptor, ResolveOptions, ResolveReport)",1
"org.apache.ivy.Ivy14.getDependencies(ModuleDescriptor, String[], File, Date, ResolveReport, boolean, boolean)","org.apache.ivy.Ivy14.newResolveOptions(String[], String, File, Date, boolean, boolean, boolean, boolean, boolean, boolean, Filter)",1
"org.apache.ivy.Ivy14.newResolveOptions(String[], String, File, Date, boolean, boolean, boolean, boolean, boolean, boolean, Filter)",org.apache.ivy.core.resolve.ResolveOptions.<init>(),16
"org.apache.ivy.Ivy14.listTokenValues(String, Map)","org.apache.ivy.Ivy.listTokenValues(String, Map)",3
"org.apache.ivy.Ivy.listTokenValues(String, Map)","org.apache.ivy.core.search.SearchEngine.listTokenValues(String, Map)",4
"org.apache.ivy.core.search.SearchEngine.listTokenValues(String, Map)",org.apache.ivy.core.settings.IvySettings.getResolvers(),5
"org.apache.ivy.Ivy.listTokenValues(String, Map)",org.apache.ivy.Ivy.pushContext(),5
"org.apache.ivy.Ivy.listTokenValues(String, Map)",org.apache.ivy.Ivy.popContext(),5
org.apache.ivy.plugins.repository.sftp.SFTPRepository.<init>(),org.apache.ivy.plugins.repository.ssh.AbstractSshBasedRepository.<init>(),220
"org.apache.ivy.Ivy14.getDependencies(URL, String[], File, Date, boolean)","org.apache.ivy.core.resolve.ResolveEngine.getDependencies(URL, ResolveOptions)",1
"org.apache.ivy.core.resolve.ResolveEngine.getDependencies(URL, ResolveOptions)","org.apache.ivy.plugins.parser.AbstractModuleDescriptorParser.parseDescriptor(ParserSettings, URL, boolean)",1
"org.apache.ivy.Ivy14.getDependencies(URL, String[], File, Date, boolean)","org.apache.ivy.Ivy14.newResolveOptions(String[], String, File, Date, boolean, boolean, boolean, boolean, boolean, boolean, Filter)",1
org.apache.ivy.Ivy14.<init>(),org.apache.ivy.Ivy.newInstance(),43
org.apache.ivy.Ivy14.<init>(),org.apache.ivy.Ivy14.<init>(Ivy),43
"org.apache.ivy.Ivy14.determineArtifactsToCopy(ModuleId, String[], File, String, String, Filter)","org.apache.ivy.core.retrieve.RetrieveEngine.determineArtifactsToCopy(ModuleRevisionId, String, RetrieveOptions)",2
"org.apache.ivy.Ivy14.determineArtifactsToCopy(ModuleId, String[], File, String, String, Filter)","org.apache.ivy.core.module.id.ModuleRevisionId.<init>(ModuleId, String)",2
"org.apache.ivy.Ivy14.determineArtifactsToCopy(ModuleId, String[], File, String, String, Filter)",org.apache.ivy.Ivy.getWorkingRevision(),2
"org.apache.ivy.Ivy14.determineArtifactsToCopy(ModuleId, String[], File, String, String, Filter)",org.apache.ivy.core.retrieve.RetrieveOptions.<init>(),2
org.apache.ivy.plugins.resolver.SFTPResolver.<init>(),org.apache.ivy.plugins.resolver.AbstractSshBasedResolver.<init>(),105
org.apache.ivy.plugins.resolver.AbstractSshBasedResolver.<init>(),org.apache.ivy.plugins.resolver.RepositoryResolver.<init>(),172
org.apache.ivy.plugins.resolver.SFTPResolver.<init>(),org.apache.ivy.plugins.repository.sftp.SFTPRepository.<init>(),105
org.apache.ivy.plugins.trigger.LogTrigger.<init>(),org.apache.ivy.plugins.trigger.AbstractTrigger.<init>(),44
org.apache.ivy.plugins.repository.vfs.VfsRepository.getResource(String),org.apache.ivy.plugins.repository.vfs.VfsRepository.getVFSManager(),19
org.apache.ivy.plugins.repository.vfs.VfsRepository.getVFSManager(),org.apache.ivy.plugins.repository.vfs.VfsRepository.createVFSManager(),19
org.apache.ivy.plugins.repository.vfs.VfsRepository.createVFSManager(),org.apache.ivy.util.Message.verbose(String),57
org.apache.ivy.plugins.repository.vfs.VfsRepository.getResource(String),"org.apache.ivy.plugins.repository.vfs.VfsResource.<init>(String, FileSystemManager)",19
org.apache.ivy.plugins.repository.TransferEvent.setResource(Resource),org.apache.ivy.plugins.repository.vfs.VfsResource.getName(),1
org.apache.ivy.plugins.repository.vfs.VfsResource.getName(),org.apache.ivy.plugins.repository.vfs.VfsResource.normalize(String),22
org.apache.ivy.Ivy14.sortModuleDescriptors(Collection),"org.apache.ivy.Ivy.sortModuleDescriptors(Collection, SortOptions)",2
org.apache.ivy.Ivy14.sortModuleDescriptors(Collection),org.apache.ivy.core.sort.SortOptions.<init>(),2
org.apache.ivy.Ivy14.sortModuleDescriptors(Collection),org.apache.ivy.core.sort.SilentNonMatchingVersionReporter.<init>(),2
org.apache.ivy.plugins.repository.vfs.VfsRepository.<init>(),org.apache.ivy.plugins.repository.AbstractRepository.<init>(),34
org.apache.ivy.plugins.repository.vfs.VfsRepository.<init>(),org.apache.ivy.plugins.repository.RepositoryCopyProgressListener.<init>(AbstractRepository),34
org.apache.ivy.Ivy14.resolve(URL),org.apache.ivy.Ivy.resolve(URL),3
org.apache.ivy.Ivy.resolve(URL),org.apache.ivy.core.resolve.ResolveEngine.resolve(URL),4
"org.apache.ivy.util.url.BasicURLHandler.getURLInfo(URL, int)","org.apache.ivy.util.url.BasicURLHandler.checkStatusCode(URL, HttpURLConnection)",142
org.apache.ivy.util.url.AbstractURLHandler.normalizeToURL(URL),org.apache.ivy.util.url.AbstractURLHandler.normalizeToString(URL),288
"org.apache.ivy.util.url.BasicURLHandler.getURLInfo(URL, int)",org.apache.ivy.util.url.IvyAuthenticator.install(),142
org.apache.ivy.util.url.IvyAuthenticator.install(),org.apache.ivy.util.url.IvyAuthenticator.<init>(Authenticator),8
"org.apache.ivy.util.url.BasicURLHandler.getURLInfo(URL, int)",org.apache.ivy.util.Message.info(String),21
"org.apache.ivy.util.url.BasicURLHandler.getURLInfo(URL, int)",org.apache.ivy.util.Message.warn(String),21
org.apache.ivy.util.AbstractMessageLogger.warn(String),"org.apache.ivy.util.DefaultMessageLogger.log(String, int)",91
org.apache.ivy.plugins.repository.ResourceHelper.getLastModifiedOrDefault(Resource),org.apache.ivy.util.Message.debug(String),15
org.apache.ivy.util.url.BasicURLHandler.openStream(URL),"org.apache.ivy.util.url.BasicURLHandler.checkStatusCode(URL, HttpURLConnection)",22
org.apache.ivy.util.url.BasicURLHandler.disconnect(URLConnection),org.apache.ivy.util.url.BasicURLHandler.readResponseBody(HttpURLConnection),158
org.apache.ivy.util.url.BasicURLHandler.openStream(URL),org.apache.ivy.util.url.IvyAuthenticator.install(),21
org.apache.ivy.Ivy.resolve(URL),org.apache.ivy.Ivy.pushContext(),6
org.apache.ivy.Ivy.resolve(URL),org.apache.ivy.Ivy.popContext(),6
org.apache.ivy.Ivy.listModules(String),org.apache.ivy.core.search.SearchEngine.listModules(String),5
org.apache.ivy.core.search.SearchEngine.listModules(String),org.apache.ivy.core.settings.IvySettings.getResolvers(),6
org.apache.ivy.Ivy.listModules(String),org.apache.ivy.Ivy.pushContext(),7
org.apache.ivy.Ivy.listModules(String),org.apache.ivy.Ivy.popContext(),7
org.apache.ivy.Ivy14.listOrganisationEntries(),org.apache.ivy.Ivy.listOrganisationEntries(),10
org.apache.ivy.Ivy.listOrganisationEntries(),org.apache.ivy.Ivy.pushContext(),14
org.apache.ivy.Ivy.listOrganisationEntries(),org.apache.ivy.core.search.SearchEngine.listOrganisationEntries(),12
org.apache.ivy.core.search.SearchEngine.listOrganisationEntries(),org.apache.ivy.core.settings.IvySettings.getResolvers(),15
org.apache.ivy.Ivy.listOrganisationEntries(),org.apache.ivy.Ivy.popContext(),14
org.apache.ivy.Ivy14.listOrganisations(),org.apache.ivy.Ivy.listOrganisations(),5
org.apache.ivy.Ivy.listOrganisations(),org.apache.ivy.Ivy.pushContext(),10
org.apache.ivy.Ivy.listOrganisations(),org.apache.ivy.core.search.SearchEngine.listOrganisations(),8
org.apache.ivy.core.search.SearchEngine.listOrganisations(),org.apache.ivy.core.settings.IvySettings.getResolvers(),11
org.apache.ivy.Ivy.listOrganisations(),org.apache.ivy.Ivy.popContext(),10
"org.apache.ivy.Ivy14.resolve(ModuleRevisionId, String[], boolean, boolean, File, Date, boolean, boolean, boolean, Filter)","org.apache.ivy.Ivy.resolve(ModuleRevisionId, ResolveOptions, boolean)",3
"org.apache.ivy.core.resolve.ResolveEngine.resolve(ModuleRevisionId, ResolveOptions, boolean)",org.apache.ivy.core.resolve.ResolveOptions.getConfs(),2
org.apache.ivy.core.resolve.ResolveOptions.getConfs(),org.apache.ivy.core.resolve.ResolveOptions.useSpecialConfs(),18
"org.apache.ivy.Ivy14.resolve(ModuleRevisionId, String[], boolean, boolean, File, Date, boolean, boolean, boolean, Filter)","org.apache.ivy.Ivy14.newResolveOptions(String[], String, File, Date, boolean, boolean, boolean, boolean, boolean, boolean, Filter)",3
org.apache.ivy.Ivy14.substitute(String),org.apache.ivy.Ivy.substitute(String),9
org.apache.ivy.Ivy.substitute(String),org.apache.ivy.Ivy.pushContext(),13
org.apache.ivy.Ivy.substitute(String),org.apache.ivy.core.settings.IvySettings.substitute(String),12
org.apache.ivy.Ivy.substitute(String),org.apache.ivy.Ivy.popContext(),13
org.apache.ivy.Ivy.substitute(String),org.apache.ivy.Ivy.assertBound(),13
org.apache.ivy.Ivy14.getVariable(String),org.apache.ivy.Ivy.getVariable(String),4
"org.apache.ivy.core.retrieve.RetrieveEngine.getConfs(ModuleRevisionId, RetrieveOptions)",org.apache.ivy.core.cache.DefaultResolutionCacheManager.getResolvedModuleDescriptor(ModuleRevisionId),2
"org.apache.ivy.core.retrieve.RetrieveEngine.getConfs(ModuleRevisionId, RetrieveOptions)",org.apache.ivy.core.retrieve.RetrieveEngine.getCache(),2
org.apache.ivy.Ivy14.findModule(ModuleRevisionId),"org.apache.ivy.core.resolve.ResolveEngine.findModule(ModuleRevisionId, ResolveOptions)",2
org.apache.ivy.core.settings.IvySettings.getResolver(String),org.apache.ivy.util.Message.error(String),83
org.apache.ivy.Ivy14.findModule(ModuleRevisionId),org.apache.ivy.core.resolve.ResolveOptions.<init>(),2
"org.apache.ivy.core.module.descriptor.DefaultExtendsDescriptor.<init>(ModuleDescriptor, String, String[])","org.apache.ivy.core.module.descriptor.DefaultExtendsDescriptor.<init>(ModuleDescriptor, String, String[], boolean)",129
org.apache.ivy.Ivy14.listModules(String),org.apache.ivy.Ivy.listModules(String),3
"org.apache.ivy.Ivy14.resolve(URL, String, String[], File, Date, boolean, boolean, boolean, Filter)","org.apache.ivy.Ivy.resolve(URL, ResolveOptions)",2
"org.apache.ivy.Ivy14.resolve(URL, String, String[], File, Date, boolean, boolean, boolean, Filter)","org.apache.ivy.Ivy14.newResolveOptions(String[], String, File, Date, boolean, boolean, boolean, boolean, boolean, boolean, Filter)",2
"org.apache.ivy.Ivy14.retrieve(ModuleId, String[], File, String, String, Filter, boolean, boolean, boolean)","org.apache.ivy.Ivy.retrieve(ModuleRevisionId, String, RetrieveOptions)",1
"org.apache.ivy.Ivy.retrieve(ModuleRevisionId, String, RetrieveOptions)","org.apache.ivy.core.retrieve.RetrieveEngine.retrieve(ModuleRevisionId, String, RetrieveOptions)",5
"org.apache.ivy.core.retrieve.RetrieveEngine.retrieve(ModuleRevisionId, String, RetrieveOptions)","org.apache.ivy.core.retrieve.RetrieveEngine.retrieve(ModuleRevisionId, RetrieveOptions)",4
"org.apache.ivy.core.retrieve.RetrieveEngine.retrieve(ModuleRevisionId, String, RetrieveOptions)",org.apache.ivy.core.retrieve.RetrieveOptions.<init>(RetrieveOptions),6
org.apache.ivy.core.retrieve.RetrieveOptions.<init>(RetrieveOptions),org.apache.ivy.core.LogOptions.<init>(LogOptions),8
"org.apache.ivy.Ivy.retrieve(ModuleRevisionId, String, RetrieveOptions)",org.apache.ivy.Ivy.pushContext(),5
"org.apache.ivy.Ivy.retrieve(ModuleRevisionId, String, RetrieveOptions)",org.apache.ivy.Ivy.popContext(),5
"org.apache.ivy.Ivy14.retrieve(ModuleId, String[], File, String, String, Filter, boolean, boolean, boolean)","org.apache.ivy.core.module.id.ModuleRevisionId.<init>(ModuleId, String)",2
"org.apache.ivy.Ivy14.retrieve(ModuleId, String[], File, String, String, Filter, boolean, boolean, boolean)",org.apache.ivy.Ivy.getWorkingRevision(),2
"org.apache.ivy.Ivy14.retrieve(ModuleId, String[], File, String, String, Filter, boolean, boolean, boolean)",org.apache.ivy.core.retrieve.RetrieveOptions.<init>(),1
org.apache.ivy.Ivy14.listModuleEntries(OrganisationEntry),org.apache.ivy.Ivy.listModuleEntries(OrganisationEntry),2
org.apache.ivy.Ivy.listModuleEntries(OrganisationEntry),org.apache.ivy.core.search.SearchEngine.listModuleEntries(OrganisationEntry),4
org.apache.ivy.core.search.SearchEngine.listModuleEntries(OrganisationEntry),org.apache.ivy.core.settings.IvySettings.getResolvers(),4
org.apache.ivy.Ivy.listModuleEntries(OrganisationEntry),org.apache.ivy.Ivy.pushContext(),5
org.apache.ivy.Ivy.listModuleEntries(OrganisationEntry),org.apache.ivy.Ivy.popContext(),5
org.apache.ivy.plugins.resolver.CacheResolver.<init>(ResolverSettings),org.apache.ivy.plugins.resolver.FileSystemResolver.<init>(),44
org.apache.ivy.plugins.resolver.CacheResolver.<init>(ResolverSettings),org.apache.ivy.plugins.resolver.RepositoryResolver.setSettings(ResolverSettings),44
org.apache.ivy.plugins.resolver.CacheResolver.<init>(ResolverSettings),org.apache.ivy.plugins.resolver.RepositoryResolver.setName(String),44
"org.apache.ivy.Ivy14.listModules(ModuleRevisionId, PatternMatcher)","org.apache.ivy.Ivy.listModules(ModuleRevisionId, PatternMatcher)",1
org.apache.ivy.Ivy14.interrupt(Thread),org.apache.ivy.Ivy.interrupt(Thread),5
"org.apache.ivy.Ivy14.publish(ModuleRevisionId, String, File, String, String, String, boolean, boolean)","org.apache.ivy.Ivy.publish(ModuleRevisionId, Collection, String, PublishOptions)",1
"org.apache.ivy.Ivy14.publish(ModuleRevisionId, String, File, String, String, String, boolean, boolean)",org.apache.ivy.core.publish.PublishOptions.<init>(),1
"org.apache.ivy.Ivy14.resolve(ModuleDescriptor, String[], File, Date, boolean, boolean, boolean, boolean, boolean, boolean, Filter)","org.apache.ivy.Ivy.resolve(ModuleDescriptor, ResolveOptions)",1
"org.apache.ivy.util.MessageLoggerEngine.log(String, int)","org.apache.ivy.util.DefaultMessageLogger.log(String, int)",30
"org.apache.ivy.Ivy14.resolve(ModuleDescriptor, String[], File, Date, boolean, boolean, boolean, boolean, boolean, boolean, Filter)","org.apache.ivy.Ivy14.newResolveOptions(String[], String, File, Date, boolean, boolean, boolean, boolean, boolean, boolean, Filter)",1
"org.apache.ivy.Ivy14.newResolveOptions(String[], String, File, Date, boolean, boolean, boolean, boolean, boolean, boolean, Filter)",org.apache.ivy.core.settings.IvySettings.useDeprecatedUseOrigin(),3
org.apache.ivy.plugins.conflict.FixedConflictManager.<init>(String[]),org.apache.ivy.plugins.conflict.AbstractConflictManager.<init>(),32
org.apache.ivy.plugins.repository.ssh.SshResource.clone(String),"org.apache.ivy.plugins.repository.ssh.SshResource.<init>(SshRepository, String)",4
"org.apache.ivy.Ivy.setVariable(String, String)",org.apache.ivy.Ivy.assertBound(),7
"org.apache.ivy.Ivy.setVariable(String, String)",org.apache.ivy.Ivy.pushContext(),7
"org.apache.ivy.Ivy.setVariable(String, String)","org.apache.ivy.core.settings.IvySettings.setVariable(String, String)",7
"org.apache.ivy.Ivy.setVariable(String, String)",org.apache.ivy.Ivy.popContext(),7
org.apache.ivy.Ivy.interrupt(),org.apache.ivy.core.IvyContext.getContext(),6
org.apache.ivy.Ivy.interrupt(),org.apache.ivy.Ivy.interrupt(Thread),6
org.apache.ivy.Ivy14.configureDefault(),org.apache.ivy.Ivy.configureDefault(),1
"org.apache.ivy.plugins.repository.TransferEvent.<init>(Repository, Resource, long, int)","org.apache.ivy.plugins.repository.TransferEvent.<init>(Repository, Resource, int, int)",2
org.apache.ivy.Ivy.listRevisionEntries(ModuleEntry),org.apache.ivy.core.search.SearchEngine.listRevisionEntries(ModuleEntry),8
org.apache.ivy.core.search.SearchEngine.listRevisionEntries(ModuleEntry),org.apache.ivy.core.search.ModuleEntry.getOrganisation(),8
org.apache.ivy.core.search.SearchEngine.listRevisionEntries(ModuleEntry),org.apache.ivy.core.settings.IvySettings.getResolvers(),8
org.apache.ivy.Ivy.listRevisionEntries(ModuleEntry),org.apache.ivy.Ivy.pushContext(),8
org.apache.ivy.Ivy.listRevisionEntries(ModuleEntry),org.apache.ivy.Ivy.popContext(),8
"org.apache.ivy.plugins.repository.TransferEvent.<init>(Repository, Resource, Exception, int)","org.apache.ivy.plugins.repository.TransferEvent.<init>(Repository, Resource, int, int)",1
org.apache.ivy.plugins.repository.ssh.SshRepository.getResource(String),org.apache.ivy.util.Message.debug(String),36
org.apache.ivy.plugins.repository.ssh.SshRepository.getResource(String),"org.apache.ivy.plugins.repository.ssh.SshResource.<init>(SshRepository, String)",35
org.apache.ivy.plugins.repository.jar.JarRepository.<init>(),org.apache.ivy.plugins.repository.AbstractRepository.<init>(),49
org.apache.ivy.plugins.repository.jar.JarRepository.<init>(),org.apache.ivy.plugins.repository.RepositoryCopyProgressListener.<init>(AbstractRepository),49
org.apache.ivy.Ivy.configureDefault14(),org.apache.ivy.core.settings.IvySettings.loadDefault14(),3
org.apache.ivy.core.settings.IvySettings.loadDefault14(),org.apache.ivy.core.settings.IvySettings.load(URL),4
org.apache.ivy.core.settings.IvySettings.loadDefault14(),org.apache.ivy.core.settings.IvySettings.getDefault14SettingsURL(),4
org.apache.ivy.Ivy.configureDefault14(),org.apache.ivy.Ivy.pushContext(),3
org.apache.ivy.Ivy.configureDefault14(),org.apache.ivy.Ivy.postConfigure(),2
org.apache.ivy.Ivy.configureDefault14(),org.apache.ivy.Ivy.popContext(),3
org.apache.ivy.Ivy.configureDefault14(),org.apache.ivy.Ivy.assertBound(),3
org.apache.ivy.core.deliver.DeliverOptions.<init>(),org.apache.ivy.core.deliver.DefaultPublishingDRResolver.<init>(),24
org.apache.ivy.Ivy14.configure(URL),org.apache.ivy.Ivy.configure(URL),3
"org.apache.ivy.Ivy14.resolve(URL, String, String[], File, Date, boolean, boolean, Filter)","org.apache.ivy.Ivy.resolve(URL, ResolveOptions)",1
"org.apache.ivy.Ivy14.resolve(URL, String, String[], File, Date, boolean, boolean, Filter)","org.apache.ivy.Ivy14.newResolveOptions(String[], String, File, Date, boolean, boolean, boolean, boolean, boolean, boolean, Filter)",1
org.apache.ivy.plugins.resolver.SshResolver.<init>(),org.apache.ivy.plugins.resolver.AbstractSshBasedResolver.<init>(),67
org.apache.ivy.plugins.resolver.SshResolver.<init>(),org.apache.ivy.plugins.repository.ssh.SshRepository.<init>(),67
org.apache.ivy.core.deliver.DeliverOptions.newInstance(IvySettings),"org.apache.ivy.core.deliver.DeliverOptions.<init>(String, Date, PublishingDependencyRevisionResolver, boolean, boolean, String[])",14
org.apache.ivy.core.deliver.DeliverOptions.newInstance(IvySettings),org.apache.ivy.core.deliver.DefaultPublishingDRResolver.<init>(),15
org.apache.ivy.Ivy14.listRevisionEntries(ModuleEntry),org.apache.ivy.Ivy.listRevisionEntries(ModuleEntry),2
"org.apache.ivy.Ivy14.listModules(ModuleId, PatternMatcher)","org.apache.ivy.Ivy.listModules(ModuleId, PatternMatcher)",2
"org.apache.ivy.Ivy.listModules(ModuleId, PatternMatcher)","org.apache.ivy.core.search.SearchEngine.listModules(ModuleId, PatternMatcher)",4
"org.apache.ivy.core.search.SearchEngine.listModules(ModuleId, PatternMatcher)","org.apache.ivy.core.search.SearchEngine.addMatcher(PatternMatcher, String, Map, String)",15
"org.apache.ivy.Ivy.listModules(ModuleId, PatternMatcher)",org.apache.ivy.Ivy.pushContext(),5
"org.apache.ivy.Ivy.listModules(ModuleId, PatternMatcher)",org.apache.ivy.Ivy.popContext(),5
"org.apache.ivy.Ivy14.setVariable(String, String)","org.apache.ivy.Ivy.setVariable(String, String)",4
org.apache.ivy.Ivy14.interrupt(),org.apache.ivy.Ivy.interrupt(),2
"org.apache.ivy.Ivy14.retrieve(ModuleId, String[], File, String)","org.apache.ivy.Ivy.retrieve(ModuleRevisionId, String, RetrieveOptions)",2
"org.apache.ivy.core.retrieve.RetrieveEngine.retrieve(ModuleRevisionId, String, RetrieveOptions)",org.apache.ivy.core.retrieve.RetrieveReport.getNbrArtifactsCopied(),1
"org.apache.ivy.Ivy14.retrieve(ModuleId, String[], File, String)","org.apache.ivy.core.module.id.ModuleRevisionId.<init>(ModuleId, String)",2
"org.apache.ivy.Ivy14.retrieve(ModuleId, String[], File, String)",org.apache.ivy.Ivy.getWorkingRevision(),2
"org.apache.ivy.Ivy14.retrieve(ModuleId, String[], File, String)",org.apache.ivy.core.retrieve.RetrieveOptions.<init>(),2
"org.apache.ivy.Ivy14.listRevisions(String, String)","org.apache.ivy.Ivy.listRevisions(String, String)",3
"org.apache.ivy.Ivy.listRevisions(String, String)","org.apache.ivy.core.search.SearchEngine.listRevisions(String, String)",3
"org.apache.ivy.core.search.SearchEngine.listRevisions(String, String)",org.apache.ivy.core.settings.IvySettings.getResolvers(),4
"org.apache.ivy.Ivy.listRevisions(String, String)",org.apache.ivy.Ivy.pushContext(),5
"org.apache.ivy.Ivy.listRevisions(String, String)",org.apache.ivy.Ivy.popContext(),5
org.apache.ivy.Ivy14.sortNodes(Collection),"org.apache.ivy.Ivy.sortNodes(Collection, SortOptions)",3
"org.apache.ivy.Ivy.sortNodes(Collection, SortOptions)","org.apache.ivy.core.sort.SortEngine.sortNodes(Collection, SortOptions)",5
"org.apache.ivy.Ivy.sortNodes(Collection, SortOptions)",org.apache.ivy.Ivy.pushContext(),6
"org.apache.ivy.Ivy.sortNodes(Collection, SortOptions)",org.apache.ivy.Ivy.popContext(),6
org.apache.ivy.Ivy14.sortNodes(Collection),org.apache.ivy.core.sort.SortOptions.<init>(),3
org.apache.ivy.Ivy14.sortNodes(Collection),org.apache.ivy.core.sort.SilentNonMatchingVersionReporter.<init>(),3
"org.apache.ivy.Ivy14.resolve(URL, String, String[], File, Date, boolean, boolean, boolean, boolean, Filter)","org.apache.ivy.Ivy.resolve(URL, ResolveOptions)",3
"org.apache.ivy.Ivy14.resolve(URL, String, String[], File, Date, boolean, boolean, boolean, boolean, Filter)","org.apache.ivy.Ivy14.newResolveOptions(String[], String, File, Date, boolean, boolean, boolean, boolean, boolean, boolean, Filter)",3
"org.apache.ivy.Ivy14.resolve(ModuleDescriptor, String[], File, Date, boolean, boolean, boolean, boolean, boolean, Filter)","org.apache.ivy.Ivy.resolve(ModuleDescriptor, ResolveOptions)",1
"org.apache.ivy.Ivy14.resolve(ModuleDescriptor, String[], File, Date, boolean, boolean, boolean, boolean, boolean, Filter)","org.apache.ivy.Ivy14.newResolveOptions(String[], String, File, Date, boolean, boolean, boolean, boolean, boolean, boolean, Filter)",1
org.apache.ivy.core.settings.IvySettings.setSettingsVariables(URL),org.apache.ivy.util.Message.warn(String),3
org.apache.ivy.plugins.resolver.MockResolver.<init>(),org.apache.ivy.plugins.resolver.AbstractResolver.<init>(),33
"org.apache.ivy.Ivy14.retrieve(ModuleId, String[], File, String, String, Filter, boolean, boolean)","org.apache.ivy.Ivy.retrieve(ModuleRevisionId, String, RetrieveOptions)",1
"org.apache.ivy.Ivy14.retrieve(ModuleId, String[], File, String, String, Filter, boolean, boolean)","org.apache.ivy.core.module.id.ModuleRevisionId.<init>(ModuleId, String)",1
"org.apache.ivy.Ivy14.retrieve(ModuleId, String[], File, String, String, Filter, boolean, boolean)",org.apache.ivy.Ivy.getWorkingRevision(),1
"org.apache.ivy.Ivy14.retrieve(ModuleId, String[], File, String, String, Filter, boolean, boolean)",org.apache.ivy.core.retrieve.RetrieveOptions.<init>(),1
"org.apache.ivy.Ivy14.check(URL, String)","org.apache.ivy.Ivy.check(URL, String)",1
"org.apache.ivy.Ivy.check(URL, String)",org.apache.ivy.Ivy.popContext(),2
"org.apache.ivy.Ivy.check(URL, String)",org.apache.ivy.Ivy.pushContext(),2
"org.apache.ivy.core.search.SearchEngine.listModules(ModuleId, PatternMatcher)",org.apache.ivy.core.settings.IvySettings.getResolvers(),4
org.apache.ivy.Main.getParser(),org.apache.ivy.util.cli.OptionBuilder.create(),76
org.apache.ivy.util.cli.OptionBuilder.create(),"org.apache.ivy.util.cli.Option.<init>(String, String[], String, boolean, boolean, boolean)",79
org.apache.ivy.Main.getParser(),org.apache.ivy.util.cli.CommandLineParser.addCategory(String),20
org.apache.ivy.Main.getParser(),org.apache.ivy.util.cli.CommandLineParser.addOption(Option),76
org.apache.ivy.Main.getParser(),org.apache.ivy.util.cli.OptionBuilder.<init>(String),76
org.apache.ivy.Main.getParser(),org.apache.ivy.util.cli.CommandLineParser.<init>(),2
org.apache.ivy.Main.getParser(),org.apache.ivy.util.cli.OptionBuilder.arg(String),50
"org.apache.ivy.Ivy14.download(Artifact, File, boolean)",org.apache.ivy.util.Message.deprecated(String),1
"org.apache.ivy.Ivy14.download(Artifact, File, boolean)","org.apache.ivy.core.resolve.ResolveEngine.download(Artifact, DownloadOptions)",1
"org.apache.ivy.Ivy14.download(Artifact, File, boolean)",org.apache.ivy.core.resolve.DownloadOptions.<init>(),1
org.apache.ivy.Ivy.execute(Ivy$IvyCallback),org.apache.ivy.Ivy.popContext(),1
org.apache.ivy.Ivy.execute(Ivy$IvyCallback),org.apache.ivy.Ivy.pushContext(),1
org.apache.ivy.Ivy.execute(Ivy$IvyCallback),org.apache.ivy.core.IvyContext.getContext(),1
org.apache.ivy.Ivy14.resolve(File),org.apache.ivy.Ivy.resolve(File),1
"org.apache.ivy.Ivy14.resolve(URL, String, String[], File, Date, boolean)","org.apache.ivy.Ivy.resolve(URL, ResolveOptions)",1
"org.apache.ivy.Ivy14.resolve(URL, String, String[], File, Date, boolean)","org.apache.ivy.Ivy14.newResolveOptions(String[], String, File, Date, boolean, boolean, boolean, boolean, boolean, boolean, Filter)",1
org.apache.ivy.plugins.resolver.JarResolver.<init>(),org.apache.ivy.plugins.repository.jar.JarRepository.<init>(),43
org.apache.ivy.plugins.resolver.JarResolver.<init>(),org.apache.ivy.plugins.resolver.RepositoryResolver.<init>(),43
"org.apache.ivy.Ivy14.resolve(ModuleRevisionId, String[])",org.apache.ivy.core.settings.IvySettings.getDefaultCache(),1
"org.apache.ivy.Ivy14.resolve(ModuleRevisionId, String[])","org.apache.ivy.Ivy.resolve(ModuleRevisionId, ResolveOptions, boolean)",1
"org.apache.ivy.Ivy14.resolve(ModuleRevisionId, String[])","org.apache.ivy.Ivy14.newResolveOptions(String[], String, File, Date, boolean, boolean, boolean, boolean, boolean, boolean, Filter)",1
"org.apache.ivy.Ivy14.resolve(URL, String, String[], File, Date, boolean, boolean)","org.apache.ivy.Ivy.resolve(URL, ResolveOptions)",1
"org.apache.ivy.Ivy14.resolve(URL, String, String[], File, Date, boolean, boolean)","org.apache.ivy.Ivy14.newResolveOptions(String[], String, File, Date, boolean, boolean, boolean, boolean, boolean, boolean, Filter)",1
"org.apache.ivy.core.install.InstallEngine.install(ModuleRevisionId, String, String, InstallOptions)",org.apache.ivy.core.settings.IvySettings.getResolverNames(),2
"org.apache.ivy.Ivy.deliver(ModuleRevisionId, String, String)","org.apache.ivy.core.deliver.DeliverEngine.deliver(ModuleRevisionId, String, String, DeliverOptions)",1
"org.apache.ivy.Ivy.deliver(ModuleRevisionId, String, String)",org.apache.ivy.Ivy.popContext(),1
"org.apache.ivy.Ivy.deliver(ModuleRevisionId, String, String)",org.apache.ivy.Ivy.pushContext(),1
"org.apache.ivy.Ivy.deliver(ModuleRevisionId, String, String)",org.apache.ivy.core.deliver.DeliverOptions.newInstance(IvySettings),1
"org.apache.ivy.Ivy14.install(ModuleRevisionId, String, String, boolean, boolean, boolean, Filter, File, String)","org.apache.ivy.Ivy.install(ModuleRevisionId, String, String, InstallOptions)",1
"org.apache.ivy.Ivy14.install(ModuleRevisionId, String, String, boolean, boolean, boolean, Filter, File, String)",org.apache.ivy.core.install.InstallOptions.<init>(),1
"org.apache.ivy.Ivy14.publish(ModuleRevisionId, String, File, String, String, String, boolean)","org.apache.ivy.Ivy.publish(ModuleRevisionId, Collection, String, PublishOptions)",1
"org.apache.ivy.Ivy14.publish(ModuleRevisionId, String, File, String, String, String, boolean)",org.apache.ivy.core.publish.PublishOptions.<init>(),1
org.apache.ivy.Ivy14.configure(File),org.apache.ivy.Ivy.configure(File),1
org.apache.ivy.util.MockMessageLogger.<init>(),org.apache.ivy.util.AbstractMessageLogger.<init>(),16
org.apache.ivy.util.cli.CommandLineParser.parse(String[]),org.apache.ivy.util.cli.ParseException.<init>(String),2
org.apache.ivy.Main.main(String[]),org.apache.ivy.Main.getParser(),1
org.apache.ivy.Main.main(String[]),"org.apache.ivy.Main.run(CommandLineParser, String[])",1
org.apache.ivy.osgi.updatesite.UpdateSiteLoaderTest.testIvyDE(),org.apache.ivy.osgi.updatesite.UpdateSiteLoader.load(URI),1
org.apache.ivy.osgi.updatesite.UpdateSiteLoader.load(URI),org.apache.ivy.osgi.updatesite.UpdateSiteLoader.loadP2(URI),12
org.apache.ivy.osgi.updatesite.UpdateSiteLoader.loadP2(URI),"org.apache.ivy.osgi.updatesite.UpdateSiteLoader.populateP2Descriptor(URI, P2Descriptor)",9
"org.apache.ivy.osgi.updatesite.UpdateSiteLoader.populateP2Descriptor(URI, P2Descriptor)","org.apache.ivy.osgi.updatesite.UpdateSiteLoader.readComposite(URI, String, P2Descriptor)",74
"org.apache.ivy.osgi.updatesite.UpdateSiteLoader.readComposite(URI, String, P2Descriptor)","org.apache.ivy.osgi.updatesite.UpdateSiteLoader.populateP2Descriptor(URI, P2Descriptor)",28
"org.apache.ivy.osgi.updatesite.UpdateSiteLoader.readComposite(URI, String, P2Descriptor)","org.apache.ivy.osgi.updatesite.UpdateSiteLoader.readJarOrXml(URI, String, XMLInputParser)",74
"org.apache.ivy.osgi.updatesite.UpdateSiteLoader.readJarOrXml(URI, String, XMLInputParser)","org.apache.ivy.core.cache.DefaultRepositoryCacheManager.downloadRepositoryResource(Resource, String, String, String, CacheResourceOptions, Repository)",284
"org.apache.ivy.core.cache.DefaultRepositoryCacheManager.downloadRepositoryResource(Resource, String, String, String, CacheResourceOptions, Repository)","org.apache.ivy.plugins.repository.url.URLRepository.get(String, File)",157
"org.apache.ivy.util.url.BasicURLHandler.checkStatusCode(URL, HttpURLConnection)",org.apache.ivy.util.Message.debug(String),175
"org.apache.ivy.util.url.BasicURLHandler.checkStatusCode(URL, HttpURLConnection)",org.apache.ivy.util.Message.verbose(String),175
"org.apache.ivy.util.FileUtil.copy(URL, File, CopyProgressListener)","org.apache.ivy.util.url.BasicURLHandler.download(URL, File, CopyProgressListener)",177
"org.apache.ivy.util.url.BasicURLHandler.download(URL, File, CopyProgressListener)","org.apache.ivy.util.url.BasicURLHandler.checkStatusCode(URL, HttpURLConnection)",120
"org.apache.ivy.util.url.BasicURLHandler.download(URL, File, CopyProgressListener)",org.apache.ivy.util.url.IvyAuthenticator.install(),121
"org.apache.ivy.core.cache.DefaultRepositoryCacheManager.downloadRepositoryResource(Resource, String, String, String, CacheResourceOptions, Repository)","org.apache.ivy.core.cache.DefaultRepositoryCacheManager.saveArtifactOrigin(Artifact, ArtifactOrigin)",191
"org.apache.ivy.core.cache.DefaultRepositoryCacheManager.saveArtifactOrigin(Artifact, ArtifactOrigin)",org.apache.ivy.core.cache.DefaultRepositoryCacheManager.getLastCheckedKey(Artifact),162
"org.apache.ivy.core.cache.DefaultRepositoryCacheManager.downloadRepositoryResource(Resource, String, String, String, CacheResourceOptions, Repository)",org.apache.ivy.core.cache.DefaultRepositoryCacheManager.getSavedArtifactOrigin(Artifact),302
"org.apache.ivy.core.cache.DefaultRepositoryCacheManager.downloadRepositoryResource(Resource, String, String, String, CacheResourceOptions, Repository)",org.apache.ivy.core.cache.DefaultRepositoryCacheManager.unlockMetadataArtifact(ModuleRevisionId),302
"org.apache.ivy.core.cache.DefaultRepositoryCacheManager.downloadRepositoryResource(Resource, String, String, String, CacheResourceOptions, Repository)","org.apache.ivy.core.cache.DefaultRepositoryCacheManager.getArchiveFileInCache(Artifact, ArtifactOrigin, boolean)",300
"org.apache.ivy.core.cache.DefaultRepositoryCacheManager.downloadRepositoryResource(Resource, String, String, String, CacheResourceOptions, Repository)",org.apache.ivy.core.cache.DefaultRepositoryCacheManager.computeResourceNameHash(Resource),303
org.apache.ivy.core.cache.DefaultRepositoryCacheManager.computeResourceNameHash(Resource),org.apache.ivy.util.HexEncoder.encode(byte[]),302
org.apache.ivy.core.cache.DefaultRepositoryCacheManager.computeResourceNameHash(Resource),org.apache.ivy.plugins.repository.url.URLResource.getName(),289
"org.apache.ivy.core.cache.DefaultRepositoryCacheManager.downloadRepositoryResource(Resource, String, String, String, CacheResourceOptions, Repository)","org.apache.ivy.core.module.id.ModuleRevisionId.newInstance(String, String, String)",303
"org.apache.ivy.core.cache.DefaultRepositoryCacheManager.downloadRepositoryResource(Resource, String, String, String, CacheResourceOptions, Repository)","org.apache.ivy.core.cache.DefaultRepositoryCacheManager.checkCacheUptodate(File, Resource, ArtifactOrigin, ArtifactOrigin, long)",300
"org.apache.ivy.core.cache.DefaultRepositoryCacheManager.downloadRepositoryResource(Resource, String, String, String, CacheResourceOptions, Repository)",org.apache.ivy.plugins.repository.url.URLResource.getName(),445
"org.apache.ivy.core.cache.DefaultRepositoryCacheManager.downloadRepositoryResource(Resource, String, String, String, CacheResourceOptions, Repository)","org.apache.ivy.core.module.descriptor.DefaultArtifact.<init>(ModuleRevisionId, Date, String, String, String)",302
"org.apache.ivy.core.cache.DefaultRepositoryCacheManager.downloadRepositoryResource(Resource, String, String, String, CacheResourceOptions, Repository)",org.apache.ivy.Ivy.getWorkingRevision(),464
"org.apache.ivy.core.cache.DefaultRepositoryCacheManager.downloadRepositoryResource(Resource, String, String, String, CacheResourceOptions, Repository)",org.apache.ivy.core.cache.DefaultRepositoryCacheManager.isUseOrigin(),302
"org.apache.ivy.core.cache.DefaultRepositoryCacheManager.downloadRepositoryResource(Resource, String, String, String, CacheResourceOptions, Repository)","org.apache.ivy.core.cache.ArtifactOrigin.<init>(Artifact, boolean, String)",300
"org.apache.ivy.core.cache.DefaultRepositoryCacheManager.downloadRepositoryResource(Resource, String, String, String, CacheResourceOptions, Repository)",org.apache.ivy.core.report.ArtifactDownloadReport.<init>(Artifact),302
"org.apache.ivy.core.cache.DefaultRepositoryCacheManager.downloadRepositoryResource(Resource, String, String, String, CacheResourceOptions, Repository)","org.apache.ivy.plugins.resolver.util.ResolvedResource.<init>(Resource, String)",162
"org.apache.ivy.osgi.updatesite.UpdateSiteLoader.readJarOrXml(URI, String, XMLInputParser)",org.apache.ivy.plugins.repository.url.URLResource.<init>(URL),284
"org.apache.ivy.osgi.updatesite.UpdateSiteLoader.readComposite(URI, String, P2Descriptor)",org.apache.ivy.osgi.p2.P2CompositeParser.<init>(),74
"org.apache.ivy.osgi.updatesite.UpdateSiteLoader.populateP2Descriptor(URI, P2Descriptor)","org.apache.ivy.osgi.updatesite.UpdateSiteLoader.readJarOrXml(URI, String, XMLInputParser)",68
"org.apache.ivy.osgi.updatesite.UpdateSiteLoader.readJarOrXml(URI, String, XMLInputParser)",org.apache.ivy.osgi.p2.P2MetadataParser.parse(InputStream),32
org.apache.ivy.osgi.p2.P2MetadataParser.parse(InputStream),"org.apache.ivy.util.XMLHelper.parse(InputStream, URL, DefaultHandler, LexicalHandler)",32
"org.apache.ivy.util.XMLHelper.parse(InputStream, URL, DefaultHandler, LexicalHandler)","org.apache.ivy.util.XMLHelper.parse(InputSource, URL, DefaultHandler, LexicalHandler)",124
"org.apache.ivy.osgi.util.DelegetingHandler.startElement(String, String, String, Attributes)",org.apache.ivy.osgi.util.DelegetingHandler.skipOnError(DelegetingHandler$SkipOnErrorCallback),429019
"org.apache.ivy.osgi.util.DelegetingHandler.endElement(String, String, String)",org.apache.ivy.osgi.util.DelegetingHandler.skipOnError(DelegetingHandler$SkipOnErrorCallback),428925
org.apache.ivy.osgi.util.Version.toString(),org.apache.ivy.osgi.util.Version.numbersAsString(),45792
org.apache.ivy.osgi.util.VersionRange.toString(),org.apache.ivy.osgi.util.Version.toString(),404
"org.apache.ivy.osgi.core.ExportPackage.<init>(String, Version)","org.apache.ivy.osgi.core.BundleCapability.<init>(String, String, Version)",18831
"org.apache.ivy.osgi.util.DelegetingHandler.endElement(String, String, String)",org.apache.ivy.osgi.util.DelegetingHandler.stopDelegating(),118158
org.apache.ivy.osgi.util.DelegetingHandler.stopDelegating(),org.apache.ivy.osgi.util.DelegetingHandler.stopDelegating(),39790
org.apache.ivy.osgi.p2.P2Descriptor.addBundle(BundleInfo),org.apache.ivy.osgi.repo.RepoDescriptor.addBundle(BundleInfo),188
org.apache.ivy.osgi.repo.RepoDescriptor.addBundle(BundleInfo),"org.apache.ivy.osgi.core.BundleInfoAdapter.toModuleDescriptor(ModuleDescriptorParser, URI, BundleInfo, ExecutionEnvironmentProfileProvider)",1694
"org.apache.ivy.osgi.core.BundleInfoAdapter.toModuleDescriptor(ModuleDescriptorParser, URI, BundleInfo, ExecutionEnvironmentProfileProvider)","org.apache.ivy.osgi.core.BundleInfoAdapter.requirementAsDependency(DefaultModuleDescriptor, BundleInfo, Set)",1712
"org.apache.ivy.osgi.core.BundleInfoAdapter.requirementAsDependency(DefaultModuleDescriptor, BundleInfo, Set)","org.apache.ivy.osgi.core.BundleInfoAdapter.asMrid(String, String, VersionRange)",22724
"org.apache.ivy.osgi.core.BundleInfoAdapter.asMrid(String, String, VersionRange)","org.apache.ivy.core.module.id.ModuleRevisionId.newInstance(String, String, String)",22728
"org.apache.ivy.osgi.core.BundleInfoAdapter.asMrid(String, String, VersionRange)",org.apache.ivy.osgi.util.VersionRange.toIvyRevision(),22542
org.apache.ivy.osgi.util.VersionRange.toIvyRevision(),org.apache.ivy.osgi.util.Version.equals(Object),624
"org.apache.ivy.osgi.core.BundleInfoAdapter.requirementAsDependency(DefaultModuleDescriptor, BundleInfo, Set)","org.apache.ivy.core.module.descriptor.DefaultDependencyDescriptor.addDependencyConfiguration(String, String)",47987
"org.apache.ivy.osgi.core.BundleInfoAdapter.requirementAsDependency(DefaultModuleDescriptor, BundleInfo, Set)","org.apache.ivy.core.module.descriptor.DefaultDependencyDescriptor.<init>(ModuleRevisionId, boolean)",22724
"org.apache.ivy.osgi.core.BundleInfoAdapter.requirementAsDependency(DefaultModuleDescriptor, BundleInfo, Set)","org.apache.ivy.core.module.descriptor.Configuration.<init>(String, Configuration$Visibility, String, String[], boolean, String)",20702
"org.apache.ivy.osgi.core.BundleInfoAdapter.requirementAsDependency(DefaultModuleDescriptor, BundleInfo, Set)",org.apache.ivy.core.module.descriptor.DefaultModuleDescriptor.addDependency(DependencyDescriptor),22724
"org.apache.ivy.osgi.core.BundleInfoAdapter.requirementAsDependency(DefaultModuleDescriptor, BundleInfo, Set)",org.apache.ivy.core.module.descriptor.DefaultModuleDescriptor.addConfiguration(Configuration),20702
"org.apache.ivy.osgi.core.BundleInfoAdapter.toModuleDescriptor(ModuleDescriptorParser, URI, BundleInfo, ExecutionEnvironmentProfileProvider)",org.apache.ivy.osgi.util.Version.toString(),18800
"org.apache.ivy.osgi.core.BundleInfoAdapter.toModuleDescriptor(ModuleDescriptorParser, URI, BundleInfo, ExecutionEnvironmentProfileProvider)",org.apache.ivy.osgi.core.BundleInfo.getExports(),3424
org.apache.ivy.osgi.core.ExportPackage.hashCode(),org.apache.ivy.osgi.core.BundleCapability.hashCode(),56423
org.apache.ivy.osgi.core.BundleCapability.hashCode(),org.apache.ivy.osgi.util.Version.hashCode(),56096
"org.apache.ivy.osgi.core.BundleInfoAdapter.toModuleDescriptor(ModuleDescriptorParser, URI, BundleInfo, ExecutionEnvironmentProfileProvider)","org.apache.ivy.core.module.descriptor.Configuration.<init>(String, Configuration$Visibility, String, String[], boolean, String)",18800
"org.apache.ivy.osgi.core.BundleInfoAdapter.toModuleDescriptor(ModuleDescriptorParser, URI, BundleInfo, ExecutionEnvironmentProfileProvider)","org.apache.ivy.osgi.core.BundleInfoAdapter.asMrid(String, String, Version)",1715
"org.apache.ivy.osgi.core.BundleInfoAdapter.asMrid(String, String, Version)","org.apache.ivy.core.module.id.ModuleRevisionId.newInstance(String, String, String)",1717
"org.apache.ivy.osgi.core.BundleInfoAdapter.asMrid(String, String, Version)",org.apache.ivy.osgi.util.Version.toString(),1715
"org.apache.ivy.osgi.core.BundleInfoAdapter.toModuleDescriptor(ModuleDescriptorParser, URI, BundleInfo, ExecutionEnvironmentProfileProvider)",org.apache.ivy.core.module.descriptor.DefaultModuleDescriptor.addConfiguration(Configuration),23936
"org.apache.ivy.osgi.core.BundleInfoAdapter.toModuleDescriptor(ModuleDescriptorParser, URI, BundleInfo, ExecutionEnvironmentProfileProvider)","org.apache.ivy.core.module.descriptor.DefaultModuleDescriptor.addArtifact(String, Artifact)",1702
"org.apache.ivy.osgi.core.BundleInfoAdapter.toModuleDescriptor(ModuleDescriptorParser, URI, BundleInfo, ExecutionEnvironmentProfileProvider)","org.apache.ivy.core.module.descriptor.DefaultModuleDescriptor.<init>(ModuleDescriptorParser, Resource)",1717
"org.apache.ivy.osgi.core.BundleInfoAdapter.toModuleDescriptor(ModuleDescriptorParser, URI, BundleInfo, ExecutionEnvironmentProfileProvider)","org.apache.ivy.core.module.descriptor.DefaultArtifact.<init>(ModuleRevisionId, Date, String, String, String, URL, Map)",1666
"org.apache.ivy.osgi.core.BundleInfoAdapter.toModuleDescriptor(ModuleDescriptorParser, URI, BundleInfo, ExecutionEnvironmentProfileProvider)",org.apache.ivy.core.module.descriptor.DefaultModuleDescriptor.setResolvedPublicationDate(Date),1712
"org.apache.ivy.osgi.core.BundleInfoAdapter.toModuleDescriptor(ModuleDescriptorParser, URI, BundleInfo, ExecutionEnvironmentProfileProvider)","org.apache.ivy.core.module.descriptor.DefaultModuleDescriptor.addExtraAttributeNamespace(String, String)",1717
"org.apache.ivy.osgi.core.BundleInfoAdapter.toModuleDescriptor(ModuleDescriptorParser, URI, BundleInfo, ExecutionEnvironmentProfileProvider)",org.apache.ivy.osgi.core.ExportPackage.getVersion(),18800
"org.apache.ivy.osgi.core.BundleInfoAdapter.toModuleDescriptor(ModuleDescriptorParser, URI, BundleInfo, ExecutionEnvironmentProfileProvider)",org.apache.ivy.core.module.descriptor.DefaultModuleDescriptor.setModuleRevisionId(ModuleRevisionId),1712
org.apache.ivy.osgi.repo.RepoDescriptor.addBundle(BundleInfo),"org.apache.ivy.osgi.repo.RepoDescriptor.add(String, String, ModuleDescriptor)",20687
"org.apache.ivy.osgi.repo.RepoDescriptor.add(String, String, ModuleDescriptor)",org.apache.ivy.util.Message.debug(String),1888
org.apache.ivy.osgi.p2.P2Descriptor.addBundle(BundleInfo),org.apache.ivy.osgi.util.Version.toString(),188
org.apache.ivy.osgi.core.BundleRequirement.hashCode(),org.apache.ivy.osgi.util.VersionRange.hashCode(),36594
org.apache.ivy.osgi.util.VersionRange.hashCode(),org.apache.ivy.osgi.util.Version.hashCode(),37220
org.apache.ivy.osgi.util.DelegetingHandler.skip(),org.apache.ivy.osgi.util.DelegetingHandler.stopDelegating(),269
"org.apache.ivy.osgi.util.DelegetingHandler.characters(char[], int, int)","org.apache.ivy.osgi.util.DelegetingHandler.characters(char[], int, int)",473960
"org.apache.ivy.osgi.util.DelegetingHandler.characters(char[], int, int)","org.apache.ivy.osgi.util.DelegetingHandler.doCharacters(char[], int, int)",260344
org.apache.ivy.osgi.util.DelegetingHandler.setDocumentLocator(Locator),org.apache.ivy.osgi.util.DelegetingHandler.setDocumentLocator(Locator),1169
"org.apache.ivy.osgi.updatesite.UpdateSiteLoader.readJarOrXml(URI, String, XMLInputParser)",org.apache.ivy.osgi.p2.P2ArtifactParser.parse(InputStream),32
org.apache.ivy.osgi.p2.P2ArtifactParser.parse(InputStream),"org.apache.ivy.util.XMLHelper.parse(InputStream, URL, DefaultHandler, LexicalHandler)",38
"org.apache.ivy.osgi.updatesite.UpdateSiteLoader.populateP2Descriptor(URI, P2Descriptor)",org.apache.ivy.util.Message.verbose(String),37
"org.apache.ivy.osgi.updatesite.UpdateSiteLoader.populateP2Descriptor(URI, P2Descriptor)","org.apache.ivy.osgi.p2.P2ArtifactParser.<init>(P2Descriptor, String)",34
"org.apache.ivy.osgi.updatesite.UpdateSiteLoader.populateP2Descriptor(URI, P2Descriptor)",org.apache.ivy.osgi.p2.P2MetadataParser.<init>(P2Descriptor),34
"org.apache.ivy.osgi.updatesite.UpdateSiteLoader.readJarOrXml(URI, String, XMLInputParser)",org.apache.ivy.osgi.p2.P2CompositeParser.parse(InputStream),6
org.apache.ivy.osgi.p2.P2CompositeParser.parse(InputStream),"org.apache.ivy.util.XMLHelper.parse(InputStream, URL, DefaultHandler, LexicalHandler)",10
org.apache.ivy.osgi.updatesite.UpdateSiteLoader.loadP2(URI),"org.apache.ivy.osgi.p2.P2Descriptor.<init>(URI, ExecutionEnvironmentProfileProvider)",12
"org.apache.ivy.osgi.p2.P2Descriptor.<init>(URI, ExecutionEnvironmentProfileProvider)","org.apache.ivy.osgi.repo.RepoDescriptor.<init>(URI, ExecutionEnvironmentProfileProvider)",23
org.apache.ivy.osgi.updatesite.UpdateSiteLoader.load(URI),org.apache.ivy.util.Message.verbose(String),14
org.apache.ivy.osgi.updatesite.UpdateSiteLoaderTest.testIvyDE(),org.apache.ivy.core.module.id.ModuleRevisionId.getName(),16
org.apache.ivy.osgi.updatesite.UpdateSiteLoaderTest.testM2Eclipse(),org.apache.ivy.osgi.updatesite.UpdateSiteLoader.load(URI),1
org.apache.ivy.osgi.updatesite.UpdateSiteLoaderTest.testM2Eclipse(),org.apache.ivy.core.module.id.ModuleRevisionId.getName(),54
org.apache.ivy.osgi.obr.OBRParserTest.testParse(),"org.apache.ivy.osgi.obr.xml.OBRXMLParser.parse(URI, InputStream)",2
"org.apache.ivy.osgi.obr.xml.OBRXMLParser.parse(URI, InputStream)","org.apache.ivy.util.XMLHelper.parse(InputStream, URL, DefaultHandler, LexicalHandler)",24
"org.apache.ivy.osgi.obr.filter.CompareFilter.<init>(String, CompareFilter$Operator, String)",org.apache.ivy.osgi.obr.xml.RequirementFilter.<init>(),68260
org.apache.ivy.osgi.obr.filter.NotFilter.<init>(RequirementFilter),org.apache.ivy.osgi.obr.filter.UniOperatorFilter.<init>(RequirementFilter),245
org.apache.ivy.osgi.obr.filter.UniOperatorFilter.<init>(RequirementFilter),org.apache.ivy.osgi.obr.xml.RequirementFilter.<init>(),245
org.apache.ivy.osgi.obr.filter.AndFilter.<init>(),org.apache.ivy.osgi.obr.filter.MultiOperatorFilter.<init>(),33924
org.apache.ivy.osgi.obr.filter.MultiOperatorFilter.<init>(),org.apache.ivy.osgi.obr.xml.RequirementFilter.<init>(),33935
"org.apache.ivy.osgi.util.DelegetingHandler.getOptionalBooleanAttribute(Attributes, String, Boolean)","org.apache.ivy.osgi.util.DelegetingHandler.parseBoolean(String, String)",101595
"org.apache.ivy.osgi.obr.xml.Capability.addProperty(String, String, String)","org.apache.ivy.osgi.obr.xml.CapabilityProperty.<init>(String, String, String)",48040
"org.apache.ivy.osgi.obr.xml.CapabilityAdapter.adapt(BundleInfo, Capability)","org.apache.ivy.osgi.obr.xml.CapabilityAdapter.getExportPackage(BundleInfo, Capability)",14914
"org.apache.ivy.osgi.obr.xml.CapabilityAdapter.getExportPackage(BundleInfo, Capability)",org.apache.ivy.osgi.util.Version.<init>(String),14785
"org.apache.ivy.osgi.obr.xml.CapabilityAdapter.getExportPackage(BundleInfo, Capability)",org.apache.ivy.osgi.core.ExportPackage.addUse(String),129165
"org.apache.ivy.osgi.obr.xml.CapabilityAdapter.getExportPackage(BundleInfo, Capability)","org.apache.ivy.osgi.core.ExportPackage.<init>(String, Version)",14912
"org.apache.ivy.osgi.obr.xml.CapabilityAdapter.getExportPackage(BundleInfo, Capability)",org.apache.ivy.util.Message.warn(String),11
"org.apache.ivy.osgi.obr.xml.CapabilityAdapter.adapt(BundleInfo, Capability)",org.apache.ivy.osgi.core.BundleInfo.addCapability(BundleCapability),14935
"org.apache.ivy.osgi.obr.xml.CapabilityAdapter.adapt(BundleInfo, Capability)","org.apache.ivy.osgi.obr.xml.CapabilityAdapter.getOSGiService(BundleInfo, Capability)",25
"org.apache.ivy.osgi.obr.xml.CapabilityAdapter.getOSGiService(BundleInfo, Capability)","org.apache.ivy.osgi.core.BundleCapability.<init>(String, String, Version)",23
"org.apache.ivy.osgi.obr.xml.RequirementAdapter.adapt(BundleInfo, Requirement)",org.apache.ivy.osgi.obr.xml.RequirementAdapter.extractFilter(RequirementFilter),34053
org.apache.ivy.osgi.obr.xml.RequirementAdapter.extractFilter(RequirementFilter),org.apache.ivy.osgi.obr.xml.RequirementAdapter.extractFilter(RequirementFilter),68049
org.apache.ivy.osgi.obr.xml.RequirementAdapter.extractFilter(RequirementFilter),"org.apache.ivy.osgi.obr.xml.RequirementAdapter.parseCompareFilter(CompareFilter, boolean)",68196
"org.apache.ivy.osgi.obr.xml.RequirementAdapter.parseCompareFilter(CompareFilter, boolean)",org.apache.ivy.osgi.util.Version.<init>(String),34144
"org.apache.ivy.osgi.obr.xml.RequirementAdapter.parseCompareFilter(CompareFilter, boolean)",org.apache.ivy.osgi.obr.xml.UnsupportedFilterException.<init>(String),12
"org.apache.ivy.osgi.obr.xml.RequirementAdapter.adapt(BundleInfo, Requirement)","org.apache.ivy.osgi.obr.xml.RequirementAdapter.adapt(BundleInfo, boolean)",34038
"org.apache.ivy.osgi.obr.xml.RequirementAdapter.adapt(BundleInfo, boolean)",org.apache.ivy.osgi.core.BundleInfo.addRequirement(BundleRequirement),34036
"org.apache.ivy.osgi.obr.xml.RequirementAdapter.adapt(BundleInfo, boolean)",org.apache.ivy.osgi.obr.xml.RequirementAdapter.getVersionRange(),34038
org.apache.ivy.osgi.obr.xml.RequirementAdapter.getVersionRange(),"org.apache.ivy.osgi.util.VersionRange.<init>(boolean, Version, boolean, Version)",33891
"org.apache.ivy.osgi.obr.xml.RequirementAdapter.adapt(BundleInfo, boolean)","org.apache.ivy.osgi.core.BundleRequirement.<init>(String, String, VersionRange, String)",34036
"org.apache.ivy.osgi.obr.xml.RequirementAdapter.adapt(BundleInfo, Requirement)",org.apache.ivy.osgi.obr.xml.RequirementAdapter.<init>(),34053
org.apache.ivy.osgi.obr.xml.RequirementFilter.toString(),org.apache.ivy.osgi.obr.filter.MultiOperatorFilter.append(StringBuffer),13
org.apache.ivy.osgi.obr.filter.MultiOperatorFilter.append(StringBuffer),org.apache.ivy.osgi.obr.filter.CompareFilter.append(StringBuffer),36
org.apache.ivy.osgi.util.DelegetingHandler.skipOnError(DelegetingHandler$SkipOnErrorCallback),"org.apache.ivy.osgi.util.DelegetingHandler.log(int, String)",9
"org.apache.ivy.osgi.util.DelegetingHandler.log(int, String)",org.apache.ivy.osgi.util.DelegetingHandler.getLocation(Locator),14
"org.apache.ivy.osgi.util.DelegetingHandler.log(int, String)","org.apache.ivy.util.Message.log(int, String)",14
"org.apache.ivy.util.Message.log(int, String)",org.apache.ivy.util.Message.error(String),12
org.apache.ivy.osgi.util.DelegetingHandler.skipOnError(DelegetingHandler$SkipOnErrorCallback),org.apache.ivy.osgi.util.DelegetingHandler.skip(),9
"org.apache.ivy.osgi.util.DelegetingHandler.getOptionalLongAttribute(Attributes, String, Long)","org.apache.ivy.osgi.util.DelegetingHandler.parseLong(String, String)",1
"org.apache.ivy.osgi.repo.BundleRepoDescriptor.<init>(URI, ExecutionEnvironmentProfileProvider)","org.apache.ivy.osgi.repo.RepoDescriptor.<init>(URI, ExecutionEnvironmentProfileProvider)",35
org.apache.ivy.osgi.obr.OBRParserTest.testParse(),org.apache.ivy.util.Message.getProblems(),2
org.apache.ivy.osgi.repo.BundleRepoTest.testResolver(),org.apache.ivy.osgi.repo.BundleRepoDescriptor.populate(Iterator),1
"org.apache.ivy.core.cache.DefaultRepositoryCacheManager.doFindModuleInCache(ModuleRevisionId, CacheMetadataOptions, String)",org.apache.ivy.core.settings.IvySettings.getResolver(ModuleRevisionId),24
org.apache.ivy.plugins.resolver.AbstractResolver.getRepositoryCacheManager(),org.apache.ivy.plugins.resolver.AbstractResolver.initRepositoryCacheManagerFromSettings(),46
org.apache.ivy.plugins.resolver.AbstractResolver.getNamespace(),org.apache.ivy.plugins.resolver.AbstractResolver.initNamespaceFromSettings(),50
org.apache.ivy.plugins.resolver.BasicResolver.listRevisions(ModuleEntry),"org.apache.ivy.plugins.resolver.AbstractPatternsBasedResolver.findNames(Map, String)",21
"org.apache.ivy.plugins.resolver.AbstractPatternsBasedResolver.findNames(Map, String)","org.apache.ivy.plugins.resolver.AbstractPatternsBasedResolver.findIvyNames(Map, String)",46
"org.apache.ivy.plugins.resolver.AbstractPatternsBasedResolver.findIvyNames(Map, String)","org.apache.ivy.plugins.resolver.RepositoryResolver.findTokenValues(Collection, List, Map, String)",39
"org.apache.ivy.plugins.resolver.RepositoryResolver.findTokenValues(Collection, List, Map, String)","org.apache.ivy.plugins.resolver.util.ResolverHelper.listTokenValues(Repository, String, String)",40
"org.apache.ivy.plugins.resolver.RepositoryResolver.findTokenValues(Collection, List, Map, String)","org.apache.ivy.core.IvyPatternHelper.substituteTokens(String, Map)",45
"org.apache.ivy.plugins.resolver.RepositoryResolver.findTokenValues(Collection, List, Map, String)",org.apache.ivy.plugins.resolver.FileSystemResolver.filterNames(Collection),30
"org.apache.ivy.plugins.resolver.AbstractPatternsBasedResolver.findIvyNames(Map, String)",org.apache.ivy.plugins.resolver.FileSystemResolver.filterNames(Collection),23
"org.apache.ivy.plugins.resolver.AbstractPatternsBasedResolver.findIvyNames(Map, String)",org.apache.ivy.plugins.resolver.AbstractPatternsBasedResolver.getIvyPatterns(),38
"org.apache.ivy.plugins.resolver.AbstractPatternsBasedResolver.findNames(Map, String)","org.apache.ivy.plugins.resolver.AbstractPatternsBasedResolver.findArtifactNames(Map, String)",23
"org.apache.ivy.plugins.resolver.AbstractPatternsBasedResolver.findArtifactNames(Map, String)","org.apache.ivy.plugins.resolver.RepositoryResolver.findTokenValues(Collection, List, Map, String)",23
"org.apache.ivy.plugins.resolver.AbstractPatternsBasedResolver.findArtifactNames(Map, String)",org.apache.ivy.plugins.resolver.FileSystemResolver.filterNames(Collection),23
"org.apache.ivy.plugins.resolver.AbstractPatternsBasedResolver.findArtifactNames(Map, String)",org.apache.ivy.plugins.resolver.AbstractPatternsBasedResolver.getArtifactPatterns(),23
org.apache.ivy.plugins.resolver.BasicResolver.listRevisions(ModuleEntry),"org.apache.ivy.core.search.RevisionEntry.<init>(ModuleEntry, String)",12
org.apache.ivy.plugins.resolver.BasicResolver.listRevisions(ModuleEntry),org.apache.ivy.core.search.ModuleEntry.getOrganisation(),23
"org.apache.ivy.plugins.resolver.BasicResolver.doFindArtifactRef(Artifact, Date)","org.apache.ivy.plugins.resolver.AbstractPatternsBasedResolver.findArtifactRef(Artifact, Date)",12
org.apache.ivy.plugins.resolver.BasicResolver.listModules(OrganisationEntry),"org.apache.ivy.plugins.resolver.AbstractPatternsBasedResolver.findNames(Map, String)",10
org.apache.ivy.plugins.resolver.BasicResolver.listModules(OrganisationEntry),"org.apache.ivy.core.search.ModuleEntry.<init>(OrganisationEntry, String)",79
org.apache.ivy.osgi.core.BundleInfoAdapter.buildIvyURI(Artifact),"org.apache.ivy.osgi.core.BundleInfoAdapter.asIvyURI(String, String, String, String, String, String, String)",15
org.apache.ivy.osgi.core.BundleInfoAdapter.buildIvyURI(Artifact),org.apache.ivy.core.module.descriptor.MDArtifact.getModuleRevisionId(),12
org.apache.ivy.osgi.core.BundleInfoAdapter.buildIvyURI(Artifact),org.apache.ivy.core.module.id.ModuleRevisionId.getName(),15
org.apache.ivy.osgi.core.BundleInfoAdapter.buildIvyURI(Artifact),org.apache.ivy.core.module.id.ModuleRevisionId.getOrganisation(),15
org.apache.ivy.osgi.repo.BundleRepoDescriptor.populate(Iterator),org.apache.ivy.osgi.core.ManifestParser.parseManifest(Manifest),48
org.apache.ivy.osgi.core.ManifestParser.parseManifest(Manifest),"org.apache.ivy.osgi.core.ManifestParser.parseRequirement(BundleInfo, Attributes, String, String, String)",234
"org.apache.ivy.osgi.core.ManifestParser.parseRequirement(BundleInfo, Attributes, String, String, String)",org.apache.ivy.osgi.core.ManifestHeaderValue.<init>(String),234
"org.apache.ivy.osgi.core.ManifestParser.parseRequirement(BundleInfo, Attributes, String, String, String)",org.apache.ivy.osgi.core.ManifestParser.versionRangeOf(String),78
org.apache.ivy.osgi.core.ManifestParser.versionRangeOf(String),org.apache.ivy.osgi.util.VersionRange.<init>(String),28
"org.apache.ivy.osgi.core.ManifestParser.parseRequirement(BundleInfo, Attributes, String, String, String)",org.apache.ivy.osgi.core.BundleInfo.addRequirement(BundleRequirement),78
"org.apache.ivy.osgi.core.ManifestParser.parseRequirement(BundleInfo, Attributes, String, String, String)","org.apache.ivy.osgi.core.BundleRequirement.<init>(String, String, VersionRange, String)",78
org.apache.ivy.osgi.core.ManifestParser.parseManifest(Manifest),org.apache.ivy.osgi.core.ManifestHeaderValue.<init>(String),468
org.apache.ivy.osgi.core.ManifestParser.parseManifest(Manifest),org.apache.ivy.osgi.core.ManifestParser.versionOf(String),140
org.apache.ivy.osgi.core.ManifestParser.versionOf(String),org.apache.ivy.osgi.util.Version.<init>(String),94
org.apache.ivy.osgi.core.ManifestParser.parseManifest(Manifest),"org.apache.ivy.osgi.core.ManifestParser.parseCapability(BundleInfo, Attributes, String, String)",78
"org.apache.ivy.osgi.core.ManifestParser.parseCapability(BundleInfo, Attributes, String, String)",org.apache.ivy.osgi.core.ManifestHeaderValue.<init>(String),78
org.apache.ivy.osgi.core.ManifestParser.parseManifest(Manifest),org.apache.ivy.osgi.core.BundleInfo.addCapability(BundleCapability),62
org.apache.ivy.osgi.core.ManifestParser.parseManifest(Manifest),org.apache.ivy.osgi.core.ManifestHeaderValue.getSingleValue(),312
org.apache.ivy.osgi.core.ManifestParser.parseManifest(Manifest),"org.apache.ivy.osgi.core.BundleInfo.<init>(String, Version)",78
org.apache.ivy.osgi.core.ManifestParser.parseManifest(Manifest),"org.apache.ivy.osgi.core.ExportPackage.<init>(String, Version)",62
org.apache.ivy.osgi.core.ManifestParser.parseManifest(Manifest),org.apache.ivy.osgi.core.ManifestHeaderValue.getValues(),78
org.apache.ivy.osgi.core.ManifestParser.parseManifest(Manifest),org.apache.ivy.osgi.core.ExportPackage.addUse(String),6
org.apache.ivy.osgi.repo.BundleRepoDescriptor.populate(Iterator),org.apache.ivy.osgi.repo.RepoDescriptor.addBundle(BundleInfo),48
"org.apache.ivy.osgi.core.BundleInfoAdapter.toModuleDescriptor(ModuleDescriptorParser, URI, BundleInfo, ExecutionEnvironmentProfileProvider)",org.apache.ivy.osgi.core.BundleInfoAdapter.decodeIvyURI(URI),36
org.apache.ivy.osgi.core.BundleInfoAdapter.decodeIvyURI(URI),"org.apache.ivy.core.module.id.ModuleRevisionId.newInstance(String, String, String, String)",36
org.apache.ivy.osgi.core.BundleInfoAdapter.decodeIvyURI(URI),"org.apache.ivy.core.module.descriptor.DefaultArtifact.<init>(ModuleRevisionId, Date, String, String, String)",36
org.apache.ivy.osgi.repo.BundleRepoTest.testResolver(),"org.apache.ivy.osgi.obr.xml.OBRXMLParser.parse(URI, InputStream)",1
org.apache.ivy.osgi.repo.BundleRepoTest.testResolver(),org.apache.ivy.osgi.repo.ResolverManifestIterable.iterator(),1
org.apache.ivy.plugins.resolver.BasicResolver.listOrganisations(),"org.apache.ivy.plugins.resolver.AbstractPatternsBasedResolver.findNames(Map, String)",10
org.apache.ivy.plugins.resolver.BasicResolver.listOrganisations(),"org.apache.ivy.core.search.OrganisationEntry.<init>(DependencyResolver, String)",47
org.apache.ivy.osgi.repo.BundleRepoTest.testResolver(),org.apache.ivy.core.settings.IvySettings.<init>(),1
org.apache.ivy.osgi.repo.BundleRepoTest.testResolver(),org.apache.ivy.plugins.resolver.FileSystemResolver.addIvyPattern(String),1
org.apache.ivy.plugins.resolver.FileSystemResolver.addIvyPattern(String),"org.apache.ivy.util.Checks.checkAbsolute(String, String)",19
org.apache.ivy.plugins.resolver.FileSystemResolver.addIvyPattern(String),org.apache.ivy.plugins.resolver.AbstractPatternsBasedResolver.addIvyPattern(String),18
org.apache.ivy.osgi.repo.BundleRepoTest.testResolver(),org.apache.ivy.plugins.resolver.FileSystemResolver.addArtifactPattern(String),1
org.apache.ivy.plugins.resolver.FileSystemResolver.addArtifactPattern(String),"org.apache.ivy.util.Checks.checkAbsolute(String, String)",19
org.apache.ivy.plugins.resolver.FileSystemResolver.addArtifactPattern(String),org.apache.ivy.plugins.resolver.AbstractPatternsBasedResolver.addArtifactPattern(String),18
org.apache.ivy.osgi.repo.BundleRepoTest.testResolver(),org.apache.ivy.plugins.resolver.FileSystemResolver.<init>(),1
org.apache.ivy.osgi.repo.BundleRepoTest.testResolver(),org.apache.ivy.plugins.resolver.RepositoryResolver.setSettings(ResolverSettings),1
org.apache.ivy.osgi.repo.BundleRepoTest.testResolver(),org.apache.ivy.osgi.repo.ResolverManifestIterable.<init>(BasicResolver),1
org.apache.ivy.osgi.repo.BundleRepoTest.testResolver(),"org.apache.ivy.osgi.repo.BundleRepoDescriptor.<init>(URI, ExecutionEnvironmentProfileProvider)",1
org.apache.ivy.osgi.repo.BundleRepoTest.testResolver(),org.apache.ivy.plugins.resolver.RepositoryResolver.setName(String),1
org.apache.ivy.osgi.updatesite.UpdateSiteAndIbiblioResolverTest.testArtifactRef(),"org.apache.ivy.plugins.resolver.ChainResolver.getDependency(DependencyDescriptor, ResolveData)",2
org.apache.ivy.plugins.resolver.IBiblioResolver.ensureConfigured(ResolverSettings),org.apache.ivy.plugins.resolver.IBiblioResolver.updateWholePattern(),8
org.apache.ivy.plugins.resolver.IBiblioResolver.ensureConfigured(ResolverSettings),org.apache.ivy.core.settings.IvySettings.getVariable(String),19
"org.apache.ivy.plugins.resolver.BasicResolver.getDependency(DependencyDescriptor, ResolveData)","org.apache.ivy.osgi.repo.AbstractOSGiResolver.findIvyFileRef(DependencyDescriptor, ResolveData)",41
"org.apache.ivy.osgi.repo.AbstractOSGiResolver.findIvyFileRef(DependencyDescriptor, ResolveData)",org.apache.ivy.osgi.repo.AbstractOSGiResolver.getRepoDescriptor(),41
org.apache.ivy.osgi.repo.AbstractOSGiResolver.getRepoDescriptor(),org.apache.ivy.osgi.repo.AbstractOSGiResolver.ensureInit(),47
org.apache.ivy.osgi.repo.AbstractOSGiResolver.ensureInit(),org.apache.ivy.osgi.updatesite.UpdateSiteResolver.init(),6
org.apache.ivy.osgi.updatesite.UpdateSiteResolver.init(),org.apache.ivy.osgi.updatesite.UpdateSiteLoader.load(URI),5
org.apache.ivy.osgi.updatesite.UpdateSiteResolver.init(),"org.apache.ivy.osgi.updatesite.UpdateSiteLoader.<init>(RepositoryCacheManager, EventManager, CacheResourceOptions)",6
"org.apache.ivy.osgi.updatesite.UpdateSiteLoader.<init>(RepositoryCacheManager, EventManager, CacheResourceOptions)",org.apache.ivy.plugins.repository.url.URLRepository.<init>(),13
org.apache.ivy.osgi.updatesite.UpdateSiteResolver.init(),org.apache.ivy.core.cache.CacheResourceOptions.<init>(),8
org.apache.ivy.core.cache.CacheResourceOptions.<init>(),org.apache.ivy.core.cache.CacheDownloadOptions.<init>(),37
org.apache.ivy.osgi.updatesite.UpdateSiteResolver.init(),org.apache.ivy.plugins.resolver.AbstractResolver.getRepositoryCacheManager(),8
"org.apache.ivy.osgi.repo.AbstractOSGiResolver.findIvyFileRef(DependencyDescriptor, ResolveData)",org.apache.ivy.util.Message.verbose(String),1
"org.apache.ivy.osgi.repo.AbstractOSGiResolver.findIvyFileRef(DependencyDescriptor, ResolveData)","org.apache.ivy.osgi.repo.RepoDescriptor.findModule(String, String)",41
"org.apache.ivy.osgi.repo.AbstractOSGiResolver.findIvyFileRef(DependencyDescriptor, ResolveData)",org.apache.ivy.core.module.id.ModuleRevisionId.getName(),41
"org.apache.ivy.osgi.repo.AbstractOSGiResolver.findIvyFileRef(DependencyDescriptor, ResolveData)",org.apache.ivy.core.module.id.ModuleRevisionId.getOrganisation(),41
org.apache.ivy.plugins.resolver.AbstractResolver.getLatestStrategy(),org.apache.ivy.plugins.resolver.AbstractResolver.initLatestStrategyFromSettings(),20
org.apache.ivy.osgi.updatesite.UpdateSiteAndIbiblioResolverTest.testArtifactRef(),org.apache.ivy.plugins.resolver.ChainResolver.exists(Artifact),2
org.apache.ivy.plugins.resolver.ChainResolver.exists(Artifact),org.apache.ivy.plugins.resolver.IBiblioResolver.exists(Artifact),2
org.apache.ivy.plugins.resolver.IBiblioResolver.exists(Artifact),org.apache.ivy.plugins.resolver.BasicResolver.exists(Artifact),4
org.apache.ivy.plugins.resolver.BasicResolver.exists(Artifact),"org.apache.ivy.plugins.resolver.BasicResolver.getArtifactRef(Artifact, Date)",12
"org.apache.ivy.plugins.resolver.BasicResolver.getArtifactRef(Artifact, Date)","org.apache.ivy.plugins.resolver.BasicResolver.logArtifactAttempt(Artifact, String)",1
"org.apache.ivy.plugins.resolver.BasicResolver.getArtifactRef(Artifact, Date)",org.apache.ivy.util.Message.verbose(String),1
"org.apache.ivy.plugins.resolver.BasicResolver.getArtifactRef(Artifact, Date)",org.apache.ivy.plugins.repository.file.FileRepository.<init>(),1
"org.apache.ivy.plugins.resolver.BasicResolver.getArtifactRef(Artifact, Date)","org.apache.ivy.plugins.repository.file.FileResource.<init>(FileRepository, File)",1
"org.apache.ivy.plugins.resolver.BasicResolver.getArtifactRef(Artifact, Date)",org.apache.ivy.core.module.descriptor.DefaultArtifact.getModuleRevisionId(),1
"org.apache.ivy.plugins.resolver.BasicResolver.getArtifactRef(Artifact, Date)","org.apache.ivy.plugins.resolver.util.ResolvedResource.<init>(Resource, String)",1
org.apache.ivy.plugins.resolver.BasicResolver.exists(Artifact),org.apache.ivy.plugins.repository.file.FileResource.exists(),1
org.apache.ivy.plugins.resolver.IBiblioResolver.exists(Artifact),org.apache.ivy.plugins.resolver.IBiblioResolver.ensureConfigured(ResolverSettings),4
org.apache.ivy.plugins.resolver.ChainResolver.exists(Artifact),org.apache.ivy.plugins.resolver.BasicResolver.exists(Artifact),3
org.apache.ivy.plugins.resolver.BasicResolver.exists(Artifact),org.apache.ivy.plugins.repository.url.URLResource.exists(),2
"org.apache.ivy.plugins.resolver.BasicResolver.getArtifactRef(Artifact, Date)","org.apache.ivy.osgi.repo.AbstractOSGiResolver.findArtifactRef(Artifact, Date)",21
"org.apache.ivy.osgi.repo.AbstractOSGiResolver.findArtifactRef(Artifact, Date)","org.apache.ivy.plugins.resolver.BasicResolver.logArtifactAttempt(Artifact, String)",20
"org.apache.ivy.osgi.repo.AbstractOSGiResolver.findArtifactRef(Artifact, Date)",org.apache.ivy.util.Message.verbose(String),20
"org.apache.ivy.osgi.repo.AbstractOSGiResolver.findArtifactRef(Artifact, Date)",org.apache.ivy.core.module.descriptor.DefaultArtifact.getModuleRevisionId(),20
"org.apache.ivy.osgi.repo.AbstractOSGiResolver.findArtifactRef(Artifact, Date)",org.apache.ivy.plugins.repository.url.URLResource.<init>(URL),20
"org.apache.ivy.osgi.repo.AbstractOSGiResolver.findArtifactRef(Artifact, Date)","org.apache.ivy.plugins.resolver.util.ResolvedResource.<init>(Resource, String)",20
"org.apache.ivy.osgi.repo.AbstractOSGiResolver.findIvyFileRef(DependencyDescriptor, ResolveData)","org.apache.ivy.osgi.repo.AbstractOSGiResolver.findResource(ResolvedResource[], ResourceMDParser, ModuleRevisionId, Date)",40
"org.apache.ivy.osgi.repo.AbstractOSGiResolver.findResource(ResolvedResource[], ResourceMDParser, ModuleRevisionId, Date)","org.apache.ivy.plugins.resolver.BasicResolver.findResource(ResolvedResource[], ResourceMDParser, ModuleRevisionId, Date)",41
"org.apache.ivy.plugins.version.ChainVersionMatcher.accept(ModuleRevisionId, ModuleRevisionId)","org.apache.ivy.plugins.version.ExactVersionMatcher.accept(ModuleRevisionId, ModuleRevisionId)",24
"org.apache.ivy.plugins.resolver.BasicResolver.findResource(ResolvedResource[], ResourceMDParser, ModuleRevisionId, Date)",org.apache.ivy.osgi.repo.AbstractOSGiResolver.filterNames(Collection),44
org.apache.ivy.osgi.repo.AbstractOSGiResolver.filterNames(Collection),org.apache.ivy.core.settings.IvySettings.filterIgnore(Collection),44
"org.apache.ivy.osgi.repo.AbstractOSGiResolver.findResource(ResolvedResource[], ResourceMDParser, ModuleRevisionId, Date)",org.apache.ivy.core.module.id.ModuleRevisionId.getOrganisation(),40
"org.apache.ivy.osgi.repo.AbstractOSGiResolver.findIvyFileRef(DependencyDescriptor, ResolveData)","org.apache.ivy.osgi.repo.AbstractOSGiResolver.findBundle(DependencyDescriptor, ResolveData, Set)",23
"org.apache.ivy.osgi.repo.AbstractOSGiResolver.findBundle(DependencyDescriptor, ResolveData, Set)",org.apache.ivy.core.report.MetadataArtifactDownloadReport.<init>(Artifact),27
"org.apache.ivy.osgi.repo.AbstractOSGiResolver.findBundle(DependencyDescriptor, ResolveData, Set)","org.apache.ivy.plugins.resolver.util.MDResolvedResource.<init>(Resource, String, ResolvedModuleRevision)",27
"org.apache.ivy.plugins.resolver.util.MDResolvedResource.<init>(Resource, String, ResolvedModuleRevision)","org.apache.ivy.plugins.resolver.util.ResolvedResource.<init>(Resource, String)",49
"org.apache.ivy.osgi.repo.AbstractOSGiResolver.findBundle(DependencyDescriptor, ResolveData, Set)",org.apache.ivy.core.module.descriptor.DefaultModuleDescriptor.getRevision(),27
"org.apache.ivy.osgi.repo.AbstractOSGiResolver.findBundle(DependencyDescriptor, ResolveData, Set)","org.apache.ivy.core.resolve.ResolvedModuleRevision.<init>(DependencyResolver, DependencyResolver, ModuleDescriptor, MetadataArtifactDownloadReport)",27
"org.apache.ivy.osgi.repo.AbstractOSGiResolver.findIvyFileRef(DependencyDescriptor, ResolveData)",org.apache.ivy.plugins.resolver.BasicResolver.getDefaultRMDParser(ModuleId),40
"org.apache.ivy.osgi.repo.AbstractOSGiResolver.findIvyFileRef(DependencyDescriptor, ResolveData)",org.apache.ivy.core.module.descriptor.DefaultDependencyDescriptor.getDependencyId(),40
"org.apache.ivy.osgi.repo.AbstractOSGiResolver.findIvyFileRef(DependencyDescriptor, ResolveData)",org.apache.ivy.core.resolve.ResolveData.getDate(),40
"org.apache.ivy.plugins.resolver.BasicResolver.resolveAndCheckRevision(ModuleDescriptor, ModuleRevisionId, ResolvedResource, boolean)","org.apache.ivy.osgi.repo.AbstractOSGiResolver.checkModuleDescriptorRevision(ModuleDescriptor, ModuleRevisionId)",39
"org.apache.ivy.osgi.repo.AbstractOSGiResolver.checkModuleDescriptorRevision(ModuleDescriptor, ModuleRevisionId)","org.apache.ivy.plugins.resolver.BasicResolver.checkModuleDescriptorRevision(ModuleDescriptor, ModuleRevisionId)",23
"org.apache.ivy.osgi.repo.AbstractOSGiResolver.checkModuleDescriptorRevision(ModuleDescriptor, ModuleRevisionId)",org.apache.ivy.core.module.id.ModuleRevisionId.getOrganisation(),39
org.apache.ivy.osgi.updatesite.UpdateSiteAndIbiblioResolverTest.testArtifactRef(),"org.apache.ivy.core.module.id.ModuleRevisionId.newInstance(String, String, String)",2
org.apache.ivy.osgi.updatesite.UpdateSiteAndIbiblioResolverTest.testArtifactRef(),org.apache.ivy.core.module.descriptor.DefaultModuleDescriptor.getArtifacts(String),2
org.apache.ivy.osgi.updatesite.UpdateSiteAndIbiblioResolverTest.testArtifactRef(),"org.apache.ivy.core.module.descriptor.DefaultDependencyDescriptor.<init>(ModuleRevisionId, boolean)",2
org.apache.ivy.osgi.updatesite.UpdateSiteLoaderTest.tearDown(),org.apache.ivy.util.CacheCleaner.deleteDir(File),3
org.apache.ivy.osgi.updatesite.UpdateSiteResolverTest.testResolve(),"org.apache.ivy.osgi.updatesite.UpdateSiteResolverTest.genericTestResolveDownload(DependencyResolver, ModuleRevisionId)",1
"org.apache.ivy.osgi.updatesite.UpdateSiteResolverTest.genericTestResolveDownload(DependencyResolver, ModuleRevisionId)","org.apache.ivy.plugins.resolver.BasicResolver.getDependency(DependencyDescriptor, ResolveData)",1
"org.apache.ivy.osgi.updatesite.UpdateSiteResolverTest.genericTestResolveDownload(DependencyResolver, ModuleRevisionId)","org.apache.ivy.plugins.resolver.BasicResolver.download(Artifact[], DownloadOptions)",2
org.apache.ivy.plugins.repository.RepositoryCopyProgressListener.start(CopyProgressEvent),org.apache.ivy.plugins.repository.AbstractRepository.fireTransferStarted(),5
org.apache.ivy.plugins.repository.AbstractRepository.fireTransferStarted(),org.apache.ivy.plugins.repository.TransferEvent.setEventType(int),1
org.apache.ivy.plugins.repository.AbstractRepository.fireTransferStarted(),org.apache.ivy.plugins.repository.AbstractRepository.fireTransferEvent(TransferEvent),1
"org.apache.ivy.osgi.updatesite.UpdateSiteResolverTest.genericTestResolveDownload(DependencyResolver, ModuleRevisionId)",org.apache.ivy.core.module.descriptor.DefaultModuleDescriptor.getAllArtifacts(),1
"org.apache.ivy.osgi.updatesite.UpdateSiteResolverTest.genericTestResolveDownload(DependencyResolver, ModuleRevisionId)",org.apache.ivy.core.report.DownloadReport.getArtifactsReports(),2
"org.apache.ivy.osgi.updatesite.UpdateSiteResolverTest.genericTestResolveDownload(DependencyResolver, ModuleRevisionId)",org.apache.ivy.core.report.DownloadReport.getArtifactReport(Artifact),2
"org.apache.ivy.osgi.updatesite.UpdateSiteResolverTest.genericTestResolveDownload(DependencyResolver, ModuleRevisionId)","org.apache.ivy.core.module.descriptor.DefaultDependencyDescriptor.<init>(ModuleRevisionId, boolean)",1
"org.apache.ivy.osgi.updatesite.UpdateSiteResolverTest.genericTestResolveDownload(DependencyResolver, ModuleRevisionId)",org.apache.ivy.core.resolve.DownloadOptions.<init>(),2
"org.apache.ivy.osgi.updatesite.UpdateSiteResolverTest.genericTestResolveDownload(DependencyResolver, ModuleRevisionId)",org.apache.ivy.core.resolve.ResolvedModuleRevision.getId(),1
org.apache.ivy.osgi.updatesite.UpdateSiteResolverTest.testResolve(),"org.apache.ivy.core.module.id.ModuleRevisionId.newInstance(String, String, String)",1
org.apache.ivy.osgi.obr.OBRResolverTest.setUp(),org.apache.ivy.core.cache.DefaultResolutionCacheManager.clean(),15
org.apache.ivy.osgi.obr.OBRResolverTest.setUp(),org.apache.ivy.core.settings.IvySettings.<init>(),15
org.apache.ivy.osgi.obr.OBRResolverTest.setUp(),org.apache.ivy.plugins.resolver.FileSystemResolver.addArtifactPattern(String),15
org.apache.ivy.osgi.obr.OBRResolverTest.setUp(),org.apache.ivy.plugins.resolver.FileSystemResolver.addIvyPattern(String),15
org.apache.ivy.osgi.obr.OBRResolverTest.setUp(),org.apache.ivy.core.settings.IvySettings.setDefaultCache(File),15
org.apache.ivy.osgi.obr.OBRResolverTest.setUp(),org.apache.ivy.Ivy.getResolutionCacheManager(),15
org.apache.ivy.osgi.obr.OBRResolverTest.setUp(),org.apache.ivy.core.resolve.ResolveOptions.<init>(),15
org.apache.ivy.osgi.obr.OBRResolverTest.setUp(),org.apache.ivy.osgi.obr.OBRResolver.<init>(),45
org.apache.ivy.osgi.obr.OBRResolver.<init>(),org.apache.ivy.osgi.repo.AbstractOSGiResolver.<init>(),68
org.apache.ivy.osgi.repo.AbstractOSGiResolver.<init>(),org.apache.ivy.plugins.resolver.BasicResolver.<init>(),84
org.apache.ivy.osgi.repo.AbstractOSGiResolver.<init>(),org.apache.ivy.plugins.repository.url.URLRepository.<init>(),84
org.apache.ivy.osgi.obr.OBRResolverTest.setUp(),org.apache.ivy.Ivy.bind(),15
org.apache.ivy.osgi.obr.OBRResolverTest.setUp(),org.apache.ivy.core.settings.IvySettings.getRepositoryCacheManagers(),15
org.apache.ivy.osgi.obr.OBRResolverTest.setUp(),org.apache.ivy.core.settings.IvySettings.addResolver(DependencyResolver),45
org.apache.ivy.osgi.obr.OBRResolverTest.setUp(),org.apache.ivy.plugins.resolver.FileSystemResolver.<init>(),15
org.apache.ivy.osgi.obr.OBRResolverTest.setUp(),org.apache.ivy.plugins.resolver.RepositoryResolver.setSettings(ResolverSettings),15
org.apache.ivy.osgi.obr.OBRResolverTest.setUp(),org.apache.ivy.Ivy.<init>(),15
org.apache.ivy.osgi.obr.OBRResolverTest.setUp(),"org.apache.ivy.core.resolve.ResolveData.<init>(ResolveEngine, ResolveOptions)",15
org.apache.ivy.osgi.obr.OBRResolverTest.setUp(),org.apache.ivy.core.settings.IvySettings.setDefaultResolver(String),15
org.apache.ivy.osgi.obr.OBRResolverTest.setUp(),org.apache.ivy.plugins.resolver.DualResolver.<init>(),15
org.apache.ivy.osgi.obr.OBRResolverTest.setUp(),org.apache.ivy.plugins.resolver.RepositoryResolver.setName(String),15
org.apache.ivy.osgi.obr.OBRResolverTest.setUp(),org.apache.ivy.plugins.resolver.DualResolver.add(DependencyResolver),30
org.apache.ivy.osgi.updatesite.UpdateSiteLoaderTest.testComposite(),org.apache.ivy.osgi.updatesite.UpdateSiteLoader.load(URI),1
org.apache.ivy.osgi.updatesite.UpdateSiteLoaderTest.testComposite(),org.apache.ivy.core.module.descriptor.DefaultModuleDescriptor.getAllArtifacts(),1
org.apache.ivy.osgi.updatesite.UpdateSiteResolverTest.testListModules(),org.apache.ivy.plugins.resolver.BasicResolver.listModules(OrganisationEntry),2
org.apache.ivy.plugins.resolver.BasicResolver.listModules(OrganisationEntry),"org.apache.ivy.osgi.repo.AbstractOSGiResolver.findNames(Map, String)",5
"org.apache.ivy.osgi.repo.AbstractOSGiResolver.findNames(Map, String)",org.apache.ivy.osgi.repo.AbstractOSGiResolver.getRepoDescriptor(),6
org.apache.ivy.osgi.updatesite.UpdateSiteResolverTest.testListModules(),"org.apache.ivy.core.search.OrganisationEntry.<init>(DependencyResolver, String)",2
org.apache.ivy.osgi.obr.OBRResolverTest.testResolveImportingTransitiveOptional(),"org.apache.ivy.osgi.obr.OBRResolverTest.genericTestResolve(String, String, ModuleRevisionId[])",3
"org.apache.ivy.osgi.obr.OBRResolverTest.genericTestResolve(String, String, ModuleRevisionId[])","org.apache.ivy.osgi.obr.OBRResolverTest.genericTestResolve(String, String, ModuleRevisionId[], ModuleRevisionId[])",14
"org.apache.ivy.osgi.obr.OBRResolverTest.genericTestResolve(String, String, ModuleRevisionId[], ModuleRevisionId[])","org.apache.ivy.Ivy.resolve(ModuleDescriptor, ResolveOptions)",15
"org.apache.ivy.plugins.version.ChainVersionMatcher.accept(ModuleRevisionId, ModuleRevisionId)","org.apache.ivy.plugins.version.VersionRangeMatcher.accept(ModuleRevisionId, ModuleRevisionId)",20
"org.apache.ivy.plugins.version.VersionRangeMatcher.accept(ModuleRevisionId, ModuleRevisionId)","org.apache.ivy.plugins.version.VersionRangeMatcher.isUpper(ModuleRevisionId, String, ModuleRevisionId, boolean)",29
"org.apache.ivy.plugins.version.VersionRangeMatcher.isUpper(ModuleRevisionId, String, ModuleRevisionId, boolean)","org.apache.ivy.core.module.id.ModuleRevisionId.newInstance(ModuleRevisionId, String)",29
"org.apache.ivy.osgi.repo.AbstractOSGiResolver.findResource(ResolvedResource[], ResourceMDParser, ModuleRevisionId, Date)",org.apache.ivy.util.Message.info(String),16
"org.apache.ivy.osgi.repo.AbstractOSGiResolver.findResource(ResolvedResource[], ResourceMDParser, ModuleRevisionId, Date)",org.apache.ivy.core.module.id.ModuleRevisionId.getName(),34
"org.apache.ivy.osgi.repo.AbstractOSGiResolver.findResource(ResolvedResource[], ResourceMDParser, ModuleRevisionId, Date)",org.apache.ivy.core.resolve.ResolvedModuleRevision.getId(),16
"org.apache.ivy.osgi.repo.AbstractOSGiResolver.findIvyFileRef(DependencyDescriptor, ResolveData)","org.apache.ivy.osgi.repo.AbstractOSGiResolver.findCapability(DependencyDescriptor, ResolveData, Set)",17
"org.apache.ivy.osgi.repo.AbstractOSGiResolver.findCapability(DependencyDescriptor, ResolveData, Set)","org.apache.ivy.osgi.repo.AbstractOSGiResolver.buildResolvedCapabilityMd(DependencyDescriptor, ModuleDescriptor)",19
"org.apache.ivy.osgi.repo.AbstractOSGiResolver.buildResolvedCapabilityMd(DependencyDescriptor, ModuleDescriptor)","org.apache.ivy.core.module.id.ModuleRevisionId.newInstance(String, String, String, Map)",19
"org.apache.ivy.osgi.repo.AbstractOSGiResolver.buildResolvedCapabilityMd(DependencyDescriptor, ModuleDescriptor)","org.apache.ivy.core.module.descriptor.DefaultModuleDescriptor.<init>(ModuleRevisionId, String, Date)",19
"org.apache.ivy.osgi.repo.AbstractOSGiResolver.buildResolvedCapabilityMd(DependencyDescriptor, ModuleDescriptor)",org.apache.ivy.core.module.id.ModuleRevisionId.toString(),19
"org.apache.ivy.osgi.repo.AbstractOSGiResolver.buildResolvedCapabilityMd(DependencyDescriptor, ModuleDescriptor)",org.apache.ivy.core.module.descriptor.Configuration.<init>(String),19
"org.apache.ivy.osgi.repo.AbstractOSGiResolver.buildResolvedCapabilityMd(DependencyDescriptor, ModuleDescriptor)","org.apache.ivy.core.module.descriptor.DefaultDependencyDescriptor.addDependencyConfiguration(String, String)",76
"org.apache.ivy.osgi.repo.AbstractOSGiResolver.buildResolvedCapabilityMd(DependencyDescriptor, ModuleDescriptor)",org.apache.ivy.core.module.descriptor.DefaultModuleDescriptor.addConfiguration(Configuration),76
"org.apache.ivy.osgi.repo.AbstractOSGiResolver.buildResolvedCapabilityMd(DependencyDescriptor, ModuleDescriptor)","org.apache.ivy.core.module.descriptor.DefaultDependencyDescriptor.<init>(ModuleRevisionId, boolean)",19
"org.apache.ivy.osgi.repo.AbstractOSGiResolver.buildResolvedCapabilityMd(DependencyDescriptor, ModuleDescriptor)",org.apache.ivy.core.module.descriptor.DefaultModuleDescriptor.getRevision(),19
"org.apache.ivy.osgi.repo.AbstractOSGiResolver.buildResolvedCapabilityMd(DependencyDescriptor, ModuleDescriptor)",org.apache.ivy.core.report.MetadataArtifactDownloadReport.<init>(Artifact),19
"org.apache.ivy.osgi.repo.AbstractOSGiResolver.buildResolvedCapabilityMd(DependencyDescriptor, ModuleDescriptor)","org.apache.ivy.plugins.resolver.util.MDResolvedResource.<init>(Resource, String, ResolvedModuleRevision)",19
"org.apache.ivy.osgi.repo.AbstractOSGiResolver.buildResolvedCapabilityMd(DependencyDescriptor, ModuleDescriptor)",org.apache.ivy.core.module.descriptor.DefaultModuleDescriptor.addDependency(DependencyDescriptor),19
"org.apache.ivy.osgi.repo.AbstractOSGiResolver.buildResolvedCapabilityMd(DependencyDescriptor, ModuleDescriptor)",org.apache.ivy.core.module.id.ModuleRevisionId.getName(),38
"org.apache.ivy.osgi.repo.AbstractOSGiResolver.buildResolvedCapabilityMd(DependencyDescriptor, ModuleDescriptor)",org.apache.ivy.core.module.id.ModuleRevisionId.getOrganisation(),19
"org.apache.ivy.osgi.repo.AbstractOSGiResolver.buildResolvedCapabilityMd(DependencyDescriptor, ModuleDescriptor)","org.apache.ivy.core.resolve.ResolvedModuleRevision.<init>(DependencyResolver, DependencyResolver, ModuleDescriptor, MetadataArtifactDownloadReport)",19
"org.apache.ivy.osgi.repo.AbstractOSGiResolver.findCapability(DependencyDescriptor, ResolveData, Set)",org.apache.ivy.core.resolve.ResolveData.getNode(ModuleRevisionId),19
"org.apache.ivy.plugins.version.AbstractVersionMatcher.accept(ModuleRevisionId, ModuleDescriptor)","org.apache.ivy.plugins.version.VersionRangeMatcher.accept(ModuleRevisionId, ModuleRevisionId)",10
"org.apache.ivy.core.resolve.ResolveEngine.downloadArtifacts(ResolveReport, Filter, DownloadOptions)","org.apache.ivy.plugins.resolver.BasicResolver.download(Artifact[], DownloadOptions)",34
"org.apache.ivy.osgi.obr.OBRResolverTest.genericTestResolve(String, String, ModuleRevisionId[], ModuleRevisionId[])",org.apache.ivy.osgi.core.ManifestParser.parseManifest(Manifest),15
"org.apache.ivy.osgi.obr.OBRResolverTest.genericTestResolve(String, String, ModuleRevisionId[], ModuleRevisionId[])","org.apache.ivy.osgi.core.BundleInfoAdapter.toModuleDescriptor(ModuleDescriptorParser, URI, BundleInfo, ExecutionEnvironmentProfileProvider)",15
"org.apache.ivy.osgi.obr.OBRResolverTest.genericTestResolve(String, String, ModuleRevisionId[], ModuleRevisionId[])",org.apache.ivy.core.report.ResolveReport.hasError(),15
"org.apache.ivy.osgi.obr.OBRResolverTest.genericTestResolve(String, String, ModuleRevisionId[], ModuleRevisionId[])",org.apache.ivy.core.report.ResolveReport.getAllProblemMessages(),15
org.apache.ivy.core.report.ResolveReport.getAllProblemMessages(),org.apache.ivy.core.report.ConfigurationResolveReport.getUnresolvedDependencies(),17
org.apache.ivy.core.report.ResolveReport.getAllProblemMessages(),org.apache.ivy.core.report.ConfigurationResolveReport.getFailedArtifactsReports(),17
"org.apache.ivy.osgi.obr.OBRResolverTest.genericTestResolve(String, String, ModuleRevisionId[], ModuleRevisionId[])",org.apache.ivy.core.resolve.ResolveOptions.<init>(),15
"org.apache.ivy.osgi.obr.OBRResolverTest.genericTestResolve(String, String, ModuleRevisionId[], ModuleRevisionId[])",org.apache.ivy.core.module.descriptor.DefaultArtifact.getModuleRevisionId(),18
org.apache.ivy.osgi.repo.AbstractOSGiResolver.ensureInit(),org.apache.ivy.osgi.obr.OBRResolver.init(),15
org.apache.ivy.osgi.obr.OBRResolver.init(),"org.apache.ivy.osgi.obr.OBRResolver.loadRepoFromFile(URI, File, String)",14
"org.apache.ivy.osgi.obr.OBRResolver.loadRepoFromFile(URI, File, String)","org.apache.ivy.osgi.obr.xml.OBRXMLParser.parse(URI, InputStream)",14
org.apache.ivy.plugins.version.VersionRangeMatcher.getLatestStrategy(),org.apache.ivy.core.settings.IvySettings.getLatestStrategy(String),12
org.apache.ivy.core.settings.IvySettings.getLatestStrategy(String),org.apache.ivy.core.settings.IvySettings.getDefaultLatestStrategy(),11
org.apache.ivy.osgi.updatesite.UpdateSiteResolverTest.testListOrganization(),org.apache.ivy.plugins.resolver.BasicResolver.listOrganisations(),1
org.apache.ivy.plugins.resolver.BasicResolver.listOrganisations(),"org.apache.ivy.osgi.repo.AbstractOSGiResolver.findNames(Map, String)",2
org.apache.ivy.osgi.obr.OBRResolverTest.testResolveImportingOptional(),"org.apache.ivy.osgi.obr.OBRResolverTest.genericTestResolve(String, String, ModuleRevisionId[])",3
org.apache.ivy.osgi.obr.OBRResolverTest.testResolveImportingUse(),"org.apache.ivy.osgi.obr.OBRResolverTest.genericTestResolve(String, String, ModuleRevisionId[])",1
org.apache.ivy.osgi.obr.OBRResolverTest.testResolveRequire(),"org.apache.ivy.osgi.obr.OBRResolverTest.genericTestResolve(String, String, ModuleRevisionId[])",1
org.apache.ivy.osgi.obr.OBRResolverTest.testResolveImportAmbiguity(),"org.apache.ivy.osgi.obr.OBRResolverTest.genericTestResolve(String, String, ModuleRevisionId[], ModuleRevisionId[])",1
"org.apache.ivy.osgi.repo.AbstractOSGiResolver.findResource(ResolvedResource[], ResourceMDParser, ModuleRevisionId, Date)",org.apache.ivy.core.module.descriptor.DefaultModuleDescriptor.getExtraAttribute(String),4
org.apache.ivy.core.module.descriptor.DefaultModuleDescriptor.getExtraAttribute(String),org.apache.ivy.util.extendable.UnmodifiableExtendableItem.getExtraAttribute(String),5
"org.apache.ivy.osgi.repo.AbstractOSGiResolver.findResource(ResolvedResource[], ResourceMDParser, ModuleRevisionId, Date)",org.apache.ivy.util.Message.warn(String),5
org.apache.ivy.osgi.obr.OBRResolverTest.testResolveOptionalConf(),"org.apache.ivy.osgi.obr.OBRResolverTest.genericTestResolve(String, String, ModuleRevisionId[])",1
org.apache.ivy.osgi.obr.OBRResolverTest.testResolveRequireAmbiguity(),"org.apache.ivy.osgi.obr.OBRResolverTest.genericTestResolve(String, String, ModuleRevisionId[])",1
org.apache.ivy.osgi.obr.OBRResolverTest.testResolveImportingVersion(),"org.apache.ivy.osgi.obr.OBRResolverTest.genericTestResolve(String, String, ModuleRevisionId[])",1
org.apache.ivy.osgi.updatesite.UpdateSiteResolverTest.setUp(),org.apache.ivy.core.cache.DefaultResolutionCacheManager.clean(),3
org.apache.ivy.osgi.updatesite.UpdateSiteResolverTest.setUp(),org.apache.ivy.core.settings.IvySettings.<init>(),3
org.apache.ivy.osgi.updatesite.UpdateSiteResolverTest.setUp(),org.apache.ivy.core.settings.IvySettings.setDefaultCache(File),3
org.apache.ivy.osgi.updatesite.UpdateSiteResolverTest.setUp(),org.apache.ivy.Ivy.bind(),3
org.apache.ivy.osgi.updatesite.UpdateSiteResolverTest.setUp(),org.apache.ivy.osgi.updatesite.UpdateSiteResolver.<init>(),3
org.apache.ivy.osgi.updatesite.UpdateSiteResolver.<init>(),org.apache.ivy.osgi.repo.AbstractOSGiResolver.<init>(),16
org.apache.ivy.osgi.updatesite.UpdateSiteResolverTest.setUp(),org.apache.ivy.core.settings.IvySettings.getRepositoryCacheManagers(),3
org.apache.ivy.osgi.updatesite.UpdateSiteResolverTest.setUp(),org.apache.ivy.Ivy.getResolutionCacheManager(),3
org.apache.ivy.osgi.updatesite.UpdateSiteResolverTest.setUp(),org.apache.ivy.core.resolve.ResolveOptions.<init>(),3
org.apache.ivy.osgi.updatesite.UpdateSiteResolverTest.setUp(),org.apache.ivy.Ivy.<init>(),3
org.apache.ivy.osgi.updatesite.UpdateSiteResolverTest.setUp(),org.apache.ivy.core.settings.IvySettings.addResolver(DependencyResolver),3
org.apache.ivy.osgi.updatesite.UpdateSiteResolverTest.setUp(),"org.apache.ivy.core.resolve.ResolveData.<init>(ResolveEngine, ResolveOptions)",3
org.apache.ivy.osgi.updatesite.UpdateSiteResolverTest.setUp(),org.apache.ivy.core.settings.IvySettings.setDefaultResolver(String),3
org.apache.ivy.osgi.repo.BundleRepoTest.testFileRepo(),org.apache.ivy.osgi.repo.BundleRepoDescriptor.populate(Iterator),1
org.apache.ivy.osgi.repo.RepositoryManifestIterable.buildBundleURI(Object),org.apache.ivy.plugins.repository.file.FileRepository.getResource(String),14
org.apache.ivy.osgi.repo.RepositoryManifestIterable.buildBundleURI(Object),org.apache.ivy.plugins.repository.file.FileResource.getName(),24
org.apache.ivy.osgi.repo.RepositoryManifestIterable.getInputStream(Object),org.apache.ivy.plugins.repository.file.FileRepository.getResource(String),15
org.apache.ivy.osgi.repo.RepositoryManifestIterable.getInputStream(Object),org.apache.ivy.plugins.repository.file.FileResource.openStream(),14
org.apache.ivy.osgi.repo.RepositoryManifestIterable.listBundleFiles(Object),"org.apache.ivy.plugins.resolver.util.ResolverHelper.listAll(Repository, String)",17
org.apache.ivy.osgi.repo.RepositoryManifestIterable.listBundleFiles(Object),org.apache.ivy.osgi.repo.RepositoryManifestIterable.asList(String[]),17
org.apache.ivy.osgi.repo.RepositoryManifestIterable.listDirs(Object),"org.apache.ivy.plugins.resolver.util.ResolverHelper.listAll(Repository, String)",18
org.apache.ivy.osgi.repo.RepositoryManifestIterable.listDirs(Object),org.apache.ivy.osgi.repo.RepositoryManifestIterable.asList(String[]),17
org.apache.ivy.osgi.repo.BundleRepoTest.testFileRepo(),"org.apache.ivy.osgi.obr.xml.OBRXMLParser.parse(URI, InputStream)",1
org.apache.ivy.osgi.repo.BundleRepoTest.testFileRepo(),org.apache.ivy.plugins.repository.file.FileRepository.<init>(File),1
org.apache.ivy.osgi.repo.BundleRepoTest.testFileRepo(),org.apache.ivy.osgi.repo.AbstractFSManifestIterable.iterator(),1
org.apache.ivy.osgi.repo.BundleRepoTest.testFileRepo(),"org.apache.ivy.osgi.repo.BundleRepoDescriptor.<init>(URI, ExecutionEnvironmentProfileProvider)",1
org.apache.ivy.osgi.repo.BundleRepoTest.testFileRepo(),org.apache.ivy.osgi.repo.RepositoryManifestIterable.<init>(Repository),1
org.apache.ivy.osgi.repo.RepositoryManifestIterable.<init>(Repository),org.apache.ivy.osgi.repo.AbstractFSManifestIterable.<init>(Object),25
org.apache.ivy.osgi.repo.BundleRepoTest.testXMLSerialisation(),"org.apache.ivy.osgi.obr.xml.OBRXMLWriter.writeManifests(Iterator, ContentHandler, boolean)",1
"org.apache.ivy.osgi.obr.xml.OBRXMLWriter.writeManifests(Iterator, ContentHandler, boolean)",org.apache.ivy.osgi.core.ManifestParser.parseManifest(Manifest),12
"org.apache.ivy.osgi.obr.xml.OBRXMLWriter.writeManifests(Iterator, ContentHandler, boolean)","org.apache.ivy.osgi.obr.xml.OBRXMLWriter.saxBundleInfo(BundleInfo, ContentHandler)",12
"org.apache.ivy.osgi.obr.xml.OBRXMLWriter.saxBundleInfo(BundleInfo, ContentHandler)","org.apache.ivy.osgi.obr.xml.OBRXMLWriter.saxCapability(BundleCapability, ContentHandler)",10
"org.apache.ivy.osgi.obr.xml.OBRXMLWriter.saxCapability(BundleCapability, ContentHandler)","org.apache.ivy.osgi.obr.xml.OBRXMLWriter.saxCapabilityProperty(String, String, ContentHandler)",14
"org.apache.ivy.osgi.obr.xml.OBRXMLWriter.saxCapabilityProperty(String, String, ContentHandler)","org.apache.ivy.osgi.obr.xml.OBRXMLWriter.saxCapabilityProperty(String, String, String, ContentHandler)",14
"org.apache.ivy.osgi.obr.xml.OBRXMLWriter.saxCapabilityProperty(String, String, String, ContentHandler)","org.apache.ivy.osgi.obr.xml.OBRXMLWriter.addAttr(AttributesImpl, String, String)",28
"org.apache.ivy.osgi.obr.xml.OBRXMLWriter.saxCapability(BundleCapability, ContentHandler)",org.apache.ivy.osgi.util.Version.toString(),3
"org.apache.ivy.osgi.obr.xml.OBRXMLWriter.saxCapability(BundleCapability, ContentHandler)","org.apache.ivy.osgi.obr.xml.OBRXMLWriter.addAttr(AttributesImpl, String, String)",10
"org.apache.ivy.osgi.obr.xml.OBRXMLWriter.saxBundleInfo(BundleInfo, ContentHandler)","org.apache.ivy.osgi.obr.xml.OBRXMLWriter.saxRequirement(BundleRequirement, ContentHandler)",11
"org.apache.ivy.osgi.obr.xml.OBRXMLWriter.saxRequirement(BundleRequirement, ContentHandler)",org.apache.ivy.osgi.obr.xml.OBRXMLWriter.buildFilter(BundleRequirement),11
org.apache.ivy.osgi.obr.xml.OBRXMLWriter.buildFilter(BundleRequirement),"org.apache.ivy.osgi.obr.xml.OBRXMLWriter.appendVersion(StringBuffer, VersionRange)",4
"org.apache.ivy.osgi.obr.xml.OBRXMLWriter.appendVersion(StringBuffer, VersionRange)",org.apache.ivy.osgi.util.Version.toString(),5
"org.apache.ivy.osgi.obr.xml.OBRXMLWriter.saxRequirement(BundleRequirement, ContentHandler)","org.apache.ivy.osgi.obr.xml.OBRXMLWriter.addAttr(AttributesImpl, String, String)",25
"org.apache.ivy.osgi.obr.xml.OBRXMLWriter.saxBundleInfo(BundleInfo, ContentHandler)","org.apache.ivy.osgi.obr.xml.OBRXMLWriter.addAttr(AttributesImpl, String, Object)",12
"org.apache.ivy.osgi.obr.xml.OBRXMLWriter.addAttr(AttributesImpl, String, Object)",org.apache.ivy.osgi.util.Version.toString(),12
"org.apache.ivy.osgi.obr.xml.OBRXMLWriter.saxBundleInfo(BundleInfo, ContentHandler)","org.apache.ivy.osgi.obr.xml.OBRXMLWriter.addAttr(AttributesImpl, String, String)",24
"org.apache.ivy.osgi.obr.xml.OBRXMLWriter.writeManifests(Iterator, ContentHandler, boolean)",org.apache.ivy.util.Message.info(String),2
org.apache.ivy.osgi.repo.BundleRepoTest.testXMLSerialisation(),org.apache.ivy.osgi.repo.BundleRepoDescriptor.populate(Iterator),1
org.apache.ivy.osgi.repo.BundleRepoTest.testXMLSerialisation(),"org.apache.ivy.osgi.obr.xml.OBRXMLParser.parse(URI, InputStream)",1
org.apache.ivy.osgi.obr.filter.MultiOperatorFilter.append(StringBuffer),org.apache.ivy.osgi.obr.filter.UniOperatorFilter.append(StringBuffer),1
org.apache.ivy.osgi.obr.filter.UniOperatorFilter.append(StringBuffer),org.apache.ivy.osgi.obr.xml.RequirementFilter.toString(),2
org.apache.ivy.osgi.obr.xml.RequirementFilter.toString(),org.apache.ivy.osgi.obr.filter.CompareFilter.append(StringBuffer),2
org.apache.ivy.osgi.repo.BundleRepoTest.testXMLSerialisation(),org.apache.ivy.osgi.repo.AbstractFSManifestIterable.iterator(),2
org.apache.ivy.osgi.repo.BundleRepoTest.testXMLSerialisation(),"org.apache.ivy.osgi.repo.BundleRepoDescriptor.<init>(URI, ExecutionEnvironmentProfileProvider)",1
org.apache.ivy.osgi.repo.BundleRepoTest.testXMLSerialisation(),org.apache.ivy.osgi.repo.FSManifestIterable.<init>(File),1
org.apache.ivy.osgi.repo.FSManifestIterable.<init>(File),org.apache.ivy.osgi.repo.AbstractFSManifestIterable.<init>(Object),26
org.apache.ivy.osgi.obr.OBRResolverTest.testResolveImportingRangeVersion(),"org.apache.ivy.osgi.obr.OBRResolverTest.genericTestResolve(String, String, ModuleRevisionId[])",1
"org.apache.ivy.plugins.version.VersionRangeMatcher.accept(ModuleRevisionId, ModuleRevisionId)","org.apache.ivy.plugins.version.VersionRangeMatcher.isLower(ModuleRevisionId, String, ModuleRevisionId, boolean)",1
"org.apache.ivy.plugins.version.VersionRangeMatcher.isLower(ModuleRevisionId, String, ModuleRevisionId, boolean)","org.apache.ivy.core.module.id.ModuleRevisionId.newInstance(ModuleRevisionId, String)",1
org.apache.ivy.osgi.util.Version.compareTo(Version),org.apache.ivy.osgi.util.Version.compareUnqualified(Version),110
org.apache.ivy.osgi.core.OsgiLatestStrategyTest.testComparator(),org.apache.ivy.osgi.core.OsgiLatestStrategyTest.toMockAI(String[]),1
org.apache.ivy.osgi.core.OsgiLatestStrategyTest.testComparator(),org.apache.ivy.osgi.core.OsgiLatestStrategy.<init>(),1
org.apache.ivy.osgi.obr.OBRResolverTest.testResolveDual(),"org.apache.ivy.osgi.obr.OBRResolverTest.genericTestResolveDownload(DependencyResolver, ModuleRevisionId)",1
"org.apache.ivy.osgi.obr.OBRResolverTest.genericTestResolveDownload(DependencyResolver, ModuleRevisionId)","org.apache.ivy.plugins.resolver.DualResolver.download(Artifact[], DownloadOptions)",2
"org.apache.ivy.osgi.obr.OBRResolverTest.genericTestResolveDownload(DependencyResolver, ModuleRevisionId)","org.apache.ivy.plugins.resolver.DualResolver.getDependency(DependencyDescriptor, ResolveData)",1
"org.apache.ivy.osgi.obr.OBRResolverTest.genericTestResolveDownload(DependencyResolver, ModuleRevisionId)",org.apache.ivy.core.module.descriptor.DefaultModuleDescriptor.getAllArtifacts(),3
"org.apache.ivy.osgi.obr.OBRResolverTest.genericTestResolveDownload(DependencyResolver, ModuleRevisionId)",org.apache.ivy.core.report.DownloadReport.getArtifactsReports(),6
"org.apache.ivy.osgi.obr.OBRResolverTest.genericTestResolveDownload(DependencyResolver, ModuleRevisionId)",org.apache.ivy.core.report.DownloadReport.getArtifactReport(Artifact),6
"org.apache.ivy.osgi.obr.OBRResolverTest.genericTestResolveDownload(DependencyResolver, ModuleRevisionId)","org.apache.ivy.core.module.descriptor.DefaultDependencyDescriptor.<init>(ModuleRevisionId, boolean)",3
"org.apache.ivy.osgi.obr.OBRResolverTest.genericTestResolveDownload(DependencyResolver, ModuleRevisionId)",org.apache.ivy.core.resolve.DownloadOptions.<init>(),6
"org.apache.ivy.osgi.obr.OBRResolverTest.genericTestResolveDownload(DependencyResolver, ModuleRevisionId)",org.apache.ivy.core.resolve.ResolvedModuleRevision.getId(),3
org.apache.ivy.osgi.obr.OBRResolverTest.testResolveDual(),"org.apache.ivy.core.module.id.ModuleRevisionId.newInstance(String, String, String)",1
org.apache.ivy.osgi.obr.OBRResolverTest.testResolveImporting(),"org.apache.ivy.osgi.obr.OBRResolverTest.genericTestResolve(String, String, ModuleRevisionId[])",1
org.apache.ivy.osgi.obr.OBRResolverTest.testSimpleResolve(),"org.apache.ivy.osgi.obr.OBRResolverTest.genericTestResolveDownload(DependencyResolver, ModuleRevisionId)",1
"org.apache.ivy.osgi.obr.OBRResolverTest.genericTestResolveDownload(DependencyResolver, ModuleRevisionId)","org.apache.ivy.plugins.resolver.BasicResolver.getDependency(DependencyDescriptor, ResolveData)",2
"org.apache.ivy.osgi.obr.OBRResolverTest.genericTestResolveDownload(DependencyResolver, ModuleRevisionId)","org.apache.ivy.plugins.resolver.BasicResolver.download(Artifact[], DownloadOptions)",4
org.apache.ivy.osgi.obr.OBRResolverTest.testSimpleResolve(),"org.apache.ivy.core.module.id.ModuleRevisionId.newInstance(String, String, String)",1
org.apache.ivy.osgi.obr.OBRResolverTest.testSimpleUrlResolve(),"org.apache.ivy.osgi.obr.OBRResolverTest.genericTestResolveDownload(DependencyResolver, ModuleRevisionId)",1
org.apache.ivy.osgi.obr.OBRResolver.init(),"org.apache.ivy.core.cache.DefaultRepositoryCacheManager.downloadRepositoryResource(Resource, String, String, String, CacheResourceOptions, Repository)",1
org.apache.ivy.osgi.obr.OBRResolver.init(),org.apache.ivy.core.cache.CacheResourceOptions.<init>(),1
org.apache.ivy.osgi.obr.OBRResolver.init(),org.apache.ivy.plugins.repository.url.URLResource.<init>(URL),1
org.apache.ivy.osgi.obr.OBRResolver.init(),org.apache.ivy.plugins.resolver.AbstractResolver.getRepositoryCacheManager(),1
org.apache.ivy.osgi.obr.OBRResolverTest.testSimpleUrlResolve(),"org.apache.ivy.core.module.id.ModuleRevisionId.newInstance(String, String, String)",1
org.apache.ivy.osgi.repo.BundleRepoTest.testFS(),org.apache.ivy.osgi.repo.BundleRepoDescriptor.populate(Iterator),1
org.apache.ivy.osgi.repo.BundleRepoTest.testFS(),"org.apache.ivy.osgi.obr.xml.OBRXMLParser.parse(URI, InputStream)",1
org.apache.ivy.osgi.repo.BundleRepoTest.testFS(),org.apache.ivy.osgi.repo.AbstractFSManifestIterable.iterator(),1
org.apache.ivy.osgi.repo.BundleRepoTest.testFS(),"org.apache.ivy.osgi.repo.BundleRepoDescriptor.<init>(URI, ExecutionEnvironmentProfileProvider)",1
org.apache.ivy.osgi.repo.BundleRepoTest.testFS(),org.apache.ivy.osgi.repo.FSManifestIterable.<init>(File),1
org.apache.ivy.osgi.obr.OBRResolverTest.testResolveUse(),"org.apache.ivy.osgi.obr.OBRResolverTest.genericTestResolve(String, String, ModuleRevisionId[])",1
org.apache.ivy.osgi.obr.OBRResolverTest.testResolveImportNoAmbiguity(),"org.apache.ivy.osgi.obr.OBRResolverTest.genericTestFailingResolve(String, String)",1
"org.apache.ivy.osgi.obr.OBRResolverTest.genericTestFailingResolve(String, String)","org.apache.ivy.Ivy.resolve(ModuleDescriptor, ResolveOptions)",1
"org.apache.ivy.osgi.repo.AbstractOSGiResolver.findResource(ResolvedResource[], ResourceMDParser, ModuleRevisionId, Date)",org.apache.ivy.util.Message.error(String),5
"org.apache.ivy.osgi.repo.AbstractOSGiResolver.findIvyFileRef(DependencyDescriptor, ResolveData)",org.apache.ivy.util.Message.debug(String),1
"org.apache.ivy.core.resolve.IvyNode.loadData(String, IvyNode, String, String, boolean, IvyNodeUsage)",org.apache.ivy.plugins.resolver.BasicResolver.reportFailure(),1
"org.apache.ivy.osgi.obr.OBRResolverTest.genericTestFailingResolve(String, String)",org.apache.ivy.osgi.core.ManifestParser.parseManifest(Manifest),1
"org.apache.ivy.osgi.obr.OBRResolverTest.genericTestFailingResolve(String, String)","org.apache.ivy.osgi.core.BundleInfoAdapter.toModuleDescriptor(ModuleDescriptorParser, URI, BundleInfo, ExecutionEnvironmentProfileProvider)",1
"org.apache.ivy.osgi.obr.OBRResolverTest.genericTestFailingResolve(String, String)",org.apache.ivy.core.report.ResolveReport.hasError(),1
"org.apache.ivy.osgi.obr.OBRResolverTest.genericTestFailingResolve(String, String)",org.apache.ivy.core.resolve.ResolveOptions.<init>(),1
org.apache.ivy.osgi.updatesite.UpdateSiteLoaderTest.setUp(),org.apache.ivy.core.settings.IvySettings.<init>(),3
org.apache.ivy.osgi.updatesite.UpdateSiteLoaderTest.setUp(),org.apache.ivy.core.settings.IvySettings.setDefaultCache(File),3
org.apache.ivy.osgi.updatesite.UpdateSiteLoaderTest.setUp(),org.apache.ivy.core.settings.IvySettings.getDefaultRepositoryCacheManager(),3
org.apache.ivy.osgi.updatesite.UpdateSiteLoaderTest.setUp(),"org.apache.ivy.osgi.updatesite.UpdateSiteLoader.<init>(RepositoryCacheManager, EventManager, CacheResourceOptions)",3
org.apache.ivy.osgi.updatesite.UpdateSiteLoaderTest.setUp(),org.apache.ivy.core.cache.CacheResourceOptions.<init>(),3
org.apache.ivy.osgi.updatesite.UpdateSiteAndIbiblioResolverTest.setUp(),org.apache.ivy.core.cache.DefaultResolutionCacheManager.clean(),1
org.apache.ivy.osgi.updatesite.UpdateSiteAndIbiblioResolverTest.setUp(),org.apache.ivy.core.settings.IvySettings.<init>(),1
org.apache.ivy.osgi.updatesite.UpdateSiteAndIbiblioResolverTest.setUp(),org.apache.ivy.core.settings.IvySettings.setDefaultCache(File),1
org.apache.ivy.osgi.updatesite.UpdateSiteAndIbiblioResolverTest.setUp(),org.apache.ivy.Ivy.bind(),1
org.apache.ivy.osgi.updatesite.UpdateSiteAndIbiblioResolverTest.setUp(),"org.apache.ivy.core.settings.IvySettings.setVariable(String, String)",2
org.apache.ivy.osgi.updatesite.UpdateSiteAndIbiblioResolverTest.setUp(),org.apache.ivy.osgi.updatesite.UpdateSiteResolver.<init>(),1
org.apache.ivy.osgi.updatesite.UpdateSiteAndIbiblioResolverTest.setUp(),org.apache.ivy.plugins.resolver.IBiblioResolver.<init>(),1
org.apache.ivy.osgi.updatesite.UpdateSiteAndIbiblioResolverTest.setUp(),org.apache.ivy.core.settings.IvySettings.addResolver(DependencyResolver),1
org.apache.ivy.osgi.updatesite.UpdateSiteAndIbiblioResolverTest.setUp(),org.apache.ivy.core.settings.IvySettings.getRepositoryCacheManagers(),1
org.apache.ivy.osgi.updatesite.UpdateSiteAndIbiblioResolverTest.setUp(),org.apache.ivy.Ivy.getResolutionCacheManager(),1
org.apache.ivy.osgi.updatesite.UpdateSiteAndIbiblioResolverTest.setUp(),org.apache.ivy.Ivy.<init>(),1
org.apache.ivy.osgi.updatesite.UpdateSiteAndIbiblioResolverTest.setUp(),org.apache.ivy.plugins.resolver.RepositoryResolver.setSettings(ResolverSettings),1
org.apache.ivy.osgi.updatesite.UpdateSiteAndIbiblioResolverTest.setUp(),org.apache.ivy.core.resolve.ResolveOptions.<init>(),1
org.apache.ivy.osgi.updatesite.UpdateSiteAndIbiblioResolverTest.setUp(),"org.apache.ivy.core.resolve.ResolveData.<init>(ResolveEngine, ResolveOptions)",1
org.apache.ivy.osgi.updatesite.UpdateSiteAndIbiblioResolverTest.setUp(),org.apache.ivy.core.settings.IvySettings.setDefaultResolver(String),1
org.apache.ivy.osgi.updatesite.UpdateSiteAndIbiblioResolverTest.setUp(),org.apache.ivy.plugins.resolver.ChainResolver.<init>(),1
org.apache.ivy.osgi.updatesite.UpdateSiteAndIbiblioResolverTest.setUp(),org.apache.ivy.plugins.resolver.ChainResolver.add(DependencyResolver),2
org.apache.ivy.osgi.updatesite.UpdateSiteAndIbiblioResolverTest.setUp(),org.apache.ivy.plugins.resolver.RepositoryResolver.setName(String),1
org.apache.ivy.osgi.core.ManifestParserTest.testParseManifest(),org.apache.ivy.osgi.core.ManifestParser.parseJarManifest(InputStream),2
org.apache.ivy.osgi.core.ManifestParser.parseJarManifest(InputStream),org.apache.ivy.osgi.core.ManifestParser.parseManifest(Manifest),3
org.apache.ivy.osgi.core.ManifestParserTest.testParseManifest(),org.apache.ivy.osgi.core.BundleInfo.getExports(),3
org.apache.ivy.osgi.core.ManifestParserTest.testParseManifest(),org.apache.ivy.osgi.core.BundleInfo.getRequires(),3
org.apache.ivy.osgi.core.ManifestParserTest.testParseManifest(),org.apache.ivy.osgi.util.VersionRange.<init>(String),3
org.apache.ivy.osgi.core.BundleRequirement.equals(Object),org.apache.ivy.osgi.util.VersionRange.equals(Object),2
org.apache.ivy.osgi.util.VersionRange.equals(Object),org.apache.ivy.osgi.util.Version.equals(Object),14
org.apache.ivy.osgi.core.ManifestParserTest.testParseManifest(),org.apache.ivy.osgi.util.Version.toString(),2
org.apache.ivy.osgi.core.ManifestParserTest.testParseManifest(),org.apache.ivy.osgi.core.BundleInfo.getImports(),4
org.apache.ivy.osgi.core.ManifestParserTest.testParseManifest(),org.apache.ivy.osgi.util.Version.numbersAsString(),2
org.apache.ivy.osgi.core.ManifestParserTest.testParseManifest(),"org.apache.ivy.osgi.core.BundleRequirement.<init>(String, String, VersionRange, String)",3
org.apache.ivy.osgi.core.OsgiLatestStrategyTest.testFindLatest(),"org.apache.ivy.plugins.latest.AbstractLatestStrategy.findLatest(ArtifactInfo[], Date)",1
org.apache.ivy.osgi.core.OsgiLatestStrategyTest.testFindLatest(),org.apache.ivy.osgi.core.OsgiLatestStrategyTest.toMockAI(String[]),1
org.apache.ivy.osgi.core.OsgiLatestStrategyTest.testFindLatest(),org.apache.ivy.osgi.core.OsgiLatestStrategy.<init>(),1
org.apache.ivy.osgi.core.ManifestHeaderTest.testSyntaxError(),org.apache.ivy.osgi.core.ManifestHeaderTest.genericTestSyntaxError(String),7
org.apache.ivy.osgi.core.ManifestHeaderTest.genericTestSyntaxError(String),"org.apache.ivy.osgi.core.ManifestHeaderValue.writeParseException(PrintStream, String, ParseException)",7
org.apache.ivy.osgi.core.ManifestHeaderTest.genericTestSyntaxError(String),org.apache.ivy.osgi.core.ManifestHeaderValue.<init>(String),7
org.apache.ivy.osgi.core.ExecutionEnvironmentProfileLoaderTest.testLoad(),org.apache.ivy.osgi.core.ExecutionEnvironmentProfileProvider.loadDefaultProfileList(),1
org.apache.ivy.osgi.core.ExecutionEnvironmentProfileProvider.loadDefaultProfileList(),"org.apache.ivy.osgi.core.ExecutionEnvironmentProfileProvider.loadProfile(Properties, Map, String)",435
"org.apache.ivy.osgi.core.ExecutionEnvironmentProfileProvider.loadProfile(Properties, Map, String)","org.apache.ivy.osgi.core.ExecutionEnvironmentProfileProvider.loadProfile(Properties, Map, String)",348
"org.apache.ivy.osgi.core.ExecutionEnvironmentProfileProvider.loadProfile(Properties, Map, String)",org.apache.ivy.osgi.core.ExecutionEnvironmentProfile.addPkgName(String),38106
"org.apache.ivy.osgi.core.ExecutionEnvironmentProfileProvider.loadProfile(Properties, Map, String)",org.apache.ivy.util.Message.verbose(String),783
"org.apache.ivy.osgi.core.ExecutionEnvironmentProfileProvider.loadProfile(Properties, Map, String)",org.apache.ivy.osgi.core.ExecutionEnvironmentProfile.<init>(String),783
org.apache.ivy.osgi.core.ManifestHeaderTest.testSpaceAndQuote(),"org.apache.ivy.osgi.core.ManifestHeaderTest.genericTestEquals(String, String)",5
"org.apache.ivy.osgi.core.ManifestHeaderTest.genericTestEquals(String, String)",org.apache.ivy.osgi.core.ManifestHeaderValue.<init>(String),20
org.apache.ivy.osgi.util.VersionRangeTest.testContains(),org.apache.ivy.osgi.util.VersionRange.<init>(String),40
org.apache.ivy.osgi.util.VersionRangeTest.testContains(),org.apache.ivy.osgi.util.VersionRange.contains(String),40
org.apache.ivy.osgi.util.VersionRange.contains(String),org.apache.ivy.osgi.util.Version.<init>(String),44
org.apache.ivy.osgi.util.VersionRange.contains(String),org.apache.ivy.osgi.util.VersionRange.contains(Version),42
org.apache.ivy.osgi.util.VersionRange.contains(Version),org.apache.ivy.osgi.util.Version.compareUnqualified(Version),56
org.apache.ivy.osgi.core.OsgiLatestStrategyTest.testSort(),org.apache.ivy.plugins.latest.ComparatorLatestStrategy.sort(ArtifactInfo[]),1
org.apache.ivy.osgi.core.OsgiLatestStrategyTest.testSort(),org.apache.ivy.osgi.core.OsgiLatestStrategyTest.toMockAI(String[]),1
org.apache.ivy.osgi.core.OsgiLatestStrategyTest.testSort(),org.apache.ivy.osgi.core.OsgiLatestStrategy.<init>(),1
org.apache.ivy.osgi.obr.RequirementFilterTest.testParser(),"org.apache.ivy.osgi.obr.RequirementFilterTest.checkParse(RequirementFilter, String)",7
"org.apache.ivy.osgi.obr.RequirementFilterTest.checkParse(RequirementFilter, String)",org.apache.ivy.osgi.obr.filter.RequirementFilterParser.parse(String),7
org.apache.ivy.osgi.obr.filter.UniOperatorFilter.equals(Object),org.apache.ivy.osgi.obr.filter.CompareFilter.equals(Object),1
org.apache.ivy.osgi.obr.RequirementFilterTest.testParser(),org.apache.ivy.osgi.obr.filter.AndFilter.<init>(RequirementFilter[]),4
org.apache.ivy.osgi.obr.filter.AndFilter.<init>(RequirementFilter[]),org.apache.ivy.osgi.obr.filter.MultiOperatorFilter.<init>(RequirementFilter[]),15
org.apache.ivy.osgi.obr.filter.MultiOperatorFilter.<init>(RequirementFilter[]),org.apache.ivy.osgi.obr.filter.MultiOperatorFilter.add(RequirementFilter),65
org.apache.ivy.osgi.obr.filter.MultiOperatorFilter.<init>(RequirementFilter[]),org.apache.ivy.osgi.obr.xml.RequirementFilter.<init>(),19
org.apache.ivy.osgi.obr.RequirementFilterTest.testParser(),org.apache.ivy.osgi.obr.RequirementFilterTest.assertParseFail(String),3
org.apache.ivy.osgi.obr.RequirementFilterTest.assertParseFail(String),org.apache.ivy.osgi.obr.filter.RequirementFilterParser.parse(String),3
org.apache.ivy.osgi.obr.RequirementFilterTest.testParser(),"org.apache.ivy.osgi.obr.filter.CompareFilter.<init>(String, CompareFilter$Operator, String)",6
org.apache.ivy.osgi.obr.RequirementFilterTest.testParser(),org.apache.ivy.osgi.obr.filter.NotFilter.<init>(RequirementFilter),1
org.apache.ivy.osgi.util.ParseUtilTest.testParse(),"org.apache.ivy.osgi.util.ParseUtil.parseDelimitedString(String, String)",1
org.apache.ivy.osgi.util.VersionRangeTest.testParse(),org.apache.ivy.osgi.util.Version.<init>(String),11
org.apache.ivy.osgi.util.VersionRangeTest.testParse(),org.apache.ivy.osgi.util.VersionRange.<init>(String),7
org.apache.ivy.osgi.util.VersionRangeTest.testParse(),"org.apache.ivy.osgi.util.VersionRange.<init>(boolean, Version, boolean, Version)",7
org.apache.ivy.osgi.core.ManifestHeaderTest.testReflexivity(),"org.apache.ivy.osgi.core.ManifestHeaderTest.genericTestEquals(String, String)",5
org.apache.ivy.osgi.util.VersionTest.testCompareTo(),org.apache.ivy.osgi.util.Version.<init>(String),22
org.apache.ivy.osgi.util.VersionTest.testCompareTo(),org.apache.ivy.osgi.util.Version.compareTo(Version),11
org.apache.ivy.osgi.core.ManifestHeaderTest.testNormal(),org.apache.ivy.osgi.core.ManifestHeaderElement.addValue(String),10
org.apache.ivy.osgi.core.ManifestHeaderTest.testNormal(),org.apache.ivy.osgi.core.ManifestHeaderValue.<init>(String),6
org.apache.ivy.osgi.core.ManifestHeaderTest.testNormal(),org.apache.ivy.osgi.core.ManifestHeaderElement.<init>(),7
org.apache.ivy.osgi.core.ManifestHeaderTest.testNormal(),"org.apache.ivy.osgi.core.ManifestHeaderElement.addAttribute(String, String)",3
org.apache.ivy.osgi.core.ManifestHeaderTest.testNormal(),"org.apache.ivy.osgi.core.ManifestHeaderElement.addDirective(String, String)",2
org.apache.ivy.osgi.core.ManifestHeaderTest.testNormal(),org.apache.ivy.osgi.core.ManifestHeaderValue.<init>(),5
org.apache.ivy.osgi.core.ManifestHeaderTest.testNormal(),org.apache.ivy.osgi.core.ManifestHeaderValue.addElement(ManifestHeaderElement),7
org.apache.ivy.osgi.util.VersionTest.testParsing(),org.apache.ivy.osgi.util.Version.<init>(String),4
org.apache.ivy.osgi.util.VersionTest.testParsing(),org.apache.ivy.osgi.util.Version.toString(),1
org.apache.ivy.osgi.util.VersionTest.testParsing(),org.apache.ivy.osgi.util.Version.numbersAsString(),3
org.apache.ivy.osgi.core.ExecutionEnvironmentProfileProvider.<init>(),org.apache.ivy.osgi.core.ExecutionEnvironmentProfileProvider.loadDefaultProfileList(),37
org.apache.ivy.osgi.updatesite.UpdateSiteDescriptor.addFeature(EclipseFeature),org.apache.ivy.osgi.repo.RepoDescriptor.addBundle(BundleInfo),4
org.apache.ivy.osgi.updatesite.UpdateSiteDescriptor.addFeature(EclipseFeature),"org.apache.ivy.osgi.updatesite.PluginAdapter.featureAsBundle(URI, EclipseFeature)",5
"org.apache.ivy.osgi.updatesite.PluginAdapter.featureAsBundle(URI, EclipseFeature)","org.apache.ivy.osgi.core.BundleInfo.<init>(String, Version)",10
"org.apache.ivy.osgi.updatesite.UpdateSiteDescriptor.<init>(URI, ExecutionEnvironmentProfileProvider)","org.apache.ivy.osgi.repo.RepoDescriptor.<init>(URI, ExecutionEnvironmentProfileProvider)",10
org.apache.ivy.osgi.core.BundleInfoAdapter.buildIvyURI(Artifact),org.apache.ivy.core.module.descriptor.DefaultArtifact.getExt(),3
org.apache.ivy.osgi.core.BundleInfoAdapter.buildIvyURI(Artifact),org.apache.ivy.core.module.descriptor.DefaultArtifact.getModuleRevisionId(),3
org.apache.ivy.osgi.core.BundleInfoAdapter.buildIvyURI(Artifact),org.apache.ivy.core.module.descriptor.DefaultArtifact.getName(),3
org.apache.ivy.osgi.core.BundleInfoAdapter.buildIvyURI(Artifact),org.apache.ivy.core.module.descriptor.DefaultArtifact.getType(),3
org.apache.ivy.osgi.repo.RepositoryManifestIterable.buildBundleURI(Object),org.apache.ivy.plugins.repository.vfs.VfsRepository.getResource(String),2
org.apache.ivy.osgi.repo.RepositoryManifestIterable.buildBundleURI(Object),org.apache.ivy.plugins.repository.vfs.VfsResource.getName(),3
org.apache.ivy.osgi.updatesite.UpdateSiteDescriptor.addFeature(EclipseFeature),"org.apache.ivy.osgi.updatesite.PluginAdapter.pluginAsBundle(URI, EclipsePlugin)",1
"org.apache.ivy.osgi.updatesite.PluginAdapter.pluginAsBundle(URI, EclipsePlugin)","org.apache.ivy.osgi.core.BundleInfo.<init>(String, Version)",4
"org.apache.ivy.osgi.updatesite.PluginAdapter.featureAsBundle(URI, EclipseFeature)",org.apache.ivy.osgi.core.BundleInfo.addRequirement(BundleRequirement),3
"org.apache.ivy.osgi.updatesite.PluginAdapter.featureAsBundle(URI, EclipseFeature)","org.apache.ivy.osgi.core.BundleRequirement.<init>(String, String, VersionRange, String)",3
"org.apache.ivy.osgi.updatesite.PluginAdapter.featureAsBundle(URI, EclipseFeature)",org.apache.ivy.osgi.util.VersionRange.<init>(Version),3
"org.apache.ivy.osgi.core.OSGiManifestParser.parseDescriptor(ParserSettings, URL, boolean)","org.apache.ivy.osgi.core.OSGiManifestParser.parseDescriptor(ParserSettings, URL, Resource, boolean)",3
"org.apache.ivy.osgi.core.OSGiManifestParser.parseDescriptor(ParserSettings, URL, Resource, boolean)",org.apache.ivy.plugins.repository.url.URLResource.openStream(),3
org.apache.ivy.plugins.repository.url.URLResource.openStream(),org.apache.ivy.util.url.BasicURLHandler.openStream(URL),3
"org.apache.ivy.osgi.core.OSGiManifestParser.parseDescriptor(ParserSettings, URL, boolean)",org.apache.ivy.plugins.repository.url.URLResource.<init>(URL),3
"org.apache.ivy.osgi.core.OSGiManifestParser.getMetadataArtifact(ModuleRevisionId, Resource)",org.apache.ivy.plugins.repository.sftp.SFTPResource.getLastModified(),1
org.apache.ivy.plugins.repository.sftp.SFTPResource.getLastModified(),org.apache.ivy.plugins.repository.sftp.SFTPResource.init(),8
org.apache.ivy.plugins.repository.sftp.SFTPResource.init(),org.apache.ivy.plugins.repository.sftp.SFTPRepository.resolveResource(String),10
org.apache.ivy.plugins.repository.sftp.SFTPRepository.resolveResource(String),org.apache.ivy.plugins.repository.sftp.SFTPRepository.getSftpChannel(String),32
org.apache.ivy.plugins.repository.sftp.SFTPRepository.getSftpChannel(String),org.apache.ivy.plugins.repository.ssh.AbstractSshBasedRepository.getSession(String),39
org.apache.ivy.plugins.repository.ssh.AbstractSshBasedRepository.getSession(String),org.apache.ivy.plugins.repository.ssh.AbstractSshBasedRepository.parseURI(String),53
org.apache.ivy.plugins.repository.ssh.AbstractSshBasedRepository.parseURI(String),org.apache.ivy.util.Message.error(String),147
org.apache.ivy.plugins.repository.sftp.SFTPRepository.resolveResource(String),"org.apache.ivy.plugins.repository.BasicResource.<init>(String, boolean, long, long, boolean)",32
org.apache.ivy.plugins.repository.sftp.SFTPRepository.resolveResource(String),org.apache.ivy.util.Message.debug(String),32
"org.apache.ivy.osgi.core.OSGiManifestParser.getMetadataArtifact(ModuleRevisionId, Resource)","org.apache.ivy.core.module.descriptor.DefaultArtifact.newIvyArtifact(ModuleRevisionId, Date)",2
org.apache.ivy.osgi.core.BundleInfoAdapter.getConfigurations(BundleInfo),org.apache.ivy.osgi.core.BundleInfo.getExports(),2
org.apache.ivy.plugins.repository.vsftp.VsftpRepository.getResource(String),org.apache.ivy.plugins.repository.vsftp.VsftpRepository.initIvy(),40
org.apache.ivy.plugins.repository.vsftp.VsftpRepository.initIvy(),org.apache.ivy.core.IvyContext.getIvy(),43
org.apache.ivy.plugins.repository.vsftp.VsftpRepository.initIvy(),org.apache.ivy.core.IvyContext.getContext(),40
org.apache.ivy.plugins.repository.vsftp.VsftpRepository.getResource(String),"org.apache.ivy.plugins.repository.vsftp.VsftpResource.<init>(VsftpRepository, String)",37
"org.apache.ivy.plugins.repository.vsftp.VsftpResource.<init>(VsftpRepository, String)",org.apache.ivy.plugins.repository.LazyResource.<init>(String),37
org.apache.ivy.plugins.repository.vsftp.VsftpRepository.<init>(),org.apache.ivy.plugins.repository.AbstractRepository.<init>(),102
"org.apache.ivy.osgi.core.OSGiManifestParser.parseDescriptor(ParserSettings, URL, Resource, boolean)",org.apache.ivy.plugins.repository.vsftp.VsftpResource.openStream(),1
org.apache.ivy.osgi.repo.RepositoryManifestIterable.getInputStream(Object),org.apache.ivy.plugins.repository.vsftp.VsftpRepository.getResource(String),1
org.apache.ivy.osgi.repo.RepositoryManifestIterable.getInputStream(Object),org.apache.ivy.plugins.repository.vsftp.VsftpResource.openStream(),1
org.apache.ivy.osgi.updatesite.UpdateSiteLoader.load(URI),org.apache.ivy.osgi.updatesite.UpdateSiteLoader.loadSite(URI),2
org.apache.ivy.osgi.updatesite.UpdateSiteLoader.loadSite(URI),"org.apache.ivy.core.cache.DefaultRepositoryCacheManager.downloadRepositoryResource(Resource, String, String, String, CacheResourceOptions, Repository)",2
org.apache.ivy.osgi.updatesite.UpdateSiteLoader.loadSite(URI),"org.apache.ivy.osgi.updatesite.UpdateSiteLoader.normalizeSiteUri(URI, URI)",2
org.apache.ivy.osgi.updatesite.UpdateSiteLoader.loadSite(URI),org.apache.ivy.plugins.repository.url.URLResource.<init>(URL),2
"org.apache.ivy.osgi.updatesite.UpdateSiteLoader.<init>(RepositoryCacheManager, EventManager, CacheResourceOptions)",org.apache.ivy.plugins.repository.AbstractRepository.addTransferListener(TransferListener),3
"org.apache.ivy.plugins.resolver.util.ResolverHelper.listAll(Repository, String)",org.apache.ivy.plugins.repository.vsftp.VsftpRepository.list(String),2
org.apache.ivy.plugins.repository.vsftp.VsftpRepository.list(String),org.apache.ivy.plugins.repository.vsftp.VsftpRepository.initIvy(),2
org.apache.ivy.plugins.repository.vsftp.VsftpRepository.list(String),org.apache.ivy.plugins.repository.vsftp.VsftpRepository.cleanup(),2
"org.apache.ivy.plugins.resolver.util.ResolverHelper.listAll(Repository, String)",org.apache.ivy.util.Message.warn(String),14
org.apache.ivy.osgi.obr.filter.MultiOperatorFilter.append(StringBuffer),org.apache.ivy.osgi.obr.filter.MultiOperatorFilter.append(StringBuffer),4434
org.apache.ivy.osgi.obr.filter.OrFilter.<init>(RequirementFilter[]),org.apache.ivy.osgi.obr.filter.MultiOperatorFilter.<init>(RequirementFilter[]),4
org.apache.ivy.osgi.updatesite.xml.FeatureParser.parse(InputStream),"org.apache.ivy.util.XMLHelper.parse(InputStream, URL, DefaultHandler, LexicalHandler)",6
org.apache.ivy.plugins.resolver.CacheResolver.listOrganisations(),org.apache.ivy.plugins.resolver.BasicResolver.listOrganisations(),2
org.apache.ivy.plugins.resolver.CacheResolver.listOrganisations(),org.apache.ivy.plugins.resolver.CacheResolver.ensureConfigured(),3
org.apache.ivy.plugins.resolver.CacheResolver.ensureConfigured(),org.apache.ivy.core.settings.IvySettings.getRepositoryCacheManagers(),12
org.apache.ivy.plugins.resolver.CacheResolver.ensureConfigured(),org.apache.ivy.plugins.resolver.AbstractPatternsBasedResolver.getIvyPatterns(),21
"org.apache.ivy.osgi.updatesite.xml.UpdateSiteDigestParser.parse(InputStream, UpdateSite)","org.apache.ivy.util.XMLHelper.parse(InputStream, URL, DefaultHandler, LexicalHandler)",4
org.apache.ivy.osgi.updatesite.xml.EclipseUpdateSiteParser.parse(InputStream),"org.apache.ivy.util.XMLHelper.parse(InputStream, URL, DefaultHandler, LexicalHandler)",5
org.apache.ivy.plugins.repository.sftp.SFTPRepository.getResource(String),"org.apache.ivy.plugins.repository.sftp.SFTPResource.<init>(SFTPRepository, String)",32
org.apache.ivy.util.Message.warn(String),org.apache.ivy.util.AbstractMessageLogger.warn(String),55
"org.apache.ivy.plugins.resolver.util.ResolverHelper.listAll(Repository, String)",org.apache.ivy.plugins.repository.jar.JarRepository.list(String),1
"org.apache.ivy.osgi.repo.AbstractOSGiResolver.listTokenValues(String[], Map)","org.apache.ivy.osgi.repo.AbstractOSGiResolver.listTokenValues(Set, Map)",3
"org.apache.ivy.osgi.util.ZipUtil.zip(File, OutputStream)","org.apache.ivy.osgi.util.ZipUtil.zipFiles(File, File, ZipOutputStream)",1
"org.apache.ivy.osgi.util.ZipUtil.zipFiles(File, File, ZipOutputStream)","org.apache.ivy.osgi.util.ZipUtil.zipFiles(File, File, ZipOutputStream)",2
"org.apache.ivy.osgi.core.OSGiManifestParser.parseDescriptor(ParserSettings, URL, Resource, boolean)",org.apache.ivy.plugins.repository.ssh.SshResource.openStream(),2
"org.apache.ivy.osgi.core.OSGiManifestParser.toIvyFile(InputStream, Resource, File, ModuleDescriptor)","org.apache.ivy.plugins.parser.xml.XmlModuleDescriptorWriter.write(ModuleDescriptor, File)",2
org.apache.ivy.osgi.repo.RelativeURLRepository.getResource(String),org.apache.ivy.osgi.repo.RelativeURLRepository.encode(String),5
org.apache.ivy.osgi.repo.RelativeURLRepository.<init>(),org.apache.ivy.plugins.repository.url.URLRepository.<init>(),2
"org.apache.ivy.osgi.obr.xml.OBRXMLWriter.writeManifests(Iterator, ContentHandler, boolean)","org.apache.ivy.osgi.util.DelegetingHandler.startElement(String, String, String, Attributes)",1
"org.apache.ivy.osgi.obr.xml.OBRXMLWriter.writeManifests(Iterator, ContentHandler, boolean)",org.apache.ivy.osgi.util.DelegetingHandler.startDocument(),1
org.apache.ivy.plugins.repository.ssh.SshResource.openStream(),org.apache.ivy.plugins.repository.ssh.SshRepository.openStream(SshResource),1
org.apache.ivy.plugins.repository.ssh.SshRepository.openStream(SshResource),org.apache.ivy.plugins.repository.ssh.AbstractSshBasedRepository.getSession(String),1
org.apache.ivy.plugins.resolver.MirroredURLResolver.<init>(),org.apache.ivy.plugins.resolver.RepositoryResolver.<init>(),19
org.apache.ivy.plugins.resolver.MirroredURLResolver.<init>(),org.apache.ivy.plugins.repository.url.ChainedRepository.<init>(),19
org.apache.ivy.plugins.repository.url.ChainedRepository.<init>(),org.apache.ivy.plugins.repository.AbstractRepository.<init>(),29
org.apache.ivy.plugins.resolver.VsftpResolver.<init>(),org.apache.ivy.plugins.resolver.RepositoryResolver.<init>(),68
org.apache.ivy.plugins.resolver.VsftpResolver.<init>(),org.apache.ivy.plugins.repository.vsftp.VsftpRepository.<init>(),68
org.apache.ivy.osgi.repo.RelativeURLRepository.<init>(URL),org.apache.ivy.plugins.repository.url.URLRepository.<init>(),2
org.apache.ivy.osgi.repo.RelativeURLRepository.getResource(String),org.apache.ivy.plugins.repository.url.URLResource.<init>(URL),1
org.apache.ivy.osgi.repo.RepositoryManifestIterable.buildBundleURI(Object),org.apache.ivy.plugins.repository.ssh.SshRepository.getResource(String),1
org.apache.ivy.osgi.util.Version.withNudgedPatch(),"org.apache.ivy.osgi.util.Version.<init>(int, int, int, String)",5
"org.apache.ivy.osgi.core.OSGiManifestParser.getMetadataArtifact(ModuleRevisionId, Resource)",org.apache.ivy.plugins.repository.ssh.SshResource.getLastModified(),1
org.apache.ivy.plugins.repository.ssh.SshResource.getLastModified(),org.apache.ivy.plugins.repository.ssh.SshResource.resolve(),7
org.apache.ivy.plugins.repository.ssh.SshResource.resolve(),org.apache.ivy.plugins.repository.ssh.SshRepository.resolveResource(String),9
org.apache.ivy.plugins.repository.ssh.SshRepository.resolveResource(String),org.apache.ivy.plugins.repository.ssh.AbstractSshBasedRepository.getSession(String),11
org.apache.ivy.plugins.repository.ssh.SshRepository.resolveResource(String),org.apache.ivy.util.Message.debug(String),11
org.apache.ivy.plugins.repository.ssh.SshResource.resolve(),org.apache.ivy.util.Message.debug(String),9
"org.apache.ivy.osgi.obr.xml.CapabilityAdapter.adapt(BundleInfo, Capability)",org.apache.ivy.util.Message.warn(String),1
org.apache.ivy.osgi.util.VersionRange.<init>(String),"org.apache.ivy.osgi.util.Version.<init>(int, int, int, String)",9
"org.apache.ivy.osgi.obr.xml.CapabilityAdapter.getOSGiService(BundleInfo, Capability)",org.apache.ivy.util.Message.warn(String),1
org.apache.ivy.osgi.obr.xml.RequirementFilter.toString(),org.apache.ivy.osgi.obr.filter.UniOperatorFilter.append(StringBuffer),2
"org.apache.ivy.plugins.resolver.util.ResolverHelper.listAll(Repository, String)",org.apache.ivy.plugins.repository.ssh.SshRepository.list(String),1
org.apache.ivy.plugins.repository.ssh.SshRepository.list(String),org.apache.ivy.plugins.repository.ssh.AbstractSshBasedRepository.getSession(String),2
org.apache.ivy.plugins.repository.ssh.SshRepository.list(String),org.apache.ivy.util.Message.debug(String),2
"org.apache.ivy.osgi.util.Version.<init>(String, String)",org.apache.ivy.osgi.util.Version.<init>(String),3
"org.apache.ivy.osgi.obr.xml.OBRXMLWriter.writeBundles(Iterator, ContentHandler)","org.apache.ivy.osgi.util.DelegetingHandler.startElement(String, String, String, Attributes)",1
"org.apache.ivy.osgi.obr.xml.OBRXMLWriter.writeBundles(Iterator, ContentHandler)",org.apache.ivy.osgi.util.DelegetingHandler.startDocument(),1
"org.apache.ivy.osgi.util.DelegetingHandler.getOptionalIntAttribute(Attributes, String, Integer)","org.apache.ivy.osgi.util.DelegetingHandler.parseInt(String, String)",1
"org.apache.ivy.util.Message.log(int, String)",org.apache.ivy.util.Message.warn(String),2
org.apache.ivy.plugins.resolver.BasicResolver.listRevisions(ModuleEntry),"org.apache.ivy.osgi.repo.AbstractOSGiResolver.findNames(Map, String)",1
org.apache.ivy.osgi.core.ManifestParser.parseManifest(InputStream),org.apache.ivy.osgi.core.ManifestParser.parseManifest(Manifest),1
"org.apache.ivy.osgi.util.DelegetingHandler.getRequiredLongAttribute(Attributes, String)","org.apache.ivy.osgi.util.DelegetingHandler.getRequiredAttribute(Attributes, String)",2
"org.apache.ivy.osgi.obr.xml.OBRXMLWriter.writeBundles(Iterator, ContentHandler)","org.apache.ivy.osgi.obr.xml.OBRXMLWriter.saxBundleInfo(BundleInfo, ContentHandler)",1
"org.apache.ivy.osgi.obr.xml.CapabilityAdapter.getOSGiService(BundleInfo, Capability)",org.apache.ivy.osgi.util.Version.<init>(String),1
org.apache.ivy.osgi.core.ManifestHeaderValue.toString(),org.apache.ivy.osgi.core.ManifestHeaderElement.toString(),2
org.apache.ivy.osgi.repo.RepositoryManifestIterable.buildBundleURI(Object),org.apache.ivy.plugins.repository.url.URLRepository.getResource(String),1
"org.apache.ivy.osgi.util.DelegetingHandler.getRequiredIntAttribute(Attributes, String, Integer)","org.apache.ivy.osgi.util.DelegetingHandler.getRequiredAttribute(Attributes, String)",4
org.apache.ivy.osgi.repo.RepositoryManifestIterable.getInputStream(Object),org.apache.ivy.plugins.repository.url.URLRepository.getResource(String),1
"org.apache.ivy.osgi.util.DelegetingHandler.getRequiredBooleanAttribute(Attributes, String)","org.apache.ivy.osgi.util.DelegetingHandler.getRequiredAttribute(Attributes, String)",2
org.apache.ivy.osgi.obr.filter.OrFilter.<init>(),org.apache.ivy.osgi.obr.filter.MultiOperatorFilter.<init>(),11
org.apache.ivy.osgi.core.BundleInfo.equals(Object),org.apache.ivy.osgi.util.Version.equals(Object),1
"org.apache.ivy.osgi.util.VersionComparator.compare(Object, Object)","org.apache.ivy.osgi.util.VersionComparator.compare(Version, Version)",1
org.apache.ivy.osgi.obr.filter.MultiOperatorFilter.hashCode(),org.apache.ivy.osgi.obr.filter.MultiOperatorFilter.hashCode(),1
org.apache.ivy.osgi.obr.filter.UniOperatorFilter.equals(Object),org.apache.ivy.osgi.obr.filter.MultiOperatorFilter.equals(Object),2
org.apache.ivy.osgi.core.ExportPackage.equals(Object),org.apache.ivy.osgi.core.BundleCapability.equals(Object),4
org.apache.ivy.osgi.util.VersionRange.isClosedRange(),org.apache.ivy.osgi.util.Version.equals(Object),1
org.apache.ivy.osgi.util.Version.withoutQualifier(),"org.apache.ivy.osgi.util.Version.<init>(int, int, int, String)",3
org.apache.ivy.osgi.obr.filter.UniOperatorFilter.hashCode(),org.apache.ivy.osgi.obr.filter.MultiOperatorFilter.hashCode(),1
org.apache.ivy.osgi.util.Version.compareTo(Object),org.apache.ivy.osgi.util.Version.compareTo(Version),3
org.apache.ivy.tools.analyser.JarJarDependencyAnalyser.analyze(JarModule[]),"org.apache.ivy.core.module.descriptor.DefaultModuleDescriptor.newBasicInstance(ModuleRevisionId, Date)",4
org.apache.ivy.tools.analyser.JarJarDependencyAnalyser.analyze(JarModule[]),org.apache.ivy.util.Message.verbose(String),6
org.apache.ivy.tools.analyser.JarJarDependencyAnalyser.main(String[]),org.apache.ivy.tools.analyser.JarJarDependencyAnalyser.analyze(JarModule[]),1
org.apache.ivy.tools.analyser.JarJarDependencyAnalyser.main(String[]),org.apache.ivy.tools.analyser.JarModuleFinder.findJarModules(),1
org.apache.ivy.tools.analyser.JarModuleFinder.findJarModules(),"org.apache.ivy.plugins.resolver.util.ResolverHelper.listTokenValues(URLLister, String, String)",7
"org.apache.ivy.plugins.resolver.util.ResolverHelper.listTokenValues(URLLister, String, String)","org.apache.ivy.plugins.resolver.util.ResolverHelper.listAll(URLLister, URL)",2
"org.apache.ivy.plugins.resolver.util.ResolverHelper.listAll(URLLister, URL)",org.apache.ivy.plugins.resolver.util.FileURLLister.listAll(URL),6
"org.apache.ivy.plugins.resolver.util.ResolverHelper.listAll(URLLister, URL)",org.apache.ivy.util.Message.debug(String),12
"org.apache.ivy.plugins.resolver.util.ResolverHelper.listAll(URLLister, URL)",org.apache.ivy.plugins.resolver.util.FileURLLister.accept(String),7
"org.apache.ivy.plugins.resolver.util.ResolverHelper.listTokenValues(URLLister, String, String)",org.apache.ivy.core.IvyPatternHelper.getTokenString(String),8
"org.apache.ivy.plugins.resolver.util.ResolverHelper.listTokenValues(URLLister, String, String)",org.apache.ivy.plugins.resolver.util.ResolverHelper.standardize(String),10
"org.apache.ivy.plugins.resolver.util.ResolverHelper.listTokenValues(URLLister, String, String)",org.apache.ivy.plugins.resolver.util.FileURLLister.accept(String),8
org.apache.ivy.tools.analyser.JarModuleFinder.findJarModules(),org.apache.ivy.plugins.resolver.util.FileURLLister.<init>(),7
org.apache.ivy.plugins.resolver.util.FileURLLister.<init>(),org.apache.ivy.plugins.resolver.util.FileURLLister.<init>(File),16
org.apache.ivy.tools.analyser.JarJarDependencyAnalyser.main(String[]),org.apache.ivy.tools.analyser.JarModuleFinder.<init>(String),1
org.apache.ivy.tools.analyser.JarJarDependencyAnalyser.main(String[]),org.apache.ivy.tools.analyser.JarJarDependencyAnalyser.<init>(File),1
"org.apache.ivy.tools.analyser.RepositoryAnalyser.analyse(String, DependencyAnalyser)",org.apache.ivy.tools.analyser.JarJarDependencyAnalyser.analyze(JarModule[]),2
"org.apache.ivy.tools.analyser.RepositoryAnalyser.analyse(String, DependencyAnalyser)",org.apache.ivy.util.Message.info(String),2
"org.apache.ivy.tools.analyser.RepositoryAnalyser.analyse(String, DependencyAnalyser)",org.apache.ivy.tools.analyser.JarModuleFinder.findJarModules(),3
"org.apache.ivy.plugins.resolver.util.ResolverHelper.listTokenValues(URLLister, String, String)",org.apache.ivy.util.Message.verbose(String),5
"org.apache.ivy.tools.analyser.RepositoryAnalyser.analyse(String, DependencyAnalyser)",org.apache.ivy.tools.analyser.JarModuleFinder.<init>(String),3
org.apache.ivy.tools.analyser.RepositoryAnalyser.main(String[]),"org.apache.ivy.tools.analyser.RepositoryAnalyser.analyse(String, DependencyAnalyser)",1
org.apache.ivy.tools.analyser.RepositoryAnalyser.main(String[]),org.apache.ivy.tools.analyser.JarJarDependencyAnalyser.<init>(File),1
org.apache.ivy.tools.analyser.RepositoryAnalyser.main(String[]),org.apache.ivy.tools.analyser.RepositoryAnalyser.<init>(),1
"org.apache.ivy.plugins.resolver.util.ResolverHelper.listTokenValues(URLLister, String, String)",org.apache.ivy.plugins.resolver.util.FileURLLister.listAll(URL),1
"org.apache.ivy.plugins.resolver.util.ResolverHelper.listTokenValues(URLLister, String, String)","org.apache.ivy.core.IvyPatternHelper.substituteToken(String, String, String)",1
"org.apache.ivy.plugins.resolver.util.ResolverHelper.listTokenValues(URLLister, String, String)",org.apache.ivy.util.Message.debug(String),3
org.apache.ivy.tools.analyser.JarModuleFinder.main(String[]),org.apache.ivy.tools.analyser.JarModuleFinder.findJarModules(),1
org.apache.ivy.tools.analyser.JarModuleFinder.main(String[]),org.apache.ivy.tools.analyser.JarModuleFinder.<init>(String),1
"org.apache.ivy.util.cli.CommandLineParser.printHelp(PrintWriter, int, String, boolean)","org.apache.ivy.util.StringUtils.repeat(String, int)",1325480
"org.apache.ivy.util.cli.CommandLineParser.printHelp(PrintWriter, int, String, boolean)",org.apache.ivy.util.cli.Option.getSpec(),6
org.apache.ivy.util.cli.Option.getSpec(),org.apache.ivy.util.cli.Option.getArgsSpec(),9
org.apache.ivy.util.MemoryUtil.sizeOf(Class),org.apache.ivy.util.MemoryUtil.getUsedMemory(),4
org.apache.ivy.util.MemoryUtil.getUsedMemory(),org.apache.ivy.util.MemoryUtil.gc(),10
org.apache.ivy.util.MemoryUtil.main(String[]),org.apache.ivy.util.MemoryUtil.sizeOf(Class),1
"org.apache.ivy.util.CredentialsUtil.promptCredentials(Credentials, File)","org.apache.ivy.util.Credentials.<init>(String, String, String, String)",2
"org.apache.ivy.util.CredentialsUtil.promptCredentials(Credentials, File)","org.apache.ivy.util.CredentialsUtil.loadPassfile(Credentials, File)",4
org.apache.ivy.util.url.HttpClientHandler.getHttpClientMajorVersion(),org.apache.ivy.util.url.HttpClientHandler.getHttpClientHelper(),2
"org.apache.ivy.util.url.AbstractURLHandler.isReachable(URL, int)","org.apache.ivy.util.url.HttpClientHandler.getURLInfo(URL, int)",2
"org.apache.ivy.util.CredentialsUtil.promptCredentials(Credentials, File)","org.apache.ivy.util.EncrytedProperties.setProperty(String, String)",2
"org.apache.ivy.util.EncrytedProperties.setProperty(String, String)",org.apache.ivy.util.StringUtils.encrypt(String),7
"org.apache.ivy.util.EncrytedProperties.setProperty(String, String)",org.apache.ivy.util.StringUtils.decrypt(String),5
"org.apache.ivy.util.CredentialsUtil.promptCredentials(Credentials, File)",org.apache.ivy.util.Message.warn(String),1
"org.apache.ivy.util.CredentialsUtil.promptCredentials(Credentials, File)",org.apache.ivy.util.EncrytedProperties.<init>(),1
"org.apache.ivy.util.FileUtil.symlink(File, File, CopyProgressListener, boolean)","org.apache.ivy.util.FileUtil.copy(File, File, CopyProgressListener, boolean)",1
"org.apache.ivy.util.FileUtil.symlink(File, File, CopyProgressListener, boolean)",org.apache.ivy.util.Message.verbose(String),2
"org.apache.ivy.util.FileUtil.symlink(File, File, CopyProgressListener, boolean)",org.apache.ivy.util.Message.debug(String),1
org.apache.ivy.util.url.AbstractURLHandler.isReachable(URL),org.apache.ivy.util.url.HttpClientHandler.getURLInfo(URL),4
"org.apache.ivy.util.url.HttpClientHandler.getURLInfo(URL, int)",org.apache.ivy.util.Message.info(String),6
"org.apache.ivy.util.url.HttpClientHandler.getURLInfo(URL, int)",org.apache.ivy.util.Message.warn(String),6
"org.apache.ivy.util.Configurator.typeDef(String, String)","org.apache.ivy.util.Configurator.typeDef(String, Class)",6
org.apache.ivy.util.Configurator.startMacroDef(String),"org.apache.ivy.util.Configurator.setCurrent(Object, String)",19
"org.apache.ivy.util.url.HttpClientHandler.upload(File, URL, CopyProgressListener)",org.apache.ivy.util.url.AbstractURLHandler.normalizeToString(URL),4
"org.apache.ivy.util.url.HttpClientHandler.upload(File, URL, CopyProgressListener)",org.apache.ivy.util.url.HttpClientHandler.getClient(),4
org.apache.ivy.util.extendable.DefaultExtendableItem.<init>(),"org.apache.ivy.util.extendable.DefaultExtendableItem.<init>(Map, Map)",5
"org.apache.ivy.util.url.HttpClientHandler.getURLInfo(URL, int)","org.apache.ivy.util.url.HttpClientHandler.doGet(URL, int)",23
org.apache.ivy.util.url.AbstractURLHandler.getLastModified(URL),org.apache.ivy.util.url.HttpClientHandler.getURLInfo(URL),3
"org.apache.ivy.util.url.AbstractURLHandler.getContentLength(URL, int)","org.apache.ivy.util.url.HttpClientHandler.getURLInfo(URL, int)",2
"org.apache.ivy.util.url.URLHandlerDispatcher.upload(File, URL, CopyProgressListener)",org.apache.ivy.util.url.URLHandlerDispatcher.getHandler(String),4
org.apache.ivy.util.url.AbstractURLHandler.getContentLength(URL),org.apache.ivy.util.url.BasicURLHandler.getURLInfo(URL),6
"org.apache.ivy.util.url.BasicURLHandler.upload(File, URL, CopyProgressListener)",org.apache.ivy.util.url.BasicURLHandler.disconnect(URLConnection),2
"org.apache.ivy.util.url.BasicURLHandler.upload(File, URL, CopyProgressListener)",org.apache.ivy.util.url.AbstractURLHandler.normalizeToURL(URL),2
"org.apache.ivy.util.url.BasicURLHandler.upload(File, URL, CopyProgressListener)",org.apache.ivy.util.url.IvyAuthenticator.install(),2
"org.apache.ivy.util.url.AbstractURLHandler.getLastModified(URL, int)","org.apache.ivy.util.url.HttpClientHandler.getURLInfo(URL, int)",2
"org.apache.ivy.util.url.AbstractURLHandler.isReachable(URL, int)","org.apache.ivy.util.url.BasicURLHandler.getURLInfo(URL, int)",6
"org.apache.ivy.util.url.AbstractURLHandler.getContentLength(URL, int)","org.apache.ivy.util.url.BasicURLHandler.getURLInfo(URL, int)",6
"org.apache.ivy.util.url.URLHandlerDispatcher.getContentLength(URL, int)","org.apache.ivy.util.url.AbstractURLHandler.getContentLength(URL, int)",3
"org.apache.ivy.util.url.URLHandlerDispatcher.getContentLength(URL, int)",org.apache.ivy.util.url.URLHandlerDispatcher.getHandler(String),3
"org.apache.ivy.util.url.URLHandlerDispatcher.getURLInfo(URL, int)","org.apache.ivy.util.url.BasicURLHandler.getURLInfo(URL, int)",3
"org.apache.ivy.util.url.URLHandlerDispatcher.getURLInfo(URL, int)",org.apache.ivy.util.url.URLHandlerDispatcher.getHandler(String),3
org.apache.ivy.util.url.URLHandlerDispatcher.isReachable(URL),org.apache.ivy.util.url.AbstractURLHandler.isReachable(URL),3
org.apache.ivy.util.url.AbstractURLHandler.isReachable(URL),org.apache.ivy.util.url.BasicURLHandler.getURLInfo(URL),11
org.apache.ivy.util.url.URLHandlerDispatcher.isReachable(URL),org.apache.ivy.util.url.URLHandlerDispatcher.getHandler(String),3
"org.apache.ivy.util.url.URLHandlerDispatcher.upload(File, URL, CopyProgressListener)","org.apache.ivy.util.url.BasicURLHandler.upload(File, URL, CopyProgressListener)",2
"org.apache.ivy.util.url.URLHandlerDispatcher.isReachable(URL, int)","org.apache.ivy.util.url.AbstractURLHandler.isReachable(URL, int)",3
"org.apache.ivy.util.url.URLHandlerDispatcher.isReachable(URL, int)",org.apache.ivy.util.url.URLHandlerDispatcher.getHandler(String),3
org.apache.ivy.util.url.AbstractURLHandler.getLastModified(URL),org.apache.ivy.util.url.BasicURLHandler.getURLInfo(URL),5
"org.apache.ivy.util.url.AbstractURLHandler.getLastModified(URL, int)","org.apache.ivy.util.url.BasicURLHandler.getURLInfo(URL, int)",6
"org.apache.ivy.util.Configurator.addMacroAttribute(String, String)",org.apache.ivy.util.Configurator.getCurrent(),6
org.apache.ivy.util.url.URLHandlerDispatcher.getContentLength(URL),org.apache.ivy.util.url.AbstractURLHandler.getContentLength(URL),3
org.apache.ivy.util.url.URLHandlerDispatcher.getContentLength(URL),org.apache.ivy.util.url.URLHandlerDispatcher.getHandler(String),3
"org.apache.ivy.util.url.URLHandlerDispatcher.getLastModified(URL, int)","org.apache.ivy.util.url.AbstractURLHandler.getLastModified(URL, int)",3
"org.apache.ivy.util.url.URLHandlerDispatcher.getLastModified(URL, int)",org.apache.ivy.util.url.URLHandlerDispatcher.getHandler(String),3
org.apache.ivy.util.url.URLHandlerDispatcher.getLastModified(URL),org.apache.ivy.util.url.AbstractURLHandler.getLastModified(URL),3
org.apache.ivy.util.url.URLHandlerDispatcher.getLastModified(URL),org.apache.ivy.util.url.URLHandlerDispatcher.getHandler(String),3
org.apache.ivy.util.url.ApacheURLLister.listAll(URL),"org.apache.ivy.util.url.ApacheURLLister.retrieveListing(URL, boolean, boolean)",12
"org.apache.ivy.core.IvyPatternHelper.substituteParams(String, Map)","org.apache.ivy.core.IvyPatternHelper.substituteParams(String, IvyVariableContainer, Stack)",12
"org.apache.ivy.core.IvyPatternHelper.substituteParams(String, Map)",org.apache.ivy.core.settings.IvyVariableContainerImpl.<init>(Map),12
org.apache.ivy.util.url.ApacheURLLister.listDirectories(URL),"org.apache.ivy.util.url.ApacheURLLister.retrieveListing(URL, boolean, boolean)",7
org.apache.ivy.util.url.AbstractURLHandler.getContentLength(URL),org.apache.ivy.util.url.HttpClientHandler.getURLInfo(URL),2
org.apache.ivy.util.filter.AndFilter.accept(Object),org.apache.ivy.util.filter.ArtifactTypeFilter.accept(Object),3
"org.apache.ivy.util.extendable.UnmodifiableExtendableItem.<init>(Map, Map)","org.apache.ivy.util.extendable.DefaultExtendableItem.setExtraAttribute(String, String)",1
org.apache.ivy.util.AbstractMessageLogger.sumupProblems(),org.apache.ivy.util.MessageLoggerHelper.sumupProblems(MessageLogger),2
org.apache.ivy.util.AbstractMessageLogger.sumupProblems(),org.apache.ivy.util.AbstractMessageLogger.clearProblems(),2
org.apache.ivy.util.url.ApacheURLLister.listFiles(URL),"org.apache.ivy.util.url.ApacheURLLister.retrieveListing(URL, boolean, boolean)",4
org.apache.ivy.util.EncrytedProperties.values(),org.apache.ivy.util.StringUtils.decrypt(String),2
org.apache.ivy.util.StringUtils.decrypt(String),org.apache.ivy.util.StringUtils.decrypt(char),347
"org.apache.ivy.util.EncrytedProperties.getProperty(String, String)",org.apache.ivy.util.StringUtils.decrypt(String),5
org.apache.ivy.util.EncrytedProperties.getProperty(String),org.apache.ivy.util.StringUtils.decrypt(String),8
"org.apache.ivy.util.EncrytedProperties.getProperty(String, String)",org.apache.ivy.util.StringUtils.encrypt(String),6
"org.apache.ivy.util.Configurator.addMacroElement(String, boolean)",org.apache.ivy.util.Configurator.getCurrent(),6
"org.apache.ivy.util.url.URLHandlerDispatcher.upload(File, URL, CopyProgressListener)","org.apache.ivy.util.url.HttpClientHandler.upload(File, URL, CopyProgressListener)",1
org.apache.ivy.util.Message.sumupProblems(),org.apache.ivy.util.AbstractMessageLogger.sumupProblems(),1
org.apache.ivy.util.MessageLoggerHelper.sumupProblems(MessageLogger),"org.apache.ivy.util.DefaultMessageLogger.log(String, int)",10
org.apache.ivy.util.MessageLoggerHelper.sumupProblems(MessageLogger),org.apache.ivy.util.AbstractMessageLogger.info(String),6
"org.apache.ivy.util.CredentialsUtil.loadPassfile(Credentials, File)",org.apache.ivy.util.Message.warn(String),2
"org.apache.ivy.util.CredentialsUtil.loadPassfile(Credentials, File)",org.apache.ivy.util.EncrytedProperties.<init>(),2
"org.apache.ivy.util.PropertiesFile.<init>(File, String)",org.apache.ivy.util.Message.warn(String),1
org.apache.ivy.util.PropertiesFile.save(),org.apache.ivy.util.Message.warn(String),4
org.apache.ivy.util.Configurator.endMacroDef(),org.apache.ivy.util.Configurator.getCurrent(),4
org.apache.ivy.util.Configurator.endMacroDef(),org.apache.ivy.util.Configurator.addConfiguredMacrodef(Configurator$MacroDef),3
"org.apache.ivy.util.url.CredentialsStore.addCredentials(String, String, String, String)",org.apache.ivy.util.Message.debug(String),2
org.apache.ivy.util.Credentials.toString(),org.apache.ivy.util.Credentials.getKey(),4
org.apache.ivy.util.Credentials.getKey(),"org.apache.ivy.util.Credentials.buildKey(String, String)",15
org.apache.ivy.util.Credentials.toString(),org.apache.ivy.util.Credentials.getPasswdAsStars(),4
"org.apache.ivy.util.url.CredentialsStore.addCredentials(String, String, String, String)",org.apache.ivy.util.Credentials.getKey(),2
"org.apache.ivy.util.url.CredentialsStore.addCredentials(String, String, String, String)","org.apache.ivy.util.Credentials.<init>(String, String, String, String)",2
org.apache.ivy.util.AbstractMessageLogger.info(String),"org.apache.ivy.util.MockMessageLogger.log(String, int)",2
org.apache.ivy.util.MessageLoggerHelper.sumupProblems(MessageLogger),"org.apache.ivy.util.MockMessageLogger.log(String, int)",3
org.apache.ivy.util.AbstractMessageLogger.warn(String),"org.apache.ivy.util.MockMessageLogger.log(String, int)",1
"org.apache.ivy.util.url.CredentialsStore.getCredentials(String, String)",org.apache.ivy.util.Message.debug(String),1
"org.apache.ivy.util.url.CredentialsStore.getCredentials(String, String)","org.apache.ivy.util.Credentials.buildKey(String, String)",1
"org.apache.ivy.util.filter.FilterHelper.filter(Collection, Filter)",org.apache.ivy.util.filter.AndFilter.accept(Object),1
org.apache.ivy.util.Message.isShowProgress(),org.apache.ivy.util.Message.getLogger(),1
org.apache.ivy.util.Message.rawinfo(String),org.apache.ivy.util.AbstractMessageLogger.rawinfo(String),5
"org.apache.ivy.util.Message.log(int, String)",org.apache.ivy.util.Message.info(String),1
"org.apache.ivy.util.MessageLoggerEngine.rawlog(String, int)","org.apache.ivy.util.DefaultMessageLogger.rawlog(String, int)",1
"org.apache.ivy.util.MessageLoggerEngine.rawlog(String, int)",org.apache.ivy.util.MessageLoggerEngine.peekLogger(),1
org.apache.ivy.util.Message.endProgress(),org.apache.ivy.util.AbstractMessageLogger.endProgress(),1
org.apache.ivy.util.AbstractMessageLogger.endProgress(),org.apache.ivy.util.AbstractMessageLogger.endProgress(String),3
org.apache.ivy.util.Message.endProgress(),org.apache.ivy.util.Message.getLogger(),1
org.apache.ivy.util.Message.endProgress(String),org.apache.ivy.util.AbstractMessageLogger.endProgress(String),1
org.apache.ivy.util.Message.progress(),org.apache.ivy.util.AbstractMessageLogger.progress(),1
org.apache.ivy.util.Credentials.hashCode(),org.apache.ivy.util.Credentials.getKey(),2
org.apache.ivy.util.AbstractMessageLogger.error(String),"org.apache.ivy.util.MockMessageLogger.log(String, int)",1
org.apache.ivy.util.EncrytedProperties.contains(Object),org.apache.ivy.util.StringUtils.encrypt(String),6
org.apache.ivy.util.EncrytedProperties.containsValue(Object),org.apache.ivy.util.StringUtils.encrypt(String),3
"org.apache.ivy.util.Message.log(int, String)",org.apache.ivy.util.Message.debug(String),1
"org.apache.ivy.util.Message.log(int, String)",org.apache.ivy.util.Message.verbose(String),1
org.apache.ivy.util.MessageLoggerEngine.isShowProgress(),org.apache.ivy.util.MessageLoggerEngine.getDefaultLogger(),1
org.apache.ivy.util.AbstractMessageLogger.debug(String),"org.apache.ivy.util.MockMessageLogger.log(String, int)",1
org.apache.ivy.util.AbstractMessageLogger.rawinfo(String),"org.apache.ivy.util.MockMessageLogger.rawlog(String, int)",1
org.apache.ivy.util.MessageLoggerEngine.endProgress(),org.apache.ivy.util.AbstractMessageLogger.endProgress(),1
org.apache.ivy.util.MessageLoggerEngine.endProgress(),org.apache.ivy.util.MessageLoggerEngine.peekLogger(),1
org.apache.ivy.util.filter.OrFilter.accept(Object),org.apache.ivy.util.filter.ArtifactTypeFilter.accept(Object),3
org.apache.ivy.util.filter.OrFilter.accept(Object),org.apache.ivy.util.filter.NotFilter.accept(Object),3
org.apache.ivy.util.filter.NotFilter.accept(Object),org.apache.ivy.util.filter.ArtifactTypeFilter.accept(Object),3
org.apache.ivy.util.AbstractMessageLogger.endProgress(String),org.apache.ivy.util.MockMessageLogger.doEndProgress(String),2
org.apache.ivy.util.Credentials.equals(Object),org.apache.ivy.util.Credentials.getKey(),4
org.apache.ivy.util.url.BasicURLHandlerTest.testIsReachable(),org.apache.ivy.util.url.AbstractURLHandler.isReachable(URL),5
org.apache.ivy.util.url.HttpclientURLHandlerTest.testContentEncoding(),"org.apache.ivy.util.url.HttpclientURLHandlerTest.assertDownloadOK(URL, File)",7
"org.apache.ivy.util.url.HttpclientURLHandlerTest.assertDownloadOK(URL, File)","org.apache.ivy.util.url.HttpClientHandler.download(URL, File, CopyProgressListener)",7
org.apache.ivy.util.url.BasicURLHandlerTest.testContentEncoding(),"org.apache.ivy.util.url.BasicURLHandlerTest.assertDownloadOK(URL, File)",7
"org.apache.ivy.util.url.BasicURLHandlerTest.assertDownloadOK(URL, File)","org.apache.ivy.util.url.BasicURLHandler.download(URL, File, CopyProgressListener)",7
org.apache.ivy.util.url.ApacheURLListerTest.testRetrieveListing(),"org.apache.ivy.util.url.ApacheURLLister.retrieveListing(URL, boolean, boolean)",3
"org.apache.ivy.util.url.ApacheURLLister.retrieveListing(URL, boolean, boolean)",org.apache.ivy.util.FileUtil.readEntirely(BufferedReader),8
"org.apache.ivy.util.url.ApacheURLLister.retrieveListing(URL, boolean, boolean)",org.apache.ivy.util.Message.debug(String),479
"org.apache.ivy.util.url.ApacheURLLister.retrieveListing(URL, boolean, boolean)",org.apache.ivy.util.url.BasicURLHandler.openStream(URL),12
"org.apache.ivy.util.url.ApacheURLLister.retrieveListing(URL, boolean, boolean)",org.apache.ivy.util.url.BasicURLHandler.getURLInfo(URL),13
org.apache.ivy.util.url.ApacheURLListerTest.testRetrieveListing(),org.apache.ivy.util.url.ApacheURLLister.<init>(),1
org.apache.ivy.util.url.HttpclientURLHandlerTest.testGetURLInfo(),org.apache.ivy.util.url.HttpClientHandler.getURLInfo(URL),1
org.apache.ivy.util.url.HttpclientURLHandlerTest.testGetURLInfo(),org.apache.ivy.util.url.HttpClientHandler.<init>(),1
org.apache.ivy.util.url.HttpclientURLHandlerTest.testIsReachable(),org.apache.ivy.util.url.AbstractURLHandler.isReachable(URL),2
org.apache.ivy.util.url.ApacheURLListerTest.testRetrieveArtifactoryListing(),"org.apache.ivy.util.url.ApacheURLLister.retrieveListing(URL, boolean, boolean)",1
org.apache.ivy.util.url.ApacheURLListerTest.testRetrieveArtifactoryListing(),org.apache.ivy.util.url.ApacheURLLister.<init>(),1
org.apache.ivy.util.url.HttpclientURLHandlerTest.tearDown(),org.apache.ivy.util.FileUtil.forceDelete(File),3
org.apache.ivy.util.url.BasicURLHandlerTest.tearDown(),org.apache.ivy.util.FileUtil.forceDelete(File),2
org.apache.ivy.util.url.ApacheURLListerTest.testRetrieveListingWithSpaces(),"org.apache.ivy.util.url.ApacheURLLister.retrieveListing(URL, boolean, boolean)",1
org.apache.ivy.util.url.ApacheURLListerTest.testRetrieveListingWithSpaces(),org.apache.ivy.util.url.ApacheURLLister.<init>(),1
org.apache.ivy.util.url.ApacheURLListerTest.testRetrieveMavenProxyListing(),org.apache.ivy.util.url.ApacheURLLister.listDirectories(URL),1
org.apache.ivy.util.url.ApacheURLListerTest.testRetrieveMavenProxyListing(),org.apache.ivy.util.url.ApacheURLLister.<init>(),1
org.apache.ivy.util.ConfiguratorTest.testMacro(),org.apache.ivy.util.Configurator.startMacroDef(String),1
org.apache.ivy.util.ConfiguratorTest.testMacro(),org.apache.ivy.util.Configurator.endCreateChild(),8
"org.apache.ivy.core.IvyPatternHelper.substituteParams(String, IvyVariableContainer, Stack)","org.apache.ivy.core.IvyPatternHelper.substituteVariables(String, IvyVariableContainer, Stack)",4
"org.apache.ivy.core.IvyPatternHelper.substituteParams(String, IvyVariableContainer, Stack)",org.apache.ivy.core.settings.IvyVariableContainerImpl.getVariable(String),4
org.apache.ivy.util.ConfiguratorTest.testMacro(),org.apache.ivy.util.Configurator.startCreateChild(String),8
org.apache.ivy.util.ConfiguratorTest.testMacro(),org.apache.ivy.util.Configurator.setRoot(Object),1
org.apache.ivy.util.ConfiguratorTest.testMacro(),"org.apache.ivy.util.Configurator.addMacroAttribute(String, String)",1
org.apache.ivy.util.ConfiguratorTest.testMacro(),"org.apache.ivy.util.Configurator.addMacroElement(String, boolean)",1
org.apache.ivy.util.ConfiguratorTest.testMacro(),"org.apache.ivy.util.Configurator.typeDef(String, String)",1
org.apache.ivy.util.ConfiguratorTest.testMacro(),"org.apache.ivy.util.Configurator.setAttribute(String, String)",4
org.apache.ivy.util.ConfiguratorTest.testMacro(),org.apache.ivy.util.Configurator.endMacroDef(),1
org.apache.ivy.util.ConfiguratorTest.testMacro(),org.apache.ivy.util.Configurator.getCurrent(),1
org.apache.ivy.util.url.ApacheURLListerTest.testRetrieveArchivaListing(),org.apache.ivy.util.url.ApacheURLLister.listDirectories(URL),1
org.apache.ivy.util.url.ApacheURLListerTest.testRetrieveArchivaListing(),org.apache.ivy.util.url.ApacheURLLister.<init>(),1
org.apache.ivy.util.url.ApacheURLListerTest.testRetrieveFixedArchivaListing(),org.apache.ivy.util.url.ApacheURLLister.listDirectories(URL),1
org.apache.ivy.util.url.ApacheURLListerTest.testRetrieveFixedArchivaListing(),org.apache.ivy.util.url.ApacheURLLister.<init>(),1
org.apache.ivy.util.ConfiguratorTest.testAddConfiguredWalker(),org.apache.ivy.util.Configurator.startCreateChild(String),1
org.apache.ivy.util.ConfiguratorTest.testAddConfiguredWalker(),org.apache.ivy.util.Configurator.setRoot(Object),1
org.apache.ivy.util.ConfiguratorTest.testAddConfiguredWalker(),org.apache.ivy.util.Configurator.endCreateChild(),1
org.apache.ivy.util.ConfiguratorTest.testAddConfiguredWalker(),"org.apache.ivy.util.Configurator.setAttribute(String, String)",1
org.apache.ivy.util.ConfiguratorTest.testAddConfiguredWalker(),org.apache.ivy.util.Configurator.getCurrent(),1
org.apache.ivy.util.ConfiguratorTest.testClassAttribute(),org.apache.ivy.util.Configurator.setRoot(Object),1
org.apache.ivy.util.ConfiguratorTest.testClassAttribute(),"org.apache.ivy.util.Configurator.setAttribute(String, String)",1
org.apache.ivy.util.ConfiguratorTest.testBooleanAttribute(),org.apache.ivy.util.Configurator.setRoot(Object),1
org.apache.ivy.util.ConfiguratorTest.testBooleanAttribute(),"org.apache.ivy.util.Configurator.setAttribute(String, String)",6
org.apache.ivy.util.ConfiguratorTest.testFileAttribute(),"org.apache.ivy.util.Configurator.setAttribute(String, String)",1
org.apache.ivy.util.ConfiguratorTest.testFileAttribute(),org.apache.ivy.util.Configurator.setRoot(Object),1
org.apache.ivy.util.url.HttpclientURLHandlerTest.setUp(),org.apache.ivy.util.url.HttpClientHandler.<init>(),3
org.apache.ivy.util.IvyPatternHelperTest.testOrganization(),"org.apache.ivy.core.IvyPatternHelper.substitute(String, String, String, String, String, String, String)",1
org.apache.ivy.util.ConfiguratorTest.testIntAttribute(),org.apache.ivy.util.Configurator.setRoot(Object),1
org.apache.ivy.util.ConfiguratorTest.testIntAttribute(),"org.apache.ivy.util.Configurator.setAttribute(String, String)",1
org.apache.ivy.util.StringUtilsTest.testGetStackTrace(),org.apache.ivy.util.StringUtils.getStackTrace(Exception),1
org.apache.ivy.util.ConfiguratorTest.testAddRoom(),"org.apache.ivy.util.Configurator.setAttribute(String, String)",1
org.apache.ivy.util.ConfiguratorTest.testAddRoom(),org.apache.ivy.util.Configurator.startCreateChild(String),1
org.apache.ivy.util.ConfiguratorTest.testAddRoom(),org.apache.ivy.util.Configurator.setRoot(Object),1
org.apache.ivy.util.ConfiguratorTest.testAddRoom(),org.apache.ivy.util.Configurator.endCreateChild(),1
org.apache.ivy.util.ConfiguratorTest.testAddRoom(),org.apache.ivy.util.Configurator.getCurrent(),1
org.apache.ivy.util.url.BasicURLHandlerTest.setUp(),org.apache.ivy.util.url.BasicURLHandler.<init>(),2
org.apache.ivy.util.ConfiguratorTest.testAddWithTypeDef(),org.apache.ivy.util.Configurator.startCreateChild(String),3
org.apache.ivy.util.ConfiguratorTest.testAddWithTypeDef(),org.apache.ivy.util.Configurator.setRoot(Object),1
org.apache.ivy.util.ConfiguratorTest.testAddWithTypeDef(),"org.apache.ivy.util.Configurator.typeDef(String, String)",3
org.apache.ivy.util.ConfiguratorTest.testAddWithTypeDef(),org.apache.ivy.util.Configurator.endCreateChild(),3
org.apache.ivy.util.ConfiguratorTest.testAddWithTypeDef(),org.apache.ivy.util.Configurator.getCurrent(),1
org.apache.ivy.util.ConfiguratorTest.testNested(),org.apache.ivy.util.Configurator.startCreateChild(String),3
org.apache.ivy.util.ConfiguratorTest.testNested(),org.apache.ivy.util.Configurator.setRoot(Object),1
org.apache.ivy.util.ConfiguratorTest.testNested(),"org.apache.ivy.util.Configurator.setAttribute(String, String)",2
org.apache.ivy.util.ConfiguratorTest.testNested(),"org.apache.ivy.util.Configurator.typeDef(String, String)",1
org.apache.ivy.util.ConfiguratorTest.testNested(),org.apache.ivy.util.Configurator.endCreateChild(),3
org.apache.ivy.util.ConfiguratorTest.testNested(),org.apache.ivy.util.Configurator.getCurrent(),1
org.apache.ivy.util.url.AbstractURLHandlerTest.testNormalizeToStringWithSpaceURL(),org.apache.ivy.util.url.AbstractURLHandler.normalizeToString(URL),1
org.apache.ivy.util.url.AbstractURLHandlerTest.testNormalizeToStringWithUnderscoreInHostname(),org.apache.ivy.util.url.AbstractURLHandler.normalizeToString(URL),1
org.apache.ivy.util.url.AbstractURLHandlerTest.testNormalizeToStringWithPlusCharacter(),org.apache.ivy.util.url.AbstractURLHandler.normalizeToString(URL),1
org.apache.ivy.util.ConfiguratorTest.testAddConfiguredTree(),org.apache.ivy.util.Configurator.startCreateChild(String),1
org.apache.ivy.util.ConfiguratorTest.testAddConfiguredTree(),org.apache.ivy.util.Configurator.setRoot(Object),1
org.apache.ivy.util.ConfiguratorTest.testAddConfiguredTree(),"org.apache.ivy.util.Configurator.setAttribute(String, String)",1
org.apache.ivy.util.ConfiguratorTest.testAddConfiguredTree(),org.apache.ivy.util.Configurator.endCreateChild(),1
org.apache.ivy.util.ConfiguratorTest.testAddConfiguredTree(),org.apache.ivy.util.Configurator.getCurrent(),1
org.apache.ivy.util.url.AbstractURLHandlerTest.testNormalizeToStringWithUnderscoreInHostnameAndSpaceInPath(),org.apache.ivy.util.url.AbstractURLHandler.normalizeToString(URL),1
org.apache.ivy.util.IvyPatternHelperTest.testCyclicSubstitute(),"org.apache.ivy.core.IvyPatternHelper.substituteVariables(String, Map)",1
org.apache.ivy.util.ConfiguratorTest.setUp(),org.apache.ivy.util.Configurator.<init>(),13
org.apache.ivy.util.ConfiguratorTest.testPersonAttribute(),"org.apache.ivy.util.Configurator.setAttribute(String, String)",1
org.apache.ivy.util.ConfiguratorTest.testPersonAttribute(),org.apache.ivy.util.Configurator.setRoot(Object),1
org.apache.ivy.util.StringUtilsTest.testEncryption(),org.apache.ivy.util.StringUtils.encrypt(String),3
org.apache.ivy.util.StringUtilsTest.testEncryption(),org.apache.ivy.util.StringUtils.decrypt(String),2
org.apache.ivy.util.ConfiguratorTest.testStringAttribute(),org.apache.ivy.util.Configurator.setRoot(Object),1
org.apache.ivy.util.ConfiguratorTest.testStringAttribute(),"org.apache.ivy.util.Configurator.setAttribute(String, String)",1
org.apache.ivy.util.IvyPatternHelperTest.testSubstitute(),"org.apache.ivy.core.IvyPatternHelper.substitute(String, String, String, String, String, String, String)",1
org.apache.ivy.util.IvyPatternHelperTest.testSpecialCharsInsidePattern(),"org.apache.ivy.core.IvyPatternHelper.substitute(String, String, String, String, String, String, String)",1
org.apache.ivy.util.url.ArtifactoryListingTest.testWicketListing(),org.apache.ivy.util.url.ApacheURLLister.listAll(URL),1
org.apache.ivy.util.url.ArtifactoryListingTest.testWicketListing(),org.apache.ivy.util.url.ApacheURLLister.<init>(),1
org.apache.ivy.util.IvyPatternHelperTest.testOptionalSubstitute(),"org.apache.ivy.core.IvyPatternHelper.substituteTokens(String, Map)",2
org.apache.ivy.util.ConfiguratorTest.testSetRoot(),org.apache.ivy.util.Configurator.setRoot(Object),1
org.apache.ivy.util.ConfiguratorTest.testSetRoot(),org.apache.ivy.util.Configurator.getCurrent(),1
org.apache.ivy.util.IvyPatternHelperTest.testTokenRootWithOptionalFirstToken(),org.apache.ivy.core.IvyPatternHelper.getTokenRoot(String),1
org.apache.ivy.util.IvyPatternHelperTest.testTokenRoot(),org.apache.ivy.core.IvyPatternHelper.getTokenRoot(String),1
org.apache.ivy.core.module.descriptor.AbstractArtifact.getAttribute(String),org.apache.ivy.core.module.descriptor.MDArtifact.getId(),10
org.apache.ivy.core.module.descriptor.AbstractArtifact.getAttribute(String),org.apache.ivy.util.extendable.UnmodifiableExtendableItem.getAttribute(String),9
org.apache.ivy.plugins.matcher.AbstractPatternMatcher.getMatcher(String),org.apache.ivy.plugins.matcher.GlobPatternMatcher.newMatcher(String),31
org.apache.ivy.core.module.descriptor.DefaultDependencyDescriptor.clone(ModuleRevisionId),"org.apache.ivy.core.module.descriptor.DefaultDependencyDescriptor.<init>(DefaultDependencyDescriptor, ModuleRevisionId)",22
"org.apache.ivy.core.module.descriptor.DefaultDependencyDescriptor.<init>(DefaultDependencyDescriptor, ModuleRevisionId)",org.apache.ivy.core.module.id.ModuleId.equals(Object),21
"org.apache.ivy.core.module.descriptor.DefaultDependencyDescriptor.<init>(DefaultDependencyDescriptor, ModuleRevisionId)",org.apache.ivy.core.module.descriptor.DefaultDependencyDescriptor.getDependencyId(),21
"org.apache.ivy.core.module.descriptor.DefaultDependencyDescriptor.<init>(DefaultDependencyDescriptor, ModuleRevisionId)","org.apache.ivy.util.Checks.checkNotNull(Object, String)",44
org.apache.ivy.plugins.conflict.LatestCompatibleConflictManager.<init>(),org.apache.ivy.plugins.conflict.LatestConflictManager.<init>(),14
org.apache.ivy.plugins.conflict.LatestConflictManager.<init>(),org.apache.ivy.plugins.conflict.AbstractConflictManager.<init>(),27
org.apache.ivy.core.module.descriptor.DefaultModuleDescriptor.getAttribute(String),org.apache.ivy.util.extendable.UnmodifiableExtendableItem.getAttribute(String),1
org.apache.ivy.plugins.repository.sftp.SFTPResource.clone(String),"org.apache.ivy.plugins.repository.sftp.SFTPResource.<init>(SFTPRepository, String)",9
org.apache.ivy.core.module.descriptor.OverrideDependencyDescriptorMediator.mediate(DependencyDescriptor),"org.apache.ivy.core.module.id.ModuleRevisionId.newInstance(String, String, String, String, Map)",7
org.apache.ivy.core.module.descriptor.OverrideDependencyDescriptorMediator.mediate(DependencyDescriptor),org.apache.ivy.core.module.descriptor.DefaultDependencyDescriptor.clone(ModuleRevisionId),7
org.apache.ivy.core.module.descriptor.OverrideDependencyDescriptorMediator.mediate(DependencyDescriptor),org.apache.ivy.core.module.id.ModuleRevisionId.getOrganisation(),7
org.apache.ivy.core.module.descriptor.OverrideDependencyDescriptorMediator.mediate(DependencyDescriptor),org.apache.ivy.core.module.id.ModuleRevisionId.getName(),7
"org.apache.ivy.core.module.descriptor.DefaultDependencyDescriptor.transformInstance(DependencyDescriptor, NamespaceTransformer, boolean)",org.apache.ivy.plugins.namespace.MRIDTransformationRule.transform(ModuleRevisionId),47
"org.apache.ivy.core.module.descriptor.DefaultArtifact.cloneWithAnotherName(Artifact, String)","org.apache.ivy.core.module.id.ArtifactRevisionId.newInstance(ModuleRevisionId, String, String, String, Map)",2
"org.apache.ivy.core.module.descriptor.DefaultArtifact.cloneWithAnotherName(Artifact, String)",org.apache.ivy.core.module.descriptor.AbstractArtifact.getQualifiedExtraAttributes(),2
"org.apache.ivy.core.module.descriptor.DefaultArtifact.cloneWithAnotherName(Artifact, String)","org.apache.ivy.core.module.descriptor.DefaultArtifact.<init>(ArtifactRevisionId, Date, URL, boolean)",2
"org.apache.ivy.core.module.descriptor.DefaultArtifact.cloneWithAnotherName(Artifact, String)",org.apache.ivy.core.module.descriptor.DefaultArtifact.getExt(),1
"org.apache.ivy.core.module.descriptor.DefaultArtifact.cloneWithAnotherName(Artifact, String)",org.apache.ivy.core.module.descriptor.DefaultArtifact.getModuleRevisionId(),1
"org.apache.ivy.core.module.descriptor.DefaultArtifact.cloneWithAnotherName(Artifact, String)",org.apache.ivy.core.module.descriptor.DefaultArtifact.getType(),1
"org.apache.ivy.core.module.descriptor.ConfigurationIntersection.<init>(String, Map)",org.apache.ivy.core.module.descriptor.Configuration.<init>(String),16
org.apache.ivy.core.module.descriptor.AbstractArtifact.getExtraAttribute(String),org.apache.ivy.core.module.descriptor.MDArtifact.getId(),3
org.apache.ivy.core.module.descriptor.DefaultDependencyDescriptor.getIncludeRules(String[]),org.apache.ivy.core.module.descriptor.DefaultDependencyDescriptor.getIncludeRules(String),38
org.apache.ivy.core.module.descriptor.DefaultDependencyDescriptor.getDependencyArtifacts(String[]),org.apache.ivy.core.module.descriptor.DefaultDependencyDescriptor.getDependencyArtifacts(String),3
org.apache.ivy.core.module.descriptor.DefaultDependencyDescriptor.getDependencyConfigurations(String[]),org.apache.ivy.core.module.descriptor.DefaultDependencyDescriptor.getDependencyConfigurations(String),23
org.apache.ivy.core.module.descriptor.DefaultExtendsDescriptor.areDependenciesInherited(),org.apache.ivy.core.module.descriptor.DefaultExtendsDescriptor.isAllInherited(),5
"org.apache.ivy.core.module.descriptor.ConfigurationGroup.<init>(String, Map)",org.apache.ivy.core.module.descriptor.Configuration.<init>(String),12
"org.apache.ivy.core.module.descriptor.DefaultArtifact.cloneWithAnotherExt(Artifact, String)","org.apache.ivy.core.module.descriptor.DefaultArtifact.cloneWithAnotherTypeAndExt(Artifact, String, String)",10
"org.apache.ivy.core.module.descriptor.DefaultArtifact.cloneWithAnotherExt(Artifact, String)",org.apache.ivy.core.module.descriptor.DefaultArtifact.getType(),9
"org.apache.ivy.core.module.id.ArtifactRevisionId.<init>(ArtifactId, ModuleRevisionId)","org.apache.ivy.core.module.id.ArtifactRevisionId.<init>(ArtifactId, ModuleRevisionId, Map)",13
org.apache.ivy.core.module.descriptor.DefaultModuleDescriptor.getConfiguration(String),"org.apache.ivy.core.module.descriptor.ConfigurationGroup.<init>(String, Map)",1
"org.apache.ivy.core.module.descriptor.DefaultModuleDescriptor.addArtifact(String, Artifact)",org.apache.ivy.core.module.id.ArtifactId.getShortDescription(),1
org.apache.ivy.core.module.descriptor.DefaultExtendsDescriptor.areConfigurationsInherited(),org.apache.ivy.core.module.descriptor.DefaultExtendsDescriptor.isAllInherited(),6
"org.apache.ivy.core.module.descriptor.DefaultArtifact.cloneWithAnotherMrid(Artifact, ModuleRevisionId)","org.apache.ivy.core.module.id.ArtifactRevisionId.newInstance(ModuleRevisionId, String, String, String, Map)",3
"org.apache.ivy.core.module.descriptor.DefaultArtifact.cloneWithAnotherMrid(Artifact, ModuleRevisionId)",org.apache.ivy.core.module.descriptor.AbstractArtifact.getQualifiedExtraAttributes(),3
"org.apache.ivy.core.module.descriptor.DefaultArtifact.cloneWithAnotherMrid(Artifact, ModuleRevisionId)","org.apache.ivy.core.module.descriptor.DefaultArtifact.<init>(ArtifactRevisionId, Date, URL, boolean)",3
"org.apache.ivy.core.module.descriptor.DefaultArtifact.cloneWithAnotherMrid(Artifact, ModuleRevisionId)",org.apache.ivy.core.module.descriptor.DefaultArtifact.getExt(),2
"org.apache.ivy.core.module.descriptor.DefaultArtifact.cloneWithAnotherMrid(Artifact, ModuleRevisionId)",org.apache.ivy.core.module.descriptor.DefaultArtifact.getName(),2
"org.apache.ivy.core.module.descriptor.DefaultArtifact.cloneWithAnotherMrid(Artifact, ModuleRevisionId)",org.apache.ivy.core.module.descriptor.DefaultArtifact.getType(),2
"org.apache.ivy.core.module.descriptor.DefaultArtifact.cloneWithAnotherName(Artifact, String)",org.apache.ivy.core.module.descriptor.MDArtifact.getModuleRevisionId(),1
"org.apache.ivy.core.module.descriptor.DefaultArtifact.cloneWithAnotherName(Artifact, String)",org.apache.ivy.core.module.descriptor.MDArtifact.getPublicationDate(),1
org.apache.ivy.plugins.repository.ResourceHelper.getLastModifiedOrDefault(Resource),org.apache.ivy.plugins.repository.ssh.SshResource.getLastModified(),5
org.apache.ivy.core.module.descriptor.DefaultModuleDescriptor.getConfiguration(String),org.apache.ivy.util.Message.verbose(String),1
org.apache.ivy.core.module.descriptor.DefaultExtendsDescriptor.isDescriptionInherited(),org.apache.ivy.core.module.descriptor.DefaultExtendsDescriptor.isAllInherited(),9
org.apache.ivy.core.module.descriptor.DefaultDependencyDescriptor.getExtraAttribute(String),org.apache.ivy.util.extendable.UnmodifiableExtendableItem.getExtraAttribute(String),1
"org.apache.ivy.core.module.id.ModuleRules.getRule(Map, Filter)",org.apache.ivy.util.filter.OrFilter.accept(Object),1
"org.apache.ivy.core.module.id.ModuleRules.getRules(ModuleRevisionId, Filter)","org.apache.ivy.core.module.id.ModuleRules.getRules(Map, Filter)",4
"org.apache.ivy.core.module.id.ModuleRules.getRules(Map, Filter)",org.apache.ivy.util.filter.AndFilter.accept(Object),1
"org.apache.ivy.core.module.id.ModuleRules.getRules(Map, Filter)",org.apache.ivy.plugins.matcher.MapMatcher.matches(Map),5
"org.apache.ivy.core.module.id.ModuleRules.getRules(ModuleRevisionId, Filter)","org.apache.ivy.util.Checks.checkNotNull(Object, String)",9
org.apache.ivy.core.module.descriptor.DefaultExcludeRule.toString(),org.apache.ivy.core.module.descriptor.AbstractIncludeExcludeRule.toString(),3
org.apache.ivy.core.module.id.ArtifactId.toString(),org.apache.ivy.core.module.id.ArtifactId.getShortDescription(),8
"org.apache.ivy.core.module.id.ArtifactRevisionId.newInstance(ModuleRevisionId, String, String, String)","org.apache.ivy.core.module.id.ArtifactRevisionId.newInstance(ModuleRevisionId, String, String, String, Map)",14
org.apache.ivy.core.module.id.ArtifactRevisionId.equals(Object),org.apache.ivy.core.module.id.ArtifactId.equals(Object),5
org.apache.ivy.core.module.id.ModuleRevisionId.parse(String),"org.apache.ivy.core.module.id.ModuleRevisionId.newInstance(String, String, String, String)",1
org.apache.ivy.core.module.id.ArtifactRevisionId.equals(Object),org.apache.ivy.core.module.id.ModuleRevisionId.equals(Object),3
org.apache.ivy.core.module.descriptor.DefaultIncludeRule.toString(),org.apache.ivy.core.module.descriptor.AbstractIncludeExcludeRule.toString(),3
org.apache.ivy.core.module.id.ModuleId.parse(String),"org.apache.ivy.core.module.id.ModuleId.newInstance(String, String)",1
"org.apache.ivy.core.module.id.ModuleRules.getRule(Map, Filter)",org.apache.ivy.util.filter.AndFilter.accept(Object),1
org.apache.ivy.util.filter.AndFilter.accept(Object),org.apache.ivy.util.filter.OrFilter.accept(Object),1
"org.apache.ivy.core.module.id.ModuleRules.getRules(Map, Filter)",org.apache.ivy.util.filter.NotFilter.accept(Object),1
org.apache.ivy.core.module.id.ModuleId.decode(String),"org.apache.ivy.core.module.id.ModuleId.<init>(String, String)",1
org.apache.ivy.core.module.status.StatusManager.isIntegration(String),org.apache.ivy.util.Message.debug(String),1
org.apache.ivy.core.module.descriptor.DefaultExtendsDescriptor.isInfoInherited(),org.apache.ivy.core.module.descriptor.DefaultExtendsDescriptor.isAllInherited(),4
org.apache.ivy.core.module.status.StatusManager.getPriority(String),org.apache.ivy.util.Message.debug(String),4
org.apache.ivy.core.module.status.StatusManager.isStatus(String),org.apache.ivy.core.module.status.StatusManager.computeMaps(),3
org.apache.ivy.core.module.status.StatusManager.isIntegration(String),org.apache.ivy.core.module.status.StatusManager.computeMaps(),3
org.apache.ivy.core.module.status.StatusManager.getPriority(String),org.apache.ivy.core.module.status.StatusManager.computeMaps(),2
"org.apache.ivy.core.sort.MessageBasedNonMatchingVersionReporter.reportNonMatchingVersion(DependencyDescriptor, ModuleDescriptor)",org.apache.ivy.core.sort.WarningNonMatchingVersionReporter.reportMessage(String),2
org.apache.ivy.core.sort.WarningNonMatchingVersionReporter.reportMessage(String),org.apache.ivy.util.Message.warn(String),3
org.apache.ivy.core.sort.ModuleInSort.logLoopWarning(List),org.apache.ivy.plugins.circular.CircularDependencyHelper.formatMessageFromDescriptors(List),4
org.apache.ivy.plugins.circular.CircularDependencyHelper.formatMessageFromDescriptors(List),org.apache.ivy.plugins.circular.CircularDependencyHelper.formatMessage(ModuleRevisionId[]),3
org.apache.ivy.core.sort.ModuleInSort.logLoopWarning(List),org.apache.ivy.util.Message.warn(String),1
"org.apache.ivy.core.sort.ModuleInSort.match(DependencyDescriptor, VersionMatcher)","org.apache.ivy.plugins.version.LatestVersionMatcher.accept(ModuleRevisionId, ModuleDescriptor)",1
org.apache.ivy.plugins.version.MockVersionMatcher.<init>(),org.apache.ivy.plugins.version.AbstractVersionMatcher.<init>(),15
"org.apache.ivy.core.sort.ModuleInSort.match(DependencyDescriptor, VersionMatcher)","org.apache.ivy.plugins.version.AbstractVersionMatcher.accept(ModuleRevisionId, ModuleDescriptor)",1
org.apache.ivy.plugins.resolver.AbstractResolver.initNamespaceFromSettings(),org.apache.ivy.util.Message.verbose(String),27
org.apache.ivy.plugins.version.VersionRangeMatcher.<init>(String),org.apache.ivy.plugins.version.AbstractVersionMatcher.<init>(String),11
org.apache.ivy.plugins.resolver.VfsResolver.<init>(),org.apache.ivy.plugins.resolver.RepositoryResolver.<init>(),16
org.apache.ivy.plugins.resolver.VfsResolver.<init>(),org.apache.ivy.plugins.repository.vfs.VfsRepository.<init>(),16
org.apache.ivy.core.resolve.ResolvedModuleRevision.equals(Object),org.apache.ivy.core.module.id.ModuleRevisionId.equals(Object),1
org.apache.ivy.core.resolve.ResolvedModuleRevision.equals(Object),org.apache.ivy.core.resolve.ResolvedModuleRevision.getId(),2
org.apache.ivy.core.resolve.ResolveEngine.locate(Artifact),org.apache.ivy.core.settings.IvySettings.getResolver(ModuleRevisionId),1
org.apache.ivy.core.resolve.ResolveEngine.locate(Artifact),org.apache.ivy.core.module.descriptor.MDArtifact.getModuleRevisionId(),1
org.apache.ivy.core.resolve.ResolvedModuleRevision.toString(),org.apache.ivy.core.module.id.ModuleRevisionId.toString(),1
org.apache.ivy.core.resolve.ResolvedModuleRevision.toString(),org.apache.ivy.core.resolve.ResolvedModuleRevision.getId(),2
"org.apache.ivy.core.resolve.ResolveEngine.download(Artifact, DownloadOptions)",org.apache.ivy.core.settings.IvySettings.getResolver(ModuleRevisionId),1
"org.apache.ivy.core.resolve.ResolveEngine.download(Artifact, DownloadOptions)",org.apache.ivy.core.module.descriptor.MDArtifact.getModuleRevisionId(),1
org.apache.ivy.core.resolve.ResolvedModuleRevision.hashCode(),org.apache.ivy.core.module.id.ModuleRevisionId.hashCode(),1
org.apache.ivy.core.resolve.ResolvedModuleRevision.hashCode(),org.apache.ivy.core.resolve.ResolvedModuleRevision.getId(),2
org.apache.ivy.plugins.resolver.CacheResolver.<init>(),org.apache.ivy.plugins.resolver.FileSystemResolver.<init>(),50
org.apache.ivy.core.resolve.RestartResolveProcess.<init>(String),org.apache.ivy.core.resolve.ResolveProcessException.<init>(String),1
"org.apache.ivy.core.IvyPatternHelper.substitute(String, ModuleRevisionId, String, String, String)","org.apache.ivy.core.IvyPatternHelper.substitute(String, ModuleRevisionId, Artifact)",3
"org.apache.ivy.core.IvyPatternHelper.substitute(String, ModuleRevisionId, String, String, String)","org.apache.ivy.core.module.descriptor.DefaultArtifact.<init>(ModuleRevisionId, Date, String, String, String)",4
org.apache.ivy.core.ExecutionRelativeUrlResolver.<init>(),org.apache.ivy.core.RelativeUrlResolver.<init>(),2
"org.apache.ivy.core.module.descriptor.DefaultArtifact.cloneWithAnotherMrid(Artifact, ModuleRevisionId)",org.apache.ivy.core.module.descriptor.MDArtifact.getPublicationDate(),1
org.apache.ivy.plugins.resolver.AbstractResolver.locate(Artifact),"org.apache.ivy.plugins.resolver.MockResolver.download(Artifact[], DownloadOptions)",4
"org.apache.ivy.plugins.resolver.MockResolver.download(Artifact[], DownloadOptions)",org.apache.ivy.core.report.DownloadReport.addArtifactReport(ArtifactDownloadReport),11
"org.apache.ivy.plugins.resolver.MockResolver.download(Artifact[], DownloadOptions)",org.apache.ivy.core.report.DownloadReport.<init>(),5
"org.apache.ivy.plugins.resolver.MockResolver.download(Artifact[], DownloadOptions)",org.apache.ivy.core.report.ArtifactDownloadReport.<init>(Artifact),11
org.apache.ivy.plugins.resolver.AbstractResolver.locate(Artifact),org.apache.ivy.core.report.DownloadReport.getArtifactReport(Artifact),4
org.apache.ivy.plugins.resolver.AbstractResolver.locate(Artifact),org.apache.ivy.core.resolve.DownloadOptions.<init>(),4
org.apache.ivy.core.IvyThread.run(),org.apache.ivy.core.IvyThread.initContext(),1
org.apache.ivy.core.IvyThread.initContext(),org.apache.ivy.core.IvyContext.pushContext(IvyContext),2
"org.apache.ivy.core.IvyThread.<init>(ThreadGroup, Runnable, String)",org.apache.ivy.core.IvyContext.getContext(),1
"org.apache.ivy.core.IvyPatternHelper.substituteVariable(String, String, String)","org.apache.ivy.core.IvyPatternHelper.substituteVariable(StringBuffer, String, String)",4
"org.apache.ivy.core.IvyThread.<init>(ThreadGroup, Runnable)",org.apache.ivy.core.IvyContext.getContext(),2
org.apache.ivy.core.IvyThread.<init>(String),org.apache.ivy.core.IvyContext.getContext(),5
org.apache.ivy.core.IvyThread.<init>(Runnable),org.apache.ivy.core.IvyContext.getContext(),1
"org.apache.ivy.core.IvyThread.<init>(ThreadGroup, Runnable, String, long)",org.apache.ivy.core.IvyContext.getContext(),1
"org.apache.ivy.core.IvyThread.<init>(Runnable, String)",org.apache.ivy.core.IvyContext.getContext(),1
"org.apache.ivy.core.IvyThread.<init>(ThreadGroup, String)",org.apache.ivy.core.IvyContext.getContext(),1
org.apache.ivy.core.IvyThread.<init>(),org.apache.ivy.core.IvyContext.getContext(),1
"org.apache.ivy.core.RelativeUrlResolver.getURL(URL, String, String)","org.apache.ivy.core.ExecutionRelativeUrlResolver.getURL(URL, String)",1
"org.apache.ivy.core.search.SearchEngine.findModuleRevisionIds(DependencyResolver, ModuleRevisionId, PatternMatcher)",org.apache.ivy.util.Message.verbose(String),1
"org.apache.ivy.core.search.SearchEngine.findModuleRevisionIds(DependencyResolver, ModuleRevisionId, PatternMatcher)","org.apache.ivy.plugins.namespace.NameSpaceHelper.transform(ModuleId, NamespaceTransformer)",1
"org.apache.ivy.core.search.SearchEngine.findModuleRevisionIds(DependencyResolver, ModuleRevisionId, PatternMatcher)",org.apache.ivy.plugins.resolver.AbstractResolver.getNamespace(),1
"org.apache.ivy.core.search.SearchEngine.findModuleRevisionIds(DependencyResolver, ModuleRevisionId, PatternMatcher)",org.apache.ivy.util.Message.debug(String),2
"org.apache.ivy.core.search.SearchEngine.findModuleRevisionIds(DependencyResolver, ModuleRevisionId, PatternMatcher)",org.apache.ivy.plugins.resolver.AbstractResolver.listModules(OrganisationEntry),1
"org.apache.ivy.core.search.SearchEngine.findModuleRevisionIds(DependencyResolver, ModuleRevisionId, PatternMatcher)",org.apache.ivy.plugins.resolver.AbstractResolver.listOrganisations(),1
"org.apache.ivy.core.search.SearchEngine.findModuleRevisionIds(DependencyResolver, ModuleRevisionId, PatternMatcher)",org.apache.ivy.core.module.id.ModuleRevisionId.getOrganisation(),2
"org.apache.ivy.core.search.SearchEngine.findModuleRevisionIds(DependencyResolver, ModuleRevisionId, PatternMatcher)","org.apache.ivy.core.search.OrganisationEntry.<init>(DependencyResolver, String)",1
"org.apache.ivy.core.settings.IvySettings.addModuleConfiguration(Map, PatternMatcher, String, String, String, String)",org.apache.ivy.core.settings.IvySettings.checkResolverName(String),2
"org.apache.ivy.core.search.SearchEngine.listTokenValues(String, Map)","org.apache.ivy.plugins.resolver.AbstractPatternsBasedResolver.listTokenValues(String[], Map)",1
org.apache.ivy.core.search.SearchEngine.listOrganisationEntries(),"org.apache.ivy.plugins.resolver.AbstractPatternsBasedResolver.listTokenValues(String[], Map)",2
"org.apache.ivy.core.search.SearchEngine.listModules(DependencyResolver, ModuleRevisionId, PatternMatcher)","org.apache.ivy.plugins.resolver.AbstractResolver.listTokenValues(String[], Map)",1
org.apache.ivy.core.settings.IvySettings.typeDefs(Properties),"org.apache.ivy.core.settings.IvySettings.typeDefs(Properties, boolean)",3
org.apache.ivy.core.settings.IvySettings.addConfigured(PatternMatcher),org.apache.ivy.core.settings.IvySettings.addMatcher(PatternMatcher),6
org.apache.ivy.core.settings.IvySettings.defaultInit(),org.apache.ivy.core.settings.IvySettings.loadDefaultProperties(),4
org.apache.ivy.core.settings.IvySettings.defaultInit(),org.apache.ivy.core.settings.IvySettings.dumpSettings(),4
org.apache.ivy.core.settings.IvySettings.defaultInit(),org.apache.ivy.core.settings.IvySettings.getDefaultCache(),4
org.apache.ivy.core.settings.IvySettings.defaultInit(),org.apache.ivy.core.settings.IvySettings.getDefaultIvyUserDir(),8
org.apache.ivy.core.settings.IvySettings.defaultInit(),"org.apache.ivy.core.settings.IvySettings.setVariable(String, String, boolean)",4
org.apache.ivy.core.settings.IvySettings.defaultInit(),org.apache.ivy.core.settings.IvySettings.getVariable(String),4
org.apache.ivy.plugins.lock.ArtifactLockStrategy.<init>(),org.apache.ivy.plugins.lock.FileBasedLockStrategy.<init>(),9
org.apache.ivy.plugins.lock.FileBasedLockStrategy.<init>(),"org.apache.ivy.plugins.lock.FileBasedLockStrategy.<init>(FileBasedLockStrategy$FileLocker, boolean)",9
org.apache.ivy.plugins.lock.ArtifactLockStrategy.<init>(),org.apache.ivy.plugins.lock.ArtifactLockStrategy.init(),9
org.apache.ivy.core.settings.IvySettings.substitute(Map),org.apache.ivy.core.settings.IvySettings.substitute(String),61
org.apache.ivy.core.settings.IvySettings.addConfigured(SignatureGenerator),org.apache.ivy.core.settings.IvySettings.addSignatureGenerator(SignatureGenerator),1
org.apache.ivy.core.settings.IvySettings.addSignatureGenerator(SignatureGenerator),org.apache.ivy.core.settings.IvySettings.init(Object),2
org.apache.ivy.core.settings.IvySettings.addConfigured(CircularDependencyStrategy),org.apache.ivy.core.settings.IvySettings.addCircularDependencyStrategy(CircularDependencyStrategy),2
org.apache.ivy.core.settings.IvySettings.setDefaultRepositoryCacheBasedir(String),org.apache.ivy.core.settings.IvySettings.getDefaultRepositoryCacheBasedir(),1
org.apache.ivy.core.settings.IvySettings.addConfigured(VersionMatcher),org.apache.ivy.core.settings.IvySettings.addVersionMatcher(VersionMatcher),3
org.apache.ivy.core.settings.IvySettings.load(URL),"org.apache.ivy.util.Checks.checkAbsolute(String, String)",1
org.apache.ivy.core.settings.IvySettings.load(URL),org.apache.ivy.core.settings.IvySettings.setDefaultIvyUserDir(File),1
org.apache.ivy.core.settings.IvySettings.setDefaultCacheArtifactPattern(String),org.apache.ivy.core.cache.CacheUtil.checkCachePattern(String),2
org.apache.ivy.core.settings.IvySettings.loadProperties(URL),"org.apache.ivy.core.settings.IvySettings.loadProperties(URL, boolean)",1
org.apache.ivy.core.search.SearchEngine.listModuleEntries(OrganisationEntry),"org.apache.ivy.plugins.resolver.AbstractPatternsBasedResolver.listTokenValues(String[], Map)",1
org.apache.ivy.core.settings.IvySettings.init(Object),org.apache.ivy.plugins.resolver.JarResolver.setSettings(ResolverSettings),1
org.apache.ivy.plugins.resolver.JarResolver.setSettings(ResolverSettings),org.apache.ivy.plugins.resolver.RepositoryResolver.setSettings(ResolverSettings),5
"org.apache.ivy.core.settings.IvySettings.classForName(String, boolean)",org.apache.ivy.util.Message.info(String),1
org.apache.ivy.core.settings.IvySettings.addConfigured(ConflictManager),"org.apache.ivy.core.settings.IvySettings.addConflictManager(String, ConflictManager)",1
org.apache.ivy.core.search.SearchEngine.listModules(String),"org.apache.ivy.plugins.resolver.AbstractPatternsBasedResolver.listTokenValues(String[], Map)",1
org.apache.ivy.core.settings.IvySettings.addConfigured(ModuleDescriptorParser),org.apache.ivy.plugins.parser.ModuleDescriptorParserRegistry.addParser(ModuleDescriptorParser),1
org.apache.ivy.core.settings.IvySettings.addConfigured(LockStrategy),"org.apache.ivy.core.settings.IvySettings.addLockStrategy(String, LockStrategy)",1
"org.apache.ivy.core.search.SearchEngine.listModules(ModuleId, PatternMatcher)","org.apache.ivy.plugins.resolver.AbstractPatternsBasedResolver.listTokenValues(String[], Map)",1
"org.apache.ivy.core.settings.IvySettings.typeDef(String, String)","org.apache.ivy.core.settings.IvySettings.typeDef(String, String, boolean)",3
org.apache.ivy.core.settings.IvySettings.addConfigured(LatestStrategy),"org.apache.ivy.core.settings.IvySettings.addLatestStrategy(String, LatestStrategy)",2
org.apache.ivy.core.settings.IvySettings.addConfigured(ReportOutputter),org.apache.ivy.core.settings.IvySettings.addReportOutputter(ReportOutputter),2
org.apache.ivy.core.search.SearchEngine.listOrganisations(),"org.apache.ivy.plugins.resolver.AbstractPatternsBasedResolver.listTokenValues(String[], Map)",1
org.apache.ivy.core.settings.IvySettings.dumpMemoryUsage(),org.apache.ivy.core.settings.IvySettings.getVariable(String),6
org.apache.ivy.core.search.SearchEngine.listRevisionEntries(ModuleEntry),"org.apache.ivy.plugins.resolver.AbstractPatternsBasedResolver.listTokenValues(String[], Map)",1
"org.apache.ivy.core.search.SearchEngine.listRevisions(String, String)","org.apache.ivy.plugins.resolver.AbstractPatternsBasedResolver.listTokenValues(String[], Map)",1
org.apache.ivy.plugins.version.ChainVersionMatcher.setSettings(IvySettings),org.apache.ivy.plugins.version.AbstractVersionMatcher.setSettings(IvySettings),5
org.apache.ivy.core.search.RevisionEntry.getOrganisation(),org.apache.ivy.core.search.ModuleEntry.getOrganisation(),3
org.apache.ivy.core.search.RevisionEntry.getResolver(),org.apache.ivy.core.search.ModuleEntry.getResolver(),3
"org.apache.ivy.core.check.CheckEngine.check(URL, String)","org.apache.ivy.plugins.parser.AbstractModuleDescriptorParser.parseDescriptor(ParserSettings, URL, boolean)",3
"org.apache.ivy.core.check.CheckEngine.check(URL, String)",org.apache.ivy.util.Message.info(String),3
"org.apache.ivy.core.cache.DefaultRepositoryCacheManager.downloadRepositoryResource(Resource, String, String, String, CacheResourceOptions, Repository)","org.apache.ivy.plugins.repository.sftp.SFTPRepository.get(String, File)",4
"org.apache.ivy.plugins.repository.sftp.SFTPRepository.get(String, File)","org.apache.ivy.plugins.repository.AbstractRepository.fireTransferInitiated(Resource, int)",5
"org.apache.ivy.plugins.repository.sftp.SFTPRepository.get(String, File)",org.apache.ivy.plugins.repository.sftp.SFTPRepository.getSftpChannel(String),5
"org.apache.ivy.plugins.repository.sftp.SFTPRepository.get(String, File)",org.apache.ivy.plugins.repository.sftp.SFTPRepository.getResource(String),5
"org.apache.ivy.core.cache.DefaultRepositoryCacheManager.addTTL(Map, PatternMatcher, long)","org.apache.ivy.plugins.matcher.MapMatcher.<init>(Map, PatternMatcher)",4
org.apache.ivy.core.cache.DefaultRepositoryCacheManager.setDataFilePattern(String),org.apache.ivy.core.cache.CacheUtil.checkCachePattern(String),3
org.apache.ivy.core.cache.DefaultRepositoryCacheManager.computeResourceNameHash(Resource),org.apache.ivy.plugins.repository.vfs.VfsResource.getName(),1
"org.apache.ivy.core.cache.DefaultRepositoryCacheManager.downloadRepositoryResource(Resource, String, String, String, CacheResourceOptions, Repository)",org.apache.ivy.plugins.repository.vfs.VfsResource.isLocal(),1
org.apache.ivy.plugins.repository.vfs.VfsResource.isLocal(),org.apache.ivy.plugins.repository.vfs.VfsResource.getName(),1
"org.apache.ivy.core.cache.DefaultRepositoryCacheManager.downloadRepositoryResource(Resource, String, String, String, CacheResourceOptions, Repository)",org.apache.ivy.plugins.repository.vfs.VfsResource.getName(),1
org.apache.ivy.core.event.FilteredIvyListener.progress(IvyEvent),org.apache.ivy.plugins.trigger.LogTrigger.progress(IvyEvent),1
org.apache.ivy.plugins.trigger.LogTrigger.progress(IvyEvent),org.apache.ivy.plugins.trigger.LogTrigger.log(String),1
org.apache.ivy.plugins.trigger.LogTrigger.log(String),org.apache.ivy.util.Message.info(String),2
org.apache.ivy.plugins.trigger.LogTrigger.progress(IvyEvent),org.apache.ivy.core.event.IvyEvent.getAttributes(),1
org.apache.ivy.plugins.trigger.LogTrigger.progress(IvyEvent),"org.apache.ivy.core.IvyPatternHelper.substituteVariables(String, Map)",1
org.apache.ivy.core.report.ResolveReport.<init>(ModuleDescriptor),org.apache.ivy.core.resolve.ResolveOptions.getDefaultResolveId(ModuleDescriptor),11
org.apache.ivy.core.report.ResolveReport.<init>(ModuleDescriptor),"org.apache.ivy.core.report.ResolveReport.<init>(ModuleDescriptor, String)",9
org.apache.ivy.core.cache.DefaultRepositoryCacheManager.setDefaultTTL(String),org.apache.ivy.core.cache.DefaultRepositoryCacheManager.parseDuration(String),4
org.apache.ivy.core.cache.DefaultRepositoryCacheManager.dumpSettings(),org.apache.ivy.core.cache.DefaultRepositoryCacheManager.getLockStrategy(),4
org.apache.ivy.core.cache.DefaultRepositoryCacheManager.dumpSettings(),org.apache.ivy.util.Message.verbose(String),4
org.apache.ivy.core.cache.DefaultRepositoryCacheManager.dumpSettings(),org.apache.ivy.util.Message.debug(String),11
org.apache.ivy.core.cache.DefaultRepositoryCacheManager.dumpSettings(),org.apache.ivy.core.cache.DefaultRepositoryCacheManager.getArtifactPattern(),4
org.apache.ivy.core.cache.DefaultRepositoryCacheManager.dumpSettings(),org.apache.ivy.core.cache.DefaultRepositoryCacheManager.getIvyPattern(),4
"org.apache.ivy.core.cache.ModuleDescriptorMemoryCache.putInCache(File, ParserSettingsMonitor, boolean, ModuleDescriptor)",org.apache.ivy.util.Message.debug(String),1
"org.apache.ivy.core.event.EventManager.addIvyListener(IvyListener, String)","org.apache.ivy.core.event.IvyEventFilter.<init>(String, String, PatternMatcher)",2
"org.apache.ivy.core.event.EventManager.addIvyListener(IvyListener, String)","org.apache.ivy.core.event.EventManager.addIvyListener(IvyListener, Filter)",2
"org.apache.ivy.plugins.lock.ArtifactLockStrategy.unlockArtifact(Artifact, File)",org.apache.ivy.plugins.lock.FileBasedLockStrategy.releaseLock(File),1
org.apache.ivy.plugins.lock.FileBasedLockStrategy.releaseLock(File),org.apache.ivy.plugins.lock.FileBasedLockStrategy.decrementLock(File),3
org.apache.ivy.core.cache.DefaultRepositoryCacheManager.setIvyPattern(String),org.apache.ivy.core.cache.CacheUtil.checkCachePattern(String),4
org.apache.ivy.core.cache.DefaultRepositoryCacheManager.setArtifactPattern(String),org.apache.ivy.core.cache.CacheUtil.checkCachePattern(String),2
"org.apache.ivy.core.cache.DefaultRepositoryCacheManager.addTTL(Map, PatternMatcher, long)","org.apache.ivy.core.module.id.ModuleRules.defineRule(MapMatcher, Object)",1
org.apache.ivy.core.cache.DefaultRepositoryCacheManager.setMemorySize(int),org.apache.ivy.core.cache.ModuleDescriptorMemoryCache.<init>(int),2
org.apache.ivy.core.cache.DefaultRepositoryCacheManager.getArchivePathInCache(Artifact),"org.apache.ivy.core.IvyPatternHelper.substitute(String, Artifact)",1
org.apache.ivy.core.cache.DefaultRepositoryCacheManager.getArchivePathInCache(Artifact),org.apache.ivy.core.cache.DefaultRepositoryCacheManager.getArtifactPattern(),1
org.apache.ivy.core.report.ResolveReport.getAllArtifactsReports(),"org.apache.ivy.core.report.ResolveReport.getArtifactsReports(DownloadStatus, boolean)",12
org.apache.ivy.core.report.ConfigurationResolveReport.getNodes(ModuleId),org.apache.ivy.core.report.ConfigurationResolveReport.getModuleIds(),2
"org.apache.ivy.core.cache.DefaultRepositoryCacheManager.downloadRepositoryResource(Resource, String, String, String, CacheResourceOptions, Repository)","org.apache.ivy.plugins.repository.ssh.SshRepository.get(String, File)",1
org.apache.ivy.core.repository.RepositoryManagementEngine.load(),org.apache.ivy.core.repository.RepositoryManagementEngine.searchModules(),4
org.apache.ivy.core.repository.RepositoryManagementEngine.searchModules(),"org.apache.ivy.core.search.SearchEngine.listModules(ModuleRevisionId, PatternMatcher)",3
org.apache.ivy.core.repository.RepositoryManagementEngine.searchModules(),"org.apache.ivy.core.module.id.ModuleRevisionId.newInstance(String, String, String, String)",4
org.apache.ivy.core.repository.RepositoryManagementEngine.load(),org.apache.ivy.util.Message.rawinfo(String),4
org.apache.ivy.core.repository.RepositoryManagementEngine.load(),org.apache.ivy.util.Message.info(String),6
org.apache.ivy.core.repository.RepositoryManagementEngine.load(),org.apache.ivy.core.settings.IvySettings.dumpMemoryUsage(),7
org.apache.ivy.core.repository.RepositoryManagementEngine.getRevisionsNumber(),org.apache.ivy.core.repository.RepositoryManagementEngine.ensureLoaded(),2
org.apache.ivy.core.repository.RepositoryManagementEngine.analyze(),org.apache.ivy.core.repository.RepositoryManagementEngine.ensureLoaded(),2
org.apache.ivy.core.repository.RepositoryManagementEngine.getOrphans(),org.apache.ivy.core.repository.RepositoryManagementEngine.ensureAnalyzed(),2
org.apache.ivy.core.repository.RepositoryManagementEngine.analyze(),org.apache.ivy.util.Message.info(String),1
org.apache.ivy.core.repository.RepositoryManagementEngine.getModuleIdsNumber(),org.apache.ivy.core.repository.RepositoryManagementEngine.ensureLoaded(),2
org.apache.ivy.core.report.ConfigurationResolveReport.getAllArtifactsReports(),"org.apache.ivy.core.report.ConfigurationResolveReport.getArtifactsReports(DownloadStatus, boolean)",1
"org.apache.ivy.core.report.ConfigurationResolveReport.getArtifactsReports(DownloadStatus, boolean)",org.apache.ivy.core.report.ConfigurationResolveReport.getEvictedMrids(),1
org.apache.ivy.core.report.ConfigurationResolveReport.getEvictedMrids(),org.apache.ivy.core.report.ConfigurationResolveReport.getEvictedNodes(),1
org.apache.ivy.plugins.lock.FileBasedLockStrategy.acquireLock(File),org.apache.ivy.plugins.lock.FileBasedLockStrategy.hasLock(File),42
org.apache.ivy.plugins.lock.FileBasedLockStrategy.acquireLock(File),org.apache.ivy.plugins.lock.FileBasedLockStrategy.debugLocking(String),1
org.apache.ivy.plugins.lock.FileBasedLockStrategy.debugLocking(String),org.apache.ivy.util.Message.info(String),2
org.apache.ivy.plugins.circular.CircularDependencyHelper.formatMessage(ModuleDescriptor[]),org.apache.ivy.plugins.circular.CircularDependencyHelper.formatMessage(ModuleRevisionId[]),2
org.apache.ivy.plugins.circular.CircularDependencyHelper.formatMessage(ModuleDescriptor[]),org.apache.ivy.plugins.circular.CircularDependencyHelper.toMrids(ModuleDescriptor[]),3
"org.apache.ivy.plugins.conflict.StrictConflictManager.resolveConflicts(IvyNode, Collection)",org.apache.ivy.core.settings.IvySettings.getVersionMatcher(),3
org.apache.ivy.plugins.circular.IgnoreCircularDependencyStrategy.logCircularDependency(ModuleRevisionId[]),org.apache.ivy.util.Message.verbose(String),4
org.apache.ivy.plugins.circular.IgnoreCircularDependencyStrategy.logCircularDependency(ModuleRevisionId[]),org.apache.ivy.plugins.circular.CircularDependencyHelper.formatMessage(ModuleRevisionId[]),6
org.apache.ivy.plugins.conflict.LatestConflictManager.getStrategy(),org.apache.ivy.util.Message.error(String),1
org.apache.ivy.plugins.conflict.LatestConflictManager.getStrategy(),org.apache.ivy.core.settings.IvySettings.getDefaultLatestStrategy(),2
org.apache.ivy.plugins.conflict.LatestConflictManager.getStrategy(),org.apache.ivy.core.settings.IvySettings.getLatestStrategy(String),1
org.apache.ivy.plugins.lock.FileBasedLockStrategy.releaseLock(File),org.apache.ivy.plugins.lock.FileBasedLockStrategy.debugLocking(String),1
"org.apache.ivy.plugins.conflict.LatestCompatibleConflictManager.handleAllBlacklistedRevisions(DependencyDescriptor, Collection)",org.apache.ivy.core.IvyContext.getContext(),2
org.apache.ivy.plugins.conflict.StrictConflictException.<init>(Throwable),org.apache.ivy.core.resolve.ResolveProcessException.<init>(Throwable),1
"org.apache.ivy.plugins.lock.ArtifactLockStrategy.lockArtifact(Artifact, File)",org.apache.ivy.plugins.lock.FileBasedLockStrategy.acquireLock(File),1
org.apache.ivy.plugins.lock.FileBasedLockStrategy.acquireLock(File),org.apache.ivy.plugins.lock.FileBasedLockStrategy.incrementLock(File),1
org.apache.ivy.plugins.conflict.RegexpConflictManager.<init>(),org.apache.ivy.plugins.conflict.AbstractConflictManager.<init>(),9
org.apache.ivy.plugins.latest.LatestRevisionStrategy.addConfiguredSpecialMeaning(LatestRevisionStrategy$SpecialMeaning),org.apache.ivy.plugins.latest.LatestRevisionStrategy.getSpecialMeanings(),1
org.apache.ivy.plugins.circular.CircularDependencyException.<init>(ModuleRevisionId[]),org.apache.ivy.plugins.circular.CircularDependencyHelper.formatMessage(ModuleRevisionId[]),6
org.apache.ivy.plugins.conflict.RegexpConflictManager.setRegexp(String),org.apache.ivy.util.Message.error(String),1
org.apache.ivy.plugins.circular.AbstractLogCircularDependencyStrategy.handleCircularDependency(ModuleRevisionId[]),org.apache.ivy.plugins.circular.IgnoreCircularDependencyStrategy.logCircularDependency(ModuleRevisionId[]),1
org.apache.ivy.plugins.circular.ErrorCircularDependencyStrategy.handleCircularDependency(ModuleRevisionId[]),org.apache.ivy.plugins.circular.CircularDependencyException.<init>(ModuleRevisionId[]),3
"org.apache.ivy.plugins.conflict.LatestCompatibleConflictManager.handleUnsolvableConflict(IvyNode, Collection, IvyNode, IvyNode)","org.apache.ivy.plugins.conflict.StrictConflictException.<init>(IvyNode, IvyNode)",1
org.apache.ivy.plugins.conflict.StrictConflictException.<init>(String),org.apache.ivy.core.resolve.ResolveProcessException.<init>(String),1
"org.apache.ivy.plugins.conflict.StrictConflictException.<init>(String, Throwable)","org.apache.ivy.core.resolve.ResolveProcessException.<init>(String, Throwable)",1
org.apache.ivy.plugins.conflict.StrictConflictException.<init>(),org.apache.ivy.core.resolve.ResolveProcessException.<init>(),1
"org.apache.ivy.plugins.namespace.NameSpaceHelper.transform(Artifact, NamespaceTransformer)",org.apache.ivy.plugins.namespace.MRIDTransformationRule.transform(ModuleRevisionId),4
"org.apache.ivy.plugins.parser.m2.PomReader.<init>(URL, Resource)",org.apache.ivy.util.url.BasicURLHandler.openStream(URL),7
"org.apache.ivy.plugins.parser.m2.PomModuleDescriptorParser.parseDescriptor(ParserSettings, URL, Resource, boolean)",org.apache.ivy.plugins.parser.m2.PomModuleDescriptorParser.newParserException(Exception),2
org.apache.ivy.plugins.parser.m2.PomModuleDescriptorParser.newParserException(Exception),org.apache.ivy.util.Message.error(String),2
"org.apache.ivy.plugins.parser.m2.PomModuleDescriptorBuilder.<init>(ModuleDescriptorParser, Resource, ParserSettings)",org.apache.ivy.plugins.repository.file.FileResource.getLastModified(),1
"org.apache.ivy.plugins.parser.m2.PomModuleDescriptorBuilder.<init>(ModuleDescriptorParser, Resource, ParserSettings)",org.apache.ivy.plugins.repository.vfs.VfsResource.getLastModified(),6
org.apache.ivy.plugins.repository.vfs.VfsResource.getLastModified(),org.apache.ivy.plugins.repository.vfs.VfsResource.init(),8
org.apache.ivy.plugins.repository.vfs.VfsResource.init(),org.apache.ivy.util.Message.verbose(String),8
org.apache.ivy.plugins.parser.m2.PomModuleDescriptorParser.accept(Resource),org.apache.ivy.plugins.repository.vfs.VfsResource.getName(),6
org.apache.ivy.osgi.core.OSGiManifestParser.accept(Resource),org.apache.ivy.plugins.repository.vfs.VfsResource.getName(),5
"org.apache.ivy.plugins.parser.m2.PomModuleDescriptorWriter.write(ModuleDescriptor, File, PomWriterOptions)","org.apache.ivy.core.IvyPatternHelper.substituteVariables(String, IvyVariableContainer)",198
"org.apache.ivy.plugins.parser.m2.PomModuleDescriptorWriter.write(ModuleDescriptor, File, PomWriterOptions)","org.apache.ivy.plugins.parser.m2.PomModuleDescriptorWriter.printDependencies(ModuleDescriptor, PrintWriter, PomWriterOptions, int, boolean)",6
"org.apache.ivy.plugins.parser.m2.PomModuleDescriptorWriter.printDependencies(ModuleDescriptor, PrintWriter, PomWriterOptions, int, boolean)","org.apache.ivy.plugins.parser.m2.PomModuleDescriptorWriter.printDependency(PrintWriter, int, String, String, String, String, String, String, boolean, ExcludeRule[])",2
"org.apache.ivy.plugins.parser.m2.PomModuleDescriptorWriter.printDependency(PrintWriter, int, String, String, String, String, String, String, boolean, ExcludeRule[])","org.apache.ivy.plugins.parser.m2.PomModuleDescriptorWriter.indent(PrintWriter, int)",12
"org.apache.ivy.plugins.parser.m2.PomModuleDescriptorWriter.printDependencies(ModuleDescriptor, PrintWriter, PomWriterOptions, int, boolean)","org.apache.ivy.plugins.parser.m2.PomModuleDescriptorWriter.indent(PrintWriter, int)",4
"org.apache.ivy.plugins.parser.m2.PomModuleDescriptorWriter.printDependencies(ModuleDescriptor, PrintWriter, PomWriterOptions, int, boolean)","org.apache.ivy.plugins.parser.m2.PomModuleDescriptorWriter.getDependencies(ModuleDescriptor, PomWriterOptions)",6
"org.apache.ivy.plugins.parser.m2.PomModuleDescriptorWriter.getDependencies(ModuleDescriptor, PomWriterOptions)",org.apache.ivy.core.module.descriptor.DefaultDependencyDescriptor.getDependencyConfigurations(String[]),2
"org.apache.ivy.plugins.parser.m2.PomModuleDescriptorWriter.getDependencies(ModuleDescriptor, PomWriterOptions)","org.apache.ivy.util.ConfigurationUtils.replaceWildcards(String[], ModuleDescriptor)",6
"org.apache.ivy.plugins.parser.m2.PomModuleDescriptorWriter.getDependencies(ModuleDescriptor, PomWriterOptions)",org.apache.ivy.core.module.descriptor.DefaultModuleDescriptor.getDependencies(),5
"org.apache.ivy.plugins.parser.m2.PomModuleDescriptorWriter.printDependencies(ModuleDescriptor, PrintWriter, PomWriterOptions, int, boolean)",org.apache.ivy.core.module.descriptor.DefaultDependencyDescriptor.getModuleConfigurations(),4
"org.apache.ivy.plugins.parser.m2.PomModuleDescriptorWriter.printDependencies(ModuleDescriptor, PrintWriter, PomWriterOptions, int, boolean)",org.apache.ivy.core.module.descriptor.DefaultDependencyDescriptor.getAllDependencyArtifacts(),2
"org.apache.ivy.plugins.parser.m2.PomModuleDescriptorWriter.printDependencies(ModuleDescriptor, PrintWriter, PomWriterOptions, int, boolean)",org.apache.ivy.core.module.id.ModuleRevisionId.getOrganisation(),2
"org.apache.ivy.plugins.parser.m2.PomModuleDescriptorWriter.printDependencies(ModuleDescriptor, PrintWriter, PomWriterOptions, int, boolean)",org.apache.ivy.core.module.descriptor.DefaultDependencyDescriptor.canExclude(),2
"org.apache.ivy.plugins.parser.m2.PomModuleDescriptorWriter.printDependencies(ModuleDescriptor, PrintWriter, PomWriterOptions, int, boolean)",org.apache.ivy.core.module.id.ModuleRevisionId.getName(),2
"org.apache.ivy.plugins.parser.m2.PomModuleDescriptorWriter.write(ModuleDescriptor, File, PomWriterOptions)","org.apache.ivy.plugins.parser.m2.PomModuleDescriptorWriter.setModuleVariables(ModuleDescriptor, IvyVariableContainer, PomWriterOptions)",6
"org.apache.ivy.plugins.parser.m2.PomModuleDescriptorWriter.setModuleVariables(ModuleDescriptor, IvyVariableContainer, PomWriterOptions)","org.apache.ivy.plugins.parser.m2.PomModuleDescriptorWriter.findArtifact(ModuleDescriptor, String)",5
"org.apache.ivy.plugins.parser.m2.PomModuleDescriptorWriter.findArtifact(ModuleDescriptor, String)",org.apache.ivy.core.module.descriptor.DefaultModuleDescriptor.getAllArtifacts(),5
"org.apache.ivy.plugins.parser.m2.PomModuleDescriptorWriter.setModuleVariables(ModuleDescriptor, IvyVariableContainer, PomWriterOptions)",org.apache.ivy.core.module.id.ModuleRevisionId.getName(),4
"org.apache.ivy.plugins.parser.m2.PomModuleDescriptorWriter.setModuleVariables(ModuleDescriptor, IvyVariableContainer, PomWriterOptions)",org.apache.ivy.core.module.id.ModuleRevisionId.getOrganisation(),6
"org.apache.ivy.plugins.parser.m2.PomModuleDescriptorWriter.write(ModuleDescriptor, File, PomWriterOptions)",org.apache.ivy.core.IvyContext.getSettings(),6
"org.apache.ivy.plugins.parser.m2.PomModuleDescriptorWriter.write(ModuleDescriptor, File, PomWriterOptions)",org.apache.ivy.core.IvyContext.getContext(),6
"org.apache.ivy.plugins.parser.m2.PomModuleDescriptorWriter.findArtifact(ModuleDescriptor, String)",org.apache.ivy.core.module.descriptor.AbstractArtifact.getAttribute(String),1
"org.apache.ivy.plugins.parser.m2.PomModuleDescriptorBuilder.<init>(ModuleDescriptorParser, Resource, ParserSettings)",org.apache.ivy.plugins.repository.LazyResource.getLastModified(),4
org.apache.ivy.plugins.repository.LazyResource.getLastModified(),org.apache.ivy.plugins.repository.LazyResource.checkInit(),4
org.apache.ivy.plugins.repository.LazyResource.checkInit(),org.apache.ivy.plugins.repository.vsftp.VsftpResource.init(),5
org.apache.ivy.plugins.repository.vsftp.VsftpResource.init(),org.apache.ivy.plugins.repository.vsftp.VsftpRepository.getInitResource(String),5
org.apache.ivy.plugins.repository.vsftp.VsftpRepository.getInitResource(String),"org.apache.ivy.plugins.repository.vsftp.VsftpRepository.sendCommand(String, boolean, boolean)",5
"org.apache.ivy.plugins.repository.vsftp.VsftpRepository.sendCommand(String, boolean, boolean)","org.apache.ivy.plugins.repository.vsftp.VsftpRepository.sendCommand(String, boolean, boolean, long)",6
"org.apache.ivy.plugins.repository.vsftp.VsftpRepository.sendCommand(String, boolean, boolean, long)",org.apache.ivy.plugins.repository.vsftp.VsftpRepository.ensureConnectionOpened(),7
org.apache.ivy.plugins.repository.vsftp.VsftpRepository.ensureConnectionOpened(),org.apache.ivy.plugins.repository.vsftp.VsftpRepository.exec(String),7
org.apache.ivy.plugins.repository.vsftp.VsftpRepository.exec(String),org.apache.ivy.util.Message.debug(String),7
org.apache.ivy.plugins.repository.vsftp.VsftpRepository.ensureConnectionOpened(),org.apache.ivy.plugins.repository.vsftp.VsftpRepository.getConnectionCommand(),7
org.apache.ivy.plugins.repository.vsftp.VsftpRepository.ensureConnectionOpened(),org.apache.ivy.util.Message.verbose(String),7
"org.apache.ivy.plugins.repository.vsftp.VsftpRepository.sendCommand(String, boolean, boolean, long)",org.apache.ivy.plugins.repository.vsftp.VsftpRepository.checkInterrupted(),7
org.apache.ivy.plugins.repository.vsftp.VsftpRepository.checkInterrupted(),org.apache.ivy.Ivy.checkInterrupted(),7
org.apache.ivy.plugins.repository.vsftp.VsftpRepository.getInitResource(String),org.apache.ivy.plugins.repository.vsftp.VsftpRepository.cleanup(Exception),5
org.apache.ivy.plugins.repository.vsftp.VsftpRepository.cleanup(Exception),org.apache.ivy.plugins.repository.vsftp.VsftpRepository.disconnect(),7
org.apache.ivy.plugins.repository.vsftp.VsftpRepository.getInitResource(String),org.apache.ivy.plugins.repository.vsftp.VsftpRepository.cleanup(),5
org.apache.ivy.plugins.repository.vsftp.VsftpResource.init(),org.apache.ivy.util.Message.verbose(String),5
"org.apache.ivy.plugins.parser.m2.PomReader.<init>(URL, Resource)",org.apache.ivy.plugins.repository.url.URLResource.getName(),2
"org.apache.ivy.plugins.parser.m2.PomModuleDescriptorBuilder.<init>(ModuleDescriptorParser, Resource, ParserSettings)",org.apache.ivy.plugins.repository.ssh.SshResource.getLastModified(),1
"org.apache.ivy.plugins.parser.m2.PomModuleDescriptorBuilder.addProperty(String, String)","org.apache.ivy.plugins.parser.m2.PomModuleDescriptorBuilder.addExtraInfo(String, String)",1
"org.apache.ivy.plugins.parser.m2.PomModuleDescriptorBuilder.addExtraInfo(String, String)","org.apache.ivy.core.module.descriptor.DefaultModuleDescriptor.addExtraInfo(String, String)",1
"org.apache.ivy.plugins.parser.m2.PomModuleDescriptorBuilder.addProperty(String, String)",org.apache.ivy.plugins.parser.m2.PomModuleDescriptorBuilder.getPropertyExtraInfoKey(String),1
org.apache.ivy.plugins.parser.m2.PomModuleDescriptorBuilder.addSrcArtifact(),org.apache.ivy.plugins.parser.m2.PomModuleDescriptorBuilder.getSrcArtifact(),1
"org.apache.ivy.plugins.parser.m2.PomModuleDescriptorBuilder.<init>(ModuleDescriptorParser, Resource, ParserSettings)",org.apache.ivy.plugins.repository.sftp.SFTPResource.getLastModified(),4
"org.apache.ivy.plugins.matcher.MatcherHelper.matches(PatternMatcher, ModuleRevisionId, ModuleRevisionId)","org.apache.ivy.plugins.matcher.MatcherHelper.matches(PatternMatcher, String, String)",14
"org.apache.ivy.plugins.matcher.MatcherHelper.matches(PatternMatcher, ModuleRevisionId, ModuleRevisionId)",org.apache.ivy.core.module.id.ModuleRevisionId.getName(),8
"org.apache.ivy.plugins.matcher.MatcherHelper.matches(PatternMatcher, ModuleRevisionId, ModuleRevisionId)",org.apache.ivy.core.module.id.ModuleRevisionId.getOrganisation(),14
org.apache.ivy.plugins.parser.ModuleDescriptorParserRegistry.accept(Resource),org.apache.ivy.plugins.parser.ModuleDescriptorParserRegistry.getParser(Resource),2
"org.apache.ivy.plugins.report.XmlReportWriter.output(ConfigurationResolveReport, OutputStream)","org.apache.ivy.plugins.report.XmlReportWriter.output(ConfigurationResolveReport, String[], OutputStream)",2
org.apache.ivy.plugins.repository.vfs.VfsResource.toString(),org.apache.ivy.plugins.resolver.VfsResolver.prepareForDisplay(String),2
org.apache.ivy.plugins.repository.vfs.VfsResource.toString(),org.apache.ivy.plugins.repository.vfs.VfsResource.getName(),2
org.apache.ivy.plugins.repository.ResourceHelper.getLastModifiedOrDefault(Resource),org.apache.ivy.plugins.repository.vfs.VfsResource.getLastModified(),2
"org.apache.ivy.plugins.parser.xml.XmlModuleDescriptorParser.parseDescriptor(ParserSettings, InputStream, Resource, boolean)",org.apache.ivy.plugins.parser.xml.XmlModuleDescriptorParser.newParser(ParserSettings),3
"org.apache.ivy.plugins.parser.AbstractModuleDescriptorParser.getMetadataArtifact(ModuleRevisionId, Resource)",org.apache.ivy.plugins.repository.ssh.SshResource.getLastModified(),1
"org.apache.ivy.plugins.parser.AbstractModuleDescriptorParser.getMetadataArtifact(ModuleRevisionId, Resource)",org.apache.ivy.plugins.repository.sftp.SFTPResource.getLastModified(),2
org.apache.ivy.plugins.repository.sftp.SFTPResource.openStream(),org.apache.ivy.plugins.repository.sftp.SFTPRepository.openStream(SFTPResource),2
org.apache.ivy.plugins.repository.sftp.SFTPRepository.openStream(SFTPResource),org.apache.ivy.plugins.repository.sftp.SFTPRepository.getSftpChannel(String),2
"org.apache.ivy.plugins.namespace.NameSpaceHelper.transformOrganisation(String, NamespaceTransformer)","org.apache.ivy.plugins.namespace.NameSpaceHelper.transform(ModuleId, NamespaceTransformer)",5
"org.apache.ivy.plugins.namespace.NameSpaceHelper.transform(ModuleId, NamespaceTransformer)",org.apache.ivy.plugins.namespace.MRIDTransformationRule.transform(ModuleRevisionId),9
"org.apache.ivy.plugins.namespace.NameSpaceHelper.transformOrganisation(String, NamespaceTransformer)","org.apache.ivy.core.module.id.ModuleId.<init>(String, String)",5
org.apache.ivy.plugins.repository.jar.JarRepository.getResource(String),"org.apache.ivy.plugins.repository.jar.JarResource.<init>(JarFile, String)",2
"org.apache.ivy.plugins.namespace.NameSpaceHelper.transform(ArtifactId, NamespaceTransformer)","org.apache.ivy.plugins.namespace.NameSpaceHelper.transform(ModuleId, NamespaceTransformer)",3
"org.apache.ivy.plugins.matcher.MatcherHelper.isExact(PatternMatcher, ModuleId)","org.apache.ivy.plugins.matcher.MatcherHelper.isExact(PatternMatcher, String)",8
"org.apache.ivy.plugins.namespace.NameSpaceHelper.transform(ArtifactId, NamespaceTransformer)",org.apache.ivy.core.module.id.ModuleId.equals(Object),1
org.apache.ivy.plugins.resolver.packager.PackagerCacheEntry.saveFile(String),"org.apache.ivy.plugins.resolver.packager.PackagerCacheEntry.saveFile(String, InputStream)",3
"org.apache.ivy.plugins.resolver.packager.PackagerCacheEntry.saveFile(String, InputStream)","org.apache.ivy.util.FileUtil.copy(InputStream, File, CopyProgressListener)",4
"org.apache.ivy.plugins.resolver.packager.PackagerCacheEntry.build(Resource, Map)",org.apache.ivy.plugins.repository.vfs.VfsResource.openStream(),1
org.apache.ivy.plugins.repository.vfs.VfsResource.openStream(),org.apache.ivy.plugins.repository.vfs.VfsResource.getContent(),1
org.apache.ivy.plugins.repository.vfs.VfsResource.getContent(),org.apache.ivy.plugins.repository.vfs.VfsResource.init(),1
"org.apache.ivy.plugins.resolver.packager.PackagerCacheEntry.build(Resource, Map)",org.apache.ivy.plugins.resolver.packager.PackagerCacheEntry.cleanup(),3
org.apache.ivy.plugins.resolver.packager.PackagerCacheEntry.cleanup(),org.apache.ivy.util.FileUtil.forceDelete(File),16
"org.apache.ivy.plugins.resolver.packager.PackagerCacheEntry.<init>(ModuleRevisionId, File, File, String, boolean, boolean, boolean, boolean, boolean)","org.apache.ivy.plugins.resolver.packager.PackagerCacheEntry.getSubdir(File, ModuleRevisionId)",20
"org.apache.ivy.plugins.resolver.packager.PackagerCacheEntry.getSubdir(File, ModuleRevisionId)",org.apache.ivy.core.module.id.ModuleRevisionId.getName(),20
"org.apache.ivy.plugins.resolver.packager.PackagerCacheEntry.getSubdir(File, ModuleRevisionId)",org.apache.ivy.core.module.id.ModuleRevisionId.getOrganisation(),20
org.apache.ivy.plugins.resolver.IBiblioResolver.listRevisions(ModuleEntry),org.apache.ivy.plugins.resolver.BasicResolver.listRevisions(ModuleEntry),6
"org.apache.ivy.plugins.resolver.AbstractPatternsBasedResolver.findIvyNames(Map, String)","org.apache.ivy.plugins.resolver.IBiblioResolver.findTokenValues(Collection, List, Map, String)",9
"org.apache.ivy.plugins.resolver.IBiblioResolver.findTokenValues(Collection, List, Map, String)","org.apache.ivy.plugins.resolver.RepositoryResolver.findTokenValues(Collection, List, Map, String)",12
"org.apache.ivy.plugins.resolver.util.ResolverHelper.listAll(Repository, String)",org.apache.ivy.plugins.repository.url.URLRepository.list(String),4
org.apache.ivy.plugins.repository.url.URLRepository.list(String),org.apache.ivy.util.url.ApacheURLLister.listAll(URL),3
"org.apache.ivy.plugins.resolver.util.ResolverHelper.listAll(Repository, String)",org.apache.ivy.util.Message.verbose(String),8
"org.apache.ivy.plugins.resolver.util.ResolverHelper.listTokenValues(Repository, String, String)",org.apache.ivy.plugins.repository.AbstractRepository.standardize(String),18
"org.apache.ivy.plugins.resolver.IBiblioResolver.findTokenValues(Collection, List, Map, String)","org.apache.ivy.plugins.resolver.IBiblioResolver.listRevisionsWithMavenMetadata(Repository, Map)",2
"org.apache.ivy.plugins.resolver.IBiblioResolver.listRevisionsWithMavenMetadata(Repository, Map)","org.apache.ivy.plugins.resolver.IBiblioResolver.listRevisionsWithMavenMetadata(Repository, String)",2
"org.apache.ivy.plugins.resolver.IBiblioResolver.listRevisionsWithMavenMetadata(Repository, String)",org.apache.ivy.plugins.repository.url.URLResource.exists(),2
"org.apache.ivy.plugins.resolver.IBiblioResolver.listRevisionsWithMavenMetadata(Repository, String)",org.apache.ivy.plugins.repository.url.URLRepository.getResource(String),2
"org.apache.ivy.plugins.resolver.IBiblioResolver.listRevisionsWithMavenMetadata(Repository, String)",org.apache.ivy.util.Message.verbose(String),2
"org.apache.ivy.plugins.resolver.IBiblioResolver.listRevisionsWithMavenMetadata(Repository, Map)","org.apache.ivy.core.IvyPatternHelper.substituteTokens(String, Map)",2
"org.apache.ivy.plugins.resolver.IBiblioResolver.findTokenValues(Collection, List, Map, String)",org.apache.ivy.plugins.resolver.IBiblioResolver.getWholePattern(),6
"org.apache.ivy.plugins.resolver.IBiblioResolver.findTokenValues(Collection, List, Map, String)",org.apache.ivy.plugins.resolver.IBiblioResolver.shouldUseMavenMetadata(String),6
"org.apache.ivy.plugins.resolver.AbstractPatternsBasedResolver.findIvyNames(Map, String)",org.apache.ivy.plugins.resolver.BasicResolver.filterNames(Collection),20
"org.apache.ivy.plugins.resolver.AbstractPatternsBasedResolver.findIvyNames(Map, String)",org.apache.ivy.plugins.resolver.AbstractPatternsBasedResolver.convertM2TokenValuesForResourceSearch(Map),4
org.apache.ivy.plugins.resolver.AbstractPatternsBasedResolver.convertM2TokenValuesForResourceSearch(Map),org.apache.ivy.plugins.resolver.AbstractPatternsBasedResolver.convertM2OrganizationForResourceSearch(String),4
org.apache.ivy.plugins.resolver.IBiblioResolver.listRevisions(ModuleEntry),org.apache.ivy.plugins.resolver.IBiblioResolver.ensureConfigured(ResolverSettings),6
org.apache.ivy.plugins.resolver.IBiblioResolver.listModules(OrganisationEntry),org.apache.ivy.plugins.resolver.BasicResolver.listModules(OrganisationEntry),2
org.apache.ivy.plugins.resolver.IBiblioResolver.listModules(OrganisationEntry),org.apache.ivy.plugins.resolver.IBiblioResolver.ensureConfigured(ResolverSettings),2
org.apache.ivy.plugins.resolver.util.ApacheHttpURLLister.listAll(URL),org.apache.ivy.util.url.ApacheURLLister.listAll(URL),4
org.apache.ivy.plugins.resolver.util.ApacheHttpURLLister.<init>(),org.apache.ivy.util.url.ApacheURLLister.<init>(),9
org.apache.ivy.plugins.resolver.IvyRepResolver.listOrganisations(),"org.apache.ivy.util.XMLHelper.parse(URL, URL, DefaultHandler)",1
org.apache.ivy.plugins.resolver.IvyRepResolver.listOrganisations(),org.apache.ivy.plugins.resolver.BasicResolver.listOrganisations(),4
"org.apache.ivy.plugins.resolver.AbstractPatternsBasedResolver.findIvyNames(Map, String)",org.apache.ivy.plugins.resolver.IvyRepResolver.getIvyPatterns(),10
org.apache.ivy.plugins.resolver.IvyRepResolver.listOrganisations(),org.apache.ivy.util.Message.warn(String),1
org.apache.ivy.plugins.resolver.IvyRepResolver.listOrganisations(),org.apache.ivy.plugins.resolver.IvyRepResolver.ensureIvyConfigured(ResolverSettings),5
org.apache.ivy.plugins.resolver.packager.PackagerCacheEntry.finalize(),org.apache.ivy.plugins.resolver.packager.PackagerCacheEntry.cleanup(),12
"org.apache.ivy.plugins.resolver.packager.PackagerResolver.findArtifactRef(Artifact, Date)","org.apache.ivy.plugins.resolver.packager.PackagerResolver.findArtifactRef(Artifact, Date)",3
"org.apache.ivy.plugins.resolver.packager.PackagerResolver.findArtifactRef(Artifact, Date)","org.apache.ivy.plugins.resolver.AbstractPatternsBasedResolver.findArtifactRef(Artifact, Date)",3
"org.apache.ivy.plugins.resolver.packager.PackagerResolver.findArtifactRef(Artifact, Date)",org.apache.ivy.core.module.descriptor.DefaultArtifact.getExt(),4
"org.apache.ivy.plugins.resolver.packager.PackagerResolver.findArtifactRef(Artifact, Date)",org.apache.ivy.core.module.descriptor.DefaultArtifact.getName(),6
"org.apache.ivy.plugins.resolver.packager.PackagerResolver.findArtifactRef(Artifact, Date)",org.apache.ivy.core.module.descriptor.DefaultArtifact.getType(),4
"org.apache.ivy.plugins.resolver.packager.PackagerResolver.findArtifactRef(Artifact, Date)","org.apache.ivy.core.module.descriptor.DefaultArtifact.<init>(ModuleRevisionId, Date, String, String, String)",3
"org.apache.ivy.plugins.resolver.packager.PackagerResolver.findArtifactRef(Artifact, Date)",org.apache.ivy.core.module.descriptor.DefaultArtifact.getModuleRevisionId(),3
org.apache.ivy.plugins.resolver.packager.PackagerResolver.<init>(),org.apache.ivy.plugins.resolver.URLResolver.<init>(),25
"org.apache.ivy.plugins.resolver.RepositoryResolver.get(Resource, File)","org.apache.ivy.plugins.repository.sftp.SFTPRepository.get(String, File)",1
"org.apache.ivy.plugins.resolver.RepositoryResolver.get(Resource, File)",org.apache.ivy.plugins.repository.vfs.VfsResource.getName(),2
"org.apache.ivy.plugins.resolver.util.ResolverHelper.findAll(Repository, ModuleRevisionId, String, Artifact)",org.apache.ivy.plugins.repository.url.URLRepository.getResource(String),1
"org.apache.ivy.plugins.resolver.util.ResolverHelper.findAll(Repository, ModuleRevisionId, String, Artifact)",org.apache.ivy.plugins.repository.url.ChainedRepository.getResource(String),2
org.apache.ivy.plugins.repository.url.ChainedRepository.getResource(String),"org.apache.ivy.plugins.repository.BasicResource.<init>(String, boolean, long, long, boolean)",1
org.apache.ivy.plugins.resolver.IvyRepResolver.exists(Artifact),org.apache.ivy.plugins.resolver.BasicResolver.exists(Artifact),2
"org.apache.ivy.plugins.resolver.BasicResolver.getArtifactRef(Artifact, Date)","org.apache.ivy.plugins.resolver.IvyRepResolver.findArtifactRef(Artifact, Date)",3
"org.apache.ivy.plugins.resolver.IvyRepResolver.findArtifactRef(Artifact, Date)","org.apache.ivy.plugins.resolver.AbstractPatternsBasedResolver.findArtifactRef(Artifact, Date)",4
"org.apache.ivy.plugins.resolver.IvyRepResolver.findArtifactRef(Artifact, Date)",org.apache.ivy.plugins.resolver.IvyRepResolver.ensureArtifactConfigured(ResolverSettings),4
org.apache.ivy.plugins.resolver.IvyRepResolver.exists(Artifact),org.apache.ivy.plugins.resolver.IvyRepResolver.ensureArtifactConfigured(ResolverSettings),2
"org.apache.ivy.plugins.resolver.packager.BuiltFileResource.<init>(File, Artifact)","org.apache.ivy.core.IvyPatternHelper.substitute(String, Artifact)",2
"org.apache.ivy.plugins.resolver.packager.BuiltFileResource.<init>(File, Artifact)",org.apache.ivy.plugins.resolver.packager.BuiltFileResource.<init>(File),1
org.apache.ivy.plugins.resolver.AbstractPatternsBasedResolver.convertM2ResourceSearchIdToNormal(ModuleRevisionId),org.apache.ivy.core.module.id.ModuleRevisionId.getOrganisation(),2
"org.apache.ivy.plugins.resolver.FileSystemResolver.beginPublishTransaction(ModuleRevisionId, boolean)",org.apache.ivy.plugins.resolver.FileSystemResolver.initTransaction(ModuleRevisionId),1
org.apache.ivy.plugins.resolver.FileSystemResolver.initTransaction(ModuleRevisionId),"org.apache.ivy.core.module.id.ModuleRevisionId.newInstance(ModuleRevisionId, String)",1
org.apache.ivy.plugins.resolver.FileSystemResolver.initTransaction(ModuleRevisionId),"org.apache.ivy.core.IvyPatternHelper.substitute(String, ModuleRevisionId)",1
"org.apache.ivy.plugins.resolver.AbstractResolver.getSystemNode(ResolveData, ModuleRevisionId)",org.apache.ivy.plugins.resolver.AbstractResolver.toSystem(ModuleRevisionId),1
"org.apache.ivy.plugins.resolver.FileSystemResolver.beginPublishTransaction(ModuleRevisionId, boolean)",org.apache.ivy.plugins.resolver.FileSystemResolver.unsupportedTransaction(String),3
"org.apache.ivy.plugins.version.VersionRangeMatcher.<init>(String, LatestStrategy)",org.apache.ivy.plugins.version.AbstractVersionMatcher.<init>(String),4
"org.apache.ivy.plugins.resolver.CacheResolver.getDependency(DependencyDescriptor, ResolveData)",org.apache.ivy.plugins.resolver.AbstractResolver.getRepositoryCacheManager(),1
"org.apache.ivy.plugins.resolver.CacheResolver.getDependency(DependencyDescriptor, ResolveData)",org.apache.ivy.plugins.resolver.BasicResolver.clearIvyAttempts(),2
org.apache.ivy.plugins.resolver.CacheResolver.exists(Artifact),org.apache.ivy.plugins.resolver.BasicResolver.exists(Artifact),2
org.apache.ivy.plugins.resolver.CacheResolver.exists(Artifact),org.apache.ivy.plugins.resolver.CacheResolver.ensureConfigured(),4
org.apache.ivy.plugins.repository.vsftp.VsftpRepository.list(String),"org.apache.ivy.plugins.repository.vsftp.VsftpRepository.sendCommand(String, boolean, boolean)",1
org.apache.ivy.plugins.repository.vsftp.VsftpRepository.list(String),org.apache.ivy.plugins.repository.vsftp.VsftpRepository.cleanup(Exception),1
org.apache.ivy.plugins.version.PatternVersionMatcher.isDynamic(ModuleRevisionId),org.apache.ivy.plugins.version.PatternVersionMatcher.init(),2
org.apache.ivy.plugins.version.PatternVersionMatcher.<init>(),org.apache.ivy.plugins.version.AbstractVersionMatcher.<init>(),4
"org.apache.ivy.plugins.version.PatternVersionMatcher.accept(ModuleRevisionId, ModuleRevisionId)",org.apache.ivy.plugins.version.PatternVersionMatcher.init(),3
"org.apache.ivy.plugins.resolver.RepositoryResolver.get(Resource, File)","org.apache.ivy.plugins.repository.vsftp.VsftpRepository.get(String, File)",1
"org.apache.ivy.plugins.repository.vsftp.VsftpRepository.get(String, File)",org.apache.ivy.plugins.repository.vsftp.VsftpRepository.initIvy(),1
"org.apache.ivy.plugins.repository.vsftp.VsftpRepository.get(String, File)",org.apache.ivy.plugins.repository.vsftp.VsftpRepository.sendCommand(String),1
org.apache.ivy.plugins.repository.vsftp.VsftpRepository.sendCommand(String),"org.apache.ivy.plugins.repository.vsftp.VsftpRepository.sendCommand(String, boolean, long)",1
"org.apache.ivy.plugins.repository.vsftp.VsftpRepository.sendCommand(String, boolean, long)","org.apache.ivy.plugins.repository.vsftp.VsftpRepository.sendCommand(String, boolean, boolean, long)",1
"org.apache.ivy.plugins.repository.vsftp.VsftpRepository.get(String, File)",org.apache.ivy.plugins.repository.AbstractRepository.fireTransferError(Exception),1
"org.apache.ivy.plugins.repository.vsftp.VsftpRepository.get(String, File)","org.apache.ivy.plugins.repository.AbstractRepository.fireTransferInitiated(Resource, int)",1
"org.apache.ivy.plugins.repository.vsftp.VsftpRepository.get(String, File)",org.apache.ivy.plugins.repository.vsftp.VsftpRepository.cleanup(),1
"org.apache.ivy.plugins.repository.vsftp.VsftpRepository.get(String, File)",org.apache.ivy.plugins.repository.vsftp.VsftpRepository.cleanup(Exception),1
"org.apache.ivy.plugins.repository.vsftp.VsftpRepository.get(String, File)",org.apache.ivy.plugins.repository.vsftp.VsftpRepository.getResource(String),1
"org.apache.ivy.plugins.version.ChainVersionMatcher.compare(ModuleRevisionId, ModuleRevisionId, Comparator)","org.apache.ivy.util.Checks.checkNotNull(Object, String)",3
"org.apache.ivy.plugins.version.LatestVersionMatcher.compare(ModuleRevisionId, ModuleRevisionId, Comparator)","org.apache.ivy.plugins.version.LatestVersionMatcher.needModuleDescriptor(ModuleRevisionId, ModuleRevisionId)",2
"org.apache.ivy.plugins.resolver.ChainResolver.download(ArtifactOrigin, DownloadOptions)",org.apache.ivy.core.report.ArtifactDownloadReport.<init>(Artifact),1
"org.apache.ivy.plugins.resolver.IBiblioResolver.listResources(Repository, ModuleRevisionId, String, Artifact)","org.apache.ivy.plugins.resolver.RepositoryResolver.listResources(Repository, ModuleRevisionId, String, Artifact)",1
"org.apache.ivy.plugins.resolver.IBiblioResolver.listResources(Repository, ModuleRevisionId, String, Artifact)",org.apache.ivy.plugins.resolver.IBiblioResolver.shouldUseMavenMetadata(String),1
org.apache.ivy.plugins.version.Match.getPatternMatcher(ModuleRevisionId),org.apache.ivy.core.IvyContext.getSettings(),3
org.apache.ivy.plugins.version.Match.getPatternMatcher(ModuleRevisionId),org.apache.ivy.plugins.version.Match.split(String),5
org.apache.ivy.plugins.version.Match.getPatternMatcher(ModuleRevisionId),org.apache.ivy.plugins.version.Match.getRevisionArgs(String),5
org.apache.ivy.plugins.version.Match.getRevisionArgs(String),org.apache.ivy.plugins.version.Match.split(String),2
org.apache.ivy.plugins.version.Match.getPatternMatcher(ModuleRevisionId),"org.apache.ivy.core.IvyPatternHelper.substituteVariables(String, Map)",3
org.apache.ivy.plugins.version.Match.getPatternMatcher(ModuleRevisionId),org.apache.ivy.core.IvyContext.getContext(),3
org.apache.ivy.plugins.version.Match.getPatternMatcher(ModuleRevisionId),org.apache.ivy.core.settings.IvySettings.getMatcher(String),3
"org.apache.ivy.plugins.resolver.util.ResolverHelper.findAll(Repository, ModuleRevisionId, String, Artifact)",org.apache.ivy.plugins.repository.LazyResource.exists(),1
org.apache.ivy.plugins.repository.LazyResource.exists(),org.apache.ivy.plugins.repository.LazyResource.checkInit(),1
"org.apache.ivy.plugins.resolver.util.ResolverHelper.findAll(Repository, ModuleRevisionId, String, Artifact)",org.apache.ivy.plugins.repository.vsftp.VsftpRepository.getResource(String),1
org.apache.ivy.plugins.repository.ResourceHelper.getLastModifiedOrDefault(Resource),org.apache.ivy.plugins.repository.sftp.SFTPResource.getLastModified(),1
org.apache.ivy.plugins.resolver.JarResolver.setSettings(ResolverSettings),"org.apache.ivy.core.cache.DefaultRepositoryCacheManager.downloadRepositoryResource(Resource, String, String, String, CacheResourceOptions, Repository)",1
org.apache.ivy.plugins.resolver.JarResolver.setSettings(ResolverSettings),org.apache.ivy.plugins.resolver.AbstractResolver.getRepositoryCacheManager(),3
org.apache.ivy.plugins.resolver.JarResolver.setSettings(ResolverSettings),org.apache.ivy.plugins.resolver.JarResolver.setJarFile(File),1
org.apache.ivy.plugins.resolver.JarResolver.setSettings(ResolverSettings),org.apache.ivy.plugins.repository.url.URLRepository.<init>(),1
org.apache.ivy.plugins.resolver.JarResolver.setSettings(ResolverSettings),org.apache.ivy.core.cache.CacheResourceOptions.<init>(),3
org.apache.ivy.plugins.resolver.JarResolver.setSettings(ResolverSettings),org.apache.ivy.plugins.repository.url.URLResource.<init>(URL),3
org.apache.ivy.plugins.resolver.CacheResolver.listModules(OrganisationEntry),org.apache.ivy.plugins.resolver.BasicResolver.listModules(OrganisationEntry),4
org.apache.ivy.plugins.resolver.CacheResolver.listModules(OrganisationEntry),org.apache.ivy.plugins.resolver.CacheResolver.ensureConfigured(),5
org.apache.ivy.plugins.resolver.CacheResolver.ensureConfigured(),org.apache.ivy.plugins.resolver.FileSystemResolver.addArtifactPattern(String),2
org.apache.ivy.plugins.resolver.CacheResolver.ensureConfigured(),org.apache.ivy.plugins.resolver.FileSystemResolver.addIvyPattern(String),2
org.apache.ivy.plugins.resolver.CacheResolver.ensureConfigured(),org.apache.ivy.core.cache.DefaultRepositoryCacheManager.getIvyPattern(),2
org.apache.ivy.plugins.resolver.CacheResolver.ensureConfigured(),org.apache.ivy.core.cache.DefaultRepositoryCacheManager.getArtifactPattern(),2
org.apache.ivy.plugins.resolver.CacheResolver.ensureConfigured(),org.apache.ivy.core.cache.DefaultRepositoryCacheManager.getBasedir(),4
org.apache.ivy.plugins.resolver.RepositoryResolver.getResource(String),org.apache.ivy.plugins.repository.vfs.VfsRepository.getResource(String),1
org.apache.ivy.plugins.resolver.VfsResolver.hidePassword(String),org.apache.ivy.plugins.resolver.VfsResolver.prepareForDisplay(String),8
org.apache.ivy.plugins.resolver.AbstractSshBasedResolver.setSettings(IvySettings),org.apache.ivy.core.settings.IvySettings.getDefaultIvyUserDir(),1
org.apache.ivy.plugins.resolver.AbstractSshBasedResolver.setSettings(IvySettings),org.apache.ivy.plugins.resolver.RepositoryResolver.setSettings(ResolverSettings),4
org.apache.ivy.plugins.resolver.AbstractSshBasedResolver.setSettings(IvySettings),org.apache.ivy.plugins.resolver.AbstractSshBasedResolver.getSshBasedRepository(),4
org.apache.ivy.plugins.resolver.IBiblioResolver.ensureConfigured(ResolverSettings),org.apache.ivy.core.settings.IvySettings.configureRepositories(boolean),6
org.apache.ivy.plugins.resolver.IBiblioResolver.setPattern(String),org.apache.ivy.plugins.resolver.IBiblioResolver.updateWholePattern(),2
org.apache.ivy.plugins.resolver.IBiblioResolver.setPattern(String),org.apache.ivy.plugins.resolver.IBiblioResolver.ensureConfigured(ResolverSettings),2
org.apache.ivy.plugins.resolver.IvyRepResolver.ensureArtifactConfigured(ResolverSettings),org.apache.ivy.core.settings.IvySettings.configureRepositories(boolean),2
org.apache.ivy.plugins.resolver.IvyRepResolver.setArtpattern(String),org.apache.ivy.plugins.resolver.IvyRepResolver.updateWholeArtPattern(),4
org.apache.ivy.plugins.resolver.IvyRepResolver.setArtpattern(String),org.apache.ivy.plugins.resolver.IvyRepResolver.ensureArtifactConfigured(ResolverSettings),4
org.apache.ivy.plugins.resolver.packager.PackagerResolver.validate(),org.apache.ivy.plugins.resolver.AbstractResolver.validate(),2
org.apache.ivy.plugins.resolver.CacheResolver.locate(Artifact),org.apache.ivy.plugins.resolver.BasicResolver.locate(Artifact),1
org.apache.ivy.plugins.resolver.CacheResolver.locate(Artifact),org.apache.ivy.plugins.resolver.CacheResolver.ensureConfigured(),1
org.apache.ivy.plugins.resolver.AbstractResolver.initRepositoryCacheManagerFromSettings(),org.apache.ivy.core.settings.IvySettings.getRepositoryCacheManagers(),2
org.apache.ivy.plugins.resolver.AbstractResolver.initRepositoryCacheManagerFromSettings(),org.apache.ivy.core.settings.IvySettings.getRepositoryCacheManager(String),2
org.apache.ivy.plugins.resolver.MirroredURLResolver.validate(),org.apache.ivy.plugins.resolver.AbstractResolver.validate(),3
org.apache.ivy.plugins.resolver.MirroredURLResolver.validate(),org.apache.ivy.plugins.resolver.MirroredURLResolver.setupMirrors(),1
org.apache.ivy.plugins.resolver.MirroredURLResolver.setupMirrors(),org.apache.ivy.plugins.resolver.MirroredURLResolver.downloadMirrorList(),1
org.apache.ivy.plugins.resolver.MirroredURLResolver.downloadMirrorList(),"org.apache.ivy.core.cache.DefaultRepositoryCacheManager.downloadRepositoryResource(Resource, String, String, String, CacheResourceOptions, Repository)",1
org.apache.ivy.plugins.resolver.MirroredURLResolver.downloadMirrorList(),org.apache.ivy.plugins.repository.url.URLRepository.<init>(),1
org.apache.ivy.plugins.resolver.MirroredURLResolver.downloadMirrorList(),org.apache.ivy.core.cache.CacheResourceOptions.<init>(),1
org.apache.ivy.plugins.resolver.MirroredURLResolver.downloadMirrorList(),org.apache.ivy.plugins.repository.url.URLResource.<init>(URL),1
org.apache.ivy.plugins.resolver.MirroredURLResolver.downloadMirrorList(),org.apache.ivy.plugins.resolver.AbstractResolver.getRepositoryCacheManager(),1
"org.apache.ivy.plugins.resolver.BasicResolver.download(ArtifactOrigin, DownloadOptions)","org.apache.ivy.util.Checks.checkNotNull(Object, String)",2
org.apache.ivy.plugins.resolver.CacheResolver.listRevisions(ModuleEntry),org.apache.ivy.plugins.resolver.BasicResolver.listRevisions(ModuleEntry),2
org.apache.ivy.plugins.resolver.CacheResolver.listRevisions(ModuleEntry),org.apache.ivy.plugins.resolver.CacheResolver.ensureConfigured(),3
org.apache.ivy.plugins.resolver.CacheResolver.dumpSettings(),org.apache.ivy.util.Message.verbose(String),1
org.apache.ivy.plugins.version.ChainVersionMatcher.add(VersionMatcher),org.apache.ivy.plugins.version.AbstractVersionMatcher.setSettings(IvySettings),1
"org.apache.ivy.plugins.resolver.CacheResolver.download(Artifact[], DownloadOptions)",org.apache.ivy.plugins.resolver.CacheResolver.ensureConfigured(),5
"org.apache.ivy.plugins.resolver.CacheResolver.download(Artifact[], DownloadOptions)",org.apache.ivy.core.report.DownloadReport.<init>(),2
"org.apache.ivy.plugins.resolver.CacheResolver.download(Artifact[], DownloadOptions)",org.apache.ivy.plugins.resolver.BasicResolver.clearArtifactAttempts(),2
"org.apache.ivy.plugins.resolver.MockResolver.buildMockResolver(ResolverSettings, String, boolean, ModuleRevisionId, Date)","org.apache.ivy.plugins.resolver.MockResolver.buildMockResolver(ResolverSettings, String, boolean, ModuleRevisionId, Date, boolean)",1
"org.apache.ivy.plugins.resolver.MockResolver.buildMockResolver(ResolverSettings, String, boolean, ModuleRevisionId, Date, boolean)",org.apache.ivy.plugins.resolver.MockResolver.<init>(),1
"org.apache.ivy.plugins.repository.AbstractRepository.put(Artifact, File, String, boolean)","org.apache.ivy.plugins.repository.AbstractRepository.put(File, String, boolean)",1
"org.apache.ivy.plugins.resolver.CacheResolver.download(Artifact[], DownloadOptions)","org.apache.ivy.plugins.resolver.BasicResolver.getArtifactRef(Artifact, Date)",1
"org.apache.ivy.plugins.resolver.CacheResolver.download(Artifact[], DownloadOptions)",org.apache.ivy.core.report.DownloadReport.addArtifactReport(ArtifactDownloadReport),1
"org.apache.ivy.plugins.resolver.CacheResolver.download(Artifact[], DownloadOptions)",org.apache.ivy.core.report.ArtifactDownloadReport.<init>(Artifact),1
org.apache.ivy.plugins.resolver.FileSystemResolver.isLocal(),org.apache.ivy.plugins.resolver.FileSystemResolver.getFileRepository(),2
org.apache.ivy.plugins.resolver.RepositoryResolver.exist(String),org.apache.ivy.plugins.repository.vfs.VfsRepository.getResource(String),1
org.apache.ivy.plugins.resolver.RepositoryResolver.exist(String),org.apache.ivy.plugins.repository.vfs.VfsResource.exists(),1
org.apache.ivy.plugins.repository.vfs.VfsResource.exists(),org.apache.ivy.plugins.repository.vfs.VfsResource.init(),1
org.apache.ivy.plugins.resolver.IvyRepResolver.listModules(OrganisationEntry),org.apache.ivy.plugins.resolver.IvyRepResolver.ensureIvyConfigured(ResolverSettings),3
"org.apache.ivy.plugins.resolver.IBiblioResolver.listTokenValues(String, String)","org.apache.ivy.plugins.resolver.RepositoryResolver.listTokenValues(String, String)",5
"org.apache.ivy.plugins.resolver.IBiblioResolver.listTokenValues(String, String)",org.apache.ivy.plugins.resolver.IBiblioResolver.ensureConfigured(ResolverSettings),5
org.apache.ivy.plugins.resolver.packager.PackagerResolver.setDescriptor(String),org.apache.ivy.util.Message.error(String),1
org.apache.ivy.plugins.resolver.packager.BuiltFileResource.toString(),org.apache.ivy.plugins.resolver.packager.BuiltFileResource.getName(),2
org.apache.ivy.plugins.resolver.IvyRepResolver.setArtroot(String),org.apache.ivy.plugins.resolver.IvyRepResolver.updateWholeArtPattern(),3
org.apache.ivy.plugins.resolver.IvyRepResolver.setArtroot(String),org.apache.ivy.plugins.resolver.IvyRepResolver.ensureArtifactConfigured(ResolverSettings),3
org.apache.ivy.plugins.resolver.packager.PackagerResolver.setDescriptor(String),org.apache.ivy.plugins.resolver.BasicResolver.setDescriptor(String),2
org.apache.ivy.plugins.resolver.RepositoryResolver.getResource(String),org.apache.ivy.plugins.repository.url.URLRepository.getResource(String),2
org.apache.ivy.plugins.resolver.RepositoryResolver.getResource(String),org.apache.ivy.plugins.repository.jar.JarRepository.getResource(String),1
org.apache.ivy.plugins.resolver.AbstractResolver.exists(Artifact),org.apache.ivy.plugins.resolver.AbstractResolver.locate(Artifact),1
"org.apache.ivy.plugins.resolver.AbstractResolver.isAfter(ResolvedModuleRevision, ResolvedModuleRevision, Date)",org.apache.ivy.plugins.resolver.AbstractResolver.getLatestStrategy(),1
"org.apache.ivy.plugins.resolver.util.ResolverHelper.listAll(URLLister, URL)",org.apache.ivy.util.Message.warn(String),1
org.apache.ivy.plugins.resolver.packager.PackagerResolver.clearCache(),org.apache.ivy.util.FileUtil.forceDelete(File),4
org.apache.ivy.plugins.resolver.JarResolver.setFile(String),org.apache.ivy.plugins.resolver.JarResolver.setJarFile(File),1
org.apache.ivy.plugins.resolver.RepositoryResolver.exist(String),org.apache.ivy.plugins.repository.url.URLRepository.getResource(String),3
org.apache.ivy.plugins.resolver.ChainResolver.commitPublishTransaction(),org.apache.ivy.plugins.resolver.ChainResolver.getFirstResolver(),2
org.apache.ivy.plugins.resolver.RepositoryResolver.exist(String),org.apache.ivy.plugins.repository.ssh.SshResource.exists(),2
org.apache.ivy.plugins.repository.ssh.SshResource.exists(),org.apache.ivy.plugins.repository.ssh.SshResource.resolve(),2
org.apache.ivy.plugins.resolver.RepositoryResolver.exist(String),org.apache.ivy.plugins.repository.ssh.SshRepository.getResource(String),2
org.apache.ivy.plugins.resolver.RepositoryResolver.exist(String),org.apache.ivy.plugins.repository.sftp.SFTPResource.exists(),2
org.apache.ivy.plugins.repository.sftp.SFTPResource.exists(),org.apache.ivy.plugins.repository.sftp.SFTPResource.init(),2
org.apache.ivy.plugins.resolver.RepositoryResolver.exist(String),org.apache.ivy.plugins.repository.sftp.SFTPRepository.getResource(String),2
"org.apache.ivy.plugins.resolver.BasicResolver.listTokenValues(String, Map)","org.apache.ivy.plugins.resolver.AbstractPatternsBasedResolver.findNames(Map, String)",3
org.apache.ivy.plugins.resolver.AbstractSshBasedResolver.setPassfile(File),org.apache.ivy.plugins.resolver.AbstractSshBasedResolver.getSshBasedRepository(),1
org.apache.ivy.plugins.trigger.LogTrigger.log(String),org.apache.ivy.core.resolve.ResolveProcessException.<init>(Throwable),3
org.apache.ivy.plugins.resolver.IvyRepResolver.listModules(OrganisationEntry),"org.apache.ivy.plugins.resolver.AbstractPatternsBasedResolver.findIvyNames(Map, String)",2
org.apache.ivy.plugins.resolver.packager.PackagerResolver.setAllownomd(boolean),org.apache.ivy.util.Message.error(String),1
"org.apache.ivy.plugins.resolver.ChainResolver.download(Artifact[], DownloadOptions)","org.apache.ivy.plugins.resolver.MockResolver.download(Artifact[], DownloadOptions)",1
"org.apache.ivy.plugins.resolver.ChainResolver.beginPublishTransaction(ModuleRevisionId, boolean)","org.apache.ivy.plugins.resolver.FileSystemResolver.beginPublishTransaction(ModuleRevisionId, boolean)",1
"org.apache.ivy.plugins.resolver.ChainResolver.beginPublishTransaction(ModuleRevisionId, boolean)",org.apache.ivy.plugins.resolver.ChainResolver.getFirstResolver(),2
org.apache.ivy.plugins.resolver.DualResolver.reportFailure(Artifact),org.apache.ivy.plugins.resolver.AbstractResolver.reportFailure(Artifact),3
org.apache.ivy.plugins.resolver.AbstractResolver.reportFailure(Artifact),org.apache.ivy.util.Message.verbose(String),3
org.apache.ivy.plugins.resolver.DualResolver.setAllownomd(boolean),org.apache.ivy.util.Message.deprecated(String),2
org.apache.ivy.plugins.resolver.AbstractSshBasedResolver.setUser(String),org.apache.ivy.plugins.resolver.AbstractSshBasedResolver.getSshBasedRepository(),1
org.apache.ivy.plugins.resolver.ChainResolver.abortPublishTransaction(),org.apache.ivy.plugins.resolver.FileSystemResolver.abortPublishTransaction(),2
org.apache.ivy.plugins.resolver.FileSystemResolver.abortPublishTransaction(),org.apache.ivy.util.Message.info(String),2
org.apache.ivy.plugins.resolver.ChainResolver.abortPublishTransaction(),org.apache.ivy.plugins.resolver.ChainResolver.getFirstResolver(),4
org.apache.ivy.plugins.resolver.FileSystemResolver.setLocal(boolean),org.apache.ivy.plugins.resolver.FileSystemResolver.getFileRepository(),2
"org.apache.ivy.plugins.resolver.IBiblioResolver.listTokenValues(String, Map)","org.apache.ivy.plugins.resolver.BasicResolver.listTokenValues(String, Map)",1
"org.apache.ivy.plugins.resolver.IBiblioResolver.listTokenValues(String, Map)",org.apache.ivy.plugins.resolver.IBiblioResolver.ensureConfigured(ResolverSettings),1
org.apache.ivy.plugins.resolver.IvyRepResolver.listRevisions(ModuleEntry),org.apache.ivy.plugins.resolver.BasicResolver.listRevisions(ModuleEntry),1
org.apache.ivy.plugins.resolver.IvyRepResolver.listRevisions(ModuleEntry),org.apache.ivy.plugins.resolver.IvyRepResolver.ensureArtifactConfigured(ResolverSettings),1
org.apache.ivy.plugins.resolver.IvyRepResolver.listRevisions(ModuleEntry),org.apache.ivy.plugins.resolver.IvyRepResolver.ensureIvyConfigured(ResolverSettings),1
org.apache.ivy.plugins.resolver.IvyRepResolver.locate(Artifact),org.apache.ivy.plugins.resolver.BasicResolver.locate(Artifact),1
org.apache.ivy.plugins.resolver.IvyRepResolver.locate(Artifact),org.apache.ivy.plugins.resolver.IvyRepResolver.ensureArtifactConfigured(ResolverSettings),1
org.apache.ivy.plugins.resolver.AbstractSshBasedResolver.setKeyFilePassword(String),org.apache.ivy.plugins.resolver.AbstractSshBasedResolver.getSshBasedRepository(),3
org.apache.ivy.plugins.resolver.AbstractSshBasedResolver.setKeyFile(File),org.apache.ivy.plugins.repository.ssh.AbstractSshBasedRepository.setKeyFile(File),1
org.apache.ivy.plugins.resolver.AbstractSshBasedResolver.setKeyFile(File),org.apache.ivy.plugins.resolver.AbstractSshBasedResolver.getSshBasedRepository(),1
org.apache.ivy.plugins.resolver.AbstractResolver.dumpSettings(),org.apache.ivy.plugins.resolver.AbstractResolver.getTypeName(),1
org.apache.ivy.plugins.resolver.AbstractSshBasedResolver.setUserPassword(String),org.apache.ivy.plugins.resolver.AbstractSshBasedResolver.getSshBasedRepository(),2
"org.apache.ivy.plugins.resolver.ChainResolver.download(ArtifactOrigin, DownloadOptions)","org.apache.ivy.plugins.resolver.BasicResolver.download(ArtifactOrigin, DownloadOptions)",1
org.apache.ivy.plugins.resolver.ChainResolver.locate(Artifact),org.apache.ivy.plugins.resolver.AbstractResolver.locate(Artifact),1
org.apache.ivy.plugins.resolver.IBiblioResolver.setUsepoms(boolean),org.apache.ivy.plugins.resolver.IBiblioResolver.updateWholePattern(),2
"org.apache.ivy.plugins.resolver.util.ResolverHelper.listTokenValues(URLLister, String, String)",org.apache.ivy.plugins.resolver.util.ApacheHttpURLLister.accept(String),1
org.apache.ivy.plugins.resolver.RepositoryResolver.getResource(String),org.apache.ivy.plugins.repository.file.FileRepository.getResource(String),1
org.apache.ivy.plugins.resolver.AbstractResolver.toSystem(ResolvedModuleRevision),org.apache.ivy.plugins.resolver.AbstractResolver.getNamespace(),1
org.apache.ivy.plugins.resolver.AbstractResolver.toSystem(ResolvedModuleRevision),"org.apache.ivy.plugins.namespace.NameSpaceHelper.toSystem(ResolvedModuleRevision, Namespace)",1
"org.apache.ivy.plugins.resolver.ChainResolver.download(Artifact[], DownloadOptions)","org.apache.ivy.plugins.resolver.CacheResolver.download(Artifact[], DownloadOptions)",1
org.apache.ivy.plugins.resolver.AbstractSshBasedResolver.setHost(String),org.apache.ivy.plugins.resolver.AbstractSshBasedResolver.getSshBasedRepository(),2
"org.apache.ivy.plugins.resolver.ChainResolver.findIvyFileRef(DependencyDescriptor, ResolveData)","org.apache.ivy.plugins.resolver.AbstractPatternsBasedResolver.findIvyFileRef(DependencyDescriptor, ResolveData)",1
"org.apache.ivy.plugins.resolver.IvyRepResolver.download(Artifact[], DownloadOptions)","org.apache.ivy.plugins.resolver.RepositoryResolver.download(Artifact[], DownloadOptions)",1
"org.apache.ivy.plugins.resolver.IvyRepResolver.download(Artifact[], DownloadOptions)",org.apache.ivy.plugins.resolver.IvyRepResolver.ensureArtifactConfigured(ResolverSettings),1
org.apache.ivy.plugins.resolver.RepositoryResolver.getResource(String),org.apache.ivy.plugins.repository.ssh.SshRepository.getResource(String),1
org.apache.ivy.plugins.resolver.VsftpResolver.setUsername(String),org.apache.ivy.plugins.resolver.VsftpResolver.getVsftpRepository(),3
org.apache.ivy.plugins.resolver.VsftpResolver.getAuthentication(),org.apache.ivy.plugins.resolver.VsftpResolver.getVsftpRepository(),5
org.apache.ivy.plugins.resolver.AbstractSshBasedResolver.setPort(int),org.apache.ivy.plugins.resolver.AbstractSshBasedResolver.getSshBasedRepository(),3
org.apache.ivy.plugins.resolver.IvyRepResolver.setIvypattern(String),org.apache.ivy.plugins.resolver.IvyRepResolver.updateWholeIvyPattern(),2
org.apache.ivy.plugins.resolver.IvyRepResolver.setIvypattern(String),org.apache.ivy.plugins.resolver.IvyRepResolver.ensureIvyConfigured(ResolverSettings),2
org.apache.ivy.plugins.resolver.SshResolver.setListCommand(String),org.apache.ivy.plugins.repository.ssh.SshRepository.setListCommand(String),2
org.apache.ivy.plugins.resolver.DualResolver.abortPublishTransaction(),org.apache.ivy.plugins.resolver.ChainResolver.abortPublishTransaction(),1
org.apache.ivy.plugins.resolver.VsftpResolver.setReuseConnection(long),org.apache.ivy.plugins.resolver.VsftpResolver.getVsftpRepository(),2
org.apache.ivy.plugins.resolver.VsftpResolver.setReadTimeout(long),org.apache.ivy.plugins.resolver.VsftpResolver.getVsftpRepository(),3
org.apache.ivy.plugins.resolver.VsftpResolver.getHost(),org.apache.ivy.plugins.resolver.VsftpResolver.getVsftpRepository(),5
org.apache.ivy.plugins.resolver.VsftpResolver.setHost(String),org.apache.ivy.plugins.resolver.VsftpResolver.getVsftpRepository(),3
org.apache.ivy.plugins.resolver.VsftpResolver.getUsername(),org.apache.ivy.plugins.resolver.VsftpResolver.getVsftpRepository(),3
org.apache.ivy.plugins.resolver.VsftpResolver.disconnect(),org.apache.ivy.plugins.repository.vsftp.VsftpRepository.disconnect(),1
org.apache.ivy.plugins.resolver.VsftpResolver.disconnect(),org.apache.ivy.plugins.resolver.VsftpResolver.getVsftpRepository(),1
org.apache.ivy.plugins.resolver.VsftpResolver.setAuthentication(String),org.apache.ivy.plugins.resolver.VsftpResolver.getVsftpRepository(),2
