method,method,invocation counts
org.apache.pdfbox.debugger.colorpane.CSArrayBased.<init>(COSArray),org.apache.pdfbox.debugger.colorpane.CSArrayBased.initUI(),1
org.apache.pdfbox.debugger.colorpane.CSArrayBased.<init>(COSArray),org.apache.pdfbox.pdmodel.graphics.color.PDColorSpace.create(COSBase),1
org.apache.pdfbox.pdmodel.graphics.color.PDColorSpace.create(COSBase),"org.apache.pdfbox.pdmodel.graphics.color.PDColorSpace.create(COSBase, PDResources)",16
"org.apache.pdfbox.pdmodel.graphics.color.PDColorSpace.create(COSBase, PDResources)","org.apache.pdfbox.pdmodel.graphics.color.PDColorSpace.create(COSBase, PDResources, boolean)",20
"org.apache.pdfbox.debugger.flagbitspane.FlagBitsPaneView.<init>(String, String, Object[][], String[])",org.apache.pdfbox.debugger.flagbitspane.FlagBitsPaneView.createView(),2
"org.apache.pdfbox.debugger.streampane.tooltip.ToolTipController.getToolTip(int, JTextComponent)",org.apache.pdfbox.debugger.streampane.tooltip.ToolTipController.getWord(int),11
"org.apache.pdfbox.debugger.streampane.tooltip.ToolTipController.getToolTip(int, JTextComponent)",org.apache.pdfbox.debugger.streampane.tooltip.ToolTipController.getRowText(int),10
org.apache.pdfbox.pdmodel.PDResources.<init>(),org.apache.pdfbox.cos.COSDictionary.<init>(),61
org.apache.pdfbox.cos.COSDictionary.<init>(),org.apache.pdfbox.cos.COSBase.<init>(),3084
org.apache.pdfbox.cos.COSName.<init>(String),"org.apache.pdfbox.cos.COSName.<init>(String, boolean)",2355
"org.apache.pdfbox.cos.COSName.<init>(String, boolean)",org.apache.pdfbox.cos.COSBase.<init>(),3012
org.apache.pdfbox.debugger.flagbitspane.AnnotFlag.<init>(COSDictionary),org.apache.pdfbox.debugger.flagbitspane.Flag.<init>(),3
"org.apache.pdfbox.debugger.streampane.StreamPaneView.showStreamText(StyledDocument, ToolTipController)","org.apache.pdfbox.debugger.streampane.StreamTextView.<init>(StyledDocument, ToolTipController)",1
"org.apache.pdfbox.debugger.streampane.StreamTextView.<init>(StyledDocument, ToolTipController)",org.apache.pdfbox.debugger.streampane.StreamTextView.initUI(StyledDocument),2
"org.apache.pdfbox.debugger.ui.PDFTreeCellRenderer.getTreeCellRendererComponent(JTree, Object, boolean, boolean, boolean, int, boolean)",org.apache.pdfbox.debugger.ui.PDFTreeCellRenderer.toTreeObject(Object),10
"org.apache.pdfbox.debugger.ui.PDFTreeCellRenderer.getTreeCellRendererComponent(JTree, Object, boolean, boolean, boolean, int, boolean)",org.apache.pdfbox.debugger.ui.PDFTreeCellRenderer.lookupIconWithOverlay(Object),9
org.apache.pdfbox.debugger.ui.PDFTreeCellRenderer.lookupIconWithOverlay(Object),org.apache.pdfbox.debugger.ui.PDFTreeCellRenderer.lookupIcon(Object),9
org.apache.pdfbox.debugger.streampane.StreamImageView.<init>(BufferedImage),org.apache.pdfbox.debugger.streampane.StreamImageView.initUI(),2
org.apache.pdfbox.debugger.treestatus.TreeStatus.getPathForString(String),org.apache.pdfbox.debugger.treestatus.TreeStatus.generatePath(String),12
org.apache.pdfbox.debugger.treestatus.TreeStatus.generatePath(String),"org.apache.pdfbox.debugger.treestatus.TreeStatus.searchNode(Object, String)",9
"org.apache.pdfbox.debugger.treestatus.TreeStatus.searchNode(Object, String)",org.apache.pdfbox.cos.COSArray.getObject(int),2
"org.apache.pdfbox.debugger.treestatus.TreeStatus.searchNode(Object, String)",org.apache.pdfbox.cos.COSArray.size(),3
"org.apache.pdfbox.debugger.treestatus.TreeStatus.searchNode(Object, String)",org.apache.pdfbox.debugger.ui.ArrayEntry.<init>(),2
"org.apache.pdfbox.debugger.treestatus.TreeStatus.searchNode(Object, String)",org.apache.pdfbox.cos.COSArray.get(int),2
org.apache.pdfbox.debugger.treestatus.TreeStatus.generatePath(String),org.apache.pdfbox.debugger.treestatus.TreeStatus.parsePathString(String),12
org.apache.pdfbox.cos.COSName.getPDFName(String),"org.apache.pdfbox.cos.COSName.<init>(String, boolean)",657
org.apache.pdfbox.cos.COSArray.<init>(),org.apache.pdfbox.cos.COSBase.<init>(),1487
"org.apache.pdfbox.cos.COSDictionary.setEmbeddedDate(String, String, Calendar)","org.apache.pdfbox.cos.COSDictionary.setEmbeddedDate(String, COSName, Calendar)",10
"org.apache.pdfbox.cos.COSDictionary.setEmbeddedDate(String, COSName, Calendar)","org.apache.pdfbox.cos.COSDictionary.setDate(COSName, Calendar)",3
"org.apache.pdfbox.cos.COSDictionary.setDate(COSName, Calendar)",org.apache.pdfbox.util.DateConverter.toString(Calendar),23
org.apache.pdfbox.util.DateConverter.toString(Calendar),"org.apache.pdfbox.util.DateConverter.formatTZoffset(long, String)",2
"org.apache.pdfbox.util.DateConverter.formatTZoffset(long, String)",org.apache.pdfbox.util.DateConverter.restrainTZoffset(long),3
"org.apache.pdfbox.cos.COSDictionary.setDate(COSName, Calendar)","org.apache.pdfbox.cos.COSDictionary.setString(COSName, String)",23
"org.apache.pdfbox.cos.COSDictionary.setString(COSName, String)",org.apache.pdfbox.cos.COSString.<init>(String),259
org.apache.pdfbox.cos.COSString.<init>(String),org.apache.pdfbox.cos.PDFDocEncoding.getBytes(String),398
org.apache.pdfbox.cos.COSString.<init>(String),org.apache.pdfbox.cos.PDFDocEncoding.containsChar(char),2629
org.apache.pdfbox.cos.COSString.<init>(String),org.apache.pdfbox.cos.COSBase.<init>(),407
"org.apache.pdfbox.cos.COSDictionary.setString(COSName, String)","org.apache.pdfbox.cos.COSDictionary.setItem(COSName, COSBase)",299
"org.apache.pdfbox.cos.COSDictionary.setEmbeddedDate(String, COSName, Calendar)","org.apache.pdfbox.cos.COSDictionary.setItem(String, COSBase)",2
"org.apache.pdfbox.cos.COSDictionary.setItem(String, COSBase)","org.apache.pdfbox.cos.COSDictionary.setItem(COSName, COSBase)",114
"org.apache.pdfbox.cos.COSDictionary.setItem(String, COSBase)",org.apache.pdfbox.cos.COSName.getPDFName(String),114
"org.apache.pdfbox.cos.COSDictionary.setEmbeddedDate(String, COSName, Calendar)",org.apache.pdfbox.cos.COSDictionary.getDictionaryObject(String),25
org.apache.pdfbox.cos.COSDictionary.getDictionaryObject(String),org.apache.pdfbox.cos.COSDictionary.getDictionaryObject(COSName),2848
org.apache.pdfbox.cos.COSDictionary.getDictionaryObject(String),org.apache.pdfbox.cos.COSName.getPDFName(String),2848
"org.apache.pdfbox.cos.COSDictionary.setEmbeddedDate(String, COSName, Calendar)",org.apache.pdfbox.cos.COSDictionary.<init>(),2
"org.apache.pdfbox.cos.COSDictionary.setEmbeddedDate(String, String, Calendar)",org.apache.pdfbox.cos.COSName.getPDFName(String),10
"org.apache.pdfbox.debugger.treestatus.TreeStatus.searchNode(Object, String)",org.apache.pdfbox.cos.COSDictionary.containsKey(String),2
org.apache.pdfbox.cos.COSDictionary.containsKey(String),org.apache.pdfbox.cos.COSName.getPDFName(String),13
org.apache.pdfbox.cos.COSDictionary.containsKey(String),org.apache.pdfbox.cos.COSDictionary.containsKey(COSName),13
"org.apache.pdfbox.debugger.treestatus.TreeStatus.searchNode(Object, String)",org.apache.pdfbox.debugger.ui.MapEntry.<init>(),1
"org.apache.pdfbox.debugger.treestatus.TreeStatus.searchNode(Object, String)",org.apache.pdfbox.cos.COSDictionary.getDictionaryObject(String),1
"org.apache.pdfbox.debugger.treestatus.TreeStatus.searchNode(Object, String)",org.apache.pdfbox.cos.COSDictionary.getItem(String),1
org.apache.pdfbox.cos.COSDictionary.getItem(String),org.apache.pdfbox.cos.COSName.getPDFName(String),11
org.apache.pdfbox.cos.COSDictionary.getItem(String),org.apache.pdfbox.cos.COSDictionary.getItem(COSName),11
"org.apache.pdfbox.debugger.treestatus.TreeStatus.searchNode(Object, String)",org.apache.pdfbox.cos.COSName.getPDFName(String),1
org.apache.pdfbox.cos.COSStream.<init>(),org.apache.pdfbox.io.ScratchFile.getMainMemoryOnlyInstance(),37
org.apache.pdfbox.io.ScratchFile.getMainMemoryOnlyInstance(),org.apache.pdfbox.io.ScratchFile.<init>(MemoryUsageSetting),135
org.apache.pdfbox.io.ScratchFile.getMainMemoryOnlyInstance(),org.apache.pdfbox.io.MemoryUsageSetting.setupMainMemoryOnly(),135
org.apache.pdfbox.io.MemoryUsageSetting.setupMainMemoryOnly(),org.apache.pdfbox.io.MemoryUsageSetting.setupMainMemoryOnly(long),337
org.apache.pdfbox.io.MemoryUsageSetting.setupMainMemoryOnly(long),"org.apache.pdfbox.io.MemoryUsageSetting.<init>(boolean, boolean, long, long)",343
org.apache.pdfbox.cos.COSStream.<init>(),org.apache.pdfbox.cos.COSStream.<init>(ScratchFile),37
org.apache.pdfbox.cos.COSStream.<init>(ScratchFile),org.apache.pdfbox.cos.COSDictionary.<init>(),125
org.apache.pdfbox.debugger.colorpane.CSDeviceN.<init>(COSArray),org.apache.pdfbox.pdmodel.graphics.color.PDDeviceN.<init>(COSArray),1
org.apache.pdfbox.pdmodel.graphics.color.PDDeviceN.<init>(COSArray),org.apache.pdfbox.pdmodel.graphics.color.PDSpecialColorSpace.<init>(),4
org.apache.pdfbox.pdmodel.graphics.color.PDSpecialColorSpace.<init>(),org.apache.pdfbox.pdmodel.graphics.color.PDColorSpace.<init>(),101
org.apache.pdfbox.debugger.stringpane.StringPane.<init>(COSString),org.apache.pdfbox.debugger.stringpane.StringPane.createTextView(COSString),1
org.apache.pdfbox.debugger.stringpane.StringPane.createTextView(COSString),org.apache.pdfbox.debugger.stringpane.StringPane.getTextString(COSString),1
org.apache.pdfbox.debugger.hexviewer.HexView.changeData(byte[]),org.apache.pdfbox.debugger.hexviewer.HexEditor.<init>(HexModel),2
org.apache.pdfbox.debugger.hexviewer.HexEditor.<init>(HexModel),org.apache.pdfbox.debugger.hexviewer.HexEditor.createView(),6
org.apache.pdfbox.debugger.hexviewer.HexEditor.createView(),org.apache.pdfbox.debugger.hexviewer.HexEditor.getScrollPane(),5
org.apache.pdfbox.debugger.hexviewer.HexEditor.getScrollPane(),org.apache.pdfbox.debugger.hexviewer.HexModel.totalLine(),5
org.apache.pdfbox.debugger.hexviewer.HexModel.totalLine(),org.apache.pdfbox.debugger.hexviewer.HexModel.size(),120
org.apache.pdfbox.debugger.hexviewer.HexEditor.createView(),org.apache.pdfbox.debugger.hexviewer.StatusPane.<init>(),5
org.apache.pdfbox.debugger.hexviewer.StatusPane.<init>(),org.apache.pdfbox.debugger.hexviewer.StatusPane.createView(),6
org.apache.pdfbox.debugger.hexviewer.HexEditor.createView(),org.apache.pdfbox.debugger.hexviewer.HexPane.<init>(HexModel),5
org.apache.pdfbox.debugger.hexviewer.HexPane.<init>(HexModel),org.apache.pdfbox.debugger.hexviewer.HexModel.addHexModelChangeListener(HexModelChangeListener),35
org.apache.pdfbox.debugger.hexviewer.HexPane.<init>(HexModel),org.apache.pdfbox.debugger.hexviewer.HexModel.totalLine(),35
org.apache.pdfbox.debugger.hexviewer.HexEditor.createView(),org.apache.pdfbox.debugger.hexviewer.UpperPane.<init>(),5
org.apache.pdfbox.debugger.hexviewer.HexEditor.createView(),org.apache.pdfbox.debugger.hexviewer.AddressPane.<init>(int),5
org.apache.pdfbox.debugger.hexviewer.HexEditor.createView(),org.apache.pdfbox.debugger.hexviewer.ASCIIPane.<init>(HexModel),5
org.apache.pdfbox.debugger.hexviewer.ASCIIPane.<init>(HexModel),org.apache.pdfbox.debugger.hexviewer.HexModel.addHexModelChangeListener(HexModelChangeListener),8
org.apache.pdfbox.debugger.hexviewer.ASCIIPane.<init>(HexModel),org.apache.pdfbox.debugger.hexviewer.HexModel.totalLine(),8
org.apache.pdfbox.debugger.hexviewer.HexEditor.createView(),org.apache.pdfbox.debugger.hexviewer.HexPane.addHexChangeListeners(HexChangeListener),5
org.apache.pdfbox.debugger.hexviewer.HexEditor.createView(),org.apache.pdfbox.debugger.hexviewer.HexPane.addSelectionChangeListener(SelectionChangeListener),5
org.apache.pdfbox.debugger.hexviewer.HexEditor.createView(),org.apache.pdfbox.debugger.hexviewer.HexModel.addHexModelChangeListener(HexModelChangeListener),10
org.apache.pdfbox.debugger.hexviewer.HexEditor.createView(),org.apache.pdfbox.debugger.hexviewer.HexModel.totalLine(),10
org.apache.pdfbox.debugger.hexviewer.HexView.changeData(byte[]),org.apache.pdfbox.debugger.hexviewer.HexModel.<init>(byte[]),3
org.apache.pdfbox.debugger.hexviewer.HexPane.mouseClicked(MouseEvent),org.apache.pdfbox.debugger.hexviewer.HexPane.fireSelectionChanged(SelectEvent),4
org.apache.pdfbox.debugger.hexviewer.HexPane.fireSelectionChanged(SelectEvent),org.apache.pdfbox.debugger.hexviewer.HexEditor.selectionChanged(SelectEvent),1
org.apache.pdfbox.debugger.hexviewer.HexPane.mouseClicked(MouseEvent),org.apache.pdfbox.debugger.hexviewer.HexPane.getIndexForPoint(Point),4
org.apache.pdfbox.debugger.hexviewer.HexPane.mouseClicked(MouseEvent),"org.apache.pdfbox.debugger.hexviewer.SelectEvent.<init>(int, String)",4
"org.apache.pdfbox.debugger.fontencodingpane.FontEncodingView.<init>(Object[][], Map, String[])","org.apache.pdfbox.debugger.fontencodingpane.FontEncodingView.createView(JPanel, JTable)",1
"org.apache.pdfbox.debugger.fontencodingpane.FontEncodingView.<init>(Object[][], Map, String[])","org.apache.pdfbox.debugger.fontencodingpane.FontEncodingView.getTable(Object[][], String[])",2
"org.apache.pdfbox.debugger.fontencodingpane.FontEncodingView.<init>(Object[][], Map, String[])",org.apache.pdfbox.debugger.fontencodingpane.FontEncodingView.getHeaderPanel(Map),2
"org.apache.pdfbox.debugger.streampane.Stream.<init>(COSStream, boolean)",org.apache.pdfbox.debugger.streampane.Stream.createFilterList(COSStream),13
org.apache.pdfbox.debugger.streampane.Stream.createFilterList(COSStream),org.apache.pdfbox.pdmodel.common.PDStream.getFilters(),13
org.apache.pdfbox.pdmodel.common.PDStream.getFilters(),org.apache.pdfbox.cos.COSStream.getFilters(),11
org.apache.pdfbox.cos.COSStream.getFilters(),org.apache.pdfbox.cos.COSDictionary.getDictionaryObject(COSName),59
org.apache.pdfbox.debugger.streampane.Stream.createFilterList(COSStream),org.apache.pdfbox.pdmodel.common.PDStream.<init>(COSStream),13
"org.apache.pdfbox.debugger.streampane.Stream.<init>(COSStream, boolean)","org.apache.pdfbox.debugger.streampane.Stream.isImageStream(COSDictionary, boolean)",13
org.apache.pdfbox.cos.COSNull.<init>(),org.apache.pdfbox.cos.COSBase.<init>(),3
org.apache.pdfbox.debugger.hexviewer.HexPane.setSelected(int),org.apache.pdfbox.debugger.hexviewer.HexPane.putInSelected(int),12
org.apache.pdfbox.debugger.hexviewer.HexPane.putInSelected(int),org.apache.pdfbox.debugger.hexviewer.HexPane.getPointForIndex(int),12
org.apache.pdfbox.debugger.hexviewer.HexPane.getPointForIndex(int),org.apache.pdfbox.debugger.hexviewer.HexModel.elementIndexInLine(int),12
org.apache.pdfbox.debugger.hexviewer.HexPane.getPointForIndex(int),org.apache.pdfbox.debugger.hexviewer.HexModel.lineNumber(int),12
org.apache.pdfbox.debugger.hexviewer.HexPane.keyTyped(KeyEvent),org.apache.pdfbox.debugger.hexviewer.HexPane.isHexChar(char),10
"org.apache.pdfbox.debugger.streampane.StreamPane.<init>(COSStream, boolean, boolean, COSDictionary)","org.apache.pdfbox.debugger.streampane.Stream.<init>(COSStream, boolean)",1
org.apache.pdfbox.debugger.hexviewer.HexView.<init>(byte[]),org.apache.pdfbox.debugger.hexviewer.HexEditor.<init>(HexModel),1
org.apache.pdfbox.debugger.hexviewer.HexView.<init>(byte[]),org.apache.pdfbox.debugger.hexviewer.HexModel.<init>(byte[]),2
org.apache.pdfbox.debugger.ui.ZoomMenu.getInstance(),org.apache.pdfbox.debugger.ui.ZoomMenu.<init>(),2
org.apache.pdfbox.debugger.ui.ZoomMenu.<init>(),org.apache.pdfbox.debugger.ui.MenuBase.<init>(),1
org.apache.pdfbox.debugger.ui.Tree.getPopupLocation(MouseEvent),org.apache.pdfbox.debugger.ui.Tree.getPopupMenuItems(TreePath),4
org.apache.pdfbox.debugger.ui.Tree.getPopupMenuItems(TreePath),org.apache.pdfbox.debugger.ui.Tree.getTreePathMenuItem(TreePath),3
org.apache.pdfbox.debugger.streampane.Stream.getImage(PDResources),org.apache.pdfbox.pdmodel.graphics.image.PDImageXObject.createThumbnail(COSStream),1
org.apache.pdfbox.pdmodel.graphics.image.PDImageXObject.createThumbnail(COSStream),"org.apache.pdfbox.pdmodel.graphics.image.PDImageXObject.<init>(PDStream, PDResources)",2
"org.apache.pdfbox.pdmodel.graphics.image.PDImageXObject.<init>(PDStream, PDResources)",org.apache.pdfbox.pdmodel.common.PDStream.createInputStream(),4
org.apache.pdfbox.pdmodel.common.PDStream.createInputStream(),org.apache.pdfbox.cos.COSStream.createInputStream(),3
org.apache.pdfbox.cos.COSStream.createInputStream(),"org.apache.pdfbox.cos.COSInputStream.create(List, COSDictionary, InputStream, ScratchFile)",16
"org.apache.pdfbox.cos.COSInputStream.create(List, COSDictionary, InputStream, ScratchFile)","org.apache.pdfbox.cos.COSInputStream.<init>(InputStream, List)",16
org.apache.pdfbox.cos.COSStream.createInputStream(),org.apache.pdfbox.cos.COSStream.ensureRandomAccessExists(boolean),17
org.apache.pdfbox.cos.COSStream.ensureRandomAccessExists(boolean),org.apache.pdfbox.io.ScratchFile.createBuffer(),17
org.apache.pdfbox.io.ScratchFile.createBuffer(),org.apache.pdfbox.io.ScratchFileBuffer.<init>(ScratchFile),74
org.apache.pdfbox.io.ScratchFileBuffer.<init>(ScratchFile),org.apache.pdfbox.io.ScratchFileBuffer.addPage(),80
org.apache.pdfbox.io.ScratchFileBuffer.addPage(),org.apache.pdfbox.io.ScratchFile.getNewPage(),85
org.apache.pdfbox.io.ScratchFileBuffer.<init>(ScratchFile),org.apache.pdfbox.io.ScratchFile.checkClosed(),83
org.apache.pdfbox.cos.COSStream.createInputStream(),org.apache.pdfbox.io.RandomAccessInputStream.<init>(RandomAccessRead),17
org.apache.pdfbox.cos.COSStream.createInputStream(),org.apache.pdfbox.cos.COSStream.getFilterList(),17
org.apache.pdfbox.cos.COSStream.getFilterList(),org.apache.pdfbox.cos.COSStream.getFilters(),43
org.apache.pdfbox.cos.COSStream.createInputStream(),org.apache.pdfbox.cos.COSStream.checkClosed(),25
"org.apache.pdfbox.pdmodel.graphics.image.PDImageXObject.<init>(PDStream, PDResources)","org.apache.pdfbox.pdmodel.graphics.image.PDImageXObject.<init>(PDStream, PDResources, COSInputStream)",2
"org.apache.pdfbox.pdmodel.graphics.image.PDImageXObject.<init>(PDStream, PDResources, COSInputStream)","org.apache.pdfbox.pdmodel.graphics.image.PDImageXObject.repair(PDStream, COSInputStream)",2
"org.apache.pdfbox.pdmodel.graphics.image.PDImageXObject.repair(PDStream, COSInputStream)",org.apache.pdfbox.cos.COSInputStream.getDecodeResult(),2
"org.apache.pdfbox.pdmodel.graphics.image.PDImageXObject.repair(PDStream, COSInputStream)",org.apache.pdfbox.cos.COSDictionary.addAll(COSDictionary),2
org.apache.pdfbox.cos.COSDictionary.addAll(COSDictionary),org.apache.pdfbox.cos.COSDictionary.entrySet(),8
"org.apache.pdfbox.pdmodel.graphics.image.PDImageXObject.<init>(PDStream, PDResources, COSInputStream)","org.apache.pdfbox.pdmodel.graphics.PDXObject.<init>(PDStream, COSName)",2
"org.apache.pdfbox.pdmodel.graphics.PDXObject.<init>(PDStream, COSName)","org.apache.pdfbox.cos.COSDictionary.setName(COSName, String)",4
"org.apache.pdfbox.cos.COSDictionary.setName(COSName, String)","org.apache.pdfbox.cos.COSDictionary.setItem(COSName, COSBase)",1344
"org.apache.pdfbox.cos.COSDictionary.setName(COSName, String)",org.apache.pdfbox.cos.COSName.getPDFName(String),1298
"org.apache.pdfbox.pdmodel.graphics.image.PDImageXObject.<init>(PDStream, PDResources, COSInputStream)",org.apache.pdfbox.cos.COSInputStream.getDecodeResult(),2
org.apache.pdfbox.pdmodel.graphics.image.PDImageXObject.createThumbnail(COSStream),org.apache.pdfbox.pdmodel.common.PDStream.<init>(COSStream),2
org.apache.pdfbox.debugger.streampane.Stream.getImage(PDResources),org.apache.pdfbox.pdmodel.graphics.image.PDImageXObject.getImage(),2
org.apache.pdfbox.pdmodel.graphics.image.PDImageXObject.getImage(),"org.apache.pdfbox.pdmodel.graphics.image.SampledImageReader.getRGBImage(PDImage, COSArray)",2
"org.apache.pdfbox.pdmodel.graphics.image.SampledImageReader.getRGBImage(PDImage, COSArray)",org.apache.pdfbox.pdmodel.graphics.image.PDImageXObject.isEmpty(),2
org.apache.pdfbox.pdmodel.graphics.image.PDImageXObject.isEmpty(),org.apache.pdfbox.cos.COSStream.getLength(),2
org.apache.pdfbox.cos.COSStream.getLength(),"org.apache.pdfbox.cos.COSDictionary.getInt(COSName, int)",3
"org.apache.pdfbox.cos.COSDictionary.getInt(COSName, int)","org.apache.pdfbox.cos.COSDictionary.getInt(COSName, COSName, int)",649
"org.apache.pdfbox.cos.COSDictionary.getInt(COSName, COSName, int)","org.apache.pdfbox.cos.COSDictionary.getDictionaryObject(COSName, COSName)",675
"org.apache.pdfbox.cos.COSDictionary.getDictionaryObject(COSName, COSName)",org.apache.pdfbox.cos.COSDictionary.getDictionaryObject(COSName),1106
org.apache.pdfbox.pdmodel.graphics.image.PDImageXObject.getImage(),org.apache.pdfbox.pdmodel.graphics.image.PDImageXObject.getColorKeyMask(),2
org.apache.pdfbox.pdmodel.graphics.image.PDImageXObject.getColorKeyMask(),org.apache.pdfbox.cos.COSDictionary.getDictionaryObject(COSName),2
org.apache.pdfbox.pdmodel.graphics.image.PDImageXObject.getColorKeyMask(),org.apache.pdfbox.pdmodel.graphics.PDXObject.getCOSObject(),2
"org.apache.pdfbox.debugger.streampane.tooltip.ToolTipController.getToolTip(int, JTextComponent)",org.apache.pdfbox.debugger.streampane.tooltip.GToolTip.<init>(String),2
org.apache.pdfbox.debugger.streampane.tooltip.GToolTip.<init>(String),org.apache.pdfbox.debugger.streampane.tooltip.GToolTip.createMarkUp(String),6
org.apache.pdfbox.debugger.streampane.tooltip.GToolTip.createMarkUp(String),org.apache.pdfbox.debugger.streampane.tooltip.ColorToolTip.extractColorValues(String),6
org.apache.pdfbox.debugger.streampane.tooltip.ColorToolTip.extractColorValues(String),org.apache.pdfbox.debugger.streampane.tooltip.ToolTipController.getWords(String),28
org.apache.pdfbox.debugger.streampane.tooltip.GToolTip.<init>(String),org.apache.pdfbox.debugger.streampane.tooltip.ColorToolTip.<init>(),6
org.apache.pdfbox.debugger.streampane.Stream.getImage(PDResources),"org.apache.pdfbox.pdmodel.graphics.image.PDImageXObject.<init>(PDStream, PDResources)",2
org.apache.pdfbox.debugger.streampane.Stream.getImage(PDResources),org.apache.pdfbox.pdmodel.common.PDStream.<init>(COSStream),2
org.apache.pdfbox.cos.COSStream.createRawOutputStream(),org.apache.pdfbox.io.ScratchFile.createBuffer(),23
org.apache.pdfbox.cos.COSStream.createRawOutputStream(),org.apache.pdfbox.cos.COSStream.checkClosed(),27
org.apache.pdfbox.cos.COSStream.createRawOutputStream(),org.apache.pdfbox.io.RandomAccessOutputStream.<init>(RandomAccessWrite),23
"org.apache.pdfbox.debugger.streampane.Stream.isImageStream(COSDictionary, boolean)",org.apache.pdfbox.cos.COSDictionary.containsKey(COSName),6
org.apache.pdfbox.debugger.colorpane.CSIndexed.<init>(COSArray),org.apache.pdfbox.pdmodel.graphics.color.PDIndexed.<init>(COSArray),1
org.apache.pdfbox.pdmodel.graphics.color.PDIndexed.<init>(COSArray),"org.apache.pdfbox.pdmodel.graphics.color.PDColor.<init>(float[], PDColorSpace)",7
org.apache.pdfbox.pdmodel.graphics.color.PDIndexed.<init>(COSArray),org.apache.pdfbox.pdmodel.graphics.color.PDSpecialColorSpace.<init>(),7
"org.apache.pdfbox.debugger.streampane.tooltip.ToolTipController.getToolTip(int, JTextComponent)","org.apache.pdfbox.debugger.streampane.tooltip.ToolTipController.findColorSpace(int, String)",2
"org.apache.pdfbox.debugger.streampane.tooltip.ToolTipController.findColorSpace(int, String)",org.apache.pdfbox.debugger.streampane.tooltip.ToolTipController.getRowText(int),2
"org.apache.pdfbox.debugger.fontencodingpane.FontEncodingPaneController.<init>(COSName, COSDictionary)",org.apache.pdfbox.pdmodel.PDResources.<init>(COSDictionary),1
org.apache.pdfbox.debugger.streampane.tooltip.KToolTip.<init>(String),org.apache.pdfbox.debugger.streampane.tooltip.KToolTip.createMarkUp(String),10
org.apache.pdfbox.debugger.streampane.tooltip.KToolTip.createMarkUp(String),org.apache.pdfbox.debugger.streampane.tooltip.ColorToolTip.extractColorValues(String),10
org.apache.pdfbox.debugger.streampane.tooltip.KToolTip.<init>(String),org.apache.pdfbox.debugger.streampane.tooltip.ColorToolTip.<init>(),10
org.apache.pdfbox.debugger.treestatus.TreeStatusPane.<init>(JTree),org.apache.pdfbox.debugger.treestatus.TreeStatusPane.init(),1
"org.apache.pdfbox.debugger.fontencodingpane.Type0Font.<init>(PDCIDFontType2, PDFont)","org.apache.pdfbox.debugger.fontencodingpane.Type0Font.readCIDToGIDMap(PDCIDFontType2, PDFont)",1
org.apache.pdfbox.debugger.flagbitspane.FontFlag.getFlagBits(),org.apache.pdfbox.pdmodel.font.PDFontDescriptor.isFixedPitch(),1
org.apache.pdfbox.pdmodel.font.PDFontDescriptor.isFixedPitch(),org.apache.pdfbox.pdmodel.font.PDFontDescriptor.isFlagBitOn(int),11
org.apache.pdfbox.pdmodel.font.PDFontDescriptor.isFlagBitOn(int),org.apache.pdfbox.pdmodel.font.PDFontDescriptor.getFlags(),106
org.apache.pdfbox.debugger.flagbitspane.FontFlag.getFlagBits(),org.apache.pdfbox.pdmodel.font.PDFontDescriptor.<init>(COSDictionary),1
org.apache.pdfbox.debugger.flagbitspane.FontFlag.<init>(COSDictionary),org.apache.pdfbox.debugger.flagbitspane.Flag.<init>(),4
"org.apache.pdfbox.debugger.flagbitspane.FlagBitsPane.<init>(COSDictionary, COSName)","org.apache.pdfbox.debugger.flagbitspane.FlagBitsPane.createPane(COSDictionary, COSName)",1
"org.apache.pdfbox.debugger.flagbitspane.FlagBitsPane.createPane(COSDictionary, COSName)",org.apache.pdfbox.cos.COSName.equals(Object),5
org.apache.pdfbox.debugger.fontencodingpane.SimpleFont.<init>(PDSimpleFont),org.apache.pdfbox.debugger.fontencodingpane.SimpleFont.getGlyphs(PDSimpleFont),1
org.apache.pdfbox.debugger.ui.RotationMenu.getInstance(),org.apache.pdfbox.debugger.ui.RotationMenu.<init>(),1
org.apache.pdfbox.debugger.ui.RotationMenu.<init>(),org.apache.pdfbox.debugger.ui.RotationMenu.createRotationMenu(),1
org.apache.pdfbox.debugger.ui.RotationMenu.<init>(),org.apache.pdfbox.debugger.ui.MenuBase.<init>(),1
org.apache.pdfbox.cos.COSDocument.<init>(),org.apache.pdfbox.io.ScratchFile.getMainMemoryOnlyInstance(),53
org.apache.pdfbox.cos.COSDocument.<init>(),org.apache.pdfbox.cos.COSDocument.<init>(ScratchFile),52
org.apache.pdfbox.cos.COSDocument.<init>(ScratchFile),org.apache.pdfbox.cos.COSBase.<init>(),160
org.apache.pdfbox.pdmodel.graphics.form.PDFormXObject.<init>(COSStream),"org.apache.pdfbox.pdmodel.graphics.PDXObject.<init>(COSStream, COSName)",3
"org.apache.pdfbox.pdmodel.graphics.PDXObject.<init>(COSStream, COSName)","org.apache.pdfbox.cos.COSDictionary.setName(COSName, String)",2
"org.apache.pdfbox.pdmodel.graphics.PDXObject.<init>(COSStream, COSName)",org.apache.pdfbox.pdmodel.common.PDStream.<init>(COSStream),7
"org.apache.pdfbox.debugger.streampane.Stream.isImageStream(COSDictionary, boolean)",org.apache.pdfbox.cos.COSDictionary.getCOSName(COSName),2
org.apache.pdfbox.cos.COSDictionary.getCOSName(COSName),org.apache.pdfbox.cos.COSDictionary.getDictionaryObject(COSName),118
"org.apache.pdfbox.debugger.streampane.Stream.isImageStream(COSDictionary, boolean)",org.apache.pdfbox.cos.COSName.equals(Object),2
org.apache.pdfbox.cos.COSDocument.createCOSStream(),org.apache.pdfbox.cos.COSStream.<init>(ScratchFile),41
org.apache.pdfbox.cos.COSFloat.<init>(float),org.apache.pdfbox.cos.COSFloat.removeNullDigits(String),1787
org.apache.pdfbox.cos.COSFloat.<init>(float),org.apache.pdfbox.cos.COSNumber.<init>(),1847
org.apache.pdfbox.cos.COSNumber.<init>(),org.apache.pdfbox.cos.COSBase.<init>(),4792
org.apache.pdfbox.debugger.ui.PDFTreeCellRenderer.toTreeObject(Object),org.apache.pdfbox.cos.COSFloat.floatValue(),1
org.apache.pdfbox.debugger.streampane.tooltip.KToolTip.createMarkUp(String),org.apache.pdfbox.debugger.streampane.tooltip.KToolTip.getICCColorSpace(),1
org.apache.pdfbox.debugger.streampane.tooltip.KToolTip.getICCColorSpace(),org.apache.pdfbox.debugger.streampane.tooltip.KToolTip.getICCProfile(),2
org.apache.pdfbox.debugger.streampane.Stream.getStream(String),org.apache.pdfbox.pdmodel.common.PDStream.createInputStream(List),2
org.apache.pdfbox.pdmodel.common.PDStream.createInputStream(List),org.apache.pdfbox.cos.COSStream.createRawInputStream(),2
org.apache.pdfbox.cos.COSStream.createRawInputStream(),org.apache.pdfbox.cos.COSStream.ensureRandomAccessExists(boolean),5
org.apache.pdfbox.cos.COSStream.createRawInputStream(),org.apache.pdfbox.cos.COSStream.checkClosed(),10
org.apache.pdfbox.debugger.streampane.Stream.getStream(String),org.apache.pdfbox.debugger.streampane.Stream.getFilteredLabel(),3
org.apache.pdfbox.debugger.streampane.Stream.getFilteredLabel(),org.apache.pdfbox.cos.COSStream.getFilters(),3
org.apache.pdfbox.debugger.streampane.Stream.getStream(String),org.apache.pdfbox.pdmodel.common.PDStream.<init>(COSStream),2
org.apache.pdfbox.io.ScratchFile.<init>(File),org.apache.pdfbox.io.ScratchFile.<init>(MemoryUsageSetting),14
org.apache.pdfbox.io.ScratchFile.<init>(File),org.apache.pdfbox.io.MemoryUsageSetting.setupTempFileOnly(),14
org.apache.pdfbox.io.MemoryUsageSetting.setupTempFileOnly(),org.apache.pdfbox.io.MemoryUsageSetting.setupTempFileOnly(long),19
org.apache.pdfbox.io.MemoryUsageSetting.setupTempFileOnly(long),"org.apache.pdfbox.io.MemoryUsageSetting.<init>(boolean, boolean, long, long)",23
"org.apache.pdfbox.debugger.streampane.tooltip.ToolTipController.getToolTip(int, JTextComponent)",org.apache.pdfbox.debugger.streampane.tooltip.RGToolTip.<init>(String),2
org.apache.pdfbox.debugger.streampane.tooltip.RGToolTip.<init>(String),org.apache.pdfbox.debugger.streampane.tooltip.RGToolTip.createMarkUp(String),8
org.apache.pdfbox.debugger.streampane.tooltip.RGToolTip.createMarkUp(String),org.apache.pdfbox.debugger.streampane.tooltip.ColorToolTip.extractColorValues(String),8
org.apache.pdfbox.debugger.streampane.tooltip.RGToolTip.<init>(String),org.apache.pdfbox.debugger.streampane.tooltip.ColorToolTip.<init>(),8
"org.apache.pdfbox.debugger.streampane.tooltip.ToolTipController.getToolTip(int, JTextComponent)",org.apache.pdfbox.debugger.streampane.tooltip.KToolTip.<init>(String),1
org.apache.pdfbox.debugger.hexviewer.HexPane.putInSelected(int),org.apache.pdfbox.debugger.hexviewer.HexModel.lineNumber(int),9
org.apache.pdfbox.debugger.hexviewer.HexPane.keyTyped(KeyEvent),org.apache.pdfbox.debugger.hexviewer.HexPane.getChars(byte),6
org.apache.pdfbox.debugger.hexviewer.HexPane.keyTyped(KeyEvent),"org.apache.pdfbox.debugger.hexviewer.HexPane.fireHexValueChanged(byte, int)",6
org.apache.pdfbox.debugger.hexviewer.HexPane.keyTyped(KeyEvent),org.apache.pdfbox.debugger.hexviewer.HexPane.getByte(char[]),6
org.apache.pdfbox.debugger.hexviewer.HexPane.keyTyped(KeyEvent),org.apache.pdfbox.debugger.hexviewer.HexModel.getByte(int),8
org.apache.pdfbox.debugger.ui.PDFTreeCellRenderer.toTreeObject(Object),org.apache.pdfbox.debugger.ui.PDFTreeCellRenderer.toTreeObject(Object),2
org.apache.pdfbox.debugger.ui.PDFTreeCellRenderer.toTreeObject(Object),org.apache.pdfbox.debugger.ui.PDFTreeCellRenderer.toTreePostfix(Object),1
org.apache.pdfbox.debugger.ui.PDFTreeCellRenderer.lookupIcon(Object),org.apache.pdfbox.debugger.ui.PDFTreeCellRenderer.lookupIcon(Object),2
org.apache.pdfbox.debugger.colorpane.CSSeparation.<init>(COSArray),org.apache.pdfbox.pdmodel.graphics.color.PDSeparation.<init>(COSArray),1
org.apache.pdfbox.pdmodel.graphics.color.PDSeparation.<init>(COSArray),"org.apache.pdfbox.pdmodel.graphics.color.PDColor.<init>(float[], PDColorSpace)",5
org.apache.pdfbox.pdmodel.graphics.color.PDSeparation.<init>(COSArray),org.apache.pdfbox.pdmodel.graphics.color.PDSpecialColorSpace.<init>(),5
org.apache.pdfbox.debugger.hexviewer.AddressPane.setSelected(int),org.apache.pdfbox.debugger.hexviewer.HexModel.lineNumber(int),2
org.apache.pdfbox.debugger.flagbitspane.EncryptFlag.<init>(COSDictionary),org.apache.pdfbox.debugger.flagbitspane.Flag.<init>(),4
org.apache.pdfbox.cos.COSInteger.get(long),org.apache.pdfbox.cos.COSInteger.<init>(long),2825
org.apache.pdfbox.cos.COSInteger.<init>(long),org.apache.pdfbox.cos.COSNumber.<init>(),2825
org.apache.pdfbox.pdmodel.interactive.action.PDActionSubmitForm.<init>(),org.apache.pdfbox.pdmodel.interactive.action.PDAction.<init>(),11
org.apache.pdfbox.pdmodel.interactive.action.PDAction.<init>(),org.apache.pdfbox.pdmodel.interactive.action.PDAction.setType(String),98
org.apache.pdfbox.pdmodel.interactive.action.PDAction.setType(String),"org.apache.pdfbox.cos.COSDictionary.setName(COSName, String)",99
org.apache.pdfbox.pdmodel.interactive.action.PDAction.<init>(),org.apache.pdfbox.cos.COSDictionary.<init>(),98
org.apache.pdfbox.pdmodel.interactive.action.PDActionSubmitForm.<init>(),org.apache.pdfbox.pdmodel.interactive.action.PDAction.setSubType(String),11
org.apache.pdfbox.pdmodel.interactive.action.PDAction.setSubType(String),"org.apache.pdfbox.cos.COSDictionary.setName(COSName, String)",102
org.apache.pdfbox.pdmodel.PDDocument.<init>(MemoryUsageSetting),org.apache.pdfbox.cos.COSDocument.<init>(ScratchFile),86
org.apache.pdfbox.pdmodel.PDDocument.<init>(MemoryUsageSetting),org.apache.pdfbox.io.ScratchFile.<init>(MemoryUsageSetting),87
org.apache.pdfbox.pdmodel.PDDocument.<init>(MemoryUsageSetting),"org.apache.pdfbox.cos.COSDictionary.setItem(COSName, COSBase)",602
org.apache.pdfbox.pdmodel.PDDocument.<init>(MemoryUsageSetting),org.apache.pdfbox.cos.COSName.getPDFName(String),86
org.apache.pdfbox.pdmodel.PDDocument.<init>(MemoryUsageSetting),org.apache.pdfbox.pdmodel.DefaultResourceCache.<init>(),87
org.apache.pdfbox.pdmodel.PDDocument.<init>(MemoryUsageSetting),org.apache.pdfbox.cos.COSArray.<init>(),86
org.apache.pdfbox.pdmodel.PDDocument.<init>(MemoryUsageSetting),org.apache.pdfbox.cos.COSDictionary.<init>(),258
"org.apache.pdfbox.debugger.streampane.tooltip.FontToolTip.<init>(PDResources, String)",org.apache.pdfbox.debugger.streampane.tooltip.FontToolTip.extractFontReference(String),2
"org.apache.pdfbox.debugger.streampane.tooltip.FontToolTip.<init>(PDResources, String)","org.apache.pdfbox.debugger.streampane.tooltip.FontToolTip.initUI(String, PDResources)",1
org.apache.pdfbox.debugger.flagbitspane.FieldFlag.<init>(COSDictionary),org.apache.pdfbox.debugger.flagbitspane.Flag.<init>(),6
org.apache.pdfbox.debugger.hexviewer.StatusPane.updateStatus(int),org.apache.pdfbox.debugger.hexviewer.HexModel.elementIndexInLine(int),1
org.apache.pdfbox.debugger.hexviewer.StatusPane.updateStatus(int),org.apache.pdfbox.debugger.hexviewer.HexModel.lineNumber(int),1
"org.apache.pdfbox.debugger.streampane.tooltip.SCNToolTip.<init>(PDResources, String, String)",org.apache.pdfbox.debugger.streampane.tooltip.ColorToolTip.<init>(),2
org.apache.pdfbox.debugger.streampane.StreamPaneView.showStreamImage(BufferedImage),org.apache.pdfbox.debugger.streampane.StreamImageView.<init>(BufferedImage),1
org.apache.pdfbox.cos.COSStream.createOutputStream(COSBase),org.apache.pdfbox.cos.COSStream.getFilterList(),26
org.apache.pdfbox.cos.COSStream.createOutputStream(COSBase),org.apache.pdfbox.io.ScratchFile.createBuffer(),26
org.apache.pdfbox.cos.COSStream.createOutputStream(COSBase),"org.apache.pdfbox.cos.COSOutputStream.<init>(List, COSDictionary, OutputStream, ScratchFile)",26
org.apache.pdfbox.cos.COSStream.createOutputStream(COSBase),"org.apache.pdfbox.cos.COSDictionary.setItem(COSName, COSBase)",10
org.apache.pdfbox.cos.COSStream.createOutputStream(COSBase),org.apache.pdfbox.io.RandomAccessOutputStream.<init>(RandomAccessWrite),26
org.apache.pdfbox.cos.COSStream.createOutputStream(COSBase),org.apache.pdfbox.cos.COSStream.checkClosed(),32
org.apache.pdfbox.cos.COSBoolean.<init>(boolean),org.apache.pdfbox.cos.COSBase.<init>(),4
org.apache.pdfbox.pdmodel.graphics.color.PDTristimulus.<init>(),org.apache.pdfbox.cos.COSFloat.<init>(float),27
org.apache.pdfbox.pdmodel.graphics.color.PDTristimulus.<init>(),org.apache.pdfbox.cos.COSArray.<init>(),9
org.apache.pdfbox.pdmodel.graphics.color.PDTristimulus.<init>(),org.apache.pdfbox.cos.COSArray.add(COSBase),27
org.apache.pdfbox.debugger.ui.PDFTreeModel.isLeaf(Object),org.apache.pdfbox.debugger.ui.PDFTreeModel.isLeaf(Object),3
org.apache.pdfbox.debugger.treestatus.TreeStatus.getStringForPath(TreePath),org.apache.pdfbox.debugger.treestatus.TreeStatus.generatePathString(TreePath),5
org.apache.pdfbox.debugger.treestatus.TreeStatus.generatePathString(TreePath),org.apache.pdfbox.debugger.treestatus.TreeStatus.getObjectName(Object),4
org.apache.pdfbox.debugger.treestatus.TreeStatus.getObjectName(Object),org.apache.pdfbox.debugger.ui.PageEntry.getPath(),1
org.apache.pdfbox.debugger.ui.PageEntry.getPath(),org.apache.pdfbox.cos.COSDictionary.containsKey(COSName),1
"org.apache.pdfbox.debugger.ui.PDFTreeModel.getIndexOfChild(Object, Object)","org.apache.pdfbox.debugger.ui.PDFTreeModel.getIndexOfChild(Object, Object)",4
"org.apache.pdfbox.debugger.ui.PDFTreeModel.getIndexOfChild(Object, Object)",org.apache.pdfbox.cos.COSDictionary.keySet(),1
"org.apache.pdfbox.debugger.ui.PDFTreeModel.getIndexOfChild(Object, Object)",org.apache.pdfbox.cos.COSName.equals(Object),1
org.apache.pdfbox.debugger.hexviewer.HexPane.keyTyped(KeyEvent),org.apache.pdfbox.debugger.hexviewer.HexPane.fireSelectionChanged(SelectEvent),1
org.apache.pdfbox.debugger.hexviewer.HexPane.keyTyped(KeyEvent),"org.apache.pdfbox.debugger.hexviewer.SelectEvent.<init>(int, String)",1
"org.apache.pdfbox.debugger.ui.OSXAdapter.setFileHandler(Object, Method)",org.apache.pdfbox.debugger.ui.OSXAdapter.setHandler(OSXAdapter),1
"org.apache.pdfbox.debugger.ui.OSXAdapter.setQuitHandler(Object, Method)",org.apache.pdfbox.debugger.ui.OSXAdapter.setHandler(OSXAdapter),1
"org.apache.pdfbox.debugger.ui.OSXAdapter.setQuitHandler(Object, Method)","org.apache.pdfbox.debugger.ui.OSXAdapter.<init>(String, Object, Method)",1
org.apache.pdfbox.pdmodel.PDDocument.<init>(),org.apache.pdfbox.pdmodel.PDDocument.<init>(MemoryUsageSetting),79
org.apache.pdfbox.pdmodel.PDDocument.<init>(),org.apache.pdfbox.io.MemoryUsageSetting.setupMainMemoryOnly(),78
"org.apache.pdfbox.debugger.ui.PDFTreeModel.getIndexOfChild(Object, Object)",org.apache.pdfbox.cos.COSDocument.getObjects(),1
"org.apache.pdfbox.debugger.ui.PDFTreeModel.getChild(Object, int)",org.apache.pdfbox.cos.COSDocument.getObjects(),1
"org.apache.pdfbox.debugger.hexviewer.HexModel.updateModel(int, byte)",org.apache.pdfbox.debugger.hexviewer.ASCIIPane.hexModelChanged(HexModelChangedEvent),1
"org.apache.pdfbox.debugger.hexviewer.HexModel.updateModel(int, byte)","org.apache.pdfbox.debugger.hexviewer.HexModelChangedEvent.<init>(int, int)",2
org.apache.pdfbox.debugger.hexviewer.HexPane.keyPressed(KeyEvent),org.apache.pdfbox.debugger.hexviewer.HexPane.fireSelectionChanged(SelectEvent),1
org.apache.pdfbox.debugger.hexviewer.HexPane.keyPressed(KeyEvent),"org.apache.pdfbox.debugger.hexviewer.SelectEvent.<init>(int, String)",1
org.apache.pdfbox.debugger.streampane.Stream.getStream(String),org.apache.pdfbox.cos.COSStream.createRawInputStream(),1
org.apache.pdfbox.cos.COSStream.createRawInputStream(),org.apache.pdfbox.io.RandomAccessInputStream.<init>(RandomAccessRead),4
org.apache.pdfbox.cos.COSObject.<init>(COSBase),org.apache.pdfbox.cos.COSBase.<init>(),171
org.apache.pdfbox.debugger.hexviewer.HexModel.hexChanged(HexChangedEvent),org.apache.pdfbox.debugger.hexviewer.HexModel.fireModelChanged(int),5
org.apache.pdfbox.debugger.hexviewer.HexModel.hexChanged(HexChangedEvent),org.apache.pdfbox.debugger.hexviewer.HexModel.getByte(int),6
org.apache.pdfbox.debugger.streampane.Stream.getStream(String),org.apache.pdfbox.cos.COSStream.createInputStream(),1
"org.apache.pdfbox.debugger.ui.PDFTreeModel.getIndexOfChild(Object, Object)",org.apache.pdfbox.cos.COSArray.indexOf(COSBase),1
org.apache.pdfbox.cos.COSArray.indexOf(COSBase),org.apache.pdfbox.cos.COSArray.get(int),6
org.apache.pdfbox.cos.COSArray.indexOf(COSBase),org.apache.pdfbox.cos.COSArray.size(),8
org.apache.pdfbox.cos.COSArray.indexOf(COSBase),org.apache.pdfbox.cos.COSInteger.equals(Object),1
org.apache.pdfbox.cos.COSArray.indexOf(COSBase),org.apache.pdfbox.cos.COSName.equals(Object),2
org.apache.pdfbox.pdmodel.graphics.color.PDIndexed.<init>(),org.apache.pdfbox.cos.COSArray.<init>(),23
org.apache.pdfbox.pdmodel.graphics.color.PDIndexed.<init>(),org.apache.pdfbox.cos.COSArray.add(COSBase),92
org.apache.pdfbox.pdmodel.graphics.color.PDIndexed.<init>(),"org.apache.pdfbox.pdmodel.graphics.color.PDColor.<init>(float[], PDColorSpace)",23
org.apache.pdfbox.pdmodel.graphics.color.PDIndexed.<init>(),org.apache.pdfbox.pdmodel.graphics.color.PDSpecialColorSpace.<init>(),23
org.apache.pdfbox.pdmodel.graphics.color.PDIndexed.<init>(),org.apache.pdfbox.cos.COSInteger.get(long),23
org.apache.pdfbox.cos.COSDocument.getObjectFromPool(COSObjectKey),org.apache.pdfbox.cos.COSObject.<init>(COSBase),129
org.apache.pdfbox.debugger.ui.PDFTreeModel.getChildCount(Object),org.apache.pdfbox.debugger.ui.PDFTreeModel.getChildCount(Object),3
org.apache.pdfbox.debugger.ui.PDFTreeModel.getChildCount(Object),org.apache.pdfbox.cos.COSDocument.getObjects(),1
org.apache.pdfbox.debugger.hexviewer.HexModel.fireModelChanged(int),org.apache.pdfbox.debugger.hexviewer.ASCIIPane.hexModelChanged(HexModelChangedEvent),1
org.apache.pdfbox.debugger.hexviewer.HexModel.fireModelChanged(int),"org.apache.pdfbox.debugger.hexviewer.HexModelChangedEvent.<init>(int, int)",2
"org.apache.pdfbox.debugger.streampane.tooltip.SCNToolTip.<init>(PDResources, String, String)","org.apache.pdfbox.debugger.streampane.tooltip.SCNToolTip.createMarkUp(PDResources, String, String)",1
"org.apache.pdfbox.debugger.streampane.tooltip.SCNToolTip.createMarkUp(PDResources, String, String)",org.apache.pdfbox.cos.COSName.getPDFName(String),1
org.apache.pdfbox.debugger.flagbitspane.PanoseFlag.<init>(COSDictionary),org.apache.pdfbox.debugger.flagbitspane.Flag.<init>(),1
"org.apache.pdfbox.debugger.ui.PDFTreeModel.getChild(Object, int)",org.apache.pdfbox.cos.COSArray.getObject(int),2
"org.apache.pdfbox.debugger.ui.PDFTreeModel.getChild(Object, int)",org.apache.pdfbox.debugger.ui.ArrayEntry.<init>(),2
org.apache.pdfbox.pdmodel.PDDocument.<init>(COSDocument),"org.apache.pdfbox.pdmodel.PDDocument.<init>(COSDocument, RandomAccessRead)",24
"org.apache.pdfbox.pdmodel.PDDocument.<init>(COSDocument, RandomAccessRead)","org.apache.pdfbox.pdmodel.PDDocument.<init>(COSDocument, RandomAccessRead, AccessPermission)",35
"org.apache.pdfbox.pdmodel.PDDocument.<init>(COSDocument, RandomAccessRead, AccessPermission)",org.apache.pdfbox.pdmodel.DefaultResourceCache.<init>(),46
"org.apache.pdfbox.debugger.ui.PDFTreeModel.getChild(Object, int)","org.apache.pdfbox.debugger.ui.PDFTreeModel.getChild(Object, int)",3
org.apache.pdfbox.debugger.ui.PDFTreeModel.getChildCount(Object),org.apache.pdfbox.debugger.ui.DocumentEntry.getPageCount(),1
"org.apache.pdfbox.debugger.ui.PDFTreeModel.getChild(Object, int)",org.apache.pdfbox.cos.COSArray.get(int),1
org.apache.pdfbox.debugger.ui.PDFTreeModel.getChildCount(Object),org.apache.pdfbox.cos.COSArray.size(),1
"org.apache.pdfbox.debugger.ui.OSXAdapter.invoke(Object, Method, Object[])","org.apache.pdfbox.debugger.ui.OSXAdapter.isCorrectMethod(Method, Object[])",1
org.apache.pdfbox.cos.COSDocument.finalize(),org.apache.pdfbox.cos.COSDocument.close(),84
org.apache.pdfbox.cos.COSDocument.close(),org.apache.pdfbox.cos.COSDocument.getObjects(),139
org.apache.pdfbox.cos.COSDocument.close(),org.apache.pdfbox.io.ScratchFile.close(),127
org.apache.pdfbox.cos.COSDocument.close(),org.apache.pdfbox.cos.COSStream.close(),47
org.apache.pdfbox.io.ScratchFileBuffer.finalize(),org.apache.pdfbox.io.ScratchFileBuffer.close(),74
org.apache.pdfbox.io.ScratchFileBuffer.close(),"org.apache.pdfbox.io.ScratchFile.markPagesAsFree(int[], int, int)",71
org.apache.pdfbox.examples.pdmodel.CreateGradientShadingPDF.create(String),"org.apache.pdfbox.rendering.PDFRenderer.renderImageWithDPI(int, float)",1
"org.apache.pdfbox.rendering.PDFRenderer.renderImageWithDPI(int, float)","org.apache.pdfbox.rendering.PDFRenderer.renderImage(int, float, ImageType)",2
"org.apache.pdfbox.rendering.PDFRenderer.renderImage(int, float, ImageType)","org.apache.pdfbox.rendering.PDFRenderer.renderPage(PDPage, Graphics2D, int, int, float, float)",2
"org.apache.pdfbox.rendering.PDFRenderer.renderPage(PDPage, Graphics2D, int, int, float, float)","org.apache.pdfbox.rendering.PageDrawer.drawPage(Graphics, PDRectangle)",2
"org.apache.pdfbox.rendering.PageDrawer.drawPage(Graphics, PDRectangle)",org.apache.pdfbox.contentstream.PDFStreamEngine.processPage(PDPage),2
org.apache.pdfbox.contentstream.PDFStreamEngine.processPage(PDPage),org.apache.pdfbox.contentstream.PDFStreamEngine.processStream(PDContentStream),3
org.apache.pdfbox.contentstream.PDFStreamEngine.processStream(PDContentStream),org.apache.pdfbox.contentstream.PDFStreamEngine.processStreamOperators(PDContentStream),3
org.apache.pdfbox.contentstream.PDFStreamEngine.processStreamOperators(PDContentStream),"org.apache.pdfbox.contentstream.PDFStreamEngine.processOperator(Operator, List)",23
"org.apache.pdfbox.contentstream.PDFStreamEngine.processOperator(Operator, List)","org.apache.pdfbox.contentstream.operator.graphics.ShadingFill.process(Operator, List)",1
"org.apache.pdfbox.contentstream.operator.graphics.ShadingFill.process(Operator, List)",org.apache.pdfbox.rendering.PageDrawer.shadingFill(COSName),1
"org.apache.pdfbox.pdmodel.graphics.shading.AxialShadingContext.getRaster(int, int, int, int)",org.apache.pdfbox.pdmodel.graphics.shading.AxialShadingContext.getColorModel(),1374
"org.apache.pdfbox.pdmodel.graphics.shading.AxialShadingPaint.createContext(ColorModel, Rectangle, Rectangle2D, AffineTransform, RenderingHints)","org.apache.pdfbox.pdmodel.graphics.shading.AxialShadingContext.<init>(PDShadingType2, ColorModel, AffineTransform, Matrix, Rectangle)",2
"org.apache.pdfbox.pdmodel.graphics.shading.AxialShadingContext.<init>(PDShadingType2, ColorModel, AffineTransform, Matrix, Rectangle)",org.apache.pdfbox.pdmodel.graphics.shading.AxialShadingContext.calcColorTable(),1
org.apache.pdfbox.pdmodel.graphics.shading.AxialShadingContext.calcColorTable(),org.apache.pdfbox.pdmodel.graphics.shading.ShadingContext.convertToRGB(float[]),4172
org.apache.pdfbox.pdmodel.graphics.shading.ShadingContext.convertToRGB(float[]),org.apache.pdfbox.pdmodel.graphics.color.PDDeviceRGB.toRGB(float[]),4172
org.apache.pdfbox.pdmodel.graphics.color.PDDeviceRGB.toRGB(float[]),org.apache.pdfbox.pdmodel.graphics.color.PDDeviceRGB.init(),4175
org.apache.pdfbox.pdmodel.graphics.shading.AxialShadingContext.calcColorTable(),org.apache.pdfbox.pdmodel.graphics.shading.PDShading.evalFunction(float),4172
org.apache.pdfbox.pdmodel.graphics.shading.PDShading.evalFunction(float),org.apache.pdfbox.pdmodel.graphics.shading.PDShading.evalFunction(float[]),4173
org.apache.pdfbox.pdmodel.graphics.shading.PDShading.evalFunction(float[]),org.apache.pdfbox.pdmodel.common.function.PDFunctionType2.eval(float[]),4172
org.apache.pdfbox.pdmodel.common.function.PDFunctionType2.eval(float[]),org.apache.pdfbox.pdmodel.common.function.PDFunction.clipToRange(float[]),4172
org.apache.pdfbox.pdmodel.common.function.PDFunction.clipToRange(float[]),org.apache.pdfbox.pdmodel.common.function.PDFunction.getRangeValues(),4173
org.apache.pdfbox.pdmodel.common.function.PDFunction.getRangeValues(),org.apache.pdfbox.cos.COSDictionary.getDictionaryObject(COSName),4172
org.apache.pdfbox.pdmodel.common.function.PDFunction.getRangeValues(),org.apache.pdfbox.pdmodel.common.function.PDFunction.getCOSObject(),4176
org.apache.pdfbox.pdmodel.common.function.PDFunctionType2.eval(float[]),org.apache.pdfbox.cos.COSArray.get(int),25032
org.apache.pdfbox.pdmodel.common.function.PDFunctionType2.eval(float[]),org.apache.pdfbox.cos.COSFloat.floatValue(),8344
org.apache.pdfbox.pdmodel.common.function.PDFunctionType2.eval(float[]),org.apache.pdfbox.cos.COSArray.size(),4172
org.apache.pdfbox.pdmodel.graphics.shading.PDShading.evalFunction(float[]),org.apache.pdfbox.pdmodel.graphics.shading.PDShading.getFunctionsArray(),4174
org.apache.pdfbox.pdmodel.graphics.shading.PDShading.getFunctionsArray(),org.apache.pdfbox.pdmodel.common.function.PDFunction.create(COSBase),1
org.apache.pdfbox.pdmodel.common.function.PDFunction.create(COSBase),org.apache.pdfbox.pdmodel.common.function.PDFunctionType2.<init>(COSBase),1
org.apache.pdfbox.pdmodel.common.function.PDFunctionType2.<init>(COSBase),org.apache.pdfbox.cos.COSDictionary.getFloat(COSName),9
org.apache.pdfbox.cos.COSDictionary.getFloat(COSName),"org.apache.pdfbox.cos.COSDictionary.getFloat(COSName, float)",46
"org.apache.pdfbox.cos.COSDictionary.getFloat(COSName, float)",org.apache.pdfbox.cos.COSDictionary.getDictionaryObject(COSName),395
org.apache.pdfbox.pdmodel.common.function.PDFunctionType2.<init>(COSBase),org.apache.pdfbox.cos.COSDictionary.getDictionaryObject(COSName),36
org.apache.pdfbox.pdmodel.common.function.PDFunctionType2.<init>(COSBase),org.apache.pdfbox.pdmodel.common.function.PDFunction.<init>(COSBase),10
org.apache.pdfbox.pdmodel.common.function.PDFunctionType2.<init>(COSBase),org.apache.pdfbox.pdmodel.common.function.PDFunction.getCOSObject(),46
org.apache.pdfbox.pdmodel.common.function.PDFunction.create(COSBase),org.apache.pdfbox.cos.COSDictionary.getInt(COSName),1
org.apache.pdfbox.cos.COSDictionary.getInt(COSName),"org.apache.pdfbox.cos.COSDictionary.getInt(COSName, int)",92
org.apache.pdfbox.pdmodel.graphics.shading.PDShading.getFunctionsArray(),org.apache.pdfbox.cos.COSDictionary.getDictionaryObject(COSName),1
"org.apache.pdfbox.pdmodel.graphics.shading.AxialShadingContext.<init>(PDShadingType2, ColorModel, AffineTransform, Matrix, Rectangle)","org.apache.pdfbox.pdmodel.graphics.shading.ShadingContext.<init>(PDShading, ColorModel, AffineTransform, Matrix)",3
"org.apache.pdfbox.pdmodel.graphics.shading.ShadingContext.<init>(PDShading, ColorModel, AffineTransform, Matrix)",org.apache.pdfbox.pdmodel.graphics.shading.PDShading.getColorSpace(),1
org.apache.pdfbox.pdmodel.graphics.shading.PDShading.getColorSpace(),org.apache.pdfbox.pdmodel.graphics.color.PDColorSpace.create(COSBase),1
org.apache.pdfbox.pdmodel.graphics.shading.PDShading.getColorSpace(),"org.apache.pdfbox.cos.COSDictionary.getDictionaryObject(COSName, COSName)",1
"org.apache.pdfbox.pdmodel.graphics.shading.ShadingContext.<init>(PDShading, ColorModel, AffineTransform, Matrix)",org.apache.pdfbox.pdmodel.graphics.shading.PDShading.getBBox(),1
org.apache.pdfbox.pdmodel.graphics.shading.PDShading.getBBox(),org.apache.pdfbox.cos.COSDictionary.getDictionaryObject(COSName),1
"org.apache.pdfbox.pdmodel.graphics.shading.ShadingContext.<init>(PDShading, ColorModel, AffineTransform, Matrix)",org.apache.pdfbox.pdmodel.graphics.shading.PDShading.getBackground(),1
org.apache.pdfbox.pdmodel.graphics.shading.PDShading.getBackground(),org.apache.pdfbox.cos.COSDictionary.getDictionaryObject(COSName),1
"org.apache.pdfbox.pdmodel.graphics.shading.AxialShadingContext.<init>(PDShadingType2, ColorModel, AffineTransform, Matrix, Rectangle)",org.apache.pdfbox.util.Matrix.createAffineTransform(),2
"org.apache.pdfbox.pdmodel.graphics.shading.AxialShadingContext.<init>(PDShadingType2, ColorModel, AffineTransform, Matrix, Rectangle)",org.apache.pdfbox.cos.COSArray.toFloatArray(),1
org.apache.pdfbox.cos.COSArray.toFloatArray(),org.apache.pdfbox.cos.COSArray.getObject(int),169
org.apache.pdfbox.cos.COSArray.toFloatArray(),org.apache.pdfbox.cos.COSArray.size(),292
"org.apache.pdfbox.pdmodel.graphics.shading.AxialShadingContext.<init>(PDShadingType2, ColorModel, AffineTransform, Matrix, Rectangle)",org.apache.pdfbox.pdmodel.graphics.shading.PDShadingType2.getCoords(),1
org.apache.pdfbox.pdmodel.graphics.shading.PDShadingType2.getCoords(),org.apache.pdfbox.cos.COSDictionary.getDictionaryObject(COSName),1
"org.apache.pdfbox.pdmodel.graphics.shading.AxialShadingContext.<init>(PDShadingType2, ColorModel, AffineTransform, Matrix, Rectangle)",org.apache.pdfbox.pdmodel.graphics.shading.PDShadingType2.getDomain(),1
org.apache.pdfbox.pdmodel.graphics.shading.PDShadingType2.getDomain(),org.apache.pdfbox.cos.COSDictionary.getDictionaryObject(COSName),1
"org.apache.pdfbox.pdmodel.graphics.shading.AxialShadingContext.<init>(PDShadingType2, ColorModel, AffineTransform, Matrix, Rectangle)",org.apache.pdfbox.pdmodel.graphics.shading.PDShadingType2.getExtend(),1
org.apache.pdfbox.pdmodel.graphics.shading.PDShadingType2.getExtend(),org.apache.pdfbox.cos.COSDictionary.getDictionaryObject(COSName),1
org.apache.pdfbox.rendering.PageDrawer.shadingFill(COSName),org.apache.pdfbox.pdmodel.graphics.shading.PDShadingType2.toPaint(Matrix),1
org.apache.pdfbox.pdmodel.graphics.shading.PDShadingType2.toPaint(Matrix),"org.apache.pdfbox.pdmodel.graphics.shading.AxialShadingPaint.<init>(PDShadingType2, Matrix)",3
org.apache.pdfbox.rendering.PageDrawer.shadingFill(COSName),org.apache.pdfbox.pdmodel.graphics.state.PDGraphicsState.getNonStrokingJavaComposite(),1
org.apache.pdfbox.pdmodel.graphics.state.PDGraphicsState.getNonStrokingJavaComposite(),"org.apache.pdfbox.pdmodel.graphics.blend.BlendComposite.getInstance(BlendMode, float)",1
org.apache.pdfbox.rendering.PageDrawer.shadingFill(COSName),org.apache.pdfbox.pdmodel.PDResources.getShading(COSName),1
org.apache.pdfbox.pdmodel.PDResources.getShading(COSName),"org.apache.pdfbox.pdmodel.DefaultResourceCache.put(COSObject, PDShading)",1
org.apache.pdfbox.pdmodel.PDResources.getShading(COSName),org.apache.pdfbox.pdmodel.graphics.shading.PDShading.create(COSDictionary),1
org.apache.pdfbox.pdmodel.graphics.shading.PDShading.create(COSDictionary),"org.apache.pdfbox.cos.COSDictionary.getInt(COSName, int)",1
org.apache.pdfbox.pdmodel.graphics.shading.PDShading.create(COSDictionary),org.apache.pdfbox.pdmodel.graphics.shading.PDShadingType2.<init>(COSDictionary),1
org.apache.pdfbox.pdmodel.graphics.shading.PDShadingType2.<init>(COSDictionary),org.apache.pdfbox.pdmodel.graphics.shading.PDShading.<init>(COSDictionary),32
org.apache.pdfbox.pdmodel.PDResources.getShading(COSName),"org.apache.pdfbox.pdmodel.PDResources.getIndirect(COSName, COSName)",2
"org.apache.pdfbox.pdmodel.PDResources.getIndirect(COSName, COSName)",org.apache.pdfbox.cos.COSDictionary.getDictionaryObject(COSName),15
"org.apache.pdfbox.pdmodel.PDResources.getIndirect(COSName, COSName)",org.apache.pdfbox.cos.COSDictionary.getItem(COSName),5
org.apache.pdfbox.pdmodel.PDResources.getShading(COSName),org.apache.pdfbox.pdmodel.DefaultResourceCache.getShading(COSObject),1
org.apache.pdfbox.pdmodel.PDResources.getShading(COSName),"org.apache.pdfbox.pdmodel.PDResources.get(COSName, COSName)",2
"org.apache.pdfbox.pdmodel.PDResources.get(COSName, COSName)",org.apache.pdfbox.cos.COSDictionary.getDictionaryObject(COSName),30
org.apache.pdfbox.rendering.PageDrawer.shadingFill(COSName),org.apache.pdfbox.contentstream.PDFStreamEngine.getGraphicsState(),3
"org.apache.pdfbox.contentstream.PDFStreamEngine.processOperator(Operator, List)",org.apache.pdfbox.contentstream.operator.graphics.GraphicsOperatorProcessor.setContext(PDFStreamEngine),7
org.apache.pdfbox.contentstream.PDFStreamEngine.processStreamOperators(PDContentStream),org.apache.pdfbox.pdfparser.PDFStreamParser.<init>(PDContentStream),3
org.apache.pdfbox.pdfparser.PDFStreamParser.<init>(PDContentStream),org.apache.pdfbox.pdmodel.PDPage.getContents(),3
org.apache.pdfbox.pdmodel.PDPage.getContents(),org.apache.pdfbox.cos.COSStream.createInputStream(),3
org.apache.pdfbox.pdmodel.PDPage.getContents(),org.apache.pdfbox.cos.COSDictionary.getDictionaryObject(COSName),15
org.apache.pdfbox.pdfparser.PDFStreamParser.<init>(PDContentStream),org.apache.pdfbox.pdfparser.InputStreamSource.<init>(InputStream),3
org.apache.pdfbox.pdfparser.PDFStreamParser.<init>(PDContentStream),org.apache.pdfbox.pdfparser.BaseParser.<init>(SequentialSource),3
org.apache.pdfbox.contentstream.PDFStreamEngine.processStreamOperators(PDContentStream),org.apache.pdfbox.pdfparser.PDFStreamParser.parseNextToken(),60
org.apache.pdfbox.pdfparser.PDFStreamParser.parseNextToken(),org.apache.pdfbox.pdfparser.BaseParser.parseCOSName(),5
org.apache.pdfbox.pdfparser.BaseParser.parseCOSName(),org.apache.pdfbox.pdfparser.InputStreamSource.read(),21
org.apache.pdfbox.io.RandomAccessInputStream.read(),org.apache.pdfbox.io.RandomAccessInputStream.restorePosition(),227
org.apache.pdfbox.io.RandomAccessInputStream.restorePosition(),org.apache.pdfbox.io.ScratchFileBuffer.seek(long),239
org.apache.pdfbox.io.ScratchFileBuffer.seek(long),org.apache.pdfbox.io.ScratchFileBuffer.checkClosed(),239
org.apache.pdfbox.io.ScratchFileBuffer.checkClosed(),org.apache.pdfbox.io.ScratchFile.checkClosed(),37063
org.apache.pdfbox.io.RandomAccessInputStream.read(),org.apache.pdfbox.io.ScratchFileBuffer.read(),226
org.apache.pdfbox.io.ScratchFileBuffer.read(),org.apache.pdfbox.io.ScratchFileBuffer.checkClosed(),226
org.apache.pdfbox.io.ScratchFileBuffer.read(),org.apache.pdfbox.io.ScratchFileBuffer.ensureAvailableBytesInPage(boolean),226
org.apache.pdfbox.io.RandomAccessInputStream.read(),org.apache.pdfbox.io.ScratchFileBuffer.isEOF(),226
org.apache.pdfbox.io.ScratchFileBuffer.isEOF(),org.apache.pdfbox.io.ScratchFileBuffer.checkClosed(),239
org.apache.pdfbox.pdfparser.BaseParser.parseCOSName(),org.apache.pdfbox.pdfparser.BaseParser.readExpectedChar(char),698
org.apache.pdfbox.pdfparser.BaseParser.readExpectedChar(char),org.apache.pdfbox.pdfparser.InputStreamSource.read(),19
org.apache.pdfbox.pdfparser.BaseParser.parseCOSName(),org.apache.pdfbox.cos.COSName.getPDFName(String),689
org.apache.pdfbox.pdfparser.BaseParser.parseCOSName(),org.apache.pdfbox.pdfparser.InputStreamSource.unread(int),4
org.apache.pdfbox.pdfparser.BaseParser.parseCOSName(),org.apache.pdfbox.pdfparser.BaseParser.isEndOfName(int),5118
org.apache.pdfbox.pdfparser.PDFStreamParser.parseNextToken(),org.apache.pdfbox.pdfparser.BaseParser.skipSpaces(),138
org.apache.pdfbox.pdfparser.BaseParser.skipSpaces(),org.apache.pdfbox.pdfparser.InputStreamSource.read(),386
org.apache.pdfbox.pdfparser.BaseParser.skipSpaces(),org.apache.pdfbox.pdfparser.InputStreamSource.unread(int),210
org.apache.pdfbox.pdfparser.BaseParser.skipSpaces(),org.apache.pdfbox.pdfparser.BaseParser.isWhitespace(int),7364
org.apache.pdfbox.pdfparser.PDFStreamParser.parseNextToken(),org.apache.pdfbox.pdfparser.InputStreamSource.peek(),274
org.apache.pdfbox.pdfparser.PDFStreamParser.parseNextToken(),org.apache.pdfbox.pdfparser.PDFStreamParser.readOperator(),51
org.apache.pdfbox.pdfparser.PDFStreamParser.readOperator(),org.apache.pdfbox.pdfparser.InputStreamSource.peek(),175
org.apache.pdfbox.pdfparser.PDFStreamParser.readOperator(),org.apache.pdfbox.pdfparser.BaseParser.skipSpaces(),62
org.apache.pdfbox.pdfparser.PDFStreamParser.readOperator(),org.apache.pdfbox.pdfparser.InputStreamSource.read(),113
org.apache.pdfbox.pdfparser.PDFStreamParser.readOperator(),org.apache.pdfbox.pdfparser.BaseParser.isWhitespace(int),163
org.apache.pdfbox.pdfparser.PDFStreamParser.parseNextToken(),org.apache.pdfbox.contentstream.operator.Operator.getOperator(String),57
org.apache.pdfbox.contentstream.operator.Operator.getOperator(String),org.apache.pdfbox.contentstream.operator.Operator.<init>(String),47
org.apache.pdfbox.contentstream.PDFStreamEngine.processStream(PDContentStream),org.apache.pdfbox.contentstream.PDFStreamEngine.clipToRect(PDRectangle),3
org.apache.pdfbox.contentstream.PDFStreamEngine.clipToRect(PDRectangle),org.apache.pdfbox.pdmodel.graphics.state.PDGraphicsState.intersectClippingPath(GeneralPath),3
org.apache.pdfbox.pdmodel.graphics.state.PDGraphicsState.intersectClippingPath(GeneralPath),org.apache.pdfbox.pdmodel.graphics.state.PDGraphicsState.intersectClippingPath(Area),4
org.apache.pdfbox.contentstream.PDFStreamEngine.clipToRect(PDRectangle),org.apache.pdfbox.pdmodel.common.PDRectangle.transform(Matrix),3
org.apache.pdfbox.pdmodel.common.PDRectangle.transform(Matrix),"org.apache.pdfbox.util.Matrix.transformPoint(float, float)",12
org.apache.pdfbox.pdmodel.common.PDRectangle.transform(Matrix),org.apache.pdfbox.pdmodel.common.PDRectangle.getLowerLeftX(),4
org.apache.pdfbox.pdmodel.common.PDRectangle.getLowerLeftX(),org.apache.pdfbox.cos.COSFloat.floatValue(),41
org.apache.pdfbox.pdmodel.common.PDRectangle.getLowerLeftX(),org.apache.pdfbox.cos.COSArray.get(int),41
org.apache.pdfbox.pdmodel.common.PDRectangle.transform(Matrix),org.apache.pdfbox.pdmodel.common.PDRectangle.getLowerLeftY(),4
org.apache.pdfbox.pdmodel.common.PDRectangle.getLowerLeftY(),org.apache.pdfbox.cos.COSArray.get(int),41
org.apache.pdfbox.pdmodel.common.PDRectangle.getLowerLeftY(),org.apache.pdfbox.cos.COSFloat.floatValue(),41
org.apache.pdfbox.pdmodel.common.PDRectangle.transform(Matrix),org.apache.pdfbox.pdmodel.common.PDRectangle.getUpperRightX(),4
org.apache.pdfbox.pdmodel.common.PDRectangle.getUpperRightX(),org.apache.pdfbox.cos.COSArray.get(int),40
org.apache.pdfbox.pdmodel.common.PDRectangle.getUpperRightX(),org.apache.pdfbox.cos.COSFloat.floatValue(),40
org.apache.pdfbox.pdmodel.common.PDRectangle.transform(Matrix),org.apache.pdfbox.pdmodel.common.PDRectangle.getUpperRightY(),4
org.apache.pdfbox.pdmodel.common.PDRectangle.getUpperRightY(),org.apache.pdfbox.cos.COSArray.get(int),40
org.apache.pdfbox.pdmodel.common.PDRectangle.getUpperRightY(),org.apache.pdfbox.cos.COSFloat.floatValue(),40
org.apache.pdfbox.contentstream.PDFStreamEngine.clipToRect(PDRectangle),org.apache.pdfbox.contentstream.PDFStreamEngine.getGraphicsState(),6
org.apache.pdfbox.contentstream.PDFStreamEngine.processStream(PDContentStream),org.apache.pdfbox.contentstream.PDFStreamEngine.saveGraphicsStack(),3
org.apache.pdfbox.contentstream.PDFStreamEngine.saveGraphicsStack(),org.apache.pdfbox.pdmodel.graphics.state.PDGraphicsState.clone(),3
org.apache.pdfbox.pdmodel.graphics.state.PDGraphicsState.clone(),org.apache.pdfbox.util.Matrix.clone(),9
org.apache.pdfbox.util.Matrix.clone(),org.apache.pdfbox.util.Matrix.<init>(),58
org.apache.pdfbox.pdmodel.graphics.state.PDGraphicsState.clone(),org.apache.pdfbox.pdmodel.graphics.state.PDTextState.clone(),9
org.apache.pdfbox.contentstream.PDFStreamEngine.processStream(PDContentStream),org.apache.pdfbox.contentstream.PDFStreamEngine.pushResources(PDContentStream),3
org.apache.pdfbox.contentstream.PDFStreamEngine.pushResources(PDContentStream),org.apache.pdfbox.pdmodel.PDPage.getResources(),3
org.apache.pdfbox.pdmodel.PDPage.getResources(),"org.apache.pdfbox.pdmodel.PDPageTree.getInheritableAttribute(COSDictionary, COSName)",25
"org.apache.pdfbox.pdmodel.PDPageTree.getInheritableAttribute(COSDictionary, COSName)",org.apache.pdfbox.cos.COSDictionary.getDictionaryObject(COSName),124
org.apache.pdfbox.pdmodel.PDPage.getResources(),"org.apache.pdfbox.pdmodel.PDResources.<init>(COSDictionary, ResourceCache)",3
org.apache.pdfbox.contentstream.PDFStreamEngine.processStream(PDContentStream),org.apache.pdfbox.pdmodel.PDPage.getBBox(),3
org.apache.pdfbox.pdmodel.PDPage.getBBox(),org.apache.pdfbox.pdmodel.PDPage.getCropBox(),9
org.apache.pdfbox.pdmodel.PDPage.getCropBox(),"org.apache.pdfbox.pdmodel.PDPageTree.getInheritableAttribute(COSDictionary, COSName)",34
"org.apache.pdfbox.pdmodel.PDPageTree.getInheritableAttribute(COSDictionary, COSName)","org.apache.pdfbox.pdmodel.PDPageTree.getInheritableAttribute(COSDictionary, COSName)",25
"org.apache.pdfbox.pdmodel.PDPageTree.getInheritableAttribute(COSDictionary, COSName)","org.apache.pdfbox.cos.COSDictionary.getDictionaryObject(COSName, COSName)",104
org.apache.pdfbox.pdmodel.PDPage.getCropBox(),org.apache.pdfbox.pdmodel.PDPage.getMediaBox(),31
org.apache.pdfbox.contentstream.PDFStreamEngine.processStream(PDContentStream),org.apache.pdfbox.util.Matrix.concatenate(Matrix),3
org.apache.pdfbox.util.Matrix.concatenate(Matrix),"org.apache.pdfbox.util.Matrix.multiply(Matrix, Matrix)",82
org.apache.pdfbox.contentstream.PDFStreamEngine.processStream(PDContentStream),org.apache.pdfbox.contentstream.PDFStreamEngine.getGraphicsState(),6
org.apache.pdfbox.contentstream.PDFStreamEngine.processStream(PDContentStream),org.apache.pdfbox.pdmodel.PDPage.getMatrix(),3
org.apache.pdfbox.pdmodel.PDPage.getMatrix(),org.apache.pdfbox.util.Matrix.<init>(),24
org.apache.pdfbox.contentstream.PDFStreamEngine.processStream(PDContentStream),org.apache.pdfbox.util.Matrix.clone(),3
org.apache.pdfbox.contentstream.PDFStreamEngine.processPage(PDPage),org.apache.pdfbox.contentstream.PDFStreamEngine.initPage(PDPage),4
org.apache.pdfbox.contentstream.PDFStreamEngine.initPage(PDPage),org.apache.pdfbox.pdmodel.graphics.state.PDGraphicsState.<init>(PDRectangle),3
org.apache.pdfbox.pdmodel.graphics.state.PDGraphicsState.<init>(PDRectangle),org.apache.pdfbox.pdmodel.graphics.state.PDTextState.<init>(),4
org.apache.pdfbox.pdmodel.graphics.blend.SeparableBlendMode.<init>(),org.apache.pdfbox.pdmodel.graphics.blend.BlendMode.<init>(),24
org.apache.pdfbox.pdmodel.graphics.state.PDGraphicsState.<init>(PDRectangle),org.apache.pdfbox.pdmodel.common.PDRectangle.toGeneralPath(),3
org.apache.pdfbox.pdmodel.common.PDRectangle.toGeneralPath(),org.apache.pdfbox.pdmodel.common.PDRectangle.getLowerLeftX(),4
org.apache.pdfbox.pdmodel.common.PDRectangle.toGeneralPath(),org.apache.pdfbox.pdmodel.common.PDRectangle.getLowerLeftY(),4
org.apache.pdfbox.pdmodel.common.PDRectangle.toGeneralPath(),org.apache.pdfbox.pdmodel.common.PDRectangle.getUpperRightX(),4
org.apache.pdfbox.pdmodel.common.PDRectangle.toGeneralPath(),org.apache.pdfbox.pdmodel.common.PDRectangle.getUpperRightY(),4
org.apache.pdfbox.pdmodel.graphics.color.PDDeviceGray.<init>(),"org.apache.pdfbox.pdmodel.graphics.color.PDColor.<init>(float[], PDColorSpace)",2
org.apache.pdfbox.pdmodel.graphics.color.PDDeviceGray.<init>(),org.apache.pdfbox.pdmodel.graphics.color.PDDeviceColorSpace.<init>(),2
org.apache.pdfbox.pdmodel.graphics.color.PDDeviceColorSpace.<init>(),org.apache.pdfbox.pdmodel.graphics.color.PDColorSpace.<init>(),13
org.apache.pdfbox.pdmodel.graphics.state.PDGraphicsState.<init>(PDRectangle),org.apache.pdfbox.pdmodel.graphics.PDLineDashPattern.<init>(),4
org.apache.pdfbox.pdmodel.graphics.state.PDGraphicsState.<init>(PDRectangle),org.apache.pdfbox.util.Matrix.<init>(),4
org.apache.pdfbox.contentstream.PDFStreamEngine.initPage(PDPage),org.apache.pdfbox.pdmodel.PDPage.getMatrix(),3
org.apache.pdfbox.contentstream.PDFStreamEngine.initPage(PDPage),org.apache.pdfbox.pdmodel.PDPage.getCropBox(),3
org.apache.pdfbox.contentstream.PDFStreamEngine.processPage(PDPage),org.apache.pdfbox.pdmodel.PDPage.hasContents(),3
org.apache.pdfbox.pdmodel.PDPage.hasContents(),org.apache.pdfbox.cos.COSDictionary.size(),3
org.apache.pdfbox.pdmodel.PDPage.hasContents(),org.apache.pdfbox.cos.COSDictionary.getDictionaryObject(COSName),31
"org.apache.pdfbox.rendering.PageDrawer.drawPage(Graphics, PDRectangle)",org.apache.pdfbox.rendering.PageDrawer.setRenderingHints(),2
"org.apache.pdfbox.rendering.PageDrawer.drawPage(Graphics, PDRectangle)",org.apache.pdfbox.pdmodel.common.PDRectangle.getHeight(),2
org.apache.pdfbox.pdmodel.common.PDRectangle.getHeight(),org.apache.pdfbox.pdmodel.common.PDRectangle.getUpperRightY(),11
org.apache.pdfbox.pdmodel.common.PDRectangle.getHeight(),org.apache.pdfbox.pdmodel.common.PDRectangle.getLowerLeftY(),11
"org.apache.pdfbox.rendering.PageDrawer.drawPage(Graphics, PDRectangle)",org.apache.pdfbox.pdmodel.common.PDRectangle.getLowerLeftX(),2
"org.apache.pdfbox.rendering.PageDrawer.drawPage(Graphics, PDRectangle)",org.apache.pdfbox.pdmodel.common.PDRectangle.getLowerLeftY(),2
"org.apache.pdfbox.rendering.PDFRenderer.renderPage(PDPage, Graphics2D, int, int, float, float)",org.apache.pdfbox.rendering.PDFRenderer.createPageDrawer(PageDrawerParameters),1
org.apache.pdfbox.rendering.PDFRenderer.createPageDrawer(PageDrawerParameters),org.apache.pdfbox.rendering.PageDrawer.<init>(PageDrawerParameters),2
org.apache.pdfbox.rendering.PageDrawer.<init>(PageDrawerParameters),org.apache.pdfbox.contentstream.PDFGraphicsStreamEngine.<init>(PDPage),2
org.apache.pdfbox.contentstream.PDFGraphicsStreamEngine.<init>(PDPage),org.apache.pdfbox.contentstream.PDFStreamEngine.<init>(),23
org.apache.pdfbox.contentstream.PDFGraphicsStreamEngine.<init>(PDPage),org.apache.pdfbox.contentstream.PDFStreamEngine.addOperator(OperatorProcessor),1426
org.apache.pdfbox.contentstream.PDFStreamEngine.addOperator(OperatorProcessor),org.apache.pdfbox.contentstream.operator.graphics.GraphicsOperatorProcessor.setContext(PDFStreamEngine),506
org.apache.pdfbox.contentstream.PDFGraphicsStreamEngine.<init>(PDPage),org.apache.pdfbox.contentstream.operator.color.SetStrokingDeviceGrayColor.<init>(),23
org.apache.pdfbox.contentstream.operator.color.SetStrokingDeviceGrayColor.<init>(),org.apache.pdfbox.contentstream.operator.color.SetStrokingColor.<init>(),25
org.apache.pdfbox.contentstream.operator.color.SetStrokingColor.<init>(),org.apache.pdfbox.contentstream.operator.color.SetColor.<init>(),127
org.apache.pdfbox.contentstream.operator.color.SetColor.<init>(),org.apache.pdfbox.contentstream.operator.OperatorProcessor.<init>(),256
org.apache.pdfbox.contentstream.PDFGraphicsStreamEngine.<init>(PDPage),org.apache.pdfbox.contentstream.operator.graphics.CloseFillNonZeroAndStrokePath.<init>(),23
org.apache.pdfbox.contentstream.operator.graphics.CloseFillNonZeroAndStrokePath.<init>(),org.apache.pdfbox.contentstream.operator.graphics.GraphicsOperatorProcessor.<init>(),25
org.apache.pdfbox.contentstream.operator.graphics.GraphicsOperatorProcessor.<init>(),org.apache.pdfbox.contentstream.operator.OperatorProcessor.<init>(),550
org.apache.pdfbox.contentstream.PDFGraphicsStreamEngine.<init>(PDPage),org.apache.pdfbox.contentstream.operator.text.EndText.<init>(),23
org.apache.pdfbox.contentstream.operator.text.EndText.<init>(),org.apache.pdfbox.contentstream.operator.OperatorProcessor.<init>(),45
org.apache.pdfbox.contentstream.PDFGraphicsStreamEngine.<init>(PDPage),org.apache.pdfbox.contentstream.operator.color.SetNonStrokingDeviceGrayColor.<init>(),23
org.apache.pdfbox.contentstream.operator.color.SetNonStrokingDeviceGrayColor.<init>(),org.apache.pdfbox.contentstream.operator.color.SetNonStrokingColor.<init>(),26
org.apache.pdfbox.contentstream.operator.color.SetNonStrokingColor.<init>(),org.apache.pdfbox.contentstream.operator.color.SetColor.<init>(),129
org.apache.pdfbox.contentstream.PDFGraphicsStreamEngine.<init>(PDPage),org.apache.pdfbox.contentstream.operator.state.Restore.<init>(),23
org.apache.pdfbox.contentstream.operator.state.Restore.<init>(),org.apache.pdfbox.contentstream.operator.OperatorProcessor.<init>(),48
org.apache.pdfbox.contentstream.PDFGraphicsStreamEngine.<init>(PDPage),org.apache.pdfbox.contentstream.operator.graphics.BeginInlineImage.<init>(),23
org.apache.pdfbox.contentstream.operator.graphics.BeginInlineImage.<init>(),org.apache.pdfbox.contentstream.operator.graphics.GraphicsOperatorProcessor.<init>(),25
org.apache.pdfbox.contentstream.PDFGraphicsStreamEngine.<init>(PDPage),org.apache.pdfbox.contentstream.operator.color.SetStrokingDeviceRGBColor.<init>(),23
org.apache.pdfbox.contentstream.operator.color.SetStrokingDeviceRGBColor.<init>(),org.apache.pdfbox.contentstream.operator.color.SetStrokingColor.<init>(),25
org.apache.pdfbox.contentstream.PDFGraphicsStreamEngine.<init>(PDPage),org.apache.pdfbox.contentstream.operator.graphics.CurveTo.<init>(),23
org.apache.pdfbox.contentstream.operator.graphics.CurveTo.<init>(),org.apache.pdfbox.contentstream.operator.graphics.GraphicsOperatorProcessor.<init>(),25
org.apache.pdfbox.contentstream.PDFGraphicsStreamEngine.<init>(PDPage),org.apache.pdfbox.contentstream.operator.graphics.DrawObject.<init>(),23
org.apache.pdfbox.contentstream.operator.graphics.DrawObject.<init>(),org.apache.pdfbox.contentstream.operator.graphics.GraphicsOperatorProcessor.<init>(),25
org.apache.pdfbox.contentstream.PDFGraphicsStreamEngine.<init>(PDPage),org.apache.pdfbox.contentstream.operator.color.SetNonStrokingColorN.<init>(),23
org.apache.pdfbox.contentstream.operator.color.SetNonStrokingColorN.<init>(),org.apache.pdfbox.contentstream.operator.color.SetNonStrokingColor.<init>(),25
org.apache.pdfbox.contentstream.PDFGraphicsStreamEngine.<init>(PDPage),org.apache.pdfbox.contentstream.operator.color.SetNonStrokingColorSpace.<init>(),23
org.apache.pdfbox.contentstream.operator.color.SetNonStrokingColorSpace.<init>(),org.apache.pdfbox.contentstream.operator.OperatorProcessor.<init>(),25
org.apache.pdfbox.contentstream.PDFGraphicsStreamEngine.<init>(PDPage),org.apache.pdfbox.contentstream.operator.color.SetNonStrokingDeviceCMYKColor.<init>(),23
org.apache.pdfbox.contentstream.operator.color.SetNonStrokingDeviceCMYKColor.<init>(),org.apache.pdfbox.contentstream.operator.color.SetNonStrokingColor.<init>(),25
org.apache.pdfbox.contentstream.PDFGraphicsStreamEngine.<init>(PDPage),org.apache.pdfbox.contentstream.operator.color.SetNonStrokingDeviceRGBColor.<init>(),23
org.apache.pdfbox.contentstream.operator.color.SetNonStrokingDeviceRGBColor.<init>(),org.apache.pdfbox.contentstream.operator.color.SetNonStrokingColor.<init>(),25
org.apache.pdfbox.contentstream.PDFGraphicsStreamEngine.<init>(PDPage),org.apache.pdfbox.contentstream.operator.color.SetStrokingColorN.<init>(),23
org.apache.pdfbox.contentstream.operator.color.SetStrokingColorN.<init>(),org.apache.pdfbox.contentstream.operator.color.SetStrokingColor.<init>(),25
org.apache.pdfbox.contentstream.PDFGraphicsStreamEngine.<init>(PDPage),org.apache.pdfbox.contentstream.operator.color.SetStrokingDeviceCMYKColor.<init>(),23
org.apache.pdfbox.contentstream.operator.color.SetStrokingDeviceCMYKColor.<init>(),org.apache.pdfbox.contentstream.operator.color.SetStrokingColor.<init>(),25
org.apache.pdfbox.contentstream.PDFGraphicsStreamEngine.<init>(PDPage),org.apache.pdfbox.contentstream.operator.graphics.AppendRectangleToPath.<init>(),23
org.apache.pdfbox.contentstream.operator.graphics.AppendRectangleToPath.<init>(),org.apache.pdfbox.contentstream.operator.graphics.GraphicsOperatorProcessor.<init>(),25
org.apache.pdfbox.contentstream.PDFGraphicsStreamEngine.<init>(PDPage),org.apache.pdfbox.contentstream.operator.graphics.LegacyFillNonZeroRule.<init>(),23
org.apache.pdfbox.contentstream.operator.graphics.LegacyFillNonZeroRule.<init>(),org.apache.pdfbox.contentstream.operator.graphics.FillNonZeroRule.<init>(),24
org.apache.pdfbox.contentstream.operator.graphics.FillNonZeroRule.<init>(),org.apache.pdfbox.contentstream.operator.graphics.GraphicsOperatorProcessor.<init>(),49
org.apache.pdfbox.contentstream.PDFGraphicsStreamEngine.<init>(PDPage),org.apache.pdfbox.contentstream.operator.graphics.MoveTo.<init>(),23
org.apache.pdfbox.contentstream.operator.graphics.MoveTo.<init>(),org.apache.pdfbox.contentstream.operator.graphics.GraphicsOperatorProcessor.<init>(),25
org.apache.pdfbox.contentstream.PDFGraphicsStreamEngine.<init>(PDPage),org.apache.pdfbox.contentstream.operator.state.Concatenate.<init>(),23
org.apache.pdfbox.contentstream.operator.state.Concatenate.<init>(),org.apache.pdfbox.contentstream.operator.OperatorProcessor.<init>(),48
org.apache.pdfbox.contentstream.PDFGraphicsStreamEngine.<init>(PDPage),org.apache.pdfbox.contentstream.operator.state.SetGraphicsStateParameters.<init>(),23
org.apache.pdfbox.contentstream.operator.state.SetGraphicsStateParameters.<init>(),org.apache.pdfbox.contentstream.operator.OperatorProcessor.<init>(),48
org.apache.pdfbox.contentstream.PDFGraphicsStreamEngine.<init>(PDPage),org.apache.pdfbox.contentstream.operator.text.BeginText.<init>(),23
org.apache.pdfbox.contentstream.operator.text.BeginText.<init>(),org.apache.pdfbox.contentstream.operator.OperatorProcessor.<init>(),45
org.apache.pdfbox.contentstream.PDFGraphicsStreamEngine.<init>(PDPage),org.apache.pdfbox.contentstream.operator.color.SetStrokingColorSpace.<init>(),23
org.apache.pdfbox.contentstream.operator.color.SetStrokingColorSpace.<init>(),org.apache.pdfbox.contentstream.operator.OperatorProcessor.<init>(),25
org.apache.pdfbox.contentstream.PDFGraphicsStreamEngine.<init>(PDPage),org.apache.pdfbox.contentstream.operator.graphics.ClipEvenOddRule.<init>(),23
org.apache.pdfbox.contentstream.operator.graphics.ClipEvenOddRule.<init>(),org.apache.pdfbox.contentstream.operator.graphics.GraphicsOperatorProcessor.<init>(),25
org.apache.pdfbox.contentstream.PDFGraphicsStreamEngine.<init>(PDPage),org.apache.pdfbox.contentstream.operator.graphics.ClipNonZeroRule.<init>(),23
org.apache.pdfbox.contentstream.operator.graphics.ClipNonZeroRule.<init>(),org.apache.pdfbox.contentstream.operator.graphics.GraphicsOperatorProcessor.<init>(),25
org.apache.pdfbox.contentstream.PDFGraphicsStreamEngine.<init>(PDPage),org.apache.pdfbox.contentstream.operator.graphics.CloseAndStrokePath.<init>(),23
org.apache.pdfbox.contentstream.operator.graphics.CloseAndStrokePath.<init>(),org.apache.pdfbox.contentstream.operator.graphics.GraphicsOperatorProcessor.<init>(),25
org.apache.pdfbox.contentstream.PDFGraphicsStreamEngine.<init>(PDPage),org.apache.pdfbox.contentstream.operator.graphics.CloseFillEvenOddAndStrokePath.<init>(),23
org.apache.pdfbox.contentstream.operator.graphics.CloseFillEvenOddAndStrokePath.<init>(),org.apache.pdfbox.contentstream.operator.graphics.GraphicsOperatorProcessor.<init>(),25
org.apache.pdfbox.contentstream.PDFGraphicsStreamEngine.<init>(PDPage),org.apache.pdfbox.contentstream.operator.graphics.CurveToReplicateFinalPoint.<init>(),23
org.apache.pdfbox.contentstream.operator.graphics.CurveToReplicateFinalPoint.<init>(),org.apache.pdfbox.contentstream.operator.graphics.GraphicsOperatorProcessor.<init>(),25
org.apache.pdfbox.contentstream.PDFGraphicsStreamEngine.<init>(PDPage),org.apache.pdfbox.contentstream.operator.graphics.EndPath.<init>(),23
org.apache.pdfbox.contentstream.operator.graphics.EndPath.<init>(),org.apache.pdfbox.contentstream.operator.graphics.GraphicsOperatorProcessor.<init>(),25
org.apache.pdfbox.contentstream.PDFGraphicsStreamEngine.<init>(PDPage),org.apache.pdfbox.contentstream.operator.graphics.FillEvenOddAndStrokePath.<init>(),23
org.apache.pdfbox.contentstream.operator.graphics.FillEvenOddAndStrokePath.<init>(),org.apache.pdfbox.contentstream.operator.graphics.GraphicsOperatorProcessor.<init>(),25
org.apache.pdfbox.contentstream.PDFGraphicsStreamEngine.<init>(PDPage),org.apache.pdfbox.contentstream.operator.graphics.FillEvenOddRule.<init>(),23
org.apache.pdfbox.contentstream.operator.graphics.FillEvenOddRule.<init>(),org.apache.pdfbox.contentstream.operator.graphics.GraphicsOperatorProcessor.<init>(),25
org.apache.pdfbox.contentstream.PDFGraphicsStreamEngine.<init>(PDPage),org.apache.pdfbox.contentstream.operator.graphics.FillNonZeroAndStrokePath.<init>(),23
org.apache.pdfbox.contentstream.operator.graphics.FillNonZeroAndStrokePath.<init>(),org.apache.pdfbox.contentstream.operator.graphics.GraphicsOperatorProcessor.<init>(),25
org.apache.pdfbox.contentstream.PDFGraphicsStreamEngine.<init>(PDPage),org.apache.pdfbox.contentstream.operator.graphics.FillNonZeroRule.<init>(),23
org.apache.pdfbox.contentstream.PDFGraphicsStreamEngine.<init>(PDPage),org.apache.pdfbox.contentstream.operator.graphics.ShadingFill.<init>(),23
org.apache.pdfbox.contentstream.operator.graphics.ShadingFill.<init>(),org.apache.pdfbox.contentstream.operator.graphics.GraphicsOperatorProcessor.<init>(),25
org.apache.pdfbox.contentstream.PDFGraphicsStreamEngine.<init>(PDPage),org.apache.pdfbox.contentstream.operator.graphics.StrokePath.<init>(),23
org.apache.pdfbox.contentstream.operator.graphics.StrokePath.<init>(),org.apache.pdfbox.contentstream.operator.graphics.GraphicsOperatorProcessor.<init>(),25
org.apache.pdfbox.contentstream.PDFGraphicsStreamEngine.<init>(PDPage),org.apache.pdfbox.contentstream.operator.state.Save.<init>(),23
org.apache.pdfbox.contentstream.operator.state.Save.<init>(),org.apache.pdfbox.contentstream.operator.OperatorProcessor.<init>(),48
org.apache.pdfbox.contentstream.PDFGraphicsStreamEngine.<init>(PDPage),org.apache.pdfbox.contentstream.operator.state.SetFlatness.<init>(),23
org.apache.pdfbox.contentstream.operator.state.SetFlatness.<init>(),org.apache.pdfbox.contentstream.operator.OperatorProcessor.<init>(),25
org.apache.pdfbox.contentstream.PDFGraphicsStreamEngine.<init>(PDPage),org.apache.pdfbox.contentstream.operator.state.SetLineCapStyle.<init>(),23
org.apache.pdfbox.contentstream.operator.state.SetLineCapStyle.<init>(),org.apache.pdfbox.contentstream.operator.OperatorProcessor.<init>(),25
org.apache.pdfbox.contentstream.PDFGraphicsStreamEngine.<init>(PDPage),org.apache.pdfbox.contentstream.operator.state.SetLineDashPattern.<init>(),23
org.apache.pdfbox.contentstream.operator.state.SetLineDashPattern.<init>(),org.apache.pdfbox.contentstream.operator.OperatorProcessor.<init>(),25
org.apache.pdfbox.contentstream.PDFGraphicsStreamEngine.<init>(PDPage),org.apache.pdfbox.contentstream.operator.state.SetLineJoinStyle.<init>(),23
org.apache.pdfbox.contentstream.operator.state.SetLineJoinStyle.<init>(),org.apache.pdfbox.contentstream.operator.OperatorProcessor.<init>(),25
org.apache.pdfbox.contentstream.PDFGraphicsStreamEngine.<init>(PDPage),org.apache.pdfbox.contentstream.operator.state.SetLineMiterLimit.<init>(),23
org.apache.pdfbox.contentstream.operator.state.SetLineMiterLimit.<init>(),org.apache.pdfbox.contentstream.operator.OperatorProcessor.<init>(),25
org.apache.pdfbox.contentstream.PDFGraphicsStreamEngine.<init>(PDPage),org.apache.pdfbox.contentstream.operator.state.SetLineWidth.<init>(),23
org.apache.pdfbox.contentstream.operator.state.SetLineWidth.<init>(),org.apache.pdfbox.contentstream.operator.OperatorProcessor.<init>(),25
org.apache.pdfbox.contentstream.PDFGraphicsStreamEngine.<init>(PDPage),org.apache.pdfbox.contentstream.operator.state.SetMatrix.<init>(),23
org.apache.pdfbox.contentstream.operator.state.SetMatrix.<init>(),org.apache.pdfbox.contentstream.operator.OperatorProcessor.<init>(),48
org.apache.pdfbox.contentstream.PDFGraphicsStreamEngine.<init>(PDPage),org.apache.pdfbox.contentstream.operator.state.SetRenderingIntent.<init>(),23
org.apache.pdfbox.contentstream.operator.state.SetRenderingIntent.<init>(),org.apache.pdfbox.contentstream.operator.OperatorProcessor.<init>(),25
org.apache.pdfbox.contentstream.PDFGraphicsStreamEngine.<init>(PDPage),org.apache.pdfbox.contentstream.operator.text.MoveTextSetLeading.<init>(),23
org.apache.pdfbox.contentstream.operator.text.MoveTextSetLeading.<init>(),org.apache.pdfbox.contentstream.operator.OperatorProcessor.<init>(),45
org.apache.pdfbox.contentstream.PDFGraphicsStreamEngine.<init>(PDPage),org.apache.pdfbox.contentstream.operator.text.NextLine.<init>(),23
org.apache.pdfbox.contentstream.operator.text.NextLine.<init>(),org.apache.pdfbox.contentstream.operator.OperatorProcessor.<init>(),45
org.apache.pdfbox.contentstream.PDFGraphicsStreamEngine.<init>(PDPage),org.apache.pdfbox.contentstream.operator.text.SetCharSpacing.<init>(),23
org.apache.pdfbox.contentstream.operator.text.SetCharSpacing.<init>(),org.apache.pdfbox.contentstream.operator.OperatorProcessor.<init>(),45
org.apache.pdfbox.contentstream.PDFGraphicsStreamEngine.<init>(PDPage),org.apache.pdfbox.contentstream.operator.text.SetFontAndSize.<init>(),23
org.apache.pdfbox.contentstream.operator.text.SetFontAndSize.<init>(),org.apache.pdfbox.contentstream.operator.OperatorProcessor.<init>(),45
org.apache.pdfbox.contentstream.PDFGraphicsStreamEngine.<init>(PDPage),org.apache.pdfbox.contentstream.operator.text.SetTextLeading.<init>(),23
org.apache.pdfbox.contentstream.operator.text.SetTextLeading.<init>(),org.apache.pdfbox.contentstream.operator.OperatorProcessor.<init>(),45
org.apache.pdfbox.contentstream.PDFGraphicsStreamEngine.<init>(PDPage),org.apache.pdfbox.contentstream.operator.text.SetTextRenderingMode.<init>(),23
org.apache.pdfbox.contentstream.operator.text.SetTextRenderingMode.<init>(),org.apache.pdfbox.contentstream.operator.OperatorProcessor.<init>(),45
org.apache.pdfbox.contentstream.PDFGraphicsStreamEngine.<init>(PDPage),org.apache.pdfbox.contentstream.operator.text.SetTextRise.<init>(),23
org.apache.pdfbox.contentstream.operator.text.SetTextRise.<init>(),org.apache.pdfbox.contentstream.operator.OperatorProcessor.<init>(),45
org.apache.pdfbox.contentstream.PDFGraphicsStreamEngine.<init>(PDPage),org.apache.pdfbox.contentstream.operator.text.ShowText.<init>(),23
org.apache.pdfbox.contentstream.operator.text.ShowText.<init>(),org.apache.pdfbox.contentstream.operator.OperatorProcessor.<init>(),45
org.apache.pdfbox.contentstream.PDFGraphicsStreamEngine.<init>(PDPage),org.apache.pdfbox.contentstream.operator.text.ShowTextAdjusted.<init>(),23
org.apache.pdfbox.contentstream.operator.text.ShowTextAdjusted.<init>(),org.apache.pdfbox.contentstream.operator.OperatorProcessor.<init>(),45
org.apache.pdfbox.contentstream.PDFGraphicsStreamEngine.<init>(PDPage),org.apache.pdfbox.contentstream.operator.text.ShowTextLine.<init>(),23
org.apache.pdfbox.contentstream.operator.text.ShowTextLine.<init>(),org.apache.pdfbox.contentstream.operator.OperatorProcessor.<init>(),45
org.apache.pdfbox.contentstream.PDFGraphicsStreamEngine.<init>(PDPage),org.apache.pdfbox.contentstream.operator.text.ShowTextLineAndSpace.<init>(),23
org.apache.pdfbox.contentstream.operator.text.ShowTextLineAndSpace.<init>(),org.apache.pdfbox.contentstream.operator.OperatorProcessor.<init>(),45
org.apache.pdfbox.contentstream.PDFGraphicsStreamEngine.<init>(PDPage),org.apache.pdfbox.contentstream.operator.graphics.ClosePath.<init>(),23
org.apache.pdfbox.contentstream.operator.graphics.ClosePath.<init>(),org.apache.pdfbox.contentstream.operator.graphics.GraphicsOperatorProcessor.<init>(),25
org.apache.pdfbox.contentstream.PDFGraphicsStreamEngine.<init>(PDPage),org.apache.pdfbox.contentstream.operator.graphics.CurveToReplicateInitialPoint.<init>(),23
org.apache.pdfbox.contentstream.operator.graphics.CurveToReplicateInitialPoint.<init>(),org.apache.pdfbox.contentstream.operator.graphics.GraphicsOperatorProcessor.<init>(),26
org.apache.pdfbox.contentstream.PDFGraphicsStreamEngine.<init>(PDPage),org.apache.pdfbox.contentstream.operator.graphics.LineTo.<init>(),23
org.apache.pdfbox.contentstream.operator.graphics.LineTo.<init>(),org.apache.pdfbox.contentstream.operator.graphics.GraphicsOperatorProcessor.<init>(),25
org.apache.pdfbox.contentstream.PDFGraphicsStreamEngine.<init>(PDPage),org.apache.pdfbox.contentstream.operator.text.MoveText.<init>(),23
org.apache.pdfbox.contentstream.operator.text.MoveText.<init>(),org.apache.pdfbox.contentstream.operator.OperatorProcessor.<init>(),45
org.apache.pdfbox.contentstream.PDFGraphicsStreamEngine.<init>(PDPage),org.apache.pdfbox.contentstream.operator.text.SetTextHorizontalScaling.<init>(),23
org.apache.pdfbox.contentstream.operator.text.SetTextHorizontalScaling.<init>(),org.apache.pdfbox.contentstream.operator.OperatorProcessor.<init>(),45
org.apache.pdfbox.contentstream.PDFGraphicsStreamEngine.<init>(PDPage),org.apache.pdfbox.contentstream.operator.text.SetWordSpacing.<init>(),23
org.apache.pdfbox.contentstream.operator.text.SetWordSpacing.<init>(),org.apache.pdfbox.contentstream.operator.OperatorProcessor.<init>(),45
org.apache.pdfbox.contentstream.PDFGraphicsStreamEngine.<init>(PDPage),org.apache.pdfbox.contentstream.operator.color.SetNonStrokingColor.<init>(),23
org.apache.pdfbox.contentstream.PDFGraphicsStreamEngine.<init>(PDPage),org.apache.pdfbox.contentstream.operator.color.SetStrokingColor.<init>(),23
"org.apache.pdfbox.rendering.PDFRenderer.renderPage(PDPage, Graphics2D, int, int, float, float)",org.apache.pdfbox.pdmodel.PDPage.getCropBox(),2
"org.apache.pdfbox.rendering.PDFRenderer.renderPage(PDPage, Graphics2D, int, int, float, float)",org.apache.pdfbox.pdmodel.PDPage.getRotation(),2
org.apache.pdfbox.pdmodel.PDPage.getRotation(),"org.apache.pdfbox.pdmodel.PDPageTree.getInheritableAttribute(COSDictionary, COSName)",23
"org.apache.pdfbox.rendering.PDFRenderer.renderPage(PDPage, Graphics2D, int, int, float, float)","org.apache.pdfbox.rendering.PageDrawerParameters.<init>(PDFRenderer, PDPage)",2
"org.apache.pdfbox.rendering.PDFRenderer.renderImage(int, float, ImageType)",org.apache.pdfbox.pdmodel.PDPage.getCropBox(),2
org.apache.pdfbox.pdmodel.PDPage.getMediaBox(),org.apache.pdfbox.pdmodel.common.PDRectangle.<init>(COSArray),11
org.apache.pdfbox.pdmodel.common.PDRectangle.<init>(COSArray),org.apache.pdfbox.cos.COSFloat.<init>(float),76
org.apache.pdfbox.pdmodel.common.PDRectangle.<init>(COSArray),org.apache.pdfbox.cos.COSArray.toFloatArray(),19
org.apache.pdfbox.cos.COSArray.toFloatArray(),org.apache.pdfbox.cos.COSFloat.floatValue(),138
org.apache.pdfbox.pdmodel.common.PDRectangle.<init>(COSArray),org.apache.pdfbox.cos.COSArray.<init>(),19
org.apache.pdfbox.pdmodel.common.PDRectangle.<init>(COSArray),org.apache.pdfbox.cos.COSArray.add(COSBase),76
org.apache.pdfbox.pdmodel.PDPage.getMediaBox(),"org.apache.pdfbox.pdmodel.PDPageTree.getInheritableAttribute(COSDictionary, COSName)",21
"org.apache.pdfbox.rendering.PDFRenderer.renderImage(int, float, ImageType)",org.apache.pdfbox.pdmodel.PDDocument.getPage(int),2
org.apache.pdfbox.pdmodel.PDDocument.getPage(int),org.apache.pdfbox.pdmodel.PDPageTree.get(int),4
org.apache.pdfbox.pdmodel.PDPageTree.get(int),"org.apache.pdfbox.pdmodel.PDPageTree.get(int, COSDictionary, int)",6
"org.apache.pdfbox.pdmodel.PDPageTree.get(int, COSDictionary, int)",org.apache.pdfbox.pdmodel.PDPageTree.getKids(COSDictionary),5
org.apache.pdfbox.pdmodel.PDPageTree.getKids(COSDictionary),org.apache.pdfbox.cos.COSArray.getObject(int),3
org.apache.pdfbox.pdmodel.PDPageTree.getKids(COSDictionary),org.apache.pdfbox.cos.COSArray.size(),6
org.apache.pdfbox.pdmodel.PDPageTree.getKids(COSDictionary),org.apache.pdfbox.cos.COSDictionary.getDictionaryObject(COSName),6
"org.apache.pdfbox.pdmodel.PDPageTree.get(int, COSDictionary, int)",org.apache.pdfbox.pdmodel.PDPageTree.isPageTreeNode(COSDictionary),14
org.apache.pdfbox.pdmodel.PDPageTree.isPageTreeNode(COSDictionary),org.apache.pdfbox.cos.COSDictionary.getCOSName(COSName),15
org.apache.pdfbox.pdmodel.PDPageTree.isPageTreeNode(COSDictionary),org.apache.pdfbox.cos.COSDictionary.containsKey(COSName),6
"org.apache.pdfbox.pdmodel.PDPageTree.get(int, COSDictionary, int)","org.apache.pdfbox.cos.COSDictionary.getInt(COSName, int)",8
"org.apache.pdfbox.pdmodel.PDPageTree.get(int, COSDictionary, int)","org.apache.pdfbox.pdmodel.PDPageTree.get(int, COSDictionary, int)",3
org.apache.pdfbox.pdmodel.PDPageTree.get(int),"org.apache.pdfbox.pdmodel.PDPage.<init>(COSDictionary, ResourceCache)",3
org.apache.pdfbox.pdmodel.PDPageTree.get(int),org.apache.pdfbox.pdmodel.PDPageTree.sanitizeType(COSDictionary),3
org.apache.pdfbox.pdmodel.PDPageTree.sanitizeType(COSDictionary),org.apache.pdfbox.cos.COSDictionary.getCOSName(COSName),3
org.apache.pdfbox.pdmodel.PDPageTree.sanitizeType(COSDictionary),org.apache.pdfbox.cos.COSName.equals(Object),3
org.apache.pdfbox.pdmodel.PDDocument.getPage(int),org.apache.pdfbox.pdmodel.PDDocument.getDocumentCatalog(),5
org.apache.pdfbox.pdmodel.PDDocument.getDocumentCatalog(),org.apache.pdfbox.cos.COSDictionary.getDictionaryObject(COSName),50
org.apache.pdfbox.pdmodel.PDDocument.getDocumentCatalog(),"org.apache.pdfbox.pdmodel.PDDocumentCatalog.<init>(PDDocument, COSDictionary)",50
org.apache.pdfbox.pdmodel.PDDocument.getPage(int),org.apache.pdfbox.pdmodel.PDDocumentCatalog.getPages(),4
org.apache.pdfbox.pdmodel.PDDocumentCatalog.getPages(),"org.apache.pdfbox.pdmodel.PDPageTree.<init>(COSDictionary, PDDocument)",41
"org.apache.pdfbox.pdmodel.PDPageTree.<init>(COSDictionary, PDDocument)",org.apache.pdfbox.cos.COSDictionary.getCOSName(COSName),43
"org.apache.pdfbox.pdmodel.PDPageTree.<init>(COSDictionary, PDDocument)",org.apache.pdfbox.cos.COSName.equals(Object),43
org.apache.pdfbox.pdmodel.PDDocumentCatalog.getPages(),org.apache.pdfbox.cos.COSDictionary.getDictionaryObject(COSName),41
"org.apache.pdfbox.rendering.PDFRenderer.renderImage(int, float, ImageType)",org.apache.pdfbox.pdmodel.PDPage.getRotation(),2
"org.apache.pdfbox.rendering.PDFRenderer.renderImage(int, float, ImageType)",org.apache.pdfbox.pdmodel.common.PDRectangle.getWidth(),2
org.apache.pdfbox.pdmodel.common.PDRectangle.getWidth(),org.apache.pdfbox.pdmodel.common.PDRectangle.getUpperRightX(),11
org.apache.pdfbox.pdmodel.common.PDRectangle.getWidth(),org.apache.pdfbox.pdmodel.common.PDRectangle.getLowerLeftX(),11
"org.apache.pdfbox.rendering.PDFRenderer.renderImage(int, float, ImageType)",org.apache.pdfbox.pdmodel.common.PDRectangle.getHeight(),2
"org.apache.pdfbox.rendering.ImageType.<init>(String, int, ImageType$1)","org.apache.pdfbox.rendering.ImageType.<init>(String, int)",8
org.apache.pdfbox.examples.pdmodel.CreateGradientShadingPDF.create(String),org.apache.pdfbox.pdmodel.PDDocument.load(File),1
org.apache.pdfbox.pdmodel.PDDocument.load(File),"org.apache.pdfbox.pdmodel.PDDocument.load(File, String, MemoryUsageSetting)",90
"org.apache.pdfbox.pdmodel.PDDocument.load(File, String, MemoryUsageSetting)","org.apache.pdfbox.pdmodel.PDDocument.load(File, String, InputStream, String, MemoryUsageSetting)",91
"org.apache.pdfbox.pdmodel.PDDocument.load(File, String, InputStream, String, MemoryUsageSetting)",org.apache.pdfbox.pdfparser.PDFParser.parse(),4
org.apache.pdfbox.pdfparser.PDFParser.parse(),org.apache.pdfbox.pdfparser.PDFParser.initialParse(),4
org.apache.pdfbox.pdfparser.PDFParser.initialParse(),"org.apache.pdfbox.pdfparser.COSParser.parseDictObjects(COSDictionary, COSName[])",7
"org.apache.pdfbox.pdfparser.COSParser.parseDictObjects(COSDictionary, COSName[])","org.apache.pdfbox.pdfparser.COSParser.parseObjectDynamically(COSObject, boolean)",99
"org.apache.pdfbox.pdfparser.COSParser.parseObjectDynamically(COSObject, boolean)","org.apache.pdfbox.pdfparser.COSParser.parseObjectDynamically(long, int, boolean)",124
"org.apache.pdfbox.pdfparser.COSParser.parseObjectDynamically(long, int, boolean)","org.apache.pdfbox.pdfparser.COSParser.parseFileObject(Long, COSObjectKey, COSObject)",120
"org.apache.pdfbox.pdfparser.COSParser.parseFileObject(Long, COSObjectKey, COSObject)",org.apache.pdfbox.pdfparser.BaseParser.parseDirObject(),120
org.apache.pdfbox.pdfparser.BaseParser.parseDirObject(),org.apache.pdfbox.pdfparser.BaseParser.parseCOSDictionary(),109
org.apache.pdfbox.pdfparser.BaseParser.parseCOSDictionary(),org.apache.pdfbox.pdfparser.BaseParser.parseCOSDictionaryNameValuePair(COSDictionary),432
org.apache.pdfbox.pdfparser.BaseParser.parseCOSDictionaryNameValuePair(COSDictionary),org.apache.pdfbox.pdfparser.BaseParser.parseCOSDictionaryValue(),432
org.apache.pdfbox.pdfparser.BaseParser.parseCOSDictionaryValue(),org.apache.pdfbox.pdfparser.BaseParser.parseDirObject(),555
org.apache.pdfbox.pdfparser.BaseParser.parseDirObject(),org.apache.pdfbox.pdfparser.BaseParser.parseCOSArray(),70
org.apache.pdfbox.pdfparser.BaseParser.parseCOSArray(),org.apache.pdfbox.pdfparser.BaseParser.parseDirObject(),558
org.apache.pdfbox.pdfparser.BaseParser.parseDirObject(),org.apache.pdfbox.cos.COSNumber.get(String),752
org.apache.pdfbox.cos.COSNumber.get(String),org.apache.pdfbox.cos.COSFloat.<init>(String),112
org.apache.pdfbox.cos.COSFloat.<init>(String),org.apache.pdfbox.cos.COSFloat.checkMinMaxValues(),112
org.apache.pdfbox.cos.COSFloat.<init>(String),org.apache.pdfbox.cos.COSNumber.<init>(),120
org.apache.pdfbox.cos.COSNumber.get(String),org.apache.pdfbox.cos.COSInteger.get(long),734
org.apache.pdfbox.pdfparser.BaseParser.parseDirObject(),org.apache.pdfbox.pdfparser.BaseParser.skipSpaces(),1360
org.apache.pdfbox.pdfparser.BaseParser.skipSpaces(),org.apache.pdfbox.pdfparser.RandomAccessSource.unread(int),4645
org.apache.pdfbox.pdfparser.RandomAccessSource.unread(int),org.apache.pdfbox.io.RandomAccessBufferedFileInputStream.rewind(int),6642
org.apache.pdfbox.io.RandomAccessBufferedFileInputStream.rewind(int),org.apache.pdfbox.io.RandomAccessBufferedFileInputStream.seek(long),10929
org.apache.pdfbox.pdfparser.BaseParser.skipSpaces(),org.apache.pdfbox.pdfparser.RandomAccessSource.read(),6984
org.apache.pdfbox.pdfparser.RandomAccessSource.read(),org.apache.pdfbox.io.RandomAccessBufferedFileInputStream.read(),47202
org.apache.pdfbox.pdfparser.BaseParser.parseDirObject(),org.apache.pdfbox.pdfparser.RandomAccessSource.peek(),1347
org.apache.pdfbox.pdfparser.RandomAccessSource.peek(),org.apache.pdfbox.io.RandomAccessBufferedFileInputStream.peek(),3413
org.apache.pdfbox.io.RandomAccessBufferedFileInputStream.peek(),org.apache.pdfbox.io.RandomAccessBufferedFileInputStream.rewind(int),4095
org.apache.pdfbox.io.RandomAccessBufferedFileInputStream.peek(),org.apache.pdfbox.io.RandomAccessBufferedFileInputStream.read(),4095
org.apache.pdfbox.pdfparser.BaseParser.parseDirObject(),org.apache.pdfbox.pdfparser.RandomAccessSource.read(),2407
org.apache.pdfbox.pdfparser.BaseParser.parseDirObject(),org.apache.pdfbox.pdfparser.RandomAccessSource.unread(int),862
org.apache.pdfbox.pdfparser.BaseParser.parseDirObject(),org.apache.pdfbox.cos.COSObject.<init>(COSBase),18
org.apache.pdfbox.pdfparser.BaseParser.parseCOSArray(),org.apache.pdfbox.pdfparser.RandomAccessSource.peek(),623
org.apache.pdfbox.pdfparser.BaseParser.parseCOSArray(),org.apache.pdfbox.cos.COSArray.add(COSBase),556
org.apache.pdfbox.pdfparser.BaseParser.parseCOSArray(),org.apache.pdfbox.pdfparser.BaseParser.skipSpaces(),696
org.apache.pdfbox.pdfparser.BaseParser.parseCOSArray(),org.apache.pdfbox.cos.COSArray.<init>(),70
org.apache.pdfbox.pdfparser.BaseParser.parseCOSArray(),org.apache.pdfbox.pdfparser.BaseParser.getObjectFromPool(COSObjectKey),18
org.apache.pdfbox.pdfparser.BaseParser.getObjectFromPool(COSObjectKey),org.apache.pdfbox.cos.COSDocument.getObjectFromPool(COSObjectKey),141
org.apache.pdfbox.pdfparser.BaseParser.parseCOSArray(),org.apache.pdfbox.pdfparser.BaseParser.readExpectedChar(char),72
org.apache.pdfbox.pdfparser.BaseParser.readExpectedChar(char),org.apache.pdfbox.pdfparser.RandomAccessSource.read(),1331
org.apache.pdfbox.pdfparser.BaseParser.parseCOSArray(),org.apache.pdfbox.pdfparser.RandomAccessSource.read(),68
org.apache.pdfbox.pdfparser.BaseParser.parseCOSArray(),org.apache.pdfbox.cos.COSArray.remove(int),36
org.apache.pdfbox.pdfparser.BaseParser.parseCOSArray(),org.apache.pdfbox.cos.COSArray.get(int),36
org.apache.pdfbox.pdfparser.BaseParser.parseCOSArray(),org.apache.pdfbox.cos.COSArray.size(),72
org.apache.pdfbox.pdfparser.BaseParser.parseCOSArray(),"org.apache.pdfbox.cos.COSObjectKey.<init>(long, int)",18
org.apache.pdfbox.pdfparser.BaseParser.parseDirObject(),org.apache.pdfbox.pdfparser.BaseParser.parseCOSName(),252
org.apache.pdfbox.pdfparser.BaseParser.parseCOSName(),org.apache.pdfbox.pdfparser.RandomAccessSource.read(),5099
org.apache.pdfbox.pdfparser.BaseParser.parseCOSName(),org.apache.pdfbox.pdfparser.RandomAccessSource.unread(int),683
org.apache.pdfbox.pdfparser.BaseParser.parseCOSDictionaryValue(),org.apache.pdfbox.pdfparser.BaseParser.getObjectFromPool(COSObjectKey),123
org.apache.pdfbox.pdfparser.BaseParser.parseCOSDictionaryValue(),org.apache.pdfbox.pdfparser.BaseParser.skipSpaces(),555
org.apache.pdfbox.pdfparser.BaseParser.parseCOSDictionaryValue(),org.apache.pdfbox.pdfparser.BaseParser.isDigit(),432
org.apache.pdfbox.pdfparser.BaseParser.isDigit(),org.apache.pdfbox.pdfparser.RandomAccessSource.peek(),436
org.apache.pdfbox.pdfparser.BaseParser.parseCOSDictionaryValue(),org.apache.pdfbox.pdfparser.RandomAccessSource.getPosition(),555
org.apache.pdfbox.pdfparser.BaseParser.parseCOSDictionaryValue(),org.apache.pdfbox.pdfparser.BaseParser.readExpectedChar(char),123
org.apache.pdfbox.pdfparser.BaseParser.parseCOSDictionaryValue(),"org.apache.pdfbox.cos.COSObjectKey.<init>(long, int)",123
org.apache.pdfbox.pdfparser.BaseParser.parseCOSDictionaryNameValuePair(COSDictionary),org.apache.pdfbox.pdfparser.BaseParser.parseCOSName(),432
org.apache.pdfbox.pdfparser.BaseParser.parseCOSDictionaryNameValuePair(COSDictionary),"org.apache.pdfbox.cos.COSDictionary.setItem(COSName, COSBase)",432
org.apache.pdfbox.pdfparser.BaseParser.parseCOSDictionaryNameValuePair(COSDictionary),org.apache.pdfbox.pdfparser.BaseParser.skipSpaces(),432
org.apache.pdfbox.pdfparser.BaseParser.parseCOSDictionaryNameValuePair(COSDictionary),org.apache.pdfbox.pdfparser.RandomAccessSource.peek(),432
org.apache.pdfbox.pdfparser.BaseParser.parseCOSDictionary(),org.apache.pdfbox.pdfparser.BaseParser.skipSpaces(),658
org.apache.pdfbox.pdfparser.BaseParser.parseCOSDictionary(),org.apache.pdfbox.pdfparser.RandomAccessSource.peek(),545
org.apache.pdfbox.pdfparser.BaseParser.parseCOSDictionary(),org.apache.pdfbox.cos.COSDictionary.<init>(),113
org.apache.pdfbox.pdfparser.BaseParser.parseCOSDictionary(),org.apache.pdfbox.pdfparser.BaseParser.readExpectedChar(char),455
"org.apache.pdfbox.pdfparser.COSParser.parseFileObject(Long, COSObjectKey, COSObject)",org.apache.pdfbox.pdfparser.BaseParser.readObjectNumber(),120
org.apache.pdfbox.pdfparser.BaseParser.readObjectNumber(),org.apache.pdfbox.pdfparser.BaseParser.readLong(),126
org.apache.pdfbox.pdfparser.BaseParser.readLong(),org.apache.pdfbox.pdfparser.BaseParser.readStringNumber(),135
org.apache.pdfbox.pdfparser.BaseParser.readStringNumber(),org.apache.pdfbox.pdfparser.RandomAccessSource.read(),606
org.apache.pdfbox.pdfparser.BaseParser.readStringNumber(),org.apache.pdfbox.pdfparser.RandomAccessSource.unread(int),252
org.apache.pdfbox.pdfparser.BaseParser.readLong(),org.apache.pdfbox.pdfparser.BaseParser.skipSpaces(),136
"org.apache.pdfbox.pdfparser.COSParser.parseFileObject(Long, COSObjectKey, COSObject)",org.apache.pdfbox.pdfparser.BaseParser.readString(),120
org.apache.pdfbox.pdfparser.BaseParser.readString(),org.apache.pdfbox.pdfparser.RandomAccessSource.read(),1231
org.apache.pdfbox.pdfparser.BaseParser.readString(),org.apache.pdfbox.pdfparser.BaseParser.skipSpaces(),187
org.apache.pdfbox.pdfparser.BaseParser.readString(),org.apache.pdfbox.pdfparser.RandomAccessSource.unread(int),170
org.apache.pdfbox.pdfparser.BaseParser.readString(),org.apache.pdfbox.pdfparser.BaseParser.isEndOfName(int),1281
"org.apache.pdfbox.pdfparser.COSParser.parseFileObject(Long, COSObjectKey, COSObject)",org.apache.pdfbox.pdfparser.COSParser.parseCOSStream(COSDictionary),19
org.apache.pdfbox.pdfparser.COSParser.parseCOSStream(COSDictionary),org.apache.pdfbox.cos.COSStream.createRawOutputStream(),19
org.apache.pdfbox.pdfparser.COSParser.parseCOSStream(COSDictionary),"org.apache.pdfbox.pdfparser.COSParser.readValidStream(OutputStream, COSNumber)",19
org.apache.pdfbox.io.RandomAccessOutputStream.write(int),org.apache.pdfbox.io.ScratchFileBuffer.write(int),36338
org.apache.pdfbox.io.ScratchFileBuffer.write(int),org.apache.pdfbox.io.ScratchFileBuffer.checkClosed(),36338
org.apache.pdfbox.io.ScratchFileBuffer.write(int),org.apache.pdfbox.io.ScratchFileBuffer.ensureAvailableBytesInPage(boolean),36338
"org.apache.pdfbox.pdfparser.COSParser.readValidStream(OutputStream, COSNumber)","org.apache.pdfbox.io.RandomAccessBufferedFileInputStream.read(byte[], int, int)",22
org.apache.pdfbox.pdfparser.COSParser.parseCOSStream(COSDictionary),org.apache.pdfbox.pdfparser.BaseParser.readString(),38
org.apache.pdfbox.pdfparser.COSParser.parseCOSStream(COSDictionary),org.apache.pdfbox.pdfparser.COSParser.validateStreamLength(long),19
org.apache.pdfbox.pdfparser.COSParser.validateStreamLength(long),org.apache.pdfbox.pdfparser.COSParser.isString(byte[]),19
org.apache.pdfbox.pdfparser.COSParser.isString(byte[]),"org.apache.pdfbox.io.RandomAccessBufferedFileInputStream.read(byte[], int, int)",139
org.apache.pdfbox.pdfparser.COSParser.isString(byte[]),org.apache.pdfbox.io.RandomAccessBufferedFileInputStream.peek(),139
org.apache.pdfbox.pdfparser.COSParser.isString(byte[]),org.apache.pdfbox.io.RandomAccessBufferedFileInputStream.rewind(int),139
org.apache.pdfbox.pdfparser.COSParser.validateStreamLength(long),org.apache.pdfbox.pdfparser.BaseParser.skipSpaces(),19
org.apache.pdfbox.pdfparser.COSParser.validateStreamLength(long),org.apache.pdfbox.io.RandomAccessBufferedFileInputStream.seek(long),38
org.apache.pdfbox.pdfparser.COSParser.parseCOSStream(COSDictionary),org.apache.pdfbox.cos.COSDocument.createCOSStream(COSDictionary),19
org.apache.pdfbox.cos.COSDocument.createCOSStream(COSDictionary),org.apache.pdfbox.cos.COSDictionary.entrySet(),26
org.apache.pdfbox.cos.COSDocument.createCOSStream(COSDictionary),"org.apache.pdfbox.cos.COSDictionary.setItem(COSName, COSBase)",84
org.apache.pdfbox.cos.COSDocument.createCOSStream(COSDictionary),org.apache.pdfbox.cos.COSStream.<init>(ScratchFile),27
"org.apache.pdfbox.cos.COSDictionary.setInt(COSName, int)","org.apache.pdfbox.cos.COSDictionary.setItem(COSName, COSBase)",790
"org.apache.pdfbox.cos.COSDictionary.setInt(COSName, int)",org.apache.pdfbox.cos.COSInteger.get(long),790
org.apache.pdfbox.pdfparser.COSParser.parseCOSStream(COSDictionary),org.apache.pdfbox.cos.COSDictionary.getCOSName(COSName),19
org.apache.pdfbox.pdfparser.COSParser.parseCOSStream(COSDictionary),org.apache.pdfbox.cos.COSDictionary.getItem(COSName),19
org.apache.pdfbox.pdfparser.COSParser.parseCOSStream(COSDictionary),"org.apache.pdfbox.cos.COSDictionary.setItem(COSName, COSBase)",19
org.apache.pdfbox.pdfparser.COSParser.parseCOSStream(COSDictionary),org.apache.pdfbox.pdfparser.BaseParser.skipWhiteSpaces(),19
org.apache.pdfbox.pdfparser.BaseParser.skipWhiteSpaces(),org.apache.pdfbox.pdfparser.RandomAccessSource.read(),24
org.apache.pdfbox.pdfparser.COSParser.parseCOSStream(COSDictionary),"org.apache.pdfbox.pdfparser.COSParser.getLength(COSBase, COSName)",19
"org.apache.pdfbox.pdfparser.COSParser.parseFileObject(Long, COSObjectKey, COSObject)",org.apache.pdfbox.pdfparser.BaseParser.readGenerationNumber(),120
org.apache.pdfbox.pdfparser.BaseParser.readGenerationNumber(),org.apache.pdfbox.pdfparser.BaseParser.readInt(),124
org.apache.pdfbox.pdfparser.BaseParser.readInt(),org.apache.pdfbox.pdfparser.BaseParser.readStringNumber(),125
org.apache.pdfbox.pdfparser.BaseParser.readInt(),org.apache.pdfbox.pdfparser.BaseParser.skipSpaces(),127
"org.apache.pdfbox.pdfparser.COSParser.parseFileObject(Long, COSObjectKey, COSObject)","org.apache.pdfbox.pdfparser.BaseParser.readExpectedString(char[], boolean)",120
"org.apache.pdfbox.pdfparser.BaseParser.readExpectedString(char[], boolean)",org.apache.pdfbox.pdfparser.BaseParser.skipSpaces(),252
"org.apache.pdfbox.pdfparser.BaseParser.readExpectedString(char[], boolean)",org.apache.pdfbox.pdfparser.RandomAccessSource.read(),364
"org.apache.pdfbox.pdfparser.COSParser.parseFileObject(Long, COSObjectKey, COSObject)",org.apache.pdfbox.pdfparser.BaseParser.readLine(),19
org.apache.pdfbox.pdfparser.BaseParser.readLine(),org.apache.pdfbox.pdfparser.RandomAccessSource.isEOF(),160
org.apache.pdfbox.pdfparser.RandomAccessSource.isEOF(),org.apache.pdfbox.io.RandomAccessBufferedFileInputStream.isEOF(),151
org.apache.pdfbox.io.RandomAccessBufferedFileInputStream.isEOF(),org.apache.pdfbox.io.RandomAccessBufferedFileInputStream.peek(),275
org.apache.pdfbox.pdfparser.BaseParser.readLine(),org.apache.pdfbox.pdfparser.RandomAccessSource.read(),2700
org.apache.pdfbox.pdfparser.BaseParser.readLine(),org.apache.pdfbox.pdfparser.BaseParser.isEOL(int),2674
"org.apache.pdfbox.pdfparser.COSParser.parseFileObject(Long, COSObjectKey, COSObject)",org.apache.pdfbox.pdfparser.BaseParser.skipSpaces(),139
"org.apache.pdfbox.pdfparser.COSParser.parseFileObject(Long, COSObjectKey, COSObject)",org.apache.pdfbox.io.RandomAccessBufferedFileInputStream.rewind(int),19
"org.apache.pdfbox.pdfparser.COSParser.parseFileObject(Long, COSObjectKey, COSObject)",org.apache.pdfbox.io.RandomAccessBufferedFileInputStream.seek(long),120
"org.apache.pdfbox.pdfparser.COSParser.parseObjectDynamically(long, int, boolean)",org.apache.pdfbox.cos.COSDocument.getObjectFromPool(COSObjectKey),124
"org.apache.pdfbox.pdfparser.COSParser.parseObjectDynamically(long, int, boolean)","org.apache.pdfbox.cos.COSObjectKey.<init>(long, int)",125
"org.apache.pdfbox.pdfparser.COSParser.parseObjectDynamically(long, int, boolean)",org.apache.pdfbox.pdfparser.XrefTrailerResolver.getXrefTable(),120
"org.apache.pdfbox.pdfparser.COSParser.parseDictObjects(COSDictionary, COSName[])","org.apache.pdfbox.pdfparser.COSParser.addNewToList(Queue, Collection, Set)",108
"org.apache.pdfbox.pdfparser.COSParser.addNewToList(Queue, Collection, Set)","org.apache.pdfbox.pdfparser.COSParser.addNewToList(Queue, COSBase, Set)",410
"org.apache.pdfbox.pdfparser.COSParser.addNewToList(Queue, COSBase, Set)",org.apache.pdfbox.pdfparser.COSParser.getObjectId(COSObject),120
"org.apache.pdfbox.pdfparser.COSParser.parseDictObjects(COSDictionary, COSName[])","org.apache.pdfbox.pdfparser.COSParser.addNewToList(Queue, COSBase, Set)",607
"org.apache.pdfbox.pdfparser.COSParser.parseDictObjects(COSDictionary, COSName[])",org.apache.pdfbox.cos.COSArray.iterator(),63
"org.apache.pdfbox.pdfparser.COSParser.parseDictObjects(COSDictionary, COSName[])",org.apache.pdfbox.cos.COSDictionary.getValues(),108
"org.apache.pdfbox.pdfparser.COSParser.parseDictObjects(COSDictionary, COSName[])",org.apache.pdfbox.pdfparser.COSParser.getObjectId(COSObject),198
"org.apache.pdfbox.pdfparser.COSParser.parseDictObjects(COSDictionary, COSName[])","org.apache.pdfbox.cos.COSObjectKey.<init>(long, int)",99
"org.apache.pdfbox.pdfparser.COSParser.parseDictObjects(COSDictionary, COSName[])",org.apache.pdfbox.pdfparser.XrefTrailerResolver.getXrefTable(),99
"org.apache.pdfbox.pdfparser.COSParser.parseDictObjects(COSDictionary, COSName[])","org.apache.pdfbox.pdfparser.COSParser.addExcludedToList(COSName[], COSDictionary, Set)",9
org.apache.pdfbox.pdfparser.PDFParser.initialParse(),org.apache.pdfbox.pdfparser.COSParser.parseXref(long),4
org.apache.pdfbox.pdfparser.COSParser.parseXref(long),org.apache.pdfbox.pdfparser.COSParser.parseXrefTable(long),4
org.apache.pdfbox.pdfparser.COSParser.parseXrefTable(long),org.apache.pdfbox.pdfparser.BaseParser.readLine(),124
org.apache.pdfbox.pdfparser.BaseParser.readLine(),org.apache.pdfbox.pdfparser.RandomAccessSource.peek(),30
org.apache.pdfbox.pdfparser.COSParser.parseXrefTable(long),org.apache.pdfbox.io.RandomAccessBufferedFileInputStream.isEOF(),124
org.apache.pdfbox.pdfparser.COSParser.parseXrefTable(long),"org.apache.pdfbox.pdfparser.XrefTrailerResolver.setXRef(COSObjectKey, long)",120
org.apache.pdfbox.pdfparser.COSParser.parseXrefTable(long),org.apache.pdfbox.pdfparser.BaseParser.skipSpaces(),132
org.apache.pdfbox.pdfparser.COSParser.parseXrefTable(long),org.apache.pdfbox.pdfparser.BaseParser.readLong(),4
org.apache.pdfbox.pdfparser.COSParser.parseXrefTable(long),org.apache.pdfbox.pdfparser.BaseParser.readString(),8
org.apache.pdfbox.pdfparser.COSParser.parseXrefTable(long),org.apache.pdfbox.pdfparser.BaseParser.readObjectNumber(),4
org.apache.pdfbox.pdfparser.COSParser.parseXrefTable(long),org.apache.pdfbox.io.RandomAccessBufferedFileInputStream.peek(),252
org.apache.pdfbox.pdfparser.COSParser.parseXrefTable(long),"org.apache.pdfbox.pdfparser.XrefTrailerResolver.nextXrefObj(long, XrefTrailerResolver$XRefType)",4
org.apache.pdfbox.pdfparser.COSParser.parseXrefTable(long),"org.apache.pdfbox.cos.COSObjectKey.<init>(long, int)",120
org.apache.pdfbox.pdfparser.COSParser.parseXrefTable(long),org.apache.pdfbox.pdfparser.BaseParser.isDigit(),4
org.apache.pdfbox.pdfparser.COSParser.parseXrefTable(long),org.apache.pdfbox.pdfparser.BaseParser.isEndOfName(int),124
org.apache.pdfbox.pdfparser.COSParser.parseXrefTable(long),org.apache.pdfbox.io.RandomAccessBufferedFileInputStream.rewind(int),4
org.apache.pdfbox.pdfparser.COSParser.parseXref(long),org.apache.pdfbox.pdfparser.COSParser.parseTrailer(),4
org.apache.pdfbox.pdfparser.COSParser.parseTrailer(),org.apache.pdfbox.pdfparser.BaseParser.parseCOSDictionary(),4
org.apache.pdfbox.pdfparser.BaseParser.parseDirObject(),org.apache.pdfbox.pdfparser.BaseParser.parseCOSString(),38
org.apache.pdfbox.pdfparser.BaseParser.parseCOSString(),org.apache.pdfbox.pdfparser.BaseParser.parseCOSHexString(),10
org.apache.pdfbox.pdfparser.BaseParser.parseCOSHexString(),org.apache.pdfbox.cos.COSString.parseHex(String),8
org.apache.pdfbox.cos.COSString.parseHex(String),org.apache.pdfbox.cos.COSString.<init>(byte[]),12
org.apache.pdfbox.cos.COSString.<init>(byte[]),org.apache.pdfbox.cos.COSString.setValue(byte[]),89
org.apache.pdfbox.cos.COSString.<init>(byte[]),org.apache.pdfbox.cos.COSBase.<init>(),89
org.apache.pdfbox.pdfparser.BaseParser.parseCOSHexString(),org.apache.pdfbox.pdfparser.RandomAccessSource.read(),264
org.apache.pdfbox.pdfparser.BaseParser.parseCOSHexString(),org.apache.pdfbox.pdfparser.BaseParser.isHexDigit(char),266
org.apache.pdfbox.pdfparser.BaseParser.parseCOSString(),org.apache.pdfbox.pdfparser.RandomAccessSource.read(),26155
org.apache.pdfbox.pdfparser.COSParser.parseTrailer(),org.apache.pdfbox.pdfparser.BaseParser.readLine(),4
org.apache.pdfbox.pdfparser.COSParser.parseTrailer(),org.apache.pdfbox.pdfparser.BaseParser.skipSpaces(),8
org.apache.pdfbox.pdfparser.COSParser.parseTrailer(),org.apache.pdfbox.io.RandomAccessBufferedFileInputStream.peek(),4
org.apache.pdfbox.pdfparser.COSParser.parseTrailer(),org.apache.pdfbox.pdfparser.XrefTrailerResolver.setTrailer(COSDictionary),4
org.apache.pdfbox.pdfparser.COSParser.parseXref(long),org.apache.pdfbox.pdfparser.COSParser.checkXRefOffset(long),4
org.apache.pdfbox.pdfparser.COSParser.checkXRefOffset(long),org.apache.pdfbox.pdfparser.COSParser.isString(char[]),4
org.apache.pdfbox.pdfparser.COSParser.isString(char[]),org.apache.pdfbox.io.RandomAccessBufferedFileInputStream.read(),52
org.apache.pdfbox.pdfparser.COSParser.isString(char[]),org.apache.pdfbox.io.RandomAccessBufferedFileInputStream.seek(long),8
org.apache.pdfbox.pdfparser.COSParser.checkXRefOffset(long),org.apache.pdfbox.io.RandomAccessBufferedFileInputStream.peek(),4
org.apache.pdfbox.pdfparser.COSParser.checkXRefOffset(long),org.apache.pdfbox.io.RandomAccessBufferedFileInputStream.seek(long),4
org.apache.pdfbox.pdfparser.COSParser.parseXref(long),org.apache.pdfbox.pdfparser.COSParser.checkXrefOffsets(),4
org.apache.pdfbox.pdfparser.COSParser.checkXrefOffsets(),"org.apache.pdfbox.pdfparser.COSParser.checkObjectKeys(COSObjectKey, long)",120
"org.apache.pdfbox.pdfparser.COSParser.checkObjectKeys(COSObjectKey, long)","org.apache.pdfbox.pdfparser.COSParser.createObjectString(long, int)",120
"org.apache.pdfbox.pdfparser.COSParser.checkObjectKeys(COSObjectKey, long)",org.apache.pdfbox.pdfparser.COSParser.isString(byte[]),120
"org.apache.pdfbox.pdfparser.COSParser.checkObjectKeys(COSObjectKey, long)",org.apache.pdfbox.io.RandomAccessBufferedFileInputStream.seek(long),360
org.apache.pdfbox.pdfparser.COSParser.checkXrefOffsets(),org.apache.pdfbox.pdfparser.XrefTrailerResolver.getXrefTable(),4
org.apache.pdfbox.pdfparser.COSParser.parseXref(long),org.apache.pdfbox.pdfparser.XrefTrailerResolver.setStartxref(long),4
org.apache.pdfbox.pdfparser.XrefTrailerResolver.setStartxref(long),org.apache.pdfbox.cos.COSDictionary.addAll(COSDictionary),4
org.apache.pdfbox.cos.COSDictionary.addAll(COSDictionary),"org.apache.pdfbox.cos.COSDictionary.setItem(COSName, COSBase)",20
org.apache.pdfbox.cos.COSDictionary.addAll(COSDictionary),org.apache.pdfbox.cos.COSName.getPDFName(String),4
org.apache.pdfbox.pdfparser.XrefTrailerResolver.setStartxref(long),org.apache.pdfbox.cos.COSDictionary.<init>(),15
org.apache.pdfbox.pdfparser.XrefTrailerResolver.setStartxref(long),"org.apache.pdfbox.cos.COSDictionary.getLong(COSName, long)",4
"org.apache.pdfbox.cos.COSDictionary.getLong(COSName, long)",org.apache.pdfbox.cos.COSDictionary.getDictionaryObject(COSName),53
org.apache.pdfbox.pdfparser.COSParser.parseXref(long),org.apache.pdfbox.pdfparser.COSParser.parseStartXref(),4
org.apache.pdfbox.pdfparser.COSParser.parseStartXref(),org.apache.pdfbox.pdfparser.BaseParser.readString(),4
org.apache.pdfbox.pdfparser.COSParser.parseStartXref(),org.apache.pdfbox.pdfparser.BaseParser.readLong(),4
org.apache.pdfbox.pdfparser.COSParser.parseStartXref(),org.apache.pdfbox.pdfparser.COSParser.isString(char[]),4
org.apache.pdfbox.pdfparser.COSParser.parseStartXref(),org.apache.pdfbox.pdfparser.BaseParser.skipSpaces(),4
org.apache.pdfbox.pdfparser.COSParser.parseXref(long),org.apache.pdfbox.cos.COSDocument.addXRefTable(Map),4
org.apache.pdfbox.pdfparser.COSParser.parseXref(long),org.apache.pdfbox.cos.COSDictionary.getInt(COSName),4
org.apache.pdfbox.pdfparser.COSParser.parseXref(long),org.apache.pdfbox.pdfparser.BaseParser.skipSpaces(),4
org.apache.pdfbox.pdfparser.COSParser.parseXref(long),org.apache.pdfbox.cos.COSDictionary.containsKey(COSName),4
org.apache.pdfbox.pdfparser.COSParser.parseXref(long),org.apache.pdfbox.io.RandomAccessBufferedFileInputStream.peek(),8
org.apache.pdfbox.pdfparser.COSParser.parseXref(long),org.apache.pdfbox.io.RandomAccessBufferedFileInputStream.seek(long),8
org.apache.pdfbox.pdfparser.COSParser.parseXref(long),org.apache.pdfbox.pdfparser.XrefTrailerResolver.getXrefTable(),4
org.apache.pdfbox.pdfparser.COSParser.parseXref(long),org.apache.pdfbox.pdfparser.XrefTrailerResolver.getXrefType(),4
org.apache.pdfbox.pdfparser.PDFParser.initialParse(),org.apache.pdfbox.pdfparser.COSParser.parseTrailerValuesDynamically(COSDictionary),4
org.apache.pdfbox.pdfparser.COSParser.parseTrailerValuesDynamically(COSDictionary),"org.apache.pdfbox.pdfparser.COSParser.parseObjectDynamically(COSObject, boolean)",11
org.apache.pdfbox.pdfparser.COSParser.parseTrailerValuesDynamically(COSDictionary),org.apache.pdfbox.cos.COSDictionary.getItem(COSName),4
org.apache.pdfbox.pdfparser.COSParser.parseTrailerValuesDynamically(COSDictionary),org.apache.pdfbox.cos.COSDictionary.getValues(),4
org.apache.pdfbox.pdfparser.PDFParser.initialParse(),org.apache.pdfbox.pdfparser.COSParser.getStartxrefOffset(),4
org.apache.pdfbox.pdfparser.COSParser.getStartxrefOffset(),"org.apache.pdfbox.io.RandomAccessBufferedFileInputStream.read(byte[], int, int)",6
org.apache.pdfbox.pdfparser.COSParser.getStartxrefOffset(),org.apache.pdfbox.io.RandomAccessBufferedFileInputStream.seek(long),8
org.apache.pdfbox.pdfparser.COSParser.getStartxrefOffset(),"org.apache.pdfbox.pdfparser.COSParser.lastIndexOf(char[], byte[], int)",8
org.apache.pdfbox.pdfparser.PDFParser.initialParse(),org.apache.pdfbox.cos.COSDocument.getCatalog(),4
org.apache.pdfbox.cos.COSDocument.getCatalog(),org.apache.pdfbox.cos.COSDocument.getObjectByType(COSName),7
org.apache.pdfbox.cos.COSDocument.getObjectByType(COSName),org.apache.pdfbox.cos.COSDictionary.getItem(COSName),4
org.apache.pdfbox.cos.COSDocument.getObjectByType(COSName),org.apache.pdfbox.cos.COSName.equals(Object),4
org.apache.pdfbox.pdfparser.PDFParser.initialParse(),org.apache.pdfbox.cos.COSDictionary.getDictionaryObject(COSName),4
org.apache.pdfbox.pdfparser.PDFParser.initialParse(),org.apache.pdfbox.pdfparser.PDFParser.prepareDecryption(),4
org.apache.pdfbox.pdfparser.PDFParser.prepareDecryption(),org.apache.pdfbox.cos.COSDictionary.getItem(COSName),4
org.apache.pdfbox.pdfparser.PDFParser.initialParse(),org.apache.pdfbox.cos.COSDictionary.containsKey(COSName),4
org.apache.pdfbox.pdfparser.PDFParser.parse(),org.apache.pdfbox.pdfparser.COSParser.parsePDFHeader(),7
org.apache.pdfbox.pdfparser.COSParser.parsePDFHeader(),"org.apache.pdfbox.pdfparser.COSParser.parseHeader(String, String)",8
"org.apache.pdfbox.pdfparser.COSParser.parseHeader(String, String)",org.apache.pdfbox.pdfparser.BaseParser.readLine(),12
"org.apache.pdfbox.pdfparser.COSParser.parseHeader(String, String)",org.apache.pdfbox.io.RandomAccessBufferedFileInputStream.seek(long),4
org.apache.pdfbox.pdfparser.PDFParser.parse(),org.apache.pdfbox.io.IOUtils.closeQuietly(Closeable),10
"org.apache.pdfbox.pdmodel.PDDocument.load(File, String, InputStream, String, MemoryUsageSetting)",org.apache.pdfbox.io.RandomAccessBufferedFileInputStream.<init>(File),123
org.apache.pdfbox.io.RandomAccessBufferedFileInputStream.<init>(File),org.apache.pdfbox.io.RandomAccessBufferedFileInputStream.seek(long),4
org.apache.pdfbox.io.RandomAccessBufferedFileInputStream.seek(long),org.apache.pdfbox.io.RandomAccessBufferedFileInputStream.readPage(),21
"org.apache.pdfbox.pdmodel.PDDocument.load(File, String, InputStream, String, MemoryUsageSetting)",org.apache.pdfbox.io.ScratchFile.<init>(MemoryUsageSetting),4
"org.apache.pdfbox.pdmodel.PDDocument.load(File, String, InputStream, String, MemoryUsageSetting)","org.apache.pdfbox.pdfparser.PDFParser.<init>(RandomAccessRead, String, InputStream, String, ScratchFile)",4
"org.apache.pdfbox.pdfparser.PDFParser.<init>(RandomAccessRead, String, InputStream, String, ScratchFile)",org.apache.pdfbox.pdfparser.PDFParser.init(ScratchFile),7
org.apache.pdfbox.pdfparser.PDFParser.init(ScratchFile),org.apache.pdfbox.cos.COSDocument.<init>(ScratchFile),7
"org.apache.pdfbox.pdfparser.PDFParser.<init>(RandomAccessRead, String, InputStream, String, ScratchFile)",org.apache.pdfbox.pdfparser.COSParser.<init>(RandomAccessRead),15
org.apache.pdfbox.pdfparser.COSParser.<init>(RandomAccessRead),org.apache.pdfbox.pdfparser.XrefTrailerResolver.<init>(),54
org.apache.pdfbox.pdfparser.COSParser.<init>(RandomAccessRead),org.apache.pdfbox.pdfparser.BaseParser.<init>(SequentialSource),54
org.apache.pdfbox.pdfparser.COSParser.<init>(RandomAccessRead),org.apache.pdfbox.pdfparser.RandomAccessSource.<init>(RandomAccessRead),54
"org.apache.pdfbox.pdmodel.PDDocument.load(File, String, InputStream, String, MemoryUsageSetting)",org.apache.pdfbox.pdfparser.PDFParser.getPDDocument(),4
org.apache.pdfbox.pdfparser.PDFParser.getPDDocument(),"org.apache.pdfbox.pdmodel.PDDocument.<init>(COSDocument, RandomAccessRead, AccessPermission)",4
org.apache.pdfbox.pdfparser.PDFParser.getPDDocument(),org.apache.pdfbox.pdfparser.COSParser.getDocument(),4
org.apache.pdfbox.pdmodel.PDDocument.load(File),org.apache.pdfbox.io.MemoryUsageSetting.setupMainMemoryOnly(),80
org.apache.pdfbox.examples.pdmodel.CreateGradientShadingPDF.create(String),org.apache.pdfbox.pdmodel.PDDocument.save(String),8
org.apache.pdfbox.pdmodel.PDDocument.save(String),org.apache.pdfbox.pdmodel.PDDocument.save(File),15
org.apache.pdfbox.pdmodel.PDDocument.save(File),org.apache.pdfbox.pdmodel.PDDocument.save(OutputStream),6
org.apache.pdfbox.pdmodel.PDDocument.save(OutputStream),org.apache.pdfbox.pdfwriter.COSWriter.write(PDDocument),5
org.apache.pdfbox.pdfwriter.COSWriter.write(PDDocument),"org.apache.pdfbox.pdfwriter.COSWriter.write(PDDocument, SignatureInterface)",8
"org.apache.pdfbox.pdfwriter.COSWriter.write(PDDocument, SignatureInterface)",org.apache.pdfbox.cos.COSDocument.accept(ICOSVisitor),5
org.apache.pdfbox.cos.COSDocument.accept(ICOSVisitor),org.apache.pdfbox.pdfwriter.COSWriter.visitFromDocument(COSDocument),6
org.apache.pdfbox.pdfwriter.COSWriter.visitFromDocument(COSDocument),org.apache.pdfbox.pdfwriter.COSWriter.doWriteBody(COSDocument),4
org.apache.pdfbox.pdfwriter.COSWriter.doWriteBody(COSDocument),org.apache.pdfbox.pdfwriter.COSWriter.doWriteObject(COSBase),17
org.apache.pdfbox.pdfwriter.COSWriter.doWriteObject(COSBase),org.apache.pdfbox.cos.COSDictionary.accept(ICOSVisitor),16
org.apache.pdfbox.cos.COSDictionary.accept(ICOSVisitor),org.apache.pdfbox.pdfwriter.COSWriter.visitFromDictionary(COSDictionary),20
org.apache.pdfbox.pdfwriter.COSWriter.visitFromDictionary(COSDictionary),org.apache.pdfbox.cos.COSArray.accept(ICOSVisitor),16
org.apache.pdfbox.cos.COSArray.accept(ICOSVisitor),org.apache.pdfbox.pdfwriter.COSWriter.visitFromArray(COSArray),16
org.apache.pdfbox.pdfwriter.COSWriter.visitFromArray(COSArray),org.apache.pdfbox.cos.COSInteger.accept(ICOSVisitor),16
org.apache.pdfbox.cos.COSInteger.accept(ICOSVisitor),org.apache.pdfbox.pdfwriter.COSWriter.visitFromInt(COSInteger),29
org.apache.pdfbox.pdfwriter.COSWriter.visitFromInt(COSInteger),org.apache.pdfbox.cos.COSInteger.writePDF(OutputStream),29
org.apache.pdfbox.pdfwriter.COSWriter.visitFromArray(COSArray),org.apache.pdfbox.cos.COSFloat.accept(ICOSVisitor),14
org.apache.pdfbox.cos.COSFloat.accept(ICOSVisitor),org.apache.pdfbox.pdfwriter.COSWriter.visitFromFloat(COSFloat),14
org.apache.pdfbox.pdfwriter.COSWriter.visitFromFloat(COSFloat),org.apache.pdfbox.cos.COSFloat.writePDF(OutputStream),14
org.apache.pdfbox.pdfwriter.COSWriter.visitFromArray(COSArray),org.apache.pdfbox.pdfwriter.COSWriter.addObjectToWrite(COSBase),3
org.apache.pdfbox.pdfwriter.COSWriter.visitFromArray(COSArray),org.apache.pdfbox.pdfwriter.COSWriter.writeReference(COSBase),3
org.apache.pdfbox.pdfwriter.COSWriter.writeReference(COSBase),org.apache.pdfbox.pdfwriter.COSWriter.getObjectKey(COSBase),22
org.apache.pdfbox.pdfwriter.COSWriter.getObjectKey(COSBase),"org.apache.pdfbox.cos.COSObjectKey.<init>(long, int)",17
org.apache.pdfbox.pdfwriter.COSWriter.visitFromArray(COSArray),org.apache.pdfbox.cos.COSArray.iterator(),16
org.apache.pdfbox.pdfwriter.COSWriter.visitFromArray(COSArray),org.apache.pdfbox.pdfwriter.COSStandardOutputStream.writeEOL(),16
org.apache.pdfbox.pdfwriter.COSWriter.visitFromDictionary(COSDictionary),org.apache.pdfbox.cos.COSName.accept(ICOSVisitor),81
org.apache.pdfbox.cos.COSName.accept(ICOSVisitor),org.apache.pdfbox.pdfwriter.COSWriter.visitFromName(COSName),81
org.apache.pdfbox.pdfwriter.COSWriter.visitFromName(COSName),org.apache.pdfbox.cos.COSName.writePDF(OutputStream),81
org.apache.pdfbox.cos.COSName.writePDF(OutputStream),org.apache.pdfbox.pdfwriter.COSStandardOutputStream.write(int),510
org.apache.pdfbox.pdfwriter.COSWriter.visitFromDictionary(COSDictionary),org.apache.pdfbox.pdfwriter.COSWriter.writeReference(COSBase),18
org.apache.pdfbox.pdfwriter.COSWriter.visitFromDictionary(COSDictionary),org.apache.pdfbox.cos.COSDictionary.getItem(COSName),36
org.apache.pdfbox.pdfwriter.COSWriter.visitFromDictionary(COSDictionary),org.apache.pdfbox.pdfwriter.COSWriter.addObjectToWrite(COSBase),18
org.apache.pdfbox.pdfwriter.COSWriter.visitFromDictionary(COSDictionary),org.apache.pdfbox.cos.COSInteger.accept(ICOSVisitor),13
org.apache.pdfbox.pdfwriter.COSWriter.visitFromDictionary(COSDictionary),org.apache.pdfbox.pdfwriter.COSStandardOutputStream.writeEOL(),106
org.apache.pdfbox.pdfwriter.COSWriter.visitFromDictionary(COSDictionary),org.apache.pdfbox.cos.COSDictionary.entrySet(),21
org.apache.pdfbox.pdfwriter.COSWriter.doWriteObject(COSBase),org.apache.pdfbox.cos.COSStream.accept(ICOSVisitor),1
org.apache.pdfbox.cos.COSStream.accept(ICOSVisitor),org.apache.pdfbox.pdfwriter.COSWriter.visitFromStream(COSStream),1
org.apache.pdfbox.pdfwriter.COSWriter.visitFromStream(COSStream),org.apache.pdfbox.cos.COSStream.createRawInputStream(),1
org.apache.pdfbox.pdfwriter.COSWriter.visitFromStream(COSStream),"org.apache.pdfbox.io.IOUtils.copy(InputStream, OutputStream)",1
"org.apache.pdfbox.io.RandomAccessInputStream.read(byte[], int, int)",org.apache.pdfbox.io.RandomAccessInputStream.restorePosition(),14
"org.apache.pdfbox.io.RandomAccessInputStream.read(byte[], int, int)","org.apache.pdfbox.io.ScratchFileBuffer.read(byte[], int, int)",5
"org.apache.pdfbox.io.ScratchFileBuffer.read(byte[], int, int)",org.apache.pdfbox.io.ScratchFileBuffer.checkClosed(),5
"org.apache.pdfbox.io.ScratchFileBuffer.read(byte[], int, int)",org.apache.pdfbox.io.ScratchFileBuffer.ensureAvailableBytesInPage(boolean),5
"org.apache.pdfbox.io.RandomAccessInputStream.read(byte[], int, int)",org.apache.pdfbox.io.ScratchFileBuffer.isEOF(),13
"org.apache.pdfbox.io.IOUtils.copy(InputStream, OutputStream)","org.apache.pdfbox.pdfwriter.COSStandardOutputStream.write(byte[], int, int)",1
org.apache.pdfbox.pdfwriter.COSWriter.visitFromStream(COSStream),org.apache.pdfbox.pdfwriter.COSWriter.visitFromDictionary(COSDictionary),2
org.apache.pdfbox.pdfwriter.COSWriter.visitFromStream(COSStream),org.apache.pdfbox.pdfwriter.COSStandardOutputStream.writeCRLF(),2
org.apache.pdfbox.pdfwriter.COSWriter.visitFromStream(COSStream),org.apache.pdfbox.pdfwriter.COSStandardOutputStream.writeEOL(),1
org.apache.pdfbox.pdfwriter.COSWriter.doWriteObject(COSBase),org.apache.pdfbox.pdfwriter.COSWriter.getObjectKey(COSBase),18
org.apache.pdfbox.pdfwriter.COSWriter.doWriteObject(COSBase),org.apache.pdfbox.pdfwriter.COSStandardOutputStream.writeEOL(),51
org.apache.pdfbox.pdfwriter.COSWriter.doWriteObject(COSBase),org.apache.pdfbox.pdfwriter.COSWriter.addXRefEntry(COSWriterXRefEntry),17
org.apache.pdfbox.pdfwriter.COSWriter.doWriteObject(COSBase),org.apache.pdfbox.cos.COSDictionary.getItem(COSName),17
org.apache.pdfbox.pdfwriter.COSWriter.doWriteObject(COSBase),"org.apache.pdfbox.pdfwriter.COSWriterXRefEntry.<init>(long, COSBase, COSObjectKey)",17
org.apache.pdfbox.pdfwriter.COSWriter.doWriteObject(COSBase),org.apache.pdfbox.cos.COSName.equals(Object),34
org.apache.pdfbox.pdfwriter.COSWriter.doWriteBody(COSDocument),org.apache.pdfbox.pdfwriter.COSWriter.addObjectToWrite(COSBase),4
org.apache.pdfbox.pdfwriter.COSWriter.doWriteBody(COSDocument),org.apache.pdfbox.cos.COSDictionary.getDictionaryObject(COSName),12
org.apache.pdfbox.pdfwriter.COSWriter.visitFromDocument(COSDocument),org.apache.pdfbox.pdfwriter.COSWriter.doWriteTrailer(COSDocument),4
org.apache.pdfbox.pdfwriter.COSWriter.doWriteTrailer(COSDocument),org.apache.pdfbox.cos.COSDictionary.accept(ICOSVisitor),4
org.apache.pdfbox.pdfwriter.COSWriter.visitFromArray(COSArray),org.apache.pdfbox.cos.COSString.accept(ICOSVisitor),8
org.apache.pdfbox.cos.COSString.accept(ICOSVisitor),org.apache.pdfbox.pdfwriter.COSWriter.visitFromString(COSString),8
org.apache.pdfbox.pdfwriter.COSWriter.visitFromString(COSString),"org.apache.pdfbox.pdfwriter.COSWriter.writeString(COSString, OutputStream)",9
"org.apache.pdfbox.pdfwriter.COSWriter.writeString(COSString, OutputStream)","org.apache.pdfbox.pdfwriter.COSWriter.writeString(byte[], boolean, OutputStream)",8
"org.apache.pdfbox.pdfwriter.COSWriter.writeString(byte[], boolean, OutputStream)",org.apache.pdfbox.util.Hex.getBytes(byte),128
org.apache.pdfbox.util.Hex.getBytes(byte),org.apache.pdfbox.util.Hex.getString(byte),129
"org.apache.pdfbox.pdfwriter.COSWriter.writeString(byte[], boolean, OutputStream)",org.apache.pdfbox.pdfwriter.COSStandardOutputStream.write(int),16
org.apache.pdfbox.pdfwriter.COSWriterXRefEntry.compareTo(Object),org.apache.pdfbox.pdfwriter.COSWriterXRefEntry.compareTo(COSWriterXRefEntry),44
org.apache.pdfbox.pdfwriter.COSWriter.doWriteTrailer(COSDocument),"org.apache.pdfbox.cos.COSDictionary.setLong(COSName, long)",4
"org.apache.pdfbox.cos.COSDictionary.setLong(COSName, long)","org.apache.pdfbox.cos.COSDictionary.setItem(COSName, COSBase)",42
"org.apache.pdfbox.cos.COSDictionary.setLong(COSName, long)",org.apache.pdfbox.cos.COSInteger.get(long),42
org.apache.pdfbox.pdfwriter.COSWriter.doWriteTrailer(COSDocument),org.apache.pdfbox.cos.COSDictionary.removeItem(COSName),12
org.apache.pdfbox.pdfwriter.COSWriter.doWriteTrailer(COSDocument),org.apache.pdfbox.pdfwriter.COSStandardOutputStream.writeEOL(),4
org.apache.pdfbox.pdfwriter.COSWriter.visitFromDocument(COSDocument),org.apache.pdfbox.pdfwriter.COSWriter.doWriteXRefTable(),4
org.apache.pdfbox.pdfwriter.COSWriter.doWriteXRefTable(),org.apache.pdfbox.pdfwriter.COSWriter.writeXrefEntry(COSWriterXRefEntry),21
org.apache.pdfbox.pdfwriter.COSWriter.writeXrefEntry(COSWriterXRefEntry),org.apache.pdfbox.pdfwriter.COSStandardOutputStream.writeCRLF(),21
org.apache.pdfbox.pdfwriter.COSWriter.doWriteXRefTable(),"org.apache.pdfbox.pdfwriter.COSWriter.writeXrefRange(long, long)",4
"org.apache.pdfbox.pdfwriter.COSWriter.writeXrefRange(long, long)",org.apache.pdfbox.pdfwriter.COSStandardOutputStream.writeEOL(),4
org.apache.pdfbox.pdfwriter.COSWriter.doWriteXRefTable(),org.apache.pdfbox.pdfwriter.COSWriter.getXRefRanges(List),4
org.apache.pdfbox.pdfwriter.COSWriter.doWriteXRefTable(),org.apache.pdfbox.pdfwriter.COSStandardOutputStream.writeEOL(),4
org.apache.pdfbox.pdfwriter.COSWriter.doWriteXRefTable(),org.apache.pdfbox.pdfwriter.COSWriter.addXRefEntry(COSWriterXRefEntry),4
org.apache.pdfbox.pdfwriter.COSWriter.visitFromDocument(COSDocument),org.apache.pdfbox.pdfwriter.COSWriter.doWriteHeader(COSDocument),7
org.apache.pdfbox.pdfwriter.COSWriter.doWriteHeader(COSDocument),org.apache.pdfbox.pdfwriter.COSStandardOutputStream.writeEOL(),8
org.apache.pdfbox.pdfwriter.COSWriter.visitFromDocument(COSDocument),org.apache.pdfbox.cos.COSDictionary.getLong(COSName),4
org.apache.pdfbox.cos.COSDictionary.getLong(COSName),"org.apache.pdfbox.cos.COSDictionary.getLong(COSName, long)",17
org.apache.pdfbox.pdfwriter.COSWriter.visitFromDocument(COSDocument),org.apache.pdfbox.pdfwriter.COSStandardOutputStream.writeEOL(),12
"org.apache.pdfbox.pdfwriter.COSWriter.write(PDDocument, SignatureInterface)",org.apache.pdfbox.cos.COSArray.add(COSBase),10
"org.apache.pdfbox.pdfwriter.COSWriter.write(PDDocument, SignatureInterface)",org.apache.pdfbox.pdmodel.PDDocument.getEncryption(),7
org.apache.pdfbox.pdmodel.PDDocument.getEncryption(),org.apache.pdfbox.pdmodel.PDDocument.isEncrypted(),9
org.apache.pdfbox.pdmodel.PDDocument.isEncrypted(),org.apache.pdfbox.cos.COSDocument.isEncrypted(),11
org.apache.pdfbox.cos.COSDocument.isEncrypted(),org.apache.pdfbox.cos.COSDictionary.getDictionaryObject(COSName),16
"org.apache.pdfbox.pdfwriter.COSWriter.write(PDDocument, SignatureInterface)","org.apache.pdfbox.cos.COSDictionary.setItem(COSName, COSBase)",5
"org.apache.pdfbox.pdfwriter.COSWriter.write(PDDocument, SignatureInterface)",org.apache.pdfbox.cos.COSString.<init>(byte[]),5
"org.apache.pdfbox.pdfwriter.COSWriter.write(PDDocument, SignatureInterface)",org.apache.pdfbox.cos.COSArray.<init>(),5
"org.apache.pdfbox.pdfwriter.COSWriter.write(PDDocument, SignatureInterface)",org.apache.pdfbox.cos.COSDictionary.getDictionaryObject(COSName),10
org.apache.pdfbox.pdmodel.PDDocument.save(OutputStream),org.apache.pdfbox.pdfwriter.COSWriter.<init>(OutputStream),5
org.apache.pdfbox.pdfwriter.COSWriter.<init>(OutputStream),org.apache.pdfbox.pdfwriter.COSStandardOutputStream.<init>(OutputStream),37
org.apache.pdfbox.pdmodel.PDDocument.save(OutputStream),org.apache.pdfbox.pdfwriter.COSWriter.close(),9
org.apache.pdfbox.examples.pdmodel.CreateGradientShadingPDF.create(String),"org.apache.pdfbox.pdmodel.PDPageContentStream.<init>(PDDocument, PDPage, PDPageContentStream$AppendMode, boolean)",8
"org.apache.pdfbox.pdmodel.PDPageContentStream.<init>(PDDocument, PDPage, PDPageContentStream$AppendMode, boolean)","org.apache.pdfbox.pdmodel.PDPageContentStream.<init>(PDDocument, PDPage, PDPageContentStream$AppendMode, boolean, boolean)",9
"org.apache.pdfbox.pdmodel.PDPageContentStream.<init>(PDDocument, PDPage, PDPageContentStream$AppendMode, boolean, boolean)",org.apache.pdfbox.pdmodel.PDPage.hasContents(),19
"org.apache.pdfbox.pdmodel.PDPageContentStream.<init>(PDDocument, PDPage, PDPageContentStream$AppendMode, boolean, boolean)",org.apache.pdfbox.pdmodel.common.PDStream.createOutputStream(COSName),11
org.apache.pdfbox.pdmodel.common.PDStream.createOutputStream(COSName),org.apache.pdfbox.cos.COSStream.createOutputStream(COSBase),11
"org.apache.pdfbox.pdmodel.PDPageContentStream.<init>(PDDocument, PDPage, PDPageContentStream$AppendMode, boolean, boolean)",org.apache.pdfbox.pdmodel.common.PDStream.<init>(PDDocument),11
org.apache.pdfbox.pdmodel.common.PDStream.<init>(PDDocument),org.apache.pdfbox.cos.COSDocument.createCOSStream(),11
"org.apache.pdfbox.pdmodel.PDPageContentStream.<init>(PDDocument, PDPage, PDPageContentStream$AppendMode, boolean, boolean)",org.apache.pdfbox.pdmodel.PDPage.getResources(),11
"org.apache.pdfbox.pdmodel.PDPageContentStream.<init>(PDDocument, PDPage, PDPageContentStream$AppendMode, boolean, boolean)",org.apache.pdfbox.pdmodel.PDPage.setContents(PDStream),11
org.apache.pdfbox.pdmodel.PDPage.setContents(PDStream),"org.apache.pdfbox.cos.COSDictionary.setItem(COSName, COSObjectable)",16
"org.apache.pdfbox.cos.COSDictionary.setItem(COSName, COSObjectable)","org.apache.pdfbox.cos.COSDictionary.setItem(COSName, COSBase)",693
"org.apache.pdfbox.cos.COSDictionary.setItem(COSName, COSObjectable)",org.apache.pdfbox.pdmodel.common.PDStream.getCOSObject(),12
"org.apache.pdfbox.pdmodel.PDPageContentStream.<init>(PDDocument, PDPage, PDPageContentStream$AppendMode, boolean, boolean)",org.apache.pdfbox.pdmodel.PDPage.setResources(PDResources),11
org.apache.pdfbox.pdmodel.PDPage.setResources(PDResources),"org.apache.pdfbox.cos.COSDictionary.setItem(COSName, COSObjectable)",11
"org.apache.pdfbox.cos.COSDictionary.setItem(COSName, COSObjectable)",org.apache.pdfbox.pdmodel.PDResources.getCOSObject(),11
"org.apache.pdfbox.pdmodel.PDPageContentStream.<init>(PDDocument, PDPage, PDPageContentStream$AppendMode, boolean, boolean)",org.apache.pdfbox.pdmodel.PDResources.<init>(),11
org.apache.pdfbox.examples.pdmodel.CreateGradientShadingPDF.create(String),org.apache.pdfbox.pdmodel.PDDocument.<init>(),8
org.apache.pdfbox.examples.pdmodel.CreateGradientShadingPDF.create(String),org.apache.pdfbox.pdmodel.PDDocument.close(),8
org.apache.pdfbox.pdmodel.PDDocument.close(),org.apache.pdfbox.cos.COSDocument.close(),46
org.apache.pdfbox.cos.COSStream.close(),org.apache.pdfbox.io.ScratchFileBuffer.close(),33
org.apache.pdfbox.examples.pdmodel.CreateGradientShadingPDF.create(String),org.apache.pdfbox.pdmodel.PDPageContentStream.shadingFill(PDShading),16
org.apache.pdfbox.pdmodel.PDPageContentStream.shadingFill(PDShading),org.apache.pdfbox.pdmodel.PDPageContentStream.writeOperand(COSName),16
org.apache.pdfbox.pdmodel.PDPageContentStream.writeOperand(COSName),org.apache.pdfbox.cos.COSName.writePDF(OutputStream),19
org.apache.pdfbox.pdmodel.PDPageContentStream.shadingFill(PDShading),org.apache.pdfbox.pdmodel.PDResources.add(PDShading),16
org.apache.pdfbox.pdmodel.PDResources.add(PDShading),"org.apache.pdfbox.pdmodel.PDResources.add(COSName, String, COSObjectable)",18
"org.apache.pdfbox.pdmodel.PDResources.add(COSName, String, COSObjectable)","org.apache.pdfbox.pdmodel.PDResources.createKey(COSName, String)",42
"org.apache.pdfbox.pdmodel.PDResources.createKey(COSName, String)",org.apache.pdfbox.cos.COSName.getPDFName(String),42
"org.apache.pdfbox.pdmodel.PDResources.createKey(COSName, String)",org.apache.pdfbox.cos.COSDictionary.getDictionaryObject(COSName),42
"org.apache.pdfbox.pdmodel.PDResources.add(COSName, String, COSObjectable)","org.apache.pdfbox.pdmodel.PDResources.put(COSName, COSName, COSObjectable)",42
"org.apache.pdfbox.pdmodel.PDResources.put(COSName, COSName, COSObjectable)","org.apache.pdfbox.cos.COSDictionary.setItem(COSName, COSObjectable)",52
"org.apache.pdfbox.cos.COSDictionary.setItem(COSName, COSObjectable)",org.apache.pdfbox.pdmodel.graphics.shading.PDShading.getCOSObject(),16
"org.apache.pdfbox.pdmodel.PDResources.put(COSName, COSName, COSObjectable)","org.apache.pdfbox.cos.COSDictionary.setItem(COSName, COSBase)",43
"org.apache.pdfbox.pdmodel.PDResources.put(COSName, COSName, COSObjectable)",org.apache.pdfbox.cos.COSDictionary.<init>(),43
"org.apache.pdfbox.pdmodel.PDResources.put(COSName, COSName, COSObjectable)",org.apache.pdfbox.cos.COSDictionary.getDictionaryObject(COSName),52
"org.apache.pdfbox.pdmodel.PDResources.add(COSName, String, COSObjectable)",org.apache.pdfbox.cos.COSDictionary.getDictionaryObject(COSName),51
org.apache.pdfbox.pdmodel.PDPageContentStream.shadingFill(PDShading),org.apache.pdfbox.pdmodel.PDPageContentStream.writeOperator(String),16
"org.apache.pdfbox.pdmodel.PDResources.createKey(COSName, String)",org.apache.pdfbox.cos.COSDictionary.containsKey(String),8
"org.apache.pdfbox.pdmodel.PDResources.createKey(COSName, String)",org.apache.pdfbox.cos.COSDictionary.keySet(),8
"org.apache.pdfbox.pdmodel.PDResources.add(COSName, String, COSObjectable)",org.apache.pdfbox.cos.COSDictionary.containsValue(Object),8
"org.apache.pdfbox.pdmodel.PDResources.add(COSName, String, COSObjectable)",org.apache.pdfbox.pdmodel.graphics.shading.PDShading.getCOSObject(),8
org.apache.pdfbox.examples.pdmodel.CreateGradientShadingPDF.create(String),org.apache.pdfbox.pdmodel.PDDocument.addPage(PDPage),8
org.apache.pdfbox.pdmodel.PDDocument.addPage(PDPage),org.apache.pdfbox.pdmodel.PDPageTree.add(PDPage),34
org.apache.pdfbox.pdmodel.PDPageTree.add(PDPage),org.apache.pdfbox.cos.COSDictionary.getInt(COSName),33
org.apache.pdfbox.pdmodel.PDPageTree.add(PDPage),"org.apache.pdfbox.cos.COSDictionary.setInt(COSName, int)",33
org.apache.pdfbox.pdmodel.PDPageTree.add(PDPage),org.apache.pdfbox.cos.COSArray.add(COSBase),33
org.apache.pdfbox.pdmodel.PDPageTree.add(PDPage),"org.apache.pdfbox.cos.COSDictionary.getDictionaryObject(COSName, COSName)",66
org.apache.pdfbox.pdmodel.PDPageTree.add(PDPage),"org.apache.pdfbox.cos.COSDictionary.setItem(COSName, COSBase)",33
org.apache.pdfbox.pdmodel.PDPageTree.add(PDPage),org.apache.pdfbox.cos.COSDictionary.getDictionaryObject(COSName),33
org.apache.pdfbox.pdmodel.PDDocument.addPage(PDPage),org.apache.pdfbox.pdmodel.PDDocument.getPages(),34
org.apache.pdfbox.pdmodel.PDDocument.getPages(),org.apache.pdfbox.pdmodel.PDDocumentCatalog.getPages(),36
org.apache.pdfbox.pdmodel.PDDocument.getPages(),org.apache.pdfbox.pdmodel.PDDocument.getDocumentCatalog(),39
org.apache.pdfbox.examples.pdmodel.CreateGradientShadingPDF.create(String),org.apache.pdfbox.pdmodel.PDPageContentStream.close(),8
org.apache.pdfbox.cos.COSOutputStream.close(),org.apache.pdfbox.io.RandomAccessOutputStream.write(byte[]),14
org.apache.pdfbox.io.RandomAccessOutputStream.write(byte[]),org.apache.pdfbox.io.ScratchFileBuffer.write(byte[]),14
org.apache.pdfbox.io.ScratchFileBuffer.write(byte[]),"org.apache.pdfbox.io.ScratchFileBuffer.write(byte[], int, int)",14
"org.apache.pdfbox.io.ScratchFileBuffer.write(byte[], int, int)",org.apache.pdfbox.io.ScratchFileBuffer.checkClosed(),16
"org.apache.pdfbox.io.ScratchFileBuffer.write(byte[], int, int)",org.apache.pdfbox.io.ScratchFileBuffer.ensureAvailableBytesInPage(boolean),19
org.apache.pdfbox.examples.pdmodel.CreateGradientShadingPDF.create(String),org.apache.pdfbox.cos.COSNumber.get(String),48
org.apache.pdfbox.examples.pdmodel.CreateGradientShadingPDF.create(String),org.apache.pdfbox.pdmodel.common.function.PDFunctionType2.<init>(COSBase),8
org.apache.pdfbox.examples.pdmodel.CreateGradientShadingPDF.create(String),org.apache.pdfbox.rendering.PDFRenderer.<init>(PDDocument),1
org.apache.pdfbox.examples.pdmodel.CreateGradientShadingPDF.create(String),org.apache.pdfbox.pdmodel.PDPage.<init>(),8
org.apache.pdfbox.pdmodel.PDPage.<init>(),org.apache.pdfbox.pdmodel.PDPage.<init>(PDRectangle),50
org.apache.pdfbox.pdmodel.PDPage.<init>(PDRectangle),"org.apache.pdfbox.cos.COSDictionary.setItem(COSName, COSObjectable)",65
org.apache.pdfbox.pdmodel.PDPage.<init>(PDRectangle),"org.apache.pdfbox.cos.COSDictionary.setItem(COSName, COSBase)",65
org.apache.pdfbox.pdmodel.PDPage.<init>(PDRectangle),org.apache.pdfbox.cos.COSDictionary.<init>(),65
org.apache.pdfbox.examples.pdmodel.CreateGradientShadingPDF.create(String),org.apache.pdfbox.pdmodel.graphics.shading.PDShading.setColorSpace(PDColorSpace),16
org.apache.pdfbox.pdmodel.graphics.shading.PDShading.setColorSpace(PDColorSpace),org.apache.pdfbox.pdmodel.graphics.color.PDDeviceColorSpace.getCOSObject(),16
org.apache.pdfbox.pdmodel.graphics.color.PDDeviceColorSpace.getCOSObject(),org.apache.pdfbox.cos.COSName.getPDFName(String),33
org.apache.pdfbox.pdmodel.graphics.color.PDDeviceColorSpace.getCOSObject(),org.apache.pdfbox.pdmodel.graphics.color.PDDeviceRGB.getName(),17
org.apache.pdfbox.pdmodel.graphics.shading.PDShading.setColorSpace(PDColorSpace),"org.apache.pdfbox.cos.COSDictionary.setItem(COSName, COSBase)",16
org.apache.pdfbox.examples.pdmodel.CreateGradientShadingPDF.create(String),"org.apache.pdfbox.cos.COSDictionary.setInt(COSName, int)",16
org.apache.pdfbox.examples.pdmodel.CreateGradientShadingPDF.create(String),"org.apache.pdfbox.cos.COSDictionary.setItem(COSName, COSBase)",24
org.apache.pdfbox.examples.pdmodel.CreateGradientShadingPDF.create(String),org.apache.pdfbox.pdmodel.graphics.shading.PDShading.setFunction(PDFunction),16
org.apache.pdfbox.pdmodel.graphics.shading.PDShading.setFunction(PDFunction),"org.apache.pdfbox.cos.COSDictionary.setItem(COSName, COSObjectable)",16
"org.apache.pdfbox.cos.COSDictionary.setItem(COSName, COSObjectable)",org.apache.pdfbox.pdmodel.common.function.PDFunction.getCOSObject(),16
org.apache.pdfbox.pdmodel.common.function.PDFunction.getCOSObject(),org.apache.pdfbox.pdmodel.common.function.PDFunction.getCOSObject(),16
org.apache.pdfbox.examples.pdmodel.CreateGradientShadingPDF.create(String),org.apache.pdfbox.pdmodel.graphics.shading.PDShading.setShadingType(int),16
org.apache.pdfbox.pdmodel.graphics.shading.PDShading.setShadingType(int),"org.apache.pdfbox.cos.COSDictionary.setInt(COSName, int)",16
org.apache.pdfbox.examples.pdmodel.CreateGradientShadingPDF.create(String),org.apache.pdfbox.cos.COSArray.<init>(),40
org.apache.pdfbox.examples.pdmodel.CreateGradientShadingPDF.create(String),org.apache.pdfbox.cos.COSArray.add(COSBase),144
org.apache.pdfbox.examples.pdmodel.CreateGradientShadingPDF.create(String),org.apache.pdfbox.cos.COSDictionary.<init>(),24
org.apache.pdfbox.examples.pdmodel.CreateGradientShadingPDF.create(String),org.apache.pdfbox.cos.COSInteger.get(long),96
org.apache.pdfbox.examples.pdmodel.CreateGradientShadingPDF.create(String),org.apache.pdfbox.pdmodel.graphics.shading.PDShadingType2.setCoords(COSArray),16
org.apache.pdfbox.pdmodel.graphics.shading.PDShadingType2.setCoords(COSArray),"org.apache.pdfbox.cos.COSDictionary.setItem(COSName, COSBase)",16
org.apache.pdfbox.examples.pdmodel.CreateGradientShadingPDF.create(String),org.apache.pdfbox.pdmodel.graphics.shading.PDShadingType2.<init>(COSDictionary),8
org.apache.pdfbox.examples.pdmodel.CreateGradientShadingPDF.create(String),org.apache.pdfbox.pdmodel.graphics.shading.PDShadingType3.<init>(COSDictionary),8
org.apache.pdfbox.pdmodel.graphics.shading.PDShadingType3.<init>(COSDictionary),org.apache.pdfbox.pdmodel.graphics.shading.PDShadingType2.<init>(COSDictionary),13
org.apache.pdfbox.examples.pdmodel.EmbeddedFonts.main(String[]),"org.apache.pdfbox.pdmodel.font.PDType0Font.load(PDDocument, File)",2
"org.apache.pdfbox.pdmodel.font.PDType0Font.load(PDDocument, File)","org.apache.pdfbox.pdmodel.font.PDType0Font.<init>(PDDocument, TrueTypeFont, boolean)",1
"org.apache.pdfbox.pdmodel.font.PDType0Font.<init>(PDDocument, TrueTypeFont, boolean)","org.apache.pdfbox.pdmodel.font.PDCIDFontType2Embedder.<init>(PDDocument, COSDictionary, TrueTypeFont, boolean, PDType0Font)",2
"org.apache.pdfbox.pdmodel.font.PDCIDFontType2Embedder.<init>(PDDocument, COSDictionary, TrueTypeFont, boolean, PDType0Font)",org.apache.pdfbox.pdmodel.font.PDCIDFontType2Embedder.buildToUnicodeCMap(Map),1
org.apache.pdfbox.pdmodel.font.PDCIDFontType2Embedder.buildToUnicodeCMap(Map),org.apache.pdfbox.pdmodel.font.ToUnicodeWriter.writeTo(OutputStream),1
org.apache.pdfbox.pdmodel.font.ToUnicodeWriter.writeTo(OutputStream),org.apache.pdfbox.pdmodel.font.ToUnicodeWriter.stringToHex(String),2111
org.apache.pdfbox.pdmodel.font.ToUnicodeWriter.writeTo(OutputStream),org.apache.pdfbox.pdmodel.font.ToUnicodeWriter.toHex(int),4222
org.apache.pdfbox.pdmodel.font.ToUnicodeWriter.writeTo(OutputStream),"org.apache.pdfbox.pdmodel.font.ToUnicodeWriter.writeLine(BufferedWriter, String)",39
org.apache.pdfbox.pdmodel.font.PDCIDFontType2Embedder.buildToUnicodeCMap(Map),"org.apache.pdfbox.pdmodel.font.ToUnicodeWriter.add(int, String)",2294
org.apache.pdfbox.pdmodel.font.PDCIDFontType2Embedder.buildToUnicodeCMap(Map),"org.apache.pdfbox.pdmodel.common.PDStream.<init>(PDDocument, InputStream, COSName)",1
"org.apache.pdfbox.pdmodel.common.PDStream.<init>(PDDocument, InputStream, COSName)","org.apache.pdfbox.pdmodel.common.PDStream.<init>(PDDocument, InputStream, COSBase)",7
"org.apache.pdfbox.pdmodel.common.PDStream.<init>(PDDocument, InputStream, COSBase)","org.apache.pdfbox.io.IOUtils.copy(InputStream, OutputStream)",1
org.apache.pdfbox.cos.COSOutputStream.close(),"org.apache.pdfbox.filter.Filter.encode(InputStream, OutputStream, COSDictionary, int)",6
"org.apache.pdfbox.filter.Filter.encode(InputStream, OutputStream, COSDictionary, int)","org.apache.pdfbox.filter.FlateFilter.encode(InputStream, OutputStream, COSDictionary)",6
"org.apache.pdfbox.filter.Filter.encode(InputStream, OutputStream, COSDictionary, int)",org.apache.pdfbox.cos.COSDictionary.asUnmodifiableDictionary(),6
org.apache.pdfbox.cos.COSDictionary.asUnmodifiableDictionary(),org.apache.pdfbox.cos.UnmodifiableCOSDictionary.<init>(COSDictionary),16
org.apache.pdfbox.cos.UnmodifiableCOSDictionary.<init>(COSDictionary),org.apache.pdfbox.cos.COSDictionary.<init>(),17
org.apache.pdfbox.io.ScratchFileBuffer.ensureAvailableBytesInPage(boolean),org.apache.pdfbox.io.ScratchFileBuffer.addPage(),5
org.apache.pdfbox.io.ScratchFileBuffer.ensureAvailableBytesInPage(boolean),"org.apache.pdfbox.io.ScratchFile.writePage(int, byte[])",5
"org.apache.pdfbox.io.ScratchFile.writePage(int, byte[])",org.apache.pdfbox.io.ScratchFile.checkClosed(),9
"org.apache.pdfbox.pdmodel.common.PDStream.<init>(PDDocument, InputStream, COSBase)",org.apache.pdfbox.cos.COSStream.createOutputStream(COSBase),1
org.apache.pdfbox.cos.COSStream.getFilterList(),org.apache.pdfbox.filter.FilterFactory.getFilter(COSName),8
"org.apache.pdfbox.pdmodel.common.PDStream.<init>(PDDocument, InputStream, COSBase)",org.apache.pdfbox.cos.COSDocument.createCOSStream(),1
org.apache.pdfbox.pdmodel.font.PDCIDFontType2Embedder.buildToUnicodeCMap(Map),org.apache.pdfbox.pdmodel.font.ToUnicodeWriter.<init>(),1
org.apache.pdfbox.pdmodel.font.PDCIDFontType2Embedder.buildToUnicodeCMap(Map),org.apache.fontbox.ttf.TrueTypeFont.getMaximumProfile(),1
org.apache.pdfbox.pdmodel.font.PDCIDFontType2Embedder.buildToUnicodeCMap(Map),"org.apache.pdfbox.cos.COSDictionary.setItem(COSName, COSObjectable)",1
"org.apache.pdfbox.pdmodel.font.PDCIDFontType2Embedder.<init>(PDDocument, COSDictionary, TrueTypeFont, boolean, PDType0Font)",org.apache.pdfbox.pdmodel.font.PDCIDFontType2Embedder.createCIDFont(),1
org.apache.pdfbox.pdmodel.font.PDCIDFontType2Embedder.createCIDFont(),org.apache.pdfbox.pdmodel.font.PDCIDFontType2Embedder.buildWidths(COSDictionary),1
org.apache.pdfbox.pdmodel.font.PDCIDFontType2Embedder.buildWidths(COSDictionary),org.apache.pdfbox.pdmodel.font.PDCIDFontType2Embedder.getWidths(int[]),1
org.apache.pdfbox.pdmodel.font.PDCIDFontType2Embedder.getWidths(int[]),org.apache.pdfbox.cos.COSInteger.get(long),2323
org.apache.pdfbox.pdmodel.font.PDCIDFontType2Embedder.getWidths(int[]),org.apache.pdfbox.cos.COSArray.add(COSBase),2462
org.apache.pdfbox.pdmodel.font.PDCIDFontType2Embedder.getWidths(int[]),org.apache.pdfbox.cos.COSArray.<init>(),140
org.apache.pdfbox.pdmodel.font.PDCIDFontType2Embedder.getWidths(int[]),org.apache.fontbox.ttf.TrueTypeFont.getHeader(),1
org.apache.pdfbox.pdmodel.font.PDCIDFontType2Embedder.buildWidths(COSDictionary),org.apache.fontbox.ttf.TrueTypeFont.getHorizontalMetrics(),2587
org.apache.pdfbox.pdmodel.font.PDCIDFontType2Embedder.buildWidths(COSDictionary),org.apache.fontbox.ttf.HorizontalMetricsTable.getAdvanceWidth(int),2587
org.apache.pdfbox.pdmodel.font.PDCIDFontType2Embedder.buildWidths(COSDictionary),"org.apache.pdfbox.cos.COSDictionary.setItem(COSName, COSBase)",1
org.apache.pdfbox.pdmodel.font.PDCIDFontType2Embedder.buildWidths(COSDictionary),org.apache.fontbox.ttf.TrueTypeFont.getNumberOfGlyphs(),1
org.apache.pdfbox.pdmodel.font.PDCIDFontType2Embedder.createCIDFont(),"org.apache.pdfbox.pdmodel.font.PDCIDFontType2Embedder.toCIDSystemInfo(String, String, int)",1
"org.apache.pdfbox.pdmodel.font.PDCIDFontType2Embedder.toCIDSystemInfo(String, String, int)","org.apache.pdfbox.cos.COSDictionary.setString(COSName, String)",2
"org.apache.pdfbox.pdmodel.font.PDCIDFontType2Embedder.toCIDSystemInfo(String, String, int)","org.apache.pdfbox.cos.COSDictionary.setInt(COSName, int)",1
"org.apache.pdfbox.pdmodel.font.PDCIDFontType2Embedder.toCIDSystemInfo(String, String, int)",org.apache.pdfbox.cos.COSDictionary.<init>(),1
org.apache.pdfbox.pdmodel.font.PDCIDFontType2Embedder.createCIDFont(),"org.apache.pdfbox.cos.COSDictionary.setName(COSName, String)",1
org.apache.pdfbox.pdmodel.font.PDCIDFontType2Embedder.createCIDFont(),org.apache.pdfbox.cos.COSDictionary.<init>(),1
org.apache.pdfbox.pdmodel.font.PDCIDFontType2Embedder.createCIDFont(),"org.apache.pdfbox.cos.COSDictionary.setItem(COSName, COSBase)",5
org.apache.pdfbox.pdmodel.font.PDCIDFontType2Embedder.createCIDFont(),org.apache.pdfbox.pdmodel.font.PDFontDescriptor.getFontName(),1
org.apache.pdfbox.pdmodel.font.PDFontDescriptor.getFontName(),org.apache.pdfbox.cos.COSDictionary.getDictionaryObject(COSName),22
"org.apache.pdfbox.pdmodel.font.PDCIDFontType2Embedder.<init>(PDDocument, COSDictionary, TrueTypeFont, boolean, PDType0Font)","org.apache.pdfbox.pdmodel.font.TrueTypeEmbedder.<init>(PDDocument, COSDictionary, TrueTypeFont, boolean)",4
"org.apache.pdfbox.pdmodel.font.TrueTypeEmbedder.<init>(PDDocument, COSDictionary, TrueTypeFont, boolean)",org.apache.pdfbox.pdmodel.font.TrueTypeEmbedder.createFontDescriptor(TrueTypeFont),4
org.apache.pdfbox.pdmodel.font.TrueTypeEmbedder.createFontDescriptor(TrueTypeFont),org.apache.pdfbox.pdmodel.font.PDFontDescriptor.getFontBoundingBox(),1
org.apache.pdfbox.pdmodel.font.PDFontDescriptor.getFontBoundingBox(),org.apache.pdfbox.pdmodel.common.PDRectangle.<init>(COSArray),1
org.apache.pdfbox.pdmodel.font.PDFontDescriptor.getFontBoundingBox(),org.apache.pdfbox.cos.COSDictionary.getDictionaryObject(COSName),34
org.apache.pdfbox.pdmodel.font.TrueTypeEmbedder.createFontDescriptor(TrueTypeFont),org.apache.pdfbox.pdmodel.common.PDRectangle.<init>(),1
org.apache.pdfbox.pdmodel.common.PDRectangle.<init>(),"org.apache.pdfbox.pdmodel.common.PDRectangle.<init>(float, float, float, float)",19
"org.apache.pdfbox.pdmodel.common.PDRectangle.<init>(float, float, float, float)",org.apache.pdfbox.cos.COSArray.add(COSBase),163
"org.apache.pdfbox.pdmodel.common.PDRectangle.<init>(float, float, float, float)",org.apache.pdfbox.cos.COSFloat.<init>(float),165
"org.apache.pdfbox.pdmodel.common.PDRectangle.<init>(float, float, float, float)",org.apache.pdfbox.cos.COSArray.<init>(),42
org.apache.pdfbox.pdmodel.font.TrueTypeEmbedder.createFontDescriptor(TrueTypeFont),org.apache.pdfbox.pdmodel.font.PDFontDescriptor.setFontWeight(float),1
org.apache.pdfbox.pdmodel.font.PDFontDescriptor.setFontWeight(float),"org.apache.pdfbox.cos.COSDictionary.setFloat(COSName, float)",14
"org.apache.pdfbox.cos.COSDictionary.setFloat(COSName, float)",org.apache.pdfbox.cos.COSFloat.<init>(float),343
"org.apache.pdfbox.cos.COSDictionary.setFloat(COSName, float)","org.apache.pdfbox.cos.COSDictionary.setItem(COSName, COSBase)",319
org.apache.pdfbox.pdmodel.font.TrueTypeEmbedder.createFontDescriptor(TrueTypeFont),org.apache.pdfbox.pdmodel.common.PDRectangle.getWidth(),1
org.apache.pdfbox.pdmodel.font.TrueTypeEmbedder.createFontDescriptor(TrueTypeFont),org.apache.pdfbox.pdmodel.font.PDFontDescriptor.setAscent(float),1
org.apache.pdfbox.pdmodel.font.PDFontDescriptor.setAscent(float),"org.apache.pdfbox.cos.COSDictionary.setFloat(COSName, float)",18
org.apache.pdfbox.pdmodel.font.TrueTypeEmbedder.createFontDescriptor(TrueTypeFont),org.apache.pdfbox.pdmodel.common.PDRectangle.setLowerLeftX(float),1
org.apache.pdfbox.pdmodel.common.PDRectangle.setLowerLeftX(float),org.apache.pdfbox.cos.COSFloat.<init>(float),10
org.apache.pdfbox.pdmodel.common.PDRectangle.setLowerLeftX(float),"org.apache.pdfbox.cos.COSArray.set(int, COSBase)",9
org.apache.pdfbox.pdmodel.font.TrueTypeEmbedder.createFontDescriptor(TrueTypeFont),org.apache.pdfbox.pdmodel.common.PDRectangle.setUpperRightY(float),1
org.apache.pdfbox.pdmodel.common.PDRectangle.setUpperRightY(float),org.apache.pdfbox.cos.COSFloat.<init>(float),12
org.apache.pdfbox.pdmodel.common.PDRectangle.setUpperRightY(float),"org.apache.pdfbox.cos.COSArray.set(int, COSBase)",11
org.apache.pdfbox.pdmodel.font.TrueTypeEmbedder.createFontDescriptor(TrueTypeFont),org.apache.pdfbox.pdmodel.font.PDFontDescriptor.<init>(),4
org.apache.pdfbox.pdmodel.font.PDFontDescriptor.<init>(),"org.apache.pdfbox.cos.COSDictionary.setItem(COSName, COSBase)",68
org.apache.pdfbox.pdmodel.font.PDFontDescriptor.<init>(),org.apache.pdfbox.cos.COSDictionary.<init>(),68
org.apache.pdfbox.pdmodel.font.TrueTypeEmbedder.createFontDescriptor(TrueTypeFont),org.apache.pdfbox.pdmodel.font.PDFontDescriptor.setStemV(float),1
org.apache.pdfbox.pdmodel.font.PDFontDescriptor.setStemV(float),"org.apache.pdfbox.cos.COSDictionary.setFloat(COSName, float)",11
org.apache.pdfbox.pdmodel.font.TrueTypeEmbedder.createFontDescriptor(TrueTypeFont),org.apache.pdfbox.pdmodel.font.PDFontDescriptor.setXHeight(float),1
org.apache.pdfbox.pdmodel.font.PDFontDescriptor.setXHeight(float),"org.apache.pdfbox.cos.COSDictionary.setFloat(COSName, float)",12
org.apache.pdfbox.pdmodel.font.TrueTypeEmbedder.createFontDescriptor(TrueTypeFont),org.apache.pdfbox.pdmodel.font.PDFontDescriptor.setDescent(float),1
org.apache.pdfbox.pdmodel.font.PDFontDescriptor.setDescent(float),"org.apache.pdfbox.cos.COSDictionary.setFloat(COSName, float)",17
org.apache.pdfbox.pdmodel.font.TrueTypeEmbedder.createFontDescriptor(TrueTypeFont),org.apache.pdfbox.pdmodel.font.PDFontDescriptor.setCapHeight(float),1
org.apache.pdfbox.pdmodel.font.PDFontDescriptor.setCapHeight(float),"org.apache.pdfbox.cos.COSDictionary.setFloat(COSName, float)",12
org.apache.pdfbox.pdmodel.font.TrueTypeEmbedder.createFontDescriptor(TrueTypeFont),org.apache.pdfbox.pdmodel.common.PDRectangle.setLowerLeftY(float),1
org.apache.pdfbox.pdmodel.common.PDRectangle.setLowerLeftY(float),org.apache.pdfbox.cos.COSFloat.<init>(float),10
org.apache.pdfbox.pdmodel.common.PDRectangle.setLowerLeftY(float),"org.apache.pdfbox.cos.COSArray.set(int, COSBase)",9
org.apache.pdfbox.pdmodel.font.TrueTypeEmbedder.createFontDescriptor(TrueTypeFont),org.apache.pdfbox.pdmodel.common.PDRectangle.setUpperRightX(float),1
org.apache.pdfbox.pdmodel.common.PDRectangle.setUpperRightX(float),org.apache.pdfbox.cos.COSFloat.<init>(float),12
org.apache.pdfbox.pdmodel.common.PDRectangle.setUpperRightX(float),"org.apache.pdfbox.cos.COSArray.set(int, COSBase)",11
org.apache.pdfbox.pdmodel.font.TrueTypeEmbedder.createFontDescriptor(TrueTypeFont),org.apache.pdfbox.pdmodel.font.PDFontDescriptor.setItalicAngle(float),1
org.apache.pdfbox.pdmodel.font.PDFontDescriptor.setItalicAngle(float),"org.apache.pdfbox.cos.COSDictionary.setFloat(COSName, float)",16
org.apache.pdfbox.pdmodel.font.TrueTypeEmbedder.createFontDescriptor(TrueTypeFont),org.apache.pdfbox.pdmodel.font.PDFontDescriptor.setFixedPitch(boolean),1
org.apache.pdfbox.pdmodel.font.PDFontDescriptor.setFixedPitch(boolean),"org.apache.pdfbox.pdmodel.font.PDFontDescriptor.setFlagBit(int, boolean)",19
"org.apache.pdfbox.pdmodel.font.PDFontDescriptor.setFlagBit(int, boolean)",org.apache.pdfbox.pdmodel.font.PDFontDescriptor.getFlags(),114
org.apache.pdfbox.pdmodel.font.PDFontDescriptor.getFlags(),"org.apache.pdfbox.cos.COSDictionary.getInt(COSName, int)",49
"org.apache.pdfbox.pdmodel.font.PDFontDescriptor.setFlagBit(int, boolean)",org.apache.pdfbox.pdmodel.font.PDFontDescriptor.setFlags(int),105
org.apache.pdfbox.pdmodel.font.PDFontDescriptor.setFlags(int),"org.apache.pdfbox.cos.COSDictionary.setInt(COSName, int)",122
org.apache.pdfbox.pdmodel.font.TrueTypeEmbedder.createFontDescriptor(TrueTypeFont),org.apache.pdfbox.pdmodel.font.PDFontDescriptor.setFontName(String),1
org.apache.pdfbox.pdmodel.font.PDFontDescriptor.setFontName(String),org.apache.pdfbox.cos.COSName.getPDFName(String),8
org.apache.pdfbox.pdmodel.font.PDFontDescriptor.setFontName(String),"org.apache.pdfbox.cos.COSDictionary.setItem(COSName, COSBase)",11
org.apache.pdfbox.pdmodel.font.TrueTypeEmbedder.createFontDescriptor(TrueTypeFont),org.apache.fontbox.ttf.TrueTypeFont.getName(),1
org.apache.fontbox.ttf.TrueTypeFont.getName(),org.apache.fontbox.ttf.TrueTypeFont.getNaming(),5
org.apache.pdfbox.pdmodel.font.TrueTypeEmbedder.createFontDescriptor(TrueTypeFont),org.apache.pdfbox.pdmodel.font.PDFontDescriptor.setItalic(boolean),1
org.apache.pdfbox.pdmodel.font.PDFontDescriptor.setItalic(boolean),"org.apache.pdfbox.pdmodel.font.PDFontDescriptor.setFlagBit(int, boolean)",13
org.apache.pdfbox.pdmodel.font.TrueTypeEmbedder.createFontDescriptor(TrueTypeFont),org.apache.pdfbox.pdmodel.font.PDFontDescriptor.setFontBoundingBox(PDRectangle),1
org.apache.pdfbox.pdmodel.font.PDFontDescriptor.setFontBoundingBox(PDRectangle),"org.apache.pdfbox.cos.COSDictionary.setItem(COSName, COSBase)",15
org.apache.pdfbox.pdmodel.font.TrueTypeEmbedder.createFontDescriptor(TrueTypeFont),org.apache.fontbox.ttf.TrueTypeFont.getOS2Windows(),1
org.apache.pdfbox.pdmodel.font.TrueTypeEmbedder.createFontDescriptor(TrueTypeFont),org.apache.pdfbox.pdmodel.font.PDFontDescriptor.setSymbolic(boolean),1
org.apache.pdfbox.pdmodel.font.PDFontDescriptor.setSymbolic(boolean),"org.apache.pdfbox.pdmodel.font.PDFontDescriptor.setFlagBit(int, boolean)",14
org.apache.pdfbox.pdmodel.font.TrueTypeEmbedder.createFontDescriptor(TrueTypeFont),org.apache.fontbox.ttf.TrueTypeFont.getHeader(),1
org.apache.pdfbox.pdmodel.font.TrueTypeEmbedder.createFontDescriptor(TrueTypeFont),org.apache.fontbox.ttf.TrueTypeFont.getHorizontalHeader(),2
org.apache.pdfbox.pdmodel.font.TrueTypeEmbedder.createFontDescriptor(TrueTypeFont),org.apache.pdfbox.pdmodel.font.PDFontDescriptor.setNonSymbolic(boolean),1
org.apache.pdfbox.pdmodel.font.PDFontDescriptor.setNonSymbolic(boolean),"org.apache.pdfbox.pdmodel.font.PDFontDescriptor.setFlagBit(int, boolean)",13
org.apache.pdfbox.pdmodel.font.TrueTypeEmbedder.createFontDescriptor(TrueTypeFont),org.apache.fontbox.ttf.TrueTypeFont.getPostScript(),1
"org.apache.pdfbox.pdmodel.font.TrueTypeEmbedder.<init>(PDDocument, COSDictionary, TrueTypeFont, boolean)",org.apache.fontbox.ttf.TrueTypeFont.getUnicodeCmap(),1
org.apache.fontbox.ttf.TrueTypeFont.getUnicodeCmap(),org.apache.fontbox.ttf.TrueTypeFont.getUnicodeCmap(boolean),2
org.apache.fontbox.ttf.TrueTypeFont.getUnicodeCmap(boolean),"org.apache.fontbox.ttf.CmapTable.getSubtable(int, int)",4
org.apache.fontbox.ttf.TrueTypeFont.getUnicodeCmap(boolean),org.apache.fontbox.ttf.TrueTypeFont.getCmap(),5
"org.apache.pdfbox.pdmodel.font.TrueTypeEmbedder.<init>(PDDocument, COSDictionary, TrueTypeFont, boolean)","org.apache.pdfbox.cos.COSDictionary.setName(COSName, String)",1
"org.apache.pdfbox.pdmodel.font.TrueTypeEmbedder.<init>(PDDocument, COSDictionary, TrueTypeFont, boolean)",org.apache.fontbox.ttf.TrueTypeFont.getName(),1
"org.apache.pdfbox.pdmodel.font.PDCIDFontType2Embedder.<init>(PDDocument, COSDictionary, TrueTypeFont, boolean, PDType0Font)",org.apache.fontbox.ttf.CmapSubtable.getCharacterCode(int),2587
"org.apache.pdfbox.pdmodel.font.PDCIDFontType2Embedder.<init>(PDDocument, COSDictionary, TrueTypeFont, boolean, PDType0Font)",org.apache.fontbox.ttf.TrueTypeFont.getMaximumProfile(),2
"org.apache.pdfbox.pdmodel.font.PDCIDFontType2Embedder.<init>(PDDocument, COSDictionary, TrueTypeFont, boolean, PDType0Font)","org.apache.pdfbox.cos.COSDictionary.setName(COSName, String)",1
"org.apache.pdfbox.pdmodel.font.PDCIDFontType2Embedder.<init>(PDDocument, COSDictionary, TrueTypeFont, boolean, PDType0Font)",org.apache.pdfbox.pdmodel.font.PDFontDescriptor.getFontName(),1
"org.apache.pdfbox.pdmodel.font.PDCIDFontType2Embedder.<init>(PDDocument, COSDictionary, TrueTypeFont, boolean, PDType0Font)","org.apache.pdfbox.cos.COSDictionary.setItem(COSName, COSBase)",3
"org.apache.pdfbox.pdmodel.font.PDCIDFontType2Embedder.<init>(PDDocument, COSDictionary, TrueTypeFont, boolean, PDType0Font)",org.apache.pdfbox.cos.COSArray.add(COSBase),1
"org.apache.pdfbox.pdmodel.font.PDCIDFontType2Embedder.<init>(PDDocument, COSDictionary, TrueTypeFont, boolean, PDType0Font)",org.apache.pdfbox.cos.COSArray.<init>(),1
"org.apache.pdfbox.pdmodel.font.PDType0Font.<init>(PDDocument, TrueTypeFont, boolean)",org.apache.pdfbox.pdmodel.font.PDCIDFontType2Embedder.getCIDFont(),1
org.apache.pdfbox.pdmodel.font.PDCIDFontType2Embedder.getCIDFont(),"org.apache.pdfbox.pdmodel.font.PDCIDFontType2.<init>(COSDictionary, PDType0Font, TrueTypeFont)",1
"org.apache.pdfbox.pdmodel.font.PDCIDFontType2.<init>(COSDictionary, PDType0Font, TrueTypeFont)","org.apache.pdfbox.pdmodel.font.PDCIDFont.<init>(COSDictionary, PDType0Font)",4
"org.apache.pdfbox.pdmodel.font.PDCIDFont.<init>(COSDictionary, PDType0Font)",org.apache.pdfbox.pdmodel.font.PDCIDFont.readWidths(),5
org.apache.pdfbox.pdmodel.font.PDCIDFont.readWidths(),org.apache.pdfbox.cos.COSArray.getObject(int),1034
org.apache.pdfbox.pdmodel.font.PDCIDFont.readWidths(),org.apache.pdfbox.cos.COSArray.get(int),1428
org.apache.pdfbox.pdmodel.font.PDCIDFont.readWidths(),org.apache.pdfbox.cos.COSArray.size(),140
org.apache.pdfbox.pdmodel.font.PDCIDFont.readWidths(),org.apache.pdfbox.cos.COSDictionary.getDictionaryObject(COSName),1
"org.apache.pdfbox.pdmodel.font.PDCIDFont.<init>(COSDictionary, PDType0Font)",org.apache.pdfbox.pdmodel.font.PDCIDFont.readVerticalDisplacements(),1
org.apache.pdfbox.pdmodel.font.PDCIDFont.readVerticalDisplacements(),org.apache.pdfbox.cos.COSDictionary.getDictionaryObject(COSName),2
"org.apache.pdfbox.pdmodel.font.PDCIDFontType2.<init>(COSDictionary, PDType0Font, TrueTypeFont)",org.apache.pdfbox.pdmodel.font.PDCIDFont.getFontDescriptor(),1
org.apache.pdfbox.pdmodel.font.PDCIDFont.getFontDescriptor(),org.apache.pdfbox.cos.COSDictionary.getDictionaryObject(COSName),1
org.apache.pdfbox.pdmodel.font.PDCIDFont.getFontDescriptor(),org.apache.pdfbox.pdmodel.font.PDFontDescriptor.<init>(COSDictionary),1
"org.apache.pdfbox.pdmodel.font.PDCIDFontType2.<init>(COSDictionary, PDType0Font, TrueTypeFont)",org.apache.pdfbox.pdmodel.font.PDCIDFontType2.readCIDToGIDMap(),1
org.apache.pdfbox.pdmodel.font.PDCIDFontType2.readCIDToGIDMap(),org.apache.pdfbox.cos.COSDictionary.getDictionaryObject(COSName),1
"org.apache.pdfbox.pdmodel.font.PDCIDFontType2.<init>(COSDictionary, PDType0Font, TrueTypeFont)",org.apache.fontbox.ttf.TrueTypeFont.getUnicodeCmap(boolean),1
"org.apache.pdfbox.pdmodel.font.PDType0Font.<init>(PDDocument, TrueTypeFont, boolean)",org.apache.pdfbox.pdmodel.font.PDType0Font.readEncoding(),1
org.apache.pdfbox.pdmodel.font.PDType0Font.readEncoding(),org.apache.pdfbox.pdmodel.font.CMapManager.getPredefinedCMap(String),2
org.apache.pdfbox.pdmodel.font.CMapManager.getPredefinedCMap(String),org.apache.fontbox.cmap.CMapParser.parsePredefined(String),1
org.apache.fontbox.cmap.CMapParser.parsePredefined(String),org.apache.fontbox.cmap.CMapParser.getExternalCMap(String),6
org.apache.pdfbox.pdmodel.font.CMapManager.getPredefinedCMap(String),org.apache.fontbox.cmap.CMapParser.<init>(),1
org.apache.pdfbox.pdmodel.font.PDType0Font.readEncoding(),org.apache.pdfbox.cos.COSDictionary.getDictionaryObject(COSName),1
"org.apache.pdfbox.pdmodel.font.PDType0Font.<init>(PDDocument, TrueTypeFont, boolean)",org.apache.pdfbox.pdmodel.font.PDFont.<init>(),2
org.apache.pdfbox.pdmodel.font.PDFont.<init>(),"org.apache.pdfbox.cos.COSDictionary.setItem(COSName, COSBase)",4
org.apache.pdfbox.pdmodel.font.PDFont.<init>(),org.apache.pdfbox.cos.COSDictionary.<init>(),4
"org.apache.pdfbox.pdmodel.font.PDType0Font.load(PDDocument, File)",org.apache.fontbox.ttf.TTFParser.parse(File),9
org.apache.fontbox.ttf.TTFParser.parse(File),org.apache.fontbox.ttf.TTFParser.parse(TTFDataStream),2
org.apache.fontbox.ttf.TTFParser.parse(TTFDataStream),"org.apache.fontbox.ttf.TTFParser.parseTables(TrueTypeFont, TTFDataStream)",1
"org.apache.fontbox.ttf.TTFParser.parseTables(TrueTypeFont, TTFDataStream)",org.apache.fontbox.ttf.TrueTypeFont.readTable(TTFTable),16
org.apache.fontbox.ttf.TrueTypeFont.readTable(TTFTable),"org.apache.fontbox.ttf.CmapTable.read(TrueTypeFont, TTFDataStream)",1
"org.apache.fontbox.ttf.CmapTable.read(TrueTypeFont, TTFDataStream)","org.apache.fontbox.ttf.CmapSubtable.initSubtable(CmapTable, int, TTFDataStream)",3
"org.apache.fontbox.ttf.CmapSubtable.initSubtable(CmapTable, int, TTFDataStream)","org.apache.fontbox.ttf.CmapSubtable.processSubtype4(TTFDataStream, int)",2
"org.apache.fontbox.ttf.CmapSubtable.processSubtype4(TTFDataStream, int)",org.apache.fontbox.ttf.TTFDataStream.readUnsignedShortArray(int),8
org.apache.fontbox.ttf.TTFDataStream.readUnsignedShortArray(int),org.apache.fontbox.ttf.RAFDataStream.readUnsignedShort(),1272
"org.apache.fontbox.ttf.CmapSubtable.processSubtype4(TTFDataStream, int)",org.apache.fontbox.ttf.CmapSubtable.newGlyphIdToCharacterCode(int),2
"org.apache.fontbox.ttf.CmapSubtable.processSubtype4(TTFDataStream, int)",org.apache.fontbox.ttf.RAFDataStream.getCurrentPosition(),2
"org.apache.fontbox.ttf.CmapSubtable.processSubtype4(TTFDataStream, int)",org.apache.fontbox.ttf.RAFDataStream.readUnsignedShort(),10
"org.apache.fontbox.ttf.CmapSubtable.initSubtable(CmapTable, int, TTFDataStream)","org.apache.fontbox.ttf.CmapSubtable.processSubtype6(TTFDataStream, int)",1
"org.apache.fontbox.ttf.CmapSubtable.processSubtype6(TTFDataStream, int)",org.apache.fontbox.ttf.TTFDataStream.readUnsignedShortArray(int),1
"org.apache.fontbox.ttf.CmapSubtable.processSubtype6(TTFDataStream, int)",org.apache.fontbox.ttf.CmapSubtable.newGlyphIdToCharacterCode(int),1
"org.apache.fontbox.ttf.CmapSubtable.processSubtype6(TTFDataStream, int)",org.apache.fontbox.ttf.RAFDataStream.readUnsignedShort(),2
"org.apache.fontbox.ttf.CmapSubtable.initSubtable(CmapTable, int, TTFDataStream)",org.apache.fontbox.ttf.RAFDataStream.seek(long),3
org.apache.fontbox.ttf.RAFDataStream.seek(long),org.apache.fontbox.ttf.BufferedRandomAccessFile.seek(long),71
"org.apache.fontbox.ttf.CmapSubtable.initSubtable(CmapTable, int, TTFDataStream)",org.apache.fontbox.ttf.RAFDataStream.readUnsignedShort(),9
"org.apache.fontbox.ttf.CmapTable.read(TrueTypeFont, TTFDataStream)",org.apache.fontbox.ttf.CmapSubtable.initData(TTFDataStream),3
org.apache.fontbox.ttf.CmapSubtable.initData(TTFDataStream),org.apache.fontbox.ttf.TTFDataStream.readUnsignedInt(),3
org.apache.fontbox.ttf.TTFDataStream.readUnsignedInt(),org.apache.fontbox.ttf.RAFDataStream.read(),10644
org.apache.fontbox.ttf.RAFDataStream.read(),org.apache.fontbox.ttf.BufferedRandomAccessFile.read(),12977
org.apache.fontbox.ttf.CmapSubtable.initData(TTFDataStream),org.apache.fontbox.ttf.RAFDataStream.readUnsignedShort(),6
"org.apache.fontbox.ttf.CmapTable.read(TrueTypeFont, TTFDataStream)",org.apache.fontbox.ttf.RAFDataStream.readUnsignedShort(),2
org.apache.fontbox.ttf.BufferedRandomAccessFile.read(),org.apache.fontbox.ttf.BufferedRandomAccessFile.fillBuffer(),10
"org.apache.fontbox.ttf.CmapTable.read(TrueTypeFont, TTFDataStream)",org.apache.fontbox.ttf.CmapSubtable.<init>(),3
"org.apache.fontbox.ttf.CmapTable.read(TrueTypeFont, TTFDataStream)",org.apache.fontbox.ttf.TrueTypeFont.getNumberOfGlyphs(),3
org.apache.fontbox.ttf.TrueTypeFont.readTable(TTFTable),"org.apache.fontbox.ttf.PostScriptTable.read(TrueTypeFont, TTFDataStream)",1
"org.apache.fontbox.ttf.PostScriptTable.read(TrueTypeFont, TTFDataStream)",org.apache.fontbox.ttf.TTFDataStream.readString(int),2333
org.apache.fontbox.ttf.TTFDataStream.readString(int),"org.apache.fontbox.ttf.TTFDataStream.readString(int, Charset)",2356
"org.apache.fontbox.ttf.TTFDataStream.readString(int, Charset)",org.apache.fontbox.ttf.TTFDataStream.read(int),2388
org.apache.fontbox.ttf.TTFDataStream.read(int),"org.apache.fontbox.ttf.RAFDataStream.read(byte[], int, int)",2384
"org.apache.fontbox.ttf.RAFDataStream.read(byte[], int, int)","org.apache.fontbox.ttf.BufferedRandomAccessFile.read(byte[], int, int)",2384
"org.apache.fontbox.ttf.PostScriptTable.read(TrueTypeFont, TTFDataStream)",org.apache.fontbox.ttf.RAFDataStream.readUnsignedShort(),2588
"org.apache.fontbox.ttf.PostScriptTable.read(TrueTypeFont, TTFDataStream)",org.apache.fontbox.ttf.TTFDataStream.readUnsignedByte(),2333
org.apache.fontbox.ttf.TTFDataStream.readUnsignedByte(),org.apache.fontbox.ttf.RAFDataStream.read(),2333
"org.apache.fontbox.ttf.PostScriptTable.read(TrueTypeFont, TTFDataStream)",org.apache.fontbox.ttf.TTFDataStream.read32Fixed(),2
org.apache.fontbox.ttf.TTFDataStream.read32Fixed(),org.apache.fontbox.ttf.RAFDataStream.readSignedShort(),7
org.apache.fontbox.ttf.TTFDataStream.read32Fixed(),org.apache.fontbox.ttf.RAFDataStream.readUnsignedShort(),7
"org.apache.fontbox.ttf.PostScriptTable.read(TrueTypeFont, TTFDataStream)",org.apache.fontbox.ttf.TTFDataStream.readUnsignedInt(),5
"org.apache.fontbox.ttf.PostScriptTable.read(TrueTypeFont, TTFDataStream)",org.apache.fontbox.ttf.RAFDataStream.readSignedShort(),2
org.apache.fontbox.ttf.TrueTypeFont.readTable(TTFTable),"org.apache.fontbox.ttf.GlyphTable.read(TrueTypeFont, TTFDataStream)",1
"org.apache.fontbox.ttf.GlyphTable.read(TrueTypeFont, TTFDataStream)",org.apache.fontbox.ttf.TrueTypeFont.getIndexToLocation(),1
org.apache.fontbox.ttf.TrueTypeFont.getIndexToLocation(),org.apache.fontbox.ttf.TrueTypeFont.readTable(TTFTable),1
org.apache.fontbox.ttf.TrueTypeFont.readTable(TTFTable),"org.apache.fontbox.ttf.IndexToLocationTable.read(TrueTypeFont, TTFDataStream)",1
"org.apache.fontbox.ttf.IndexToLocationTable.read(TrueTypeFont, TTFDataStream)",org.apache.fontbox.ttf.TTFDataStream.readUnsignedInt(),2588
"org.apache.fontbox.ttf.IndexToLocationTable.read(TrueTypeFont, TTFDataStream)",org.apache.fontbox.ttf.TrueTypeFont.getHeader(),1
org.apache.fontbox.ttf.TrueTypeFont.getHeader(),org.apache.fontbox.ttf.TrueTypeFont.readTable(TTFTable),1
org.apache.fontbox.ttf.TrueTypeFont.readTable(TTFTable),"org.apache.fontbox.ttf.HeaderTable.read(TrueTypeFont, TTFDataStream)",1
"org.apache.fontbox.ttf.HeaderTable.read(TrueTypeFont, TTFDataStream)",org.apache.fontbox.ttf.TTFDataStream.readInternationalDate(),2
org.apache.fontbox.ttf.TTFDataStream.readInternationalDate(),org.apache.fontbox.ttf.RAFDataStream.readLong(),2
"org.apache.fontbox.ttf.HeaderTable.read(TrueTypeFont, TTFDataStream)",org.apache.fontbox.ttf.TTFDataStream.read32Fixed(),2
"org.apache.fontbox.ttf.HeaderTable.read(TrueTypeFont, TTFDataStream)",org.apache.fontbox.ttf.TTFDataStream.readUnsignedInt(),2
"org.apache.fontbox.ttf.HeaderTable.read(TrueTypeFont, TTFDataStream)",org.apache.fontbox.ttf.RAFDataStream.readSignedShort(),7
"org.apache.fontbox.ttf.HeaderTable.read(TrueTypeFont, TTFDataStream)",org.apache.fontbox.ttf.RAFDataStream.readUnsignedShort(),4
org.apache.fontbox.ttf.TrueTypeFont.readTable(TTFTable),org.apache.fontbox.ttf.RAFDataStream.seek(long),38
org.apache.fontbox.ttf.BufferedRandomAccessFile.seek(long),org.apache.fontbox.ttf.BufferedRandomAccessFile.invalidate(),30
org.apache.fontbox.ttf.TrueTypeFont.readTable(TTFTable),org.apache.fontbox.ttf.RAFDataStream.getCurrentPosition(),19
"org.apache.fontbox.ttf.IndexToLocationTable.read(TrueTypeFont, TTFDataStream)",org.apache.fontbox.ttf.TrueTypeFont.getNumberOfGlyphs(),1
org.apache.fontbox.ttf.TrueTypeFont.getNumberOfGlyphs(),org.apache.fontbox.ttf.TrueTypeFont.getMaximumProfile(),2
org.apache.fontbox.ttf.TrueTypeFont.getMaximumProfile(),org.apache.fontbox.ttf.TrueTypeFont.readTable(TTFTable),1
org.apache.fontbox.ttf.TrueTypeFont.readTable(TTFTable),"org.apache.fontbox.ttf.MaximumProfileTable.read(TrueTypeFont, TTFDataStream)",1
"org.apache.fontbox.ttf.MaximumProfileTable.read(TrueTypeFont, TTFDataStream)",org.apache.fontbox.ttf.TTFDataStream.read32Fixed(),1
"org.apache.fontbox.ttf.MaximumProfileTable.read(TrueTypeFont, TTFDataStream)",org.apache.fontbox.ttf.RAFDataStream.readUnsignedShort(),14
"org.apache.fontbox.ttf.GlyphTable.read(TrueTypeFont, TTFDataStream)",org.apache.fontbox.ttf.TrueTypeFont.getNumberOfGlyphs(),1
org.apache.fontbox.ttf.TrueTypeFont.readTable(TTFTable),"org.apache.fontbox.ttf.KerningTable.read(TrueTypeFont, TTFDataStream)",1
"org.apache.fontbox.ttf.KerningTable.read(TrueTypeFont, TTFDataStream)","org.apache.fontbox.ttf.KerningSubtable.read(TTFDataStream, int)",1
"org.apache.fontbox.ttf.KerningSubtable.read(TTFDataStream, int)",org.apache.fontbox.ttf.KerningSubtable.readSubtable0(TTFDataStream),2
org.apache.fontbox.ttf.KerningSubtable.readSubtable0(TTFDataStream),org.apache.fontbox.ttf.KerningSubtable.readSubtable0Format0(TTFDataStream),1
org.apache.fontbox.ttf.KerningSubtable.readSubtable0(TTFDataStream),org.apache.fontbox.ttf.RAFDataStream.readUnsignedShort(),3
org.apache.fontbox.ttf.KerningSubtable.readSubtable0(TTFDataStream),"org.apache.fontbox.ttf.KerningSubtable.isBitsSet(int, int, int)",3
"org.apache.fontbox.ttf.KerningTable.read(TrueTypeFont, TTFDataStream)",org.apache.fontbox.ttf.RAFDataStream.readUnsignedShort(),2
"org.apache.fontbox.ttf.KerningTable.read(TrueTypeFont, TTFDataStream)",org.apache.fontbox.ttf.KerningSubtable.<init>(),1
org.apache.fontbox.ttf.TrueTypeFont.readTable(TTFTable),"org.apache.fontbox.ttf.NamingTable.read(TrueTypeFont, TTFDataStream)",1
"org.apache.fontbox.ttf.NamingTable.read(TrueTypeFont, TTFDataStream)","org.apache.fontbox.ttf.TTFDataStream.readString(int, Charset)",30
"org.apache.fontbox.ttf.NamingTable.read(TrueTypeFont, TTFDataStream)","org.apache.fontbox.ttf.NameRecord.initData(TrueTypeFont, TTFDataStream)",30
"org.apache.fontbox.ttf.NameRecord.initData(TrueTypeFont, TTFDataStream)",org.apache.fontbox.ttf.RAFDataStream.readUnsignedShort(),180
"org.apache.fontbox.ttf.NamingTable.read(TrueTypeFont, TTFDataStream)",org.apache.fontbox.ttf.NamingTable.getEnglishName(int),2
org.apache.fontbox.ttf.NamingTable.getEnglishName(int),"org.apache.fontbox.ttf.NamingTable.getName(int, int, int, int)",12
"org.apache.fontbox.ttf.NamingTable.read(TrueTypeFont, TTFDataStream)",org.apache.fontbox.ttf.RAFDataStream.readUnsignedShort(),3
"org.apache.fontbox.ttf.NamingTable.read(TrueTypeFont, TTFDataStream)",org.apache.fontbox.ttf.RAFDataStream.seek(long),30
"org.apache.fontbox.ttf.NamingTable.read(TrueTypeFont, TTFDataStream)",org.apache.fontbox.ttf.NameRecord.<init>(),30
"org.apache.fontbox.ttf.NamingTable.read(TrueTypeFont, TTFDataStream)","org.apache.fontbox.ttf.NamingTable.getName(int, int, int, int)",1
org.apache.fontbox.ttf.TrueTypeFont.readTable(TTFTable),"org.apache.fontbox.ttf.HorizontalMetricsTable.read(TrueTypeFont, TTFDataStream)",1
"org.apache.fontbox.ttf.HorizontalMetricsTable.read(TrueTypeFont, TTFDataStream)",org.apache.fontbox.ttf.RAFDataStream.readSignedShort(),2587
"org.apache.fontbox.ttf.HorizontalMetricsTable.read(TrueTypeFont, TTFDataStream)",org.apache.fontbox.ttf.RAFDataStream.readUnsignedShort(),2587
"org.apache.fontbox.ttf.HorizontalMetricsTable.read(TrueTypeFont, TTFDataStream)",org.apache.fontbox.ttf.TrueTypeFont.getHorizontalHeader(),1
"org.apache.fontbox.ttf.HorizontalMetricsTable.read(TrueTypeFont, TTFDataStream)",org.apache.fontbox.ttf.TrueTypeFont.getNumberOfGlyphs(),1
org.apache.fontbox.ttf.TrueTypeFont.readTable(TTFTable),"org.apache.fontbox.ttf.OS2WindowsMetricsTable.read(TrueTypeFont, TTFDataStream)",1
"org.apache.fontbox.ttf.OS2WindowsMetricsTable.read(TrueTypeFont, TTFDataStream)",org.apache.fontbox.ttf.RAFDataStream.readUnsignedShort(),11
"org.apache.fontbox.ttf.OS2WindowsMetricsTable.read(TrueTypeFont, TTFDataStream)",org.apache.fontbox.ttf.TTFDataStream.readString(int),1
"org.apache.fontbox.ttf.OS2WindowsMetricsTable.read(TrueTypeFont, TTFDataStream)",org.apache.fontbox.ttf.RAFDataStream.readSignedShort(),18
"org.apache.fontbox.ttf.OS2WindowsMetricsTable.read(TrueTypeFont, TTFDataStream)",org.apache.fontbox.ttf.TTFDataStream.read(int),1
"org.apache.fontbox.ttf.OS2WindowsMetricsTable.read(TrueTypeFont, TTFDataStream)",org.apache.fontbox.ttf.TTFDataStream.readUnsignedInt(),6
org.apache.fontbox.ttf.TrueTypeFont.readTable(TTFTable),"org.apache.fontbox.ttf.HorizontalHeaderTable.read(TrueTypeFont, TTFDataStream)",1
"org.apache.fontbox.ttf.HorizontalHeaderTable.read(TrueTypeFont, TTFDataStream)",org.apache.fontbox.ttf.TTFDataStream.read32Fixed(),1
"org.apache.fontbox.ttf.HorizontalHeaderTable.read(TrueTypeFont, TTFDataStream)",org.apache.fontbox.ttf.RAFDataStream.readSignedShort(),14
"org.apache.fontbox.ttf.HorizontalHeaderTable.read(TrueTypeFont, TTFDataStream)",org.apache.fontbox.ttf.RAFDataStream.readUnsignedShort(),2
"org.apache.fontbox.ttf.TTFParser.parseTables(TrueTypeFont, TTFDataStream)",org.apache.fontbox.ttf.TrueTypeFont.getPostScript(),1
"org.apache.fontbox.ttf.TTFParser.parseTables(TrueTypeFont, TTFDataStream)",org.apache.fontbox.ttf.TrueTypeFont.getTables(),1
"org.apache.fontbox.ttf.TTFParser.parseTables(TrueTypeFont, TTFDataStream)",org.apache.fontbox.ttf.TrueTypeFont.getGlyph(),1
"org.apache.fontbox.ttf.TTFParser.parseTables(TrueTypeFont, TTFDataStream)",org.apache.fontbox.ttf.TrueTypeFont.getHeader(),1
"org.apache.fontbox.ttf.TTFParser.parseTables(TrueTypeFont, TTFDataStream)",org.apache.fontbox.ttf.TrueTypeFont.getNaming(),1
"org.apache.fontbox.ttf.TTFParser.parseTables(TrueTypeFont, TTFDataStream)",org.apache.fontbox.ttf.TrueTypeFont.getCmap(),1
"org.apache.fontbox.ttf.TTFParser.parseTables(TrueTypeFont, TTFDataStream)",org.apache.fontbox.ttf.TrueTypeFont.getHorizontalMetrics(),1
"org.apache.fontbox.ttf.TTFParser.parseTables(TrueTypeFont, TTFDataStream)",org.apache.fontbox.ttf.TrueTypeFont.getHorizontalHeader(),1
"org.apache.fontbox.ttf.TTFParser.parseTables(TrueTypeFont, TTFDataStream)",org.apache.fontbox.ttf.TrueTypeFont.getIndexToLocation(),1
"org.apache.fontbox.ttf.TTFParser.parseTables(TrueTypeFont, TTFDataStream)",org.apache.fontbox.ttf.TrueTypeFont.getMaximumProfile(),1
org.apache.fontbox.ttf.TTFParser.parse(TTFDataStream),"org.apache.fontbox.ttf.TTFParser.readTableDirectory(TrueTypeFont, TTFDataStream)",19
"org.apache.fontbox.ttf.TTFParser.readTableDirectory(TrueTypeFont, TTFDataStream)",org.apache.fontbox.ttf.TTFDataStream.readString(int),19
"org.apache.fontbox.ttf.TTFParser.readTableDirectory(TrueTypeFont, TTFDataStream)",org.apache.fontbox.ttf.TTFDataStream.readUnsignedInt(),57
"org.apache.fontbox.ttf.TTFParser.readTableDirectory(TrueTypeFont, TTFDataStream)","org.apache.fontbox.ttf.TTFParser.readTable(TrueTypeFont, String)",8
"org.apache.fontbox.ttf.TTFParser.readTable(TrueTypeFont, String)",org.apache.fontbox.ttf.TTFTable.<init>(TrueTypeFont),10
"org.apache.fontbox.ttf.TTFParser.readTableDirectory(TrueTypeFont, TTFDataStream)",org.apache.fontbox.ttf.OS2WindowsMetricsTable.<init>(TrueTypeFont),1
org.apache.fontbox.ttf.OS2WindowsMetricsTable.<init>(TrueTypeFont),org.apache.fontbox.ttf.TTFTable.<init>(TrueTypeFont),68
"org.apache.fontbox.ttf.TTFParser.readTableDirectory(TrueTypeFont, TTFDataStream)",org.apache.fontbox.ttf.NamingTable.<init>(TrueTypeFont),1
org.apache.fontbox.ttf.NamingTable.<init>(TrueTypeFont),org.apache.fontbox.ttf.TTFTable.<init>(TrueTypeFont),7
"org.apache.fontbox.ttf.TTFParser.readTableDirectory(TrueTypeFont, TTFDataStream)",org.apache.fontbox.ttf.PostScriptTable.<init>(TrueTypeFont),1
org.apache.fontbox.ttf.PostScriptTable.<init>(TrueTypeFont),org.apache.fontbox.ttf.TTFTable.<init>(TrueTypeFont),38
"org.apache.fontbox.ttf.TTFParser.readTableDirectory(TrueTypeFont, TTFDataStream)",org.apache.fontbox.ttf.GlyphTable.<init>(TrueTypeFont),1
org.apache.fontbox.ttf.GlyphTable.<init>(TrueTypeFont),org.apache.fontbox.ttf.TTFTable.<init>(TrueTypeFont),7
"org.apache.fontbox.ttf.TTFParser.readTableDirectory(TrueTypeFont, TTFDataStream)",org.apache.fontbox.ttf.KerningTable.<init>(TrueTypeFont),1
org.apache.fontbox.ttf.KerningTable.<init>(TrueTypeFont),org.apache.fontbox.ttf.TTFTable.<init>(TrueTypeFont),4
"org.apache.fontbox.ttf.TTFParser.readTableDirectory(TrueTypeFont, TTFDataStream)",org.apache.fontbox.ttf.MaximumProfileTable.<init>(TrueTypeFont),1
org.apache.fontbox.ttf.MaximumProfileTable.<init>(TrueTypeFont),org.apache.fontbox.ttf.TTFTable.<init>(TrueTypeFont),47
"org.apache.fontbox.ttf.TTFParser.readTableDirectory(TrueTypeFont, TTFDataStream)",org.apache.fontbox.ttf.CmapTable.<init>(TrueTypeFont),1
org.apache.fontbox.ttf.CmapTable.<init>(TrueTypeFont),org.apache.fontbox.ttf.TTFTable.<init>(TrueTypeFont),7
"org.apache.fontbox.ttf.TTFParser.readTableDirectory(TrueTypeFont, TTFDataStream)",org.apache.fontbox.ttf.IndexToLocationTable.<init>(TrueTypeFont),1
org.apache.fontbox.ttf.IndexToLocationTable.<init>(TrueTypeFont),org.apache.fontbox.ttf.TTFTable.<init>(TrueTypeFont),5
"org.apache.fontbox.ttf.TTFParser.readTableDirectory(TrueTypeFont, TTFDataStream)",org.apache.fontbox.ttf.HeaderTable.<init>(TrueTypeFont),1
org.apache.fontbox.ttf.HeaderTable.<init>(TrueTypeFont),org.apache.fontbox.ttf.TTFTable.<init>(TrueTypeFont),51
"org.apache.fontbox.ttf.TTFParser.readTableDirectory(TrueTypeFont, TTFDataStream)",org.apache.fontbox.ttf.HorizontalHeaderTable.<init>(TrueTypeFont),1
org.apache.fontbox.ttf.HorizontalHeaderTable.<init>(TrueTypeFont),org.apache.fontbox.ttf.TTFTable.<init>(TrueTypeFont),53
"org.apache.fontbox.ttf.TTFParser.readTableDirectory(TrueTypeFont, TTFDataStream)",org.apache.fontbox.ttf.HorizontalMetricsTable.<init>(TrueTypeFont),1
org.apache.fontbox.ttf.HorizontalMetricsTable.<init>(TrueTypeFont),org.apache.fontbox.ttf.TTFTable.<init>(TrueTypeFont),8
org.apache.fontbox.ttf.TTFParser.parse(TTFDataStream),org.apache.fontbox.ttf.TTFParser.newFont(TTFDataStream),3
org.apache.fontbox.ttf.TTFParser.newFont(TTFDataStream),org.apache.fontbox.ttf.TrueTypeFont.<init>(TTFDataStream),3
org.apache.fontbox.ttf.TTFParser.parse(TTFDataStream),org.apache.fontbox.ttf.TTFDataStream.read32Fixed(),1
org.apache.fontbox.ttf.TTFParser.parse(TTFDataStream),org.apache.fontbox.ttf.TrueTypeFont.addTable(TTFTable),19
org.apache.fontbox.ttf.TTFParser.parse(TTFDataStream),org.apache.fontbox.ttf.RAFDataStream.readUnsignedShort(),4
org.apache.fontbox.ttf.TTFParser.parse(File),"org.apache.fontbox.ttf.RAFDataStream.<init>(File, String)",15
"org.apache.fontbox.ttf.RAFDataStream.<init>(File, String)","org.apache.fontbox.ttf.BufferedRandomAccessFile.<init>(File, String, int)",20
"org.apache.fontbox.ttf.RAFDataStream.<init>(File, String)",org.apache.fontbox.ttf.TTFDataStream.<init>(),19
"org.apache.pdfbox.pdmodel.font.PDType0Font.load(PDDocument, File)",org.apache.fontbox.ttf.TTFParser.<init>(),7
org.apache.fontbox.ttf.TTFParser.<init>(),org.apache.fontbox.ttf.TTFParser.<init>(boolean),23
org.apache.fontbox.ttf.TTFParser.<init>(boolean),"org.apache.fontbox.ttf.TTFParser.<init>(boolean, boolean)",28
org.apache.pdfbox.examples.pdmodel.EmbeddedFonts.main(String[]),org.apache.pdfbox.pdmodel.PDDocument.<init>(),1
org.apache.pdfbox.examples.pdmodel.EmbeddedFonts.main(String[]),org.apache.pdfbox.pdmodel.PDDocument.addPage(PDPage),1
org.apache.pdfbox.examples.pdmodel.EmbeddedFonts.main(String[]),org.apache.pdfbox.pdmodel.PDPage.<init>(PDRectangle),1
org.apache.pdfbox.examples.pdmodel.ShowColorBoxes.main(String[]),"org.apache.pdfbox.pdmodel.PDPageContentStream.<init>(PDDocument, PDPage)",3
"org.apache.pdfbox.pdmodel.PDPageContentStream.<init>(PDDocument, PDPage)","org.apache.pdfbox.pdmodel.PDPageContentStream.<init>(PDDocument, PDPage, PDPageContentStream$AppendMode, boolean, boolean)",4
org.apache.pdfbox.filter.FilterFactory.<init>(),org.apache.pdfbox.filter.CCITTFaxFilter.<init>(),2
org.apache.pdfbox.filter.CCITTFaxFilter.<init>(),org.apache.pdfbox.filter.Filter.<init>(),6
org.apache.pdfbox.filter.FilterFactory.<init>(),org.apache.pdfbox.filter.JPXFilter.<init>(),2
org.apache.pdfbox.filter.JPXFilter.<init>(),org.apache.pdfbox.filter.Filter.<init>(),4
org.apache.pdfbox.filter.FilterFactory.<init>(),org.apache.pdfbox.filter.ASCII85Filter.<init>(),2
org.apache.pdfbox.filter.ASCII85Filter.<init>(),org.apache.pdfbox.filter.Filter.<init>(),5
org.apache.pdfbox.filter.FilterFactory.<init>(),org.apache.pdfbox.filter.CryptFilter.<init>(),2
org.apache.pdfbox.filter.CryptFilter.<init>(),org.apache.pdfbox.filter.Filter.<init>(),4
org.apache.pdfbox.filter.FilterFactory.<init>(),org.apache.pdfbox.filter.FlateFilter.<init>(),2
org.apache.pdfbox.filter.FlateFilter.<init>(),org.apache.pdfbox.filter.Filter.<init>(),4
org.apache.pdfbox.filter.FilterFactory.<init>(),org.apache.pdfbox.filter.ASCIIHexFilter.<init>(),2
org.apache.pdfbox.filter.ASCIIHexFilter.<init>(),org.apache.pdfbox.filter.Filter.<init>(),5
org.apache.pdfbox.filter.FilterFactory.<init>(),org.apache.pdfbox.filter.DCTFilter.<init>(),2
org.apache.pdfbox.filter.DCTFilter.<init>(),org.apache.pdfbox.filter.Filter.<init>(),5
org.apache.pdfbox.filter.FilterFactory.<init>(),org.apache.pdfbox.filter.JBIG2Filter.<init>(),2
org.apache.pdfbox.filter.JBIG2Filter.<init>(),org.apache.pdfbox.filter.Filter.<init>(),4
org.apache.pdfbox.filter.FilterFactory.<init>(),org.apache.pdfbox.filter.LZWFilter.<init>(),2
org.apache.pdfbox.filter.LZWFilter.<init>(),org.apache.pdfbox.filter.Filter.<init>(),5
org.apache.pdfbox.filter.FilterFactory.<init>(),org.apache.pdfbox.filter.RunLengthDecodeFilter.<init>(),2
org.apache.pdfbox.filter.RunLengthDecodeFilter.<init>(),org.apache.pdfbox.filter.Filter.<init>(),6
org.apache.pdfbox.examples.pdmodel.ShowColorBoxes.main(String[]),org.apache.pdfbox.pdmodel.PDPageContentStream.setNonStrokingColor(Color),6
org.apache.pdfbox.pdmodel.PDPageContentStream.setNonStrokingColor(Color),org.apache.pdfbox.pdmodel.PDPageContentStream.setNonStrokingColor(PDColor),6
org.apache.pdfbox.pdmodel.PDPageContentStream.setNonStrokingColor(PDColor),org.apache.pdfbox.pdmodel.PDPageContentStream.writeOperand(float),18
org.apache.pdfbox.pdmodel.PDPageContentStream.writeOperand(float),org.apache.pdfbox.pdmodel.PDPageContentStream.write(String),42
org.apache.pdfbox.pdmodel.PDPageContentStream.setNonStrokingColor(PDColor),org.apache.pdfbox.pdmodel.PDPageContentStream.writeOperand(COSName),3
org.apache.pdfbox.pdmodel.PDPageContentStream.setNonStrokingColor(PDColor),org.apache.pdfbox.pdmodel.PDPageContentStream.writeOperator(String),9
org.apache.pdfbox.pdmodel.PDPageContentStream.setNonStrokingColor(PDColor),org.apache.pdfbox.pdmodel.PDPageContentStream.getName(PDColorSpace),3
org.apache.pdfbox.pdmodel.PDPageContentStream.getName(PDColorSpace),org.apache.pdfbox.pdmodel.graphics.color.PDDeviceRGB.getName(),3
org.apache.pdfbox.pdmodel.PDPageContentStream.getName(PDColorSpace),org.apache.pdfbox.cos.COSName.getPDFName(String),3
org.apache.pdfbox.pdmodel.PDPageContentStream.setNonStrokingColor(PDColor),org.apache.pdfbox.pdmodel.PDPageContentStream.setNonStrokingColorSpaceStack(PDColorSpace),3
org.apache.pdfbox.pdmodel.PDPageContentStream.setNonStrokingColor(PDColor),org.apache.pdfbox.pdmodel.graphics.color.PDColor.getComponents(),6
org.apache.pdfbox.pdmodel.graphics.color.PDDeviceRGB.<init>(),"org.apache.pdfbox.pdmodel.graphics.color.PDColor.<init>(float[], PDColorSpace)",2
org.apache.pdfbox.pdmodel.graphics.color.PDDeviceRGB.<init>(),org.apache.pdfbox.pdmodel.graphics.color.PDDeviceColorSpace.<init>(),2
org.apache.pdfbox.pdmodel.PDPageContentStream.setNonStrokingColor(Color),"org.apache.pdfbox.pdmodel.graphics.color.PDColor.<init>(float[], PDColorSpace)",6
org.apache.pdfbox.examples.pdmodel.ShowColorBoxes.main(String[]),org.apache.pdfbox.pdmodel.PDPageContentStream.close(),3
org.apache.pdfbox.examples.pdmodel.ShowColorBoxes.main(String[]),"org.apache.pdfbox.pdmodel.PDPageContentStream.addRect(float, float, float, float)",6
"org.apache.pdfbox.pdmodel.PDPageContentStream.addRect(float, float, float, float)",org.apache.pdfbox.pdmodel.PDPageContentStream.writeOperand(float),24
"org.apache.pdfbox.pdmodel.PDPageContentStream.addRect(float, float, float, float)",org.apache.pdfbox.pdmodel.PDPageContentStream.writeOperator(String),6
org.apache.pdfbox.examples.pdmodel.ShowColorBoxes.main(String[]),org.apache.pdfbox.pdmodel.PDPage.getMediaBox(),6
org.apache.pdfbox.examples.pdmodel.ShowColorBoxes.main(String[]),org.apache.pdfbox.pdmodel.PDDocument.close(),3
org.apache.pdfbox.examples.pdmodel.ShowColorBoxes.main(String[]),org.apache.pdfbox.pdmodel.PDDocument.save(String),3
org.apache.pdfbox.examples.pdmodel.ShowColorBoxes.main(String[]),org.apache.pdfbox.pdmodel.PDPageContentStream.fill(),6
org.apache.pdfbox.pdmodel.PDPageContentStream.fill(),org.apache.pdfbox.pdmodel.PDPageContentStream.writeOperator(String),6
org.apache.pdfbox.examples.pdmodel.ShowColorBoxes.main(String[]),org.apache.pdfbox.pdmodel.common.PDRectangle.getWidth(),3
org.apache.pdfbox.examples.pdmodel.ShowColorBoxes.main(String[]),org.apache.pdfbox.pdmodel.common.PDRectangle.getHeight(),3
org.apache.pdfbox.examples.pdmodel.ShowColorBoxes.main(String[]),org.apache.pdfbox.pdmodel.PDDocument.<init>(),3
org.apache.pdfbox.examples.pdmodel.ShowColorBoxes.main(String[]),org.apache.pdfbox.pdmodel.PDDocument.addPage(PDPage),3
org.apache.pdfbox.examples.pdmodel.ShowColorBoxes.main(String[]),org.apache.pdfbox.pdmodel.PDPage.<init>(),3
org.apache.pdfbox.examples.interactive.form.FillFormField.main(String[]),org.apache.pdfbox.pdmodel.PDDocument.load(File),2
org.apache.pdfbox.pdfparser.BaseParser.parseDirObject(),org.apache.pdfbox.pdfparser.BaseParser.readExpectedString(String),2
org.apache.pdfbox.pdfparser.BaseParser.readExpectedString(String),"org.apache.pdfbox.pdfparser.BaseParser.readExpectedString(char[], boolean)",5
org.apache.pdfbox.pdfparser.BaseParser.parseCOSString(),org.apache.pdfbox.pdfparser.BaseParser.checkForMissingCloseParen(int),30
org.apache.pdfbox.pdfparser.BaseParser.checkForMissingCloseParen(int),org.apache.pdfbox.pdfparser.RandomAccessSource.read(byte[]),30
org.apache.pdfbox.pdfparser.RandomAccessSource.read(byte[]),org.apache.pdfbox.io.RandomAccessBufferedFileInputStream.read(byte[]),30
org.apache.pdfbox.io.RandomAccessBufferedFileInputStream.read(byte[]),"org.apache.pdfbox.io.RandomAccessBufferedFileInputStream.read(byte[], int, int)",30
org.apache.pdfbox.pdfparser.BaseParser.checkForMissingCloseParen(int),org.apache.pdfbox.pdfparser.RandomAccessSource.unread(byte[]),30
org.apache.pdfbox.pdfparser.RandomAccessSource.unread(byte[]),org.apache.pdfbox.io.RandomAccessBufferedFileInputStream.rewind(int),30
org.apache.pdfbox.pdfparser.BaseParser.parseCOSString(),org.apache.pdfbox.cos.COSString.<init>(byte[]),31
org.apache.pdfbox.pdfparser.BaseParser.parseCOSString(),org.apache.pdfbox.pdfparser.RandomAccessSource.unread(int),30
org.apache.pdfbox.io.RandomAccessBufferedFileInputStream.read(),org.apache.pdfbox.io.RandomAccessBufferedFileInputStream.seek(long),13
org.apache.pdfbox.examples.interactive.form.FillFormField.main(String[]),org.apache.pdfbox.pdmodel.interactive.form.PDAcroForm.getField(String),2
org.apache.pdfbox.pdmodel.interactive.form.PDAcroForm.getField(String),org.apache.pdfbox.pdmodel.interactive.form.PDFieldTree.iterator(),3
org.apache.pdfbox.pdmodel.interactive.form.PDAcroForm.getFields(),"org.apache.pdfbox.pdmodel.interactive.form.PDField.fromDictionary(PDAcroForm, COSDictionary, PDNonTerminalField)",2
"org.apache.pdfbox.pdmodel.interactive.form.PDField.fromDictionary(PDAcroForm, COSDictionary, PDNonTerminalField)","org.apache.pdfbox.pdmodel.interactive.form.PDFieldFactory.createField(PDAcroForm, COSDictionary, PDNonTerminalField)",5
"org.apache.pdfbox.pdmodel.interactive.form.PDFieldFactory.createField(PDAcroForm, COSDictionary, PDNonTerminalField)",org.apache.pdfbox.pdmodel.interactive.form.PDFieldFactory.findFieldType(COSDictionary),6
org.apache.pdfbox.pdmodel.interactive.form.PDFieldFactory.findFieldType(COSDictionary),org.apache.pdfbox.cos.COSDictionary.getNameAsString(COSName),4
org.apache.pdfbox.cos.COSDictionary.getNameAsString(COSName),org.apache.pdfbox.cos.COSDictionary.getDictionaryObject(COSName),396
"org.apache.pdfbox.pdmodel.interactive.form.PDFieldFactory.createField(PDAcroForm, COSDictionary, PDNonTerminalField)","org.apache.pdfbox.pdmodel.interactive.form.PDTextField.<init>(PDAcroForm, COSDictionary, PDNonTerminalField)",2
"org.apache.pdfbox.pdmodel.interactive.form.PDTextField.<init>(PDAcroForm, COSDictionary, PDNonTerminalField)","org.apache.pdfbox.pdmodel.interactive.form.PDVariableText.<init>(PDAcroForm, COSDictionary, PDNonTerminalField)",28
"org.apache.pdfbox.pdmodel.interactive.form.PDVariableText.<init>(PDAcroForm, COSDictionary, PDNonTerminalField)","org.apache.pdfbox.pdmodel.interactive.form.PDTerminalField.<init>(PDAcroForm, COSDictionary, PDNonTerminalField)",59
"org.apache.pdfbox.pdmodel.interactive.form.PDTerminalField.<init>(PDAcroForm, COSDictionary, PDNonTerminalField)","org.apache.pdfbox.pdmodel.interactive.form.PDField.<init>(PDAcroForm, COSDictionary, PDNonTerminalField)",107
org.apache.pdfbox.pdmodel.interactive.form.PDFieldFactory.findFieldType(COSDictionary),"org.apache.pdfbox.cos.COSDictionary.getDictionaryObject(COSName, COSName)",1
"org.apache.pdfbox.pdmodel.interactive.form.PDFieldFactory.createField(PDAcroForm, COSDictionary, PDNonTerminalField)","org.apache.pdfbox.pdmodel.interactive.form.PDNonTerminalField.<init>(PDAcroForm, COSDictionary, PDNonTerminalField)",1
"org.apache.pdfbox.pdmodel.interactive.form.PDNonTerminalField.<init>(PDAcroForm, COSDictionary, PDNonTerminalField)","org.apache.pdfbox.pdmodel.interactive.form.PDField.<init>(PDAcroForm, COSDictionary, PDNonTerminalField)",11
"org.apache.pdfbox.pdmodel.interactive.form.PDFieldFactory.createField(PDAcroForm, COSDictionary, PDNonTerminalField)",org.apache.pdfbox.cos.COSDictionary.containsKey(COSName),1
org.apache.pdfbox.pdmodel.interactive.form.PDAcroForm.getFields(),org.apache.pdfbox.cos.COSArray.getObject(int),2
org.apache.pdfbox.pdmodel.interactive.form.PDAcroForm.getFields(),"org.apache.pdfbox.pdmodel.common.COSArrayList.<init>(List, COSArray)",15
org.apache.pdfbox.pdmodel.interactive.form.PDAcroForm.getFields(),org.apache.pdfbox.cos.COSDictionary.getDictionaryObject(COSName),16
org.apache.pdfbox.pdmodel.interactive.form.PDAcroForm.getFields(),org.apache.pdfbox.cos.COSArray.size(),17
org.apache.pdfbox.pdmodel.interactive.form.PDNonTerminalField.getChildren(),"org.apache.pdfbox.pdmodel.interactive.form.PDField.fromDictionary(PDAcroForm, COSDictionary, PDNonTerminalField)",1
org.apache.pdfbox.pdmodel.interactive.form.PDNonTerminalField.getChildren(),org.apache.pdfbox.cos.COSDictionary.getDictionaryObject(COSName),3
org.apache.pdfbox.pdmodel.interactive.form.PDNonTerminalField.getChildren(),org.apache.pdfbox.cos.COSArray.getObject(int),1
org.apache.pdfbox.pdmodel.interactive.form.PDNonTerminalField.getChildren(),org.apache.pdfbox.cos.COSArray.size(),2
org.apache.pdfbox.pdmodel.interactive.form.PDAcroForm.getField(String),org.apache.pdfbox.pdmodel.interactive.form.PDField.getFullyQualifiedName(),1
org.apache.pdfbox.pdmodel.interactive.form.PDField.getFullyQualifiedName(),org.apache.pdfbox.pdmodel.interactive.form.PDField.getPartialName(),10
org.apache.pdfbox.pdmodel.interactive.form.PDField.getPartialName(),org.apache.pdfbox.cos.COSDictionary.getString(COSName),14
org.apache.pdfbox.cos.COSDictionary.getString(COSName),org.apache.pdfbox.cos.COSString.getString(),132
org.apache.pdfbox.cos.COSString.getString(),org.apache.pdfbox.cos.PDFDocEncoding.toString(byte[]),198
org.apache.pdfbox.cos.COSDictionary.getString(COSName),org.apache.pdfbox.cos.COSDictionary.getDictionaryObject(COSName),312
org.apache.pdfbox.pdmodel.interactive.form.PDAcroForm.getField(String),org.apache.pdfbox.pdmodel.interactive.form.PDAcroForm.getFieldTree(),4
org.apache.pdfbox.pdmodel.interactive.form.PDAcroForm.getFieldTree(),org.apache.pdfbox.pdmodel.interactive.form.PDFieldTree.<init>(PDAcroForm),10
org.apache.pdfbox.examples.interactive.form.FillFormField.main(String[]),org.apache.pdfbox.pdmodel.interactive.form.PDTextField.setValue(String),1
org.apache.pdfbox.pdmodel.interactive.form.PDTextField.setValue(String),org.apache.pdfbox.pdmodel.interactive.form.PDTerminalField.applyChange(),3
org.apache.pdfbox.pdmodel.interactive.form.PDTerminalField.applyChange(),org.apache.pdfbox.pdmodel.interactive.form.PDTextField.constructAppearances(),1
org.apache.pdfbox.pdmodel.interactive.form.PDTextField.constructAppearances(),org.apache.pdfbox.pdmodel.interactive.form.AppearanceGeneratorHelper.<init>(PDVariableText),3
org.apache.pdfbox.pdmodel.interactive.form.AppearanceGeneratorHelper.<init>(PDVariableText),org.apache.pdfbox.pdmodel.interactive.form.PDVariableText.getDefaultAppearanceString(),7
org.apache.pdfbox.pdmodel.interactive.form.PDVariableText.getDefaultAppearanceString(),"org.apache.pdfbox.pdmodel.interactive.form.PDDefaultAppearanceString.<init>(COSString, PDResources)",1
"org.apache.pdfbox.pdmodel.interactive.form.PDDefaultAppearanceString.<init>(COSString, PDResources)",org.apache.pdfbox.pdmodel.interactive.form.PDDefaultAppearanceString.processAppearanceStringOperators(byte[]),1
org.apache.pdfbox.pdmodel.interactive.form.PDDefaultAppearanceString.processAppearanceStringOperators(byte[]),"org.apache.pdfbox.pdmodel.interactive.form.PDDefaultAppearanceString.processOperator(Operator, List)",1
"org.apache.pdfbox.pdmodel.interactive.form.PDDefaultAppearanceString.processOperator(Operator, List)",org.apache.pdfbox.pdmodel.interactive.form.PDDefaultAppearanceString.processSetFont(List),1
org.apache.pdfbox.pdmodel.interactive.form.PDDefaultAppearanceString.processSetFont(List),org.apache.pdfbox.pdmodel.PDResources.getFont(COSName),1
org.apache.pdfbox.pdmodel.PDResources.getFont(COSName),org.apache.pdfbox.pdmodel.font.PDFontFactory.createFont(COSDictionary),3
org.apache.pdfbox.pdmodel.font.PDFontFactory.createFont(COSDictionary),"org.apache.pdfbox.cos.COSDictionary.getCOSName(COSName, COSName)",4
"org.apache.pdfbox.cos.COSDictionary.getCOSName(COSName, COSName)",org.apache.pdfbox.cos.COSDictionary.getDictionaryObject(COSName),12
org.apache.pdfbox.pdmodel.font.PDFontFactory.createFont(COSDictionary),org.apache.pdfbox.cos.COSDictionary.getCOSName(COSName),4
org.apache.pdfbox.pdmodel.font.PDFontFactory.createFont(COSDictionary),org.apache.pdfbox.cos.COSDictionary.getDictionaryObject(COSName),3
org.apache.pdfbox.pdmodel.font.PDFontFactory.createFont(COSDictionary),org.apache.pdfbox.cos.COSName.equals(Object),10
org.apache.pdfbox.pdmodel.PDResources.getFont(COSName),"org.apache.pdfbox.pdmodel.PDResources.getIndirect(COSName, COSName)",4
org.apache.pdfbox.pdmodel.PDResources.getFont(COSName),org.apache.pdfbox.pdmodel.DefaultResourceCache.getFont(COSObject),3
org.apache.pdfbox.pdmodel.PDResources.getFont(COSName),"org.apache.pdfbox.pdmodel.PDResources.get(COSName, COSName)",4
org.apache.pdfbox.pdmodel.interactive.form.PDDefaultAppearanceString.processAppearanceStringOperators(byte[]),org.apache.pdfbox.pdfparser.PDFStreamParser.<init>(byte[]),1
org.apache.pdfbox.pdfparser.PDFStreamParser.<init>(byte[]),org.apache.pdfbox.pdfparser.InputStreamSource.<init>(InputStream),66
org.apache.pdfbox.pdfparser.PDFStreamParser.<init>(byte[]),org.apache.pdfbox.pdfparser.BaseParser.<init>(SequentialSource),66
org.apache.pdfbox.pdmodel.interactive.form.PDDefaultAppearanceString.processAppearanceStringOperators(byte[]),org.apache.pdfbox.pdfparser.PDFStreamParser.parseNextToken(),3
org.apache.pdfbox.pdfparser.PDFStreamParser.parseNextToken(),org.apache.pdfbox.cos.COSNumber.get(String),42
org.apache.pdfbox.pdfparser.PDFStreamParser.parseNextToken(),org.apache.pdfbox.pdfparser.InputStreamSource.read(),139
org.apache.pdfbox.pdmodel.interactive.form.PDVariableText.getDefaultAppearanceString(),org.apache.pdfbox.pdmodel.interactive.form.PDAcroForm.getDefaultResources(),1
org.apache.pdfbox.pdmodel.interactive.form.PDAcroForm.getDefaultResources(),org.apache.pdfbox.cos.COSDictionary.getDictionaryObject(COSName),2
org.apache.pdfbox.pdmodel.interactive.form.PDAcroForm.getDefaultResources(),"org.apache.pdfbox.pdmodel.PDResources.<init>(COSDictionary, ResourceCache)",1
org.apache.pdfbox.pdmodel.interactive.form.PDVariableText.getDefaultAppearanceString(),org.apache.pdfbox.pdmodel.interactive.form.PDField.getInheritableAttribute(COSName),8
org.apache.pdfbox.pdmodel.interactive.form.PDField.getInheritableAttribute(COSName),org.apache.pdfbox.cos.COSDictionary.containsKey(COSName),28
org.apache.pdfbox.pdmodel.interactive.form.PDField.getInheritableAttribute(COSName),org.apache.pdfbox.cos.COSDictionary.getDictionaryObject(COSName),11
org.apache.pdfbox.pdmodel.interactive.form.PDTerminalField.applyChange(),org.apache.pdfbox.pdmodel.interactive.form.PDAcroForm.getNeedAppearances(),1
org.apache.pdfbox.pdmodel.interactive.form.PDAcroForm.getNeedAppearances(),"org.apache.pdfbox.cos.COSDictionary.getBoolean(COSName, boolean)",2
"org.apache.pdfbox.cos.COSDictionary.getBoolean(COSName, boolean)","org.apache.pdfbox.cos.COSDictionary.getBoolean(COSName, COSName, boolean)",120
"org.apache.pdfbox.cos.COSDictionary.getBoolean(COSName, COSName, boolean)","org.apache.pdfbox.cos.COSDictionary.getDictionaryObject(COSName, COSName)",126
org.apache.pdfbox.pdmodel.interactive.form.PDTextField.setValue(String),"org.apache.pdfbox.cos.COSDictionary.setString(COSName, String)",3
org.apache.pdfbox.examples.interactive.form.FillFormField.main(String[]),org.apache.pdfbox.pdmodel.PDDocumentCatalog.getAcroForm(),2
org.apache.pdfbox.pdmodel.PDDocumentCatalog.getAcroForm(),"org.apache.pdfbox.pdmodel.interactive.form.PDAcroForm.<init>(PDDocument, COSDictionary)",3
org.apache.pdfbox.pdmodel.PDDocumentCatalog.getAcroForm(),org.apache.pdfbox.cos.COSDictionary.getDictionaryObject(COSName),9
org.apache.pdfbox.examples.interactive.form.FillFormField.main(String[]),org.apache.pdfbox.pdmodel.PDDocument.getDocumentCatalog(),1
org.apache.pdfbox.examples.rendering.CustomGraphicsStreamEngine.main(String[]),org.apache.pdfbox.pdmodel.PDDocument.load(File),1
"org.apache.pdfbox.io.RandomAccessBufferedFileInputStream.read(byte[], int, int)",org.apache.pdfbox.io.RandomAccessBufferedFileInputStream.seek(long),6
"org.apache.pdfbox.pdfparser.COSParser.getLength(COSBase, COSName)","org.apache.pdfbox.pdfparser.COSParser.parseObjectDynamically(COSObject, boolean)",14
"org.apache.pdfbox.pdfparser.COSParser.getLength(COSBase, COSName)",org.apache.pdfbox.io.RandomAccessBufferedFileInputStream.seek(long),14
"org.apache.pdfbox.pdfparser.COSParser.getLength(COSBase, COSName)",org.apache.pdfbox.cos.COSName.equals(Object),14
org.apache.pdfbox.examples.rendering.CustomGraphicsStreamEngine.main(String[]),org.apache.pdfbox.examples.rendering.CustomGraphicsStreamEngine.run(),1
org.apache.pdfbox.examples.rendering.CustomGraphicsStreamEngine.run(),org.apache.pdfbox.contentstream.PDFStreamEngine.processPage(PDPage),2
"org.apache.pdfbox.cos.COSInputStream.create(List, COSDictionary, InputStream, ScratchFile)","org.apache.pdfbox.filter.FlateFilter.decode(InputStream, OutputStream, COSDictionary, int)",2
"org.apache.pdfbox.filter.FlateFilter.decode(InputStream, OutputStream, COSDictionary, int)","org.apache.pdfbox.filter.FlateFilter.decompress(InputStream, OutputStream)",2
"org.apache.pdfbox.filter.FlateFilter.decompress(InputStream, OutputStream)","org.apache.pdfbox.io.RandomAccessInputStream.read(byte[], int, int)",2
"org.apache.pdfbox.filter.FlateFilter.decompress(InputStream, OutputStream)","org.apache.pdfbox.io.RandomAccessOutputStream.write(byte[], int, int)",2
"org.apache.pdfbox.io.RandomAccessOutputStream.write(byte[], int, int)","org.apache.pdfbox.io.ScratchFileBuffer.write(byte[], int, int)",2
"org.apache.pdfbox.filter.FlateFilter.decode(InputStream, OutputStream, COSDictionary, int)","org.apache.pdfbox.filter.Filter.getDecodeParams(COSDictionary, int)",3
"org.apache.pdfbox.filter.Filter.getDecodeParams(COSDictionary, int)","org.apache.pdfbox.cos.COSDictionary.getDictionaryObject(COSName, COSName)",2
"org.apache.pdfbox.filter.Filter.getDecodeParams(COSDictionary, int)",org.apache.pdfbox.cos.COSDictionary.<init>(),2
"org.apache.pdfbox.filter.FlateFilter.decode(InputStream, OutputStream, COSDictionary, int)",org.apache.pdfbox.cos.COSDictionary.getInt(COSName),2
"org.apache.pdfbox.filter.FlateFilter.decode(InputStream, OutputStream, COSDictionary, int)",org.apache.pdfbox.filter.DecodeResult.<init>(COSDictionary),2
"org.apache.pdfbox.cos.COSInputStream.create(List, COSDictionary, InputStream, ScratchFile)",org.apache.pdfbox.io.ScratchFile.createBuffer(),2
"org.apache.pdfbox.cos.COSInputStream.create(List, COSDictionary, InputStream, ScratchFile)",org.apache.pdfbox.io.RandomAccessOutputStream.<init>(RandomAccessWrite),2
"org.apache.pdfbox.contentstream.PDFStreamEngine.processOperator(Operator, List)","org.apache.pdfbox.contentstream.operator.graphics.AppendRectangleToPath.process(Operator, List)",2
"org.apache.pdfbox.contentstream.operator.graphics.AppendRectangleToPath.process(Operator, List)","org.apache.pdfbox.examples.rendering.CustomGraphicsStreamEngine.appendRectangle(Point2D, Point2D, Point2D, Point2D)",1
"org.apache.pdfbox.contentstream.operator.graphics.AppendRectangleToPath.process(Operator, List)","org.apache.pdfbox.contentstream.PDFStreamEngine.transformedPoint(float, float)",8
"org.apache.pdfbox.contentstream.PDFStreamEngine.transformedPoint(float, float)",org.apache.pdfbox.util.Matrix.createAffineTransform(),8
"org.apache.pdfbox.contentstream.PDFStreamEngine.transformedPoint(float, float)",org.apache.pdfbox.contentstream.PDFStreamEngine.getGraphicsState(),8
"org.apache.pdfbox.contentstream.operator.graphics.AppendRectangleToPath.process(Operator, List)","org.apache.pdfbox.contentstream.operator.OperatorProcessor.checkArrayTypesClass(List, Class)",2
"org.apache.pdfbox.contentstream.PDFStreamEngine.processOperator(Operator, List)","org.apache.pdfbox.contentstream.operator.state.Concatenate.process(Operator, List)",2
"org.apache.pdfbox.contentstream.operator.state.Concatenate.process(Operator, List)",org.apache.pdfbox.cos.COSFloat.floatValue(),8
"org.apache.pdfbox.contentstream.operator.state.Concatenate.process(Operator, List)","org.apache.pdfbox.contentstream.operator.OperatorProcessor.checkArrayTypesClass(List, Class)",2
"org.apache.pdfbox.contentstream.operator.state.Concatenate.process(Operator, List)",org.apache.pdfbox.util.Matrix.concatenate(Matrix),2
"org.apache.pdfbox.contentstream.operator.state.Concatenate.process(Operator, List)",org.apache.pdfbox.contentstream.PDFStreamEngine.getGraphicsState(),2
"org.apache.pdfbox.contentstream.operator.state.Concatenate.process(Operator, List)","org.apache.pdfbox.util.Matrix.<init>(float, float, float, float, float, float)",2
"org.apache.pdfbox.contentstream.PDFStreamEngine.processOperator(Operator, List)","org.apache.pdfbox.contentstream.operator.graphics.ClipNonZeroRule.process(Operator, List)",2
"org.apache.pdfbox.contentstream.operator.graphics.ClipNonZeroRule.process(Operator, List)",org.apache.pdfbox.examples.rendering.CustomGraphicsStreamEngine.clip(int),1
"org.apache.pdfbox.contentstream.PDFStreamEngine.processOperator(Operator, List)","org.apache.pdfbox.contentstream.operator.graphics.EndPath.process(Operator, List)",2
"org.apache.pdfbox.contentstream.operator.graphics.EndPath.process(Operator, List)",org.apache.pdfbox.examples.rendering.CustomGraphicsStreamEngine.endPath(),1
"org.apache.pdfbox.contentstream.PDFStreamEngine.processOperator(Operator, List)","org.apache.pdfbox.contentstream.operator.state.Save.process(Operator, List)",6
"org.apache.pdfbox.contentstream.operator.state.Save.process(Operator, List)",org.apache.pdfbox.contentstream.PDFStreamEngine.saveGraphicsState(),6
org.apache.pdfbox.contentstream.PDFStreamEngine.saveGraphicsState(),org.apache.pdfbox.pdmodel.graphics.state.PDGraphicsState.clone(),6
"org.apache.pdfbox.contentstream.PDFStreamEngine.processOperator(Operator, List)","org.apache.pdfbox.contentstream.operator.text.SetFontAndSize.process(Operator, List)",2
"org.apache.pdfbox.contentstream.operator.text.SetFontAndSize.process(Operator, List)",org.apache.pdfbox.pdmodel.PDResources.getFont(COSName),2
org.apache.pdfbox.pdmodel.font.PDFontFactory.createFont(COSDictionary),org.apache.pdfbox.cos.COSDictionary.containsKey(COSName),2
"org.apache.pdfbox.contentstream.operator.text.SetFontAndSize.process(Operator, List)",org.apache.pdfbox.contentstream.PDFStreamEngine.getGraphicsState(),2
"org.apache.pdfbox.contentstream.PDFStreamEngine.processOperator(Operator, List)","org.apache.pdfbox.contentstream.operator.state.SetMatrix.process(Operator, List)",2
"org.apache.pdfbox.contentstream.operator.state.SetMatrix.process(Operator, List)",org.apache.pdfbox.util.Matrix.clone(),2
"org.apache.pdfbox.contentstream.operator.state.SetMatrix.process(Operator, List)","org.apache.pdfbox.util.Matrix.<init>(float, float, float, float, float, float)",2
"org.apache.pdfbox.contentstream.PDFStreamEngine.processOperator(Operator, List)","org.apache.pdfbox.contentstream.operator.state.Restore.process(Operator, List)",2
"org.apache.pdfbox.contentstream.operator.state.Restore.process(Operator, List)",org.apache.pdfbox.contentstream.PDFStreamEngine.restoreGraphicsState(),2
"org.apache.pdfbox.contentstream.operator.state.Restore.process(Operator, List)",org.apache.pdfbox.contentstream.PDFStreamEngine.getGraphicsStackSize(),2
"org.apache.pdfbox.contentstream.PDFStreamEngine.processOperator(Operator, List)","org.apache.pdfbox.contentstream.operator.text.BeginText.process(Operator, List)",2
"org.apache.pdfbox.contentstream.operator.text.BeginText.process(Operator, List)",org.apache.pdfbox.util.Matrix.<init>(),5
org.apache.pdfbox.pdfparser.PDFStreamParser.parseNextToken(),org.apache.pdfbox.pdfparser.BaseParser.readString(),7
org.apache.pdfbox.pdfparser.BaseParser.readString(),org.apache.pdfbox.pdfparser.InputStreamSource.read(),50
org.apache.pdfbox.pdfparser.BaseParser.readString(),org.apache.pdfbox.pdfparser.InputStreamSource.unread(int),6
org.apache.pdfbox.examples.rendering.CustomGraphicsStreamEngine.main(String[]),org.apache.pdfbox.examples.rendering.CustomGraphicsStreamEngine.<init>(PDPage),1
org.apache.pdfbox.examples.rendering.CustomGraphicsStreamEngine.<init>(PDPage),org.apache.pdfbox.contentstream.PDFGraphicsStreamEngine.<init>(PDPage),21
org.apache.pdfbox.examples.rendering.CustomGraphicsStreamEngine.main(String[]),org.apache.pdfbox.pdmodel.PDDocument.getPage(int),1
org.apache.pdfbox.examples.pdmodel.ExtractMetadata.main(String[]),org.apache.pdfbox.pdmodel.PDDocument.load(File),3
org.apache.pdfbox.examples.rendering.CustomPageDrawer.main(String[]),org.apache.pdfbox.pdmodel.PDDocument.load(File),1
org.apache.pdfbox.examples.rendering.CustomPageDrawer.main(String[]),org.apache.pdfbox.rendering.PDFRenderer.renderImage(int),1
org.apache.pdfbox.rendering.PDFRenderer.renderImage(int),"org.apache.pdfbox.rendering.PDFRenderer.renderImage(int, float)",2
"org.apache.pdfbox.rendering.PDFRenderer.renderImage(int, float)","org.apache.pdfbox.rendering.PDFRenderer.renderImage(int, float, ImageType)",3
"org.apache.pdfbox.contentstream.operator.text.BeginText.process(Operator, List)",org.apache.pdfbox.rendering.PageDrawer.beginText(),1
org.apache.pdfbox.rendering.PageDrawer.beginText(),org.apache.pdfbox.rendering.PageDrawer.setClip(),1
org.apache.pdfbox.rendering.PageDrawer.setClip(),org.apache.pdfbox.contentstream.PDFStreamEngine.getGraphicsState(),1
org.apache.pdfbox.rendering.PageDrawer.beginText(),org.apache.pdfbox.rendering.PageDrawer.beginTextClip(),1
"org.apache.pdfbox.contentstream.operator.graphics.EndPath.process(Operator, List)",org.apache.pdfbox.rendering.PageDrawer.endPath(),1
org.apache.pdfbox.rendering.PageDrawer.endPath(),org.apache.pdfbox.pdmodel.graphics.state.PDGraphicsState.intersectClippingPath(GeneralPath),1
org.apache.pdfbox.rendering.PageDrawer.endPath(),org.apache.pdfbox.contentstream.PDFStreamEngine.getGraphicsState(),1
"org.apache.pdfbox.contentstream.operator.graphics.AppendRectangleToPath.process(Operator, List)","org.apache.pdfbox.rendering.PageDrawer.appendRectangle(Point2D, Point2D, Point2D, Point2D)",1
org.apache.pdfbox.examples.interactive.form.CreateSimpleForm.main(String[]),org.apache.pdfbox.pdmodel.PDDocument.<init>(),2
org.apache.pdfbox.examples.interactive.form.CreateSimpleForm.main(String[]),org.apache.pdfbox.pdmodel.PDDocument.addPage(PDPage),1
"org.apache.pdfbox.pdmodel.common.PDRectangle.<init>(float, float)","org.apache.pdfbox.pdmodel.common.PDRectangle.<init>(float, float, float, float)",20
org.apache.pdfbox.pdmodel.font.PDType1Font.<init>(String),org.apache.pdfbox.pdmodel.font.PDSimpleFont.<init>(String),6
org.apache.pdfbox.pdmodel.font.PDSimpleFont.<init>(String),org.apache.pdfbox.pdmodel.font.PDFont.<init>(String),6
org.apache.pdfbox.pdmodel.font.Standard14Fonts.addAFM(String),"org.apache.pdfbox.pdmodel.font.Standard14Fonts.addAFM(String, String)",3
org.apache.pdfbox.pdmodel.font.PDFont.<init>(String),"org.apache.pdfbox.cos.COSDictionary.setItem(COSName, COSBase)",3
org.apache.pdfbox.pdmodel.font.PDFont.<init>(String),org.apache.pdfbox.cos.COSDictionary.<init>(),3
org.apache.pdfbox.examples.interactive.form.CreateSimpleForm.main(String[]),org.apache.pdfbox.pdmodel.PDPage.<init>(PDRectangle),1
org.apache.pdfbox.examples.signature.CMSProcessableInputStream.<init>(InputStream),"org.apache.pdfbox.examples.signature.CMSProcessableInputStream.<init>(ASN1ObjectIdentifier, InputStream)",3
org.apache.pdfbox.examples.pdmodel.CreatePDFA.main(String[]),"org.apache.pdfbox.pdmodel.font.PDType0Font.load(PDDocument, File)",3
org.apache.pdfbox.examples.pdmodel.CreatePDFA.main(String[]),org.apache.pdfbox.pdmodel.PDDocument.close(),3
org.apache.pdfbox.examples.pdmodel.CreatePDFA.main(String[]),org.apache.pdfbox.pdmodel.PDDocument.<init>(),3
org.apache.pdfbox.examples.pdmodel.CreatePDFA.main(String[]),org.apache.pdfbox.pdmodel.PDDocument.addPage(PDPage),3
org.apache.pdfbox.examples.pdmodel.CreatePDFA.main(String[]),org.apache.pdfbox.pdmodel.PDPage.<init>(),3
org.apache.pdfbox.examples.pdmodel.CreateBlankPDF.main(String[]),org.apache.pdfbox.pdmodel.PDDocument.save(String),5
org.apache.pdfbox.examples.pdmodel.CreateBlankPDF.main(String[]),org.apache.pdfbox.pdmodel.PDDocument.close(),4
org.apache.pdfbox.examples.pdmodel.CreateBlankPDF.main(String[]),org.apache.pdfbox.pdmodel.PDDocument.<init>(),4
org.apache.pdfbox.examples.pdmodel.CreateBlankPDF.main(String[]),org.apache.pdfbox.pdmodel.PDDocument.addPage(PDPage),4
org.apache.pdfbox.examples.pdmodel.CreateBlankPDF.main(String[]),org.apache.pdfbox.pdmodel.PDPage.<init>(),4
org.apache.pdfbox.examples.pdmodel.CreateGradientShadingPDF.main(String[]),org.apache.pdfbox.examples.pdmodel.CreateGradientShadingPDF.create(String),5
org.apache.pdfbox.examples.pdmodel.CreateGradientShadingPDF.main(String[]),org.apache.pdfbox.examples.pdmodel.CreateGradientShadingPDF.<init>(),4
org.apache.pdfbox.examples.pdmodel.CreateBookmarks.main(String[]),org.apache.pdfbox.examples.pdmodel.CreateBookmarks.usage(),2
org.apache.pdfbox.examples.pdmodel.PrintURLs.main(String[]),org.apache.pdfbox.pdmodel.PDDocument.load(File),3
"org.apache.pdfbox.examples.signature.CreateSignature.<init>(KeyStore, char[])",org.apache.pdfbox.examples.signature.CreateSignatureBase.<init>(),2
"org.apache.pdfbox.examples.signature.CreateVisibleSignature.<init>(KeyStore, char[])",org.apache.pdfbox.pdmodel.interactive.digitalsignature.visible.PDVisibleSigProperties.<init>(),1
"org.apache.pdfbox.examples.signature.CreateVisibleSignature.<init>(KeyStore, char[])",org.apache.pdfbox.examples.signature.CreateSignatureBase.<init>(),1
org.apache.pdfbox.examples.printing.Printing.main(String[]),org.apache.pdfbox.pdmodel.PDDocument.load(File),3
org.apache.pdfbox.examples.util.RemoveAllText.main(String[]),org.apache.pdfbox.examples.util.RemoveAllText.usage(),2
org.apache.pdfbox.examples.pdmodel.AddAnnotations.main(String[]),org.apache.pdfbox.pdmodel.PDPage.getMediaBox(),2
org.apache.pdfbox.examples.pdmodel.AddAnnotations.main(String[]),org.apache.pdfbox.pdmodel.PDDocument.<init>(),1
org.apache.pdfbox.examples.pdmodel.AddAnnotations.main(String[]),org.apache.pdfbox.pdmodel.interactive.annotation.PDBorderStyleDictionary.setWidth(float),3
org.apache.pdfbox.pdmodel.interactive.annotation.PDBorderStyleDictionary.setWidth(float),"org.apache.pdfbox.cos.COSDictionary.setFloat(String, float)",6
"org.apache.pdfbox.cos.COSDictionary.setFloat(String, float)","org.apache.pdfbox.cos.COSDictionary.setFloat(COSName, float)",141
"org.apache.pdfbox.cos.COSDictionary.setFloat(String, float)",org.apache.pdfbox.cos.COSName.getPDFName(String),141
org.apache.pdfbox.examples.pdmodel.AddAnnotations.main(String[]),org.apache.pdfbox.pdmodel.PDDocument.close(),1
org.apache.pdfbox.examples.pdmodel.AddAnnotations.main(String[]),org.apache.pdfbox.pdmodel.PDDocument.addPage(PDPage),1
org.apache.pdfbox.examples.pdmodel.AddAnnotations.main(String[]),org.apache.pdfbox.pdmodel.interactive.annotation.PDBorderStyleDictionary.<init>(),3
org.apache.pdfbox.pdmodel.interactive.annotation.PDBorderStyleDictionary.<init>(),org.apache.pdfbox.cos.COSDictionary.<init>(),13
org.apache.pdfbox.examples.pdmodel.AddAnnotations.main(String[]),org.apache.pdfbox.pdmodel.PDPage.getAnnotations(),1
org.apache.pdfbox.pdmodel.PDPage.getAnnotations(),"org.apache.pdfbox.cos.COSDictionary.setItem(COSName, COSBase)",14
org.apache.pdfbox.pdmodel.PDPage.getAnnotations(),org.apache.pdfbox.cos.COSArray.<init>(),14
org.apache.pdfbox.pdmodel.PDPage.getAnnotations(),org.apache.pdfbox.cos.COSDictionary.getDictionaryObject(COSName),19
org.apache.pdfbox.pdmodel.PDPage.getAnnotations(),"org.apache.pdfbox.pdmodel.common.COSArrayList.<init>(List, COSArray)",19
org.apache.pdfbox.examples.pdmodel.AddAnnotations.main(String[]),org.apache.pdfbox.pdmodel.interactive.annotation.PDBorderStyleDictionary.setStyle(String),1
org.apache.pdfbox.pdmodel.interactive.annotation.PDBorderStyleDictionary.setStyle(String),"org.apache.pdfbox.cos.COSDictionary.setName(String, String)",2
"org.apache.pdfbox.cos.COSDictionary.setName(String, String)","org.apache.pdfbox.cos.COSDictionary.setName(COSName, String)",202
"org.apache.pdfbox.cos.COSDictionary.setName(String, String)",org.apache.pdfbox.cos.COSName.getPDFName(String),202
org.apache.pdfbox.examples.pdmodel.AddAnnotations.main(String[]),org.apache.pdfbox.pdmodel.PDPage.<init>(),1
org.apache.pdfbox.examples.pdmodel.AddAnnotations.main(String[]),org.apache.pdfbox.pdmodel.common.PDRectangle.getUpperRightX(),1
org.apache.pdfbox.examples.pdmodel.AddAnnotations.main(String[]),org.apache.pdfbox.pdmodel.common.PDRectangle.getUpperRightY(),1
org.apache.pdfbox.examples.pdmodel.AddAnnotations.main(String[]),"org.apache.pdfbox.pdmodel.graphics.color.PDColor.<init>(float[], PDColorSpace)",3
org.apache.pdfbox.examples.signature.ShowSignature.main(String[]),org.apache.pdfbox.examples.signature.ShowSignature.showSignature(String[]),6
org.apache.pdfbox.examples.signature.ShowSignature.showSignature(String[]),org.apache.pdfbox.examples.signature.ShowSignature.usage(),2
org.apache.pdfbox.examples.signature.ShowSignature.main(String[]),org.apache.pdfbox.examples.signature.ShowSignature.<init>(),6
org.apache.pdfbox.examples.pdmodel.HelloWorldTTF.main(String[]),org.apache.pdfbox.pdmodel.PDDocument.<init>(),3
org.apache.pdfbox.examples.pdmodel.HelloWorldTTF.main(String[]),org.apache.pdfbox.pdmodel.PDDocument.addPage(PDPage),3
org.apache.pdfbox.examples.pdmodel.HelloWorldTTF.main(String[]),"org.apache.pdfbox.pdmodel.font.PDType0Font.load(PDDocument, File)",3
org.apache.pdfbox.examples.pdmodel.HelloWorldTTF.main(String[]),org.apache.pdfbox.pdmodel.PDPage.<init>(),3
org.apache.pdfbox.examples.pdmodel.HelloWorldTTF.main(String[]),org.apache.pdfbox.pdmodel.PDDocument.close(),3
org.apache.pdfbox.examples.lucene.LucenePDFDocument.convertDocument(InputStream),"org.apache.pdfbox.examples.lucene.LucenePDFDocument.addContent(Document, InputStream, String)",2
"org.apache.pdfbox.examples.lucene.LucenePDFDocument.addContent(Document, InputStream, String)","org.apache.pdfbox.pdmodel.PDDocument.load(InputStream, String)",2
"org.apache.pdfbox.pdmodel.PDDocument.load(InputStream, String)","org.apache.pdfbox.pdmodel.PDDocument.load(InputStream, String, InputStream, String, MemoryUsageSetting)",3
"org.apache.pdfbox.pdmodel.PDDocument.load(InputStream, String, InputStream, String, MemoryUsageSetting)",org.apache.pdfbox.io.ScratchFile.createBuffer(InputStream),7
org.apache.pdfbox.io.ScratchFile.createBuffer(InputStream),org.apache.pdfbox.io.ScratchFileBuffer.<init>(ScratchFile),9
"org.apache.pdfbox.pdmodel.PDDocument.load(InputStream, String, InputStream, String, MemoryUsageSetting)",org.apache.pdfbox.io.ScratchFile.<init>(MemoryUsageSetting),10
"org.apache.pdfbox.pdmodel.PDDocument.load(InputStream, String)",org.apache.pdfbox.io.MemoryUsageSetting.setupMainMemoryOnly(),3
org.apache.pdfbox.examples.pdmodel.ExtractTTFFonts.main(String[]),org.apache.pdfbox.examples.pdmodel.ExtractTTFFonts.extractFonts(String[]),5
org.apache.pdfbox.examples.pdmodel.ExtractTTFFonts.extractFonts(String[]),"org.apache.pdfbox.pdmodel.PDDocument.load(File, String)",4
"org.apache.pdfbox.pdmodel.PDDocument.load(File, String)","org.apache.pdfbox.pdmodel.PDDocument.load(File, String, InputStream, String, MemoryUsageSetting)",28
"org.apache.pdfbox.pdmodel.PDDocument.load(File, String)",org.apache.pdfbox.io.MemoryUsageSetting.setupMainMemoryOnly(),23
org.apache.pdfbox.examples.pdmodel.ExtractTTFFonts.main(String[]),org.apache.pdfbox.examples.pdmodel.ExtractTTFFonts.<init>(),4
org.apache.pdfbox.examples.pdmodel.UsingTextMatrix.main(String[]),org.apache.pdfbox.examples.pdmodel.UsingTextMatrix.usage(),2
org.apache.pdfbox.examples.pdmodel.UsingTextMatrix.main(String[]),org.apache.pdfbox.examples.pdmodel.UsingTextMatrix.<init>(),5
org.apache.pdfbox.examples.pdmodel.RubberStampWithImage.doIt(String[]),org.apache.pdfbox.examples.pdmodel.RubberStampWithImage.usage(),2
org.apache.pdfbox.examples.pdmodel.AddMessageToEachPage.main(String[]),org.apache.pdfbox.examples.pdmodel.AddMessageToEachPage.usage(),2
org.apache.pdfbox.examples.pdmodel.AddMessageToEachPage.main(String[]),org.apache.pdfbox.examples.pdmodel.AddMessageToEachPage.<init>(),6
org.apache.pdfbox.examples.interactive.form.UpdateFieldOnDocumentOpen.main(String[]),org.apache.pdfbox.pdmodel.PDDocument.load(File),2
org.apache.pdfbox.examples.pdmodel.ReplaceURLs.main(String[]),org.apache.pdfbox.examples.pdmodel.ReplaceURLs.usage(),2
org.apache.pdfbox.examples.pdmodel.EmbeddedFiles.doIt(String),org.apache.pdfbox.pdmodel.PDDocument.<init>(),2
org.apache.pdfbox.examples.pdmodel.EmbeddedFiles.doIt(String),org.apache.pdfbox.pdmodel.PDDocument.close(),2
org.apache.pdfbox.examples.pdmodel.EmbeddedFiles.doIt(String),org.apache.pdfbox.pdmodel.PDDocument.addPage(PDPage),2
org.apache.pdfbox.examples.pdmodel.EmbeddedFiles.doIt(String),org.apache.pdfbox.pdmodel.PDPage.<init>(),2
org.apache.pdfbox.examples.interactive.form.SetField.main(String[]),org.apache.pdfbox.examples.interactive.form.SetField.setField(String[]),5
org.apache.pdfbox.examples.interactive.form.SetField.setField(String[]),org.apache.pdfbox.examples.interactive.form.SetField.usage(),2
org.apache.pdfbox.examples.interactive.form.SetField.main(String[]),org.apache.pdfbox.examples.interactive.form.SetField.<init>(),5
org.apache.pdfbox.examples.pdmodel.HelloWorld.main(String[]),org.apache.pdfbox.pdmodel.PDDocument.<init>(),5
org.apache.pdfbox.examples.pdmodel.HelloWorld.main(String[]),org.apache.pdfbox.pdmodel.PDDocument.addPage(PDPage),5
org.apache.pdfbox.examples.pdmodel.HelloWorld.main(String[]),org.apache.pdfbox.pdmodel.PDPage.<init>(),5
org.apache.pdfbox.examples.pdmodel.HelloWorld.main(String[]),org.apache.pdfbox.pdmodel.PDDocument.close(),5
org.apache.pdfbox.examples.pdmodel.RemoveFirstPage.main(String[]),org.apache.pdfbox.examples.pdmodel.RemoveFirstPage.usage(),2
org.apache.pdfbox.examples.interactive.form.PrintFields.main(String[]),org.apache.pdfbox.pdmodel.PDDocument.load(File),3
org.apache.pdfbox.examples.util.PrintImageLocations.<init>(),org.apache.pdfbox.contentstream.PDFStreamEngine.<init>(),3
org.apache.pdfbox.examples.util.PrintImageLocations.<init>(),org.apache.pdfbox.contentstream.PDFStreamEngine.addOperator(OperatorProcessor),18
org.apache.pdfbox.examples.util.PrintImageLocations.<init>(),org.apache.pdfbox.contentstream.operator.DrawObject.<init>(),3
org.apache.pdfbox.contentstream.operator.DrawObject.<init>(),org.apache.pdfbox.contentstream.operator.OperatorProcessor.<init>(),30
org.apache.pdfbox.examples.util.PrintImageLocations.<init>(),org.apache.pdfbox.contentstream.operator.state.Concatenate.<init>(),3
org.apache.pdfbox.examples.util.PrintImageLocations.<init>(),org.apache.pdfbox.contentstream.operator.state.Restore.<init>(),3
org.apache.pdfbox.examples.util.PrintImageLocations.<init>(),org.apache.pdfbox.contentstream.operator.state.Save.<init>(),3
org.apache.pdfbox.examples.util.PrintImageLocations.<init>(),org.apache.pdfbox.contentstream.operator.state.SetGraphicsStateParameters.<init>(),3
org.apache.pdfbox.examples.util.PrintImageLocations.<init>(),org.apache.pdfbox.contentstream.operator.state.SetMatrix.<init>(),3
org.apache.pdfbox.examples.pdmodel.AddJavascript.main(String[]),org.apache.pdfbox.examples.pdmodel.AddJavascript.usage(),2
org.apache.pdfbox.examples.pdmodel.RubberStamp.main(String[]),org.apache.pdfbox.examples.pdmodel.RubberStamp.usage(),2
org.apache.pdfbox.examples.pdmodel.AddMetadataFromDocInfo.main(String[]),org.apache.pdfbox.examples.pdmodel.AddMetadataFromDocInfo.usage(),2
org.apache.pdfbox.examples.pdmodel.AddImageToPDF.main(String[]),org.apache.pdfbox.examples.pdmodel.AddImageToPDF.usage(),2
org.apache.pdfbox.examples.pdmodel.AddImageToPDF.main(String[]),org.apache.pdfbox.examples.pdmodel.AddImageToPDF.<init>(),6
org.apache.pdfbox.examples.pdmodel.GoToSecondBookmarkOnOpen.main(String[]),org.apache.pdfbox.examples.pdmodel.GoToSecondBookmarkOnOpen.usage(),2
org.apache.pdfbox.examples.interactive.form.AddBorderToField.main(String[]),org.apache.pdfbox.pdmodel.PDDocument.load(File),2
org.apache.pdfbox.examples.pdmodel.CreateLandscapePDF.main(String[]),org.apache.pdfbox.examples.pdmodel.CreateLandscapePDF.usage(),2
org.apache.pdfbox.examples.pdmodel.CreateLandscapePDF.main(String[]),org.apache.pdfbox.examples.pdmodel.CreateLandscapePDF.<init>(),6
org.apache.pdfbox.examples.pdmodel.CreateGradientShadingPDF.main(String[]),org.apache.pdfbox.examples.pdmodel.CreateGradientShadingPDF.usage(),2
org.apache.pdfbox.examples.pdmodel.CreateLandscapePDF.main(String[]),"org.apache.pdfbox.examples.pdmodel.CreateLandscapePDF.doIt(String, String)",3
"org.apache.pdfbox.examples.pdmodel.CreateLandscapePDF.doIt(String, String)",org.apache.pdfbox.pdmodel.PDDocument.<init>(),8
"org.apache.pdfbox.examples.pdmodel.CreateLandscapePDF.doIt(String, String)",org.apache.pdfbox.pdmodel.PDDocument.close(),8
org.apache.pdfbox.examples.rendering.CustomGraphicsStreamEngine.showTextStrings(COSArray),org.apache.pdfbox.contentstream.PDFStreamEngine.showTextStrings(COSArray),1
org.apache.pdfbox.contentstream.PDFStreamEngine.showTextStrings(COSArray),org.apache.pdfbox.contentstream.PDFStreamEngine.getGraphicsState(),1
org.apache.pdfbox.examples.pdmodel.HelloWorldType1.main(String[]),org.apache.pdfbox.pdmodel.PDDocument.<init>(),2
org.apache.pdfbox.examples.pdmodel.HelloWorldType1.main(String[]),org.apache.pdfbox.pdmodel.PDDocument.close(),2
org.apache.pdfbox.examples.pdmodel.HelloWorldType1.main(String[]),org.apache.pdfbox.pdmodel.PDDocument.addPage(PDPage),2
org.apache.pdfbox.examples.pdmodel.HelloWorldType1.main(String[]),org.apache.pdfbox.pdmodel.PDPage.<init>(),2
org.apache.pdfbox.examples.pdmodel.GoToSecondBookmarkOnOpen.main(String[]),org.apache.pdfbox.pdmodel.PDDocument.load(File),2
org.apache.pdfbox.examples.rendering.CustomGraphicsStreamEngine.showTextString(byte[]),org.apache.pdfbox.contentstream.PDFStreamEngine.showTextString(byte[]),1
org.apache.pdfbox.contentstream.PDFStreamEngine.showTextString(byte[]),org.apache.pdfbox.contentstream.PDFStreamEngine.showText(byte[]),1
org.apache.pdfbox.contentstream.PDFStreamEngine.showText(byte[]),org.apache.pdfbox.contentstream.PDFStreamEngine.getGraphicsState(),1
org.apache.pdfbox.examples.pdmodel.UsingTextMatrix.main(String[]),"org.apache.pdfbox.examples.pdmodel.UsingTextMatrix.doIt(String, String)",2
"org.apache.pdfbox.examples.pdmodel.UsingTextMatrix.doIt(String, String)",org.apache.pdfbox.pdmodel.PDDocument.<init>(),4
"org.apache.pdfbox.examples.pdmodel.UsingTextMatrix.doIt(String, String)",org.apache.pdfbox.pdmodel.PDDocument.close(),4
org.apache.pdfbox.examples.signature.CreateSignature.main(String[]),org.apache.pdfbox.examples.signature.CreateSignature.usage(),1
org.apache.pdfbox.examples.pdmodel.EmbeddedFiles.main(String[]),org.apache.pdfbox.examples.pdmodel.EmbeddedFiles.doIt(String),1
org.apache.pdfbox.examples.pdmodel.EmbeddedFiles.main(String[]),org.apache.pdfbox.examples.pdmodel.EmbeddedFiles.<init>(),3
org.apache.pdfbox.examples.pdmodel.RubberStampWithImage.doIt(String[]),org.apache.pdfbox.pdmodel.PDDocument.load(File),4
org.apache.pdfbox.examples.signature.ShowSignature.showSignature(String[]),"org.apache.pdfbox.pdmodel.PDDocument.load(File, String)",2
"org.apache.pdfbox.examples.rendering.CustomGraphicsStreamEngine.showGlyph(Matrix, PDFont, int, String, Vector)","org.apache.pdfbox.contentstream.PDFStreamEngine.showGlyph(Matrix, PDFont, int, String, Vector)",1
org.apache.pdfbox.examples.util.RemoveAllText.main(String[]),org.apache.pdfbox.pdmodel.PDDocument.load(File),2
org.apache.pdfbox.examples.pdmodel.SuperimposePage.main(String[]),org.apache.pdfbox.pdmodel.PDDocument.load(File),2
org.apache.pdfbox.examples.pdmodel.AddMetadataFromDocInfo.main(String[]),org.apache.pdfbox.pdmodel.PDDocument.load(File),2
"org.apache.pdfbox.examples.pdmodel.AddMessageToEachPage.doIt(String, String, String)",org.apache.pdfbox.pdmodel.PDDocument.load(File),4
org.apache.pdfbox.examples.pdmodel.RubberStampWithImage.main(String[]),org.apache.pdfbox.examples.pdmodel.RubberStampWithImage.doIt(String[]),5
org.apache.pdfbox.examples.pdmodel.RubberStampWithImage.main(String[]),org.apache.pdfbox.examples.pdmodel.RubberStampWithImage.<init>(),5
org.apache.pdfbox.examples.pdmodel.ExtractEmbeddedFiles.main(String[]),org.apache.pdfbox.pdmodel.PDDocument.load(File),2
org.apache.pdfbox.examples.util.PrintImageLocations.main(String[]),org.apache.pdfbox.pdmodel.PDDocument.load(File),2
"org.apache.pdfbox.examples.pdmodel.AddImageToPDF.createPDFFromImage(String, String, String)",org.apache.pdfbox.pdmodel.PDDocument.load(File),4
org.apache.pdfbox.examples.pdmodel.RemoveFirstPage.main(String[]),org.apache.pdfbox.pdmodel.PDDocument.load(File),2
org.apache.pdfbox.examples.lucene.LucenePDFDocument.getDocument(InputStream),org.apache.pdfbox.examples.lucene.LucenePDFDocument.convertDocument(InputStream),1
org.apache.pdfbox.examples.lucene.LucenePDFDocument.getDocument(InputStream),org.apache.pdfbox.examples.lucene.LucenePDFDocument.<init>(),1
org.apache.pdfbox.examples.pdmodel.PrintDocumentMetaData.main(String[]),org.apache.pdfbox.examples.pdmodel.PrintDocumentMetaData.usage(),1
org.apache.pdfbox.examples.pdmodel.AddJavascript.main(String[]),org.apache.pdfbox.pdmodel.PDDocument.load(File),2
org.apache.pdfbox.examples.pdmodel.PrintBookmarks.main(String[]),org.apache.pdfbox.pdmodel.PDDocument.load(File),2
org.apache.pdfbox.examples.pdmodel.PrintBookmarks.main(String[]),org.apache.pdfbox.examples.pdmodel.PrintBookmarks.usage(),1
org.apache.pdfbox.examples.interactive.form.SetField.setField(String[]),org.apache.pdfbox.pdmodel.PDDocument.load(File),2
org.apache.pdfbox.examples.interactive.form.SetField.setField(String[]),org.apache.pdfbox.examples.interactive.form.SetField.<init>(),3
org.apache.pdfbox.examples.pdmodel.PrintURLs.main(String[]),org.apache.pdfbox.examples.pdmodel.PrintURLs.usage(),1
org.apache.pdfbox.examples.pdmodel.EmbeddedFiles.main(String[]),org.apache.pdfbox.examples.pdmodel.EmbeddedFiles.usage(),1
org.apache.pdfbox.examples.util.ExtractTextByArea.main(String[]),org.apache.pdfbox.examples.util.ExtractTextByArea.usage(),1
org.apache.pdfbox.examples.pdmodel.AddImageToPDF.main(String[]),"org.apache.pdfbox.examples.pdmodel.AddImageToPDF.createPDFFromImage(String, String, String)",3
org.apache.pdfbox.examples.pdmodel.ReplaceURLs.main(String[]),org.apache.pdfbox.pdmodel.PDDocument.load(File),2
org.apache.pdfbox.examples.pdmodel.CreateBookmarks.main(String[]),org.apache.pdfbox.pdmodel.PDDocument.load(File),2
org.apache.pdfbox.examples.util.ExtractTextByArea.main(String[]),org.apache.pdfbox.pdmodel.PDDocument.load(File),2
org.apache.pdfbox.examples.pdmodel.RubberStamp.main(String[]),org.apache.pdfbox.pdmodel.PDDocument.load(File),2
org.apache.pdfbox.examples.pdmodel.AddMessageToEachPage.main(String[]),"org.apache.pdfbox.examples.pdmodel.AddMessageToEachPage.doIt(String, String, String)",3
org.apache.pdfbox.examples.interactive.form.PrintFields.main(String[]),org.apache.pdfbox.examples.interactive.form.PrintFields.usage(),1
org.apache.pdfbox.examples.pdmodel.PrintDocumentMetaData.main(String[]),org.apache.pdfbox.pdmodel.PDDocument.load(File),2
org.apache.pdfbox.examples.util.PrintImageLocations.main(String[]),org.apache.pdfbox.examples.util.PrintImageLocations.usage(),1
"org.apache.pdfbox.contentstream.PDFStreamEngine.processOperator(String, List)",org.apache.pdfbox.contentstream.operator.Operator.getOperator(String),2
"org.apache.pdfbox.contentstream.PDFStreamEngine.processOperator(String, List)","org.apache.pdfbox.examples.util.PrintImageLocations.processOperator(Operator, List)",2
"org.apache.pdfbox.examples.util.PrintImageLocations.processOperator(Operator, List)","org.apache.pdfbox.contentstream.PDFStreamEngine.processOperator(Operator, List)",1
org.apache.pdfbox.examples.lucene.LucenePDFDocument.getDocument(File),org.apache.pdfbox.examples.lucene.LucenePDFDocument.convertDocument(File),1
org.apache.pdfbox.examples.lucene.LucenePDFDocument.getDocument(File),org.apache.pdfbox.examples.lucene.LucenePDFDocument.<init>(),1
org.apache.pdfbox.examples.lucene.LucenePDFDocument.getDocument(URL),org.apache.pdfbox.examples.lucene.LucenePDFDocument.convertDocument(URL),1
org.apache.pdfbox.examples.lucene.LucenePDFDocument.getDocument(URL),org.apache.pdfbox.examples.lucene.LucenePDFDocument.<init>(),1
org.apache.fontbox.util.autodetect.FontFileFinder.find(),org.apache.fontbox.util.autodetect.WindowsFontDirFinder.find(),6
org.apache.fontbox.util.autodetect.WindowsFontDirFinder.find(),org.apache.fontbox.util.autodetect.WindowsFontDirFinder.getWinDir(String),7
org.apache.fontbox.util.autodetect.FontFileFinder.find(),"org.apache.fontbox.util.autodetect.FontFileFinder.walk(File, List)",6
"org.apache.fontbox.util.autodetect.FontFileFinder.walk(File, List)",org.apache.fontbox.util.autodetect.FontFileFinder.checkFontfile(File),3342
org.apache.fontbox.util.autodetect.FontFileFinder.find(),org.apache.fontbox.util.autodetect.FontFileFinder.determineDirFinder(),5
org.apache.fontbox.util.autodetect.FontFileFinder.determineDirFinder(),org.apache.fontbox.util.autodetect.WindowsFontDirFinder.<init>(),5
"org.apache.fontbox.cff.CFFParser.parse(byte[], CFFParser$ByteSource)",org.apache.fontbox.cff.CFFParser.parse(byte[]),3
org.apache.fontbox.cff.CFFParser.parse(byte[]),org.apache.fontbox.cff.CFFParser.readStringIndexData(CFFDataInput),6
org.apache.fontbox.cff.CFFParser.readStringIndexData(CFFDataInput),org.apache.fontbox.cff.CFFParser.readIndexDataOffsets(CFFDataInput),6
org.apache.fontbox.cff.CFFParser.readIndexDataOffsets(CFFDataInput),org.apache.fontbox.cff.CFFDataInput.readOffset(int),48377
org.apache.fontbox.cff.CFFParser.readIndexDataOffsets(CFFDataInput),org.apache.fontbox.cff.DataInput.length(),48377
org.apache.fontbox.cff.CFFParser.readIndexDataOffsets(CFFDataInput),org.apache.fontbox.cff.CFFDataInput.readCard16(),11
org.apache.fontbox.cff.CFFDataInput.readCard16(),org.apache.fontbox.cff.DataInput.readUnsignedShort(),14
org.apache.fontbox.cff.CFFParser.readIndexDataOffsets(CFFDataInput),org.apache.fontbox.cff.CFFDataInput.readOffSize(),5
org.apache.fontbox.cff.CFFDataInput.readOffSize(),org.apache.fontbox.cff.DataInput.readUnsignedByte(),13
org.apache.fontbox.cff.CFFParser.readStringIndexData(CFFDataInput),org.apache.fontbox.cff.DataInput.readBytes(int),48374
org.apache.fontbox.cff.CFFParser.parse(byte[]),org.apache.fontbox.cff.CFFParser.readTagName(CFFDataInput),8
org.apache.fontbox.cff.CFFParser.readTagName(CFFDataInput),org.apache.fontbox.cff.DataInput.readBytes(int),8
org.apache.fontbox.cff.CFFParser.parse(byte[]),org.apache.fontbox.cff.CFFParser.readIndexData(CFFDataInput),5
org.apache.fontbox.cff.CFFParser.readIndexData(CFFDataInput),org.apache.fontbox.cff.CFFParser.readIndexDataOffsets(CFFDataInput),5
org.apache.fontbox.cff.CFFParser.parse(byte[]),org.apache.fontbox.cff.CFFParser.readHeader(CFFDataInput),5
org.apache.fontbox.cff.CFFParser.readHeader(CFFDataInput),org.apache.fontbox.cff.CFFDataInput.readCard8(),15
org.apache.fontbox.cff.CFFDataInput.readCard8(),org.apache.fontbox.cff.DataInput.readUnsignedByte(),18
org.apache.fontbox.cff.CFFParser.readHeader(CFFDataInput),org.apache.fontbox.cff.CFFDataInput.readOffSize(),5
org.apache.fontbox.cff.CFFParser.parse(byte[]),org.apache.fontbox.cff.CFFDataInput.<init>(byte[]),8
org.apache.fontbox.cff.CFFDataInput.<init>(byte[]),org.apache.fontbox.cff.DataInput.<init>(byte[]),23
org.apache.fontbox.cmap.CMapParser.parse(InputStream),org.apache.fontbox.cmap.CMapParser.parseNextToken(PushbackInputStream),44
org.apache.fontbox.cmap.CMapParser.parseNextToken(PushbackInputStream),org.apache.fontbox.cmap.CMapParser.isDelimiter(int),732
org.apache.fontbox.cmap.CMapParser.parse(InputStream),org.apache.fontbox.cmap.CMap.<init>(),8
org.apache.fontbox.ttf.TrueTypeFont.nameToGID(String),org.apache.fontbox.ttf.TrueTypeFont.readPostScriptNames(),5
org.apache.fontbox.ttf.TrueTypeFont.readPostScriptNames(),org.apache.fontbox.ttf.TrueTypeFont.getPostScript(),5
org.apache.fontbox.encoding.BuiltInEncoding.<init>(Map),"org.apache.fontbox.encoding.Encoding.addCharacterEncoding(int, String)",1783
org.apache.fontbox.encoding.BuiltInEncoding.<init>(Map),org.apache.fontbox.encoding.Encoding.<init>(),11
org.apache.fontbox.encoding.MacRomanEncoding.<init>(),"org.apache.fontbox.encoding.Encoding.addCharacterEncoding(int, String)",3519
org.apache.fontbox.encoding.MacRomanEncoding.<init>(),org.apache.fontbox.encoding.Encoding.<init>(),17
org.apache.fontbox.encoding.StandardEncoding.<init>(),"org.apache.fontbox.encoding.Encoding.addCharacterEncoding(int, String)",1788
org.apache.fontbox.encoding.StandardEncoding.<init>(),org.apache.fontbox.encoding.Encoding.<init>(),12
"org.apache.fontbox.cff.Type1FontUtil.charstringEncrypt(byte[], int)","org.apache.fontbox.cff.Type1FontUtil.encrypt(byte[], int, int)",14
org.apache.fontbox.cff.Type1FontUtil.eexecEncrypt(byte[]),"org.apache.fontbox.cff.Type1FontUtil.encrypt(byte[], int, int)",8
"org.apache.fontbox.cff.Type1FontUtil.charstringDecrypt(byte[], int)","org.apache.fontbox.cff.Type1FontUtil.decrypt(byte[], int, int)",7
"org.apache.fontbox.cff.Type1CharStringParser.parse(byte[], List)","org.apache.fontbox.cff.Type1CharStringParser.parse(byte[], List, List)",17
"org.apache.fontbox.cff.Type1CharStringParser.parse(byte[], List, List)","org.apache.fontbox.cff.Type1CharStringParser.readCommand(DataInput, int)",58
"org.apache.fontbox.cff.Type1CharStringParser.readCommand(DataInput, int)",org.apache.fontbox.cff.CharStringCommand.<init>(int),57
"org.apache.fontbox.cff.Type1CharStringParser.parse(byte[], List, List)","org.apache.fontbox.cff.Type1CharStringParser.readNumber(DataInput, int)",10
"org.apache.fontbox.cff.Type1CharStringParser.readNumber(DataInput, int)",org.apache.fontbox.cff.DataInput.readUnsignedByte(),5
"org.apache.fontbox.cff.Type1CharStringParser.parse(byte[], List, List)",org.apache.fontbox.cff.DataInput.readUnsignedByte(),72
"org.apache.fontbox.cff.Type1CharStringParser.parse(byte[], List, List)",org.apache.fontbox.cff.DataInput.hasRemaining(),86
"org.apache.fontbox.cff.Type1CharStringParser.parse(byte[], List, List)",org.apache.fontbox.cff.DataInput.<init>(byte[]),17
"org.apache.fontbox.type1.Type1Parser.parse(byte[], byte[])",org.apache.fontbox.type1.Type1Parser.parseASCII(byte[]),10
org.apache.fontbox.type1.Type1Parser.parseASCII(byte[]),org.apache.fontbox.type1.Type1Lexer.<init>(byte[]),3
org.apache.fontbox.type1.Type1Lexer.<init>(byte[]),org.apache.fontbox.type1.Type1Lexer.readToken(Token),24
org.apache.fontbox.type1.Type1Lexer.readToken(Token),org.apache.fontbox.type1.Type1Lexer.readRegular(),26
org.apache.fontbox.type1.Type1Lexer.readRegular(),org.apache.fontbox.type1.Type1Lexer.getChar(),111
org.apache.fontbox.type1.Type1Lexer.readToken(Token),org.apache.fontbox.type1.Type1Lexer.tryReadNumber(),28
org.apache.fontbox.type1.Type1Lexer.tryReadNumber(),org.apache.fontbox.type1.Type1Lexer.getChar(),36
org.apache.fontbox.type1.Type1Lexer.readToken(Token),org.apache.fontbox.type1.Type1Lexer.getChar(),53
org.apache.fontbox.type1.Type1Lexer.readToken(Token),"org.apache.fontbox.type1.Token.<init>(String, Token$Kind)",23
org.apache.fontbox.type1.Type1Parser.parseASCII(byte[]),org.apache.fontbox.type1.Type1Parser.read(Token$Kind),2
org.apache.fontbox.type1.Type1Parser.read(Token$Kind),org.apache.fontbox.type1.Type1Lexer.nextToken(),2
org.apache.fontbox.type1.Type1Lexer.nextToken(),org.apache.fontbox.type1.Type1Lexer.readToken(Token),33
org.apache.fontbox.type1.Type1Lexer.readToken(Token),org.apache.fontbox.type1.DamagedFontException.<init>(String),3
"org.apache.fontbox.type1.Type1Parser.parse(byte[], byte[])","org.apache.fontbox.type1.Type1Font.<init>(byte[], byte[])",10
org.apache.fontbox.afm.AFMParser.parse(boolean),org.apache.fontbox.afm.AFMParser.parseFontMetric(boolean),1
org.apache.fontbox.afm.AFMParser.parseFontMetric(boolean),org.apache.fontbox.afm.FontMetrics.<init>(),2
org.apache.fontbox.afm.AFMParser.parseFontMetric(boolean),org.apache.fontbox.afm.AFMParser.readString(),2
"org.apache.fontbox.cff.CIDKeyedType2CharString.<init>(Type1CharStringReader, String, int, int, List, int, int)","org.apache.fontbox.cff.Type2CharString.<init>(Type1CharStringReader, String, String, int, List, int, int)",1
"org.apache.fontbox.cff.Type2CharString.<init>(Type1CharStringReader, String, String, int, List, int, int)","org.apache.fontbox.cff.Type1CharString.<init>(Type1CharStringReader, String, String)",5
"org.apache.fontbox.cff.Type2CharString.<init>(Type1CharStringReader, String, String, int, List, int, int)",org.apache.fontbox.cff.Type2CharString.convertType1ToType2(List),5
org.apache.fontbox.cff.Type2CharString.convertType1ToType2(List),org.apache.fontbox.cff.CharStringHandler.handleSequence(List),5
org.apache.fontbox.cff.CFFISOAdobeCharset.<init>(),org.apache.fontbox.cff.CFFCharset.<init>(boolean),1
org.apache.fontbox.ttf.TrueTypeCollection.<init>(File),"org.apache.fontbox.ttf.RAFDataStream.<init>(File, String)",1
org.apache.fontbox.cff.CFFCIDFont.<init>(),org.apache.fontbox.cff.CFFFont.<init>(),37
org.apache.fontbox.ttf.TTFSubsetter.<init>(TrueTypeFont),"org.apache.fontbox.ttf.TTFSubsetter.<init>(TrueTypeFont, List)",1
org.apache.fontbox.cmap.CMapParser.parsePredefined(String),org.apache.fontbox.cmap.CMapParser.parse(InputStream),2
org.apache.fontbox.type1.Type1Lexer.readToken(Token),"org.apache.fontbox.type1.Token.<init>(char, Token$Kind)",4
"org.apache.fontbox.cff.CFFEncoding.add(int, int)","org.apache.fontbox.encoding.Encoding.addCharacterEncoding(int, String)",513
org.apache.fontbox.cff.CFFExpertEncoding.<init>(),org.apache.fontbox.cff.CFFEncoding.<init>(),1
org.apache.fontbox.cff.CFFEncoding.<init>(),org.apache.fontbox.encoding.Encoding.<init>(),2
"org.apache.fontbox.cff.CFFOperator.register(CFFOperator$Key, String)","org.apache.fontbox.cff.CFFOperator.<init>(CFFOperator$Key, String)",52
org.apache.fontbox.cff.Type1CharString.getPath(),org.apache.fontbox.cff.Type1CharString.render(),1
org.apache.fontbox.cff.Type1CharString.render(),org.apache.fontbox.cff.CharStringHandler.handleSequence(List),3
"org.apache.fontbox.ttf.GlyfSimpleDescript.<init>(short, TTFDataStream, short)","org.apache.fontbox.ttf.GlyfDescript.<init>(short, TTFDataStream)",14
org.apache.fontbox.ttf.TTCDataStream.<init>(TTFDataStream),org.apache.fontbox.ttf.TTFDataStream.<init>(),43
"org.apache.fontbox.ttf.GlyfDescript.readInstructions(TTFDataStream, int)",org.apache.fontbox.ttf.TTFDataStream.readUnsignedByteArray(int),2
org.apache.fontbox.cff.CFFType1Font.<init>(),org.apache.fontbox.cff.CFFFont.<init>(),21
org.apache.fontbox.util.autodetect.UnixFontDirFinder.<init>(),org.apache.fontbox.util.autodetect.NativeFontDirFinder.<init>(),3
org.apache.fontbox.cff.CFFExpertCharset.<init>(),org.apache.fontbox.cff.CFFCharset.<init>(boolean),1
org.apache.fontbox.ttf.GlyphRenderer.getPath(),org.apache.fontbox.ttf.GlyphRenderer.describe(GlyphDescription),2
org.apache.fontbox.type1.Type1Lexer.tryReadNumber(),"org.apache.fontbox.type1.Token.<init>(String, Token$Kind)",2
org.apache.fontbox.cff.CFFType1Font.getType2CharString(int),"org.apache.fontbox.cff.CFFType1Font.getType2CharString(int, String)",7
"org.apache.fontbox.cff.CFFType1Font.getType2CharString(int, String)","org.apache.fontbox.cff.Type2CharStringParser.parse(byte[], byte[][], byte[][])",3
"org.apache.fontbox.cff.Type2CharStringParser.parse(byte[], byte[][], byte[][])","org.apache.fontbox.cff.Type2CharStringParser.parse(byte[], byte[][], byte[][], boolean)",31
"org.apache.fontbox.cff.Type2CharStringParser.parse(byte[], byte[][], byte[][], boolean)","org.apache.fontbox.cff.Type2CharStringParser.readNumber(int, DataInput)",63
"org.apache.fontbox.cff.Type2CharStringParser.readNumber(int, DataInput)",org.apache.fontbox.cff.DataInput.readUnsignedByte(),11
"org.apache.fontbox.cff.Type2CharStringParser.readNumber(int, DataInput)",org.apache.fontbox.cff.DataInput.readShort(),6
org.apache.fontbox.cff.DataInput.readShort(),org.apache.fontbox.cff.DataInput.readUnsignedShort(),11
"org.apache.fontbox.cff.Type2CharStringParser.parse(byte[], byte[][], byte[][], boolean)","org.apache.fontbox.cff.Type2CharStringParser.readCommand(int, DataInput)",94
"org.apache.fontbox.cff.Type2CharStringParser.readCommand(int, DataInput)",org.apache.fontbox.cff.CharStringCommand.<init>(int),86
"org.apache.fontbox.cff.Type2CharStringParser.parse(byte[], byte[][], byte[][], boolean)",org.apache.fontbox.cff.DataInput.hasRemaining(),196
"org.apache.fontbox.cff.Type2CharStringParser.parse(byte[], byte[][], byte[][], boolean)",org.apache.fontbox.cff.DataInput.readUnsignedByte(),169
"org.apache.fontbox.cff.Type2CharStringParser.parse(byte[], byte[][], byte[][], boolean)",org.apache.fontbox.cff.DataInput.<init>(byte[]),33
"org.apache.fontbox.cff.CFFType1Font.getType2CharString(int, String)","org.apache.fontbox.cff.Type2CharStringParser.<init>(String, String)",3
"org.apache.fontbox.cff.CFFType1Font.getType2CharString(int, String)",org.apache.fontbox.cff.CFFType1Font.getLocalSubrIndex(),3
org.apache.fontbox.cff.DataOutput.println(String),org.apache.fontbox.cff.DataOutput.write(byte[]),1
org.apache.fontbox.cff.DataOutput.println(String),org.apache.fontbox.cff.DataOutput.write(int),1
org.apache.fontbox.cff.DataOutput.<init>(),org.apache.fontbox.cff.DataOutput.<init>(String),6
org.apache.fontbox.cff.CFFStandardEncoding.<init>(),org.apache.fontbox.cff.CFFEncoding.<init>(),1
org.apache.fontbox.cff.CFFExpertSubsetCharset.<init>(),org.apache.fontbox.cff.CFFCharset.<init>(boolean),1
org.apache.fontbox.ttf.OTLTable.<init>(TrueTypeFont),org.apache.fontbox.ttf.TTFTable.<init>(TrueTypeFont),6
org.apache.fontbox.pfb.PfbParser.<init>(byte[]),org.apache.fontbox.pfb.PfbParser.parsePfb(byte[]),8
org.apache.fontbox.cmap.CodespaceRange.setEnd(byte[]),"org.apache.fontbox.cmap.CodespaceRange.toInt(byte[], int)",3
"org.apache.fontbox.cmap.CodespaceRange.isFullMatch(byte[], int)","org.apache.fontbox.cmap.CodespaceRange.toInt(byte[], int)",4
org.apache.fontbox.type1.Type1Font.getFontBBox(),org.apache.fontbox.util.BoundingBox.<init>(List),1
org.apache.fontbox.type1.Type1Lexer.readToken(Token),org.apache.fontbox.type1.Type1Lexer.readComment(),3
org.apache.fontbox.type1.Type1Lexer.readComment(),org.apache.fontbox.type1.Type1Lexer.getChar(),14
org.apache.fontbox.ttf.OTFParser.parse(String),org.apache.fontbox.ttf.TTFParser.parse(String),3
org.apache.fontbox.ttf.OTFParser.<init>(boolean),"org.apache.fontbox.ttf.OTFParser.<init>(boolean, boolean)",4
"org.apache.fontbox.ttf.OTFParser.<init>(boolean, boolean)","org.apache.fontbox.ttf.TTFParser.<init>(boolean, boolean)",5
org.apache.fontbox.ttf.OpenTypeFont.<init>(TTFDataStream),org.apache.fontbox.ttf.TrueTypeFont.<init>(TTFDataStream),21
org.apache.fontbox.util.autodetect.MacFontDirFinder.<init>(),org.apache.fontbox.util.autodetect.NativeFontDirFinder.<init>(),2
org.apache.fontbox.ttf.DigitalSignatureTable.<init>(TrueTypeFont),org.apache.fontbox.ttf.TTFTable.<init>(TrueTypeFont),1
"org.apache.fontbox.ttf.TTFDataStream.readString(int, String)",org.apache.fontbox.ttf.TTFDataStream.read(int),4
org.apache.fontbox.ttf.MemoryTTFDataStream.<init>(InputStream),org.apache.fontbox.ttf.TTFDataStream.<init>(),8
org.apache.fontbox.ttf.TTFDataStream.readUnsignedByteArray(int),org.apache.fontbox.ttf.MemoryTTFDataStream.read(),88
"org.apache.fontbox.cff.Type1CharStringParser.readNumber(DataInput, int)",org.apache.fontbox.cff.DataInput.readInt(),2
"org.apache.fontbox.cff.Type1CharStringParser.parse(byte[], List, List)",org.apache.fontbox.cff.DataInput.peekUnsignedByte(int),2
org.apache.fontbox.util.autodetect.NativeFontDirFinder.find(),org.apache.fontbox.util.autodetect.MacFontDirFinder.getSearchableDirectories(),1
"org.apache.fontbox.cff.Type2CharStringParser.readCommand(int, DataInput)",org.apache.fontbox.cff.Type2CharStringParser.peekNumbers(),15
"org.apache.fontbox.cff.Type2CharStringParser.readCommand(int, DataInput)",org.apache.fontbox.cff.DataInput.readUnsignedByte(),4
"org.apache.fontbox.cff.Type2CharStringParser.readCommand(int, DataInput)",org.apache.fontbox.cff.CharStringCommand.<init>(int[]),7
"org.apache.fontbox.cff.Type2CharStringParser.readCommand(int, DataInput)",org.apache.fontbox.cff.Type2CharStringParser.getMaskLength(),7
"org.apache.fontbox.cff.Type2CharStringParser.readCommand(int, DataInput)","org.apache.fontbox.cff.CharStringCommand.<init>(int, int)",1
org.apache.fontbox.ttf.TrueTypeFont.getFontMatrix(),org.apache.fontbox.ttf.TrueTypeFont.getUnitsPerEm(),1
org.apache.fontbox.ttf.TrueTypeFont.getUnitsPerEm(),org.apache.fontbox.ttf.TrueTypeFont.getHeader(),3
"org.apache.fontbox.cff.CFFType1Font.getType2CharString(int, String)","org.apache.fontbox.cff.Type2CharString.<init>(Type1CharStringReader, String, String, int, List, int, int)",2
"org.apache.fontbox.cff.Type2CharString.handleCommand(List, CharStringCommand)","org.apache.fontbox.cff.Type2CharString.addCommand(List, CharStringCommand)",10
"org.apache.fontbox.cff.CFFType1Font.getType2CharString(int, String)",org.apache.fontbox.cff.CFFType1Font.getDefaultWidthX(),2
org.apache.fontbox.cff.CFFType1Font.getDefaultWidthX(),org.apache.fontbox.cff.CFFType1Font.getProperty(String),2
"org.apache.fontbox.cff.CFFType1Font.getType2CharString(int, String)",org.apache.fontbox.cff.CFFType1Font.getNominalWidthX(),2
org.apache.fontbox.cff.CFFType1Font.getNominalWidthX(),org.apache.fontbox.cff.CFFType1Font.getProperty(String),2
org.apache.fontbox.ttf.TTFParser.parse(String),org.apache.fontbox.ttf.OTFParser.parse(File),2
org.apache.fontbox.ttf.OTFParser.parse(File),org.apache.fontbox.ttf.OTFParser.parse(File),2
org.apache.fontbox.ttf.OTFParser.parse(File),org.apache.fontbox.ttf.TTFParser.parse(File),3
org.apache.fontbox.ttf.TTFParser.parse(String),org.apache.fontbox.ttf.TTFParser.parse(File),3
org.apache.fontbox.type1.Type1Lexer.readToken(Token),org.apache.fontbox.type1.Type1Lexer.readString(),2
org.apache.fontbox.type1.Type1Lexer.readString(),org.apache.fontbox.type1.Type1Lexer.getChar(),5
"org.apache.fontbox.cff.Type2CharStringParser.parse(byte[], byte[][], byte[][], boolean)","org.apache.fontbox.cff.Type2CharStringParser.parse(byte[], byte[][], byte[][], boolean)",2
"org.apache.fontbox.ttf.OTFParser.readTable(TrueTypeFont, String)",org.apache.fontbox.ttf.CFFTable.<init>(TrueTypeFont),1
org.apache.fontbox.ttf.CFFTable.<init>(TrueTypeFont),org.apache.fontbox.ttf.TTFTable.<init>(TrueTypeFont),3
org.apache.fontbox.ttf.OTFParser.newFont(TTFDataStream),org.apache.fontbox.ttf.OpenTypeFont.<init>(TTFDataStream),9
org.apache.fontbox.ttf.OTFParser.<init>(),org.apache.fontbox.ttf.TTFParser.<init>(),9
"org.apache.fontbox.ttf.RAFDataStream.<init>(String, String)","org.apache.fontbox.ttf.RAFDataStream.<init>(File, String)",2
org.apache.fontbox.ttf.VerticalHeaderTable.<init>(TrueTypeFont),org.apache.fontbox.ttf.TTFTable.<init>(TrueTypeFont),18
org.apache.fontbox.ttf.TrueTypeFont.hasGlyph(String),org.apache.fontbox.ttf.TrueTypeFont.nameToGID(String),1
org.apache.fontbox.cff.CFFDataInput.readOffset(int),org.apache.fontbox.cff.DataInput.readUnsignedByte(),23
org.apache.fontbox.type1.Type1Font.getType1CharString(String),"org.apache.fontbox.cff.Type1CharStringParser.parse(byte[], List)",3
org.apache.fontbox.type1.Type1Font.getType1CharString(String),"org.apache.fontbox.cff.Type1CharStringParser.<init>(String, String)",3
org.apache.fontbox.cff.CFFDataInput.readSID(),org.apache.fontbox.cff.DataInput.readUnsignedShort(),3
org.apache.fontbox.pfb.PfbParser.<init>(InputStream),org.apache.fontbox.pfb.PfbParser.readPfbInput(InputStream),2
org.apache.fontbox.type1.Type1Font.getWidth(String),org.apache.fontbox.type1.Type1Font.getType1CharString(String),1
org.apache.fontbox.cff.CFFType1Font.getPath(String),org.apache.fontbox.cff.CFFType1Font.getType1CharString(String),1
org.apache.fontbox.cff.CFFType1Font.getType1CharString(String),org.apache.fontbox.cff.CFFType1Font.nameToGID(String),3
org.apache.fontbox.cff.CFFType1Font.getWidth(String),org.apache.fontbox.cff.CFFType1Font.getType1CharString(String),1
"org.apache.fontbox.type1.Type1Font.createWithSegments(byte[], byte[])","org.apache.fontbox.type1.Type1Parser.parse(byte[], byte[])",3
"org.apache.fontbox.type1.Type1Font.createWithSegments(byte[], byte[])",org.apache.fontbox.type1.Type1Parser.<init>(),3
org.apache.fontbox.ttf.TTFParser.parse(InputStream),org.apache.fontbox.ttf.MemoryTTFDataStream.<init>(InputStream),4
org.apache.fontbox.ttf.GlyphData.getPath(),org.apache.fontbox.ttf.GlyphRenderer.getPath(),1
org.apache.fontbox.ttf.GlyphData.getPath(),org.apache.fontbox.ttf.GlyphRenderer.<init>(GlyphDescription),1
org.apache.fontbox.afm.AFMParser.parse(),org.apache.fontbox.afm.AFMParser.parseFontMetric(boolean),1
org.apache.fontbox.ttf.OTFParser.parse(InputStream),org.apache.fontbox.ttf.TTFParser.parse(InputStream),1
"org.apache.fontbox.ttf.KerningSubtable.read(TTFDataStream, int)",org.apache.fontbox.ttf.KerningSubtable.readSubtable1(TTFDataStream),1
org.apache.fontbox.ttf.TrueTypeFont.getPath(String),org.apache.fontbox.ttf.TrueTypeFont.nameToGID(String),1
org.apache.fontbox.ttf.TrueTypeFont.getWidth(String),org.apache.fontbox.ttf.TrueTypeFont.nameToGID(String),1
org.apache.fontbox.type1.Type1Font.createWithPFB(InputStream),org.apache.fontbox.pfb.PfbParser.<init>(InputStream),1
org.apache.fontbox.ttf.TrueTypeFont.getFontBBox(),org.apache.fontbox.ttf.TrueTypeFont.getHeader(),1
org.apache.fontbox.ttf.OpenTypeFont.getGlyph(),org.apache.fontbox.ttf.TrueTypeFont.getGlyph(),2
org.apache.fontbox.ttf.TTFParser.parseEmbedded(InputStream),org.apache.fontbox.ttf.MemoryTTFDataStream.<init>(InputStream),1
org.apache.fontbox.cff.Type1FontUtil.eexecDecrypt(byte[]),"org.apache.fontbox.cff.Type1FontUtil.decrypt(byte[], int, int)",4
org.apache.fontbox.type1.Type1Font.getPath(String),org.apache.fontbox.type1.Type1Font.getType1CharString(String),1
org.apache.fontbox.ttf.TrueTypeFont.getAdvanceWidth(int),org.apache.fontbox.ttf.TrueTypeFont.getHorizontalMetrics(),1
org.apache.fontbox.ttf.TrueTypeCollection.<init>(InputStream),org.apache.fontbox.ttf.MemoryTTFDataStream.<init>(InputStream),1
org.apache.fontbox.ttf.VerticalMetricsTable.<init>(TrueTypeFont),org.apache.fontbox.ttf.TTFTable.<init>(TrueTypeFont),4
org.apache.fontbox.ttf.OTFParser.parse(TTFDataStream),org.apache.fontbox.ttf.TTFParser.parse(TTFDataStream),1
org.apache.fontbox.ttf.TTFParser.parse(TTFDataStream),org.apache.fontbox.ttf.OTFParser.newFont(TTFDataStream),1
org.apache.fontbox.ttf.OTFParser.newFont(TTFDataStream),org.apache.fontbox.ttf.OTFParser.newFont(TTFDataStream),1
org.apache.fontbox.ttf.TrueTypeFont.toString(),org.apache.fontbox.ttf.TrueTypeFont.getNaming(),1
"org.apache.fontbox.cmap.CMap.addCIDRange(char, char, int)","org.apache.fontbox.cmap.CIDRange.<init>(char, char, int)",3
org.apache.fontbox.cff.Type1CharString.getWidth(),org.apache.fontbox.cff.Type1CharString.render(),1
org.apache.fontbox.cff.Type1CharString.getBounds(),org.apache.fontbox.cff.Type1CharString.render(),1
org.apache.fontbox.type1.Type1Font.createWithPFB(byte[]),org.apache.fontbox.pfb.PfbParser.<init>(byte[]),3
org.apache.fontbox.cff.CFFCIDFont.getWidth(String),org.apache.fontbox.cff.CFFCIDFont.selectorToCID(String),2
org.apache.fontbox.ttf.OpenTypeFont.getPath(String),org.apache.fontbox.ttf.TrueTypeFont.nameToGID(String),1
org.apache.fontbox.cff.CFFFont.getFontBBox(),org.apache.fontbox.util.BoundingBox.<init>(List),1
org.apache.fontbox.cff.CFFCIDFont.hasGlyph(String),org.apache.fontbox.cff.CFFCIDFont.selectorToCID(String),2
org.apache.fontbox.ttf.TTFDataStream.read(int),"org.apache.fontbox.ttf.TTCDataStream.read(byte[], int, int)",5
org.apache.fontbox.ttf.VerticalOriginTable.<init>(TrueTypeFont),org.apache.fontbox.ttf.TTFTable.<init>(TrueTypeFont),3
org.apache.fontbox.cff.CFFCIDFont.getPath(String),org.apache.fontbox.cff.CFFCIDFont.selectorToCID(String),2
"org.apache.fontbox.ttf.OTFParser.readTable(TrueTypeFont, String)","org.apache.fontbox.ttf.TTFParser.readTable(TrueTypeFont, String)",1
org.apache.fontbox.cff.DataOutput.print(String),org.apache.fontbox.cff.DataOutput.write(byte[]),1
"org.apache.fontbox.cmap.CMap.addCharMapping(byte[], String)","org.apache.fontbox.cmap.CMap.getCodeFromArray(byte[], int, int)",4
"org.apache.fontbox.ttf.OTFParser.readTable(TrueTypeFont, String)",org.apache.fontbox.ttf.OTLTable.<init>(TrueTypeFont),5
org.apache.fontbox.ttf.KerningSubtable.isHorizontalKerning(),org.apache.fontbox.ttf.KerningSubtable.isHorizontalKerning(boolean),1
org.apache.fontbox.ttf.TTFDataStream.readTag(),org.apache.fontbox.ttf.TTFDataStream.read(int),1
"org.apache.fontbox.cff.Type1CharStringParser.readCommand(DataInput, int)","org.apache.fontbox.cff.CharStringCommand.<init>(int, int)",1
"org.apache.fontbox.cff.Type1CharStringParser.readCommand(DataInput, int)",org.apache.fontbox.cff.DataInput.readUnsignedByte(),1
org.apache.fontbox.cmap.CodespaceRange.setStart(byte[]),"org.apache.fontbox.cmap.CodespaceRange.toInt(byte[], int)",5
org.apache.fontbox.ttf.TTFDataStream.readUnsignedByteArray(int),org.apache.fontbox.ttf.TTCDataStream.read(),1
org.apache.fontbox.ttf.TTFDataStream.readUnsignedShortArray(int),org.apache.fontbox.ttf.TTCDataStream.readUnsignedShort(),1
"org.apache.fontbox.cff.Type1CharString.<init>(Type1CharStringReader, String, String, List)","org.apache.fontbox.cff.Type1CharString.<init>(Type1CharStringReader, String, String)",1
org.apache.fontbox.ttf.TTFDataStream.readUnsignedInt(),org.apache.fontbox.ttf.TTCDataStream.read(),1
org.apache.fontbox.ttf.TTFDataStream.readSignedByte(),org.apache.fontbox.ttf.TTCDataStream.read(),1
org.apache.fontbox.cff.DataOutput.println(),org.apache.fontbox.cff.DataOutput.write(int),1
org.apache.fontbox.ttf.TTFDataStream.readUnsignedByte(),org.apache.fontbox.ttf.TTCDataStream.read(),1
org.apache.fontbox.ttf.TTFDataStream.readInternationalDate(),org.apache.fontbox.ttf.TTCDataStream.readLong(),1
org.apache.fontbox.ttf.TTFDataStream.read32Fixed(),org.apache.fontbox.ttf.TTCDataStream.readSignedShort(),1
org.apache.fontbox.ttf.TrueTypeFont.getAdvanceHeight(int),org.apache.fontbox.ttf.TrueTypeFont.getVerticalMetrics(),1
org.apache.fontbox.cmap.CodespaceRange.matches(byte[]),"org.apache.fontbox.cmap.CodespaceRange.isFullMatch(byte[], int)",2
"org.apache.fontbox.cff.CFFEncoding.add(int, int, String)","org.apache.fontbox.encoding.Encoding.addCharacterEncoding(int, String)",1
org.apache.fontbox.ttf.KerningTable.getHorizontalKerningSubtable(),org.apache.fontbox.ttf.KerningTable.getHorizontalKerningSubtable(boolean),1
org.apache.pdfbox.io.RandomAccessBuffer.readFully(int),"org.apache.pdfbox.io.RandomAccessBuffer.read(byte[], int, int)",39328503
"org.apache.pdfbox.io.RandomAccessBuffer.read(byte[], int, int)",org.apache.pdfbox.io.RandomAccessBuffer.checkClosed(),39328526
org.apache.pdfbox.io.RandomAccessBuffer.readFully(int),org.apache.pdfbox.io.RandomAccessBuffer.read(byte[]),8
org.apache.pdfbox.io.RandomAccessBuffer.read(byte[]),"org.apache.pdfbox.io.RandomAccessBuffer.read(byte[], int, int)",17
"org.apache.pdfbox.io.RandomAccessBuffer.read(byte[], int, int)",org.apache.pdfbox.io.RandomAccessBuffer.available(),2
org.apache.pdfbox.io.RandomAccessBuffer.available(),org.apache.pdfbox.io.RandomAccessBuffer.getPosition(),7
org.apache.pdfbox.io.RandomAccessBuffer.getPosition(),org.apache.pdfbox.io.RandomAccessBuffer.checkClosed(),36
org.apache.pdfbox.io.RandomAccessBuffer.available(),org.apache.pdfbox.io.RandomAccessBuffer.length(),8
org.apache.pdfbox.io.RandomAccessBuffer.length(),org.apache.pdfbox.io.RandomAccessBuffer.checkClosed(),23
"org.apache.pdfbox.io.RandomAccessBuffer.read(byte[], int, int)","org.apache.pdfbox.io.RandomAccessBuffer.readRemainingBytes(byte[], int, int)",13
org.apache.pdfbox.io.RandomAccessBuffer.clone(),org.apache.pdfbox.io.RandomAccessBuffer.<init>(int),12
org.apache.pdfbox.io.RandomAccessBuffer.write(byte[]),"org.apache.pdfbox.io.RandomAccessBuffer.write(byte[], int, int)",10
"org.apache.pdfbox.io.RandomAccessBuffer.write(byte[], int, int)",org.apache.pdfbox.io.RandomAccessBuffer.expandBuffer(),7
"org.apache.pdfbox.io.RandomAccessBuffer.write(byte[], int, int)",org.apache.pdfbox.io.RandomAccessBuffer.checkClosed(),17
org.apache.pdfbox.io.RandomAccessBuffer.<init>(),org.apache.pdfbox.io.RandomAccessBuffer.<init>(int),32
org.apache.pdfbox.pdmodel.encryption.SecurityHandlerFactory.<init>(),"org.apache.pdfbox.pdmodel.encryption.SecurityHandlerFactory.registerHandler(String, Class, Class)",2
org.apache.pdfbox.pdmodel.PDDocument.protect(ProtectionPolicy),org.apache.pdfbox.pdmodel.encryption.SecurityHandlerFactory.newSecurityHandlerForPolicy(ProtectionPolicy),1
org.apache.pdfbox.pdmodel.PDDocument.protect(ProtectionPolicy),org.apache.pdfbox.pdmodel.encryption.PDEncryption.<init>(),1
org.apache.pdfbox.pdmodel.encryption.PDEncryption.<init>(),org.apache.pdfbox.cos.COSDictionary.<init>(),55
org.apache.pdfbox.pdmodel.PDDocument.protect(ProtectionPolicy),org.apache.pdfbox.pdmodel.PDDocument.isEncrypted(),2
org.apache.pdfbox.pdmodel.font.FileSystemFontProvider.<init>(FontCache),org.apache.fontbox.util.autodetect.FontFileFinder.find(),4
org.apache.pdfbox.pdmodel.font.FileSystemFontProvider.<init>(FontCache),org.apache.pdfbox.pdmodel.font.FileSystemFontProvider.loadDiskCache(List),4
org.apache.pdfbox.pdmodel.font.FileSystemFontProvider.loadDiskCache(List),org.apache.pdfbox.pdmodel.font.FontFormat.valueOf(String),1580
org.apache.pdfbox.pdmodel.font.FileSystemFontProvider.loadDiskCache(List),org.apache.pdfbox.io.IOUtils.closeQuietly(Closeable),4
org.apache.pdfbox.pdmodel.font.FileSystemFontProvider.loadDiskCache(List),org.apache.pdfbox.pdmodel.font.FileSystemFontProvider.getDiskCacheFile(),4
org.apache.pdfbox.pdmodel.font.FileSystemFontProvider.<init>(FontCache),org.apache.fontbox.util.autodetect.FontFileFinder.<init>(),4
org.apache.pdfbox.pdmodel.font.FileSystemFontProvider.<init>(FontCache),org.apache.pdfbox.pdmodel.font.FontProvider.<init>(),4
"org.apache.pdfbox.pdmodel.interactive.digitalsignature.visible.PDVisibleSignDesigner.<init>(InputStream, InputStream, int)",org.apache.pdfbox.pdmodel.interactive.digitalsignature.visible.PDVisibleSignDesigner.readImageStream(InputStream),1
org.apache.pdfbox.pdmodel.encryption.PublicKeySecurityHandler.<init>(),org.apache.pdfbox.pdmodel.encryption.SecurityHandler.<init>(),18
org.apache.pdfbox.pdmodel.encryption.SecurityHandler.<init>(),org.apache.pdfbox.pdmodel.encryption.RC4Cipher.<init>(),70
org.apache.pdfbox.io.RandomAccessBufferedFileInputStream.<init>(InputStream),org.apache.pdfbox.io.RandomAccessBufferedFileInputStream.createTmpFile(InputStream),4
org.apache.pdfbox.io.RandomAccessBufferedFileInputStream.createTmpFile(InputStream),org.apache.pdfbox.io.IOUtils.closeQuietly(Closeable),8
org.apache.pdfbox.io.RandomAccessBufferedFileInputStream.createTmpFile(InputStream),"org.apache.pdfbox.io.IOUtils.copy(InputStream, OutputStream)",4
org.apache.pdfbox.pdmodel.fdf.FDFDocument.loadXFDF(InputStream),org.apache.pdfbox.pdmodel.fdf.XMLUtil.parse(InputStream),1
org.apache.pdfbox.pdmodel.fdf.FDFDocument.save(OutputStream),org.apache.pdfbox.pdfwriter.COSWriter.write(FDFDocument),1
org.apache.pdfbox.pdfwriter.COSWriter.write(FDFDocument),org.apache.pdfbox.cos.COSDocument.accept(ICOSVisitor),1
org.apache.pdfbox.pdmodel.fdf.FDFDocument.save(OutputStream),org.apache.pdfbox.pdfwriter.COSWriter.<init>(OutputStream),1
org.apache.pdfbox.pdmodel.fdf.FDFDocument.save(OutputStream),org.apache.pdfbox.pdfwriter.COSWriter.close(),1
org.apache.pdfbox.pdmodel.fdf.FDFDocument.<init>(),org.apache.pdfbox.cos.COSDocument.<init>(),17
org.apache.pdfbox.pdmodel.fdf.FDFDocument.<init>(),org.apache.pdfbox.pdmodel.fdf.FDFDocument.setCatalog(FDFCatalog),17
org.apache.pdfbox.pdmodel.fdf.FDFDocument.setCatalog(FDFCatalog),"org.apache.pdfbox.cos.COSDictionary.setItem(COSName, COSObjectable)",19
"org.apache.pdfbox.cos.COSDictionary.setItem(COSName, COSObjectable)",org.apache.pdfbox.pdmodel.fdf.FDFCatalog.getCOSObject(),18
org.apache.pdfbox.pdmodel.fdf.FDFDocument.<init>(),org.apache.pdfbox.cos.COSDictionary.<init>(),17
org.apache.pdfbox.pdmodel.fdf.FDFDocument.<init>(),org.apache.pdfbox.pdmodel.fdf.FDFCatalog.<init>(),17
org.apache.pdfbox.pdmodel.fdf.FDFCatalog.<init>(),org.apache.pdfbox.cos.COSDictionary.<init>(),29
"org.apache.pdfbox.pdmodel.graphics.shading.CubicBezierCurve.<init>(Point2D[], int)",org.apache.pdfbox.pdmodel.graphics.shading.CubicBezierCurve.getPoints(int),11
org.apache.pdfbox.pdmodel.common.function.PDFunctionType4.<init>(COSBase),org.apache.pdfbox.pdmodel.common.function.PDFunction.<init>(COSBase),1
org.apache.pdfbox.pdmodel.interactive.documentnavigation.outline.PDOutlineItem.setTitle(String),"org.apache.pdfbox.cos.COSDictionary.setString(COSName, String)",3
org.apache.pdfbox.pdmodel.interactive.documentnavigation.outline.PDOutlineItem.getTitle(),org.apache.pdfbox.cos.COSDictionary.getString(COSName),4
org.apache.pdfbox.pdmodel.interactive.documentnavigation.outline.PDOutlineItem.<init>(),org.apache.pdfbox.pdmodel.interactive.documentnavigation.outline.PDOutlineNode.<init>(),62
org.apache.pdfbox.pdmodel.interactive.documentnavigation.outline.PDOutlineNode.<init>(),org.apache.pdfbox.pdmodel.common.PDDictionaryWrapper.<init>(),81
org.apache.pdfbox.pdmodel.common.PDDictionaryWrapper.<init>(),org.apache.pdfbox.cos.COSDictionary.<init>(),298
org.apache.pdfbox.pdmodel.fdf.FDFAnnotationLine.setLeaderOffset(float),"org.apache.pdfbox.cos.COSDictionary.setFloat(COSName, float)",2
org.apache.pdfbox.pdmodel.fdf.FDFAnnotationLine.getLeaderOffset(),org.apache.pdfbox.cos.COSDictionary.getFloat(COSName),3
"org.apache.pdfbox.cos.COSDictionary.getFloat(COSName, float)",org.apache.pdfbox.cos.COSFloat.floatValue(),94
org.apache.pdfbox.pdmodel.fdf.FDFAnnotationLine.<init>(),"org.apache.pdfbox.cos.COSDictionary.setName(COSName, String)",51
org.apache.pdfbox.pdmodel.fdf.FDFAnnotationLine.<init>(),org.apache.pdfbox.pdmodel.fdf.FDFAnnotation.<init>(),51
org.apache.pdfbox.pdmodel.fdf.FDFAnnotation.<init>(),"org.apache.pdfbox.cos.COSDictionary.setItem(COSName, COSBase)",227
org.apache.pdfbox.pdmodel.fdf.FDFAnnotation.<init>(),org.apache.pdfbox.cos.COSDictionary.<init>(),227
org.apache.pdfbox.pdmodel.interactive.documentnavigation.outline.PDOutlineItem.getAction(),org.apache.pdfbox.pdmodel.interactive.action.PDActionFactory.createAction(COSDictionary),12
org.apache.pdfbox.pdmodel.interactive.documentnavigation.outline.PDOutlineItem.getAction(),org.apache.pdfbox.cos.COSDictionary.getDictionaryObject(COSName),12
org.apache.pdfbox.pdmodel.interactive.documentnavigation.outline.PDOutlineItem.getTextColor(),org.apache.pdfbox.cos.COSFloat.<init>(float),8
org.apache.pdfbox.pdmodel.interactive.documentnavigation.outline.PDOutlineItem.getTextColor(),"org.apache.pdfbox.pdmodel.graphics.color.PDColor.<init>(COSArray, PDColorSpace)",9
"org.apache.pdfbox.pdmodel.graphics.color.PDColor.<init>(COSArray, PDColorSpace)",org.apache.pdfbox.cos.COSFloat.floatValue(),35
"org.apache.pdfbox.pdmodel.graphics.color.PDColor.<init>(COSArray, PDColorSpace)",org.apache.pdfbox.cos.COSArray.get(int),45
"org.apache.pdfbox.pdmodel.graphics.color.PDColor.<init>(COSArray, PDColorSpace)",org.apache.pdfbox.cos.COSArray.size(),78
org.apache.pdfbox.pdmodel.interactive.documentnavigation.outline.PDOutlineItem.getTextColor(),"org.apache.pdfbox.cos.COSArray.growToSize(int, COSBase)",8
"org.apache.pdfbox.cos.COSArray.growToSize(int, COSBase)",org.apache.pdfbox.cos.COSArray.add(COSBase),18841
"org.apache.pdfbox.cos.COSArray.growToSize(int, COSBase)",org.apache.pdfbox.cos.COSArray.size(),18983
org.apache.pdfbox.pdmodel.interactive.documentnavigation.outline.PDOutlineItem.getTextColor(),org.apache.pdfbox.cos.COSArray.<init>(),8
org.apache.pdfbox.pdmodel.interactive.documentnavigation.outline.PDOutlineItem.getTextColor(),"org.apache.pdfbox.cos.COSDictionary.setItem(COSName, COSBase)",8
org.apache.pdfbox.pdmodel.interactive.documentnavigation.outline.PDOutlineItem.getTextColor(),org.apache.pdfbox.cos.COSDictionary.getDictionaryObject(COSName),9
org.apache.pdfbox.pdmodel.interactive.documentnavigation.outline.PDOutlineItem.setTextColor(PDColor),org.apache.pdfbox.pdmodel.graphics.color.PDColor.toCOSArray(),4
org.apache.pdfbox.pdmodel.graphics.color.PDColor.toCOSArray(),org.apache.pdfbox.cos.COSArray.setFloatArray(float[]),8
org.apache.pdfbox.cos.COSArray.setFloatArray(float[]),org.apache.pdfbox.cos.COSFloat.<init>(float),327
org.apache.pdfbox.cos.COSArray.setFloatArray(float[]),org.apache.pdfbox.cos.COSArray.add(COSBase),317
org.apache.pdfbox.cos.COSArray.setFloatArray(float[]),org.apache.pdfbox.cos.COSArray.clear(),114
org.apache.pdfbox.pdmodel.graphics.color.PDColor.toCOSArray(),org.apache.pdfbox.cos.COSArray.<init>(),8
org.apache.pdfbox.pdmodel.interactive.documentnavigation.outline.PDOutlineItem.setTextColor(PDColor),"org.apache.pdfbox.cos.COSDictionary.setItem(COSName, COSBase)",4
"org.apache.pdfbox.pdmodel.graphics.shading.Type6ShadingContext.<init>(PDShadingType6, ColorModel, AffineTransform, Matrix, Rectangle)","org.apache.pdfbox.pdmodel.graphics.shading.PatchMeshesShadingContext.<init>(PDShadingType6, ColorModel, AffineTransform, Matrix, Rectangle, int)",2
"org.apache.pdfbox.pdmodel.graphics.shading.PatchMeshesShadingContext.<init>(PDShadingType6, ColorModel, AffineTransform, Matrix, Rectangle, int)","org.apache.pdfbox.pdmodel.graphics.shading.TriangleBasedShadingContext.<init>(PDShading, ColorModel, AffineTransform, Matrix)",4
"org.apache.pdfbox.pdmodel.graphics.shading.TriangleBasedShadingContext.<init>(PDShading, ColorModel, AffineTransform, Matrix)","org.apache.pdfbox.pdmodel.graphics.shading.ShadingContext.<init>(PDShading, ColorModel, AffineTransform, Matrix)",8
org.apache.pdfbox.cos.COSArray.growToSize(int),"org.apache.pdfbox.cos.COSArray.growToSize(int, COSBase)",132
org.apache.pdfbox.cos.COSArray.removeObject(COSBase),org.apache.pdfbox.cos.COSArray.get(int),8202
org.apache.pdfbox.cos.COSArray.removeObject(COSBase),org.apache.pdfbox.cos.COSArray.size(),8211
org.apache.pdfbox.cos.COSArray.removeObject(COSBase),org.apache.pdfbox.cos.COSArray.remove(COSBase),11
org.apache.pdfbox.pdfparser.PDFXRefStream.getStream(),org.apache.pdfbox.cos.COSStream.createOutputStream(COSBase),2
org.apache.pdfbox.pdfparser.PDFXRefStream.getStream(),org.apache.pdfbox.pdfparser.PDFXRefStream.getIndexEntry(),2
org.apache.pdfbox.pdfparser.PDFXRefStream.getStream(),org.apache.pdfbox.pdfparser.PDFXRefStream.getWEntry(),2
org.apache.pdfbox.pdfparser.PDFXRefStream.getStream(),"org.apache.pdfbox.cos.COSDictionary.setItem(COSName, COSBase)",7
org.apache.pdfbox.pdfparser.PDFXRefStream.getStream(),"org.apache.pdfbox.pdfparser.PDFXRefStream.writeStreamData(OutputStream, int[])",2
"org.apache.pdfbox.pdfparser.PDFXRefStream.writeStreamData(OutputStream, int[])","org.apache.pdfbox.pdfparser.PDFXRefStream.writeNumber(OutputStream, long, int)",6
org.apache.pdfbox.pdfparser.PDFXRefStream.getStream(),"org.apache.pdfbox.cos.COSDictionary.setLong(COSName, long)",2
org.apache.pdfbox.pdfparser.PDFXRefStream.getStream(),org.apache.pdfbox.cos.COSName.equals(Object),36
org.apache.pdfbox.pdfparser.PDFXRefStream.getStream(),org.apache.pdfbox.cos.COSArray.add(COSBase),10
org.apache.pdfbox.pdfparser.PDFXRefStream.getStream(),org.apache.pdfbox.cos.COSDictionary.getDictionaryObject(COSName),12
org.apache.pdfbox.pdfparser.PDFXRefStream.getStream(),org.apache.pdfbox.cos.COSArray.<init>(),4
org.apache.pdfbox.pdfparser.PDFXRefStream.getStream(),org.apache.pdfbox.cos.COSDictionary.keySet(),2
org.apache.pdfbox.pdfparser.PDFXRefStream.getStream(),org.apache.pdfbox.cos.COSInteger.get(long),10
org.apache.pdfbox.pdfparser.PDFXRefStream.<init>(),org.apache.pdfbox.cos.COSStream.<init>(),9
org.apache.pdfbox.pdmodel.interactive.documentnavigation.outline.PDOutlineNode.setParent(PDOutlineNode),"org.apache.pdfbox.cos.COSDictionary.setItem(COSName, COSObjectable)",21
"org.apache.pdfbox.cos.COSDictionary.setItem(COSName, COSObjectable)",org.apache.pdfbox.pdmodel.common.PDDictionaryWrapper.getCOSObject(),72
org.apache.pdfbox.pdmodel.interactive.documentnavigation.outline.PDOutlineItem.insertSiblingBefore(PDOutlineItem),org.apache.pdfbox.pdmodel.interactive.documentnavigation.outline.PDOutlineNode.getParent(),6
org.apache.pdfbox.pdmodel.interactive.documentnavigation.outline.PDOutlineNode.getParent(),org.apache.pdfbox.cos.COSDictionary.getDictionaryObject(COSName),49
org.apache.pdfbox.pdmodel.interactive.documentnavigation.outline.PDOutlineNode.getParent(),org.apache.pdfbox.cos.COSDictionary.getCOSName(COSName),26
org.apache.pdfbox.pdmodel.interactive.documentnavigation.outline.PDOutlineNode.getParent(),org.apache.pdfbox.pdmodel.interactive.documentnavigation.outline.PDOutlineItem.<init>(COSDictionary),23
org.apache.pdfbox.pdmodel.interactive.documentnavigation.outline.PDOutlineItem.<init>(COSDictionary),org.apache.pdfbox.pdmodel.interactive.documentnavigation.outline.PDOutlineNode.<init>(COSDictionary),65
org.apache.pdfbox.pdmodel.interactive.documentnavigation.outline.PDOutlineNode.<init>(COSDictionary),org.apache.pdfbox.pdmodel.common.PDDictionaryWrapper.<init>(COSDictionary),69
org.apache.pdfbox.pdmodel.interactive.documentnavigation.outline.PDOutlineNode.getParent(),org.apache.pdfbox.cos.COSName.equals(Object),26
org.apache.pdfbox.pdmodel.interactive.documentnavigation.outline.PDOutlineItem.insertSiblingBefore(PDOutlineItem),org.apache.pdfbox.pdmodel.interactive.documentnavigation.outline.PDOutlineNode.updateParentOpenCountForAddedChild(PDOutlineItem),4
org.apache.pdfbox.pdmodel.interactive.documentnavigation.outline.PDOutlineNode.updateParentOpenCountForAddedChild(PDOutlineItem),org.apache.pdfbox.pdmodel.interactive.documentnavigation.outline.PDOutlineNode.updateParentOpenCount(int),24
org.apache.pdfbox.pdmodel.interactive.documentnavigation.outline.PDOutlineNode.updateParentOpenCount(int),org.apache.pdfbox.pdmodel.interactive.documentnavigation.outline.PDOutlineNode.setOpenCount(int),18
org.apache.pdfbox.pdmodel.interactive.documentnavigation.outline.PDOutlineNode.setOpenCount(int),"org.apache.pdfbox.cos.COSDictionary.setInt(COSName, int)",28
org.apache.pdfbox.pdmodel.interactive.documentnavigation.outline.PDOutlineNode.updateParentOpenCount(int),org.apache.pdfbox.pdmodel.interactive.documentnavigation.outline.PDOutlineNode.getParent(),36
org.apache.pdfbox.pdmodel.interactive.documentnavigation.outline.PDOutlineNode.updateParentOpenCount(int),org.apache.pdfbox.pdmodel.interactive.documentnavigation.outline.PDOutlineNode.isNodeOpen(),16
org.apache.pdfbox.pdmodel.interactive.documentnavigation.outline.PDOutlineNode.isNodeOpen(),org.apache.pdfbox.pdmodel.interactive.documentnavigation.outline.PDOutlineNode.getOpenCount(),55
org.apache.pdfbox.pdmodel.interactive.documentnavigation.outline.PDOutlineNode.getOpenCount(),"org.apache.pdfbox.cos.COSDictionary.getInt(COSName, int)",81
org.apache.pdfbox.pdmodel.interactive.documentnavigation.outline.PDOutlineNode.updateParentOpenCount(int),org.apache.pdfbox.pdmodel.interactive.documentnavigation.outline.PDOutlineNode.getOpenCount(),18
org.apache.pdfbox.pdmodel.interactive.documentnavigation.outline.PDOutlineNode.updateParentOpenCountForAddedChild(PDOutlineItem),org.apache.pdfbox.pdmodel.interactive.documentnavigation.outline.PDOutlineNode.isNodeOpen(),24
org.apache.pdfbox.pdmodel.interactive.documentnavigation.outline.PDOutlineItem.insertSiblingBefore(PDOutlineItem),org.apache.pdfbox.pdmodel.interactive.documentnavigation.outline.PDOutlineItem.setPreviousSibling(PDOutlineNode),5
org.apache.pdfbox.pdmodel.interactive.documentnavigation.outline.PDOutlineItem.setPreviousSibling(PDOutlineNode),"org.apache.pdfbox.cos.COSDictionary.setItem(COSName, COSObjectable)",15
org.apache.pdfbox.pdmodel.interactive.documentnavigation.outline.PDOutlineItem.insertSiblingBefore(PDOutlineItem),org.apache.pdfbox.pdmodel.interactive.documentnavigation.outline.PDOutlineNode.requireSingleNode(PDOutlineItem),6
org.apache.pdfbox.pdmodel.interactive.documentnavigation.outline.PDOutlineNode.requireSingleNode(PDOutlineItem),org.apache.pdfbox.pdmodel.interactive.documentnavigation.outline.PDOutlineItem.getNextSibling(),30
org.apache.pdfbox.pdmodel.interactive.documentnavigation.outline.PDOutlineItem.getNextSibling(),org.apache.pdfbox.pdmodel.interactive.documentnavigation.outline.PDOutlineNode.getOutlineItem(COSName),39
org.apache.pdfbox.pdmodel.interactive.documentnavigation.outline.PDOutlineNode.getOutlineItem(COSName),org.apache.pdfbox.cos.COSDictionary.getDictionaryObject(COSName),91
org.apache.pdfbox.pdmodel.interactive.documentnavigation.outline.PDOutlineNode.requireSingleNode(PDOutlineItem),org.apache.pdfbox.pdmodel.interactive.documentnavigation.outline.PDOutlineItem.getPreviousSibling(),27
org.apache.pdfbox.pdmodel.interactive.documentnavigation.outline.PDOutlineItem.getPreviousSibling(),org.apache.pdfbox.pdmodel.interactive.documentnavigation.outline.PDOutlineNode.getOutlineItem(COSName),34
org.apache.pdfbox.pdmodel.interactive.documentnavigation.outline.PDOutlineItem.insertSiblingBefore(PDOutlineItem),org.apache.pdfbox.pdmodel.interactive.documentnavigation.outline.PDOutlineNode.setFirstChild(PDOutlineNode),2
org.apache.pdfbox.pdmodel.interactive.documentnavigation.outline.PDOutlineNode.setFirstChild(PDOutlineNode),"org.apache.pdfbox.cos.COSDictionary.setItem(COSName, COSObjectable)",15
org.apache.pdfbox.pdmodel.interactive.documentnavigation.outline.PDOutlineItem.insertSiblingBefore(PDOutlineItem),org.apache.pdfbox.pdmodel.interactive.documentnavigation.outline.PDOutlineNode.setParent(PDOutlineNode),4
org.apache.pdfbox.pdmodel.interactive.documentnavigation.outline.PDOutlineItem.insertSiblingBefore(PDOutlineItem),org.apache.pdfbox.pdmodel.interactive.documentnavigation.outline.PDOutlineItem.setNextSibling(PDOutlineNode),5
org.apache.pdfbox.pdmodel.interactive.documentnavigation.outline.PDOutlineItem.setNextSibling(PDOutlineNode),"org.apache.pdfbox.cos.COSDictionary.setItem(COSName, COSObjectable)",15
org.apache.pdfbox.pdmodel.interactive.documentnavigation.outline.PDOutlineItem.insertSiblingBefore(PDOutlineItem),org.apache.pdfbox.pdmodel.interactive.documentnavigation.outline.PDOutlineItem.getPreviousSibling(),4
org.apache.pdfbox.pdmodel.graphics.color.PDCalGray.toRGB(float[]),"org.apache.pdfbox.pdmodel.graphics.color.PDCIEDictionaryBasedColorSpace.convXYZtoRGB(float, float, float)",3
org.apache.pdfbox.pdmodel.graphics.color.PDCalGray.toRGB(float[]),org.apache.pdfbox.pdmodel.graphics.color.PDCalGray.getGamma(),3
org.apache.pdfbox.pdmodel.graphics.color.PDCalGray.getGamma(),org.apache.pdfbox.cos.COSDictionary.getDictionaryObject(COSName),6
org.apache.pdfbox.pdmodel.graphics.color.PDCalGray.getGamma(),org.apache.pdfbox.cos.COSFloat.floatValue(),3
org.apache.pdfbox.pdmodel.graphics.color.PDCalGray.<init>(),org.apache.pdfbox.pdmodel.graphics.color.PDCIEDictionaryBasedColorSpace.<init>(COSName),25
org.apache.pdfbox.pdmodel.graphics.color.PDCIEDictionaryBasedColorSpace.<init>(COSName),org.apache.pdfbox.pdmodel.graphics.color.PDCIEDictionaryBasedColorSpace.getWhitepoint(),79
org.apache.pdfbox.pdmodel.graphics.color.PDCIEDictionaryBasedColorSpace.getWhitepoint(),org.apache.pdfbox.cos.COSFloat.<init>(float),258
org.apache.pdfbox.pdmodel.graphics.color.PDCIEDictionaryBasedColorSpace.getWhitepoint(),org.apache.pdfbox.cos.COSArray.add(COSBase),258
org.apache.pdfbox.pdmodel.graphics.color.PDCIEDictionaryBasedColorSpace.getWhitepoint(),org.apache.pdfbox.cos.COSDictionary.getDictionaryObject(COSName),87
org.apache.pdfbox.pdmodel.graphics.color.PDCIEDictionaryBasedColorSpace.getWhitepoint(),org.apache.pdfbox.cos.COSArray.<init>(),86
org.apache.pdfbox.pdmodel.graphics.color.PDCIEDictionaryBasedColorSpace.getWhitepoint(),org.apache.pdfbox.pdmodel.graphics.color.PDTristimulus.<init>(COSArray),87
org.apache.pdfbox.pdmodel.graphics.color.PDCIEDictionaryBasedColorSpace.<init>(COSName),org.apache.pdfbox.pdmodel.graphics.color.PDCIEDictionaryBasedColorSpace.fillWhitepointCache(PDTristimulus),79
org.apache.pdfbox.pdmodel.graphics.color.PDCIEDictionaryBasedColorSpace.fillWhitepointCache(PDTristimulus),org.apache.pdfbox.pdmodel.graphics.color.PDTristimulus.getX(),86
org.apache.pdfbox.pdmodel.graphics.color.PDTristimulus.getX(),org.apache.pdfbox.cos.COSFloat.floatValue(),89
org.apache.pdfbox.pdmodel.graphics.color.PDTristimulus.getX(),org.apache.pdfbox.cos.COSArray.get(int),90
org.apache.pdfbox.pdmodel.graphics.color.PDCIEDictionaryBasedColorSpace.fillWhitepointCache(PDTristimulus),org.apache.pdfbox.pdmodel.graphics.color.PDTristimulus.getY(),86
org.apache.pdfbox.pdmodel.graphics.color.PDTristimulus.getY(),org.apache.pdfbox.cos.COSArray.get(int),90
org.apache.pdfbox.pdmodel.graphics.color.PDTristimulus.getY(),org.apache.pdfbox.cos.COSFloat.floatValue(),89
org.apache.pdfbox.pdmodel.graphics.color.PDCIEDictionaryBasedColorSpace.fillWhitepointCache(PDTristimulus),org.apache.pdfbox.pdmodel.graphics.color.PDTristimulus.getZ(),86
org.apache.pdfbox.pdmodel.graphics.color.PDTristimulus.getZ(),org.apache.pdfbox.cos.COSArray.get(int),90
org.apache.pdfbox.pdmodel.graphics.color.PDTristimulus.getZ(),org.apache.pdfbox.cos.COSFloat.floatValue(),89
org.apache.pdfbox.pdmodel.graphics.color.PDCIEDictionaryBasedColorSpace.<init>(COSName),org.apache.pdfbox.cos.COSArray.<init>(),79
org.apache.pdfbox.pdmodel.graphics.color.PDCIEDictionaryBasedColorSpace.<init>(COSName),org.apache.pdfbox.cos.COSArray.add(COSBase),158
org.apache.pdfbox.pdmodel.graphics.color.PDCIEDictionaryBasedColorSpace.<init>(COSName),org.apache.pdfbox.cos.COSDictionary.<init>(),79
org.apache.pdfbox.pdmodel.graphics.color.PDCIEDictionaryBasedColorSpace.<init>(COSName),org.apache.pdfbox.pdmodel.graphics.color.PDCIEBasedColorSpace.<init>(),79
org.apache.pdfbox.pdmodel.graphics.color.PDCIEBasedColorSpace.<init>(),org.apache.pdfbox.pdmodel.graphics.color.PDColorSpace.<init>(),90
org.apache.pdfbox.pdmodel.graphics.color.PDCalGray.<init>(),"org.apache.pdfbox.pdmodel.graphics.color.PDColor.<init>(float[], PDColorSpace)",25
org.apache.pdfbox.pdmodel.graphics.color.PDCalGray.setGamma(float),org.apache.pdfbox.cos.COSFloat.<init>(float),5
org.apache.pdfbox.pdmodel.graphics.color.PDCalGray.setGamma(float),"org.apache.pdfbox.cos.COSDictionary.setItem(COSName, COSBase)",3
"org.apache.pdfbox.filter.JBIG2Filter.decode(InputStream, OutputStream, COSDictionary, int)","org.apache.pdfbox.filter.Filter.findImageReader(String, String)",1
"org.apache.pdfbox.filter.JBIG2Filter.decode(InputStream, OutputStream, COSDictionary, int)",org.apache.pdfbox.cos.COSDictionary.addAll(COSDictionary),1
"org.apache.pdfbox.filter.JBIG2Filter.decode(InputStream, OutputStream, COSDictionary, int)",org.apache.pdfbox.cos.COSDictionary.<init>(),1
"org.apache.pdfbox.filter.JBIG2Filter.decode(InputStream, OutputStream, COSDictionary, int)",org.apache.pdfbox.filter.DecodeResult.<init>(COSDictionary),1
org.apache.pdfbox.pdmodel.graphics.form.PDTransparencyGroup.<init>(PDDocument),org.apache.pdfbox.pdmodel.graphics.form.PDFormXObject.<init>(PDDocument),1
org.apache.pdfbox.pdmodel.graphics.form.PDFormXObject.<init>(PDDocument),"org.apache.pdfbox.pdmodel.graphics.PDXObject.<init>(PDDocument, COSName)",3
"org.apache.pdfbox.pdmodel.graphics.PDXObject.<init>(PDDocument, COSName)",org.apache.pdfbox.pdmodel.common.PDStream.<init>(PDDocument),4
org.apache.pdfbox.pdmodel.font.encoding.MacRomanEncoding.<init>(),"org.apache.pdfbox.pdmodel.font.encoding.Encoding.add(int, String)",2496
org.apache.pdfbox.pdmodel.font.encoding.MacRomanEncoding.<init>(),org.apache.pdfbox.pdmodel.font.encoding.Encoding.<init>(),12
org.apache.pdfbox.pdmodel.font.encoding.MacOSRomanEncoding.<init>(),org.apache.pdfbox.pdmodel.font.encoding.MacRomanEncoding.<init>(),2
org.apache.pdfbox.pdmodel.font.encoding.MacOSRomanEncoding.<init>(),"org.apache.pdfbox.pdmodel.font.encoding.Encoding.add(int, String)",32
"org.apache.pdfbox.pdmodel.font.PDTrueTypeFont.loadTTF(PDDocument, InputStream)","org.apache.pdfbox.pdmodel.font.PDTrueTypeFont.<init>(PDDocument, InputStream, Encoding)",2
"org.apache.pdfbox.pdmodel.font.PDTrueTypeFont.<init>(PDDocument, InputStream, Encoding)","org.apache.pdfbox.pdmodel.font.PDTrueTypeFontEmbedder.<init>(PDDocument, COSDictionary, InputStream, Encoding)",2
"org.apache.pdfbox.pdmodel.font.PDTrueTypeFontEmbedder.<init>(PDDocument, COSDictionary, InputStream, Encoding)","org.apache.pdfbox.pdmodel.font.TrueTypeEmbedder.<init>(PDDocument, COSDictionary, InputStream, boolean)",4
"org.apache.pdfbox.pdmodel.font.TrueTypeEmbedder.<init>(PDDocument, COSDictionary, InputStream, boolean)",org.apache.pdfbox.pdmodel.font.TrueTypeEmbedder.buildFontFile2(InputStream),4
org.apache.pdfbox.pdmodel.font.TrueTypeEmbedder.buildFontFile2(InputStream),"org.apache.pdfbox.pdmodel.common.PDStream.<init>(PDDocument, InputStream, COSName)",4
org.apache.pdfbox.pdmodel.font.encoding.WinAnsiEncoding.<init>(),"org.apache.pdfbox.pdmodel.font.encoding.Encoding.add(int, String)",672
org.apache.pdfbox.pdmodel.font.encoding.WinAnsiEncoding.<init>(),org.apache.pdfbox.pdmodel.font.encoding.Encoding.<init>(),3
"org.apache.pdfbox.pdmodel.font.PDTrueTypeFont.<init>(PDDocument, InputStream, Encoding)",org.apache.pdfbox.pdmodel.font.PDSimpleFont.<init>(),2
org.apache.pdfbox.pdmodel.font.PDSimpleFont.<init>(),org.apache.pdfbox.pdmodel.font.PDFont.<init>(),2
"org.apache.pdfbox.pdmodel.graphics.blend.BlendComposite.getInstance(BlendMode, float)","org.apache.pdfbox.pdmodel.graphics.blend.BlendComposite.<init>(BlendMode, float)",2
org.apache.pdfbox.multipdf.PDFMergerUtility.mergeDocuments(MemoryUsageSetting),org.apache.pdfbox.pdmodel.PDDocument.<init>(MemoryUsageSetting),2
org.apache.pdfbox.multipdf.PDFMergerUtility.mergeDocuments(MemoryUsageSetting),"org.apache.pdfbox.pdmodel.PDDocument.load(InputStream, MemoryUsageSetting)",2
"org.apache.pdfbox.pdmodel.PDDocument.load(InputStream, MemoryUsageSetting)","org.apache.pdfbox.pdmodel.PDDocument.load(InputStream, String, InputStream, String, MemoryUsageSetting)",3
org.apache.pdfbox.multipdf.PDFMergerUtility.mergeDocuments(MemoryUsageSetting),org.apache.pdfbox.pdmodel.PDDocument.close(),2
org.apache.pdfbox.multipdf.PDFMergerUtility.mergeDocuments(MemoryUsageSetting),org.apache.pdfbox.io.MemoryUsageSetting.setupMainMemoryOnly(),1
org.apache.pdfbox.pdmodel.interactive.digitalsignature.visible.PDVisibleSigProperties.buildSignature(),org.apache.pdfbox.pdmodel.interactive.digitalsignature.visible.PDFTemplateCreator.buildPDF(PDVisibleSignDesigner),1
org.apache.pdfbox.pdmodel.interactive.digitalsignature.visible.PDFTemplateCreator.buildPDF(PDVisibleSignDesigner),org.apache.pdfbox.pdmodel.interactive.digitalsignature.visible.PDVisibleSigBuilder.createPage(PDVisibleSignDesigner),1
org.apache.pdfbox.pdmodel.interactive.digitalsignature.visible.PDFTemplateCreator.buildPDF(PDVisibleSignDesigner),org.apache.pdfbox.pdmodel.interactive.digitalsignature.visible.PDVisibleSigBuilder.createProcSetArray(),1
org.apache.pdfbox.pdmodel.interactive.digitalsignature.visible.PDVisibleSigBuilder.createProcSetArray(),org.apache.pdfbox.cos.COSName.getPDFName(String),10
org.apache.pdfbox.pdmodel.interactive.digitalsignature.visible.PDVisibleSigBuilder.createProcSetArray(),org.apache.pdfbox.cos.COSArray.<init>(),2
org.apache.pdfbox.pdmodel.interactive.digitalsignature.visible.PDVisibleSigBuilder.createProcSetArray(),org.apache.pdfbox.cos.COSArray.add(COSBase),10
org.apache.pdfbox.pdmodel.interactive.digitalsignature.visible.PDVisibleSigProperties.buildSignature(),org.apache.pdfbox.pdmodel.interactive.digitalsignature.visible.PDVisibleSigBuilder.<init>(),1
org.apache.pdfbox.pdmodel.interactive.digitalsignature.visible.PDVisibleSigBuilder.<init>(),org.apache.pdfbox.pdmodel.interactive.digitalsignature.visible.PDFTemplateStructure.<init>(),34
org.apache.pdfbox.pdmodel.interactive.digitalsignature.visible.PDVisibleSigProperties.buildSignature(),org.apache.pdfbox.pdmodel.interactive.digitalsignature.visible.PDFTemplateCreator.<init>(PDFTemplateBuilder),1
"org.apache.pdfbox.pdmodel.PDDocument.load(byte[], String, InputStream, String)","org.apache.pdfbox.pdmodel.PDDocument.load(byte[], String, InputStream, String, MemoryUsageSetting)",6
"org.apache.pdfbox.pdmodel.PDDocument.load(byte[], String, InputStream, String, MemoryUsageSetting)","org.apache.pdfbox.pdfparser.PDFParser.<init>(RandomAccessRead, String, InputStream, String, ScratchFile)",3
"org.apache.pdfbox.pdfparser.PDFParser.<init>(RandomAccessRead, String, InputStream, String, ScratchFile)",org.apache.pdfbox.io.RandomAccessBuffer.length(),3
"org.apache.pdfbox.pdmodel.PDDocument.load(byte[], String, InputStream, String, MemoryUsageSetting)",org.apache.pdfbox.pdfparser.PDFParser.parse(),3
org.apache.pdfbox.pdfparser.RandomAccessSource.read(),org.apache.pdfbox.io.RandomAccessBuffer.read(),19
org.apache.pdfbox.io.RandomAccessBuffer.read(),org.apache.pdfbox.io.RandomAccessBuffer.checkClosed(),44
org.apache.pdfbox.pdfparser.RandomAccessSource.isEOF(),org.apache.pdfbox.io.RandomAccessBuffer.isEOF(),6
org.apache.pdfbox.io.RandomAccessBuffer.isEOF(),org.apache.pdfbox.io.RandomAccessBuffer.checkClosed(),16
org.apache.pdfbox.io.IOUtils.closeQuietly(Closeable),org.apache.pdfbox.cos.COSDocument.close(),3
"org.apache.pdfbox.pdmodel.PDDocument.load(byte[], String, InputStream, String, MemoryUsageSetting)",org.apache.pdfbox.io.ScratchFile.<init>(MemoryUsageSetting),7
"org.apache.pdfbox.pdmodel.PDDocument.load(byte[], String, InputStream, String, MemoryUsageSetting)",org.apache.pdfbox.io.RandomAccessBuffer.<init>(byte[]),6
"org.apache.pdfbox.pdmodel.PDDocument.load(byte[], String, InputStream, String)",org.apache.pdfbox.io.MemoryUsageSetting.setupMainMemoryOnly(),6
org.apache.pdfbox.pdmodel.graphics.color.PDICCBased.<init>(COSArray),org.apache.pdfbox.pdmodel.graphics.color.PDCIEBasedColorSpace.<init>(),1
org.apache.pdfbox.pdmodel.interactive.annotation.PDAnnotationLine.<init>(),org.apache.pdfbox.pdmodel.interactive.annotation.PDAnnotationLine.setLine(float[]),43
org.apache.pdfbox.pdmodel.interactive.annotation.PDAnnotationLine.setLine(float[]),org.apache.pdfbox.cos.COSArray.setFloatArray(float[]),45
org.apache.pdfbox.pdmodel.interactive.annotation.PDAnnotationLine.setLine(float[]),org.apache.pdfbox.cos.COSArray.<init>(),45
org.apache.pdfbox.pdmodel.interactive.annotation.PDAnnotationLine.setLine(float[]),"org.apache.pdfbox.cos.COSDictionary.setItem(COSName, COSBase)",44
org.apache.pdfbox.pdmodel.interactive.annotation.PDAnnotationLine.<init>(),org.apache.pdfbox.pdmodel.interactive.annotation.PDAnnotationMarkup.<init>(),43
org.apache.pdfbox.pdmodel.interactive.annotation.PDAnnotationMarkup.<init>(),org.apache.pdfbox.pdmodel.interactive.annotation.PDAnnotation.<init>(),144
org.apache.pdfbox.pdmodel.interactive.annotation.PDAnnotation.<init>(),"org.apache.pdfbox.cos.COSDictionary.setItem(COSName, COSBase)",186
org.apache.pdfbox.pdmodel.interactive.annotation.PDAnnotation.<init>(),org.apache.pdfbox.cos.COSDictionary.<init>(),186
org.apache.pdfbox.pdmodel.interactive.annotation.PDAnnotationLine.<init>(),org.apache.pdfbox.cos.COSName.getPDFName(String),43
org.apache.pdfbox.pdmodel.interactive.annotation.PDAnnotationLine.<init>(),"org.apache.pdfbox.cos.COSDictionary.setItem(COSName, COSBase)",43
org.apache.pdfbox.pdmodel.interactive.annotation.PDAnnotationLine.setEndPointEndingStyle(String),org.apache.pdfbox.cos.COSDictionary.getDictionaryObject(COSName),4
org.apache.pdfbox.pdmodel.interactive.annotation.PDAnnotationLine.setEndPointEndingStyle(String),org.apache.pdfbox.cos.COSArray.<init>(),2
org.apache.pdfbox.pdmodel.interactive.annotation.PDAnnotationLine.setEndPointEndingStyle(String),org.apache.pdfbox.cos.COSArray.add(COSBase),4
org.apache.pdfbox.pdmodel.interactive.annotation.PDAnnotationLine.setEndPointEndingStyle(String),"org.apache.pdfbox.cos.COSDictionary.setItem(COSName, COSBase)",2
org.apache.pdfbox.pdmodel.interactive.annotation.PDAnnotationLine.setEndPointEndingStyle(String),org.apache.pdfbox.cos.COSName.getPDFName(String),4
org.apache.pdfbox.pdmodel.interactive.annotation.PDAnnotationLine.setEndPointEndingStyle(String),"org.apache.pdfbox.cos.COSArray.setName(int, String)",2
"org.apache.pdfbox.cos.COSArray.setName(int, String)","org.apache.pdfbox.cos.COSArray.set(int, COSBase)",96
"org.apache.pdfbox.cos.COSArray.setName(int, String)",org.apache.pdfbox.cos.COSName.getPDFName(String),96
org.apache.pdfbox.pdmodel.graphics.state.PDExtendedGraphicsState.getSoftMask(),org.apache.pdfbox.pdmodel.graphics.state.PDSoftMask.create(COSBase),12
org.apache.pdfbox.pdmodel.graphics.state.PDExtendedGraphicsState.getSoftMask(),org.apache.pdfbox.cos.COSDictionary.getDictionaryObject(COSName),12
org.apache.pdfbox.pdmodel.graphics.state.PDExtendedGraphicsState.setSmoothnessTolerance(Float),"org.apache.pdfbox.pdmodel.graphics.state.PDExtendedGraphicsState.setFloatItem(COSName, Float)",15
"org.apache.pdfbox.pdmodel.graphics.state.PDExtendedGraphicsState.setFloatItem(COSName, Float)",org.apache.pdfbox.cos.COSFloat.<init>(float),57
"org.apache.pdfbox.pdmodel.graphics.state.PDExtendedGraphicsState.setFloatItem(COSName, Float)","org.apache.pdfbox.cos.COSDictionary.setItem(COSName, COSBase)",50
org.apache.pdfbox.pdmodel.graphics.state.PDExtendedGraphicsState.<init>(),"org.apache.pdfbox.cos.COSDictionary.setItem(COSName, COSBase)",48
org.apache.pdfbox.pdmodel.graphics.state.PDExtendedGraphicsState.<init>(),org.apache.pdfbox.cos.COSDictionary.<init>(),48
org.apache.pdfbox.pdmodel.graphics.state.PDExtendedGraphicsState.getSmoothnessTolerance(),org.apache.pdfbox.pdmodel.graphics.state.PDExtendedGraphicsState.getFloatItem(COSName),23
org.apache.pdfbox.pdmodel.graphics.state.PDExtendedGraphicsState.getFloatItem(COSName),org.apache.pdfbox.cos.COSFloat.floatValue(),27
org.apache.pdfbox.pdmodel.graphics.state.PDExtendedGraphicsState.getFloatItem(COSName),org.apache.pdfbox.cos.COSDictionary.getDictionaryObject(COSName),113
org.apache.pdfbox.pdmodel.graphics.state.PDExtendedGraphicsState.getTransfer(),org.apache.pdfbox.cos.COSDictionary.getDictionaryObject(COSName),20
org.apache.pdfbox.pdmodel.graphics.state.PDExtendedGraphicsState.getOverprintMode(),org.apache.pdfbox.pdmodel.graphics.state.PDExtendedGraphicsState.getFloatItem(COSName),18
org.apache.pdfbox.pdmodel.graphics.state.PDExtendedGraphicsState.getRenderingIntent(),org.apache.pdfbox.cos.COSDictionary.getNameAsString(String),15
org.apache.pdfbox.cos.COSDictionary.getNameAsString(String),org.apache.pdfbox.cos.COSName.getPDFName(String),42
org.apache.pdfbox.cos.COSDictionary.getNameAsString(String),org.apache.pdfbox.cos.COSDictionary.getNameAsString(COSName),42
org.apache.pdfbox.pdmodel.graphics.state.PDExtendedGraphicsState.getMiterLimit(),org.apache.pdfbox.pdmodel.graphics.state.PDExtendedGraphicsState.getFloatItem(COSName),15
org.apache.pdfbox.filter.ccitt.CCITTFaxG31DDecodeInputStream.buildLookupTree(),"org.apache.pdfbox.filter.ccitt.CCITTFaxG31DDecodeInputStream.buildUpTerminating(short[], CCITTFaxG31DDecodeInputStream$NonLeafLookupTreeNode, boolean)",2
"org.apache.pdfbox.filter.ccitt.CCITTFaxG31DDecodeInputStream.buildUpTerminating(short[], CCITTFaxG31DDecodeInputStream$NonLeafLookupTreeNode, boolean)","org.apache.pdfbox.filter.ccitt.CCITTFaxG31DDecodeInputStream.addLookupTreeNode(short, CCITTFaxG31DDecodeInputStream$NonLeafLookupTreeNode, CCITTFaxG31DDecodeInputStream$LookupTreeNode)",128
org.apache.pdfbox.filter.ccitt.CCITTFaxG31DDecodeInputStream.buildLookupTree(),"org.apache.pdfbox.filter.ccitt.CCITTFaxG31DDecodeInputStream.buildUpMakeUp(short[], CCITTFaxG31DDecodeInputStream$NonLeafLookupTreeNode)",2
"org.apache.pdfbox.filter.ccitt.CCITTFaxG31DDecodeInputStream.buildUpMakeUp(short[], CCITTFaxG31DDecodeInputStream$NonLeafLookupTreeNode)","org.apache.pdfbox.filter.ccitt.CCITTFaxG31DDecodeInputStream.addLookupTreeNode(short, CCITTFaxG31DDecodeInputStream$NonLeafLookupTreeNode, CCITTFaxG31DDecodeInputStream$LookupTreeNode)",54
org.apache.pdfbox.filter.ccitt.CCITTFaxG31DDecodeInputStream.buildLookupTree(),"org.apache.pdfbox.filter.ccitt.CCITTFaxG31DDecodeInputStream.buildUpMakeUpLong(short[], CCITTFaxG31DDecodeInputStream$NonLeafLookupTreeNode)",2
"org.apache.pdfbox.filter.ccitt.CCITTFaxG31DDecodeInputStream.buildUpMakeUpLong(short[], CCITTFaxG31DDecodeInputStream$NonLeafLookupTreeNode)","org.apache.pdfbox.filter.ccitt.CCITTFaxG31DDecodeInputStream.addLookupTreeNode(short, CCITTFaxG31DDecodeInputStream$NonLeafLookupTreeNode, CCITTFaxG31DDecodeInputStream$LookupTreeNode)",26
org.apache.pdfbox.filter.ccitt.CCITTFaxG31DDecodeInputStream.buildLookupTree(),"org.apache.pdfbox.filter.ccitt.CCITTFaxG31DDecodeInputStream.addLookupTreeNode(short, CCITTFaxG31DDecodeInputStream$NonLeafLookupTreeNode, CCITTFaxG31DDecodeInputStream$LookupTreeNode)",2
org.apache.pdfbox.filter.ccitt.CCITTFaxG31DDecodeInputStream.read(),org.apache.pdfbox.filter.ccitt.CCITTFaxG31DDecodeInputStream.decodeLine(),4
org.apache.pdfbox.filter.ccitt.CCITTFaxG31DDecodeInputStream.decodeLine(),org.apache.pdfbox.filter.ccitt.PackedBitArray.clear(),3
org.apache.pdfbox.filter.ccitt.PackedBitArray.clear(),"org.apache.pdfbox.filter.ccitt.PackedBitArray.clearBits(int, int)",9
org.apache.pdfbox.filter.ccitt.CCITTFaxG31DDecodeInputStream.read(),org.apache.pdfbox.filter.ccitt.PackedBitArray.getByteCount(),4
"org.apache.pdfbox.filter.ccitt.CCITTFaxG31DDecodeInputStream.<init>(InputStream, int, boolean)","org.apache.pdfbox.filter.ccitt.CCITTFaxG31DDecodeInputStream.<init>(InputStream, int, int, boolean)",4
"org.apache.pdfbox.filter.ccitt.CCITTFaxG31DDecodeInputStream.<init>(InputStream, int, int, boolean)",org.apache.pdfbox.filter.ccitt.PackedBitArray.<init>(int),8
"org.apache.pdfbox.filter.ccitt.CCITTFaxG31DDecodeInputStream.<init>(InputStream, int, int, boolean)",org.apache.pdfbox.filter.ccitt.PackedBitArray.getByteCount(),6
org.apache.pdfbox.pdmodel.common.COSArrayList.toString(),org.apache.pdfbox.cos.COSArray.toString(),2
org.apache.pdfbox.pdmodel.common.COSArrayList.removeAll(Collection),org.apache.pdfbox.pdmodel.common.COSArrayList.toCOSObjectList(Collection),7
org.apache.pdfbox.pdmodel.common.COSArrayList.toCOSObjectList(Collection),org.apache.pdfbox.cos.COSString.<init>(String),4
org.apache.pdfbox.pdmodel.common.COSArrayList.toCOSObjectList(Collection),org.apache.pdfbox.pdmodel.common.COSArrayList.iterator(),20
org.apache.pdfbox.pdmodel.common.COSArrayList.removeAll(Collection),org.apache.pdfbox.cos.COSArray.removeAll(Collection),5
org.apache.pdfbox.pdmodel.common.COSArrayList.addAll(Collection),org.apache.pdfbox.pdmodel.common.COSArrayList.toCOSObjectList(Collection),6
org.apache.pdfbox.pdmodel.common.COSArrayList.iterator(),org.apache.pdfbox.pdmodel.common.COSArrayList.iterator(),14
org.apache.pdfbox.pdmodel.common.COSArrayList.add(Object),org.apache.pdfbox.cos.COSString.<init>(String),7
org.apache.pdfbox.pdmodel.common.COSArrayList.add(Object),org.apache.pdfbox.cos.COSArray.add(COSBase),7
org.apache.pdfbox.pdmodel.common.COSArrayList.clear(),org.apache.pdfbox.cos.COSArray.clear(),5
"org.apache.pdfbox.pdmodel.common.COSArrayList.<init>(Object, COSBase, COSDictionary, COSName)",org.apache.pdfbox.cos.COSArray.<init>(),69
"org.apache.pdfbox.pdmodel.common.COSArrayList.<init>(Object, COSBase, COSDictionary, COSName)",org.apache.pdfbox.cos.COSArray.add(COSBase),69
org.apache.pdfbox.pdmodel.common.COSArrayList.equals(Object),org.apache.pdfbox.pdmodel.common.COSArrayList.equals(Object),4
org.apache.pdfbox.pdmodel.common.COSArrayList.<init>(),org.apache.pdfbox.cos.COSArray.<init>(),77
org.apache.pdfbox.pdmodel.common.COSArrayList.convertFloatCOSArrayToList(COSArray),org.apache.pdfbox.cos.COSArray.size(),5
org.apache.pdfbox.pdmodel.common.COSArrayList.convertFloatCOSArrayToList(COSArray),"org.apache.pdfbox.pdmodel.common.COSArrayList.<init>(List, COSArray)",3
org.apache.pdfbox.pdmodel.common.COSArrayList.convertStringListToCOSStringCOSArray(List),org.apache.pdfbox.cos.COSArray.<init>(),12
org.apache.pdfbox.pdmodel.common.COSArrayList.convertStringListToCOSStringCOSArray(List),org.apache.pdfbox.pdmodel.common.COSArrayList.iterator(),12
org.apache.pdfbox.text.PDFMarkedContentExtractor.<init>(),org.apache.pdfbox.text.PDFMarkedContentExtractor.<init>(String),15
org.apache.pdfbox.text.PDFMarkedContentExtractor.<init>(String),org.apache.pdfbox.text.PDFTextStreamEngine.<init>(),17
"org.apache.pdfbox.pdmodel.font.encoding.GlyphList.load(String, int)","org.apache.pdfbox.pdmodel.font.encoding.GlyphList.<init>(InputStream, int)",1
"org.apache.pdfbox.pdmodel.font.encoding.GlyphList.<init>(InputStream, int)",org.apache.pdfbox.pdmodel.font.encoding.GlyphList.loadList(InputStream),1
org.apache.pdfbox.text.PDFTextStreamEngine.<init>(),org.apache.pdfbox.contentstream.PDFStreamEngine.addOperator(OperatorProcessor),440
org.apache.pdfbox.text.PDFTextStreamEngine.<init>(),org.apache.pdfbox.contentstream.PDFStreamEngine.<init>(),20
org.apache.pdfbox.text.PDFTextStreamEngine.<init>(),org.apache.pdfbox.contentstream.operator.state.SetMatrix.<init>(),20
org.apache.pdfbox.text.PDFTextStreamEngine.<init>(),org.apache.pdfbox.contentstream.operator.state.Restore.<init>(),20
org.apache.pdfbox.text.PDFTextStreamEngine.<init>(),org.apache.pdfbox.contentstream.operator.state.Save.<init>(),20
org.apache.pdfbox.text.PDFTextStreamEngine.<init>(),org.apache.pdfbox.contentstream.operator.state.SetGraphicsStateParameters.<init>(),20
org.apache.pdfbox.text.PDFTextStreamEngine.<init>(),org.apache.pdfbox.contentstream.operator.text.EndText.<init>(),20
org.apache.pdfbox.text.PDFTextStreamEngine.<init>(),org.apache.pdfbox.contentstream.operator.text.MoveTextSetLeading.<init>(),20
org.apache.pdfbox.text.PDFTextStreamEngine.<init>(),org.apache.pdfbox.contentstream.operator.text.SetCharSpacing.<init>(),20
org.apache.pdfbox.text.PDFTextStreamEngine.<init>(),org.apache.pdfbox.contentstream.operator.text.SetFontAndSize.<init>(),20
org.apache.pdfbox.text.PDFTextStreamEngine.<init>(),org.apache.pdfbox.contentstream.operator.text.SetTextHorizontalScaling.<init>(),20
org.apache.pdfbox.text.PDFTextStreamEngine.<init>(),org.apache.pdfbox.contentstream.operator.text.SetTextLeading.<init>(),20
org.apache.pdfbox.text.PDFTextStreamEngine.<init>(),org.apache.pdfbox.contentstream.operator.text.SetTextRenderingMode.<init>(),20
org.apache.pdfbox.text.PDFTextStreamEngine.<init>(),org.apache.pdfbox.contentstream.operator.text.SetTextRise.<init>(),20
org.apache.pdfbox.text.PDFTextStreamEngine.<init>(),org.apache.pdfbox.contentstream.operator.text.SetWordSpacing.<init>(),20
org.apache.pdfbox.text.PDFTextStreamEngine.<init>(),org.apache.pdfbox.contentstream.operator.text.ShowTextAdjusted.<init>(),20
org.apache.pdfbox.text.PDFTextStreamEngine.<init>(),org.apache.pdfbox.contentstream.operator.text.BeginText.<init>(),20
org.apache.pdfbox.text.PDFTextStreamEngine.<init>(),org.apache.pdfbox.contentstream.operator.text.ShowTextLine.<init>(),20
org.apache.pdfbox.text.PDFTextStreamEngine.<init>(),org.apache.pdfbox.contentstream.operator.state.Concatenate.<init>(),20
org.apache.pdfbox.text.PDFTextStreamEngine.<init>(),org.apache.pdfbox.contentstream.operator.text.MoveText.<init>(),20
org.apache.pdfbox.text.PDFTextStreamEngine.<init>(),org.apache.pdfbox.contentstream.operator.DrawObject.<init>(),20
org.apache.pdfbox.text.PDFTextStreamEngine.<init>(),org.apache.pdfbox.contentstream.operator.text.NextLine.<init>(),20
org.apache.pdfbox.text.PDFTextStreamEngine.<init>(),org.apache.pdfbox.contentstream.operator.text.ShowText.<init>(),20
org.apache.pdfbox.text.PDFTextStreamEngine.<init>(),org.apache.pdfbox.contentstream.operator.text.ShowTextLineAndSpace.<init>(),20
"org.apache.pdfbox.filter.DCTFilter.decode(InputStream, OutputStream, COSDictionary, int)","org.apache.pdfbox.filter.Filter.findImageReader(String, String)",2
"org.apache.pdfbox.pdmodel.font.PDCIDFontType0.<init>(COSDictionary, PDType0Font)","org.apache.pdfbox.pdmodel.font.PDCIDFont.<init>(COSDictionary, PDType0Font)",1
org.apache.pdfbox.pdmodel.documentinterchange.taggedpdf.PDExportFormatAttributeObject.setSummary(String),"org.apache.pdfbox.pdmodel.documentinterchange.taggedpdf.PDStandardAttributeObject.setString(String, String)",5
"org.apache.pdfbox.pdmodel.documentinterchange.taggedpdf.PDStandardAttributeObject.setString(String, String)","org.apache.pdfbox.cos.COSDictionary.setString(String, String)",17
"org.apache.pdfbox.cos.COSDictionary.setString(String, String)","org.apache.pdfbox.cos.COSDictionary.setString(COSName, String)",52
"org.apache.pdfbox.cos.COSDictionary.setString(String, String)",org.apache.pdfbox.cos.COSName.getPDFName(String),52
"org.apache.pdfbox.pdmodel.documentinterchange.taggedpdf.PDStandardAttributeObject.setString(String, String)",org.apache.pdfbox.cos.COSDictionary.getDictionaryObject(String),34
"org.apache.pdfbox.pdmodel.documentinterchange.taggedpdf.PDStandardAttributeObject.setString(String, String)","org.apache.pdfbox.pdmodel.documentinterchange.logicalstructure.PDAttributeObject.potentiallyNotifyChanged(COSBase, COSBase)",17
"org.apache.pdfbox.pdmodel.documentinterchange.logicalstructure.PDAttributeObject.potentiallyNotifyChanged(COSBase, COSBase)",org.apache.pdfbox.pdmodel.documentinterchange.logicalstructure.PDAttributeObject.notifyChanged(),498
"org.apache.pdfbox.pdmodel.documentinterchange.logicalstructure.PDAttributeObject.potentiallyNotifyChanged(COSBase, COSBase)","org.apache.pdfbox.pdmodel.documentinterchange.logicalstructure.PDAttributeObject.isValueChanged(COSBase, COSBase)",579
org.apache.pdfbox.pdmodel.documentinterchange.taggedpdf.PDExportFormatAttributeObject.<init>(String),org.apache.pdfbox.pdmodel.documentinterchange.taggedpdf.PDLayoutAttributeObject.<init>(),44
org.apache.pdfbox.pdmodel.documentinterchange.taggedpdf.PDLayoutAttributeObject.<init>(),org.apache.pdfbox.pdmodel.documentinterchange.logicalstructure.PDAttributeObject.setOwner(String),108
org.apache.pdfbox.pdmodel.documentinterchange.logicalstructure.PDAttributeObject.setOwner(String),"org.apache.pdfbox.cos.COSDictionary.setName(COSName, String)",217
org.apache.pdfbox.pdmodel.documentinterchange.taggedpdf.PDLayoutAttributeObject.<init>(),org.apache.pdfbox.pdmodel.documentinterchange.taggedpdf.PDStandardAttributeObject.<init>(),108
org.apache.pdfbox.pdmodel.documentinterchange.taggedpdf.PDStandardAttributeObject.<init>(),org.apache.pdfbox.pdmodel.documentinterchange.logicalstructure.PDAttributeObject.<init>(),163
org.apache.pdfbox.pdmodel.documentinterchange.logicalstructure.PDAttributeObject.<init>(),org.apache.pdfbox.pdmodel.common.PDDictionaryWrapper.<init>(),180
org.apache.pdfbox.pdmodel.documentinterchange.taggedpdf.PDExportFormatAttributeObject.<init>(String),org.apache.pdfbox.pdmodel.documentinterchange.logicalstructure.PDAttributeObject.setOwner(String),44
"org.apache.pdfbox.cos.COSDictionary.setItem(COSName, COSBase)",org.apache.pdfbox.cos.COSDictionary.removeItem(COSName),670
org.apache.pdfbox.pdmodel.documentinterchange.taggedpdf.PDExportFormatAttributeObject.getSummary(),org.apache.pdfbox.pdmodel.documentinterchange.taggedpdf.PDStandardAttributeObject.getString(String),5
org.apache.pdfbox.pdmodel.documentinterchange.taggedpdf.PDStandardAttributeObject.getString(String),org.apache.pdfbox.cos.COSDictionary.getString(String),18
org.apache.pdfbox.cos.COSDictionary.getString(String),org.apache.pdfbox.cos.COSDictionary.getString(COSName),42
org.apache.pdfbox.cos.COSDictionary.getString(String),org.apache.pdfbox.cos.COSName.getPDFName(String),42
org.apache.pdfbox.pdmodel.common.function.PDFunctionType3.eval(float[]),org.apache.pdfbox.pdmodel.common.function.PDFunction.getDomainForInput(int),1
org.apache.pdfbox.pdmodel.common.function.PDFunction.getDomainForInput(int),org.apache.pdfbox.pdmodel.common.function.PDFunction.getDomainValues(),2
org.apache.pdfbox.pdmodel.common.function.PDFunction.getDomainValues(),org.apache.pdfbox.pdmodel.common.function.PDFunction.getCOSObject(),3
org.apache.pdfbox.pdmodel.common.function.PDFunctionType3.<init>(COSBase),org.apache.pdfbox.pdmodel.common.function.PDFunction.<init>(COSBase),12
org.apache.pdfbox.pdmodel.interactive.documentnavigation.outline.PDOutlineItem.getDestination(),org.apache.pdfbox.cos.COSDictionary.getDictionaryObject(COSName),9
org.apache.pdfbox.pdmodel.interactive.documentnavigation.outline.PDOutlineItem.getDestination(),org.apache.pdfbox.pdmodel.interactive.documentnavigation.destination.PDDestination.create(COSBase),9
org.apache.pdfbox.pdmodel.common.function.type4.InstructionSequenceBuilder.parse(CharSequence),org.apache.pdfbox.pdmodel.common.function.type4.InstructionSequenceBuilder.<init>(),7
org.apache.pdfbox.pdmodel.common.function.type4.InstructionSequenceBuilder.<init>(),org.apache.pdfbox.pdmodel.common.function.type4.InstructionSequence.<init>(),6
org.apache.pdfbox.pdmodel.common.function.type4.InstructionSequenceBuilder.parse(CharSequence),"org.apache.pdfbox.pdmodel.common.function.type4.Parser.parse(CharSequence, Parser$SyntaxHandler)",6
org.apache.pdfbox.pdmodel.common.function.type4.InstructionSequenceBuilder.token(CharSequence),org.apache.pdfbox.pdmodel.common.function.type4.InstructionSequenceBuilder.token(String),9
org.apache.pdfbox.pdmodel.common.function.type4.InstructionSequenceBuilder.token(String),org.apache.pdfbox.pdmodel.common.function.type4.InstructionSequenceBuilder.parseReal(String),2
org.apache.pdfbox.pdmodel.common.function.type4.InstructionSequenceBuilder.token(String),org.apache.pdfbox.pdmodel.common.function.type4.InstructionSequence.addReal(float),1
org.apache.pdfbox.pdmodel.common.function.type4.InstructionSequenceBuilder.token(String),org.apache.pdfbox.pdmodel.common.function.type4.InstructionSequenceBuilder.getCurrentSequence(),8
org.apache.pdfbox.pdmodel.font.PDType3CharProc.getWidth(),org.apache.pdfbox.pdfparser.PDFStreamParser.<init>(PDContentStream),1
org.apache.pdfbox.pdfparser.PDFStreamParser.<init>(PDContentStream),org.apache.pdfbox.pdmodel.font.PDType3CharProc.getContents(),2
org.apache.pdfbox.pdmodel.fdf.FDFDocument.load(String),org.apache.pdfbox.pdfparser.FDFParser.<init>(String),3
"org.apache.pdfbox.pdmodel.graphics.image.SampledImageReader.getStencilImage(PDImage, Paint)","org.apache.pdfbox.pdmodel.graphics.image.SampledImageReader.getRGBImage(PDImage, COSArray)",1
org.apache.pdfbox.pdmodel.graphics.color.PDCalRGB.<init>(),org.apache.pdfbox.pdmodel.graphics.color.PDCIEDictionaryBasedColorSpace.<init>(COSName),27
org.apache.pdfbox.pdmodel.graphics.color.PDCalRGB.<init>(),"org.apache.pdfbox.pdmodel.graphics.color.PDColor.<init>(float[], PDColorSpace)",27
org.apache.pdfbox.pdmodel.interactive.digitalsignature.visible.PDVisibleSigBuilder.createInnerFormResource(),org.apache.pdfbox.pdmodel.PDResources.<init>(),1
org.apache.pdfbox.filter.ccitt.PackedBitArray.toString(),org.apache.pdfbox.filter.ccitt.PackedBitArray.toBitString(byte[]),17
org.apache.pdfbox.filter.ccitt.PackedBitArray.toBitString(byte[]),"org.apache.pdfbox.filter.ccitt.PackedBitArray.toBitString(byte[], int, int)",46
"org.apache.pdfbox.filter.ccitt.PackedBitArray.setBits(int, int)",org.apache.pdfbox.filter.ccitt.PackedBitArray.bitOffset(int),35
"org.apache.pdfbox.filter.ccitt.PackedBitArray.setBits(int, int)",org.apache.pdfbox.filter.ccitt.PackedBitArray.byteOffset(int),35
"org.apache.pdfbox.filter.ccitt.PackedBitArray.setBits(int, int, int)","org.apache.pdfbox.filter.ccitt.PackedBitArray.clearBits(int, int)",10
"org.apache.pdfbox.filter.ccitt.PackedBitArray.clearBits(int, int)",org.apache.pdfbox.filter.ccitt.PackedBitArray.byteOffset(int),44
"org.apache.pdfbox.text.TextPosition.<init>(int, float, float, Matrix, float, float, float, float, float, String, int[], PDFont, float, int)",org.apache.pdfbox.text.TextPosition.getXRot(float),46
"org.apache.pdfbox.text.TextPosition.<init>(int, float, float, Matrix, float, float, float, float, float, String, int[], PDFont, float, int)",org.apache.pdfbox.text.TextPosition.getYLowerLeftRot(float),44
org.apache.pdfbox.text.TextPosition.getWidth(),org.apache.pdfbox.text.TextPosition.getWidthRot(float),2
org.apache.pdfbox.pdmodel.PDStructureElementNameTreeNode.convertCOSToPD(COSBase),org.apache.pdfbox.pdmodel.documentinterchange.logicalstructure.PDStructureElement.<init>(COSDictionary),1
org.apache.pdfbox.pdmodel.documentinterchange.logicalstructure.PDStructureElement.<init>(COSDictionary),org.apache.pdfbox.pdmodel.documentinterchange.logicalstructure.PDStructureNode.<init>(COSDictionary),72
org.apache.pdfbox.pdmodel.PDStructureElementNameTreeNode.<init>(),org.apache.pdfbox.pdmodel.common.PDNameTreeNode.<init>(),1
org.apache.pdfbox.pdmodel.common.PDNameTreeNode.<init>(),org.apache.pdfbox.cos.COSDictionary.<init>(),16
org.apache.pdfbox.pdmodel.interactive.form.PDPushButton.<init>(PDAcroForm),org.apache.pdfbox.pdmodel.interactive.form.PDButton.<init>(PDAcroForm),21
org.apache.pdfbox.pdmodel.interactive.form.PDButton.<init>(PDAcroForm),org.apache.pdfbox.pdmodel.interactive.form.PDTerminalField.<init>(PDAcroForm),55
org.apache.pdfbox.pdmodel.interactive.form.PDTerminalField.<init>(PDAcroForm),org.apache.pdfbox.pdmodel.interactive.form.PDField.<init>(PDAcroForm),149
org.apache.pdfbox.pdmodel.interactive.form.PDField.<init>(PDAcroForm),org.apache.pdfbox.cos.COSDictionary.<init>(),170
org.apache.pdfbox.pdmodel.interactive.form.PDField.<init>(PDAcroForm),"org.apache.pdfbox.pdmodel.interactive.form.PDField.<init>(PDAcroForm, COSDictionary, PDNonTerminalField)",170
org.apache.pdfbox.pdmodel.interactive.form.PDButton.<init>(PDAcroForm),"org.apache.pdfbox.cos.COSDictionary.setItem(COSName, COSBase)",55
org.apache.pdfbox.pdmodel.interactive.form.PDPushButton.<init>(PDAcroForm),org.apache.pdfbox.pdmodel.interactive.form.PDButton.setPushButton(boolean),21
org.apache.pdfbox.pdmodel.interactive.form.PDButton.setPushButton(boolean),"org.apache.pdfbox.cos.COSDictionary.setFlag(COSName, int, boolean)",22
"org.apache.pdfbox.cos.COSDictionary.setFlag(COSName, int, boolean)","org.apache.pdfbox.cos.COSDictionary.setInt(COSName, int)",143
"org.apache.pdfbox.cos.COSDictionary.setFlag(COSName, int, boolean)","org.apache.pdfbox.cos.COSDictionary.getInt(COSName, int)",143
org.apache.pdfbox.pdmodel.fdf.FDFDocument.close(),org.apache.pdfbox.cos.COSDocument.close(),1
"org.apache.pdfbox.pdmodel.common.PDPageLabels.<init>(PDDocument, COSDictionary)",org.apache.pdfbox.pdmodel.common.PDPageLabels.<init>(PDDocument),4
org.apache.pdfbox.pdmodel.common.PDPageLabels.<init>(PDDocument),org.apache.pdfbox.pdmodel.common.PDPageLabelRange.setStyle(String),10
org.apache.pdfbox.pdmodel.common.PDPageLabelRange.setStyle(String),"org.apache.pdfbox.cos.COSDictionary.setName(COSName, String)",12
org.apache.pdfbox.pdmodel.common.PDPageLabels.<init>(PDDocument),org.apache.pdfbox.pdmodel.common.PDPageLabelRange.<init>(),10
org.apache.pdfbox.pdmodel.common.PDPageLabelRange.<init>(),org.apache.pdfbox.cos.COSDictionary.<init>(),23
org.apache.pdfbox.pdmodel.common.PDPageLabelRange.<init>(),org.apache.pdfbox.pdmodel.common.PDPageLabelRange.<init>(COSDictionary),23
org.apache.pdfbox.io.RandomAccessBufferedFileInputStream.<init>(String),org.apache.pdfbox.io.RandomAccessBufferedFileInputStream.<init>(File),2
org.apache.pdfbox.pdmodel.interactive.digitalsignature.SignatureOptions.setVisualSignature(InputStream),org.apache.pdfbox.io.RandomAccessBufferedFileInputStream.<init>(InputStream),2
"org.apache.pdfbox.pdmodel.graphics.shading.Type4ShadingPaint.createContext(ColorModel, Rectangle, Rectangle2D, AffineTransform, RenderingHints)","org.apache.pdfbox.pdmodel.graphics.shading.Type4ShadingContext.<init>(PDShadingType4, ColorModel, AffineTransform, Matrix, Rectangle)",1
"org.apache.pdfbox.pdmodel.graphics.shading.Type4ShadingContext.<init>(PDShadingType4, ColorModel, AffineTransform, Matrix, Rectangle)","org.apache.pdfbox.pdmodel.graphics.shading.GouraudShadingContext.<init>(PDShading, ColorModel, AffineTransform, Matrix)",2
"org.apache.pdfbox.pdmodel.graphics.shading.GouraudShadingContext.<init>(PDShading, ColorModel, AffineTransform, Matrix)","org.apache.pdfbox.pdmodel.graphics.shading.TriangleBasedShadingContext.<init>(PDShading, ColorModel, AffineTransform, Matrix)",4
"org.apache.pdfbox.cos.COSDictionary.getInt(COSName, COSName, int)",org.apache.pdfbox.cos.COSFloat.intValue(),3
org.apache.pdfbox.cos.COSDictionary.getDate(String),org.apache.pdfbox.cos.COSName.getPDFName(String),15
org.apache.pdfbox.cos.COSDictionary.getDate(String),org.apache.pdfbox.cos.COSDictionary.getDate(COSName),15
org.apache.pdfbox.cos.COSDictionary.getDate(COSName),org.apache.pdfbox.cos.COSDictionary.getDictionaryObject(COSName),56
org.apache.pdfbox.cos.COSDictionary.getDate(COSName),org.apache.pdfbox.util.DateConverter.toCalendar(COSString),48
"org.apache.pdfbox.cos.COSDictionary.getString(String, String)","org.apache.pdfbox.cos.COSDictionary.getString(COSName, String)",23
"org.apache.pdfbox.cos.COSDictionary.getString(COSName, String)",org.apache.pdfbox.cos.COSDictionary.getString(COSName),43
"org.apache.pdfbox.cos.COSDictionary.getString(String, String)",org.apache.pdfbox.cos.COSName.getPDFName(String),23
org.apache.pdfbox.cos.COSDictionary.getLong(String),"org.apache.pdfbox.cos.COSDictionary.getLong(COSName, long)",21
org.apache.pdfbox.cos.COSDictionary.getLong(String),org.apache.pdfbox.cos.COSName.getPDFName(String),21
"org.apache.pdfbox.cos.COSDictionary.getEmbeddedString(String, COSName, String)",org.apache.pdfbox.cos.COSDictionary.getDictionaryObject(String),43
"org.apache.pdfbox.cos.COSDictionary.getInt(String, int)","org.apache.pdfbox.cos.COSDictionary.getInt(COSName, int)",49
"org.apache.pdfbox.cos.COSDictionary.getInt(String, int)",org.apache.pdfbox.cos.COSName.getPDFName(String),49
"org.apache.pdfbox.pdmodel.graphics.shading.RadialShadingPaint.createContext(ColorModel, Rectangle, Rectangle2D, AffineTransform, RenderingHints)","org.apache.pdfbox.pdmodel.graphics.shading.RadialShadingContext.<init>(PDShadingType3, ColorModel, AffineTransform, Matrix, Rectangle)",1
"org.apache.pdfbox.pdmodel.graphics.shading.RadialShadingContext.<init>(PDShadingType3, ColorModel, AffineTransform, Matrix, Rectangle)","org.apache.pdfbox.pdmodel.graphics.shading.ShadingContext.<init>(PDShading, ColorModel, AffineTransform, Matrix)",2
"org.apache.pdfbox.filter.LZWFilter.decode(InputStream, OutputStream, COSDictionary, int)","org.apache.pdfbox.filter.Filter.getDecodeParams(COSDictionary, int)",1
"org.apache.pdfbox.pdmodel.encryption.StandardSecurityHandler.computeOwnerPassword(byte[], byte[], int, int)","org.apache.pdfbox.pdmodel.encryption.StandardSecurityHandler.computeRC4key(byte[], int, int)",7
"org.apache.pdfbox.pdmodel.encryption.StandardSecurityHandler.computeRC4key(byte[], int, int)",org.apache.pdfbox.pdmodel.encryption.MessageDigests.getMD5(),21
"org.apache.pdfbox.pdmodel.encryption.StandardSecurityHandler.computeRC4key(byte[], int, int)",org.apache.pdfbox.pdmodel.encryption.StandardSecurityHandler.truncateOrPad(byte[]),21
"org.apache.pdfbox.pdmodel.encryption.StandardSecurityHandler.computeOwnerPassword(byte[], byte[], int, int)","org.apache.pdfbox.pdmodel.encryption.SecurityHandler.encryptDataRC4(byte[], InputStream, OutputStream)",23
"org.apache.pdfbox.pdmodel.encryption.SecurityHandler.encryptDataRC4(byte[], InputStream, OutputStream)","org.apache.pdfbox.pdmodel.encryption.RC4Cipher.write(InputStream, OutputStream)",63
"org.apache.pdfbox.pdmodel.encryption.RC4Cipher.write(InputStream, OutputStream)","org.apache.pdfbox.pdmodel.encryption.RC4Cipher.write(byte[], int, int, OutputStream)",62
"org.apache.pdfbox.pdmodel.encryption.RC4Cipher.write(byte[], int, int, OutputStream)","org.apache.pdfbox.pdmodel.encryption.RC4Cipher.write(byte, OutputStream)",1344
"org.apache.pdfbox.pdmodel.encryption.SecurityHandler.encryptDataRC4(byte[], InputStream, OutputStream)",org.apache.pdfbox.pdmodel.encryption.RC4Cipher.setKey(byte[]),66
"org.apache.pdfbox.pdmodel.encryption.StandardSecurityHandler.computeOwnerPassword(byte[], byte[], int, int)",org.apache.pdfbox.pdmodel.encryption.StandardSecurityHandler.truncateOrPad(byte[]),4
org.apache.pdfbox.pdmodel.encryption.StandardSecurityHandler.<init>(),org.apache.pdfbox.pdmodel.encryption.SecurityHandler.<init>(),50
org.apache.pdfbox.pdmodel.interactive.form.PDXFAResource.getDocument(),org.apache.pdfbox.pdmodel.interactive.form.PDXFAResource.getBytes(),1
org.apache.pdfbox.printing.PDFPageable.<init>(PDDocument),"org.apache.pdfbox.printing.PDFPageable.<init>(PDDocument, Orientation, boolean, float)",2
org.apache.pdfbox.printing.PDFPageable.getPrintable(int),org.apache.pdfbox.printing.PDFPageable.getNumberOfPages(),1
org.apache.pdfbox.printing.PDFPrintable.<init>(PDDocument),"org.apache.pdfbox.printing.PDFPrintable.<init>(PDDocument, Scaling)",2
"org.apache.pdfbox.printing.PDFPrintable.<init>(PDDocument, Scaling)","org.apache.pdfbox.printing.PDFPrintable.<init>(PDDocument, Scaling, boolean, float)",3
"org.apache.pdfbox.printing.PDFPrintable.<init>(PDDocument, Scaling, boolean, float)","org.apache.pdfbox.printing.PDFPrintable.<init>(PDDocument, Scaling, boolean, float, boolean)",5
"org.apache.pdfbox.printing.PDFPrintable.<init>(PDDocument, Scaling, boolean, float, boolean)",org.apache.pdfbox.rendering.PDFRenderer.<init>(PDDocument),6
"org.apache.pdfbox.filter.ccitt.TIFFFaxDecoder.decode1D(byte[], byte[], int, int)","org.apache.pdfbox.filter.ccitt.TIFFFaxDecoder.decodeNextScanline(byte[], int, int)",6831
"org.apache.pdfbox.filter.ccitt.TIFFFaxDecoder.decodeNextScanline(byte[], int, int)",org.apache.pdfbox.filter.ccitt.TIFFFaxDecoder.nextNBits(int),14
"org.apache.pdfbox.pdmodel.graphics.image.JPEGFactory.createFromStream(PDDocument, InputStream)",org.apache.pdfbox.io.IOUtils.toByteArray(InputStream),1
org.apache.pdfbox.io.IOUtils.toByteArray(InputStream),"org.apache.pdfbox.io.IOUtils.copy(InputStream, OutputStream)",2
"org.apache.pdfbox.pdmodel.graphics.color.PDColorSpace.create(COSBase, PDResources, boolean)",org.apache.pdfbox.pdmodel.graphics.color.PDIndexed.<init>(COSArray),2
org.apache.pdfbox.pdmodel.graphics.color.PDIndexed.<init>(COSArray),org.apache.pdfbox.pdmodel.graphics.color.PDIndexed.initRgbColorTable(),3
org.apache.pdfbox.pdmodel.graphics.color.PDIndexed.<init>(COSArray),org.apache.pdfbox.pdmodel.graphics.color.PDIndexed.readColorTable(),4
org.apache.pdfbox.pdmodel.graphics.color.PDIndexed.readColorTable(),org.apache.pdfbox.pdmodel.graphics.color.PDIndexed.getLookupData(),4
org.apache.pdfbox.pdmodel.graphics.color.PDIndexed.getLookupData(),org.apache.pdfbox.cos.COSArray.getObject(int),4
org.apache.pdfbox.pdmodel.graphics.color.PDIndexed.readColorTable(),org.apache.pdfbox.pdmodel.graphics.color.PDIndexed.getHival(),4
org.apache.pdfbox.pdmodel.graphics.color.PDIndexed.getHival(),org.apache.pdfbox.cos.COSArray.getObject(int),5
org.apache.pdfbox.pdmodel.graphics.color.PDIndexed.<init>(COSArray),org.apache.pdfbox.pdmodel.graphics.color.PDColorSpace.create(COSBase),5
org.apache.pdfbox.pdmodel.graphics.color.PDIndexed.<init>(COSArray),org.apache.pdfbox.cos.COSArray.getObject(int),5
"org.apache.pdfbox.pdmodel.graphics.color.PDColorSpace.create(COSBase, PDResources, boolean)",org.apache.pdfbox.cos.COSArray.getObject(int),10
org.apache.pdfbox.pdmodel.graphics.color.PDIndexed.setHighValue(int),"org.apache.pdfbox.cos.COSArray.set(int, int)",2
"org.apache.pdfbox.cos.COSArray.set(int, int)",org.apache.pdfbox.cos.COSInteger.get(long),12
org.apache.pdfbox.pdmodel.interactive.measurement.PDRectlinearMeasureDictionary.setLineSloaps(PDNumberFormatDictionary[]),org.apache.pdfbox.cos.COSArray.add(COSObjectable),1
org.apache.pdfbox.pdmodel.interactive.measurement.PDRectlinearMeasureDictionary.setLineSloaps(PDNumberFormatDictionary[]),org.apache.pdfbox.cos.COSArray.<init>(),2
org.apache.pdfbox.pdmodel.interactive.measurement.PDRectlinearMeasureDictionary.<init>(),org.apache.pdfbox.pdmodel.interactive.measurement.PDMeasureDictionary.<init>(),29
org.apache.pdfbox.pdmodel.interactive.measurement.PDMeasureDictionary.<init>(),"org.apache.pdfbox.cos.COSDictionary.setName(COSName, String)",33
org.apache.pdfbox.pdmodel.interactive.measurement.PDMeasureDictionary.<init>(),org.apache.pdfbox.cos.COSDictionary.<init>(),33
org.apache.pdfbox.pdmodel.interactive.measurement.PDRectlinearMeasureDictionary.<init>(),org.apache.pdfbox.pdmodel.interactive.measurement.PDMeasureDictionary.setSubtype(String),29
org.apache.pdfbox.pdmodel.interactive.measurement.PDMeasureDictionary.setSubtype(String),"org.apache.pdfbox.cos.COSDictionary.setName(COSName, String)",30
"org.apache.pdfbox.pdmodel.graphics.shading.Type5ShadingPaint.createContext(ColorModel, Rectangle, Rectangle2D, AffineTransform, RenderingHints)","org.apache.pdfbox.pdmodel.graphics.shading.Type5ShadingContext.<init>(PDShadingType5, ColorModel, AffineTransform, Matrix, Rectangle)",1
"org.apache.pdfbox.pdmodel.graphics.shading.Type5ShadingContext.<init>(PDShadingType5, ColorModel, AffineTransform, Matrix, Rectangle)","org.apache.pdfbox.pdmodel.graphics.shading.GouraudShadingContext.<init>(PDShading, ColorModel, AffineTransform, Matrix)",2
"org.apache.pdfbox.filter.ccitt.PackedBitArray.setBits(int, int, int)","org.apache.pdfbox.filter.ccitt.PackedBitArray.setBits(int, int)",12
org.apache.pdfbox.pdmodel.interactive.action.PDActionRemoteGoTo.getFile(),org.apache.pdfbox.cos.COSDictionary.getDictionaryObject(COSName),1
org.apache.pdfbox.pdmodel.interactive.action.PDActionRemoteGoTo.getFile(),org.apache.pdfbox.pdmodel.common.filespecification.PDFileSpecification.createFS(COSBase),1
org.apache.pdfbox.pdmodel.interactive.action.PDActionRemoteGoTo.<init>(),org.apache.pdfbox.pdmodel.interactive.action.PDAction.<init>(),9
org.apache.pdfbox.pdmodel.interactive.action.PDActionRemoteGoTo.<init>(),org.apache.pdfbox.pdmodel.interactive.action.PDAction.setSubType(String),9
org.apache.pdfbox.pdmodel.interactive.action.PDActionRemoteGoTo.<init>(),org.apache.pdfbox.cos.COSDictionary.<init>(),9
"org.apache.pdfbox.pdmodel.PDDocument.addSignatureField(List, SignatureInterface, SignatureOptions)",org.apache.pdfbox.pdmodel.interactive.form.PDAcroForm.<init>(PDDocument),2
org.apache.pdfbox.pdmodel.interactive.form.PDAcroForm.<init>(PDDocument),"org.apache.pdfbox.cos.COSDictionary.setItem(COSName, COSBase)",36
org.apache.pdfbox.pdmodel.interactive.form.PDAcroForm.<init>(PDDocument),org.apache.pdfbox.cos.COSDictionary.<init>(),36
org.apache.pdfbox.pdmodel.interactive.form.PDAcroForm.<init>(PDDocument),org.apache.pdfbox.cos.COSArray.<init>(),36
"org.apache.pdfbox.pdmodel.PDDocument.addSignatureField(List, SignatureInterface, SignatureOptions)",org.apache.pdfbox.pdmodel.interactive.form.PDAcroForm.getFields(),2
"org.apache.pdfbox.pdmodel.PDDocument.addSignatureField(List, SignatureInterface, SignatureOptions)",org.apache.pdfbox.pdmodel.interactive.form.PDAcroForm.isSignaturesExist(),2
org.apache.pdfbox.pdmodel.interactive.form.PDAcroForm.isSignaturesExist(),"org.apache.pdfbox.cos.COSDictionary.getFlag(COSName, int)",4
"org.apache.pdfbox.cos.COSDictionary.getFlag(COSName, int)","org.apache.pdfbox.cos.COSDictionary.getInt(COSName, int)",140
"org.apache.pdfbox.pdmodel.PDDocument.addSignatureField(List, SignatureInterface, SignatureOptions)",org.apache.pdfbox.pdmodel.interactive.form.PDAcroForm.setSignaturesExist(boolean),2
org.apache.pdfbox.pdmodel.interactive.form.PDAcroForm.setSignaturesExist(boolean),"org.apache.pdfbox.cos.COSDictionary.setFlag(COSName, int, boolean)",3
"org.apache.pdfbox.pdmodel.PDDocument.addSignatureField(List, SignatureInterface, SignatureOptions)",org.apache.pdfbox.pdmodel.PDDocumentCatalog.setAcroForm(PDAcroForm),2
org.apache.pdfbox.pdmodel.PDDocumentCatalog.setAcroForm(PDAcroForm),"org.apache.pdfbox.cos.COSDictionary.setItem(COSName, COSObjectable)",2
"org.apache.pdfbox.cos.COSDictionary.setItem(COSName, COSObjectable)",org.apache.pdfbox.pdmodel.interactive.form.PDAcroForm.getCOSObject(),2
"org.apache.pdfbox.pdmodel.PDDocument.addSignatureField(List, SignatureInterface, SignatureOptions)",org.apache.pdfbox.pdmodel.PDDocument.getDocumentCatalog(),3
"org.apache.pdfbox.pdmodel.PDDocument.addSignatureField(List, SignatureInterface, SignatureOptions)",org.apache.pdfbox.pdmodel.PDDocumentCatalog.getAcroForm(),2
org.apache.pdfbox.pdmodel.PDDocument.getSignatureFields(),org.apache.pdfbox.pdmodel.PDDocumentCatalog.getAcroForm(),6
org.apache.pdfbox.pdmodel.PDDocument.getSignatureFields(),org.apache.pdfbox.pdmodel.common.COSArrayList.iterator(),2
org.apache.pdfbox.pdmodel.PDDocument.getSignatureFields(),org.apache.pdfbox.pdmodel.interactive.form.PDAcroForm.getFields(),2
org.apache.pdfbox.pdmodel.PDDocument.getSignatureFields(),org.apache.pdfbox.pdmodel.PDDocument.getDocumentCatalog(),9
"org.apache.pdfbox.filter.CCITTFaxFilter.decode(InputStream, OutputStream, COSDictionary, int)",org.apache.pdfbox.cos.COSDictionary.addAll(COSDictionary),2
"org.apache.pdfbox.filter.CCITTFaxFilter.decode(InputStream, OutputStream, COSDictionary, int)",org.apache.pdfbox.cos.COSDictionary.<init>(),2
"org.apache.pdfbox.filter.CCITTFaxFilter.decode(InputStream, OutputStream, COSDictionary, int)",org.apache.pdfbox.filter.DecodeResult.<init>(COSDictionary),2
org.apache.pdfbox.pdmodel.interactive.annotation.PDBorderStyleDictionary.getWidth(),"org.apache.pdfbox.cos.COSDictionary.getFloat(String, float)",3
"org.apache.pdfbox.cos.COSDictionary.getFloat(String, float)","org.apache.pdfbox.cos.COSDictionary.getFloat(COSName, float)",106
"org.apache.pdfbox.cos.COSDictionary.getFloat(String, float)",org.apache.pdfbox.cos.COSName.getPDFName(String),106
org.apache.pdfbox.pdmodel.graphics.color.PDDeviceNProcess.<init>(),org.apache.pdfbox.cos.COSDictionary.<init>(),4
org.apache.pdfbox.pdmodel.interactive.digitalsignature.visible.PDVisibleSigBuilder.createFormatterRectangle(byte[]),org.apache.pdfbox.pdmodel.common.PDRectangle.<init>(),3
org.apache.pdfbox.pdmodel.interactive.digitalsignature.visible.PDVisibleSigBuilder.createFormatterRectangle(byte[]),org.apache.pdfbox.pdmodel.common.PDRectangle.setUpperRightX(float),1
org.apache.pdfbox.pdmodel.interactive.digitalsignature.visible.PDVisibleSigBuilder.createFormatterRectangle(byte[]),org.apache.pdfbox.pdmodel.common.PDRectangle.setUpperRightY(float),1
org.apache.pdfbox.pdmodel.interactive.digitalsignature.visible.PDVisibleSigBuilder.createFormatterRectangle(byte[]),org.apache.pdfbox.pdmodel.common.PDRectangle.setLowerLeftX(float),1
org.apache.pdfbox.pdmodel.interactive.digitalsignature.visible.PDVisibleSigBuilder.createFormatterRectangle(byte[]),org.apache.pdfbox.pdmodel.common.PDRectangle.setLowerLeftY(float),1
org.apache.pdfbox.io.ScratchFile.getNewPage(),org.apache.pdfbox.io.ScratchFile.enlarge(),6
org.apache.pdfbox.io.ScratchFile.enlarge(),org.apache.pdfbox.io.ScratchFile.checkClosed(),6
org.apache.pdfbox.pdmodel.interactive.pagenavigation.PDTransition.<init>(PDTransitionStyle),"org.apache.pdfbox.cos.COSDictionary.setName(COSName, String)",35
org.apache.pdfbox.pdmodel.interactive.pagenavigation.PDTransition.<init>(PDTransitionStyle),org.apache.pdfbox.pdmodel.common.PDDictionaryWrapper.<init>(),18
org.apache.pdfbox.pdmodel.interactive.pagenavigation.PDTransition.setFlyAreaOpaque(boolean),"org.apache.pdfbox.cos.COSDictionary.setItem(COSName, COSBase)",1
org.apache.pdfbox.pdmodel.interactive.pagenavigation.PDTransition.isFlyAreaOpaque(),"org.apache.pdfbox.cos.COSDictionary.getBoolean(COSName, boolean)",2
org.apache.pdfbox.pdmodel.PDDocument.setVersion(float),org.apache.pdfbox.pdmodel.PDDocument.getVersion(),4
org.apache.pdfbox.pdmodel.PDDocument.getVersion(),org.apache.pdfbox.pdmodel.PDDocument.getDocumentCatalog(),4
org.apache.pdfbox.pdmodel.PDDocument.getVersion(),org.apache.pdfbox.pdmodel.PDDocumentCatalog.getVersion(),4
org.apache.pdfbox.pdmodel.PDDocumentCatalog.getVersion(),org.apache.pdfbox.cos.COSDictionary.getNameAsString(COSName),4
org.apache.pdfbox.pdmodel.graphics.pattern.PDShadingPattern.<init>(COSDictionary),org.apache.pdfbox.pdmodel.graphics.pattern.PDAbstractPattern.<init>(COSDictionary),8
org.apache.pdfbox.multipdf.LayerUtility.<init>(PDDocument),org.apache.pdfbox.multipdf.PDFCloneUtility.<init>(PDDocument),5
"org.apache.pdfbox.pdmodel.interactive.digitalsignature.visible.PDVisibleSigBuilder.createAppearanceDictionary(PDFormXObject, PDSignatureField)",org.apache.pdfbox.pdmodel.interactive.annotation.PDAppearanceDictionary.<init>(),1
org.apache.pdfbox.pdmodel.interactive.annotation.PDAppearanceDictionary.<init>(),"org.apache.pdfbox.cos.COSDictionary.setItem(COSName, COSBase)",15
org.apache.pdfbox.pdmodel.interactive.annotation.PDAppearanceDictionary.<init>(),org.apache.pdfbox.cos.COSDictionary.<init>(),30
org.apache.pdfbox.pdmodel.common.PDRectangle.<init>(BoundingBox),org.apache.pdfbox.cos.COSArray.<init>(),1
"org.apache.pdfbox.pdmodel.PDDocument.addSignature(PDSignature, SignatureInterface)","org.apache.pdfbox.pdmodel.PDDocument.addSignature(PDSignature, SignatureInterface, SignatureOptions)",1
"org.apache.pdfbox.pdmodel.PDDocument.addSignature(PDSignature, SignatureInterface)",org.apache.pdfbox.pdmodel.interactive.digitalsignature.SignatureOptions.<init>(),1
org.apache.pdfbox.pdfparser.BaseParser.parseDirObject(),org.apache.pdfbox.pdfparser.InputStreamSource.peek(),20
org.apache.pdfbox.pdmodel.graphics.color.PDDeviceNAttributes.getColorants(),"org.apache.pdfbox.cos.COSDictionary.setItem(COSName, COSBase)",2
org.apache.pdfbox.pdmodel.graphics.color.PDDeviceNAttributes.getColorants(),org.apache.pdfbox.cos.COSDictionary.keySet(),3
org.apache.pdfbox.pdmodel.graphics.color.PDDeviceNAttributes.getColorants(),org.apache.pdfbox.cos.COSDictionary.getDictionaryObject(COSName),3
org.apache.pdfbox.pdmodel.graphics.color.PDDeviceNAttributes.getColorants(),org.apache.pdfbox.cos.COSDictionary.<init>(),2
org.apache.pdfbox.pdmodel.graphics.color.PDDeviceNAttributes.getColorants(),"org.apache.pdfbox.pdmodel.common.COSDictionaryMap.<init>(Map, COSDictionary)",3
org.apache.pdfbox.pdmodel.graphics.color.PDDeviceNAttributes.<init>(),org.apache.pdfbox.cos.COSDictionary.<init>(),6
"org.apache.pdfbox.pdmodel.interactive.digitalsignature.visible.PDVisibleSigBuilder.createSignatureImage(PDDocument, BufferedImage)","org.apache.pdfbox.pdmodel.graphics.image.LosslessFactory.createFromImage(PDDocument, BufferedImage)",1
"org.apache.pdfbox.rendering.TilingPaint.<init>(PageDrawer, PDTilingPattern, AffineTransform)","org.apache.pdfbox.rendering.TilingPaint.getImage(PDColorSpace, PDColor, AffineTransform)",1
"org.apache.pdfbox.rendering.TilingPaint.getImage(PDColorSpace, PDColor, AffineTransform)",org.apache.pdfbox.rendering.TilingPaint.getAnchorRect(),2
org.apache.pdfbox.pdmodel.fdf.FDFField.getAdditionalActions(),org.apache.pdfbox.cos.COSDictionary.getDictionaryObject(COSName),9
org.apache.pdfbox.pdmodel.fdf.FDFField.<init>(),org.apache.pdfbox.cos.COSDictionary.<init>(),40
"org.apache.pdfbox.util.Matrix.concatenate(Matrix, Matrix)",org.apache.pdfbox.util.Matrix.concatenate(Matrix),23
"org.apache.pdfbox.util.Matrix.concatenate(Matrix, Matrix)",org.apache.pdfbox.util.Matrix.clone(),23
"org.apache.pdfbox.util.Matrix.getTranslatingInstance(float, float)","org.apache.pdfbox.util.Matrix.getTranslateInstance(float, float)",30
"org.apache.pdfbox.util.Matrix.getTranslateInstance(float, float)",org.apache.pdfbox.util.Matrix.<init>(),74
"org.apache.pdfbox.util.Matrix.getScaleInstance(float, float)",org.apache.pdfbox.util.Matrix.<init>(),33
org.apache.pdfbox.util.Matrix.extractScaling(),org.apache.pdfbox.util.Matrix.<init>(),22
"org.apache.pdfbox.util.Matrix.getRotateInstance(double, float, float)",org.apache.pdfbox.util.Matrix.<init>(),43
"org.apache.pdfbox.pdmodel.interactive.digitalsignature.visible.PDVisibleSignDesigner.<init>(PDDocument, BufferedImage, int)",org.apache.pdfbox.pdmodel.interactive.digitalsignature.visible.PDVisibleSignDesigner.setImage(BufferedImage),1
org.apache.pdfbox.pdmodel.documentinterchange.prepress.PDBoxStyle.setGuidelineWidth(float),"org.apache.pdfbox.cos.COSDictionary.setFloat(COSName, float)",3
org.apache.pdfbox.pdmodel.documentinterchange.prepress.PDBoxStyle.<init>(),org.apache.pdfbox.cos.COSDictionary.<init>(),12
org.apache.pdfbox.pdmodel.documentinterchange.prepress.PDBoxStyle.getGuidelineWidth(),"org.apache.pdfbox.cos.COSDictionary.getFloat(COSName, float)",3
org.apache.pdfbox.pdmodel.interactive.form.PDAcroForm.exportFDF(),org.apache.pdfbox.pdmodel.fdf.FDFDocument.<init>(),1
org.apache.pdfbox.pdmodel.interactive.form.PDAcroForm.exportFDF(),org.apache.pdfbox.pdmodel.fdf.FDFCatalog.setFDF(FDFDictionary),1
org.apache.pdfbox.pdmodel.fdf.FDFCatalog.setFDF(FDFDictionary),"org.apache.pdfbox.cos.COSDictionary.setItem(COSName, COSObjectable)",6
"org.apache.pdfbox.cos.COSDictionary.setItem(COSName, COSObjectable)",org.apache.pdfbox.pdmodel.fdf.FDFDictionary.getCOSObject(),6
org.apache.pdfbox.pdmodel.interactive.form.PDAcroForm.exportFDF(),org.apache.pdfbox.pdmodel.fdf.FDFDictionary.<init>(),1
org.apache.pdfbox.pdmodel.fdf.FDFDictionary.<init>(),org.apache.pdfbox.cos.COSDictionary.<init>(),34
org.apache.pdfbox.pdmodel.interactive.form.PDAcroForm.exportFDF(),org.apache.pdfbox.pdmodel.interactive.form.PDAcroForm.getFields(),1
org.apache.pdfbox.pdmodel.interactive.form.PDAcroForm.exportFDF(),org.apache.pdfbox.pdmodel.fdf.FDFDocument.getCatalog(),1
org.apache.pdfbox.pdmodel.fdf.FDFDocument.getCatalog(),org.apache.pdfbox.cos.COSDictionary.getDictionaryObject(COSName),3
org.apache.pdfbox.pdmodel.fdf.FDFDocument.getCatalog(),org.apache.pdfbox.pdmodel.fdf.FDFCatalog.<init>(COSDictionary),2
org.apache.pdfbox.pdmodel.interactive.form.PDAcroForm.exportFDF(),org.apache.pdfbox.pdmodel.common.COSArrayList.iterator(),1
org.apache.pdfbox.pdmodel.interactive.digitalsignature.PDPropBuildDataDict.setVersion(String),"org.apache.pdfbox.cos.COSDictionary.setString(String, String)",2
org.apache.pdfbox.pdmodel.interactive.digitalsignature.PDPropBuildDataDict.<init>(),org.apache.pdfbox.cos.COSDictionary.<init>(),27
org.apache.pdfbox.pdmodel.interactive.digitalsignature.PDPropBuildDataDict.getVersion(),org.apache.pdfbox.cos.COSDictionary.getString(String),3
org.apache.pdfbox.pdmodel.interactive.digitalsignature.PDSeedValue.setLegalAttestation(List),"org.apache.pdfbox.cos.COSDictionary.setItem(COSName, COSBase)",1
org.apache.pdfbox.pdmodel.interactive.digitalsignature.PDSeedValue.setLegalAttestation(List),org.apache.pdfbox.pdmodel.common.COSArrayList.converterToCOSArray(List),1
org.apache.pdfbox.pdmodel.interactive.digitalsignature.PDSeedValue.<init>(),"org.apache.pdfbox.cos.COSDictionary.setItem(COSName, COSBase)",33
org.apache.pdfbox.pdmodel.interactive.digitalsignature.PDSeedValue.<init>(),org.apache.pdfbox.cos.COSDictionary.<init>(),33
org.apache.pdfbox.util.DateConverter.toCalendar(String),"org.apache.pdfbox.util.DateConverter.parseDate(String, ParsePosition)",5
"org.apache.pdfbox.util.DateConverter.parseDate(String, ParsePosition)","org.apache.pdfbox.util.DateConverter.parseSimpleDate(String, String[], ParsePosition)",2
"org.apache.pdfbox.util.DateConverter.parseSimpleDate(String, String[], ParsePosition)",org.apache.pdfbox.util.DateConverter.newGreg(),15
"org.apache.pdfbox.util.DateConverter.parseDate(String, ParsePosition)","org.apache.pdfbox.util.DateConverter.parseBigEndianDate(String, ParsePosition)",5
"org.apache.pdfbox.util.DateConverter.parseBigEndianDate(String, ParsePosition)","org.apache.pdfbox.util.DateConverter.parseTimeField(String, ParsePosition, int, int)",15
"org.apache.pdfbox.util.DateConverter.parseDate(String, ParsePosition)","org.apache.pdfbox.util.DateConverter.skipOptionals(String, ParsePosition, String)",5
org.apache.pdfbox.util.DateConverter.toCalendar(String),"org.apache.pdfbox.util.DateConverter.skipOptionals(String, ParsePosition, String)",5
org.apache.pdfbox.util.DateConverter.toCalendar(String),"org.apache.pdfbox.util.DateConverter.skipString(String, String, ParsePosition)",5
org.apache.pdfbox.pdmodel.interactive.digitalsignature.PDSeedValueTimeStamp.setURL(String),"org.apache.pdfbox.cos.COSDictionary.setString(COSName, String)",2
org.apache.pdfbox.pdmodel.interactive.digitalsignature.PDSeedValueTimeStamp.<init>(),org.apache.pdfbox.cos.COSDictionary.<init>(),7
org.apache.pdfbox.pdmodel.interactive.digitalsignature.PDSeedValueTimeStamp.getURL(),org.apache.pdfbox.cos.COSDictionary.getString(COSName),3
"org.apache.pdfbox.pdmodel.encryption.StandardSecurityHandler.isUserPassword(String, byte[], byte[], int, byte[], int, int, boolean)","org.apache.pdfbox.pdmodel.encryption.StandardSecurityHandler.isUserPassword(byte[], byte[], byte[], int, byte[], int, int, boolean)",5
"org.apache.pdfbox.pdmodel.encryption.StandardSecurityHandler.isUserPassword(byte[], byte[], byte[], int, byte[], int, int, boolean)",org.apache.pdfbox.pdmodel.encryption.StandardSecurityHandler.truncate127(byte[]),1
"org.apache.pdfbox.pdmodel.graphics.image.CCITTFactory.createFromFile(PDDocument, File, int)","org.apache.pdfbox.io.RandomAccessFile.<init>(File, String)",1
org.apache.pdfbox.pdmodel.font.PDFontDescriptor.getFontFile(),org.apache.pdfbox.cos.COSDictionary.getDictionaryObject(COSName),30
"org.apache.pdfbox.pdmodel.documentinterchange.markedcontent.PDMarkedContent.create(COSName, COSDictionary)","org.apache.pdfbox.pdmodel.documentinterchange.markedcontent.PDMarkedContent.<init>(COSName, COSDictionary)",4
"org.apache.pdfbox.pdmodel.documentinterchange.markedcontent.PDMarkedContent.create(COSName, COSDictionary)",org.apache.pdfbox.cos.COSName.equals(Object),4
org.apache.pdfbox.pdmodel.graphics.state.PDExtendedGraphicsState.setNonStrokingAlphaConstant(Float),"org.apache.pdfbox.pdmodel.graphics.state.PDExtendedGraphicsState.setFloatItem(COSName, Float)",7
org.apache.pdfbox.pdmodel.graphics.state.PDExtendedGraphicsState.getBlendMode(),org.apache.pdfbox.pdmodel.graphics.blend.BlendMode.getInstance(COSBase),9
org.apache.pdfbox.pdmodel.graphics.state.PDExtendedGraphicsState.getBlendMode(),org.apache.pdfbox.cos.COSDictionary.getDictionaryObject(COSName),9
org.apache.pdfbox.pdmodel.graphics.state.PDExtendedGraphicsState.setRenderingIntent(String),"org.apache.pdfbox.cos.COSDictionary.setName(String, String)",7
org.apache.pdfbox.pdmodel.graphics.state.PDExtendedGraphicsState.getFontSetting(),org.apache.pdfbox.cos.COSDictionary.getDictionaryObject(COSName),17
org.apache.pdfbox.pdmodel.graphics.state.PDExtendedGraphicsState.getTransfer2(),org.apache.pdfbox.cos.COSDictionary.getDictionaryObject(COSName),9
org.apache.pdfbox.pdmodel.graphics.state.PDExtendedGraphicsState.getNonStrokingAlphaConstant(),org.apache.pdfbox.pdmodel.graphics.state.PDExtendedGraphicsState.getFloatItem(COSName),15
org.apache.pdfbox.pdmodel.graphics.state.PDExtendedGraphicsState.getFlatnessTolerance(),org.apache.pdfbox.pdmodel.graphics.state.PDExtendedGraphicsState.getFloatItem(COSName),14
org.apache.pdfbox.pdmodel.graphics.state.PDExtendedGraphicsState.getLineWidth(),org.apache.pdfbox.pdmodel.graphics.state.PDExtendedGraphicsState.getFloatItem(COSName),17
org.apache.pdfbox.pdmodel.graphics.state.PDExtendedGraphicsState.setFontSetting(PDFontSetting),"org.apache.pdfbox.cos.COSDictionary.setItem(COSName, COSObjectable)",4
org.apache.pdfbox.pdmodel.graphics.state.PDExtendedGraphicsState.setTransfer(COSBase),"org.apache.pdfbox.cos.COSDictionary.setItem(COSName, COSBase)",10
"org.apache.pdfbox.pdmodel.graphics.shading.Type1ShadingPaint.createContext(ColorModel, Rectangle, Rectangle2D, AffineTransform, RenderingHints)","org.apache.pdfbox.pdmodel.graphics.shading.Type1ShadingContext.<init>(PDShadingType1, ColorModel, AffineTransform, Matrix)",1
"org.apache.pdfbox.pdmodel.graphics.shading.Type1ShadingContext.<init>(PDShadingType1, ColorModel, AffineTransform, Matrix)","org.apache.pdfbox.pdmodel.graphics.shading.ShadingContext.<init>(PDShading, ColorModel, AffineTransform, Matrix)",3
"org.apache.pdfbox.pdmodel.font.encoding.DictionaryEncoding.<init>(COSDictionary, boolean, Encoding)",org.apache.pdfbox.pdmodel.font.encoding.Encoding.<init>(),1
org.apache.pdfbox.pdmodel.interactive.measurement.PDRectlinearMeasureDictionary.setScaleRatio(String),"org.apache.pdfbox.cos.COSDictionary.setString(COSName, String)",2
org.apache.pdfbox.pdmodel.interactive.measurement.PDRectlinearMeasureDictionary.getScaleRatio(),org.apache.pdfbox.cos.COSDictionary.getString(COSName),3
org.apache.pdfbox.pdmodel.interactive.digitalsignature.visible.PDVisibleSigBuilder.createHolderFormResources(),org.apache.pdfbox.pdmodel.PDResources.<init>(),1
org.apache.pdfbox.pdfparser.BaseParser.parseDirObject(),org.apache.pdfbox.pdfparser.BaseParser.readString(),3
org.apache.pdfbox.pdfparser.BaseParser.parseDirObject(),org.apache.pdfbox.pdfparser.InputStreamSource.read(),14
org.apache.pdfbox.pdfparser.BaseParser.parseDirObject(),org.apache.pdfbox.pdfparser.InputStreamSource.unread(int),7
org.apache.pdfbox.pdfparser.BaseParser.parseCOSArray(),org.apache.pdfbox.pdfparser.BaseParser.readString(),1
org.apache.pdfbox.pdfparser.BaseParser.parseCOSArray(),org.apache.pdfbox.pdfparser.InputStreamSource.peek(),4
org.apache.pdfbox.pdfparser.BaseParser.parseCOSArray(),org.apache.pdfbox.pdfparser.InputStreamSource.unread(byte[]),1
org.apache.pdfbox.pdfparser.BaseParser.parseCOSArray(),org.apache.pdfbox.pdfparser.InputStreamSource.read(),1
"org.apache.pdfbox.cos.COSArray.getString(int, String)",org.apache.pdfbox.cos.COSArray.size(),20
"org.apache.pdfbox.pdmodel.encryption.StandardSecurityHandler.computeUserPassword(byte[], byte[], int, byte[], int, int, boolean)","org.apache.pdfbox.pdmodel.encryption.StandardSecurityHandler.computeEncryptedKey(byte[], byte[], byte[], byte[], byte[], int, byte[], int, int, boolean, boolean)",10
"org.apache.pdfbox.pdmodel.encryption.StandardSecurityHandler.computeEncryptedKey(byte[], byte[], byte[], byte[], byte[], int, byte[], int, int, boolean, boolean)","org.apache.pdfbox.pdmodel.encryption.StandardSecurityHandler.computeEncryptedKeyRev234(byte[], byte[], int, byte[], boolean, int, int)",13
"org.apache.pdfbox.pdmodel.encryption.StandardSecurityHandler.computeEncryptedKeyRev234(byte[], byte[], int, byte[], boolean, int, int)",org.apache.pdfbox.pdmodel.encryption.MessageDigests.getMD5(),12
"org.apache.pdfbox.pdmodel.encryption.StandardSecurityHandler.computeEncryptedKeyRev234(byte[], byte[], int, byte[], boolean, int, int)",org.apache.pdfbox.pdmodel.encryption.StandardSecurityHandler.truncateOrPad(byte[]),13
"org.apache.pdfbox.pdmodel.encryption.StandardSecurityHandler.computeUserPassword(byte[], byte[], int, byte[], int, int, boolean)","org.apache.pdfbox.pdmodel.encryption.SecurityHandler.encryptDataRC4(byte[], InputStream, OutputStream)",41
"org.apache.pdfbox.pdmodel.encryption.StandardSecurityHandler.computeUserPassword(byte[], byte[], int, byte[], int, int, boolean)",org.apache.pdfbox.pdmodel.encryption.MessageDigests.getMD5(),3
org.apache.pdfbox.pdmodel.PDDocument.getCurrentAccessPermission(),org.apache.pdfbox.pdmodel.encryption.AccessPermission.getOwnerAccessPermission(),1
org.apache.pdfbox.pdmodel.encryption.AccessPermission.getOwnerAccessPermission(),org.apache.pdfbox.pdmodel.encryption.AccessPermission.<init>(),37
org.apache.pdfbox.pdmodel.encryption.AccessPermission.getOwnerAccessPermission(),org.apache.pdfbox.pdmodel.encryption.AccessPermission.setCanAssembleDocument(boolean),37
org.apache.pdfbox.pdmodel.encryption.AccessPermission.setCanAssembleDocument(boolean),"org.apache.pdfbox.pdmodel.encryption.AccessPermission.setPermissionBit(int, boolean)",45
org.apache.pdfbox.pdmodel.encryption.AccessPermission.getOwnerAccessPermission(),org.apache.pdfbox.pdmodel.encryption.AccessPermission.setCanExtractContent(boolean),37
org.apache.pdfbox.pdmodel.encryption.AccessPermission.setCanExtractContent(boolean),"org.apache.pdfbox.pdmodel.encryption.AccessPermission.setPermissionBit(int, boolean)",47
org.apache.pdfbox.pdmodel.encryption.AccessPermission.getOwnerAccessPermission(),org.apache.pdfbox.pdmodel.encryption.AccessPermission.setCanExtractForAccessibility(boolean),37
org.apache.pdfbox.pdmodel.encryption.AccessPermission.setCanExtractForAccessibility(boolean),"org.apache.pdfbox.pdmodel.encryption.AccessPermission.setPermissionBit(int, boolean)",43
org.apache.pdfbox.pdmodel.encryption.AccessPermission.getOwnerAccessPermission(),org.apache.pdfbox.pdmodel.encryption.AccessPermission.setCanFillInForm(boolean),37
org.apache.pdfbox.pdmodel.encryption.AccessPermission.setCanFillInForm(boolean),"org.apache.pdfbox.pdmodel.encryption.AccessPermission.setPermissionBit(int, boolean)",51
org.apache.pdfbox.pdmodel.encryption.AccessPermission.getOwnerAccessPermission(),org.apache.pdfbox.pdmodel.encryption.AccessPermission.setCanModify(boolean),37
org.apache.pdfbox.pdmodel.encryption.AccessPermission.setCanModify(boolean),"org.apache.pdfbox.pdmodel.encryption.AccessPermission.setPermissionBit(int, boolean)",47
org.apache.pdfbox.pdmodel.encryption.AccessPermission.getOwnerAccessPermission(),org.apache.pdfbox.pdmodel.encryption.AccessPermission.setCanModifyAnnotations(boolean),37
org.apache.pdfbox.pdmodel.encryption.AccessPermission.setCanModifyAnnotations(boolean),"org.apache.pdfbox.pdmodel.encryption.AccessPermission.setPermissionBit(int, boolean)",49
org.apache.pdfbox.pdmodel.encryption.AccessPermission.getOwnerAccessPermission(),org.apache.pdfbox.pdmodel.encryption.AccessPermission.setCanPrint(boolean),37
org.apache.pdfbox.pdmodel.encryption.AccessPermission.setCanPrint(boolean),"org.apache.pdfbox.pdmodel.encryption.AccessPermission.setPermissionBit(int, boolean)",48
org.apache.pdfbox.pdmodel.encryption.AccessPermission.getOwnerAccessPermission(),org.apache.pdfbox.pdmodel.encryption.AccessPermission.setCanPrintDegraded(boolean),37
org.apache.pdfbox.pdmodel.encryption.AccessPermission.setCanPrintDegraded(boolean),"org.apache.pdfbox.pdmodel.encryption.AccessPermission.setPermissionBit(int, boolean)",47
"org.apache.pdfbox.pdmodel.font.PDType0Font.load(PDDocument, TrueTypeFont, boolean)","org.apache.pdfbox.pdmodel.font.PDType0Font.<init>(PDDocument, TrueTypeFont, boolean)",1
org.apache.pdfbox.pdmodel.interactive.digitalsignature.visible.PDVisibleSigBuilder.createImageFormResources(),org.apache.pdfbox.pdmodel.PDResources.<init>(),1
org.apache.pdfbox.pdmodel.common.PDNumberTreeNode.getValue(Integer),org.apache.pdfbox.pdmodel.common.PDNumberTreeNode.getKids(),1
org.apache.pdfbox.pdmodel.common.PDNumberTreeNode.getKids(),org.apache.pdfbox.cos.COSDictionary.getDictionaryObject(COSName),3
org.apache.pdfbox.pdmodel.common.PDNumberTreeNode.getValue(Integer),org.apache.pdfbox.pdmodel.common.PDNumberTreeNode.getNumbers(),2
org.apache.pdfbox.pdmodel.common.PDNumberTreeNode.getNumbers(),org.apache.pdfbox.cos.COSDictionary.getDictionaryObject(COSName),4
org.apache.pdfbox.pdmodel.common.PDNumberTreeNode.getUpperLimit(),org.apache.pdfbox.cos.COSDictionary.getDictionaryObject(COSName),1
org.apache.pdfbox.pdmodel.common.PDNumberTreeNode.<init>(Class),org.apache.pdfbox.cos.COSDictionary.<init>(),10
"org.apache.pdfbox.pdmodel.graphics.shading.TensorPatch.<init>(Point2D[], float[][])",org.apache.pdfbox.pdmodel.graphics.shading.TensorPatch.calcLevel(),2
org.apache.pdfbox.pdmodel.graphics.shading.TensorPatch.calcLevel(),org.apache.pdfbox.pdmodel.graphics.shading.Patch.isEdgeALine(Point2D[]),2
org.apache.pdfbox.pdmodel.graphics.shading.Patch.isEdgeALine(Point2D[]),"org.apache.pdfbox.pdmodel.graphics.shading.Patch.edgeEquationValue(Point2D, Point2D, Point2D)",3
"org.apache.pdfbox.pdmodel.graphics.shading.TensorPatch.<init>(Point2D[], float[][])",org.apache.pdfbox.pdmodel.graphics.shading.TensorPatch.reshapeControlPoints(Point2D[]),3
"org.apache.pdfbox.pdmodel.graphics.shading.TensorPatch.<init>(Point2D[], float[][])","org.apache.pdfbox.pdmodel.graphics.shading.Patch.<init>(Point2D[], float[][])",3
org.apache.pdfbox.pdmodel.graphics.optionalcontent.PDOptionalContentProperties.<init>(),"org.apache.pdfbox.cos.COSDictionary.setItem(COSName, COSBase)",24
org.apache.pdfbox.pdmodel.graphics.optionalcontent.PDOptionalContentProperties.<init>(),org.apache.pdfbox.cos.COSArray.<init>(),12
org.apache.pdfbox.pdmodel.graphics.optionalcontent.PDOptionalContentProperties.<init>(),org.apache.pdfbox.cos.COSDictionary.<init>(),24
org.apache.pdfbox.pdmodel.fdf.FDFIconFit.getFractionalSpaceToAllocate(),org.apache.pdfbox.pdmodel.common.PDRange.setMin(float),3
org.apache.pdfbox.pdmodel.common.PDRange.setMin(float),org.apache.pdfbox.cos.COSFloat.<init>(float),9
org.apache.pdfbox.pdmodel.common.PDRange.setMin(float),"org.apache.pdfbox.cos.COSArray.set(int, COSBase)",7
org.apache.pdfbox.pdmodel.fdf.FDFIconFit.getFractionalSpaceToAllocate(),org.apache.pdfbox.pdmodel.common.PDRange.<init>(),3
org.apache.pdfbox.pdmodel.common.PDRange.<init>(),org.apache.pdfbox.cos.COSFloat.<init>(float),36
org.apache.pdfbox.pdmodel.common.PDRange.<init>(),org.apache.pdfbox.cos.COSArray.<init>(),18
org.apache.pdfbox.pdmodel.common.PDRange.<init>(),org.apache.pdfbox.cos.COSArray.add(COSBase),36
org.apache.pdfbox.pdmodel.fdf.FDFIconFit.getFractionalSpaceToAllocate(),org.apache.pdfbox.pdmodel.common.PDRange.setMax(float),3
org.apache.pdfbox.pdmodel.common.PDRange.setMax(float),org.apache.pdfbox.cos.COSFloat.<init>(float),8
org.apache.pdfbox.pdmodel.common.PDRange.setMax(float),"org.apache.pdfbox.cos.COSArray.set(int, COSBase)",6
org.apache.pdfbox.pdmodel.fdf.FDFIconFit.getFractionalSpaceToAllocate(),org.apache.pdfbox.pdmodel.fdf.FDFIconFit.setFractionalSpaceToAllocate(PDRange),3
org.apache.pdfbox.pdmodel.fdf.FDFIconFit.setFractionalSpaceToAllocate(PDRange),"org.apache.pdfbox.cos.COSDictionary.setItem(COSName, COSObjectable)",4
org.apache.pdfbox.pdmodel.fdf.FDFIconFit.getFractionalSpaceToAllocate(),org.apache.pdfbox.cos.COSDictionary.getDictionaryObject(COSName),4
org.apache.pdfbox.pdmodel.fdf.FDFIconFit.<init>(),org.apache.pdfbox.cos.COSDictionary.<init>(),11
org.apache.pdfbox.pdmodel.interactive.documentnavigation.outline.PDOutlineItem.setTextColor(Color),org.apache.pdfbox.cos.COSArray.<init>(),1
"org.apache.pdfbox.pdmodel.interactive.pagenavigation.PDTransitionDirection.<init>(String, int, int, PDTransitionDirection$1)","org.apache.pdfbox.pdmodel.interactive.pagenavigation.PDTransitionDirection.<init>(String, int, int)",1
"org.apache.pdfbox.filter.ASCII85Filter.decode(InputStream, OutputStream, COSDictionary, int)",org.apache.pdfbox.filter.ASCII85InputStream.<init>(InputStream),1
"org.apache.pdfbox.filter.ASCII85Filter.decode(InputStream, OutputStream, COSDictionary, int)","org.apache.pdfbox.filter.ASCII85InputStream.read(byte[], int, int)",1
"org.apache.pdfbox.filter.ASCII85InputStream.read(byte[], int, int)",org.apache.pdfbox.filter.ASCII85InputStream.read(),3
"org.apache.pdfbox.filter.ASCII85Filter.decode(InputStream, OutputStream, COSDictionary, int)",org.apache.pdfbox.io.IOUtils.closeQuietly(Closeable),1
org.apache.pdfbox.io.IOUtils.closeQuietly(Closeable),org.apache.pdfbox.filter.ASCII85InputStream.close(),1
"org.apache.pdfbox.pdmodel.font.CIDFontMapping.<init>(OpenTypeFont, FontBoxFont, boolean)","org.apache.pdfbox.pdmodel.font.FontMapping.<init>(FontBoxFont, boolean)",2
org.apache.pdfbox.pdmodel.interactive.digitalsignature.PDSeedValue.setReasonRequired(boolean),"org.apache.pdfbox.cos.COSDictionary.setFlag(COSName, int, boolean)",1
org.apache.pdfbox.pdmodel.interactive.digitalsignature.PDSeedValue.isReasonRequired(),"org.apache.pdfbox.cos.COSDictionary.getFlag(COSName, int)",2
org.apache.pdfbox.pdmodel.PDDocument.getDocumentInformation(),org.apache.pdfbox.pdmodel.PDDocumentInformation.<init>(COSDictionary),2
org.apache.pdfbox.pdmodel.PDDocument.getDocumentInformation(),org.apache.pdfbox.cos.COSDictionary.getDictionaryObject(COSName),2
org.apache.pdfbox.pdmodel.PDDocument.getDocumentInformation(),"org.apache.pdfbox.cos.COSDictionary.setItem(COSName, COSBase)",2
org.apache.pdfbox.pdmodel.PDDocument.getDocumentInformation(),org.apache.pdfbox.cos.COSDictionary.<init>(),2
org.apache.pdfbox.pdmodel.encryption.PDEncryptionDictionary.<init>(),org.apache.pdfbox.pdmodel.encryption.PDEncryption.<init>(),1
org.apache.pdfbox.pdmodel.documentinterchange.taggedpdf.PDLayoutAttributeObject.toString(),org.apache.pdfbox.pdmodel.documentinterchange.taggedpdf.PDLayoutAttributeObject.getSpaceBefore(),6
org.apache.pdfbox.pdmodel.documentinterchange.taggedpdf.PDLayoutAttributeObject.getSpaceBefore(),"org.apache.pdfbox.pdmodel.documentinterchange.taggedpdf.PDStandardAttributeObject.getNumber(String, float)",15
"org.apache.pdfbox.pdmodel.documentinterchange.taggedpdf.PDStandardAttributeObject.getNumber(String, float)","org.apache.pdfbox.cos.COSDictionary.getFloat(String, float)",89
org.apache.pdfbox.pdmodel.documentinterchange.taggedpdf.PDLayoutAttributeObject.toString(),org.apache.pdfbox.pdmodel.documentinterchange.taggedpdf.PDLayoutAttributeObject.getTextDecorationThickness(),6
org.apache.pdfbox.pdmodel.documentinterchange.taggedpdf.PDLayoutAttributeObject.getTextDecorationThickness(),org.apache.pdfbox.pdmodel.documentinterchange.taggedpdf.PDStandardAttributeObject.getNumber(String),23
org.apache.pdfbox.pdmodel.documentinterchange.taggedpdf.PDStandardAttributeObject.getNumber(String),org.apache.pdfbox.cos.COSDictionary.getFloat(String),27
org.apache.pdfbox.cos.COSDictionary.getFloat(String),"org.apache.pdfbox.cos.COSDictionary.getFloat(COSName, float)",41
org.apache.pdfbox.cos.COSDictionary.getFloat(String),org.apache.pdfbox.cos.COSName.getPDFName(String),41
org.apache.pdfbox.pdmodel.documentinterchange.taggedpdf.PDLayoutAttributeObject.toString(),org.apache.pdfbox.pdmodel.documentinterchange.taggedpdf.PDLayoutAttributeObject.getColumnGap(),7
org.apache.pdfbox.pdmodel.documentinterchange.taggedpdf.PDLayoutAttributeObject.getColumnGap(),"org.apache.pdfbox.pdmodel.documentinterchange.taggedpdf.PDStandardAttributeObject.getNumberOrArrayOfNumber(String, float)",18
"org.apache.pdfbox.pdmodel.documentinterchange.taggedpdf.PDStandardAttributeObject.getNumberOrArrayOfNumber(String, float)",org.apache.pdfbox.cos.COSFloat.floatValue(),59
"org.apache.pdfbox.pdmodel.documentinterchange.taggedpdf.PDStandardAttributeObject.getNumberOrArrayOfNumber(String, float)",org.apache.pdfbox.cos.COSDictionary.getDictionaryObject(String),97
org.apache.pdfbox.pdmodel.documentinterchange.taggedpdf.PDLayoutAttributeObject.toString(),org.apache.pdfbox.pdmodel.documentinterchange.logicalstructure.PDAttributeObject.toString(),35
org.apache.pdfbox.pdmodel.documentinterchange.logicalstructure.PDAttributeObject.toString(),org.apache.pdfbox.pdmodel.documentinterchange.logicalstructure.PDAttributeObject.getOwner(),57
org.apache.pdfbox.pdmodel.documentinterchange.logicalstructure.PDAttributeObject.getOwner(),org.apache.pdfbox.cos.COSDictionary.getNameAsString(COSName),59
org.apache.pdfbox.pdmodel.documentinterchange.taggedpdf.PDLayoutAttributeObject.toString(),org.apache.pdfbox.pdmodel.documentinterchange.taggedpdf.PDLayoutAttributeObject.getWritingMode(),2
org.apache.pdfbox.pdmodel.documentinterchange.taggedpdf.PDLayoutAttributeObject.getWritingMode(),"org.apache.pdfbox.pdmodel.documentinterchange.taggedpdf.PDStandardAttributeObject.getName(String, String)",13
"org.apache.pdfbox.pdmodel.documentinterchange.taggedpdf.PDStandardAttributeObject.getName(String, String)","org.apache.pdfbox.cos.COSDictionary.getNameAsString(String, String)",113
"org.apache.pdfbox.cos.COSDictionary.getNameAsString(String, String)","org.apache.pdfbox.cos.COSDictionary.getNameAsString(COSName, String)",130
"org.apache.pdfbox.cos.COSDictionary.getNameAsString(COSName, String)",org.apache.pdfbox.cos.COSDictionary.getNameAsString(COSName),151
"org.apache.pdfbox.cos.COSDictionary.getNameAsString(String, String)",org.apache.pdfbox.cos.COSName.getPDFName(String),130
org.apache.pdfbox.pdmodel.documentinterchange.taggedpdf.PDLayoutAttributeObject.toString(),org.apache.pdfbox.pdmodel.documentinterchange.taggedpdf.PDLayoutAttributeObject.getWidth(),8
org.apache.pdfbox.pdmodel.documentinterchange.taggedpdf.PDLayoutAttributeObject.getWidth(),"org.apache.pdfbox.pdmodel.documentinterchange.taggedpdf.PDStandardAttributeObject.getNumberOrName(String, String)",17
"org.apache.pdfbox.pdmodel.documentinterchange.taggedpdf.PDStandardAttributeObject.getNumberOrName(String, String)",org.apache.pdfbox.cos.COSDictionary.getDictionaryObject(String),70
org.apache.pdfbox.pdmodel.documentinterchange.taggedpdf.PDLayoutAttributeObject.toString(),org.apache.pdfbox.pdmodel.documentinterchange.taggedpdf.PDLayoutAttributeObject.getBaselineShift(),7
org.apache.pdfbox.pdmodel.documentinterchange.taggedpdf.PDLayoutAttributeObject.getBaselineShift(),"org.apache.pdfbox.pdmodel.documentinterchange.taggedpdf.PDStandardAttributeObject.getNumber(String, float)",17
org.apache.pdfbox.pdmodel.documentinterchange.taggedpdf.PDLayoutAttributeObject.toString(),org.apache.pdfbox.pdmodel.documentinterchange.taggedpdf.PDStandardAttributeObject.isSpecified(String),1056
org.apache.pdfbox.pdmodel.documentinterchange.taggedpdf.PDStandardAttributeObject.isSpecified(String),org.apache.pdfbox.cos.COSDictionary.getDictionaryObject(String),1157
org.apache.pdfbox.pdmodel.documentinterchange.taggedpdf.PDLayoutAttributeObject.toString(),org.apache.pdfbox.pdmodel.documentinterchange.taggedpdf.PDLayoutAttributeObject.getHeight(),11
org.apache.pdfbox.pdmodel.documentinterchange.taggedpdf.PDLayoutAttributeObject.getHeight(),"org.apache.pdfbox.pdmodel.documentinterchange.taggedpdf.PDStandardAttributeObject.getNumberOrName(String, String)",23
org.apache.pdfbox.pdmodel.documentinterchange.taggedpdf.PDLayoutAttributeObject.setSpaceBefore(float),"org.apache.pdfbox.pdmodel.documentinterchange.taggedpdf.PDStandardAttributeObject.setNumber(String, float)",8
"org.apache.pdfbox.pdmodel.documentinterchange.taggedpdf.PDStandardAttributeObject.setNumber(String, float)","org.apache.pdfbox.cos.COSDictionary.setFloat(String, float)",119
"org.apache.pdfbox.pdmodel.documentinterchange.taggedpdf.PDStandardAttributeObject.setNumber(String, float)",org.apache.pdfbox.cos.COSDictionary.getDictionaryObject(String),235
"org.apache.pdfbox.pdmodel.documentinterchange.taggedpdf.PDStandardAttributeObject.setNumber(String, float)","org.apache.pdfbox.pdmodel.documentinterchange.logicalstructure.PDAttributeObject.potentiallyNotifyChanged(COSBase, COSBase)",116
org.apache.pdfbox.pdmodel.documentinterchange.taggedpdf.PDLayoutAttributeObject.toString(),org.apache.pdfbox.pdmodel.documentinterchange.taggedpdf.PDLayoutAttributeObject.getTextDecorationType(),1
org.apache.pdfbox.pdmodel.documentinterchange.taggedpdf.PDLayoutAttributeObject.getTextDecorationType(),"org.apache.pdfbox.pdmodel.documentinterchange.taggedpdf.PDStandardAttributeObject.getName(String, String)",10
org.apache.pdfbox.pdmodel.documentinterchange.taggedpdf.PDLayoutAttributeObject.setTextDecorationThickness(float),"org.apache.pdfbox.pdmodel.documentinterchange.taggedpdf.PDStandardAttributeObject.setNumber(String, float)",11
"org.apache.pdfbox.pdmodel.documentinterchange.logicalstructure.PDAttributeObject.isValueChanged(COSBase, COSBase)",org.apache.pdfbox.cos.COSFloat.equals(Object),15
org.apache.pdfbox.pdmodel.documentinterchange.taggedpdf.PDLayoutAttributeObject.setColumnGap(float),"org.apache.pdfbox.pdmodel.documentinterchange.taggedpdf.PDStandardAttributeObject.setNumber(String, float)",7
org.apache.pdfbox.pdmodel.documentinterchange.taggedpdf.PDLayoutAttributeObject.setPaddings(float[]),"org.apache.pdfbox.pdmodel.documentinterchange.taggedpdf.PDStandardAttributeObject.setArrayOfNumber(String, float[])",9
"org.apache.pdfbox.pdmodel.documentinterchange.taggedpdf.PDStandardAttributeObject.setArrayOfNumber(String, float[])",org.apache.pdfbox.cos.COSFloat.<init>(float),150
"org.apache.pdfbox.pdmodel.documentinterchange.taggedpdf.PDStandardAttributeObject.setArrayOfNumber(String, float[])","org.apache.pdfbox.cos.COSDictionary.setItem(String, COSBase)",33
"org.apache.pdfbox.pdmodel.documentinterchange.taggedpdf.PDStandardAttributeObject.setArrayOfNumber(String, float[])",org.apache.pdfbox.cos.COSArray.<init>(),42
"org.apache.pdfbox.pdmodel.documentinterchange.taggedpdf.PDStandardAttributeObject.setArrayOfNumber(String, float[])",org.apache.pdfbox.cos.COSArray.add(COSBase),148
"org.apache.pdfbox.pdmodel.documentinterchange.taggedpdf.PDStandardAttributeObject.setArrayOfNumber(String, float[])",org.apache.pdfbox.cos.COSDictionary.getDictionaryObject(String),66
"org.apache.pdfbox.pdmodel.documentinterchange.taggedpdf.PDStandardAttributeObject.setArrayOfNumber(String, float[])","org.apache.pdfbox.pdmodel.documentinterchange.logicalstructure.PDAttributeObject.potentiallyNotifyChanged(COSBase, COSBase)",33
"org.apache.pdfbox.pdmodel.documentinterchange.taggedpdf.PDStandardAttributeObject.setColor(String, PDGamma)",org.apache.pdfbox.cos.COSDictionary.getDictionaryObject(String),31
"org.apache.pdfbox.pdmodel.documentinterchange.taggedpdf.PDStandardAttributeObject.setColor(String, PDGamma)","org.apache.pdfbox.cos.COSDictionary.setItem(String, COSObjectable)",31
"org.apache.pdfbox.cos.COSDictionary.setItem(String, COSObjectable)","org.apache.pdfbox.cos.COSDictionary.setItem(COSName, COSObjectable)",137
"org.apache.pdfbox.cos.COSDictionary.setItem(String, COSObjectable)",org.apache.pdfbox.cos.COSName.getPDFName(String),137
"org.apache.pdfbox.pdmodel.documentinterchange.taggedpdf.PDStandardAttributeObject.setColor(String, PDGamma)","org.apache.pdfbox.pdmodel.documentinterchange.logicalstructure.PDAttributeObject.potentiallyNotifyChanged(COSBase, COSBase)",31
org.apache.pdfbox.pdmodel.documentinterchange.taggedpdf.PDLayoutAttributeObject.setBaselineShift(int),"org.apache.pdfbox.pdmodel.documentinterchange.taggedpdf.PDStandardAttributeObject.setNumber(String, int)",12
"org.apache.pdfbox.pdmodel.documentinterchange.taggedpdf.PDStandardAttributeObject.setNumber(String, int)","org.apache.pdfbox.cos.COSDictionary.setInt(String, int)",124
"org.apache.pdfbox.cos.COSDictionary.setInt(String, int)","org.apache.pdfbox.cos.COSDictionary.setInt(COSName, int)",177
"org.apache.pdfbox.cos.COSDictionary.setInt(String, int)",org.apache.pdfbox.cos.COSName.getPDFName(String),177
"org.apache.pdfbox.pdmodel.documentinterchange.taggedpdf.PDStandardAttributeObject.setNumber(String, int)",org.apache.pdfbox.cos.COSDictionary.getDictionaryObject(String),248
"org.apache.pdfbox.pdmodel.documentinterchange.taggedpdf.PDStandardAttributeObject.setNumber(String, int)","org.apache.pdfbox.pdmodel.documentinterchange.logicalstructure.PDAttributeObject.potentiallyNotifyChanged(COSBase, COSBase)",124
org.apache.pdfbox.pdmodel.documentinterchange.taggedpdf.PDLayoutAttributeObject.setWidth(int),"org.apache.pdfbox.pdmodel.documentinterchange.taggedpdf.PDStandardAttributeObject.setNumber(String, int)",8
"org.apache.pdfbox.pdmodel.documentinterchange.taggedpdf.PDStandardAttributeObject.setName(String, String)",org.apache.pdfbox.cos.COSDictionary.getDictionaryObject(String),304
"org.apache.pdfbox.pdmodel.documentinterchange.taggedpdf.PDStandardAttributeObject.setName(String, String)","org.apache.pdfbox.cos.COSDictionary.setName(String, String)",152
"org.apache.pdfbox.pdmodel.documentinterchange.taggedpdf.PDStandardAttributeObject.setName(String, String)","org.apache.pdfbox.pdmodel.documentinterchange.logicalstructure.PDAttributeObject.potentiallyNotifyChanged(COSBase, COSBase)",152
org.apache.pdfbox.pdmodel.documentinterchange.taggedpdf.PDLayoutAttributeObject.setTextDecorationType(String),"org.apache.pdfbox.pdmodel.documentinterchange.taggedpdf.PDStandardAttributeObject.setName(String, String)",9
org.apache.pdfbox.pdmodel.documentinterchange.taggedpdf.PDLayoutAttributeObject.setTextDecorationColor(PDGamma),"org.apache.pdfbox.pdmodel.documentinterchange.taggedpdf.PDStandardAttributeObject.setColor(String, PDGamma)",4
org.apache.pdfbox.pdmodel.documentinterchange.taggedpdf.PDLayoutAttributeObject.setHeightAuto(),"org.apache.pdfbox.pdmodel.documentinterchange.taggedpdf.PDStandardAttributeObject.setName(String, String)",7
org.apache.pdfbox.pdmodel.documentinterchange.taggedpdf.PDLayoutAttributeObject.setWritingMode(String),"org.apache.pdfbox.pdmodel.documentinterchange.taggedpdf.PDStandardAttributeObject.setName(String, String)",10
org.apache.pdfbox.pdmodel.documentinterchange.taggedpdf.PDLayoutAttributeObject.getBackgroundColor(),org.apache.pdfbox.pdmodel.documentinterchange.taggedpdf.PDStandardAttributeObject.getColor(String),24
org.apache.pdfbox.pdmodel.documentinterchange.taggedpdf.PDStandardAttributeObject.getColor(String),org.apache.pdfbox.cos.COSDictionary.getDictionaryObject(String),68
org.apache.pdfbox.pdmodel.documentinterchange.taggedpdf.PDLayoutAttributeObject.getRubyPosition(),"org.apache.pdfbox.pdmodel.documentinterchange.taggedpdf.PDStandardAttributeObject.getName(String, String)",9
org.apache.pdfbox.pdmodel.documentinterchange.taggedpdf.PDLayoutAttributeObject.getTPadding(),"org.apache.pdfbox.pdmodel.documentinterchange.taggedpdf.PDStandardAttributeObject.getNumberOrArrayOfNumber(String, float)",25
org.apache.pdfbox.pdmodel.documentinterchange.taggedpdf.PDLayoutAttributeObject.setSpaceBefore(int),"org.apache.pdfbox.pdmodel.documentinterchange.taggedpdf.PDStandardAttributeObject.setNumber(String, int)",9
org.apache.pdfbox.pdmodel.documentinterchange.taggedpdf.PDLayoutAttributeObject.getStartIndent(),"org.apache.pdfbox.pdmodel.documentinterchange.taggedpdf.PDStandardAttributeObject.getNumber(String, float)",11
org.apache.pdfbox.pdmodel.documentinterchange.taggedpdf.PDLayoutAttributeObject.getTBorderStyle(),"org.apache.pdfbox.pdmodel.documentinterchange.taggedpdf.PDStandardAttributeObject.getNameOrArrayOfName(String, String)",18
"org.apache.pdfbox.pdmodel.documentinterchange.taggedpdf.PDStandardAttributeObject.getNameOrArrayOfName(String, String)",org.apache.pdfbox.cos.COSDictionary.getDictionaryObject(String),47
org.apache.pdfbox.pdmodel.documentinterchange.taggedpdf.PDLayoutAttributeObject.getBorderColors(),org.apache.pdfbox.pdmodel.documentinterchange.taggedpdf.PDStandardAttributeObject.getColorOrFourColors(String),6
org.apache.pdfbox.pdmodel.documentinterchange.taggedpdf.PDStandardAttributeObject.getColorOrFourColors(String),org.apache.pdfbox.cos.COSDictionary.getDictionaryObject(String),8
org.apache.pdfbox.pdmodel.documentinterchange.taggedpdf.PDLayoutAttributeObject.getTextIndent(),"org.apache.pdfbox.pdmodel.documentinterchange.taggedpdf.PDStandardAttributeObject.getNumber(String, float)",10
org.apache.pdfbox.pdmodel.fdf.FDFNamedPageReference.<init>(),org.apache.pdfbox.cos.COSDictionary.<init>(),7
org.apache.pdfbox.pdmodel.fdf.FDFNamedPageReference.setFileSpecification(PDFileSpecification),"org.apache.pdfbox.cos.COSDictionary.setItem(COSName, COSObjectable)",1
org.apache.pdfbox.pdmodel.interactive.action.PDAnnotationAdditionalActions.<init>(),org.apache.pdfbox.cos.COSDictionary.<init>(),21
org.apache.pdfbox.pdmodel.interactive.action.PDAnnotationAdditionalActions.setD(PDAction),"org.apache.pdfbox.cos.COSDictionary.setItem(COSName, COSObjectable)",1
org.apache.pdfbox.contentstream.operator.markedcontent.BeginMarkedContentSequenceWithProperties.<init>(),org.apache.pdfbox.contentstream.operator.OperatorProcessor.<init>(),2
org.apache.pdfbox.pdmodel.PDEmbeddedFilesNameTreeNode.convertCOSToPD(COSBase),org.apache.pdfbox.pdmodel.common.filespecification.PDComplexFileSpecification.<init>(COSDictionary),1
org.apache.pdfbox.pdmodel.common.filespecification.PDComplexFileSpecification.<init>(COSDictionary),"org.apache.pdfbox.cos.COSDictionary.setItem(COSName, COSBase)",13
org.apache.pdfbox.pdmodel.common.filespecification.PDComplexFileSpecification.<init>(COSDictionary),org.apache.pdfbox.pdmodel.common.filespecification.PDFileSpecification.<init>(),15
org.apache.pdfbox.pdmodel.common.filespecification.PDComplexFileSpecification.<init>(COSDictionary),org.apache.pdfbox.cos.COSDictionary.<init>(),13
org.apache.pdfbox.pdmodel.common.filespecification.PDComplexFileSpecification.isVolatile(),"org.apache.pdfbox.cos.COSDictionary.getBoolean(COSName, boolean)",10
org.apache.pdfbox.pdmodel.PDEmbeddedFilesNameTreeNode.<init>(),org.apache.pdfbox.pdmodel.common.PDNameTreeNode.<init>(),1
org.apache.pdfbox.pdmodel.font.PDType3Font.<init>(COSDictionary),org.apache.pdfbox.pdmodel.font.PDSimpleFont.<init>(COSDictionary),2
org.apache.pdfbox.pdmodel.font.PDSimpleFont.<init>(COSDictionary),org.apache.pdfbox.pdmodel.font.PDFont.<init>(COSDictionary),5
org.apache.pdfbox.pdmodel.font.PDFont.<init>(COSDictionary),org.apache.pdfbox.pdmodel.font.PDType3Font.getName(),2
org.apache.pdfbox.pdmodel.fdf.FDFDocument.load(InputStream),org.apache.pdfbox.pdfparser.FDFParser.<init>(InputStream),1
org.apache.pdfbox.pdfparser.FDFParser.<init>(InputStream),org.apache.pdfbox.io.RandomAccessBuffer.<init>(InputStream),3
org.apache.pdfbox.io.RandomAccessBuffer.<init>(InputStream),org.apache.pdfbox.io.RandomAccessBuffer.<init>(),7
"org.apache.pdfbox.pdmodel.encryption.StandardSecurityHandler.isUserPassword(byte[], byte[], byte[], int, byte[], int, int, boolean)","org.apache.pdfbox.pdmodel.encryption.StandardSecurityHandler.computeUserPassword(byte[], byte[], int, byte[], int, int, boolean)",3
org.apache.pdfbox.pdmodel.encryption.StandardSecurityHandler.<init>(StandardProtectionPolicy),org.apache.pdfbox.pdmodel.encryption.SecurityHandler.<init>(),1
org.apache.pdfbox.pdmodel.PDPage.getActions(),org.apache.pdfbox.cos.COSDictionary.<init>(),8
org.apache.pdfbox.pdmodel.PDPage.getActions(),org.apache.pdfbox.pdmodel.interactive.action.PDPageAdditionalActions.<init>(COSDictionary),11
org.apache.pdfbox.pdmodel.PDPage.getActions(),"org.apache.pdfbox.cos.COSDictionary.setItem(COSName, COSBase)",8
org.apache.pdfbox.pdmodel.PDPage.getActions(),org.apache.pdfbox.cos.COSDictionary.getDictionaryObject(COSName),11
org.apache.pdfbox.pdmodel.PDPage.getThreadBeads(),org.apache.pdfbox.cos.COSArray.<init>(),11
org.apache.pdfbox.pdmodel.PDPage.getThreadBeads(),org.apache.pdfbox.cos.COSArray.size(),12
org.apache.pdfbox.pdmodel.PDPage.getThreadBeads(),org.apache.pdfbox.cos.COSDictionary.getDictionaryObject(COSName),12
org.apache.pdfbox.pdmodel.PDPage.getThreadBeads(),"org.apache.pdfbox.pdmodel.common.COSArrayList.<init>(List, COSArray)",12
org.apache.pdfbox.pdmodel.PDPage.setStructParents(int),"org.apache.pdfbox.cos.COSDictionary.setInt(COSName, int)",6
org.apache.pdfbox.pdmodel.PDPage.getArtBox(),org.apache.pdfbox.pdmodel.PDPage.getCropBox(),4
org.apache.pdfbox.pdmodel.PDPage.getArtBox(),org.apache.pdfbox.cos.COSDictionary.getDictionaryObject(COSName),5
org.apache.pdfbox.pdmodel.PDPage.getContentStreams(),org.apache.pdfbox.cos.COSDictionary.getDictionaryObject(COSName),9
org.apache.pdfbox.pdmodel.PDPage.getStructParents(),"org.apache.pdfbox.cos.COSDictionary.getInt(COSName, int)",9
org.apache.pdfbox.pdmodel.PDPage.getTrimBox(),org.apache.pdfbox.pdmodel.PDPage.getCropBox(),6
org.apache.pdfbox.pdmodel.PDPage.getTrimBox(),org.apache.pdfbox.cos.COSDictionary.getDictionaryObject(COSName),9
org.apache.pdfbox.pdmodel.PDPage.getMetadata(),org.apache.pdfbox.cos.COSDictionary.getDictionaryObject(COSName),15
org.apache.pdfbox.pdmodel.PDPage.getTransition(),org.apache.pdfbox.cos.COSDictionary.getDictionaryObject(COSName),14
"org.apache.pdfbox.pdmodel.encryption.StandardSecurityHandler.getUserPassword(byte[], byte[], int, int)","org.apache.pdfbox.pdmodel.encryption.StandardSecurityHandler.computeRC4key(byte[], int, int)",14
org.apache.pdfbox.pdmodel.interactive.measurement.PDMeasureDictionary.getSubtype(),"org.apache.pdfbox.cos.COSDictionary.getNameAsString(COSName, String)",2
org.apache.pdfbox.pdmodel.fdf.FDFTemplate.setFields(List),"org.apache.pdfbox.cos.COSDictionary.setItem(COSName, COSBase)",1
org.apache.pdfbox.pdmodel.fdf.FDFTemplate.setFields(List),org.apache.pdfbox.pdmodel.common.COSArrayList.converterToCOSArray(List),2
org.apache.pdfbox.pdmodel.fdf.FDFTemplate.<init>(),org.apache.pdfbox.cos.COSDictionary.<init>(),8
org.apache.pdfbox.pdmodel.font.encoding.StandardEncoding.<init>(),"org.apache.pdfbox.pdmodel.font.encoding.Encoding.add(int, String)",447
org.apache.pdfbox.pdmodel.font.encoding.StandardEncoding.<init>(),org.apache.pdfbox.pdmodel.font.encoding.Encoding.<init>(),3
org.apache.pdfbox.pdmodel.interactive.pagenavigation.PDThreadBead.<init>(),org.apache.pdfbox.pdmodel.interactive.pagenavigation.PDThreadBead.setNextBead(PDThreadBead),14
org.apache.pdfbox.pdmodel.interactive.pagenavigation.PDThreadBead.setNextBead(PDThreadBead),"org.apache.pdfbox.cos.COSDictionary.setItem(String, COSObjectable)",19
"org.apache.pdfbox.cos.COSDictionary.setItem(COSName, COSObjectable)",org.apache.pdfbox.pdmodel.interactive.pagenavigation.PDThreadBead.getCOSObject(),39
org.apache.pdfbox.pdmodel.interactive.pagenavigation.PDThreadBead.<init>(),"org.apache.pdfbox.cos.COSDictionary.setName(String, String)",14
org.apache.pdfbox.pdmodel.interactive.pagenavigation.PDThreadBead.<init>(),org.apache.pdfbox.pdmodel.interactive.pagenavigation.PDThreadBead.setPreviousBead(PDThreadBead),14
org.apache.pdfbox.pdmodel.interactive.pagenavigation.PDThreadBead.setPreviousBead(PDThreadBead),"org.apache.pdfbox.cos.COSDictionary.setItem(String, COSObjectable)",20
org.apache.pdfbox.pdmodel.interactive.pagenavigation.PDThreadBead.<init>(),org.apache.pdfbox.cos.COSDictionary.<init>(),14
org.apache.pdfbox.pdmodel.graphics.shading.PDShadingType6.<init>(COSDictionary),org.apache.pdfbox.pdmodel.graphics.shading.PDShadingType4.<init>(COSDictionary),9
org.apache.pdfbox.pdmodel.graphics.shading.PDShadingType4.<init>(COSDictionary),org.apache.pdfbox.pdmodel.graphics.shading.PDTriangleBasedShadingType.<init>(COSDictionary),17
org.apache.pdfbox.pdmodel.graphics.shading.PDTriangleBasedShadingType.<init>(COSDictionary),org.apache.pdfbox.pdmodel.graphics.shading.PDShading.<init>(COSDictionary),26
org.apache.pdfbox.pdmodel.graphics.shading.PDShadingType6.toPaint(Matrix),"org.apache.pdfbox.pdmodel.graphics.shading.Type6ShadingPaint.<init>(PDShadingType6, Matrix)",1
org.apache.pdfbox.pdmodel.graphics.state.PDExtendedGraphicsState.setFlatnessTolerance(Float),"org.apache.pdfbox.pdmodel.graphics.state.PDExtendedGraphicsState.setFloatItem(COSName, Float)",12
org.apache.pdfbox.pdmodel.graphics.state.PDExtendedGraphicsState.setStrokingAlphaConstant(Float),"org.apache.pdfbox.pdmodel.graphics.state.PDExtendedGraphicsState.setFloatItem(COSName, Float)",11
org.apache.pdfbox.pdmodel.graphics.state.PDExtendedGraphicsState.getAutomaticStrokeAdjustment(),"org.apache.pdfbox.cos.COSDictionary.getBoolean(COSName, boolean)",15
org.apache.pdfbox.pdmodel.graphics.state.PDExtendedGraphicsState.getStrokingOverprintControl(),"org.apache.pdfbox.cos.COSDictionary.getBoolean(COSName, boolean)",14
org.apache.pdfbox.pdmodel.graphics.state.PDExtendedGraphicsState.getAlphaSourceFlag(),"org.apache.pdfbox.cos.COSDictionary.getBoolean(COSName, boolean)",14
org.apache.pdfbox.pdmodel.graphics.state.PDExtendedGraphicsState.setAutomaticStrokeAdjustment(boolean),"org.apache.pdfbox.cos.COSDictionary.setBoolean(COSName, boolean)",6
"org.apache.pdfbox.cos.COSDictionary.setBoolean(COSName, boolean)","org.apache.pdfbox.cos.COSDictionary.setItem(COSName, COSBase)",71
org.apache.pdfbox.pdmodel.graphics.state.PDExtendedGraphicsState.setLineWidth(Float),"org.apache.pdfbox.pdmodel.graphics.state.PDExtendedGraphicsState.setFloatItem(COSName, Float)",7
"org.apache.pdfbox.pdmodel.graphics.state.PDExtendedGraphicsState.setFloatItem(COSName, Float)",org.apache.pdfbox.cos.COSDictionary.removeItem(COSName),20
org.apache.pdfbox.pdmodel.graphics.state.PDExtendedGraphicsState.setNonStrokingOverprintControl(boolean),"org.apache.pdfbox.cos.COSDictionary.setBoolean(COSName, boolean)",15
org.apache.pdfbox.pdmodel.graphics.state.PDExtendedGraphicsState.getLineDashPattern(),org.apache.pdfbox.cos.COSDictionary.getDictionaryObject(COSName),16
org.apache.pdfbox.pdmodel.documentinterchange.logicalstructure.PDMarkInfo.setMarked(boolean),"org.apache.pdfbox.cos.COSDictionary.setBoolean(String, boolean)",2
"org.apache.pdfbox.cos.COSDictionary.setBoolean(String, boolean)",org.apache.pdfbox.cos.COSName.getPDFName(String),13
"org.apache.pdfbox.cos.COSDictionary.setBoolean(String, boolean)","org.apache.pdfbox.cos.COSDictionary.setItem(COSName, COSBase)",13
org.apache.pdfbox.pdmodel.documentinterchange.logicalstructure.PDMarkInfo.<init>(),org.apache.pdfbox.cos.COSDictionary.<init>(),8
org.apache.pdfbox.pdmodel.documentinterchange.logicalstructure.PDMarkInfo.isMarked(),"org.apache.pdfbox.cos.COSDictionary.getBoolean(String, boolean)",2
"org.apache.pdfbox.cos.COSDictionary.getBoolean(String, boolean)","org.apache.pdfbox.cos.COSDictionary.getBoolean(COSName, boolean)",21
"org.apache.pdfbox.cos.COSDictionary.getBoolean(String, boolean)",org.apache.pdfbox.cos.COSName.getPDFName(String),21
org.apache.pdfbox.pdmodel.interactive.measurement.PDViewportDictionary.setName(String),"org.apache.pdfbox.cos.COSDictionary.setName(COSName, String)",3
org.apache.pdfbox.pdmodel.interactive.measurement.PDViewportDictionary.<init>(),org.apache.pdfbox.cos.COSDictionary.<init>(),10
org.apache.pdfbox.pdmodel.interactive.measurement.PDViewportDictionary.getName(),org.apache.pdfbox.cos.COSDictionary.getNameAsString(COSName),3
org.apache.pdfbox.pdmodel.documentinterchange.logicalstructure.PDUserProperty.<init>(PDUserAttributeObject),org.apache.pdfbox.pdmodel.common.PDDictionaryWrapper.<init>(),13
org.apache.pdfbox.pdmodel.documentinterchange.logicalstructure.PDUserProperty.hashCode(),org.apache.pdfbox.pdmodel.common.PDDictionaryWrapper.hashCode(),2
"org.apache.pdfbox.multipdf.PageExtractor.<init>(PDDocument, int, int)",org.apache.pdfbox.multipdf.PageExtractor.<init>(PDDocument),1
org.apache.pdfbox.contentstream.operator.markedcontent.BeginMarkedContentSequence.<init>(),org.apache.pdfbox.contentstream.operator.OperatorProcessor.<init>(),2
org.apache.pdfbox.pdmodel.interactive.documentnavigation.outline.PDOutlineNode.addLast(PDOutlineItem),org.apache.pdfbox.pdmodel.interactive.documentnavigation.outline.PDOutlineNode.updateParentOpenCountForAddedChild(PDOutlineItem),8
org.apache.pdfbox.pdmodel.interactive.documentnavigation.outline.PDOutlineNode.addLast(PDOutlineItem),org.apache.pdfbox.pdmodel.interactive.documentnavigation.outline.PDOutlineNode.append(PDOutlineItem),8
org.apache.pdfbox.pdmodel.interactive.documentnavigation.outline.PDOutlineNode.append(PDOutlineItem),org.apache.pdfbox.pdmodel.interactive.documentnavigation.outline.PDOutlineNode.setParent(PDOutlineNode),8
org.apache.pdfbox.pdmodel.interactive.documentnavigation.outline.PDOutlineNode.append(PDOutlineItem),org.apache.pdfbox.pdmodel.interactive.documentnavigation.outline.PDOutlineNode.setFirstChild(PDOutlineNode),7
org.apache.pdfbox.pdmodel.interactive.documentnavigation.outline.PDOutlineNode.append(PDOutlineItem),org.apache.pdfbox.pdmodel.interactive.documentnavigation.outline.PDOutlineNode.setLastChild(PDOutlineNode),8
org.apache.pdfbox.pdmodel.interactive.documentnavigation.outline.PDOutlineNode.setLastChild(PDOutlineNode),"org.apache.pdfbox.cos.COSDictionary.setItem(COSName, COSObjectable)",11
org.apache.pdfbox.pdmodel.interactive.documentnavigation.outline.PDOutlineNode.append(PDOutlineItem),org.apache.pdfbox.pdmodel.interactive.documentnavigation.outline.PDOutlineNode.hasChildren(),8
org.apache.pdfbox.pdmodel.interactive.documentnavigation.outline.PDOutlineNode.hasChildren(),org.apache.pdfbox.pdmodel.interactive.documentnavigation.outline.PDOutlineNode.getFirstChild(),13
org.apache.pdfbox.pdmodel.interactive.documentnavigation.outline.PDOutlineNode.getFirstChild(),org.apache.pdfbox.pdmodel.interactive.documentnavigation.outline.PDOutlineNode.getOutlineItem(COSName),18
org.apache.pdfbox.pdmodel.interactive.documentnavigation.outline.PDOutlineNode.addLast(PDOutlineItem),org.apache.pdfbox.pdmodel.interactive.documentnavigation.outline.PDOutlineNode.requireSingleNode(PDOutlineItem),9
org.apache.pdfbox.pdmodel.interactive.documentnavigation.outline.PDOutlineNode.append(PDOutlineItem),org.apache.pdfbox.pdmodel.interactive.documentnavigation.outline.PDOutlineItem.setNextSibling(PDOutlineNode),1
org.apache.pdfbox.pdmodel.interactive.documentnavigation.outline.PDOutlineNode.append(PDOutlineItem),org.apache.pdfbox.pdmodel.interactive.documentnavigation.outline.PDOutlineItem.setPreviousSibling(PDOutlineNode),1
org.apache.pdfbox.pdmodel.interactive.documentnavigation.outline.PDOutlineNode.getOutlineItem(COSName),org.apache.pdfbox.pdmodel.interactive.documentnavigation.outline.PDOutlineItem.<init>(COSDictionary),15
org.apache.pdfbox.pdmodel.interactive.documentnavigation.outline.PDOutlineNode.append(PDOutlineItem),org.apache.pdfbox.pdmodel.interactive.documentnavigation.outline.PDOutlineNode.getLastChild(),1
org.apache.pdfbox.pdmodel.interactive.documentnavigation.outline.PDOutlineNode.getLastChild(),org.apache.pdfbox.pdmodel.interactive.documentnavigation.outline.PDOutlineNode.getOutlineItem(COSName),4
org.apache.pdfbox.pdmodel.interactive.documentnavigation.outline.PDOutlineNode.openNode(),org.apache.pdfbox.pdmodel.interactive.documentnavigation.outline.PDOutlineNode.switchNodeCount(),7
org.apache.pdfbox.pdmodel.interactive.documentnavigation.outline.PDOutlineNode.switchNodeCount(),org.apache.pdfbox.pdmodel.interactive.documentnavigation.outline.PDOutlineNode.updateParentOpenCount(int),8
org.apache.pdfbox.pdmodel.interactive.documentnavigation.outline.PDOutlineNode.switchNodeCount(),org.apache.pdfbox.pdmodel.interactive.documentnavigation.outline.PDOutlineNode.getOpenCount(),8
org.apache.pdfbox.pdmodel.interactive.documentnavigation.outline.PDOutlineNode.switchNodeCount(),org.apache.pdfbox.pdmodel.interactive.documentnavigation.outline.PDOutlineNode.setOpenCount(int),8
org.apache.pdfbox.pdmodel.interactive.documentnavigation.outline.PDOutlineNode.openNode(),org.apache.pdfbox.pdmodel.interactive.documentnavigation.outline.PDOutlineNode.isNodeOpen(),9
org.apache.pdfbox.pdmodel.interactive.documentnavigation.outline.PDDocumentOutline.<init>(),"org.apache.pdfbox.cos.COSDictionary.setName(COSName, String)",19
org.apache.pdfbox.pdmodel.interactive.documentnavigation.outline.PDDocumentOutline.<init>(),org.apache.pdfbox.pdmodel.interactive.documentnavigation.outline.PDOutlineNode.<init>(),19
org.apache.pdfbox.pdmodel.interactive.documentnavigation.outline.PDOutlineItem.setBold(boolean),"org.apache.pdfbox.cos.COSDictionary.setFlag(COSName, int, boolean)",3
org.apache.pdfbox.pdmodel.interactive.documentnavigation.outline.PDOutlineItem.isBold(),"org.apache.pdfbox.cos.COSDictionary.getFlag(COSName, int)",3
org.apache.pdfbox.pdmodel.interactive.documentnavigation.outline.PDOutlineItem.isItalic(),"org.apache.pdfbox.cos.COSDictionary.getFlag(COSName, int)",3
org.apache.pdfbox.pdmodel.interactive.documentnavigation.outline.PDOutlineItem.setAction(PDAction),"org.apache.pdfbox.cos.COSDictionary.setItem(COSName, COSObjectable)",5
org.apache.pdfbox.pdmodel.documentinterchange.taggedpdf.PDLayoutAttributeObject.toString(),org.apache.pdfbox.pdmodel.documentinterchange.taggedpdf.PDLayoutAttributeObject.getLineHeight(),12
org.apache.pdfbox.pdmodel.documentinterchange.taggedpdf.PDLayoutAttributeObject.getLineHeight(),"org.apache.pdfbox.pdmodel.documentinterchange.taggedpdf.PDStandardAttributeObject.getNumberOrName(String, String)",25
org.apache.pdfbox.pdmodel.documentinterchange.taggedpdf.PDLayoutAttributeObject.toString(),org.apache.pdfbox.pdmodel.documentinterchange.taggedpdf.PDLayoutAttributeObject.getBorderThickness(),5
org.apache.pdfbox.pdmodel.documentinterchange.taggedpdf.PDLayoutAttributeObject.getBorderThickness(),"org.apache.pdfbox.pdmodel.documentinterchange.taggedpdf.PDStandardAttributeObject.getNumberOrArrayOfNumber(String, float)",16
org.apache.pdfbox.pdmodel.documentinterchange.taggedpdf.PDLayoutAttributeObject.toString(),org.apache.pdfbox.pdmodel.documentinterchange.taggedpdf.PDLayoutAttributeObject.getPadding(),5
org.apache.pdfbox.pdmodel.documentinterchange.taggedpdf.PDLayoutAttributeObject.getPadding(),"org.apache.pdfbox.pdmodel.documentinterchange.taggedpdf.PDStandardAttributeObject.getNumberOrArrayOfNumber(String, float)",22
"org.apache.pdfbox.pdmodel.documentinterchange.taggedpdf.PDStandardAttributeObject.getNumberOrName(String, String)",org.apache.pdfbox.cos.COSFloat.floatValue(),19
org.apache.pdfbox.pdmodel.documentinterchange.taggedpdf.PDLayoutAttributeObject.toString(),org.apache.pdfbox.pdmodel.documentinterchange.taggedpdf.PDLayoutAttributeObject.getStartIndent(),3
org.apache.pdfbox.pdmodel.documentinterchange.taggedpdf.PDLayoutAttributeObject.toString(),org.apache.pdfbox.pdmodel.documentinterchange.taggedpdf.PDLayoutAttributeObject.getTPadding(),10
org.apache.pdfbox.pdmodel.documentinterchange.taggedpdf.PDLayoutAttributeObject.toString(),org.apache.pdfbox.pdmodel.documentinterchange.taggedpdf.PDLayoutAttributeObject.getEndIndent(),5
org.apache.pdfbox.pdmodel.documentinterchange.taggedpdf.PDLayoutAttributeObject.getEndIndent(),"org.apache.pdfbox.pdmodel.documentinterchange.taggedpdf.PDStandardAttributeObject.getNumber(String, float)",18
org.apache.pdfbox.pdmodel.documentinterchange.taggedpdf.PDLayoutAttributeObject.toString(),org.apache.pdfbox.pdmodel.documentinterchange.taggedpdf.PDLayoutAttributeObject.getSpaceAfter(),3
org.apache.pdfbox.pdmodel.documentinterchange.taggedpdf.PDLayoutAttributeObject.getSpaceAfter(),"org.apache.pdfbox.pdmodel.documentinterchange.taggedpdf.PDStandardAttributeObject.getNumber(String, float)",16
org.apache.pdfbox.pdmodel.documentinterchange.taggedpdf.PDLayoutAttributeObject.toString(),org.apache.pdfbox.pdmodel.documentinterchange.taggedpdf.PDLayoutAttributeObject.getTextIndent(),3
org.apache.pdfbox.pdmodel.documentinterchange.taggedpdf.PDLayoutAttributeObject.setTextIndent(int),"org.apache.pdfbox.pdmodel.documentinterchange.taggedpdf.PDStandardAttributeObject.setNumber(String, int)",6
org.apache.pdfbox.pdmodel.documentinterchange.taggedpdf.PDLayoutAttributeObject.setAllPaddings(float),"org.apache.pdfbox.pdmodel.documentinterchange.taggedpdf.PDStandardAttributeObject.setNumber(String, float)",9
org.apache.pdfbox.pdmodel.documentinterchange.taggedpdf.PDLayoutAttributeObject.setStartIndent(float),"org.apache.pdfbox.pdmodel.documentinterchange.taggedpdf.PDStandardAttributeObject.setNumber(String, float)",7
org.apache.pdfbox.pdmodel.documentinterchange.taggedpdf.PDLayoutAttributeObject.setHeight(float),"org.apache.pdfbox.pdmodel.documentinterchange.taggedpdf.PDStandardAttributeObject.setNumber(String, float)",14
org.apache.pdfbox.pdmodel.documentinterchange.taggedpdf.PDLayoutAttributeObject.setTPaddings(float[]),"org.apache.pdfbox.pdmodel.documentinterchange.taggedpdf.PDStandardAttributeObject.setArrayOfNumber(String, float[])",8
org.apache.pdfbox.pdmodel.documentinterchange.taggedpdf.PDLayoutAttributeObject.setAllTPaddings(int),"org.apache.pdfbox.pdmodel.documentinterchange.taggedpdf.PDStandardAttributeObject.setNumber(String, int)",10
org.apache.pdfbox.pdmodel.documentinterchange.taggedpdf.PDLayoutAttributeObject.setLineHeightAuto(),"org.apache.pdfbox.pdmodel.documentinterchange.taggedpdf.PDStandardAttributeObject.setName(String, String)",10
org.apache.pdfbox.pdmodel.documentinterchange.taggedpdf.PDLayoutAttributeObject.setAllBorderThicknesses(int),"org.apache.pdfbox.pdmodel.documentinterchange.taggedpdf.PDStandardAttributeObject.setNumber(String, int)",8
org.apache.pdfbox.pdmodel.documentinterchange.taggedpdf.PDLayoutAttributeObject.setBackgroundColor(PDGamma),"org.apache.pdfbox.pdmodel.documentinterchange.taggedpdf.PDStandardAttributeObject.setColor(String, PDGamma)",6
org.apache.pdfbox.pdmodel.documentinterchange.taggedpdf.PDLayoutAttributeObject.setEndIndent(int),"org.apache.pdfbox.pdmodel.documentinterchange.taggedpdf.PDStandardAttributeObject.setNumber(String, int)",8
org.apache.pdfbox.pdmodel.documentinterchange.taggedpdf.PDLayoutAttributeObject.setSpaceAfter(int),"org.apache.pdfbox.pdmodel.documentinterchange.taggedpdf.PDStandardAttributeObject.setNumber(String, int)",9
org.apache.pdfbox.pdmodel.documentinterchange.taggedpdf.PDLayoutAttributeObject.setWidthAuto(),"org.apache.pdfbox.pdmodel.documentinterchange.taggedpdf.PDStandardAttributeObject.setName(String, String)",6
org.apache.pdfbox.pdmodel.documentinterchange.taggedpdf.PDLayoutAttributeObject.getInlineAlign(),"org.apache.pdfbox.pdmodel.documentinterchange.taggedpdf.PDStandardAttributeObject.getName(String, String)",10
org.apache.pdfbox.pdmodel.documentinterchange.taggedpdf.PDLayoutAttributeObject.getBorderStyle(),"org.apache.pdfbox.pdmodel.documentinterchange.taggedpdf.PDStandardAttributeObject.getNameOrArrayOfName(String, String)",24
org.apache.pdfbox.pdmodel.documentinterchange.taggedpdf.PDLayoutAttributeObject.getColor(),org.apache.pdfbox.pdmodel.documentinterchange.taggedpdf.PDStandardAttributeObject.getColor(String),19
org.apache.pdfbox.pdmodel.documentinterchange.taggedpdf.PDLayoutAttributeObject.getPlacement(),"org.apache.pdfbox.pdmodel.documentinterchange.taggedpdf.PDStandardAttributeObject.getName(String, String)",10
org.apache.pdfbox.pdmodel.documentinterchange.taggedpdf.PDLayoutAttributeObject.getRubyAlign(),"org.apache.pdfbox.pdmodel.documentinterchange.taggedpdf.PDStandardAttributeObject.getName(String, String)",15
org.apache.pdfbox.pdmodel.encryption.PDCryptFilterDictionary.setLength(int),"org.apache.pdfbox.cos.COSDictionary.setInt(COSName, int)",3
org.apache.pdfbox.pdmodel.encryption.PDCryptFilterDictionary.<init>(),org.apache.pdfbox.cos.COSDictionary.<init>(),9
org.apache.pdfbox.pdmodel.encryption.PDCryptFilterDictionary.getLength(),"org.apache.pdfbox.cos.COSDictionary.getInt(COSName, int)",3
org.apache.pdfbox.cos.COSStream.<init>(ScratchFile),org.apache.pdfbox.io.ScratchFile.getMainMemoryOnlyInstance(),22
org.apache.pdfbox.cos.COSDocument.setEncryptionDictionary(COSDictionary),"org.apache.pdfbox.cos.COSDictionary.setItem(COSName, COSBase)",6
org.apache.pdfbox.pdmodel.graphics.optionalcontent.PDOptionalContentProperties.getBaseState(),org.apache.pdfbox.cos.COSDictionary.getItem(COSName),4
org.apache.pdfbox.pdmodel.graphics.optionalcontent.PDOptionalContentProperties.getBaseState(),org.apache.pdfbox.pdmodel.graphics.optionalcontent.PDOptionalContentProperties.getD(),5
org.apache.pdfbox.pdmodel.graphics.optionalcontent.PDOptionalContentProperties.getD(),org.apache.pdfbox.cos.COSDictionary.getDictionaryObject(COSName),10
org.apache.pdfbox.pdmodel.graphics.optionalcontent.PDOptionalContentProperties.setBaseState(PDOptionalContentProperties$BaseState),org.apache.pdfbox.pdmodel.graphics.optionalcontent.PDOptionalContentProperties.getD(),3
org.apache.pdfbox.pdmodel.graphics.optionalcontent.PDOptionalContentProperties.setBaseState(PDOptionalContentProperties$BaseState),"org.apache.pdfbox.cos.COSDictionary.setItem(COSName, COSBase)",2
org.apache.pdfbox.pdmodel.interactive.annotation.PDAppearanceDictionary.setDownAppearance(PDAppearanceStream),"org.apache.pdfbox.cos.COSDictionary.setItem(COSName, COSObjectable)",1
org.apache.pdfbox.pdmodel.documentinterchange.logicalstructure.PDMarkedContentReference.<init>(),"org.apache.pdfbox.cos.COSDictionary.setName(COSName, String)",7
org.apache.pdfbox.pdmodel.documentinterchange.logicalstructure.PDMarkedContentReference.<init>(),org.apache.pdfbox.cos.COSDictionary.<init>(),7
org.apache.pdfbox.pdmodel.documentinterchange.logicalstructure.PDMarkedContentReference.setMCID(int),"org.apache.pdfbox.cos.COSDictionary.setInt(COSName, int)",2
org.apache.pdfbox.pdmodel.documentinterchange.logicalstructure.PDMarkedContentReference.getMCID(),org.apache.pdfbox.cos.COSDictionary.getInt(COSName),4
org.apache.pdfbox.pdmodel.interactive.action.PDDocumentCatalogAdditionalActions.<init>(),org.apache.pdfbox.cos.COSDictionary.<init>(),11
"org.apache.pdfbox.filter.ccitt.TIFFFaxDecoder.decodeT6(byte[], byte[], int, int, long, boolean)",org.apache.pdfbox.filter.ccitt.TIFFFaxDecoder.nextLesserThan8Bits(int),23
"org.apache.pdfbox.filter.ccitt.TIFFFaxDecoder.decodeT6(byte[], byte[], int, int, long, boolean)","org.apache.pdfbox.filter.ccitt.TIFFFaxDecoder.getNextChangingElement(int, boolean, int[])",23
"org.apache.pdfbox.pdmodel.font.PDCIDSystemInfo.<init>(String, String, int)","org.apache.pdfbox.cos.COSDictionary.setString(COSName, String)",22
"org.apache.pdfbox.pdmodel.font.PDCIDSystemInfo.<init>(String, String, int)","org.apache.pdfbox.cos.COSDictionary.setInt(COSName, int)",11
"org.apache.pdfbox.pdmodel.font.PDCIDSystemInfo.<init>(String, String, int)",org.apache.pdfbox.cos.COSDictionary.<init>(),11
org.apache.pdfbox.pdmodel.font.PDCIDSystemInfo.getSupplement(),org.apache.pdfbox.cos.COSDictionary.getInt(COSName),4
org.apache.pdfbox.pdmodel.interactive.digitalsignature.visible.PDVisibleSigBuilder.createTemplate(PDPage),org.apache.pdfbox.pdmodel.PDDocument.<init>(),1
org.apache.pdfbox.pdmodel.interactive.digitalsignature.visible.PDVisibleSigBuilder.createTemplate(PDPage),org.apache.pdfbox.pdmodel.PDDocument.addPage(PDPage),1
org.apache.pdfbox.pdmodel.interactive.annotation.PDBorderEffectDictionary.getStyle(),"org.apache.pdfbox.cos.COSDictionary.getNameAsString(String, String)",2
org.apache.pdfbox.pdmodel.interactive.annotation.PDBorderEffectDictionary.<init>(),org.apache.pdfbox.cos.COSDictionary.<init>(),8
org.apache.pdfbox.util.Matrix.toCOSArray(),org.apache.pdfbox.cos.COSFloat.<init>(float),102
org.apache.pdfbox.util.Matrix.toCOSArray(),org.apache.pdfbox.cos.COSArray.<init>(),17
org.apache.pdfbox.util.Matrix.toCOSArray(),org.apache.pdfbox.cos.COSArray.add(COSBase),101
org.apache.pdfbox.util.Matrix.rotate(double),"org.apache.pdfbox.util.Matrix.getRotateInstance(double, float, float)",25
org.apache.pdfbox.util.Matrix.rotate(double),org.apache.pdfbox.util.Matrix.concatenate(Matrix),25
"org.apache.pdfbox.util.Matrix.translate(float, float)",org.apache.pdfbox.util.Matrix.concatenate(Matrix),14
"org.apache.pdfbox.util.Matrix.translate(float, float)","org.apache.pdfbox.util.Matrix.getTranslateInstance(float, float)",14
"org.apache.pdfbox.util.Matrix.scale(float, float)",org.apache.pdfbox.util.Matrix.concatenate(Matrix),7
"org.apache.pdfbox.util.Matrix.scale(float, float)","org.apache.pdfbox.util.Matrix.getScaleInstance(float, float)",7
org.apache.pdfbox.util.Matrix.extractTranslating(),org.apache.pdfbox.util.Matrix.<init>(),12
org.apache.pdfbox.util.Matrix.multiply(Matrix),org.apache.pdfbox.util.Matrix.<init>(),17
org.apache.pdfbox.util.Matrix.multiply(Matrix),"org.apache.pdfbox.util.Matrix.multiply(Matrix, Matrix)",17
"org.apache.pdfbox.pdmodel.graphics.shading.Type7ShadingPaint.createContext(ColorModel, Rectangle, Rectangle2D, AffineTransform, RenderingHints)","org.apache.pdfbox.pdmodel.graphics.shading.Type7ShadingContext.<init>(PDShadingType7, ColorModel, AffineTransform, Matrix, Rectangle)",1
"org.apache.pdfbox.pdmodel.graphics.shading.Type7ShadingContext.<init>(PDShadingType7, ColorModel, AffineTransform, Matrix, Rectangle)","org.apache.pdfbox.pdmodel.graphics.shading.PatchMeshesShadingContext.<init>(PDShadingType6, ColorModel, AffineTransform, Matrix, Rectangle, int)",2
org.apache.pdfbox.cos.COSDocument.getObjectsByType(String),org.apache.pdfbox.cos.COSDocument.getObjectsByType(COSName),3
org.apache.pdfbox.cos.COSDocument.getObjectsByType(String),org.apache.pdfbox.cos.COSName.getPDFName(String),3
org.apache.pdfbox.pdmodel.PDJavascriptNameTreeNode.<init>(),org.apache.pdfbox.pdmodel.common.PDNameTreeNode.<init>(),2
org.apache.pdfbox.pdmodel.common.filespecification.PDEmbeddedFile.<init>(COSStream),org.apache.pdfbox.pdmodel.common.PDStream.<init>(COSStream),16
org.apache.pdfbox.pdmodel.graphics.PDFontSetting.<init>(),org.apache.pdfbox.cos.COSFloat.<init>(float),7
org.apache.pdfbox.pdmodel.graphics.PDFontSetting.<init>(),org.apache.pdfbox.cos.COSArray.add(COSBase),14
org.apache.pdfbox.pdmodel.graphics.PDFontSetting.<init>(),org.apache.pdfbox.cos.COSArray.<init>(),7
org.apache.pdfbox.pdmodel.graphics.PDFontSetting.setFont(PDFont),"org.apache.pdfbox.cos.COSArray.set(int, COSObjectable)",1
org.apache.pdfbox.pdmodel.documentinterchange.taggedpdf.PDLayoutAttributeObject.toString(),org.apache.pdfbox.pdmodel.documentinterchange.logicalstructure.PDAttributeObject.arrayToString(float[]),9
"org.apache.pdfbox.pdmodel.documentinterchange.taggedpdf.PDStandardAttributeObject.getNumberOrArrayOfNumber(String, float)",org.apache.pdfbox.cos.COSArray.getObject(int),48
"org.apache.pdfbox.pdmodel.documentinterchange.taggedpdf.PDStandardAttributeObject.getNumberOrArrayOfNumber(String, float)",org.apache.pdfbox.cos.COSArray.size(),74
org.apache.pdfbox.pdmodel.documentinterchange.taggedpdf.PDLayoutAttributeObject.setEndIndent(float),"org.apache.pdfbox.pdmodel.documentinterchange.taggedpdf.PDStandardAttributeObject.setNumber(String, float)",5
org.apache.pdfbox.pdmodel.documentinterchange.taggedpdf.PDLayoutAttributeObject.setAllTPaddings(float),"org.apache.pdfbox.pdmodel.documentinterchange.taggedpdf.PDStandardAttributeObject.setNumber(String, float)",10
org.apache.pdfbox.pdmodel.documentinterchange.taggedpdf.PDLayoutAttributeObject.setHeight(int),"org.apache.pdfbox.pdmodel.documentinterchange.taggedpdf.PDStandardAttributeObject.setNumber(String, int)",8
org.apache.pdfbox.pdmodel.documentinterchange.taggedpdf.PDLayoutAttributeObject.setColor(PDGamma),"org.apache.pdfbox.pdmodel.documentinterchange.taggedpdf.PDStandardAttributeObject.setColor(String, PDGamma)",5
"org.apache.pdfbox.pdmodel.documentinterchange.taggedpdf.PDStandardAttributeObject.getInteger(String, int)","org.apache.pdfbox.cos.COSDictionary.getInt(String, int)",42
org.apache.pdfbox.pdmodel.documentinterchange.taggedpdf.PDLayoutAttributeObject.getColumnWidths(),"org.apache.pdfbox.pdmodel.documentinterchange.taggedpdf.PDStandardAttributeObject.getNumberOrArrayOfNumber(String, float)",14
org.apache.pdfbox.pdmodel.fdf.FDFPageInfo.<init>(),org.apache.pdfbox.cos.COSDictionary.<init>(),1
org.apache.pdfbox.pdmodel.documentinterchange.taggedpdf.PDLayoutAttributeObject.toString(),org.apache.pdfbox.pdmodel.documentinterchange.taggedpdf.PDLayoutAttributeObject.getTextAlign(),3
org.apache.pdfbox.pdmodel.documentinterchange.taggedpdf.PDLayoutAttributeObject.getTextAlign(),"org.apache.pdfbox.pdmodel.documentinterchange.taggedpdf.PDStandardAttributeObject.getName(String, String)",13
org.apache.pdfbox.pdmodel.documentinterchange.taggedpdf.PDLayoutAttributeObject.toString(),org.apache.pdfbox.pdmodel.documentinterchange.taggedpdf.PDLayoutAttributeObject.getColumnWidths(),4
org.apache.pdfbox.pdmodel.documentinterchange.taggedpdf.PDLayoutAttributeObject.setColumnWidths(float[]),"org.apache.pdfbox.pdmodel.documentinterchange.taggedpdf.PDStandardAttributeObject.setArrayOfNumber(String, float[])",10
org.apache.pdfbox.pdmodel.documentinterchange.taggedpdf.PDLayoutAttributeObject.setTextAlign(String),"org.apache.pdfbox.pdmodel.documentinterchange.taggedpdf.PDStandardAttributeObject.setName(String, String)",11
org.apache.pdfbox.pdmodel.documentinterchange.taggedpdf.PDLayoutAttributeObject.setLineHeightNormal(),"org.apache.pdfbox.pdmodel.documentinterchange.taggedpdf.PDStandardAttributeObject.setName(String, String)",14
org.apache.pdfbox.pdmodel.documentinterchange.taggedpdf.PDLayoutAttributeObject.setRubyPosition(String),"org.apache.pdfbox.pdmodel.documentinterchange.taggedpdf.PDStandardAttributeObject.setName(String, String)",9
org.apache.pdfbox.pdmodel.documentinterchange.taggedpdf.PDLayoutAttributeObject.setLineHeight(int),"org.apache.pdfbox.pdmodel.documentinterchange.taggedpdf.PDStandardAttributeObject.setNumber(String, int)",6
"org.apache.pdfbox.pdmodel.documentinterchange.logicalstructure.PDAttributeObject.isValueChanged(COSBase, COSBase)",org.apache.pdfbox.cos.COSName.equals(Object),16
org.apache.pdfbox.pdmodel.documentinterchange.taggedpdf.PDLayoutAttributeObject.setBBox(PDRectangle),"org.apache.pdfbox.cos.COSDictionary.setItem(String, COSObjectable)",11
org.apache.pdfbox.pdmodel.documentinterchange.taggedpdf.PDLayoutAttributeObject.setBBox(PDRectangle),org.apache.pdfbox.cos.COSDictionary.getDictionaryObject(String),11
org.apache.pdfbox.pdmodel.documentinterchange.taggedpdf.PDLayoutAttributeObject.setBBox(PDRectangle),"org.apache.pdfbox.pdmodel.documentinterchange.logicalstructure.PDAttributeObject.potentiallyNotifyChanged(COSBase, COSBase)",11
org.apache.pdfbox.pdmodel.documentinterchange.taggedpdf.PDLayoutAttributeObject.getBBox(),org.apache.pdfbox.cos.COSDictionary.getDictionaryObject(String),19
org.apache.pdfbox.pdmodel.fdf.FDFIconFit.setScaleToFitAnnotation(boolean),"org.apache.pdfbox.cos.COSDictionary.setBoolean(COSName, boolean)",2
org.apache.pdfbox.pdmodel.fdf.FDFIconFit.shouldScaleToFitAnnotation(),"org.apache.pdfbox.cos.COSDictionary.getBoolean(COSName, boolean)",2
org.apache.pdfbox.pdmodel.interactive.annotation.PDAppearanceStream.<init>(PDDocument),org.apache.pdfbox.pdmodel.graphics.form.PDFormXObject.<init>(PDDocument),1
org.apache.pdfbox.cos.COSDocument.getDocumentID(),org.apache.pdfbox.cos.COSDictionary.getDictionaryObject(COSName),9
org.apache.pdfbox.pdmodel.PDDestinationNameTreeNode.<init>(),org.apache.pdfbox.pdmodel.common.PDNameTreeNode.<init>(),2
org.apache.pdfbox.pdmodel.PDDestinationNameTreeNode.convertCOSToPD(COSBase),org.apache.pdfbox.pdmodel.interactive.documentnavigation.destination.PDDestination.create(COSBase),1
org.apache.pdfbox.pdmodel.interactive.action.PDURIDictionary.setBase(String),"org.apache.pdfbox.cos.COSDictionary.setString(String, String)",3
org.apache.pdfbox.pdmodel.interactive.action.PDURIDictionary.<init>(),org.apache.pdfbox.cos.COSDictionary.<init>(),5
org.apache.pdfbox.pdmodel.documentinterchange.logicalstructure.PDStructureElement.getClassNames(),org.apache.pdfbox.pdmodel.documentinterchange.logicalstructure.Revisions.<init>(),8
org.apache.pdfbox.pdmodel.documentinterchange.logicalstructure.PDStructureElement.getClassNames(),org.apache.pdfbox.cos.COSDictionary.getDictionaryObject(COSName),7
org.apache.pdfbox.pdmodel.documentinterchange.logicalstructure.PDStructureElement.setClassNames(Revisions),org.apache.pdfbox.pdmodel.documentinterchange.logicalstructure.Revisions.size(),11
org.apache.pdfbox.pdmodel.documentinterchange.logicalstructure.Revisions.size(),org.apache.pdfbox.pdmodel.documentinterchange.logicalstructure.Revisions.getObjects(),17
org.apache.pdfbox.pdmodel.documentinterchange.logicalstructure.PDStructureElement.setClassNames(Revisions),org.apache.pdfbox.cos.COSArray.<init>(),4
"org.apache.pdfbox.pdmodel.documentinterchange.logicalstructure.PDStructureElement.<init>(String, PDStructureNode)",org.apache.pdfbox.pdmodel.documentinterchange.logicalstructure.PDStructureNode.<init>(String),63
org.apache.pdfbox.pdmodel.documentinterchange.logicalstructure.PDStructureNode.<init>(String),"org.apache.pdfbox.cos.COSDictionary.setName(COSName, String)",104
org.apache.pdfbox.pdmodel.documentinterchange.logicalstructure.PDStructureNode.<init>(String),org.apache.pdfbox.cos.COSDictionary.<init>(),104
"org.apache.pdfbox.pdmodel.documentinterchange.logicalstructure.PDStructureElement.<init>(String, PDStructureNode)",org.apache.pdfbox.pdmodel.documentinterchange.logicalstructure.PDStructureElement.setParent(PDStructureNode),63
org.apache.pdfbox.pdmodel.documentinterchange.logicalstructure.PDStructureElement.setParent(PDStructureNode),"org.apache.pdfbox.cos.COSDictionary.setItem(COSName, COSObjectable)",69
"org.apache.pdfbox.cos.COSDictionary.setItem(COSName, COSObjectable)",org.apache.pdfbox.pdmodel.documentinterchange.logicalstructure.PDStructureNode.getCOSObject(),50
"org.apache.pdfbox.pdmodel.documentinterchange.logicalstructure.PDStructureElement.<init>(String, PDStructureNode)",org.apache.pdfbox.pdmodel.documentinterchange.logicalstructure.PDStructureElement.setStructureType(String),63
org.apache.pdfbox.pdmodel.documentinterchange.logicalstructure.PDStructureElement.setStructureType(String),"org.apache.pdfbox.cos.COSDictionary.setName(COSName, String)",64
org.apache.pdfbox.pdmodel.interactive.action.PDFormFieldAdditionalActions.<init>(),org.apache.pdfbox.cos.COSDictionary.<init>(),9
org.apache.pdfbox.pdmodel.graphics.state.PDExtendedGraphicsState.getRenderingIntent(),org.apache.pdfbox.pdmodel.graphics.state.RenderingIntent.fromString(String),2
org.apache.pdfbox.pdmodel.graphics.state.PDExtendedGraphicsState.copyIntoGraphicsState(PDGraphicsState),org.apache.pdfbox.cos.COSDictionary.keySet(),21
org.apache.pdfbox.pdmodel.graphics.state.PDExtendedGraphicsState.copyIntoGraphicsState(PDGraphicsState),org.apache.pdfbox.pdmodel.graphics.state.PDExtendedGraphicsState.getRenderingIntent(),1
org.apache.pdfbox.pdmodel.graphics.state.PDExtendedGraphicsState.copyIntoGraphicsState(PDGraphicsState),org.apache.pdfbox.cos.COSName.equals(Object),538
org.apache.pdfbox.pdmodel.graphics.state.PDExtendedGraphicsState.setTextKnockoutFlag(boolean),"org.apache.pdfbox.cos.COSDictionary.setBoolean(COSName, boolean)",8
org.apache.pdfbox.pdmodel.graphics.state.PDExtendedGraphicsState.getTextKnockoutFlag(),"org.apache.pdfbox.cos.COSDictionary.getBoolean(COSName, boolean)",10
org.apache.pdfbox.pdmodel.graphics.state.PDExtendedGraphicsState.setLineCapStyle(int),"org.apache.pdfbox.cos.COSDictionary.setInt(COSName, int)",9
org.apache.pdfbox.pdmodel.graphics.state.PDExtendedGraphicsState.setMiterLimit(Float),"org.apache.pdfbox.pdmodel.graphics.state.PDExtendedGraphicsState.setFloatItem(COSName, Float)",12
org.apache.pdfbox.pdmodel.graphics.state.PDExtendedGraphicsState.setStrokingOverprintControl(boolean),"org.apache.pdfbox.cos.COSDictionary.setBoolean(COSName, boolean)",6
org.apache.pdfbox.pdmodel.graphics.state.PDExtendedGraphicsState.setTransfer2(COSBase),"org.apache.pdfbox.cos.COSDictionary.setItem(COSName, COSBase)",4
org.apache.pdfbox.pdmodel.common.PDNameTreeNode.getValue(String),org.apache.pdfbox.pdmodel.common.PDNameTreeNode.getKids(),1
org.apache.pdfbox.pdmodel.common.PDNameTreeNode.getKids(),org.apache.pdfbox.cos.COSDictionary.getDictionaryObject(COSName),3
org.apache.pdfbox.pdmodel.common.PDNameTreeNode.getValue(String),org.apache.pdfbox.pdmodel.common.PDNameTreeNode.getNames(),2
org.apache.pdfbox.pdmodel.common.PDNameTreeNode.getNames(),org.apache.pdfbox.cos.COSDictionary.getDictionaryObject(COSName),3
org.apache.pdfbox.pdmodel.common.PDIntegerNameTreeNode.<init>(),org.apache.pdfbox.pdmodel.common.PDNameTreeNode.<init>(),10
org.apache.pdfbox.pdmodel.documentinterchange.taggedpdf.PDLayoutAttributeObject.setTextIndent(float),"org.apache.pdfbox.pdmodel.documentinterchange.taggedpdf.PDStandardAttributeObject.setNumber(String, float)",8
org.apache.pdfbox.pdmodel.documentinterchange.taggedpdf.PDLayoutAttributeObject.setSpaceAfter(float),"org.apache.pdfbox.pdmodel.documentinterchange.taggedpdf.PDStandardAttributeObject.setNumber(String, float)",5
org.apache.pdfbox.pdmodel.documentinterchange.taggedpdf.PDLayoutAttributeObject.setAllColumnWidths(float),"org.apache.pdfbox.pdmodel.documentinterchange.taggedpdf.PDStandardAttributeObject.setNumber(String, float)",6
org.apache.pdfbox.pdmodel.documentinterchange.taggedpdf.PDLayoutAttributeObject.setBaselineShift(float),"org.apache.pdfbox.pdmodel.documentinterchange.taggedpdf.PDStandardAttributeObject.setNumber(String, float)",15
org.apache.pdfbox.pdmodel.documentinterchange.taggedpdf.PDLayoutAttributeObject.setPlacement(String),"org.apache.pdfbox.pdmodel.documentinterchange.taggedpdf.PDStandardAttributeObject.setName(String, String)",8
org.apache.pdfbox.pdmodel.documentinterchange.taggedpdf.PDLayoutAttributeObject.setBlockAlign(String),"org.apache.pdfbox.pdmodel.documentinterchange.taggedpdf.PDStandardAttributeObject.setName(String, String)",8
org.apache.pdfbox.pdmodel.documentinterchange.taggedpdf.PDLayoutAttributeObject.setColumnCount(int),"org.apache.pdfbox.pdmodel.documentinterchange.taggedpdf.PDStandardAttributeObject.setInteger(String, int)",19
"org.apache.pdfbox.pdmodel.documentinterchange.taggedpdf.PDStandardAttributeObject.setInteger(String, int)","org.apache.pdfbox.cos.COSDictionary.setInt(String, int)",46
"org.apache.pdfbox.pdmodel.documentinterchange.taggedpdf.PDStandardAttributeObject.setInteger(String, int)",org.apache.pdfbox.cos.COSDictionary.getDictionaryObject(String),92
"org.apache.pdfbox.pdmodel.documentinterchange.taggedpdf.PDStandardAttributeObject.setInteger(String, int)","org.apache.pdfbox.pdmodel.documentinterchange.logicalstructure.PDAttributeObject.potentiallyNotifyChanged(COSBase, COSBase)",46
org.apache.pdfbox.pdmodel.documentinterchange.taggedpdf.PDLayoutAttributeObject.setColumnGaps(float[]),"org.apache.pdfbox.pdmodel.documentinterchange.taggedpdf.PDStandardAttributeObject.setArrayOfNumber(String, float[])",5
org.apache.pdfbox.pdmodel.documentinterchange.taggedpdf.PDLayoutAttributeObject.getColumnCount(),"org.apache.pdfbox.pdmodel.documentinterchange.taggedpdf.PDStandardAttributeObject.getInteger(String, int)",17
org.apache.pdfbox.pdfparser.FDFParser.<init>(String),org.apache.pdfbox.pdfparser.FDFParser.<init>(File),4
org.apache.pdfbox.pdfparser.FDFParser.<init>(File),"org.apache.pdfbox.io.RandomAccessFile.<init>(File, String)",6
org.apache.pdfbox.pdmodel.interactive.pagenavigation.PDTransition.<init>(COSDictionary),org.apache.pdfbox.pdmodel.common.PDDictionaryWrapper.<init>(COSDictionary),13
org.apache.pdfbox.pdmodel.interactive.digitalsignature.visible.PDVisibleSigBuilder.createAcroForm(PDDocument),org.apache.pdfbox.pdmodel.interactive.form.PDAcroForm.<init>(PDDocument),1
org.apache.pdfbox.pdmodel.interactive.annotation.PDExternalDataDictionary.<init>(),"org.apache.pdfbox.cos.COSDictionary.setName(COSName, String)",5
org.apache.pdfbox.pdmodel.interactive.annotation.PDExternalDataDictionary.<init>(),org.apache.pdfbox.cos.COSDictionary.<init>(),5
org.apache.pdfbox.pdmodel.interactive.annotation.PDExternalDataDictionary.getType(),"org.apache.pdfbox.cos.COSDictionary.getNameAsString(COSName, String)",1
org.apache.pdfbox.pdmodel.interactive.digitalsignature.PDSeedValueMDP.<init>(),org.apache.pdfbox.cos.COSDictionary.<init>(),8
org.apache.pdfbox.pdmodel.interactive.digitalsignature.PDSeedValueMDP.setP(int),"org.apache.pdfbox.cos.COSDictionary.setInt(COSName, int)",4
org.apache.pdfbox.cos.COSDocument.dereferenceObjectStreams(),org.apache.pdfbox.cos.COSDocument.getObjectsByType(COSName),6
org.apache.pdfbox.cos.COSDocument.getEncryptionDictionary(),org.apache.pdfbox.cos.COSDictionary.getDictionaryObject(COSName),5
org.apache.pdfbox.pdmodel.graphics.state.PDExtendedGraphicsState.copyIntoGraphicsState(PDGraphicsState),org.apache.pdfbox.pdmodel.graphics.state.PDExtendedGraphicsState.getSmoothnessTolerance(),1
org.apache.pdfbox.pdmodel.graphics.state.PDExtendedGraphicsState.setLineJoinStyle(int),"org.apache.pdfbox.cos.COSDictionary.setInt(COSName, int)",6
org.apache.pdfbox.pdmodel.graphics.state.PDExtendedGraphicsState.getStrokingAlphaConstant(),org.apache.pdfbox.pdmodel.graphics.state.PDExtendedGraphicsState.getFloatItem(COSName),18
org.apache.pdfbox.pdmodel.interactive.action.PDWindowsLaunchParams.setFilename(String),"org.apache.pdfbox.cos.COSDictionary.setString(COSName, String)",2
org.apache.pdfbox.pdmodel.interactive.action.PDWindowsLaunchParams.<init>(),org.apache.pdfbox.cos.COSDictionary.<init>(),15
org.apache.pdfbox.pdmodel.interactive.action.PDWindowsLaunchParams.getFilename(),org.apache.pdfbox.cos.COSDictionary.getString(COSName),3
org.apache.pdfbox.pdmodel.interactive.form.PDAcroForm.setCacheFields(boolean),org.apache.pdfbox.pdmodel.interactive.form.PDFieldTree.iterator(),3
org.apache.pdfbox.pdmodel.interactive.form.PDAcroForm.setCacheFields(boolean),org.apache.pdfbox.pdmodel.interactive.form.PDAcroForm.getFieldTree(),3
"org.apache.pdfbox.pdmodel.interactive.form.PlainTextFormatter.<init>(PlainTextFormatter$Builder, PlainTextFormatter$1)",org.apache.pdfbox.pdmodel.interactive.form.PlainTextFormatter.<init>(PlainTextFormatter$Builder),1
org.apache.pdfbox.pdmodel.interactive.form.PDChoice.getOptionsExportValues(),org.apache.pdfbox.pdmodel.interactive.form.PDChoice.getOptions(),2
org.apache.pdfbox.pdmodel.interactive.form.PDChoice.getOptions(),"org.apache.pdfbox.pdmodel.interactive.form.FieldUtils.getPairableItems(COSBase, int)",2
org.apache.pdfbox.pdmodel.interactive.form.PDChoice.getOptions(),org.apache.pdfbox.cos.COSDictionary.getDictionaryObject(COSName),2
org.apache.pdfbox.pdmodel.interactive.form.PDListBox.<init>(PDAcroForm),org.apache.pdfbox.pdmodel.interactive.form.PDChoice.<init>(PDAcroForm),26
org.apache.pdfbox.pdmodel.interactive.form.PDChoice.<init>(PDAcroForm),org.apache.pdfbox.pdmodel.interactive.form.PDVariableText.<init>(PDAcroForm),48
org.apache.pdfbox.pdmodel.interactive.form.PDVariableText.<init>(PDAcroForm),org.apache.pdfbox.pdmodel.interactive.form.PDTerminalField.<init>(PDAcroForm),92
org.apache.pdfbox.pdmodel.interactive.form.PDChoice.<init>(PDAcroForm),"org.apache.pdfbox.cos.COSDictionary.setItem(COSName, COSBase)",48
"org.apache.pdfbox.pdmodel.interactive.digitalsignature.visible.PDVisibleSigBuilder.createImageForm(PDResources, PDResources, PDStream, PDRectangle, AffineTransform, PDImageXObject)",org.apache.pdfbox.pdmodel.graphics.form.PDFormXObject.<init>(PDStream),1
org.apache.pdfbox.pdmodel.graphics.form.PDFormXObject.<init>(PDStream),"org.apache.pdfbox.pdmodel.graphics.PDXObject.<init>(PDStream, COSName)",5
org.apache.pdfbox.pdmodel.PDPageTree.<init>(),"org.apache.pdfbox.cos.COSDictionary.setItem(COSName, COSBase)",42
org.apache.pdfbox.pdmodel.PDPageTree.<init>(),org.apache.pdfbox.cos.COSArray.<init>(),14
org.apache.pdfbox.pdmodel.PDPageTree.<init>(),org.apache.pdfbox.cos.COSDictionary.<init>(),14
"org.apache.pdfbox.pdmodel.interactive.digitalsignature.COSFilterInputStream.read(byte[], int, int)",org.apache.pdfbox.pdmodel.interactive.digitalsignature.COSFilterInputStream.read(),49
org.apache.pdfbox.pdmodel.interactive.digitalsignature.COSFilterInputStream.read(),org.apache.pdfbox.pdmodel.interactive.digitalsignature.COSFilterInputStream.nextAvailable(),53
org.apache.pdfbox.pdmodel.interactive.digitalsignature.COSFilterInputStream.nextAvailable(),org.apache.pdfbox.pdmodel.interactive.digitalsignature.COSFilterInputStream.inRange(),83
org.apache.pdfbox.pdmodel.interactive.annotation.PDAppearanceDictionary.getNormalAppearance(),org.apache.pdfbox.pdmodel.interactive.annotation.PDAppearanceEntry.<init>(COSBase),7
org.apache.pdfbox.pdmodel.interactive.annotation.PDAppearanceDictionary.getNormalAppearance(),org.apache.pdfbox.cos.COSDictionary.getDictionaryObject(COSName),10
org.apache.pdfbox.pdmodel.graphics.state.PDExtendedGraphicsState.getLineJoinStyle(),org.apache.pdfbox.cos.COSDictionary.getInt(COSName),14
org.apache.pdfbox.pdmodel.graphics.state.PDExtendedGraphicsState.getLineCapStyle(),org.apache.pdfbox.cos.COSDictionary.getInt(COSName),8
org.apache.pdfbox.pdmodel.graphics.state.PDExtendedGraphicsState.setOverprintMode(Float),"org.apache.pdfbox.pdmodel.graphics.state.PDExtendedGraphicsState.setFloatItem(COSName, Float)",14
org.apache.pdfbox.pdmodel.graphics.state.PDExtendedGraphicsState.getNonStrokingOverprintControl(),"org.apache.pdfbox.cos.COSDictionary.getBoolean(COSName, boolean)",6
org.apache.pdfbox.pdmodel.graphics.state.PDExtendedGraphicsState.getNonStrokingOverprintControl(),org.apache.pdfbox.pdmodel.graphics.state.PDExtendedGraphicsState.getStrokingOverprintControl(),7
org.apache.pdfbox.pdmodel.graphics.state.PDExtendedGraphicsState.setAlphaSourceFlag(boolean),"org.apache.pdfbox.cos.COSDictionary.setBoolean(COSName, boolean)",10
"org.apache.pdfbox.pdmodel.interactive.digitalsignature.visible.PDVisibleSigBuilder.createSignatureRectangle(PDSignatureField, PDVisibleSignDesigner)",org.apache.pdfbox.pdmodel.common.PDRectangle.<init>(),1
org.apache.pdfbox.pdmodel.interactive.pagenavigation.PDThread.<init>(),"org.apache.pdfbox.cos.COSDictionary.setName(String, String)",5
org.apache.pdfbox.pdmodel.interactive.pagenavigation.PDThread.<init>(),org.apache.pdfbox.cos.COSDictionary.<init>(),5
org.apache.pdfbox.pdmodel.interactive.pagenavigation.PDThread.setThreadInfo(PDDocumentInformation),"org.apache.pdfbox.cos.COSDictionary.setItem(String, COSObjectable)",1
org.apache.pdfbox.pdmodel.graphics.state.PDExtendedGraphicsState.copyIntoGraphicsState(PDGraphicsState),org.apache.pdfbox.pdmodel.graphics.state.PDExtendedGraphicsState.getAlphaSourceFlag(),3
org.apache.pdfbox.pdmodel.documentinterchange.taggedpdf.PDStandardAttributeObject.getColor(String),org.apache.pdfbox.pdmodel.graphics.color.PDGamma.<init>(COSArray),1
"org.apache.pdfbox.pdmodel.documentinterchange.taggedpdf.PDStandardAttributeObject.setArrayOfName(String, String[])",org.apache.pdfbox.cos.COSDictionary.getDictionaryObject(String),39
"org.apache.pdfbox.pdmodel.documentinterchange.taggedpdf.PDStandardAttributeObject.setArrayOfName(String, String[])",org.apache.pdfbox.cos.COSName.getPDFName(String),89
"org.apache.pdfbox.pdmodel.documentinterchange.taggedpdf.PDStandardAttributeObject.setArrayOfName(String, String[])",org.apache.pdfbox.cos.COSArray.add(COSBase),89
"org.apache.pdfbox.pdmodel.documentinterchange.taggedpdf.PDStandardAttributeObject.setArrayOfName(String, String[])","org.apache.pdfbox.cos.COSDictionary.setItem(String, COSBase)",19
"org.apache.pdfbox.pdmodel.documentinterchange.taggedpdf.PDStandardAttributeObject.setArrayOfName(String, String[])",org.apache.pdfbox.cos.COSArray.<init>(),20
"org.apache.pdfbox.pdmodel.documentinterchange.taggedpdf.PDStandardAttributeObject.setArrayOfName(String, String[])","org.apache.pdfbox.pdmodel.documentinterchange.logicalstructure.PDAttributeObject.potentiallyNotifyChanged(COSBase, COSBase)",19
org.apache.pdfbox.pdmodel.documentinterchange.taggedpdf.PDPrintFieldAttributeObject.<init>(),org.apache.pdfbox.pdmodel.documentinterchange.logicalstructure.PDAttributeObject.setOwner(String),17
org.apache.pdfbox.pdmodel.documentinterchange.taggedpdf.PDPrintFieldAttributeObject.<init>(),org.apache.pdfbox.pdmodel.documentinterchange.taggedpdf.PDStandardAttributeObject.<init>(),17
org.apache.pdfbox.pdmodel.documentinterchange.taggedpdf.PDExportFormatAttributeObject.<init>(COSDictionary),org.apache.pdfbox.pdmodel.documentinterchange.taggedpdf.PDLayoutAttributeObject.<init>(COSDictionary),24
org.apache.pdfbox.pdmodel.documentinterchange.taggedpdf.PDLayoutAttributeObject.<init>(COSDictionary),org.apache.pdfbox.pdmodel.documentinterchange.taggedpdf.PDStandardAttributeObject.<init>(COSDictionary),103
org.apache.pdfbox.pdmodel.documentinterchange.taggedpdf.PDStandardAttributeObject.<init>(COSDictionary),org.apache.pdfbox.pdmodel.documentinterchange.logicalstructure.PDAttributeObject.<init>(COSDictionary),149
org.apache.pdfbox.pdmodel.documentinterchange.logicalstructure.PDAttributeObject.<init>(COSDictionary),org.apache.pdfbox.pdmodel.common.PDDictionaryWrapper.<init>(COSDictionary),162
org.apache.pdfbox.pdmodel.interactive.digitalsignature.visible.PDVisibleSigBuilder.createInnerFormStream(PDDocument),org.apache.pdfbox.pdmodel.common.PDStream.<init>(PDDocument),1
org.apache.pdfbox.pdmodel.documentinterchange.taggedpdf.PDLayoutAttributeObject.toString(),org.apache.pdfbox.pdmodel.documentinterchange.taggedpdf.PDLayoutAttributeObject.getTBorderStyle(),5
org.apache.pdfbox.pdmodel.documentinterchange.taggedpdf.PDLayoutAttributeObject.setAllPaddings(int),"org.apache.pdfbox.pdmodel.documentinterchange.taggedpdf.PDStandardAttributeObject.setNumber(String, int)",11
org.apache.pdfbox.pdmodel.documentinterchange.taggedpdf.PDLayoutAttributeObject.setAllTBorderStyles(String),"org.apache.pdfbox.pdmodel.documentinterchange.taggedpdf.PDStandardAttributeObject.setName(String, String)",8
org.apache.pdfbox.pdmodel.documentinterchange.taggedpdf.PDLayoutAttributeObject.getTextDecorationColor(),org.apache.pdfbox.pdmodel.documentinterchange.taggedpdf.PDStandardAttributeObject.getColor(String),13
org.apache.pdfbox.pdmodel.fdf.FDFOptionElement.setOption(String),org.apache.pdfbox.cos.COSString.<init>(String),2
org.apache.pdfbox.pdmodel.fdf.FDFOptionElement.setOption(String),"org.apache.pdfbox.cos.COSArray.set(int, COSBase)",1
org.apache.pdfbox.pdmodel.fdf.FDFOptionElement.<init>(),org.apache.pdfbox.cos.COSString.<init>(String),14
org.apache.pdfbox.pdmodel.fdf.FDFOptionElement.<init>(),org.apache.pdfbox.cos.COSArray.<init>(),7
org.apache.pdfbox.pdmodel.fdf.FDFOptionElement.<init>(),org.apache.pdfbox.cos.COSArray.add(COSBase),14
org.apache.pdfbox.pdmodel.fdf.FDFOptionElement.getOption(),org.apache.pdfbox.cos.COSString.getString(),2
org.apache.pdfbox.pdmodel.fdf.FDFOptionElement.getOption(),org.apache.pdfbox.cos.COSArray.getObject(int),2
"org.apache.pdfbox.pdmodel.interactive.digitalsignature.visible.PDVisibleSigBuilder.createInnerForm(PDResources, PDStream, PDRectangle)",org.apache.pdfbox.pdmodel.graphics.form.PDFormXObject.<init>(PDStream),1
org.apache.pdfbox.pdmodel.graphics.state.PDExtendedGraphicsState.copyIntoGraphicsState(PDGraphicsState),org.apache.pdfbox.pdmodel.graphics.state.PDExtendedGraphicsState.getLineWidth(),2
org.apache.pdfbox.pdmodel.interactive.digitalsignature.visible.PDVisibleSigBuilder.createHolderFormStream(PDDocument),org.apache.pdfbox.pdmodel.common.PDStream.<init>(PDDocument),1
"org.apache.pdfbox.pdmodel.interactive.digitalsignature.visible.PDVisibleSigBuilder.createHolderForm(PDResources, PDStream, PDRectangle)",org.apache.pdfbox.pdmodel.graphics.form.PDFormXObject.<init>(PDStream),1
"org.apache.pdfbox.pdmodel.interactive.digitalsignature.visible.PDVisibleSigBuilder.createSignature(PDSignatureField, PDPage, String)",org.apache.pdfbox.pdmodel.interactive.digitalsignature.PDSignature.<init>(),1
org.apache.pdfbox.pdmodel.interactive.digitalsignature.PDSignature.<init>(),"org.apache.pdfbox.cos.COSDictionary.setItem(COSName, COSBase)",39
org.apache.pdfbox.pdmodel.interactive.digitalsignature.PDSignature.<init>(),org.apache.pdfbox.cos.COSDictionary.<init>(),39
org.apache.pdfbox.pdmodel.interactive.digitalsignature.visible.PDVisibleSigBuilder.createSignatureField(PDAcroForm),org.apache.pdfbox.pdmodel.interactive.form.PDSignatureField.<init>(PDAcroForm),1
org.apache.pdfbox.pdmodel.interactive.form.PDSignatureField.<init>(PDAcroForm),org.apache.pdfbox.pdmodel.interactive.annotation.PDAnnotation.setLocked(boolean),2
org.apache.pdfbox.pdmodel.interactive.annotation.PDAnnotation.setLocked(boolean),"org.apache.pdfbox.cos.COSDictionary.setFlag(COSName, int, boolean)",3
org.apache.pdfbox.pdmodel.interactive.form.PDSignatureField.<init>(PDAcroForm),org.apache.pdfbox.pdmodel.interactive.form.PDTerminalField.getWidgets(),4
org.apache.pdfbox.pdmodel.interactive.form.PDTerminalField.getWidgets(),org.apache.pdfbox.pdmodel.interactive.annotation.PDAnnotationWidget.<init>(COSDictionary),26
org.apache.pdfbox.pdmodel.interactive.annotation.PDAnnotationWidget.<init>(COSDictionary),"org.apache.pdfbox.cos.COSDictionary.setName(COSName, String)",26
org.apache.pdfbox.pdmodel.interactive.annotation.PDAnnotationWidget.<init>(COSDictionary),org.apache.pdfbox.pdmodel.interactive.annotation.PDAnnotation.<init>(COSDictionary),27
org.apache.pdfbox.pdmodel.interactive.annotation.PDAnnotation.<init>(COSDictionary),"org.apache.pdfbox.cos.COSDictionary.setItem(COSName, COSBase)",30
org.apache.pdfbox.pdmodel.interactive.form.PDTerminalField.getWidgets(),org.apache.pdfbox.cos.COSDictionary.getDictionaryObject(COSName),26
org.apache.pdfbox.pdmodel.interactive.form.PDSignatureField.<init>(PDAcroForm),org.apache.pdfbox.pdmodel.interactive.form.PDSignatureField.generatePartialName(),2
org.apache.pdfbox.pdmodel.interactive.form.PDSignatureField.<init>(PDAcroForm),org.apache.pdfbox.pdmodel.interactive.annotation.PDAnnotation.setPrinted(boolean),2
org.apache.pdfbox.pdmodel.interactive.annotation.PDAnnotation.setPrinted(boolean),"org.apache.pdfbox.cos.COSDictionary.setFlag(COSName, int, boolean)",3
org.apache.pdfbox.pdmodel.interactive.form.PDSignatureField.<init>(PDAcroForm),"org.apache.pdfbox.cos.COSDictionary.setItem(COSName, COSBase)",2
org.apache.pdfbox.pdmodel.interactive.form.PDSignatureField.<init>(PDAcroForm),org.apache.pdfbox.pdmodel.interactive.form.PDTerminalField.<init>(PDAcroForm),2
org.apache.pdfbox.pdmodel.font.PDFontDescriptor.getDescent(),"org.apache.pdfbox.cos.COSDictionary.getFloat(COSName, float)",18
org.apache.pdfbox.pdmodel.font.PDFontDescriptor.setFontStretch(String),org.apache.pdfbox.cos.COSName.getPDFName(String),13
org.apache.pdfbox.pdmodel.font.PDFontDescriptor.setFontStretch(String),"org.apache.pdfbox.cos.COSDictionary.setItem(COSName, COSBase)",14
org.apache.pdfbox.pdmodel.font.PDFontDescriptor.isScript(),org.apache.pdfbox.pdmodel.font.PDFontDescriptor.isFlagBitOn(int),11
org.apache.pdfbox.pdmodel.font.PDFontDescriptor.getCIDSet(),org.apache.pdfbox.cos.COSDictionary.getDictionaryObject(COSName),25
org.apache.pdfbox.pdmodel.font.PDFontDescriptor.getLeading(),"org.apache.pdfbox.cos.COSDictionary.getFloat(COSName, float)",16
org.apache.pdfbox.pdmodel.font.PDFontDescriptor.isSymbolic(),org.apache.pdfbox.pdmodel.font.PDFontDescriptor.isFlagBitOn(int),12
org.apache.pdfbox.pdmodel.font.PDFontDescriptor.getMissingWidth(),"org.apache.pdfbox.cos.COSDictionary.getFloat(COSName, float)",15
org.apache.pdfbox.pdmodel.font.PDFontDescriptor.isForceBold(),org.apache.pdfbox.pdmodel.font.PDFontDescriptor.isFlagBitOn(int),15
org.apache.pdfbox.pdmodel.font.PDFontDescriptor.isSerif(),org.apache.pdfbox.pdmodel.font.PDFontDescriptor.isFlagBitOn(int),11
org.apache.pdfbox.pdmodel.documentinterchange.taggedpdf.PDLayoutAttributeObject.setWidth(float),"org.apache.pdfbox.pdmodel.documentinterchange.taggedpdf.PDStandardAttributeObject.setNumber(String, float)",8
org.apache.pdfbox.pdmodel.documentinterchange.taggedpdf.PDLayoutAttributeObject.setStartIndent(int),"org.apache.pdfbox.pdmodel.documentinterchange.taggedpdf.PDStandardAttributeObject.setNumber(String, int)",11
org.apache.pdfbox.pdmodel.documentinterchange.taggedpdf.PDLayoutAttributeObject.setAllColumnWidths(int),"org.apache.pdfbox.pdmodel.documentinterchange.taggedpdf.PDStandardAttributeObject.setNumber(String, int)",6
org.apache.pdfbox.pdmodel.documentinterchange.taggedpdf.PDLayoutAttributeObject.setAllBorderColors(PDGamma),"org.apache.pdfbox.pdmodel.documentinterchange.taggedpdf.PDStandardAttributeObject.setColor(String, PDGamma)",8
org.apache.pdfbox.pdmodel.documentinterchange.taggedpdf.PDLayoutAttributeObject.setBorderColors(PDFourColours),"org.apache.pdfbox.pdmodel.documentinterchange.taggedpdf.PDStandardAttributeObject.setFourColors(String, PDFourColours)",10
"org.apache.pdfbox.pdmodel.documentinterchange.taggedpdf.PDStandardAttributeObject.setFourColors(String, PDFourColours)","org.apache.pdfbox.cos.COSDictionary.setItem(String, COSObjectable)",17
"org.apache.pdfbox.pdmodel.documentinterchange.taggedpdf.PDStandardAttributeObject.setFourColors(String, PDFourColours)",org.apache.pdfbox.cos.COSDictionary.getDictionaryObject(String),17
"org.apache.pdfbox.pdmodel.documentinterchange.taggedpdf.PDStandardAttributeObject.setFourColors(String, PDFourColours)","org.apache.pdfbox.pdmodel.documentinterchange.logicalstructure.PDAttributeObject.potentiallyNotifyChanged(COSBase, COSBase)",17
org.apache.pdfbox.pdmodel.documentinterchange.taggedpdf.PDLayoutAttributeObject.getBlockAlign(),"org.apache.pdfbox.pdmodel.documentinterchange.taggedpdf.PDStandardAttributeObject.getName(String, String)",12
org.apache.pdfbox.pdmodel.graphics.color.PDDeviceCMYK.init(),org.apache.pdfbox.pdmodel.graphics.color.PDDeviceCMYK.getICCProfile(),7
org.apache.pdfbox.pdmodel.fdf.FDFDocument.saveXFDF(String),org.apache.pdfbox.pdmodel.fdf.FDFDocument.saveXFDF(Writer),1
org.apache.pdfbox.pdmodel.fdf.FDFDocument.saveXFDF(Writer),org.apache.pdfbox.pdmodel.fdf.FDFDocument.writeXML(Writer),2
org.apache.pdfbox.pdmodel.fdf.FDFDocument.writeXML(Writer),org.apache.pdfbox.pdmodel.fdf.FDFDocument.getCatalog(),1
org.apache.pdfbox.pdmodel.common.PDTypedDictionaryWrapper.<init>(String),"org.apache.pdfbox.cos.COSDictionary.setName(COSName, String)",3
org.apache.pdfbox.pdmodel.common.PDTypedDictionaryWrapper.<init>(String),org.apache.pdfbox.pdmodel.common.PDDictionaryWrapper.<init>(),3
org.apache.pdfbox.pdmodel.common.PDTypedDictionaryWrapper.getType(),org.apache.pdfbox.cos.COSDictionary.getNameAsString(COSName),3
org.apache.pdfbox.pdmodel.interactive.digitalsignature.visible.PDVisibleSigBuilder.createImageFormStream(PDDocument),org.apache.pdfbox.pdmodel.common.PDStream.<init>(PDDocument),1
org.apache.pdfbox.pdmodel.documentinterchange.taggedpdf.PDLayoutAttributeObject.toString(),org.apache.pdfbox.pdmodel.documentinterchange.taggedpdf.PDLayoutAttributeObject.getBlockAlign(),2
org.apache.pdfbox.pdmodel.documentinterchange.taggedpdf.PDLayoutAttributeObject.toString(),org.apache.pdfbox.pdmodel.documentinterchange.taggedpdf.PDLayoutAttributeObject.getInlineAlign(),2
org.apache.pdfbox.pdmodel.documentinterchange.taggedpdf.PDLayoutAttributeObject.setTextDecorationThickness(int),"org.apache.pdfbox.pdmodel.documentinterchange.taggedpdf.PDStandardAttributeObject.setNumber(String, int)",7
org.apache.pdfbox.pdmodel.documentinterchange.taggedpdf.PDLayoutAttributeObject.setInlineAlign(String),"org.apache.pdfbox.pdmodel.documentinterchange.taggedpdf.PDStandardAttributeObject.setName(String, String)",15
org.apache.pdfbox.pdmodel.common.PDObjectStream.<init>(COSStream),org.apache.pdfbox.pdmodel.common.PDStream.<init>(COSStream),8
org.apache.pdfbox.pdmodel.documentinterchange.taggedpdf.PDLayoutAttributeObject.toString(),org.apache.pdfbox.pdmodel.documentinterchange.logicalstructure.PDAttributeObject.arrayToString(Object[]),5
"org.apache.pdfbox.pdmodel.documentinterchange.taggedpdf.PDStandardAttributeObject.getNameOrArrayOfName(String, String)",org.apache.pdfbox.cos.COSArray.getObject(int),46
"org.apache.pdfbox.pdmodel.documentinterchange.taggedpdf.PDStandardAttributeObject.getNameOrArrayOfName(String, String)",org.apache.pdfbox.cos.COSArray.size(),64
org.apache.pdfbox.pdmodel.documentinterchange.taggedpdf.PDLayoutAttributeObject.toString(),org.apache.pdfbox.pdmodel.documentinterchange.taggedpdf.PDLayoutAttributeObject.getColumnCount(),5
org.apache.pdfbox.pdmodel.documentinterchange.taggedpdf.PDLayoutAttributeObject.toString(),org.apache.pdfbox.pdmodel.documentinterchange.taggedpdf.PDLayoutAttributeObject.getGlyphOrientationVertical(),2
org.apache.pdfbox.pdmodel.documentinterchange.taggedpdf.PDLayoutAttributeObject.getGlyphOrientationVertical(),"org.apache.pdfbox.pdmodel.documentinterchange.taggedpdf.PDStandardAttributeObject.getName(String, String)",14
org.apache.pdfbox.pdmodel.documentinterchange.taggedpdf.PDLayoutAttributeObject.setTBorderStyles(String[]),"org.apache.pdfbox.pdmodel.documentinterchange.taggedpdf.PDStandardAttributeObject.setArrayOfName(String, String[])",10
org.apache.pdfbox.pdmodel.documentinterchange.taggedpdf.PDLayoutAttributeObject.setColumnGap(int),"org.apache.pdfbox.pdmodel.documentinterchange.taggedpdf.PDStandardAttributeObject.setNumber(String, int)",11
org.apache.pdfbox.pdmodel.documentinterchange.taggedpdf.PDLayoutAttributeObject.setGlyphOrientationVertical(String),"org.apache.pdfbox.pdmodel.documentinterchange.taggedpdf.PDStandardAttributeObject.setName(String, String)",9
org.apache.pdfbox.pdmodel.PDPage.getTrimBox(),org.apache.pdfbox.pdmodel.PDPage.clipToMediaBox(PDRectangle),3
org.apache.pdfbox.pdmodel.PDPage.clipToMediaBox(PDRectangle),org.apache.pdfbox.pdmodel.common.PDRectangle.setUpperRightX(float),6
org.apache.pdfbox.pdmodel.PDPage.clipToMediaBox(PDRectangle),org.apache.pdfbox.pdmodel.common.PDRectangle.<init>(),6
org.apache.pdfbox.pdmodel.PDPage.clipToMediaBox(PDRectangle),org.apache.pdfbox.pdmodel.common.PDRectangle.setUpperRightY(float),6
org.apache.pdfbox.pdmodel.PDPage.clipToMediaBox(PDRectangle),org.apache.pdfbox.pdmodel.common.PDRectangle.setLowerLeftX(float),6
org.apache.pdfbox.pdmodel.PDPage.clipToMediaBox(PDRectangle),org.apache.pdfbox.pdmodel.common.PDRectangle.setLowerLeftY(float),6
org.apache.pdfbox.pdmodel.PDPage.clipToMediaBox(PDRectangle),org.apache.pdfbox.pdmodel.common.PDRectangle.getLowerLeftX(),12
org.apache.pdfbox.pdmodel.PDPage.clipToMediaBox(PDRectangle),org.apache.pdfbox.pdmodel.common.PDRectangle.getLowerLeftY(),12
org.apache.pdfbox.pdmodel.PDPage.clipToMediaBox(PDRectangle),org.apache.pdfbox.pdmodel.common.PDRectangle.getUpperRightX(),12
org.apache.pdfbox.pdmodel.PDPage.clipToMediaBox(PDRectangle),org.apache.pdfbox.pdmodel.common.PDRectangle.getUpperRightY(),12
org.apache.pdfbox.pdmodel.PDPage.clipToMediaBox(PDRectangle),org.apache.pdfbox.pdmodel.PDPage.getMediaBox(),6
org.apache.pdfbox.pdmodel.PDPage.getTrimBox(),org.apache.pdfbox.pdmodel.common.PDRectangle.<init>(COSArray),3
org.apache.pdfbox.pdmodel.PDPage.getAnnotations(),org.apache.pdfbox.cos.COSArray.size(),5
org.apache.pdfbox.pdmodel.PDPage.setRotation(int),"org.apache.pdfbox.cos.COSDictionary.setInt(COSName, int)",11
org.apache.pdfbox.pdmodel.PDPage.setActions(PDPageAdditionalActions),"org.apache.pdfbox.cos.COSDictionary.setItem(COSName, COSObjectable)",3
"org.apache.pdfbox.cos.COSDictionary.setItem(COSName, COSObjectable)",org.apache.pdfbox.pdmodel.interactive.action.PDPageAdditionalActions.getCOSObject(),2
org.apache.pdfbox.pdmodel.PDPage.setTrimBox(PDRectangle),"org.apache.pdfbox.cos.COSDictionary.setItem(COSName, COSObjectable)",3
org.apache.pdfbox.pdmodel.PDPage.setMetadata(PDMetadata),"org.apache.pdfbox.cos.COSDictionary.setItem(COSName, COSObjectable)",7
org.apache.pdfbox.pdmodel.fdf.FDFAnnotationPolygon.setVertices(float[]),org.apache.pdfbox.cos.COSArray.setFloatArray(float[]),4
org.apache.pdfbox.pdmodel.fdf.FDFAnnotationPolygon.setVertices(float[]),"org.apache.pdfbox.cos.COSDictionary.setItem(COSName, COSBase)",2
org.apache.pdfbox.pdmodel.fdf.FDFAnnotationPolygon.setVertices(float[]),org.apache.pdfbox.cos.COSArray.<init>(),4
org.apache.pdfbox.pdmodel.fdf.FDFAnnotationPolygon.<init>(),"org.apache.pdfbox.cos.COSDictionary.setName(COSName, String)",14
org.apache.pdfbox.pdmodel.fdf.FDFAnnotationPolygon.<init>(),org.apache.pdfbox.pdmodel.fdf.FDFAnnotation.<init>(),14
org.apache.pdfbox.pdmodel.fdf.FDFAnnotationPolygon.getVertices(),org.apache.pdfbox.cos.COSArray.toFloatArray(),2
org.apache.pdfbox.pdmodel.fdf.FDFAnnotationPolygon.getVertices(),org.apache.pdfbox.cos.COSDictionary.getDictionaryObject(COSName),6
org.apache.pdfbox.pdmodel.documentinterchange.taggedpdf.PDExportFormatAttributeObject.setHeaders(String[]),"org.apache.pdfbox.pdmodel.documentinterchange.taggedpdf.PDStandardAttributeObject.setArrayOfString(String, String[])",8
"org.apache.pdfbox.pdmodel.documentinterchange.taggedpdf.PDStandardAttributeObject.setArrayOfString(String, String[])",org.apache.pdfbox.cos.COSString.<init>(String),37
"org.apache.pdfbox.pdmodel.documentinterchange.taggedpdf.PDStandardAttributeObject.setArrayOfString(String, String[])",org.apache.pdfbox.cos.COSArray.add(COSBase),35
"org.apache.pdfbox.pdmodel.documentinterchange.taggedpdf.PDStandardAttributeObject.setArrayOfString(String, String[])","org.apache.pdfbox.cos.COSDictionary.setItem(String, COSBase)",11
"org.apache.pdfbox.pdmodel.documentinterchange.taggedpdf.PDStandardAttributeObject.setArrayOfString(String, String[])",org.apache.pdfbox.cos.COSDictionary.getDictionaryObject(String),25
"org.apache.pdfbox.pdmodel.documentinterchange.taggedpdf.PDStandardAttributeObject.setArrayOfString(String, String[])",org.apache.pdfbox.cos.COSArray.<init>(),14
"org.apache.pdfbox.pdmodel.documentinterchange.taggedpdf.PDStandardAttributeObject.setArrayOfString(String, String[])","org.apache.pdfbox.pdmodel.documentinterchange.logicalstructure.PDAttributeObject.potentiallyNotifyChanged(COSBase, COSBase)",11
org.apache.pdfbox.pdmodel.documentinterchange.taggedpdf.PDExportFormatAttributeObject.getHeaders(),org.apache.pdfbox.pdmodel.documentinterchange.taggedpdf.PDStandardAttributeObject.getArrayOfString(String),10
org.apache.pdfbox.pdmodel.documentinterchange.taggedpdf.PDStandardAttributeObject.getArrayOfString(String),org.apache.pdfbox.cos.COSArray.getObject(int),7
org.apache.pdfbox.pdmodel.documentinterchange.taggedpdf.PDStandardAttributeObject.getArrayOfString(String),org.apache.pdfbox.cos.COSDictionary.getDictionaryObject(String),19
org.apache.pdfbox.pdmodel.documentinterchange.taggedpdf.PDStandardAttributeObject.getArrayOfString(String),org.apache.pdfbox.cos.COSArray.size(),18
org.apache.pdfbox.pdmodel.documentinterchange.taggedpdf.PDExportFormatAttributeObject.setScope(String),"org.apache.pdfbox.pdmodel.documentinterchange.taggedpdf.PDStandardAttributeObject.setName(String, String)",5
org.apache.pdfbox.pdmodel.documentinterchange.taggedpdf.PDPrintFieldAttributeObject.<init>(COSDictionary),org.apache.pdfbox.pdmodel.documentinterchange.taggedpdf.PDStandardAttributeObject.<init>(COSDictionary),18
org.apache.pdfbox.pdmodel.interactive.action.PDAdditionalActions.<init>(),org.apache.pdfbox.cos.COSDictionary.<init>(),3
org.apache.pdfbox.pdmodel.interactive.action.PDAdditionalActions.setF(PDAction),"org.apache.pdfbox.cos.COSDictionary.setItem(COSName, COSObjectable)",1
org.apache.pdfbox.pdmodel.documentinterchange.taggedpdf.PDExportFormatAttributeObject.toString(),org.apache.pdfbox.pdmodel.documentinterchange.taggedpdf.PDLayoutAttributeObject.toString(),10
org.apache.pdfbox.pdmodel.documentinterchange.taggedpdf.PDLayoutAttributeObject.toString(),org.apache.pdfbox.pdmodel.documentinterchange.taggedpdf.PDLayoutAttributeObject.getBorderStyle(),6
org.apache.pdfbox.pdmodel.documentinterchange.taggedpdf.PDExportFormatAttributeObject.toString(),org.apache.pdfbox.pdmodel.documentinterchange.taggedpdf.PDStandardAttributeObject.isSpecified(String),50
org.apache.pdfbox.pdmodel.documentinterchange.taggedpdf.PDTableAttributeObject.toString(),org.apache.pdfbox.pdmodel.documentinterchange.logicalstructure.PDAttributeObject.toString(),8
org.apache.pdfbox.pdmodel.documentinterchange.taggedpdf.PDTableAttributeObject.toString(),org.apache.pdfbox.pdmodel.documentinterchange.taggedpdf.PDStandardAttributeObject.isSpecified(String),33
org.apache.pdfbox.pdmodel.documentinterchange.taggedpdf.PDTableAttributeObject.<init>(),org.apache.pdfbox.pdmodel.documentinterchange.logicalstructure.PDAttributeObject.setOwner(String),29
org.apache.pdfbox.pdmodel.documentinterchange.taggedpdf.PDTableAttributeObject.<init>(),org.apache.pdfbox.pdmodel.documentinterchange.taggedpdf.PDStandardAttributeObject.<init>(),29
org.apache.pdfbox.pdmodel.documentinterchange.taggedpdf.PDLayoutAttributeObject.setAllBorderStyles(String),"org.apache.pdfbox.pdmodel.documentinterchange.taggedpdf.PDStandardAttributeObject.setName(String, String)",9
org.apache.pdfbox.pdmodel.graphics.color.PDDeviceCMYK.<init>(),"org.apache.pdfbox.pdmodel.graphics.color.PDColor.<init>(float[], PDColorSpace)",9
org.apache.pdfbox.pdmodel.graphics.color.PDDeviceCMYK.<init>(),org.apache.pdfbox.pdmodel.graphics.color.PDDeviceColorSpace.<init>(),9
org.apache.pdfbox.pdmodel.graphics.color.PDDeviceColorSpace.getCOSObject(),org.apache.pdfbox.pdmodel.graphics.color.PDDeviceCMYK.getName(),15
"org.apache.pdfbox.pdmodel.font.encoding.DictionaryEncoding.<init>(COSName, COSArray)",org.apache.pdfbox.pdmodel.font.encoding.DictionaryEncoding.applyDifferences(),1
org.apache.pdfbox.pdmodel.font.encoding.DictionaryEncoding.applyDifferences(),org.apache.pdfbox.cos.COSDictionary.getDictionaryObject(COSName),1
"org.apache.pdfbox.pdmodel.font.encoding.DictionaryEncoding.<init>(COSName, COSArray)",org.apache.pdfbox.pdmodel.font.encoding.Encoding.getInstance(COSName),2
org.apache.pdfbox.pdmodel.font.encoding.Encoding.getInstance(COSName),org.apache.pdfbox.cos.COSName.equals(Object),11
"org.apache.pdfbox.pdmodel.font.encoding.DictionaryEncoding.<init>(COSName, COSArray)","org.apache.pdfbox.cos.COSDictionary.setItem(COSName, COSBase)",6
"org.apache.pdfbox.pdmodel.font.encoding.DictionaryEncoding.<init>(COSName, COSArray)",org.apache.pdfbox.pdmodel.font.encoding.Encoding.<init>(),2
"org.apache.pdfbox.pdmodel.font.encoding.DictionaryEncoding.<init>(COSName, COSArray)",org.apache.pdfbox.cos.COSDictionary.<init>(),2
"org.apache.pdfbox.pdmodel.documentinterchange.logicalstructure.PDAttributeObject.isValueChanged(COSBase, COSBase)",org.apache.pdfbox.cos.COSInteger.equals(Object),21
org.apache.pdfbox.pdmodel.documentinterchange.taggedpdf.PDExportFormatAttributeObject.toString(),org.apache.pdfbox.pdmodel.documentinterchange.taggedpdf.PDExportFormatAttributeObject.getHeaders(),2
org.apache.pdfbox.pdmodel.documentinterchange.taggedpdf.PDExportFormatAttributeObject.toString(),org.apache.pdfbox.pdmodel.documentinterchange.taggedpdf.PDExportFormatAttributeObject.getRowSpan(),2
org.apache.pdfbox.pdmodel.documentinterchange.taggedpdf.PDExportFormatAttributeObject.getRowSpan(),"org.apache.pdfbox.pdmodel.documentinterchange.taggedpdf.PDStandardAttributeObject.getInteger(String, int)",6
org.apache.pdfbox.pdmodel.documentinterchange.taggedpdf.PDLayoutAttributeObject.setBorderThicknesses(float[]),"org.apache.pdfbox.pdmodel.documentinterchange.taggedpdf.PDStandardAttributeObject.setArrayOfNumber(String, float[])",4
org.apache.pdfbox.pdmodel.documentinterchange.taggedpdf.PDExportFormatAttributeObject.setRowSpan(int),"org.apache.pdfbox.pdmodel.documentinterchange.taggedpdf.PDStandardAttributeObject.setInteger(String, int)",6
org.apache.pdfbox.pdmodel.documentinterchange.taggedpdf.PDTableAttributeObject.<init>(COSDictionary),org.apache.pdfbox.pdmodel.documentinterchange.taggedpdf.PDStandardAttributeObject.<init>(COSDictionary),22
org.apache.pdfbox.pdmodel.documentinterchange.taggedpdf.PDLayoutAttributeObject.setLineHeight(float),"org.apache.pdfbox.pdmodel.documentinterchange.taggedpdf.PDStandardAttributeObject.setNumber(String, float)",10
org.apache.pdfbox.pdmodel.documentinterchange.taggedpdf.PDLayoutAttributeObject.setRubyAlign(String),"org.apache.pdfbox.pdmodel.documentinterchange.taggedpdf.PDStandardAttributeObject.setName(String, String)",5
org.apache.pdfbox.pdmodel.interactive.digitalsignature.PDSignature.getContents(byte[]),org.apache.pdfbox.pdmodel.interactive.digitalsignature.PDSignature.getContents(COSFilterInputStream),3
org.apache.pdfbox.pdmodel.interactive.digitalsignature.PDSignature.getContents(COSFilterInputStream),org.apache.pdfbox.cos.COSString.parseHex(String),3
org.apache.pdfbox.pdmodel.interactive.digitalsignature.PDSignature.getContents(COSFilterInputStream),org.apache.pdfbox.pdmodel.interactive.digitalsignature.COSFilterInputStream.read(byte[]),6
org.apache.pdfbox.pdmodel.interactive.digitalsignature.COSFilterInputStream.read(byte[]),"org.apache.pdfbox.pdmodel.interactive.digitalsignature.COSFilterInputStream.read(byte[], int, int)",18
org.apache.pdfbox.pdmodel.interactive.digitalsignature.PDSignature.getContents(byte[]),org.apache.pdfbox.pdmodel.interactive.digitalsignature.PDSignature.getByteRange(),4
org.apache.pdfbox.pdmodel.interactive.digitalsignature.PDSignature.getByteRange(),org.apache.pdfbox.cos.COSArray.getInt(int),32
org.apache.pdfbox.cos.COSArray.getInt(int),"org.apache.pdfbox.cos.COSArray.getInt(int, int)",62
"org.apache.pdfbox.cos.COSArray.getInt(int, int)",org.apache.pdfbox.cos.COSArray.size(),67
org.apache.pdfbox.pdmodel.interactive.digitalsignature.PDSignature.getByteRange(),org.apache.pdfbox.cos.COSDictionary.getDictionaryObject(COSName),12
org.apache.pdfbox.pdmodel.interactive.digitalsignature.PDSignature.getByteRange(),org.apache.pdfbox.cos.COSArray.size(),8
org.apache.pdfbox.pdmodel.interactive.digitalsignature.PDSignature.getContents(byte[]),"org.apache.pdfbox.pdmodel.interactive.digitalsignature.COSFilterInputStream.<init>(byte[], int[])",3
org.apache.pdfbox.pdmodel.interactive.digitalsignature.PDSignature.setByteRange(int[]),org.apache.pdfbox.cos.COSArray.add(COSBase),32
org.apache.pdfbox.pdmodel.interactive.digitalsignature.PDSignature.setByteRange(int[]),org.apache.pdfbox.cos.COSArray.<init>(),8
org.apache.pdfbox.pdmodel.interactive.digitalsignature.PDSignature.setByteRange(int[]),"org.apache.pdfbox.cos.COSDictionary.setItem(COSName, COSBase)",8
org.apache.pdfbox.pdmodel.interactive.digitalsignature.PDSignature.setByteRange(int[]),org.apache.pdfbox.cos.COSInteger.get(long),32
org.apache.pdfbox.pdmodel.graphics.color.PDDeviceCMYK.toRGB(float[]),org.apache.pdfbox.pdmodel.graphics.color.PDDeviceCMYK.init(),3
org.apache.pdfbox.pdmodel.graphics.color.PDDeviceColorSpace.toString(),org.apache.pdfbox.pdmodel.graphics.color.PDDeviceCMYK.getName(),3
org.apache.pdfbox.pdmodel.documentinterchange.taggedpdf.PDLayoutAttributeObject.toString(),org.apache.pdfbox.pdmodel.documentinterchange.taggedpdf.PDLayoutAttributeObject.getPlacement(),1
org.apache.pdfbox.pdmodel.documentinterchange.logicalstructure.PDAttributeObject.isEmpty(),org.apache.pdfbox.cos.COSDictionary.size(),6
org.apache.pdfbox.pdmodel.documentinterchange.taggedpdf.PDExportFormatAttributeObject.toString(),org.apache.pdfbox.pdmodel.documentinterchange.taggedpdf.PDExportFormatAttributeObject.getSummary(),1
"org.apache.pdfbox.pdmodel.encryption.PublicKeyDecryptionMaterial.<init>(KeyStore, String, String)",org.apache.pdfbox.pdmodel.encryption.DecryptionMaterial.<init>(),6
"org.apache.pdfbox.pdfparser.BaseParser.readExpectedString(char[], boolean)",org.apache.pdfbox.pdfparser.InputStreamSource.read(),7
org.apache.pdfbox.pdmodel.documentinterchange.taggedpdf.PDLayoutAttributeObject.setBorderStyles(String[]),"org.apache.pdfbox.pdmodel.documentinterchange.taggedpdf.PDStandardAttributeObject.setArrayOfName(String, String[])",5
org.apache.pdfbox.pdmodel.graphics.color.PDDeviceCMYK.toRGBImage(WritableRaster),org.apache.pdfbox.pdmodel.graphics.color.PDDeviceCMYK.init(),1
"org.apache.pdfbox.pdfwriter.COSWriter.<init>(OutputStream, RandomAccessRead)","org.apache.pdfbox.pdfwriter.COSWriter.initWriter(OutputStream, RandomAccessRead)",2
org.apache.pdfbox.pdmodel.PDPage.getBleedBox(),org.apache.pdfbox.pdmodel.PDPage.clipToMediaBox(PDRectangle),1
org.apache.pdfbox.pdmodel.PDPage.getBleedBox(),org.apache.pdfbox.pdmodel.common.PDRectangle.<init>(COSArray),1
org.apache.pdfbox.pdmodel.PDPage.getBleedBox(),org.apache.pdfbox.cos.COSDictionary.getDictionaryObject(COSName),3
org.apache.pdfbox.pdmodel.PDPage.setBleedBox(PDRectangle),"org.apache.pdfbox.cos.COSDictionary.setItem(COSName, COSObjectable)",3
org.apache.pdfbox.pdmodel.fdf.FDFDocument.<init>(Document),org.apache.pdfbox.pdmodel.fdf.FDFDocument.<init>(),1
org.apache.pdfbox.pdmodel.documentinterchange.taggedpdf.PDLayoutAttributeObject.toString(),org.apache.pdfbox.pdmodel.documentinterchange.taggedpdf.PDLayoutAttributeObject.getRubyAlign(),1
org.apache.pdfbox.pdmodel.PDPage.getCropBox(),org.apache.pdfbox.pdmodel.PDPage.clipToMediaBox(PDRectangle),1
org.apache.pdfbox.pdmodel.PDPage.getCropBox(),org.apache.pdfbox.pdmodel.common.PDRectangle.<init>(COSArray),1
org.apache.pdfbox.pdmodel.PDPage.setCropBox(PDRectangle),"org.apache.pdfbox.cos.COSDictionary.setItem(COSName, COSBase)",1
org.apache.pdfbox.pdmodel.graphics.color.PDDeviceRGB.toRGBImage(WritableRaster),org.apache.pdfbox.pdmodel.graphics.color.PDDeviceRGB.init(),1
org.apache.pdfbox.pdmodel.documentinterchange.logicalstructure.PDStructureNode.appendObjectableKid(COSObjectable),org.apache.pdfbox.pdmodel.documentinterchange.logicalstructure.PDStructureNode.appendKid(COSBase),16
org.apache.pdfbox.pdmodel.documentinterchange.logicalstructure.PDStructureNode.appendKid(COSBase),org.apache.pdfbox.cos.COSDictionary.getDictionaryObject(COSName),19
org.apache.pdfbox.pdmodel.documentinterchange.logicalstructure.PDStructureNode.appendKid(COSBase),"org.apache.pdfbox.cos.COSDictionary.setItem(COSName, COSBase)",17
org.apache.pdfbox.pdmodel.documentinterchange.logicalstructure.PDStructureNode.appendObjectableKid(COSObjectable),org.apache.pdfbox.pdmodel.documentinterchange.logicalstructure.PDStructureNode.getCOSObject(),16
org.apache.pdfbox.pdmodel.documentinterchange.logicalstructure.PDStructureTreeRoot.<init>(),org.apache.pdfbox.pdmodel.documentinterchange.logicalstructure.PDStructureNode.<init>(String),41
org.apache.pdfbox.pdmodel.documentinterchange.logicalstructure.PDStructureNode.removeObjectableKid(COSObjectable),org.apache.pdfbox.pdmodel.documentinterchange.logicalstructure.PDStructureNode.removeKid(COSBase),6
org.apache.pdfbox.pdmodel.documentinterchange.logicalstructure.PDStructureNode.removeKid(COSBase),"org.apache.pdfbox.cos.COSDictionary.setItem(COSName, COSBase)",3
org.apache.pdfbox.pdmodel.documentinterchange.logicalstructure.PDStructureNode.removeKid(COSBase),org.apache.pdfbox.cos.COSDictionary.getDictionaryObject(COSName),6
org.apache.pdfbox.pdmodel.documentinterchange.logicalstructure.PDStructureNode.removeObjectableKid(COSObjectable),org.apache.pdfbox.pdmodel.documentinterchange.logicalstructure.PDStructureNode.getCOSObject(),6
org.apache.pdfbox.pdmodel.documentinterchange.taggedpdf.PDPrintFieldAttributeObject.getAlternateName(),org.apache.pdfbox.pdmodel.documentinterchange.taggedpdf.PDStandardAttributeObject.getString(String),6
org.apache.pdfbox.pdmodel.documentinterchange.taggedpdf.PDStandardAttributeObject.getName(String),org.apache.pdfbox.cos.COSDictionary.getNameAsString(String),18
org.apache.pdfbox.pdmodel.PDPage.getArtBox(),org.apache.pdfbox.pdmodel.PDPage.clipToMediaBox(PDRectangle),1
org.apache.pdfbox.pdmodel.PDPage.getArtBox(),org.apache.pdfbox.pdmodel.common.PDRectangle.<init>(COSArray),1
org.apache.pdfbox.pdmodel.PDPage.setArtBox(PDRectangle),"org.apache.pdfbox.cos.COSDictionary.setItem(COSName, COSObjectable)",3
org.apache.pdfbox.pdmodel.PDPage.setArtBox(PDRectangle),org.apache.pdfbox.cos.COSDictionary.removeItem(COSName),4
org.apache.pdfbox.pdmodel.font.PDFontDescriptor.setCharacterSet(String),org.apache.pdfbox.cos.COSString.<init>(String),12
org.apache.pdfbox.pdmodel.font.PDFontDescriptor.setCharacterSet(String),"org.apache.pdfbox.cos.COSDictionary.setItem(COSName, COSBase)",16
org.apache.pdfbox.pdmodel.font.PDFontDescriptor.getAscent(),"org.apache.pdfbox.cos.COSDictionary.getFloat(COSName, float)",6
org.apache.pdfbox.pdmodel.font.PDFontDescriptor.setFontFamily(String),org.apache.pdfbox.cos.COSString.<init>(String),15
org.apache.pdfbox.pdmodel.font.PDFontDescriptor.setFontFamily(String),"org.apache.pdfbox.cos.COSDictionary.setItem(COSName, COSBase)",16
org.apache.pdfbox.pdmodel.font.PDFontDescriptor.setAverageWidth(float),"org.apache.pdfbox.cos.COSDictionary.setFloat(COSName, float)",20
org.apache.pdfbox.pdmodel.font.PDFontDescriptor.setLeading(float),"org.apache.pdfbox.cos.COSDictionary.setFloat(COSName, float)",12
org.apache.pdfbox.pdmodel.font.PDFontDescriptor.setAllCap(boolean),"org.apache.pdfbox.pdmodel.font.PDFontDescriptor.setFlagBit(int, boolean)",8
org.apache.pdfbox.pdmodel.font.PDFontDescriptor.getCapHeight(),"org.apache.pdfbox.cos.COSDictionary.getFloat(COSName, float)",13
org.apache.pdfbox.pdmodel.font.PDFontDescriptor.hasWidths(),org.apache.pdfbox.cos.COSDictionary.containsKey(COSName),32
org.apache.pdfbox.pdmodel.font.PDFontDescriptor.setFontFile3(PDStream),"org.apache.pdfbox.cos.COSDictionary.setItem(COSName, COSObjectable)",16
org.apache.pdfbox.pdmodel.font.PDFontDescriptor.getCharSet(),org.apache.pdfbox.cos.COSDictionary.getDictionaryObject(COSName),15
org.apache.pdfbox.pdmodel.font.PDFontDescriptor.getItalicAngle(),"org.apache.pdfbox.cos.COSDictionary.getFloat(COSName, float)",12
org.apache.pdfbox.pdmodel.font.PDFontDescriptor.getStemV(),"org.apache.pdfbox.cos.COSDictionary.getFloat(COSName, float)",18
org.apache.pdfbox.pdmodel.font.PDFontDescriptor.getFontFile3(),org.apache.pdfbox.cos.COSDictionary.getDictionaryObject(COSName),34
org.apache.pdfbox.pdmodel.documentinterchange.taggedpdf.PDPrintFieldAttributeObject.setRole(String),"org.apache.pdfbox.pdmodel.documentinterchange.taggedpdf.PDStandardAttributeObject.setName(String, String)",6
org.apache.pdfbox.pdmodel.fdf.FDFAnnotationFreeText.<init>(),"org.apache.pdfbox.cos.COSDictionary.setName(COSName, String)",30
org.apache.pdfbox.pdmodel.fdf.FDFAnnotationFreeText.<init>(),org.apache.pdfbox.pdmodel.fdf.FDFAnnotation.<init>(),30
org.apache.pdfbox.pdmodel.fdf.FDFAnnotationFreeText.setLineEndingStyle(String),"org.apache.pdfbox.cos.COSDictionary.setName(COSName, String)",5
org.apache.pdfbox.pdmodel.fdf.FDFAnnotationFreeText.getLineEndingStyle(),org.apache.pdfbox.cos.COSDictionary.getNameAsString(COSName),4
"org.apache.pdfbox.pdmodel.documentinterchange.logicalstructure.PDAttributeObject.isValueChanged(COSBase, COSBase)",org.apache.pdfbox.cos.COSString.equals(Object),1
org.apache.pdfbox.pdmodel.common.PDRectangle.createRetranslatedRectangle(),org.apache.pdfbox.pdmodel.common.PDRectangle.<init>(),2
org.apache.pdfbox.pdmodel.common.PDRectangle.createRetranslatedRectangle(),org.apache.pdfbox.pdmodel.common.PDRectangle.getWidth(),2
org.apache.pdfbox.pdmodel.common.PDRectangle.createRetranslatedRectangle(),org.apache.pdfbox.pdmodel.common.PDRectangle.setUpperRightX(float),2
org.apache.pdfbox.pdmodel.common.PDRectangle.createRetranslatedRectangle(),org.apache.pdfbox.pdmodel.common.PDRectangle.getHeight(),2
org.apache.pdfbox.pdmodel.common.PDRectangle.createRetranslatedRectangle(),org.apache.pdfbox.pdmodel.common.PDRectangle.setUpperRightY(float),2
"org.apache.pdfbox.pdmodel.common.PDRectangle.contains(float, float)",org.apache.pdfbox.pdmodel.common.PDRectangle.getUpperRightX(),5
"org.apache.pdfbox.pdmodel.common.PDRectangle.contains(float, float)",org.apache.pdfbox.pdmodel.common.PDRectangle.getUpperRightY(),5
"org.apache.pdfbox.pdmodel.common.PDRectangle.contains(float, float)",org.apache.pdfbox.pdmodel.common.PDRectangle.getLowerLeftX(),5
"org.apache.pdfbox.pdmodel.common.PDRectangle.contains(float, float)",org.apache.pdfbox.pdmodel.common.PDRectangle.getLowerLeftY(),5
org.apache.pdfbox.pdmodel.interactive.documentnavigation.outline.PDOutlineNode.closeNode(),org.apache.pdfbox.pdmodel.interactive.documentnavigation.outline.PDOutlineNode.switchNodeCount(),1
org.apache.pdfbox.pdmodel.interactive.documentnavigation.outline.PDOutlineNode.closeNode(),org.apache.pdfbox.pdmodel.interactive.documentnavigation.outline.PDOutlineNode.isNodeOpen(),4
org.apache.pdfbox.pdmodel.interactive.documentnavigation.outline.PDOutlineNode.updateParentOpenCountForAddedChild(PDOutlineItem),org.apache.pdfbox.pdmodel.interactive.documentnavigation.outline.PDOutlineNode.getOpenCount(),1
org.apache.pdfbox.pdmodel.fdf.FDFAnnotation.setContents(String),"org.apache.pdfbox.cos.COSDictionary.setString(COSName, String)",4
org.apache.pdfbox.pdmodel.fdf.FDFAnnotation.setSubject(String),"org.apache.pdfbox.cos.COSDictionary.setString(COSName, String)",7
org.apache.pdfbox.pdmodel.fdf.FDFAnnotationText.setStateModel(String),"org.apache.pdfbox.cos.COSDictionary.setString(COSName, String)",5
org.apache.pdfbox.pdmodel.fdf.FDFAnnotationHighlight.<init>(),"org.apache.pdfbox.cos.COSDictionary.setName(COSName, String)",3
org.apache.pdfbox.pdmodel.fdf.FDFAnnotationHighlight.<init>(),org.apache.pdfbox.pdmodel.fdf.FDFAnnotationTextMarkup.<init>(),3
org.apache.pdfbox.pdmodel.fdf.FDFAnnotationTextMarkup.<init>(),org.apache.pdfbox.pdmodel.fdf.FDFAnnotation.<init>(),13
org.apache.pdfbox.pdmodel.fdf.FDFAnnotation.setDate(String),"org.apache.pdfbox.cos.COSDictionary.setString(COSName, String)",4
org.apache.pdfbox.pdmodel.fdf.FDFAnnotationText.<init>(),"org.apache.pdfbox.cos.COSDictionary.setName(COSName, String)",14
org.apache.pdfbox.pdmodel.fdf.FDFAnnotationText.<init>(),org.apache.pdfbox.pdmodel.fdf.FDFAnnotation.<init>(),14
org.apache.pdfbox.pdmodel.fdf.FDFAnnotation.isToggleNoView(),"org.apache.pdfbox.cos.COSDictionary.getFlag(COSName, int)",9
org.apache.pdfbox.pdmodel.fdf.FDFAnnotation.getPage(),org.apache.pdfbox.cos.COSDictionary.getDictionaryObject(COSName),11
org.apache.pdfbox.pdmodel.fdf.FDFAnnotation.getRectangle(),org.apache.pdfbox.cos.COSDictionary.getDictionaryObject(COSName),4
org.apache.pdfbox.pdmodel.fdf.FDFAnnotationFreeText.<init>(COSDictionary),org.apache.pdfbox.pdmodel.fdf.FDFAnnotation.<init>(COSDictionary),20
org.apache.pdfbox.pdmodel.documentinterchange.taggedpdf.PDLayoutAttributeObject.toString(),org.apache.pdfbox.pdmodel.documentinterchange.taggedpdf.PDLayoutAttributeObject.getRubyPosition(),1
org.apache.pdfbox.pdmodel.graphics.color.PDLab.getBRange(),org.apache.pdfbox.cos.COSDictionary.getDictionaryObject(COSName),4
org.apache.pdfbox.pdmodel.graphics.color.PDLab.getBRange(),"org.apache.pdfbox.pdmodel.common.PDRange.<init>(COSArray, int)",4
org.apache.pdfbox.pdmodel.graphics.color.PDLab.setBRange(PDRange),"org.apache.pdfbox.pdmodel.graphics.color.PDLab.setComponentRangeArray(PDRange, int)",1
"org.apache.pdfbox.pdmodel.graphics.color.PDLab.setComponentRangeArray(PDRange, int)",org.apache.pdfbox.pdmodel.graphics.color.PDLab.getDefaultRangeArray(),4
org.apache.pdfbox.pdmodel.graphics.color.PDLab.getDefaultRangeArray(),org.apache.pdfbox.cos.COSFloat.<init>(float),52
org.apache.pdfbox.pdmodel.graphics.color.PDLab.getDefaultRangeArray(),org.apache.pdfbox.cos.COSArray.add(COSBase),52
org.apache.pdfbox.pdmodel.graphics.color.PDLab.getDefaultRangeArray(),org.apache.pdfbox.cos.COSArray.<init>(),13
"org.apache.pdfbox.pdmodel.graphics.color.PDLab.setComponentRangeArray(PDRange, int)",org.apache.pdfbox.cos.COSFloat.<init>(float),10
"org.apache.pdfbox.pdmodel.graphics.color.PDLab.setComponentRangeArray(PDRange, int)","org.apache.pdfbox.cos.COSDictionary.setItem(COSName, COSBase)",5
"org.apache.pdfbox.pdmodel.graphics.color.PDLab.setComponentRangeArray(PDRange, int)","org.apache.pdfbox.cos.COSArray.set(int, COSBase)",10
"org.apache.pdfbox.pdmodel.graphics.color.PDLab.setComponentRangeArray(PDRange, int)",org.apache.pdfbox.pdmodel.common.PDRange.getMax(),4
org.apache.pdfbox.pdmodel.common.PDRange.getMax(),org.apache.pdfbox.cos.COSArray.getObject(int),13
org.apache.pdfbox.pdmodel.common.PDRange.getMax(),org.apache.pdfbox.cos.COSFloat.floatValue(),12
"org.apache.pdfbox.pdmodel.graphics.color.PDLab.setComponentRangeArray(PDRange, int)",org.apache.pdfbox.pdmodel.common.PDRange.getMin(),4
org.apache.pdfbox.pdmodel.common.PDRange.getMin(),org.apache.pdfbox.cos.COSArray.getObject(int),17
org.apache.pdfbox.pdmodel.common.PDRange.getMin(),org.apache.pdfbox.cos.COSFloat.floatValue(),14
"org.apache.pdfbox.pdmodel.graphics.color.PDLab.setComponentRangeArray(PDRange, int)",org.apache.pdfbox.cos.COSDictionary.getDictionaryObject(COSName),5
org.apache.pdfbox.pdmodel.graphics.color.PDLab.<init>(),org.apache.pdfbox.pdmodel.graphics.color.PDCIEDictionaryBasedColorSpace.<init>(COSName),27
org.apache.pdfbox.pdmodel.graphics.color.PDLab.getARange(),org.apache.pdfbox.pdmodel.graphics.color.PDLab.getDefaultRangeArray(),6
org.apache.pdfbox.pdmodel.graphics.color.PDLab.getARange(),org.apache.pdfbox.cos.COSDictionary.getDictionaryObject(COSName),7
org.apache.pdfbox.pdmodel.graphics.color.PDLab.getARange(),"org.apache.pdfbox.pdmodel.common.PDRange.<init>(COSArray, int)",7
org.apache.pdfbox.pdmodel.documentinterchange.taggedpdf.PDTableAttributeObject.setHeaders(String[]),"org.apache.pdfbox.pdmodel.documentinterchange.taggedpdf.PDStandardAttributeObject.setArrayOfString(String, String[])",4
org.apache.pdfbox.pdmodel.documentinterchange.taggedpdf.PDTableAttributeObject.toString(),org.apache.pdfbox.pdmodel.documentinterchange.taggedpdf.PDTableAttributeObject.getHeaders(),1
org.apache.pdfbox.pdmodel.documentinterchange.taggedpdf.PDTableAttributeObject.getHeaders(),org.apache.pdfbox.pdmodel.documentinterchange.taggedpdf.PDStandardAttributeObject.getArrayOfString(String),5
org.apache.pdfbox.pdmodel.common.function.PDFunctionType0.<init>(COSBase),org.apache.pdfbox.pdmodel.common.function.PDFunction.<init>(COSBase),22
org.apache.pdfbox.pdmodel.fdf.FDFAnnotationPolyline.<init>(),"org.apache.pdfbox.cos.COSDictionary.setName(COSName, String)",22
org.apache.pdfbox.pdmodel.fdf.FDFAnnotationPolyline.<init>(),org.apache.pdfbox.pdmodel.fdf.FDFAnnotation.<init>(),22
org.apache.pdfbox.pdmodel.fdf.FDFAnnotationPolyline.setVertices(float[]),org.apache.pdfbox.cos.COSArray.<init>(),4
org.apache.pdfbox.pdmodel.fdf.FDFAnnotationPolyline.setVertices(float[]),org.apache.pdfbox.cos.COSArray.setFloatArray(float[]),4
org.apache.pdfbox.pdmodel.fdf.FDFAnnotationPolyline.setVertices(float[]),"org.apache.pdfbox.cos.COSDictionary.setItem(COSName, COSBase)",2
org.apache.pdfbox.pdmodel.fdf.FDFAnnotationPolyline.getVertices(),org.apache.pdfbox.cos.COSArray.toFloatArray(),2
org.apache.pdfbox.pdmodel.fdf.FDFAnnotationPolyline.getVertices(),org.apache.pdfbox.cos.COSDictionary.getDictionaryObject(COSName),8
org.apache.pdfbox.pdmodel.graphics.color.PDLab.setARange(PDRange),"org.apache.pdfbox.pdmodel.graphics.color.PDLab.setComponentRangeArray(PDRange, int)",4
org.apache.pdfbox.pdmodel.graphics.color.PDLab.getBRange(),org.apache.pdfbox.pdmodel.graphics.color.PDLab.getDefaultRangeArray(),3
org.apache.pdfbox.pdmodel.interactive.form.PDListBox.setTopIndex(Integer),"org.apache.pdfbox.cos.COSDictionary.setInt(COSName, int)",2
org.apache.pdfbox.pdmodel.interactive.form.PDListBox.getTopIndex(),"org.apache.pdfbox.cos.COSDictionary.getInt(COSName, int)",3
org.apache.pdfbox.pdmodel.documentinterchange.taggedpdf.PDExportFormatAttributeObject.getListNumbering(),"org.apache.pdfbox.pdmodel.documentinterchange.taggedpdf.PDStandardAttributeObject.getName(String, String)",6
org.apache.pdfbox.pdmodel.documentinterchange.taggedpdf.PDExportFormatAttributeObject.setColSpan(int),"org.apache.pdfbox.pdmodel.documentinterchange.taggedpdf.PDStandardAttributeObject.setInteger(String, int)",6
"org.apache.pdfbox.filter.Filter.findImageReader(String, String)",org.apache.pdfbox.filter.MissingImageReaderException.<init>(String),1
org.apache.pdfbox.pdmodel.documentinterchange.taggedpdf.PDPrintFieldAttributeObject.setCheckedState(String),"org.apache.pdfbox.pdmodel.documentinterchange.taggedpdf.PDStandardAttributeObject.setName(String, String)",5
org.apache.pdfbox.pdmodel.documentinterchange.taggedpdf.PDListAttributeObject.<init>(),org.apache.pdfbox.pdmodel.documentinterchange.logicalstructure.PDAttributeObject.setOwner(String),9
org.apache.pdfbox.pdmodel.documentinterchange.taggedpdf.PDListAttributeObject.<init>(),org.apache.pdfbox.pdmodel.documentinterchange.taggedpdf.PDStandardAttributeObject.<init>(),9
org.apache.pdfbox.pdmodel.fdf.FDFIconFit.getFractionalSpaceToAllocate(),org.apache.pdfbox.pdmodel.common.PDRange.<init>(COSArray),1
org.apache.pdfbox.pdmodel.fdf.FDFAnnotationLine.<init>(Element),org.apache.pdfbox.pdmodel.fdf.FDFAnnotation.<init>(Element),2
org.apache.pdfbox.pdmodel.fdf.FDFAnnotation.<init>(Element),org.apache.pdfbox.pdmodel.fdf.FDFAnnotation.<init>(),34
org.apache.pdfbox.pdmodel.interactive.form.PDButton.constructAppearances(),org.apache.pdfbox.pdmodel.interactive.form.PDTerminalField.getWidgets(),4
"org.apache.pdfbox.pdmodel.interactive.form.PDRadioButton.<init>(PDAcroForm, COSDictionary, PDNonTerminalField)","org.apache.pdfbox.pdmodel.interactive.form.PDButton.<init>(PDAcroForm, COSDictionary, PDNonTerminalField)",10
"org.apache.pdfbox.pdmodel.interactive.form.PDButton.<init>(PDAcroForm, COSDictionary, PDNonTerminalField)","org.apache.pdfbox.pdmodel.interactive.form.PDTerminalField.<init>(PDAcroForm, COSDictionary, PDNonTerminalField)",28
org.apache.pdfbox.pdmodel.fdf.FDFAnnotationInk.<init>(),"org.apache.pdfbox.cos.COSDictionary.setName(COSName, String)",3
org.apache.pdfbox.pdmodel.fdf.FDFAnnotationInk.<init>(),org.apache.pdfbox.pdmodel.fdf.FDFAnnotation.<init>(),3
org.apache.pdfbox.pdmodel.fdf.FDFAnnotationInk.setInkList(List),org.apache.pdfbox.cos.COSArray.<init>(),1
org.apache.pdfbox.cos.COSStream.getUnfilteredStream(),org.apache.pdfbox.cos.COSStream.createInputStream(),4
org.apache.pdfbox.cos.COSStream.createFilteredStream(),org.apache.pdfbox.cos.COSStream.createRawOutputStream(),4
"org.apache.pdfbox.pdmodel.encryption.SecurityHandler.encryptDataRC4(byte[], byte[], OutputStream)",org.apache.pdfbox.pdmodel.encryption.RC4Cipher.setKey(byte[]),4
"org.apache.pdfbox.filter.ccitt.TIFFFaxDecoder.decodeNextScanline(byte[], int, int)","org.apache.pdfbox.filter.ccitt.TIFFFaxDecoder.setToBlack(byte[], int, int, int)",4
"org.apache.pdfbox.filter.ccitt.TIFFFaxDecoder.decodeNextScanline(byte[], int, int)",org.apache.pdfbox.filter.ccitt.TIFFFaxDecoder.nextLesserThan8Bits(int),5
"org.apache.pdfbox.filter.ccitt.TIFFFaxDecoder.decodeNextScanline(byte[], int, int)",org.apache.pdfbox.filter.ccitt.TIFFFaxDecoder.updatePointer(int),8
org.apache.pdfbox.cos.COSStream.getString(),org.apache.pdfbox.cos.COSStream.toTextString(),5
org.apache.pdfbox.cos.COSStream.toTextString(),org.apache.pdfbox.io.IOUtils.closeQuietly(Closeable),11
org.apache.pdfbox.cos.COSStream.toTextString(),org.apache.pdfbox.cos.COSStream.createInputStream(),11
org.apache.pdfbox.cos.COSStream.toTextString(),"org.apache.pdfbox.io.IOUtils.copy(InputStream, OutputStream)",7
org.apache.pdfbox.cos.COSStream.toTextString(),org.apache.pdfbox.cos.COSString.<init>(byte[]),7
org.apache.pdfbox.cos.COSStream.toTextString(),org.apache.pdfbox.cos.COSString.getString(),7
org.apache.pdfbox.pdmodel.graphics.state.PDExtendedGraphicsState.copyIntoGraphicsState(PDGraphicsState),org.apache.pdfbox.pdmodel.graphics.state.PDExtendedGraphicsState.getLineJoinStyle(),2
"org.apache.pdfbox.pdmodel.common.PDPageLabels.<init>(PDDocument, COSDictionary)",org.apache.pdfbox.pdmodel.common.PDPageLabels.findLabels(PDNumberTreeNode),1
org.apache.pdfbox.pdmodel.common.PDPageLabels.findLabels(PDNumberTreeNode),org.apache.pdfbox.pdmodel.common.PDNumberTreeNode.getNumbers(),2
org.apache.pdfbox.pdmodel.common.PDNumberTreeNode.getNumbers(),org.apache.pdfbox.pdmodel.common.PDNumberTreeNode.convertCOSToPD(COSBase),2
org.apache.pdfbox.cos.COSDictionary.<init>(COSDictionary),org.apache.pdfbox.cos.COSBase.<init>(),5
org.apache.pdfbox.pdmodel.common.PDNumberTreeNode.getNumbers(),org.apache.pdfbox.cos.COSArray.getObject(int),4
org.apache.pdfbox.pdmodel.common.PDNumberTreeNode.getNumbers(),org.apache.pdfbox.cos.COSArray.size(),4
org.apache.pdfbox.pdmodel.common.PDPageLabels.findLabels(PDNumberTreeNode),org.apache.pdfbox.pdmodel.common.PDNumberTreeNode.getKids(),1
org.apache.pdfbox.pdmodel.common.PDPageLabels.findLabels(PDNumberTreeNode),org.apache.pdfbox.pdmodel.common.PDPageLabelRange.<init>(COSDictionary),1
"org.apache.pdfbox.pdmodel.common.PDPageLabels.<init>(PDDocument, COSDictionary)","org.apache.pdfbox.pdmodel.common.PDNumberTreeNode.<init>(COSDictionary, Class)",1
org.apache.pdfbox.pdmodel.common.PDPageLabels.getCOSObject(),org.apache.pdfbox.cos.COSArray.add(COSObjectable),3
org.apache.pdfbox.cos.COSArray.add(COSObjectable),org.apache.pdfbox.pdmodel.common.PDPageLabelRange.getCOSObject(),2
org.apache.pdfbox.pdmodel.common.PDPageLabels.getCOSObject(),"org.apache.pdfbox.cos.COSDictionary.setItem(COSName, COSBase)",1
org.apache.pdfbox.pdmodel.common.PDPageLabels.getCOSObject(),org.apache.pdfbox.cos.COSArray.<init>(),2
org.apache.pdfbox.pdmodel.common.PDPageLabels.getCOSObject(),org.apache.pdfbox.cos.COSArray.add(COSBase),3
org.apache.pdfbox.pdmodel.common.PDPageLabels.getCOSObject(),org.apache.pdfbox.cos.COSDictionary.<init>(),2
org.apache.pdfbox.pdmodel.common.PDPageLabels.getCOSObject(),org.apache.pdfbox.cos.COSInteger.get(long),3
org.apache.pdfbox.pdfparser.PDFXRefStream.addTrailerInfo(COSDictionary),org.apache.pdfbox.cos.COSName.equals(Object),30
org.apache.pdfbox.pdfparser.PDFXRefStream.addTrailerInfo(COSDictionary),org.apache.pdfbox.cos.COSDictionary.entrySet(),1
org.apache.pdfbox.pdmodel.documentinterchange.taggedpdf.PDLayoutAttributeObject.setAllBorderThicknesses(float),"org.apache.pdfbox.pdmodel.documentinterchange.taggedpdf.PDStandardAttributeObject.setNumber(String, float)",5
"org.apache.pdfbox.filter.LZWFilter.encode(InputStream, OutputStream, COSDictionary)",org.apache.pdfbox.filter.LZWFilter.createCodeTable(),2
org.apache.pdfbox.pdmodel.PDDocument.setVersion(float),org.apache.pdfbox.pdmodel.PDDocumentCatalog.setVersion(String),1
org.apache.pdfbox.pdmodel.PDDocumentCatalog.setVersion(String),"org.apache.pdfbox.cos.COSDictionary.setName(COSName, String)",1
org.apache.pdfbox.pdmodel.PDDocument.setVersion(float),org.apache.pdfbox.pdmodel.PDDocument.getDocumentCatalog(),1
org.apache.pdfbox.pdmodel.font.PDFontDescriptor.setStemH(float),"org.apache.pdfbox.cos.COSDictionary.setFloat(COSName, float)",9
org.apache.pdfbox.pdmodel.font.PDFontDescriptor.setMissingWidth(float),"org.apache.pdfbox.cos.COSDictionary.setFloat(COSName, float)",12
org.apache.pdfbox.pdmodel.font.PDFontDescriptor.setScript(boolean),"org.apache.pdfbox.pdmodel.font.PDFontDescriptor.setFlagBit(int, boolean)",12
org.apache.pdfbox.pdmodel.font.PDFontDescriptor.setForceBold(boolean),"org.apache.pdfbox.pdmodel.font.PDFontDescriptor.setFlagBit(int, boolean)",11
org.apache.pdfbox.pdmodel.font.PDFontDescriptor.setSerif(boolean),"org.apache.pdfbox.pdmodel.font.PDFontDescriptor.setFlagBit(int, boolean)",13
org.apache.pdfbox.pdmodel.font.PDFontDescriptor.setSmallCap(boolean),"org.apache.pdfbox.pdmodel.font.PDFontDescriptor.setFlagBit(int, boolean)",11
org.apache.pdfbox.cos.COSStream.createOutputStream(),org.apache.pdfbox.cos.COSStream.createOutputStream(COSBase),11
"org.apache.pdfbox.pdmodel.interactive.form.PDListBox.<init>(PDAcroForm, COSDictionary, PDNonTerminalField)","org.apache.pdfbox.pdmodel.interactive.form.PDChoice.<init>(PDAcroForm, COSDictionary, PDNonTerminalField)",15
"org.apache.pdfbox.pdmodel.interactive.form.PDChoice.<init>(PDAcroForm, COSDictionary, PDNonTerminalField)","org.apache.pdfbox.pdmodel.interactive.form.PDVariableText.<init>(PDAcroForm, COSDictionary, PDNonTerminalField)",31
org.apache.pdfbox.cos.COSStream.getFilteredStream(),org.apache.pdfbox.cos.COSStream.createRawInputStream(),3
"org.apache.pdfbox.cos.COSDictionary.setEmbeddedString(String, String, String)","org.apache.pdfbox.cos.COSDictionary.setEmbeddedString(String, COSName, String)",16
"org.apache.pdfbox.cos.COSDictionary.setEmbeddedString(String, COSName, String)","org.apache.pdfbox.cos.COSDictionary.setString(COSName, String)",18
"org.apache.pdfbox.cos.COSDictionary.setEmbeddedString(String, COSName, String)","org.apache.pdfbox.cos.COSDictionary.setItem(String, COSBase)",17
"org.apache.pdfbox.cos.COSDictionary.setEmbeddedString(String, COSName, String)",org.apache.pdfbox.cos.COSDictionary.getDictionaryObject(String),24
"org.apache.pdfbox.cos.COSDictionary.setEmbeddedString(String, COSName, String)",org.apache.pdfbox.cos.COSDictionary.<init>(),17
"org.apache.pdfbox.cos.COSDictionary.setEmbeddedString(String, String, String)",org.apache.pdfbox.cos.COSName.getPDFName(String),16
"org.apache.pdfbox.cos.COSDictionary.getEmbeddedString(String, String, String)","org.apache.pdfbox.cos.COSDictionary.getEmbeddedString(String, COSName, String)",16
"org.apache.pdfbox.cos.COSDictionary.getEmbeddedString(String, String, String)",org.apache.pdfbox.cos.COSName.getPDFName(String),16
"org.apache.pdfbox.cos.COSDictionary.getLong(String[], long)",org.apache.pdfbox.cos.COSDictionary.getDictionaryObject(String[]),11
org.apache.pdfbox.cos.COSDictionary.getDictionaryObject(String[]),org.apache.pdfbox.cos.COSDictionary.getDictionaryObject(COSName),113
org.apache.pdfbox.cos.COSDictionary.getDictionaryObject(String[]),org.apache.pdfbox.cos.COSName.getPDFName(String),113
"org.apache.pdfbox.cos.COSDictionary.setLong(String, long)","org.apache.pdfbox.cos.COSDictionary.setLong(COSName, long)",15
"org.apache.pdfbox.cos.COSDictionary.setLong(String, long)",org.apache.pdfbox.cos.COSName.getPDFName(String),15
org.apache.pdfbox.pdfparser.BaseParser.readInt(),org.apache.pdfbox.pdfparser.InputStreamSource.unread(byte[]),4
org.apache.pdfbox.pdfparser.BaseParser.readStringNumber(),org.apache.pdfbox.pdfparser.InputStreamSource.read(),20
org.apache.pdfbox.pdfparser.PDFStreamParser.parse(),org.apache.pdfbox.pdfparser.PDFStreamParser.parseNextToken(),38
org.apache.pdfbox.pdfparser.BaseParser.readString(int),org.apache.pdfbox.pdfparser.BaseParser.skipSpaces(),6
org.apache.pdfbox.pdfparser.BaseParser.readString(int),org.apache.pdfbox.pdfparser.BaseParser.isWhitespace(int),8
org.apache.pdfbox.pdfparser.BaseParser.readString(int),org.apache.pdfbox.pdfparser.InputStreamSource.read(),9
"org.apache.pdfbox.pdmodel.interactive.form.PDSignatureField.<init>(PDAcroForm, COSDictionary, PDNonTerminalField)","org.apache.pdfbox.pdmodel.interactive.form.PDTerminalField.<init>(PDAcroForm, COSDictionary, PDNonTerminalField)",20
org.apache.pdfbox.multipdf.PDFMergerUtility.mergeDocuments(),org.apache.pdfbox.multipdf.PDFMergerUtility.mergeDocuments(MemoryUsageSetting),2
org.apache.pdfbox.multipdf.PDFMergerUtility.mergeDocuments(MemoryUsageSetting),org.apache.pdfbox.io.MemoryUsageSetting.getPartitionedCopy(int),1
org.apache.pdfbox.io.MemoryUsageSetting.getPartitionedCopy(int),"org.apache.pdfbox.io.MemoryUsageSetting.<init>(boolean, boolean, long, long)",6
org.apache.pdfbox.multipdf.PDFMergerUtility.mergeDocuments(),org.apache.pdfbox.io.MemoryUsageSetting.setupMainMemoryOnly(),2
org.apache.pdfbox.pdmodel.encryption.PublicKeySecurityHandler.<init>(PublicKeyProtectionPolicy),org.apache.pdfbox.pdmodel.encryption.SecurityHandler.<init>(),1
org.apache.pdfbox.pdmodel.graphics.state.PDExtendedGraphicsState.copyIntoGraphicsState(PDGraphicsState),org.apache.pdfbox.pdmodel.graphics.state.PDExtendedGraphicsState.getFlatnessTolerance(),1
"org.apache.pdfbox.pdmodel.PDPageContentStream.<init>(PDDocument, PDPage, boolean, boolean, boolean)","org.apache.pdfbox.pdmodel.PDPageContentStream.<init>(PDDocument, PDPage, PDPageContentStream$AppendMode, boolean, boolean)",3
org.apache.pdfbox.pdmodel.interactive.digitalsignature.visible.PDFTemplateStructure.getTemplateAppearanceStream(),org.apache.pdfbox.pdfwriter.COSWriter.<init>(OutputStream),1
org.apache.pdfbox.pdmodel.interactive.digitalsignature.visible.PDFTemplateStructure.getTemplateAppearanceStream(),org.apache.pdfbox.pdfwriter.COSWriter.write(COSDocument),1
org.apache.pdfbox.pdfwriter.COSWriter.write(COSDocument),org.apache.pdfbox.pdfwriter.COSWriter.write(PDDocument),2
org.apache.pdfbox.pdfwriter.COSWriter.write(COSDocument),org.apache.pdfbox.pdmodel.PDDocument.<init>(COSDocument),2
org.apache.pdfbox.pdmodel.PDDocument.load(byte[]),"org.apache.pdfbox.pdmodel.PDDocument.load(byte[], String)",2
"org.apache.pdfbox.pdmodel.PDDocument.load(byte[], String)","org.apache.pdfbox.pdmodel.PDDocument.load(byte[], String, InputStream, String)",4
"org.apache.pdfbox.cos.COSDictionary.getDate(COSName, Calendar)",org.apache.pdfbox.cos.COSDictionary.getDate(COSName),18
"org.apache.pdfbox.cos.COSDictionary.getLong(String, long)","org.apache.pdfbox.cos.COSDictionary.getLong(COSName, long)",4
"org.apache.pdfbox.cos.COSDictionary.getLong(String, long)",org.apache.pdfbox.cos.COSName.getPDFName(String),4
"org.apache.pdfbox.pdmodel.interactive.form.PDCheckBox.<init>(PDAcroForm, COSDictionary, PDNonTerminalField)","org.apache.pdfbox.pdmodel.interactive.form.PDButton.<init>(PDAcroForm, COSDictionary, PDNonTerminalField)",9
org.apache.pdfbox.pdmodel.graphics.shading.PDShadingType1.<init>(COSDictionary),org.apache.pdfbox.pdmodel.graphics.shading.PDShading.<init>(COSDictionary),11
org.apache.pdfbox.pdmodel.interactive.action.PDActionLaunch.<init>(),org.apache.pdfbox.pdmodel.interactive.action.PDAction.<init>(),25
org.apache.pdfbox.pdmodel.interactive.action.PDActionLaunch.<init>(),org.apache.pdfbox.pdmodel.interactive.action.PDAction.setSubType(String),25
org.apache.pdfbox.pdmodel.interactive.action.PDAction.setNext(List),"org.apache.pdfbox.cos.COSDictionary.setItem(COSName, COSBase)",1
org.apache.pdfbox.pdmodel.interactive.action.PDAction.setNext(List),org.apache.pdfbox.pdmodel.common.COSArrayList.converterToCOSArray(List),2
org.apache.pdfbox.io.ScratchFile.readPage(int),org.apache.pdfbox.io.ScratchFile.checkClosed(),4
org.apache.pdfbox.pdmodel.font.PDFontFactory.createDefaultFont(),org.apache.pdfbox.pdmodel.font.PDFontFactory.createFont(COSDictionary),1
org.apache.pdfbox.pdmodel.font.PDFontFactory.createFont(COSDictionary),org.apache.pdfbox.pdmodel.font.PDTrueTypeFont.<init>(COSDictionary),1
org.apache.pdfbox.pdmodel.font.PDTrueTypeFont.<init>(COSDictionary),org.apache.pdfbox.pdmodel.font.PDSimpleFont.<init>(COSDictionary),2
org.apache.pdfbox.pdmodel.font.PDFont.<init>(COSDictionary),org.apache.pdfbox.pdmodel.font.PDTrueTypeFont.getName(),2
org.apache.pdfbox.pdmodel.font.PDTrueTypeFont.getName(),org.apache.pdfbox.pdmodel.font.PDTrueTypeFont.getBaseFont(),2
org.apache.pdfbox.pdmodel.font.PDTrueTypeFont.getBaseFont(),org.apache.pdfbox.cos.COSDictionary.getNameAsString(COSName),1
org.apache.pdfbox.cos.COSDictionary.getNameAsString(COSName),org.apache.pdfbox.cos.COSString.getString(),7
org.apache.pdfbox.pdmodel.font.PDFontFactory.createDefaultFont(),"org.apache.pdfbox.cos.COSDictionary.setString(COSName, String)",1
org.apache.pdfbox.pdmodel.font.PDFontFactory.createDefaultFont(),"org.apache.pdfbox.cos.COSDictionary.setItem(COSName, COSBase)",2
org.apache.pdfbox.pdmodel.font.PDFontFactory.createDefaultFont(),org.apache.pdfbox.cos.COSDictionary.<init>(),1
org.apache.pdfbox.pdmodel.fdf.FDFAnnotation.setName(String),"org.apache.pdfbox.cos.COSDictionary.setString(COSName, String)",4
org.apache.pdfbox.pdmodel.fdf.FDFAnnotationSquare.<init>(),org.apache.pdfbox.pdmodel.fdf.FDFAnnotation.<init>(),12
org.apache.pdfbox.pdmodel.fdf.FDFAnnotationSquare.<init>(),"org.apache.pdfbox.cos.COSDictionary.setName(COSName, String)",12
org.apache.pdfbox.pdmodel.fdf.FDFAnnotation.getName(),org.apache.pdfbox.cos.COSDictionary.getString(COSName),5
org.apache.pdfbox.pdmodel.fdf.FDFAnnotationPolygon.<init>(Element),org.apache.pdfbox.pdmodel.fdf.FDFAnnotation.<init>(Element),3
org.apache.pdfbox.pdmodel.fdf.FDFAnnotation.setColor(Color),"org.apache.pdfbox.cos.COSDictionary.setItem(COSName, COSBase)",4
org.apache.pdfbox.pdmodel.fdf.FDFAnnotation.isNoRotate(),"org.apache.pdfbox.cos.COSDictionary.getFlag(COSName, int)",11
org.apache.pdfbox.pdmodel.fdf.FDFAnnotation.setPage(int),"org.apache.pdfbox.cos.COSDictionary.setInt(COSName, int)",10
org.apache.pdfbox.pdmodel.fdf.FDFAnnotation.isNoZoom(),"org.apache.pdfbox.cos.COSDictionary.getFlag(COSName, int)",3
org.apache.pdfbox.pdmodel.fdf.FDFAnnotation.getDate(),org.apache.pdfbox.cos.COSDictionary.getString(COSName),10
org.apache.pdfbox.pdmodel.fdf.FDFAnnotation.getBorderStyle(),org.apache.pdfbox.cos.COSDictionary.getDictionaryObject(COSName),8
org.apache.pdfbox.pdmodel.fdf.FDFAnnotationSquare.getInteriorColor(),org.apache.pdfbox.cos.COSDictionary.getDictionaryObject(COSName),6
org.apache.pdfbox.pdmodel.PDDocument.getLastSignatureDictionary(),org.apache.pdfbox.pdmodel.PDDocument.getSignatureDictionaries(),2
org.apache.pdfbox.pdmodel.PDDocument.getSignatureDictionaries(),org.apache.pdfbox.pdmodel.PDDocument.getSignatureFields(),4
"org.apache.pdfbox.pdfparser.PDFParser.<init>(RandomAccessRead, String, InputStream, String)",org.apache.pdfbox.io.ScratchFile.getMainMemoryOnlyInstance(),1
"org.apache.pdfbox.pdfparser.PDFParser.<init>(RandomAccessRead, String, InputStream, String)","org.apache.pdfbox.pdfparser.PDFParser.<init>(RandomAccessRead, String, InputStream, String, ScratchFile)",1
org.apache.pdfbox.pdmodel.interactive.measurement.PDNumberFormatDictionary.<init>(),"org.apache.pdfbox.cos.COSDictionary.setName(COSName, String)",32
org.apache.pdfbox.pdmodel.interactive.measurement.PDNumberFormatDictionary.<init>(),org.apache.pdfbox.cos.COSDictionary.<init>(),32
org.apache.pdfbox.pdmodel.interactive.measurement.PDNumberFormatDictionary.setFD(boolean),"org.apache.pdfbox.cos.COSDictionary.setBoolean(String, boolean)",1
org.apache.pdfbox.pdmodel.interactive.measurement.PDNumberFormatDictionary.isFD(),"org.apache.pdfbox.cos.COSDictionary.getBoolean(String, boolean)",2
org.apache.pdfbox.pdmodel.documentinterchange.taggedpdf.PDArtifactMarkedContent.isTopAttached(),org.apache.pdfbox.pdmodel.documentinterchange.taggedpdf.PDArtifactMarkedContent.isAttached(String),1
org.apache.pdfbox.pdmodel.documentinterchange.taggedpdf.PDArtifactMarkedContent.<init>(COSDictionary),"org.apache.pdfbox.pdmodel.documentinterchange.markedcontent.PDMarkedContent.<init>(COSName, COSDictionary)",7
org.apache.pdfbox.pdmodel.fdf.FDFAnnotation.setTitle(String),"org.apache.pdfbox.cos.COSDictionary.setString(COSName, String)",4
org.apache.pdfbox.pdmodel.fdf.FDFAnnotationCircle.<init>(),"org.apache.pdfbox.cos.COSDictionary.setName(COSName, String)",10
org.apache.pdfbox.pdmodel.fdf.FDFAnnotationCircle.<init>(),org.apache.pdfbox.pdmodel.fdf.FDFAnnotation.<init>(),10
org.apache.pdfbox.pdmodel.fdf.FDFAnnotation.getTitle(),org.apache.pdfbox.cos.COSDictionary.getString(COSName),6
org.apache.pdfbox.pdmodel.fdf.FDFAnnotationPolyline.<init>(Element),org.apache.pdfbox.pdmodel.fdf.FDFAnnotation.<init>(Element),5
org.apache.pdfbox.pdmodel.fdf.FDFAnnotationCaret.<init>(COSDictionary),org.apache.pdfbox.pdmodel.fdf.FDFAnnotation.<init>(COSDictionary),12
org.apache.pdfbox.pdmodel.fdf.FDFAnnotation.isInvisible(),"org.apache.pdfbox.cos.COSDictionary.getFlag(COSName, int)",5
org.apache.pdfbox.pdmodel.fdf.FDFAnnotation.setBorderEffect(PDBorderEffectDictionary),"org.apache.pdfbox.cos.COSDictionary.setItem(COSName, COSObjectable)",4
org.apache.pdfbox.pdmodel.fdf.FDFAnnotation.getBorderEffect(),org.apache.pdfbox.cos.COSDictionary.getDictionaryObject(COSName),6
org.apache.pdfbox.pdmodel.fdf.FDFAnnotation.getColor(),org.apache.pdfbox.cos.COSDictionary.getDictionaryObject(COSName),5
org.apache.pdfbox.pdmodel.fdf.FDFAnnotation.setBorderStyle(PDBorderStyleDictionary),"org.apache.pdfbox.cos.COSDictionary.setItem(COSName, COSObjectable)",5
org.apache.pdfbox.pdmodel.fdf.FDFAnnotationHighlight.<init>(COSDictionary),org.apache.pdfbox.pdmodel.fdf.FDFAnnotationTextMarkup.<init>(COSDictionary),5
org.apache.pdfbox.pdmodel.fdf.FDFAnnotationTextMarkup.<init>(COSDictionary),org.apache.pdfbox.pdmodel.fdf.FDFAnnotation.<init>(COSDictionary),15
org.apache.pdfbox.pdmodel.documentinterchange.taggedpdf.PDExportFormatAttributeObject.toString(),org.apache.pdfbox.pdmodel.documentinterchange.taggedpdf.PDExportFormatAttributeObject.getListNumbering(),1
org.apache.pdfbox.pdmodel.documentinterchange.taggedpdf.PDExportFormatAttributeObject.setListNumbering(String),"org.apache.pdfbox.pdmodel.documentinterchange.taggedpdf.PDStandardAttributeObject.setName(String, String)",3
org.apache.pdfbox.pdmodel.documentinterchange.taggedpdf.PDTableAttributeObject.setSummary(String),"org.apache.pdfbox.pdmodel.documentinterchange.taggedpdf.PDStandardAttributeObject.setString(String, String)",5
org.apache.pdfbox.pdmodel.documentinterchange.taggedpdf.PDTableAttributeObject.getSummary(),org.apache.pdfbox.pdmodel.documentinterchange.taggedpdf.PDStandardAttributeObject.getString(String),5
org.apache.pdfbox.pdmodel.graphics.color.PDCalRGB.toRGB(float[]),org.apache.pdfbox.pdmodel.graphics.color.PDCalRGB.getGamma(),3
org.apache.pdfbox.pdmodel.graphics.color.PDCalRGB.getGamma(),org.apache.pdfbox.cos.COSFloat.<init>(float),18
org.apache.pdfbox.pdmodel.graphics.color.PDCalRGB.getGamma(),"org.apache.pdfbox.cos.COSDictionary.setItem(COSName, COSBase)",6
org.apache.pdfbox.pdmodel.graphics.color.PDCalRGB.getGamma(),org.apache.pdfbox.cos.COSArray.add(COSBase),18
org.apache.pdfbox.pdmodel.graphics.color.PDCalRGB.getGamma(),org.apache.pdfbox.cos.COSArray.<init>(),6
org.apache.pdfbox.pdmodel.graphics.color.PDCalRGB.getGamma(),org.apache.pdfbox.cos.COSDictionary.getDictionaryObject(COSName),7
org.apache.pdfbox.pdmodel.graphics.color.PDCalRGB.getGamma(),org.apache.pdfbox.pdmodel.graphics.color.PDGamma.<init>(COSArray),7
org.apache.pdfbox.pdmodel.graphics.color.PDCalRGB.toRGB(float[]),"org.apache.pdfbox.pdmodel.graphics.color.PDCIEDictionaryBasedColorSpace.convXYZtoRGB(float, float, float)",3
org.apache.pdfbox.pdmodel.graphics.color.PDCalRGB.toRGB(float[]),org.apache.pdfbox.pdmodel.graphics.color.PDCalRGB.getMatrix(),3
org.apache.pdfbox.pdmodel.graphics.color.PDCalRGB.getMatrix(),org.apache.pdfbox.cos.COSDictionary.getDictionaryObject(COSName),5
org.apache.pdfbox.pdmodel.graphics.color.PDCalRGB.toRGB(float[]),org.apache.pdfbox.pdmodel.graphics.color.PDGamma.getR(),3
org.apache.pdfbox.pdmodel.graphics.color.PDGamma.getR(),org.apache.pdfbox.cos.COSArray.get(int),6
org.apache.pdfbox.pdmodel.graphics.color.PDGamma.getR(),org.apache.pdfbox.cos.COSFloat.floatValue(),6
org.apache.pdfbox.pdmodel.graphics.color.PDCalRGB.toRGB(float[]),org.apache.pdfbox.pdmodel.graphics.color.PDGamma.getB(),3
org.apache.pdfbox.pdmodel.graphics.color.PDGamma.getB(),org.apache.pdfbox.cos.COSArray.get(int),6
org.apache.pdfbox.pdmodel.graphics.color.PDGamma.getB(),org.apache.pdfbox.cos.COSFloat.floatValue(),6
org.apache.pdfbox.pdmodel.graphics.color.PDCalRGB.toRGB(float[]),org.apache.pdfbox.pdmodel.graphics.color.PDGamma.getG(),3
org.apache.pdfbox.pdmodel.graphics.color.PDGamma.getG(),org.apache.pdfbox.cos.COSArray.get(int),6
org.apache.pdfbox.pdmodel.graphics.color.PDGamma.getG(),org.apache.pdfbox.cos.COSFloat.floatValue(),6
org.apache.pdfbox.cos.COSStream.createUnfilteredStream(),org.apache.pdfbox.cos.COSStream.createOutputStream(),5
org.apache.pdfbox.pdmodel.interactive.form.PDField.setPartialName(String),"org.apache.pdfbox.cos.COSDictionary.setString(COSName, String)",1
org.apache.pdfbox.pdmodel.interactive.form.PDNonTerminalField.<init>(PDAcroForm),org.apache.pdfbox.pdmodel.interactive.form.PDField.<init>(PDAcroForm),21
"org.apache.pdfbox.cos.COSDictionary.getDate(String, Calendar)",org.apache.pdfbox.cos.COSName.getPDFName(String),10
"org.apache.pdfbox.cos.COSDictionary.getDate(String, Calendar)","org.apache.pdfbox.cos.COSDictionary.getDate(COSName, Calendar)",10
org.apache.pdfbox.pdmodel.font.PDType1CFont.<init>(COSDictionary),org.apache.pdfbox.pdmodel.font.PDSimpleFont.<init>(COSDictionary),1
org.apache.pdfbox.pdmodel.font.PDFont.<init>(COSDictionary),org.apache.pdfbox.pdmodel.font.PDType1CFont.getName(),1
org.apache.pdfbox.pdmodel.font.PDType1CFont.getName(),org.apache.pdfbox.pdmodel.font.PDType1CFont.getBaseFont(),1
org.apache.pdfbox.pdmodel.graphics.optionalcontent.PDOptionalContentGroup.toString(),org.apache.pdfbox.pdmodel.graphics.optionalcontent.PDOptionalContentGroup.getName(),1
org.apache.pdfbox.pdmodel.graphics.optionalcontent.PDOptionalContentGroup.getName(),org.apache.pdfbox.cos.COSDictionary.getString(COSName),4
org.apache.pdfbox.pdmodel.graphics.optionalcontent.PDOptionalContentGroup.<init>(String),org.apache.pdfbox.pdmodel.graphics.optionalcontent.PDOptionalContentGroup.setName(String),4
org.apache.pdfbox.pdmodel.graphics.optionalcontent.PDOptionalContentGroup.setName(String),"org.apache.pdfbox.cos.COSDictionary.setString(COSName, String)",5
org.apache.pdfbox.pdmodel.graphics.optionalcontent.PDOptionalContentGroup.<init>(String),"org.apache.pdfbox.cos.COSDictionary.setItem(COSName, COSBase)",4
org.apache.pdfbox.pdmodel.graphics.optionalcontent.PDOptionalContentGroup.<init>(String),org.apache.pdfbox.pdmodel.documentinterchange.markedcontent.PDPropertyList.<init>(),4
org.apache.pdfbox.pdmodel.documentinterchange.markedcontent.PDPropertyList.<init>(),org.apache.pdfbox.cos.COSDictionary.<init>(),5
org.apache.pdfbox.pdmodel.PDDocument.saveIncremental(OutputStream),"org.apache.pdfbox.pdfwriter.COSWriter.<init>(OutputStream, RandomAccessRead)",1
"org.apache.pdfbox.util.DateConverter.parseBigEndianDate(String, ParsePosition)",org.apache.pdfbox.util.DateConverter.newGreg(),2
"org.apache.pdfbox.util.DateConverter.parseBigEndianDate(String, ParsePosition)","org.apache.pdfbox.util.DateConverter.skipOptionals(String, ParsePosition, String)",14
"org.apache.pdfbox.util.DateConverter.parseDate(String, ParsePosition)","org.apache.pdfbox.util.DateConverter.parseTZoffset(String, GregorianCalendar, ParsePosition)",2
"org.apache.pdfbox.util.DateConverter.parseTZoffset(String, GregorianCalendar, ParsePosition)","org.apache.pdfbox.util.DateConverter.adjustTimeZoneNicely(GregorianCalendar, TimeZone)",2
"org.apache.pdfbox.util.DateConverter.parseTZoffset(String, GregorianCalendar, ParsePosition)","org.apache.pdfbox.util.DateConverter.skipOptionals(String, ParsePosition, String)",6
"org.apache.pdfbox.util.DateConverter.parseTZoffset(String, GregorianCalendar, ParsePosition)","org.apache.pdfbox.util.DateConverter.parseTimeField(String, ParsePosition, int, int)",4
"org.apache.pdfbox.util.DateConverter.parseTZoffset(String, GregorianCalendar, ParsePosition)",org.apache.pdfbox.util.DateConverter.restrainTZoffset(long),2
"org.apache.pdfbox.util.DateConverter.parseTZoffset(String, GregorianCalendar, ParsePosition)","org.apache.pdfbox.util.DateConverter.skipString(String, String, ParsePosition)",4
org.apache.pdfbox.pdmodel.interactive.form.PDTerminalField.importFDF(FDFField),org.apache.pdfbox.pdmodel.interactive.form.PDField.importFDF(FDFField),4
org.apache.pdfbox.pdmodel.interactive.form.PDField.importFDF(FDFField),org.apache.pdfbox.pdmodel.interactive.form.PDTerminalField.getFieldFlags(),3
org.apache.pdfbox.pdmodel.interactive.form.PDField.importFDF(FDFField),org.apache.pdfbox.pdmodel.fdf.FDFField.getCOSValue(),3
org.apache.pdfbox.pdmodel.fdf.FDFField.getCOSValue(),org.apache.pdfbox.cos.COSDictionary.getDictionaryObject(COSName),18
org.apache.pdfbox.pdmodel.interactive.form.PDField.importFDF(FDFField),org.apache.pdfbox.pdmodel.fdf.FDFField.getFieldFlags(),3
org.apache.pdfbox.pdmodel.fdf.FDFField.getFieldFlags(),org.apache.pdfbox.cos.COSDictionary.getDictionaryObject(COSName),10
org.apache.pdfbox.pdmodel.interactive.form.PDField.importFDF(FDFField),org.apache.pdfbox.pdmodel.fdf.FDFField.getSetFieldFlags(),3
org.apache.pdfbox.pdmodel.fdf.FDFField.getSetFieldFlags(),org.apache.pdfbox.cos.COSDictionary.getDictionaryObject(COSName),12
org.apache.pdfbox.pdmodel.interactive.form.PDTerminalField.exportFDF(),org.apache.pdfbox.pdmodel.fdf.FDFField.setPartialFieldName(String),3
org.apache.pdfbox.pdmodel.fdf.FDFField.setPartialFieldName(String),"org.apache.pdfbox.cos.COSDictionary.setString(COSName, String)",11
org.apache.pdfbox.pdmodel.interactive.form.PDTerminalField.exportFDF(),org.apache.pdfbox.pdmodel.interactive.form.PDField.getPartialName(),5
org.apache.pdfbox.pdmodel.interactive.form.PDTerminalField.exportFDF(),org.apache.pdfbox.pdmodel.fdf.FDFField.<init>(),5
org.apache.pdfbox.pdmodel.interactive.form.PDTerminalField.exportFDF(),org.apache.pdfbox.cos.COSDictionary.getDictionaryObject(COSName),3
org.apache.pdfbox.pdmodel.interactive.form.PDTerminalField.exportFDF(),org.apache.pdfbox.pdmodel.fdf.FDFField.setValue(COSBase),3
org.apache.pdfbox.pdmodel.fdf.FDFField.setValue(COSBase),"org.apache.pdfbox.cos.COSDictionary.setItem(COSName, COSBase)",12
org.apache.pdfbox.pdmodel.interactive.annotation.PDAnnotationLink.<init>(),org.apache.pdfbox.pdmodel.interactive.annotation.PDAnnotation.<init>(),21
org.apache.pdfbox.pdmodel.interactive.annotation.PDAnnotationLink.<init>(),org.apache.pdfbox.cos.COSName.getPDFName(String),21
org.apache.pdfbox.pdmodel.interactive.annotation.PDAnnotationLink.<init>(),"org.apache.pdfbox.cos.COSDictionary.setItem(COSName, COSBase)",21
org.apache.pdfbox.pdmodel.interactive.annotation.PDAnnotationLink.setQuadPoints(float[]),org.apache.pdfbox.cos.COSArray.<init>(),4
org.apache.pdfbox.pdmodel.interactive.annotation.PDAnnotationLink.setQuadPoints(float[]),"org.apache.pdfbox.cos.COSDictionary.setItem(String, COSBase)",2
org.apache.pdfbox.pdmodel.interactive.annotation.PDAnnotationLink.setQuadPoints(float[]),org.apache.pdfbox.cos.COSArray.setFloatArray(float[]),4
org.apache.pdfbox.pdmodel.interactive.annotation.PDAnnotationLink.getQuadPoints(),org.apache.pdfbox.cos.COSDictionary.getDictionaryObject(String),3
org.apache.pdfbox.pdmodel.interactive.annotation.PDAnnotationLink.getQuadPoints(),org.apache.pdfbox.cos.COSArray.toFloatArray(),2
org.apache.pdfbox.pdmodel.interactive.form.PDVariableText.setRichTextValue(String),org.apache.pdfbox.cos.COSString.<init>(String),3
"org.apache.pdfbox.pdmodel.interactive.form.PDComboBox.<init>(PDAcroForm, COSDictionary, PDNonTerminalField)","org.apache.pdfbox.pdmodel.interactive.form.PDChoice.<init>(PDAcroForm, COSDictionary, PDNonTerminalField)",16
org.apache.pdfbox.pdfparser.BaseParser.readLong(),org.apache.pdfbox.pdfparser.InputStreamSource.unread(byte[]),3
org.apache.pdfbox.pdfparser.BaseParser.readLine(),org.apache.pdfbox.pdfparser.InputStreamSource.read(),9
org.apache.pdfbox.pdfparser.BaseParser.readLine(),org.apache.pdfbox.pdfparser.InputStreamSource.isEOF(),4
org.apache.pdfbox.pdfparser.InputStreamSource.isEOF(),org.apache.pdfbox.pdfparser.InputStreamSource.peek(),5
org.apache.pdfbox.pdmodel.common.COSArrayList.convertStringListToCOSStringCOSArray(List),org.apache.pdfbox.cos.COSString.<init>(String),3
org.apache.pdfbox.pdmodel.common.COSArrayList.convertStringListToCOSStringCOSArray(List),org.apache.pdfbox.cos.COSArray.add(COSBase),2
org.apache.pdfbox.pdmodel.common.COSArrayList.convertCOSStringCOSArrayToList(COSArray),org.apache.pdfbox.cos.COSString.getString(),1
org.apache.pdfbox.pdmodel.common.COSArrayList.convertCOSStringCOSArrayToList(COSArray),org.apache.pdfbox.cos.COSArray.getObject(int),3
org.apache.pdfbox.pdmodel.common.COSArrayList.convertCOSStringCOSArrayToList(COSArray),org.apache.pdfbox.cos.COSArray.size(),9
org.apache.pdfbox.pdmodel.common.COSArrayList.convertCOSStringCOSArrayToList(COSArray),"org.apache.pdfbox.pdmodel.common.COSArrayList.<init>(List, COSArray)",6
"org.apache.pdfbox.pdmodel.common.COSArrayList.addAll(int, Collection)",org.apache.pdfbox.pdmodel.common.COSArrayList.toCOSObjectList(Collection),6
org.apache.pdfbox.pdmodel.fdf.FDFAnnotationLine.setLeaderExtend(float),"org.apache.pdfbox.cos.COSDictionary.setFloat(COSName, float)",4
org.apache.pdfbox.pdmodel.fdf.FDFAnnotationLine.setCaptionStyle(String),"org.apache.pdfbox.cos.COSDictionary.setString(COSName, String)",3
org.apache.pdfbox.pdmodel.fdf.FDFAnnotation.setInvisible(boolean),"org.apache.pdfbox.cos.COSDictionary.setFlag(COSName, int, boolean)",7
org.apache.pdfbox.pdmodel.fdf.FDFAnnotationLine.getEndPointEndingStyle(),org.apache.pdfbox.cos.COSDictionary.getDictionaryObject(COSName),4
org.apache.pdfbox.pdmodel.fdf.FDFAnnotationPolygon.<init>(COSDictionary),org.apache.pdfbox.pdmodel.fdf.FDFAnnotation.<init>(COSDictionary),5
org.apache.pdfbox.pdmodel.interactive.measurement.PDRectlinearMeasureDictionary.setDistances(PDNumberFormatDictionary[]),org.apache.pdfbox.cos.COSArray.add(COSObjectable),1
org.apache.pdfbox.pdmodel.interactive.measurement.PDRectlinearMeasureDictionary.setDistances(PDNumberFormatDictionary[]),org.apache.pdfbox.cos.COSArray.<init>(),2
org.apache.pdfbox.pdmodel.fdf.FDFAnnotationCircle.<init>(Element),org.apache.pdfbox.pdmodel.fdf.FDFAnnotation.<init>(Element),2
org.apache.pdfbox.pdmodel.fdf.FDFAnnotation.getCreationDate(),org.apache.pdfbox.cos.COSDictionary.getDate(COSName),7
org.apache.pdfbox.pdmodel.fdf.FDFAnnotation.setToggleNoView(boolean),"org.apache.pdfbox.cos.COSDictionary.setFlag(COSName, int, boolean)",3
org.apache.pdfbox.pdmodel.fdf.FDFAnnotation.setRichContents(String),org.apache.pdfbox.cos.COSString.<init>(String),4
org.apache.pdfbox.pdmodel.fdf.FDFAnnotation.setRichContents(String),"org.apache.pdfbox.cos.COSDictionary.setItem(COSName, COSBase)",3
org.apache.pdfbox.pdmodel.fdf.FDFAnnotationCaret.<init>(),org.apache.pdfbox.pdmodel.fdf.FDFAnnotation.<init>(),11
org.apache.pdfbox.pdmodel.fdf.FDFAnnotationCaret.<init>(),"org.apache.pdfbox.cos.COSDictionary.setName(COSName, String)",11
org.apache.pdfbox.pdmodel.fdf.FDFAnnotation.getRichContents(),org.apache.pdfbox.pdmodel.fdf.FDFAnnotation.getStringOrStream(COSBase),7
org.apache.pdfbox.pdmodel.fdf.FDFAnnotation.getStringOrStream(COSBase),org.apache.pdfbox.cos.COSString.getString(),2
org.apache.pdfbox.pdmodel.fdf.FDFAnnotation.getRichContents(),org.apache.pdfbox.cos.COSDictionary.getDictionaryObject(COSName),7
org.apache.pdfbox.pdmodel.fdf.FDFAnnotationHighlight.<init>(Element),org.apache.pdfbox.pdmodel.fdf.FDFAnnotationTextMarkup.<init>(Element),3
org.apache.pdfbox.pdmodel.fdf.FDFAnnotationTextMarkup.<init>(Element),org.apache.pdfbox.pdmodel.fdf.FDFAnnotation.<init>(Element),9
org.apache.pdfbox.pdmodel.fdf.FDFAnnotation.getSubject(),org.apache.pdfbox.cos.COSDictionary.getString(COSName),5
org.apache.pdfbox.pdmodel.fdf.FDFAnnotation.isPrinted(),"org.apache.pdfbox.cos.COSDictionary.getFlag(COSName, int)",6
org.apache.pdfbox.pdmodel.fdf.FDFAnnotationCaret.getSymbol(),org.apache.pdfbox.cos.COSDictionary.getString(COSName),5
org.apache.pdfbox.pdmodel.graphics.color.PDLab.getDefaultDecode(int),org.apache.pdfbox.pdmodel.graphics.color.PDLab.getARange(),4
org.apache.pdfbox.pdmodel.graphics.color.PDLab.getDefaultDecode(int),org.apache.pdfbox.pdmodel.common.PDRange.getMin(),4
org.apache.pdfbox.pdmodel.graphics.color.PDLab.getDefaultDecode(int),org.apache.pdfbox.pdmodel.common.PDRange.getMax(),4
org.apache.pdfbox.pdmodel.graphics.color.PDCIEDictionaryBasedColorSpace.getBlackPoint(),org.apache.pdfbox.cos.COSFloat.<init>(float),9
org.apache.pdfbox.pdmodel.graphics.color.PDCIEDictionaryBasedColorSpace.getBlackPoint(),org.apache.pdfbox.cos.COSArray.<init>(),3
org.apache.pdfbox.pdmodel.graphics.color.PDCIEDictionaryBasedColorSpace.getBlackPoint(),org.apache.pdfbox.cos.COSArray.add(COSBase),9
org.apache.pdfbox.pdmodel.graphics.color.PDCIEDictionaryBasedColorSpace.getBlackPoint(),org.apache.pdfbox.cos.COSDictionary.getDictionaryObject(COSName),4
org.apache.pdfbox.pdmodel.graphics.color.PDCIEDictionaryBasedColorSpace.getBlackPoint(),org.apache.pdfbox.pdmodel.graphics.color.PDTristimulus.<init>(COSArray),4
org.apache.pdfbox.pdmodel.interactive.measurement.PDNumberFormatDictionary.getConversionFactor(),org.apache.pdfbox.cos.COSDictionary.getFloat(String),3
org.apache.pdfbox.pdmodel.interactive.measurement.PDNumberFormatDictionary.setConversionFactor(float),"org.apache.pdfbox.cos.COSDictionary.setFloat(String, float)",3
org.apache.pdfbox.pdmodel.interactive.measurement.PDRectlinearMeasureDictionary.setCoordSystemOrigin(float[]),org.apache.pdfbox.cos.COSArray.setFloatArray(float[]),4
org.apache.pdfbox.pdmodel.interactive.measurement.PDRectlinearMeasureDictionary.setCoordSystemOrigin(float[]),org.apache.pdfbox.cos.COSArray.<init>(),4
"org.apache.pdfbox.pdfwriter.COSWriter.<init>(OutputStream, InputStream)",org.apache.pdfbox.io.RandomAccessBuffer.<init>(InputStream),1
org.apache.pdfbox.pdmodel.font.PDFontDescriptor.getMaxWidth(),"org.apache.pdfbox.cos.COSDictionary.getFloat(COSName, float)",13
org.apache.pdfbox.pdmodel.font.PDFontDescriptor.setFontFile2(PDStream),"org.apache.pdfbox.cos.COSDictionary.setItem(COSName, COSObjectable)",21
org.apache.pdfbox.pdmodel.font.PDFontDescriptor.getAverageWidth(),"org.apache.pdfbox.cos.COSDictionary.getFloat(COSName, float)",13
org.apache.pdfbox.pdmodel.font.PDFontDescriptor.getFontWeight(),"org.apache.pdfbox.cos.COSDictionary.getFloat(COSName, float)",22
org.apache.pdfbox.pdmodel.font.PDFontDescriptor.getPanose(),org.apache.pdfbox.cos.COSDictionary.getDictionaryObject(COSName),25
org.apache.pdfbox.pdmodel.font.PDFontDescriptor.setFontFile(PDStream),"org.apache.pdfbox.cos.COSDictionary.setItem(COSName, COSObjectable)",8
org.apache.pdfbox.pdmodel.font.PDFontDescriptor.getFontFamily(),org.apache.pdfbox.cos.COSDictionary.getDictionaryObject(COSName),10
org.apache.pdfbox.pdmodel.font.PDFontDescriptor.getFontStretch(),org.apache.pdfbox.cos.COSDictionary.getDictionaryObject(COSName),16
org.apache.pdfbox.pdmodel.font.PDFontDescriptor.isNonSymbolic(),org.apache.pdfbox.pdmodel.font.PDFontDescriptor.isFlagBitOn(int),13
org.apache.pdfbox.pdmodel.fdf.FDFDocument.getCatalog(),org.apache.pdfbox.pdmodel.fdf.FDFDocument.setCatalog(FDFCatalog),1
org.apache.pdfbox.pdmodel.fdf.FDFDocument.getCatalog(),org.apache.pdfbox.pdmodel.fdf.FDFCatalog.<init>(),1
org.apache.pdfbox.pdmodel.interactive.documentnavigation.destination.PDPageFitHeightDestination.<init>(),"org.apache.pdfbox.cos.COSArray.setName(int, String)",18
org.apache.pdfbox.pdmodel.interactive.documentnavigation.destination.PDPageFitHeightDestination.<init>(),org.apache.pdfbox.pdmodel.interactive.documentnavigation.destination.PDPageDestination.<init>(),18
org.apache.pdfbox.pdmodel.interactive.documentnavigation.destination.PDPageDestination.<init>(),org.apache.pdfbox.cos.COSArray.<init>(),77
org.apache.pdfbox.pdmodel.interactive.documentnavigation.destination.PDPageDestination.<init>(),org.apache.pdfbox.pdmodel.interactive.documentnavigation.destination.PDDestination.<init>(),77
org.apache.pdfbox.pdmodel.interactive.documentnavigation.destination.PDPageFitHeightDestination.<init>(),org.apache.pdfbox.cos.COSArray.growToSize(int),18
org.apache.pdfbox.pdmodel.interactive.documentnavigation.destination.PDPageFitHeightDestination.<init>(COSArray),org.apache.pdfbox.pdmodel.interactive.documentnavigation.destination.PDPageDestination.<init>(COSArray),8
org.apache.pdfbox.pdmodel.interactive.documentnavigation.destination.PDPageDestination.<init>(COSArray),org.apache.pdfbox.pdmodel.interactive.documentnavigation.destination.PDDestination.<init>(),37
org.apache.pdfbox.pdmodel.interactive.form.PDRadioButton.getSelectedExportValues(),org.apache.pdfbox.pdmodel.interactive.form.PDButton.getOnValues(),1
org.apache.pdfbox.pdmodel.interactive.form.PDButton.getOnValues(),org.apache.pdfbox.pdmodel.interactive.form.PDTerminalField.getWidgets(),13
org.apache.pdfbox.pdmodel.interactive.form.PDButton.getOnValues(),org.apache.pdfbox.pdmodel.interactive.annotation.PDAnnotation.getAppearance(),10
org.apache.pdfbox.pdmodel.interactive.annotation.PDAnnotation.getAppearance(),org.apache.pdfbox.cos.COSDictionary.getDictionaryObject(COSName),17
org.apache.pdfbox.pdmodel.interactive.form.PDRadioButton.getSelectedExportValues(),org.apache.pdfbox.pdmodel.interactive.form.PDButton.getExportValues(),1
org.apache.pdfbox.pdmodel.interactive.form.PDButton.getExportValues(),org.apache.pdfbox.pdmodel.interactive.form.PDField.getInheritableAttribute(COSName),2
org.apache.pdfbox.pdmodel.interactive.form.PDRadioButton.<init>(PDAcroForm),org.apache.pdfbox.pdmodel.interactive.form.PDButton.<init>(PDAcroForm),14
org.apache.pdfbox.pdmodel.interactive.form.PDRadioButton.<init>(PDAcroForm),org.apache.pdfbox.pdmodel.interactive.form.PDButton.setRadioButton(boolean),14
org.apache.pdfbox.pdmodel.interactive.form.PDButton.setRadioButton(boolean),"org.apache.pdfbox.cos.COSDictionary.setFlag(COSName, int, boolean)",15
org.apache.pdfbox.pdmodel.PDPage.setAnnotations(List),"org.apache.pdfbox.cos.COSDictionary.setItem(COSName, COSBase)",9
org.apache.pdfbox.pdmodel.PDPage.setAnnotations(List),org.apache.pdfbox.pdmodel.common.COSArrayList.converterToCOSArray(List),10
org.apache.pdfbox.pdmodel.encryption.AccessPermission.getPermissionBytesForPublicKey(),"org.apache.pdfbox.pdmodel.encryption.AccessPermission.setPermissionBit(int, boolean)",345
org.apache.pdfbox.pdmodel.encryption.AccessPermission.isOwnerPermission(),org.apache.pdfbox.pdmodel.encryption.AccessPermission.canAssembleDocument(),14
org.apache.pdfbox.pdmodel.encryption.AccessPermission.isOwnerPermission(),org.apache.pdfbox.pdmodel.encryption.AccessPermission.canExtractContent(),12
org.apache.pdfbox.pdmodel.encryption.AccessPermission.isOwnerPermission(),org.apache.pdfbox.pdmodel.encryption.AccessPermission.canExtractForAccessibility(),11
org.apache.pdfbox.pdmodel.encryption.AccessPermission.isOwnerPermission(),org.apache.pdfbox.pdmodel.encryption.AccessPermission.canFillInForm(),10
org.apache.pdfbox.pdmodel.encryption.AccessPermission.isOwnerPermission(),org.apache.pdfbox.pdmodel.encryption.AccessPermission.canModify(),9
org.apache.pdfbox.pdmodel.encryption.AccessPermission.isOwnerPermission(),org.apache.pdfbox.pdmodel.encryption.AccessPermission.canModifyAnnotations(),8
org.apache.pdfbox.pdmodel.encryption.AccessPermission.isOwnerPermission(),org.apache.pdfbox.pdmodel.encryption.AccessPermission.canPrint(),7
org.apache.pdfbox.pdmodel.encryption.AccessPermission.isOwnerPermission(),org.apache.pdfbox.pdmodel.encryption.AccessPermission.canPrintDegraded(),6
"org.apache.pdfbox.pdmodel.PDDocument.load(InputStream, String, InputStream, String)","org.apache.pdfbox.pdmodel.PDDocument.load(InputStream, String, InputStream, String, MemoryUsageSetting)",1
"org.apache.pdfbox.pdmodel.PDDocument.load(InputStream, String, InputStream, String)",org.apache.pdfbox.io.MemoryUsageSetting.setupMainMemoryOnly(),1
org.apache.pdfbox.pdmodel.documentinterchange.taggedpdf.PDTableAttributeObject.getRowSpan(),"org.apache.pdfbox.pdmodel.documentinterchange.taggedpdf.PDStandardAttributeObject.getInteger(String, int)",7
org.apache.pdfbox.pdmodel.documentinterchange.taggedpdf.PDStandardAttributeObject.getColorOrFourColors(String),org.apache.pdfbox.cos.COSArray.size(),2
org.apache.pdfbox.pdmodel.encryption.PublicKeyProtectionPolicy.<init>(),org.apache.pdfbox.pdmodel.encryption.ProtectionPolicy.<init>(),13
org.apache.pdfbox.pdmodel.PDDocument.setDocumentInformation(PDDocumentInformation),"org.apache.pdfbox.cos.COSDictionary.setItem(COSName, COSBase)",1
org.apache.pdfbox.multipdf.Splitter.processPage(PDPage),org.apache.pdfbox.multipdf.Splitter.createNewDocumentIfNecessary(),1
org.apache.pdfbox.multipdf.Splitter.createNewDocumentIfNecessary(),org.apache.pdfbox.multipdf.Splitter.createNewDocument(),1
org.apache.pdfbox.multipdf.Splitter.createNewDocument(),org.apache.pdfbox.pdmodel.PDDocument.<init>(),2
org.apache.pdfbox.multipdf.Splitter.createNewDocumentIfNecessary(),org.apache.pdfbox.multipdf.Splitter.splitAtPage(int),1
org.apache.pdfbox.pdmodel.font.PDFontDescriptor.setMaxWidth(float),"org.apache.pdfbox.cos.COSDictionary.setFloat(COSName, float)",7
org.apache.pdfbox.pdmodel.font.PDFontDescriptor.getCharSet(),org.apache.pdfbox.cos.COSString.getString(),2
org.apache.pdfbox.pdmodel.font.PDFontDescriptor.getFontFamily(),org.apache.pdfbox.cos.COSString.getString(),5
org.apache.pdfbox.pdmodel.font.PDFontDescriptor.getFontFile2(),org.apache.pdfbox.cos.COSDictionary.getDictionaryObject(COSName),30
org.apache.pdfbox.pdmodel.font.PDFontDescriptor.setCIDSet(PDStream),"org.apache.pdfbox.cos.COSDictionary.setItem(COSName, COSObjectable)",10
"org.apache.pdfbox.util.Matrix.multiply(Matrix, Matrix)",org.apache.pdfbox.util.Matrix.<init>(),4
org.apache.pdfbox.pdmodel.interactive.form.PDButton.constructAppearances(),org.apache.pdfbox.pdmodel.interactive.annotation.PDAnnotation.getAppearance(),2
org.apache.pdfbox.pdmodel.interactive.form.PDCheckBox.<init>(PDAcroForm),org.apache.pdfbox.pdmodel.interactive.form.PDButton.<init>(PDAcroForm),20
org.apache.pdfbox.pdmodel.documentinterchange.taggedpdf.PDExportFormatAttributeObject.toString(),org.apache.pdfbox.pdmodel.documentinterchange.taggedpdf.PDExportFormatAttributeObject.getColSpan(),1
org.apache.pdfbox.pdmodel.documentinterchange.taggedpdf.PDExportFormatAttributeObject.getColSpan(),"org.apache.pdfbox.pdmodel.documentinterchange.taggedpdf.PDStandardAttributeObject.getInteger(String, int)",5
org.apache.pdfbox.pdmodel.fdf.FDFAnnotation.setNoRotate(boolean),"org.apache.pdfbox.cos.COSDictionary.setFlag(COSName, int, boolean)",1
org.apache.pdfbox.multipdf.Overlay.overlay(Map),org.apache.pdfbox.multipdf.Overlay.loadPDFs(),11
org.apache.pdfbox.multipdf.Overlay.loadPDFs(),org.apache.pdfbox.multipdf.Overlay.loadPDF(String),10
org.apache.pdfbox.multipdf.Overlay.loadPDF(String),org.apache.pdfbox.pdmodel.PDDocument.load(File),10
org.apache.pdfbox.pdmodel.documentinterchange.logicalstructure.PDStructureTreeRoot.<init>(COSDictionary),org.apache.pdfbox.pdmodel.documentinterchange.logicalstructure.PDStructureNode.<init>(COSDictionary),16
"org.apache.pdfbox.pdmodel.encryption.StandardSecurityHandler.isOwnerPassword(byte[], byte[], byte[], int, byte[], int, int, boolean)",org.apache.pdfbox.pdmodel.encryption.StandardSecurityHandler.truncate127(byte[]),2
org.apache.pdfbox.pdmodel.interactive.measurement.PDRectlinearMeasureDictionary.setChangeYs(PDNumberFormatDictionary[]),org.apache.pdfbox.cos.COSArray.add(COSObjectable),1
org.apache.pdfbox.pdmodel.interactive.measurement.PDRectlinearMeasureDictionary.setChangeYs(PDNumberFormatDictionary[]),org.apache.pdfbox.cos.COSArray.<init>(),2
"org.apache.pdfbox.cos.COSDictionary.getEmbeddedInt(String, COSName, int)",org.apache.pdfbox.cos.COSDictionary.getDictionaryObject(String),40
"org.apache.pdfbox.cos.COSDictionary.getEmbeddedInt(String, COSName, int)","org.apache.pdfbox.cos.COSDictionary.getInt(COSName, int)",3
org.apache.pdfbox.pdmodel.interactive.action.PDPageAdditionalActions.<init>(),org.apache.pdfbox.cos.COSDictionary.<init>(),5
org.apache.pdfbox.pdmodel.interactive.measurement.PDRectlinearMeasureDictionary.<init>(COSDictionary),org.apache.pdfbox.pdmodel.interactive.measurement.PDMeasureDictionary.<init>(COSDictionary),11
"org.apache.pdfbox.pdmodel.PDResources.getColorSpace(COSName, boolean)","org.apache.pdfbox.pdmodel.graphics.color.PDColorSpace.create(COSBase, PDResources, boolean)",5
"org.apache.pdfbox.pdmodel.PDResources.getColorSpace(COSName, boolean)","org.apache.pdfbox.pdmodel.PDResources.getIndirect(COSName, COSName)",5
"org.apache.pdfbox.pdmodel.PDResources.getColorSpace(COSName, boolean)","org.apache.pdfbox.pdmodel.PDResources.get(COSName, COSName)",5
org.apache.pdfbox.pdfparser.COSParser.rebuildTrailer(),org.apache.pdfbox.pdfparser.COSParser.bfSearchForObjects(),1
"org.apache.pdfbox.pdmodel.encryption.StandardSecurityHandler.isOwnerPassword(byte[], byte[], byte[], int, byte[], int, int, boolean)","org.apache.pdfbox.pdmodel.encryption.StandardSecurityHandler.getUserPassword(byte[], byte[], int, int)",9
"org.apache.pdfbox.pdmodel.encryption.StandardSecurityHandler.isOwnerPassword(byte[], byte[], byte[], int, byte[], int, int, boolean)","org.apache.pdfbox.pdmodel.encryption.StandardSecurityHandler.isUserPassword(byte[], byte[], byte[], int, byte[], int, int, boolean)",3
"org.apache.pdfbox.cos.COSDictionary.getEmbeddedDate(String, String, Calendar)","org.apache.pdfbox.cos.COSDictionary.getEmbeddedDate(String, COSName, Calendar)",6
"org.apache.pdfbox.cos.COSDictionary.getEmbeddedDate(String, COSName, Calendar)",org.apache.pdfbox.cos.COSDictionary.getDictionaryObject(String),28
"org.apache.pdfbox.cos.COSDictionary.getEmbeddedDate(String, String, Calendar)",org.apache.pdfbox.cos.COSName.getPDFName(String),6
"org.apache.pdfbox.cos.COSDictionary.getEmbeddedDate(String, String)","org.apache.pdfbox.cos.COSDictionary.getEmbeddedDate(String, COSName, Calendar)",6
"org.apache.pdfbox.cos.COSDictionary.getEmbeddedDate(String, COSName, Calendar)","org.apache.pdfbox.cos.COSDictionary.getDate(COSName, Calendar)",4
"org.apache.pdfbox.cos.COSDictionary.getEmbeddedDate(String, String)",org.apache.pdfbox.cos.COSName.getPDFName(String),6
"org.apache.pdfbox.cos.COSDictionary.getEmbeddedString(String, COSName, String)","org.apache.pdfbox.cos.COSDictionary.getString(COSName, String)",4
org.apache.pdfbox.io.RandomAccessBuffer.peek(),org.apache.pdfbox.io.RandomAccessBuffer.rewind(int),3
org.apache.pdfbox.io.RandomAccessBuffer.rewind(int),org.apache.pdfbox.io.RandomAccessBuffer.seek(long),15
org.apache.pdfbox.io.RandomAccessBuffer.seek(long),org.apache.pdfbox.io.RandomAccessBuffer.checkClosed(),32
org.apache.pdfbox.io.RandomAccessBuffer.rewind(int),org.apache.pdfbox.io.RandomAccessBuffer.checkClosed(),15
org.apache.pdfbox.io.RandomAccessBuffer.rewind(int),org.apache.pdfbox.io.RandomAccessBuffer.getPosition(),15
org.apache.pdfbox.io.RandomAccessBuffer.peek(),org.apache.pdfbox.io.RandomAccessBuffer.read(),14
org.apache.pdfbox.pdmodel.PDResources.add(PDFont),"org.apache.pdfbox.pdmodel.PDResources.add(COSName, String, COSObjectable)",4
org.apache.pdfbox.io.RandomAccessBuffer.write(int),org.apache.pdfbox.io.RandomAccessBuffer.checkClosed(),12
"org.apache.pdfbox.cos.COSDictionary.getEmbeddedInt(String, COSName)","org.apache.pdfbox.cos.COSDictionary.getEmbeddedInt(String, COSName, int)",18
org.apache.pdfbox.pdmodel.PDDocumentCatalog.setThreads(List),org.apache.pdfbox.pdmodel.common.COSArrayList.converterToCOSArray(List),1
org.apache.pdfbox.pdmodel.PDPage.setThreadBeads(List),"org.apache.pdfbox.cos.COSDictionary.setItem(COSName, COSBase)",6
org.apache.pdfbox.pdmodel.PDPage.setThreadBeads(List),org.apache.pdfbox.pdmodel.common.COSArrayList.converterToCOSArray(List),7
org.apache.pdfbox.pdmodel.PDPage.setTrimBox(PDRectangle),org.apache.pdfbox.cos.COSDictionary.removeItem(COSName),4
org.apache.pdfbox.pdmodel.documentinterchange.taggedpdf.PDExportFormatAttributeObject.toString(),org.apache.pdfbox.pdmodel.documentinterchange.taggedpdf.PDExportFormatAttributeObject.getScope(),1
org.apache.pdfbox.pdmodel.documentinterchange.taggedpdf.PDExportFormatAttributeObject.getScope(),org.apache.pdfbox.pdmodel.documentinterchange.taggedpdf.PDStandardAttributeObject.getName(String),6
org.apache.pdfbox.pdmodel.fdf.FDFAnnotationText.getStateModel(),org.apache.pdfbox.cos.COSDictionary.getString(COSName),3
org.apache.pdfbox.pdmodel.interactive.form.PDCheckBox.check(),org.apache.pdfbox.pdmodel.interactive.form.PDButton.setValue(String),1
org.apache.pdfbox.pdmodel.interactive.form.PDButton.setValue(String),org.apache.pdfbox.pdmodel.interactive.form.PDButton.checkValue(String),6
org.apache.pdfbox.pdmodel.interactive.form.PDButton.checkValue(String),org.apache.pdfbox.pdmodel.interactive.form.PDButton.getOnValues(),10
org.apache.pdfbox.pdmodel.interactive.form.PDButton.checkValue(String),org.apache.pdfbox.pdmodel.interactive.form.PDField.getFullyQualifiedName(),5
org.apache.pdfbox.pdmodel.interactive.form.PDCheckBox.check(),org.apache.pdfbox.pdmodel.interactive.form.PDCheckBox.getOnValue(),2
org.apache.pdfbox.pdmodel.interactive.form.PDCheckBox.getOnValue(),org.apache.pdfbox.pdmodel.interactive.form.PDTerminalField.getWidgets(),4
org.apache.pdfbox.pdmodel.interactive.form.PDCheckBox.getOnValue(),org.apache.pdfbox.pdmodel.interactive.annotation.PDAnnotation.getAppearance(),2
org.apache.pdfbox.pdmodel.interactive.form.PDTerminalField.getWidget(),org.apache.pdfbox.pdmodel.interactive.form.PDTerminalField.getWidgets(),2
org.apache.pdfbox.pdmodel.documentinterchange.logicalstructure.Revisions.getRevisionNumber(int),org.apache.pdfbox.pdmodel.documentinterchange.logicalstructure.Revisions.getRevisionNumbers(),11
"org.apache.pdfbox.pdmodel.PDPageContentStream.<init>(PDDocument, PDPage, boolean, boolean)","org.apache.pdfbox.pdmodel.PDPageContentStream.<init>(PDDocument, PDPage, boolean, boolean, boolean)",1
org.apache.pdfbox.pdmodel.interactive.form.PDTerminalField.importFDF(FDFField),org.apache.pdfbox.pdmodel.interactive.form.PDTerminalField.getWidgets(),2
org.apache.pdfbox.pdmodel.interactive.form.PDTerminalField.getFieldFlags(),org.apache.pdfbox.cos.COSDictionary.getDictionaryObject(COSName),6
org.apache.pdfbox.pdmodel.interactive.form.PDField.importFDF(FDFField),org.apache.pdfbox.pdmodel.fdf.FDFField.getClearFieldFlags(),2
org.apache.pdfbox.pdmodel.fdf.FDFField.getClearFieldFlags(),org.apache.pdfbox.cos.COSDictionary.getDictionaryObject(COSName),9
org.apache.pdfbox.pdmodel.interactive.form.PDTerminalField.importFDF(FDFField),org.apache.pdfbox.pdmodel.fdf.FDFField.getWidgetFieldFlags(),2
org.apache.pdfbox.pdmodel.fdf.FDFField.getWidgetFieldFlags(),org.apache.pdfbox.cos.COSDictionary.getDictionaryObject(String),14
org.apache.pdfbox.pdmodel.interactive.form.PDTerminalField.importFDF(FDFField),org.apache.pdfbox.pdmodel.interactive.annotation.PDAnnotation.getAnnotationFlags(),2
org.apache.pdfbox.pdmodel.interactive.annotation.PDAnnotation.getAnnotationFlags(),"org.apache.pdfbox.cos.COSDictionary.getInt(COSName, int)",4
org.apache.pdfbox.pdmodel.interactive.form.PDTerminalField.importFDF(FDFField),org.apache.pdfbox.pdmodel.fdf.FDFField.getClearWidgetFieldFlags(),2
org.apache.pdfbox.pdmodel.fdf.FDFField.getClearWidgetFieldFlags(),org.apache.pdfbox.cos.COSDictionary.getDictionaryObject(COSName),13
org.apache.pdfbox.pdmodel.interactive.form.PDTerminalField.importFDF(FDFField),org.apache.pdfbox.pdmodel.fdf.FDFField.getSetWidgetFieldFlags(),2
org.apache.pdfbox.pdmodel.fdf.FDFField.getSetWidgetFieldFlags(),org.apache.pdfbox.cos.COSDictionary.getDictionaryObject(COSName),16
org.apache.pdfbox.pdmodel.graphics.color.PDCalRGB.<init>(COSArray),org.apache.pdfbox.pdmodel.graphics.color.PDCIEDictionaryBasedColorSpace.<init>(COSArray),2
org.apache.pdfbox.pdmodel.graphics.color.PDCIEDictionaryBasedColorSpace.<init>(COSArray),org.apache.pdfbox.pdmodel.graphics.color.PDCIEDictionaryBasedColorSpace.getWhitepoint(),6
org.apache.pdfbox.pdmodel.graphics.color.PDCIEDictionaryBasedColorSpace.<init>(COSArray),org.apache.pdfbox.pdmodel.graphics.color.PDCIEDictionaryBasedColorSpace.fillWhitepointCache(PDTristimulus),6
org.apache.pdfbox.pdmodel.graphics.color.PDCIEDictionaryBasedColorSpace.<init>(COSArray),org.apache.pdfbox.cos.COSArray.getObject(int),6
org.apache.pdfbox.pdmodel.graphics.color.PDCIEDictionaryBasedColorSpace.<init>(COSArray),org.apache.pdfbox.pdmodel.graphics.color.PDCIEBasedColorSpace.<init>(),9
org.apache.pdfbox.pdmodel.graphics.color.PDCalRGB.<init>(COSArray),"org.apache.pdfbox.pdmodel.graphics.color.PDColor.<init>(float[], PDColorSpace)",1
org.apache.pdfbox.pdmodel.PDResources.add(PDColorSpace),"org.apache.pdfbox.pdmodel.PDResources.add(COSName, String, COSObjectable)",7
org.apache.pdfbox.pdmodel.documentinterchange.logicalstructure.PDStructureTreeRoot.setRoleMap(Map),org.apache.pdfbox.cos.COSDictionary.<init>(),1
org.apache.pdfbox.pdmodel.graphics.color.PDLab.getInitialColor(),org.apache.pdfbox.pdmodel.graphics.color.PDLab.getARange(),1
org.apache.pdfbox.pdmodel.graphics.color.PDLab.getInitialColor(),org.apache.pdfbox.pdmodel.graphics.color.PDLab.getBRange(),1
org.apache.pdfbox.pdmodel.graphics.color.PDLab.getInitialColor(),org.apache.pdfbox.pdmodel.common.PDRange.getMin(),2
org.apache.pdfbox.pdmodel.graphics.color.PDLab.getInitialColor(),"org.apache.pdfbox.pdmodel.graphics.color.PDColor.<init>(float[], PDColorSpace)",1
"org.apache.pdfbox.cos.COSDictionary.setEmbeddedInt(String, String, int)","org.apache.pdfbox.cos.COSDictionary.setEmbeddedInt(String, COSName, int)",10
"org.apache.pdfbox.cos.COSDictionary.setEmbeddedInt(String, COSName, int)","org.apache.pdfbox.cos.COSDictionary.setInt(COSName, int)",18
"org.apache.pdfbox.cos.COSDictionary.setEmbeddedInt(String, COSName, int)","org.apache.pdfbox.cos.COSDictionary.setItem(String, COSBase)",17
"org.apache.pdfbox.cos.COSDictionary.setEmbeddedInt(String, COSName, int)",org.apache.pdfbox.cos.COSDictionary.getDictionaryObject(String),18
"org.apache.pdfbox.cos.COSDictionary.setEmbeddedInt(String, COSName, int)",org.apache.pdfbox.cos.COSDictionary.<init>(),17
"org.apache.pdfbox.cos.COSDictionary.setEmbeddedInt(String, String, int)",org.apache.pdfbox.cos.COSName.getPDFName(String),10
"org.apache.pdfbox.cos.COSDictionary.getEmbeddedString(String, COSName)","org.apache.pdfbox.cos.COSDictionary.getEmbeddedString(String, COSName, String)",12
"org.apache.pdfbox.cos.COSDictionary.getInt(COSName, COSName)","org.apache.pdfbox.cos.COSDictionary.getInt(COSName, COSName, int)",17
org.apache.pdfbox.pdmodel.PDResources.add(PDImageXObject),"org.apache.pdfbox.pdmodel.PDResources.add(COSName, String, COSObjectable)",9
"org.apache.pdfbox.pdmodel.PDResources.put(COSName, PDShading)","org.apache.pdfbox.pdmodel.PDResources.put(COSName, COSName, COSObjectable)",1
org.apache.pdfbox.pdfparser.BaseParser.readStringNumber(),org.apache.pdfbox.pdfparser.InputStreamSource.unread(int),5
org.apache.pdfbox.pdfparser.InputStreamSource.readFully(int),"org.apache.pdfbox.pdfparser.InputStreamSource.read(byte[], int, int)",1
org.apache.pdfbox.pdmodel.documentinterchange.logicalstructure.PDDefaultAttributeObject.toString(),org.apache.pdfbox.pdmodel.documentinterchange.logicalstructure.PDDefaultAttributeObject.getAttributeNames(),2
org.apache.pdfbox.pdmodel.documentinterchange.logicalstructure.PDDefaultAttributeObject.getAttributeNames(),org.apache.pdfbox.cos.COSDictionary.entrySet(),3
org.apache.pdfbox.pdmodel.documentinterchange.logicalstructure.PDDefaultAttributeObject.toString(),org.apache.pdfbox.pdmodel.documentinterchange.logicalstructure.PDAttributeObject.toString(),3
org.apache.pdfbox.pdmodel.documentinterchange.logicalstructure.PDDefaultAttributeObject.<init>(),org.apache.pdfbox.pdmodel.documentinterchange.logicalstructure.PDAttributeObject.<init>(),10
org.apache.pdfbox.pdmodel.common.COSArrayList.listIterator(int),org.apache.pdfbox.pdmodel.common.COSArrayList.listIterator(int),4
org.apache.pdfbox.pdmodel.common.COSArrayList.remove(int),org.apache.pdfbox.cos.COSArray.remove(int),5
org.apache.pdfbox.pdmodel.fdf.FDFAnnotationSquare.setFringe(PDRectangle),"org.apache.pdfbox.cos.COSDictionary.setItem(COSName, COSObjectable)",2
org.apache.pdfbox.pdmodel.PDDocument.getNumberOfPages(),org.apache.pdfbox.pdmodel.PDDocumentCatalog.getPages(),1
org.apache.pdfbox.pdmodel.PDDocument.getNumberOfPages(),org.apache.pdfbox.pdmodel.PDDocument.getDocumentCatalog(),2
org.apache.pdfbox.pdmodel.PDDocument.getNumberOfPages(),org.apache.pdfbox.pdmodel.PDPageTree.getCount(),1
org.apache.pdfbox.pdmodel.PDPageTree.getCount(),"org.apache.pdfbox.cos.COSDictionary.getInt(COSName, int)",2
org.apache.pdfbox.pdmodel.documentinterchange.prepress.PDBoxStyle.getLineDashPattern(),"org.apache.pdfbox.pdmodel.graphics.PDLineDashPattern.<init>(COSArray, int)",1
"org.apache.pdfbox.pdmodel.graphics.PDLineDashPattern.<init>(COSArray, int)",org.apache.pdfbox.cos.COSArray.toFloatArray(),4
org.apache.pdfbox.pdmodel.documentinterchange.prepress.PDBoxStyle.getLineDashPattern(),"org.apache.pdfbox.cos.COSDictionary.setItem(COSName, COSBase)",1
org.apache.pdfbox.pdmodel.documentinterchange.prepress.PDBoxStyle.getLineDashPattern(),org.apache.pdfbox.cos.COSArray.<init>(),2
org.apache.pdfbox.pdmodel.documentinterchange.prepress.PDBoxStyle.getLineDashPattern(),org.apache.pdfbox.cos.COSArray.add(COSBase),2
org.apache.pdfbox.pdmodel.documentinterchange.prepress.PDBoxStyle.getLineDashPattern(),org.apache.pdfbox.cos.COSDictionary.getDictionaryObject(COSName),1
org.apache.pdfbox.pdmodel.fdf.FDFDictionary.setTarget(String),"org.apache.pdfbox.cos.COSDictionary.setString(COSName, String)",2
org.apache.pdfbox.pdmodel.fdf.FDFDictionary.getTarget(),org.apache.pdfbox.cos.COSDictionary.getString(COSName),3
org.apache.pdfbox.cos.COSDictionary.mergeInto(COSDictionary),org.apache.pdfbox.cos.COSDictionary.getItem(COSName),1
org.apache.pdfbox.cos.COSDictionary.mergeInto(COSDictionary),org.apache.pdfbox.cos.COSDictionary.entrySet(),2
org.apache.pdfbox.pdfparser.PDFStreamParser.parseNextToken(),org.apache.pdfbox.pdfparser.BaseParser.parseCOSString(),3
org.apache.pdfbox.pdfparser.BaseParser.parseCOSHexString(),org.apache.pdfbox.pdfparser.InputStreamSource.read(),13
org.apache.pdfbox.pdfparser.BaseParser.parseCOSString(),org.apache.pdfbox.pdfparser.InputStreamSource.read(),7
org.apache.pdfbox.pdfparser.PDFStreamParser.parseNextToken(),org.apache.pdfbox.pdfparser.InputStreamSource.unread(int),2
org.apache.pdfbox.pdmodel.common.filespecification.PDComplexFileSpecification.setFile(String),"org.apache.pdfbox.cos.COSDictionary.setString(COSName, String)",4
org.apache.pdfbox.pdmodel.common.filespecification.PDComplexFileSpecification.getFile(),org.apache.pdfbox.cos.COSDictionary.getString(COSName),7
org.apache.pdfbox.pdmodel.common.filespecification.PDComplexFileSpecification.<init>(),"org.apache.pdfbox.cos.COSDictionary.setItem(COSName, COSBase)",26
org.apache.pdfbox.pdmodel.common.filespecification.PDComplexFileSpecification.<init>(),org.apache.pdfbox.cos.COSDictionary.<init>(),26
org.apache.pdfbox.pdmodel.common.filespecification.PDComplexFileSpecification.<init>(),org.apache.pdfbox.pdmodel.common.filespecification.PDFileSpecification.<init>(),26
org.apache.pdfbox.pdmodel.fdf.FDFAnnotationSquiggly.<init>(),"org.apache.pdfbox.cos.COSDictionary.setName(COSName, String)",6
org.apache.pdfbox.pdmodel.fdf.FDFAnnotationSquiggly.<init>(),org.apache.pdfbox.pdmodel.fdf.FDFAnnotationTextMarkup.<init>(),6
org.apache.pdfbox.pdmodel.fdf.FDFAnnotation.setHidden(boolean),"org.apache.pdfbox.cos.COSDictionary.setFlag(COSName, int, boolean)",2
org.apache.pdfbox.pdmodel.fdf.FDFAnnotation.setIntent(String),"org.apache.pdfbox.cos.COSDictionary.setName(COSName, String)",2
org.apache.pdfbox.pdmodel.fdf.FDFAnnotation.isNoView(),"org.apache.pdfbox.cos.COSDictionary.getFlag(COSName, int)",6
org.apache.pdfbox.pdmodel.fdf.FDFAnnotationCaret.getFringe(),org.apache.pdfbox.cos.COSDictionary.getDictionaryObject(COSName),4
org.apache.pdfbox.pdmodel.fdf.FDFAnnotationFileAttachment.<init>(COSDictionary),org.apache.pdfbox.pdmodel.fdf.FDFAnnotation.<init>(COSDictionary),6
org.apache.pdfbox.pdmodel.fdf.FDFAnnotationStamp.<init>(COSDictionary),org.apache.pdfbox.pdmodel.fdf.FDFAnnotation.<init>(COSDictionary),5
org.apache.pdfbox.pdmodel.font.PDFontDescriptor.getStemH(),"org.apache.pdfbox.cos.COSDictionary.getFloat(COSName, float)",12
org.apache.pdfbox.pdmodel.graphics.pattern.PDTilingPattern.<init>(COSDictionary),org.apache.pdfbox.pdmodel.graphics.pattern.PDAbstractPattern.<init>(COSDictionary),15
org.apache.pdfbox.cos.COSDocument.setDocumentID(COSArray),"org.apache.pdfbox.cos.COSDictionary.setItem(COSName, COSBase)",2
org.apache.pdfbox.pdmodel.PDResources.getColorSpace(COSName),"org.apache.pdfbox.pdmodel.PDResources.getColorSpace(COSName, boolean)",2
"org.apache.pdfbox.pdmodel.graphics.color.PDColorSpace.create(COSBase, PDResources, boolean)",org.apache.pdfbox.pdmodel.MissingResourceException.<init>(String),3
"org.apache.pdfbox.pdmodel.graphics.color.PDColorSpace.create(COSBase, PDResources, boolean)",org.apache.pdfbox.pdmodel.PDResources.hasColorSpace(COSName),6
org.apache.pdfbox.pdmodel.PDResources.hasColorSpace(COSName),"org.apache.pdfbox.pdmodel.PDResources.get(COSName, COSName)",7
"org.apache.pdfbox.pdmodel.graphics.color.PDColorSpace.create(COSBase, PDResources, boolean)",org.apache.pdfbox.cos.COSName.equals(Object),9
"org.apache.pdfbox.cos.COSDictionary.getInt(String[], int)",org.apache.pdfbox.cos.COSDictionary.getDictionaryObject(String[]),9
"org.apache.pdfbox.cos.COSDictionary.getEmbeddedInt(String, String)","org.apache.pdfbox.cos.COSDictionary.getEmbeddedInt(String, COSName)",10
"org.apache.pdfbox.cos.COSDictionary.getEmbeddedInt(String, String)",org.apache.pdfbox.cos.COSName.getPDFName(String),10
"org.apache.pdfbox.filter.ccitt.TIFFFaxDecoder.decode2D(byte[], byte[], int, int, long)",org.apache.pdfbox.filter.ccitt.TIFFFaxDecoder.readEOL(),9
org.apache.pdfbox.filter.ccitt.TIFFFaxDecoder.readEOL(),org.apache.pdfbox.filter.ccitt.TIFFFaxDecoder.nextNBits(int),10
org.apache.pdfbox.pdmodel.graphics.pattern.PDTilingPattern.<init>(),org.apache.pdfbox.pdmodel.graphics.pattern.PDAbstractPattern.<init>(),22
org.apache.pdfbox.pdmodel.graphics.pattern.PDAbstractPattern.<init>(),"org.apache.pdfbox.cos.COSDictionary.setName(COSName, String)",34
org.apache.pdfbox.pdmodel.graphics.pattern.PDAbstractPattern.<init>(),org.apache.pdfbox.cos.COSDictionary.<init>(),34
org.apache.pdfbox.pdmodel.graphics.pattern.PDTilingPattern.<init>(),"org.apache.pdfbox.cos.COSDictionary.setInt(COSName, int)",22
org.apache.pdfbox.pdmodel.graphics.pattern.PDTilingPattern.setYStep(float),"org.apache.pdfbox.cos.COSDictionary.setFloat(COSName, float)",4
"org.apache.pdfbox.pdmodel.encryption.StandardSecurityHandler.isOwnerPassword(String, byte[], byte[], int, byte[], int, int, boolean)","org.apache.pdfbox.pdmodel.encryption.StandardSecurityHandler.isOwnerPassword(byte[], byte[], byte[], int, byte[], int, int, boolean)",3
org.apache.pdfbox.pdmodel.interactive.action.PDActionLaunch.getFile(),org.apache.pdfbox.pdmodel.common.filespecification.PDFileSpecification.createFS(COSBase),2
org.apache.pdfbox.pdmodel.common.filespecification.PDFileSpecification.createFS(COSBase),org.apache.pdfbox.pdmodel.common.filespecification.PDSimpleFileSpecification.<init>(COSString),2
org.apache.pdfbox.pdmodel.common.filespecification.PDSimpleFileSpecification.<init>(COSString),org.apache.pdfbox.pdmodel.common.filespecification.PDFileSpecification.<init>(),6
org.apache.pdfbox.pdmodel.interactive.action.PDActionLaunch.getFile(),org.apache.pdfbox.cos.COSDictionary.getDictionaryObject(COSName),2
org.apache.pdfbox.pdmodel.interactive.action.PDActionLaunch.setF(String),"org.apache.pdfbox.cos.COSDictionary.setString(COSName, String)",3
org.apache.pdfbox.pdmodel.graphics.color.PDTristimulus.setZ(float),org.apache.pdfbox.cos.COSFloat.<init>(float),5
org.apache.pdfbox.pdmodel.graphics.color.PDTristimulus.setZ(float),"org.apache.pdfbox.cos.COSArray.set(int, COSBase)",3
org.apache.pdfbox.pdmodel.graphics.color.PDTristimulus.<init>(float[]),org.apache.pdfbox.cos.COSFloat.<init>(float),23
org.apache.pdfbox.pdmodel.graphics.color.PDTristimulus.<init>(float[]),org.apache.pdfbox.cos.COSArray.add(COSBase),22
org.apache.pdfbox.pdmodel.graphics.color.PDTristimulus.<init>(float[]),org.apache.pdfbox.cos.COSArray.<init>(),14
"org.apache.pdfbox.filter.ccitt.TIFFFaxDecoder.decodeT6(byte[], byte[], int, int, long, boolean)",org.apache.pdfbox.filter.ccitt.TIFFFaxDecoder.decodeBlackCodeWord(),3
org.apache.pdfbox.filter.ccitt.TIFFFaxDecoder.decodeBlackCodeWord(),org.apache.pdfbox.filter.ccitt.TIFFFaxDecoder.nextLesserThan8Bits(int),3
org.apache.pdfbox.filter.ccitt.TIFFFaxDecoder.decodeBlackCodeWord(),org.apache.pdfbox.filter.ccitt.TIFFFaxDecoder.nextNBits(int),1
"org.apache.pdfbox.filter.ccitt.TIFFFaxDecoder.decodeT6(byte[], byte[], int, int, long, boolean)",org.apache.pdfbox.filter.ccitt.TIFFFaxDecoder.decodeWhiteCodeWord(),3
org.apache.pdfbox.filter.ccitt.TIFFFaxDecoder.decodeWhiteCodeWord(),org.apache.pdfbox.filter.ccitt.TIFFFaxDecoder.nextNBits(int),3
org.apache.pdfbox.filter.ccitt.TIFFFaxDecoder.decodeWhiteCodeWord(),org.apache.pdfbox.filter.ccitt.TIFFFaxDecoder.updatePointer(int),3
"org.apache.pdfbox.filter.ccitt.TIFFFaxDecoder.decodeT6(byte[], byte[], int, int, long, boolean)",org.apache.pdfbox.filter.ccitt.TIFFFaxDecoder.updatePointer(int),18
org.apache.pdfbox.pdmodel.fdf.FDFField.setSetWidgetFieldFlags(int),"org.apache.pdfbox.cos.COSDictionary.setInt(COSName, int)",8
org.apache.pdfbox.pdmodel.fdf.FDFField.setClearFieldFlags(Integer),"org.apache.pdfbox.cos.COSDictionary.setItem(COSName, COSBase)",8
org.apache.pdfbox.pdmodel.fdf.FDFField.setClearFieldFlags(Integer),org.apache.pdfbox.cos.COSInteger.get(long),6
org.apache.pdfbox.pdmodel.fdf.FDFField.getPartialFieldName(),org.apache.pdfbox.cos.COSDictionary.getString(COSName),10
org.apache.pdfbox.pdmodel.fdf.FDFField.getAction(),org.apache.pdfbox.cos.COSDictionary.getDictionaryObject(COSName),17
org.apache.pdfbox.pdmodel.fdf.FDFField.getAction(),org.apache.pdfbox.pdmodel.interactive.action.PDActionFactory.createAction(COSDictionary),17
org.apache.pdfbox.pdmodel.fdf.FDFField.getRichText(),org.apache.pdfbox.cos.COSDictionary.getDictionaryObject(COSName),15
org.apache.pdfbox.pdmodel.fdf.FDFField.getValue(),org.apache.pdfbox.cos.COSDictionary.getDictionaryObject(COSName),11
org.apache.pdfbox.pdmodel.fdf.FDFField.setKids(List),"org.apache.pdfbox.cos.COSDictionary.setItem(COSName, COSBase)",11
org.apache.pdfbox.pdmodel.fdf.FDFField.setKids(List),org.apache.pdfbox.pdmodel.common.COSArrayList.converterToCOSArray(List),12
org.apache.pdfbox.pdmodel.fdf.FDFField.getIconFit(),org.apache.pdfbox.cos.COSDictionary.getDictionaryObject(COSName),13
org.apache.pdfbox.pdmodel.fdf.FDFField.getOptions(),org.apache.pdfbox.cos.COSDictionary.getDictionaryObject(COSName),18
org.apache.pdfbox.pdmodel.fdf.FDFField.getKids(),org.apache.pdfbox.cos.COSDictionary.getDictionaryObject(COSName),20
org.apache.pdfbox.pdmodel.fdf.FDFField.setAdditionalActions(PDAdditionalActions),"org.apache.pdfbox.cos.COSDictionary.setItem(COSName, COSObjectable)",3
org.apache.pdfbox.pdmodel.fdf.FDFField.setClearWidgetFieldFlags(int),"org.apache.pdfbox.cos.COSDictionary.setInt(COSName, int)",10
org.apache.pdfbox.pdmodel.fdf.FDFField.setWidgetFieldFlags(Integer),"org.apache.pdfbox.cos.COSDictionary.setItem(COSName, COSBase)",11
org.apache.pdfbox.pdmodel.fdf.FDFField.getAppearanceDictionary(),org.apache.pdfbox.cos.COSDictionary.getDictionaryObject(COSName),12
org.apache.pdfbox.pdmodel.fdf.FDFField.getAppearanceStreamReference(),org.apache.pdfbox.cos.COSDictionary.getDictionaryObject(COSName),15
org.apache.pdfbox.pdmodel.fdf.FDFField.setAppearanceDictionary(PDAppearanceDictionary),"org.apache.pdfbox.cos.COSDictionary.setItem(COSName, COSObjectable)",8
org.apache.pdfbox.pdmodel.fdf.FDFField.setClearWidgetFieldFlags(Integer),"org.apache.pdfbox.cos.COSDictionary.setItem(COSName, COSBase)",12
org.apache.pdfbox.pdmodel.fdf.FDFField.setClearWidgetFieldFlags(Integer),org.apache.pdfbox.cos.COSInteger.get(long),7
org.apache.pdfbox.pdmodel.fdf.FDFField.setIconFit(FDFIconFit),"org.apache.pdfbox.cos.COSDictionary.setItem(COSName, COSObjectable)",6
org.apache.pdfbox.pdmodel.fdf.FDFField.setSetWidgetFieldFlags(Integer),"org.apache.pdfbox.cos.COSDictionary.setItem(COSName, COSBase)",7
org.apache.pdfbox.pdmodel.fdf.FDFField.setSetWidgetFieldFlags(Integer),org.apache.pdfbox.cos.COSInteger.get(long),5
org.apache.pdfbox.pdmodel.font.PDFontDescriptor.isAllCap(),org.apache.pdfbox.pdmodel.font.PDFontDescriptor.isFlagBitOn(int),15
org.apache.pdfbox.util.Matrix.<init>(COSArray),org.apache.pdfbox.cos.COSFloat.floatValue(),6
org.apache.pdfbox.util.Matrix.<init>(COSArray),org.apache.pdfbox.cos.COSArray.get(int),6
org.apache.pdfbox.cos.COSDictionary.toString(),org.apache.pdfbox.cos.COSName.toString(),3
org.apache.pdfbox.cos.COSDictionary.toString(),org.apache.pdfbox.cos.COSDictionary.getDictionaryObject(COSName),26
"org.apache.pdfbox.cos.COSDictionary.getEmbeddedDate(String, COSName)","org.apache.pdfbox.cos.COSDictionary.getEmbeddedDate(String, COSName, Calendar)",10
org.apache.pdfbox.pdmodel.common.PDRectangle.toString(),org.apache.pdfbox.pdmodel.common.PDRectangle.getLowerLeftX(),1
org.apache.pdfbox.pdmodel.common.PDRectangle.toString(),org.apache.pdfbox.pdmodel.common.PDRectangle.getLowerLeftY(),1
org.apache.pdfbox.pdmodel.common.PDRectangle.toString(),org.apache.pdfbox.pdmodel.common.PDRectangle.getUpperRightX(),1
org.apache.pdfbox.pdmodel.common.PDRectangle.toString(),org.apache.pdfbox.pdmodel.common.PDRectangle.getUpperRightY(),1
org.apache.pdfbox.pdmodel.interactive.form.PDTextField.<init>(PDAcroForm),org.apache.pdfbox.pdmodel.interactive.form.PDVariableText.<init>(PDAcroForm),44
org.apache.pdfbox.pdmodel.interactive.form.PDTextField.<init>(PDAcroForm),"org.apache.pdfbox.cos.COSDictionary.setItem(COSName, COSBase)",44
org.apache.pdfbox.pdmodel.interactive.form.PDTextField.setDoNotScroll(boolean),"org.apache.pdfbox.cos.COSDictionary.setFlag(COSName, int, boolean)",1
"org.apache.pdfbox.pdmodel.PDPage.setTransition(PDTransition, float)",org.apache.pdfbox.cos.COSFloat.<init>(float),3
"org.apache.pdfbox.pdmodel.PDPage.setTransition(PDTransition, float)","org.apache.pdfbox.cos.COSDictionary.setItem(COSName, COSObjectable)",3
org.apache.pdfbox.pdmodel.PDPage.setMediaBox(PDRectangle),org.apache.pdfbox.cos.COSDictionary.removeItem(COSName),5
org.apache.pdfbox.pdmodel.fdf.FDFAnnotationText.setState(String),"org.apache.pdfbox.cos.COSDictionary.setString(COSName, String)",3
org.apache.pdfbox.pdmodel.fdf.FDFAnnotationLine.setStartPointEndingStyle(String),org.apache.pdfbox.cos.COSArray.<init>(),6
org.apache.pdfbox.pdmodel.fdf.FDFAnnotationLine.setStartPointEndingStyle(String),org.apache.pdfbox.cos.COSArray.add(COSBase),12
org.apache.pdfbox.pdmodel.fdf.FDFAnnotationLine.setStartPointEndingStyle(String),"org.apache.pdfbox.cos.COSDictionary.setItem(COSName, COSBase)",6
org.apache.pdfbox.pdmodel.fdf.FDFAnnotationLine.setStartPointEndingStyle(String),org.apache.pdfbox.cos.COSDictionary.getDictionaryObject(COSName),7
org.apache.pdfbox.pdmodel.fdf.FDFAnnotationLine.setStartPointEndingStyle(String),org.apache.pdfbox.cos.COSName.getPDFName(String),12
org.apache.pdfbox.pdmodel.fdf.FDFAnnotation.isReadOnly(),"org.apache.pdfbox.cos.COSDictionary.getFlag(COSName, int)",4
org.apache.pdfbox.pdmodel.fdf.FDFAnnotationFreeText.setFringe(PDRectangle),"org.apache.pdfbox.cos.COSDictionary.setItem(COSName, COSObjectable)",5
org.apache.pdfbox.pdmodel.fdf.FDFAnnotation.isHidden(),"org.apache.pdfbox.cos.COSDictionary.getFlag(COSName, int)",1
org.apache.pdfbox.pdmodel.fdf.FDFAnnotationFreeText.getFringe(),org.apache.pdfbox.cos.COSDictionary.getDictionaryObject(COSName),5
org.apache.pdfbox.pdmodel.graphics.color.PDDeviceN.toString(),org.apache.pdfbox.pdmodel.graphics.color.PDDeviceN.getColorantNames(),1
org.apache.pdfbox.pdmodel.graphics.color.PDDeviceN.getColorantNames(),org.apache.pdfbox.cos.COSArray.getObject(int),4
org.apache.pdfbox.pdmodel.graphics.color.PDDeviceN.getColorantNames(),org.apache.pdfbox.pdmodel.common.COSArrayList.convertCOSNameCOSArrayToList(COSArray),4
org.apache.pdfbox.pdmodel.graphics.color.PDDeviceN.toString(),org.apache.pdfbox.pdmodel.graphics.color.PDDeviceN.getName(),1
org.apache.pdfbox.pdmodel.graphics.color.PDDeviceN.<init>(),org.apache.pdfbox.cos.COSArray.<init>(),25
org.apache.pdfbox.pdmodel.graphics.color.PDDeviceN.<init>(),org.apache.pdfbox.cos.COSArray.add(COSBase),100
org.apache.pdfbox.pdmodel.graphics.color.PDDeviceN.<init>(),org.apache.pdfbox.pdmodel.graphics.color.PDSpecialColorSpace.<init>(),25
org.apache.pdfbox.pdmodel.graphics.state.PDExtendedGraphicsState.copyIntoGraphicsState(PDGraphicsState),org.apache.pdfbox.pdmodel.graphics.state.PDExtendedGraphicsState.getNonStrokingAlphaConstant(),1
org.apache.pdfbox.pdmodel.common.function.type4.InstructionSequenceBuilder.token(String),org.apache.pdfbox.pdmodel.common.function.type4.InstructionSequence.addName(String),3
org.apache.pdfbox.pdmodel.interactive.digitalsignature.PDSignature.setContactInfo(String),"org.apache.pdfbox.cos.COSDictionary.setString(COSName, String)",1
org.apache.pdfbox.pdmodel.interactive.digitalsignature.PDSignature.getContactInfo(),org.apache.pdfbox.cos.COSDictionary.getString(COSName),2
org.apache.pdfbox.pdmodel.documentinterchange.taggedpdf.PDListAttributeObject.setListNumbering(String),"org.apache.pdfbox.pdmodel.documentinterchange.taggedpdf.PDStandardAttributeObject.setName(String, String)",7
org.apache.pdfbox.pdmodel.documentinterchange.taggedpdf.PDListAttributeObject.<init>(COSDictionary),org.apache.pdfbox.pdmodel.documentinterchange.taggedpdf.PDStandardAttributeObject.<init>(COSDictionary),6
org.apache.pdfbox.pdmodel.encryption.PDEncryption.setUserEncryptionKey(byte[]),org.apache.pdfbox.cos.COSString.<init>(byte[]),4
org.apache.pdfbox.pdmodel.interactive.annotation.PDAnnotationText.<init>(),org.apache.pdfbox.pdmodel.interactive.annotation.PDAnnotationMarkup.<init>(),22
org.apache.pdfbox.pdmodel.interactive.annotation.PDAnnotationText.<init>(),org.apache.pdfbox.cos.COSName.getPDFName(String),22
org.apache.pdfbox.pdmodel.interactive.annotation.PDAnnotationText.<init>(),"org.apache.pdfbox.cos.COSDictionary.setItem(COSName, COSBase)",22
org.apache.pdfbox.pdmodel.interactive.annotation.PDAnnotationText.setStateModel(String),"org.apache.pdfbox.cos.COSDictionary.setString(COSName, String)",2
org.apache.pdfbox.pdmodel.interactive.annotation.PDAnnotationText.getStateModel(),org.apache.pdfbox.cos.COSDictionary.getString(COSName),3
org.apache.pdfbox.pdmodel.PDDocument.removePage(int),org.apache.pdfbox.pdmodel.PDPageTree.remove(int),1
org.apache.pdfbox.pdmodel.PDPageTree.remove(int),"org.apache.pdfbox.pdmodel.PDPageTree.get(int, COSDictionary, int)",3
org.apache.pdfbox.pdmodel.PDDocument.removePage(int),org.apache.pdfbox.pdmodel.PDDocument.getPages(),2
"org.apache.pdfbox.cos.COSDictionary.getEmbeddedInt(String, String, int)","org.apache.pdfbox.cos.COSDictionary.getEmbeddedInt(String, COSName, int)",13
"org.apache.pdfbox.cos.COSDictionary.getEmbeddedInt(String, String, int)",org.apache.pdfbox.cos.COSName.getPDFName(String),13
org.apache.pdfbox.pdmodel.font.PDFontDescriptor.getXHeight(),"org.apache.pdfbox.cos.COSDictionary.getFloat(COSName, float)",8
org.apache.pdfbox.pdmodel.graphics.shading.PDShadingType3.toPaint(Matrix),"org.apache.pdfbox.pdmodel.graphics.shading.RadialShadingPaint.<init>(PDShadingType3, Matrix)",1
org.apache.pdfbox.pdmodel.interactive.action.PDActionURI.<init>(COSDictionary),org.apache.pdfbox.pdmodel.interactive.action.PDAction.<init>(COSDictionary),8
org.apache.pdfbox.pdmodel.interactive.action.PDActionRemoteGoTo.setS(String),"org.apache.pdfbox.cos.COSDictionary.setName(COSName, String)",2
org.apache.pdfbox.pdmodel.interactive.action.PDActionRemoteGoTo.getS(),org.apache.pdfbox.cos.COSDictionary.getNameAsString(COSName),3
org.apache.pdfbox.pdmodel.interactive.annotation.PDAnnotationSquareCircle.<init>(String),org.apache.pdfbox.pdmodel.interactive.annotation.PDAnnotationSquareCircle.setSubtype(String),22
org.apache.pdfbox.pdmodel.interactive.annotation.PDAnnotationSquareCircle.setSubtype(String),"org.apache.pdfbox.cos.COSDictionary.setName(COSName, String)",23
org.apache.pdfbox.pdmodel.interactive.annotation.PDAnnotationSquareCircle.<init>(String),org.apache.pdfbox.pdmodel.interactive.annotation.PDAnnotationMarkup.<init>(),22
org.apache.pdfbox.pdmodel.interactive.annotation.PDAnnotation.isNoZoom(),"org.apache.pdfbox.cos.COSDictionary.getFlag(COSName, int)",2
org.apache.pdfbox.pdmodel.interactive.annotation.PDAnnotation.setAnnotationFlags(int),"org.apache.pdfbox.cos.COSDictionary.setInt(COSName, int)",3
org.apache.pdfbox.pdmodel.fdf.FDFAnnotationLine.setLine(float[]),org.apache.pdfbox.cos.COSArray.setFloatArray(float[]),3
org.apache.pdfbox.pdmodel.fdf.FDFAnnotationLine.setLine(float[]),"org.apache.pdfbox.cos.COSDictionary.setItem(COSName, COSBase)",2
org.apache.pdfbox.pdmodel.fdf.FDFAnnotationLine.setLine(float[]),org.apache.pdfbox.cos.COSArray.<init>(),3
org.apache.pdfbox.pdmodel.fdf.FDFAnnotationLine.getLine(),org.apache.pdfbox.cos.COSArray.toFloatArray(),2
org.apache.pdfbox.pdmodel.fdf.FDFAnnotationLine.getLine(),org.apache.pdfbox.cos.COSDictionary.getDictionaryObject(COSName),3
org.apache.pdfbox.pdmodel.font.PDFontDescriptor.isSmallCap(),org.apache.pdfbox.pdmodel.font.PDFontDescriptor.isFlagBitOn(int),6
"org.apache.pdfbox.pdmodel.graphics.image.CCITTFactory.createFromRandomAccess(PDDocument, RandomAccess, int)","org.apache.pdfbox.pdmodel.graphics.image.CCITTFactory.createFromRandomAccessImpl(PDDocument, RandomAccess, int)",1
"org.apache.pdfbox.pdmodel.graphics.image.CCITTFactory.createFromRandomAccessImpl(PDDocument, RandomAccess, int)","org.apache.pdfbox.pdmodel.graphics.image.CCITTFactory.extractFromTiff(RandomAccess, OutputStream, COSDictionary, int)",2
"org.apache.pdfbox.pdmodel.graphics.image.CCITTFactory.createFromRandomAccessImpl(PDDocument, RandomAccess, int)",org.apache.pdfbox.cos.COSDictionary.<init>(),2
org.apache.pdfbox.pdmodel.documentinterchange.prepress.PDBoxStyle.setGuideLineColor(PDColor),org.apache.pdfbox.pdmodel.graphics.color.PDColor.toCOSArray(),1
org.apache.pdfbox.pdmodel.documentinterchange.prepress.PDBoxStyle.setGuideLineColor(PDColor),"org.apache.pdfbox.cos.COSDictionary.setItem(COSName, COSBase)",1
org.apache.pdfbox.pdmodel.documentinterchange.prepress.PDBoxStyle.getGuidelineColor(),org.apache.pdfbox.cos.COSArray.toFloatArray(),4
org.apache.pdfbox.pdmodel.documentinterchange.prepress.PDBoxStyle.getGuidelineColor(),"org.apache.pdfbox.cos.COSDictionary.setItem(COSName, COSBase)",3
org.apache.pdfbox.pdmodel.documentinterchange.prepress.PDBoxStyle.getGuidelineColor(),"org.apache.pdfbox.pdmodel.graphics.color.PDColor.<init>(float[], PDColorSpace)",4
org.apache.pdfbox.pdmodel.documentinterchange.prepress.PDBoxStyle.getGuidelineColor(),org.apache.pdfbox.cos.COSArray.<init>(),3
org.apache.pdfbox.pdmodel.documentinterchange.prepress.PDBoxStyle.getGuidelineColor(),org.apache.pdfbox.cos.COSArray.add(COSBase),9
org.apache.pdfbox.pdmodel.documentinterchange.prepress.PDBoxStyle.getGuidelineColor(),org.apache.pdfbox.cos.COSDictionary.getDictionaryObject(COSName),4
org.apache.pdfbox.pdmodel.interactive.annotation.PDAnnotationTextMarkup.<init>(String),org.apache.pdfbox.pdmodel.interactive.annotation.PDAnnotationTextMarkup.setSubtype(String),12
org.apache.pdfbox.pdmodel.interactive.annotation.PDAnnotationTextMarkup.setSubtype(String),"org.apache.pdfbox.cos.COSDictionary.setName(COSName, String)",13
org.apache.pdfbox.pdmodel.interactive.annotation.PDAnnotationTextMarkup.<init>(String),org.apache.pdfbox.pdmodel.interactive.annotation.PDAnnotationTextMarkup.setQuadPoints(float[]),12
org.apache.pdfbox.pdmodel.interactive.annotation.PDAnnotationTextMarkup.setQuadPoints(float[]),org.apache.pdfbox.cos.COSArray.<init>(),14
org.apache.pdfbox.pdmodel.interactive.annotation.PDAnnotationTextMarkup.setQuadPoints(float[]),org.apache.pdfbox.cos.COSArray.setFloatArray(float[]),14
org.apache.pdfbox.pdmodel.interactive.annotation.PDAnnotationTextMarkup.setQuadPoints(float[]),"org.apache.pdfbox.cos.COSDictionary.setItem(COSName, COSBase)",13
org.apache.pdfbox.pdmodel.interactive.annotation.PDAnnotationTextMarkup.<init>(String),org.apache.pdfbox.pdmodel.interactive.annotation.PDAnnotationMarkup.<init>(),12
org.apache.pdfbox.pdmodel.interactive.annotation.PDAnnotationTextMarkup.getSubtype(),org.apache.pdfbox.cos.COSDictionary.getNameAsString(COSName),3
org.apache.pdfbox.pdmodel.interactive.form.PDVariableText.setDefaultStyleString(String),org.apache.pdfbox.cos.COSString.<init>(String),3
org.apache.pdfbox.cos.COSDictionary.toString(),org.apache.pdfbox.cos.COSDictionary.toString(),2
org.apache.pdfbox.cos.COSDictionary.toString(),org.apache.pdfbox.cos.COSInteger.toString(),2
org.apache.pdfbox.pdmodel.fdf.FDFAnnotation.setNoView(boolean),"org.apache.pdfbox.cos.COSDictionary.setFlag(COSName, int, boolean)",3
org.apache.pdfbox.pdmodel.fdf.FDFAnnotationCaret.setSymbol(String),"org.apache.pdfbox.cos.COSDictionary.setString(COSName, String)",4
org.apache.pdfbox.pdmodel.fdf.FDFAnnotationStrikeOut.<init>(),"org.apache.pdfbox.cos.COSDictionary.setName(COSName, String)",2
org.apache.pdfbox.pdmodel.fdf.FDFAnnotationStrikeOut.<init>(),org.apache.pdfbox.pdmodel.fdf.FDFAnnotationTextMarkup.<init>(),2
org.apache.pdfbox.pdmodel.fdf.FDFAnnotationSquare.<init>(COSDictionary),org.apache.pdfbox.pdmodel.fdf.FDFAnnotation.<init>(COSDictionary),8
org.apache.pdfbox.pdmodel.fdf.FDFAnnotationSquare.getFringe(),org.apache.pdfbox.cos.COSDictionary.getDictionaryObject(COSName),3
org.apache.pdfbox.pdmodel.interactive.annotation.PDAnnotationPopup.<init>(),org.apache.pdfbox.pdmodel.interactive.annotation.PDAnnotation.<init>(),5
org.apache.pdfbox.pdmodel.interactive.annotation.PDAnnotationPopup.<init>(),org.apache.pdfbox.cos.COSName.getPDFName(String),5
org.apache.pdfbox.pdmodel.interactive.annotation.PDAnnotationPopup.<init>(),"org.apache.pdfbox.cos.COSDictionary.setItem(COSName, COSBase)",5
org.apache.pdfbox.pdmodel.interactive.annotation.PDAnnotation.setContents(String),"org.apache.pdfbox.cos.COSDictionary.setString(COSName, String)",1
org.apache.pdfbox.pdmodel.interactive.annotation.PDAnnotation.getContents(),org.apache.pdfbox.cos.COSDictionary.getString(COSName),2
org.apache.pdfbox.pdmodel.fdf.FDFAnnotationLine.setCaptionVerticalOffset(float),org.apache.pdfbox.cos.COSArray.setFloatArray(float[]),6
org.apache.pdfbox.pdmodel.fdf.FDFAnnotationLine.setCaptionVerticalOffset(float),org.apache.pdfbox.cos.COSArray.<init>(),6
org.apache.pdfbox.pdmodel.fdf.FDFAnnotationLine.setCaptionVerticalOffset(float),"org.apache.pdfbox.cos.COSDictionary.setItem(COSName, COSBase)",5
org.apache.pdfbox.pdmodel.fdf.FDFAnnotationLine.setCaptionVerticalOffset(float),org.apache.pdfbox.cos.COSDictionary.getDictionaryObject(COSName),7
org.apache.pdfbox.pdmodel.fdf.FDFAnnotationLine.getCaptionVerticalOffset(),org.apache.pdfbox.cos.COSArray.toFloatArray(),3
org.apache.pdfbox.pdmodel.fdf.FDFAnnotationLine.getCaptionVerticalOffset(),org.apache.pdfbox.cos.COSDictionary.getDictionaryObject(COSName),4
org.apache.pdfbox.pdmodel.fdf.FDFJavaScript.setBefore(String),org.apache.pdfbox.cos.COSString.<init>(String),4
org.apache.pdfbox.pdmodel.fdf.FDFJavaScript.setBefore(String),"org.apache.pdfbox.cos.COSDictionary.setItem(COSName, COSBase)",3
org.apache.pdfbox.pdmodel.fdf.FDFJavaScript.getBefore(),org.apache.pdfbox.cos.COSString.getString(),2
org.apache.pdfbox.pdmodel.fdf.FDFJavaScript.getBefore(),org.apache.pdfbox.cos.COSDictionary.getDictionaryObject(COSName),3
org.apache.pdfbox.pdmodel.fdf.FDFJavaScript.<init>(),org.apache.pdfbox.cos.COSDictionary.<init>(),10
"org.apache.pdfbox.printing.PDFPageable.<init>(PDDocument, Orientation, boolean)","org.apache.pdfbox.printing.PDFPageable.<init>(PDDocument, Orientation, boolean, float)",1
org.apache.pdfbox.pdmodel.interactive.form.PDAcroForm.setDefaultAppearance(String),"org.apache.pdfbox.cos.COSDictionary.setString(COSName, String)",1
org.apache.pdfbox.pdmodel.interactive.form.PDAcroForm.getDefaultAppearance(),"org.apache.pdfbox.cos.COSDictionary.getString(COSName, String)",2
org.apache.pdfbox.pdmodel.interactive.annotation.PDAnnotation.getBorder(),org.apache.pdfbox.cos.COSArray.add(COSBase),6
org.apache.pdfbox.pdmodel.interactive.annotation.PDAnnotation.getBorder(),org.apache.pdfbox.cos.COSDictionary.getDictionaryObject(COSName),3
org.apache.pdfbox.pdmodel.interactive.annotation.PDAnnotation.getBorder(),org.apache.pdfbox.cos.COSArray.<init>(),2
org.apache.pdfbox.pdmodel.font.PDFontDescriptor.isItalic(),org.apache.pdfbox.pdmodel.font.PDFontDescriptor.isFlagBitOn(int),12
org.apache.pdfbox.pdmodel.font.PDFontDescriptor.hasMissingWidth(),org.apache.pdfbox.cos.COSDictionary.containsKey(COSName),8
org.apache.pdfbox.pdmodel.encryption.PDEncryption.setUserKey(byte[]),org.apache.pdfbox.cos.COSString.<init>(byte[]),3
org.apache.pdfbox.pdmodel.graphics.PDFontSetting.getFontSize(),org.apache.pdfbox.cos.COSFloat.floatValue(),3
org.apache.pdfbox.pdmodel.graphics.PDFontSetting.getFontSize(),org.apache.pdfbox.cos.COSArray.get(int),3
org.apache.pdfbox.pdmodel.graphics.PDFontSetting.setFontSize(float),org.apache.pdfbox.cos.COSFloat.<init>(float),4
org.apache.pdfbox.pdmodel.graphics.PDFontSetting.setFontSize(float),"org.apache.pdfbox.cos.COSArray.set(int, COSBase)",2
org.apache.pdfbox.pdmodel.interactive.action.PDActionSubmitForm.setFlags(int),"org.apache.pdfbox.cos.COSDictionary.setInt(COSName, int)",2
org.apache.pdfbox.pdmodel.interactive.action.PDActionSubmitForm.getFlags(),"org.apache.pdfbox.cos.COSDictionary.getInt(COSName, int)",3
org.apache.pdfbox.pdfparser.COSParser.parseFDFHeader(),"org.apache.pdfbox.pdfparser.COSParser.parseHeader(String, String)",1
"org.apache.pdfbox.pdmodel.graphics.color.PDColorSpace.create(COSBase, PDResources, boolean)",org.apache.pdfbox.pdmodel.graphics.color.PDSeparation.<init>(COSArray),3
org.apache.pdfbox.pdmodel.graphics.color.PDSeparation.<init>(COSArray),org.apache.pdfbox.pdmodel.graphics.color.PDColorSpace.create(COSBase),3
"org.apache.pdfbox.pdmodel.graphics.color.PDColorSpace.create(COSBase, PDResources, boolean)",org.apache.pdfbox.pdmodel.graphics.color.PDCalGray.<init>(COSArray),1
org.apache.pdfbox.pdmodel.graphics.color.PDCalGray.<init>(COSArray),org.apache.pdfbox.pdmodel.graphics.color.PDCIEDictionaryBasedColorSpace.<init>(COSArray),3
org.apache.pdfbox.pdmodel.graphics.color.PDCalGray.<init>(COSArray),"org.apache.pdfbox.pdmodel.graphics.color.PDColor.<init>(float[], PDColorSpace)",2
org.apache.pdfbox.pdmodel.graphics.color.PDSeparation.<init>(COSArray),org.apache.pdfbox.pdmodel.common.function.PDFunction.create(COSBase),1
org.apache.pdfbox.pdmodel.graphics.color.PDSeparation.<init>(COSArray),org.apache.pdfbox.cos.COSArray.getObject(int),4
org.apache.pdfbox.pdmodel.graphics.color.PDSeparation.<init>(),org.apache.pdfbox.cos.COSArray.<init>(),23
org.apache.pdfbox.pdmodel.graphics.color.PDSeparation.<init>(),org.apache.pdfbox.cos.COSArray.add(COSBase),92
org.apache.pdfbox.pdmodel.graphics.color.PDSeparation.<init>(),org.apache.pdfbox.cos.COSName.getPDFName(String),23
org.apache.pdfbox.pdmodel.graphics.color.PDSeparation.<init>(),"org.apache.pdfbox.pdmodel.graphics.color.PDColor.<init>(float[], PDColorSpace)",23
org.apache.pdfbox.pdmodel.graphics.color.PDSeparation.<init>(),org.apache.pdfbox.pdmodel.graphics.color.PDSpecialColorSpace.<init>(),23
org.apache.pdfbox.pdmodel.graphics.color.PDSeparation.setAlternateColorSpace(PDColorSpace),"org.apache.pdfbox.cos.COSArray.set(int, COSBase)",3
org.apache.pdfbox.cos.COSDictionary.toString(),org.apache.pdfbox.cos.COSString.toString(),3
org.apache.pdfbox.cos.COSString.toString(),org.apache.pdfbox.cos.COSString.getString(),5
org.apache.pdfbox.cos.COSDictionary.toString(),org.apache.pdfbox.cos.COSBoolean.toString(),3
org.apache.pdfbox.pdmodel.documentinterchange.logicalstructure.PDUserAttributeObject.<init>(),org.apache.pdfbox.pdmodel.documentinterchange.logicalstructure.PDAttributeObject.setOwner(String),7
org.apache.pdfbox.pdmodel.documentinterchange.logicalstructure.PDUserAttributeObject.<init>(),org.apache.pdfbox.pdmodel.documentinterchange.logicalstructure.PDAttributeObject.<init>(),7
org.apache.pdfbox.pdmodel.documentinterchange.logicalstructure.PDUserAttributeObject.addUserProperty(PDUserProperty),org.apache.pdfbox.cos.COSDictionary.getDictionaryObject(COSName),1
org.apache.pdfbox.pdmodel.fdf.FDFAnnotationSound.<init>(),"org.apache.pdfbox.cos.COSDictionary.setName(COSName, String)",4
org.apache.pdfbox.pdmodel.fdf.FDFAnnotationSound.<init>(),org.apache.pdfbox.pdmodel.fdf.FDFAnnotation.<init>(),4
org.apache.pdfbox.pdmodel.fdf.FDFAnnotationCircle.<init>(COSDictionary),org.apache.pdfbox.pdmodel.fdf.FDFAnnotation.<init>(COSDictionary),9
org.apache.pdfbox.pdmodel.graphics.color.PDLab.toRGB(float[]),"org.apache.pdfbox.pdmodel.graphics.color.PDCIEDictionaryBasedColorSpace.convXYZtoRGB(float, float, float)",5
org.apache.pdfbox.pdmodel.interactive.documentnavigation.destination.PDPageXYZDestination.<init>(),org.apache.pdfbox.cos.COSArray.growToSize(int),18
org.apache.pdfbox.pdmodel.interactive.documentnavigation.destination.PDPageXYZDestination.<init>(),"org.apache.pdfbox.cos.COSArray.setName(int, String)",18
org.apache.pdfbox.pdmodel.interactive.documentnavigation.destination.PDPageXYZDestination.<init>(),org.apache.pdfbox.pdmodel.interactive.documentnavigation.destination.PDPageDestination.<init>(),18
org.apache.pdfbox.pdmodel.PDDocument.load(InputStream),"org.apache.pdfbox.pdmodel.PDDocument.load(InputStream, String, InputStream, String, MemoryUsageSetting)",1
org.apache.pdfbox.pdmodel.PDDocument.load(InputStream),org.apache.pdfbox.io.MemoryUsageSetting.setupMainMemoryOnly(),1
org.apache.pdfbox.pdmodel.interactive.form.PDRadioButton.setRadiosInUnison(boolean),"org.apache.pdfbox.cos.COSDictionary.setFlag(COSName, int, boolean)",1
org.apache.pdfbox.pdmodel.interactive.form.PDRadioButton.isRadiosInUnison(),"org.apache.pdfbox.cos.COSDictionary.getFlag(COSName, int)",2
org.apache.pdfbox.pdmodel.interactive.measurement.PDRectlinearMeasureDictionary.setCYX(float),"org.apache.pdfbox.cos.COSDictionary.setFloat(String, float)",3
org.apache.pdfbox.cos.COSDictionary.getInt(String),"org.apache.pdfbox.cos.COSDictionary.getInt(COSName, int)",10
org.apache.pdfbox.cos.COSDictionary.getInt(String),org.apache.pdfbox.cos.COSName.getPDFName(String),10
org.apache.pdfbox.pdmodel.interactive.digitalsignature.PDSignature.getContents(InputStream),org.apache.pdfbox.pdmodel.interactive.digitalsignature.PDSignature.getContents(COSFilterInputStream),1
org.apache.pdfbox.pdmodel.interactive.digitalsignature.PDSignature.getContents(InputStream),org.apache.pdfbox.pdmodel.interactive.digitalsignature.PDSignature.getByteRange(),1
org.apache.pdfbox.pdmodel.interactive.digitalsignature.PDSignature.getContents(InputStream),"org.apache.pdfbox.pdmodel.interactive.digitalsignature.COSFilterInputStream.<init>(InputStream, int[])",1
org.apache.pdfbox.io.RandomAccessBuffer.write(int),org.apache.pdfbox.io.RandomAccessBuffer.expandBuffer(),3
org.apache.pdfbox.pdmodel.interactive.annotation.PDAppearanceStream.<init>(COSStream),org.apache.pdfbox.pdmodel.graphics.form.PDFormXObject.<init>(COSStream),1
org.apache.pdfbox.pdmodel.fdf.FDFAnnotationUnderline.<init>(COSDictionary),org.apache.pdfbox.pdmodel.fdf.FDFAnnotationTextMarkup.<init>(COSDictionary),5
org.apache.pdfbox.pdmodel.graphics.shading.PDShadingType1.setMatrix(AffineTransform),org.apache.pdfbox.cos.COSArray.<init>(),1
org.apache.pdfbox.pdmodel.common.function.PDFunctionType0.getSize(),org.apache.pdfbox.pdmodel.common.function.PDFunction.getCOSObject(),3
org.apache.pdfbox.pdmodel.graphics.color.PDCIEDictionaryBasedColorSpace.setBlackPoint(PDTristimulus),"org.apache.pdfbox.cos.COSDictionary.setItem(COSName, COSBase)",2
org.apache.pdfbox.pdmodel.graphics.shading.PDShadingType7.<init>(COSDictionary),org.apache.pdfbox.pdmodel.graphics.shading.PDShadingType6.<init>(COSDictionary),7
org.apache.pdfbox.pdmodel.interactive.annotation.PDAnnotationFileAttachment.<init>(),org.apache.pdfbox.cos.COSName.getPDFName(String),8
org.apache.pdfbox.pdmodel.interactive.annotation.PDAnnotationFileAttachment.<init>(),org.apache.pdfbox.pdmodel.interactive.annotation.PDAnnotationMarkup.<init>(),8
org.apache.pdfbox.pdmodel.interactive.annotation.PDAnnotationFileAttachment.<init>(),"org.apache.pdfbox.cos.COSDictionary.setItem(COSName, COSBase)",8
org.apache.pdfbox.pdmodel.interactive.annotation.PDAnnotationFileAttachment.setAttachementName(String),"org.apache.pdfbox.cos.COSDictionary.setName(String, String)",1
org.apache.pdfbox.pdmodel.interactive.annotation.PDAnnotationFileAttachment.getAttachmentName(),"org.apache.pdfbox.cos.COSDictionary.getNameAsString(String, String)",2
org.apache.pdfbox.pdmodel.documentinterchange.taggedpdf.PDTableAttributeObject.setColSpan(int),"org.apache.pdfbox.pdmodel.documentinterchange.taggedpdf.PDStandardAttributeObject.setInteger(String, int)",7
org.apache.pdfbox.pdmodel.documentinterchange.taggedpdf.PDListAttributeObject.getListNumbering(),"org.apache.pdfbox.pdmodel.documentinterchange.taggedpdf.PDStandardAttributeObject.getName(String, String)",4
org.apache.pdfbox.pdmodel.interactive.annotation.PDAnnotationLine.setCaptionVerticalOffset(float),org.apache.pdfbox.cos.COSArray.setFloatArray(float[]),4
org.apache.pdfbox.pdmodel.interactive.annotation.PDAnnotationLine.setCaptionVerticalOffset(float),"org.apache.pdfbox.cos.COSDictionary.setItem(COSName, COSBase)",4
org.apache.pdfbox.pdmodel.interactive.annotation.PDAnnotationLine.setCaptionVerticalOffset(float),org.apache.pdfbox.cos.COSArray.<init>(),4
org.apache.pdfbox.pdmodel.interactive.annotation.PDAnnotationLine.setCaptionVerticalOffset(float),org.apache.pdfbox.cos.COSDictionary.getDictionaryObject(COSName),5
org.apache.pdfbox.pdmodel.interactive.annotation.PDAnnotationLine.getCaptionVerticalOffset(),org.apache.pdfbox.cos.COSArray.toFloatArray(),2
org.apache.pdfbox.pdmodel.interactive.annotation.PDAnnotationLine.getCaptionVerticalOffset(),org.apache.pdfbox.cos.COSDictionary.getDictionaryObject(COSName),3
org.apache.pdfbox.cos.COSDictionary.getObjectFromPath(String),org.apache.pdfbox.cos.COSDictionary.getDictionaryObject(String),6
"org.apache.pdfbox.pdmodel.graphics.color.PDColorSpace.create(COSBase, PDResources, boolean)",org.apache.pdfbox.pdmodel.graphics.color.PDLab.<init>(COSArray),2
org.apache.pdfbox.pdmodel.graphics.color.PDLab.<init>(COSArray),org.apache.pdfbox.pdmodel.graphics.color.PDCIEDictionaryBasedColorSpace.<init>(COSArray),4
org.apache.pdfbox.pdmodel.fdf.FDFAnnotation.setPrinted(boolean),"org.apache.pdfbox.cos.COSDictionary.setFlag(COSName, int, boolean)",3
org.apache.pdfbox.pdmodel.fdf.FDFAnnotationTextMarkup.setCoords(float[]),org.apache.pdfbox.cos.COSArray.setFloatArray(float[]),4
org.apache.pdfbox.pdmodel.fdf.FDFAnnotationTextMarkup.setCoords(float[]),org.apache.pdfbox.cos.COSArray.<init>(),4
org.apache.pdfbox.pdmodel.fdf.FDFAnnotationTextMarkup.setCoords(float[]),"org.apache.pdfbox.cos.COSDictionary.setItem(COSName, COSBase)",2
org.apache.pdfbox.pdmodel.fdf.FDFAnnotationTextMarkup.getCoords(),org.apache.pdfbox.cos.COSArray.toFloatArray(),2
org.apache.pdfbox.pdmodel.fdf.FDFAnnotationTextMarkup.getCoords(),org.apache.pdfbox.cos.COSDictionary.getItem(COSName),3
org.apache.pdfbox.cos.COSStream.setFilters(COSBase),"org.apache.pdfbox.cos.COSDictionary.setItem(COSName, COSBase)",1
org.apache.pdfbox.filter.IdentityFilter.<init>(),org.apache.pdfbox.filter.Filter.<init>(),2
org.apache.pdfbox.pdfparser.PDFParser.<init>(RandomAccessRead),org.apache.pdfbox.io.ScratchFile.getMainMemoryOnlyInstance(),2
org.apache.pdfbox.pdfparser.PDFParser.<init>(RandomAccessRead),"org.apache.pdfbox.pdfparser.PDFParser.<init>(RandomAccessRead, String, ScratchFile)",2
"org.apache.pdfbox.pdfparser.PDFParser.<init>(RandomAccessRead, String, ScratchFile)","org.apache.pdfbox.pdfparser.PDFParser.<init>(RandomAccessRead, String, InputStream, String, ScratchFile)",6
org.apache.pdfbox.pdmodel.fdf.FDFAnnotation.create(COSDictionary),org.apache.pdfbox.cos.COSDictionary.getNameAsString(COSName),9
org.apache.pdfbox.pdmodel.fdf.FDFAnnotation.create(COSDictionary),org.apache.pdfbox.pdmodel.fdf.FDFAnnotationCircle.<init>(COSDictionary),1
org.apache.pdfbox.text.TextPosition.getYDirAdj(),org.apache.pdfbox.text.TextPosition.getDir(),1
"org.apache.pdfbox.pdmodel.common.PDMetadata.<init>(PDDocument, InputStream)","org.apache.pdfbox.pdmodel.common.PDStream.<init>(PDDocument, InputStream)",1
"org.apache.pdfbox.pdmodel.common.PDStream.<init>(PDDocument, InputStream)","org.apache.pdfbox.pdmodel.common.PDStream.<init>(PDDocument, InputStream, COSBase)",3
org.apache.pdfbox.pdmodel.fdf.FDFAnnotationUnderline.<init>(),"org.apache.pdfbox.cos.COSDictionary.setName(COSName, String)",2
org.apache.pdfbox.pdmodel.fdf.FDFAnnotationUnderline.<init>(),org.apache.pdfbox.pdmodel.fdf.FDFAnnotationTextMarkup.<init>(),2
org.apache.pdfbox.pdmodel.graphics.color.PDJPXColorSpace.<init>(ColorSpace),org.apache.pdfbox.pdmodel.graphics.color.PDColorSpace.<init>(),8
org.apache.pdfbox.pdmodel.graphics.optionalcontent.PDOptionalContentProperties.isGroupEnabled(String),org.apache.pdfbox.pdmodel.graphics.optionalcontent.PDOptionalContentProperties.getD(),3
org.apache.pdfbox.pdmodel.interactive.digitalsignature.PDSignature.setContents(byte[]),org.apache.pdfbox.cos.COSString.<init>(byte[]),2
org.apache.pdfbox.pdmodel.interactive.form.PDComboBox.constructAppearances(),org.apache.pdfbox.pdmodel.interactive.form.AppearanceGeneratorHelper.<init>(PDVariableText),2
org.apache.pdfbox.pdmodel.interactive.form.PDTerminalField.setWidgets(List),org.apache.pdfbox.pdmodel.common.COSArrayList.converterToCOSArray(List),3
org.apache.pdfbox.pdmodel.common.COSArrayList.converterToCOSArray(List),org.apache.pdfbox.cos.COSArray.<init>(),10
org.apache.pdfbox.pdmodel.common.COSArrayList.converterToCOSArray(List),org.apache.pdfbox.cos.COSArray.add(COSBase),3
org.apache.pdfbox.pdmodel.common.COSArrayList.converterToCOSArray(List),org.apache.pdfbox.pdmodel.interactive.annotation.PDAnnotation.getCOSObject(),3
org.apache.pdfbox.pdmodel.interactive.form.PDTerminalField.setWidgets(List),"org.apache.pdfbox.cos.COSDictionary.setItem(COSName, COSBase)",2
org.apache.pdfbox.pdmodel.interactive.form.PDComboBox.<init>(PDAcroForm),org.apache.pdfbox.pdmodel.interactive.form.PDChoice.<init>(PDAcroForm),22
org.apache.pdfbox.pdmodel.interactive.form.PDComboBox.<init>(PDAcroForm),org.apache.pdfbox.pdmodel.interactive.form.PDChoice.setCombo(boolean),22
org.apache.pdfbox.pdmodel.interactive.form.PDChoice.setCombo(boolean),"org.apache.pdfbox.cos.COSDictionary.setFlag(COSName, int, boolean)",23
"org.apache.pdfbox.pdmodel.interactive.form.PDField.findKid(String[], int)",org.apache.pdfbox.cos.COSArray.getObject(int),1
"org.apache.pdfbox.pdmodel.interactive.form.PDField.findKid(String[], int)",org.apache.pdfbox.cos.COSArray.size(),1
"org.apache.pdfbox.pdmodel.interactive.form.PDField.findKid(String[], int)",org.apache.pdfbox.cos.COSDictionary.getDictionaryObject(COSName),2
"org.apache.pdfbox.pdfparser.PDFParser.<init>(RandomAccessRead, String)",org.apache.pdfbox.io.ScratchFile.getMainMemoryOnlyInstance(),1
"org.apache.pdfbox.pdfparser.PDFParser.<init>(RandomAccessRead, String)","org.apache.pdfbox.pdfparser.PDFParser.<init>(RandomAccessRead, String, ScratchFile)",1
"org.apache.pdfbox.cos.COSArray.setString(int, String)",org.apache.pdfbox.cos.COSString.<init>(String),3
"org.apache.pdfbox.cos.COSArray.setString(int, String)","org.apache.pdfbox.cos.COSArray.set(int, COSBase)",6
org.apache.pdfbox.cos.COSArray.indexOfObject(COSBase),org.apache.pdfbox.cos.COSArray.get(int),6
org.apache.pdfbox.cos.COSArray.indexOfObject(COSBase),org.apache.pdfbox.cos.COSArray.size(),9
org.apache.pdfbox.cos.COSArray.getName(int),"org.apache.pdfbox.cos.COSArray.getName(int, String)",31
"org.apache.pdfbox.cos.COSArray.getName(int, String)",org.apache.pdfbox.cos.COSArray.size(),35
"org.apache.pdfbox.filter.ccitt.TIFFFaxDecoder.decodeT6(byte[], byte[], int, int, long, boolean)","org.apache.pdfbox.filter.ccitt.TIFFFaxDecoder.setToBlack(byte[], int, int, int)",3
org.apache.pdfbox.filter.ccitt.TIFFFaxDecoder.decodeBlackCodeWord(),org.apache.pdfbox.filter.ccitt.TIFFFaxDecoder.updatePointer(int),2
org.apache.pdfbox.pdmodel.documentinterchange.taggedpdf.PDArtifactMarkedContent.isLeftAttached(),org.apache.pdfbox.pdmodel.documentinterchange.taggedpdf.PDArtifactMarkedContent.isAttached(String),1
org.apache.pdfbox.pdmodel.fdf.FDFAnnotationFileAttachment.<init>(),org.apache.pdfbox.pdmodel.fdf.FDFAnnotation.<init>(),3
org.apache.pdfbox.pdmodel.fdf.FDFAnnotationFileAttachment.<init>(),"org.apache.pdfbox.cos.COSDictionary.setName(COSName, String)",3
org.apache.pdfbox.pdmodel.fdf.FDFAnnotationSquiggly.<init>(Element),org.apache.pdfbox.pdmodel.fdf.FDFAnnotationTextMarkup.<init>(Element),3
org.apache.pdfbox.pdmodel.fdf.FDFAnnotation.getContents(),org.apache.pdfbox.cos.COSDictionary.getString(COSName),2
org.apache.pdfbox.pdmodel.interactive.action.PDActionJavaScript.<init>(),org.apache.pdfbox.pdmodel.interactive.action.PDAction.<init>(),5
org.apache.pdfbox.pdmodel.interactive.action.PDActionJavaScript.<init>(),org.apache.pdfbox.pdmodel.interactive.action.PDAction.setSubType(String),5
org.apache.pdfbox.pdmodel.interactive.action.PDActionJavaScript.setAction(String),"org.apache.pdfbox.cos.COSDictionary.setString(COSName, String)",4
org.apache.pdfbox.pdmodel.documentinterchange.logicalstructure.Revisions.getObject(int),org.apache.pdfbox.pdmodel.documentinterchange.logicalstructure.Revisions.getObjects(),6
org.apache.pdfbox.pdmodel.encryption.PDEncryption.setOwnerEncryptionKey(byte[]),org.apache.pdfbox.cos.COSString.<init>(byte[]),2
org.apache.pdfbox.pdmodel.PDResources.add(PDFormXObject),"org.apache.pdfbox.pdmodel.PDResources.add(COSName, String, COSObjectable)",3
org.apache.pdfbox.pdmodel.interactive.annotation.PDAnnotationMarkup.getInReplyTo(),org.apache.pdfbox.pdmodel.interactive.annotation.PDAnnotation.createAnnotation(COSBase),1
org.apache.pdfbox.pdmodel.interactive.annotation.PDAnnotation.createAnnotation(COSBase),org.apache.pdfbox.pdmodel.interactive.annotation.PDAnnotationUnknown.<init>(COSDictionary),1
org.apache.pdfbox.pdmodel.interactive.annotation.PDAnnotationUnknown.<init>(COSDictionary),org.apache.pdfbox.pdmodel.interactive.annotation.PDAnnotation.<init>(COSDictionary),2
org.apache.pdfbox.pdmodel.interactive.annotation.PDAnnotation.createAnnotation(COSBase),org.apache.pdfbox.cos.COSDictionary.getNameAsString(COSName),3
org.apache.pdfbox.pdmodel.interactive.annotation.PDAnnotationMarkup.getInReplyTo(),org.apache.pdfbox.cos.COSDictionary.getDictionaryObject(String),2
org.apache.pdfbox.pdmodel.interactive.annotation.PDAnnotationMarkup.setInReplyTo(PDAnnotation),"org.apache.pdfbox.cos.COSDictionary.setItem(String, COSObjectable)",1
"org.apache.pdfbox.cos.COSDictionary.setItem(COSName, COSObjectable)",org.apache.pdfbox.pdmodel.interactive.annotation.PDAnnotation.getCOSObject(),1
org.apache.pdfbox.filter.ASCII85OutputStream.flush(),org.apache.pdfbox.filter.ASCII85OutputStream.write(int),8
org.apache.pdfbox.filter.ASCII85OutputStream.write(int),org.apache.pdfbox.filter.ASCII85OutputStream.transformASCII85(),7
org.apache.pdfbox.filter.ASCII85OutputStream.flush(),org.apache.pdfbox.filter.ASCII85OutputStream.transformASCII85(),4
"org.apache.pdfbox.pdmodel.documentinterchange.logicalstructure.PDStructureNode.insertBefore(PDStructureElement, Object)","org.apache.pdfbox.pdmodel.documentinterchange.logicalstructure.PDStructureNode.insertObjectableBefore(COSObjectable, Object)",5
"org.apache.pdfbox.pdmodel.documentinterchange.logicalstructure.PDStructureNode.insertObjectableBefore(COSObjectable, Object)","org.apache.pdfbox.pdmodel.documentinterchange.logicalstructure.PDStructureNode.insertBefore(COSBase, Object)",6
"org.apache.pdfbox.pdmodel.documentinterchange.logicalstructure.PDStructureNode.insertBefore(COSBase, Object)","org.apache.pdfbox.cos.COSArray.add(int, COSBase)",1
"org.apache.pdfbox.pdmodel.documentinterchange.logicalstructure.PDStructureNode.insertBefore(COSBase, Object)",org.apache.pdfbox.cos.COSArray.indexOfObject(COSBase),1
"org.apache.pdfbox.pdmodel.documentinterchange.logicalstructure.PDStructureNode.insertBefore(COSBase, Object)",org.apache.pdfbox.cos.COSDictionary.getDictionaryObject(COSName),4
"org.apache.pdfbox.pdmodel.documentinterchange.logicalstructure.PDStructureNode.insertObjectableBefore(COSObjectable, Object)",org.apache.pdfbox.pdmodel.documentinterchange.logicalstructure.PDStructureNode.getCOSObject(),6
org.apache.pdfbox.pdmodel.documentinterchange.logicalstructure.PDStructureNode.setKids(List),org.apache.pdfbox.pdmodel.common.COSArrayList.converterToCOSArray(List),6
org.apache.pdfbox.pdmodel.documentinterchange.logicalstructure.PDStructureNode.setKids(List),"org.apache.pdfbox.cos.COSDictionary.setItem(COSName, COSBase)",5
org.apache.pdfbox.pdmodel.documentinterchange.logicalstructure.PDStructureNode.getKids(),org.apache.pdfbox.cos.COSDictionary.getDictionaryObject(COSName),7
org.apache.pdfbox.pdmodel.documentinterchange.logicalstructure.PDStructureNode.getKids(),org.apache.pdfbox.pdmodel.documentinterchange.logicalstructure.PDStructureNode.createObject(COSBase),8
org.apache.pdfbox.pdmodel.fdf.FDFAnnotationLine.setCaption(boolean),"org.apache.pdfbox.cos.COSDictionary.setBoolean(COSName, boolean)",1
org.apache.pdfbox.pdmodel.fdf.FDFAnnotationLine.getCaption(),"org.apache.pdfbox.cos.COSDictionary.getBoolean(COSName, boolean)",2
org.apache.pdfbox.pdmodel.interactive.documentnavigation.outline.PDOutlineItem.findDestinationPage(PDDocument),org.apache.pdfbox.pdmodel.interactive.documentnavigation.outline.PDOutlineItem.getAction(),5
org.apache.pdfbox.pdmodel.interactive.documentnavigation.outline.PDOutlineItem.findDestinationPage(PDDocument),org.apache.pdfbox.pdmodel.interactive.documentnavigation.outline.PDOutlineItem.getDestination(),6
org.apache.pdfbox.pdmodel.interactive.documentnavigation.outline.PDOutlineItem.setDestination(PDPage),org.apache.pdfbox.pdmodel.interactive.documentnavigation.outline.PDOutlineItem.setDestination(PDDestination),4
org.apache.pdfbox.pdmodel.interactive.documentnavigation.outline.PDOutlineItem.setDestination(PDDestination),"org.apache.pdfbox.cos.COSDictionary.setItem(COSName, COSObjectable)",8
org.apache.pdfbox.pdmodel.common.COSArrayList.lastIndexOf(Object),org.apache.pdfbox.pdmodel.common.COSArrayList.indexOf(Object),2
org.apache.pdfbox.pdmodel.common.COSArrayList.indexOf(Object),org.apache.pdfbox.pdmodel.common.COSArrayList.indexOf(Object),1
org.apache.pdfbox.pdmodel.interactive.form.PDVariableText.setDefaultAppearance(String),"org.apache.pdfbox.cos.COSDictionary.setString(COSName, String)",3
"org.apache.pdfbox.contentstream.operator.text.NextLine.process(Operator, List)",org.apache.pdfbox.cos.COSFloat.<init>(float),1
org.apache.pdfbox.pdmodel.fdf.FDFAnnotation.setNoZoom(boolean),"org.apache.pdfbox.cos.COSDictionary.setFlag(COSName, int, boolean)",1
org.apache.pdfbox.pdmodel.graphics.color.PDTristimulus.setY(float),"org.apache.pdfbox.cos.COSArray.set(int, COSBase)",2
org.apache.pdfbox.pdmodel.graphics.color.PDTristimulus.setY(float),org.apache.pdfbox.cos.COSFloat.<init>(float),4
org.apache.pdfbox.pdmodel.graphics.color.PDTristimulus.setX(float),org.apache.pdfbox.cos.COSFloat.<init>(float),4
org.apache.pdfbox.pdmodel.fdf.FDFAnnotationStrikeOut.<init>(COSDictionary),org.apache.pdfbox.pdmodel.fdf.FDFAnnotationTextMarkup.<init>(COSDictionary),3
org.apache.pdfbox.pdmodel.graphics.color.PDGamma.<init>(),org.apache.pdfbox.cos.COSFloat.<init>(float),42
org.apache.pdfbox.pdmodel.graphics.color.PDGamma.<init>(),org.apache.pdfbox.cos.COSArray.<init>(),14
org.apache.pdfbox.pdmodel.graphics.color.PDGamma.<init>(),org.apache.pdfbox.cos.COSArray.add(COSBase),42
org.apache.pdfbox.pdmodel.graphics.color.PDGamma.setG(float),org.apache.pdfbox.cos.COSFloat.<init>(float),4
org.apache.pdfbox.pdmodel.graphics.color.PDGamma.setG(float),"org.apache.pdfbox.cos.COSArray.set(int, COSBase)",2
org.apache.pdfbox.pdmodel.interactive.action.PDActionMovie.<init>(),org.apache.pdfbox.pdmodel.interactive.action.PDAction.<init>(),4
org.apache.pdfbox.pdmodel.interactive.action.PDActionMovie.<init>(),org.apache.pdfbox.pdmodel.interactive.action.PDAction.setSubType(String),4
org.apache.pdfbox.pdmodel.interactive.action.PDActionMovie.<init>(),org.apache.pdfbox.cos.COSDictionary.<init>(),4
org.apache.pdfbox.pdmodel.interactive.action.PDActionMovie.setS(String),"org.apache.pdfbox.cos.COSDictionary.setName(COSName, String)",2
org.apache.pdfbox.pdmodel.interactive.action.PDActionMovie.getS(),org.apache.pdfbox.cos.COSDictionary.getNameAsString(COSName),3
org.apache.pdfbox.pdmodel.documentinterchange.logicalstructure.PDStructureElement.setElementIdentifier(String),"org.apache.pdfbox.cos.COSDictionary.setString(COSName, String)",1
org.apache.pdfbox.pdmodel.documentinterchange.logicalstructure.PDStructureElement.getElementIdentifier(),org.apache.pdfbox.cos.COSDictionary.getString(COSName),2
org.apache.pdfbox.pdmodel.encryption.PDEncryption.<init>(COSDictionary),org.apache.pdfbox.pdmodel.encryption.SecurityHandlerFactory.newSecurityHandlerForFilter(String),1
org.apache.pdfbox.pdmodel.encryption.PDEncryption.<init>(COSDictionary),org.apache.pdfbox.pdmodel.encryption.PDEncryption.getFilter(),2
org.apache.pdfbox.pdmodel.encryption.PDEncryption.getFilter(),org.apache.pdfbox.cos.COSDictionary.getNameAsString(COSName),5
org.apache.pdfbox.pdmodel.fdf.FDFField.writeXML(Writer),org.apache.pdfbox.pdmodel.fdf.FDFField.getPartialFieldName(),3
org.apache.pdfbox.pdmodel.fdf.FDFField.setSetFieldFlags(Integer),"org.apache.pdfbox.cos.COSDictionary.setItem(COSName, COSBase)",6
org.apache.pdfbox.pdmodel.fdf.FDFField.setSetFieldFlags(Integer),org.apache.pdfbox.cos.COSInteger.get(long),5
org.apache.pdfbox.pdmodel.graphics.color.PDGamma.setR(float),org.apache.pdfbox.cos.COSFloat.<init>(float),4
org.apache.pdfbox.pdmodel.graphics.color.PDGamma.setR(float),"org.apache.pdfbox.cos.COSArray.set(int, COSBase)",2
"org.apache.pdfbox.pdmodel.PDResources.add(PDXObject, String)","org.apache.pdfbox.pdmodel.PDResources.add(COSName, String, COSObjectable)",2
org.apache.pdfbox.pdfparser.BaseParser.parseBoolean(),org.apache.pdfbox.pdfparser.InputStreamSource.peek(),3
org.apache.pdfbox.pdmodel.interactive.annotation.PDBorderEffectDictionary.getIntensity(),"org.apache.pdfbox.cos.COSDictionary.getFloat(String, float)",3
org.apache.pdfbox.pdmodel.interactive.annotation.PDBorderEffectDictionary.setIntensity(float),"org.apache.pdfbox.cos.COSDictionary.setFloat(String, float)",3
org.apache.pdfbox.pdmodel.documentinterchange.taggedpdf.PDPrintFieldAttributeObject.toString(),org.apache.pdfbox.pdmodel.documentinterchange.logicalstructure.PDAttributeObject.toString(),5
org.apache.pdfbox.pdmodel.documentinterchange.taggedpdf.PDPrintFieldAttributeObject.toString(),org.apache.pdfbox.pdmodel.documentinterchange.taggedpdf.PDStandardAttributeObject.isSpecified(String),12
org.apache.pdfbox.pdmodel.documentinterchange.taggedpdf.PDTableAttributeObject.setScope(String),"org.apache.pdfbox.pdmodel.documentinterchange.taggedpdf.PDStandardAttributeObject.setName(String, String)",5
org.apache.pdfbox.pdmodel.documentinterchange.taggedpdf.PDTableAttributeObject.getColSpan(),"org.apache.pdfbox.pdmodel.documentinterchange.taggedpdf.PDStandardAttributeObject.getInteger(String, int)",6
org.apache.pdfbox.pdmodel.documentinterchange.taggedpdf.PDTableAttributeObject.getScope(),org.apache.pdfbox.pdmodel.documentinterchange.taggedpdf.PDStandardAttributeObject.getName(String),6
org.apache.pdfbox.pdmodel.font.PDCIDSystemInfo.getRegistry(),org.apache.pdfbox.cos.COSDictionary.getNameAsString(COSName),4
"org.apache.pdfbox.pdmodel.encryption.SecurityHandler.encryptDataRC4(byte[], byte[], OutputStream)","org.apache.pdfbox.pdmodel.encryption.RC4Cipher.write(byte[], OutputStream)",2
"org.apache.pdfbox.pdmodel.encryption.RC4Cipher.write(byte[], OutputStream)","org.apache.pdfbox.pdmodel.encryption.RC4Cipher.write(byte, OutputStream)",3
org.apache.pdfbox.pdmodel.graphics.color.PDCIEBasedColorSpace.toString(),org.apache.pdfbox.pdmodel.graphics.color.PDCalRGB.getName(),1
org.apache.pdfbox.pdmodel.interactive.digitalsignature.PDSignature.getSignedContent(byte[]),org.apache.pdfbox.pdmodel.interactive.digitalsignature.COSFilterInputStream.toByteArray(),2
org.apache.pdfbox.pdmodel.interactive.digitalsignature.COSFilterInputStream.toByteArray(),org.apache.pdfbox.pdmodel.interactive.digitalsignature.COSFilterInputStream.read(byte[]),8
org.apache.pdfbox.pdmodel.interactive.digitalsignature.PDSignature.getSignedContent(byte[]),org.apache.pdfbox.pdmodel.interactive.digitalsignature.PDSignature.getByteRange(),3
org.apache.pdfbox.pdmodel.interactive.digitalsignature.PDSignature.getSignedContent(byte[]),"org.apache.pdfbox.pdmodel.interactive.digitalsignature.COSFilterInputStream.<init>(byte[], int[])",2
org.apache.pdfbox.pdmodel.interactive.documentnavigation.destination.PDPageXYZDestination.getZoom(),org.apache.pdfbox.cos.COSFloat.floatValue(),2
org.apache.pdfbox.pdmodel.interactive.documentnavigation.destination.PDPageXYZDestination.getZoom(),org.apache.pdfbox.cos.COSArray.getObject(int),3
org.apache.pdfbox.pdmodel.interactive.documentnavigation.destination.PDPageXYZDestination.setZoom(float),org.apache.pdfbox.cos.COSFloat.<init>(float),3
org.apache.pdfbox.pdmodel.interactive.documentnavigation.destination.PDPageXYZDestination.setZoom(float),org.apache.pdfbox.cos.COSArray.growToSize(int),4
org.apache.pdfbox.pdmodel.interactive.documentnavigation.destination.PDPageXYZDestination.setZoom(float),"org.apache.pdfbox.cos.COSArray.set(int, COSBase)",3
"org.apache.pdfbox.cos.COSDictionary.setItem(COSName, COSObjectable)",org.apache.pdfbox.pdmodel.graphics.color.PDDeviceColorSpace.getCOSObject(),5
org.apache.pdfbox.pdmodel.documentinterchange.logicalstructure.PDStructureElement.getClassNames(),"org.apache.pdfbox.pdmodel.documentinterchange.logicalstructure.Revisions.addObject(Object, int)",4
"org.apache.pdfbox.pdmodel.documentinterchange.logicalstructure.Revisions.addObject(Object, int)",org.apache.pdfbox.pdmodel.documentinterchange.logicalstructure.Revisions.getRevisionNumbers(),12
"org.apache.pdfbox.pdmodel.documentinterchange.logicalstructure.Revisions.addObject(Object, int)",org.apache.pdfbox.pdmodel.documentinterchange.logicalstructure.Revisions.getObjects(),12
org.apache.pdfbox.pdmodel.documentinterchange.logicalstructure.PDStructureElement.getClassNames(),"org.apache.pdfbox.pdmodel.documentinterchange.logicalstructure.Revisions.setRevisionNumber(Object, int)",3
"org.apache.pdfbox.pdmodel.documentinterchange.logicalstructure.Revisions.setRevisionNumber(Object, int)",org.apache.pdfbox.pdmodel.documentinterchange.logicalstructure.Revisions.getObjects(),6
"org.apache.pdfbox.pdmodel.documentinterchange.logicalstructure.Revisions.setRevisionNumber(Object, int)",org.apache.pdfbox.pdmodel.documentinterchange.logicalstructure.Revisions.getRevisionNumbers(),4
org.apache.pdfbox.pdmodel.documentinterchange.logicalstructure.PDStructureElement.getClassNames(),org.apache.pdfbox.cos.COSArray.iterator(),3
org.apache.pdfbox.pdmodel.documentinterchange.logicalstructure.PDStructureElement.addClassName(String),org.apache.pdfbox.cos.COSName.getPDFName(String),5
org.apache.pdfbox.pdmodel.documentinterchange.logicalstructure.PDStructureElement.addClassName(String),org.apache.pdfbox.pdmodel.documentinterchange.logicalstructure.PDStructureElement.getRevisionNumber(),5
org.apache.pdfbox.pdmodel.documentinterchange.logicalstructure.PDStructureElement.getRevisionNumber(),"org.apache.pdfbox.cos.COSDictionary.getInt(COSName, int)",12
org.apache.pdfbox.pdmodel.documentinterchange.logicalstructure.PDStructureElement.addClassName(String),org.apache.pdfbox.cos.COSArray.<init>(),4
org.apache.pdfbox.pdmodel.documentinterchange.logicalstructure.PDStructureElement.addClassName(String),org.apache.pdfbox.cos.COSArray.add(COSBase),12
org.apache.pdfbox.pdmodel.documentinterchange.logicalstructure.PDStructureElement.addClassName(String),"org.apache.pdfbox.cos.COSDictionary.setItem(COSName, COSBase)",5
org.apache.pdfbox.pdmodel.documentinterchange.logicalstructure.PDStructureElement.addClassName(String),org.apache.pdfbox.cos.COSInteger.get(long),6
org.apache.pdfbox.pdmodel.documentinterchange.logicalstructure.PDStructureElement.addClassName(String),org.apache.pdfbox.cos.COSDictionary.getDictionaryObject(COSName),5
org.apache.pdfbox.pdmodel.documentinterchange.logicalstructure.PDStructureElement.setClassNames(Revisions),"org.apache.pdfbox.cos.COSDictionary.setName(COSName, String)",2
org.apache.pdfbox.pdmodel.documentinterchange.logicalstructure.PDStructureElement.setClassNames(Revisions),org.apache.pdfbox.pdmodel.documentinterchange.logicalstructure.Revisions.getRevisionNumber(int),4
org.apache.pdfbox.pdmodel.documentinterchange.logicalstructure.PDStructureElement.setClassNames(Revisions),org.apache.pdfbox.pdmodel.documentinterchange.logicalstructure.Revisions.getObject(int),3
org.apache.pdfbox.pdmodel.interactive.form.PDTerminalField.getWidgets(),org.apache.pdfbox.cos.COSArray.getObject(int),1
org.apache.pdfbox.pdmodel.interactive.form.PDTerminalField.getWidgets(),org.apache.pdfbox.cos.COSArray.size(),3
org.apache.pdfbox.pdmodel.documentinterchange.logicalstructure.PDStructureElement.setTitle(String),"org.apache.pdfbox.cos.COSDictionary.setString(COSName, String)",1
org.apache.pdfbox.pdmodel.fdf.FDFJavaScript.setAfter(String),org.apache.pdfbox.cos.COSString.<init>(String),3
org.apache.pdfbox.pdmodel.fdf.FDFJavaScript.setAfter(String),"org.apache.pdfbox.cos.COSDictionary.setItem(COSName, COSBase)",2
org.apache.pdfbox.pdmodel.fdf.FDFJavaScript.getAfter(),org.apache.pdfbox.cos.COSString.getString(),2
org.apache.pdfbox.pdmodel.fdf.FDFJavaScript.getAfter(),org.apache.pdfbox.cos.COSDictionary.getDictionaryObject(COSName),3
org.apache.pdfbox.pdmodel.interactive.annotation.PDAnnotationLine.setCaptionPositioning(String),"org.apache.pdfbox.cos.COSDictionary.setString(COSName, String)",2
org.apache.pdfbox.pdmodel.interactive.annotation.PDAnnotationLine.getCaptionPositioning(),org.apache.pdfbox.cos.COSDictionary.getString(COSName),3
org.apache.pdfbox.pdmodel.interactive.action.PDActionURI.<init>(),org.apache.pdfbox.pdmodel.interactive.action.PDAction.<init>(),11
org.apache.pdfbox.pdmodel.interactive.action.PDActionURI.<init>(),org.apache.pdfbox.pdmodel.interactive.action.PDAction.setSubType(String),11
org.apache.pdfbox.pdmodel.interactive.action.PDActionURI.<init>(),org.apache.pdfbox.cos.COSDictionary.<init>(),11
org.apache.pdfbox.pdmodel.interactive.action.PDActionURI.setS(String),"org.apache.pdfbox.cos.COSDictionary.setName(COSName, String)",3
org.apache.pdfbox.pdmodel.interactive.action.PDAction.getSubType(),org.apache.pdfbox.cos.COSDictionary.getNameAsString(COSName),3
org.apache.pdfbox.pdmodel.interactive.pagenavigation.PDTransition.setFlyScale(float),org.apache.pdfbox.cos.COSFloat.<init>(float),4
org.apache.pdfbox.pdmodel.interactive.pagenavigation.PDTransition.setFlyScale(float),"org.apache.pdfbox.cos.COSDictionary.setItem(COSName, COSBase)",2
org.apache.pdfbox.pdmodel.interactive.pagenavigation.PDTransition.getFlyScale(),"org.apache.pdfbox.cos.COSDictionary.getFloat(COSName, float)",3
org.apache.pdfbox.multipdf.PDFMergerUtility.addSource(String),org.apache.pdfbox.multipdf.PDFMergerUtility.addSource(File),2
org.apache.pdfbox.pdmodel.graphics.color.PDCIEDictionaryBasedColorSpace.setWhitePoint(PDTristimulus),"org.apache.pdfbox.cos.COSDictionary.setItem(COSName, COSBase)",1
org.apache.pdfbox.pdmodel.graphics.color.PDCIEDictionaryBasedColorSpace.setWhitePoint(PDTristimulus),org.apache.pdfbox.pdmodel.graphics.color.PDCIEDictionaryBasedColorSpace.fillWhitepointCache(PDTristimulus),1
org.apache.pdfbox.pdmodel.interactive.form.PDField.toString(),org.apache.pdfbox.pdmodel.interactive.form.PDField.getInheritableAttribute(COSName),1
org.apache.pdfbox.pdmodel.interactive.form.PDField.toString(),org.apache.pdfbox.pdmodel.interactive.form.PDField.getFullyQualifiedName(),1
org.apache.pdfbox.pdmodel.fdf.FDFAnnotationPolyline.setEndPointEndingStyle(String),org.apache.pdfbox.cos.COSArray.add(COSBase),10
org.apache.pdfbox.pdmodel.fdf.FDFAnnotationPolyline.setEndPointEndingStyle(String),"org.apache.pdfbox.cos.COSDictionary.setItem(COSName, COSBase)",5
org.apache.pdfbox.pdmodel.fdf.FDFAnnotationPolyline.setEndPointEndingStyle(String),org.apache.pdfbox.cos.COSName.getPDFName(String),10
org.apache.pdfbox.pdmodel.fdf.FDFAnnotationPolyline.setEndPointEndingStyle(String),org.apache.pdfbox.cos.COSArray.<init>(),5
org.apache.pdfbox.pdmodel.fdf.FDFAnnotationPolyline.setEndPointEndingStyle(String),org.apache.pdfbox.cos.COSDictionary.getDictionaryObject(COSName),6
org.apache.pdfbox.pdmodel.interactive.digitalsignature.PDSignature.getSignedContent(InputStream),org.apache.pdfbox.pdmodel.interactive.digitalsignature.COSFilterInputStream.toByteArray(),1
org.apache.pdfbox.pdmodel.interactive.digitalsignature.PDSignature.getSignedContent(InputStream),org.apache.pdfbox.pdmodel.interactive.digitalsignature.PDSignature.getByteRange(),2
org.apache.pdfbox.pdmodel.interactive.digitalsignature.PDSignature.getSignedContent(InputStream),"org.apache.pdfbox.pdmodel.interactive.digitalsignature.COSFilterInputStream.<init>(InputStream, int[])",1
org.apache.pdfbox.pdmodel.common.filespecification.PDComplexFileSpecification.setFileDescription(String),"org.apache.pdfbox.cos.COSDictionary.setString(COSName, String)",2
org.apache.pdfbox.pdmodel.common.filespecification.PDComplexFileSpecification.getFileDescription(),org.apache.pdfbox.cos.COSDictionary.getString(COSName),3
org.apache.pdfbox.pdmodel.fdf.FDFAnnotationLine.setCaptionVerticalOffset(float),org.apache.pdfbox.cos.COSFloat.<init>(float),1
org.apache.pdfbox.pdmodel.fdf.FDFAnnotationLine.setCaptionVerticalOffset(float),"org.apache.pdfbox.cos.COSArray.set(int, COSBase)",1
org.apache.pdfbox.pdmodel.graphics.pattern.PDTilingPattern.getXStep(),"org.apache.pdfbox.cos.COSDictionary.getFloat(COSName, float)",3
org.apache.pdfbox.pdmodel.graphics.pattern.PDTilingPattern.setXStep(float),"org.apache.pdfbox.cos.COSDictionary.setFloat(COSName, float)",4
org.apache.pdfbox.pdmodel.interactive.form.PDTerminalField.getFieldType(),org.apache.pdfbox.cos.COSDictionary.getNameAsString(COSName),2
"org.apache.pdfbox.pdmodel.PDPage.setTransition(PDTransition, float)","org.apache.pdfbox.cos.COSDictionary.setItem(COSName, COSBase)",2
org.apache.pdfbox.pdmodel.PDPage.setResources(PDResources),org.apache.pdfbox.cos.COSDictionary.removeItem(COSName),3
org.apache.pdfbox.pdmodel.PDPage.setTransition(PDTransition),"org.apache.pdfbox.cos.COSDictionary.setItem(COSName, COSObjectable)",6
org.apache.pdfbox.pdmodel.interactive.action.PDActionThread.<init>(),org.apache.pdfbox.pdmodel.interactive.action.PDAction.<init>(),9
org.apache.pdfbox.pdmodel.interactive.action.PDActionThread.<init>(),org.apache.pdfbox.pdmodel.interactive.action.PDAction.setSubType(String),9
org.apache.pdfbox.pdmodel.common.function.type4.InstructionSequenceBuilder.token(String),org.apache.pdfbox.pdmodel.common.function.type4.InstructionSequence.addProc(InstructionSequence),1
org.apache.pdfbox.pdmodel.common.function.type4.InstructionSequenceBuilder.token(String),org.apache.pdfbox.pdmodel.common.function.type4.InstructionSequence.<init>(),1
org.apache.pdfbox.pdmodel.interactive.documentnavigation.destination.PDPageFitRectangleDestination.<init>(),"org.apache.pdfbox.cos.COSArray.setName(int, String)",24
org.apache.pdfbox.pdmodel.interactive.documentnavigation.destination.PDPageFitRectangleDestination.<init>(),org.apache.pdfbox.cos.COSArray.growToSize(int),24
org.apache.pdfbox.pdmodel.interactive.documentnavigation.destination.PDPageFitRectangleDestination.<init>(),org.apache.pdfbox.pdmodel.interactive.documentnavigation.destination.PDPageDestination.<init>(),24
org.apache.pdfbox.pdmodel.interactive.documentnavigation.destination.PDPageDestination.setPage(PDPage),"org.apache.pdfbox.cos.COSArray.set(int, COSObjectable)",1
org.apache.pdfbox.pdmodel.interactive.action.PDActionLaunch.setP(String),"org.apache.pdfbox.cos.COSDictionary.setString(COSName, String)",2
org.apache.pdfbox.pdmodel.interactive.action.PDActionLaunch.getP(),org.apache.pdfbox.cos.COSDictionary.getString(COSName),3
org.apache.pdfbox.pdfparser.BaseParser.isDigit(),org.apache.pdfbox.pdfparser.InputStreamSource.peek(),1
org.apache.pdfbox.pdmodel.encryption.PDEncryption.getRecipientStringAt(int),org.apache.pdfbox.cos.COSDictionary.getItem(COSName),2
org.apache.pdfbox.pdmodel.documentinterchange.logicalstructure.PDDefaultAttributeObject.<init>(COSDictionary),org.apache.pdfbox.pdmodel.documentinterchange.logicalstructure.PDAttributeObject.<init>(COSDictionary),7
org.apache.pdfbox.pdmodel.interactive.annotation.PDAnnotationLine.setCaptionHorizontalOffset(float),org.apache.pdfbox.cos.COSArray.setFloatArray(float[]),2
org.apache.pdfbox.pdmodel.interactive.annotation.PDAnnotationLine.setCaptionHorizontalOffset(float),org.apache.pdfbox.cos.COSArray.<init>(),2
org.apache.pdfbox.pdmodel.interactive.annotation.PDAnnotationLine.setCaptionHorizontalOffset(float),org.apache.pdfbox.cos.COSDictionary.getDictionaryObject(COSName),3
org.apache.pdfbox.pdmodel.interactive.annotation.PDAnnotationLine.setCaptionHorizontalOffset(float),"org.apache.pdfbox.cos.COSDictionary.setItem(COSName, COSBase)",2
org.apache.pdfbox.pdmodel.interactive.annotation.PDAnnotationLine.getCaptionHorizontalOffset(),org.apache.pdfbox.cos.COSArray.toFloatArray(),2
org.apache.pdfbox.pdmodel.interactive.annotation.PDAnnotationLine.getCaptionHorizontalOffset(),org.apache.pdfbox.cos.COSDictionary.getDictionaryObject(COSName),3
org.apache.pdfbox.pdmodel.common.function.type4.InstructionSequenceBuilder.token(String),org.apache.pdfbox.pdmodel.common.function.type4.InstructionSequence.addInteger(int),1
org.apache.pdfbox.pdmodel.common.function.type4.InstructionSequenceBuilder.token(String),org.apache.pdfbox.pdmodel.common.function.type4.InstructionSequenceBuilder.parseInt(String),1
org.apache.pdfbox.pdmodel.documentinterchange.logicalstructure.PDStructureNode.removeKid(PDStructureElement),org.apache.pdfbox.pdmodel.documentinterchange.logicalstructure.PDStructureNode.removeObjectableKid(COSObjectable),3
org.apache.pdfbox.pdmodel.documentinterchange.logicalstructure.PDStructureNode.removeKid(COSBase),org.apache.pdfbox.cos.COSArray.removeObject(COSBase),1
org.apache.pdfbox.pdmodel.documentinterchange.logicalstructure.PDStructureNode.removeKid(COSBase),org.apache.pdfbox.cos.COSArray.size(),1
org.apache.pdfbox.pdmodel.font.PDCIDSystemInfo.toString(),org.apache.pdfbox.pdmodel.font.PDCIDSystemInfo.getRegistry(),2
org.apache.pdfbox.pdmodel.interactive.documentnavigation.destination.PDNamedDestination.setNamedDestination(String),org.apache.pdfbox.cos.COSString.<init>(String),3
org.apache.pdfbox.pdmodel.interactive.documentnavigation.destination.PDNamedDestination.getNamedDestination(),org.apache.pdfbox.cos.COSString.getString(),2
org.apache.pdfbox.pdmodel.interactive.documentnavigation.destination.PDNamedDestination.<init>(),org.apache.pdfbox.pdmodel.interactive.documentnavigation.destination.PDDestination.<init>(),5
org.apache.pdfbox.pdmodel.interactive.documentnavigation.destination.PDPageFitDestination.<init>(),"org.apache.pdfbox.cos.COSArray.setName(int, String)",7
org.apache.pdfbox.pdmodel.interactive.documentnavigation.destination.PDPageFitDestination.<init>(),org.apache.pdfbox.cos.COSArray.growToSize(int),7
org.apache.pdfbox.pdmodel.interactive.documentnavigation.destination.PDPageFitDestination.<init>(),org.apache.pdfbox.pdmodel.interactive.documentnavigation.destination.PDPageDestination.<init>(),7
org.apache.pdfbox.pdmodel.interactive.documentnavigation.destination.PDPageDestination.getPageNumber(),org.apache.pdfbox.cos.COSArray.getObject(int),3
org.apache.pdfbox.pdmodel.interactive.documentnavigation.destination.PDPageDestination.getPageNumber(),org.apache.pdfbox.cos.COSArray.size(),3
org.apache.pdfbox.pdmodel.interactive.documentnavigation.outline.PDOutlineItem.insertSiblingAfter(PDOutlineItem),org.apache.pdfbox.pdmodel.interactive.documentnavigation.outline.PDOutlineNode.updateParentOpenCountForAddedChild(PDOutlineItem),4
org.apache.pdfbox.pdmodel.interactive.documentnavigation.outline.PDOutlineItem.insertSiblingAfter(PDOutlineItem),org.apache.pdfbox.pdmodel.interactive.documentnavigation.outline.PDOutlineNode.getParent(),5
org.apache.pdfbox.pdmodel.interactive.documentnavigation.outline.PDOutlineItem.insertSiblingAfter(PDOutlineItem),org.apache.pdfbox.pdmodel.interactive.documentnavigation.outline.PDOutlineNode.requireSingleNode(PDOutlineItem),6
org.apache.pdfbox.pdmodel.interactive.documentnavigation.outline.PDOutlineItem.insertSiblingAfter(PDOutlineItem),org.apache.pdfbox.pdmodel.interactive.documentnavigation.outline.PDOutlineNode.setParent(PDOutlineNode),4
org.apache.pdfbox.pdmodel.interactive.documentnavigation.outline.PDOutlineItem.insertSiblingAfter(PDOutlineItem),org.apache.pdfbox.pdmodel.interactive.documentnavigation.outline.PDOutlineItem.getNextSibling(),4
org.apache.pdfbox.pdmodel.interactive.documentnavigation.outline.PDOutlineItem.insertSiblingAfter(PDOutlineItem),org.apache.pdfbox.pdmodel.interactive.documentnavigation.outline.PDOutlineItem.setNextSibling(PDOutlineNode),5
org.apache.pdfbox.pdmodel.interactive.documentnavigation.outline.PDOutlineItem.insertSiblingAfter(PDOutlineItem),org.apache.pdfbox.pdmodel.interactive.documentnavigation.outline.PDOutlineItem.setPreviousSibling(PDOutlineNode),5
org.apache.pdfbox.pdmodel.interactive.documentnavigation.outline.PDOutlineItem.insertSiblingAfter(PDOutlineItem),org.apache.pdfbox.pdmodel.interactive.documentnavigation.outline.PDOutlineNode.setLastChild(PDOutlineNode),1
org.apache.pdfbox.pdmodel.interactive.form.PDNonTerminalField.setValue(String),"org.apache.pdfbox.cos.COSDictionary.setString(COSName, String)",2
org.apache.pdfbox.pdmodel.interactive.form.PDNonTerminalField.getValueAsString(),org.apache.pdfbox.cos.COSString.toString(),1
org.apache.pdfbox.pdmodel.interactive.form.PDNonTerminalField.getValueAsString(),org.apache.pdfbox.cos.COSDictionary.getDictionaryObject(COSName),2
org.apache.pdfbox.pdmodel.common.COSArrayList.remove(Object),org.apache.pdfbox.cos.COSArray.remove(int),2
org.apache.pdfbox.pdmodel.common.COSArrayList.contains(Object),org.apache.pdfbox.pdmodel.common.COSArrayList.contains(Object),3
org.apache.pdfbox.pdmodel.common.COSArrayList.convertStringListToCOSNameCOSArray(List),org.apache.pdfbox.pdmodel.common.COSArrayList.iterator(),16
org.apache.pdfbox.pdmodel.common.COSArrayList.convertStringListToCOSNameCOSArray(List),org.apache.pdfbox.cos.COSArray.<init>(),19
org.apache.pdfbox.pdmodel.common.filespecification.PDSimpleFileSpecification.setFile(String),org.apache.pdfbox.cos.COSString.<init>(String),3
org.apache.pdfbox.pdmodel.common.filespecification.PDSimpleFileSpecification.getFile(),org.apache.pdfbox.cos.COSString.getString(),2
org.apache.pdfbox.pdmodel.graphics.color.PDCalRGB.setGamma(PDGamma),"org.apache.pdfbox.cos.COSDictionary.setItem(COSName, COSBase)",2
org.apache.pdfbox.pdmodel.interactive.annotation.PDAnnotationLine.setCaptionVerticalOffset(float),org.apache.pdfbox.cos.COSFloat.<init>(float),1
org.apache.pdfbox.pdmodel.interactive.annotation.PDAnnotationLine.setCaptionVerticalOffset(float),"org.apache.pdfbox.cos.COSArray.set(int, COSBase)",1
org.apache.pdfbox.pdmodel.interactive.measurement.PDRectlinearMeasureDictionary.setCoordSystemOrigin(float[]),"org.apache.pdfbox.cos.COSDictionary.setItem(String, COSBase)",2
org.apache.pdfbox.pdmodel.interactive.measurement.PDRectlinearMeasureDictionary.getCoordSystemOrigin(),org.apache.pdfbox.cos.COSArray.toFloatArray(),2
org.apache.pdfbox.pdmodel.interactive.measurement.PDRectlinearMeasureDictionary.getCoordSystemOrigin(),org.apache.pdfbox.cos.COSDictionary.getDictionaryObject(String),3
org.apache.pdfbox.cos.COSArray.getString(int),"org.apache.pdfbox.cos.COSArray.getString(int, String)",9
org.apache.pdfbox.pdmodel.documentinterchange.logicalstructure.PDStructureNode.appendKid(PDStructureElement),org.apache.pdfbox.pdmodel.documentinterchange.logicalstructure.PDStructureElement.setParent(PDStructureNode),5
org.apache.pdfbox.pdmodel.documentinterchange.logicalstructure.PDStructureNode.appendKid(PDStructureElement),org.apache.pdfbox.pdmodel.documentinterchange.logicalstructure.PDStructureNode.appendObjectableKid(COSObjectable),5
org.apache.pdfbox.pdmodel.PDDocumentInformation.setTitle(String),"org.apache.pdfbox.cos.COSDictionary.setString(COSName, String)",3
org.apache.pdfbox.pdmodel.PDDocumentInformation.getTitle(),org.apache.pdfbox.cos.COSDictionary.getString(COSName),3
org.apache.pdfbox.pdmodel.PDDocumentInformation.<init>(),org.apache.pdfbox.cos.COSDictionary.<init>(),35
org.apache.pdfbox.pdmodel.interactive.documentnavigation.outline.PDOutlineNode.addFirst(PDOutlineItem),org.apache.pdfbox.pdmodel.interactive.documentnavigation.outline.PDOutlineNode.requireSingleNode(PDOutlineItem),4
org.apache.pdfbox.pdmodel.interactive.measurement.PDRectlinearMeasureDictionary.setChangeXs(PDNumberFormatDictionary[]),org.apache.pdfbox.cos.COSArray.add(COSObjectable),1
org.apache.pdfbox.pdmodel.interactive.measurement.PDRectlinearMeasureDictionary.setChangeXs(PDNumberFormatDictionary[]),org.apache.pdfbox.cos.COSArray.<init>(),2
org.apache.pdfbox.pdmodel.interactive.pagenavigation.PDTransition.getDuration(),"org.apache.pdfbox.cos.COSDictionary.getFloat(COSName, float)",3
org.apache.pdfbox.pdmodel.interactive.pagenavigation.PDTransition.setDuration(float),org.apache.pdfbox.cos.COSFloat.<init>(float),4
org.apache.pdfbox.pdmodel.interactive.pagenavigation.PDTransition.setDuration(float),"org.apache.pdfbox.cos.COSDictionary.setItem(COSName, COSBase)",2
org.apache.pdfbox.contentstream.operator.markedcontent.EndMarkedContentSequence.<init>(),org.apache.pdfbox.contentstream.operator.OperatorProcessor.<init>(),2
org.apache.pdfbox.pdmodel.documentinterchange.taggedpdf.PDTableAttributeObject.toString(),org.apache.pdfbox.pdmodel.documentinterchange.taggedpdf.PDTableAttributeObject.getSummary(),1
org.apache.pdfbox.pdmodel.graphics.pattern.PDTilingPattern.getYStep(),"org.apache.pdfbox.cos.COSDictionary.getFloat(COSName, float)",3
org.apache.pdfbox.pdmodel.PDDocumentCatalog.<init>(PDDocument),"org.apache.pdfbox.cos.COSDictionary.setItem(COSName, COSBase)",1
org.apache.pdfbox.pdmodel.PDDocumentCatalog.<init>(PDDocument),org.apache.pdfbox.cos.COSDictionary.<init>(),1
"org.apache.pdfbox.cos.COSDictionary.getLong(String[], long)",org.apache.pdfbox.cos.COSFloat.longValue(),1
"org.apache.pdfbox.pdmodel.documentinterchange.logicalstructure.PDStructureNode.insertBefore(COSBase, Object)",org.apache.pdfbox.cos.COSArray.<init>(),1
"org.apache.pdfbox.pdmodel.documentinterchange.logicalstructure.PDStructureNode.insertBefore(COSBase, Object)",org.apache.pdfbox.cos.COSArray.add(COSBase),2
"org.apache.pdfbox.pdmodel.documentinterchange.logicalstructure.PDStructureNode.insertBefore(COSBase, Object)","org.apache.pdfbox.cos.COSDictionary.setItem(COSName, COSBase)",1
"org.apache.pdfbox.pdmodel.documentinterchange.logicalstructure.PDStructureNode.insertBefore(COSBase, Object)",org.apache.pdfbox.pdmodel.documentinterchange.logicalstructure.PDStructureNode.getCOSObject(),1
org.apache.pdfbox.pdmodel.documentinterchange.logicalstructure.PDUserProperty.setHidden(boolean),"org.apache.pdfbox.pdmodel.documentinterchange.logicalstructure.PDUserProperty.potentiallyNotifyChanged(Object, Object)",2
"org.apache.pdfbox.pdmodel.documentinterchange.logicalstructure.PDUserProperty.potentiallyNotifyChanged(Object, Object)","org.apache.pdfbox.pdmodel.documentinterchange.logicalstructure.PDUserProperty.isEntryChanged(Object, Object)",6
org.apache.pdfbox.pdmodel.documentinterchange.logicalstructure.PDUserProperty.setHidden(boolean),org.apache.pdfbox.pdmodel.documentinterchange.logicalstructure.PDUserProperty.isHidden(),2
org.apache.pdfbox.pdmodel.documentinterchange.logicalstructure.PDUserProperty.isHidden(),"org.apache.pdfbox.cos.COSDictionary.getBoolean(COSName, boolean)",4
org.apache.pdfbox.pdmodel.documentinterchange.logicalstructure.PDUserProperty.toString(),org.apache.pdfbox.pdmodel.documentinterchange.logicalstructure.PDUserProperty.isHidden(),1
org.apache.pdfbox.pdmodel.documentinterchange.logicalstructure.PDUserProperty.toString(),org.apache.pdfbox.pdmodel.documentinterchange.logicalstructure.PDUserProperty.getFormattedValue(),1
org.apache.pdfbox.pdmodel.documentinterchange.logicalstructure.PDUserProperty.getFormattedValue(),org.apache.pdfbox.cos.COSDictionary.getString(COSName),3
org.apache.pdfbox.pdmodel.documentinterchange.logicalstructure.PDUserProperty.toString(),org.apache.pdfbox.pdmodel.documentinterchange.logicalstructure.PDUserProperty.getName(),2
org.apache.pdfbox.pdmodel.documentinterchange.logicalstructure.PDUserProperty.getName(),org.apache.pdfbox.cos.COSDictionary.getNameAsString(COSName),4
org.apache.pdfbox.pdmodel.documentinterchange.logicalstructure.PDUserProperty.toString(),org.apache.pdfbox.pdmodel.documentinterchange.logicalstructure.PDUserProperty.getValue(),1
org.apache.pdfbox.pdmodel.documentinterchange.logicalstructure.PDUserProperty.getValue(),org.apache.pdfbox.cos.COSDictionary.getDictionaryObject(COSName),3
org.apache.pdfbox.pdmodel.graphics.shading.PDShadingType5.<init>(COSDictionary),org.apache.pdfbox.pdmodel.graphics.shading.PDTriangleBasedShadingType.<init>(COSDictionary),9
org.apache.pdfbox.pdmodel.interactive.annotation.PDBorderStyleDictionary.getDashStyle(),"org.apache.pdfbox.pdmodel.graphics.PDLineDashPattern.<init>(COSArray, int)",3
org.apache.pdfbox.pdmodel.interactive.annotation.PDBorderStyleDictionary.getDashStyle(),"org.apache.pdfbox.cos.COSDictionary.setItem(String, COSBase)",2
org.apache.pdfbox.pdmodel.interactive.annotation.PDBorderStyleDictionary.getDashStyle(),org.apache.pdfbox.cos.COSDictionary.getDictionaryObject(String),3
org.apache.pdfbox.pdmodel.interactive.annotation.PDBorderStyleDictionary.getDashStyle(),org.apache.pdfbox.cos.COSArray.<init>(),2
org.apache.pdfbox.pdmodel.interactive.annotation.PDBorderStyleDictionary.getDashStyle(),org.apache.pdfbox.cos.COSArray.add(COSBase),2
org.apache.pdfbox.pdmodel.interactive.documentnavigation.outline.PDOutlineNode.addFirst(PDOutlineItem),org.apache.pdfbox.pdmodel.interactive.documentnavigation.outline.PDOutlineNode.updateParentOpenCountForAddedChild(PDOutlineItem),2
org.apache.pdfbox.pdmodel.interactive.documentnavigation.outline.PDOutlineNode.getParent(),org.apache.pdfbox.pdmodel.interactive.documentnavigation.outline.PDDocumentOutline.<init>(COSDictionary),3
org.apache.pdfbox.pdmodel.interactive.documentnavigation.outline.PDDocumentOutline.<init>(COSDictionary),"org.apache.pdfbox.cos.COSDictionary.setName(COSName, String)",3
org.apache.pdfbox.pdmodel.interactive.documentnavigation.outline.PDDocumentOutline.<init>(COSDictionary),org.apache.pdfbox.pdmodel.interactive.documentnavigation.outline.PDOutlineNode.<init>(COSDictionary),4
org.apache.pdfbox.pdmodel.interactive.documentnavigation.outline.PDOutlineNode.updateParentOpenCount(int),org.apache.pdfbox.pdmodel.interactive.documentnavigation.outline.PDOutlineNode.updateParentOpenCount(int),2
org.apache.pdfbox.pdmodel.interactive.documentnavigation.outline.PDOutlineNode.addFirst(PDOutlineItem),org.apache.pdfbox.pdmodel.interactive.documentnavigation.outline.PDOutlineNode.prepend(PDOutlineItem),2
org.apache.pdfbox.pdmodel.interactive.documentnavigation.outline.PDOutlineNode.prepend(PDOutlineItem),org.apache.pdfbox.pdmodel.interactive.documentnavigation.outline.PDOutlineNode.hasChildren(),2
org.apache.pdfbox.pdmodel.interactive.documentnavigation.outline.PDOutlineNode.prepend(PDOutlineItem),org.apache.pdfbox.pdmodel.interactive.documentnavigation.outline.PDOutlineItem.setNextSibling(PDOutlineNode),1
org.apache.pdfbox.pdmodel.interactive.documentnavigation.outline.PDOutlineNode.prepend(PDOutlineItem),org.apache.pdfbox.pdmodel.interactive.documentnavigation.outline.PDOutlineItem.setPreviousSibling(PDOutlineNode),1
org.apache.pdfbox.pdmodel.interactive.documentnavigation.outline.PDOutlineNode.prepend(PDOutlineItem),org.apache.pdfbox.pdmodel.interactive.documentnavigation.outline.PDOutlineNode.setParent(PDOutlineNode),2
org.apache.pdfbox.pdmodel.interactive.documentnavigation.outline.PDOutlineNode.prepend(PDOutlineItem),org.apache.pdfbox.pdmodel.interactive.documentnavigation.outline.PDOutlineNode.getFirstChild(),1
org.apache.pdfbox.pdmodel.interactive.documentnavigation.outline.PDOutlineNode.prepend(PDOutlineItem),org.apache.pdfbox.pdmodel.interactive.documentnavigation.outline.PDOutlineNode.setFirstChild(PDOutlineNode),2
org.apache.pdfbox.pdmodel.interactive.measurement.PDRectlinearMeasureDictionary.setAngles(PDNumberFormatDictionary[]),org.apache.pdfbox.cos.COSArray.add(COSObjectable),1
org.apache.pdfbox.pdmodel.interactive.measurement.PDRectlinearMeasureDictionary.setAngles(PDNumberFormatDictionary[]),org.apache.pdfbox.cos.COSArray.<init>(),2
org.apache.pdfbox.pdmodel.fdf.FDFAnnotationSound.<init>(Element),org.apache.pdfbox.pdmodel.fdf.FDFAnnotation.<init>(Element),2
org.apache.pdfbox.pdmodel.PDResources.add(PDExtendedGraphicsState),"org.apache.pdfbox.pdmodel.PDResources.add(COSName, String, COSObjectable)",3
org.apache.pdfbox.pdmodel.common.function.PDFunctionType0.getDecodeForParameter(int),org.apache.pdfbox.pdmodel.common.function.PDFunctionType0.getDecodeValues(),1
org.apache.pdfbox.pdmodel.common.function.PDFunctionType0.getDecodeValues(),org.apache.pdfbox.pdmodel.common.function.PDFunction.getCOSObject(),1
org.apache.pdfbox.pdmodel.graphics.pattern.PDAbstractPattern.create(COSDictionary),"org.apache.pdfbox.cos.COSDictionary.getInt(COSName, int)",3
org.apache.pdfbox.pdmodel.graphics.pattern.PDShadingPattern.<init>(),org.apache.pdfbox.pdmodel.graphics.pattern.PDAbstractPattern.<init>(),12
org.apache.pdfbox.pdmodel.graphics.pattern.PDShadingPattern.<init>(),"org.apache.pdfbox.cos.COSDictionary.setInt(COSName, int)",12
org.apache.pdfbox.pdmodel.graphics.pattern.PDAbstractPattern.setPatternType(int),"org.apache.pdfbox.cos.COSDictionary.setInt(COSName, int)",2
"org.apache.pdfbox.pdmodel.encryption.StandardSecurityHandler.computeUserPassword(byte[], byte[], int, byte[], int, int, boolean)","org.apache.pdfbox.pdmodel.encryption.SecurityHandler.encryptDataRC4(byte[], byte[], OutputStream)",1
org.apache.pdfbox.pdmodel.fdf.FDFAnnotationLine.setCaptionHorizontalOffset(float),org.apache.pdfbox.cos.COSArray.setFloatArray(float[]),2
org.apache.pdfbox.pdmodel.fdf.FDFAnnotationLine.setCaptionHorizontalOffset(float),org.apache.pdfbox.cos.COSArray.<init>(),2
org.apache.pdfbox.pdmodel.fdf.FDFAnnotationLine.setCaptionHorizontalOffset(float),org.apache.pdfbox.cos.COSDictionary.getDictionaryObject(COSName),3
org.apache.pdfbox.pdmodel.fdf.FDFAnnotationLine.setCaptionHorizontalOffset(float),"org.apache.pdfbox.cos.COSDictionary.setItem(COSName, COSBase)",2
org.apache.pdfbox.pdmodel.fdf.FDFAnnotationLine.getCaptionHorizontalOffset(),org.apache.pdfbox.cos.COSArray.toFloatArray(),2
org.apache.pdfbox.pdmodel.fdf.FDFAnnotationLine.getCaptionHorizontalOffset(),org.apache.pdfbox.cos.COSDictionary.getDictionaryObject(COSName),4
org.apache.pdfbox.pdmodel.fdf.FDFField.<init>(Element),org.apache.pdfbox.pdmodel.fdf.FDFField.<init>(),3
org.apache.pdfbox.pdmodel.fdf.FDFField.setFieldFlags(Integer),"org.apache.pdfbox.cos.COSDictionary.setItem(COSName, COSBase)",10
org.apache.pdfbox.pdmodel.fdf.FDFField.setFieldFlags(Integer),org.apache.pdfbox.cos.COSInteger.get(long),8
org.apache.pdfbox.pdmodel.fdf.FDFField.setClearFieldFlags(int),"org.apache.pdfbox.cos.COSDictionary.setInt(COSName, int)",6
org.apache.pdfbox.pdmodel.fdf.FDFField.setAppearanceStreamReference(FDFNamedPageReference),"org.apache.pdfbox.cos.COSDictionary.setItem(COSName, COSObjectable)",3
org.apache.pdfbox.pdmodel.fdf.FDFField.setRichText(COSString),"org.apache.pdfbox.cos.COSDictionary.setItem(COSName, COSBase)",5
org.apache.pdfbox.pdmodel.interactive.annotation.PDAnnotationLine.setCaptionHorizontalOffset(float),org.apache.pdfbox.cos.COSFloat.<init>(float),1
org.apache.pdfbox.pdmodel.interactive.annotation.PDAnnotationLine.setCaptionHorizontalOffset(float),"org.apache.pdfbox.cos.COSArray.set(int, COSBase)",1
org.apache.pdfbox.pdmodel.interactive.annotation.PDAnnotationLine.setLeaderLineLength(float),"org.apache.pdfbox.cos.COSDictionary.setFloat(COSName, float)",2
org.apache.pdfbox.pdmodel.interactive.annotation.PDAnnotationLine.getLeaderLineLength(),org.apache.pdfbox.cos.COSDictionary.getFloat(COSName),3
org.apache.pdfbox.pdmodel.interactive.form.PDVariableText.getDefaultAppearance(),org.apache.pdfbox.cos.COSString.getString(),1
org.apache.pdfbox.pdmodel.interactive.form.PDVariableText.getDefaultAppearance(),org.apache.pdfbox.pdmodel.interactive.form.PDField.getInheritableAttribute(COSName),2
"org.apache.pdfbox.pdmodel.encryption.StandardProtectionPolicy.<init>(String, String, AccessPermission)",org.apache.pdfbox.pdmodel.encryption.ProtectionPolicy.<init>(),10
org.apache.pdfbox.pdmodel.interactive.action.PDActionGoTo.<init>(COSDictionary),org.apache.pdfbox.pdmodel.interactive.action.PDAction.<init>(COSDictionary),2
org.apache.pdfbox.pdmodel.interactive.action.PDActionLaunch.getF(),org.apache.pdfbox.cos.COSDictionary.getString(COSName),3
org.apache.pdfbox.pdmodel.interactive.action.PDActionLaunch.<init>(COSDictionary),org.apache.pdfbox.pdmodel.interactive.action.PDAction.<init>(COSDictionary),14
org.apache.pdfbox.pdmodel.interactive.annotation.PDAnnotationLine.getInteriorColor(),org.apache.pdfbox.pdmodel.interactive.annotation.PDAnnotation.getColor(COSName),1
org.apache.pdfbox.pdmodel.interactive.annotation.PDAnnotation.getColor(COSName),org.apache.pdfbox.cos.COSDictionary.getItem(COSName),4
org.apache.pdfbox.pdmodel.graphics.color.PDDeviceNProcess.toString(),org.apache.pdfbox.pdmodel.graphics.color.PDDeviceNProcess.getColorSpace(),2
org.apache.pdfbox.pdmodel.graphics.color.PDDeviceNProcess.getColorSpace(),org.apache.pdfbox.cos.COSDictionary.getDictionaryObject(COSName),2
org.apache.pdfbox.pdmodel.graphics.color.PDDeviceNProcess.toString(),org.apache.pdfbox.pdmodel.graphics.color.PDDeviceNProcess.getComponents(),1
org.apache.pdfbox.pdmodel.graphics.color.PDDeviceNProcess.getComponents(),org.apache.pdfbox.cos.COSDictionary.getDictionaryObject(COSName),2
org.apache.pdfbox.filter.ccitt.PackedBitArray.clear(int),org.apache.pdfbox.filter.ccitt.PackedBitArray.bitOffset(int),8
org.apache.pdfbox.filter.ccitt.PackedBitArray.clear(int),org.apache.pdfbox.filter.ccitt.PackedBitArray.byteOffset(int),8
org.apache.pdfbox.pdmodel.common.filespecification.PDComplexFileSpecification.setFileDos(String),"org.apache.pdfbox.cos.COSDictionary.setString(COSName, String)",3
org.apache.pdfbox.pdmodel.common.filespecification.PDComplexFileSpecification.getFileDos(),org.apache.pdfbox.cos.COSDictionary.getString(COSName),5
org.apache.pdfbox.pdmodel.documentinterchange.logicalstructure.PDUserProperty.setValue(COSBase),org.apache.pdfbox.pdmodel.documentinterchange.logicalstructure.PDUserProperty.getValue(),2
"org.apache.pdfbox.pdmodel.documentinterchange.logicalstructure.PDUserProperty.<init>(COSDictionary, PDUserAttributeObject)",org.apache.pdfbox.pdmodel.common.PDDictionaryWrapper.<init>(COSDictionary),11
"org.apache.pdfbox.pdmodel.encryption.PDEncryption.setCryptFilterDictionary(COSName, PDCryptFilterDictionary)","org.apache.pdfbox.cos.COSDictionary.setItem(COSName, COSBase)",2
"org.apache.pdfbox.pdmodel.encryption.PDEncryption.setCryptFilterDictionary(COSName, PDCryptFilterDictionary)",org.apache.pdfbox.cos.COSDictionary.<init>(),2
"org.apache.pdfbox.pdmodel.encryption.PDEncryption.setCryptFilterDictionary(COSName, PDCryptFilterDictionary)",org.apache.pdfbox.cos.COSDictionary.getDictionaryObject(COSName),2
org.apache.pdfbox.pdmodel.encryption.PDEncryption.getStreamFilterName(),org.apache.pdfbox.cos.COSDictionary.getDictionaryObject(COSName),5
org.apache.pdfbox.pdmodel.interactive.action.PDURIDictionary.getBase(),org.apache.pdfbox.cos.COSDictionary.getString(String),3
org.apache.pdfbox.pdmodel.interactive.form.PDTextField.getValue(),org.apache.pdfbox.pdmodel.interactive.form.PDField.getInheritableAttribute(COSName),3
org.apache.pdfbox.pdmodel.interactive.form.PDVariableText.getDefaultStyleString(),org.apache.pdfbox.cos.COSDictionary.getDictionaryObject(COSName),3
"org.apache.pdfbox.pdmodel.common.COSArrayList.set(int, Object)",org.apache.pdfbox.cos.COSString.<init>(String),2
"org.apache.pdfbox.pdmodel.common.COSArrayList.set(int, Object)","org.apache.pdfbox.cos.COSArray.set(int, COSBase)",2
org.apache.pdfbox.pdmodel.encryption.PDEncryption.getRecipientStringAt(int),org.apache.pdfbox.cos.COSArray.get(int),1
org.apache.pdfbox.pdmodel.encryption.PDEncryption.setRecipients(byte[][]),"org.apache.pdfbox.cos.COSDictionary.setItem(COSName, COSBase)",3
org.apache.pdfbox.pdmodel.encryption.PDEncryption.setRecipients(byte[][]),org.apache.pdfbox.cos.COSArray.<init>(),4
org.apache.pdfbox.pdmodel.interactive.action.PDActionImportData.<init>(),org.apache.pdfbox.pdmodel.interactive.action.PDAction.<init>(),4
org.apache.pdfbox.pdmodel.interactive.action.PDActionImportData.<init>(),org.apache.pdfbox.pdmodel.interactive.action.PDAction.setSubType(String),4
org.apache.pdfbox.pdmodel.interactive.action.PDActionImportData.<init>(),org.apache.pdfbox.cos.COSDictionary.<init>(),4
org.apache.pdfbox.pdmodel.interactive.action.PDAction.getType(),org.apache.pdfbox.cos.COSDictionary.getNameAsString(COSName),3
org.apache.pdfbox.pdmodel.interactive.documentnavigation.destination.PDDestination.create(COSBase),org.apache.pdfbox.pdmodel.interactive.documentnavigation.destination.PDPageXYZDestination.<init>(COSArray),1
org.apache.pdfbox.pdmodel.interactive.documentnavigation.destination.PDPageXYZDestination.<init>(COSArray),org.apache.pdfbox.pdmodel.interactive.documentnavigation.destination.PDPageDestination.<init>(COSArray),6
org.apache.pdfbox.pdmodel.interactive.documentnavigation.destination.PDDestination.create(COSBase),org.apache.pdfbox.cos.COSArray.getObject(int),16
org.apache.pdfbox.pdmodel.interactive.documentnavigation.destination.PDDestination.create(COSBase),org.apache.pdfbox.cos.COSArray.size(),8
"org.apache.pdfbox.cos.COSDictionary.setDate(String, Calendar)","org.apache.pdfbox.cos.COSDictionary.setDate(COSName, Calendar)",5
"org.apache.pdfbox.cos.COSDictionary.setDate(String, Calendar)",org.apache.pdfbox.cos.COSName.getPDFName(String),5
"org.apache.pdfbox.pdmodel.graphics.optionalcontent.PDOptionalContentProperties.setGroupEnabled(String, boolean)",org.apache.pdfbox.pdmodel.graphics.optionalcontent.PDOptionalContentProperties.getGroup(String),2
org.apache.pdfbox.pdmodel.graphics.optionalcontent.PDOptionalContentProperties.getGroup(String),org.apache.pdfbox.pdmodel.graphics.optionalcontent.PDOptionalContentProperties.getOCGs(),4
org.apache.pdfbox.pdmodel.graphics.optionalcontent.PDOptionalContentProperties.getOCGs(),org.apache.pdfbox.cos.COSDictionary.getItem(COSName),5
org.apache.pdfbox.pdmodel.graphics.optionalcontent.PDOptionalContentProperties.getGroup(String),org.apache.pdfbox.cos.COSArray.iterator(),3
"org.apache.pdfbox.pdmodel.graphics.optionalcontent.PDOptionalContentProperties.setGroupEnabled(String, boolean)",org.apache.pdfbox.cos.COSArray.<init>(),4
"org.apache.pdfbox.pdmodel.graphics.optionalcontent.PDOptionalContentProperties.setGroupEnabled(String, boolean)",org.apache.pdfbox.cos.COSArray.iterator(),2
"org.apache.pdfbox.pdmodel.graphics.optionalcontent.PDOptionalContentProperties.setGroupEnabled(String, boolean)","org.apache.pdfbox.cos.COSDictionary.setItem(COSName, COSBase)",4
"org.apache.pdfbox.pdmodel.graphics.optionalcontent.PDOptionalContentProperties.setGroupEnabled(String, boolean)",org.apache.pdfbox.pdmodel.graphics.optionalcontent.PDOptionalContentProperties.getD(),2
"org.apache.pdfbox.pdmodel.graphics.optionalcontent.PDOptionalContentProperties.setGroupEnabled(String, boolean)",org.apache.pdfbox.cos.COSDictionary.getDictionaryObject(COSName),4
org.apache.pdfbox.pdmodel.interactive.action.PDActionLaunch.setWinLaunchParams(PDWindowsLaunchParams),"org.apache.pdfbox.cos.COSDictionary.setItem(String, COSObjectable)",1
org.apache.pdfbox.pdmodel.interactive.form.PDListBox.constructAppearances(),org.apache.pdfbox.pdmodel.interactive.form.AppearanceGeneratorHelper.<init>(PDVariableText),2
org.apache.pdfbox.pdmodel.encryption.PDEncryption.setVersion(int),"org.apache.pdfbox.cos.COSDictionary.setInt(COSName, int)",2
org.apache.pdfbox.pdmodel.encryption.PDEncryption.getVersion(),"org.apache.pdfbox.cos.COSDictionary.getInt(COSName, int)",3
org.apache.pdfbox.pdmodel.common.COSArrayList.addAll(Collection),org.apache.pdfbox.pdmodel.common.COSArrayList.addAll(Collection),1
org.apache.pdfbox.pdmodel.common.COSArrayList.addAll(Collection),org.apache.pdfbox.cos.COSArray.addAll(Collection),4
org.apache.pdfbox.pdmodel.common.COSArrayList.convertStringListToCOSNameCOSArray(List),org.apache.pdfbox.cos.COSName.getPDFName(String),4
org.apache.pdfbox.pdmodel.common.COSArrayList.convertStringListToCOSNameCOSArray(List),org.apache.pdfbox.cos.COSArray.add(COSBase),4
org.apache.pdfbox.pdmodel.common.COSArrayList.convertFloatCOSArrayToList(COSArray),org.apache.pdfbox.cos.COSArray.getObject(int),2
org.apache.pdfbox.pdmodel.graphics.color.PDDeviceN.getDefaultDecode(int),org.apache.pdfbox.pdmodel.graphics.color.PDDeviceN.getNumberOfComponents(),1
org.apache.pdfbox.pdmodel.graphics.color.PDDeviceN.getNumberOfComponents(),org.apache.pdfbox.pdmodel.graphics.color.PDDeviceN.getColorantNames(),2
org.apache.pdfbox.pdmodel.graphics.color.PDPattern.<init>(PDResources),org.apache.pdfbox.pdmodel.graphics.color.PDSpecialColorSpace.<init>(),12
org.apache.pdfbox.pdmodel.graphics.shading.PDTriangleBasedShadingType.getDecodeForParameter(int),org.apache.pdfbox.pdmodel.graphics.shading.PDTriangleBasedShadingType.getDecodeValues(),1
org.apache.pdfbox.pdmodel.interactive.annotation.PDAnnotationLine.getLine(),org.apache.pdfbox.cos.COSArray.toFloatArray(),1
org.apache.pdfbox.pdmodel.interactive.annotation.PDAnnotationLine.getLine(),org.apache.pdfbox.cos.COSDictionary.getDictionaryObject(COSName),1
org.apache.pdfbox.pdmodel.PDPage.getBleedBox(),org.apache.pdfbox.pdmodel.PDPage.getCropBox(),2
org.apache.pdfbox.pdmodel.PDPage.setMediaBox(PDRectangle),"org.apache.pdfbox.cos.COSDictionary.setItem(COSName, COSObjectable)",2
"org.apache.pdfbox.rendering.TilingPaint.<init>(PageDrawer, PDTilingPattern, PDColorSpace, PDColor, AffineTransform)","org.apache.pdfbox.rendering.TilingPaint.getImage(PDColorSpace, PDColor, AffineTransform)",1
org.apache.pdfbox.pdmodel.fdf.FDFDocument.load(File),org.apache.pdfbox.pdfparser.FDFParser.<init>(File),1
org.apache.pdfbox.pdmodel.encryption.StandardDecryptionMaterial.<init>(String),org.apache.pdfbox.pdmodel.encryption.DecryptionMaterial.<init>(),4
org.apache.pdfbox.pdmodel.interactive.annotation.PDAnnotationLine.setLeaderLineOffsetLength(float),"org.apache.pdfbox.cos.COSDictionary.setFloat(COSName, float)",2
org.apache.pdfbox.pdmodel.interactive.annotation.PDAnnotationLine.getLeaderLineOffsetLength(),org.apache.pdfbox.cos.COSDictionary.getFloat(COSName),3
org.apache.pdfbox.pdmodel.interactive.annotation.PDAnnotationLine.getCaption(),"org.apache.pdfbox.cos.COSDictionary.getBoolean(COSName, boolean)",3
org.apache.pdfbox.pdmodel.interactive.annotation.PDAnnotationLine.setCaption(boolean),"org.apache.pdfbox.cos.COSDictionary.setBoolean(COSName, boolean)",1
org.apache.pdfbox.pdmodel.interactive.digitalsignature.SignatureOptions.setVisualSignature(File),org.apache.pdfbox.io.RandomAccessBufferedFileInputStream.<init>(File),1
org.apache.pdfbox.pdmodel.interactive.form.PDVariableText.setRichTextValue(String),"org.apache.pdfbox.cos.COSDictionary.setItem(COSName, COSBase)",2
org.apache.pdfbox.pdmodel.interactive.form.PDVariableText.getRichTextValue(),org.apache.pdfbox.pdmodel.interactive.form.PDVariableText.getStringOrStream(COSBase),2
org.apache.pdfbox.pdmodel.interactive.form.PDVariableText.getStringOrStream(COSBase),org.apache.pdfbox.cos.COSString.getString(),4
org.apache.pdfbox.pdmodel.interactive.form.PDVariableText.getRichTextValue(),org.apache.pdfbox.pdmodel.interactive.form.PDField.getInheritableAttribute(COSName),2
org.apache.pdfbox.pdmodel.interactive.measurement.PDRectlinearMeasureDictionary.setAreas(PDNumberFormatDictionary[]),org.apache.pdfbox.cos.COSArray.add(COSObjectable),1
org.apache.pdfbox.pdmodel.interactive.measurement.PDRectlinearMeasureDictionary.setAreas(PDNumberFormatDictionary[]),org.apache.pdfbox.cos.COSArray.<init>(),2
org.apache.pdfbox.pdmodel.common.function.PDFunctionType0.getEncodeForParameter(int),org.apache.pdfbox.pdmodel.common.function.PDFunctionType0.getEncodeValues(),1
org.apache.pdfbox.pdmodel.common.function.PDFunctionType0.getEncodeValues(),org.apache.pdfbox.pdmodel.common.function.PDFunction.getCOSObject(),1
org.apache.pdfbox.contentstream.operator.markedcontent.DrawObject.<init>(),org.apache.pdfbox.contentstream.operator.OperatorProcessor.<init>(),2
org.apache.pdfbox.pdmodel.common.filespecification.PDComplexFileSpecification.getFilename(),org.apache.pdfbox.pdmodel.common.filespecification.PDComplexFileSpecification.getFileDos(),2
org.apache.pdfbox.pdmodel.common.filespecification.PDComplexFileSpecification.getFilename(),org.apache.pdfbox.pdmodel.common.filespecification.PDComplexFileSpecification.getFileUnicode(),3
org.apache.pdfbox.pdmodel.common.filespecification.PDComplexFileSpecification.getFileUnicode(),org.apache.pdfbox.cos.COSDictionary.getString(COSName),6
org.apache.pdfbox.pdmodel.fdf.FDFAnnotationFreeText.setDefaultAppearance(String),"org.apache.pdfbox.cos.COSDictionary.setString(COSName, String)",4
org.apache.pdfbox.pdmodel.fdf.FDFAnnotationFreeText.getDefaultAppearance(),org.apache.pdfbox.cos.COSDictionary.getString(COSName),4
org.apache.pdfbox.pdmodel.fdf.FDFAnnotationFreeText.setCallout(float[]),org.apache.pdfbox.cos.COSArray.setFloatArray(float[]),3
org.apache.pdfbox.pdmodel.fdf.FDFAnnotationFreeText.setCallout(float[]),org.apache.pdfbox.cos.COSArray.<init>(),3
org.apache.pdfbox.pdmodel.fdf.FDFAnnotationLine.getLeaderExtend(),org.apache.pdfbox.cos.COSDictionary.getFloat(COSName),4
org.apache.pdfbox.pdmodel.interactive.digitalsignature.PDSignature.setReason(String),"org.apache.pdfbox.cos.COSDictionary.setString(COSName, String)",2
org.apache.pdfbox.pdmodel.interactive.digitalsignature.PDSignature.getReason(),org.apache.pdfbox.cos.COSDictionary.getString(COSName),3
org.apache.pdfbox.pdmodel.interactive.form.PDNonTerminalField.importFDF(FDFField),org.apache.pdfbox.pdmodel.interactive.form.PDField.importFDF(FDFField),1
"org.apache.pdfbox.pdmodel.PDResources.put(COSName, PDPropertyList)","org.apache.pdfbox.pdmodel.PDResources.put(COSName, COSName, COSObjectable)",2
org.apache.pdfbox.pdmodel.PDResources.add(PDPropertyList),"org.apache.pdfbox.pdmodel.PDResources.add(COSName, String, COSObjectable)",2
org.apache.pdfbox.pdmodel.common.PDIntegerNameTreeNode.createChildNode(COSDictionary),org.apache.pdfbox.pdmodel.common.PDIntegerNameTreeNode.<init>(COSDictionary),2
org.apache.pdfbox.pdmodel.common.PDIntegerNameTreeNode.<init>(COSDictionary),org.apache.pdfbox.pdmodel.common.PDNameTreeNode.<init>(COSDictionary),8
org.apache.pdfbox.pdmodel.encryption.PDEncryption.setRecipients(byte[][]),org.apache.pdfbox.cos.COSString.<init>(byte[]),8
org.apache.pdfbox.pdmodel.encryption.PDEncryption.setRecipients(byte[][]),org.apache.pdfbox.cos.COSArray.add(COSBase),8
org.apache.pdfbox.pdmodel.encryption.PDEncryption.getRecipientsLength(),org.apache.pdfbox.cos.COSDictionary.getItem(COSName),3
org.apache.pdfbox.pdmodel.encryption.PDEncryption.getRecipientsLength(),org.apache.pdfbox.cos.COSArray.size(),2
org.apache.pdfbox.pdmodel.fdf.FDFField.setWidgetFieldFlags(Integer),org.apache.pdfbox.cos.COSInteger.get(long),6
org.apache.pdfbox.pdmodel.fdf.FDFField.setAction(PDAction),"org.apache.pdfbox.cos.COSDictionary.setItem(COSName, COSObjectable)",4
org.apache.pdfbox.pdmodel.fdf.FDFField.setSetFieldFlags(int),"org.apache.pdfbox.cos.COSDictionary.setInt(COSName, int)",8
org.apache.pdfbox.pdmodel.interactive.action.PDActionSubmitForm.<init>(COSDictionary),org.apache.pdfbox.pdmodel.interactive.action.PDAction.<init>(COSDictionary),4
org.apache.pdfbox.pdmodel.interactive.annotation.PDAnnotationMarkup.setTitlePopup(String),"org.apache.pdfbox.cos.COSDictionary.setString(COSName, String)",2
org.apache.pdfbox.pdmodel.interactive.annotation.PDAnnotationMarkup.getTitlePopup(),org.apache.pdfbox.cos.COSDictionary.getString(COSName),3
org.apache.pdfbox.pdmodel.interactive.annotation.PDAnnotationWidget.<init>(),org.apache.pdfbox.pdmodel.interactive.annotation.PDAnnotation.<init>(),16
org.apache.pdfbox.pdmodel.interactive.annotation.PDAnnotationWidget.<init>(),"org.apache.pdfbox.cos.COSDictionary.setName(COSName, String)",16
org.apache.pdfbox.pdmodel.interactive.form.PDCheckBox.unCheck(),org.apache.pdfbox.pdmodel.interactive.form.PDButton.setValue(String),2
"org.apache.pdfbox.pdmodel.PDDocument.load(File, MemoryUsageSetting)","org.apache.pdfbox.pdmodel.PDDocument.load(File, String, InputStream, String, MemoryUsageSetting)",1
org.apache.pdfbox.pdmodel.common.filespecification.PDComplexFileSpecification.setFileUnicode(String),"org.apache.pdfbox.cos.COSDictionary.setString(COSName, String)",3
org.apache.pdfbox.pdmodel.fdf.FDFDictionary.setStatus(String),"org.apache.pdfbox.cos.COSDictionary.setString(COSName, String)",2
org.apache.pdfbox.pdmodel.fdf.FDFDictionary.getStatus(),org.apache.pdfbox.cos.COSDictionary.getString(COSName),3
org.apache.pdfbox.pdmodel.interactive.annotation.PDAnnotationRubberStamp.<init>(COSDictionary),org.apache.pdfbox.pdmodel.interactive.annotation.PDAnnotationMarkup.<init>(COSDictionary),2
org.apache.pdfbox.pdmodel.interactive.annotation.PDAnnotationMarkup.<init>(COSDictionary),org.apache.pdfbox.pdmodel.interactive.annotation.PDAnnotation.<init>(COSDictionary),10
org.apache.pdfbox.pdmodel.interactive.measurement.PDNumberFormatDictionary.setUnits(String),"org.apache.pdfbox.cos.COSDictionary.setString(String, String)",2
org.apache.pdfbox.pdmodel.interactive.measurement.PDNumberFormatDictionary.getUnits(),org.apache.pdfbox.cos.COSDictionary.getString(String),3
org.apache.pdfbox.pdmodel.common.function.PDFunctionTypeIdentity.<init>(COSBase),org.apache.pdfbox.pdmodel.common.function.PDFunction.<init>(COSBase),12
org.apache.pdfbox.pdmodel.graphics.state.PDExtendedGraphicsState.copyIntoGraphicsState(PDGraphicsState),org.apache.pdfbox.pdmodel.graphics.state.PDExtendedGraphicsState.getStrokingAlphaConstant(),1
org.apache.pdfbox.pdmodel.interactive.action.PDActionURI.setURI(String),"org.apache.pdfbox.cos.COSDictionary.setString(COSName, String)",2
org.apache.pdfbox.pdmodel.interactive.action.PDActionURI.getURI(),org.apache.pdfbox.cos.COSDictionary.getString(COSName),3
org.apache.pdfbox.pdmodel.common.PDRange.toString(),org.apache.pdfbox.pdmodel.common.PDRange.getMin(),4
org.apache.pdfbox.pdmodel.fdf.FDFAnnotationLine.<init>(COSDictionary),org.apache.pdfbox.pdmodel.fdf.FDFAnnotation.<init>(COSDictionary),21
org.apache.pdfbox.pdmodel.interactive.digitalsignature.PDSeedValue.setV(float),"org.apache.pdfbox.cos.COSDictionary.setFloat(COSName, float)",3
org.apache.pdfbox.pdmodel.interactive.digitalsignature.PDSeedValue.getV(),org.apache.pdfbox.cos.COSDictionary.getFloat(COSName),3
org.apache.pdfbox.pdmodel.interactive.measurement.PDNumberFormatDictionary.setFractionalDisplay(String),"org.apache.pdfbox.cos.COSDictionary.setString(String, String)",4
org.apache.pdfbox.pdmodel.fdf.FDFAnnotationSound.<init>(COSDictionary),org.apache.pdfbox.pdmodel.fdf.FDFAnnotation.<init>(COSDictionary),4
org.apache.pdfbox.pdmodel.interactive.form.PDTerminalField.setActions(PDFormFieldAdditionalActions),"org.apache.pdfbox.cos.COSDictionary.setItem(COSName, COSObjectable)",1
"org.apache.pdfbox.pdmodel.PDResources.put(COSName, PDAbstractPattern)","org.apache.pdfbox.pdmodel.PDResources.put(COSName, COSName, COSObjectable)",3
org.apache.pdfbox.pdmodel.PDResources.add(PDAbstractPattern),"org.apache.pdfbox.pdmodel.PDResources.add(COSName, String, COSObjectable)",3
"org.apache.pdfbox.cos.COSArray.setInt(int, int)","org.apache.pdfbox.cos.COSArray.set(int, COSBase)",28
"org.apache.pdfbox.cos.COSArray.setInt(int, int)",org.apache.pdfbox.cos.COSInteger.get(long),28
org.apache.pdfbox.filter.ccitt.CCITTFaxG31DDecodeInputStream.decodeLine(),org.apache.pdfbox.filter.ccitt.CCITTFaxG31DDecodeInputStream.readByte(),1
org.apache.pdfbox.filter.ccitt.PackedBitArray.toBitString(byte),org.apache.pdfbox.filter.ccitt.PackedBitArray.toBitString(byte[]),13
org.apache.pdfbox.pdmodel.interactive.measurement.PDRectlinearMeasureDictionary.setChangeYs(PDNumberFormatDictionary[]),"org.apache.pdfbox.cos.COSDictionary.setItem(String, COSBase)",1
org.apache.pdfbox.pdmodel.interactive.measurement.PDRectlinearMeasureDictionary.setAreas(PDNumberFormatDictionary[]),"org.apache.pdfbox.cos.COSDictionary.setItem(COSName, COSBase)",1
org.apache.pdfbox.pdmodel.interactive.measurement.PDRectlinearMeasureDictionary.getChangeYs(),org.apache.pdfbox.cos.COSDictionary.getDictionaryObject(String),2
org.apache.pdfbox.pdmodel.interactive.measurement.PDRectlinearMeasureDictionary.getChangeYs(),org.apache.pdfbox.cos.COSArray.size(),2
org.apache.pdfbox.pdmodel.interactive.measurement.PDRectlinearMeasureDictionary.getAreas(),org.apache.pdfbox.cos.COSDictionary.getDictionaryObject(COSName),2
org.apache.pdfbox.pdmodel.interactive.measurement.PDRectlinearMeasureDictionary.getAreas(),org.apache.pdfbox.cos.COSArray.size(),2
org.apache.pdfbox.pdmodel.PDDocumentCatalog.setOutputIntents(List),org.apache.pdfbox.cos.COSArray.<init>(),1
org.apache.pdfbox.pdmodel.common.PDPageLabelRange.setPrefix(String),"org.apache.pdfbox.cos.COSDictionary.setString(COSName, String)",2
org.apache.pdfbox.pdmodel.common.PDPageLabelRange.getPrefix(),org.apache.pdfbox.cos.COSDictionary.getString(COSName),3
org.apache.pdfbox.pdmodel.documentinterchange.taggedpdf.PDArtifactMarkedContent.isBottomAttached(),org.apache.pdfbox.pdmodel.documentinterchange.taggedpdf.PDArtifactMarkedContent.isAttached(String),1
org.apache.pdfbox.pdmodel.fdf.FDFAnnotationCircle.setFringe(PDRectangle),"org.apache.pdfbox.cos.COSDictionary.setItem(COSName, COSObjectable)",1
org.apache.pdfbox.pdmodel.fdf.FDFField.setFieldFlags(int),"org.apache.pdfbox.cos.COSDictionary.setInt(COSName, int)",6
org.apache.pdfbox.pdmodel.fdf.FDFField.setValue(Object),"org.apache.pdfbox.cos.COSDictionary.setItem(COSName, COSBase)",10
org.apache.pdfbox.pdmodel.interactive.annotation.PDAnnotation.isNoRotate(),"org.apache.pdfbox.cos.COSDictionary.getFlag(COSName, int)",1
org.apache.pdfbox.pdmodel.interactive.annotation.PDAnnotationLine.setLeaderLineExtensionLength(float),"org.apache.pdfbox.cos.COSDictionary.setFloat(COSName, float)",2
org.apache.pdfbox.pdmodel.interactive.annotation.PDAnnotationLine.getLeaderLineExtensionLength(),org.apache.pdfbox.cos.COSDictionary.getFloat(COSName),3
org.apache.pdfbox.pdmodel.interactive.annotation.PDAnnotationText.setState(String),"org.apache.pdfbox.cos.COSDictionary.setString(COSName, String)",2
org.apache.pdfbox.pdmodel.interactive.annotation.PDAnnotationText.getState(),org.apache.pdfbox.cos.COSDictionary.getString(COSName),3
org.apache.pdfbox.pdmodel.interactive.annotation.PDAnnotationTextMarkup.getQuadPoints(),org.apache.pdfbox.cos.COSArray.toFloatArray(),2
org.apache.pdfbox.pdmodel.interactive.annotation.PDAnnotationTextMarkup.getQuadPoints(),org.apache.pdfbox.cos.COSDictionary.getDictionaryObject(COSName),2
org.apache.pdfbox.pdmodel.interactive.annotation.PDAppearanceEntry.getAppearanceStream(),org.apache.pdfbox.pdmodel.interactive.annotation.PDAppearanceEntry.isStream(),1
org.apache.pdfbox.pdmodel.PDDocumentInformation.getMetadataKeys(),org.apache.pdfbox.cos.COSDictionary.keySet(),2
org.apache.pdfbox.util.Vector.scale(float),"org.apache.pdfbox.util.Vector.<init>(float, float)",3
org.apache.pdfbox.pdmodel.documentinterchange.logicalstructure.PDAttributeObject.isEmpty(),org.apache.pdfbox.pdmodel.documentinterchange.logicalstructure.PDAttributeObject.getOwner(),2
org.apache.pdfbox.pdmodel.interactive.action.PDActionNamed.<init>(),org.apache.pdfbox.pdmodel.interactive.action.PDAction.<init>(),3
org.apache.pdfbox.pdmodel.interactive.action.PDActionNamed.<init>(),org.apache.pdfbox.pdmodel.interactive.action.PDAction.setSubType(String),3
org.apache.pdfbox.pdmodel.interactive.action.PDActionNamed.<init>(),org.apache.pdfbox.cos.COSDictionary.<init>(),3
org.apache.pdfbox.pdmodel.interactive.action.PDActionNamed.setN(String),"org.apache.pdfbox.cos.COSDictionary.setName(String, String)",2
org.apache.pdfbox.pdmodel.interactive.action.PDActionNamed.getN(),org.apache.pdfbox.cos.COSDictionary.getNameAsString(String),3
org.apache.pdfbox.pdmodel.interactive.form.PDField.setAlternateFieldName(String),"org.apache.pdfbox.cos.COSDictionary.setString(COSName, String)",1
org.apache.pdfbox.pdmodel.interactive.form.PDField.getAlternateFieldName(),org.apache.pdfbox.cos.COSDictionary.getString(COSName),2
org.apache.pdfbox.pdmodel.common.PDNameTreeNode.setNames(Map),"org.apache.pdfbox.cos.COSDictionary.setItem(COSName, COSObjectable)",2
org.apache.pdfbox.pdmodel.documentinterchange.logicalstructure.PDStructureElement.setLanguage(String),"org.apache.pdfbox.cos.COSDictionary.setString(COSName, String)",1
org.apache.pdfbox.pdmodel.fdf.FDFAnnotation.getIntent(),org.apache.pdfbox.cos.COSDictionary.getNameAsString(COSName),3
org.apache.pdfbox.pdmodel.fdf.FDFAnnotationFreeText.setJustification(String),"org.apache.pdfbox.cos.COSDictionary.setInt(COSName, int)",6
org.apache.pdfbox.pdmodel.fdf.FDFAnnotationFreeText.getCallout(),org.apache.pdfbox.cos.COSDictionary.getDictionaryObject(COSName),4
org.apache.pdfbox.pdmodel.fdf.FDFAnnotationPolyline.<init>(COSDictionary),org.apache.pdfbox.pdmodel.fdf.FDFAnnotation.<init>(COSDictionary),13
org.apache.pdfbox.pdmodel.fdf.FDFAnnotationFreeText.setCallout(float[]),"org.apache.pdfbox.cos.COSDictionary.setItem(COSName, COSBase)",1
org.apache.pdfbox.pdmodel.fdf.FDFAnnotationFreeText.getCallout(),org.apache.pdfbox.cos.COSArray.toFloatArray(),1
org.apache.pdfbox.pdmodel.fdf.FDFAnnotationInk.<init>(Element),org.apache.pdfbox.pdmodel.fdf.FDFAnnotation.<init>(Element),1
org.apache.pdfbox.pdmodel.fdf.FDFAnnotationLine.setLeaderLength(float),"org.apache.pdfbox.cos.COSDictionary.setFloat(COSName, float)",2
org.apache.pdfbox.pdmodel.fdf.FDFAnnotationLine.getLeaderLength(),org.apache.pdfbox.cos.COSDictionary.getFloat(COSName),3
org.apache.pdfbox.pdmodel.interactive.annotation.PDAnnotationLine.setStartPointEndingStyle(String),org.apache.pdfbox.cos.COSArray.<init>(),5
org.apache.pdfbox.pdmodel.interactive.annotation.PDAnnotationLine.setStartPointEndingStyle(String),org.apache.pdfbox.cos.COSArray.add(COSBase),10
org.apache.pdfbox.pdmodel.interactive.annotation.PDAnnotationLine.setStartPointEndingStyle(String),org.apache.pdfbox.cos.COSDictionary.getDictionaryObject(COSName),6
org.apache.pdfbox.pdmodel.interactive.annotation.PDAnnotationLine.setStartPointEndingStyle(String),"org.apache.pdfbox.cos.COSDictionary.setItem(COSName, COSBase)",5
org.apache.pdfbox.pdmodel.interactive.annotation.PDAnnotationLine.setStartPointEndingStyle(String),org.apache.pdfbox.cos.COSName.getPDFName(String),10
org.apache.pdfbox.pdmodel.interactive.annotation.PDAnnotationLine.getStartPointEndingStyle(),org.apache.pdfbox.cos.COSArray.getName(int),4
org.apache.pdfbox.pdmodel.interactive.annotation.PDAnnotationLine.getStartPointEndingStyle(),org.apache.pdfbox.cos.COSDictionary.getDictionaryObject(COSName),5
"org.apache.pdfbox.pdmodel.PDResources.put(COSName, PDColorSpace)","org.apache.pdfbox.pdmodel.PDResources.put(COSName, COSName, COSObjectable)",1
org.apache.pdfbox.pdmodel.documentinterchange.logicalstructure.PDStructureTreeRoot.getKArray(),org.apache.pdfbox.cos.COSDictionary.getDictionaryObject(COSName),7
org.apache.pdfbox.pdmodel.encryption.PDEncryption.setPerms(byte[]),org.apache.pdfbox.cos.COSString.<init>(byte[]),3
org.apache.pdfbox.pdmodel.fdf.FDFAnnotationInk.getInkList(),org.apache.pdfbox.cos.COSDictionary.getDictionaryObject(COSName),2
org.apache.pdfbox.pdmodel.fdf.FDFAnnotationPolyline.getEndPointEndingStyle(),org.apache.pdfbox.cos.COSDictionary.getDictionaryObject(COSName),4
org.apache.pdfbox.pdmodel.fdf.FDFAnnotationInk.<init>(COSDictionary),org.apache.pdfbox.pdmodel.fdf.FDFAnnotation.<init>(COSDictionary),4
org.apache.pdfbox.pdmodel.interactive.annotation.PDAnnotation.setNoRotate(boolean),"org.apache.pdfbox.cos.COSDictionary.setFlag(COSName, int, boolean)",1
org.apache.pdfbox.pdmodel.interactive.annotation.PDAnnotationLine.getEndPointEndingStyle(),org.apache.pdfbox.cos.COSDictionary.getDictionaryObject(COSName),5
org.apache.pdfbox.cos.COSString.toHexString(),org.apache.pdfbox.util.Hex.getString(byte),13
org.apache.pdfbox.pdfparser.BaseParser.isSpace(),org.apache.pdfbox.pdfparser.InputStreamSource.peek(),1
org.apache.pdfbox.pdmodel.fdf.FDFAnnotationFreeText.setDefaultStyle(String),"org.apache.pdfbox.cos.COSDictionary.setString(COSName, String)",2
org.apache.pdfbox.pdmodel.fdf.FDFAnnotationFreeText.getDefaultStyle(),org.apache.pdfbox.cos.COSDictionary.getString(COSName),3
org.apache.pdfbox.pdmodel.graphics.color.PDCalRGB.setMatrix(Matrix),"org.apache.pdfbox.cos.COSDictionary.setItem(COSName, COSBase)",1
"org.apache.pdfbox.pdmodel.graphics.color.PDPattern.<init>(PDResources, PDColorSpace)",org.apache.pdfbox.pdmodel.graphics.color.PDSpecialColorSpace.<init>(),2
org.apache.pdfbox.pdmodel.documentinterchange.logicalstructure.PDStructureNode.createObject(COSBase),org.apache.pdfbox.cos.COSDictionary.getNameAsString(COSName),5
org.apache.pdfbox.pdmodel.documentinterchange.logicalstructure.PDStructureNode.createObject(COSBase),org.apache.pdfbox.pdmodel.documentinterchange.logicalstructure.PDStructureElement.<init>(COSDictionary),4
org.apache.pdfbox.pdmodel.documentinterchange.logicalstructure.PDStructureNode.getKids(),org.apache.pdfbox.cos.COSArray.iterator(),1
org.apache.pdfbox.pdmodel.documentinterchange.logicalstructure.PDStructureNode.appendKid(COSBase),org.apache.pdfbox.cos.COSArray.<init>(),2
org.apache.pdfbox.pdmodel.documentinterchange.logicalstructure.PDStructureNode.appendKid(COSBase),org.apache.pdfbox.cos.COSArray.add(COSBase),6
org.apache.pdfbox.pdmodel.PDDocument.removePage(PDPage),org.apache.pdfbox.pdmodel.PDDocument.getPages(),1
org.apache.pdfbox.pdmodel.common.COSArrayList.retainAll(Collection),org.apache.pdfbox.cos.COSArray.retainAll(Collection),2
org.apache.pdfbox.pdmodel.common.COSArrayList.retainAll(Collection),org.apache.pdfbox.pdmodel.common.COSArrayList.toCOSObjectList(Collection),3
org.apache.pdfbox.pdmodel.documentinterchange.taggedpdf.PDTableAttributeObject.toString(),org.apache.pdfbox.pdmodel.documentinterchange.taggedpdf.PDTableAttributeObject.getRowSpan(),1
org.apache.pdfbox.pdmodel.documentinterchange.taggedpdf.PDTableAttributeObject.setRowSpan(int),"org.apache.pdfbox.pdmodel.documentinterchange.taggedpdf.PDStandardAttributeObject.setInteger(String, int)",4
org.apache.pdfbox.pdmodel.fdf.FDFAnnotation.setOpacity(float),"org.apache.pdfbox.cos.COSDictionary.setFloat(COSName, float)",2
org.apache.pdfbox.pdmodel.fdf.FDFField.setOptions(List),"org.apache.pdfbox.cos.COSDictionary.setItem(COSName, COSBase)",8
org.apache.pdfbox.pdmodel.fdf.FDFField.setOptions(List),org.apache.pdfbox.pdmodel.common.COSArrayList.converterToCOSArray(List),9
org.apache.pdfbox.pdmodel.interactive.annotation.PDAnnotationLine.setStartPointEndingStyle(String),"org.apache.pdfbox.cos.COSArray.setName(int, String)",1
org.apache.pdfbox.pdmodel.interactive.measurement.PDNumberFormatDictionary.setLabelPositionToValue(String),"org.apache.pdfbox.cos.COSDictionary.setString(String, String)",2
"org.apache.pdfbox.cos.COSDictionary.getLong(COSName, long)",org.apache.pdfbox.cos.COSFloat.longValue(),1
org.apache.pdfbox.pdmodel.fdf.FDFAnnotationText.<init>(Element),org.apache.pdfbox.pdmodel.fdf.FDFAnnotation.<init>(Element),2
org.apache.pdfbox.pdmodel.graphics.state.PDExtendedGraphicsState.copyIntoGraphicsState(PDGraphicsState),org.apache.pdfbox.pdmodel.graphics.state.PDExtendedGraphicsState.getOverprintMode(),1
org.apache.pdfbox.pdmodel.interactive.annotation.PDBorderStyleDictionary.getStyle(),"org.apache.pdfbox.cos.COSDictionary.getNameAsString(String, String)",2
org.apache.pdfbox.pdmodel.interactive.form.PDVariableText.getDefaultStyleString(),org.apache.pdfbox.cos.COSString.getString(),2
org.apache.pdfbox.pdmodel.interactive.form.PDVariableText.setDefaultStyleString(String),"org.apache.pdfbox.cos.COSDictionary.setItem(COSName, COSBase)",2
org.apache.pdfbox.pdmodel.fdf.FDFAnnotationText.getState(),org.apache.pdfbox.cos.COSDictionary.getString(COSName),3
org.apache.pdfbox.pdmodel.font.PDCIDSystemInfo.toString(),org.apache.pdfbox.pdmodel.font.PDCIDSystemInfo.getOrdering(),1
org.apache.pdfbox.pdmodel.font.PDCIDSystemInfo.getOrdering(),org.apache.pdfbox.cos.COSDictionary.getNameAsString(COSName),4
org.apache.pdfbox.pdmodel.font.PDCIDSystemInfo.toString(),org.apache.pdfbox.pdmodel.font.PDCIDSystemInfo.getSupplement(),1
"org.apache.pdfbox.pdmodel.graphics.color.PDColorSpace.create(COSBase, PDResources, boolean)",org.apache.pdfbox.pdmodel.graphics.color.PDDeviceN.<init>(COSArray),2
org.apache.pdfbox.pdmodel.graphics.color.PDDeviceN.<init>(COSArray),org.apache.pdfbox.pdmodel.common.function.PDFunction.create(COSBase),1
org.apache.pdfbox.pdmodel.graphics.color.PDDeviceN.<init>(COSArray),org.apache.pdfbox.cos.COSArray.getObject(int),3
org.apache.pdfbox.pdmodel.graphics.color.PDDeviceN.<init>(COSArray),org.apache.pdfbox.pdmodel.graphics.color.PDColorSpace.create(COSBase),2
org.apache.pdfbox.pdmodel.graphics.color.PDDeviceN.setAlternateColorSpace(PDColorSpace),org.apache.pdfbox.pdmodel.graphics.color.PDDeviceColorSpace.getCOSObject(),2
org.apache.pdfbox.pdmodel.graphics.color.PDDeviceN.setAlternateColorSpace(PDColorSpace),"org.apache.pdfbox.cos.COSArray.set(int, COSBase)",3
org.apache.pdfbox.pdmodel.interactive.annotation.PDAnnotationLine.getEndPointEndingStyle(),org.apache.pdfbox.cos.COSArray.getName(int),2
org.apache.pdfbox.pdmodel.PDResources.getProperties(COSName),"org.apache.pdfbox.pdmodel.PDResources.get(COSName, COSName)",1
org.apache.pdfbox.pdmodel.PDResources.getProperties(COSName),"org.apache.pdfbox.pdmodel.PDResources.getIndirect(COSName, COSName)",1
org.apache.pdfbox.text.TextPosition.getXDirAdj(),org.apache.pdfbox.text.TextPosition.getDir(),2
org.apache.pdfbox.pdmodel.common.PDRange.toString(),org.apache.pdfbox.pdmodel.common.PDRange.getMax(),1
org.apache.pdfbox.pdmodel.documentinterchange.logicalstructure.PDStructureTreeRoot.getRoleMap(),org.apache.pdfbox.cos.COSDictionary.getDictionaryObject(COSName),1
org.apache.pdfbox.pdmodel.documentinterchange.taggedpdf.PDTableAttributeObject.toString(),org.apache.pdfbox.pdmodel.documentinterchange.taggedpdf.PDTableAttributeObject.getColSpan(),1
org.apache.pdfbox.pdmodel.fdf.FDFCatalog.setVersion(String),"org.apache.pdfbox.cos.COSDictionary.setName(COSName, String)",2
org.apache.pdfbox.pdmodel.fdf.FDFCatalog.getVersion(),org.apache.pdfbox.cos.COSDictionary.getNameAsString(COSName),3
org.apache.pdfbox.pdmodel.graphics.shading.PDShadingType7.toPaint(Matrix),"org.apache.pdfbox.pdmodel.graphics.shading.Type7ShadingPaint.<init>(PDShadingType7, Matrix)",1
org.apache.pdfbox.pdmodel.interactive.documentnavigation.destination.PDPageFitWidthDestination.<init>(),"org.apache.pdfbox.cos.COSArray.setName(int, String)",10
org.apache.pdfbox.pdmodel.interactive.documentnavigation.destination.PDPageFitWidthDestination.<init>(),org.apache.pdfbox.cos.COSArray.growToSize(int),10
org.apache.pdfbox.pdmodel.interactive.documentnavigation.destination.PDPageFitWidthDestination.<init>(),org.apache.pdfbox.pdmodel.interactive.documentnavigation.destination.PDPageDestination.<init>(),10
org.apache.pdfbox.pdmodel.interactive.documentnavigation.destination.PDPageFitWidthDestination.fitBoundingBox(),org.apache.pdfbox.cos.COSArray.getName(int),5
org.apache.pdfbox.pdmodel.interactive.documentnavigation.destination.PDPageFitWidthDestination.setTop(int),"org.apache.pdfbox.cos.COSArray.setInt(int, int)",3
org.apache.pdfbox.pdmodel.interactive.documentnavigation.destination.PDPageFitWidthDestination.setTop(int),org.apache.pdfbox.cos.COSArray.growToSize(int),4
org.apache.pdfbox.pdmodel.interactive.form.PDField.setNoExport(boolean),"org.apache.pdfbox.cos.COSDictionary.setFlag(COSName, int, boolean)",1
org.apache.pdfbox.pdmodel.interactive.measurement.PDNumberFormatDictionary.setThousandsSeparator(String),"org.apache.pdfbox.cos.COSDictionary.setString(String, String)",1
org.apache.pdfbox.pdmodel.interactive.measurement.PDNumberFormatDictionary.getThousandsSeparator(),"org.apache.pdfbox.cos.COSDictionary.getString(String, String)",2
org.apache.pdfbox.pdmodel.interactive.pagenavigation.PDThreadBead.appendBead(PDThreadBead),org.apache.pdfbox.pdmodel.interactive.pagenavigation.PDThreadBead.setPreviousBead(PDThreadBead),5
org.apache.pdfbox.pdmodel.interactive.pagenavigation.PDThreadBead.appendBead(PDThreadBead),org.apache.pdfbox.pdmodel.interactive.pagenavigation.PDThreadBead.getNextBead(),3
org.apache.pdfbox.pdmodel.interactive.pagenavigation.PDThreadBead.getNextBead(),org.apache.pdfbox.cos.COSDictionary.getDictionaryObject(String),4
org.apache.pdfbox.pdmodel.interactive.pagenavigation.PDThreadBead.getNextBead(),org.apache.pdfbox.pdmodel.interactive.pagenavigation.PDThreadBead.<init>(COSDictionary),4
org.apache.pdfbox.pdmodel.interactive.pagenavigation.PDThreadBead.appendBead(PDThreadBead),org.apache.pdfbox.pdmodel.interactive.pagenavigation.PDThreadBead.setNextBead(PDThreadBead),5
org.apache.pdfbox.pdmodel.graphics.state.PDExtendedGraphicsState.copyIntoGraphicsState(PDGraphicsState),org.apache.pdfbox.pdmodel.graphics.state.PDExtendedGraphicsState.getMiterLimit(),1
org.apache.pdfbox.pdmodel.interactive.action.PDActionJavaScript.<init>(String),org.apache.pdfbox.pdmodel.interactive.action.PDActionJavaScript.setAction(String),3
org.apache.pdfbox.pdmodel.interactive.action.PDActionJavaScript.<init>(String),org.apache.pdfbox.pdmodel.interactive.action.PDActionJavaScript.<init>(),3
org.apache.pdfbox.pdmodel.interactive.form.PDButton.setDefaultValue(String),org.apache.pdfbox.pdmodel.interactive.form.PDButton.checkValue(String),2
org.apache.pdfbox.pdmodel.graphics.color.PDSeparation.setAlternateColorSpace(PDColorSpace),org.apache.pdfbox.pdmodel.graphics.color.PDDeviceColorSpace.getCOSObject(),1
"org.apache.pdfbox.pdmodel.graphics.image.CCITTFactory.createFromFile(PDDocument, File)","org.apache.pdfbox.io.RandomAccessFile.<init>(File, String)",1
org.apache.pdfbox.pdmodel.interactive.form.PDField.setMappingName(String),"org.apache.pdfbox.cos.COSDictionary.setString(COSName, String)",1
org.apache.pdfbox.pdmodel.interactive.form.PDSignatureField.setSignature(PDSignature),org.apache.pdfbox.pdmodel.interactive.form.PDSignatureField.setValue(PDSignature),1
org.apache.pdfbox.pdmodel.interactive.form.PDVariableText.getQ(),org.apache.pdfbox.pdmodel.interactive.form.PDField.getInheritableAttribute(COSName),4
org.apache.pdfbox.pdmodel.interactive.measurement.PDNumberFormatDictionary.setLabelSuffixString(String),"org.apache.pdfbox.cos.COSDictionary.setString(String, String)",1
org.apache.pdfbox.pdmodel.interactive.measurement.PDNumberFormatDictionary.getLabelSuffixString(),"org.apache.pdfbox.cos.COSDictionary.getString(String, String)",2
"org.apache.pdfbox.pdmodel.PDDocument.load(File, String, InputStream, String)","org.apache.pdfbox.pdmodel.PDDocument.load(File, String, InputStream, String, MemoryUsageSetting)",3
"org.apache.pdfbox.pdmodel.PDDocument.load(File, String, InputStream, String)",org.apache.pdfbox.io.MemoryUsageSetting.setupMainMemoryOnly(),3
org.apache.pdfbox.pdmodel.documentinterchange.logicalstructure.PDMarkedContentReference.toString(),org.apache.pdfbox.pdmodel.documentinterchange.logicalstructure.PDMarkedContentReference.getMCID(),2
org.apache.pdfbox.pdmodel.documentinterchange.logicalstructure.PDStructureTreeRoot.setParentTreeNextKey(int),"org.apache.pdfbox.cos.COSDictionary.setInt(COSName, int)",2
org.apache.pdfbox.pdmodel.documentinterchange.logicalstructure.PDStructureTreeRoot.getParentTreeNextKey(),org.apache.pdfbox.cos.COSDictionary.getInt(COSName),3
org.apache.pdfbox.pdmodel.encryption.PDEncryption.setOwnerKey(byte[]),org.apache.pdfbox.cos.COSString.<init>(byte[]),2
"org.apache.pdfbox.pdmodel.graphics.image.PDInlineImage.<init>(COSDictionary, byte[], PDResources)",org.apache.pdfbox.pdmodel.graphics.image.PDInlineImage.getFilters(),1
org.apache.pdfbox.pdmodel.interactive.annotation.PDAnnotationMarkup.setConstantOpacity(float),"org.apache.pdfbox.cos.COSDictionary.setFloat(COSName, float)",2
org.apache.pdfbox.pdmodel.interactive.annotation.PDAnnotationMarkup.getConstantOpacity(),"org.apache.pdfbox.cos.COSDictionary.getFloat(COSName, float)",3
org.apache.pdfbox.pdmodel.documentinterchange.logicalstructure.PDStructureElement.setAttributes(Revisions),org.apache.pdfbox.cos.COSArray.<init>(),2
org.apache.pdfbox.pdmodel.documentinterchange.logicalstructure.PDStructureElement.setAttributes(Revisions),org.apache.pdfbox.pdmodel.documentinterchange.logicalstructure.Revisions.size(),4
org.apache.pdfbox.pdmodel.documentinterchange.logicalstructure.PDStructureElement.getAttributes(),org.apache.pdfbox.cos.COSDictionary.getDictionaryObject(COSName),3
org.apache.pdfbox.pdmodel.documentinterchange.logicalstructure.PDStructureElement.getAttributes(),org.apache.pdfbox.pdmodel.documentinterchange.logicalstructure.Revisions.<init>(),4
org.apache.pdfbox.pdmodel.fdf.FDFAnnotationLine.getCaptionStyle(),org.apache.pdfbox.cos.COSDictionary.getString(COSName),3
org.apache.pdfbox.pdmodel.fdf.FDFJavaScript.setDoc(Map),org.apache.pdfbox.cos.COSArray.<init>(),1
org.apache.pdfbox.pdmodel.documentinterchange.logicalstructure.PDUserAttributeObject.toString(),org.apache.pdfbox.pdmodel.documentinterchange.logicalstructure.PDUserAttributeObject.getOwnerUserProperties(),3
org.apache.pdfbox.pdmodel.documentinterchange.logicalstructure.PDUserAttributeObject.getOwnerUserProperties(),org.apache.pdfbox.cos.COSDictionary.getDictionaryObject(COSName),3
org.apache.pdfbox.pdmodel.documentinterchange.logicalstructure.PDUserAttributeObject.toString(),org.apache.pdfbox.pdmodel.documentinterchange.logicalstructure.PDAttributeObject.toString(),3
"org.apache.pdfbox.pdmodel.documentinterchange.logicalstructure.PDDefaultAttributeObject.setAttribute(String, COSBase)",org.apache.pdfbox.pdmodel.documentinterchange.logicalstructure.PDDefaultAttributeObject.getAttributeValue(String),2
org.apache.pdfbox.pdmodel.documentinterchange.logicalstructure.PDDefaultAttributeObject.getAttributeValue(String),org.apache.pdfbox.cos.COSDictionary.getDictionaryObject(String),2
"org.apache.pdfbox.pdmodel.documentinterchange.logicalstructure.PDDefaultAttributeObject.setAttribute(String, COSBase)","org.apache.pdfbox.cos.COSDictionary.setItem(COSName, COSBase)",1
"org.apache.pdfbox.pdmodel.documentinterchange.logicalstructure.PDDefaultAttributeObject.setAttribute(String, COSBase)",org.apache.pdfbox.cos.COSName.getPDFName(String),1
"org.apache.pdfbox.pdmodel.documentinterchange.logicalstructure.PDDefaultAttributeObject.setAttribute(String, COSBase)","org.apache.pdfbox.pdmodel.documentinterchange.logicalstructure.PDAttributeObject.potentiallyNotifyChanged(COSBase, COSBase)",1
org.apache.pdfbox.pdmodel.interactive.documentnavigation.destination.PDPageFitHeightDestination.fitBoundingBox(),org.apache.pdfbox.cos.COSArray.getName(int),5
org.apache.pdfbox.pdmodel.interactive.documentnavigation.destination.PDPageFitHeightDestination.setLeft(int),"org.apache.pdfbox.cos.COSArray.setInt(int, int)",3
org.apache.pdfbox.pdmodel.interactive.documentnavigation.destination.PDPageFitHeightDestination.setLeft(int),org.apache.pdfbox.cos.COSArray.growToSize(int),4
org.apache.pdfbox.pdmodel.interactive.form.PDChoice.getDefaultValue(),org.apache.pdfbox.pdmodel.interactive.form.PDChoice.getValueFor(COSName),4
org.apache.pdfbox.pdmodel.interactive.form.PDChoice.getValueFor(COSName),org.apache.pdfbox.cos.COSString.getString(),1
org.apache.pdfbox.pdmodel.interactive.form.PDChoice.getValueFor(COSName),org.apache.pdfbox.cos.COSDictionary.getDictionaryObject(COSName),6
org.apache.pdfbox.pdmodel.interactive.form.PDChoice.setDefaultValue(String),"org.apache.pdfbox.cos.COSDictionary.setString(COSName, String)",1
org.apache.pdfbox.pdmodel.interactive.form.PDChoice.setValue(List),org.apache.pdfbox.pdmodel.interactive.form.PDChoice.isMultiSelect(),1
org.apache.pdfbox.pdmodel.interactive.form.PDChoice.isMultiSelect(),"org.apache.pdfbox.cos.COSDictionary.getFlag(COSName, int)",3
org.apache.pdfbox.pdmodel.interactive.form.PDNonTerminalField.setChildren(List),"org.apache.pdfbox.cos.COSDictionary.setItem(COSName, COSBase)",1
org.apache.pdfbox.pdmodel.interactive.form.PDNonTerminalField.setChildren(List),org.apache.pdfbox.pdmodel.common.COSArrayList.converterToCOSArray(List),2
org.apache.pdfbox.pdmodel.interactive.measurement.PDRectlinearMeasureDictionary.getLineSloaps(),org.apache.pdfbox.cos.COSDictionary.getDictionaryObject(String),2
org.apache.pdfbox.pdmodel.interactive.measurement.PDRectlinearMeasureDictionary.getLineSloaps(),org.apache.pdfbox.cos.COSArray.size(),2
org.apache.pdfbox.pdmodel.interactive.measurement.PDRectlinearMeasureDictionary.setLineSloaps(PDNumberFormatDictionary[]),"org.apache.pdfbox.cos.COSDictionary.setItem(String, COSBase)",1
org.apache.pdfbox.pdmodel.PDDocumentInformation.setSubject(String),"org.apache.pdfbox.cos.COSDictionary.setString(COSName, String)",2
org.apache.pdfbox.pdmodel.PDDocumentInformation.getSubject(),org.apache.pdfbox.cos.COSDictionary.getString(COSName),3
"org.apache.pdfbox.pdmodel.common.COSArrayList.addAll(int, Collection)","org.apache.pdfbox.pdmodel.common.COSArrayList.addAll(int, Collection)",1
"org.apache.pdfbox.pdmodel.common.COSArrayList.addAll(int, Collection)","org.apache.pdfbox.cos.COSArray.addAll(int, Collection)",3
org.apache.pdfbox.pdmodel.documentinterchange.logicalstructure.PDStructureElement.setActualText(String),"org.apache.pdfbox.cos.COSDictionary.setString(COSName, String)",1
org.apache.pdfbox.pdmodel.documentinterchange.logicalstructure.PDStructureElement.getActualText(),org.apache.pdfbox.cos.COSDictionary.getString(COSName),2
org.apache.pdfbox.pdmodel.graphics.pattern.PDShadingPattern.getShading(),org.apache.pdfbox.cos.COSDictionary.getDictionaryObject(COSName),1
org.apache.pdfbox.pdmodel.interactive.digitalsignature.PDSignature.setType(COSName),"org.apache.pdfbox.cos.COSDictionary.setItem(COSName, COSBase)",1
org.apache.pdfbox.pdmodel.interactive.form.PDNonTerminalField.exportFDF(),org.apache.pdfbox.pdmodel.interactive.form.PDNonTerminalField.getChildren(),1
org.apache.pdfbox.pdmodel.interactive.form.PDNonTerminalField.exportFDF(),org.apache.pdfbox.pdmodel.fdf.FDFField.setPartialFieldName(String),1
org.apache.pdfbox.pdmodel.interactive.form.PDNonTerminalField.exportFDF(),org.apache.pdfbox.pdmodel.interactive.form.PDField.getPartialName(),1
org.apache.pdfbox.pdmodel.interactive.form.PDNonTerminalField.exportFDF(),org.apache.pdfbox.pdmodel.fdf.FDFField.<init>(),1
org.apache.pdfbox.pdmodel.interactive.form.PDNonTerminalField.exportFDF(),org.apache.pdfbox.pdmodel.fdf.FDFField.setValue(COSBase),1
org.apache.pdfbox.pdmodel.interactive.form.PDNonTerminalField.exportFDF(),org.apache.pdfbox.pdmodel.interactive.form.PDNonTerminalField.getValue(),1
org.apache.pdfbox.pdmodel.interactive.form.PDNonTerminalField.getValue(),org.apache.pdfbox.cos.COSDictionary.getDictionaryObject(COSName),3
org.apache.pdfbox.pdmodel.interactive.measurement.PDRectlinearMeasureDictionary.setChangeXs(PDNumberFormatDictionary[]),"org.apache.pdfbox.cos.COSDictionary.setItem(String, COSBase)",1
org.apache.pdfbox.pdmodel.interactive.measurement.PDRectlinearMeasureDictionary.getChangeXs(),org.apache.pdfbox.cos.COSDictionary.getDictionaryObject(String),2
org.apache.pdfbox.pdmodel.interactive.measurement.PDRectlinearMeasureDictionary.getChangeXs(),org.apache.pdfbox.cos.COSArray.size(),2
org.apache.pdfbox.pdmodel.PDDocumentCatalog.findNamedDestinationPage(PDNamedDestination),org.apache.pdfbox.pdmodel.PDDocumentCatalog.getNames(),1
"org.apache.pdfbox.pdfparser.PDFParser.<init>(RandomAccessRead, ScratchFile)","org.apache.pdfbox.pdfparser.PDFParser.<init>(RandomAccessRead, String, ScratchFile)",2
org.apache.pdfbox.pdmodel.common.filespecification.PDComplexFileSpecification.setFileMac(String),"org.apache.pdfbox.cos.COSDictionary.setString(COSName, String)",2
org.apache.pdfbox.pdmodel.common.filespecification.PDComplexFileSpecification.getFileMac(),org.apache.pdfbox.cos.COSDictionary.getString(COSName),4
org.apache.pdfbox.pdmodel.documentinterchange.logicalstructure.PDStructureTreeRoot.getK(),org.apache.pdfbox.cos.COSDictionary.getDictionaryObject(COSName),7
org.apache.pdfbox.pdmodel.encryption.PDEncryption.setSubFilter(String),"org.apache.pdfbox.cos.COSDictionary.setName(COSName, String)",1
org.apache.pdfbox.pdmodel.encryption.PDEncryption.getSubFilter(),org.apache.pdfbox.cos.COSDictionary.getNameAsString(COSName),2
org.apache.pdfbox.pdmodel.fdf.FDFAnnotationFreeText.<init>(Element),org.apache.pdfbox.pdmodel.fdf.FDFAnnotation.<init>(Element),3
org.apache.pdfbox.pdmodel.fdf.FDFAnnotation.setRectangle(PDRectangle),"org.apache.pdfbox.cos.COSDictionary.setItem(COSName, COSObjectable)",1
org.apache.pdfbox.pdmodel.fdf.FDFAnnotationPolygon.getInteriorColor(),org.apache.pdfbox.cos.COSDictionary.getDictionaryObject(COSName),2
org.apache.pdfbox.pdmodel.PDResources.getPropertiesNames(),org.apache.pdfbox.pdmodel.PDResources.getNames(COSName),2
org.apache.pdfbox.pdmodel.PDResources.getNames(COSName),org.apache.pdfbox.cos.COSDictionary.keySet(),1
org.apache.pdfbox.pdmodel.PDResources.getNames(COSName),org.apache.pdfbox.cos.COSDictionary.getDictionaryObject(COSName),8
"org.apache.pdfbox.pdmodel.PDResources.put(COSName, PDFont)","org.apache.pdfbox.pdmodel.PDResources.put(COSName, COSName, COSObjectable)",1
org.apache.pdfbox.filter.ASCII85OutputStream.close(),org.apache.pdfbox.filter.ASCII85OutputStream.flush(),2
org.apache.pdfbox.pdmodel.common.filespecification.PDComplexFileSpecification.setVolatile(boolean),"org.apache.pdfbox.cos.COSDictionary.setBoolean(COSName, boolean)",1
org.apache.pdfbox.pdmodel.common.filespecification.PDSimpleFileSpecification.<init>(),org.apache.pdfbox.cos.COSString.<init>(String),5
org.apache.pdfbox.pdmodel.common.filespecification.PDSimpleFileSpecification.<init>(),org.apache.pdfbox.pdmodel.common.filespecification.PDFileSpecification.<init>(),5
org.apache.pdfbox.pdmodel.fdf.FDFAnnotationFreeText.getJustification(),"org.apache.pdfbox.cos.COSDictionary.getInt(COSName, int)",1
org.apache.pdfbox.pdmodel.fdf.FDFAnnotationLine.setCaptionHorizontalOffset(float),org.apache.pdfbox.cos.COSFloat.<init>(float),1
org.apache.pdfbox.pdmodel.fdf.FDFAnnotationLine.setCaptionHorizontalOffset(float),"org.apache.pdfbox.cos.COSArray.set(int, COSBase)",1
org.apache.pdfbox.pdmodel.fdf.FDFField.setValue(Object),org.apache.pdfbox.pdmodel.fdf.FDFField.getCOSObject(),4
org.apache.pdfbox.pdmodel.interactive.action.PDWindowsLaunchParams.setOperation(String),"org.apache.pdfbox.cos.COSDictionary.setString(COSName, String)",2
org.apache.pdfbox.pdmodel.interactive.action.PDWindowsLaunchParams.getDirectory(),org.apache.pdfbox.cos.COSDictionary.getString(COSName),3
org.apache.pdfbox.pdmodel.interactive.annotation.PDAppearanceDictionary.getRolloverAppearance(),org.apache.pdfbox.cos.COSDictionary.getDictionaryObject(COSName),3
org.apache.pdfbox.pdmodel.interactive.annotation.PDAppearanceDictionary.getRolloverAppearance(),org.apache.pdfbox.pdmodel.interactive.annotation.PDAppearanceDictionary.getNormalAppearance(),2
org.apache.pdfbox.pdmodel.interactive.annotation.PDAppearanceDictionary.setNormalAppearance(PDAppearanceStream),"org.apache.pdfbox.cos.COSDictionary.setItem(COSName, COSObjectable)",4
org.apache.pdfbox.pdmodel.interactive.measurement.PDRectlinearMeasureDictionary.setDistances(PDNumberFormatDictionary[]),"org.apache.pdfbox.cos.COSDictionary.setItem(String, COSBase)",1
org.apache.pdfbox.pdmodel.interactive.measurement.PDRectlinearMeasureDictionary.getDistances(),org.apache.pdfbox.cos.COSDictionary.getDictionaryObject(String),2
org.apache.pdfbox.pdmodel.interactive.measurement.PDRectlinearMeasureDictionary.getDistances(),org.apache.pdfbox.cos.COSArray.size(),2
org.apache.pdfbox.filter.ccitt.CCITTFaxG31DDecodeInputStream.readBit(),org.apache.pdfbox.filter.ccitt.CCITTFaxG31DDecodeInputStream.readByte(),1
org.apache.pdfbox.pdmodel.documentinterchange.logicalstructure.PDStructureElement.setAlternateDescription(String),"org.apache.pdfbox.cos.COSDictionary.setString(COSName, String)",1
org.apache.pdfbox.pdmodel.documentinterchange.logicalstructure.PDStructureElement.getAlternateDescription(),org.apache.pdfbox.cos.COSDictionary.getString(COSName),2
org.apache.pdfbox.pdmodel.encryption.PDEncryption.setUserKey(byte[]),"org.apache.pdfbox.cos.COSDictionary.setItem(COSName, COSBase)",2
org.apache.pdfbox.pdmodel.encryption.PDEncryption.getUserKey(),org.apache.pdfbox.cos.COSDictionary.getDictionaryObject(COSName),3
org.apache.pdfbox.pdmodel.graphics.state.PDExtendedGraphicsState.copyIntoGraphicsState(PDGraphicsState),org.apache.pdfbox.pdmodel.graphics.state.PDExtendedGraphicsState.getLineCapStyle(),1
org.apache.pdfbox.pdmodel.interactive.annotation.PDAnnotationLine.setBorderStyle(PDBorderStyleDictionary),"org.apache.pdfbox.cos.COSDictionary.setItem(COSName, COSObjectable)",1
org.apache.pdfbox.io.MemoryUsageSetting.setupMixed(long),"org.apache.pdfbox.io.MemoryUsageSetting.setupMixed(long, long)",13
"org.apache.pdfbox.io.MemoryUsageSetting.setupMixed(long, long)","org.apache.pdfbox.io.MemoryUsageSetting.<init>(boolean, boolean, long, long)",24
org.apache.pdfbox.pdmodel.common.COSDictionaryMap.size(),org.apache.pdfbox.cos.COSDictionary.size(),1
org.apache.pdfbox.pdmodel.interactive.action.PDActionLaunch.setD(String),"org.apache.pdfbox.cos.COSDictionary.setString(COSName, String)",2
org.apache.pdfbox.pdmodel.interactive.action.PDActionLaunch.getD(),org.apache.pdfbox.cos.COSDictionary.getString(COSName),3
org.apache.pdfbox.pdmodel.interactive.measurement.PDNumberFormatDictionary.setLabelPrefixString(String),"org.apache.pdfbox.cos.COSDictionary.setString(String, String)",1
org.apache.pdfbox.pdmodel.interactive.measurement.PDNumberFormatDictionary.getLabelPrefixString(),"org.apache.pdfbox.cos.COSDictionary.getString(String, String)",2
org.apache.pdfbox.pdmodel.common.function.PDFunctionType0.getOrder(),org.apache.pdfbox.pdmodel.common.function.PDFunction.getCOSObject(),1
org.apache.pdfbox.pdmodel.documentinterchange.taggedpdf.PDPrintFieldAttributeObject.getRole(),org.apache.pdfbox.pdmodel.documentinterchange.taggedpdf.PDStandardAttributeObject.getName(String),5
org.apache.pdfbox.pdmodel.graphics.color.PDGamma.setB(float),org.apache.pdfbox.cos.COSFloat.<init>(float),4
org.apache.pdfbox.pdmodel.graphics.color.PDGamma.setB(float),"org.apache.pdfbox.cos.COSArray.set(int, COSBase)",2
"org.apache.pdfbox.pdmodel.graphics.color.PDOutputIntent.<init>(PDDocument, InputStream)","org.apache.pdfbox.pdmodel.graphics.color.PDOutputIntent.configureOutputProfile(PDDocument, InputStream)",1
"org.apache.pdfbox.pdmodel.graphics.color.PDOutputIntent.<init>(PDDocument, InputStream)","org.apache.pdfbox.cos.COSDictionary.setItem(COSName, COSBase)",2
"org.apache.pdfbox.pdmodel.graphics.color.PDOutputIntent.<init>(PDDocument, InputStream)",org.apache.pdfbox.cos.COSDictionary.<init>(),1
org.apache.pdfbox.pdmodel.documentinterchange.logicalstructure.PDStructureElement.setClassNames(Revisions),"org.apache.pdfbox.cos.COSDictionary.setItem(COSName, COSBase)",3
org.apache.pdfbox.pdmodel.documentinterchange.logicalstructure.PDStructureElement.setClassNames(Revisions),org.apache.pdfbox.cos.COSName.getPDFName(String),1
org.apache.pdfbox.pdmodel.documentinterchange.logicalstructure.PDStructureElement.setClassNames(Revisions),org.apache.pdfbox.cos.COSArray.add(COSBase),2
org.apache.pdfbox.pdmodel.documentinterchange.logicalstructure.PDStructureElement.setClassNames(Revisions),org.apache.pdfbox.cos.COSInteger.get(long),1
org.apache.pdfbox.pdmodel.documentinterchange.logicalstructure.PDStructureElement.incrementRevisionNumber(),org.apache.pdfbox.pdmodel.documentinterchange.logicalstructure.PDStructureElement.getRevisionNumber(),3
org.apache.pdfbox.pdmodel.documentinterchange.logicalstructure.PDStructureElement.incrementRevisionNumber(),org.apache.pdfbox.pdmodel.documentinterchange.logicalstructure.PDStructureElement.setRevisionNumber(int),2
org.apache.pdfbox.pdmodel.documentinterchange.logicalstructure.PDStructureElement.setRevisionNumber(int),"org.apache.pdfbox.cos.COSDictionary.setInt(COSName, int)",3
org.apache.pdfbox.pdmodel.fdf.FDFField.setWidgetFieldFlags(int),"org.apache.pdfbox.cos.COSDictionary.setInt(COSName, int)",4
org.apache.pdfbox.pdmodel.fdf.FDFTemplate.setRename(boolean),"org.apache.pdfbox.cos.COSDictionary.setBoolean(COSName, boolean)",2
org.apache.pdfbox.pdmodel.fdf.FDFTemplate.shouldRename(),"org.apache.pdfbox.cos.COSDictionary.getBoolean(COSName, boolean)",2
org.apache.pdfbox.pdmodel.font.PDType3CharProc.getGlyphBBox(),org.apache.pdfbox.pdfparser.PDFStreamParser.<init>(PDContentStream),1
org.apache.pdfbox.pdmodel.interactive.action.PDActionResetForm.<init>(),org.apache.pdfbox.pdmodel.interactive.action.PDAction.<init>(),6
org.apache.pdfbox.pdmodel.interactive.action.PDActionResetForm.<init>(),org.apache.pdfbox.pdmodel.interactive.action.PDAction.setSubType(String),6
org.apache.pdfbox.pdmodel.interactive.action.PDActionResetForm.<init>(),org.apache.pdfbox.cos.COSDictionary.<init>(),6
org.apache.pdfbox.pdmodel.interactive.action.PDActionResetForm.setFields(COSArray),"org.apache.pdfbox.cos.COSDictionary.setItem(COSName, COSBase)",1
org.apache.pdfbox.pdmodel.interactive.action.PDActionSound.<init>(),org.apache.pdfbox.pdmodel.interactive.action.PDAction.<init>(),4
org.apache.pdfbox.pdmodel.interactive.action.PDActionSound.<init>(),org.apache.pdfbox.pdmodel.interactive.action.PDAction.setSubType(String),4
org.apache.pdfbox.pdmodel.interactive.action.PDActionSound.<init>(),org.apache.pdfbox.cos.COSDictionary.<init>(),4
org.apache.pdfbox.pdmodel.interactive.action.PDActionSound.getS(),org.apache.pdfbox.cos.COSDictionary.getNameAsString(COSName),3
org.apache.pdfbox.pdmodel.interactive.annotation.PDAnnotationLine.getBorderStyle(),org.apache.pdfbox.cos.COSDictionary.getDictionaryObject(COSName),1
org.apache.pdfbox.pdmodel.interactive.documentnavigation.destination.PDNamedDestination.<init>(String),org.apache.pdfbox.cos.COSString.<init>(String),3
org.apache.pdfbox.pdmodel.interactive.documentnavigation.destination.PDNamedDestination.<init>(String),org.apache.pdfbox.pdmodel.interactive.documentnavigation.destination.PDDestination.<init>(),3
org.apache.pdfbox.pdmodel.interactive.documentnavigation.destination.PDDestination.create(COSBase),org.apache.pdfbox.pdmodel.interactive.documentnavigation.destination.PDNamedDestination.<init>(COSString),1
org.apache.pdfbox.pdmodel.interactive.documentnavigation.destination.PDNamedDestination.<init>(COSString),org.apache.pdfbox.pdmodel.interactive.documentnavigation.destination.PDDestination.<init>(),2
org.apache.pdfbox.pdmodel.interactive.form.PDCheckBox.isChecked(),org.apache.pdfbox.pdmodel.interactive.form.PDButton.getValue(),1
org.apache.pdfbox.pdmodel.interactive.form.PDButton.getValue(),org.apache.pdfbox.pdmodel.interactive.form.PDField.getInheritableAttribute(COSName),3
org.apache.pdfbox.pdmodel.interactive.form.PDTextField.setDefaultValue(String),"org.apache.pdfbox.cos.COSDictionary.setString(COSName, String)",2
org.apache.pdfbox.pdmodel.interactive.form.PDTextField.getDefaultValue(),org.apache.pdfbox.pdmodel.interactive.form.PDVariableText.getStringOrStream(COSBase),2
org.apache.pdfbox.pdmodel.interactive.form.PDTextField.getDefaultValue(),org.apache.pdfbox.pdmodel.interactive.form.PDField.getInheritableAttribute(COSName),3
org.apache.pdfbox.pdmodel.interactive.measurement.PDNumberFormatDictionary.setDecimalSeparator(String),"org.apache.pdfbox.cos.COSDictionary.setString(String, String)",1
org.apache.pdfbox.pdmodel.interactive.measurement.PDNumberFormatDictionary.getDecimalSeparator(),"org.apache.pdfbox.cos.COSDictionary.getString(String, String)",2
"org.apache.pdfbox.pdmodel.PDDocument.load(InputStream, String, MemoryUsageSetting)","org.apache.pdfbox.pdmodel.PDDocument.load(InputStream, String, InputStream, String, MemoryUsageSetting)",1
org.apache.pdfbox.pdmodel.PDPage.setCropBox(PDRectangle),org.apache.pdfbox.cos.COSDictionary.removeItem(COSName),2
org.apache.pdfbox.pdmodel.PDResources.getPattern(COSName),"org.apache.pdfbox.pdmodel.PDResources.get(COSName, COSName)",1
org.apache.pdfbox.pdmodel.PDResources.getPattern(COSName),"org.apache.pdfbox.pdmodel.PDResources.getIndirect(COSName, COSName)",1
org.apache.pdfbox.pdmodel.PDResources.getExtGState(COSName),"org.apache.pdfbox.pdmodel.PDResources.get(COSName, COSName)",1
org.apache.pdfbox.pdmodel.PDResources.getExtGState(COSName),"org.apache.pdfbox.pdmodel.PDResources.getIndirect(COSName, COSName)",1
org.apache.pdfbox.pdfparser.BaseParser.readString(int),org.apache.pdfbox.pdfparser.InputStreamSource.unread(int),1
org.apache.pdfbox.pdmodel.documentinterchange.logicalstructure.PDStructureElement.setExpandedForm(String),"org.apache.pdfbox.cos.COSDictionary.setString(COSName, String)",1
org.apache.pdfbox.pdmodel.documentinterchange.logicalstructure.PDStructureElement.getExpandedForm(),org.apache.pdfbox.cos.COSDictionary.getString(COSName),2
org.apache.pdfbox.pdmodel.documentinterchange.taggedpdf.PDTableAttributeObject.toString(),org.apache.pdfbox.pdmodel.documentinterchange.taggedpdf.PDTableAttributeObject.getScope(),1
org.apache.pdfbox.pdmodel.graphics.optionalcontent.PDOptionalContentProperties.isGroupEnabled(String),org.apache.pdfbox.pdmodel.graphics.optionalcontent.PDOptionalContentProperties.getBaseState(),2
org.apache.pdfbox.pdmodel.graphics.optionalcontent.PDOptionalContentProperties.isGroupEnabled(String),org.apache.pdfbox.cos.COSDictionary.getDictionaryObject(COSName),4
org.apache.pdfbox.filter.ccitt.PackedBitArray.set(int),org.apache.pdfbox.filter.ccitt.PackedBitArray.byteOffset(int),6
org.apache.pdfbox.pdmodel.documentinterchange.logicalstructure.PDUserProperty.setHidden(boolean),"org.apache.pdfbox.cos.COSDictionary.setBoolean(COSName, boolean)",1
org.apache.pdfbox.pdmodel.documentinterchange.logicalstructure.Revisions.toString(),org.apache.pdfbox.pdmodel.documentinterchange.logicalstructure.Revisions.getRevisionNumber(int),2
org.apache.pdfbox.pdmodel.documentinterchange.logicalstructure.Revisions.toString(),org.apache.pdfbox.pdmodel.documentinterchange.logicalstructure.Revisions.getObjects(),6
org.apache.pdfbox.pdmodel.interactive.action.PDActionRemoteGoTo.setOpenInNewWindow(boolean),"org.apache.pdfbox.cos.COSDictionary.setBoolean(String, boolean)",1
org.apache.pdfbox.pdmodel.interactive.action.PDActionRemoteGoTo.shouldOpenInNewWindow(),"org.apache.pdfbox.cos.COSDictionary.getBoolean(String, boolean)",2
"org.apache.pdfbox.pdmodel.PDResources.put(COSName, PDXObject)","org.apache.pdfbox.pdmodel.PDResources.put(COSName, COSName, COSObjectable)",1
org.apache.pdfbox.cos.COSArray.toList(),org.apache.pdfbox.cos.COSArray.size(),13
org.apache.pdfbox.pdmodel.documentinterchange.taggedpdf.PDPrintFieldAttributeObject.toString(),org.apache.pdfbox.pdmodel.documentinterchange.taggedpdf.PDPrintFieldAttributeObject.getAlternateName(),1
org.apache.pdfbox.pdmodel.documentinterchange.taggedpdf.PDPrintFieldAttributeObject.setAlternateName(String),"org.apache.pdfbox.pdmodel.documentinterchange.taggedpdf.PDStandardAttributeObject.setString(String, String)",4
org.apache.pdfbox.pdmodel.interactive.action.PDActionLaunch.setOpenInNewWindow(boolean),"org.apache.pdfbox.cos.COSDictionary.setBoolean(String, boolean)",1
org.apache.pdfbox.pdmodel.interactive.action.PDActionLaunch.shouldOpenInNewWindow(),"org.apache.pdfbox.cos.COSDictionary.getBoolean(String, boolean)",2
org.apache.pdfbox.filter.FilterFactory.getFilter(String),org.apache.pdfbox.filter.FilterFactory.getFilter(COSName),2
org.apache.pdfbox.filter.FilterFactory.getFilter(String),org.apache.pdfbox.cos.COSName.getPDFName(String),2
org.apache.pdfbox.pdmodel.common.function.PDFunctionType0.eval(float[]),org.apache.pdfbox.pdmodel.common.function.PDFunctionType0.getSize(),2
org.apache.pdfbox.pdmodel.encryption.PDEncryption.getSecurityHandler(),org.apache.pdfbox.pdmodel.encryption.PDEncryption.getFilter(),1
org.apache.pdfbox.pdmodel.graphics.color.PDJPXColorSpace.toRGBImage(WritableRaster),"org.apache.pdfbox.pdmodel.graphics.color.PDColorSpace.toRGBImageAWT(WritableRaster, ColorSpace)",1
org.apache.pdfbox.pdmodel.graphics.state.PDExtendedGraphicsState.copyIntoGraphicsState(PDGraphicsState),org.apache.pdfbox.pdmodel.graphics.state.PDExtendedGraphicsState.getAutomaticStrokeAdjustment(),1
org.apache.pdfbox.pdmodel.interactive.documentnavigation.destination.PDPageXYZDestination.setTop(int),"org.apache.pdfbox.cos.COSArray.setInt(int, int)",3
org.apache.pdfbox.pdmodel.interactive.documentnavigation.destination.PDPageXYZDestination.setTop(int),org.apache.pdfbox.cos.COSArray.growToSize(int),4
org.apache.pdfbox.pdmodel.interactive.form.PDVariableText.setQ(int),"org.apache.pdfbox.cos.COSDictionary.setInt(COSName, int)",3
org.apache.pdfbox.pdmodel.interactive.measurement.PDRectlinearMeasureDictionary.setAngles(PDNumberFormatDictionary[]),"org.apache.pdfbox.cos.COSDictionary.setItem(String, COSBase)",1
org.apache.pdfbox.pdmodel.interactive.measurement.PDRectlinearMeasureDictionary.getAngles(),org.apache.pdfbox.cos.COSDictionary.getDictionaryObject(String),2
org.apache.pdfbox.pdmodel.interactive.measurement.PDRectlinearMeasureDictionary.getAngles(),org.apache.pdfbox.cos.COSArray.size(),2
org.apache.pdfbox.pdmodel.PDPage.setBleedBox(PDRectangle),org.apache.pdfbox.cos.COSDictionary.removeItem(COSName),2
org.apache.pdfbox.pdmodel.common.PDNumberTreeNode.createChildNode(COSDictionary),"org.apache.pdfbox.pdmodel.common.PDNumberTreeNode.<init>(COSDictionary, Class)",2
org.apache.pdfbox.pdmodel.encryption.AccessPermission.hasAnyRevision3PermissionSet(),org.apache.pdfbox.pdmodel.encryption.AccessPermission.canFillInForm(),8
org.apache.pdfbox.pdmodel.interactive.digitalsignature.PDPropBuildDataDict.setDate(String),"org.apache.pdfbox.cos.COSDictionary.setString(COSName, String)",2
org.apache.pdfbox.pdmodel.interactive.digitalsignature.PDPropBuildDataDict.getDate(),org.apache.pdfbox.cos.COSDictionary.getString(COSName),3
org.apache.pdfbox.pdmodel.common.filespecification.PDFileSpecification.createFS(COSBase),org.apache.pdfbox.pdmodel.common.filespecification.PDComplexFileSpecification.<init>(COSDictionary),1
org.apache.pdfbox.pdmodel.fdf.FDFAnnotation.getOpacity(),"org.apache.pdfbox.cos.COSDictionary.getFloat(COSName, float)",2
org.apache.pdfbox.pdmodel.fdf.FDFAnnotationStamp.<init>(),org.apache.pdfbox.pdmodel.fdf.FDFAnnotation.<init>(),3
org.apache.pdfbox.pdmodel.fdf.FDFAnnotationStamp.<init>(),"org.apache.pdfbox.cos.COSDictionary.setName(COSName, String)",3
org.apache.pdfbox.pdmodel.fdf.FDFAnnotationText.<init>(COSDictionary),org.apache.pdfbox.pdmodel.fdf.FDFAnnotation.<init>(COSDictionary),11
org.apache.pdfbox.pdmodel.interactive.annotation.PDAnnotationLink.<init>(COSDictionary),org.apache.pdfbox.pdmodel.interactive.annotation.PDAnnotation.<init>(COSDictionary),1
org.apache.pdfbox.pdmodel.interactive.documentnavigation.destination.PDPageFitDestination.fitBoundingBox(),org.apache.pdfbox.cos.COSArray.getName(int),3
org.apache.pdfbox.pdmodel.interactive.form.PDAcroForm.setXFA(PDXFAResource),"org.apache.pdfbox.cos.COSDictionary.setItem(COSName, COSObjectable)",1
org.apache.pdfbox.pdmodel.interactive.form.PDButton.setValue(String),org.apache.pdfbox.pdmodel.interactive.form.PDTerminalField.getWidgets(),1
org.apache.pdfbox.pdmodel.interactive.form.PDButton.setValue(String),"org.apache.pdfbox.cos.COSDictionary.setName(COSName, String)",1
org.apache.pdfbox.pdmodel.interactive.form.PDButton.setValue(String),org.apache.pdfbox.pdmodel.interactive.annotation.PDAnnotation.getAppearance(),1
org.apache.pdfbox.pdmodel.interactive.form.PDChoice.setValue(List),org.apache.pdfbox.pdmodel.interactive.form.PDTerminalField.applyChange(),2
org.apache.pdfbox.pdmodel.interactive.form.PDChoice.setValue(List),org.apache.pdfbox.cos.COSDictionary.removeItem(COSName),2
"org.apache.pdfbox.pdmodel.common.filespecification.PDEmbeddedFile.<init>(PDDocument, InputStream)","org.apache.pdfbox.pdmodel.common.PDStream.<init>(PDDocument, InputStream)",1
org.apache.pdfbox.pdmodel.common.function.PDFunctionType3.getEncode(),org.apache.pdfbox.pdmodel.common.function.PDFunction.getCOSObject(),1
org.apache.pdfbox.pdmodel.fdf.FDFAnnotationLink.<init>(),org.apache.pdfbox.pdmodel.fdf.FDFAnnotation.<init>(),3
org.apache.pdfbox.pdmodel.fdf.FDFAnnotationLink.<init>(),"org.apache.pdfbox.cos.COSDictionary.setName(COSName, String)",3
org.apache.pdfbox.pdmodel.fdf.FDFAnnotationStrikeOut.<init>(Element),org.apache.pdfbox.pdmodel.fdf.FDFAnnotationTextMarkup.<init>(Element),1
org.apache.pdfbox.pdmodel.interactive.measurement.PDNumberFormatDictionary.setDenominator(int),"org.apache.pdfbox.cos.COSDictionary.setInt(String, int)",2
org.apache.pdfbox.pdmodel.interactive.measurement.PDNumberFormatDictionary.getDenominator(),org.apache.pdfbox.cos.COSDictionary.getInt(String),3
org.apache.pdfbox.pdmodel.common.filespecification.PDComplexFileSpecification.setEmbeddedFileUnicode(PDEmbeddedFile),org.apache.pdfbox.pdmodel.common.filespecification.PDComplexFileSpecification.getEFDictionary(),1
org.apache.pdfbox.pdmodel.common.filespecification.PDComplexFileSpecification.getEFDictionary(),org.apache.pdfbox.cos.COSDictionary.getDictionaryObject(COSName),10
org.apache.pdfbox.pdmodel.common.function.PDFunctionType3.getBounds(),org.apache.pdfbox.pdmodel.common.function.PDFunction.getCOSObject(),1
org.apache.pdfbox.pdmodel.documentinterchange.logicalstructure.PDUserProperty.setName(String),"org.apache.pdfbox.pdmodel.documentinterchange.logicalstructure.PDUserProperty.potentiallyNotifyChanged(Object, Object)",2
org.apache.pdfbox.pdmodel.documentinterchange.logicalstructure.PDUserProperty.setName(String),org.apache.pdfbox.pdmodel.documentinterchange.logicalstructure.PDUserProperty.getName(),2
org.apache.pdfbox.pdmodel.fdf.FDFField.setRichText(COSStream),"org.apache.pdfbox.cos.COSDictionary.setItem(COSName, COSBase)",5
"org.apache.pdfbox.pdmodel.graphics.form.PDTransparencyGroup.<init>(COSStream, ResourceCache)","org.apache.pdfbox.pdmodel.graphics.form.PDFormXObject.<init>(COSStream, ResourceCache)",1
"org.apache.pdfbox.pdmodel.graphics.form.PDFormXObject.<init>(COSStream, ResourceCache)","org.apache.pdfbox.pdmodel.graphics.PDXObject.<init>(COSStream, COSName)",2
org.apache.pdfbox.pdmodel.interactive.annotation.PDAnnotation.setAnnotationName(String),"org.apache.pdfbox.cos.COSDictionary.setString(COSName, String)",1
org.apache.pdfbox.pdmodel.interactive.digitalsignature.PDSignature.setLocation(String),"org.apache.pdfbox.cos.COSDictionary.setString(COSName, String)",2
org.apache.pdfbox.pdmodel.interactive.digitalsignature.PDSignature.getLocation(),org.apache.pdfbox.cos.COSDictionary.getString(COSName),3
org.apache.pdfbox.pdmodel.interactive.documentnavigation.destination.PDPageFitRectangleDestination.setTop(int),"org.apache.pdfbox.cos.COSArray.setInt(int, int)",3
org.apache.pdfbox.pdmodel.interactive.documentnavigation.destination.PDPageFitRectangleDestination.setTop(int),org.apache.pdfbox.cos.COSArray.growToSize(int),4
"org.apache.pdfbox.pdmodel.interactive.form.PDFieldFactory.createField(PDAcroForm, COSDictionary, PDNonTerminalField)","org.apache.pdfbox.pdmodel.interactive.form.PDFieldFactory.createButtonSubType(PDAcroForm, COSDictionary, PDNonTerminalField)",1
"org.apache.pdfbox.pdmodel.interactive.form.PDFieldFactory.createButtonSubType(PDAcroForm, COSDictionary, PDNonTerminalField)","org.apache.pdfbox.cos.COSDictionary.getInt(COSName, int)",1
"org.apache.pdfbox.pdmodel.interactive.form.PDFieldFactory.createButtonSubType(PDAcroForm, COSDictionary, PDNonTerminalField)","org.apache.pdfbox.pdmodel.interactive.form.PDPushButton.<init>(PDAcroForm, COSDictionary, PDNonTerminalField)",1
"org.apache.pdfbox.pdmodel.interactive.form.PDPushButton.<init>(PDAcroForm, COSDictionary, PDNonTerminalField)","org.apache.pdfbox.pdmodel.interactive.form.PDButton.<init>(PDAcroForm, COSDictionary, PDNonTerminalField)",9
"org.apache.pdfbox.pdmodel.PDDocumentInformation.setCustomMetadataValue(String, String)","org.apache.pdfbox.cos.COSDictionary.setString(String, String)",3
org.apache.pdfbox.pdmodel.PDDocumentInformation.getPropertyStringValue(String),org.apache.pdfbox.cos.COSDictionary.getString(String),2
org.apache.pdfbox.pdmodel.PDDocumentInformation.setKeywords(String),"org.apache.pdfbox.cos.COSDictionary.setString(COSName, String)",2
org.apache.pdfbox.pdmodel.PDDocumentInformation.getKeywords(),org.apache.pdfbox.cos.COSDictionary.getString(COSName),3
org.apache.pdfbox.pdmodel.encryption.PDEncryption.setPerms(byte[]),"org.apache.pdfbox.cos.COSDictionary.setItem(COSName, COSBase)",2
org.apache.pdfbox.pdmodel.encryption.PDEncryption.getPerms(),org.apache.pdfbox.cos.COSDictionary.getDictionaryObject(COSName),3
org.apache.pdfbox.pdmodel.fdf.FDFAnnotationUnderline.<init>(Element),org.apache.pdfbox.pdmodel.fdf.FDFAnnotationTextMarkup.<init>(Element),2
org.apache.pdfbox.pdmodel.fdf.FDFAnnotation.setLocked(boolean),"org.apache.pdfbox.cos.COSDictionary.setFlag(COSName, int, boolean)",2
org.apache.pdfbox.pdmodel.fdf.FDFAnnotation.isLocked(),"org.apache.pdfbox.cos.COSDictionary.getFlag(COSName, int)",2
"org.apache.pdfbox.pdmodel.graphics.image.PDImageXObject.createFromFileByContent(File, PDDocument)",org.apache.pdfbox.io.IOUtils.closeQuietly(Closeable),2
org.apache.pdfbox.pdmodel.interactive.annotation.PDAnnotationRubberStamp.<init>(),org.apache.pdfbox.pdmodel.interactive.annotation.PDAnnotationMarkup.<init>(),2
org.apache.pdfbox.pdmodel.interactive.annotation.PDAnnotationRubberStamp.<init>(),org.apache.pdfbox.cos.COSName.getPDFName(String),2
org.apache.pdfbox.pdmodel.interactive.annotation.PDAnnotationRubberStamp.<init>(),"org.apache.pdfbox.cos.COSDictionary.setItem(COSName, COSBase)",2
org.apache.pdfbox.pdmodel.interactive.annotation.PDAnnotationRubberStamp.getName(),"org.apache.pdfbox.cos.COSDictionary.getNameAsString(COSName, String)",2
"org.apache.pdfbox.pdmodel.interactive.form.PDAcroForm.flatten(List, boolean)",org.apache.pdfbox.pdmodel.interactive.form.PDAcroForm.refreshAppearances(List),1
org.apache.pdfbox.pdmodel.interactive.form.PDAcroForm.refreshAppearances(List),org.apache.pdfbox.pdmodel.common.COSArrayList.iterator(),2
"org.apache.pdfbox.pdmodel.interactive.form.PDAcroForm.flatten(List, boolean)",org.apache.pdfbox.pdmodel.interactive.form.PDAcroForm.xfaIsDynamic(),3
org.apache.pdfbox.pdmodel.interactive.form.PDAcroForm.xfaIsDynamic(),org.apache.pdfbox.pdmodel.interactive.form.PDAcroForm.hasXFA(),6
org.apache.pdfbox.pdmodel.interactive.form.PDAcroForm.hasXFA(),org.apache.pdfbox.cos.COSDictionary.containsKey(COSName),8
"org.apache.pdfbox.pdmodel.interactive.form.PDAcroForm.flatten(List, boolean)",org.apache.pdfbox.pdmodel.common.COSArrayList.iterator(),2
org.apache.pdfbox.pdmodel.interactive.measurement.PDRectlinearMeasureDictionary.getCYX(),org.apache.pdfbox.cos.COSDictionary.getFloat(String),3
org.apache.pdfbox.cos.COSArray.toList(),org.apache.pdfbox.cos.COSArray.get(int),3
"org.apache.pdfbox.pdmodel.common.COSArrayList.add(int, Object)","org.apache.pdfbox.pdmodel.common.COSArrayList.add(int, Object)",1
org.apache.pdfbox.pdmodel.documentinterchange.logicalstructure.PDDefaultAttributeObject.getAttributeNames(),org.apache.pdfbox.cos.COSName.equals(Object),1
org.apache.pdfbox.pdmodel.documentinterchange.logicalstructure.PDStructureElement.removeClassName(String),org.apache.pdfbox.cos.COSArray.remove(COSBase),1
org.apache.pdfbox.pdmodel.documentinterchange.logicalstructure.PDStructureElement.removeClassName(String),org.apache.pdfbox.cos.COSName.getPDFName(String),2
org.apache.pdfbox.pdmodel.documentinterchange.logicalstructure.PDStructureElement.removeClassName(String),org.apache.pdfbox.cos.COSArray.size(),1
org.apache.pdfbox.pdmodel.documentinterchange.logicalstructure.PDStructureElement.removeClassName(String),org.apache.pdfbox.cos.COSDictionary.getDictionaryObject(COSName),2
org.apache.pdfbox.pdmodel.documentinterchange.logicalstructure.PDStructureNode.getType(),org.apache.pdfbox.cos.COSDictionary.getNameAsString(COSName),1
org.apache.pdfbox.pdmodel.documentinterchange.taggedpdf.PDArtifactMarkedContent.isRightAttached(),org.apache.pdfbox.pdmodel.documentinterchange.taggedpdf.PDArtifactMarkedContent.isAttached(String),1
org.apache.pdfbox.pdmodel.fdf.FDFAnnotationCaret.<init>(Element),org.apache.pdfbox.pdmodel.fdf.FDFAnnotation.<init>(Element),1
"org.apache.pdfbox.pdmodel.graphics.shading.ShadedTriangle.<init>(Point2D[], float[][])","org.apache.pdfbox.pdmodel.graphics.shading.ShadedTriangle.getArea(Point2D, Point2D, Point2D)",1
org.apache.pdfbox.pdmodel.interactive.action.PDActionResetForm.<init>(COSDictionary),org.apache.pdfbox.pdmodel.interactive.action.PDAction.<init>(COSDictionary),4
org.apache.pdfbox.pdmodel.interactive.action.PDActionLaunch.setO(String),"org.apache.pdfbox.cos.COSDictionary.setString(COSName, String)",2
org.apache.pdfbox.pdmodel.interactive.action.PDActionLaunch.getO(),org.apache.pdfbox.cos.COSDictionary.getString(COSName),3
org.apache.pdfbox.pdmodel.PDDocumentInformation.setAuthor(String),"org.apache.pdfbox.cos.COSDictionary.setString(COSName, String)",2
org.apache.pdfbox.pdmodel.PDDocumentInformation.getAuthor(),org.apache.pdfbox.cos.COSDictionary.getString(COSName),3
org.apache.pdfbox.pdmodel.documentinterchange.logicalstructure.PDStructureNode.removeKid(PDStructureElement),org.apache.pdfbox.pdmodel.documentinterchange.logicalstructure.PDStructureElement.setParent(PDStructureNode),1
org.apache.pdfbox.pdmodel.documentinterchange.taggedpdf.PDListAttributeObject.toString(),org.apache.pdfbox.pdmodel.documentinterchange.logicalstructure.PDAttributeObject.toString(),3
org.apache.pdfbox.pdmodel.documentinterchange.taggedpdf.PDListAttributeObject.toString(),org.apache.pdfbox.pdmodel.documentinterchange.taggedpdf.PDListAttributeObject.getListNumbering(),1
org.apache.pdfbox.pdmodel.documentinterchange.taggedpdf.PDListAttributeObject.toString(),org.apache.pdfbox.pdmodel.documentinterchange.taggedpdf.PDStandardAttributeObject.isSpecified(String),2
org.apache.pdfbox.pdmodel.documentinterchange.taggedpdf.PDPrintFieldAttributeObject.toString(),org.apache.pdfbox.pdmodel.documentinterchange.taggedpdf.PDPrintFieldAttributeObject.getRole(),1
org.apache.pdfbox.pdmodel.encryption.PDEncryption.setStdCryptFilterDictionary(PDCryptFilterDictionary),"org.apache.pdfbox.pdmodel.encryption.PDEncryption.setCryptFilterDictionary(COSName, PDCryptFilterDictionary)",1
org.apache.pdfbox.pdmodel.interactive.annotation.PDAnnotation.setModifiedDate(String),"org.apache.pdfbox.cos.COSDictionary.setString(COSName, String)",1
org.apache.pdfbox.cos.COSString.equals(Object),org.apache.pdfbox.cos.COSString.getString(),8
org.apache.pdfbox.pdmodel.common.COSArrayList.toArray(),org.apache.pdfbox.pdmodel.common.COSArrayList.toArray(),1
org.apache.pdfbox.pdmodel.common.COSArrayList.clear(),org.apache.pdfbox.pdmodel.common.COSArrayList.clear(),2
org.apache.pdfbox.pdmodel.common.COSArrayList.convertCOSNameCOSArrayToList(COSArray),org.apache.pdfbox.cos.COSArray.size(),7
org.apache.pdfbox.pdmodel.common.COSArrayList.convertCOSNameCOSArrayToList(COSArray),"org.apache.pdfbox.pdmodel.common.COSArrayList.<init>(List, COSArray)",4
org.apache.pdfbox.pdmodel.common.filespecification.PDComplexFileSpecification.setFileUnix(String),"org.apache.pdfbox.cos.COSDictionary.setString(COSName, String)",2
org.apache.pdfbox.pdmodel.common.filespecification.PDComplexFileSpecification.getFileUnix(),org.apache.pdfbox.cos.COSDictionary.getString(COSName),4
org.apache.pdfbox.pdmodel.documentinterchange.prepress.PDBoxStyle.setGuidelineStyle(String),"org.apache.pdfbox.cos.COSDictionary.setName(COSName, String)",1
org.apache.pdfbox.pdmodel.documentinterchange.prepress.PDBoxStyle.getGuidelineStyle(),"org.apache.pdfbox.cos.COSDictionary.getNameAsString(COSName, String)",2
org.apache.pdfbox.pdmodel.fdf.FDFAnnotationLine.getInteriorColor(),org.apache.pdfbox.cos.COSDictionary.getDictionaryObject(COSName),2
org.apache.pdfbox.pdmodel.fdf.FDFNamedPageReference.setName(String),"org.apache.pdfbox.cos.COSDictionary.setString(COSName, String)",3
org.apache.pdfbox.pdmodel.interactive.action.PDActionURI.shouldTrackMousePosition(),"org.apache.pdfbox.cos.COSDictionary.getBoolean(String, boolean)",2
org.apache.pdfbox.pdmodel.common.function.PDFunctionType3.getFunctions(),org.apache.pdfbox.pdmodel.common.function.PDFunction.getCOSObject(),1
org.apache.pdfbox.pdmodel.fdf.FDFCatalog.<init>(Element),org.apache.pdfbox.pdmodel.fdf.FDFDictionary.<init>(Element),1
org.apache.pdfbox.pdmodel.fdf.FDFDictionary.<init>(Element),org.apache.pdfbox.pdmodel.fdf.FDFDictionary.<init>(),2
org.apache.pdfbox.pdmodel.fdf.FDFCatalog.<init>(Element),org.apache.pdfbox.pdmodel.fdf.FDFCatalog.<init>(),1
org.apache.pdfbox.pdmodel.interactive.action.PDActionResetForm.getFields(),org.apache.pdfbox.cos.COSDictionary.getDictionaryObject(COSName),1
"org.apache.pdfbox.cos.COSDictionary.getEmbeddedString(String, String)","org.apache.pdfbox.cos.COSDictionary.getEmbeddedString(String, COSName, String)",2
"org.apache.pdfbox.cos.COSDictionary.getEmbeddedString(String, String)",org.apache.pdfbox.cos.COSName.getPDFName(String),2
org.apache.pdfbox.filter.ASCII85OutputStream.write(int),org.apache.pdfbox.filter.ASCII85OutputStream.write(int),4
org.apache.pdfbox.pdmodel.common.function.PDFunctionType0.setEncodeValues(COSArray),org.apache.pdfbox.pdmodel.common.function.PDFunction.getCOSObject(),1
org.apache.pdfbox.pdmodel.documentinterchange.logicalstructure.PDStructureElement.attributeChanged(PDAttributeObject),org.apache.pdfbox.pdmodel.documentinterchange.logicalstructure.PDStructureElement.getRevisionNumber(),3
org.apache.pdfbox.pdmodel.documentinterchange.logicalstructure.PDStructureElement.attributeChanged(PDAttributeObject),org.apache.pdfbox.cos.COSArray.<init>(),3
org.apache.pdfbox.pdmodel.documentinterchange.logicalstructure.PDStructureElement.attributeChanged(PDAttributeObject),org.apache.pdfbox.cos.COSArray.add(COSBase),6
org.apache.pdfbox.pdmodel.documentinterchange.logicalstructure.PDStructureElement.attributeChanged(PDAttributeObject),"org.apache.pdfbox.cos.COSDictionary.setItem(COSName, COSBase)",3
org.apache.pdfbox.pdmodel.documentinterchange.logicalstructure.PDStructureElement.attributeChanged(PDAttributeObject),org.apache.pdfbox.cos.COSDictionary.getDictionaryObject(COSName),4
org.apache.pdfbox.pdmodel.documentinterchange.logicalstructure.PDStructureElement.attributeChanged(PDAttributeObject),org.apache.pdfbox.cos.COSInteger.get(long),3
org.apache.pdfbox.pdmodel.documentinterchange.logicalstructure.PDStructureElement.attributeChanged(PDAttributeObject),org.apache.pdfbox.cos.COSArray.getObject(int),1
org.apache.pdfbox.pdmodel.documentinterchange.logicalstructure.PDStructureElement.attributeChanged(PDAttributeObject),org.apache.pdfbox.cos.COSArray.size(),1
org.apache.pdfbox.pdmodel.fdf.FDFNamedPageReference.getName(),org.apache.pdfbox.cos.COSDictionary.getString(COSName),3
org.apache.pdfbox.pdmodel.graphics.color.PDJPXColorSpace.getDefaultDecode(int),org.apache.pdfbox.pdmodel.graphics.color.PDJPXColorSpace.getNumberOfComponents(),1
org.apache.pdfbox.pdmodel.interactive.action.PDActionGoTo.<init>(),org.apache.pdfbox.pdmodel.interactive.action.PDAction.<init>(),3
org.apache.pdfbox.pdmodel.interactive.action.PDActionGoTo.<init>(),org.apache.pdfbox.pdmodel.interactive.action.PDAction.setSubType(String),3
org.apache.pdfbox.pdmodel.interactive.annotation.PDAnnotationMarkup.setSubject(String),"org.apache.pdfbox.cos.COSDictionary.setString(COSName, String)",2
org.apache.pdfbox.pdmodel.interactive.annotation.PDAnnotationMarkup.getSubject(),org.apache.pdfbox.cos.COSDictionary.getString(COSName),3
org.apache.pdfbox.pdmodel.interactive.documentnavigation.outline.PDOutlineNode.prepend(PDOutlineItem),org.apache.pdfbox.pdmodel.interactive.documentnavigation.outline.PDOutlineNode.setLastChild(PDOutlineNode),1
org.apache.pdfbox.pdmodel.interactive.pagenavigation.PDTransition.<init>(),org.apache.pdfbox.pdmodel.interactive.pagenavigation.PDTransition.<init>(PDTransitionStyle),10
org.apache.pdfbox.pdmodel.common.COSArrayList.convertIntegerCOSArrayToList(COSArray),org.apache.pdfbox.cos.COSArray.get(int),2
org.apache.pdfbox.pdmodel.common.COSArrayList.convertIntegerCOSArrayToList(COSArray),org.apache.pdfbox.cos.COSArray.size(),2
org.apache.pdfbox.pdmodel.common.COSArrayList.isEmpty(),org.apache.pdfbox.pdmodel.common.COSArrayList.isEmpty(),1
org.apache.pdfbox.pdmodel.documentinterchange.logicalstructure.PDStructureElement.getParent(),org.apache.pdfbox.pdmodel.documentinterchange.logicalstructure.PDStructureNode.create(COSDictionary),2
org.apache.pdfbox.pdmodel.documentinterchange.logicalstructure.PDStructureNode.create(COSDictionary),org.apache.pdfbox.cos.COSDictionary.getNameAsString(COSName),3
org.apache.pdfbox.pdmodel.documentinterchange.logicalstructure.PDStructureNode.create(COSDictionary),org.apache.pdfbox.pdmodel.documentinterchange.logicalstructure.PDStructureElement.<init>(COSDictionary),2
org.apache.pdfbox.pdmodel.documentinterchange.logicalstructure.PDStructureElement.getParent(),org.apache.pdfbox.cos.COSDictionary.getDictionaryObject(COSName),4
org.apache.pdfbox.pdmodel.fdf.FDFAnnotationFileAttachment.<init>(Element),org.apache.pdfbox.pdmodel.fdf.FDFAnnotation.<init>(Element),1
org.apache.pdfbox.pdmodel.fdf.FDFOptionElement.setDefaultAppearanceString(String),org.apache.pdfbox.cos.COSString.<init>(String),2
"org.apache.pdfbox.pdmodel.font.PDType0Font.load(PDDocument, InputStream, boolean)",org.apache.fontbox.ttf.TTFParser.parse(InputStream),1
"org.apache.pdfbox.pdmodel.font.PDType0Font.load(PDDocument, InputStream, boolean)",org.apache.fontbox.ttf.TTFParser.<init>(),1
org.apache.pdfbox.pdmodel.interactive.action.PDActionHide.<init>(COSDictionary),org.apache.pdfbox.pdmodel.interactive.action.PDAction.<init>(COSDictionary),4
org.apache.pdfbox.pdmodel.interactive.documentnavigation.destination.PDPageFitHeightDestination.setFitBoundingBox(boolean),"org.apache.pdfbox.cos.COSArray.setName(int, String)",3
org.apache.pdfbox.pdmodel.interactive.documentnavigation.destination.PDPageFitHeightDestination.setFitBoundingBox(boolean),org.apache.pdfbox.cos.COSArray.growToSize(int),3
org.apache.pdfbox.pdmodel.interactive.documentnavigation.destination.PDDestination.create(COSBase),org.apache.pdfbox.pdmodel.interactive.documentnavigation.destination.PDPageFitHeightDestination.<init>(COSArray),2
org.apache.pdfbox.pdmodel.interactive.form.PDChoice.setValue(String),"org.apache.pdfbox.cos.COSDictionary.setString(COSName, String)",1
org.apache.pdfbox.pdmodel.interactive.form.PDChoice.setValue(String),org.apache.pdfbox.pdmodel.interactive.form.PDTerminalField.applyChange(),1
org.apache.pdfbox.pdmodel.interactive.form.PDChoice.setValue(String),org.apache.pdfbox.pdmodel.interactive.form.PDChoice.setSelectedOptionsIndex(List),1
org.apache.pdfbox.pdmodel.interactive.form.PDChoice.setSelectedOptionsIndex(List),org.apache.pdfbox.cos.COSDictionary.removeItem(COSName),2
org.apache.pdfbox.pdmodel.documentinterchange.logicalstructure.PDUserAttributeObject.setUserProperties(List),org.apache.pdfbox.cos.COSArray.<init>(),1
org.apache.pdfbox.pdmodel.fdf.FDFAnnotationCaret.setFringe(PDRectangle),"org.apache.pdfbox.cos.COSDictionary.setItem(COSName, COSObjectable)",1
org.apache.pdfbox.pdmodel.fdf.FDFCatalog.writeXML(Writer),org.apache.pdfbox.pdmodel.fdf.FDFCatalog.getFDF(),3
org.apache.pdfbox.pdmodel.graphics.PDFontSetting.getFont(),org.apache.pdfbox.cos.COSArray.getObject(int),1
org.apache.pdfbox.pdmodel.interactive.action.PDActionThread.getD(),org.apache.pdfbox.cos.COSDictionary.getDictionaryObject(COSName),1
org.apache.pdfbox.pdmodel.interactive.action.PDWindowsLaunchParams.setExecuteParam(String),"org.apache.pdfbox.cos.COSDictionary.setString(COSName, String)",2
org.apache.pdfbox.pdmodel.interactive.action.PDWindowsLaunchParams.getExecuteParam(),org.apache.pdfbox.cos.COSDictionary.getString(COSName),3
org.apache.pdfbox.filter.ccitt.PackedBitArray.set(int),org.apache.pdfbox.filter.ccitt.PackedBitArray.bitOffset(int),4
org.apache.pdfbox.pdmodel.documentinterchange.logicalstructure.PDStructureElement.removeAttribute(PDAttributeObject),org.apache.pdfbox.cos.COSDictionary.getDictionaryObject(COSName),2
org.apache.pdfbox.pdmodel.documentinterchange.logicalstructure.PDStructureTreeRoot.getParentTree(),org.apache.pdfbox.cos.COSDictionary.getDictionaryObject(COSName),1
"org.apache.pdfbox.pdmodel.font.PDType0Font.load(PDDocument, InputStream)",org.apache.fontbox.ttf.TTFParser.parse(InputStream),1
"org.apache.pdfbox.pdmodel.font.PDType0Font.load(PDDocument, InputStream)",org.apache.fontbox.ttf.TTFParser.<init>(),1
org.apache.pdfbox.pdmodel.graphics.color.PDTristimulus.setX(float),"org.apache.pdfbox.cos.COSArray.set(int, COSBase)",2
org.apache.pdfbox.pdmodel.interactive.action.PDActionHide.<init>(),org.apache.pdfbox.pdmodel.interactive.action.PDAction.<init>(),4
org.apache.pdfbox.pdmodel.interactive.action.PDActionHide.<init>(),org.apache.pdfbox.pdmodel.interactive.action.PDAction.setSubType(String),4
org.apache.pdfbox.pdmodel.interactive.action.PDActionHide.getH(),"org.apache.pdfbox.cos.COSDictionary.getBoolean(COSName, boolean)",2
org.apache.pdfbox.pdmodel.interactive.action.PDActionHide.setH(boolean),"org.apache.pdfbox.cos.COSDictionary.setItem(COSName, COSBase)",1
org.apache.pdfbox.pdmodel.interactive.digitalsignature.PDSignature.setName(String),"org.apache.pdfbox.cos.COSDictionary.setString(COSName, String)",2
org.apache.pdfbox.pdmodel.interactive.digitalsignature.PDSignature.getName(),org.apache.pdfbox.cos.COSDictionary.getString(COSName),3
"org.apache.pdfbox.pdmodel.interactive.digitalsignature.visible.PDVisibleSignDesigner.<init>(PDDocument, InputStream, int)",org.apache.pdfbox.pdmodel.interactive.digitalsignature.visible.PDVisibleSignDesigner.readImageStream(InputStream),1
org.apache.pdfbox.pdmodel.interactive.form.PDComboBox.setEdit(boolean),"org.apache.pdfbox.cos.COSDictionary.setFlag(COSName, int, boolean)",1
org.apache.pdfbox.pdmodel.interactive.form.PDComboBox.isEdit(),"org.apache.pdfbox.cos.COSDictionary.getFlag(COSName, int)",2
org.apache.pdfbox.pdmodel.PDResources.isImageXObject(COSName),"org.apache.pdfbox.pdmodel.PDResources.get(COSName, COSName)",1
org.apache.pdfbox.pdmodel.common.COSArrayList.convertIntegerCOSArrayToList(COSArray),"org.apache.pdfbox.pdmodel.common.COSArrayList.<init>(List, COSArray)",1
org.apache.pdfbox.pdmodel.common.function.PDFunctionType0.getBitsPerSample(),org.apache.pdfbox.pdmodel.common.function.PDFunction.getCOSObject(),1
org.apache.pdfbox.pdmodel.fdf.FDFAnnotationLine.getEndPointEndingStyle(),org.apache.pdfbox.cos.COSArray.getName(int),2
org.apache.pdfbox.pdmodel.fdf.FDFAnnotationLine.getStartPointEndingStyle(),org.apache.pdfbox.cos.COSArray.getName(int),1
org.apache.pdfbox.pdmodel.fdf.FDFAnnotationLine.getStartPointEndingStyle(),org.apache.pdfbox.cos.COSDictionary.getDictionaryObject(COSName),2
org.apache.pdfbox.pdmodel.graphics.color.PDSeparation.toString(),org.apache.pdfbox.pdmodel.graphics.color.PDSeparation.getColorantName(),2
org.apache.pdfbox.pdmodel.graphics.color.PDSeparation.getColorantName(),org.apache.pdfbox.cos.COSArray.getObject(int),6
org.apache.pdfbox.pdmodel.graphics.color.PDSeparation.toString(),org.apache.pdfbox.pdmodel.graphics.color.PDSeparation.getName(),3
org.apache.pdfbox.pdmodel.interactive.action.PDActionResetForm.setFlags(int),"org.apache.pdfbox.cos.COSDictionary.setInt(COSName, int)",2
org.apache.pdfbox.pdmodel.interactive.action.PDActionResetForm.getFlags(),"org.apache.pdfbox.cos.COSDictionary.getInt(COSName, int)",3
org.apache.pdfbox.pdmodel.interactive.annotation.PDAnnotationWidget.getBorderStyle(),org.apache.pdfbox.cos.COSDictionary.getDictionaryObject(COSName),1
org.apache.pdfbox.pdmodel.interactive.digitalsignature.PDPropBuild.<init>(),org.apache.pdfbox.cos.COSDictionary.<init>(),7
org.apache.pdfbox.pdmodel.interactive.digitalsignature.PDPropBuild.getApp(),org.apache.pdfbox.cos.COSDictionary.getDictionaryObject(COSName),1
org.apache.pdfbox.pdmodel.PDPage.setContents(List),org.apache.pdfbox.cos.COSArray.<init>(),1
"org.apache.pdfbox.pdmodel.PDResources.put(COSName, PDExtendedGraphicsState)","org.apache.pdfbox.pdmodel.PDResources.put(COSName, COSName, COSObjectable)",1
org.apache.pdfbox.pdmodel.documentinterchange.logicalstructure.PDStructureNode.create(COSDictionary),org.apache.pdfbox.pdmodel.documentinterchange.logicalstructure.PDStructureTreeRoot.<init>(COSDictionary),1
org.apache.pdfbox.pdmodel.documentinterchange.taggedpdf.PDPrintFieldAttributeObject.toString(),org.apache.pdfbox.pdmodel.documentinterchange.taggedpdf.PDPrintFieldAttributeObject.getCheckedState(),1
org.apache.pdfbox.pdmodel.documentinterchange.taggedpdf.PDPrintFieldAttributeObject.getCheckedState(),"org.apache.pdfbox.pdmodel.documentinterchange.taggedpdf.PDStandardAttributeObject.getName(String, String)",4
org.apache.pdfbox.pdmodel.interactive.form.PDNonTerminalField.getFieldFlags(),org.apache.pdfbox.cos.COSDictionary.getDictionaryObject(COSName),3
org.apache.pdfbox.pdmodel.interactive.form.PDField.setFieldFlags(int),"org.apache.pdfbox.cos.COSDictionary.setInt(COSName, int)",3
org.apache.pdfbox.pdmodel.fdf.FDFOptionElement.setDefaultAppearanceString(String),"org.apache.pdfbox.cos.COSArray.set(int, COSBase)",1
org.apache.pdfbox.pdmodel.fdf.FDFOptionElement.getDefaultAppearanceString(),org.apache.pdfbox.cos.COSString.getString(),2
org.apache.pdfbox.pdmodel.fdf.FDFOptionElement.getDefaultAppearanceString(),org.apache.pdfbox.cos.COSArray.getObject(int),2
org.apache.pdfbox.pdmodel.interactive.action.PDActionJavaScript.getAction(),org.apache.pdfbox.cos.COSString.getString(),2
org.apache.pdfbox.pdmodel.interactive.action.PDActionJavaScript.getAction(),org.apache.pdfbox.cos.COSDictionary.getDictionaryObject(COSName),3
org.apache.pdfbox.pdmodel.interactive.digitalsignature.PDPropBuildDataDict.setOS(String),"org.apache.pdfbox.cos.COSArray.add(int, COSBase)",4
org.apache.pdfbox.pdmodel.interactive.digitalsignature.PDPropBuildDataDict.setOS(String),"org.apache.pdfbox.cos.COSDictionary.setItem(COSName, COSBase)",3
org.apache.pdfbox.pdmodel.interactive.digitalsignature.PDPropBuildDataDict.setOS(String),org.apache.pdfbox.cos.COSDictionary.getItem(COSName),4
org.apache.pdfbox.pdmodel.interactive.digitalsignature.PDPropBuildDataDict.setOS(String),org.apache.pdfbox.cos.COSName.getPDFName(String),4
org.apache.pdfbox.pdmodel.interactive.digitalsignature.PDPropBuildDataDict.setOS(String),org.apache.pdfbox.cos.COSArray.<init>(),3
org.apache.pdfbox.pdmodel.interactive.digitalsignature.PDPropBuildDataDict.getOS(),org.apache.pdfbox.cos.COSArray.getName(int),2
org.apache.pdfbox.pdmodel.interactive.digitalsignature.PDPropBuildDataDict.getOS(),org.apache.pdfbox.cos.COSDictionary.getItem(COSName),3
org.apache.pdfbox.pdmodel.interactive.digitalsignature.PDSeedValue.setDigestMethodRequired(boolean),"org.apache.pdfbox.cos.COSDictionary.setFlag(COSName, int, boolean)",1
org.apache.pdfbox.pdmodel.interactive.digitalsignature.PDSeedValue.isDigestMethodRequired(),"org.apache.pdfbox.cos.COSDictionary.getFlag(COSName, int)",2
org.apache.pdfbox.pdmodel.interactive.digitalsignature.PDSeedValueTimeStamp.setTimestampRequired(boolean),"org.apache.pdfbox.cos.COSDictionary.setInt(COSName, int)",2
org.apache.pdfbox.pdmodel.interactive.digitalsignature.PDSeedValueTimeStamp.isTimestampRequired(),"org.apache.pdfbox.cos.COSDictionary.getInt(COSName, int)",2
org.apache.pdfbox.pdmodel.interactive.documentnavigation.destination.PDPageFitDestination.<init>(COSArray),org.apache.pdfbox.pdmodel.interactive.documentnavigation.destination.PDPageDestination.<init>(COSArray),4
org.apache.pdfbox.pdmodel.encryption.PDEncryption.setUserEncryptionKey(byte[]),"org.apache.pdfbox.cos.COSDictionary.setItem(COSName, COSBase)",3
org.apache.pdfbox.pdmodel.encryption.PDEncryption.getUserEncryptionKey(),org.apache.pdfbox.cos.COSDictionary.getDictionaryObject(COSName),3
org.apache.pdfbox.pdmodel.fdf.FDFDictionary.writeXML(Writer),org.apache.pdfbox.pdmodel.fdf.FDFDictionary.getFile(),4
org.apache.pdfbox.pdmodel.interactive.action.PDActionRemoteGoTo.<init>(COSDictionary),org.apache.pdfbox.pdmodel.interactive.action.PDAction.<init>(COSDictionary),8
org.apache.pdfbox.pdmodel.interactive.annotation.PDAnnotationMarkup.setRichContents(String),org.apache.pdfbox.cos.COSString.<init>(String),3
org.apache.pdfbox.pdmodel.interactive.form.PDAcroForm.flatten(),"org.apache.pdfbox.pdmodel.interactive.form.PDAcroForm.flatten(List, boolean)",1
org.apache.pdfbox.pdmodel.interactive.form.PDAcroForm.flatten(),org.apache.pdfbox.pdmodel.interactive.form.PDFieldTree.iterator(),1
org.apache.pdfbox.pdmodel.interactive.form.PDAcroForm.flatten(),org.apache.pdfbox.pdmodel.interactive.form.PDAcroForm.xfaIsDynamic(),1
org.apache.pdfbox.pdmodel.interactive.form.PDAcroForm.flatten(),org.apache.pdfbox.pdmodel.interactive.form.PDAcroForm.getFieldTree(),1
org.apache.pdfbox.pdmodel.fdf.FDFCatalog.getFDF(),org.apache.pdfbox.pdmodel.fdf.FDFCatalog.setFDF(FDFDictionary),4
org.apache.pdfbox.pdmodel.fdf.FDFCatalog.getFDF(),org.apache.pdfbox.cos.COSDictionary.getDictionaryObject(COSName),5
org.apache.pdfbox.pdmodel.fdf.FDFCatalog.getFDF(),org.apache.pdfbox.pdmodel.fdf.FDFDictionary.<init>(),4
org.apache.pdfbox.pdmodel.fdf.FDFCatalog.writeXML(Writer),org.apache.pdfbox.pdmodel.fdf.FDFDictionary.writeXML(Writer),2
org.apache.pdfbox.pdmodel.fdf.FDFDictionary.getFile(),org.apache.pdfbox.cos.COSDictionary.getDictionaryObject(COSName),4
org.apache.pdfbox.pdmodel.fdf.FDFDictionary.getFile(),org.apache.pdfbox.pdmodel.common.filespecification.PDFileSpecification.createFS(COSBase),4
org.apache.pdfbox.pdmodel.fdf.FDFDictionary.writeXML(Writer),org.apache.pdfbox.pdmodel.fdf.FDFDictionary.getID(),3
org.apache.pdfbox.pdmodel.fdf.FDFDictionary.getID(),org.apache.pdfbox.cos.COSDictionary.getDictionaryObject(COSName),4
org.apache.pdfbox.pdmodel.fdf.FDFDictionary.writeXML(Writer),org.apache.pdfbox.pdmodel.fdf.FDFDictionary.getFields(),3
org.apache.pdfbox.pdmodel.fdf.FDFDictionary.getFields(),org.apache.pdfbox.cos.COSDictionary.getDictionaryObject(COSName),4
org.apache.pdfbox.pdmodel.fdf.FDFField.setValue(Object),org.apache.pdfbox.cos.COSName.getPDFName(String),1
org.apache.pdfbox.pdmodel.graphics.color.PDDeviceN.getAlternateColorSpace(),org.apache.pdfbox.pdmodel.graphics.color.PDColorSpace.create(COSBase),1
org.apache.pdfbox.pdmodel.graphics.color.PDDeviceN.getAlternateColorSpace(),org.apache.pdfbox.cos.COSArray.getObject(int),1
org.apache.pdfbox.pdmodel.graphics.color.PDDeviceN.toRGB(float[]),org.apache.pdfbox.pdmodel.graphics.color.PDDeviceN.toRGBWithTintTransform(float[]),2
org.apache.pdfbox.pdmodel.interactive.action.PDAnnotationAdditionalActions.getPV(),org.apache.pdfbox.cos.COSDictionary.getDictionaryObject(String),1
org.apache.pdfbox.pdmodel.interactive.annotation.PDAnnotationMarkup.setRichContents(String),"org.apache.pdfbox.cos.COSDictionary.setItem(COSName, COSBase)",2
org.apache.pdfbox.pdmodel.interactive.annotation.PDAnnotationMarkup.getRichContents(),org.apache.pdfbox.cos.COSString.getString(),2
org.apache.pdfbox.pdmodel.interactive.annotation.PDAnnotationMarkup.getRichContents(),org.apache.pdfbox.cos.COSDictionary.getDictionaryObject(COSName),3
org.apache.pdfbox.pdmodel.interactive.form.PDAcroForm.setQ(int),"org.apache.pdfbox.cos.COSDictionary.setInt(COSName, int)",1
org.apache.pdfbox.pdmodel.interactive.form.PDAcroForm.getQ(),org.apache.pdfbox.cos.COSDictionary.getDictionaryObject(COSName),2
org.apache.pdfbox.pdmodel.PDDocumentInformation.setProducer(String),"org.apache.pdfbox.cos.COSDictionary.setString(COSName, String)",3
org.apache.pdfbox.pdmodel.PDDocumentInformation.getProducer(),org.apache.pdfbox.cos.COSDictionary.getString(COSName),3
"org.apache.pdfbox.filter.ASCII85Filter.encode(InputStream, OutputStream, COSDictionary)",org.apache.pdfbox.filter.ASCII85OutputStream.<init>(OutputStream),2
org.apache.pdfbox.pdmodel.common.filespecification.PDComplexFileSpecification.setEmbeddedFileDos(PDEmbeddedFile),org.apache.pdfbox.pdmodel.common.filespecification.PDComplexFileSpecification.getEFDictionary(),1
org.apache.pdfbox.pdmodel.common.PDMetadata.exportXMPMetadata(),org.apache.pdfbox.pdmodel.common.PDStream.createInputStream(),1
org.apache.pdfbox.pdmodel.common.PDMetadata.<init>(COSStream),org.apache.pdfbox.pdmodel.common.PDStream.<init>(COSStream),2
org.apache.pdfbox.pdmodel.documentinterchange.logicalstructure.PDStructureTreeRoot.setK(COSBase),"org.apache.pdfbox.cos.COSDictionary.setItem(COSName, COSBase)",1
org.apache.pdfbox.pdmodel.encryption.PDEncryption.setPermissions(int),"org.apache.pdfbox.cos.COSDictionary.setInt(COSName, int)",2
org.apache.pdfbox.pdmodel.encryption.PDEncryption.getPermissions(),"org.apache.pdfbox.cos.COSDictionary.getInt(COSName, int)",3
org.apache.pdfbox.pdmodel.graphics.color.PDDeviceN.setAttributes(PDDeviceNAttributes),org.apache.pdfbox.cos.COSArray.remove(int),1
"org.apache.pdfbox.pdmodel.graphics.image.CCITTFactory.createFromRandomAccess(PDDocument, RandomAccess)","org.apache.pdfbox.pdmodel.graphics.image.CCITTFactory.createFromRandomAccessImpl(PDDocument, RandomAccess, int)",1
"org.apache.pdfbox.pdmodel.graphics.image.PDImageXObject.createFromFile(String, PDDocument)","org.apache.pdfbox.pdmodel.graphics.image.PDImageXObject.createFromFileByExtension(File, PDDocument)",2
org.apache.pdfbox.pdmodel.interactive.action.PDActionSound.<init>(COSDictionary),org.apache.pdfbox.pdmodel.interactive.action.PDAction.<init>(COSDictionary),3
org.apache.pdfbox.pdmodel.interactive.action.PDAnnotationAdditionalActions.getPI(),org.apache.pdfbox.cos.COSDictionary.getDictionaryObject(String),1
org.apache.pdfbox.pdmodel.interactive.annotation.PDAnnotationPopup.getParent(),org.apache.pdfbox.pdmodel.interactive.annotation.PDAnnotation.createAnnotation(COSBase),1
org.apache.pdfbox.pdmodel.interactive.annotation.PDAnnotationPopup.getParent(),"org.apache.pdfbox.cos.COSDictionary.getDictionaryObject(COSName, COSName)",1
org.apache.pdfbox.pdmodel.interactive.documentnavigation.destination.PDPageDestination.setPageNumber(int),"org.apache.pdfbox.cos.COSArray.set(int, int)",6
org.apache.pdfbox.pdmodel.interactive.documentnavigation.destination.PDPageDestination.retrievePageNumber(),org.apache.pdfbox.cos.COSArray.getObject(int),3
org.apache.pdfbox.pdmodel.interactive.documentnavigation.destination.PDPageDestination.retrievePageNumber(),org.apache.pdfbox.cos.COSArray.size(),3
org.apache.pdfbox.pdmodel.interactive.documentnavigation.destination.PDPageFitRectangleDestination.<init>(COSArray),org.apache.pdfbox.pdmodel.interactive.documentnavigation.destination.PDPageDestination.<init>(COSArray),11
org.apache.pdfbox.pdmodel.interactive.form.PDChoice.getValueAsString(),org.apache.pdfbox.pdmodel.interactive.form.PDChoice.getValue(),3
org.apache.pdfbox.pdmodel.interactive.form.PDChoice.getValue(),org.apache.pdfbox.pdmodel.interactive.form.PDChoice.getValueFor(COSName),5
org.apache.pdfbox.pdmodel.common.function.PDFunction.getNumberOfInputParameters(),org.apache.pdfbox.pdmodel.common.function.PDFunction.getDomainValues(),1
org.apache.pdfbox.pdmodel.encryption.PDEncryption.setRevision(int),"org.apache.pdfbox.cos.COSDictionary.setInt(COSName, int)",1
org.apache.pdfbox.pdmodel.encryption.PDEncryption.getRevision(),"org.apache.pdfbox.cos.COSDictionary.getInt(COSName, int)",2
org.apache.pdfbox.pdmodel.encryption.PDEncryption.setOwnerKey(byte[]),"org.apache.pdfbox.cos.COSDictionary.setItem(COSName, COSBase)",1
org.apache.pdfbox.pdmodel.encryption.PDEncryption.getOwnerKey(),org.apache.pdfbox.cos.COSDictionary.getDictionaryObject(COSName),2
org.apache.pdfbox.pdmodel.interactive.digitalsignature.PDSignature.getFilter(),org.apache.pdfbox.cos.COSDictionary.getNameAsString(COSName),2
org.apache.pdfbox.pdmodel.interactive.form.PDTextField.getValueAsString(),org.apache.pdfbox.pdmodel.interactive.form.PDTextField.getValue(),2
org.apache.pdfbox.pdmodel.common.COSArrayList.listIterator(),org.apache.pdfbox.pdmodel.common.COSArrayList.listIterator(),1
org.apache.pdfbox.pdmodel.common.filespecification.PDComplexFileSpecification.getEmbeddedFileDos(),org.apache.pdfbox.pdmodel.common.filespecification.PDComplexFileSpecification.getObjectFromEFDictionary(COSName),1
org.apache.pdfbox.pdmodel.common.filespecification.PDComplexFileSpecification.getObjectFromEFDictionary(COSName),org.apache.pdfbox.pdmodel.common.filespecification.PDComplexFileSpecification.getEFDictionary(),5
org.apache.pdfbox.pdmodel.common.function.PDFunction.getRangeForOutput(int),org.apache.pdfbox.pdmodel.common.function.PDFunction.getRangeValues(),1
org.apache.pdfbox.pdmodel.documentinterchange.logicalstructure.PDMarkedContentReference.setPage(PDPage),"org.apache.pdfbox.cos.COSDictionary.setItem(COSName, COSObjectable)",1
org.apache.pdfbox.pdmodel.documentinterchange.logicalstructure.PDStructureElement.getAttributes(),"org.apache.pdfbox.pdmodel.documentinterchange.logicalstructure.Revisions.setRevisionNumber(Object, int)",1
org.apache.pdfbox.pdmodel.documentinterchange.logicalstructure.PDStructureElement.getAttributes(),org.apache.pdfbox.cos.COSArray.iterator(),1
org.apache.pdfbox.pdmodel.graphics.optionalcontent.PDOptionalContentProperties.addGroup(PDOptionalContentGroup),org.apache.pdfbox.pdmodel.graphics.optionalcontent.PDOptionalContentProperties.getOCGs(),1
org.apache.pdfbox.pdmodel.interactive.annotation.PDAnnotationLink.setPreviousURI(PDActionURI),"org.apache.pdfbox.cos.COSDictionary.setItem(String, COSObjectable)",1
org.apache.pdfbox.pdmodel.interactive.pagenavigation.PDTransitionDirection.getCOSBase(),org.apache.pdfbox.cos.COSInteger.get(long),3
org.apache.pdfbox.pdmodel.PDDocumentInformation.getCustomMetadataValue(String),org.apache.pdfbox.cos.COSDictionary.getString(String),2
org.apache.pdfbox.cos.COSObject.accept(ICOSVisitor),org.apache.pdfbox.cos.COSObject.accept(ICOSVisitor),1
org.apache.pdfbox.cos.COSObject.accept(ICOSVisitor),org.apache.pdfbox.cos.COSNull.accept(ICOSVisitor),2
org.apache.pdfbox.pdmodel.common.COSArrayList.convertCOSNameCOSArrayToList(COSArray),org.apache.pdfbox.cos.COSArray.getObject(int),3
org.apache.pdfbox.pdmodel.fdf.FDFAnnotationLink.<init>(Element),org.apache.pdfbox.pdmodel.fdf.FDFAnnotation.<init>(Element),1
org.apache.pdfbox.pdmodel.font.encoding.BuiltInEncoding.<init>(Map),org.apache.pdfbox.pdmodel.font.encoding.Encoding.<init>(),1
"org.apache.pdfbox.pdmodel.font.PDTrueTypeFont.load(PDDocument, InputStream, Encoding)","org.apache.pdfbox.pdmodel.font.PDTrueTypeFont.<init>(PDDocument, InputStream, Encoding)",1
org.apache.pdfbox.pdfparser.BaseParser.isWhitespace(),org.apache.pdfbox.pdfparser.RandomAccessSource.peek(),1
org.apache.pdfbox.pdfparser.BaseParser.parseBoolean(),org.apache.pdfbox.pdfparser.RandomAccessSource.peek(),1
org.apache.pdfbox.pdmodel.documentinterchange.logicalstructure.PDStructureTreeRoot.getIDTree(),org.apache.pdfbox.cos.COSDictionary.getDictionaryObject(COSName),1
org.apache.pdfbox.pdmodel.fdf.FDFAnnotationPolyline.getEndPointEndingStyle(),org.apache.pdfbox.cos.COSArray.getName(int),2
org.apache.pdfbox.pdmodel.fdf.FDFAnnotationStamp.<init>(Element),org.apache.pdfbox.pdmodel.fdf.FDFAnnotation.<init>(Element),1
"org.apache.pdfbox.pdmodel.font.PDCIDFontType2.<init>(COSDictionary, PDType0Font)","org.apache.pdfbox.pdmodel.font.PDCIDFontType2.<init>(COSDictionary, PDType0Font, TrueTypeFont)",2
"org.apache.pdfbox.pdmodel.graphics.shading.Type6ShadingPaint.createContext(ColorModel, Rectangle, Rectangle2D, AffineTransform, RenderingHints)","org.apache.pdfbox.pdmodel.graphics.shading.Type6ShadingContext.<init>(PDShadingType6, ColorModel, AffineTransform, Matrix, Rectangle)",1
org.apache.pdfbox.pdmodel.interactive.annotation.PDAnnotationMarkup.setReplyType(String),"org.apache.pdfbox.cos.COSDictionary.setName(String, String)",1
org.apache.pdfbox.pdmodel.interactive.annotation.PDAnnotationMarkup.getReplyType(),"org.apache.pdfbox.cos.COSDictionary.getNameAsString(String, String)",2
org.apache.pdfbox.pdmodel.interactive.digitalsignature.PDSignature.setContents(byte[]),"org.apache.pdfbox.cos.COSDictionary.setItem(COSName, COSBase)",1
org.apache.pdfbox.pdmodel.interactive.documentnavigation.destination.PDNamedDestination.<init>(COSName),org.apache.pdfbox.pdmodel.interactive.documentnavigation.destination.PDDestination.<init>(),1
org.apache.pdfbox.pdmodel.interactive.pagenavigation.PDThreadBead.getPreviousBead(),org.apache.pdfbox.cos.COSDictionary.getDictionaryObject(String),1
org.apache.pdfbox.pdmodel.interactive.pagenavigation.PDThreadBead.getPreviousBead(),org.apache.pdfbox.pdmodel.interactive.pagenavigation.PDThreadBead.<init>(COSDictionary),1
org.apache.pdfbox.pdmodel.common.filespecification.PDComplexFileSpecification.setEmbeddedFile(PDEmbeddedFile),org.apache.pdfbox.pdmodel.common.filespecification.PDComplexFileSpecification.getEFDictionary(),1
org.apache.pdfbox.pdmodel.common.PDTypedDictionaryWrapper.<init>(COSDictionary),org.apache.pdfbox.pdmodel.common.PDDictionaryWrapper.<init>(COSDictionary),1
org.apache.pdfbox.pdmodel.interactive.action.PDActionJavaScript.<init>(COSDictionary),org.apache.pdfbox.pdmodel.interactive.action.PDAction.<init>(COSDictionary),1
org.apache.pdfbox.pdmodel.interactive.action.PDWindowsLaunchParams.setDirectory(String),"org.apache.pdfbox.cos.COSDictionary.setString(COSName, String)",1
org.apache.pdfbox.pdmodel.interactive.form.PDButton.getDefaultValue(),org.apache.pdfbox.pdmodel.interactive.form.PDField.getInheritableAttribute(COSName),1
org.apache.pdfbox.pdmodel.interactive.form.PDSignatureField.getValueAsString(),org.apache.pdfbox.pdmodel.interactive.form.PDSignatureField.getValue(),1
org.apache.pdfbox.pdmodel.common.filespecification.PDComplexFileSpecification.getEmbeddedFileUnicode(),org.apache.pdfbox.pdmodel.common.filespecification.PDComplexFileSpecification.getObjectFromEFDictionary(COSName),1
org.apache.pdfbox.pdmodel.common.function.PDFunctionType0.setDecodeValues(COSArray),org.apache.pdfbox.pdmodel.common.function.PDFunction.getCOSObject(),1
org.apache.pdfbox.pdmodel.documentinterchange.markedcontent.PDPropertyList.create(COSDictionary),org.apache.pdfbox.cos.COSDictionary.getItem(COSName),1
org.apache.pdfbox.pdmodel.documentinterchange.markedcontent.PDPropertyList.create(COSDictionary),org.apache.pdfbox.cos.COSName.equals(Object),1
org.apache.pdfbox.pdmodel.documentinterchange.markedcontent.PDPropertyList.create(COSDictionary),org.apache.pdfbox.pdmodel.documentinterchange.markedcontent.PDPropertyList.<init>(COSDictionary),1
org.apache.pdfbox.pdmodel.graphics.color.PDDeviceNAttributes.isNChannel(),org.apache.pdfbox.cos.COSDictionary.getNameAsString(COSName),1
org.apache.pdfbox.pdmodel.graphics.form.PDTransparencyGroup.<init>(PDStream),org.apache.pdfbox.pdmodel.graphics.form.PDFormXObject.<init>(PDStream),1
"org.apache.pdfbox.pdmodel.graphics.shading.CoonsPatch.<init>(Point2D[], float[][])",org.apache.pdfbox.pdmodel.graphics.shading.CoonsPatch.reshapeControlPoints(Point2D[]),2
"org.apache.pdfbox.pdmodel.graphics.shading.CoonsPatch.<init>(Point2D[], float[][])","org.apache.pdfbox.pdmodel.graphics.shading.Patch.<init>(Point2D[], float[][])",2
org.apache.pdfbox.pdmodel.interactive.action.PDActionThread.<init>(COSDictionary),org.apache.pdfbox.pdmodel.interactive.action.PDAction.<init>(COSDictionary),5
org.apache.pdfbox.pdmodel.interactive.annotation.PDAnnotationLine.<init>(COSDictionary),org.apache.pdfbox.pdmodel.interactive.annotation.PDAnnotationMarkup.<init>(COSDictionary),1
org.apache.pdfbox.pdmodel.interactive.annotation.PDAppearanceDictionary.getDownAppearance(),org.apache.pdfbox.pdmodel.interactive.annotation.PDAppearanceDictionary.getNormalAppearance(),2
org.apache.pdfbox.pdmodel.interactive.annotation.PDAppearanceDictionary.getDownAppearance(),org.apache.pdfbox.cos.COSDictionary.getDictionaryObject(COSName),3
org.apache.pdfbox.pdmodel.interactive.documentnavigation.destination.PDDestination.create(COSBase),org.apache.pdfbox.pdmodel.interactive.documentnavigation.destination.PDPageFitWidthDestination.<init>(COSArray),2
org.apache.pdfbox.pdmodel.interactive.documentnavigation.destination.PDPageFitWidthDestination.<init>(COSArray),org.apache.pdfbox.pdmodel.interactive.documentnavigation.destination.PDPageDestination.<init>(COSArray),8
org.apache.pdfbox.pdmodel.interactive.documentnavigation.destination.PDPageFitWidthDestination.setFitBoundingBox(boolean),"org.apache.pdfbox.cos.COSArray.setName(int, String)",3
org.apache.pdfbox.pdmodel.interactive.documentnavigation.destination.PDPageFitWidthDestination.setFitBoundingBox(boolean),org.apache.pdfbox.cos.COSArray.growToSize(int),3
org.apache.pdfbox.pdmodel.PDDocumentInformation.setTrapped(String),"org.apache.pdfbox.cos.COSDictionary.setName(COSName, String)",3
org.apache.pdfbox.pdmodel.PDDocumentInformation.getTrapped(),org.apache.pdfbox.cos.COSDictionary.getNameAsString(COSName),2
"org.apache.pdfbox.pdmodel.graphics.image.JPEGFactory.createFromImage(PDDocument, BufferedImage, float, int)","org.apache.pdfbox.pdmodel.graphics.image.JPEGFactory.createJPEG(PDDocument, BufferedImage, float, int)",3
"org.apache.pdfbox.pdmodel.graphics.image.JPEGFactory.createJPEG(PDDocument, BufferedImage, float, int)",org.apache.pdfbox.pdmodel.graphics.image.JPEGFactory.getColorImage(BufferedImage),3
org.apache.pdfbox.pdmodel.graphics.PDLineDashPattern.getCOSObject(),org.apache.pdfbox.pdmodel.common.COSArrayList.converterToCOSArray(List),1
org.apache.pdfbox.pdmodel.graphics.PDLineDashPattern.getCOSObject(),org.apache.pdfbox.cos.COSArray.<init>(),1
org.apache.pdfbox.pdmodel.interactive.action.PDActionSubmitForm.getFile(),org.apache.pdfbox.cos.COSDictionary.getDictionaryObject(COSName),1
org.apache.pdfbox.pdmodel.interactive.action.PDActionSubmitForm.getFile(),org.apache.pdfbox.pdmodel.common.filespecification.PDFileSpecification.createFS(COSBase),1
org.apache.pdfbox.pdmodel.interactive.form.PDButton.getValueAsString(),org.apache.pdfbox.pdmodel.interactive.form.PDButton.getValue(),1
org.apache.pdfbox.pdmodel.PDResources.getPatternNames(),org.apache.pdfbox.pdmodel.PDResources.getNames(COSName),1
org.apache.pdfbox.pdmodel.common.filespecification.PDComplexFileSpecification.getFilename(),org.apache.pdfbox.pdmodel.common.filespecification.PDComplexFileSpecification.getFileUnix(),1
org.apache.pdfbox.pdmodel.common.filespecification.PDComplexFileSpecification.getFilename(),org.apache.pdfbox.pdmodel.common.filespecification.PDComplexFileSpecification.getFileMac(),1
org.apache.pdfbox.pdmodel.common.filespecification.PDComplexFileSpecification.getFilename(),org.apache.pdfbox.pdmodel.common.filespecification.PDComplexFileSpecification.getFile(),1
org.apache.pdfbox.pdmodel.common.function.PDFunction.setDomainValues(COSArray),org.apache.pdfbox.pdmodel.common.function.PDFunction.getCOSObject(),1
org.apache.pdfbox.pdmodel.common.function.PDFunctionType0.setBitsPerSample(int),org.apache.pdfbox.pdmodel.common.function.PDFunction.getCOSObject(),1
org.apache.pdfbox.pdmodel.encryption.PDEncryption.setFilter(String),org.apache.pdfbox.cos.COSName.getPDFName(String),2
org.apache.pdfbox.pdmodel.encryption.PDEncryption.setFilter(String),"org.apache.pdfbox.cos.COSDictionary.setItem(COSName, COSBase)",2
org.apache.pdfbox.pdmodel.fdf.FDFAnnotationCircle.getFringe(),org.apache.pdfbox.cos.COSDictionary.getDictionaryObject(COSName),1
org.apache.pdfbox.pdmodel.graphics.color.PDDeviceN.setColorantNames(List),org.apache.pdfbox.pdmodel.common.COSArrayList.convertStringListToCOSNameCOSArray(List),1
org.apache.pdfbox.pdmodel.interactive.annotation.PDAnnotation.setAppearanceState(String),"org.apache.pdfbox.cos.COSDictionary.setItem(COSName, COSBase)",1
org.apache.pdfbox.pdmodel.interactive.annotation.PDAnnotation.setAppearanceState(String),org.apache.pdfbox.cos.COSName.getPDFName(String),1
org.apache.pdfbox.pdmodel.interactive.annotation.PDAnnotation.getAppearanceState(),org.apache.pdfbox.cos.COSDictionary.getDictionaryObject(COSName),2
org.apache.pdfbox.pdmodel.interactive.annotation.PDAnnotationText.setName(String),"org.apache.pdfbox.cos.COSDictionary.setName(COSName, String)",1
org.apache.pdfbox.pdmodel.interactive.annotation.PDAnnotationText.getName(),"org.apache.pdfbox.cos.COSDictionary.getNameAsString(COSName, String)",2
"org.apache.pdfbox.printing.PDFPrintable.<init>(PDDocument, Scaling, boolean)","org.apache.pdfbox.printing.PDFPrintable.<init>(PDDocument, Scaling, boolean, float)",1
"org.apache.pdfbox.pdmodel.encryption.StandardSecurityHandler.computeEncryptedKey(byte[], byte[], byte[], byte[], byte[], int, byte[], int, int, boolean, boolean)","org.apache.pdfbox.pdmodel.encryption.StandardSecurityHandler.computeEncryptedKeyRev56(byte[], boolean, byte[], byte[], byte[], byte[], int)",3
org.apache.pdfbox.pdmodel.fdf.FDFPage.setTemplates(List),org.apache.pdfbox.pdmodel.common.COSArrayList.converterToCOSArray(List),2
org.apache.pdfbox.pdmodel.graphics.color.PDDeviceN.getTintTransform(),org.apache.pdfbox.pdmodel.common.function.PDFunction.create(COSBase),1
org.apache.pdfbox.pdmodel.graphics.color.PDDeviceN.getTintTransform(),org.apache.pdfbox.cos.COSArray.getObject(int),1
org.apache.pdfbox.pdmodel.interactive.digitalsignature.PDSignature.setSubFilter(COSName),"org.apache.pdfbox.cos.COSDictionary.setItem(COSName, COSBase)",1
org.apache.pdfbox.pdmodel.interactive.digitalsignature.PDSignature.getSubFilter(),org.apache.pdfbox.cos.COSDictionary.getNameAsString(COSName),2
org.apache.pdfbox.pdmodel.PDDocumentInformation.setCreator(String),"org.apache.pdfbox.cos.COSDictionary.setString(COSName, String)",2
org.apache.pdfbox.pdmodel.PDDocumentInformation.getCreator(),org.apache.pdfbox.cos.COSDictionary.getString(COSName),3
"org.apache.pdfbox.filter.JPXFilter.decode(InputStream, OutputStream, COSDictionary, int)",org.apache.pdfbox.cos.COSDictionary.addAll(COSDictionary),1
"org.apache.pdfbox.filter.JPXFilter.decode(InputStream, OutputStream, COSDictionary, int)",org.apache.pdfbox.cos.COSDictionary.<init>(),1
"org.apache.pdfbox.filter.JPXFilter.decode(InputStream, OutputStream, COSDictionary, int)",org.apache.pdfbox.filter.DecodeResult.<init>(COSDictionary),1
org.apache.pdfbox.pdfwriter.ContentStreamWriter.writeTokens(Object[]),org.apache.pdfbox.pdfwriter.ContentStreamWriter.writeObject(Object),1
org.apache.pdfbox.pdmodel.documentinterchange.logicalstructure.PDObjectReference.<init>(),"org.apache.pdfbox.cos.COSDictionary.setName(COSName, String)",4
org.apache.pdfbox.pdmodel.documentinterchange.logicalstructure.PDObjectReference.<init>(),org.apache.pdfbox.cos.COSDictionary.<init>(),4
org.apache.pdfbox.pdmodel.fdf.FDFAnnotationFreeText.setRotation(int),"org.apache.pdfbox.cos.COSDictionary.setInt(COSName, int)",1
org.apache.pdfbox.pdmodel.fdf.FDFDictionary.getEncoding(),org.apache.pdfbox.cos.COSDictionary.getNameAsString(COSName),2
org.apache.pdfbox.pdmodel.fdf.FDFDictionary.setEncoding(String),"org.apache.pdfbox.cos.COSDictionary.setName(COSName, String)",2
org.apache.pdfbox.pdmodel.fdf.FDFIconFit.setScaleType(String),"org.apache.pdfbox.cos.COSDictionary.setName(COSName, String)",1
org.apache.pdfbox.pdmodel.fdf.FDFIconFit.getScaleType(),org.apache.pdfbox.cos.COSDictionary.getNameAsString(COSName),2
org.apache.pdfbox.pdmodel.interactive.action.PDActionNamed.<init>(COSDictionary),org.apache.pdfbox.pdmodel.interactive.action.PDAction.<init>(COSDictionary),3
org.apache.pdfbox.pdmodel.interactive.action.PDActionURI.getS(),org.apache.pdfbox.cos.COSDictionary.getNameAsString(COSName),3
org.apache.pdfbox.pdmodel.interactive.action.PDPageAdditionalActions.setC(PDAction),"org.apache.pdfbox.cos.COSDictionary.setItem(String, COSObjectable)",1
org.apache.pdfbox.pdmodel.interactive.annotation.PDAnnotationLink.getHighlightMode(),"org.apache.pdfbox.cos.COSDictionary.getNameAsString(COSName, String)",2
org.apache.pdfbox.pdmodel.interactive.annotation.PDAnnotationLink.setHighlightMode(String),"org.apache.pdfbox.cos.COSDictionary.setName(COSName, String)",1
org.apache.pdfbox.pdmodel.interactive.annotation.PDAnnotationMarkup.getPopup(),org.apache.pdfbox.cos.COSDictionary.getDictionaryObject(String),1
org.apache.pdfbox.pdmodel.interactive.annotation.PDAnnotationSquareCircle.getSubtype(),org.apache.pdfbox.cos.COSDictionary.getNameAsString(COSName),3
org.apache.pdfbox.pdmodel.interactive.annotation.PDAnnotationSquareCircle.<init>(COSDictionary),org.apache.pdfbox.pdmodel.interactive.annotation.PDAnnotationMarkup.<init>(COSDictionary),1
org.apache.pdfbox.pdmodel.interactive.digitalsignature.PDSeedValue.getFilter(),org.apache.pdfbox.cos.COSDictionary.getNameAsString(COSName),1
"org.apache.pdfbox.pdmodel.interactive.digitalsignature.visible.PDVisibleSignDesigner.<init>(InputStream, BufferedImage, int)",org.apache.pdfbox.pdmodel.interactive.digitalsignature.visible.PDVisibleSignDesigner.setImage(BufferedImage),1
org.apache.pdfbox.pdmodel.interactive.form.PDAcroForm.setNeedAppearances(Boolean),"org.apache.pdfbox.cos.COSDictionary.setBoolean(COSName, boolean)",1
org.apache.pdfbox.pdmodel.interactive.form.PDChoice.setMultiSelect(boolean),"org.apache.pdfbox.cos.COSDictionary.setFlag(COSName, int, boolean)",1
org.apache.pdfbox.pdmodel.interactive.form.PDChoice.getSelectedOptionsIndex(),org.apache.pdfbox.cos.COSDictionary.getDictionaryObject(COSName),1
org.apache.pdfbox.pdmodel.interactive.form.PDSignatureField.constructAppearances(),org.apache.pdfbox.pdmodel.interactive.form.PDTerminalField.getWidgets(),1
org.apache.pdfbox.pdmodel.interactive.measurement.PDNumberFormatDictionary.getFractionalDisplay(),"org.apache.pdfbox.cos.COSDictionary.getString(String, String)",1
org.apache.pdfbox.pdmodel.common.filespecification.PDComplexFileSpecification.getEmbeddedFile(),org.apache.pdfbox.pdmodel.common.filespecification.PDComplexFileSpecification.getObjectFromEFDictionary(COSName),1
org.apache.pdfbox.pdmodel.documentinterchange.logicalstructure.PDStructureElement.getStructureType(),org.apache.pdfbox.cos.COSDictionary.getNameAsString(COSName),4
org.apache.pdfbox.pdmodel.font.PDType0Font.<init>(COSDictionary),org.apache.pdfbox.pdmodel.font.PDFont.<init>(COSDictionary),1
org.apache.pdfbox.pdmodel.font.PDFont.<init>(COSDictionary),org.apache.pdfbox.pdmodel.font.PDType0Font.getName(),1
org.apache.pdfbox.pdmodel.font.PDType0Font.getName(),org.apache.pdfbox.pdmodel.font.PDType0Font.getBaseFont(),1
org.apache.pdfbox.pdmodel.interactive.action.PDActionURI.setTrackMousePosition(boolean),"org.apache.pdfbox.cos.COSDictionary.setBoolean(String, boolean)",1
org.apache.pdfbox.pdmodel.interactive.action.PDAnnotationAdditionalActions.setBl(PDAction),"org.apache.pdfbox.cos.COSDictionary.setItem(String, COSObjectable)",1
org.apache.pdfbox.pdmodel.interactive.annotation.PDAnnotation.setNoZoom(boolean),"org.apache.pdfbox.cos.COSDictionary.setFlag(COSName, int, boolean)",1
org.apache.pdfbox.pdmodel.interactive.form.PDButton.setExportValues(List),org.apache.pdfbox.cos.COSDictionary.removeItem(COSName),2
org.apache.pdfbox.pdmodel.PDStructureElementNameTreeNode.createChildNode(COSDictionary),org.apache.pdfbox.pdmodel.PDStructureElementNameTreeNode.<init>(COSDictionary),1
org.apache.pdfbox.pdmodel.PDStructureElementNameTreeNode.<init>(COSDictionary),org.apache.pdfbox.pdmodel.common.PDNameTreeNode.<init>(COSDictionary),2
org.apache.pdfbox.pdmodel.encryption.PDEncryption.getCryptFilterDictionary(COSName),org.apache.pdfbox.cos.COSDictionary.getDictionaryObject(COSName),2
org.apache.pdfbox.pdmodel.fdf.FDFAnnotationCircle.setInteriorColor(Color),"org.apache.pdfbox.cos.COSDictionary.setItem(COSName, COSBase)",1
"org.apache.pdfbox.pdmodel.graphics.image.JPEGFactory.createFromImage(PDDocument, BufferedImage)","org.apache.pdfbox.pdmodel.graphics.image.JPEGFactory.createFromImage(PDDocument, BufferedImage, float)",1
"org.apache.pdfbox.pdmodel.graphics.image.JPEGFactory.createFromImage(PDDocument, BufferedImage, float)","org.apache.pdfbox.pdmodel.graphics.image.JPEGFactory.createFromImage(PDDocument, BufferedImage, float, int)",2
org.apache.pdfbox.pdmodel.graphics.optionalcontent.PDOptionalContentProperties.getGroupNames(),org.apache.pdfbox.cos.COSDictionary.getDictionaryObject(COSName),2
org.apache.pdfbox.pdmodel.graphics.optionalcontent.PDOptionalContentProperties.getGroupNames(),org.apache.pdfbox.cos.COSArray.size(),2
org.apache.pdfbox.pdmodel.interactive.action.PDAdditionalActions.getF(),org.apache.pdfbox.cos.COSDictionary.getDictionaryObject(COSName),1
org.apache.pdfbox.pdmodel.interactive.action.PDAdditionalActions.getF(),org.apache.pdfbox.pdmodel.interactive.action.PDActionFactory.createAction(COSDictionary),1
org.apache.pdfbox.pdmodel.interactive.annotation.PDAnnotation.createAnnotation(COSBase),org.apache.pdfbox.pdmodel.interactive.annotation.PDAnnotationFileAttachment.<init>(COSDictionary),1
org.apache.pdfbox.pdmodel.interactive.annotation.PDAnnotationFileAttachment.<init>(COSDictionary),org.apache.pdfbox.pdmodel.interactive.annotation.PDAnnotationMarkup.<init>(COSDictionary),2
org.apache.pdfbox.pdmodel.interactive.annotation.PDAnnotation.setBorder(COSArray),"org.apache.pdfbox.cos.COSDictionary.setItem(COSName, COSBase)",1
org.apache.pdfbox.pdmodel.interactive.annotation.PDAnnotationTextMarkup.<init>(COSDictionary),org.apache.pdfbox.pdmodel.interactive.annotation.PDAnnotationMarkup.<init>(COSDictionary),1
org.apache.pdfbox.pdmodel.interactive.digitalsignature.PDPropBuildDataDict.getPreRelease(),"org.apache.pdfbox.cos.COSDictionary.getBoolean(COSName, boolean)",2
org.apache.pdfbox.pdmodel.interactive.digitalsignature.PDPropBuildDataDict.setPreRelease(boolean),"org.apache.pdfbox.cos.COSDictionary.setBoolean(COSName, boolean)",2
org.apache.pdfbox.pdmodel.interactive.documentnavigation.destination.PDPageDestination.findPageNumber(),org.apache.pdfbox.cos.COSArray.getObject(int),3
org.apache.pdfbox.pdmodel.interactive.documentnavigation.destination.PDPageDestination.findPageNumber(),org.apache.pdfbox.cos.COSArray.size(),3
org.apache.pdfbox.pdmodel.interactive.documentnavigation.outline.PDOutlineItem.setItalic(boolean),"org.apache.pdfbox.cos.COSDictionary.setFlag(COSName, int, boolean)",1
org.apache.pdfbox.pdmodel.interactive.pagenavigation.PDTransition.getStyle(),"org.apache.pdfbox.cos.COSDictionary.getNameAsString(COSName, String)",1
org.apache.pdfbox.text.TextPosition.contains(TextPosition),org.apache.pdfbox.text.TextPosition.getXDirAdj(),1
org.apache.pdfbox.util.QuickSort.sort(List),"org.apache.pdfbox.util.QuickSort.sort(List, Comparator)",1
org.apache.pdfbox.pdmodel.documentinterchange.logicalstructure.PDStructureElement.removeKid(PDMarkedContentReference),org.apache.pdfbox.pdmodel.documentinterchange.logicalstructure.PDStructureNode.removeObjectableKid(COSObjectable),2
org.apache.pdfbox.pdmodel.fdf.FDFAnnotationLink.<init>(COSDictionary),org.apache.pdfbox.pdmodel.fdf.FDFAnnotation.<init>(COSDictionary),2
org.apache.pdfbox.pdmodel.graphics.optionalcontent.PDOptionalContentProperties.hasGroup(String),org.apache.pdfbox.pdmodel.graphics.optionalcontent.PDOptionalContentProperties.getGroupNames(),2
org.apache.pdfbox.pdmodel.graphics.pattern.PDAbstractPattern.setMatrix(AffineTransform),org.apache.pdfbox.cos.COSArray.<init>(),1
org.apache.pdfbox.pdmodel.interactive.action.PDActionImportData.getFile(),org.apache.pdfbox.cos.COSDictionary.getDictionaryObject(COSName),1
org.apache.pdfbox.pdmodel.interactive.action.PDActionImportData.getFile(),org.apache.pdfbox.pdmodel.common.filespecification.PDFileSpecification.createFS(COSBase),1
org.apache.pdfbox.pdmodel.interactive.annotation.PDBorderStyleDictionary.setDashStyle(COSArray),"org.apache.pdfbox.cos.COSDictionary.setItem(String, COSBase)",1
org.apache.pdfbox.pdmodel.interactive.digitalsignature.PDSeedValue.isVRequired(),"org.apache.pdfbox.cos.COSDictionary.getFlag(COSName, int)",2
org.apache.pdfbox.pdmodel.common.COSArrayList.get(int),org.apache.pdfbox.pdmodel.common.COSArrayList.get(int),2
org.apache.pdfbox.pdmodel.common.function.PDFunction.getNumberOfOutputParameters(),org.apache.pdfbox.pdmodel.common.function.PDFunction.getRangeValues(),1
org.apache.pdfbox.pdmodel.encryption.PDEncryption.removeV45filters(),"org.apache.pdfbox.cos.COSDictionary.setItem(COSName, COSBase)",3
org.apache.pdfbox.pdmodel.fdf.FDFAnnotationLine.setEndPointEndingStyle(String),"org.apache.pdfbox.cos.COSDictionary.setItem(COSName, COSBase)",2
org.apache.pdfbox.pdmodel.fdf.FDFAnnotationLine.setEndPointEndingStyle(String),org.apache.pdfbox.cos.COSArray.<init>(),2
org.apache.pdfbox.pdmodel.fdf.FDFAnnotationLine.setEndPointEndingStyle(String),org.apache.pdfbox.cos.COSArray.add(COSBase),4
org.apache.pdfbox.pdmodel.fdf.FDFAnnotationLine.setEndPointEndingStyle(String),org.apache.pdfbox.cos.COSDictionary.getDictionaryObject(COSName),3
org.apache.pdfbox.pdmodel.fdf.FDFAnnotationLine.setEndPointEndingStyle(String),org.apache.pdfbox.cos.COSName.getPDFName(String),4
org.apache.pdfbox.pdmodel.fdf.FDFAnnotationPolyline.setEndPointEndingStyle(String),"org.apache.pdfbox.cos.COSArray.setName(int, String)",1
"org.apache.pdfbox.pdmodel.graphics.shading.CoonsPatch.<init>(Point2D[], float[][])",org.apache.pdfbox.pdmodel.graphics.shading.CoonsPatch.calcLevel(),1
org.apache.pdfbox.pdmodel.graphics.shading.CoonsPatch.calcLevel(),org.apache.pdfbox.pdmodel.graphics.shading.Patch.isEdgeALine(Point2D[]),1
org.apache.pdfbox.pdmodel.graphics.shading.PDShadingType1.toPaint(Matrix),"org.apache.pdfbox.pdmodel.graphics.shading.Type1ShadingPaint.<init>(PDShadingType1, Matrix)",1
org.apache.pdfbox.pdmodel.interactive.action.PDActionImportData.<init>(COSDictionary),org.apache.pdfbox.pdmodel.interactive.action.PDAction.<init>(COSDictionary),1
org.apache.pdfbox.pdmodel.interactive.annotation.PDAnnotationPopup.<init>(COSDictionary),org.apache.pdfbox.pdmodel.interactive.annotation.PDAnnotation.<init>(COSDictionary),1
org.apache.pdfbox.pdmodel.interactive.annotation.PDAnnotationText.<init>(COSDictionary),org.apache.pdfbox.pdmodel.interactive.annotation.PDAnnotationMarkup.<init>(COSDictionary),2
org.apache.pdfbox.pdmodel.interactive.documentnavigation.destination.PDDestination.create(COSBase),org.apache.pdfbox.pdmodel.interactive.documentnavigation.destination.PDPageFitDestination.<init>(COSArray),2
org.apache.pdfbox.pdmodel.interactive.documentnavigation.destination.PDPageFitDestination.setFitBoundingBox(boolean),"org.apache.pdfbox.cos.COSArray.setName(int, String)",3
org.apache.pdfbox.pdmodel.interactive.documentnavigation.destination.PDPageFitDestination.setFitBoundingBox(boolean),org.apache.pdfbox.cos.COSArray.growToSize(int),3
org.apache.pdfbox.pdmodel.PDResources.getFontNames(),org.apache.pdfbox.pdmodel.PDResources.getNames(COSName),1
org.apache.pdfbox.pdmodel.common.PDMetadata.importXMPMetadata(byte[]),org.apache.pdfbox.pdmodel.common.PDStream.createOutputStream(),1
org.apache.pdfbox.pdmodel.fdf.FDFAnnotationPolyline.setInteriorColor(Color),"org.apache.pdfbox.cos.COSDictionary.setItem(COSName, COSBase)",1
org.apache.pdfbox.pdmodel.fdf.FDFCatalog.getFDF(),org.apache.pdfbox.pdmodel.fdf.FDFDictionary.<init>(COSDictionary),1
org.apache.pdfbox.pdmodel.graphics.color.PDDeviceN.toRGBImage(WritableRaster),org.apache.pdfbox.pdmodel.graphics.color.PDDeviceN.toRGBWithTintTransform(WritableRaster),1
org.apache.pdfbox.pdmodel.graphics.color.PDSeparation.setColorantName(String),org.apache.pdfbox.cos.COSName.getPDFName(String),2
org.apache.pdfbox.pdmodel.graphics.pattern.PDAbstractPattern.getMatrix(),org.apache.pdfbox.cos.COSDictionary.getDictionaryObject(COSName),1
org.apache.pdfbox.pdmodel.graphics.pattern.PDAbstractPattern.getMatrix(),org.apache.pdfbox.util.Matrix.<init>(),1
org.apache.pdfbox.pdmodel.interactive.action.PDActionLaunch.getWinLaunchParams(),org.apache.pdfbox.cos.COSDictionary.getDictionaryObject(String),1
org.apache.pdfbox.pdmodel.interactive.annotation.PDAnnotationMarkup.setIntent(String),"org.apache.pdfbox.cos.COSDictionary.setName(COSName, String)",2
org.apache.pdfbox.pdmodel.interactive.annotation.PDAnnotationMarkup.getIntent(),org.apache.pdfbox.cos.COSDictionary.getNameAsString(COSName),3
org.apache.pdfbox.pdmodel.interactive.annotation.PDAnnotationText.getOpen(),org.apache.pdfbox.cos.COSName.getPDFName(String),2
org.apache.pdfbox.pdmodel.interactive.annotation.PDAnnotationText.getOpen(),"org.apache.pdfbox.cos.COSDictionary.getBoolean(COSName, boolean)",2
org.apache.pdfbox.pdmodel.interactive.annotation.PDAnnotationWidget.setHighlightingMode(String),"org.apache.pdfbox.cos.COSDictionary.setName(COSName, String)",6
org.apache.pdfbox.pdmodel.interactive.form.PDChoice.isCombo(),"org.apache.pdfbox.cos.COSDictionary.getFlag(COSName, int)",2
org.apache.pdfbox.pdmodel.interactive.measurement.PDNumberFormatDictionary.getLabelPositionToValue(),"org.apache.pdfbox.cos.COSDictionary.getString(String, String)",1
org.apache.pdfbox.pdmodel.interactive.pagenavigation.PDTransition.setDirection(PDTransitionDirection),"org.apache.pdfbox.cos.COSDictionary.setItem(COSName, COSBase)",1
org.apache.pdfbox.pdmodel.interactive.pagenavigation.PDTransition.setDirection(PDTransitionDirection),org.apache.pdfbox.pdmodel.interactive.pagenavigation.PDTransitionDirection.getCOSBase(),2
org.apache.pdfbox.pdmodel.interactive.pagenavigation.PDTransition.getDirection(),org.apache.pdfbox.cos.COSDictionary.getItem(COSName),2
org.apache.pdfbox.pdmodel.common.filespecification.PDComplexFileSpecification.setEmbeddedFileUnix(PDEmbeddedFile),org.apache.pdfbox.pdmodel.common.filespecification.PDComplexFileSpecification.getEFDictionary(),1
org.apache.pdfbox.pdmodel.common.PDNameTreeNode.setParent(PDNameTreeNode),org.apache.pdfbox.pdmodel.common.PDNameTreeNode.calculateLimits(),2
org.apache.pdfbox.pdmodel.documentinterchange.logicalstructure.PDUserAttributeObject.<init>(COSDictionary),org.apache.pdfbox.pdmodel.documentinterchange.logicalstructure.PDAttributeObject.<init>(COSDictionary),6
org.apache.pdfbox.pdmodel.encryption.PDEncryption.getStringFilterName(),org.apache.pdfbox.cos.COSDictionary.getDictionaryObject(COSName),2
org.apache.pdfbox.pdmodel.encryption.PDEncryptionDictionary.<init>(COSDictionary),org.apache.pdfbox.pdmodel.encryption.PDEncryption.<init>(COSDictionary),1
org.apache.pdfbox.pdmodel.fdf.FDFAnnotationLine.setEndPointEndingStyle(String),"org.apache.pdfbox.cos.COSArray.setName(int, String)",1
org.apache.pdfbox.pdmodel.graphics.pattern.PDTilingPattern.setTilingType(int),"org.apache.pdfbox.cos.COSDictionary.setInt(COSName, int)",2
org.apache.pdfbox.pdmodel.graphics.pattern.PDTilingPattern.getTilingType(),"org.apache.pdfbox.cos.COSDictionary.getInt(COSName, int)",3
org.apache.pdfbox.pdmodel.interactive.action.PDActionMovie.<init>(COSDictionary),org.apache.pdfbox.pdmodel.interactive.action.PDAction.<init>(COSDictionary),1
org.apache.pdfbox.pdmodel.interactive.annotation.PDAnnotation.isPrinted(),"org.apache.pdfbox.cos.COSDictionary.getFlag(COSName, int)",1
org.apache.pdfbox.pdmodel.interactive.digitalsignature.PDSignature.setSignDate(Calendar),"org.apache.pdfbox.cos.COSDictionary.setDate(COSName, Calendar)",1
org.apache.pdfbox.pdmodel.PDResources.getXObject(COSName),"org.apache.pdfbox.pdmodel.PDResources.getIndirect(COSName, COSName)",1
org.apache.pdfbox.pdmodel.PDResources.getXObject(COSName),"org.apache.pdfbox.pdmodel.PDResources.get(COSName, COSName)",1
org.apache.pdfbox.pdmodel.PDResources.getExtGStateNames(),org.apache.pdfbox.pdmodel.PDResources.getNames(COSName),1
org.apache.pdfbox.pdfwriter.ContentStreamWriter.writeToken(COSBase),org.apache.pdfbox.pdfwriter.ContentStreamWriter.writeObject(Object),1
org.apache.pdfbox.pdfwriter.ContentStreamWriter.writeToken(Operator),org.apache.pdfbox.pdfwriter.ContentStreamWriter.writeObject(Object),1
"org.apache.pdfbox.pdmodel.common.filespecification.PDEmbeddedFile.<init>(PDDocument, InputStream, COSName)","org.apache.pdfbox.pdmodel.common.PDStream.<init>(PDDocument, InputStream, COSName)",1
org.apache.pdfbox.pdmodel.common.function.PDFunction.setRangeValues(COSArray),org.apache.pdfbox.pdmodel.common.function.PDFunction.getCOSObject(),1
org.apache.pdfbox.pdmodel.documentinterchange.logicalstructure.PDStructureTreeRoot.setIDTree(PDNameTreeNode),"org.apache.pdfbox.cos.COSDictionary.setItem(COSName, COSObjectable)",1
org.apache.pdfbox.pdmodel.documentinterchange.logicalstructure.PDUserProperty.equals(Object),org.apache.pdfbox.pdmodel.common.PDDictionaryWrapper.equals(Object),2
org.apache.pdfbox.pdmodel.documentinterchange.taggedpdf.PDFourColours.<init>(),org.apache.pdfbox.cos.COSArray.<init>(),9
org.apache.pdfbox.pdmodel.documentinterchange.taggedpdf.PDFourColours.<init>(),org.apache.pdfbox.cos.COSArray.add(COSBase),36
org.apache.pdfbox.pdmodel.documentinterchange.taggedpdf.PDFourColours.getBeforeColour(),org.apache.pdfbox.pdmodel.documentinterchange.taggedpdf.PDFourColours.getColourByIndex(int),1
org.apache.pdfbox.pdmodel.documentinterchange.taggedpdf.PDFourColours.getColourByIndex(int),org.apache.pdfbox.cos.COSArray.getObject(int),4
org.apache.pdfbox.pdmodel.fdf.FDFAnnotationLine.setStartPointEndingStyle(String),"org.apache.pdfbox.cos.COSArray.setName(int, String)",1
org.apache.pdfbox.pdmodel.fdf.FDFDictionary.setPages(List),org.apache.pdfbox.pdmodel.common.COSArrayList.converterToCOSArray(List),2
org.apache.pdfbox.pdmodel.font.encoding.DictionaryEncoding.<init>(COSDictionary),org.apache.pdfbox.pdmodel.font.encoding.DictionaryEncoding.applyDifferences(),1
org.apache.pdfbox.pdmodel.font.encoding.DictionaryEncoding.<init>(COSDictionary),org.apache.pdfbox.pdmodel.font.encoding.Encoding.<init>(),1
org.apache.pdfbox.pdmodel.graphics.color.PDICCBased.<init>(PDDocument),org.apache.pdfbox.pdmodel.common.PDStream.<init>(PDDocument),1
org.apache.pdfbox.pdmodel.graphics.color.PDICCBased.<init>(PDDocument),org.apache.pdfbox.cos.COSArray.<init>(),1
org.apache.pdfbox.pdmodel.graphics.color.PDICCBased.<init>(PDDocument),org.apache.pdfbox.cos.COSArray.add(COSBase),1
org.apache.pdfbox.pdmodel.graphics.color.PDICCBased.<init>(PDDocument),org.apache.pdfbox.pdmodel.graphics.color.PDCIEBasedColorSpace.<init>(),1
org.apache.pdfbox.pdmodel.interactive.annotation.PDAnnotation.setNoView(boolean),"org.apache.pdfbox.cos.COSDictionary.setFlag(COSName, int, boolean)",1
org.apache.pdfbox.pdmodel.interactive.annotation.PDAppearanceEntry.getSubDictionary(),org.apache.pdfbox.pdmodel.interactive.annotation.PDAppearanceEntry.isSubDictionary(),1
org.apache.pdfbox.pdmodel.interactive.digitalsignature.PDSeedValue.getLegalAttestation(),org.apache.pdfbox.cos.COSDictionary.getDictionaryObject(COSName),1
org.apache.pdfbox.pdmodel.interactive.documentnavigation.destination.PDPageFitRectangleDestination.getTop(),org.apache.pdfbox.cos.COSArray.getInt(int),3
org.apache.pdfbox.pdmodel.interactive.documentnavigation.destination.PDPageXYZDestination.getTop(),org.apache.pdfbox.cos.COSArray.getInt(int),3
org.apache.pdfbox.pdmodel.interactive.form.PDAcroForm.setFields(List),"org.apache.pdfbox.cos.COSDictionary.setItem(COSName, COSBase)",1
org.apache.pdfbox.pdmodel.interactive.form.PDAcroForm.setFields(List),org.apache.pdfbox.pdmodel.common.COSArrayList.converterToCOSArray(List),2
"org.apache.pdfbox.rendering.PDFRenderer.renderPageToGraphics(int, Graphics2D)","org.apache.pdfbox.rendering.PDFRenderer.renderPageToGraphics(int, Graphics2D, float)",1
org.apache.pdfbox.pdmodel.common.filespecification.PDComplexFileSpecification.setEmbeddedFileMac(PDEmbeddedFile),org.apache.pdfbox.pdmodel.common.filespecification.PDComplexFileSpecification.getEFDictionary(),1
org.apache.pdfbox.pdmodel.common.PDMetadata.<init>(PDDocument),org.apache.pdfbox.pdmodel.common.PDStream.<init>(PDDocument),1
org.apache.pdfbox.pdmodel.common.PDPageLabelRange.getStyle(),org.apache.pdfbox.cos.COSDictionary.getNameAsString(COSName),3
org.apache.pdfbox.pdmodel.documentinterchange.logicalstructure.PDStructureElement.setPage(PDPage),"org.apache.pdfbox.cos.COSDictionary.setItem(COSName, COSObjectable)",1
org.apache.pdfbox.pdmodel.documentinterchange.logicalstructure.PDUserProperty.setFormattedValue(String),org.apache.pdfbox.pdmodel.documentinterchange.logicalstructure.PDUserProperty.getFormattedValue(),2
org.apache.pdfbox.pdmodel.fdf.FDFAnnotationSquiggly.<init>(COSDictionary),org.apache.pdfbox.pdmodel.fdf.FDFAnnotationTextMarkup.<init>(COSDictionary),2
org.apache.pdfbox.pdmodel.fdf.FDFAnnotationSquare.<init>(Element),org.apache.pdfbox.pdmodel.fdf.FDFAnnotation.<init>(Element),1
org.apache.pdfbox.pdmodel.interactive.action.PDActionGoTo.getDestination(),org.apache.pdfbox.cos.COSDictionary.getDictionaryObject(COSName),1
org.apache.pdfbox.pdmodel.interactive.action.PDActionGoTo.getDestination(),org.apache.pdfbox.pdmodel.interactive.documentnavigation.destination.PDDestination.create(COSBase),1
org.apache.pdfbox.pdmodel.interactive.action.PDAnnotationAdditionalActions.getPO(),org.apache.pdfbox.cos.COSDictionary.getDictionaryObject(String),1
org.apache.pdfbox.pdmodel.interactive.action.PDPageAdditionalActions.getO(),org.apache.pdfbox.cos.COSDictionary.getDictionaryObject(COSName),1
org.apache.pdfbox.pdmodel.interactive.annotation.PDAnnotationLink.setBorderStyle(PDBorderStyleDictionary),"org.apache.pdfbox.cos.COSDictionary.setItem(COSName, COSObjectable)",1
org.apache.pdfbox.pdmodel.interactive.annotation.PDAnnotationText.setOpen(boolean),"org.apache.pdfbox.cos.COSDictionary.setBoolean(COSName, boolean)",1
org.apache.pdfbox.pdmodel.interactive.annotation.PDAnnotationText.setOpen(boolean),org.apache.pdfbox.cos.COSName.getPDFName(String),1
org.apache.pdfbox.pdmodel.interactive.digitalsignature.PDSeedValue.setLegalAttestationRequired(boolean),"org.apache.pdfbox.cos.COSDictionary.setFlag(COSName, int, boolean)",1
org.apache.pdfbox.pdmodel.interactive.digitalsignature.PDSeedValue.isLegalAttestationRequired(),"org.apache.pdfbox.cos.COSDictionary.getFlag(COSName, int)",2
org.apache.pdfbox.pdmodel.interactive.digitalsignature.PDSeedValue.setVRequired(boolean),"org.apache.pdfbox.cos.COSDictionary.setFlag(COSName, int, boolean)",1
org.apache.pdfbox.pdmodel.interactive.digitalsignature.PDSignature.setFilter(COSName),"org.apache.pdfbox.cos.COSDictionary.setItem(COSName, COSBase)",1
org.apache.pdfbox.pdmodel.interactive.form.PDAcroForm.refreshAppearances(),org.apache.pdfbox.pdmodel.interactive.form.PDFieldTree.iterator(),2
org.apache.pdfbox.pdmodel.interactive.form.PDAcroForm.refreshAppearances(),org.apache.pdfbox.pdmodel.interactive.form.PDAcroForm.getFieldTree(),2
org.apache.pdfbox.pdmodel.interactive.form.PDAcroForm.getFieldIterator(),org.apache.pdfbox.pdmodel.interactive.form.PDFieldTree.iterator(),2
org.apache.pdfbox.pdmodel.interactive.form.PDAcroForm.getFieldIterator(),org.apache.pdfbox.pdmodel.interactive.form.PDFieldTree.<init>(PDAcroForm),2
org.apache.pdfbox.pdmodel.interactive.form.PDSignatureField.getSignature(),org.apache.pdfbox.pdmodel.interactive.form.PDSignatureField.getValue(),1
org.apache.pdfbox.pdmodel.interactive.form.PDTextField.setMaxLen(int),"org.apache.pdfbox.cos.COSDictionary.setInt(COSName, int)",2
org.apache.pdfbox.pdmodel.interactive.form.PDTextField.getMaxLen(),org.apache.pdfbox.cos.COSDictionary.getInt(COSName),3
"org.apache.pdfbox.contentstream.operator.color.SetColor.process(Operator, List)",org.apache.pdfbox.contentstream.operator.color.SetStrokingColor.getColorSpace(),1
org.apache.pdfbox.multipdf.Splitter.split(PDDocument),org.apache.pdfbox.multipdf.Splitter.processPages(),1
org.apache.pdfbox.pdmodel.common.COSArrayList.add(Object),org.apache.pdfbox.pdmodel.common.COSArrayList.add(Object),1
org.apache.pdfbox.pdmodel.documentinterchange.logicalstructure.PDStructureElement.removeClassName(String),org.apache.pdfbox.cos.COSName.equals(Object),1
org.apache.pdfbox.pdmodel.font.PDType3CharProc.getContentStream(),org.apache.pdfbox.pdmodel.common.PDStream.<init>(COSStream),1
org.apache.pdfbox.pdmodel.graphics.optionalcontent.PDOptionalContentProperties.getOptionalContentGroups(),org.apache.pdfbox.pdmodel.graphics.optionalcontent.PDOptionalContentProperties.getOCGs(),2
org.apache.pdfbox.pdmodel.graphics.PDPostScriptXObject.<init>(COSStream),"org.apache.pdfbox.pdmodel.graphics.PDXObject.<init>(COSStream, COSName)",1
org.apache.pdfbox.pdmodel.graphics.shading.PDShadingType4.toPaint(Matrix),"org.apache.pdfbox.pdmodel.graphics.shading.Type4ShadingPaint.<init>(PDShadingType4, Matrix)",1
org.apache.pdfbox.pdmodel.interactive.annotation.PDAnnotation.createAnnotation(COSBase),org.apache.pdfbox.pdmodel.interactive.annotation.PDAnnotationText.<init>(COSDictionary),1
org.apache.pdfbox.pdmodel.interactive.annotation.PDExternalDataDictionary.getSubtype(),org.apache.pdfbox.cos.COSDictionary.getNameAsString(COSName),3
org.apache.pdfbox.pdmodel.interactive.digitalsignature.PDSeedValue.setFilterRequired(boolean),"org.apache.pdfbox.cos.COSDictionary.setFlag(COSName, int, boolean)",1
org.apache.pdfbox.pdmodel.interactive.digitalsignature.PDSeedValue.isFilterRequired(),"org.apache.pdfbox.cos.COSDictionary.getFlag(COSName, int)",2
org.apache.pdfbox.pdmodel.interactive.documentnavigation.destination.PDDestination.create(COSBase),org.apache.pdfbox.pdmodel.interactive.documentnavigation.destination.PDPageFitRectangleDestination.<init>(COSArray),1
org.apache.pdfbox.pdmodel.interactive.documentnavigation.destination.PDPageFitHeightDestination.getLeft(),org.apache.pdfbox.cos.COSArray.getInt(int),3
org.apache.pdfbox.pdmodel.interactive.form.PDTextField.setFileSelect(boolean),"org.apache.pdfbox.cos.COSDictionary.setFlag(COSName, int, boolean)",1
org.apache.pdfbox.pdmodel.interactive.form.PDTextField.isFileSelect(),"org.apache.pdfbox.cos.COSDictionary.getFlag(COSName, int)",2
org.apache.pdfbox.pdmodel.interactive.form.PDTextField.doNotScroll(),"org.apache.pdfbox.cos.COSDictionary.getFlag(COSName, int)",2
org.apache.pdfbox.pdmodel.interactive.form.PDVariableText.setRichTextValue(String),org.apache.pdfbox.cos.COSDictionary.removeItem(COSName),1
org.apache.pdfbox.pdmodel.common.filespecification.PDComplexFileSpecification.getEmbeddedFileMac(),org.apache.pdfbox.pdmodel.common.filespecification.PDComplexFileSpecification.getObjectFromEFDictionary(COSName),1
org.apache.pdfbox.pdmodel.common.filespecification.PDEmbeddedFile.<init>(PDDocument),org.apache.pdfbox.pdmodel.common.PDStream.<init>(PDDocument),1
org.apache.pdfbox.pdmodel.documentinterchange.logicalstructure.PDStructureElement.getStandardStructureType(),org.apache.pdfbox.pdmodel.documentinterchange.logicalstructure.PDStructureElement.getRoleMap(),1
org.apache.pdfbox.pdmodel.documentinterchange.logicalstructure.PDStructureElement.getRoleMap(),org.apache.pdfbox.pdmodel.documentinterchange.logicalstructure.PDStructureElement.getStructureTreeRoot(),1
org.apache.pdfbox.pdmodel.documentinterchange.logicalstructure.PDStructureElement.getStructureTreeRoot(),org.apache.pdfbox.pdmodel.documentinterchange.logicalstructure.PDStructureElement.getParent(),1
org.apache.pdfbox.pdmodel.documentinterchange.logicalstructure.PDStructureElement.getStandardStructureType(),org.apache.pdfbox.pdmodel.documentinterchange.logicalstructure.PDStructureElement.getStructureType(),1
org.apache.pdfbox.pdmodel.encryption.AccessPermission.hasAnyRevision3PermissionSet(),org.apache.pdfbox.pdmodel.encryption.AccessPermission.canAssembleDocument(),3
org.apache.pdfbox.pdmodel.encryption.AccessPermission.hasAnyRevision3PermissionSet(),org.apache.pdfbox.pdmodel.encryption.AccessPermission.canExtractForAccessibility(),4
org.apache.pdfbox.pdmodel.fdf.FDFAnnotation.setCreationDate(Calendar),"org.apache.pdfbox.cos.COSDictionary.setDate(COSName, Calendar)",1
org.apache.pdfbox.pdmodel.graphics.color.PDDeviceNAttributes.getProcess(),org.apache.pdfbox.cos.COSDictionary.getDictionaryObject(COSName),1
org.apache.pdfbox.pdmodel.interactive.action.PDActionRemoteGoTo.setD(COSBase),"org.apache.pdfbox.cos.COSDictionary.setItem(COSName, COSBase)",1
org.apache.pdfbox.pdmodel.interactive.action.PDAnnotationAdditionalActions.getPC(),org.apache.pdfbox.cos.COSDictionary.getDictionaryObject(String),1
org.apache.pdfbox.pdmodel.interactive.action.PDPageAdditionalActions.getC(),org.apache.pdfbox.cos.COSDictionary.getDictionaryObject(String),1
org.apache.pdfbox.pdmodel.interactive.action.PDPageAdditionalActions.setO(PDAction),"org.apache.pdfbox.cos.COSDictionary.setItem(COSName, COSObjectable)",1
org.apache.pdfbox.pdmodel.interactive.annotation.PDAnnotation.setToggleNoView(boolean),"org.apache.pdfbox.cos.COSDictionary.setFlag(COSName, int, boolean)",1
org.apache.pdfbox.pdmodel.interactive.annotation.PDAnnotation.isToggleNoView(),"org.apache.pdfbox.cos.COSDictionary.getFlag(COSName, int)",2
org.apache.pdfbox.pdmodel.interactive.annotation.PDAnnotationFileAttachment.setFile(PDFileSpecification),"org.apache.pdfbox.cos.COSDictionary.setItem(String, COSObjectable)",1
org.apache.pdfbox.pdmodel.interactive.annotation.PDAnnotationLink.getDestination(),org.apache.pdfbox.cos.COSDictionary.getDictionaryObject(COSName),1
org.apache.pdfbox.pdmodel.interactive.annotation.PDAnnotationLink.getDestination(),org.apache.pdfbox.pdmodel.interactive.documentnavigation.destination.PDDestination.create(COSBase),1
org.apache.pdfbox.pdmodel.interactive.annotation.PDAnnotationPopup.setOpen(boolean),"org.apache.pdfbox.cos.COSDictionary.setBoolean(String, boolean)",1
org.apache.pdfbox.pdmodel.interactive.annotation.PDAnnotationPopup.getOpen(),"org.apache.pdfbox.cos.COSDictionary.getBoolean(String, boolean)",2
org.apache.pdfbox.pdmodel.interactive.annotation.PDAnnotationRubberStamp.setName(String),"org.apache.pdfbox.cos.COSDictionary.setName(COSName, String)",1
org.apache.pdfbox.pdmodel.interactive.digitalsignature.PDSeedValue.getDigestMethod(),org.apache.pdfbox.cos.COSDictionary.getDictionaryObject(COSName),1
org.apache.pdfbox.pdmodel.interactive.documentnavigation.destination.PDPageFitWidthDestination.getTop(),org.apache.pdfbox.cos.COSArray.getInt(int),3
org.apache.pdfbox.pdmodel.interactive.form.PDChoice.getOptionsDisplayValues(),org.apache.pdfbox.cos.COSDictionary.getDictionaryObject(COSName),2
org.apache.pdfbox.pdmodel.interactive.form.PDChoice.getOptionsDisplayValues(),"org.apache.pdfbox.pdmodel.interactive.form.FieldUtils.getPairableItems(COSBase, int)",2
"org.apache.pdfbox.pdmodel.interactive.form.PDChoice.setOptions(List, List)",org.apache.pdfbox.cos.COSDictionary.removeItem(COSName),2
org.apache.pdfbox.pdmodel.interactive.form.PDField.setReadOnly(boolean),"org.apache.pdfbox.cos.COSDictionary.setFlag(COSName, int, boolean)",1
org.apache.pdfbox.pdmodel.interactive.form.PDField.isReadOnly(),"org.apache.pdfbox.cos.COSDictionary.getFlag(COSName, int)",2
org.apache.pdfbox.pdmodel.interactive.pagenavigation.PDThread.getFirstBead(),org.apache.pdfbox.cos.COSDictionary.getDictionaryObject(String),1
org.apache.pdfbox.io.RandomAccessInputStream.available(),org.apache.pdfbox.io.RandomAccessInputStream.restorePosition(),1
"org.apache.pdfbox.pdfwriter.COSWriter.writeString(byte[], OutputStream)","org.apache.pdfbox.pdfwriter.COSWriter.writeString(byte[], boolean, OutputStream)",3
org.apache.pdfbox.pdmodel.common.COSArrayList.toArray(Object[]),org.apache.pdfbox.pdmodel.common.COSArrayList.toArray(Object[]),1
org.apache.pdfbox.pdmodel.common.PDStream.setFileFilters(List),org.apache.pdfbox.pdmodel.common.COSArrayList.convertStringListToCOSNameCOSArray(List),1
org.apache.pdfbox.pdmodel.fdf.FDFDictionary.setAnnotations(List),org.apache.pdfbox.pdmodel.common.COSArrayList.converterToCOSArray(List),2
org.apache.pdfbox.pdmodel.interactive.action.PDActionSubmitForm.getFields(),org.apache.pdfbox.cos.COSDictionary.getDictionaryObject(COSName),1
org.apache.pdfbox.pdmodel.interactive.annotation.PDAnnotationFileAttachment.getFile(),org.apache.pdfbox.cos.COSDictionary.getDictionaryObject(String),1
org.apache.pdfbox.pdmodel.interactive.annotation.PDAnnotationFileAttachment.getFile(),org.apache.pdfbox.pdmodel.common.filespecification.PDFileSpecification.createFS(COSBase),1
org.apache.pdfbox.pdmodel.interactive.annotation.PDAnnotationLink.setDestination(PDDestination),"org.apache.pdfbox.cos.COSDictionary.setItem(COSName, COSObjectable)",1
org.apache.pdfbox.pdmodel.interactive.digitalsignature.PDSeedValue.getTimeStamp(),org.apache.pdfbox.cos.COSDictionary.getDictionaryObject(COSName),1
org.apache.pdfbox.pdmodel.interactive.digitalsignature.PDSeedValue.isAddRevInfoRequired(),"org.apache.pdfbox.cos.COSDictionary.getFlag(COSName, int)",2
org.apache.pdfbox.pdmodel.interactive.documentnavigation.destination.PDPageDestination.getPage(),org.apache.pdfbox.cos.COSArray.getObject(int),1
org.apache.pdfbox.pdmodel.interactive.documentnavigation.destination.PDPageDestination.getPage(),org.apache.pdfbox.cos.COSArray.size(),1
org.apache.pdfbox.pdmodel.interactive.documentnavigation.destination.PDPageXYZDestination.getLeft(),org.apache.pdfbox.cos.COSArray.getInt(int),3
org.apache.pdfbox.pdmodel.interactive.documentnavigation.destination.PDPageXYZDestination.setLeft(int),"org.apache.pdfbox.cos.COSArray.setInt(int, int)",3
org.apache.pdfbox.pdmodel.interactive.documentnavigation.destination.PDPageXYZDestination.setLeft(int),org.apache.pdfbox.cos.COSArray.growToSize(int),4
org.apache.pdfbox.pdmodel.interactive.pagenavigation.PDThreadBead.getRectangle(),org.apache.pdfbox.cos.COSDictionary.getDictionaryObject(COSName),1
org.apache.pdfbox.pdmodel.PDResources.getXObjectNames(),org.apache.pdfbox.pdmodel.PDResources.getNames(COSName),1
org.apache.pdfbox.pdmodel.common.COSDictionaryMap.isEmpty(),org.apache.pdfbox.pdmodel.common.COSDictionaryMap.size(),1
"org.apache.pdfbox.pdmodel.common.COSDictionaryMap.put(Object, Object)",org.apache.pdfbox.cos.COSName.getPDFName(String),1
org.apache.pdfbox.pdmodel.documentinterchange.logicalstructure.PDStructureElement.setAttributes(Revisions),"org.apache.pdfbox.cos.COSDictionary.setItem(COSName, COSBase)",1
org.apache.pdfbox.pdmodel.fdf.FDFAnnotationPolyline.setStartPointEndingStyle(String),org.apache.pdfbox.cos.COSArray.add(COSBase),6
org.apache.pdfbox.pdmodel.fdf.FDFAnnotationPolyline.setStartPointEndingStyle(String),"org.apache.pdfbox.cos.COSDictionary.setItem(COSName, COSBase)",3
org.apache.pdfbox.pdmodel.fdf.FDFAnnotationPolyline.setStartPointEndingStyle(String),org.apache.pdfbox.cos.COSArray.<init>(),3
org.apache.pdfbox.pdmodel.fdf.FDFAnnotationPolyline.setStartPointEndingStyle(String),org.apache.pdfbox.cos.COSDictionary.getDictionaryObject(COSName),4
org.apache.pdfbox.pdmodel.fdf.FDFAnnotationPolyline.setStartPointEndingStyle(String),org.apache.pdfbox.cos.COSName.getPDFName(String),6
org.apache.pdfbox.pdmodel.fdf.FDFAnnotationPolyline.getStartPointEndingStyle(),org.apache.pdfbox.cos.COSArray.getName(int),1
org.apache.pdfbox.pdmodel.fdf.FDFAnnotationPolyline.getStartPointEndingStyle(),org.apache.pdfbox.cos.COSDictionary.getDictionaryObject(COSName),2
org.apache.pdfbox.pdmodel.fdf.FDFCatalog.setSignature(PDSignature),"org.apache.pdfbox.cos.COSDictionary.setItem(COSName, COSObjectable)",1
org.apache.pdfbox.pdmodel.graphics.color.PDSeparation.setColorantName(String),"org.apache.pdfbox.cos.COSArray.set(int, COSBase)",1
"org.apache.pdfbox.pdmodel.graphics.image.PDImageXObject.<init>(PDDocument, InputStream, COSBase, int, int, int, PDColorSpace)","org.apache.pdfbox.pdmodel.graphics.image.PDImageXObject.createRawStream(PDDocument, InputStream)",1
org.apache.pdfbox.pdmodel.interactive.action.PDAnnotationAdditionalActions.setPC(PDAction),"org.apache.pdfbox.cos.COSDictionary.setItem(String, COSObjectable)",1
org.apache.pdfbox.pdmodel.interactive.annotation.PDAnnotation.getPage(),org.apache.pdfbox.cos.COSDictionary.getDictionaryObject(COSName),1
org.apache.pdfbox.pdmodel.interactive.annotation.PDAnnotation.getStructParent(),"org.apache.pdfbox.cos.COSDictionary.getInt(COSName, int)",2
org.apache.pdfbox.pdmodel.interactive.annotation.PDAnnotationLink.getPreviousURI(),org.apache.pdfbox.cos.COSDictionary.getDictionaryObject(String),1
org.apache.pdfbox.pdmodel.interactive.annotation.PDAppearanceCharacteristicsDictionary.getBackground(),org.apache.pdfbox.pdmodel.interactive.annotation.PDAppearanceCharacteristicsDictionary.getColor(COSName),1
org.apache.pdfbox.pdmodel.interactive.digitalsignature.PDPropBuildDataDict.setRevision(long),"org.apache.pdfbox.cos.COSDictionary.setLong(COSName, long)",2
org.apache.pdfbox.pdmodel.interactive.digitalsignature.PDPropBuildDataDict.getRevision(),org.apache.pdfbox.cos.COSDictionary.getLong(COSName),3
org.apache.pdfbox.pdmodel.interactive.digitalsignature.PDPropBuildDataDict.setName(String),"org.apache.pdfbox.cos.COSDictionary.setName(COSName, String)",2
org.apache.pdfbox.pdmodel.interactive.digitalsignature.PDPropBuildDataDict.getName(),org.apache.pdfbox.cos.COSDictionary.getNameAsString(COSName),3
org.apache.pdfbox.pdmodel.interactive.digitalsignature.PDSeedValueMDP.getP(),org.apache.pdfbox.cos.COSDictionary.getInt(COSName),3
org.apache.pdfbox.pdmodel.interactive.digitalsignature.PDSignature.setPropBuild(PDPropBuild),"org.apache.pdfbox.cos.COSDictionary.setItem(COSName, COSObjectable)",1
org.apache.pdfbox.pdmodel.interactive.form.PDField.setRequired(boolean),"org.apache.pdfbox.cos.COSDictionary.setFlag(COSName, int, boolean)",2
org.apache.pdfbox.pdmodel.interactive.pagenavigation.PDThreadBead.setRectangle(PDRectangle),"org.apache.pdfbox.cos.COSDictionary.setItem(COSName, COSObjectable)",1
org.apache.pdfbox.pdmodel.PDPageTree.<init>(COSDictionary),"org.apache.pdfbox.pdmodel.PDPageTree.<init>(COSDictionary, PDDocument)",2
org.apache.pdfbox.io.RandomAccessInputStream.skip(long),org.apache.pdfbox.io.RandomAccessInputStream.restorePosition(),1
org.apache.pdfbox.pdmodel.fdf.FDFDictionary.setFields(List),org.apache.pdfbox.pdmodel.common.COSArrayList.converterToCOSArray(List),2
org.apache.pdfbox.pdmodel.graphics.optionalcontent.PDOptionalContentGroup.<init>(COSDictionary),org.apache.pdfbox.pdmodel.documentinterchange.markedcontent.PDPropertyList.<init>(COSDictionary),1
org.apache.pdfbox.pdmodel.interactive.action.PDAnnotationAdditionalActions.getFo(),org.apache.pdfbox.cos.COSDictionary.getDictionaryObject(String),1
org.apache.pdfbox.pdmodel.interactive.annotation.PDAnnotation.setStructParent(int),"org.apache.pdfbox.cos.COSDictionary.setInt(COSName, int)",1
org.apache.pdfbox.pdmodel.interactive.annotation.PDAnnotation.getAnnotationName(),org.apache.pdfbox.cos.COSDictionary.getString(COSName),1
org.apache.pdfbox.pdmodel.interactive.annotation.PDAnnotationWidget.getAction(),org.apache.pdfbox.cos.COSDictionary.getDictionaryObject(COSName),1
org.apache.pdfbox.pdmodel.interactive.annotation.PDAnnotationWidget.getAction(),org.apache.pdfbox.pdmodel.interactive.action.PDActionFactory.createAction(COSDictionary),1
org.apache.pdfbox.pdmodel.interactive.documentnavigation.destination.PDPageFitRectangleDestination.setRight(int),"org.apache.pdfbox.cos.COSArray.setInt(int, int)",3
org.apache.pdfbox.pdmodel.interactive.documentnavigation.destination.PDPageFitRectangleDestination.setRight(int),org.apache.pdfbox.cos.COSArray.growToSize(int),4
org.apache.pdfbox.pdmodel.interactive.documentnavigation.destination.PDPageFitRectangleDestination.setLeft(int),"org.apache.pdfbox.cos.COSArray.setInt(int, int)",3
org.apache.pdfbox.pdmodel.interactive.documentnavigation.destination.PDPageFitRectangleDestination.setLeft(int),org.apache.pdfbox.cos.COSArray.growToSize(int),4
org.apache.pdfbox.pdmodel.interactive.documentnavigation.destination.PDPageFitRectangleDestination.getLeft(),org.apache.pdfbox.cos.COSArray.getInt(int),3
org.apache.pdfbox.pdmodel.PDEmbeddedFilesNameTreeNode.createChildNode(COSDictionary),org.apache.pdfbox.pdmodel.PDEmbeddedFilesNameTreeNode.<init>(COSDictionary),1
org.apache.pdfbox.pdmodel.PDEmbeddedFilesNameTreeNode.<init>(COSDictionary),org.apache.pdfbox.pdmodel.common.PDNameTreeNode.<init>(COSDictionary),2
org.apache.pdfbox.pdmodel.PDResources.getColorSpaceNames(),org.apache.pdfbox.pdmodel.PDResources.getNames(COSName),1
"org.apache.pdfbox.rendering.PDFRenderer.renderImageWithDPI(int, float, ImageType)","org.apache.pdfbox.rendering.PDFRenderer.renderImage(int, float, ImageType)",1
org.apache.pdfbox.pdmodel.common.COSDictionaryMap.convert(Map),org.apache.pdfbox.pdmodel.common.COSDictionaryMap.entrySet(),1
org.apache.pdfbox.pdmodel.common.COSDictionaryMap.convert(Map),org.apache.pdfbox.cos.COSDictionary.<init>(),1
org.apache.pdfbox.pdmodel.common.filespecification.PDComplexFileSpecification.getEmbeddedFileUnix(),org.apache.pdfbox.pdmodel.common.filespecification.PDComplexFileSpecification.getObjectFromEFDictionary(COSName),1
org.apache.pdfbox.pdmodel.common.PDStream.toByteArray(),org.apache.pdfbox.pdmodel.common.PDStream.createInputStream(),1
org.apache.pdfbox.pdmodel.documentinterchange.logicalstructure.PDStructureTreeRoot.setParentTree(PDNumberTreeNode),"org.apache.pdfbox.cos.COSDictionary.setItem(COSName, COSObjectable)",1
org.apache.pdfbox.pdmodel.encryption.PDEncryption.setOwnerEncryptionKey(byte[]),"org.apache.pdfbox.cos.COSDictionary.setItem(COSName, COSBase)",1
org.apache.pdfbox.pdmodel.encryption.PDEncryption.getOwnerEncryptionKey(),org.apache.pdfbox.cos.COSDictionary.getDictionaryObject(COSName),2
org.apache.pdfbox.pdmodel.fdf.FDFAnnotationFreeText.getRotation(),org.apache.pdfbox.cos.COSDictionary.getString(COSName),1
org.apache.pdfbox.pdmodel.fdf.FDFNamedPageReference.getFileSpecification(),org.apache.pdfbox.cos.COSDictionary.getDictionaryObject(COSName),1
org.apache.pdfbox.pdmodel.fdf.FDFNamedPageReference.getFileSpecification(),org.apache.pdfbox.pdmodel.common.filespecification.PDFileSpecification.createFS(COSBase),1
org.apache.pdfbox.pdmodel.font.encoding.Type1Encoding.<init>(FontMetrics),org.apache.pdfbox.pdmodel.font.encoding.Encoding.<init>(),1
org.apache.pdfbox.pdmodel.graphics.color.PDIndexed.setBaseColorSpace(PDColorSpace),"org.apache.pdfbox.cos.COSArray.set(int, COSBase)",1
org.apache.pdfbox.pdmodel.graphics.pattern.PDTilingPattern.setPaintType(int),"org.apache.pdfbox.cos.COSDictionary.setInt(COSName, int)",2
org.apache.pdfbox.pdmodel.graphics.pattern.PDTilingPattern.getPaintType(),"org.apache.pdfbox.cos.COSDictionary.getInt(COSName, int)",3
org.apache.pdfbox.pdmodel.interactive.annotation.PDAnnotation.isHidden(),"org.apache.pdfbox.cos.COSDictionary.getFlag(COSName, int)",2
org.apache.pdfbox.pdmodel.interactive.annotation.PDAnnotationLink.getAction(),org.apache.pdfbox.cos.COSDictionary.getDictionaryObject(COSName),1
org.apache.pdfbox.pdmodel.interactive.annotation.PDAnnotationLink.getAction(),org.apache.pdfbox.pdmodel.interactive.action.PDActionFactory.createAction(COSDictionary),1
org.apache.pdfbox.pdmodel.interactive.annotation.PDAnnotationSquareCircle.setBorderEffect(PDBorderEffectDictionary),"org.apache.pdfbox.cos.COSDictionary.setItem(COSName, COSObjectable)",1
org.apache.pdfbox.pdmodel.interactive.annotation.PDBorderEffectDictionary.setStyle(String),"org.apache.pdfbox.cos.COSDictionary.setName(String, String)",2
org.apache.pdfbox.pdmodel.interactive.form.PDButton.isRadioButton(),"org.apache.pdfbox.cos.COSDictionary.getFlag(COSName, int)",2
"org.apache.pdfbox.filter.Predictor.decodePredictor(int, int, int, int, InputStream, OutputStream)","org.apache.pdfbox.io.IOUtils.copy(InputStream, OutputStream)",1
org.apache.pdfbox.pdmodel.common.PDStream.setDecodeParms(List),org.apache.pdfbox.pdmodel.common.COSArrayList.converterToCOSArray(List),1
org.apache.pdfbox.pdmodel.fdf.FDFAnnotation.setReadOnly(boolean),"org.apache.pdfbox.cos.COSDictionary.setFlag(COSName, int, boolean)",1
org.apache.pdfbox.pdmodel.interactive.action.PDActionSubmitForm.setFile(PDFileSpecification),"org.apache.pdfbox.cos.COSDictionary.setItem(COSName, COSObjectable)",1
org.apache.pdfbox.pdmodel.interactive.annotation.PDAnnotation.isReadOnly(),"org.apache.pdfbox.cos.COSDictionary.getFlag(COSName, int)",1
org.apache.pdfbox.pdmodel.interactive.annotation.PDAnnotationWidget.getAppearanceCharacteristics(),org.apache.pdfbox.cos.COSDictionary.getDictionaryObject(COSName),1
org.apache.pdfbox.pdmodel.interactive.annotation.PDAppearanceCharacteristicsDictionary.getBorderColour(),org.apache.pdfbox.pdmodel.interactive.annotation.PDAppearanceCharacteristicsDictionary.getColor(COSName),1
org.apache.pdfbox.pdmodel.interactive.digitalsignature.PDPropBuildDataDict.setMinimumRevision(long),"org.apache.pdfbox.cos.COSDictionary.setLong(COSName, long)",2
org.apache.pdfbox.pdmodel.interactive.digitalsignature.PDPropBuildDataDict.getMinimumRevision(),org.apache.pdfbox.cos.COSDictionary.getLong(COSName),3
org.apache.pdfbox.pdmodel.interactive.documentnavigation.destination.PDPageFitRectangleDestination.setTop(int),"org.apache.pdfbox.cos.COSArray.set(int, COSBase)",1
org.apache.pdfbox.pdmodel.interactive.documentnavigation.destination.PDPageFitRectangleDestination.setBottom(int),"org.apache.pdfbox.cos.COSArray.setInt(int, int)",3
org.apache.pdfbox.pdmodel.interactive.documentnavigation.destination.PDPageFitRectangleDestination.setBottom(int),org.apache.pdfbox.cos.COSArray.growToSize(int),4
org.apache.pdfbox.pdmodel.interactive.documentnavigation.destination.PDPageFitRectangleDestination.getBottom(),org.apache.pdfbox.cos.COSArray.getInt(int),3
org.apache.pdfbox.pdmodel.interactive.form.PDChoice.setDoNotSpellCheck(boolean),"org.apache.pdfbox.cos.COSDictionary.setFlag(COSName, int, boolean)",1
org.apache.pdfbox.pdmodel.interactive.form.PDChoice.isDoNotSpellCheck(),"org.apache.pdfbox.cos.COSDictionary.getFlag(COSName, int)",2
org.apache.pdfbox.pdmodel.interactive.pagenavigation.PDThreadBead.setThread(PDThread),"org.apache.pdfbox.cos.COSDictionary.setItem(String, COSObjectable)",1
org.apache.pdfbox.pdmodel.common.COSDictionaryMap.remove(Object),org.apache.pdfbox.cos.COSName.getPDFName(String),1
org.apache.pdfbox.pdmodel.common.PDNumberTreeNode.setKids(List),"org.apache.pdfbox.cos.COSDictionary.setItem(COSName, COSBase)",2
org.apache.pdfbox.pdmodel.common.PDNumberTreeNode.setKids(List),org.apache.pdfbox.cos.COSDictionary.getDictionaryObject(COSName),1
org.apache.pdfbox.pdmodel.common.PDNumberTreeNode.setKids(List),org.apache.pdfbox.pdmodel.common.COSArrayList.converterToCOSArray(List),1
org.apache.pdfbox.pdmodel.common.PDStream.addCompression(),org.apache.pdfbox.pdmodel.common.PDStream.getFilters(),1
org.apache.pdfbox.pdmodel.common.PDStream.setFilters(List),org.apache.pdfbox.pdmodel.common.COSArrayList.converterToCOSArray(List),1
org.apache.pdfbox.pdmodel.common.PDStream.setFileDecodeParams(List),org.apache.pdfbox.pdmodel.common.COSArrayList.converterToCOSArray(List),1
org.apache.pdfbox.pdmodel.documentinterchange.logicalstructure.PDMarkInfo.setUserProperties(boolean),"org.apache.pdfbox.cos.COSDictionary.setBoolean(String, boolean)",1
org.apache.pdfbox.pdmodel.documentinterchange.logicalstructure.PDMarkInfo.usesUserProperties(),"org.apache.pdfbox.cos.COSDictionary.getBoolean(String, boolean)",2
org.apache.pdfbox.pdmodel.fdf.FDFAnnotationSquare.setInteriorColor(Color),"org.apache.pdfbox.cos.COSDictionary.setItem(COSName, COSBase)",1
org.apache.pdfbox.pdmodel.fdf.FDFAnnotationText.getIcon(),"org.apache.pdfbox.cos.COSDictionary.getNameAsString(COSName, String)",2
org.apache.pdfbox.pdmodel.fdf.FDFDictionary.setEmbeddedFDFs(List),org.apache.pdfbox.pdmodel.common.COSArrayList.converterToCOSArray(List),2
org.apache.pdfbox.pdmodel.graphics.image.PDImageXObject.<init>(PDDocument),org.apache.pdfbox.pdmodel.common.PDStream.<init>(PDDocument),1
org.apache.pdfbox.pdmodel.interactive.action.PDAction.getNext(),org.apache.pdfbox.cos.COSDictionary.getDictionaryObject(COSName),1
org.apache.pdfbox.pdmodel.interactive.action.PDActionSound.setS(String),"org.apache.pdfbox.cos.COSDictionary.setName(COSName, String)",1
org.apache.pdfbox.pdmodel.interactive.action.PDAnnotationAdditionalActions.getBl(),org.apache.pdfbox.cos.COSDictionary.getDictionaryObject(String),1
org.apache.pdfbox.pdmodel.interactive.annotation.PDAnnotation.setAppearance(PDAppearanceDictionary),"org.apache.pdfbox.cos.COSDictionary.setItem(COSName, COSBase)",1
org.apache.pdfbox.pdmodel.interactive.annotation.PDAppearanceDictionary.setDownAppearance(PDAppearanceEntry),"org.apache.pdfbox.cos.COSDictionary.setItem(COSName, COSObjectable)",1
org.apache.pdfbox.pdmodel.interactive.annotation.PDAppearanceDictionary.getDownAppearance(),org.apache.pdfbox.pdmodel.interactive.annotation.PDAppearanceEntry.<init>(COSBase),1
org.apache.pdfbox.pdmodel.interactive.digitalsignature.PDSeedValue.setAddRevInfoRequired(boolean),"org.apache.pdfbox.cos.COSDictionary.setFlag(COSName, int, boolean)",1
org.apache.pdfbox.pdmodel.interactive.documentnavigation.destination.PDPageFitRectangleDestination.getRight(),org.apache.pdfbox.cos.COSArray.getInt(int),3
org.apache.pdfbox.pdmodel.interactive.pagenavigation.PDThread.setFirstBead(PDThreadBead),"org.apache.pdfbox.cos.COSDictionary.setItem(String, COSObjectable)",1
org.apache.pdfbox.pdmodel.interactive.pagenavigation.PDThreadBead.getPage(),org.apache.pdfbox.cos.COSDictionary.getDictionaryObject(String),1
org.apache.pdfbox.pdmodel.documentinterchange.logicalstructure.PDStructureElement.appendKid(PDObjectReference),org.apache.pdfbox.pdmodel.documentinterchange.logicalstructure.PDStructureNode.appendObjectableKid(COSObjectable),1
org.apache.pdfbox.pdmodel.encryption.AccessPermission.hasAnyRevision3PermissionSet(),org.apache.pdfbox.pdmodel.encryption.AccessPermission.canPrintDegraded(),1
org.apache.pdfbox.pdmodel.encryption.PDEncryption.setStringFilterName(COSName),"org.apache.pdfbox.cos.COSDictionary.setItem(COSName, COSBase)",1
org.apache.pdfbox.pdmodel.font.PDPanose.getPanose(),org.apache.pdfbox.pdmodel.font.PDPanoseClassification.<init>(byte[]),14
org.apache.pdfbox.pdmodel.graphics.color.PDDeviceNAttributes.setColorants(Map),"org.apache.pdfbox.cos.COSDictionary.setItem(COSName, COSBase)",1
org.apache.pdfbox.pdmodel.graphics.pattern.PDAbstractPattern.create(COSDictionary),org.apache.pdfbox.pdmodel.graphics.pattern.PDTilingPattern.<init>(COSDictionary),1
org.apache.pdfbox.pdmodel.graphics.pattern.PDTilingPattern.getBBox(),org.apache.pdfbox.cos.COSDictionary.getDictionaryObject(COSName),1
org.apache.pdfbox.pdmodel.interactive.action.PDActionHide.getT(),org.apache.pdfbox.cos.COSDictionary.getDictionaryObject(COSName),1
org.apache.pdfbox.pdmodel.interactive.action.PDActionRemoteGoTo.getD(),org.apache.pdfbox.cos.COSDictionary.getDictionaryObject(COSName),1
org.apache.pdfbox.pdmodel.interactive.action.PDActionSubmitForm.setFields(COSArray),"org.apache.pdfbox.cos.COSDictionary.setItem(COSName, COSBase)",1
org.apache.pdfbox.pdmodel.interactive.action.PDActionThread.getFile(),org.apache.pdfbox.cos.COSDictionary.getDictionaryObject(COSName),1
org.apache.pdfbox.pdmodel.interactive.action.PDActionThread.getFile(),org.apache.pdfbox.pdmodel.common.filespecification.PDFileSpecification.createFS(COSBase),1
org.apache.pdfbox.pdmodel.interactive.action.PDAnnotationAdditionalActions.setE(PDAction),"org.apache.pdfbox.cos.COSDictionary.setItem(String, COSObjectable)",1
org.apache.pdfbox.pdmodel.interactive.annotation.PDAnnotation.setReadOnly(boolean),"org.apache.pdfbox.cos.COSDictionary.setFlag(COSName, int, boolean)",1
org.apache.pdfbox.pdmodel.interactive.annotation.PDAnnotation.setModifiedDate(Calendar),"org.apache.pdfbox.cos.COSDictionary.setDate(COSName, Calendar)",1
org.apache.pdfbox.pdmodel.interactive.annotation.PDAnnotationLink.getBorderStyle(),org.apache.pdfbox.cos.COSDictionary.getDictionaryObject(COSName),1
org.apache.pdfbox.pdmodel.interactive.annotation.PDAnnotationMarkup.setCreationDate(Calendar),"org.apache.pdfbox.cos.COSDictionary.setDate(COSName, Calendar)",1
org.apache.pdfbox.pdmodel.interactive.annotation.PDAnnotationSquareCircle.getBorderStyle(),org.apache.pdfbox.cos.COSDictionary.getDictionaryObject(COSName),1
org.apache.pdfbox.pdmodel.interactive.digitalsignature.PDSeedValue.getMDP(),org.apache.pdfbox.cos.COSDictionary.getDictionaryObject(COSName),1
org.apache.pdfbox.pdmodel.interactive.digitalsignature.PDSeedValue.setReasonsd(List),"org.apache.pdfbox.cos.COSDictionary.setItem(COSName, COSBase)",1
org.apache.pdfbox.pdmodel.interactive.digitalsignature.PDSeedValue.setReasonsd(List),org.apache.pdfbox.pdmodel.common.COSArrayList.converterToCOSArray(List),1
org.apache.pdfbox.pdmodel.interactive.form.PDChoice.setSort(boolean),"org.apache.pdfbox.cos.COSDictionary.setFlag(COSName, int, boolean)",1
org.apache.pdfbox.pdmodel.interactive.form.PDChoice.isSort(),"org.apache.pdfbox.cos.COSDictionary.getFlag(COSName, int)",2
org.apache.pdfbox.pdmodel.interactive.form.PDChoice.setCommitOnSelChange(boolean),"org.apache.pdfbox.cos.COSDictionary.setFlag(COSName, int, boolean)",1
org.apache.pdfbox.pdmodel.interactive.form.PDChoice.isCommitOnSelChange(),"org.apache.pdfbox.cos.COSDictionary.getFlag(COSName, int)",2
org.apache.pdfbox.pdmodel.interactive.form.PDField.isRequired(),"org.apache.pdfbox.cos.COSDictionary.getFlag(COSName, int)",2
org.apache.pdfbox.pdmodel.interactive.form.PDTextField.setComb(boolean),"org.apache.pdfbox.cos.COSDictionary.setFlag(COSName, int, boolean)",1
org.apache.pdfbox.pdmodel.interactive.form.PDTextField.isComb(),"org.apache.pdfbox.cos.COSDictionary.getFlag(COSName, int)",2
org.apache.pdfbox.pdmodel.PDResources.getShadingNames(),org.apache.pdfbox.pdmodel.PDResources.getNames(COSName),1
org.apache.pdfbox.pdfparser.BaseParser.isClosing(),org.apache.pdfbox.pdfparser.InputStreamSource.peek(),1
org.apache.pdfbox.pdmodel.common.COSDictionaryMap.toString(),org.apache.pdfbox.pdmodel.common.COSDictionaryMap.toString(),1
org.apache.pdfbox.pdmodel.common.PDPageLabelRange.setStart(int),"org.apache.pdfbox.cos.COSDictionary.setInt(COSName, int)",1
org.apache.pdfbox.pdmodel.encryption.PDEncryption.isEncryptMetaData(),org.apache.pdfbox.cos.COSDictionary.getDictionaryObject(COSName),1
org.apache.pdfbox.pdmodel.encryption.PDEncryption.setStreamFilterName(COSName),"org.apache.pdfbox.cos.COSDictionary.setItem(COSName, COSBase)",1
org.apache.pdfbox.pdmodel.encryption.PDEncryption.setLength(int),"org.apache.pdfbox.cos.COSDictionary.setInt(COSName, int)",1
org.apache.pdfbox.pdmodel.encryption.PDEncryption.getLength(),"org.apache.pdfbox.cos.COSDictionary.getInt(COSName, int)",2
org.apache.pdfbox.pdmodel.graphics.pattern.PDShadingPattern.setShading(PDShading),"org.apache.pdfbox.cos.COSDictionary.setItem(COSName, COSObjectable)",1
org.apache.pdfbox.pdmodel.interactive.action.PDActionLaunch.setFile(PDFileSpecification),"org.apache.pdfbox.cos.COSDictionary.setItem(COSName, COSObjectable)",1
org.apache.pdfbox.pdmodel.interactive.action.PDActionRemoteGoTo.setFile(PDFileSpecification),"org.apache.pdfbox.cos.COSDictionary.setItem(COSName, COSObjectable)",1
org.apache.pdfbox.pdmodel.interactive.action.PDFormFieldAdditionalActions.setF(PDAction),"org.apache.pdfbox.cos.COSDictionary.setItem(COSName, COSObjectable)",1
org.apache.pdfbox.pdmodel.interactive.annotation.PDAnnotation.isInvisible(),"org.apache.pdfbox.cos.COSDictionary.getFlag(COSName, int)",1
org.apache.pdfbox.pdmodel.interactive.annotation.PDAnnotation.isNoView(),"org.apache.pdfbox.cos.COSDictionary.getFlag(COSName, int)",1
org.apache.pdfbox.pdmodel.interactive.annotation.PDAnnotation.getSubtype(),org.apache.pdfbox.cos.COSDictionary.getNameAsString(COSName),2
org.apache.pdfbox.pdmodel.interactive.annotation.PDAnnotationMarkup.getExternalData(),org.apache.pdfbox.cos.COSDictionary.getDictionaryObject(String),1
org.apache.pdfbox.pdmodel.interactive.annotation.PDAnnotationWidget.setAppearanceCharacteristics(PDAppearanceCharacteristicsDictionary),"org.apache.pdfbox.cos.COSDictionary.setItem(COSName, COSObjectable)",1
org.apache.pdfbox.pdmodel.interactive.annotation.PDAnnotationWidget.getHighlightingMode(),"org.apache.pdfbox.cos.COSDictionary.getNameAsString(COSName, String)",1
org.apache.pdfbox.pdmodel.interactive.annotation.PDExternalDataDictionary.setSubtype(String),"org.apache.pdfbox.cos.COSDictionary.setName(COSName, String)",2
org.apache.pdfbox.pdmodel.interactive.documentnavigation.destination.PDPageFitHeightDestination.setLeft(int),"org.apache.pdfbox.cos.COSArray.set(int, COSBase)",1
org.apache.pdfbox.pdmodel.interactive.form.PDNonTerminalField.setValue(COSBase),"org.apache.pdfbox.cos.COSDictionary.setItem(COSName, COSBase)",1
org.apache.pdfbox.pdmodel.interactive.measurement.PDViewportDictionary.setMeasure(PDMeasureDictionary),"org.apache.pdfbox.cos.COSDictionary.setItem(String, COSObjectable)",1
org.apache.pdfbox.pdmodel.PDDocumentInformation.setModificationDate(Calendar),"org.apache.pdfbox.cos.COSDictionary.setDate(COSName, Calendar)",1
"org.apache.pdfbox.pdmodel.common.PDStream.<init>(PDDocument, InputStream, COSArray)","org.apache.pdfbox.pdmodel.common.PDStream.<init>(PDDocument, InputStream, COSBase)",1
org.apache.pdfbox.pdmodel.documentinterchange.logicalstructure.PDStructureElement.getPage(),org.apache.pdfbox.cos.COSDictionary.getDictionaryObject(COSName),1
org.apache.pdfbox.pdmodel.encryption.PDEncryption.getStdCryptFilterDictionary(),org.apache.pdfbox.pdmodel.encryption.PDEncryption.getCryptFilterDictionary(COSName),1
org.apache.pdfbox.pdmodel.fdf.FDFAnnotationCircle.getInteriorColor(),org.apache.pdfbox.cos.COSDictionary.getDictionaryObject(COSName),1
org.apache.pdfbox.pdmodel.fdf.FDFAnnotationPolyline.setStartPointEndingStyle(String),"org.apache.pdfbox.cos.COSArray.setName(int, String)",1
org.apache.pdfbox.pdmodel.interactive.action.PDActionGoTo.setDestination(PDDestination),"org.apache.pdfbox.cos.COSDictionary.setItem(COSName, COSObjectable)",1
org.apache.pdfbox.pdmodel.interactive.action.PDActionImportData.setFile(PDFileSpecification),"org.apache.pdfbox.cos.COSDictionary.setItem(COSName, COSObjectable)",1
org.apache.pdfbox.pdmodel.interactive.annotation.PDAnnotation.getColor(),org.apache.pdfbox.pdmodel.interactive.annotation.PDAnnotation.getColor(COSName),1
org.apache.pdfbox.pdmodel.interactive.annotation.PDAnnotation.setHidden(boolean),"org.apache.pdfbox.cos.COSDictionary.setFlag(COSName, int, boolean)",1
org.apache.pdfbox.pdmodel.interactive.form.PDVariableText.setDefaultStyleString(String),org.apache.pdfbox.cos.COSDictionary.removeItem(COSName),1
org.apache.pdfbox.pdmodel.interactive.measurement.PDViewportDictionary.getMeasure(),org.apache.pdfbox.cos.COSDictionary.getDictionaryObject(String),1
org.apache.pdfbox.pdmodel.documentinterchange.logicalstructure.PDMarkedContentReference.getPage(),org.apache.pdfbox.cos.COSDictionary.getDictionaryObject(COSName),1
org.apache.pdfbox.pdmodel.documentinterchange.logicalstructure.PDUserProperty.setFormattedValue(String),"org.apache.pdfbox.cos.COSDictionary.setString(COSName, String)",1
org.apache.pdfbox.pdmodel.documentinterchange.logicalstructure.PDUserProperty.setFormattedValue(String),"org.apache.pdfbox.pdmodel.documentinterchange.logicalstructure.PDUserProperty.potentiallyNotifyChanged(Object, Object)",1
org.apache.pdfbox.pdmodel.fdf.FDFAnnotationText.setIcon(String),"org.apache.pdfbox.cos.COSDictionary.setName(COSName, String)",1
org.apache.pdfbox.pdmodel.graphics.pattern.PDTilingPattern.getContentStream(),org.apache.pdfbox.pdmodel.common.PDStream.<init>(COSStream),1
org.apache.pdfbox.pdmodel.interactive.action.PDActionThread.setB(COSBase),"org.apache.pdfbox.cos.COSDictionary.setItem(COSName, COSBase)",1
org.apache.pdfbox.pdmodel.interactive.action.PDAnnotationAdditionalActions.getX(),org.apache.pdfbox.cos.COSDictionary.getDictionaryObject(String),1
org.apache.pdfbox.pdmodel.interactive.action.PDAnnotationAdditionalActions.setU(PDAction),"org.apache.pdfbox.cos.COSDictionary.setItem(String, COSObjectable)",1
org.apache.pdfbox.pdmodel.interactive.action.PDAnnotationAdditionalActions.setX(PDAction),"org.apache.pdfbox.cos.COSDictionary.setItem(String, COSObjectable)",1
org.apache.pdfbox.pdmodel.interactive.annotation.PDAnnotationLink.setAction(PDAction),"org.apache.pdfbox.cos.COSDictionary.setItem(COSName, COSObjectable)",1
org.apache.pdfbox.pdmodel.interactive.annotation.PDAnnotationSquareCircle.getRectDifference(),org.apache.pdfbox.cos.COSDictionary.getDictionaryObject(COSName),1
org.apache.pdfbox.pdmodel.interactive.annotation.PDAnnotationSquareCircle.getBorderEffect(),org.apache.pdfbox.cos.COSDictionary.getDictionaryObject(COSName),1
org.apache.pdfbox.pdmodel.interactive.annotation.PDAppearanceDictionary.setRolloverAppearance(PDAppearanceEntry),"org.apache.pdfbox.cos.COSDictionary.setItem(COSName, COSObjectable)",1
org.apache.pdfbox.pdmodel.interactive.annotation.PDAppearanceDictionary.getRolloverAppearance(),org.apache.pdfbox.pdmodel.interactive.annotation.PDAppearanceEntry.<init>(COSBase),1
org.apache.pdfbox.pdmodel.interactive.digitalsignature.PDSeedValue.getSubFilter(),org.apache.pdfbox.cos.COSDictionary.getDictionaryObject(COSName),1
org.apache.pdfbox.pdmodel.interactive.digitalsignature.PDSeedValue.setFilter(COSName),"org.apache.pdfbox.cos.COSDictionary.setItem(COSName, COSBase)",1
org.apache.pdfbox.pdmodel.interactive.documentnavigation.destination.PDPageFitWidthDestination.setTop(int),"org.apache.pdfbox.cos.COSArray.set(int, COSBase)",1
org.apache.pdfbox.pdmodel.interactive.form.PDAcroForm.setDefaultResources(PDResources),"org.apache.pdfbox.cos.COSDictionary.setItem(COSName, COSObjectable)",1
org.apache.pdfbox.pdmodel.interactive.form.PDNonTerminalField.getDefaultValue(),org.apache.pdfbox.cos.COSDictionary.getDictionaryObject(COSName),1
org.apache.pdfbox.pdmodel.interactive.form.PDTextField.setDoNotSpellCheck(boolean),"org.apache.pdfbox.cos.COSDictionary.setFlag(COSName, int, boolean)",1
org.apache.pdfbox.pdmodel.interactive.form.PDTextField.doNotSpellCheck(),"org.apache.pdfbox.cos.COSDictionary.getFlag(COSName, int)",2
org.apache.pdfbox.pdmodel.interactive.pagenavigation.PDThreadBead.getThread(),org.apache.pdfbox.cos.COSDictionary.getDictionaryObject(String),1
org.apache.pdfbox.pdmodel.interactive.pagenavigation.PDThreadBead.setPage(PDPage),"org.apache.pdfbox.cos.COSDictionary.setItem(String, COSObjectable)",1
org.apache.pdfbox.pdmodel.interactive.pagenavigation.PDTransition.getMotion(),"org.apache.pdfbox.cos.COSDictionary.getNameAsString(COSName, String)",1
org.apache.pdfbox.pdmodel.common.COSArrayList.remove(Object),org.apache.pdfbox.pdmodel.common.COSArrayList.remove(int),1
org.apache.pdfbox.pdmodel.common.COSArrayList.remove(Object),org.apache.pdfbox.pdmodel.common.COSArrayList.indexOf(Object),1
org.apache.pdfbox.pdmodel.documentinterchange.logicalstructure.PDStructureElement.getLanguage(),org.apache.pdfbox.cos.COSDictionary.getString(COSName),1
org.apache.pdfbox.pdmodel.documentinterchange.taggedpdf.PDFourColours.<init>(COSArray),org.apache.pdfbox.cos.COSArray.size(),1
org.apache.pdfbox.pdmodel.fdf.FDFPage.<init>(),org.apache.pdfbox.cos.COSDictionary.<init>(),5
org.apache.pdfbox.pdmodel.fdf.FDFPage.getPageInfo(),org.apache.pdfbox.cos.COSDictionary.getDictionaryObject(COSName),1
org.apache.pdfbox.pdmodel.graphics.pattern.PDAbstractPattern.create(COSDictionary),org.apache.pdfbox.pdmodel.graphics.pattern.PDShadingPattern.<init>(COSDictionary),1
org.apache.pdfbox.pdmodel.graphics.pattern.PDTilingPattern.setBBox(PDRectangle),org.apache.pdfbox.cos.COSDictionary.removeItem(COSName),1
org.apache.pdfbox.pdmodel.interactive.action.PDActionThread.setFile(PDFileSpecification),"org.apache.pdfbox.cos.COSDictionary.setItem(COSName, COSObjectable)",1
org.apache.pdfbox.pdmodel.interactive.annotation.PDAnnotation.getNormalAppearanceStream(),org.apache.pdfbox.pdmodel.interactive.annotation.PDAnnotation.getAppearance(),1
org.apache.pdfbox.pdmodel.interactive.annotation.PDAnnotationSquareCircle.getInteriorColor(),org.apache.pdfbox.pdmodel.interactive.annotation.PDAnnotation.getColor(COSName),1
org.apache.pdfbox.pdmodel.interactive.annotation.PDAnnotationWidget.setActions(PDAnnotationAdditionalActions),"org.apache.pdfbox.cos.COSDictionary.setItem(COSName, COSObjectable)",1
org.apache.pdfbox.pdmodel.interactive.digitalsignature.PDSeedValue.setSubFilterRequired(boolean),"org.apache.pdfbox.cos.COSDictionary.setFlag(COSName, int, boolean)",1
org.apache.pdfbox.pdmodel.interactive.digitalsignature.PDSeedValue.isSubFilterRequired(),"org.apache.pdfbox.cos.COSDictionary.getFlag(COSName, int)",2
org.apache.pdfbox.pdmodel.interactive.documentnavigation.destination.PDPageXYZDestination.setLeft(int),"org.apache.pdfbox.cos.COSArray.set(int, COSBase)",1
org.apache.pdfbox.pdmodel.interactive.form.PDAcroForm.setAppendOnly(boolean),"org.apache.pdfbox.cos.COSDictionary.setFlag(COSName, int, boolean)",1
org.apache.pdfbox.pdmodel.interactive.form.PDAcroForm.isAppendOnly(),"org.apache.pdfbox.cos.COSDictionary.getFlag(COSName, int)",2
org.apache.pdfbox.pdmodel.interactive.form.PDButton.isPushButton(),"org.apache.pdfbox.cos.COSDictionary.getFlag(COSName, int)",2
org.apache.pdfbox.pdmodel.documentinterchange.logicalstructure.PDStructureElement.getTitle(),org.apache.pdfbox.cos.COSDictionary.getString(COSName),1
org.apache.pdfbox.pdmodel.encryption.PDCryptFilterDictionary.getCryptFilterMethod(),org.apache.pdfbox.cos.COSDictionary.getDictionaryObject(COSName),1
org.apache.pdfbox.pdmodel.fdf.FDFJavaScript.getDoc(),org.apache.pdfbox.cos.COSDictionary.getDictionaryObject(COSName),1
org.apache.pdfbox.pdmodel.graphics.color.PDDeviceN.setTintTransform(PDFunction),"org.apache.pdfbox.cos.COSArray.set(int, COSObjectable)",1
org.apache.pdfbox.pdmodel.graphics.color.PDSeparation.setTintTransform(PDFunction),"org.apache.pdfbox.cos.COSArray.set(int, COSObjectable)",1
org.apache.pdfbox.pdmodel.graphics.pattern.PDShadingPattern.getExtendedGraphicsState(),org.apache.pdfbox.cos.COSDictionary.getDictionaryObject(COSName),1
org.apache.pdfbox.pdmodel.graphics.pattern.PDShadingPattern.setExtendedGraphicsState(PDExtendedGraphicsState),"org.apache.pdfbox.cos.COSDictionary.setItem(COSName, COSObjectable)",1
org.apache.pdfbox.pdmodel.graphics.pattern.PDTilingPattern.setResources(PDResources),"org.apache.pdfbox.cos.COSDictionary.setItem(COSName, COSObjectable)",1
org.apache.pdfbox.pdmodel.interactive.action.PDActionHide.setT(COSBase),"org.apache.pdfbox.cos.COSDictionary.setItem(COSName, COSBase)",1
org.apache.pdfbox.pdmodel.interactive.action.PDDocumentCatalogAdditionalActions.getDP(),org.apache.pdfbox.cos.COSDictionary.getDictionaryObject(String),1
org.apache.pdfbox.pdmodel.interactive.annotation.PDAnnotation.getModifiedDate(),org.apache.pdfbox.cos.COSDictionary.getString(COSName),1
org.apache.pdfbox.pdmodel.interactive.annotation.PDAnnotationMarkup.setExternalData(PDExternalDataDictionary),"org.apache.pdfbox.cos.COSDictionary.setItem(String, COSObjectable)",1
org.apache.pdfbox.pdmodel.interactive.annotation.PDAnnotationSquareCircle.setRectDifference(PDRectangle),"org.apache.pdfbox.cos.COSDictionary.setItem(COSName, COSObjectable)",1
org.apache.pdfbox.pdmodel.interactive.annotation.PDAppearanceDictionary.setRolloverAppearance(PDAppearanceStream),"org.apache.pdfbox.cos.COSDictionary.setItem(COSName, COSObjectable)",1
org.apache.pdfbox.pdmodel.interactive.documentnavigation.outline.PDOutlineItem.getStructureElement(),org.apache.pdfbox.cos.COSDictionary.getDictionaryObject(COSName),1
org.apache.pdfbox.pdmodel.interactive.form.PDTextField.setRichText(boolean),"org.apache.pdfbox.cos.COSDictionary.setFlag(COSName, int, boolean)",1
org.apache.pdfbox.pdmodel.interactive.form.PDTextField.isRichText(),"org.apache.pdfbox.cos.COSDictionary.getFlag(COSName, int)",2
org.apache.pdfbox.pdmodel.interactive.form.PDTextField.setPassword(boolean),"org.apache.pdfbox.cos.COSDictionary.setFlag(COSName, int, boolean)",1
org.apache.pdfbox.pdmodel.interactive.form.PDTextField.isPassword(),"org.apache.pdfbox.cos.COSDictionary.getFlag(COSName, int)",2
org.apache.pdfbox.pdmodel.interactive.pagenavigation.PDTransition.setDimension(PDTransitionDimension),"org.apache.pdfbox.cos.COSDictionary.setName(COSName, String)",1
org.apache.pdfbox.pdmodel.interactive.pagenavigation.PDTransition.getDimension(),"org.apache.pdfbox.cos.COSDictionary.getNameAsString(COSName, String)",1
org.apache.pdfbox.pdmodel.PDDocumentInformation.getModificationDate(),org.apache.pdfbox.cos.COSDictionary.getDate(COSName),1
org.apache.pdfbox.pdmodel.common.PDNumberTreeNode.setNumbers(Map),"org.apache.pdfbox.cos.COSDictionary.setItem(COSName, COSObjectable)",2
org.apache.pdfbox.pdmodel.documentinterchange.logicalstructure.PDObjectReference.getReferencedObject(),org.apache.pdfbox.cos.COSDictionary.getDictionaryObject(COSName),1
org.apache.pdfbox.pdmodel.documentinterchange.taggedpdf.PDFourColours.setStartColour(PDGamma),"org.apache.pdfbox.pdmodel.documentinterchange.taggedpdf.PDFourColours.setColourByIndex(int, PDGamma)",1
"org.apache.pdfbox.pdmodel.documentinterchange.taggedpdf.PDFourColours.setColourByIndex(int, PDGamma)","org.apache.pdfbox.cos.COSArray.set(int, COSBase)",4
org.apache.pdfbox.pdmodel.fdf.FDFAnnotationPolyline.getInteriorColor(),org.apache.pdfbox.cos.COSDictionary.getDictionaryObject(COSName),1
org.apache.pdfbox.pdmodel.interactive.action.PDAnnotationAdditionalActions.getD(),org.apache.pdfbox.cos.COSDictionary.getDictionaryObject(COSName),1
org.apache.pdfbox.pdmodel.interactive.action.PDAnnotationAdditionalActions.setPV(PDAction),"org.apache.pdfbox.cos.COSDictionary.setItem(String, COSObjectable)",1
org.apache.pdfbox.pdmodel.interactive.action.PDDocumentCatalogAdditionalActions.getWS(),org.apache.pdfbox.cos.COSDictionary.getDictionaryObject(String),1
org.apache.pdfbox.pdmodel.interactive.action.PDDocumentCatalogAdditionalActions.setWP(PDAction),"org.apache.pdfbox.cos.COSDictionary.setItem(String, COSObjectable)",1
org.apache.pdfbox.pdmodel.interactive.annotation.PDAnnotationMarkup.getCreationDate(),org.apache.pdfbox.cos.COSDictionary.getDate(COSName),1
org.apache.pdfbox.pdmodel.interactive.annotation.PDAnnotationSquareCircle.setBorderStyle(PDBorderStyleDictionary),"org.apache.pdfbox.cos.COSDictionary.setItem(COSName, COSObjectable)",1
org.apache.pdfbox.pdmodel.interactive.annotation.PDAnnotationWidget.getActions(),org.apache.pdfbox.cos.COSDictionary.getDictionaryObject(COSName),1
org.apache.pdfbox.pdmodel.interactive.annotation.PDAppearanceDictionary.setNormalAppearance(PDAppearanceEntry),"org.apache.pdfbox.cos.COSDictionary.setItem(COSName, COSObjectable)",1
org.apache.pdfbox.pdmodel.interactive.digitalsignature.PDPropBuild.getPubSec(),org.apache.pdfbox.cos.COSDictionary.getDictionaryObject(COSName),1
org.apache.pdfbox.pdmodel.interactive.digitalsignature.PDSeedValue.getReasons(),org.apache.pdfbox.cos.COSDictionary.getDictionaryObject(COSName),1
org.apache.pdfbox.pdmodel.interactive.documentnavigation.destination.PDPageFitRectangleDestination.setRight(int),"org.apache.pdfbox.cos.COSArray.set(int, COSBase)",1
org.apache.pdfbox.pdmodel.interactive.documentnavigation.destination.PDPageFitRectangleDestination.setLeft(int),"org.apache.pdfbox.cos.COSArray.set(int, COSBase)",1
org.apache.pdfbox.pdmodel.interactive.documentnavigation.destination.PDPageXYZDestination.setTop(int),"org.apache.pdfbox.cos.COSArray.set(int, COSBase)",1
org.apache.pdfbox.pdmodel.interactive.form.PDField.getMappingName(),org.apache.pdfbox.cos.COSDictionary.getString(COSName),1
org.apache.pdfbox.pdmodel.interactive.form.PDTextField.isMultiline(),"org.apache.pdfbox.cos.COSDictionary.getFlag(COSName, int)",2
org.apache.pdfbox.pdmodel.PDDestinationNameTreeNode.createChildNode(COSDictionary),org.apache.pdfbox.pdmodel.PDDestinationNameTreeNode.<init>(COSDictionary),1
org.apache.pdfbox.pdmodel.PDDestinationNameTreeNode.<init>(COSDictionary),org.apache.pdfbox.pdmodel.common.PDNameTreeNode.<init>(COSDictionary),2
org.apache.pdfbox.pdmodel.documentinterchange.logicalstructure.PDMarkInfo.setSuspect(boolean),"org.apache.pdfbox.cos.COSDictionary.setBoolean(String, boolean)",1
org.apache.pdfbox.pdmodel.font.encoding.Type1Encoding.<init>(),org.apache.pdfbox.pdmodel.font.encoding.Encoding.<init>(),2
org.apache.pdfbox.pdmodel.graphics.shading.PDShadingType5.toPaint(Matrix),"org.apache.pdfbox.pdmodel.graphics.shading.Type5ShadingPaint.<init>(PDShadingType5, Matrix)",1
org.apache.pdfbox.pdmodel.interactive.action.PDActionThread.getB(),org.apache.pdfbox.cos.COSDictionary.getDictionaryObject(COSName),1
org.apache.pdfbox.pdmodel.interactive.annotation.PDAnnotation.getRectangle(),org.apache.pdfbox.cos.COSDictionary.getDictionaryObject(COSName),1
org.apache.pdfbox.pdmodel.interactive.annotation.PDAnnotation.setPage(PDPage),"org.apache.pdfbox.cos.COSDictionary.setItem(COSName, COSObjectable)",1
org.apache.pdfbox.pdmodel.interactive.annotation.PDAnnotationWidget.setBorderStyle(PDBorderStyleDictionary),"org.apache.pdfbox.cos.COSDictionary.setItem(COSName, COSObjectable)",1
org.apache.pdfbox.pdmodel.interactive.digitalsignature.PDPropBuild.getFilter(),org.apache.pdfbox.cos.COSDictionary.getDictionaryObject(COSName),1
org.apache.pdfbox.pdmodel.interactive.digitalsignature.PDSignature.getSignDate(),org.apache.pdfbox.cos.COSDictionary.getDate(COSName),1
org.apache.pdfbox.pdmodel.interactive.documentnavigation.destination.PDPageFitRectangleDestination.setBottom(int),"org.apache.pdfbox.cos.COSArray.set(int, COSBase)",1
org.apache.pdfbox.pdmodel.interactive.form.PDField.getActions(),org.apache.pdfbox.cos.COSDictionary.getDictionaryObject(COSName),1
org.apache.pdfbox.pdmodel.interactive.form.PDTextField.setMultiline(boolean),"org.apache.pdfbox.cos.COSDictionary.setFlag(COSName, int, boolean)",1
org.apache.pdfbox.pdmodel.documentinterchange.taggedpdf.PDFourColours.setEndColour(PDGamma),"org.apache.pdfbox.pdmodel.documentinterchange.taggedpdf.PDFourColours.setColourByIndex(int, PDGamma)",1
org.apache.pdfbox.pdmodel.graphics.optionalcontent.PDOptionalContentProperties.getOptionalContentGroups(),org.apache.pdfbox.cos.COSArray.iterator(),1
org.apache.pdfbox.pdmodel.interactive.action.PDAnnotationAdditionalActions.setPI(PDAction),"org.apache.pdfbox.cos.COSDictionary.setItem(String, COSObjectable)",1
org.apache.pdfbox.pdmodel.interactive.action.PDDocumentCatalogAdditionalActions.getWP(),org.apache.pdfbox.cos.COSDictionary.getDictionaryObject(String),1
org.apache.pdfbox.pdmodel.interactive.annotation.PDAnnotation.setAppearanceState(String),org.apache.pdfbox.cos.COSDictionary.removeItem(COSName),1
org.apache.pdfbox.pdmodel.interactive.annotation.PDAnnotationMarkup.getBorderStyle(),org.apache.pdfbox.cos.COSDictionary.getDictionaryObject(COSName),1
org.apache.pdfbox.pdmodel.interactive.annotation.PDAnnotationWidget.setAction(PDAction),"org.apache.pdfbox.cos.COSDictionary.setItem(COSName, COSObjectable)",1
org.apache.pdfbox.pdmodel.interactive.digitalsignature.PDPropBuildDataDict.setTrustedMode(boolean),"org.apache.pdfbox.cos.COSDictionary.setBoolean(COSName, boolean)",1
org.apache.pdfbox.pdmodel.interactive.digitalsignature.PDPropBuildDataDict.getTrustedMode(),"org.apache.pdfbox.cos.COSDictionary.getBoolean(COSName, boolean)",2
org.apache.pdfbox.pdmodel.interactive.form.PDField.isNoExport(),"org.apache.pdfbox.cos.COSDictionary.getFlag(COSName, int)",1
org.apache.pdfbox.pdmodel.interactive.form.PDNonTerminalField.getFieldType(),org.apache.pdfbox.cos.COSDictionary.getNameAsString(COSName),1
org.apache.pdfbox.pdmodel.interactive.pagenavigation.PDThread.getThreadInfo(),org.apache.pdfbox.cos.COSDictionary.getDictionaryObject(String),1
org.apache.pdfbox.pdmodel.documentinterchange.logicalstructure.PDObjectReference.setReferencedObject(PDAnnotation),"org.apache.pdfbox.cos.COSDictionary.setItem(COSName, COSObjectable)",1
org.apache.pdfbox.pdmodel.documentinterchange.prepress.PDBoxStyle.setLineDashPattern(COSArray),"org.apache.pdfbox.cos.COSDictionary.setItem(COSName, COSBase)",1
org.apache.pdfbox.pdmodel.fdf.FDFAnnotationLine.setInteriorColor(Color),"org.apache.pdfbox.cos.COSDictionary.setItem(COSName, COSBase)",1
org.apache.pdfbox.pdmodel.fdf.FDFAnnotationPolygon.setInteriorColor(Color),"org.apache.pdfbox.cos.COSDictionary.setItem(COSName, COSBase)",1
org.apache.pdfbox.pdmodel.graphics.color.PDIndexed.toString(),org.apache.pdfbox.pdmodel.graphics.color.PDIndexed.getHival(),1
org.apache.pdfbox.pdmodel.graphics.pattern.PDAbstractPattern.setPaintType(int),"org.apache.pdfbox.cos.COSDictionary.setInt(COSName, int)",1
org.apache.pdfbox.pdmodel.interactive.action.PDActionThread.setD(COSBase),"org.apache.pdfbox.cos.COSDictionary.setItem(COSName, COSBase)",1
org.apache.pdfbox.pdmodel.interactive.action.PDAnnotationAdditionalActions.setFo(PDAction),"org.apache.pdfbox.cos.COSDictionary.setItem(String, COSObjectable)",1
org.apache.pdfbox.pdmodel.interactive.action.PDAnnotationAdditionalActions.setPO(PDAction),"org.apache.pdfbox.cos.COSDictionary.setItem(String, COSObjectable)",1
org.apache.pdfbox.pdmodel.interactive.annotation.PDAnnotation.setInvisible(boolean),"org.apache.pdfbox.cos.COSDictionary.setFlag(COSName, int, boolean)",1
org.apache.pdfbox.pdmodel.interactive.annotation.PDAnnotationMarkup.setBorderStyle(PDBorderStyleDictionary),"org.apache.pdfbox.cos.COSDictionary.setItem(COSName, COSObjectable)",1
org.apache.pdfbox.pdmodel.interactive.annotation.PDAnnotationMarkup.setPopup(PDAnnotationPopup),"org.apache.pdfbox.cos.COSDictionary.setItem(String, COSObjectable)",1
org.apache.pdfbox.pdmodel.interactive.digitalsignature.PDPropBuildDataDict.getNonEFontNoWarn(),"org.apache.pdfbox.cos.COSDictionary.getBoolean(COSName, boolean)",1
org.apache.pdfbox.pdmodel.interactive.digitalsignature.PDSeedValue.setSubFilter(List),"org.apache.pdfbox.cos.COSDictionary.setItem(COSName, COSBase)",1
org.apache.pdfbox.pdmodel.interactive.digitalsignature.PDSeedValue.setSubFilter(List),org.apache.pdfbox.pdmodel.common.COSArrayList.converterToCOSArray(List),1
org.apache.pdfbox.pdmodel.interactive.pagenavigation.PDTransition.setMotion(PDTransitionMotion),"org.apache.pdfbox.cos.COSDictionary.setName(COSName, String)",1
org.apache.pdfbox.pdmodel.PDDocumentInformation.setCreationDate(Calendar),"org.apache.pdfbox.cos.COSDictionary.setDate(COSName, Calendar)",1
org.apache.pdfbox.pdmodel.PDJavascriptNameTreeNode.createChildNode(COSDictionary),org.apache.pdfbox.pdmodel.PDJavascriptNameTreeNode.<init>(COSDictionary),1
org.apache.pdfbox.pdmodel.PDJavascriptNameTreeNode.<init>(COSDictionary),org.apache.pdfbox.pdmodel.common.PDNameTreeNode.<init>(COSDictionary),2
org.apache.pdfbox.pdmodel.documentinterchange.taggedpdf.PDFourColours.setAfterColour(PDGamma),"org.apache.pdfbox.pdmodel.documentinterchange.taggedpdf.PDFourColours.setColourByIndex(int, PDGamma)",1
org.apache.pdfbox.pdmodel.fdf.FDFIconFit.setScaleOption(String),"org.apache.pdfbox.cos.COSDictionary.setName(COSName, String)",1
org.apache.pdfbox.pdmodel.fdf.FDFIconFit.getScaleOption(),org.apache.pdfbox.cos.COSDictionary.getNameAsString(COSName),2
org.apache.pdfbox.pdmodel.interactive.action.PDDocumentCatalogAdditionalActions.getWC(),org.apache.pdfbox.cos.COSDictionary.getDictionaryObject(String),1
org.apache.pdfbox.pdmodel.interactive.action.PDWindowsLaunchParams.getOperation(),"org.apache.pdfbox.cos.COSDictionary.getString(COSName, String)",1
org.apache.pdfbox.pdmodel.interactive.annotation.PDAnnotation.isLocked(),"org.apache.pdfbox.cos.COSDictionary.getFlag(COSName, int)",1
org.apache.pdfbox.pdmodel.common.PDNameTreeNode.setKids(List),"org.apache.pdfbox.cos.COSDictionary.setItem(COSName, COSBase)",2
org.apache.pdfbox.pdmodel.common.PDNameTreeNode.setKids(List),org.apache.pdfbox.pdmodel.common.PDNameTreeNode.calculateLimits(),1
org.apache.pdfbox.pdmodel.common.PDNameTreeNode.calculateLimits(),"org.apache.pdfbox.cos.COSDictionary.setItem(COSName, COSBase)",2
org.apache.pdfbox.pdmodel.common.PDNameTreeNode.calculateLimits(),org.apache.pdfbox.pdmodel.common.PDNameTreeNode.getKids(),1
org.apache.pdfbox.pdmodel.common.PDNameTreeNode.calculateLimits(),org.apache.pdfbox.pdmodel.common.PDNameTreeNode.getNames(),1
org.apache.pdfbox.pdmodel.documentinterchange.logicalstructure.PDUserProperty.setName(String),"org.apache.pdfbox.cos.COSDictionary.setName(COSName, String)",1
org.apache.pdfbox.pdmodel.documentinterchange.logicalstructure.PDUserProperty.setValue(COSBase),"org.apache.pdfbox.cos.COSDictionary.setItem(COSName, COSBase)",1
org.apache.pdfbox.pdmodel.documentinterchange.logicalstructure.PDUserProperty.setValue(COSBase),"org.apache.pdfbox.pdmodel.documentinterchange.logicalstructure.PDUserProperty.potentiallyNotifyChanged(Object, Object)",1
org.apache.pdfbox.pdmodel.documentinterchange.taggedpdf.PDFourColours.getEndColour(),org.apache.pdfbox.pdmodel.documentinterchange.taggedpdf.PDFourColours.getColourByIndex(int),1
org.apache.pdfbox.pdmodel.encryption.PDCryptFilterDictionary.setCryptFilterMethod(COSName),"org.apache.pdfbox.cos.COSDictionary.setItem(COSName, COSBase)",1
org.apache.pdfbox.pdmodel.graphics.pattern.PDTilingPattern.getResources(),org.apache.pdfbox.cos.COSDictionary.getDictionaryObject(COSName),1
org.apache.pdfbox.pdmodel.interactive.action.PDFormFieldAdditionalActions.getC(),org.apache.pdfbox.cos.COSDictionary.getDictionaryObject(COSName),1
org.apache.pdfbox.pdmodel.interactive.digitalsignature.PDPropBuild.setPDPropBuildApp(PDPropBuildDataDict),"org.apache.pdfbox.cos.COSDictionary.setItem(COSName, COSObjectable)",1
org.apache.pdfbox.pdmodel.interactive.documentnavigation.outline.PDOutlineItem.setStructureElement(PDStructureElement),"org.apache.pdfbox.cos.COSDictionary.setItem(COSName, COSObjectable)",1
org.apache.pdfbox.pdmodel.interactive.form.PDNonTerminalField.setDefaultValue(COSBase),"org.apache.pdfbox.cos.COSDictionary.setItem(COSName, COSBase)",1
org.apache.pdfbox.pdmodel.PDDocumentInformation.getCreationDate(),org.apache.pdfbox.cos.COSDictionary.getDate(COSName),1
"org.apache.pdfbox.pdmodel.documentinterchange.logicalstructure.PDDefaultAttributeObject.getAttributeValue(String, COSBase)",org.apache.pdfbox.cos.COSDictionary.getDictionaryObject(String),1
org.apache.pdfbox.pdmodel.documentinterchange.taggedpdf.PDFourColours.setBeforeColour(PDGamma),"org.apache.pdfbox.pdmodel.documentinterchange.taggedpdf.PDFourColours.setColourByIndex(int, PDGamma)",1
org.apache.pdfbox.pdmodel.documentinterchange.taggedpdf.PDFourColours.getStartColour(),org.apache.pdfbox.pdmodel.documentinterchange.taggedpdf.PDFourColours.getColourByIndex(int),1
org.apache.pdfbox.pdmodel.interactive.form.PDAcroForm.getXFA(),org.apache.pdfbox.cos.COSDictionary.getDictionaryObject(COSName),1
org.apache.pdfbox.pdmodel.interactive.form.PDChoice.setOptions(List),org.apache.pdfbox.cos.COSDictionary.removeItem(COSName),1
org.apache.pdfbox.pdmodel.interactive.measurement.PDViewportDictionary.getBBox(),org.apache.pdfbox.cos.COSDictionary.getDictionaryObject(String),1
org.apache.pdfbox.pdmodel.interactive.measurement.PDViewportDictionary.setBBox(PDRectangle),"org.apache.pdfbox.cos.COSDictionary.setItem(String, COSObjectable)",1
org.apache.pdfbox.pdmodel.common.PDPageLabelRange.getStart(),"org.apache.pdfbox.cos.COSDictionary.getInt(COSName, int)",1
org.apache.pdfbox.pdmodel.documentinterchange.taggedpdf.PDFourColours.getAfterColour(),org.apache.pdfbox.pdmodel.documentinterchange.taggedpdf.PDFourColours.getColourByIndex(int),1
org.apache.pdfbox.pdmodel.fdf.FDFTemplate.getFields(),org.apache.pdfbox.cos.COSDictionary.getDictionaryObject(COSName),1
org.apache.pdfbox.pdmodel.graphics.color.PDDeviceColorSpace.getCOSObject(),org.apache.pdfbox.pdmodel.graphics.color.PDDeviceGray.getName(),1
org.apache.pdfbox.pdmodel.interactive.action.PDDocumentCatalogAdditionalActions.setWC(PDAction),"org.apache.pdfbox.cos.COSDictionary.setItem(String, COSObjectable)",1
org.apache.pdfbox.pdmodel.interactive.digitalsignature.PDSignature.getPropBuild(),org.apache.pdfbox.cos.COSDictionary.getDictionaryObject(COSName),1
org.apache.pdfbox.pdmodel.interactive.form.PDListBox.setTopIndex(Integer),org.apache.pdfbox.cos.COSDictionary.removeItem(COSName),1
"org.apache.pdfbox.printing.PDFPageable.<init>(PDDocument, Orientation)","org.apache.pdfbox.printing.PDFPageable.<init>(PDDocument, Orientation, boolean, float)",1
org.apache.pdfbox.pdmodel.common.PDNumberTreeNode.getLowerLimit(),org.apache.pdfbox.cos.COSDictionary.getDictionaryObject(COSName),1
org.apache.pdfbox.pdmodel.documentinterchange.logicalstructure.PDObjectReference.setReferencedObject(PDXObject),"org.apache.pdfbox.cos.COSDictionary.setItem(COSName, COSObjectable)",1
org.apache.pdfbox.pdmodel.fdf.FDFDictionary.setDifferences(COSStream),"org.apache.pdfbox.cos.COSDictionary.setItem(COSName, COSBase)",1
org.apache.pdfbox.pdmodel.fdf.FDFTemplate.setTemplateReference(FDFNamedPageReference),"org.apache.pdfbox.cos.COSDictionary.setItem(COSName, COSObjectable)",1
org.apache.pdfbox.pdmodel.interactive.action.PDAnnotationAdditionalActions.getU(),org.apache.pdfbox.cos.COSDictionary.getDictionaryObject(String),1
org.apache.pdfbox.pdmodel.interactive.action.PDAnnotationAdditionalActions.getE(),org.apache.pdfbox.cos.COSDictionary.getDictionaryObject(String),1
org.apache.pdfbox.pdmodel.interactive.action.PDDocumentCatalogAdditionalActions.setDS(PDAction),"org.apache.pdfbox.cos.COSDictionary.setItem(String, COSObjectable)",1
org.apache.pdfbox.pdmodel.interactive.digitalsignature.PDPropBuild.setPDPropBuildPubSec(PDPropBuildDataDict),"org.apache.pdfbox.cos.COSDictionary.setItem(COSName, COSObjectable)",1
org.apache.pdfbox.pdmodel.documentinterchange.logicalstructure.PDMarkInfo.isSuspect(),"org.apache.pdfbox.cos.COSDictionary.getBoolean(String, boolean)",1
org.apache.pdfbox.pdmodel.documentinterchange.logicalstructure.PDStructureElement.removeKid(COSInteger),org.apache.pdfbox.pdmodel.documentinterchange.logicalstructure.PDStructureNode.removeKid(COSBase),1
org.apache.pdfbox.pdmodel.fdf.FDFCatalog.getSignature(),org.apache.pdfbox.cos.COSDictionary.getDictionaryObject(COSName),1
org.apache.pdfbox.pdmodel.fdf.FDFPage.setTemplates(List),"org.apache.pdfbox.cos.COSDictionary.setItem(COSName, COSBase)",1
org.apache.pdfbox.pdmodel.interactive.action.PDDocumentCatalogAdditionalActions.getDS(),org.apache.pdfbox.cos.COSDictionary.getDictionaryObject(String),1
org.apache.pdfbox.pdmodel.interactive.digitalsignature.PDPropBuild.setPDPropBuildFilter(PDPropBuildDataDict),"org.apache.pdfbox.cos.COSDictionary.setItem(COSName, COSObjectable)",1
org.apache.pdfbox.pdmodel.interactive.digitalsignature.PDPropBuildDataDict.getOS(),org.apache.pdfbox.cos.COSDictionary.getString(COSName),1
org.apache.pdfbox.pdmodel.common.PDNameTreeNode.getUpperLimit(),org.apache.pdfbox.cos.COSDictionary.getDictionaryObject(COSName),1
org.apache.pdfbox.pdmodel.common.PDPageLabelRange.setPrefix(String),org.apache.pdfbox.cos.COSDictionary.removeItem(COSName),1
org.apache.pdfbox.pdmodel.fdf.FDFPage.setPageInfo(FDFPageInfo),"org.apache.pdfbox.cos.COSDictionary.setItem(COSName, COSObjectable)",1
org.apache.pdfbox.pdmodel.interactive.digitalsignature.PDPropBuildDataDict.setOS(String),org.apache.pdfbox.cos.COSDictionary.removeItem(COSName),1
"org.apache.pdfbox.pdmodel.documentinterchange.logicalstructure.PDStructureElement.insertBefore(PDMarkedContentReference, Object)","org.apache.pdfbox.pdmodel.documentinterchange.logicalstructure.PDStructureNode.insertObjectableBefore(COSObjectable, Object)",1
org.apache.pdfbox.pdmodel.fdf.FDFDictionary.getAnnotations(),org.apache.pdfbox.cos.COSDictionary.getDictionaryObject(COSName),1
org.apache.pdfbox.pdmodel.fdf.FDFDictionary.setID(COSArray),"org.apache.pdfbox.cos.COSDictionary.setItem(COSName, COSBase)",1
org.apache.pdfbox.pdmodel.fdf.FDFDictionary.setJavaScript(FDFJavaScript),"org.apache.pdfbox.cos.COSDictionary.setItem(COSName, COSObjectable)",1
org.apache.pdfbox.pdmodel.fdf.FDFDictionary.setEmbeddedFDFs(List),"org.apache.pdfbox.cos.COSDictionary.setItem(COSName, COSBase)",1
org.apache.pdfbox.pdmodel.fdf.FDFDictionary.setFile(PDFileSpecification),"org.apache.pdfbox.cos.COSDictionary.setItem(COSName, COSObjectable)",1
org.apache.pdfbox.pdmodel.interactive.action.PDDocumentCatalogAdditionalActions.setDP(PDAction),"org.apache.pdfbox.cos.COSDictionary.setItem(String, COSObjectable)",1
org.apache.pdfbox.pdmodel.interactive.action.PDDocumentCatalogAdditionalActions.setWS(PDAction),"org.apache.pdfbox.cos.COSDictionary.setItem(String, COSObjectable)",1
org.apache.pdfbox.pdmodel.fdf.FDFDictionary.setPages(List),"org.apache.pdfbox.cos.COSDictionary.setItem(COSName, COSBase)",1
org.apache.pdfbox.pdmodel.fdf.FDFDictionary.setAnnotations(List),"org.apache.pdfbox.cos.COSDictionary.setItem(COSName, COSBase)",1
"org.apache.pdfbox.pdmodel.documentinterchange.logicalstructure.PDStructureElement.insertBefore(COSInteger, Object)","org.apache.pdfbox.pdmodel.documentinterchange.logicalstructure.PDStructureNode.insertBefore(COSBase, Object)",1
org.apache.pdfbox.pdmodel.fdf.FDFDictionary.getEmbeddedFDFs(),org.apache.pdfbox.cos.COSDictionary.getDictionaryObject(COSName),1
org.apache.pdfbox.pdmodel.fdf.FDFDictionary.getPages(),org.apache.pdfbox.cos.COSDictionary.getDictionaryObject(COSName),1
org.apache.pdfbox.pdmodel.fdf.FDFDictionary.setFields(List),"org.apache.pdfbox.cos.COSDictionary.setItem(COSName, COSBase)",1
org.apache.pdfbox.pdmodel.fdf.FDFPage.getTemplates(),org.apache.pdfbox.cos.COSDictionary.getDictionaryObject(COSName),1
org.apache.pdfbox.pdmodel.fdf.FDFTemplate.getTemplateReference(),org.apache.pdfbox.cos.COSDictionary.getDictionaryObject(COSName),1
org.apache.pdfbox.pdmodel.interactive.action.PDFormFieldAdditionalActions.setV(PDAction),"org.apache.pdfbox.cos.COSDictionary.setItem(COSName, COSObjectable)",1
org.apache.pdfbox.pdmodel.common.PDPageLabelRange.setStyle(String),org.apache.pdfbox.cos.COSDictionary.removeItem(COSName),1
org.apache.pdfbox.pdmodel.interactive.action.PDFormFieldAdditionalActions.getF(),org.apache.pdfbox.cos.COSDictionary.getDictionaryObject(COSName),1
org.apache.pdfbox.pdmodel.interactive.action.PDFormFieldAdditionalActions.setC(PDAction),"org.apache.pdfbox.cos.COSDictionary.setItem(COSName, COSObjectable)",1
org.apache.pdfbox.pdmodel.common.PDNameTreeNode.getLowerLimit(),org.apache.pdfbox.cos.COSDictionary.getDictionaryObject(COSName),1
"org.apache.pdfbox.pdmodel.documentinterchange.logicalstructure.PDStructureElement.insertBefore(PDObjectReference, Object)","org.apache.pdfbox.pdmodel.documentinterchange.logicalstructure.PDStructureNode.insertObjectableBefore(COSObjectable, Object)",1
org.apache.pdfbox.pdmodel.documentinterchange.logicalstructure.PDStructureElement.appendKid(PDMarkedContentReference),org.apache.pdfbox.pdmodel.documentinterchange.logicalstructure.PDStructureNode.appendObjectableKid(COSObjectable),1
org.apache.pdfbox.pdmodel.documentinterchange.logicalstructure.PDStructureElement.removeKid(PDObjectReference),org.apache.pdfbox.pdmodel.documentinterchange.logicalstructure.PDStructureNode.removeObjectableKid(COSObjectable),1
org.apache.pdfbox.pdmodel.fdf.FDFDictionary.getJavaScript(),org.apache.pdfbox.cos.COSDictionary.getDictionaryObject(COSName),1
org.apache.pdfbox.pdmodel.fdf.FDFDictionary.getDifferences(),org.apache.pdfbox.cos.COSDictionary.getDictionaryObject(COSName),1
org.apache.pdfbox.pdmodel.interactive.action.PDFormFieldAdditionalActions.getV(),org.apache.pdfbox.cos.COSDictionary.getDictionaryObject(COSName),1
org.apache.pdfbox.pdmodel.interactive.action.PDFormFieldAdditionalActions.getK(),org.apache.pdfbox.cos.COSDictionary.getDictionaryObject(COSName),1
org.apache.pdfbox.pdmodel.interactive.action.PDFormFieldAdditionalActions.setK(PDAction),"org.apache.pdfbox.cos.COSDictionary.setItem(COSName, COSObjectable)",1
org.apache.pdfbox.preflight.Validator_A1b.main(String[]),org.apache.pdfbox.preflight.parser.XmlResultParser.validate(DataSource),1
org.apache.pdfbox.preflight.parser.XmlResultParser.validate(DataSource),"org.apache.pdfbox.preflight.parser.XmlResultParser.validate(Document, DataSource)",2
"org.apache.pdfbox.preflight.parser.XmlResultParser.validate(Document, DataSource)","org.apache.pdfbox.preflight.parser.XmlResultParser.generateFailureResponse(Document, String, long, String, Exception)",1
"org.apache.pdfbox.preflight.parser.XmlResultParser.generateFailureResponse(Document, String, long, String, Exception)","org.apache.pdfbox.preflight.parser.XmlResultParser.generateResponseSkeleton(Document, String, long)",2
"org.apache.pdfbox.preflight.parser.XmlResultParser.validate(Document, DataSource)",org.apache.pdfbox.preflight.parser.PreflightParser.<init>(DataSource),3
org.apache.pdfbox.preflight.Validator_A1b.main(String[]),org.apache.pdfbox.preflight.parser.XmlResultParser.<init>(),1
"org.apache.pdfbox.preflight.process.reflect.TilingPatternValidationProcess.parsePatternContent(PreflightContext, PDPage, PDTilingPattern)","org.apache.pdfbox.preflight.content.PreflightContentStream.<init>(PreflightContext, PDPage)",1
"org.apache.pdfbox.preflight.content.PreflightContentStream.<init>(PreflightContext, PDPage)","org.apache.pdfbox.preflight.content.PreflightStreamEngine.<init>(PreflightContext, PDPage)",4
"org.apache.pdfbox.preflight.content.PreflightStreamEngine.<init>(PreflightContext, PDPage)",org.apache.pdfbox.contentstream.PDFStreamEngine.<init>(),5
org.apache.pdfbox.preflight.process.reflect.TilingPatternValidationProcess.<init>(),org.apache.pdfbox.preflight.process.AbstractProcess.<init>(),4
org.apache.pdfbox.preflight.PreflightConfiguration.createPdfA1BConfiguration(),org.apache.pdfbox.preflight.annotation.pdfa.PDFAbAnnotationFactory.<init>(),23
org.apache.pdfbox.preflight.annotation.pdfa.PDFAbAnnotationFactory.<init>(),org.apache.pdfbox.preflight.annotation.AnnotationValidatorFactory.<init>(),26
org.apache.pdfbox.preflight.annotation.AnnotationValidatorFactory.<init>(),org.apache.pdfbox.preflight.annotation.pdfa.PDFAbAnnotationFactory.initializeClasses(),26
org.apache.pdfbox.preflight.PreflightConfiguration.createPdfA1BConfiguration(),"org.apache.pdfbox.preflight.PreflightConfiguration.replaceProcess(String, Class)",207
org.apache.pdfbox.preflight.PreflightConfiguration.createPdfA1BConfiguration(),"org.apache.pdfbox.preflight.PreflightConfiguration.replacePageProcess(String, Class)",230
org.apache.pdfbox.preflight.PreflightConfiguration.createPdfA1BConfiguration(),org.apache.pdfbox.preflight.action.ActionManagerFactory.<init>(),23
org.apache.pdfbox.preflight.PreflightConfiguration.createPdfA1BConfiguration(),org.apache.pdfbox.preflight.graphic.ColorSpaceHelperFactory.<init>(),23
org.apache.pdfbox.preflight.PreflightConfiguration.createPdfA1BConfiguration(),org.apache.pdfbox.preflight.PreflightConfiguration.<init>(),23
"org.apache.pdfbox.preflight.font.descriptor.Type1DescriptorHelper.<init>(PreflightContext, PDSimpleFont, Type1Container)","org.apache.pdfbox.preflight.font.descriptor.FontDescriptorHelper.<init>(PreflightContext, PDFontLike, FontContainer)",3
org.apache.pdfbox.preflight.PreflightDocument.<init>(Format),"org.apache.pdfbox.preflight.PreflightDocument.<init>(Format, PreflightConfiguration)",3
"org.apache.pdfbox.preflight.PreflightDocument.<init>(Format, PreflightConfiguration)",org.apache.pdfbox.cos.COSDocument.<init>(),4
"org.apache.pdfbox.preflight.PreflightDocument.<init>(Format, PreflightConfiguration)","org.apache.pdfbox.preflight.PreflightDocument.<init>(COSDocument, Format, PreflightConfiguration)",4
"org.apache.pdfbox.preflight.PreflightDocument.<init>(COSDocument, Format, PreflightConfiguration)",org.apache.pdfbox.pdmodel.PDDocument.<init>(COSDocument),12
"org.apache.pdfbox.preflight.PreflightDocument.<init>(COSDocument, Format, PreflightConfiguration)",org.apache.pdfbox.preflight.PreflightDocument.initConfiguration(Format),12
org.apache.pdfbox.preflight.PreflightDocument.initConfiguration(Format),org.apache.pdfbox.preflight.PreflightConfiguration.createPdfA1BConfiguration(),9
"org.apache.pdfbox.preflight.PreflightDocument.<init>(COSDocument, Format, PreflightConfiguration)",org.apache.pdfbox.preflight.ValidationResult.<init>(boolean),12
org.apache.pdfbox.preflight.process.TrailerValidationProcess.<init>(),org.apache.pdfbox.preflight.process.AbstractProcess.<init>(),9
"org.apache.pdfbox.preflight.font.util.PreflightType3Stream.<init>(PreflightContext, PDPage, PDType3CharProc)","org.apache.pdfbox.preflight.content.PreflightStreamEngine.<init>(PreflightContext, PDPage)",1
org.apache.pdfbox.preflight.Validator_A1b.main(String[]),org.apache.pdfbox.preflight.Validator_A1b.runSimple(File),2
org.apache.pdfbox.preflight.Validator_A1b.runSimple(File),org.apache.pdfbox.preflight.parser.PreflightParser.<init>(File),2
org.apache.pdfbox.preflight.parser.PreflightParser.<init>(File),org.apache.pdfbox.io.RandomAccessBufferedFileInputStream.<init>(File),5
"org.apache.pdfbox.preflight.graphic.NoPatternColorSpaceHelper.<init>(PreflightContext, PDColorSpace)","org.apache.pdfbox.preflight.graphic.StandardColorSpaceHelper.<init>(PreflightContext, PDColorSpace)",2
"org.apache.pdfbox.preflight.annotation.InkAnnotationValidator.<init>(PreflightContext, COSDictionary)","org.apache.pdfbox.preflight.annotation.AnnotationValidator.<init>(PreflightContext, COSDictionary)",2
org.apache.pdfbox.preflight.font.container.CIDType2Container.<init>(PDCIDFontType2),org.apache.pdfbox.preflight.font.container.FontContainer.<init>(PDFontLike),3
org.apache.pdfbox.preflight.process.reflect.SinglePageValidationProcess.<init>(),org.apache.pdfbox.preflight.process.AbstractProcess.<init>(),8
org.apache.pdfbox.preflight.font.descriptor.FontDescriptorHelper.getMetaDataStreamAsBytes(PDMetadata),org.apache.pdfbox.io.IOUtils.closeQuietly(Closeable),2
"org.apache.pdfbox.preflight.font.descriptor.CIDType2DescriptorHelper.<init>(PreflightContext, PDFontLike, CIDType2Container)","org.apache.pdfbox.preflight.font.descriptor.FontDescriptorHelper.<init>(PreflightContext, PDFontLike, FontContainer)",5
"org.apache.pdfbox.preflight.font.CIDType2FontValidator.<init>(PreflightContext, PDCIDFontType2)","org.apache.pdfbox.preflight.font.DescendantFontValidator.<init>(PreflightContext, PDCIDFont, FontContainer)",1
"org.apache.pdfbox.preflight.font.CIDType2FontValidator.<init>(PreflightContext, PDCIDFontType2)",org.apache.pdfbox.preflight.font.container.CIDType2Container.<init>(PDCIDFontType2),1
org.apache.pdfbox.preflight.process.BookmarkValidationProcess.<init>(),org.apache.pdfbox.preflight.process.AbstractProcess.<init>(),3
org.apache.pdfbox.preflight.process.reflect.ActionsValidationProcess.<init>(),org.apache.pdfbox.preflight.process.AbstractProcess.<init>(),1
org.apache.pdfbox.preflight.font.container.TrueTypeContainer.<init>(PDTrueTypeFont),org.apache.pdfbox.preflight.font.container.FontContainer.<init>(PDFontLike),5
org.apache.pdfbox.preflight.process.reflect.FontValidationProcess.<init>(),org.apache.pdfbox.preflight.process.AbstractProcess.<init>(),2
org.apache.pdfbox.preflight.font.container.FontContainer.markAsValid(int),org.apache.pdfbox.preflight.font.util.GlyphDetail.<init>(int),3
org.apache.pdfbox.preflight.font.container.Type0Container.<init>(PDFont),org.apache.pdfbox.preflight.font.container.FontContainer.<init>(PDFontLike),29
"org.apache.pdfbox.preflight.font.container.FontContainer.markAsInvalid(int, GlyphException)","org.apache.pdfbox.preflight.font.util.GlyphDetail.<init>(int, GlyphException)",3
org.apache.pdfbox.preflight.font.container.Type0Container.isValid(),org.apache.pdfbox.preflight.font.container.Type0Container.isEmbeddedFont(),14
org.apache.pdfbox.preflight.font.container.Type0Container.isEmbeddedFont(),org.apache.pdfbox.preflight.font.container.Type0Container.isEmbeddedFont(),3
org.apache.pdfbox.preflight.font.container.Type0Container.isValid(),org.apache.pdfbox.preflight.font.container.Type0Container.isValid(),2
org.apache.pdfbox.preflight.process.reflect.ResourcesValidationProcess.<init>(),org.apache.pdfbox.preflight.process.AbstractProcess.<init>(),6
"org.apache.pdfbox.preflight.font.CIDType0FontValidator.<init>(PreflightContext, PDCIDFontType0)","org.apache.pdfbox.preflight.font.DescendantFontValidator.<init>(PreflightContext, PDCIDFont, FontContainer)",1
"org.apache.pdfbox.preflight.font.CIDType0FontValidator.<init>(PreflightContext, PDCIDFontType0)",org.apache.pdfbox.preflight.font.container.CIDType0Container.<init>(PDCIDFontType0),1
org.apache.pdfbox.preflight.font.container.CIDType0Container.<init>(PDCIDFontType0),org.apache.pdfbox.preflight.font.container.FontContainer.<init>(PDFontLike),7
org.apache.pdfbox.preflight.process.CatalogValidationProcess.<init>(),org.apache.pdfbox.preflight.process.AbstractProcess.<init>(),11
"org.apache.pdfbox.preflight.annotation.TextAnnotationValidator.<init>(PreflightContext, COSDictionary)","org.apache.pdfbox.preflight.annotation.AnnotationValidator.<init>(PreflightContext, COSDictionary)",1
org.apache.pdfbox.preflight.process.AcroFormValidationProcess.<init>(),org.apache.pdfbox.preflight.process.AbstractProcess.<init>(),6
org.apache.pdfbox.preflight.utils.ByteArrayDataSource.<init>(InputStream),"org.apache.pdfbox.io.IOUtils.copy(InputStream, OutputStream)",1
org.apache.pdfbox.preflight.PreflightContext.close(),org.apache.pdfbox.preflight.utils.COSUtils.closeDocumentQuietly(PDDocument),1
"org.apache.pdfbox.preflight.PreflightContext.<init>(DataSource, PreflightConfiguration)",org.apache.pdfbox.preflight.PreflightPath.<init>(),16
"org.apache.pdfbox.preflight.annotation.LinkAnnotationValidator.<init>(PreflightContext, COSDictionary)","org.apache.pdfbox.preflight.annotation.AnnotationValidator.<init>(PreflightContext, COSDictionary)",1
"org.apache.pdfbox.preflight.annotation.WidgetAnnotationValidator.<init>(PreflightContext, COSDictionary)","org.apache.pdfbox.preflight.annotation.AnnotationValidator.<init>(PreflightContext, COSDictionary)",1
"org.apache.pdfbox.preflight.annotation.SquareCircleAnnotationValidator.<init>(PreflightContext, COSDictionary)","org.apache.pdfbox.preflight.annotation.AnnotationValidator.<init>(PreflightContext, COSDictionary)",1
org.apache.pdfbox.preflight.font.descriptor.Type1DescriptorHelper.checkMandatoryFields(COSDictionary),org.apache.pdfbox.preflight.font.descriptor.FontDescriptorHelper.checkMandatoryFields(COSDictionary),1
"org.apache.pdfbox.preflight.annotation.LineAnnotationValidator.<init>(PreflightContext, COSDictionary)","org.apache.pdfbox.preflight.annotation.AnnotationValidator.<init>(PreflightContext, COSDictionary)",1
org.apache.pdfbox.preflight.process.reflect.ShadingPatternValidationProcess.<init>(),org.apache.pdfbox.preflight.process.AbstractProcess.<init>(),3
"org.apache.pdfbox.preflight.font.descriptor.CIDType0DescriptorHelper.<init>(PreflightContext, PDFontLike, CIDType0Container)","org.apache.pdfbox.preflight.font.descriptor.FontDescriptorHelper.<init>(PreflightContext, PDFontLike, FontContainer)",5
"org.apache.pdfbox.preflight.graphic.DeviceColorSpaceHelper.<init>(PreflightContext, PDColorSpace)","org.apache.pdfbox.preflight.graphic.StandardColorSpaceHelper.<init>(PreflightContext, PDColorSpace)",4
org.apache.pdfbox.preflight.parser.PreflightParser.<init>(String),org.apache.pdfbox.preflight.parser.PreflightParser.<init>(File),2
org.apache.pdfbox.preflight.process.MetadataValidationProcess.<init>(),org.apache.pdfbox.preflight.process.AbstractProcess.<init>(),2
"org.apache.pdfbox.preflight.annotation.PopupAnnotationValidator.<init>(PreflightContext, COSDictionary)","org.apache.pdfbox.preflight.annotation.AnnotationValidator.<init>(PreflightContext, COSDictionary)",1
org.apache.pdfbox.preflight.PreflightConfiguration.getInstanceOfProcess(String),org.apache.pdfbox.preflight.process.EmptyValidationProcess.<init>(),1
"org.apache.pdfbox.preflight.annotation.MarkupAnnotationValidator.<init>(PreflightContext, COSDictionary)","org.apache.pdfbox.preflight.annotation.AnnotationValidator.<init>(PreflightContext, COSDictionary)",1
"org.apache.pdfbox.preflight.annotation.RubberStampAnnotationValidator.<init>(PreflightContext, COSDictionary)","org.apache.pdfbox.preflight.annotation.AnnotationValidator.<init>(PreflightContext, COSDictionary)",1
"org.apache.pdfbox.preflight.process.PageTreeValidationProcess.validatePage(PreflightContext, PDPage)","org.apache.pdfbox.preflight.utils.ContextHelper.validateElement(PreflightContext, Object, String)",1
org.apache.pdfbox.preflight.process.PageTreeValidationProcess.<init>(),org.apache.pdfbox.preflight.process.AbstractProcess.<init>(),3
org.apache.pdfbox.preflight.font.container.Type0Container.getAllErrors(),org.apache.pdfbox.preflight.font.container.Type0Container.getAllErrors(),4
org.apache.pdfbox.preflight.content.StubOperator.<init>(String),org.apache.pdfbox.contentstream.operator.OperatorProcessor.<init>(),4
"org.apache.pdfbox.preflight.graphic.ColorSpaceHelperFactory.getColorSpaceHelper(PreflightContext, PDColorSpace, ColorSpaceHelperFactory$ColorSpaceRestriction)","org.apache.pdfbox.preflight.graphic.DeviceColorSpaceHelper.<init>(PreflightContext, PDColorSpace)",1
org.apache.pdfbox.preflight.process.reflect.GraphicObjectPageValidationProcess.<init>(),org.apache.pdfbox.preflight.process.AbstractProcess.<init>(),1
org.apache.pdfbox.preflight.PreflightConfiguration.getInstanceOfProcess(String),org.apache.pdfbox.preflight.exception.MissingValidationProcessException.<init>(String),2
org.apache.pdfbox.preflight.exception.MissingValidationProcessException.<init>(String),org.apache.pdfbox.preflight.exception.ValidationException.<init>(String),5
"org.apache.pdfbox.preflight.PreflightDocument.<init>(COSDocument, Format)","org.apache.pdfbox.preflight.PreflightDocument.<init>(COSDocument, Format, PreflightConfiguration)",6
org.apache.pdfbox.preflight.PreflightDocument.setResult(ValidationResult),org.apache.pdfbox.preflight.ValidationResult.mergeResult(ValidationResult),1
org.apache.pdfbox.preflight.ValidationResult.addErrors(List),org.apache.pdfbox.preflight.ValidationResult.addError(ValidationResult$ValidationError),4
"org.apache.pdfbox.preflight.action.ThreadAction.<init>(ActionManagerFactory, COSDictionary, PreflightContext, String)","org.apache.pdfbox.preflight.action.AbstractActionManager.<init>(ActionManagerFactory, COSDictionary, PreflightContext, String)",4
org.apache.pdfbox.preflight.PreflightDocument.addValidationError(ValidationResult$ValidationError),org.apache.pdfbox.preflight.ValidationResult.addError(ValidationResult$ValidationError),1
"org.apache.pdfbox.preflight.action.UndefAction.<init>(ActionManagerFactory, COSDictionary, PreflightContext, String, String)","org.apache.pdfbox.preflight.action.AbstractActionManager.<init>(ActionManagerFactory, COSDictionary, PreflightContext, String)",2
"org.apache.pdfbox.preflight.action.InvalidAction.<init>(ActionManagerFactory, COSDictionary, PreflightContext, String, String)","org.apache.pdfbox.preflight.action.AbstractActionManager.<init>(ActionManagerFactory, COSDictionary, PreflightContext, String)",2
org.apache.pdfbox.preflight.content.ContentStreamException.<init>(String),org.apache.pdfbox.preflight.exception.ValidationException.<init>(String),5
"org.apache.pdfbox.preflight.exception.SyntaxValidationException.<init>(String, ValidationResult)",org.apache.pdfbox.preflight.exception.ValidationException.<init>(String),3
"org.apache.pdfbox.preflight.exception.SyntaxValidationException.<init>(Throwable, ValidationResult)",org.apache.pdfbox.preflight.exception.ValidationException.<init>(Throwable),1
"org.apache.pdfbox.preflight.action.UriAction.<init>(ActionManagerFactory, COSDictionary, PreflightContext, String)","org.apache.pdfbox.preflight.action.AbstractActionManager.<init>(ActionManagerFactory, COSDictionary, PreflightContext, String)",2
"org.apache.pdfbox.preflight.action.GoToAction.<init>(ActionManagerFactory, COSDictionary, PreflightContext, String)","org.apache.pdfbox.preflight.action.AbstractActionManager.<init>(ActionManagerFactory, COSDictionary, PreflightContext, String)",6
org.apache.pdfbox.preflight.PreflightContext.<init>(DataSource),org.apache.pdfbox.preflight.PreflightPath.<init>(),9
org.apache.pdfbox.preflight.process.reflect.AnnotationValidationProcess.<init>(),org.apache.pdfbox.preflight.process.AbstractProcess.<init>(),1
"org.apache.pdfbox.preflight.annotation.TrapNetAnnotationValidator.<init>(PreflightContext, COSDictionary)","org.apache.pdfbox.preflight.annotation.AnnotationValidator.<init>(PreflightContext, COSDictionary)",1
org.apache.pdfbox.preflight.Validator_A1b.main(String[]),org.apache.pdfbox.preflight.Validator_A1b.listFiles(String),1
"org.apache.pdfbox.preflight.action.GoToRemoteAction.<init>(ActionManagerFactory, COSDictionary, PreflightContext, String)","org.apache.pdfbox.preflight.action.GoToAction.<init>(ActionManagerFactory, COSDictionary, PreflightContext, String)",3
"org.apache.pdfbox.preflight.font.util.FontMetaDataValidation.validatePDFAIdentifer(XMPMetadata, PDFontDescriptor)","org.apache.pdfbox.preflight.font.util.FontMetaDataValidation.analyseFontName(XMPMetadata, PDFontDescriptor, List)",1
org.apache.pdfbox.preflight.process.XRefValidationProcess.<init>(),org.apache.pdfbox.preflight.process.AbstractProcess.<init>(),1
org.apache.pdfbox.preflight.font.container.Type3Container.<init>(PDType3Font),org.apache.pdfbox.preflight.font.container.FontContainer.<init>(PDFontLike),2
org.apache.pdfbox.preflight.font.container.FontContainer.checkGlyphWidth(int),org.apache.pdfbox.preflight.font.container.Type0Container.hasGlyph(int),1
org.apache.pdfbox.preflight.font.container.FontContainer.checkGlyphWidth(int),org.apache.pdfbox.preflight.font.container.FontContainer.isAlreadyProcessed(int),2
"org.apache.pdfbox.preflight.annotation.PrintMarkAnnotationValidator.<init>(PreflightContext, COSDictionary)","org.apache.pdfbox.preflight.annotation.AnnotationValidator.<init>(PreflightContext, COSDictionary)",1
org.apache.pdfbox.preflight.process.reflect.ExtGStateValidationProcess.<init>(),org.apache.pdfbox.preflight.process.AbstractProcess.<init>(),6
org.apache.pdfbox.preflight.graphic.StandardColorSpaceHelper.processGrayColorSpace(PDColorSpace),org.apache.pdfbox.preflight.graphic.StandardColorSpaceHelper.processDefaultColorSpace(PDColorSpace),1
"org.apache.pdfbox.preflight.process.reflect.SinglePageValidationProcess.validateContent(PreflightContext, PDPage)","org.apache.pdfbox.preflight.content.PreflightContentStream.<init>(PreflightContext, PDPage)",1
"org.apache.pdfbox.preflight.process.FileSpecificationValidationProcess.validateFileSpecification(PreflightContext, COSDictionary)",org.apache.pdfbox.cos.COSName.getPDFName(String),1
org.apache.pdfbox.preflight.process.FileSpecificationValidationProcess.<init>(),org.apache.pdfbox.preflight.process.AbstractProcess.<init>(),2
"org.apache.pdfbox.preflight.action.SubmitAction.<init>(ActionManagerFactory, COSDictionary, PreflightContext, String)","org.apache.pdfbox.preflight.action.AbstractActionManager.<init>(ActionManagerFactory, COSDictionary, PreflightContext, String)",2
org.apache.pdfbox.preflight.process.StreamValidationProcess.<init>(),org.apache.pdfbox.preflight.process.AbstractProcess.<init>(),5
"org.apache.pdfbox.preflight.action.HideAction.<init>(ActionManagerFactory, COSDictionary, PreflightContext, String)","org.apache.pdfbox.preflight.action.AbstractActionManager.<init>(ActionManagerFactory, COSDictionary, PreflightContext, String)",3
"org.apache.pdfbox.preflight.action.NamedAction.<init>(ActionManagerFactory, COSDictionary, PreflightContext, String)","org.apache.pdfbox.preflight.action.AbstractActionManager.<init>(ActionManagerFactory, COSDictionary, PreflightContext, String)",1
org.apache.pdfbox.preflight.font.container.Type1Container.<init>(PDSimpleFont),org.apache.pdfbox.preflight.font.container.FontContainer.<init>(PDFontLike),1
org.apache.pdfbox.preflight.action.AbstractActionManager.valid(),org.apache.pdfbox.preflight.action.AbstractActionManager.valid(boolean),1
org.apache.pdfbox.preflight.action.AbstractActionManager.valid(boolean),org.apache.pdfbox.preflight.action.SubmitAction.innerValid(),1
"org.apache.pdfbox.preflight.metadata.SynchronizedMetaDataValidation.schemaAccessException(String, Throwable)","org.apache.pdfbox.preflight.exception.ValidationException.<init>(String, Throwable)",1
org.apache.pdfbox.preflight.action.AbstractActionManager.valid(boolean),org.apache.pdfbox.preflight.action.HideAction.innerValid(),1
"org.apache.pdfbox.preflight.process.TrailerValidationProcess.compareIds(COSDictionary, COSDictionary, COSDocument)",org.apache.pdfbox.cos.COSName.getPDFName(String),1
org.apache.pdfbox.preflight.action.AbstractActionManager.valid(boolean),org.apache.pdfbox.preflight.action.ThreadAction.innerValid(),1
org.apache.pdfbox.preflight.font.container.FontContainer.isAlreadyProcessed(int),org.apache.pdfbox.preflight.font.util.GlyphDetail.throwExceptionIfNotValid(),1
"org.apache.pdfbox.preflight.annotation.FreeTextAnnotationValidator.<init>(PreflightContext, COSDictionary)","org.apache.pdfbox.preflight.annotation.AnnotationValidator.<init>(PreflightContext, COSDictionary)",1
org.apache.pdfbox.preflight.graphic.StandardColorSpaceHelper.processRGBColorSpace(PDColorSpace),org.apache.pdfbox.preflight.graphic.StandardColorSpaceHelper.processDefaultColorSpace(PDColorSpace),1
org.apache.pdfbox.preflight.graphic.StandardColorSpaceHelper.validate(),org.apache.pdfbox.preflight.exception.ValidationException.<init>(String),1
"org.apache.pdfbox.preflight.font.descriptor.TrueTypeDescriptorHelper.<init>(PreflightContext, PDTrueTypeFont, TrueTypeContainer)","org.apache.pdfbox.preflight.font.descriptor.FontDescriptorHelper.<init>(PreflightContext, PDFontLike, FontContainer)",3
org.apache.pdfbox.preflight.graphic.StandardColorSpaceHelper.processCYMKColorSpace(PDColorSpace),org.apache.pdfbox.preflight.graphic.StandardColorSpaceHelper.processDefaultColorSpace(PDColorSpace),1
org.apache.pdfbox.preflight.process.reflect.DestinationValidationProcess.<init>(),org.apache.pdfbox.preflight.process.AbstractProcess.<init>(),2
"org.apache.pdfbox.preflight.graphic.ColorSpaceHelperFactory.getColorSpaceHelper(PreflightContext, PDColorSpace, ColorSpaceHelperFactory$ColorSpaceRestriction)","org.apache.pdfbox.preflight.graphic.StandardColorSpaceHelper.<init>(PreflightContext, PDColorSpace)",1
org.apache.pdfbox.preflight.content.ContentStreamException.<init>(Throwable),org.apache.pdfbox.preflight.exception.ValidationException.<init>(String),1
"org.apache.pdfbox.preflight.metadata.SynchronizedMetaDataValidation.validateMetadataSynchronization(PDDocument, XMPMetadata)",org.apache.pdfbox.preflight.exception.ValidationException.<init>(String),1
"org.apache.pdfbox.preflight.utils.ContextHelper.validateElement(PreflightContext, String)","org.apache.pdfbox.preflight.utils.ContextHelper.callValidation(PreflightContext, Object, String)",1
"org.apache.pdfbox.preflight.PreflightConfiguration.replaceProcess(String, Class)",org.apache.pdfbox.preflight.PreflightConfiguration.removeProcess(String),1
"org.apache.pdfbox.preflight.exception.SyntaxValidationException.<init>(String, Throwable, ValidationResult)","org.apache.pdfbox.preflight.exception.ValidationException.<init>(String, Throwable)",1
"org.apache.pdfbox.preflight.utils.ContextHelper.validateElement(PreflightContext, Object, String)","org.apache.pdfbox.preflight.utils.ContextHelper.callValidation(PreflightContext, Object, String)",1
"org.apache.pdfbox.preflight.content.ContentStreamException.<init>(String, Throwable)",org.apache.pdfbox.preflight.exception.ValidationException.<init>(String),1
org.apache.pdfbox.preflight.PreflightPath.getClosestPathElement(Class),org.apache.pdfbox.preflight.PreflightPath.getClosestTypePosition(Class),2
org.apache.pdfbox.preflight.PreflightPath.getClosestPathElement(Class),"org.apache.pdfbox.preflight.PreflightPath.getPathElement(int, Class)",2
"org.apache.pdfbox.preflight.graphic.ColorSpaceHelperFactory.getColorSpaceHelper(PreflightContext, PDColorSpace, ColorSpaceHelperFactory$ColorSpaceRestriction)","org.apache.pdfbox.preflight.graphic.NoPatternColorSpaceHelper.<init>(PreflightContext, PDColorSpace)",1
"org.apache.pdfbox.preflight.utils.COSUtils.isNumeric(COSBase, COSDocument)","org.apache.pdfbox.preflight.utils.COSUtils.isFloat(COSBase, COSDocument)",1
"org.apache.pdfbox.preflight.utils.COSUtils.isNumeric(COSBase, COSDocument)","org.apache.pdfbox.preflight.utils.COSUtils.isInteger(COSBase, COSDocument)",1
"org.apache.pdfbox.tools.imageio.ImageIOUtil.writeImage(BufferedImage, String, int)","org.apache.pdfbox.tools.imageio.ImageIOUtil.writeImage(BufferedImage, String, OutputStream, int)",4
"org.apache.pdfbox.tools.imageio.ImageIOUtil.writeImage(BufferedImage, String, OutputStream, int)","org.apache.pdfbox.tools.imageio.ImageIOUtil.writeImage(BufferedImage, String, OutputStream, int, float)",11
"org.apache.pdfbox.tools.imageio.ImageIOUtil.writeImage(BufferedImage, String, String, int)","org.apache.pdfbox.tools.imageio.ImageIOUtil.writeImage(BufferedImage, String, OutputStream, int)",3
org.apache.pdfbox.tools.PDFBox.main(String[]),org.apache.pdfbox.debugger.PDFDebugger.main(String[]),3
org.apache.pdfbox.tools.PDFBox.main(String[]),org.apache.pdfbox.tools.PDFToImage.main(String[]),2
org.apache.pdfbox.tools.ImportFDF.main(String[]),org.apache.pdfbox.tools.ImportFDF.importFDF(String[]),4
org.apache.pdfbox.tools.ImportFDF.importFDF(String[]),org.apache.pdfbox.pdmodel.PDDocument.load(File),3
org.apache.pdfbox.tools.ImportFDF.importFDF(String[]),org.apache.pdfbox.tools.ImportFDF.close(FDFDocument),3
org.apache.pdfbox.tools.ImportFDF.importFDF(String[]),org.apache.pdfbox.tools.ImportFDF.close(PDDocument),3
org.apache.pdfbox.tools.ImportFDF.importFDF(String[]),org.apache.pdfbox.tools.ImportFDF.<init>(),3
org.apache.pdfbox.tools.ImportFDF.main(String[]),org.apache.pdfbox.tools.ImportFDF.<init>(),3
"org.apache.pdfbox.tools.imageio.ImageIOUtil.writeImage(BufferedImage, String, OutputStream)","org.apache.pdfbox.tools.imageio.ImageIOUtil.writeImage(BufferedImage, String, OutputStream, int)",2
org.apache.pdfbox.tools.OverlayPDF.main(String[]),org.apache.pdfbox.multipdf.Overlay.overlay(Map),3
org.apache.pdfbox.tools.OverlayPDF.main(String[]),org.apache.pdfbox.multipdf.Overlay.<init>(),6
org.apache.pdfbox.tools.PDFBox.main(String[]),org.apache.pdfbox.tools.Encrypt.main(String[]),2
org.apache.pdfbox.tools.Encrypt.main(String[]),org.apache.pdfbox.tools.Encrypt.encrypt(String[]),12
org.apache.pdfbox.tools.Encrypt.encrypt(String[]),org.apache.pdfbox.pdmodel.encryption.AccessPermission.<init>(),10
org.apache.pdfbox.tools.Encrypt.main(String[]),org.apache.pdfbox.tools.Encrypt.<init>(),11
org.apache.pdfbox.tools.ExtractText.main(String[]),org.apache.pdfbox.tools.ExtractText.startExtraction(String[]),11
org.apache.pdfbox.tools.ExtractText.startExtraction(String[]),"org.apache.pdfbox.pdmodel.PDDocument.load(File, String)",5
org.apache.pdfbox.tools.ExtractText.startExtraction(String[]),org.apache.pdfbox.io.IOUtils.closeQuietly(Closeable),8
org.apache.pdfbox.tools.ExtractText.startExtraction(String[]),org.apache.pdfbox.tools.ExtractText.startProcessing(String),4
org.apache.pdfbox.tools.ExtractText.main(String[]),org.apache.pdfbox.tools.ExtractText.<init>(),10
org.apache.pdfbox.tools.ExtractImages.main(String[]),org.apache.pdfbox.tools.ExtractImages.run(String[]),5
org.apache.pdfbox.tools.ExtractImages.run(String[]),"org.apache.pdfbox.tools.ExtractImages.extract(String, String)",4
"org.apache.pdfbox.tools.ExtractImages.extract(String, String)","org.apache.pdfbox.pdmodel.PDDocument.load(File, String)",4
org.apache.pdfbox.tools.ExtractImages.main(String[]),org.apache.pdfbox.tools.ExtractImages.<init>(),4
"org.apache.pdfbox.tools.imageio.TIFFUtil.updateMetadata(IIOMetadata, BufferedImage, int)","org.apache.pdfbox.tools.imageio.MetaUtil.debugLogMetadata(IIOMetadata, String)",1
org.apache.pdfbox.tools.PDFMerger.main(String[]),org.apache.pdfbox.tools.PDFMerger.merge(String[]),4
org.apache.pdfbox.tools.PDFMerger.merge(String[]),org.apache.pdfbox.multipdf.PDFMergerUtility.<init>(),3
org.apache.pdfbox.tools.PDFMerger.merge(String[]),org.apache.pdfbox.multipdf.PDFMergerUtility.addSource(String),3
org.apache.pdfbox.tools.PDFMerger.main(String[]),org.apache.pdfbox.tools.PDFMerger.<init>(),3
"org.apache.pdfbox.tools.imageio.JPEGUtil.updateMetadata(IIOMetadata, int)","org.apache.pdfbox.tools.imageio.MetaUtil.debugLogMetadata(IIOMetadata, String)",1
org.apache.pdfbox.tools.PDFBox.main(String[]),org.apache.pdfbox.tools.OverlayPDF.main(String[]),1
org.apache.pdfbox.tools.Version.getVersion(),org.apache.pdfbox.util.Version.getVersion(),2
org.apache.pdfbox.tools.PDFSplit.main(String[]),org.apache.pdfbox.tools.PDFSplit.split(String[]),7
org.apache.pdfbox.tools.PDFSplit.split(String[]),"org.apache.pdfbox.pdmodel.PDDocument.load(File, String)",2
org.apache.pdfbox.tools.PDFSplit.split(String[]),org.apache.pdfbox.multipdf.Splitter.<init>(),6
org.apache.pdfbox.tools.PDFSplit.main(String[]),org.apache.pdfbox.tools.PDFSplit.<init>(),6
org.apache.pdfbox.tools.PrintPDF.main(String[]),"org.apache.pdfbox.pdmodel.PDDocument.load(File, String)",3
org.apache.pdfbox.tools.DecompressObjectstreams.main(String[]),org.apache.pdfbox.pdmodel.PDDocument.load(File),3
org.apache.pdfbox.tools.ExportXFDF.main(String[]),org.apache.pdfbox.tools.ExportXFDF.exportXFDF(String[]),4
org.apache.pdfbox.tools.ExportXFDF.exportXFDF(String[]),org.apache.pdfbox.pdmodel.PDDocument.load(File),3
org.apache.pdfbox.tools.ExportXFDF.exportXFDF(String[]),org.apache.pdfbox.tools.ExportXFDF.close(FDFDocument),3
org.apache.pdfbox.tools.ExportXFDF.exportXFDF(String[]),org.apache.pdfbox.tools.ExportXFDF.close(PDDocument),3
org.apache.pdfbox.tools.ExportXFDF.main(String[]),org.apache.pdfbox.tools.ExportXFDF.<init>(),3
org.apache.pdfbox.tools.Decrypt.main(String[]),org.apache.pdfbox.tools.Decrypt.decrypt(),4
org.apache.pdfbox.tools.Decrypt.main(String[]),org.apache.pdfbox.tools.Decrypt.parseCommandLineArgs(String[]),4
org.apache.pdfbox.tools.Decrypt.main(String[]),org.apache.pdfbox.tools.Decrypt.<init>(),4
org.apache.pdfbox.tools.ExportFDF.main(String[]),org.apache.pdfbox.tools.ExportFDF.exportFDF(String[]),5
org.apache.pdfbox.tools.ExportFDF.exportFDF(String[]),org.apache.pdfbox.pdmodel.PDDocument.load(File),3
org.apache.pdfbox.tools.ExportFDF.exportFDF(String[]),org.apache.pdfbox.tools.ExportFDF.close(FDFDocument),4
org.apache.pdfbox.tools.ExportFDF.exportFDF(String[]),org.apache.pdfbox.tools.ExportFDF.close(PDDocument),4
org.apache.pdfbox.tools.ExportFDF.main(String[]),org.apache.pdfbox.tools.ExportFDF.<init>(),4
org.apache.pdfbox.tools.Version.main(String[]),org.apache.pdfbox.tools.Version.getVersion(),1
org.apache.pdfbox.tools.ImportXFDF.main(String[]),org.apache.pdfbox.tools.ImportXFDF.importXFDF(String[]),4
org.apache.pdfbox.tools.ImportXFDF.importXFDF(String[]),org.apache.pdfbox.pdmodel.PDDocument.load(File),3
org.apache.pdfbox.tools.ImportXFDF.importXFDF(String[]),org.apache.pdfbox.tools.ImportXFDF.close(FDFDocument),3
org.apache.pdfbox.tools.ImportXFDF.importXFDF(String[]),org.apache.pdfbox.tools.ImportXFDF.close(PDDocument),3
org.apache.pdfbox.tools.ImportXFDF.importXFDF(String[]),org.apache.pdfbox.tools.ImportFDF.<init>(),3
org.apache.pdfbox.tools.ImportXFDF.main(String[]),org.apache.pdfbox.tools.ImportXFDF.<init>(),3
org.apache.pdfbox.tools.Decrypt.decrypt(),"org.apache.pdfbox.pdmodel.PDDocument.load(File, String, InputStream, String)",2
org.apache.pdfbox.tools.PDFToImage.main(String[]),"org.apache.pdfbox.pdmodel.PDDocument.load(File, String)",2
org.apache.pdfbox.tools.WriteDecodedDoc.main(String[]),"org.apache.pdfbox.tools.WriteDecodedDoc.doIt(String, String, String)",3
"org.apache.pdfbox.tools.WriteDecodedDoc.doIt(String, String, String)","org.apache.pdfbox.pdmodel.PDDocument.load(File, String)",5
org.apache.pdfbox.tools.WriteDecodedDoc.main(String[]),org.apache.pdfbox.tools.WriteDecodedDoc.calculateOutputFilename(String),2
org.apache.pdfbox.tools.WriteDecodedDoc.main(String[]),org.apache.pdfbox.tools.WriteDecodedDoc.<init>(),4
org.apache.pdfbox.tools.Encrypt.encrypt(String[]),org.apache.pdfbox.pdmodel.PDDocument.load(File),3
org.apache.pdfbox.tools.Encrypt.encrypt(String[]),org.apache.pdfbox.pdmodel.encryption.AccessPermission.setCanExtractForAccessibility(boolean),1
org.apache.pdfbox.tools.PDFBox.main(String[]),org.apache.pdfbox.tools.PDFSplit.main(String[]),1
org.apache.pdfbox.tools.PDFBox.main(String[]),org.apache.pdfbox.tools.PDFMerger.main(String[]),1
org.apache.pdfbox.tools.PDFBox.main(String[]),org.apache.pdfbox.tools.ExtractText.main(String[]),1
org.apache.pdfbox.tools.Encrypt.encrypt(String[]),org.apache.pdfbox.pdmodel.encryption.AccessPermission.setCanExtractContent(boolean),1
org.apache.pdfbox.tools.PDFBox.main(String[]),org.apache.pdfbox.tools.PrintPDF.main(String[]),1
org.apache.pdfbox.tools.Encrypt.encrypt(String[]),org.apache.pdfbox.pdmodel.encryption.AccessPermission.setCanModify(boolean),1
org.apache.pdfbox.tools.Encrypt.encrypt(String[]),org.apache.pdfbox.pdmodel.encryption.AccessPermission.setCanModifyAnnotations(boolean),1
org.apache.xmpbox.type.TypeMapping.<init>(XMPMetadata),org.apache.xmpbox.type.TypeMapping.initialize(),124
org.apache.xmpbox.type.TypeMapping.initialize(),org.apache.xmpbox.type.TypeMapping.initializePropMapping(Class),1860
org.apache.xmpbox.type.TypeMapping.initializePropMapping(Class),"org.apache.xmpbox.type.PropertiesDescription.addNewProperty(String, PropertyType)",31520
org.apache.xmpbox.type.TypeMapping.initializePropMapping(Class),org.apache.xmpbox.type.PropertiesDescription.<init>(),3354
org.apache.xmpbox.type.TypeMapping.initialize(),org.apache.xmpbox.type.TypeMapping.addNameSpace(Class),1488
org.apache.xmpbox.type.TypeMapping.addNameSpace(Class),org.apache.xmpbox.type.TypeMapping.initializePropMapping(Class),1488
org.apache.xmpbox.type.TypeMapping.addNameSpace(Class),"org.apache.xmpbox.schema.XMPSchemaFactory.<init>(String, Class, PropertiesDescription)",1488
org.apache.xmpbox.type.TypeMapping.initialize(),org.apache.xmpbox.type.Types.values(),124
"org.apache.xmpbox.type.TypeMapping.createAgentName(String, String, String, String)","org.apache.xmpbox.type.AgentNameType.<init>(XMPMetadata, String, String, String, Object)",6
"org.apache.xmpbox.type.AgentNameType.<init>(XMPMetadata, String, String, String, Object)","org.apache.xmpbox.type.TextType.<init>(XMPMetadata, String, String, String, Object)",9
"org.apache.xmpbox.type.TextType.<init>(XMPMetadata, String, String, String, Object)","org.apache.xmpbox.type.AbstractSimpleProperty.<init>(XMPMetadata, String, String, String, Object)",106
"org.apache.xmpbox.type.AbstractSimpleProperty.<init>(XMPMetadata, String, String, String, Object)",org.apache.xmpbox.type.TextType.setValue(Object),106
"org.apache.xmpbox.type.AbstractSimpleProperty.<init>(XMPMetadata, String, String, String, Object)","org.apache.xmpbox.type.AbstractField.<init>(XMPMetadata, String)",159
"org.apache.xmpbox.type.DateType.<init>(XMPMetadata, String, String, String, Object)","org.apache.xmpbox.type.AbstractSimpleProperty.<init>(XMPMetadata, String, String, String, Object)",12
"org.apache.xmpbox.type.AbstractSimpleProperty.<init>(XMPMetadata, String, String, String, Object)",org.apache.xmpbox.type.DateType.setValue(Object),12
org.apache.xmpbox.type.DateType.setValue(Object),org.apache.xmpbox.type.DateType.isGoodType(Object),15
org.apache.xmpbox.type.DateType.isGoodType(Object),org.apache.xmpbox.DateConverter.toCalendar(String),12
org.apache.xmpbox.xml.DomXmpParser.parse(byte[]),org.apache.xmpbox.xml.DomXmpParser.parse(InputStream),2
org.apache.xmpbox.xml.DomXmpParser.parse(InputStream),"org.apache.xmpbox.xml.XmpParsingException.<init>(XmpParsingException$ErrorType, String, Throwable)",2
"org.apache.xmpbox.schema.XMPageTextSchema.<init>(XMPMetadata, String)","org.apache.xmpbox.schema.XMPSchema.<init>(XMPMetadata, String)",2
"org.apache.xmpbox.schema.XMPSchema.<init>(XMPMetadata, String)","org.apache.xmpbox.schema.XMPSchema.<init>(XMPMetadata, String, String, String)",153
"org.apache.xmpbox.schema.XMPSchema.<init>(XMPMetadata, String, String, String)","org.apache.xmpbox.type.AbstractStructuredType.<init>(XMPMetadata, String, String, String)",551
"org.apache.xmpbox.type.AbstractStructuredType.<init>(XMPMetadata, String, String, String)","org.apache.xmpbox.type.AbstractComplexProperty.<init>(XMPMetadata, String)",748
"org.apache.xmpbox.type.AbstractComplexProperty.<init>(XMPMetadata, String)",org.apache.xmpbox.type.ComplexPropertyContainer.<init>(),767
"org.apache.xmpbox.schema.XMPSchema.<init>(XMPMetadata, String, String, String)","org.apache.xmpbox.type.AbstractComplexProperty.addNamespace(String, String)",545
"org.apache.xmpbox.type.AbstractComplexProperty.<init>(XMPMetadata, String)","org.apache.xmpbox.type.AbstractField.<init>(XMPMetadata, String)",767
org.apache.xmpbox.schema.XMPSchema.getAboutValue(),org.apache.xmpbox.type.AbstractField.getAttribute(String),11
org.apache.xmpbox.DateConverter.toCalendar(String),org.apache.xmpbox.DateConverter.fromISO8601(String),1
"org.apache.xmpbox.XMPMetadata.createXMPMetadata(String, String, String, String)","org.apache.xmpbox.XMPMetadata.<init>(String, String, String, String)",32
"org.apache.xmpbox.XMPMetadata.<init>(String, String, String, String)",org.apache.xmpbox.type.TypeMapping.<init>(XMPMetadata),85
org.apache.xmpbox.XMPMetadata.createAndAddPhotoshopSchema(),org.apache.xmpbox.schema.PhotoshopSchema.<init>(XMPMetadata),13
org.apache.xmpbox.schema.PhotoshopSchema.<init>(XMPMetadata),org.apache.xmpbox.schema.XMPSchema.<init>(XMPMetadata),71
org.apache.xmpbox.schema.XMPSchema.<init>(XMPMetadata),"org.apache.xmpbox.schema.XMPSchema.<init>(XMPMetadata, String, String, String)",320
org.apache.xmpbox.XMPMetadata.createAndAddPhotoshopSchema(),org.apache.xmpbox.schema.XMPSchema.setAboutAsSimple(String),13
org.apache.xmpbox.schema.XMPSchema.setAboutAsSimple(String),org.apache.xmpbox.type.AbstractField.setAttribute(Attribute),139
org.apache.xmpbox.schema.XMPSchema.setAboutAsSimple(String),"org.apache.xmpbox.type.Attribute.<init>(String, String, String)",139
org.apache.xmpbox.XMPMetadata.createAndAddPhotoshopSchema(),org.apache.xmpbox.XMPMetadata.addSchema(XMPSchema),13
org.apache.xmpbox.XMPMetadata.createAndAddAdobePDFSchema(),org.apache.xmpbox.schema.AdobePDFSchema.<init>(XMPMetadata),13
org.apache.xmpbox.schema.AdobePDFSchema.<init>(XMPMetadata),org.apache.xmpbox.schema.XMPSchema.<init>(XMPMetadata),19
org.apache.xmpbox.XMPMetadata.createAndAddAdobePDFSchema(),org.apache.xmpbox.schema.XMPSchema.setAboutAsSimple(String),13
org.apache.xmpbox.XMPMetadata.createAndAddAdobePDFSchema(),org.apache.xmpbox.XMPMetadata.addSchema(XMPSchema),13
org.apache.xmpbox.XMPMetadata.createAndAddBasicJobTicketSchema(),org.apache.xmpbox.schema.XMPBasicJobTicketSchema.<init>(XMPMetadata),13
org.apache.xmpbox.schema.XMPBasicJobTicketSchema.<init>(XMPMetadata),"org.apache.xmpbox.schema.XMPBasicJobTicketSchema.<init>(XMPMetadata, String)",19
"org.apache.xmpbox.schema.XMPBasicJobTicketSchema.<init>(XMPMetadata, String)","org.apache.xmpbox.schema.XMPSchema.<init>(XMPMetadata, String)",20
org.apache.xmpbox.XMPMetadata.createAndAddBasicJobTicketSchema(),org.apache.xmpbox.schema.XMPSchema.setAboutAsSimple(String),13
org.apache.xmpbox.XMPMetadata.createAndAddBasicJobTicketSchema(),org.apache.xmpbox.XMPMetadata.addSchema(XMPSchema),13
org.apache.xmpbox.XMPMetadata.createAndAddPFAIdentificationSchema(),org.apache.xmpbox.schema.PDFAIdentificationSchema.<init>(XMPMetadata),13
org.apache.xmpbox.schema.PDFAIdentificationSchema.<init>(XMPMetadata),org.apache.xmpbox.schema.XMPSchema.<init>(XMPMetadata),27
org.apache.xmpbox.XMPMetadata.createAndAddPFAIdentificationSchema(),org.apache.xmpbox.schema.XMPSchema.setAboutAsSimple(String),13
org.apache.xmpbox.XMPMetadata.createAndAddPFAIdentificationSchema(),org.apache.xmpbox.XMPMetadata.addSchema(XMPSchema),13
org.apache.xmpbox.XMPMetadata.createAndAddDublinCoreSchema(),org.apache.xmpbox.schema.DublinCoreSchema.<init>(XMPMetadata),18
org.apache.xmpbox.schema.DublinCoreSchema.<init>(XMPMetadata),org.apache.xmpbox.schema.XMPSchema.<init>(XMPMetadata),49
org.apache.xmpbox.XMPMetadata.createAndAddDublinCoreSchema(),org.apache.xmpbox.schema.XMPSchema.setAboutAsSimple(String),18
org.apache.xmpbox.XMPMetadata.createAndAddDublinCoreSchema(),org.apache.xmpbox.XMPMetadata.addSchema(XMPSchema),18
org.apache.xmpbox.XMPMetadata.getDublinCoreSchema(),org.apache.xmpbox.XMPMetadata.getSchema(Class),11
org.apache.xmpbox.XMPMetadata.getSchema(Class),org.apache.xmpbox.XMPMetadata.getSchema(String),111
org.apache.xmpbox.XMPMetadata.createAndAddPDFAExtensionSchemaWithDefaultNS(),org.apache.xmpbox.schema.PDFAExtensionSchema.<init>(XMPMetadata),17
org.apache.xmpbox.schema.PDFAExtensionSchema.<init>(XMPMetadata),org.apache.xmpbox.schema.XMPSchema.<init>(XMPMetadata),28
org.apache.xmpbox.XMPMetadata.createAndAddPDFAExtensionSchemaWithDefaultNS(),org.apache.xmpbox.schema.XMPSchema.setAboutAsSimple(String),17
org.apache.xmpbox.XMPMetadata.createAndAddPDFAExtensionSchemaWithDefaultNS(),org.apache.xmpbox.XMPMetadata.addSchema(XMPSchema),17
org.apache.xmpbox.XMPMetadata.createAndAddXMPMediaManagementSchema(),org.apache.xmpbox.schema.XMPMediaManagementSchema.<init>(XMPMetadata),10
org.apache.xmpbox.schema.XMPMediaManagementSchema.<init>(XMPMetadata),org.apache.xmpbox.schema.XMPSchema.<init>(XMPMetadata),44
org.apache.xmpbox.XMPMetadata.createAndAddXMPMediaManagementSchema(),org.apache.xmpbox.schema.XMPSchema.setAboutAsSimple(String),10
org.apache.xmpbox.XMPMetadata.createAndAddXMPMediaManagementSchema(),org.apache.xmpbox.XMPMetadata.addSchema(XMPSchema),10
org.apache.xmpbox.XMPMetadata.getBasicJobTicketSchema(),org.apache.xmpbox.XMPMetadata.getSchema(Class),12
org.apache.xmpbox.XMPMetadata.getPDFIdentificationSchema(),org.apache.xmpbox.XMPMetadata.getSchema(Class),15
org.apache.xmpbox.XMPMetadata.getPDFExtensionSchema(),org.apache.xmpbox.XMPMetadata.getSchema(Class),12
org.apache.xmpbox.XMPMetadata.getXMPRightsManagementSchema(),org.apache.xmpbox.XMPMetadata.getSchema(Class),11
org.apache.xmpbox.XMPMetadata.createXMPMetadata(),org.apache.xmpbox.XMPMetadata.<init>(),24
org.apache.xmpbox.XMPMetadata.<init>(),"org.apache.xmpbox.XMPMetadata.<init>(String, String, String, String)",37
org.apache.xmpbox.XMPMetadata.createAndAddXMPBasicSchema(),org.apache.xmpbox.schema.XMPBasicSchema.<init>(XMPMetadata),11
org.apache.xmpbox.schema.XMPBasicSchema.<init>(XMPMetadata),org.apache.xmpbox.schema.XMPSchema.<init>(XMPMetadata),43
org.apache.xmpbox.XMPMetadata.createAndAddXMPBasicSchema(),org.apache.xmpbox.schema.XMPSchema.setAboutAsSimple(String),11
org.apache.xmpbox.XMPMetadata.createAndAddXMPBasicSchema(),org.apache.xmpbox.XMPMetadata.addSchema(XMPSchema),11
org.apache.xmpbox.XMPMetadata.createAndAddXMPRightsManagementSchema(),org.apache.xmpbox.schema.XMPRightsManagementSchema.<init>(XMPMetadata),8
org.apache.xmpbox.schema.XMPRightsManagementSchema.<init>(XMPMetadata),org.apache.xmpbox.schema.XMPSchema.<init>(XMPMetadata),23
org.apache.xmpbox.XMPMetadata.createAndAddXMPRightsManagementSchema(),org.apache.xmpbox.schema.XMPSchema.setAboutAsSimple(String),8
org.apache.xmpbox.XMPMetadata.createAndAddXMPRightsManagementSchema(),org.apache.xmpbox.XMPMetadata.addSchema(XMPSchema),8
org.apache.xmpbox.XMPMetadata.getXMPBasicSchema(),org.apache.xmpbox.XMPMetadata.getSchema(Class),10
"org.apache.xmpbox.XMPMetadata.createAndAddDefaultSchema(String, String)","org.apache.xmpbox.schema.XMPSchema.<init>(XMPMetadata, String, String)",12
"org.apache.xmpbox.schema.XMPSchema.<init>(XMPMetadata, String, String)","org.apache.xmpbox.schema.XMPSchema.<init>(XMPMetadata, String, String, String)",44
"org.apache.xmpbox.XMPMetadata.createAndAddDefaultSchema(String, String)",org.apache.xmpbox.schema.XMPSchema.setAboutAsSimple(String),11
"org.apache.xmpbox.XMPMetadata.createAndAddDefaultSchema(String, String)",org.apache.xmpbox.XMPMetadata.addSchema(XMPSchema),11
"org.apache.xmpbox.XMPMetadata.getSchema(String, String)",org.apache.xmpbox.XMPMetadata.getAllSchemas(),18
org.apache.xmpbox.XMPMetadata.getXMPMediaManagementSchema(),org.apache.xmpbox.XMPMetadata.getSchema(Class),10
org.apache.xmpbox.XMPMetadata.getAdobePDFSchema(),org.apache.xmpbox.XMPMetadata.getSchema(Class),10
"org.apache.xmpbox.xml.XmpSerializer.serialize(XMPMetadata, OutputStream, boolean)","org.apache.xmpbox.xml.XmpSerializer.createRdfElement(Document, XMPMetadata, boolean)",1
org.apache.xmpbox.XMPMetadata.createAndAddPDFAExtensionSchemaWithNS(Map),org.apache.xmpbox.schema.PDFAExtensionSchema.<init>(XMPMetadata),9
org.apache.xmpbox.XMPMetadata.createAndAddPDFAExtensionSchemaWithNS(Map),org.apache.xmpbox.schema.XMPSchema.setAboutAsSimple(String),9
org.apache.xmpbox.XMPMetadata.createAndAddPDFAExtensionSchemaWithNS(Map),org.apache.xmpbox.XMPMetadata.addSchema(XMPSchema),9
org.apache.xmpbox.XMPMetadata.getPhotoshopSchema(),org.apache.xmpbox.XMPMetadata.getSchema(Class),7
"org.apache.xmpbox.type.TypeMapping.createArrayProperty(String, String, String, Cardinality)","org.apache.xmpbox.type.ArrayProperty.<init>(XMPMetadata, String, String, String, Cardinality)",5
"org.apache.xmpbox.type.ArrayProperty.<init>(XMPMetadata, String, String, String, Cardinality)","org.apache.xmpbox.type.AbstractComplexProperty.<init>(XMPMetadata, String)",20
"org.apache.xmpbox.type.LocaleType.<init>(XMPMetadata, String, String, String, Object)","org.apache.xmpbox.type.TextType.<init>(XMPMetadata, String, String, String, Object)",10
"org.apache.xmpbox.type.TypeMapping.instanciateDefinedType(String, String)","org.apache.xmpbox.type.DefinedStructuredType.<init>(XMPMetadata, String, String, String)",8
"org.apache.xmpbox.type.DefinedStructuredType.<init>(XMPMetadata, String, String, String)","org.apache.xmpbox.type.AbstractStructuredType.<init>(XMPMetadata, String, String, String)",17
"org.apache.xmpbox.type.TypeMapping.createChoice(String, String, String, String)","org.apache.xmpbox.type.ChoiceType.<init>(XMPMetadata, String, String, String, Object)",7
"org.apache.xmpbox.type.ChoiceType.<init>(XMPMetadata, String, String, String, Object)","org.apache.xmpbox.type.TextType.<init>(XMPMetadata, String, String, String, Object)",9
"org.apache.xmpbox.type.TypeMapping.createInteger(String, String, String, int)","org.apache.xmpbox.type.IntegerType.<init>(XMPMetadata, String, String, String, Object)",6
"org.apache.xmpbox.type.IntegerType.<init>(XMPMetadata, String, String, String, Object)","org.apache.xmpbox.type.AbstractSimpleProperty.<init>(XMPMetadata, String, String, String, Object)",16
"org.apache.xmpbox.type.AbstractSimpleProperty.<init>(XMPMetadata, String, String, String, Object)",org.apache.xmpbox.type.IntegerType.setValue(Object),16
"org.apache.xmpbox.type.TypeMapping.getAssociatedSchemaObject(XMPMetadata, String, String)",org.apache.xmpbox.type.TypeMapping.getSchemaFactory(String),3
"org.apache.xmpbox.type.TypeMapping.createBoolean(String, String, String, boolean)","org.apache.xmpbox.type.BooleanType.<init>(XMPMetadata, String, String, String, Object)",2
"org.apache.xmpbox.type.BooleanType.<init>(XMPMetadata, String, String, String, Object)","org.apache.xmpbox.type.AbstractSimpleProperty.<init>(XMPMetadata, String, String, String, Object)",10
"org.apache.xmpbox.type.AbstractSimpleProperty.<init>(XMPMetadata, String, String, String, Object)",org.apache.xmpbox.type.BooleanType.setValue(Object),10
org.apache.xmpbox.type.PDFASchemaType.<init>(XMPMetadata),org.apache.xmpbox.type.AbstractStructuredType.<init>(XMPMetadata),13
org.apache.xmpbox.type.AbstractStructuredType.<init>(XMPMetadata),"org.apache.xmpbox.type.AbstractStructuredType.<init>(XMPMetadata, String, String, String)",163
"org.apache.xmpbox.type.TypeMapping.createURL(String, String, String, String)","org.apache.xmpbox.type.URLType.<init>(XMPMetadata, String, String, String, Object)",3
"org.apache.xmpbox.type.URLType.<init>(XMPMetadata, String, String, String, Object)","org.apache.xmpbox.type.TextType.<init>(XMPMetadata, String, String, String, Object)",6
"org.apache.xmpbox.type.RealType.<init>(XMPMetadata, String, String, String, Object)","org.apache.xmpbox.type.AbstractSimpleProperty.<init>(XMPMetadata, String, String, String, Object)",15
"org.apache.xmpbox.type.AbstractSimpleProperty.<init>(XMPMetadata, String, String, String, Object)",org.apache.xmpbox.type.RealType.setValue(Object),15
"org.apache.xmpbox.type.TypeMapping.createLocale(String, String, String, String)","org.apache.xmpbox.type.LocaleType.<init>(XMPMetadata, String, String, String, Object)",7
"org.apache.xmpbox.type.TypeMapping.createReal(String, String, String, float)","org.apache.xmpbox.type.RealType.<init>(XMPMetadata, String, String, String, Object)",5
"org.apache.xmpbox.type.TypeMapping.createMIMEType(String, String, String, String)","org.apache.xmpbox.type.MIMEType.<init>(XMPMetadata, String, String, String, Object)",5
"org.apache.xmpbox.type.MIMEType.<init>(XMPMetadata, String, String, String, Object)","org.apache.xmpbox.type.TextType.<init>(XMPMetadata, String, String, String, Object)",9
"org.apache.xmpbox.type.TypeMapping.createRenditionClass(String, String, String, String)","org.apache.xmpbox.type.RenditionClassType.<init>(XMPMetadata, String, String, String, Object)",4
"org.apache.xmpbox.type.RenditionClassType.<init>(XMPMetadata, String, String, String, Object)","org.apache.xmpbox.type.TextType.<init>(XMPMetadata, String, String, String, Object)",6
org.apache.xmpbox.type.ThumbnailType.<init>(XMPMetadata),org.apache.xmpbox.type.AbstractStructuredType.<init>(XMPMetadata),22
org.apache.xmpbox.type.ThumbnailType.<init>(XMPMetadata),org.apache.xmpbox.type.AbstractField.setAttribute(Attribute),22
org.apache.xmpbox.type.ThumbnailType.<init>(XMPMetadata),"org.apache.xmpbox.type.Attribute.<init>(String, String, String)",22
org.apache.xmpbox.type.AbstractComplexProperty.addProperty(AbstractField),org.apache.xmpbox.type.ComplexPropertyContainer.addProperty(AbstractField),65
org.apache.xmpbox.type.ComplexPropertyContainer.addProperty(AbstractField),org.apache.xmpbox.type.ComplexPropertyContainer.containsProperty(AbstractField),73
org.apache.xmpbox.type.AbstractComplexProperty.addProperty(AbstractField),org.apache.xmpbox.type.ComplexPropertyContainer.removePropertiesByName(String),62
org.apache.xmpbox.type.ThumbnailType.getWidth(),"org.apache.xmpbox.type.AbstractComplexProperty.getFirstEquivalentProperty(String, Class)",2
"org.apache.xmpbox.type.AbstractComplexProperty.getFirstEquivalentProperty(String, Class)","org.apache.xmpbox.type.ComplexPropertyContainer.getFirstEquivalentProperty(String, Class)",41
"org.apache.xmpbox.type.ComplexPropertyContainer.getFirstEquivalentProperty(String, Class)",org.apache.xmpbox.type.ComplexPropertyContainer.getPropertiesByLocalName(String),43
"org.apache.xmpbox.type.TypeMapping.createDate(String, String, String, Calendar)","org.apache.xmpbox.type.DateType.<init>(XMPMetadata, String, String, String, Object)",1
"org.apache.xmpbox.type.TypeMapping.createGUID(String, String, String, String)","org.apache.xmpbox.type.GUIDType.<init>(XMPMetadata, String, String, String, Object)",4
"org.apache.xmpbox.type.GUIDType.<init>(XMPMetadata, String, String, String, Object)","org.apache.xmpbox.type.TextType.<init>(XMPMetadata, String, String, String, Object)",8
"org.apache.xmpbox.type.TypeMapping.createXPath(String, String, String, String)","org.apache.xmpbox.type.XPathType.<init>(XMPMetadata, String, String, String, Object)",5
"org.apache.xmpbox.type.XPathType.<init>(XMPMetadata, String, String, String, Object)","org.apache.xmpbox.type.TextType.<init>(XMPMetadata, String, String, String, Object)",7
"org.apache.xmpbox.type.TypeMapping.createURI(String, String, String, String)","org.apache.xmpbox.type.URIType.<init>(XMPMetadata, String, String, String, Object)",7
"org.apache.xmpbox.type.URIType.<init>(XMPMetadata, String, String, String, Object)","org.apache.xmpbox.type.TextType.<init>(XMPMetadata, String, String, String, Object)",10
org.apache.xmpbox.type.TypeMapping.isDefinedNamespace(String),org.apache.xmpbox.type.TypeMapping.isDefinedSchema(String),3
org.apache.xmpbox.type.TypeMapping.isDefinedNamespace(String),org.apache.xmpbox.type.TypeMapping.isDefinedTypeNamespace(String),2
org.apache.xmpbox.type.TypeMapping.isDefinedNamespace(String),org.apache.xmpbox.type.TypeMapping.isStructuredTypeNamespace(String),2
"org.apache.xmpbox.type.TypeMapping.createText(String, String, String, String)","org.apache.xmpbox.type.TextType.<init>(XMPMetadata, String, String, String, Object)",3
"org.apache.xmpbox.type.TypeMapping.createPart(String, String, String, String)","org.apache.xmpbox.type.PartType.<init>(XMPMetadata, String, String, String, Object)",4
"org.apache.xmpbox.type.PartType.<init>(XMPMetadata, String, String, String, Object)","org.apache.xmpbox.type.TextType.<init>(XMPMetadata, String, String, String, Object)",11
org.apache.xmpbox.type.PDFAFieldType.<init>(XMPMetadata),org.apache.xmpbox.type.AbstractStructuredType.<init>(XMPMetadata),7
"org.apache.xmpbox.type.TypeMapping.createProperName(String, String, String, String)","org.apache.xmpbox.type.ProperNameType.<init>(XMPMetadata, String, String, String, Object)",4
"org.apache.xmpbox.type.ProperNameType.<init>(XMPMetadata, String, String, String, Object)","org.apache.xmpbox.type.TextType.<init>(XMPMetadata, String, String, String, Object)",6
"org.apache.xmpbox.type.TypeMapping.getAssociatedSchemaObject(XMPMetadata, String, String)","org.apache.xmpbox.schema.XMPSchemaFactory.createXMPSchema(XMPMetadata, String)",1
"org.apache.xmpbox.schema.XMPSchemaFactory.createXMPSchema(XMPMetadata, String)","org.apache.xmpbox.schema.XmpSchemaException.<init>(String, Throwable)",5
"org.apache.xmpbox.type.TypeMapping.addNewNameSpace(String, String)","org.apache.xmpbox.schema.XMPSchemaFactory.<init>(String, Class, PropertiesDescription)",3
"org.apache.xmpbox.type.TypeMapping.addNewNameSpace(String, String)",org.apache.xmpbox.type.PropertiesDescription.<init>(),3
"org.apache.xmpbox.type.GPSCoordinateType.<init>(XMPMetadata, String, String, String, Object)","org.apache.xmpbox.type.TextType.<init>(XMPMetadata, String, String, String, Object)",3
"org.apache.xmpbox.type.TypeMapping.instanciateSimpleField(Class, String, String, String, Object)",org.apache.xmpbox.type.TypeMapping.initializePropMapping(Class),1
"org.apache.xmpbox.type.TypeMapping.instanciateSimpleField(Class, String, String, String, Object)",org.apache.xmpbox.type.PropertiesDescription.getPropertyType(String),1
org.apache.xmpbox.type.ThumbnailType.setWidth(Integer),"org.apache.xmpbox.type.AbstractStructuredType.addSimpleProperty(String, Object)",1
"org.apache.xmpbox.schema.DublinCoreSchema.<init>(XMPMetadata, String)","org.apache.xmpbox.schema.XMPSchema.<init>(XMPMetadata, String)",36
org.apache.xmpbox.schema.DublinCoreSchema.getRightsProperty(),org.apache.xmpbox.type.AbstractComplexProperty.getProperty(String),2
org.apache.xmpbox.type.AbstractComplexProperty.getProperty(String),org.apache.xmpbox.type.ComplexPropertyContainer.getPropertiesByLocalName(String),193
org.apache.xmpbox.type.ThumbnailType.getFormat(),"org.apache.xmpbox.type.AbstractComplexProperty.getFirstEquivalentProperty(String, Class)",2
org.apache.xmpbox.type.PDFATypeType.getNamespaceURI(),org.apache.xmpbox.type.AbstractComplexProperty.getProperty(String),3
org.apache.xmpbox.type.PDFATypeType.<init>(XMPMetadata),org.apache.xmpbox.type.AbstractStructuredType.<init>(XMPMetadata),14
org.apache.xmpbox.type.DeviceSettingsType.<init>(XMPMetadata),org.apache.xmpbox.type.AbstractStructuredType.<init>(XMPMetadata),2
org.apache.xmpbox.type.PDFATypeType.getType(),org.apache.xmpbox.type.AbstractComplexProperty.getProperty(String),2
org.apache.xmpbox.type.PDFASchemaType.getValueType(),org.apache.xmpbox.type.AbstractComplexProperty.getArrayProperty(String),2
org.apache.xmpbox.type.AbstractComplexProperty.getArrayProperty(String),org.apache.xmpbox.type.ComplexPropertyContainer.getPropertiesByLocalName(String),9
org.apache.xmpbox.type.VersionType.setModifier(String),"org.apache.xmpbox.type.AbstractStructuredType.addSimpleProperty(String, Object)",1
org.apache.xmpbox.type.VersionType.<init>(XMPMetadata),org.apache.xmpbox.type.AbstractStructuredType.<init>(XMPMetadata),20
org.apache.xmpbox.type.VersionType.<init>(XMPMetadata),"org.apache.xmpbox.type.AbstractComplexProperty.addNamespace(String, String)",20
"org.apache.xmpbox.schema.PDFAIdentificationSchema.<init>(XMPMetadata, String)","org.apache.xmpbox.schema.XMPSchema.<init>(XMPMetadata, String)",2
org.apache.xmpbox.schema.PDFAIdentificationSchema.setAmd(String),"org.apache.xmpbox.type.AbstractStructuredType.createTextType(String, String)",1
org.apache.xmpbox.type.VersionType.getComments(),org.apache.xmpbox.type.AbstractStructuredType.getPropertyValueAsString(String),2
org.apache.xmpbox.type.AbstractStructuredType.getPropertyValueAsString(String),org.apache.xmpbox.type.AbstractComplexProperty.getProperty(String),21
"org.apache.xmpbox.schema.PhotoshopSchema.<init>(XMPMetadata, String)","org.apache.xmpbox.schema.XMPSchema.<init>(XMPMetadata, String)",25
org.apache.xmpbox.schema.PhotoshopSchema.getColorModeProperty(),org.apache.xmpbox.type.AbstractComplexProperty.getProperty(String),1
org.apache.xmpbox.schema.PDFAIdentificationSchema.setConformance(String),"org.apache.xmpbox.type.AbstractStructuredType.createTextType(String, String)",1
org.apache.xmpbox.schema.XMPBasicSchema.setMetadataDateProperty(DateType),org.apache.xmpbox.type.AbstractComplexProperty.addProperty(AbstractField),1
"org.apache.xmpbox.type.JobType.<init>(XMPMetadata, String)","org.apache.xmpbox.type.AbstractStructuredType.<init>(XMPMetadata, String)",17
"org.apache.xmpbox.type.AbstractStructuredType.<init>(XMPMetadata, String)","org.apache.xmpbox.type.AbstractStructuredType.<init>(XMPMetadata, String, String, String)",17
"org.apache.xmpbox.type.JobType.<init>(XMPMetadata, String)","org.apache.xmpbox.type.AbstractComplexProperty.addNamespace(String, String)",17
org.apache.xmpbox.type.AbstractStructuredType.getDatePropertyAsCalendar(String),"org.apache.xmpbox.type.AbstractComplexProperty.getFirstEquivalentProperty(String, Class)",6
org.apache.xmpbox.schema.XMPSchema.setBooleanProperty(BooleanType),org.apache.xmpbox.schema.XMPSchema.setSpecifiedSimpleTypeProperty(AbstractSimpleProperty),1
org.apache.xmpbox.schema.XMPSchema.setSpecifiedSimpleTypeProperty(AbstractSimpleProperty),org.apache.xmpbox.type.AbstractComplexProperty.getAllProperties(),4
org.apache.xmpbox.type.ThumbnailType.getImage(),"org.apache.xmpbox.type.AbstractComplexProperty.getFirstEquivalentProperty(String, Class)",2
org.apache.xmpbox.type.ResourceEventType.<init>(XMPMetadata),org.apache.xmpbox.type.AbstractStructuredType.<init>(XMPMetadata),19
org.apache.xmpbox.type.ResourceEventType.<init>(XMPMetadata),"org.apache.xmpbox.type.AbstractComplexProperty.addNamespace(String, String)",19
org.apache.xmpbox.type.ResourceEventType.getWhen(),org.apache.xmpbox.type.AbstractStructuredType.getDatePropertyAsCalendar(String),2
org.apache.xmpbox.type.ResourceEventType.setSoftwareAgent(String),"org.apache.xmpbox.type.AbstractStructuredType.addSimpleProperty(String, Object)",1
org.apache.xmpbox.schema.XMPBasicSchema.setCreatorToolProperty(AgentNameType),org.apache.xmpbox.type.AbstractComplexProperty.addProperty(AbstractField),1
"org.apache.xmpbox.schema.XMPBasicJobTicketSchema.addJob(String, String, String)","org.apache.xmpbox.schema.XMPBasicJobTicketSchema.addJob(String, String, String, String)",2
"org.apache.xmpbox.schema.XMPBasicJobTicketSchema.addJob(String, String, String, String)","org.apache.xmpbox.type.JobType.<init>(XMPMetadata, String)",3
"org.apache.xmpbox.schema.XMPBasicJobTicketSchema.addJob(String, String, String, String)",org.apache.xmpbox.type.JobType.setId(String),3
org.apache.xmpbox.type.JobType.setId(String),"org.apache.xmpbox.type.AbstractStructuredType.addSimpleProperty(String, Object)",4
org.apache.xmpbox.type.ResourceEventType.getParameters(),org.apache.xmpbox.type.AbstractStructuredType.getPropertyValueAsString(String),2
org.apache.xmpbox.type.LayerType.<init>(XMPMetadata),org.apache.xmpbox.type.AbstractStructuredType.<init>(XMPMetadata),11
org.apache.xmpbox.type.LayerType.<init>(XMPMetadata),org.apache.xmpbox.type.AbstractField.setAttribute(Attribute),11
org.apache.xmpbox.type.LayerType.<init>(XMPMetadata),"org.apache.xmpbox.type.Attribute.<init>(String, String, String)",11
org.apache.xmpbox.type.ResourceRefType.<init>(XMPMetadata),org.apache.xmpbox.type.AbstractStructuredType.<init>(XMPMetadata),39
org.apache.xmpbox.type.ResourceRefType.<init>(XMPMetadata),"org.apache.xmpbox.type.AbstractComplexProperty.addNamespace(String, String)",39
org.apache.xmpbox.type.ResourceRefType.getLastModifyDate(),"org.apache.xmpbox.type.AbstractComplexProperty.getFirstEquivalentProperty(String, Class)",2
org.apache.xmpbox.type.ResourceEventType.getChanged(),org.apache.xmpbox.type.AbstractStructuredType.getPropertyValueAsString(String),2
org.apache.xmpbox.type.ThumbnailType.getHeight(),"org.apache.xmpbox.type.AbstractComplexProperty.getFirstEquivalentProperty(String, Class)",2
"org.apache.xmpbox.schema.DublinCoreSchema.addDescription(String, String)","org.apache.xmpbox.schema.XMPSchema.setUnqualifiedLanguagePropertyValue(String, String, String)",2
"org.apache.xmpbox.schema.XMPSchema.setUnqualifiedLanguagePropertyValue(String, String, String)","org.apache.xmpbox.type.AbstractStructuredType.createArrayProperty(String, Cardinality)",13
"org.apache.xmpbox.schema.XMPSchema.setUnqualifiedLanguagePropertyValue(String, String, String)",org.apache.xmpbox.schema.XMPSchema.getAbstractProperty(String),13
org.apache.xmpbox.schema.XMPBasicSchema.setRating(Integer),"org.apache.xmpbox.schema.XMPSchema.instanciateSimple(String, Object)",1
"org.apache.xmpbox.schema.AdobePDFSchema.<init>(XMPMetadata, String)","org.apache.xmpbox.schema.XMPSchema.<init>(XMPMetadata, String)",6
org.apache.xmpbox.schema.AdobePDFSchema.setPDFVersionProperty(TextType),org.apache.xmpbox.type.AbstractComplexProperty.addProperty(AbstractField),1
org.apache.xmpbox.schema.AdobePDFSchema.setPDFVersion(String),"org.apache.xmpbox.type.AbstractStructuredType.createTextType(String, String)",1
org.apache.xmpbox.type.ResourceEventType.setInstanceID(String),"org.apache.xmpbox.type.AbstractStructuredType.addSimpleProperty(String, Object)",1
org.apache.xmpbox.schema.TiffSchema.<init>(XMPMetadata),org.apache.xmpbox.schema.XMPSchema.<init>(XMPMetadata),8
org.apache.xmpbox.schema.TiffSchema.getImageDescriptionProperty(),org.apache.xmpbox.type.AbstractComplexProperty.getProperty(String),2
org.apache.xmpbox.schema.XMPBasicSchema.setCreateDateProperty(DateType),org.apache.xmpbox.type.AbstractComplexProperty.addProperty(AbstractField),1
org.apache.xmpbox.schema.XMPSchema.merge(XMPSchema),org.apache.xmpbox.type.AbstractField.getAllAttributes(),2
org.apache.xmpbox.schema.PDFAIdentificationSchema.setPart(Integer),org.apache.xmpbox.schema.PDFAIdentificationSchema.setPartValueWithInt(int),1
org.apache.xmpbox.schema.PDFAIdentificationSchema.setPartValueWithInt(int),"org.apache.xmpbox.schema.XMPSchema.instanciateSimple(String, Object)",2
org.apache.xmpbox.schema.PDFAIdentificationSchema.setAmdProperty(TextType),org.apache.xmpbox.type.AbstractComplexProperty.addProperty(AbstractField),1
org.apache.xmpbox.type.ResourceEventType.setParameters(String),"org.apache.xmpbox.type.AbstractStructuredType.addSimpleProperty(String, Object)",1
org.apache.xmpbox.type.JobType.<init>(XMPMetadata),"org.apache.xmpbox.type.JobType.<init>(XMPMetadata, String)",11
org.apache.xmpbox.type.JobType.setName(String),"org.apache.xmpbox.type.AbstractStructuredType.addSimpleProperty(String, Object)",1
org.apache.xmpbox.schema.AdobePDFSchema.setKeywordsProperty(TextType),org.apache.xmpbox.type.AbstractComplexProperty.addProperty(AbstractField),1
org.apache.xmpbox.type.ResourceEventType.setAction(String),"org.apache.xmpbox.type.AbstractStructuredType.addSimpleProperty(String, Object)",1
"org.apache.xmpbox.schema.XMPBasicSchema.<init>(XMPMetadata, String)","org.apache.xmpbox.schema.XMPSchema.<init>(XMPMetadata, String)",14
org.apache.xmpbox.schema.XMPBasicSchema.setRatingProperty(IntegerType),org.apache.xmpbox.type.AbstractComplexProperty.addProperty(AbstractField),1
org.apache.xmpbox.schema.AdobePDFSchema.setKeywords(String),"org.apache.xmpbox.type.AbstractStructuredType.createTextType(String, String)",1
org.apache.xmpbox.schema.PDFAIdentificationSchema.getAmd(),org.apache.xmpbox.type.AbstractField.getAllAttributes(),1
org.apache.xmpbox.schema.PDFAIdentificationSchema.getAmd(),org.apache.xmpbox.schema.PDFAIdentificationSchema.getAmdProperty(),1
org.apache.xmpbox.schema.PDFAIdentificationSchema.getAmdProperty(),org.apache.xmpbox.type.AbstractComplexProperty.getProperty(String),2
org.apache.xmpbox.schema.XMPBasicSchema.setNickname(String),"org.apache.xmpbox.schema.XMPSchema.instanciateSimple(String, Object)",1
org.apache.xmpbox.schema.DublinCoreSchema.setCoverage(String),"org.apache.xmpbox.type.AbstractStructuredType.createTextType(String, String)",1
org.apache.xmpbox.schema.DublinCoreSchema.setDescription(String),"org.apache.xmpbox.schema.DublinCoreSchema.addDescription(String, String)",1
org.apache.xmpbox.schema.PhotoshopSchema.setSourceProperty(TextType),org.apache.xmpbox.type.AbstractComplexProperty.addProperty(AbstractField),1
org.apache.xmpbox.schema.PhotoshopSchema.getTransmissionReferenceProperty(),org.apache.xmpbox.type.AbstractComplexProperty.getProperty(String),2
"org.apache.xmpbox.schema.TiffSchema.addCopyright(String, String)","org.apache.xmpbox.schema.XMPSchema.setUnqualifiedLanguagePropertyValue(String, String, String)",1
org.apache.xmpbox.schema.PhotoshopSchema.setHistory(String),"org.apache.xmpbox.schema.XMPSchema.instanciateSimple(String, Object)",1
org.apache.xmpbox.schema.PhotoshopSchema.setICCProfile(String),"org.apache.xmpbox.schema.XMPSchema.instanciateSimple(String, Object)",1
org.apache.xmpbox.type.ResourceEventType.setChanged(String),"org.apache.xmpbox.type.AbstractStructuredType.addSimpleProperty(String, Object)",1
org.apache.xmpbox.schema.DublinCoreSchema.setTitle(String),"org.apache.xmpbox.schema.DublinCoreSchema.setTitle(String, String)",1
"org.apache.xmpbox.schema.DublinCoreSchema.setTitle(String, String)","org.apache.xmpbox.schema.XMPSchema.setUnqualifiedLanguagePropertyValue(String, String, String)",3
org.apache.xmpbox.schema.XMPSchema.setDateProperty(DateType),org.apache.xmpbox.schema.XMPSchema.setSpecifiedSimpleTypeProperty(AbstractSimpleProperty),1
org.apache.xmpbox.schema.XMPSchema.setSpecifiedSimpleTypeProperty(AbstractSimpleProperty),org.apache.xmpbox.type.AbstractComplexProperty.addProperty(AbstractField),3
org.apache.xmpbox.type.ResourceEventType.setWhen(Calendar),"org.apache.xmpbox.type.AbstractStructuredType.addSimpleProperty(String, Object)",1
org.apache.xmpbox.schema.AdobePDFSchema.getProducer(),org.apache.xmpbox.type.AbstractComplexProperty.getProperty(String),1
org.apache.xmpbox.schema.XMPBasicSchema.setCreatorTool(String),"org.apache.xmpbox.schema.XMPSchema.instanciateSimple(String, Object)",1
org.apache.xmpbox.schema.XMPBasicSchema.addIdentifier(String),"org.apache.xmpbox.schema.XMPSchema.addQualifiedBagValue(String, String)",1
"org.apache.xmpbox.schema.XMPSchema.addQualifiedBagValue(String, String)","org.apache.xmpbox.schema.XMPSchema.internalAddBagValue(String, String)",13
"org.apache.xmpbox.schema.XMPSchema.internalAddBagValue(String, String)","org.apache.xmpbox.type.AbstractStructuredType.createTextType(String, String)",14
"org.apache.xmpbox.schema.XMPSchema.internalAddBagValue(String, String)",org.apache.xmpbox.schema.XMPSchema.getAbstractProperty(String),14
"org.apache.xmpbox.schema.XMPMediaManagementSchema.<init>(XMPMetadata, String)","org.apache.xmpbox.schema.XMPSchema.<init>(XMPMetadata, String)",27
org.apache.xmpbox.schema.XMPMediaManagementSchema.setManager(String),"org.apache.xmpbox.schema.XMPSchema.instanciateSimple(String, Object)",1
org.apache.xmpbox.schema.XMPBasicSchema.setBaseURLProperty(URLType),org.apache.xmpbox.type.AbstractComplexProperty.addProperty(AbstractField),1
org.apache.xmpbox.schema.XMPRightsManagementSchema.getOwners(),org.apache.xmpbox.schema.XMPSchema.getUnqualifiedBagValueList(String),1
org.apache.xmpbox.schema.XMPSchema.getUnqualifiedBagValueList(String),org.apache.xmpbox.schema.XMPSchema.getAbstractProperty(String),13
org.apache.xmpbox.type.LayerType.getLayerText(),"org.apache.xmpbox.type.AbstractComplexProperty.getFirstEquivalentProperty(String, Class)",2
org.apache.xmpbox.schema.DublinCoreSchema.getSource(),org.apache.xmpbox.type.AbstractComplexProperty.getProperty(String),1
org.apache.xmpbox.type.PDFATypeType.getFields(),org.apache.xmpbox.type.AbstractComplexProperty.getArrayProperty(String),2
org.apache.xmpbox.type.ResourceRefType.setInstanceID(String),"org.apache.xmpbox.type.AbstractStructuredType.addSimpleProperty(String, Object)",1
org.apache.xmpbox.schema.DublinCoreSchema.addLanguage(String),"org.apache.xmpbox.schema.XMPSchema.addQualifiedBagValue(String, String)",1
org.apache.xmpbox.schema.XMPBasicSchema.setLabel(String),"org.apache.xmpbox.schema.XMPSchema.instanciateSimple(String, Object)",1
"org.apache.xmpbox.schema.XMPSchema.setTextPropertyValueAsSimple(String, String)","org.apache.xmpbox.schema.XMPSchema.setTextPropertyValue(String, String)",1
"org.apache.xmpbox.schema.XMPSchema.setTextPropertyValue(String, String)","org.apache.xmpbox.schema.XMPSchema.setSpecifiedSimpleTypeProperty(Types, String, Object)",2
org.apache.xmpbox.schema.PhotoshopSchema.setAuthorsPosition(String),"org.apache.xmpbox.schema.XMPSchema.instanciateSimple(String, Object)",1
org.apache.xmpbox.schema.AdobePDFSchema.getKeywords(),org.apache.xmpbox.type.AbstractComplexProperty.getProperty(String),1
org.apache.xmpbox.schema.PhotoshopSchema.getColorMode(),org.apache.xmpbox.type.AbstractComplexProperty.getProperty(String),2
"org.apache.xmpbox.schema.XMPSchema.addSequenceDateValueAsSimple(String, Calendar)","org.apache.xmpbox.schema.XMPSchema.addUnqualifiedSequenceDateValue(String, Calendar)",1
org.apache.xmpbox.type.AbstractSimpleProperty.toString(),org.apache.xmpbox.type.IntegerType.getStringValue(),2
org.apache.xmpbox.schema.XMPMediaManagementSchema.setRenditionClassProperty(RenditionClassType),org.apache.xmpbox.type.AbstractComplexProperty.addProperty(AbstractField),1
org.apache.xmpbox.type.PDFAPropertyType.<init>(XMPMetadata),org.apache.xmpbox.type.AbstractStructuredType.<init>(XMPMetadata),9
"org.apache.xmpbox.schema.DublinCoreSchema.addTitle(String, String)","org.apache.xmpbox.schema.DublinCoreSchema.setTitle(String, String)",1
org.apache.xmpbox.schema.PhotoshopSchema.setCreditProperty(TextType),org.apache.xmpbox.type.AbstractComplexProperty.addProperty(AbstractField),1
org.apache.xmpbox.schema.XMPBasicSchema.setModifyDate(Calendar),"org.apache.xmpbox.schema.XMPSchema.instanciateSimple(String, Object)",1
org.apache.xmpbox.schema.XMPMediaManagementSchema.addIngredients(String),"org.apache.xmpbox.schema.XMPSchema.addQualifiedBagValue(String, String)",1
org.apache.xmpbox.type.JobType.getUrl(),org.apache.xmpbox.type.AbstractStructuredType.getPropertyValueAsString(String),2
"org.apache.xmpbox.type.RationalType.<init>(XMPMetadata, String, String, String, Object)","org.apache.xmpbox.type.TextType.<init>(XMPMetadata, String, String, String, Object)",2
org.apache.xmpbox.type.VersionType.setEvent(ResourceEventType),org.apache.xmpbox.type.AbstractComplexProperty.addProperty(AbstractField),1
org.apache.xmpbox.schema.PhotoshopSchema.getSource(),org.apache.xmpbox.type.AbstractComplexProperty.getProperty(String),2
org.apache.xmpbox.type.ResourceRefType.setFromPart(String),"org.apache.xmpbox.type.AbstractStructuredType.addSimpleProperty(String, Object)",1
org.apache.xmpbox.schema.PhotoshopSchema.setDateCreatedProperty(DateType),org.apache.xmpbox.type.AbstractComplexProperty.addProperty(AbstractField),1
"org.apache.xmpbox.schema.XMPSchema.setIntegerPropertyValue(String, Integer)","org.apache.xmpbox.schema.XMPSchema.setSpecifiedSimpleTypeProperty(Types, String, Object)",4
org.apache.xmpbox.schema.DublinCoreSchema.getSubjects(),org.apache.xmpbox.schema.XMPSchema.getUnqualifiedBagValueList(String),1
"org.apache.xmpbox.schema.TiffSchema.<init>(XMPMetadata, String)","org.apache.xmpbox.schema.XMPSchema.<init>(XMPMetadata, String)",10
org.apache.xmpbox.schema.TiffSchema.getCopyRight(String),"org.apache.xmpbox.schema.XMPSchema.getUnqualifiedLanguagePropertyValue(String, String)",3
"org.apache.xmpbox.schema.XMPSchema.getUnqualifiedLanguagePropertyValue(String, String)",org.apache.xmpbox.schema.XMPSchema.getAbstractProperty(String),20
org.apache.xmpbox.type.ResourceRefType.addAlternatePath(String),"org.apache.xmpbox.type.AbstractComplexProperty.getFirstEquivalentProperty(String, Class)",1
org.apache.xmpbox.schema.AdobePDFSchema.setProducerProperty(TextType),org.apache.xmpbox.type.AbstractComplexProperty.addProperty(AbstractField),1
org.apache.xmpbox.schema.XMPBasicSchema.getThumbnailsProperty(),org.apache.xmpbox.schema.XMPSchema.getUnqualifiedArrayList(String),1
org.apache.xmpbox.schema.XMPSchema.getUnqualifiedArrayList(String),org.apache.xmpbox.type.AbstractComplexProperty.getAllProperties(),5
org.apache.xmpbox.schema.XMPMediaManagementSchema.getRenditionClassProperty(),org.apache.xmpbox.type.AbstractComplexProperty.getProperty(String),2
org.apache.xmpbox.schema.PhotoshopSchema.setSupplementalCategoriesProperty(TextType),org.apache.xmpbox.type.AbstractComplexProperty.addProperty(AbstractField),1
"org.apache.xmpbox.schema.XMPSchema.addBagValueAsSimple(String, String)","org.apache.xmpbox.schema.XMPSchema.internalAddBagValue(String, String)",1
org.apache.xmpbox.type.ResourceRefType.getAlternatePathsProperty(),"org.apache.xmpbox.type.AbstractComplexProperty.getFirstEquivalentProperty(String, Class)",1
org.apache.xmpbox.schema.AdobePDFSchema.setProducer(String),"org.apache.xmpbox.type.AbstractStructuredType.createTextType(String, String)",1
org.apache.xmpbox.schema.XMPBasicJobTicketSchema.getJobs(),org.apache.xmpbox.schema.XMPSchema.getUnqualifiedArrayList(String),2
org.apache.xmpbox.type.ComplexPropertyContainer.containsProperty(AbstractField),"org.apache.xmpbox.type.ComplexPropertyContainer.isSameProperty(AbstractField, AbstractField)",3
org.apache.xmpbox.type.AbstractSimpleProperty.toString(),org.apache.xmpbox.type.DateType.getStringValue(),3
org.apache.xmpbox.type.DateType.getStringValue(),org.apache.xmpbox.DateConverter.toISO8601(Calendar),5
org.apache.xmpbox.DateConverter.toISO8601(Calendar),"org.apache.xmpbox.DateConverter.toISO8601(Calendar, boolean)",6
org.apache.xmpbox.type.DateType.setValue(Object),org.apache.xmpbox.type.DateType.setValueFromString(String),10
org.apache.xmpbox.type.DateType.setValueFromString(String),org.apache.xmpbox.DateConverter.toCalendar(String),10
org.apache.xmpbox.schema.PhotoshopSchema.setInstructions(String),"org.apache.xmpbox.schema.XMPSchema.instanciateSimple(String, Object)",1
org.apache.xmpbox.schema.XMPBasicSchema.setModifierDate(Calendar),"org.apache.xmpbox.schema.XMPSchema.instanciateSimple(String, Object)",1
org.apache.xmpbox.type.VersionType.getEvent(),"org.apache.xmpbox.type.AbstractComplexProperty.getFirstEquivalentProperty(String, Class)",2
org.apache.xmpbox.schema.XMPBasicSchema.getRatingProperty(),org.apache.xmpbox.type.AbstractComplexProperty.getProperty(String),1
org.apache.xmpbox.schema.ExifSchema.<init>(XMPMetadata),org.apache.xmpbox.schema.XMPSchema.<init>(XMPMetadata),6
org.apache.xmpbox.schema.ExifSchema.getUserCommentProperty(),org.apache.xmpbox.type.AbstractComplexProperty.getProperty(String),2
org.apache.xmpbox.schema.PDFAIdentificationSchema.setPartValueWithString(String),"org.apache.xmpbox.schema.XMPSchema.instanciateSimple(String, Object)",1
"org.apache.xmpbox.schema.XMPSchema.addUnqualifiedSequenceValue(String, String)","org.apache.xmpbox.type.AbstractStructuredType.createTextType(String, String)",3
"org.apache.xmpbox.schema.XMPSchema.addUnqualifiedSequenceValue(String, String)",org.apache.xmpbox.schema.XMPSchema.getAbstractProperty(String),3
org.apache.xmpbox.schema.AdobePDFSchema.getKeywordsProperty(),org.apache.xmpbox.type.AbstractComplexProperty.getProperty(String),1
org.apache.xmpbox.schema.TiffSchema.getArtist(),org.apache.xmpbox.type.AbstractComplexProperty.getProperty(String),2
org.apache.xmpbox.schema.XMPBasicSchema.removeAdvisory(String),"org.apache.xmpbox.schema.XMPSchema.removeUnqualifiedBagValue(String, String)",1
"org.apache.xmpbox.schema.XMPSchema.removeUnqualifiedBagValue(String, String)","org.apache.xmpbox.schema.XMPSchema.removeUnqualifiedArrayValue(String, String)",10
"org.apache.xmpbox.schema.XMPSchema.removeUnqualifiedArrayValue(String, String)",org.apache.xmpbox.schema.XMPSchema.getAbstractProperty(String),12
org.apache.xmpbox.type.ResourceEventType.getSoftwareAgent(),org.apache.xmpbox.type.AbstractStructuredType.getPropertyValueAsString(String),1
org.apache.xmpbox.schema.AdobePDFSchema.getPDFVersion(),org.apache.xmpbox.type.AbstractComplexProperty.getProperty(String),1
org.apache.xmpbox.schema.DublinCoreSchema.setSource(String),"org.apache.xmpbox.type.AbstractStructuredType.createTextType(String, String)",1
org.apache.xmpbox.schema.PhotoshopSchema.getHeadline(),org.apache.xmpbox.type.AbstractComplexProperty.getProperty(String),2
org.apache.xmpbox.schema.TiffSchema.getImageDescription(String),"org.apache.xmpbox.schema.XMPSchema.getUnqualifiedLanguagePropertyValue(String, String)",3
org.apache.xmpbox.schema.TiffSchema.getCopyRightLanguages(),org.apache.xmpbox.schema.XMPSchema.getUnqualifiedLanguagePropertyLanguagesValue(String),2
org.apache.xmpbox.schema.XMPSchema.getUnqualifiedLanguagePropertyLanguagesValue(String),org.apache.xmpbox.schema.XMPSchema.getAbstractProperty(String),10
org.apache.xmpbox.schema.TiffSchema.setArtist(String),"org.apache.xmpbox.type.AbstractStructuredType.createTextType(String, String)",1
org.apache.xmpbox.schema.XMPSchema.setTextProperty(TextType),org.apache.xmpbox.schema.XMPSchema.setSpecifiedSimpleTypeProperty(AbstractSimpleProperty),1
org.apache.xmpbox.type.ResourceRefType.setManageUI(String),"org.apache.xmpbox.type.AbstractStructuredType.addSimpleProperty(String, Object)",1
org.apache.xmpbox.schema.XMPBasicSchema.removeIdentifier(String),"org.apache.xmpbox.schema.XMPSchema.removeUnqualifiedBagValue(String, String)",1
org.apache.xmpbox.schema.XMPMediaManagementSchema.setSaveId(Integer),"org.apache.xmpbox.schema.XMPSchema.instanciateSimple(String, Object)",1
org.apache.xmpbox.schema.XMPMediaManagementSchema.setManagerProperty(AgentNameType),org.apache.xmpbox.type.AbstractComplexProperty.addProperty(AbstractField),1
"org.apache.xmpbox.schema.XMPSchema.setIntegerPropertyValueAsSimple(String, Integer)","org.apache.xmpbox.schema.XMPSchema.setIntegerPropertyValue(String, Integer)",2
org.apache.xmpbox.schema.XMPSchema.getDatePropertyValueAsSimple(String),org.apache.xmpbox.schema.XMPSchema.getDatePropertyValue(String),2
org.apache.xmpbox.schema.XMPSchema.getDatePropertyValue(String),org.apache.xmpbox.schema.XMPSchema.getAbstractProperty(String),3
org.apache.xmpbox.type.ResourceRefType.getRenditionClass(),"org.apache.xmpbox.type.AbstractComplexProperty.getFirstEquivalentProperty(String, Class)",1
org.apache.xmpbox.schema.XMPBasicSchema.getModifyDateProperty(),org.apache.xmpbox.type.AbstractComplexProperty.getProperty(String),1
org.apache.xmpbox.schema.XMPBasicSchema.getIdentifiersProperty(),org.apache.xmpbox.type.AbstractComplexProperty.getProperty(String),1
"org.apache.xmpbox.schema.XMPSchema.removeUnqualifiedSequenceValue(String, AbstractField)","org.apache.xmpbox.schema.XMPSchema.removeUnqualifiedArrayValue(String, AbstractField)",1
"org.apache.xmpbox.schema.XMPSchema.removeUnqualifiedArrayValue(String, AbstractField)",org.apache.xmpbox.schema.XMPSchema.getAbstractProperty(String),2
org.apache.xmpbox.type.JobType.setUrl(String),"org.apache.xmpbox.type.AbstractStructuredType.addSimpleProperty(String, Object)",1
org.apache.xmpbox.type.LayerType.getLayerName(),"org.apache.xmpbox.type.AbstractComplexProperty.getFirstEquivalentProperty(String, Class)",2
org.apache.xmpbox.schema.TiffSchema.getCopyRight(),org.apache.xmpbox.schema.TiffSchema.getCopyRight(String),2
"org.apache.xmpbox.schema.TiffSchema.addImageDescription(String, String)","org.apache.xmpbox.schema.XMPSchema.setUnqualifiedLanguagePropertyValue(String, String, String)",1
org.apache.xmpbox.schema.XMPMediaManagementSchema.getSaveIDProperty(),org.apache.xmpbox.type.AbstractComplexProperty.getProperty(String),2
org.apache.xmpbox.type.PDFAFieldType.getValueType(),org.apache.xmpbox.type.AbstractComplexProperty.getProperty(String),2
org.apache.xmpbox.type.VersionType.getVersion(),org.apache.xmpbox.type.AbstractStructuredType.getPropertyValueAsString(String),2
org.apache.xmpbox.schema.DublinCoreSchema.setIdentifier(String),"org.apache.xmpbox.type.AbstractStructuredType.createTextType(String, String)",1
org.apache.xmpbox.schema.PDFAIdentificationSchema.getConformanceProperty(),org.apache.xmpbox.type.AbstractComplexProperty.getProperty(String),2
org.apache.xmpbox.schema.XMPMediaManagementSchema.setManageUIProperty(URIType),org.apache.xmpbox.type.AbstractComplexProperty.addProperty(AbstractField),1
org.apache.xmpbox.schema.AdobePDFSchema.getProducerProperty(),org.apache.xmpbox.type.AbstractComplexProperty.getProperty(String),1
org.apache.xmpbox.schema.PhotoshopSchema.getTransmissionReference(),org.apache.xmpbox.type.AbstractComplexProperty.getProperty(String),2
org.apache.xmpbox.schema.PhotoshopSchema.setCaptionWriterProperty(ProperNameType),org.apache.xmpbox.type.AbstractComplexProperty.addProperty(AbstractField),1
org.apache.xmpbox.schema.XMPBasicSchema.setModifierDateProperty(DateType),org.apache.xmpbox.type.AbstractComplexProperty.addProperty(AbstractField),1
org.apache.xmpbox.schema.XMPBasicSchema.getMetadataDateProperty(),org.apache.xmpbox.type.AbstractComplexProperty.getProperty(String),1
org.apache.xmpbox.schema.XMPBasicSchema.getModifierDateProperty(),org.apache.xmpbox.type.AbstractComplexProperty.getProperty(String),1
org.apache.xmpbox.schema.XMPBasicSchema.addAdvisory(String),"org.apache.xmpbox.schema.XMPSchema.addQualifiedBagValue(String, String)",1
org.apache.xmpbox.schema.XMPRightsManagementSchema.setCertificate(String),"org.apache.xmpbox.schema.XMPSchema.instanciateSimple(String, Object)",1
org.apache.xmpbox.type.ResourceEventType.getAction(),org.apache.xmpbox.type.AbstractStructuredType.getPropertyValueAsString(String),1
org.apache.xmpbox.schema.PDFAExtensionSchema.getSchemasProperty(),org.apache.xmpbox.type.AbstractComplexProperty.getProperty(String),2
org.apache.xmpbox.schema.PDFAIdentificationSchema.setConformance(String),org.apache.xmpbox.type.BadFieldValueException.<init>(String),1
"org.apache.xmpbox.schema.XMPBasicSchema.addThumbnails(Integer, Integer, String, String)","org.apache.xmpbox.type.AbstractStructuredType.createArrayProperty(String, Cardinality)",1
org.apache.xmpbox.schema.XMPBasicSchema.getAdvisoryProperty(),org.apache.xmpbox.type.AbstractComplexProperty.getProperty(String),1
org.apache.xmpbox.type.PDFAPropertyType.getValueType(),org.apache.xmpbox.type.AbstractComplexProperty.getProperty(String),2
org.apache.xmpbox.type.PDFASchemaType.getPrefixValue(),org.apache.xmpbox.type.AbstractComplexProperty.getProperty(String),2
org.apache.xmpbox.schema.DublinCoreSchema.addContributor(String),"org.apache.xmpbox.schema.XMPSchema.addQualifiedBagValue(String, String)",1
org.apache.xmpbox.schema.PhotoshopSchema.getDocumentAncestors(),org.apache.xmpbox.schema.XMPSchema.getUnqualifiedBagValueList(String),1
org.apache.xmpbox.schema.XMPBasicSchema.setMetadataDate(Calendar),"org.apache.xmpbox.schema.XMPSchema.instanciateSimple(String, Object)",1
org.apache.xmpbox.schema.XMPMediaManagementSchema.setDerivedFromProperty(ResourceRefType),org.apache.xmpbox.type.AbstractComplexProperty.addProperty(AbstractField),1
org.apache.xmpbox.schema.XMPSchema.setIntegerProperty(IntegerType),org.apache.xmpbox.schema.XMPSchema.setSpecifiedSimpleTypeProperty(AbstractSimpleProperty),1
org.apache.xmpbox.schema.DublinCoreSchema.getRights(String),"org.apache.xmpbox.schema.XMPSchema.getUnqualifiedLanguagePropertyValue(String, String)",2
org.apache.xmpbox.schema.PDFAIdentificationSchema.setPartProperty(IntegerType),org.apache.xmpbox.type.AbstractComplexProperty.addProperty(AbstractField),1
org.apache.xmpbox.schema.PhotoshopSchema.setTransmissionReferenceProperty(TextType),org.apache.xmpbox.type.AbstractComplexProperty.addProperty(AbstractField),1
org.apache.xmpbox.schema.PhotoshopSchema.setColorMode(String),"org.apache.xmpbox.schema.XMPSchema.instanciateSimple(String, Object)",1
org.apache.xmpbox.schema.TiffSchema.getImageDescription(),org.apache.xmpbox.schema.TiffSchema.getImageDescription(String),1
org.apache.xmpbox.schema.XMPBasicSchema.setBaseURL(String),"org.apache.xmpbox.schema.XMPSchema.instanciateSimple(String, Object)",1
org.apache.xmpbox.type.VersionType.getModifier(),org.apache.xmpbox.type.AbstractStructuredType.getPropertyValueAsString(String),2
org.apache.xmpbox.schema.DublinCoreSchema.getIdentifier(),org.apache.xmpbox.type.AbstractComplexProperty.getProperty(String),1
org.apache.xmpbox.schema.PhotoshopSchema.setAncestorID(String),"org.apache.xmpbox.schema.XMPSchema.instanciateSimple(String, Object)",1
org.apache.xmpbox.schema.XMPBasicSchema.getLabelProperty(),org.apache.xmpbox.type.AbstractComplexProperty.getProperty(String),1
org.apache.xmpbox.schema.XMPBasicSchema.setLabelProperty(TextType),org.apache.xmpbox.type.AbstractComplexProperty.addProperty(AbstractField),1
org.apache.xmpbox.schema.PhotoshopSchema.setUrgency(String),"org.apache.xmpbox.schema.XMPSchema.instanciateSimple(String, Object)",1
org.apache.xmpbox.type.DimensionsType.<init>(XMPMetadata),org.apache.xmpbox.type.AbstractStructuredType.<init>(XMPMetadata),1
org.apache.xmpbox.type.JobType.getName(),org.apache.xmpbox.type.AbstractStructuredType.getPropertyValueAsString(String),2
org.apache.xmpbox.type.PDFATypeType.getPrefixValue(),org.apache.xmpbox.type.AbstractComplexProperty.getProperty(String),2
org.apache.xmpbox.type.VersionType.getModifyDate(),org.apache.xmpbox.type.AbstractStructuredType.getDatePropertyAsCalendar(String),2
org.apache.xmpbox.schema.DublinCoreSchema.addSubject(String),"org.apache.xmpbox.schema.XMPSchema.addQualifiedBagValue(String, String)",1
"org.apache.xmpbox.schema.PhotoshopSchema.addTextLayers(String, String)","org.apache.xmpbox.type.AbstractStructuredType.createArrayProperty(String, Cardinality)",1
org.apache.xmpbox.schema.XMPBasicSchema.setCreateDate(Calendar),"org.apache.xmpbox.schema.XMPSchema.instanciateSimple(String, Object)",1
"org.apache.xmpbox.schema.XMPSchema.addUnqualifiedSequenceValue(String, AbstractField)","org.apache.xmpbox.type.AbstractStructuredType.createArrayProperty(String, Cardinality)",1
"org.apache.xmpbox.schema.XMPSchema.addUnqualifiedSequenceValue(String, AbstractField)",org.apache.xmpbox.schema.XMPSchema.getAbstractProperty(String),1
org.apache.xmpbox.schema.XMPSchema.getUnqualifiedTextPropertyValue(String),org.apache.xmpbox.schema.XMPSchema.getUnqualifiedTextProperty(String),1
org.apache.xmpbox.schema.XMPSchema.getUnqualifiedTextProperty(String),org.apache.xmpbox.schema.XMPSchema.getAbstractProperty(String),2
org.apache.xmpbox.type.ResourceEventType.getInstanceID(),org.apache.xmpbox.type.AbstractStructuredType.getPropertyValueAsString(String),1
org.apache.xmpbox.schema.DublinCoreSchema.removeLanguage(String),"org.apache.xmpbox.schema.XMPSchema.removeUnqualifiedBagValue(String, String)",1
org.apache.xmpbox.schema.DublinCoreSchema.getContributors(),org.apache.xmpbox.schema.XMPSchema.getUnqualifiedBagValueList(String),1
org.apache.xmpbox.schema.ExifSchema.getUserCommentLanguages(),org.apache.xmpbox.schema.XMPSchema.getUnqualifiedLanguagePropertyLanguagesValue(String),2
org.apache.xmpbox.schema.XMPBasicSchema.getCreatorToolProperty(),org.apache.xmpbox.type.AbstractComplexProperty.getProperty(String),1
org.apache.xmpbox.schema.DublinCoreSchema.addDate(Calendar),"org.apache.xmpbox.schema.XMPSchema.addUnqualifiedSequenceDateValue(String, Calendar)",1
org.apache.xmpbox.schema.DublinCoreSchema.addPublisher(String),"org.apache.xmpbox.schema.XMPSchema.addQualifiedBagValue(String, String)",1
org.apache.xmpbox.schema.PhotoshopSchema.getTextLayers(),org.apache.xmpbox.schema.XMPSchema.getUnqualifiedArrayList(String),1
org.apache.xmpbox.schema.PhotoshopSchema.setStateProperty(TextType),org.apache.xmpbox.type.AbstractComplexProperty.addProperty(AbstractField),1
org.apache.xmpbox.schema.PhotoshopSchema.setAncestorIDProperty(URIType),org.apache.xmpbox.type.AbstractComplexProperty.addProperty(AbstractField),1
org.apache.xmpbox.schema.XMPBasicSchema.setNicknameProperty(TextType),org.apache.xmpbox.type.AbstractComplexProperty.addProperty(AbstractField),1
org.apache.xmpbox.type.ResourceRefType.getAlternatePaths(),"org.apache.xmpbox.type.AbstractComplexProperty.getFirstEquivalentProperty(String, Class)",1
org.apache.xmpbox.schema.DublinCoreSchema.setFormatProperty(MIMEType),org.apache.xmpbox.type.AbstractComplexProperty.addProperty(AbstractField),1
org.apache.xmpbox.schema.PDFAIdentificationSchema.getConformance(),org.apache.xmpbox.type.AbstractField.getAllAttributes(),1
org.apache.xmpbox.schema.PDFAIdentificationSchema.getConformance(),org.apache.xmpbox.schema.PDFAIdentificationSchema.getConformanceProperty(),1
org.apache.xmpbox.schema.XMPBasicSchema.setModifyDateProperty(DateType),org.apache.xmpbox.type.AbstractComplexProperty.addProperty(AbstractField),1
org.apache.xmpbox.type.ComplexPropertyContainer.removePropertiesByName(String),org.apache.xmpbox.type.ComplexPropertyContainer.getPropertiesByLocalName(String),1
org.apache.xmpbox.type.ResourceRefType.setRenditionParams(String),"org.apache.xmpbox.type.AbstractStructuredType.addSimpleProperty(String, Object)",1
org.apache.xmpbox.type.VersionType.setVersion(String),"org.apache.xmpbox.type.AbstractStructuredType.addSimpleProperty(String, Object)",1
org.apache.xmpbox.schema.PhotoshopSchema.setHeadlineProperty(TextType),org.apache.xmpbox.type.AbstractComplexProperty.addProperty(AbstractField),1
org.apache.xmpbox.schema.PhotoshopSchema.setHeadline(String),"org.apache.xmpbox.schema.XMPSchema.instanciateSimple(String, Object)",1
org.apache.xmpbox.schema.PhotoshopSchema.setCredit(String),"org.apache.xmpbox.schema.XMPSchema.instanciateSimple(String, Object)",1
org.apache.xmpbox.schema.PhotoshopSchema.setInstructionsProperty(TextType),org.apache.xmpbox.type.AbstractComplexProperty.addProperty(AbstractField),1
org.apache.xmpbox.schema.XMPBasicSchema.getNicknameProperty(),org.apache.xmpbox.type.AbstractComplexProperty.getProperty(String),1
org.apache.xmpbox.schema.XMPMediaManagementSchema.setOriginalDocumentIDProperty(TextType),org.apache.xmpbox.type.AbstractComplexProperty.addProperty(AbstractField),1
org.apache.xmpbox.schema.XMPMediaManagementSchema.setSaveIDProperty(IntegerType),org.apache.xmpbox.type.AbstractComplexProperty.addProperty(AbstractField),1
org.apache.xmpbox.schema.XMPMediaManagementSchema.setManagerVariant(String),"org.apache.xmpbox.schema.XMPSchema.instanciateSimple(String, Object)",1
org.apache.xmpbox.schema.XMPMediaManagementSchema.setVersionIDProperty(TextType),org.apache.xmpbox.type.AbstractComplexProperty.addProperty(AbstractField),1
org.apache.xmpbox.schema.XMPMediaManagementSchema.addHistory(String),"org.apache.xmpbox.schema.XMPSchema.addUnqualifiedSequenceValue(String, String)",1
org.apache.xmpbox.type.ResourceRefType.setDocumentID(String),"org.apache.xmpbox.type.AbstractStructuredType.addSimpleProperty(String, Object)",1
org.apache.xmpbox.type.ThumbnailType.setFormat(String),"org.apache.xmpbox.type.AbstractStructuredType.addSimpleProperty(String, Object)",1
org.apache.xmpbox.schema.PhotoshopSchema.setICCProfileProperty(TextType),org.apache.xmpbox.type.AbstractComplexProperty.addProperty(AbstractField),1
org.apache.xmpbox.schema.PhotoshopSchema.setColorModeProperty(IntegerType),org.apache.xmpbox.type.AbstractComplexProperty.addProperty(AbstractField),1
org.apache.xmpbox.schema.PhotoshopSchema.setTransmissionReference(String),"org.apache.xmpbox.schema.XMPSchema.instanciateSimple(String, Object)",1
org.apache.xmpbox.type.JobType.getId(),org.apache.xmpbox.type.AbstractStructuredType.getPropertyValueAsString(String),2
org.apache.xmpbox.schema.DublinCoreSchema.removeRelation(String),"org.apache.xmpbox.schema.XMPSchema.removeUnqualifiedBagValue(String, String)",1
org.apache.xmpbox.schema.XMPBasicSchema.getCreateDateProperty(),org.apache.xmpbox.type.AbstractComplexProperty.getProperty(String),1
org.apache.xmpbox.schema.XMPMediaManagementSchema.setManageTo(String),"org.apache.xmpbox.schema.XMPSchema.instanciateSimple(String, Object)",1
org.apache.xmpbox.schema.XMPRightsManagementSchema.setUsageTerms(String),"org.apache.xmpbox.schema.XMPRightsManagementSchema.addUsageTerms(String, String)",1
"org.apache.xmpbox.schema.XMPRightsManagementSchema.addUsageTerms(String, String)","org.apache.xmpbox.schema.XMPSchema.setUnqualifiedLanguagePropertyValue(String, String, String)",2
org.apache.xmpbox.schema.XMPRightsManagementSchema.setWebStatement(String),"org.apache.xmpbox.schema.XMPSchema.instanciateSimple(String, Object)",1
"org.apache.xmpbox.schema.XMPRightsManagementSchema.<init>(XMPMetadata, String)","org.apache.xmpbox.schema.XMPSchema.<init>(XMPMetadata, String)",7
org.apache.xmpbox.schema.XMPRightsManagementSchema.setCertificateProperty(URLType),org.apache.xmpbox.type.AbstractComplexProperty.addProperty(AbstractField),1
org.apache.xmpbox.type.AbstractField.removeAttribute(String),org.apache.xmpbox.type.AbstractField.containsAttribute(String),2
org.apache.xmpbox.type.LayerType.setLayerName(String),"org.apache.xmpbox.type.AbstractStructuredType.createTextType(String, String)",1
org.apache.xmpbox.type.ResourceRefType.setPartMapping(String),"org.apache.xmpbox.type.AbstractStructuredType.addSimpleProperty(String, Object)",1
org.apache.xmpbox.schema.DublinCoreSchema.getFormat(),org.apache.xmpbox.type.AbstractComplexProperty.getProperty(String),1
org.apache.xmpbox.schema.DublinCoreSchema.setIdentifierProperty(TextType),org.apache.xmpbox.type.AbstractComplexProperty.addProperty(AbstractField),1
org.apache.xmpbox.schema.DublinCoreSchema.setFormat(String),"org.apache.xmpbox.type.AbstractStructuredType.createTextType(String, String)",1
org.apache.xmpbox.schema.DublinCoreSchema.removeSubject(String),"org.apache.xmpbox.schema.XMPSchema.removeUnqualifiedBagValue(String, String)",1
org.apache.xmpbox.schema.PhotoshopSchema.setUrgencyProperty(IntegerType),org.apache.xmpbox.type.AbstractComplexProperty.addProperty(AbstractField),1
org.apache.xmpbox.schema.PhotoshopSchema.getUrgencyProperty(),org.apache.xmpbox.type.AbstractComplexProperty.getProperty(String),1
org.apache.xmpbox.schema.PhotoshopSchema.setCategoryProperty(TextType),org.apache.xmpbox.type.AbstractComplexProperty.addProperty(AbstractField),1
org.apache.xmpbox.schema.PhotoshopSchema.setCountry(String),"org.apache.xmpbox.schema.XMPSchema.instanciateSimple(String, Object)",1
org.apache.xmpbox.schema.TiffSchema.getCopyRightProperty(),org.apache.xmpbox.type.AbstractComplexProperty.getProperty(String),1
org.apache.xmpbox.type.CFAPatternType.<init>(XMPMetadata),org.apache.xmpbox.type.AbstractStructuredType.<init>(XMPMetadata),2
org.apache.xmpbox.type.PDFATypeType.getDescription(),org.apache.xmpbox.type.AbstractComplexProperty.getProperty(String),2
org.apache.xmpbox.schema.PhotoshopSchema.getICCProfile(),org.apache.xmpbox.type.AbstractComplexProperty.getProperty(String),1
org.apache.xmpbox.schema.PhotoshopSchema.setHistoryProperty(TextType),org.apache.xmpbox.type.AbstractComplexProperty.addProperty(AbstractField),1
org.apache.xmpbox.schema.XMPMediaManagementSchema.setManageUI(String),"org.apache.xmpbox.schema.XMPSchema.instanciateSimple(String, Object)",1
org.apache.xmpbox.schema.XMPMediaManagementSchema.addVersions(String),"org.apache.xmpbox.schema.XMPSchema.addQualifiedBagValue(String, String)",1
org.apache.xmpbox.schema.XMPSchema.getIntegerPropertyValue(String),org.apache.xmpbox.schema.XMPSchema.getAbstractProperty(String),2
org.apache.xmpbox.type.OECFType.<init>(XMPMetadata),org.apache.xmpbox.type.AbstractStructuredType.<init>(XMPMetadata),1
org.apache.xmpbox.type.PDFAPropertyType.getCategory(),org.apache.xmpbox.type.AbstractComplexProperty.getProperty(String),2
org.apache.xmpbox.schema.DublinCoreSchema.setSourceProperty(TextType),org.apache.xmpbox.type.AbstractComplexProperty.addProperty(AbstractField),1
org.apache.xmpbox.schema.PhotoshopSchema.setSource(String),"org.apache.xmpbox.schema.XMPSchema.instanciateSimple(String, Object)",1
org.apache.xmpbox.schema.XMPMediaManagementSchema.setOriginalDocumentID(String),"org.apache.xmpbox.schema.XMPSchema.instanciateSimple(String, Object)",1
org.apache.xmpbox.schema.XMPMediaManagementSchema.setManagedFromProperty(ResourceRefType),org.apache.xmpbox.type.AbstractComplexProperty.addProperty(AbstractField),1
"org.apache.xmpbox.schema.XMPSchema.addBagValue(String, AbstractField)","org.apache.xmpbox.type.AbstractStructuredType.createArrayProperty(String, Cardinality)",1
"org.apache.xmpbox.schema.XMPSchema.addBagValue(String, AbstractField)",org.apache.xmpbox.schema.XMPSchema.getAbstractProperty(String),1
org.apache.xmpbox.type.FlashType.<init>(XMPMetadata),org.apache.xmpbox.type.AbstractStructuredType.<init>(XMPMetadata),2
org.apache.xmpbox.schema.AdobePDFSchema.getPDFVersionProperty(),org.apache.xmpbox.type.AbstractComplexProperty.getProperty(String),1
org.apache.xmpbox.schema.DublinCoreSchema.addRelation(String),"org.apache.xmpbox.schema.XMPSchema.addQualifiedBagValue(String, String)",1
org.apache.xmpbox.schema.XMPMediaManagementSchema.getManagerProperty(),org.apache.xmpbox.type.AbstractComplexProperty.getProperty(String),2
org.apache.xmpbox.schema.XMPSchema.getIntegerProperty(String),org.apache.xmpbox.schema.XMPSchema.getAbstractProperty(String),1
"org.apache.xmpbox.schema.ExifSchema.<init>(XMPMetadata, String)","org.apache.xmpbox.schema.XMPSchema.<init>(XMPMetadata, String)",2
org.apache.xmpbox.schema.ExifSchema.getUserComment(String),"org.apache.xmpbox.schema.XMPSchema.getUnqualifiedLanguagePropertyValue(String, String)",4
org.apache.xmpbox.schema.PhotoshopSchema.setCity(String),"org.apache.xmpbox.schema.XMPSchema.instanciateSimple(String, Object)",1
org.apache.xmpbox.schema.PhotoshopSchema.setCategory(String),"org.apache.xmpbox.schema.XMPSchema.instanciateSimple(String, Object)",1
org.apache.xmpbox.schema.PhotoshopSchema.getCountryProperty(),org.apache.xmpbox.type.AbstractComplexProperty.getProperty(String),1
org.apache.xmpbox.type.ComplexPropertyContainer.removeProperty(AbstractField),org.apache.xmpbox.type.ComplexPropertyContainer.containsProperty(AbstractField),3
org.apache.xmpbox.type.PDFAPropertyType.getDescription(),org.apache.xmpbox.type.AbstractComplexProperty.getProperty(String),2
org.apache.xmpbox.schema.DublinCoreSchema.getTitle(String),"org.apache.xmpbox.schema.XMPSchema.getUnqualifiedLanguagePropertyValue(String, String)",2
org.apache.xmpbox.schema.DublinCoreSchema.addCreator(String),"org.apache.xmpbox.schema.XMPSchema.addUnqualifiedSequenceValue(String, String)",1
org.apache.xmpbox.schema.DublinCoreSchema.getRelations(),org.apache.xmpbox.schema.XMPSchema.getUnqualifiedBagValueList(String),1
org.apache.xmpbox.schema.PhotoshopSchema.addDocumentAncestors(String),"org.apache.xmpbox.schema.XMPSchema.addQualifiedBagValue(String, String)",1
org.apache.xmpbox.schema.XMPBasicSchema.getRating(),org.apache.xmpbox.type.AbstractComplexProperty.getProperty(String),1
org.apache.xmpbox.schema.XMPBasicSchema.getLabel(),org.apache.xmpbox.type.AbstractComplexProperty.getProperty(String),1
org.apache.xmpbox.schema.XMPMediaManagementSchema.setRenditionParams(String),"org.apache.xmpbox.schema.XMPSchema.instanciateSimple(String, Object)",1
org.apache.xmpbox.schema.XMPRightsManagementSchema.getUsageTerms(),org.apache.xmpbox.schema.XMPRightsManagementSchema.getUsageTerms(String),1
org.apache.xmpbox.schema.XMPRightsManagementSchema.getUsageTerms(String),"org.apache.xmpbox.schema.XMPSchema.getUnqualifiedLanguagePropertyValue(String, String)",2
org.apache.xmpbox.schema.XMPRightsManagementSchema.addOwner(String),"org.apache.xmpbox.schema.XMPSchema.addQualifiedBagValue(String, String)",1
org.apache.xmpbox.schema.XMPSchema.getBooleanProperty(String),org.apache.xmpbox.schema.XMPSchema.getAbstractProperty(String),1
org.apache.xmpbox.type.PDFAFieldType.getName(),org.apache.xmpbox.type.AbstractComplexProperty.getProperty(String),2
org.apache.xmpbox.schema.DublinCoreSchema.addType(String),"org.apache.xmpbox.schema.XMPSchema.addQualifiedBagValue(String, String)",1
org.apache.xmpbox.schema.DublinCoreSchema.getLanguagesProperty(),org.apache.xmpbox.type.AbstractComplexProperty.getProperty(String),1
org.apache.xmpbox.schema.PhotoshopSchema.setAuthorsPositionProperty(TextType),org.apache.xmpbox.type.AbstractComplexProperty.addProperty(AbstractField),1
org.apache.xmpbox.schema.TiffSchema.getArtistProperty(),org.apache.xmpbox.type.AbstractComplexProperty.getProperty(String),1
org.apache.xmpbox.schema.XMPBasicSchema.getBaseURLProperty(),org.apache.xmpbox.type.AbstractComplexProperty.getProperty(String),1
org.apache.xmpbox.schema.XMPMediaManagementSchema.setManagerVariantProperty(TextType),org.apache.xmpbox.type.AbstractComplexProperty.addProperty(AbstractField),1
org.apache.xmpbox.schema.XMPSchema.setAboutAsSimple(String),org.apache.xmpbox.type.AbstractField.removeAttribute(String),1
org.apache.xmpbox.type.PDFASchemaType.getProperty(),org.apache.xmpbox.type.AbstractComplexProperty.getArrayProperty(String),2
org.apache.xmpbox.type.ResourceRefType.setManager(String),"org.apache.xmpbox.type.AbstractStructuredType.addSimpleProperty(String, Object)",1
"org.apache.xmpbox.schema.DublinCoreSchema.addRights(String, String)","org.apache.xmpbox.schema.XMPSchema.setUnqualifiedLanguagePropertyValue(String, String, String)",1
org.apache.xmpbox.schema.DublinCoreSchema.getSourceProperty(),org.apache.xmpbox.type.AbstractComplexProperty.getProperty(String),1
org.apache.xmpbox.schema.DublinCoreSchema.getIdentifierProperty(),org.apache.xmpbox.type.AbstractComplexProperty.getProperty(String),1
org.apache.xmpbox.schema.DublinCoreSchema.getPublishers(),org.apache.xmpbox.schema.XMPSchema.getUnqualifiedBagValueList(String),1
org.apache.xmpbox.schema.XMPSchema.getUnqualifiedSequenceValueList(String),org.apache.xmpbox.schema.XMPSchema.getAbstractProperty(String),3
"org.apache.xmpbox.schema.XMPSchema.setDatePropertyValueAsSimple(String, Calendar)","org.apache.xmpbox.schema.XMPSchema.setDatePropertyValue(String, Calendar)",1
"org.apache.xmpbox.schema.XMPSchema.setDatePropertyValue(String, Calendar)","org.apache.xmpbox.schema.XMPSchema.setSpecifiedSimpleTypeProperty(Types, String, Object)",2
org.apache.xmpbox.type.PDFASchemaType.getNamespaceURI(),org.apache.xmpbox.type.AbstractComplexProperty.getProperty(String),2
org.apache.xmpbox.type.ResourceRefType.setRenditionClass(String),"org.apache.xmpbox.type.AbstractStructuredType.addSimpleProperty(String, Object)",1
org.apache.xmpbox.type.ResourceRefType.setManageTo(String),"org.apache.xmpbox.type.AbstractStructuredType.addSimpleProperty(String, Object)",1
org.apache.xmpbox.schema.PhotoshopSchema.getAuthorsPosition(),org.apache.xmpbox.type.AbstractComplexProperty.getProperty(String),1
org.apache.xmpbox.schema.PhotoshopSchema.getCategoryProperty(),org.apache.xmpbox.type.AbstractComplexProperty.getProperty(String),1
org.apache.xmpbox.schema.PhotoshopSchema.setCityProperty(TextType),org.apache.xmpbox.type.AbstractComplexProperty.addProperty(AbstractField),1
org.apache.xmpbox.schema.PhotoshopSchema.setDateCreated(String),"org.apache.xmpbox.schema.XMPSchema.instanciateSimple(String, Object)",1
org.apache.xmpbox.schema.XMPRightsManagementSchema.setMarkedProperty(BooleanType),org.apache.xmpbox.type.AbstractComplexProperty.addProperty(AbstractField),1
org.apache.xmpbox.schema.XMPRightsManagementSchema.getUsageTermsLanguages(),org.apache.xmpbox.schema.XMPSchema.getUnqualifiedLanguagePropertyLanguagesValue(String),1
"org.apache.xmpbox.schema.XMPSchema.removeUnqualifiedSequenceValue(String, String)","org.apache.xmpbox.schema.XMPSchema.removeUnqualifiedArrayValue(String, String)",2
org.apache.xmpbox.type.VersionType.setModifyDate(Calendar),"org.apache.xmpbox.type.AbstractStructuredType.addSimpleProperty(String, Object)",1
org.apache.xmpbox.schema.DublinCoreSchema.getTypesProperty(),org.apache.xmpbox.type.AbstractComplexProperty.getProperty(String),1
org.apache.xmpbox.schema.PhotoshopSchema.setUrgency(Integer),"org.apache.xmpbox.schema.XMPSchema.instanciateSimple(String, Object)",1
org.apache.xmpbox.schema.XMPBasicSchema.getModifierDate(),org.apache.xmpbox.type.AbstractComplexProperty.getProperty(String),1
org.apache.xmpbox.schema.XMPMediaManagementSchema.setLastURLProperty(URLType),org.apache.xmpbox.type.AbstractComplexProperty.addProperty(AbstractField),1
org.apache.xmpbox.schema.XMPRightsManagementSchema.setWebStatementProperty(URLType),org.apache.xmpbox.type.AbstractComplexProperty.addProperty(AbstractField),1
org.apache.xmpbox.schema.XMPSchema.getAboutAttribute(),org.apache.xmpbox.type.AbstractField.getAttribute(String),1
org.apache.xmpbox.schema.DublinCoreSchema.getDescriptionLanguages(),org.apache.xmpbox.schema.XMPSchema.getUnqualifiedLanguagePropertyLanguagesValue(String),1
org.apache.xmpbox.schema.PhotoshopSchema.getDateCreated(),org.apache.xmpbox.type.AbstractComplexProperty.getProperty(String),1
org.apache.xmpbox.schema.PhotoshopSchema.setCountryProperty(TextType),org.apache.xmpbox.type.AbstractComplexProperty.addProperty(AbstractField),1
org.apache.xmpbox.schema.XMPMediaManagementSchema.setInstanceIDProperty(URIType),org.apache.xmpbox.type.AbstractComplexProperty.addProperty(AbstractField),1
org.apache.xmpbox.type.LayerType.setLayerText(String),"org.apache.xmpbox.type.AbstractStructuredType.createTextType(String, String)",1
org.apache.xmpbox.type.PDFAFieldType.getDescription(),org.apache.xmpbox.type.AbstractComplexProperty.getProperty(String),2
org.apache.xmpbox.type.ResourceRefType.setMaskMarkers(String),"org.apache.xmpbox.type.AbstractStructuredType.addSimpleProperty(String, Object)",1
org.apache.xmpbox.schema.XMPBasicSchema.getMetadataDate(),org.apache.xmpbox.type.AbstractComplexProperty.getProperty(String),1
org.apache.xmpbox.type.ThumbnailType.setHeight(Integer),"org.apache.xmpbox.type.AbstractStructuredType.addSimpleProperty(String, Object)",1
org.apache.xmpbox.schema.PhotoshopSchema.getCity(),org.apache.xmpbox.type.AbstractComplexProperty.getProperty(String),1
org.apache.xmpbox.schema.XMPMediaManagementSchema.setManageToProperty(URIType),org.apache.xmpbox.type.AbstractComplexProperty.addProperty(AbstractField),1
org.apache.xmpbox.schema.XMPSchema.getDateProperty(String),org.apache.xmpbox.schema.XMPSchema.getAbstractProperty(String),1
org.apache.xmpbox.schema.DublinCoreSchema.setCoverageProperty(TextType),org.apache.xmpbox.type.AbstractComplexProperty.addProperty(AbstractField),1
org.apache.xmpbox.schema.DublinCoreSchema.getLanguages(),org.apache.xmpbox.schema.XMPSchema.getUnqualifiedBagValueList(String),1
org.apache.xmpbox.schema.DublinCoreSchema.getTitleProperty(),org.apache.xmpbox.type.AbstractComplexProperty.getProperty(String),1
org.apache.xmpbox.schema.PhotoshopSchema.getHistory(),org.apache.xmpbox.type.AbstractComplexProperty.getProperty(String),1
org.apache.xmpbox.schema.PhotoshopSchema.getAncestorIDProperty(),org.apache.xmpbox.type.AbstractComplexProperty.getProperty(String),1
org.apache.xmpbox.schema.XMPageTextSchema.<init>(XMPMetadata),org.apache.xmpbox.schema.XMPSchema.<init>(XMPMetadata),1
org.apache.xmpbox.schema.XMPBasicSchema.getModifyDate(),org.apache.xmpbox.type.AbstractComplexProperty.getProperty(String),1
org.apache.xmpbox.schema.XMPMediaManagementSchema.setVersionID(String),"org.apache.xmpbox.schema.XMPSchema.instanciateSimple(String, Object)",1
org.apache.xmpbox.schema.XMPRightsManagementSchema.getMarkedProperty(),org.apache.xmpbox.type.AbstractComplexProperty.getProperty(String),1
org.apache.xmpbox.type.ResourceRefType.setLastModifyDate(Calendar),"org.apache.xmpbox.type.AbstractStructuredType.addSimpleProperty(String, Object)",1
org.apache.xmpbox.type.ResourceRefType.setManagerVariant(String),"org.apache.xmpbox.type.AbstractStructuredType.addSimpleProperty(String, Object)",1
org.apache.xmpbox.type.VersionType.setComments(String),"org.apache.xmpbox.type.AbstractStructuredType.addSimpleProperty(String, Object)",1
org.apache.xmpbox.schema.DublinCoreSchema.getDescription(String),"org.apache.xmpbox.schema.XMPSchema.getUnqualifiedLanguagePropertyValue(String, String)",2
org.apache.xmpbox.schema.ExifSchema.getUserComment(),org.apache.xmpbox.schema.ExifSchema.getUserComment(String),2
org.apache.xmpbox.schema.PhotoshopSchema.setCaptionWriter(String),"org.apache.xmpbox.schema.XMPSchema.instanciateSimple(String, Object)",1
org.apache.xmpbox.schema.XMPBasicSchema.getAdvisory(),org.apache.xmpbox.schema.XMPSchema.getUnqualifiedBagValueList(String),1
org.apache.xmpbox.schema.XMPMediaManagementSchema.getResourceRefProperty(),org.apache.xmpbox.type.AbstractComplexProperty.getProperty(String),1
org.apache.xmpbox.schema.DublinCoreSchema.getPublishersProperty(),org.apache.xmpbox.type.AbstractComplexProperty.getProperty(String),1
org.apache.xmpbox.schema.PhotoshopSchema.getInstructionsProperty(),org.apache.xmpbox.type.AbstractComplexProperty.getProperty(String),1
org.apache.xmpbox.schema.PhotoshopSchema.setSupplementalCategories(String),"org.apache.xmpbox.schema.XMPSchema.instanciateSimple(String, Object)",1
org.apache.xmpbox.schema.XMPBasicSchema.getNickname(),org.apache.xmpbox.type.AbstractComplexProperty.getProperty(String),1
org.apache.xmpbox.schema.XMPBasicSchema.getIdentifiers(),org.apache.xmpbox.schema.XMPSchema.getUnqualifiedBagValueList(String),1
org.apache.xmpbox.schema.XMPMediaManagementSchema.getManagerVariant(),org.apache.xmpbox.schema.XMPMediaManagementSchema.getManagerVariantProperty(),1
org.apache.xmpbox.schema.XMPMediaManagementSchema.getManagerVariantProperty(),org.apache.xmpbox.type.AbstractComplexProperty.getProperty(String),2
org.apache.xmpbox.schema.XMPMediaManagementSchema.getHistoryProperty(),org.apache.xmpbox.type.AbstractComplexProperty.getProperty(String),1
org.apache.xmpbox.schema.XMPMediaManagementSchema.setRenditionParamsProperty(TextType),org.apache.xmpbox.type.AbstractComplexProperty.addProperty(AbstractField),1
org.apache.xmpbox.type.PDFAPropertyType.getName(),org.apache.xmpbox.type.AbstractComplexProperty.getProperty(String),2
org.apache.xmpbox.type.ResourceRefType.getToPart(),"org.apache.xmpbox.type.AbstractComplexProperty.getFirstEquivalentProperty(String, Class)",1
org.apache.xmpbox.schema.PhotoshopSchema.getCaptionWriter(),org.apache.xmpbox.type.AbstractComplexProperty.getProperty(String),1
org.apache.xmpbox.schema.XMPBasicSchema.getCreatorTool(),org.apache.xmpbox.type.AbstractComplexProperty.getProperty(String),1
org.apache.xmpbox.schema.XMPSchema.getBooleanPropertyValueAsSimple(String),org.apache.xmpbox.schema.XMPSchema.getBooleanPropertyValue(String),1
org.apache.xmpbox.schema.XMPSchema.getBooleanPropertyValue(String),org.apache.xmpbox.schema.XMPSchema.getAbstractProperty(String),2
org.apache.xmpbox.type.AbstractComplexProperty.removeProperty(AbstractField),org.apache.xmpbox.type.ComplexPropertyContainer.removeProperty(AbstractField),1
org.apache.xmpbox.type.ResourceRefType.getFilePath(),"org.apache.xmpbox.type.AbstractComplexProperty.getFirstEquivalentProperty(String, Class)",1
org.apache.xmpbox.type.ResourceRefType.setVersionID(String),"org.apache.xmpbox.type.AbstractStructuredType.addSimpleProperty(String, Object)",1
org.apache.xmpbox.type.ThumbnailType.setImage(String),"org.apache.xmpbox.type.AbstractStructuredType.addSimpleProperty(String, Object)",1
org.apache.xmpbox.schema.PhotoshopSchema.getSupplementalCategories(),org.apache.xmpbox.type.AbstractComplexProperty.getProperty(String),1
org.apache.xmpbox.schema.XMPMediaManagementSchema.setLastURL(String),"org.apache.xmpbox.schema.XMPSchema.instanciateSimple(String, Object)",1
org.apache.xmpbox.schema.XMPMediaManagementSchema.setInstanceID(String),"org.apache.xmpbox.schema.XMPSchema.instanciateSimple(String, Object)",1
org.apache.xmpbox.schema.XMPMediaManagementSchema.setDocumentIDProperty(URIType),org.apache.xmpbox.type.AbstractComplexProperty.addProperty(AbstractField),1
org.apache.xmpbox.schema.DublinCoreSchema.getTitle(),org.apache.xmpbox.schema.DublinCoreSchema.getTitle(String),1
org.apache.xmpbox.schema.TiffSchema.getImageDescriptionLanguages(),org.apache.xmpbox.schema.XMPSchema.getUnqualifiedLanguagePropertyLanguagesValue(String),1
"org.apache.xmpbox.schema.XMPSchema.removeUnqualifiedSequenceDateValue(String, Calendar)",org.apache.xmpbox.schema.XMPSchema.getAbstractProperty(String),2
org.apache.xmpbox.type.ResourceRefType.setToPart(String),"org.apache.xmpbox.type.AbstractStructuredType.addSimpleProperty(String, Object)",1
org.apache.xmpbox.type.ResourceRefType.setFilePath(String),"org.apache.xmpbox.type.AbstractStructuredType.addSimpleProperty(String, Object)",1
org.apache.xmpbox.schema.XMPMediaManagementSchema.getVersionIDProperty(),org.apache.xmpbox.type.AbstractComplexProperty.getProperty(String),2
org.apache.xmpbox.schema.XMPMediaManagementSchema.setRenditionClass(String),"org.apache.xmpbox.schema.XMPSchema.instanciateSimple(String, Object)",1
org.apache.xmpbox.schema.XMPSchema.getUnqualifiedSequenceDateValueList(String),org.apache.xmpbox.schema.XMPSchema.getAbstractProperty(String),2
org.apache.xmpbox.type.ResourceRefType.getMaskMarkers(),"org.apache.xmpbox.type.AbstractComplexProperty.getFirstEquivalentProperty(String, Class)",1
org.apache.xmpbox.type.ResourceRefType.getManageUI(),"org.apache.xmpbox.type.AbstractComplexProperty.getFirstEquivalentProperty(String, Class)",1
org.apache.xmpbox.type.ResourceRefType.getInstanceID(),"org.apache.xmpbox.type.AbstractComplexProperty.getFirstEquivalentProperty(String, Class)",1
org.apache.xmpbox.schema.DublinCoreSchema.getDescriptionProperty(),org.apache.xmpbox.type.AbstractComplexProperty.getProperty(String),1
org.apache.xmpbox.schema.DublinCoreSchema.getRelationsProperty(),org.apache.xmpbox.type.AbstractComplexProperty.getProperty(String),1
org.apache.xmpbox.schema.DublinCoreSchema.removePublisher(String),"org.apache.xmpbox.schema.XMPSchema.removeUnqualifiedBagValue(String, String)",1
org.apache.xmpbox.schema.XMPBasicSchema.getCreateDate(),org.apache.xmpbox.type.AbstractComplexProperty.getProperty(String),1
org.apache.xmpbox.schema.XMPRightsManagementSchema.getCertificate(),org.apache.xmpbox.type.AbstractComplexProperty.getProperty(String),1
"org.apache.xmpbox.schema.XMPSchema.setBooleanPropertyValueAsSimple(String, Boolean)","org.apache.xmpbox.schema.XMPSchema.setBooleanPropertyValue(String, Boolean)",1
"org.apache.xmpbox.schema.XMPSchema.setBooleanPropertyValue(String, Boolean)","org.apache.xmpbox.schema.XMPSchema.setSpecifiedSimpleTypeProperty(Types, String, Object)",2
org.apache.xmpbox.schema.DublinCoreSchema.removeContributor(String),"org.apache.xmpbox.schema.XMPSchema.removeUnqualifiedBagValue(String, String)",1
org.apache.xmpbox.schema.DublinCoreSchema.getRights(),org.apache.xmpbox.schema.DublinCoreSchema.getRights(String),1
org.apache.xmpbox.schema.PhotoshopSchema.getUrgency(),org.apache.xmpbox.type.AbstractComplexProperty.getProperty(String),1
org.apache.xmpbox.schema.XMPMediaManagementSchema.getVersions(),org.apache.xmpbox.schema.XMPSchema.getUnqualifiedBagValueList(String),1
org.apache.xmpbox.schema.XMPMediaManagementSchema.setDocumentID(String),"org.apache.xmpbox.schema.XMPSchema.instanciateSimple(String, Object)",1
org.apache.xmpbox.schema.DublinCoreSchema.getFormatProperty(),org.apache.xmpbox.type.AbstractComplexProperty.getProperty(String),1
org.apache.xmpbox.schema.DublinCoreSchema.getDates(),org.apache.xmpbox.schema.XMPSchema.getUnqualifiedSequenceDateValueList(String),1
org.apache.xmpbox.schema.XMPMediaManagementSchema.getRenditionClass(),org.apache.xmpbox.schema.XMPMediaManagementSchema.getRenditionClassProperty(),1
org.apache.xmpbox.schema.XMPSchema.getIntegerPropertyValueAsSimple(String),org.apache.xmpbox.schema.XMPSchema.getIntegerPropertyValue(String),1
org.apache.xmpbox.schema.DublinCoreSchema.removeDate(Calendar),"org.apache.xmpbox.schema.XMPSchema.removeUnqualifiedSequenceDateValue(String, Calendar)",1
org.apache.xmpbox.schema.PhotoshopSchema.getDocumentAncestorsProperty(),org.apache.xmpbox.type.AbstractComplexProperty.getProperty(String),1
org.apache.xmpbox.schema.PhotoshopSchema.getSourceProperty(),org.apache.xmpbox.type.AbstractComplexProperty.getProperty(String),1
org.apache.xmpbox.schema.XMPMediaManagementSchema.getManagedFromProperty(),org.apache.xmpbox.type.AbstractComplexProperty.getProperty(String),1
org.apache.xmpbox.schema.XMPRightsManagementSchema.getOwnersProperty(),org.apache.xmpbox.type.AbstractComplexProperty.getProperty(String),1
org.apache.xmpbox.type.ResourceRefType.getVersionID(),"org.apache.xmpbox.type.AbstractComplexProperty.getFirstEquivalentProperty(String, Class)",1
org.apache.xmpbox.schema.DublinCoreSchema.removeCreator(String),"org.apache.xmpbox.schema.XMPSchema.removeUnqualifiedSequenceValue(String, String)",1
org.apache.xmpbox.schema.PDFAIdentificationSchema.getPart(),org.apache.xmpbox.schema.PDFAIdentificationSchema.getPartProperty(),1
org.apache.xmpbox.schema.PDFAIdentificationSchema.getPartProperty(),org.apache.xmpbox.type.AbstractComplexProperty.getProperty(String),2
org.apache.xmpbox.schema.PhotoshopSchema.getAncestorID(),org.apache.xmpbox.type.AbstractComplexProperty.getProperty(String),1
org.apache.xmpbox.schema.XMPMediaManagementSchema.getManageUIProperty(),org.apache.xmpbox.type.AbstractComplexProperty.getProperty(String),2
org.apache.xmpbox.schema.XMPRightsManagementSchema.removeOwner(String),"org.apache.xmpbox.schema.XMPSchema.removeUnqualifiedBagValue(String, String)",1
org.apache.xmpbox.type.DefinedStructuredType.<init>(XMPMetadata),org.apache.xmpbox.type.AbstractStructuredType.<init>(XMPMetadata),1
org.apache.xmpbox.type.ResourceRefType.getManager(),"org.apache.xmpbox.type.AbstractComplexProperty.getFirstEquivalentProperty(String, Class)",1
org.apache.xmpbox.schema.DublinCoreSchema.getCoverage(),org.apache.xmpbox.type.AbstractComplexProperty.getProperty(String),1
org.apache.xmpbox.schema.PhotoshopSchema.getInstructions(),org.apache.xmpbox.type.AbstractComplexProperty.getProperty(String),1
org.apache.xmpbox.schema.PhotoshopSchema.getCityProperty(),org.apache.xmpbox.type.AbstractComplexProperty.getProperty(String),1
org.apache.xmpbox.type.ResourceRefType.getPartMapping(),"org.apache.xmpbox.type.AbstractComplexProperty.getFirstEquivalentProperty(String, Class)",1
org.apache.xmpbox.type.ResourceRefType.getManageTo(),"org.apache.xmpbox.type.AbstractComplexProperty.getFirstEquivalentProperty(String, Class)",1
org.apache.xmpbox.schema.PDFAIdentificationSchema.getAmendment(),org.apache.xmpbox.type.AbstractComplexProperty.getProperty(String),1
org.apache.xmpbox.schema.PhotoshopSchema.setState(String),"org.apache.xmpbox.schema.XMPSchema.instanciateSimple(String, Object)",1
org.apache.xmpbox.schema.PhotoshopSchema.getCreditProperty(),org.apache.xmpbox.type.AbstractComplexProperty.getProperty(String),1
org.apache.xmpbox.schema.XMPBasicSchema.getBaseURL(),org.apache.xmpbox.type.AbstractComplexProperty.getProperty(String),1
org.apache.xmpbox.schema.XMPMediaManagementSchema.getManageToProperty(),org.apache.xmpbox.type.AbstractComplexProperty.getProperty(String),2
org.apache.xmpbox.schema.XMPMediaManagementSchema.getHistory(),org.apache.xmpbox.schema.XMPSchema.getUnqualifiedSequenceValueList(String),1
org.apache.xmpbox.schema.XMPMediaManagementSchema.getManageUI(),org.apache.xmpbox.schema.XMPMediaManagementSchema.getManageUIProperty(),1
org.apache.xmpbox.schema.XMPMediaManagementSchema.getRenditionParams(),org.apache.xmpbox.schema.XMPMediaManagementSchema.getRenditionParamsProperty(),1
org.apache.xmpbox.schema.XMPMediaManagementSchema.getRenditionParamsProperty(),org.apache.xmpbox.type.AbstractComplexProperty.getProperty(String),2
org.apache.xmpbox.schema.DublinCoreSchema.removeType(String),"org.apache.xmpbox.schema.XMPSchema.removeUnqualifiedBagValue(String, String)",1
org.apache.xmpbox.schema.DublinCoreSchema.getCoverageProperty(),org.apache.xmpbox.type.AbstractComplexProperty.getProperty(String),1
org.apache.xmpbox.schema.PhotoshopSchema.getState(),org.apache.xmpbox.type.AbstractComplexProperty.getProperty(String),1
org.apache.xmpbox.schema.PhotoshopSchema.getAuthorsPositionProperty(),org.apache.xmpbox.type.AbstractComplexProperty.getProperty(String),1
org.apache.xmpbox.schema.PhotoshopSchema.getStateProperty(),org.apache.xmpbox.type.AbstractComplexProperty.getProperty(String),1
org.apache.xmpbox.schema.XMPMediaManagementSchema.getIngredientsProperty(),org.apache.xmpbox.type.AbstractComplexProperty.getProperty(String),1
org.apache.xmpbox.schema.DublinCoreSchema.getTitleLanguages(),org.apache.xmpbox.schema.XMPSchema.getUnqualifiedLanguagePropertyLanguagesValue(String),1
org.apache.xmpbox.schema.PhotoshopSchema.getSupplementalCategoriesProperty(),org.apache.xmpbox.type.AbstractComplexProperty.getProperty(String),1
org.apache.xmpbox.schema.DublinCoreSchema.getRightsLanguages(),org.apache.xmpbox.schema.XMPSchema.getUnqualifiedLanguagePropertyLanguagesValue(String),1
org.apache.xmpbox.schema.DublinCoreSchema.getContributorsProperty(),org.apache.xmpbox.type.AbstractComplexProperty.getProperty(String),1
org.apache.xmpbox.schema.DublinCoreSchema.getTypes(),org.apache.xmpbox.schema.XMPSchema.getUnqualifiedBagValueList(String),1
org.apache.xmpbox.schema.DublinCoreSchema.getDatesProperty(),org.apache.xmpbox.type.AbstractComplexProperty.getProperty(String),1
org.apache.xmpbox.schema.PhotoshopSchema.getHeadlineProperty(),org.apache.xmpbox.type.AbstractComplexProperty.getProperty(String),1
org.apache.xmpbox.schema.XMPMediaManagementSchema.getInstanceID(),org.apache.xmpbox.schema.XMPMediaManagementSchema.getInstanceIDProperty(),1
org.apache.xmpbox.schema.XMPMediaManagementSchema.getInstanceIDProperty(),org.apache.xmpbox.type.AbstractComplexProperty.getProperty(String),2
org.apache.xmpbox.schema.XMPMediaManagementSchema.getVersionsProperty(),org.apache.xmpbox.type.AbstractComplexProperty.getProperty(String),1
org.apache.xmpbox.type.ResourceRefType.getFromPart(),"org.apache.xmpbox.type.AbstractComplexProperty.getFirstEquivalentProperty(String, Class)",1
org.apache.xmpbox.schema.PhotoshopSchema.getCredit(),org.apache.xmpbox.type.AbstractComplexProperty.getProperty(String),1
org.apache.xmpbox.schema.PhotoshopSchema.getCaptionWriterProperty(),org.apache.xmpbox.type.AbstractComplexProperty.getProperty(String),1
org.apache.xmpbox.schema.PhotoshopSchema.getICCProfileProperty(),org.apache.xmpbox.type.AbstractComplexProperty.getProperty(String),1
org.apache.xmpbox.schema.PhotoshopSchema.getDateCreatedProperty(),org.apache.xmpbox.type.AbstractComplexProperty.getProperty(String),1
org.apache.xmpbox.schema.XMPMediaManagementSchema.getVersionID(),org.apache.xmpbox.schema.XMPMediaManagementSchema.getVersionIDProperty(),1
org.apache.xmpbox.schema.XMPMediaManagementSchema.getOriginalDocumentIDProperty(),org.apache.xmpbox.type.AbstractComplexProperty.getProperty(String),2
org.apache.xmpbox.schema.DublinCoreSchema.getDescription(),org.apache.xmpbox.schema.DublinCoreSchema.getDescription(String),1
org.apache.xmpbox.schema.DublinCoreSchema.getSubjectsProperty(),org.apache.xmpbox.type.AbstractComplexProperty.getProperty(String),1
org.apache.xmpbox.schema.XMPMediaManagementSchema.getOriginalDocumentID(),org.apache.xmpbox.schema.XMPMediaManagementSchema.getOriginalDocumentIDProperty(),1
org.apache.xmpbox.type.ResourceRefType.getRenditionParams(),"org.apache.xmpbox.type.AbstractComplexProperty.getFirstEquivalentProperty(String, Class)",1
"org.apache.xmpbox.schema.PDFAExtensionSchema.<init>(XMPMetadata, String)","org.apache.xmpbox.schema.XMPSchema.<init>(XMPMetadata, String)",1
org.apache.xmpbox.schema.PhotoshopSchema.getCountry(),org.apache.xmpbox.type.AbstractComplexProperty.getProperty(String),1
org.apache.xmpbox.schema.XMPMediaManagementSchema.getManageTo(),org.apache.xmpbox.schema.XMPMediaManagementSchema.getManageToProperty(),1
org.apache.xmpbox.schema.XMPMediaManagementSchema.getIngredients(),org.apache.xmpbox.schema.XMPSchema.getUnqualifiedBagValueList(String),1
org.apache.xmpbox.schema.DublinCoreSchema.getCreators(),org.apache.xmpbox.schema.XMPSchema.getUnqualifiedSequenceValueList(String),1
org.apache.xmpbox.schema.PhotoshopSchema.getCategory(),org.apache.xmpbox.type.AbstractComplexProperty.getProperty(String),1
org.apache.xmpbox.schema.XMPMediaManagementSchema.getDocumentIDProperty(),org.apache.xmpbox.type.AbstractComplexProperty.getProperty(String),2
org.apache.xmpbox.schema.XMPMediaManagementSchema.getLastURL(),org.apache.xmpbox.schema.XMPMediaManagementSchema.getLastURLProperty(),1
org.apache.xmpbox.schema.XMPMediaManagementSchema.getLastURLProperty(),org.apache.xmpbox.type.AbstractComplexProperty.getProperty(String),2
org.apache.xmpbox.type.ResourceRefType.getManagerVariant(),"org.apache.xmpbox.type.AbstractComplexProperty.getFirstEquivalentProperty(String, Class)",1
org.apache.xmpbox.schema.XMPRightsManagementSchema.getUsageTermsProperty(),org.apache.xmpbox.type.AbstractComplexProperty.getProperty(String),1
org.apache.xmpbox.type.ResourceRefType.getDocumentID(),"org.apache.xmpbox.type.AbstractComplexProperty.getFirstEquivalentProperty(String, Class)",1
org.apache.xmpbox.schema.DublinCoreSchema.getCreatorsProperty(),org.apache.xmpbox.type.AbstractComplexProperty.getProperty(String),1
org.apache.xmpbox.schema.PhotoshopSchema.getHistoryProperty(),org.apache.xmpbox.type.AbstractComplexProperty.getProperty(String),1
org.apache.xmpbox.schema.XMPMediaManagementSchema.getManager(),org.apache.xmpbox.schema.XMPMediaManagementSchema.getManagerProperty(),1
org.apache.xmpbox.schema.XMPRightsManagementSchema.getWebStatement(),org.apache.xmpbox.type.AbstractComplexProperty.getProperty(String),1
org.apache.xmpbox.schema.XMPRightsManagementSchema.getCertificateProperty(),org.apache.xmpbox.type.AbstractComplexProperty.getProperty(String),1
org.apache.xmpbox.schema.XMPMediaManagementSchema.getDocumentID(),org.apache.xmpbox.schema.XMPMediaManagementSchema.getDocumentIDProperty(),1
org.apache.xmpbox.schema.XMPMediaManagementSchema.getSaveID(),org.apache.xmpbox.schema.XMPMediaManagementSchema.getSaveIDProperty(),1
org.apache.xmpbox.schema.XMPRightsManagementSchema.getWebStatementProperty(),org.apache.xmpbox.type.AbstractComplexProperty.getProperty(String),1
org.apache.xmpbox.schema.XMPRightsManagementSchema.getMarked(),org.apache.xmpbox.type.AbstractComplexProperty.getProperty(String),1
