method,LOC,Cyclomatic,FanIn,FanOut
org.apache.avro.generic.TestDeepCopy.testDeepCopy(),53,4,9,37
org.apache.avro.specific.SpecificData.SpecificData(),1,1,0,1
org.apache.avro.specific.SpecificData.SpecificData(ClassLoader),3,1,8,2
org.apache.avro.specific.SpecificData.createDatumReader(Schema),3,1,4,2
"org.apache.avro.specific.SpecificData.createDatumReader(Schema, Schema)",3,1,2,2
org.apache.avro.specific.SpecificData.createDatumWriter(Schema),3,1,2,2
org.apache.avro.specific.SpecificData.get(),1,1,33,1
org.apache.avro.specific.SpecificData.isEnum(Object),3,1,1,2
"org.apache.avro.specific.SpecificData.createEnum(String, Schema)",7,3,3,5
org.apache.avro.specific.SpecificData.getEnumSchema(Object),5,2,1,4
org.apache.avro.specific.SpecificData.getClass(Schema),38,22,34,17
org.apache.avro.specific.SpecificData.getWrapper(Schema),10,6,7,3
org.apache.avro.specific.SpecificData.getClassName(Schema),8,3,9,5
org.apache.avro.specific.SpecificData.getSchema(java.lang.reflect.Type),8,2,67,5
"org.apache.avro.specific.SpecificData.createSchema(java.lang.reflect.Type, Map<String, Schema>)",58,19,20,24
org.apache.avro.specific.SpecificData.getSchemaName(Object),8,3,2,5
org.apache.avro.specific.SpecificData.isStringable(Class<?>),3,1,5,2
org.apache.avro.specific.SpecificData.getProtocol(Class),13,4,5,12
"org.apache.avro.specific.SpecificData.compare(Object, Object, Schema, boolean)",9,3,7,4
"org.apache.avro.specific.SpecificData.newInstance(Class, Schema)",16,5,9,8
"org.apache.avro.specific.SpecificData.createFixed(Object, Schema)",5,3,3,5
"org.apache.avro.specific.SpecificData.newRecord(Object, Schema)",5,3,3,5
org.apache.avro.specific.SpecificData.getDecoder(ObjectInput),4,1,6,4
org.apache.avro.specific.SpecificData.getEncoder(ObjectOutput),4,1,6,4
org.apache.avro.Schema.Schema(Type),4,1,14,3
org.apache.avro.Schema.create(Type),13,9,170,10
"org.apache.avro.Schema.addProp(String, JsonNode)",4,1,4,2
"org.apache.avro.Schema.addProp(String, Object)",4,1,3,2
org.apache.avro.Schema.getLogicalType(),3,1,20,1
org.apache.avro.Schema.setLogicalType(LogicalType),3,1,2,1
org.apache.avro.Schema.createRecord(List<Field>),5,1,13,3
"org.apache.avro.Schema.createRecord(String, String, String, boolean)",4,1,43,3
"org.apache.avro.Schema.createRecord(String, String, String, boolean, List<Field>)",4,1,8,3
"org.apache.avro.Schema.createEnum(String, String, String, List<String>)",5,1,18,4
org.apache.avro.Schema.createArray(Schema),3,1,23,2
org.apache.avro.Schema.createMap(Schema),3,1,12,2
org.apache.avro.Schema.createUnion(List<Schema>),3,1,42,3
org.apache.avro.Schema.createUnion(Schema...),3,1,4,3
"org.apache.avro.Schema.createFixed(String, String, String, int)",4,1,30,3
org.apache.avro.Schema.getType(),1,1,93,1
org.apache.avro.Schema.getField(String),3,1,58,2
org.apache.avro.Schema.getFields(),3,1,49,2
org.apache.avro.Schema.setFields(List<Field>),3,1,34,1
org.apache.avro.Schema.getEnumSymbols(),3,1,12,2
org.apache.avro.Schema.getEnumOrdinal(String),3,1,6,2
org.apache.avro.Schema.hasEnumSymbol(String),3,1,0,2
org.apache.avro.Schema.getName(),1,1,15,1
org.apache.avro.Schema.getDoc(),3,1,4,1
org.apache.avro.Schema.getNamespace(),3,1,9,2
org.apache.avro.Schema.getFullName(),3,1,30,2
org.apache.avro.Schema.addAlias(String),3,1,3,1
"org.apache.avro.Schema.addAlias(String, String)",3,1,2,1
org.apache.avro.Schema.getAliases(),3,1,4,2
org.apache.avro.Schema.isError(),3,1,6,2
org.apache.avro.Schema.getElementType(),3,1,41,2
org.apache.avro.Schema.getValueType(),3,1,25,2
org.apache.avro.Schema.getTypes(),3,1,45,2
org.apache.avro.Schema.getIndexNamed(String),3,1,2,2
org.apache.avro.Schema.getFixedSize(),3,1,22,2
org.apache.avro.Schema.toString(),1,1,53,2
org.apache.avro.Schema.toString(boolean),12,3,17,9
"org.apache.avro.Schema.toJson(Names, JsonGenerator)",10,2,9,7
"org.apache.avro.Schema.fieldsToJson(Names, JsonGenerator)",3,1,1,1
org.apache.avro.Schema.equals(Object),7,4,26,3
org.apache.avro.Schema.hashCode(),5,2,9,3
org.apache.avro.Schema.computeHash(),1,1,7,4
org.apache.avro.Schema.equalCachedHash(Schema),5,1,10,1
org.apache.avro.Schema.parse(File),3,1,12,2
org.apache.avro.Schema.parse(InputStream),3,1,2,2
org.apache.avro.Schema.parse(String),3,1,107,2
"org.apache.avro.Schema.parse(String, boolean)",3,1,4,3
org.apache.avro.Schema.validateName(String),15,6,5,7
"org.apache.avro.Schema.validateDefault(String, Schema, JsonNode)",10,2,5,4
"org.apache.avro.Schema.isValidDefault(Schema, JsonNode)",48,26,17,18
"org.apache.avro.Schema.parse(JsonNode, Names)",121,36,12,48
org.apache.avro.Schema.parseAliases(JsonNode),14,5,3,8
"org.apache.avro.Schema.getRequiredText(JsonNode, String, String)",8,2,4,3
"org.apache.avro.Schema.getOptionalText(JsonNode, String)",4,2,4,3
org.apache.avro.Schema.parseJson(String),9,3,6,5
"org.apache.avro.Schema.applyAliases(Schema, Schema)",12,3,5,7
"org.apache.avro.Schema.applyAliases(Schema, Map<Schema, Schema>, Map<Name, Name>, Map<Name, Map>)",53,17,19,25
"org.apache.avro.Schema.getAliases(Schema, Map<Schema, Schema>, Map<Name, Name>, Map<Name, Map>)",42,16,14,9
"org.apache.avro.Schema.getFieldAlias(Name, String, Map<Name, Map>)",10,3,4,2
"org.apache.avro.generic.GenericData.setStringType(Schema, StringType)",4,2,8,1
org.apache.avro.generic.GenericData.get(),1,1,40,1
org.apache.avro.generic.GenericData.GenericData(),3,1,1,2
org.apache.avro.generic.GenericData.GenericData(ClassLoader),5,2,3,4
org.apache.avro.generic.GenericData.getClassLoader(),1,1,10,1
org.apache.avro.generic.GenericData.addLogicalTypeConversion(Conversion<?>),12,2,7,6
org.apache.avro.generic.GenericData.getConversionByClass(Class<T>),7,2,3,5
"org.apache.avro.generic.GenericData.getConversionByClass(Class<T>, LogicalType)",8,2,5,3
org.apache.avro.generic.GenericData.getConversionFor(LogicalType),6,2,13,3
org.apache.avro.generic.GenericData.createDatumReader(Schema),3,1,16,2
"org.apache.avro.generic.GenericData.createDatumReader(Schema, Schema)",3,1,3,2
org.apache.avro.generic.GenericData.createDatumWriter(Schema),3,1,10,2
"org.apache.avro.generic.GenericData.validate(Schema, Object)",47,26,22,32
org.apache.avro.generic.GenericData.toString(Object),5,1,11,4
"org.apache.avro.generic.GenericData.toString(Object, StringBuilder)",57,13,4,29
"org.apache.avro.generic.GenericData.writeEscapedString(CharSequence, StringBuilder)",38,11,3,7
org.apache.avro.generic.GenericData.induce(Object),45,21,11,24
"org.apache.avro.generic.GenericData.setField(Object, String, int, Object)",3,1,7,1
"org.apache.avro.generic.GenericData.getField(Object, String, int)",3,1,10,2
"org.apache.avro.generic.GenericData.getRecordState(Object, Schema)",1,1,3,1
"org.apache.avro.generic.GenericData.setField(Object, String, int, Object, Object)",3,1,6,1
"org.apache.avro.generic.GenericData.getField(Object, String, int, Object)",3,1,6,2
"org.apache.avro.generic.GenericData.resolveUnion(Schema, Object)",21,7,14,11
org.apache.avro.generic.GenericData.getSchemaName(Object),31,14,14,22
"org.apache.avro.generic.GenericData.instanceOf(Schema, Object)",26,18,15,20
org.apache.avro.generic.GenericData.isArray(Object),3,1,6,1
org.apache.avro.generic.GenericData.getArrayAsCollection(Object),3,1,5,1
org.apache.avro.generic.GenericData.isRecord(Object),3,1,7,1
org.apache.avro.generic.GenericData.getRecordSchema(Object),3,1,6,2
org.apache.avro.generic.GenericData.isEnum(Object),3,1,7,1
org.apache.avro.generic.GenericData.getEnumSchema(Object),3,1,4,2
org.apache.avro.generic.GenericData.isMap(Object),3,1,6,1
org.apache.avro.generic.GenericData.isFixed(Object),3,1,3,1
org.apache.avro.generic.GenericData.getFixedSchema(Object),3,1,3,2
org.apache.avro.generic.GenericData.isString(Object),3,1,6,1
org.apache.avro.generic.GenericData.isBytes(Object),3,1,7,1
org.apache.avro.generic.GenericData.isInteger(Object),3,1,5,1
org.apache.avro.generic.GenericData.isLong(Object),3,1,5,1
org.apache.avro.generic.GenericData.isFloat(Object),3,1,5,1
org.apache.avro.generic.GenericData.isDouble(Object),3,1,5,1
org.apache.avro.generic.GenericData.isBoolean(Object),3,1,5,1
"org.apache.avro.generic.GenericData.hashCode(Object, Schema)",30,12,17,17
"org.apache.avro.generic.GenericData.hashCodeAdd(int, Object, Schema)",3,1,4,2
"org.apache.avro.generic.GenericData.compare(Object, Object, Schema)",3,1,14,2
"org.apache.avro.generic.GenericData.compare(Object, Object, Schema, boolean)",49,22,16,22
org.apache.avro.generic.GenericData.getDefaultValue(Field),28,5,8,21
"org.apache.avro.generic.GenericData.deepCopy(Schema, T)",75,21,35,35
"org.apache.avro.generic.GenericData.createFixed(Object, Schema)",6,2,7,3
"org.apache.avro.generic.GenericData.createFixed(Object, byte[], Schema)",5,1,6,5
"org.apache.avro.generic.GenericData.createEnum(String, Schema)",3,1,6,2
"org.apache.avro.generic.GenericData.newRecord(Object, Schema)",8,3,7,2
org.apache.avro.thrift.ThriftDatumWriter.ThriftDatumWriter(),3,1,0,3
org.apache.avro.thrift.ThriftDatumWriter.ThriftDatumWriter(Class<T>),3,1,1,4
org.apache.avro.thrift.ThriftDatumWriter.ThriftDatumWriter(Schema),3,1,1,3
"org.apache.avro.thrift.ThriftDatumWriter.ThriftDatumWriter(Schema, ThriftData)",3,1,3,2
org.apache.avro.thrift.ThriftDatumWriter.ThriftDatumWriter(ThriftData),3,1,1,2
"org.apache.avro.thrift.ThriftDatumWriter.writeBytes(Object, Encoder)",3,1,2,2
org.apache.avro.io.Encoder.writeNull(),1,1,7,0
org.apache.avro.io.Encoder.writeBoolean(boolean),1,1,11,0
org.apache.avro.io.Encoder.writeInt(int),1,1,23,0
org.apache.avro.io.Encoder.writeLong(long),1,1,17,0
org.apache.avro.io.Encoder.writeFloat(float),1,1,11,0
org.apache.avro.io.Encoder.writeDouble(double),1,1,13,0
org.apache.avro.io.Encoder.writeString(Utf8),1,1,7,0
org.apache.avro.io.Encoder.writeString(String),3,1,10,2
org.apache.avro.io.Encoder.writeString(CharSequence),6,2,4,3
org.apache.avro.io.Encoder.writeBytes(ByteBuffer),1,1,5,0
"org.apache.avro.io.Encoder.writeBytes(byte[], int, int)",1,1,5,0
org.apache.avro.io.Encoder.writeBytes(byte[]),3,1,9,1
"org.apache.avro.io.Encoder.writeFixed(byte[], int, int)",1,1,9,0
org.apache.avro.io.Encoder.writeFixed(byte[]),3,1,7,1
org.apache.avro.io.Encoder.writeFixed(ByteBuffer),11,2,4,8
org.apache.avro.io.Encoder.writeEnum(int),1,1,8,0
org.apache.avro.io.Encoder.writeArrayStart(),1,1,10,0
org.apache.avro.io.Encoder.setItemCount(long),1,1,19,0
org.apache.avro.io.Encoder.startItem(),1,1,18,0
org.apache.avro.io.Encoder.writeArrayEnd(),1,1,10,0
org.apache.avro.io.Encoder.writeMapStart(),1,1,9,0
org.apache.avro.io.Encoder.writeMapEnd(),1,1,9,0
org.apache.avro.io.Encoder.writeIndex(int),1,1,7,0
org.apache.avro.generic.GenericDatumWriter.GenericDatumWriter(),1,1,31,3
org.apache.avro.generic.GenericDatumWriter.GenericDatumWriter(GenericData),1,1,9,2
org.apache.avro.generic.GenericDatumWriter.GenericDatumWriter(Schema),4,1,31,3
"org.apache.avro.generic.GenericDatumWriter.GenericDatumWriter(Schema, GenericData)",4,1,14,3
org.apache.avro.generic.GenericDatumWriter.getData(),1,1,4,1
org.apache.avro.generic.GenericDatumWriter.setSchema(Schema),1,1,5,1
"org.apache.avro.generic.GenericDatumWriter.write(D, Encoder)",3,1,37,1
"org.apache.avro.generic.GenericDatumWriter.write(Schema, Object, Encoder)",12,2,9,6
"org.apache.avro.generic.GenericDatumWriter.convert(Schema, LogicalType, Conversion<T>, Object)",22,14,18,16
"org.apache.avro.generic.GenericDatumWriter.writeWithoutConversion(Schema, Object, Encoder)",28,16,20,23
"org.apache.avro.generic.GenericDatumWriter.npe(NullPointerException, String)",5,2,4,5
"org.apache.avro.generic.GenericDatumWriter.writeRecord(Schema, Object, Encoder)",7,2,5,3
"org.apache.avro.generic.GenericDatumWriter.writeField(Object, Field, Encoder, Object)",9,2,8,6
"org.apache.avro.generic.GenericDatumWriter.writeEnum(Schema, Object, Encoder)",6,2,7,5
"org.apache.avro.generic.GenericDatumWriter.writeArray(Schema, Object, Encoder)",18,3,5,11
"org.apache.avro.generic.GenericDatumWriter.resolveUnion(Schema, Object)",3,1,4,2
org.apache.avro.generic.GenericDatumWriter.getArraySize(Object),3,1,2,2
org.apache.avro.generic.GenericDatumWriter.getArrayElements(Object),3,1,2,2
"org.apache.avro.generic.GenericDatumWriter.writeMap(Schema, Object, Encoder)",19,3,4,13
org.apache.avro.generic.GenericDatumWriter.getMapSize(Object),3,1,2,2
org.apache.avro.generic.GenericDatumWriter.getMapEntries(Object),3,1,2,2
"org.apache.avro.generic.GenericDatumWriter.writeString(Schema, Object, Encoder)",4,1,3,1
"org.apache.avro.generic.GenericDatumWriter.writeString(Object, Encoder)",3,1,5,1
"org.apache.avro.generic.GenericDatumWriter.writeBytes(Object, Encoder)",3,1,4,1
"org.apache.avro.generic.GenericDatumWriter.writeFixed(Schema, Object, Encoder)",4,1,4,3
"org.apache.avro.generic.GenericDatumWriter.error(Schema, Object)",3,1,3,2
org.apache.avro.thrift.ThriftData.ThriftData(),1,1,0,1
org.apache.avro.thrift.ThriftData.get(),1,1,9,1
org.apache.avro.thrift.ThriftData.createDatumReader(Schema),3,1,1,2
org.apache.avro.thrift.ThriftData.createDatumWriter(Schema),3,1,1,2
"org.apache.avro.thrift.ThriftData.setField(Object, String, int, Object)",3,1,4,4
"org.apache.avro.thrift.ThriftData.getField(Object, String, int)",3,1,3,5
"org.apache.avro.thrift.ThriftData.setField(Object, String, int, Object, Object)",4,2,5,1
"org.apache.avro.thrift.ThriftData.getField(Object, String, int, Object)",7,2,4,3
"org.apache.avro.thrift.ThriftData.getRecordState(Object, Schema)",12,3,5,11
org.apache.avro.thrift.ThriftData.getSchemaName(Object),7,3,2,3
org.apache.avro.thrift.ThriftData.isRecord(Object),3,1,1,1
org.apache.avro.thrift.ThriftData.isEnum(Object),3,1,1,1
org.apache.avro.thrift.ThriftData.getEnumSchema(Object),3,1,1,3
org.apache.avro.thrift.ThriftData.isBytes(Object),6,3,2,4
"org.apache.avro.thrift.ThriftData.newRecord(Object, Schema)",12,4,3,6
org.apache.avro.thrift.ThriftData.getRecordSchema(Object),3,1,1,3
org.apache.avro.thrift.ThriftData.getSchema(Class),32,8,14,19
org.apache.avro.thrift.ThriftData.getSchema(FieldValueMetaData),52,16,28,11
org.apache.avro.thrift.ThriftData.nullable(Schema),3,1,4,3
org.apache.avro.io.parsing.ValidatingGrammarGenerator.generate(Schema),3,1,3,4
"org.apache.avro.io.parsing.ValidatingGrammarGenerator.generate(Schema, Map<LitS, Symbol>)",60,18,35,19
org.apache.avro.io.parsing.Symbol.Symbol(Kind),3,1,5,2
"org.apache.avro.io.parsing.Symbol.Symbol(Kind, Symbol[])",4,1,6,3
org.apache.avro.io.parsing.Symbol.root(Symbol...),3,1,5,2
org.apache.avro.io.parsing.Symbol.seq(Symbol...),3,1,6,2
"org.apache.avro.io.parsing.Symbol.repeat(Symbol, Symbol...)",3,1,5,2
"org.apache.avro.io.parsing.Symbol.alt(Symbol[], String[])",3,1,4,2
org.apache.avro.io.parsing.Symbol.error(String),3,1,3,2
"org.apache.avro.io.parsing.Symbol.resolve(Symbol, Symbol)",3,1,3,2
"org.apache.avro.io.parsing.Symbol.flatten(Map<Sequence, Sequence>, Map<Sequence, List>)",4,1,5,1
org.apache.avro.io.parsing.Symbol.flattenedSize(),3,1,0,1
"org.apache.avro.io.parsing.Symbol.flatten(Symbol[], int, Symbol[], int, Map<Sequence, Sequence>, Map<Sequence, List>)",23,5,11,8
"org.apache.avro.io.parsing.Symbol.copyFixups(List<Fixup>, Symbol[], int, Symbol[])",9,3,7,4
"org.apache.avro.io.parsing.Symbol.flattenedSize(Symbol[], int)",12,3,6,2
org.apache.avro.io.parsing.Symbol.hasErrors(Symbol),20,8,14,3
"org.apache.avro.io.parsing.Symbol.hasErrors(Symbol, Symbol[])",13,5,3,2
org.apache.avro.io.parsing.Symbol.intCheckAction(int),3,1,3,2
"org.apache.avro.io.parsing.Symbol.enumAdjustAction(int, Object[])",3,1,3,2
org.apache.avro.io.parsing.Symbol.writerUnionAction(),3,1,1,2
org.apache.avro.io.parsing.Symbol.skipAction(Symbol),3,1,2,2
"org.apache.avro.io.parsing.Symbol.fieldAdjustAction(int, String)",3,1,3,2
org.apache.avro.io.parsing.Symbol.fieldOrderAction(Schema.Field[]),3,1,2,2
org.apache.avro.io.parsing.Symbol.defaultStartAction(byte[]),3,1,2,2
"org.apache.avro.io.parsing.Symbol.unionAdjustAction(int, Symbol)",3,1,3,2
org.apache.avro.io.parsing.Symbol.enumLabelsAction(List<String>),3,1,2,2
org.apache.avro.ipc.TestRpcPluginOrdering.testRpcPluginOrdering(),10,1,1,6
org.apache.avro.ipc.TestRpcPluginOrdering.createTestMessage(),8,1,1,6
org.apache.avro.AvroRemoteException.AvroRemoteException(),1,1,1,1
org.apache.avro.AvroRemoteException.AvroRemoteException(Throwable),4,1,8,4
org.apache.avro.AvroRemoteException.AvroRemoteException(Object),4,2,5,4
"org.apache.avro.AvroRemoteException.AvroRemoteException(Object, Throwable)",4,2,3,4
org.apache.avro.AvroRemoteException.getValue(),1,1,4,1
org.apache.avro.ipc.LocalTransceiver.LocalTransceiver(Responder),3,1,5,2
org.apache.avro.ipc.LocalTransceiver.getRemoteName(),3,1,0,1
org.apache.avro.ipc.LocalTransceiver.transceive(List<ByteBuffer>),4,1,2,2
org.apache.avro.ipc.LocalTransceiver.readBuffers(),3,1,0,2
org.apache.avro.ipc.LocalTransceiver.writeBuffers(List<ByteBuffer>),3,1,0,1
org.apache.avro.ipc.RPCContext.setHandshakeRequest(HandshakeRequest),3,1,3,1
org.apache.avro.ipc.RPCContext.getHandshakeRequest(),3,1,2,1
org.apache.avro.ipc.RPCContext.setHandshakeResponse(HandshakeResponse),3,1,3,1
org.apache.avro.ipc.RPCContext.getHandshakeResponse(),3,1,1,1
org.apache.avro.ipc.RPCContext.requestHandshakeMeta(),5,2,5,3
"org.apache.avro.ipc.RPCContext.setRequestHandshakeMeta(Map<String, ByteBuffer>)",3,1,2,1
org.apache.avro.ipc.RPCContext.responseHandshakeMeta(),5,2,4,3
"org.apache.avro.ipc.RPCContext.setResponseHandshakeMeta(Map<String, ByteBuffer>)",3,1,2,1
org.apache.avro.ipc.RPCContext.requestCallMeta(),6,2,5,3
"org.apache.avro.ipc.RPCContext.setRequestCallMeta(Map<String, ByteBuffer>)",3,1,2,1
org.apache.avro.ipc.RPCContext.responseCallMeta(),6,2,4,3
"org.apache.avro.ipc.RPCContext.setResponseCallMeta(Map<String, ByteBuffer>)",3,1,2,1
org.apache.avro.ipc.RPCContext.setResponse(Object),4,1,3,2
org.apache.avro.ipc.RPCContext.response(),3,1,1,1
org.apache.avro.ipc.RPCContext.setError(Exception),4,1,3,2
org.apache.avro.ipc.RPCContext.error(),3,1,1,1
org.apache.avro.ipc.RPCContext.isError(),3,1,1,1
org.apache.avro.ipc.RPCContext.setMessage(Message),3,1,4,1
org.apache.avro.ipc.RPCContext.getMessage(),1,1,9,1
org.apache.avro.ipc.RPCContext.setRequestPayload(List<ByteBuffer>),3,1,2,1
org.apache.avro.ipc.RPCContext.getRequestPayload(),3,1,8,1
org.apache.avro.ipc.RPCContext.getResponsePayload(),3,1,7,1
org.apache.avro.ipc.RPCContext.setResponsePayload(List<ByteBuffer>),3,1,2,1
org.apache.avro.ipc.RPCPlugin.clientStartConnect(RPCContext),1,1,1,0
org.apache.avro.ipc.RPCPlugin.serverConnecting(RPCContext),1,1,1,0
org.apache.avro.ipc.RPCPlugin.clientFinishConnect(RPCContext),1,1,1,0
org.apache.avro.ipc.RPCPlugin.clientSendRequest(RPCContext),1,1,1,0
org.apache.avro.ipc.RPCPlugin.serverReceiveRequest(RPCContext),1,1,1,0
org.apache.avro.ipc.RPCPlugin.serverSendResponse(RPCContext),1,1,1,0
org.apache.avro.ipc.RPCPlugin.clientReceiveResponse(RPCContext),1,1,1,0
"org.apache.avro.ipc.specific.SpecificRequestor.SpecificRequestor(Class<?>, Transceiver)",4,1,3,4
"org.apache.avro.ipc.specific.SpecificRequestor.SpecificRequestor(Protocol, Transceiver)",4,1,2,3
"org.apache.avro.ipc.specific.SpecificRequestor.SpecificRequestor(Class<?>, Transceiver, SpecificData)",5,1,4,3
"org.apache.avro.ipc.specific.SpecificRequestor.SpecificRequestor(Protocol, Transceiver, SpecificData)",6,1,7,3
org.apache.avro.ipc.specific.SpecificRequestor.getSpecificData(),1,1,3,1
"org.apache.avro.ipc.specific.SpecificRequestor.invoke(Object, Method, Object[])",57,13,5,21
org.apache.avro.ipc.specific.SpecificRequestor.getDatumWriter(Schema),3,1,3,2
org.apache.avro.ipc.specific.SpecificRequestor.getDatumReader(Schema),3,1,1,2
"org.apache.avro.ipc.specific.SpecificRequestor.getDatumReader(Schema, Schema)",3,1,6,2
"org.apache.avro.ipc.specific.SpecificRequestor.writeRequest(Schema, Object, Encoder)",7,2,3,4
"org.apache.avro.ipc.specific.SpecificRequestor.readResponse(Schema, Schema, Decoder)",4,1,3,3
"org.apache.avro.ipc.specific.SpecificRequestor.readError(Schema, Schema, Decoder)",7,2,3,5
"org.apache.avro.ipc.specific.SpecificRequestor.getClient(Class<T>, Transceiver)",5,1,2,4
"org.apache.avro.ipc.specific.SpecificRequestor.getClient(Class<T>, Transceiver, SpecificData)",9,1,4,5
"org.apache.avro.ipc.specific.SpecificRequestor.getClient(Class<T>, SpecificRequestor)",5,1,4,3
org.apache.avro.ipc.specific.SpecificRequestor.getRemote(Object),3,1,3,3
"org.apache.avro.ipc.specific.SpecificResponder.SpecificResponder(Class, Object)",3,1,2,5
"org.apache.avro.ipc.specific.SpecificResponder.SpecificResponder(Protocol, Object)",3,1,2,5
"org.apache.avro.ipc.specific.SpecificResponder.SpecificResponder(Class, Object, SpecificData)",3,1,4,3
"org.apache.avro.ipc.specific.SpecificResponder.SpecificResponder(Protocol, Object, SpecificData)",4,1,6,3
org.apache.avro.ipc.specific.SpecificResponder.getSpecificData(),1,1,5,2
org.apache.avro.ipc.specific.SpecificResponder.getDatumWriter(Schema),3,1,2,3
"org.apache.avro.ipc.specific.SpecificResponder.getDatumReader(Schema, Schema)",3,1,2,3
"org.apache.avro.ipc.specific.SpecificResponder.writeError(Schema, Object, Encoder)",4,1,4,2
"org.apache.avro.ipc.specific.SpecificResponder.respond(Message, Object)",26,6,6,17
org.apache.avro.ipc.Responder.Responder(Protocol),8,1,4,8
org.apache.avro.ipc.Responder.getRemote(),1,1,1,2
org.apache.avro.ipc.Responder.getLocal(),1,1,2,1
org.apache.avro.ipc.Responder.addRPCPlugin(RPCPlugin),3,1,11,1
org.apache.avro.ipc.Responder.respond(List<ByteBuffer>),3,1,4,2
"org.apache.avro.ipc.Responder.respond(List<ByteBuffer>, Transceiver)",81,14,13,43
"org.apache.avro.ipc.Responder.handshake(Decoder, Encoder, Transceiver)",33,9,15,15
"org.apache.avro.ipc.Responder.respond(Message, Object)",2,1,1,1
"org.apache.avro.ipc.Responder.readRequest(Schema, Schema, Decoder)",2,1,1,1
"org.apache.avro.ipc.Responder.writeResponse(Schema, Object, Encoder)",2,1,1,0
"org.apache.avro.ipc.Responder.writeError(Schema, Object, Encoder)",2,1,1,0
org.apache.avro.ipc.Requestor.getLocal(),1,1,2,1
org.apache.avro.ipc.Requestor.getTransceiver(),1,1,8,1
"org.apache.avro.ipc.Requestor.Requestor(Protocol, Transceiver)",7,1,4,5
org.apache.avro.ipc.Requestor.addRPCPlugin(RPCPlugin),3,1,6,1
"org.apache.avro.ipc.Requestor.request(String, Object)",18,5,5,9
"org.apache.avro.ipc.Requestor.request(String, Object, Callback<T>)",4,1,5,2
"org.apache.avro.ipc.Requestor.request(Request, Callback<T>)",46,9,5,18
org.apache.avro.ipc.Requestor.writeHandshake(Encoder),25,5,14,12
org.apache.avro.ipc.Requestor.readHandshake(Decoder),32,7,11,11
org.apache.avro.ipc.Requestor.setRemote(HandshakeResponse),6,1,7,6
org.apache.avro.ipc.Requestor.getRemote(),25,4,7,18
"org.apache.avro.ipc.Requestor.writeRequest(Schema, Object, Encoder)",2,1,1,0
"org.apache.avro.ipc.Requestor.readResponse(Schema, Decoder)",3,1,2,2
"org.apache.avro.ipc.Requestor.readResponse(Schema, Schema, Decoder)",2,1,2,1
"org.apache.avro.ipc.Requestor.readError(Schema, Decoder)",3,1,2,2
"org.apache.avro.ipc.Requestor.readError(Schema, Schema, Decoder)",2,1,2,1
org.apache.avro.mapreduce.TestWordCount.testAvroGenericOutput(),30,2,4,31
org.apache.avro.mapreduce.TestWordCount.testAvroSpecificOutput(),30,2,5,30
org.apache.avro.mapreduce.TestWordCount.testAvroReflectOutput(),30,2,6,30
org.apache.avro.mapreduce.TestWordCount.testAvroInput(),31,2,5,31
org.apache.avro.mapreduce.TestWordCount.testReflectInput(),31,2,6,31
org.apache.avro.mapreduce.TestWordCount.testAvroMapOutput(),31,2,5,31
org.apache.avro.mapreduce.TestWordCount.testAvroUsingTextFileOutput(),33,1,5,33
"org.apache.avro.file.DataFileReader.openReader(File, DatumReader<D>)",4,1,5,3
"org.apache.avro.file.DataFileReader.openReader(SeekableInput, DatumReader<D>)",15,5,10,8
"org.apache.avro.file.DataFileReader.openReader(SeekableInput, DatumReader<D>, Header, boolean)",12,2,5,5
"org.apache.avro.file.DataFileReader.DataFileReader(File, DatumReader<D>)",3,1,37,3
"org.apache.avro.file.DataFileReader.DataFileReader(SeekableInput, DatumReader<D>)",7,1,35,6
"org.apache.avro.file.DataFileReader.DataFileReader(SeekableInput, DatumReader<D>, Header)",6,1,5,5
org.apache.avro.file.DataFileReader.seek(long),7,1,11,7
org.apache.avro.file.DataFileReader.sync(long),28,7,12,10
org.apache.avro.file.DataFileReader.blockFinished(),3,1,3,4
org.apache.avro.file.DataFileReader.previousSync(),3,1,7,1
org.apache.avro.file.DataFileReader.pastSync(long),3,1,7,2
org.apache.avro.file.DataFileReader.tell(),1,1,1,2
org.apache.avro.generic.GenericDatumReader.GenericDatumReader(),3,1,39,3
org.apache.avro.generic.GenericDatumReader.GenericDatumReader(Schema),3,1,27,3
"org.apache.avro.generic.GenericDatumReader.GenericDatumReader(Schema, Schema)",3,1,10,3
"org.apache.avro.generic.GenericDatumReader.GenericDatumReader(Schema, Schema, GenericData)",5,1,14,4
org.apache.avro.generic.GenericDatumReader.GenericDatumReader(GenericData),4,1,3,4
org.apache.avro.generic.GenericDatumReader.getData(),1,1,13,1
org.apache.avro.generic.GenericDatumReader.getSchema(),1,1,1,1
org.apache.avro.generic.GenericDatumReader.setSchema(Schema),7,2,5,3
org.apache.avro.generic.GenericDatumReader.getExpected(),1,1,2,1
org.apache.avro.generic.GenericDatumReader.setExpected(Schema),4,1,3,2
"org.apache.avro.generic.GenericDatumReader.getResolver(Schema, Schema)",23,5,6,10
"org.apache.avro.generic.GenericDatumReader.read(D, Decoder)",7,1,33,5
"org.apache.avro.generic.GenericDatumReader.read(Object, Schema, ResolvingDecoder)",12,3,7,6
"org.apache.avro.generic.GenericDatumReader.readWithConversion(Object, Schema, LogicalType, Conversion<?>, ResolvingDecoder)",7,1,10,3
"org.apache.avro.generic.GenericDatumReader.readWithoutConversion(Object, Schema, ResolvingDecoder)",20,15,25,20
"org.apache.avro.generic.GenericDatumReader.convert(Object, Schema, LogicalType, Conversion<?>)",23,14,20,20
"org.apache.avro.generic.GenericDatumReader.readRecord(Object, Schema, ResolvingDecoder)",15,3,6,8
"org.apache.avro.generic.GenericDatumReader.readField(Object, Field, Object, ResolvingDecoder, Object)",4,1,8,5
"org.apache.avro.generic.GenericDatumReader.readEnum(Schema, Decoder)",3,1,3,5
"org.apache.avro.generic.GenericDatumReader.createEnum(String, Schema)",3,1,6,2
"org.apache.avro.generic.GenericDatumReader.readArray(Object, Schema, ResolvingDecoder)",28,6,4,12
org.apache.avro.generic.GenericDatumReader.peekArray(Object),5,2,2,2
"org.apache.avro.generic.GenericDatumReader.addToArray(Object, long, Object)",3,1,3,1
"org.apache.avro.generic.GenericDatumReader.readMap(Object, Schema, ResolvingDecoder)",24,6,4,12
"org.apache.avro.generic.GenericDatumReader.readMapKey(Object, Schema, Decoder)",4,1,4,2
"org.apache.avro.generic.GenericDatumReader.addToMap(Object, Object, Object)",3,1,4,1
"org.apache.avro.generic.GenericDatumReader.readFixed(Object, Schema, Decoder)",6,1,5,5
"org.apache.avro.generic.GenericDatumReader.createFixed(Object, Schema)",3,1,3,2
"org.apache.avro.generic.GenericDatumReader.createFixed(Object, byte[], Schema)",3,1,4,2
"org.apache.avro.generic.GenericDatumReader.newRecord(Object, Schema)",3,1,3,2
"org.apache.avro.generic.GenericDatumReader.newArray(Object, int, Schema)",6,2,6,2
"org.apache.avro.generic.GenericDatumReader.newMap(Object, int)",6,2,3,3
"org.apache.avro.generic.GenericDatumReader.readString(Object, Schema, Decoder)",9,3,5,5
"org.apache.avro.generic.GenericDatumReader.readString(Object, Decoder)",3,2,4,2
org.apache.avro.generic.GenericDatumReader.createString(String),1,1,1,2
org.apache.avro.generic.GenericDatumReader.findStringClass(Schema),10,3,5,3
org.apache.avro.generic.GenericDatumReader.getStringClass(Schema),8,2,3,4
"org.apache.avro.generic.GenericDatumReader.newInstanceFromString(Class, String)",19,6,9,7
"org.apache.avro.generic.GenericDatumReader.readBytes(Object, Schema, Decoder)",4,1,3,2
"org.apache.avro.generic.GenericDatumReader.readBytes(Object, Decoder)",3,2,4,2
"org.apache.avro.generic.GenericDatumReader.readInt(Object, Schema, Decoder)",4,1,2,2
org.apache.avro.generic.GenericDatumReader.createBytes(byte[]),1,1,1,2
"org.apache.avro.generic.GenericDatumReader.skip(Schema, Decoder)",47,20,18,20
org.apache.avro.mapred.AvroKey.AvroKey(),1,1,3,2
org.apache.avro.mapred.AvroKey.AvroKey(T),1,1,23,2
org.apache.avro.mapred.AvroValue.AvroValue(),1,1,2,2
org.apache.avro.mapred.AvroValue.AvroValue(T),1,1,15,2
"org.apache.avro.mapred.FsInput.FsInput(Path, Configuration)",3,1,12,3
"org.apache.avro.mapred.FsInput.FsInput(Path, FileSystem)",4,1,3,6
org.apache.avro.mapred.FsInput.length(),3,1,2,1
"org.apache.avro.mapred.FsInput.read(byte[], int, int)",3,1,8,2
org.apache.avro.mapred.FsInput.seek(long),3,1,4,1
org.apache.avro.mapred.FsInput.tell(),3,1,5,2
org.apache.avro.mapred.FsInput.close(),3,1,4,1
org.apache.avro.specific.SpecificDatumReader.SpecificDatumReader(),3,1,22,3
org.apache.avro.specific.SpecificDatumReader.SpecificDatumReader(Class<T>),4,1,1,7
org.apache.avro.specific.SpecificDatumReader.SpecificDatumReader(Schema),3,1,10,3
"org.apache.avro.specific.SpecificDatumReader.SpecificDatumReader(Schema, Schema)",3,1,2,3
"org.apache.avro.specific.SpecificDatumReader.SpecificDatumReader(Schema, Schema, SpecificData)",4,1,11,2
org.apache.avro.specific.SpecificDatumReader.SpecificDatumReader(SpecificData),3,1,3,2
org.apache.avro.specific.SpecificDatumReader.getSpecificData(),1,1,3,2
org.apache.avro.specific.SpecificDatumReader.setSchema(Schema),10,3,4,8
org.apache.avro.specific.SpecificDatumReader.findStringClass(Schema),14,4,5,4
"org.apache.avro.specific.SpecificDatumReader.getPropAsClass(Schema, String)",9,3,4,6
"org.apache.avro.specific.SpecificDatumReader.readField(Object, Schema.Field, Object, ResolvingDecoder, Object)",17,3,6,10
org.apache.avro.reflect.ReflectData.ReflectData(),1,1,9,1
org.apache.avro.reflect.ReflectData.ReflectData(ClassLoader),3,1,8,2
org.apache.avro.reflect.ReflectData.get(),1,1,70,1
org.apache.avro.reflect.ReflectData.addStringable(Class),4,1,3,2
org.apache.avro.reflect.ReflectData.createDatumReader(Schema),3,1,16,2
"org.apache.avro.reflect.ReflectData.createDatumReader(Schema, Schema)",3,1,2,2
org.apache.avro.reflect.ReflectData.createDatumWriter(Schema),3,1,1,2
"org.apache.avro.reflect.ReflectData.setField(Object, String, int, Object)",3,1,5,1
"org.apache.avro.reflect.ReflectData.setField(Object, String, int, Object, Object)",14,4,8,4
"org.apache.avro.reflect.ReflectData.getField(Object, String, int)",3,1,5,2
"org.apache.avro.reflect.ReflectData.getField(Object, String, int, Object)",10,3,6,5
"org.apache.avro.reflect.ReflectData.getAccessorForField(Object, String, int, Object)",7,2,6,3
org.apache.avro.reflect.ReflectData.isRecord(Object),8,6,2,5
org.apache.avro.reflect.ReflectData.isArray(Object),6,2,1,4
org.apache.avro.reflect.ReflectData.getArrayAsCollection(Object),3,2,1,2
org.apache.avro.reflect.ReflectData.isBytes(Object),6,3,2,5
org.apache.avro.reflect.ReflectData.getRecordSchema(Object),5,2,1,4
"org.apache.avro.reflect.ReflectData.validate(Schema, Object)",15,5,3,8
org.apache.avro.reflect.ReflectData.getClassAccessorData(Class<?>),11,3,4,5
"org.apache.avro.reflect.ReflectData.getFieldAccessors(Class<?>, Schema)",7,2,3,3
"org.apache.avro.reflect.ReflectData.getFieldAccessor(Class<?>, String)",7,2,3,3
"org.apache.avro.reflect.ReflectData.getClassProp(Schema, String)",14,4,8,6
org.apache.avro.reflect.ReflectData.isMap(Object),3,1,1,2
org.apache.avro.reflect.ReflectData.isNonStringMap(Object),12,4,3,7
org.apache.avro.reflect.ReflectData.getClass(Schema),31,12,14,15
"org.apache.avro.reflect.ReflectData.createNonStringMapSchema(Type, Type, Map<String, Schema>)",15,1,6,7
"org.apache.avro.reflect.ReflectData.getNameForNonStringMapRecord(Type, Type, Schema, Schema)",26,5,7,11
org.apache.avro.reflect.ReflectData.isNonStringMapSchema(Schema),8,3,5,4
"org.apache.avro.reflect.ReflectData.createSchema(Type, Map<String, Schema>)",154,41,20,59
org.apache.avro.reflect.ReflectData.isStringable(Class<?>),3,1,3,3
"org.apache.avro.reflect.ReflectData.setElement(Schema, Type)",7,3,4,3
"org.apache.avro.reflect.ReflectData.getAnnotatedUnion(Union, Map<String, Schema>)",6,2,4,6
org.apache.avro.reflect.ReflectData.makeNullable(Schema),16,4,6,9
org.apache.avro.reflect.ReflectData.getCachedFields(Class<?>),8,2,3,4
"org.apache.avro.reflect.ReflectData.getFields(Class<?>, boolean)",17,6,6,13
"org.apache.avro.reflect.ReflectData.createFieldSchema(Field, Map<String, Schema>)",19,6,5,14
org.apache.avro.reflect.ReflectData.getProtocol(Class),19,5,13,19
"org.apache.avro.reflect.ReflectData.getMessage(Method, Protocol, Map<String, Schema>)",41,12,7,20
"org.apache.avro.reflect.ReflectData.getSchema(Type, Map<String, Schema>)",8,2,4,5
"org.apache.avro.reflect.ReflectData.compare(Object, Object, Schema, boolean)",25,7,8,10
"org.apache.avro.reflect.ReflectData.getRecordState(Object, Schema)",3,1,3,3
"org.apache.avro.reflect.ReflectData.consumeAvroAliasAnnotation(Class<?>, Schema)",9,3,4,5
"org.apache.avro.reflect.ReflectData.createFixed(Object, Schema)",10,3,2,4
"org.apache.avro.reflect.ReflectData.newRecord(Object, Schema)",10,3,2,4
org.apache.avro.reflect.ReflectDatumReader.ReflectDatumReader(),3,1,8,3
org.apache.avro.reflect.ReflectDatumReader.ReflectDatumReader(Class<T>),4,1,3,7
org.apache.avro.reflect.ReflectDatumReader.ReflectDatumReader(Schema),3,1,10,3
"org.apache.avro.reflect.ReflectDatumReader.ReflectDatumReader(Schema, Schema)",3,1,2,3
"org.apache.avro.reflect.ReflectDatumReader.ReflectDatumReader(Schema, Schema, ReflectData)",3,1,11,2
org.apache.avro.reflect.ReflectDatumReader.ReflectDatumReader(ReflectData),3,1,2,2
"org.apache.avro.reflect.ReflectDatumReader.newArray(Object, int, Schema)",32,9,6,16
org.apache.avro.reflect.ReflectDatumReader.peekArray(Object),3,1,0,1
"org.apache.avro.reflect.ReflectDatumReader.addToArray(Object, long, Object)",3,1,0,1
"org.apache.avro.reflect.ReflectDatumReader.readArray(Object, Schema, ResolvingDecoder)",32,6,5,11
"org.apache.avro.reflect.ReflectDatumReader.readJavaArray(Object, Schema, long, ResolvingDecoder)",9,2,5,6
"org.apache.avro.reflect.ReflectDatumReader.readPrimitiveArray(Object, Class<?>, long, ResolvingDecoder)",4,1,5,2
"org.apache.avro.reflect.ReflectDatumReader.readObjectArray(Object[], Schema, long, ResolvingDecoder)",27,6,5,8
"org.apache.avro.reflect.ReflectDatumReader.readCollection(Collection<Object>, Schema, long, ResolvingDecoder)",22,6,5,8
"org.apache.avro.reflect.ReflectDatumReader.readString(Object, Decoder)",3,1,1,3
org.apache.avro.reflect.ReflectDatumReader.createString(String),1,1,1,1
"org.apache.avro.reflect.ReflectDatumReader.readBytes(Object, Schema, Decoder)",12,2,3,6
"org.apache.avro.reflect.ReflectDatumReader.readInt(Object, Schema, Decoder)",12,4,3,7
"org.apache.avro.reflect.ReflectDatumReader.readField(Object, Field, Object, ResolvingDecoder, Object)",48,11,7,21
org.apache.avro.util.Utf8.Utf8(),1,1,6,1
org.apache.avro.util.Utf8.Utf8(String),5,1,49,5
org.apache.avro.util.Utf8.Utf8(Utf8),6,1,5,5
org.apache.avro.util.Utf8.Utf8(byte[]),4,1,5,3
org.apache.avro.util.Utf8.getBytes(),1,1,9,1
org.apache.avro.util.Utf8.getLength(),1,1,4,1
org.apache.avro.util.Utf8.getByteLength(),1,1,5,1
org.apache.avro.util.Utf8.setLength(int),3,1,4,2
org.apache.avro.util.Utf8.setByteLength(int),10,2,7,5
org.apache.avro.util.Utf8.set(String),6,1,4,5
org.apache.avro.util.Utf8.toString(),7,3,28,3
org.apache.avro.util.Utf8.equals(Object),11,6,3,1
org.apache.avro.util.Utf8.hashCode(),6,2,2,1
org.apache.avro.util.Utf8.compareTo(Utf8),4,1,4,2
org.apache.avro.util.Utf8.charAt(int),1,1,1,3
org.apache.avro.util.Utf8.length(),1,1,0,3
"org.apache.avro.util.Utf8.subSequence(int, int)",3,1,2,3
org.apache.avro.util.Utf8.getBytesFor(String),3,1,5,2
org.apache.avro.mapreduce.AvroJob.AvroJob(),1,1,0,1
"org.apache.avro.mapreduce.AvroJob.setInputKeySchema(Job, Schema)",3,1,17,3
"org.apache.avro.mapreduce.AvroJob.setInputValueSchema(Job, Schema)",3,1,5,3
"org.apache.avro.mapreduce.AvroJob.setMapOutputKeySchema(Job, Schema)",8,1,10,7
"org.apache.avro.mapreduce.AvroJob.setMapOutputValueSchema(Job, Schema)",6,1,6,5
"org.apache.avro.mapreduce.AvroJob.setOutputKeySchema(Job, Schema)",4,1,25,4
"org.apache.avro.mapreduce.AvroJob.setOutputValueSchema(Job, Schema)",4,1,12,4
"org.apache.avro.mapreduce.AvroJob.setDataModelClass(Job, Class<? extends GenericData>)",3,1,3,2
org.apache.avro.mapreduce.AvroJob.getInputKeySchema(Configuration),4,2,6,3
org.apache.avro.mapreduce.AvroJob.getInputValueSchema(Configuration),4,2,4,3
org.apache.avro.mapreduce.AvroJob.getMapOutputKeySchema(Configuration),3,1,5,2
org.apache.avro.mapreduce.AvroJob.getMapOutputValueSchema(Configuration),3,1,2,2
org.apache.avro.mapreduce.AvroJob.getOutputKeySchema(Configuration),4,2,6,3
org.apache.avro.mapreduce.AvroJob.getOutputValueSchema(Configuration),4,2,4,3
org.apache.avro.mapreduce.AvroKeyOutputFormat.AvroKeyOutputFormat(),3,1,0,2
org.apache.avro.mapreduce.AvroKeyOutputFormat.AvroKeyOutputFormat(RecordWriterFactory),3,1,3,2
org.apache.avro.mapreduce.AvroKeyOutputFormat.getRecordWriter(TaskAttemptContext),20,4,3,11
"org.apache.avro.file.DataFileStream.DataFileStream(InputStream, DatumReader<D>)",5,1,25,3
org.apache.avro.file.DataFileStream.DataFileStream(DatumReader<D>),3,1,3,2
org.apache.avro.file.DataFileStream.initialize(InputStream),30,6,15,26
"org.apache.avro.file.DataFileStream.initialize(InputStream, Header)",5,1,4,4
org.apache.avro.file.DataFileStream.resolveCodec(),8,2,4,5
org.apache.avro.file.DataFileStream.getHeader(),1,1,4,1
org.apache.avro.file.DataFileStream.getSchema(),1,1,17,1
org.apache.avro.file.DataFileStream.getMetaKeys(),3,1,8,1
org.apache.avro.file.DataFileStream.getMeta(String),3,1,11,2
org.apache.avro.file.DataFileStream.getMetaString(String),11,3,15,4
org.apache.avro.file.DataFileStream.getMetaLong(String),3,1,2,3
org.apache.avro.file.DataFileStream.iterator(),1,1,6,1
org.apache.avro.file.DataFileStream.hasNext(),25,7,34,17
org.apache.avro.file.DataFileStream.next(),7,2,26,3
org.apache.avro.file.DataFileStream.next(D),9,3,15,6
org.apache.avro.file.DataFileStream.nextBlock(),9,3,4,6
org.apache.avro.file.DataFileStream.getBlockCount(),1,1,3,1
org.apache.avro.file.DataFileStream.getBlockSize(),1,1,2,1
org.apache.avro.file.DataFileStream.blockFinished(),2,1,1,0
org.apache.avro.file.DataFileStream.hasNextBlock(),20,6,9,9
org.apache.avro.file.DataFileStream.nextRawBlock(DataBlock),17,4,12,11
org.apache.avro.file.DataFileStream.remove(),1,1,0,1
org.apache.avro.file.DataFileStream.close(),3,1,55,2
"org.apache.avro.mapreduce.AvroKeyInputFormat.createRecordReader(InputSplit, TaskAttemptContext)",9,2,3,6
org.apache.avro.mapred.AvroWrapper.AvroWrapper(),1,1,0,2
org.apache.avro.mapred.AvroWrapper.AvroWrapper(T),1,1,19,2
org.apache.avro.mapred.AvroWrapper.datum(),1,1,43,1
org.apache.avro.mapred.AvroWrapper.datum(T),1,1,22,1
org.apache.avro.mapred.AvroWrapper.hashCode(),3,2,1,2
org.apache.avro.mapred.AvroWrapper.equals(Object),15,7,2,3
org.apache.avro.mapred.AvroWrapper.toString(),3,1,2,2
"org.apache.avro.io.TestResolvingIOResolving.TestResolvingIOResolving(TestValidatingIO.Encoding, int, String, String, Object[], String, String, Object[])",16,1,8,9
org.apache.avro.io.TestResolvingIOResolving.testResolving(),11,1,8,4
org.apache.avro.io.TestResolvingIOResolving.data3(),7,1,2,4
org.apache.avro.io.TestResolvingIOResolving.dataForResolvingTests(),114,1,1,1
"org.apache.avro.io.TestValidatingIO.TestValidatingIO(Encoding, int, String, String)",6,1,4,5
org.apache.avro.io.TestValidatingIO.testMain(),5,2,5,2
"org.apache.avro.io.TestValidatingIO.testOnce(Schema, String, int, Encoding)",9,1,7,4
"org.apache.avro.io.TestValidatingIO.make(Schema, String, Object[], Encoding)",21,4,10,10
"org.apache.avro.io.TestValidatingIO.generate(Encoder, String, Object[])",94,20,5,26
org.apache.avro.io.TestValidatingIO.randomValues(String),50,20,4,20
org.apache.avro.io.TestValidatingIO.extractInt(InputScanner),12,3,4,5
"org.apache.avro.io.TestValidatingIO.nextBytes(Random, int)",5,1,3,2
"org.apache.avro.io.TestValidatingIO.nextString(Random, int)",7,2,3,3
"org.apache.avro.io.TestValidatingIO.check(Schema, byte[], String, Object[], int, Encoding)",16,4,10,6
"org.apache.avro.io.TestValidatingIO.check(Decoder, String, Object[], int)",156,34,8,36
"org.apache.avro.io.TestValidatingIO.skip(InputScanner, Decoder, boolean)",41,20,4,8
org.apache.avro.io.TestValidatingIO.data(),3,1,2,4
org.apache.avro.io.TestValidatingIO.convertTo2dArray(Object[][]...),13,3,4,8
org.apache.avro.io.TestValidatingIO.cartesian(Object[][]...),30,1,1,1
org.apache.avro.io.TestValidatingIO.concat(Object[]...),13,3,4,2
org.apache.avro.io.TestValidatingIO.paste(Object[][]...),11,3,2,2
org.apache.avro.io.TestValidatingIO.testSchemas(),168,1,1,1
org.apache.avro.io.TestValidatingIO.dump(byte[]),11,3,2,3
"org.apache.avro.io.TestValidatingIO.print(Encoding, int, Schema, Schema, Object[], Object[])",6,1,10,2
"org.apache.avro.io.TestValidatingIO.printSchemaAndValues(String, Schema, Object[])",6,2,5,3
"org.apache.avro.io.TestResolvingIO.TestResolvingIO(Encoding, int, String, String, String, String)",12,1,6,7
org.apache.avro.io.TestResolvingIO.testIdentical(),3,1,4,1
org.apache.avro.io.TestResolvingIO.testCompatible(),3,1,6,1
"org.apache.avro.io.TestResolvingIO.performTest(Encoding, int, String, String, String, String)",10,2,9,1
"org.apache.avro.io.TestResolvingIO.testOnce(String, String, String, String, Encoding, int)",17,1,7,5
"org.apache.avro.io.TestResolvingIO.check(Schema, Schema, byte[], String, Object[], Encoding, int)",18,4,12,6
org.apache.avro.io.TestResolvingIO.data2(),3,1,2,4
org.apache.avro.io.TestResolvingIO.testSchemas(),77,1,1,1
"org.apache.avro.ipc.SocketServer.SocketServer(Responder, SocketAddress)",10,1,14,10
org.apache.avro.ipc.SocketServer.getPort(),1,1,13,3
org.apache.avro.ipc.SocketServer.run(),21,5,3,8
org.apache.avro.ipc.SocketServer.close(),4,1,4,2
org.apache.avro.ipc.SocketServer.getTransceiver(SocketChannel),4,1,2,2
org.apache.avro.ipc.SocketServer.main(String[]),13,1,1,7
org.apache.avro.Protocol.Protocol(),3,1,2,2
"org.apache.avro.Protocol.Protocol(String, String, String)",6,1,8,5
"org.apache.avro.Protocol.Protocol(String, String)",3,1,7,2
org.apache.avro.Protocol.getName(),1,1,3,1
org.apache.avro.Protocol.getNamespace(),1,1,4,1
org.apache.avro.Protocol.getDoc(),1,1,3,1
org.apache.avro.Protocol.getTypes(),1,1,4,2
org.apache.avro.Protocol.getType(String),1,1,5,2
org.apache.avro.Protocol.setTypes(Collection<Schema>),5,2,4,2
org.apache.avro.Protocol.getMessages(),1,1,30,1
"org.apache.avro.Protocol.createMessage(String, String, Schema)",3,1,3,3
"org.apache.avro.Protocol.createMessage(String, String, Map<String, T>, Schema)",4,1,6,2
"org.apache.avro.Protocol.createMessage(String, String, Schema, Schema, Schema)",5,1,10,3
"org.apache.avro.Protocol.createMessage(String, String, Map<String, T>, Schema, Schema, Schema)",5,1,8,2
org.apache.avro.Protocol.equals(Object),10,3,7,4
org.apache.avro.Protocol.hashCode(),4,1,5,4
org.apache.avro.Protocol.toString(),1,1,8,2
org.apache.avro.Protocol.toString(boolean),12,3,8,8
org.apache.avro.Protocol.toJson(JsonGenerator),21,5,7,16
org.apache.avro.Protocol.getMD5(),10,3,4,7
org.apache.avro.Protocol.parse(File),3,1,11,3
org.apache.avro.Protocol.parse(InputStream),3,1,2,3
"org.apache.avro.Protocol.parse(String, String...)",6,2,3,5
org.apache.avro.Protocol.parse(String),8,2,14,6
org.apache.avro.Protocol.parse(JsonParser),9,2,3,5
org.apache.avro.Protocol.parse(JsonNode),8,1,1,6
org.apache.avro.Protocol.parseNamespace(JsonNode),6,2,4,4
org.apache.avro.Protocol.parseDoc(JsonNode),3,1,2,2
org.apache.avro.Protocol.parseDocNode(JsonNode),5,2,3,3
org.apache.avro.Protocol.parseName(JsonNode),6,2,2,4
org.apache.avro.Protocol.parseTypes(JsonNode),11,5,3,5
org.apache.avro.Protocol.parseProps(JsonNode),7,3,3,6
org.apache.avro.Protocol.parseMessages(JsonNode),8,3,3,6
"org.apache.avro.Protocol.parseMessage(String, JsonNode)",78,23,8,27
org.apache.avro.Protocol.main(String[]),3,1,2,3
org.apache.avro.ipc.generic.GenericResponder.GenericResponder(Protocol),3,1,7,3
"org.apache.avro.ipc.generic.GenericResponder.GenericResponder(Protocol, GenericData)",4,1,4,3
org.apache.avro.ipc.generic.GenericResponder.getGenericData(),1,1,2,1
org.apache.avro.ipc.generic.GenericResponder.getDatumWriter(Schema),3,1,4,2
"org.apache.avro.ipc.generic.GenericResponder.getDatumReader(Schema, Schema)",3,1,4,2
"org.apache.avro.ipc.generic.GenericResponder.readRequest(Schema, Schema, Decoder)",4,1,3,3
"org.apache.avro.ipc.generic.GenericResponder.writeResponse(Schema, Object, Encoder)",4,1,3,2
"org.apache.avro.ipc.generic.GenericResponder.writeError(Schema, Object, Encoder)",6,2,3,3
org.apache.avro.ipc.Transceiver.getRemoteName(),1,1,4,1
org.apache.avro.ipc.Transceiver.lockChannel(),3,1,3,1
org.apache.avro.ipc.Transceiver.unlockChannel(),5,2,3,2
org.apache.avro.ipc.Transceiver.transceive(List<ByteBuffer>),10,1,5,5
"org.apache.avro.ipc.Transceiver.transceive(List<ByteBuffer>, Callback<List>)",9,2,5,3
org.apache.avro.ipc.Transceiver.readBuffers(),1,1,3,1
org.apache.avro.ipc.Transceiver.writeBuffers(List<ByteBuffer>),2,1,4,0
org.apache.avro.ipc.Transceiver.isConnected(),1,1,6,1
org.apache.avro.ipc.Transceiver.setRemote(Protocol),1,1,2,0
org.apache.avro.ipc.Transceiver.getRemote(),3,1,1,2
org.apache.avro.ipc.Transceiver.close(),1,1,21,0
org.apache.avro.ipc.SocketTransceiver.SocketTransceiver(SocketAddress),3,1,12,3
org.apache.avro.ipc.SocketTransceiver.SocketTransceiver(SocketChannel),5,1,5,6
org.apache.avro.ipc.SocketTransceiver.getRemoteName(),3,1,3,4
org.apache.avro.ipc.SocketTransceiver.readBuffers(),22,7,2,10
org.apache.avro.ipc.SocketTransceiver.writeBuffers(List<ByteBuffer>),10,4,2,3
org.apache.avro.ipc.SocketTransceiver.writeLength(int),6,1,4,4
org.apache.avro.ipc.SocketTransceiver.isConnected(),1,1,1,1
org.apache.avro.ipc.SocketTransceiver.setRemote(Protocol),3,1,1,1
org.apache.avro.ipc.SocketTransceiver.getRemote(),3,1,1,1
org.apache.avro.ipc.SocketTransceiver.close(),6,2,2,4
org.apache.avro.mapred.HadoopCombiner.getReducer(JobConf),5,1,2,3
"org.apache.avro.mapred.HadoopCombiner.getCollector(OutputCollector<AvroKey, AvroValue>)",3,1,1,2
org.apache.avro.mapred.Pair.Pair(Schema),4,1,3,3
"org.apache.avro.mapred.Pair.Pair(K, Schema, V, Schema)",5,1,85,5
org.apache.avro.mapred.Pair.checkIsPairSchema(Schema),4,2,5,3
org.apache.avro.mapred.Pair.getKeySchema(Schema),4,1,5,4
org.apache.avro.mapred.Pair.getValueSchema(Schema),4,1,4,4
"org.apache.avro.mapred.Pair.getPairSchema(Schema, Schema)",17,3,14,5
"org.apache.avro.mapred.Pair.makePairSchema(Schema, Schema)",8,1,7,7
org.apache.avro.mapred.Pair.getSchema(),1,1,8,1
org.apache.avro.mapred.Pair.key(),1,1,8,1
org.apache.avro.mapred.Pair.key(K),1,1,2,1
org.apache.avro.mapred.Pair.value(),1,1,9,1
org.apache.avro.mapred.Pair.value(V),1,1,3,1
"org.apache.avro.mapred.Pair.set(K, V)",1,1,3,2
org.apache.avro.mapred.Pair.equals(Object),8,4,2,3
org.apache.avro.mapred.Pair.hashCode(),3,1,1,3
org.apache.avro.mapred.Pair.compareTo(Pair),3,1,3,3
org.apache.avro.mapred.Pair.toString(),3,1,2,3
org.apache.avro.mapred.Pair.get(int),7,3,6,1
"org.apache.avro.mapred.Pair.put(int, Object)",7,3,2,2
"org.apache.avro.mapred.Pair.Pair(Object, Object)",3,1,6,3
"org.apache.avro.mapred.Pair.Pair(Object, GenericContainer)",3,1,2,4
"org.apache.avro.mapred.Pair.Pair(Object, CharSequence)",3,1,3,3
"org.apache.avro.mapred.Pair.Pair(Object, ByteBuffer)",3,1,3,3
"org.apache.avro.mapred.Pair.Pair(Object, Integer)",3,1,3,3
"org.apache.avro.mapred.Pair.Pair(Object, Long)",3,1,3,3
"org.apache.avro.mapred.Pair.Pair(Object, Float)",3,1,3,3
"org.apache.avro.mapred.Pair.Pair(Object, Double)",3,1,3,3
"org.apache.avro.mapred.Pair.Pair(Object, Void)",3,1,4,3
"org.apache.avro.mapred.Pair.Pair(GenericContainer, Object)",3,1,2,4
"org.apache.avro.mapred.Pair.Pair(GenericContainer, GenericContainer)",3,1,2,3
"org.apache.avro.mapred.Pair.Pair(GenericContainer, CharSequence)",3,1,3,3
"org.apache.avro.mapred.Pair.Pair(GenericContainer, ByteBuffer)",3,1,3,3
"org.apache.avro.mapred.Pair.Pair(GenericContainer, Integer)",3,1,3,3
"org.apache.avro.mapred.Pair.Pair(GenericContainer, Long)",3,1,3,3
"org.apache.avro.mapred.Pair.Pair(GenericContainer, Float)",3,1,3,3
"org.apache.avro.mapred.Pair.Pair(GenericContainer, Double)",3,1,3,3
"org.apache.avro.mapred.Pair.Pair(GenericContainer, Void)",3,1,3,3
"org.apache.avro.mapred.Pair.Pair(CharSequence, Object)",3,1,4,3
"org.apache.avro.mapred.Pair.Pair(CharSequence, GenericContainer)",3,1,3,3
"org.apache.avro.mapred.Pair.Pair(CharSequence, CharSequence)",3,1,3,2
"org.apache.avro.mapred.Pair.Pair(CharSequence, ByteBuffer)",3,1,4,2
"org.apache.avro.mapred.Pair.Pair(CharSequence, Integer)",3,1,6,2
"org.apache.avro.mapred.Pair.Pair(CharSequence, Long)",3,1,16,2
"org.apache.avro.mapred.Pair.Pair(CharSequence, Float)",3,1,4,2
"org.apache.avro.mapred.Pair.Pair(CharSequence, Double)",3,1,4,2
"org.apache.avro.mapred.Pair.Pair(CharSequence, Void)",3,1,4,2
"org.apache.avro.mapred.Pair.Pair(ByteBuffer, Object)",3,1,3,3
"org.apache.avro.mapred.Pair.Pair(ByteBuffer, GenericContainer)",3,1,3,3
"org.apache.avro.mapred.Pair.Pair(ByteBuffer, CharSequence)",3,1,4,2
"org.apache.avro.mapred.Pair.Pair(ByteBuffer, ByteBuffer)",3,1,3,2
"org.apache.avro.mapred.Pair.Pair(ByteBuffer, Integer)",3,1,4,2
"org.apache.avro.mapred.Pair.Pair(ByteBuffer, Long)",3,1,4,2
"org.apache.avro.mapred.Pair.Pair(ByteBuffer, Float)",3,1,4,2
"org.apache.avro.mapred.Pair.Pair(ByteBuffer, Double)",3,1,4,2
"org.apache.avro.mapred.Pair.Pair(ByteBuffer, Void)",3,1,4,2
"org.apache.avro.mapred.Pair.Pair(Integer, Object)",3,1,3,3
"org.apache.avro.mapred.Pair.Pair(Integer, GenericContainer)",3,1,3,3
"org.apache.avro.mapred.Pair.Pair(Integer, CharSequence)",3,1,4,2
"org.apache.avro.mapred.Pair.Pair(Integer, ByteBuffer)",3,1,4,2
"org.apache.avro.mapred.Pair.Pair(Integer, Integer)",3,1,3,2
"org.apache.avro.mapred.Pair.Pair(Integer, Long)",3,1,4,2
"org.apache.avro.mapred.Pair.Pair(Integer, Float)",3,1,4,2
"org.apache.avro.mapred.Pair.Pair(Integer, Double)",3,1,4,2
"org.apache.avro.mapred.Pair.Pair(Integer, Void)",3,1,4,2
"org.apache.avro.mapred.Pair.Pair(Long, Object)",3,1,3,3
"org.apache.avro.mapred.Pair.Pair(Long, GenericContainer)",3,1,3,3
"org.apache.avro.mapred.Pair.Pair(Long, CharSequence)",3,1,4,2
"org.apache.avro.mapred.Pair.Pair(Long, ByteBuffer)",3,1,4,2
"org.apache.avro.mapred.Pair.Pair(Long, Integer)",3,1,4,2
"org.apache.avro.mapred.Pair.Pair(Long, Long)",3,1,3,2
"org.apache.avro.mapred.Pair.Pair(Long, Float)",3,1,4,2
"org.apache.avro.mapred.Pair.Pair(Long, Double)",3,1,4,2
"org.apache.avro.mapred.Pair.Pair(Long, Void)",3,1,4,2
"org.apache.avro.mapred.Pair.Pair(Float, Object)",3,1,3,3
"org.apache.avro.mapred.Pair.Pair(Float, GenericContainer)",3,1,3,3
"org.apache.avro.mapred.Pair.Pair(Float, CharSequence)",3,1,4,2
"org.apache.avro.mapred.Pair.Pair(Float, ByteBuffer)",3,1,4,2
"org.apache.avro.mapred.Pair.Pair(Float, Integer)",3,1,4,2
"org.apache.avro.mapred.Pair.Pair(Float, Long)",3,1,4,2
"org.apache.avro.mapred.Pair.Pair(Float, Float)",3,1,3,2
"org.apache.avro.mapred.Pair.Pair(Float, Double)",3,1,4,2
"org.apache.avro.mapred.Pair.Pair(Float, Void)",3,1,4,2
"org.apache.avro.mapred.Pair.Pair(Double, Object)",3,1,3,3
"org.apache.avro.mapred.Pair.Pair(Double, GenericContainer)",3,1,3,3
"org.apache.avro.mapred.Pair.Pair(Double, CharSequence)",3,1,4,2
"org.apache.avro.mapred.Pair.Pair(Double, ByteBuffer)",3,1,4,2
"org.apache.avro.mapred.Pair.Pair(Double, Integer)",3,1,4,2
"org.apache.avro.mapred.Pair.Pair(Double, Long)",3,1,4,2
"org.apache.avro.mapred.Pair.Pair(Double, Float)",3,1,4,2
"org.apache.avro.mapred.Pair.Pair(Double, Double)",3,1,3,2
"org.apache.avro.mapred.Pair.Pair(Double, Void)",3,1,4,2
"org.apache.avro.mapred.Pair.Pair(Void, Object)",3,1,3,3
"org.apache.avro.mapred.Pair.Pair(Void, GenericContainer)",3,1,3,3
"org.apache.avro.mapred.Pair.Pair(Void, CharSequence)",3,1,4,2
"org.apache.avro.mapred.Pair.Pair(Void, ByteBuffer)",3,1,4,2
"org.apache.avro.mapred.Pair.Pair(Void, Integer)",3,1,4,2
"org.apache.avro.mapred.Pair.Pair(Void, Long)",3,1,4,2
"org.apache.avro.mapred.Pair.Pair(Void, Float)",3,1,4,2
"org.apache.avro.mapred.Pair.Pair(Void, Double)",3,1,4,2
"org.apache.avro.mapred.Pair.Pair(Void, Void)",3,1,3,2
org.apache.avro.mapred.Pair.getSchema(Object),9,2,19,5
org.apache.avro.mapred.HadoopReducerBase.getReducer(JobConf),1,1,1,1
"org.apache.avro.mapred.HadoopReducerBase.getCollector(OutputCollector<KO, VO>)",1,1,1,1
org.apache.avro.mapred.HadoopReducerBase.configure(JobConf),3,1,1,2
"org.apache.avro.mapred.HadoopReducerBase.reduce(AvroKey<K>, Iterator<AvroValue>, OutputCollector<KO, VO>, Reporter)",8,2,7,6
org.apache.avro.mapred.HadoopReducerBase.close(),3,1,1,1
org.apache.avro.mapred.AvroCollector.collect(T),1,1,20,0
"org.apache.avro.mapred.AvroReducer.reduce(K, Iterable<V>, AvroCollector<OUT>, Reporter)",10,3,5,6
org.apache.avro.mapred.AvroReducer.close(),2,1,1,0
org.apache.avro.mapred.AvroReducer.configure(JobConf),2,1,0,0
org.apache.avro.mapred.AvroJob.AvroJob(),1,1,0,1
"org.apache.avro.mapred.AvroJob.setInputSchema(JobConf, Schema)",4,1,22,3
org.apache.avro.mapred.AvroJob.getInputSchema(Configuration),4,2,4,3
"org.apache.avro.mapred.AvroJob.setMapOutputSchema(JobConf, Schema)",4,1,8,3
org.apache.avro.mapred.AvroJob.getMapOutputSchema(Configuration),3,1,12,3
"org.apache.avro.mapred.AvroJob.setOutputSchema(JobConf, Schema)",4,1,18,3
"org.apache.avro.mapred.AvroJob.setOutputCodec(JobConf, String)",3,1,4,1
"org.apache.avro.mapred.AvroJob.setOutputMeta(JobConf, String, String)",3,1,5,1
"org.apache.avro.mapred.AvroJob.setOutputMeta(JobConf, String, long)",3,1,5,2
"org.apache.avro.mapred.AvroJob.setOutputMeta(JobConf, String, byte[])",9,2,6,4
org.apache.avro.mapred.AvroJob.setInputSequenceFile(JobConf),3,1,3,1
org.apache.avro.mapred.AvroJob.setReflect(JobConf),4,1,3,2
org.apache.avro.mapred.AvroJob.setInputReflect(JobConf),3,1,3,1
org.apache.avro.mapred.AvroJob.setMapOutputReflect(JobConf),3,1,3,1
org.apache.avro.mapred.AvroJob.getOutputSchema(Configuration),3,1,8,3
org.apache.avro.mapred.AvroJob.configureAvroInput(JobConf),7,3,3,5
org.apache.avro.mapred.AvroJob.configureAvroOutput(JobConf),8,3,3,6
org.apache.avro.mapred.AvroJob.configureAvroShuffle(JobConf),12,2,4,9
"org.apache.avro.mapred.AvroJob.setMapperClass(JobConf, Class<? extends AvroMapper>)",4,1,11,2
"org.apache.avro.mapred.AvroJob.setCombinerClass(JobConf, Class<? extends AvroReducer>)",5,1,5,3
"org.apache.avro.mapred.AvroJob.setReducerClass(JobConf, Class<? extends AvroReducer>)",4,1,10,2
"org.apache.avro.mapred.AvroJob.setDataModelClass(JobConf, Class<? extends GenericData>)",3,1,3,1
org.apache.avro.mapred.AvroJob.getDataModelClass(Configuration),4,1,5,2
"org.apache.avro.mapred.AvroJob.newDataModelInstance(Class<? extends GenericData>, Configuration)",12,2,6,7
org.apache.avro.mapred.AvroJob.createDataModel(Configuration),3,1,3,3
org.apache.avro.mapred.AvroJob.createInputDataModel(Configuration),12,3,4,5
org.apache.avro.mapred.AvroJob.createMapOutputDataModel(Configuration),12,3,4,5
org.apache.avro.file.SeekableFileInput.SeekableFileInput(File),1,1,11,2
org.apache.avro.file.SeekableFileInput.SeekableFileInput(FileDescriptor),1,1,1,2
org.apache.avro.file.SeekableFileInput.seek(long),1,1,2,2
org.apache.avro.file.SeekableFileInput.tell(),1,1,1,3
org.apache.avro.file.SeekableFileInput.length(),1,1,1,3
org.apache.avro.io.LegacyBinaryEncoder.LegacyBinaryEncoder(OutputStream),4,1,2,4
org.apache.avro.io.LegacyBinaryEncoder.flush(),5,2,1,1
org.apache.avro.io.LegacyBinaryEncoder.writeNull(),1,1,0,0
org.apache.avro.io.LegacyBinaryEncoder.writeBoolean(boolean),3,2,2,1
org.apache.avro.io.LegacyBinaryEncoder.writeInt(int),3,1,2,1
org.apache.avro.io.LegacyBinaryEncoder.writeLong(long),3,1,3,1
org.apache.avro.io.LegacyBinaryEncoder.writeFloat(float),3,1,2,1
org.apache.avro.io.LegacyBinaryEncoder.writeDouble(double),3,1,2,1
org.apache.avro.io.LegacyBinaryEncoder.writeString(Utf8),3,1,1,3
org.apache.avro.io.LegacyBinaryEncoder.writeString(String),4,1,2,2
"org.apache.avro.io.LegacyBinaryEncoder.encodeString(byte[], int, int)",4,1,6,2
org.apache.avro.io.LegacyBinaryEncoder.writeBytes(ByteBuffer),3,1,2,1
"org.apache.avro.io.LegacyBinaryEncoder.writeBytes(byte[], int, int)",4,1,4,2
"org.apache.avro.io.LegacyBinaryEncoder.writeFixed(byte[], int, int)",3,1,4,1
org.apache.avro.io.LegacyBinaryEncoder.writeEnum(int),3,1,2,1
org.apache.avro.io.LegacyBinaryEncoder.writeArrayStart(),2,1,0,0
org.apache.avro.io.LegacyBinaryEncoder.setItemCount(long),5,2,1,1
org.apache.avro.io.LegacyBinaryEncoder.startItem(),2,1,0,0
org.apache.avro.io.LegacyBinaryEncoder.writeArrayEnd(),3,1,1,1
org.apache.avro.io.LegacyBinaryEncoder.writeMapStart(),2,1,0,0
org.apache.avro.io.LegacyBinaryEncoder.writeMapEnd(),3,1,1,1
org.apache.avro.io.LegacyBinaryEncoder.writeIndex(int),3,1,2,1
"org.apache.avro.io.LegacyBinaryEncoder.encodeLong(long, OutputStream)",8,2,11,1
"org.apache.avro.io.LegacyBinaryEncoder.encodeFloat(float, OutputStream)",7,1,3,2
"org.apache.avro.io.LegacyBinaryEncoder.encodeDouble(double, OutputStream)",11,1,3,2
org.apache.avro.specific.TestSpecificData.testHashCode(),4,1,1,3
org.apache.avro.specific.TestSpecificData.testToString(),3,1,0,1
org.apache.avro.specific.TestSpecificData.testGetMapSchema(),3,1,0,4
org.apache.avro.specific.TestSpecificData.testSpecificWithinGeneric(),21,1,2,13
org.apache.avro.specific.TestSpecificData.testConvertGenericToSpecific(),9,1,1,3
org.apache.avro.specific.TestSpecificData.testGetClassSchema(),5,1,1,2
org.apache.avro.specific.TestSpecificData.testSpecificRecordToString(),14,1,1,11
org.apache.avro.specific.TestSpecificData.testExternalizeable(),14,1,1,12
org.apache.avro.specific.TestSpecificData.testReservedEnumSymbol(),5,1,2,3
org.apache.avro.FooBarSpecificRecord.getClassSchema(),1,1,1,1
org.apache.avro.FooBarSpecificRecord.FooBarSpecificRecord(),1,1,2,1
"org.apache.avro.FooBarSpecificRecord.FooBarSpecificRecord(java.lang.Integer, java.lang.String, java.util.List<java.lang.String>, java.util.List<java.lang.Integer>, org.apache.avro.TypeEnum)",7,1,5,6
org.apache.avro.FooBarSpecificRecord.getSchema(),1,1,1,1
org.apache.avro.FooBarSpecificRecord.get(int),10,6,6,1
"org.apache.avro.FooBarSpecificRecord.put(int, java.lang.Object)",10,6,2,5
org.apache.avro.FooBarSpecificRecord.getId(),3,1,1,1
org.apache.avro.FooBarSpecificRecord.setId(java.lang.Integer),3,1,3,1
org.apache.avro.FooBarSpecificRecord.getName(),3,1,1,1
org.apache.avro.FooBarSpecificRecord.setName(java.lang.String),3,1,1,1
org.apache.avro.FooBarSpecificRecord.getNicknames(),3,1,1,1
org.apache.avro.FooBarSpecificRecord.setNicknames(java.util.List<java.lang.String>),3,1,1,1
org.apache.avro.FooBarSpecificRecord.getRelatedids(),3,1,1,1
org.apache.avro.FooBarSpecificRecord.setRelatedids(java.util.List<java.lang.Integer>),3,1,1,1
org.apache.avro.FooBarSpecificRecord.getTypeEnum(),3,1,1,1
org.apache.avro.FooBarSpecificRecord.setTypeEnum(org.apache.avro.TypeEnum),3,1,1,1
org.apache.avro.FooBarSpecificRecord.newBuilder(),3,1,3,1
org.apache.avro.FooBarSpecificRecord.newBuilder(org.apache.avro.FooBarSpecificRecord.Builder),3,1,1,1
org.apache.avro.FooBarSpecificRecord.newBuilder(org.apache.avro.FooBarSpecificRecord),3,1,1,1
org.apache.avro.FooBarSpecificRecord.writeExternal(java.io.ObjectOutput),4,1,2,2
org.apache.avro.FooBarSpecificRecord.readExternal(java.io.ObjectInput),4,1,2,2
org.apache.avro.TypeEnum.getClassSchema(),1,1,1,1
org.apache.avro.TypeEnum.values(),0,1,1,1
org.apache.avro.TypeEnum.valueOf(),0,1,0,1
org.apache.avro.TestSchema.testSplitSchemaBuild(),17,1,0,19
org.apache.avro.TestSchema.testDuplicateRecordFieldName(),12,2,3,10
org.apache.avro.TestSchema.testCreateUnionVarargs(),8,1,2,6
org.apache.avro.TestSchema.testEmptyRecordSchema(),5,1,0,3
org.apache.avro.TestSchema.testSchemaWithFields(),9,1,2,10
org.apache.avro.TestSchema.testSchemaWithNullFields(),3,1,0,1
org.apache.avro.specific.SpecificDatumWriter.SpecificDatumWriter(),3,1,3,3
org.apache.avro.specific.SpecificDatumWriter.SpecificDatumWriter(Class<T>),3,1,1,4
org.apache.avro.specific.SpecificDatumWriter.SpecificDatumWriter(Schema),3,1,7,3
"org.apache.avro.specific.SpecificDatumWriter.SpecificDatumWriter(Schema, SpecificData)",3,1,6,2
org.apache.avro.specific.SpecificDatumWriter.SpecificDatumWriter(SpecificData),3,1,2,2
org.apache.avro.specific.SpecificDatumWriter.getSpecificData(),3,1,1,2
"org.apache.avro.specific.SpecificDatumWriter.writeEnum(Schema, Object, Encoder)",7,2,3,3
"org.apache.avro.specific.SpecificDatumWriter.writeString(Schema, Object, Encoder)",8,2,2,5
"org.apache.avro.specific.SpecificDatumWriter.writeField(Object, Schema.Field, Encoder, Object)",15,3,5,10
org.apache.avro.specific.SpecificRecordBase.getSchema(),1,1,8,1
org.apache.avro.specific.SpecificRecordBase.get(int),1,1,1,1
"org.apache.avro.specific.SpecificRecordBase.put(int, Object)",1,1,1,0
org.apache.avro.specific.SpecificRecordBase.getConversion(int),3,1,3,1
"org.apache.avro.specific.SpecificRecordBase.put(String, Object)",3,1,4,4
org.apache.avro.specific.SpecificRecordBase.get(String),3,1,2,5
org.apache.avro.specific.SpecificRecordBase.getConverion(String),3,1,1,5
org.apache.avro.specific.SpecificRecordBase.equals(Object),6,4,1,5
org.apache.avro.specific.SpecificRecordBase.hashCode(),3,1,0,4
org.apache.avro.specific.SpecificRecordBase.compareTo(SpecificRecord),3,1,1,4
org.apache.avro.specific.SpecificRecordBase.toString(),3,1,1,3
org.apache.avro.specific.SpecificRecordBase.writeExternal(ObjectOutput),5,1,1,4
org.apache.avro.specific.SpecificRecordBase.readExternal(ObjectInput),5,1,1,4
org.apache.avro.AvroRuntimeException.AvroRuntimeException(Throwable),1,1,32,2
org.apache.avro.AvroRuntimeException.AvroRuntimeException(String),1,1,79,2
"org.apache.avro.AvroRuntimeException.AvroRuntimeException(String, Throwable)",3,1,10,2
org.apache.avro.util.ClassUtils.ClassUtils(),2,1,0,1
org.apache.avro.util.ClassUtils.forName(String),4,1,6,2
"org.apache.avro.util.ClassUtils.forName(Class<?>, String)",15,4,3,6
"org.apache.avro.util.ClassUtils.forName(ClassLoader, String)",14,4,4,5
"org.apache.avro.util.ClassUtils.forName(String, ClassLoader)",10,3,4,2
org.apache.avro.thrift.ThriftDatumReader.ThriftDatumReader(),3,1,0,3
org.apache.avro.thrift.ThriftDatumReader.ThriftDatumReader(Class<T>),3,1,1,4
org.apache.avro.thrift.ThriftDatumReader.ThriftDatumReader(Schema),3,1,2,3
"org.apache.avro.thrift.ThriftDatumReader.ThriftDatumReader(Schema, Schema)",3,1,2,3
"org.apache.avro.thrift.ThriftDatumReader.ThriftDatumReader(Schema, Schema, ThriftData)",3,1,7,2
"org.apache.avro.thrift.ThriftDatumReader.createEnum(String, Schema)",9,3,3,6
"org.apache.avro.thrift.ThriftDatumReader.readInt(Object, Schema, Decoder)",10,4,3,4
"org.apache.avro.thrift.ThriftDatumReader.newArray(Object, int, Schema)",11,3,4,6
org.apache.avro.JsonProperties.JsonProperties(Set<String>),3,1,6,2
org.apache.avro.JsonProperties.getProp(String),4,2,19,4
org.apache.avro.JsonProperties.getJsonProp(String),3,1,6,2
org.apache.avro.JsonProperties.getObjectProp(String),3,1,4,3
"org.apache.avro.JsonProperties.addProp(String, String)",3,1,28,2
"org.apache.avro.JsonProperties.addProp(String, JsonNode)",11,5,9,5
"org.apache.avro.JsonProperties.addProp(String, Object)",3,1,3,2
org.apache.avro.JsonProperties.getProps(),7,3,3,8
"org.apache.avro.JsonProperties.jsonProps(Map<String, String>)",6,2,1,7
org.apache.avro.JsonProperties.getJsonProps(),3,1,3,2
org.apache.avro.JsonProperties.getObjectProps(),6,2,1,7
org.apache.avro.JsonProperties.writeProps(JsonGenerator),4,2,11,4
"org.apache.avro.GenerateBlockingData.writeBlock(Encoder, FileOutputStream)",8,1,6,5
org.apache.avro.GenerateBlockingData.main(String[]),27,5,8,17
org.apache.avro.io.EncoderFactory.get(),3,1,39,1
org.apache.avro.io.EncoderFactory.configureBufferSize(int),8,3,1,2
org.apache.avro.io.EncoderFactory.getBufferSize(),3,1,1,1
org.apache.avro.io.EncoderFactory.configureBlockSize(int),8,3,8,2
org.apache.avro.io.EncoderFactory.getBlockSize(),3,1,1,1
"org.apache.avro.io.EncoderFactory.binaryEncoder(OutputStream, BinaryEncoder)",7,2,34,5
"org.apache.avro.io.EncoderFactory.directBinaryEncoder(OutputStream, BinaryEncoder)",7,2,22,5
"org.apache.avro.io.EncoderFactory.blockingBinaryEncoder(OutputStream, BinaryEncoder)",11,3,12,5
"org.apache.avro.io.EncoderFactory.jsonEncoder(Schema, OutputStream)",4,1,14,2
"org.apache.avro.io.EncoderFactory.jsonEncoder(Schema, OutputStream, boolean)",4,1,5,2
"org.apache.avro.io.EncoderFactory.jsonEncoder(Schema, JsonGenerator)",4,1,4,2
"org.apache.avro.io.EncoderFactory.validatingEncoder(Schema, Encoder)",4,1,7,2
"org.apache.avro.RandomData.RandomData(Schema, int)",3,1,5,3
"org.apache.avro.RandomData.RandomData(Schema, int, long)",5,1,11,4
org.apache.avro.RandomData.iterator(),12,1,0,1
"org.apache.avro.RandomData.generate(Schema, Random, int)",44,20,18,26
"org.apache.avro.RandomData.randomUtf8(Random, int)",7,2,3,6
"org.apache.avro.RandomData.randomBytes(Random, int)",6,1,3,7
org.apache.avro.RandomData.main(String[]),18,4,3,13
org.apache.avro.mapred.TestAvroWrapper.testToString(),5,1,0,3
org.apache.avro.thrift.test.FooOrBar.FooOrBar(),3,1,4,1
"org.apache.avro.thrift.test.FooOrBar.FooOrBar(_Fields, Object)",3,1,2,1
org.apache.avro.thrift.test.FooOrBar.FooOrBar(FooOrBar),3,1,3,1
org.apache.avro.thrift.test.FooOrBar.deepCopy(),3,1,0,2
org.apache.avro.thrift.test.FooOrBar.foo(String),5,1,2,3
org.apache.avro.thrift.test.FooOrBar.bar(String),5,1,1,3
"org.apache.avro.thrift.test.FooOrBar.checkType(_Fields, Object)",16,5,4,4
"org.apache.avro.thrift.test.FooOrBar.standardSchemeReadValue(org.apache.thrift.protocol.TProtocol, org.apache.thrift.protocol.TField)",30,6,8,5
org.apache.avro.thrift.test.FooOrBar.standardSchemeWriteValue(org.apache.thrift.protocol.TProtocol),14,3,5,2
"org.apache.avro.thrift.test.FooOrBar.tupleSchemeReadValue(org.apache.thrift.protocol.TProtocol, short)",19,4,4,4
org.apache.avro.thrift.test.FooOrBar.tupleSchemeWriteValue(org.apache.thrift.protocol.TProtocol),14,3,5,2
org.apache.avro.thrift.test.FooOrBar.getFieldDesc(_Fields),10,3,7,2
org.apache.avro.thrift.test.FooOrBar.getStructDesc(),3,1,1,1
org.apache.avro.thrift.test.FooOrBar.enumForId(short),3,1,1,2
org.apache.avro.thrift.test.FooOrBar.fieldForId(int),3,1,1,2
org.apache.avro.thrift.test.FooOrBar.getFoo(),7,2,1,5
org.apache.avro.thrift.test.FooOrBar.setFoo(String),5,2,5,1
org.apache.avro.thrift.test.FooOrBar.getBar(),7,2,1,5
org.apache.avro.thrift.test.FooOrBar.setBar(String),5,2,5,1
org.apache.avro.thrift.test.FooOrBar.isSetFoo(),3,1,2,1
org.apache.avro.thrift.test.FooOrBar.isSetBar(),3,1,2,1
org.apache.avro.thrift.test.FooOrBar.equals(Object),7,2,1,2
org.apache.avro.thrift.test.FooOrBar.equals(FooOrBar),3,1,3,4
org.apache.avro.thrift.test.FooOrBar.compareTo(FooOrBar),7,2,1,4
org.apache.avro.thrift.test.FooOrBar.hashCode(),3,1,0,1
org.apache.avro.thrift.test.FooOrBar.writeObject(java.io.ObjectOutputStream),7,2,2,1
org.apache.avro.thrift.test.FooOrBar.readObject(java.io.ObjectInputStream),7,2,2,1
org.apache.avro.TestProtocolSpecificMeta.createServer(Responder),5,1,1,5
org.apache.avro.TestProtocolSpecificMeta.createTransceiver(),3,1,1,4
org.apache.avro.TestProtocolSpecificMeta.addRpcPlugins(Requestor),4,1,1,2
org.apache.avro.TestProtocolSpecific.testStartServer(),12,2,5,11
org.apache.avro.TestProtocolSpecific.addRpcPlugins(Requestor),1,1,3,0
org.apache.avro.TestProtocolSpecific.createServer(Responder),4,1,2,4
org.apache.avro.TestProtocolSpecific.createTransceiver(),3,1,3,4
org.apache.avro.TestProtocolSpecific.testClassLoader(),10,1,2,5
org.apache.avro.TestProtocolSpecific.testGetRemote(),3,1,2,2
org.apache.avro.TestProtocolSpecific.testHello(),4,1,2,2
org.apache.avro.TestProtocolSpecific.testHashCode(),4,1,0,1
org.apache.avro.TestProtocolSpecific.testEcho(),9,1,3,6
org.apache.avro.TestProtocolSpecific.testAdd(),4,1,1,2
org.apache.avro.TestProtocolSpecific.testEchoBytes(),9,1,2,8
org.apache.avro.TestProtocolSpecific.testEmptyEchoBytes(),6,1,1,4
org.apache.avro.TestProtocolSpecific.testError(),10,2,3,5
org.apache.avro.TestProtocolSpecific.testUndeclaredError(),13,2,2,6
org.apache.avro.TestProtocolSpecific.testOneWay(),8,2,2,5
org.apache.avro.TestProtocolSpecific.testRepeatedAccess(),5,2,1,1
org.apache.avro.TestProtocolSpecific.testConnectionRefusedOneWay(),7,1,1,5
org.apache.avro.TestProtocolSpecific.testParamVariation(),27,1,3,18
org.apache.avro.TestProtocolSpecific.testHandshakeCount(),3,1,1,1
org.apache.avro.TestProtocolSpecific.testStopServer(),5,1,2,3
org.apache.avro.TestProtocolSpecific.getExpectedHandshakeCount(),3,1,2,1
org.apache.avro.RPCMetaTestPlugin.RPCMetaTestPlugin(String),3,1,5,2
org.apache.avro.RPCMetaTestPlugin.clientStartConnect(RPCContext),4,1,2,4
org.apache.avro.RPCMetaTestPlugin.serverConnecting(RPCContext),16,2,2,16
org.apache.avro.RPCMetaTestPlugin.clientFinishConnect(RPCContext),17,2,2,16
org.apache.avro.RPCMetaTestPlugin.clientSendRequest(RPCContext),7,1,2,9
org.apache.avro.RPCMetaTestPlugin.serverReceiveRequest(RPCContext),16,2,2,15
org.apache.avro.RPCMetaTestPlugin.serverSendResponse(RPCContext),15,2,2,14
org.apache.avro.RPCMetaTestPlugin.clientReceiveResponse(RPCContext),15,2,2,14
"org.apache.avro.RPCMetaTestPlugin.checkRPCMetaMap(Map<String, ByteBuffer>)",9,1,4,8
"org.apache.avro.reflect.DateAsLongEncoding.write(Object, Encoder)",3,1,2,2
"org.apache.avro.reflect.DateAsLongEncoding.read(Object, Decoder)",7,2,2,4
org.apache.avro.io.Decoder.readNull(),1,1,4,0
org.apache.avro.io.Decoder.readBoolean(),1,1,10,1
org.apache.avro.io.Decoder.readInt(),1,1,25,1
org.apache.avro.io.Decoder.readLong(),1,1,22,1
org.apache.avro.io.Decoder.readFloat(),1,1,13,1
org.apache.avro.io.Decoder.readDouble(),1,1,14,1
org.apache.avro.io.Decoder.readString(Utf8),1,1,9,1
org.apache.avro.io.Decoder.readString(),1,1,5,1
org.apache.avro.io.Decoder.skipString(),1,1,7,0
org.apache.avro.io.Decoder.readBytes(ByteBuffer),1,1,10,1
org.apache.avro.io.Decoder.skipBytes(),1,1,10,0
"org.apache.avro.io.Decoder.readFixed(byte[], int, int)",2,1,3,0
org.apache.avro.io.Decoder.readFixed(byte[]),3,1,9,1
org.apache.avro.io.Decoder.skipFixed(int),1,1,5,0
org.apache.avro.io.Decoder.readEnum(),1,1,6,1
org.apache.avro.io.Decoder.readArrayStart(),1,1,7,1
org.apache.avro.io.Decoder.arrayNext(),1,1,7,1
org.apache.avro.io.Decoder.skipArray(),1,1,6,1
org.apache.avro.io.Decoder.readMapStart(),1,1,6,1
org.apache.avro.io.Decoder.mapNext(),1,1,6,1
org.apache.avro.io.Decoder.skipMap(),1,1,5,1
org.apache.avro.io.Decoder.readIndex(),1,1,7,1
"org.apache.avro.reflect.CustomEncoding.write(Object, Encoder)",1,1,2,0
"org.apache.avro.reflect.CustomEncoding.read(Object, Decoder)",1,1,1,1
org.apache.avro.reflect.CustomEncoding.read(Decoder),3,1,3,2
org.apache.avro.reflect.CustomEncoding.getSchema(),3,1,2,1
org.apache.avro.mapreduce.AvroSequenceFileOutputFormat.getRecordWriter(TaskAttemptContext),41,4,3,23
"org.apache.avro.mapreduce.AvroSequenceFileOutputFormat.setOutputCompressionType(Job, CompressionType)",4,1,3,4
org.apache.avro.mapreduce.AvroSequenceFileOutputFormat.getOutputCompressionType(Configuration),4,1,4,4
org.apache.avro.hadoop.io.AvroSequenceFile.AvroSequenceFile(),1,1,0,1
org.apache.avro.hadoop.io.AvroSequenceFile.createWriter(Writer.Options),9,1,2,14
"org.apache.avro.hadoop.io.AvroSequenceFile.getMetadata(FileSystem, Path, Configuration)",12,2,4,3
"org.apache.avro.ValidateCanBeRead.validate(Schema, Schema)",4,1,2,1
"org.apache.avro.SchemaValidationException.SchemaValidationException(Schema, Schema)",3,1,3,3
"org.apache.avro.SchemaValidationException.SchemaValidationException(Schema, Schema, Throwable)",4,1,4,3
"org.apache.avro.SchemaValidationException.getMessage(Schema, Schema)",4,1,4,2
"org.apache.avro.ValidateMutualRead.validate(Schema, Schema)",5,1,2,1
"org.apache.avro.ValidateMutualRead.canRead(Schema, Schema)",13,3,6,4
org.apache.avro.TestProtocolParsing.getSimpleProtocol(),4,1,4,3
org.apache.avro.TestProtocolParsing.testParsing(),6,1,0,7
org.apache.avro.TestProtocolParsing.parseMessage(String),7,1,4,6
org.apache.avro.TestProtocolParsing.oneWay(),12,1,0,3
org.apache.avro.TestProtocolParsing.oneWayResponse(),6,1,0,1
org.apache.avro.TestProtocolParsing.oneWayError(),6,1,0,1
org.apache.avro.TestProtocolParsing.testMessageFieldAliases(),8,1,0,9
org.apache.avro.TestProtocolParsing.testMessageCustomProperties(),8,1,0,8
org.apache.avro.SchemaParseException.SchemaParseException(Throwable),1,1,3,2
org.apache.avro.SchemaParseException.SchemaParseException(String),1,1,12,2
"org.apache.avro.UnresolvedUnionException.UnresolvedUnionException(Schema, Object)",5,1,3,5
org.apache.avro.UnresolvedUnionException.getUnresolvedDatum(),3,1,1,1
org.apache.avro.UnresolvedUnionException.getUnionSchema(),3,1,1,1
"org.apache.avro.mapred.SequenceFileRecordReader.SequenceFileRecordReader(JobConf, FileSplit)",5,1,3,4
"org.apache.avro.mapred.AvroRecordReader.AvroRecordReader(JobConf, FileSplit)",8,1,9,7
"org.apache.avro.mapred.AvroRecordReader.AvroRecordReader(FileReader<T>, FileSplit)",7,1,4,8
org.apache.avro.mapred.AvroRecordReader.createKey(),3,1,0,2
org.apache.avro.mapred.AvroRecordReader.createValue(),1,1,0,2
"org.apache.avro.mapred.AvroRecordReader.next(AvroWrapper<T>, NullWritable)",7,2,9,6
org.apache.avro.mapred.AvroRecordReader.getProgress(),7,2,2,3
org.apache.avro.mapred.AvroRecordReader.getPos(),3,1,2,2
org.apache.avro.mapred.AvroRecordReader.close(),1,1,1,1
org.apache.avro.mapred.SequenceFileReader.SequenceFileReader(File),3,1,3,3
"org.apache.avro.mapred.SequenceFileReader.SequenceFileReader(URI, Configuration)",4,1,3,4
"org.apache.avro.mapred.SequenceFileReader.SequenceFileReader(SequenceFile.Reader, Configuration)",16,3,4,16
org.apache.avro.mapred.SequenceFileReader.close(),1,1,1,1
org.apache.avro.mapred.SequenceFileReader.remove(),1,1,0,1
org.apache.avro.mapred.SequenceFileReader.iterator(),1,1,0,1
org.apache.avro.mapred.SequenceFileReader.getSchema(),1,1,1,1
org.apache.avro.mapred.SequenceFileReader.prepare(),5,2,5,3
org.apache.avro.mapred.SequenceFileReader.hasNext(),8,2,3,3
org.apache.avro.mapred.SequenceFileReader.next(),7,2,1,3
"org.apache.avro.mapred.SequenceFileReader.next(Pair<K, V>)",16,3,9,12
org.apache.avro.mapred.SequenceFileReader.sync(long),5,2,2,3
org.apache.avro.mapred.SequenceFileReader.pastSync(long),3,1,2,3
org.apache.avro.mapred.SequenceFileReader.tell(),1,1,1,2
org.apache.avro.ValidateAll.ValidateAll(SchemaValidationStrategy),3,1,2,2
"org.apache.avro.ValidateAll.validate(Schema, Iterable<Schema>)",8,2,3,4
org.apache.avro.data.RecordBuilderBase.schema(),1,1,7,1
org.apache.avro.data.RecordBuilderBase.fields(),1,1,49,1
org.apache.avro.data.RecordBuilderBase.fieldSetFlags(),1,1,113,1
org.apache.avro.data.RecordBuilderBase.data(),1,1,12,1
"org.apache.avro.data.RecordBuilderBase.RecordBuilderBase(Schema, GenericData)",6,1,11,7
"org.apache.avro.data.RecordBuilderBase.RecordBuilderBase(RecordBuilderBase<T>, GenericData)",8,1,9,8
"org.apache.avro.data.RecordBuilderBase.validate(Field, Object)",12,3,34,3
"org.apache.avro.data.RecordBuilderBase.isValidValue(Field, Object)",18,6,19,4
org.apache.avro.data.RecordBuilderBase.defaultValue(Field),3,1,8,4
org.apache.avro.data.RecordBuilderBase.hashCode(),7,2,3,3
org.apache.avro.data.RecordBuilderBase.equals(Object),18,8,4,4
"org.apache.avro.io.parsing.ResolvingGrammarGenerator.generate(Schema, Schema)",4,1,9,4
"org.apache.avro.io.parsing.ResolvingGrammarGenerator.generate(Schema, Schema, Map<LitS, Symbol>)",115,42,36,23
"org.apache.avro.io.parsing.ResolvingGrammarGenerator.resolveUnion(Schema, Schema, Map<LitS, Symbol>)",15,2,4,8
"org.apache.avro.io.parsing.ResolvingGrammarGenerator.resolveRecords(Schema, Schema, Map<LitS, Symbol>)",59,11,6,18
"org.apache.avro.io.parsing.ResolvingGrammarGenerator.getBinary(Schema, JsonNode)",7,1,4,6
"org.apache.avro.io.parsing.ResolvingGrammarGenerator.encode(Encoder, Schema, JsonNode)",96,30,21,46
"org.apache.avro.io.parsing.ResolvingGrammarGenerator.mkEnumAdjust(List<String>, List<String>)",10,3,4,6
org.apache.avro.io.parsing.ResolvingGrammarGenerator.hasMatchError(Symbol),12,4,4,1
"org.apache.avro.io.parsing.ResolvingGrammarGenerator.bestBranch(Schema, Schema, Map<LitS, Symbol>)",60,19,13,8
org.apache.avro.ipc.CallFuture.CallFuture(),3,1,9,2
org.apache.avro.ipc.CallFuture.CallFuture(Callback<T>),3,1,3,2
org.apache.avro.ipc.CallFuture.handleResult(T),7,2,7,3
org.apache.avro.ipc.CallFuture.handleError(Throwable),7,2,7,3
org.apache.avro.ipc.CallFuture.getResult(),3,1,2,1
org.apache.avro.ipc.CallFuture.getError(),3,1,7,1
org.apache.avro.ipc.CallFuture.cancel(boolean),3,1,0,1
org.apache.avro.ipc.CallFuture.isCancelled(),3,1,0,1
org.apache.avro.ipc.CallFuture.get(),8,2,7,3
"org.apache.avro.ipc.CallFuture.get(long, TimeUnit)",11,3,10,4
org.apache.avro.ipc.CallFuture.await(),3,1,2,1
"org.apache.avro.ipc.CallFuture.await(long, TimeUnit)",6,2,3,2
org.apache.avro.ipc.CallFuture.isDone(),3,1,1,2
org.apache.avro.file.CodecFactory.nullCodec(),3,1,15,1
org.apache.avro.file.CodecFactory.deflateCodec(int),3,1,11,1
org.apache.avro.file.CodecFactory.xzCodec(int),3,1,6,1
org.apache.avro.file.CodecFactory.snappyCodec(),3,1,3,1
org.apache.avro.file.CodecFactory.bzip2Codec(),3,1,2,1
org.apache.avro.file.CodecFactory.createInstance(),1,1,6,1
org.apache.avro.file.CodecFactory.fromString(String),7,2,26,3
"org.apache.avro.file.CodecFactory.addCodec(String, CodecFactory)",3,1,3,2
org.apache.avro.file.CodecFactory.toString(),4,1,2,3
org.apache.avro.file.DataFileWriter.DataFileWriter(DatumWriter<D>),3,1,60,2
org.apache.avro.file.DataFileWriter.assertOpen(),3,2,5,1
org.apache.avro.file.DataFileWriter.assertNotOpen(),3,2,5,1
org.apache.avro.file.DataFileWriter.setCodec(CodecFactory),6,1,21,6
org.apache.avro.file.DataFileWriter.setSyncInterval(int),7,2,8,3
"org.apache.avro.file.DataFileWriter.create(Schema, File)",3,1,29,3
"org.apache.avro.file.DataFileWriter.create(Schema, OutputStream)",4,1,25,2
"org.apache.avro.file.DataFileWriter.create(Schema, OutputStream, byte[])",26,4,12,21
org.apache.avro.file.DataFileWriter.setFlushOnEveryBlock(boolean),3,1,3,1
org.apache.avro.file.DataFileWriter.isFlushOnEveryBlock(),3,1,1,1
org.apache.avro.file.DataFileWriter.appendTo(File),4,1,3,4
"org.apache.avro.file.DataFileWriter.appendTo(SeekableInput, OutputStream)",19,2,8,17
org.apache.avro.file.DataFileWriter.init(OutputStream),14,2,10,14
org.apache.avro.file.DataFileWriter.generateSync(),10,2,2,8
"org.apache.avro.file.DataFileWriter.setMetaInternal(String, byte[])",5,1,5,3
"org.apache.avro.file.DataFileWriter.setMetaInternal(String, String)",7,2,5,4
"org.apache.avro.file.DataFileWriter.setMeta(String, byte[])",6,2,8,4
org.apache.avro.file.DataFileWriter.isReservedMeta(String),3,1,5,2
"org.apache.avro.file.DataFileWriter.setMeta(String, String)",7,2,12,4
"org.apache.avro.file.DataFileWriter.setMeta(String, long)",3,1,2,3
org.apache.avro.file.DataFileWriter.append(D),15,3,54,7
org.apache.avro.file.DataFileWriter.resetBufferTo(int),6,1,4,4
org.apache.avro.file.DataFileWriter.appendEncoded(ByteBuffer),6,1,3,4
org.apache.avro.file.DataFileWriter.bufferInUse(),3,1,4,3
org.apache.avro.file.DataFileWriter.writeIfBlockFull(),4,2,3,2
"org.apache.avro.file.DataFileWriter.appendAllFrom(DataFileStream<D>, boolean)",23,5,9,12
org.apache.avro.file.DataFileWriter.writeBlock(),12,2,10,8
org.apache.avro.file.DataFileWriter.sync(),5,1,11,4
org.apache.avro.file.DataFileWriter.flush(),4,1,9,2
org.apache.avro.file.DataFileWriter.fSync(),6,2,2,2
org.apache.avro.file.DataFileWriter.close(),7,2,56,3
org.apache.avro.ipc.TestNettyServerWithCompression.initializeServer(Responder),9,1,1,4
org.apache.avro.ipc.TestNettyServerWithCompression.initializeTransceiver(int),5,1,2,3
org.apache.avro.ipc.TestNettyServer.initializeConnections(),11,1,5,10
org.apache.avro.ipc.TestNettyServer.initializeServer(Responder),3,1,2,3
org.apache.avro.ipc.TestNettyServer.initializeTransceiver(int),4,1,3,3
org.apache.avro.ipc.TestNettyServer.tearDownConnections(),4,1,2,2
org.apache.avro.ipc.TestNettyServer.testRequestResponse(),5,2,1,3
org.apache.avro.ipc.TestNettyServer.verifyResponse(String),5,1,3,2
org.apache.avro.ipc.TestNettyServer.testOneway(),7,2,2,4
org.apache.avro.ipc.TestNettyServer.testMixtureOfRequests(),10,2,2,7
org.apache.avro.ipc.TestNettyServer.testConnectionsCount(),10,1,4,9
org.apache.avro.ipc.TestNettyServer.createMessage(),8,1,4,6
org.apache.avro.ipc.TestNettyServer.testBadRequest(),13,1,1,12
"org.apache.avro.ipc.NettyServer.NettyServer(Responder, InetSocketAddress)",4,1,10,3
"org.apache.avro.ipc.NettyServer.NettyServer(Responder, InetSocketAddress, ChannelFactory)",4,1,4,2
"org.apache.avro.ipc.NettyServer.NettyServer(Responder, InetSocketAddress, ChannelFactory, ChannelPipelineFactory, ExecutionHandler)",24,1,9,8
"org.apache.avro.ipc.NettyServer.NettyServer(Responder, InetSocketAddress, ChannelFactory, ExecutionHandler)",10,1,6,2
org.apache.avro.ipc.NettyServer.start(),2,1,1,0
org.apache.avro.ipc.NettyServer.close(),6,1,4,4
org.apache.avro.ipc.NettyServer.getPort(),3,1,2,3
org.apache.avro.ipc.NettyServer.join(),3,1,1,1
org.apache.avro.ipc.NettyServer.getNumActiveConnections(),3,1,2,2
org.apache.avro.ipc.NettyTransceiver.NettyTransceiver(),7,1,0,6
org.apache.avro.ipc.NettyTransceiver.NettyTransceiver(InetSocketAddress),3,1,2,2
"org.apache.avro.ipc.NettyTransceiver.NettyTransceiver(InetSocketAddress, Long)",9,1,13,5
"org.apache.avro.ipc.NettyTransceiver.NettyTransceiver(InetSocketAddress, ChannelFactory)",4,1,2,3
"org.apache.avro.ipc.NettyTransceiver.NettyTransceiver(InetSocketAddress, ChannelFactory, Long)",5,1,3,3
"org.apache.avro.ipc.NettyTransceiver.NettyTransceiver(InetSocketAddress, ChannelFactory, Map<String, Object>)",41,7,11,17
org.apache.avro.ipc.NettyTransceiver.createNettyClientAvroHandler(),3,1,1,1
org.apache.avro.ipc.NettyTransceiver.buildDefaultBootstrapOptions(Long),10,2,8,3
org.apache.avro.ipc.NettyTransceiver.isChannelReady(Channel),4,1,2,4
org.apache.avro.ipc.NettyTransceiver.getChannel(),37,7,12,20
org.apache.avro.ipc.NettyTransceiver.disconnect(),3,1,0,1
"org.apache.avro.ipc.NettyTransceiver.disconnect(boolean, boolean, Throwable)",62,14,17,26
org.apache.avro.ipc.NettyTransceiver.lockChannel(),2,1,0,0
org.apache.avro.ipc.NettyTransceiver.unlockChannel(),2,1,0,0
org.apache.avro.ipc.NettyTransceiver.close(),3,1,1,1
org.apache.avro.ipc.NettyTransceiver.close(boolean),8,1,3,3
org.apache.avro.ipc.NettyTransceiver.getRemoteName(),8,1,1,7
org.apache.avro.ipc.NettyTransceiver.transceive(List<ByteBuffer>),14,3,4,5
"org.apache.avro.ipc.NettyTransceiver.transceive(List<ByteBuffer>, Callback<List>)",12,1,6,7
org.apache.avro.ipc.NettyTransceiver.writeBuffers(List<ByteBuffer>),21,4,4,13
org.apache.avro.ipc.NettyTransceiver.writeDataPack(NettyDataPack),3,1,3,3
org.apache.avro.ipc.NettyTransceiver.readBuffers(),3,1,0,2
org.apache.avro.ipc.NettyTransceiver.getRemote(),8,1,2,4
org.apache.avro.ipc.NettyTransceiver.isConnected(),8,1,2,4
org.apache.avro.ipc.NettyTransceiver.setRemote(Protocol),8,1,2,4
org.apache.avro.LogicalType.LogicalType(String),3,1,12,3
org.apache.avro.LogicalType.getName(),3,1,29,1
org.apache.avro.LogicalType.addToSchema(Schema),6,1,30,4
org.apache.avro.LogicalType.validate(Schema),8,3,13,2
org.apache.avro.util.TestCaseFinder.mk(String),2,1,6,3
org.apache.avro.util.TestCaseFinder.pr(List<Object>),12,3,2,5
"org.apache.avro.util.TestCaseFinder.eq(List<Object>, List<Object>)",7,5,3,4
"org.apache.avro.util.CaseFinder.find(BufferedReader, String, List<Object>)",29,8,14,9
"org.apache.avro.util.CaseFinder.processHereDoc(BufferedReader, String)",28,7,4,15
org.apache.avro.specific.TestSpecificErrorBuilder.testSpecificErrorBuilder(),32,1,0,21
org.apache.avro.specific.TestSpecificErrorBuilder.attemptToSetNonNullableFieldToNull(),3,1,0,2
org.apache.avro.TestDataFile.TestDataFile(CodecFactory),4,1,2,3
org.apache.avro.TestDataFile.codecs(),13,1,0,7
org.apache.avro.TestDataFile.makeFile(),3,1,9,2
org.apache.avro.TestDataFile.runTestsInOrder(),10,1,0,7
org.apache.avro.TestDataFile.testGenericWrite(),39,7,8,14
org.apache.avro.TestDataFile.testGenericRead(),19,4,5,7
org.apache.avro.TestDataFile.testSplits(),26,3,3,12
org.apache.avro.TestDataFile.testSyncDiscovery(),24,4,1,14
org.apache.avro.TestDataFile.testGenericAppend(),32,5,5,14
org.apache.avro.TestDataFile.testReadWithHeader(),17,1,1,13
org.apache.avro.TestDataFile.testSyncInHeader(),8,2,0,5
org.apache.avro.TestDataFile.test12(),4,1,0,3
org.apache.avro.TestDataFile.testFlushCount(),25,3,5,11
org.apache.avro.TestDataFile.testFSync(boolean),29,4,7,13
"org.apache.avro.TestDataFile.readFile(File, DatumReader<? extends Object>)",7,2,4,2
org.apache.avro.TestDataFile.main(String[]),11,3,3,6
"org.apache.avro.mapred.MapCollector.MapCollector(OutputCollector<KO, VO>, boolean)",4,1,4,3
org.apache.avro.mapred.MapCollector.collect(OUT),11,2,6,5
org.apache.avro.tool.TestCreateRandomFileTool.run(List<String>),12,1,4,6
org.apache.avro.tool.TestCreateRandomFileTool.check(String...),17,2,6,14
org.apache.avro.tool.TestCreateRandomFileTool.testSimple(),3,1,0,1
org.apache.avro.tool.TestCreateRandomFileTool.testCodec(),3,1,0,1
org.apache.avro.tool.TestCreateRandomFileTool.testStdOut(),14,2,2,14
"org.apache.trevni.avro.RandomData.RandomData(Schema, int)",4,1,10,3
org.apache.trevni.avro.RandomData.iterator(),12,1,0,1
"org.apache.trevni.avro.RandomData.generate(Schema, Random, int)",48,21,19,29
org.apache.trevni.avro.RandomData.main(String[]),17,3,3,11
org.apache.trevni.TestUtil.getRandomSeed(),12,3,4,7
org.apache.trevni.TestUtil.resetRandomSeed(),3,1,1,1
org.apache.trevni.TestUtil.createRandom(),3,1,16,3
org.apache.trevni.TestUtil.randomBytes(Random),5,1,3,4
org.apache.trevni.TestUtil.randomString(Random),7,2,6,4
org.apache.trevni.TestUtil.randomLength(Random),12,5,5,2
org.apache.trevni.TestUtil.testRandomLength(),18,4,1,4
org.apache.avro.tool.CreateRandomFileTool.getName(),3,1,0,1
org.apache.avro.tool.CreateRandomFileTool.getShortDescription(),3,1,0,1
"org.apache.avro.tool.CreateRandomFileTool.run(InputStream, PrintStream, PrintStream, List<String>)",43,5,4,26
org.apache.avro.TestDataFileDeflate.testWriteAndRead(),21,1,1,20
org.apache.avro.ipc.DatagramTransceiver.getRemoteName(),1,1,1,2
org.apache.avro.ipc.DatagramTransceiver.DatagramTransceiver(SocketAddress),4,1,2,4
org.apache.avro.ipc.DatagramTransceiver.DatagramTransceiver(DatagramChannel),3,1,3,2
org.apache.avro.ipc.DatagramTransceiver.readBuffers(),17,3,4,13
org.apache.avro.ipc.DatagramTransceiver.writeBuffers(List<ByteBuffer>),12,2,5,7
"org.apache.avro.mapred.AvroAsTextRecordReader.AvroAsTextRecordReader(JobConf, FileSplit)",5,1,3,5
"org.apache.avro.mapred.AvroAsTextRecordReader.AvroAsTextRecordReader(FileReader<T>, FileSplit)",7,1,3,8
org.apache.avro.mapred.AvroAsTextRecordReader.createKey(),3,1,0,1
org.apache.avro.mapred.AvroAsTextRecordReader.createValue(),3,1,0,1
"org.apache.avro.mapred.AvroAsTextRecordReader.next(Text, Text)",21,4,4,15
org.apache.avro.mapred.AvroAsTextRecordReader.getProgress(),7,2,2,3
org.apache.avro.mapred.AvroAsTextRecordReader.getPos(),3,1,2,2
org.apache.avro.mapred.AvroAsTextRecordReader.close(),1,1,1,1
org.apache.avro.tool.DataFileGetSchemaTool.getName(),3,1,0,1
org.apache.avro.tool.DataFileGetSchemaTool.getShortDescription(),3,1,0,1
"org.apache.avro.tool.DataFileGetSchemaTool.run(InputStream, PrintStream, PrintStream, List<String>)",12,2,3,9
"org.apache.avro.tool.Util.fileOrStdin(String, InputStream)",6,2,10,4
"org.apache.avro.tool.Util.fileOrStdout(String, OutputStream)",6,2,7,4
org.apache.avro.tool.Util.openFromFS(String),5,1,4,3
org.apache.avro.tool.Util.openFromFS(Path),4,1,2,3
org.apache.avro.tool.Util.openSeekableFromFS(String),4,1,3,2
org.apache.avro.tool.Util.createFromFS(String),5,1,5,4
org.apache.avro.tool.Util.close(InputStream),9,3,8,4
org.apache.avro.tool.Util.close(OutputStream),9,3,5,4
org.apache.avro.tool.Util.parseSchemaFromFS(String),8,1,5,4
org.apache.avro.tool.Util.getFiles(String),18,5,2,11
org.apache.avro.tool.Util.getFiles(List<String>),9,2,2,5
"org.apache.avro.tool.Util.jsonToGenericDatum(Schema, String)",7,1,4,5
"org.apache.avro.tool.Util.datumFromFile(Schema, String)",10,1,4,6
org.apache.avro.tool.Util.compressionCodecOption(OptionParser),7,1,5,5
org.apache.avro.tool.Util.compressionLevelOption(OptionParser),7,1,6,5
"org.apache.avro.tool.Util.codecFactory(OptionSet, OptionSpec<String>, OptionSpec<Integer>)",3,1,6,2
"org.apache.avro.tool.Util.codecFactory(OptionSet, OptionSpec<String>, OptionSpec<Integer>, String)",12,4,9,7
org.apache.avro.hadoop.util.TestAvroCharSequenceComparator.setup(),3,1,0,1
org.apache.avro.hadoop.util.TestAvroCharSequenceComparator.testCompareString(),13,1,1,5
org.apache.avro.hadoop.util.TestAvroCharSequenceComparator.testCompareUtf8(),13,1,1,6
org.apache.avro.hadoop.util.TestAvroCharSequenceComparator.testCompareUtf8ToString(),13,1,1,6
"org.apache.avro.hadoop.util.AvroCharSequenceComparator.compare(T, T)",8,2,5,5
"org.apache.avro.hadoop.util.AvroCharSequenceComparator.compareCharSequence(CharSequence, CharSequence)",9,3,3,4
"org.apache.avro.hadoop.util.AvroCharSequenceComparator.compareCharacter(CharSequence, CharSequence, int)",9,3,4,5
org.apache.trevni.TrevniRuntimeException.TrevniRuntimeException(Throwable),1,1,4,2
org.apache.trevni.TrevniRuntimeException.TrevniRuntimeException(String),1,1,23,2
"org.apache.trevni.TrevniRuntimeException.TrevniRuntimeException(String, Throwable)",3,1,2,2
org.apache.avro.tool.TrevniToJsonTool.getName(),3,1,0,1
org.apache.avro.tool.TrevniToJsonTool.getShortDescription(),3,1,0,1
"org.apache.avro.tool.TrevniToJsonTool.run(InputStream, PrintStream, PrintStream, List<String>)",16,3,3,7
"org.apache.avro.tool.TrevniToJsonTool.toJson(Input, PrintStream, boolean)",31,6,9,23
org.apache.avro.tool.TrevniToJsonTool.valueToJson(ColumnMetaData),27,6,5,12
"org.apache.avro.tool.TrevniToJsonTool.primitiveToJson(ColumnMetaData, Object)",28,11,14,7
org.apache.avro.tool.TrevniToJsonTool.shortName(ColumnMetaData),9,3,2,8
org.apache.trevni.ColumnFileReader.ColumnFileReader(File),3,1,9,3
org.apache.trevni.ColumnFileReader.ColumnFileReader(Input),4,1,5,3
org.apache.trevni.ColumnFileReader.getRowCount(),1,1,10,1
org.apache.trevni.ColumnFileReader.getColumnCount(),1,1,9,1
org.apache.trevni.ColumnFileReader.getMetaData(),1,1,3,1
org.apache.trevni.ColumnFileReader.getColumnMetaData(),6,2,4,1
org.apache.trevni.ColumnFileReader.getRoots(),7,3,4,4
org.apache.trevni.ColumnFileReader.getColumnMetaData(int),3,1,4,1
org.apache.trevni.ColumnFileReader.getColumnMetaData(String),3,1,3,2
org.apache.trevni.ColumnFileReader.getColumn(String),6,2,4,3
org.apache.trevni.ColumnFileReader.readHeader(),11,1,3,13
org.apache.trevni.ColumnFileReader.readMagic(InputBuffer),12,3,6,3
org.apache.trevni.ColumnFileReader.readColumnMetaData(InputBuffer),10,2,6,7
org.apache.trevni.ColumnFileReader.readColumnStarts(InputBuffer),4,2,4,2
org.apache.trevni.ColumnFileReader.getValues(String),4,1,8,3
org.apache.trevni.ColumnFileReader.getValues(int),4,1,3,2
org.apache.trevni.ColumnFileReader.close(),3,1,6,1
org.apache.trevni.ColumnMetaData.ColumnMetaData(),1,1,1,1
"org.apache.trevni.ColumnMetaData.ColumnMetaData(String, ValueType)",6,1,27,5
org.apache.trevni.ColumnMetaData.getName(),1,1,9,1
org.apache.trevni.ColumnMetaData.getType(),1,1,6,1
org.apache.trevni.ColumnMetaData.getParent(),1,1,6,1
org.apache.trevni.ColumnMetaData.getChildren(),1,1,2,1
org.apache.trevni.ColumnMetaData.isArray(),1,1,7,1
org.apache.trevni.ColumnMetaData.getNumber(),1,1,2,1
org.apache.trevni.ColumnMetaData.setNumber(int),1,1,2,1
org.apache.trevni.ColumnMetaData.hasIndexValues(boolean),6,2,4,4
org.apache.trevni.ColumnMetaData.setParent(ColumnMetaData),9,3,14,7
org.apache.trevni.ColumnMetaData.isArray(boolean),6,2,15,4
org.apache.trevni.ColumnMetaData.hasIndexValues(),1,1,7,2
"org.apache.trevni.ColumnMetaData.read(InputBuffer, ColumnFileReader)",13,2,8,12
org.apache.trevni.ColumnValues.ColumnValues(ColumnDescriptor),8,1,5,11
org.apache.trevni.ColumnValues.getRow(),1,1,1,1
org.apache.trevni.ColumnValues.seek(long),9,3,7,7
org.apache.trevni.ColumnValues.seek(T),20,5,8,13
org.apache.trevni.ColumnValues.startBlock(int),13,2,12,13
org.apache.trevni.ColumnValues.iterator(),1,1,0,1
org.apache.trevni.ColumnValues.hasNext(),3,1,6,3
org.apache.trevni.ColumnValues.next(),11,3,6,8
org.apache.trevni.ColumnValues.startRow(),8,3,6,5
org.apache.trevni.ColumnValues.nextLength(),7,2,6,6
org.apache.trevni.ColumnValues.nextValue(),4,1,6,4
org.apache.trevni.ColumnValues.remove(),1,1,0,1
org.apache.avro.tool.TrevniUtil.input(String),7,2,3,5
"org.apache.avro.tool.TrevniUtil.input(String, InputStream)",11,3,2,9
"org.apache.avro.tool.TrevniUtil.output(String, OutputStream)",11,3,2,9
org.apache.trevni.ValueType.ValueType(),1,1,0,4
org.apache.trevni.ValueType.getName(),1,1,2,1
org.apache.trevni.ValueType.forName(String),3,1,2,3
org.apache.trevni.ValueType.values(),0,1,0,1
org.apache.trevni.ValueType.valueOf(),0,1,1,1
org.apache.avro.ipc.TestNettyTransceiverWhenServerStops.testNettyTransceiverWhenServerStops(),59,7,2,21
org.apache.avro.ipc.TestNettyTransceiverWhenServerStops.createMessage(),8,1,1,6
org.apache.avro.io.BinaryEncoder.writeNull(),1,1,0,0
org.apache.avro.io.BinaryEncoder.writeString(Utf8),3,1,1,3
org.apache.avro.io.BinaryEncoder.writeString(String),9,2,3,5
org.apache.avro.io.BinaryEncoder.writeBytes(ByteBuffer),9,2,2,5
"org.apache.avro.io.BinaryEncoder.writeBytes(byte[], int, int)",8,2,4,3
org.apache.avro.io.BinaryEncoder.writeEnum(int),3,1,1,1
org.apache.avro.io.BinaryEncoder.writeArrayStart(),1,1,0,0
org.apache.avro.io.BinaryEncoder.setItemCount(long),5,2,2,1
org.apache.avro.io.BinaryEncoder.startItem(),1,1,1,0
org.apache.avro.io.BinaryEncoder.writeArrayEnd(),3,1,0,1
org.apache.avro.io.BinaryEncoder.writeMapStart(),1,1,1,0
org.apache.avro.io.BinaryEncoder.writeMapEnd(),3,1,1,1
org.apache.avro.io.BinaryEncoder.writeIndex(int),3,1,1,1
org.apache.avro.io.BinaryEncoder.writeZero(),1,1,5,0
org.apache.avro.io.BinaryEncoder.bytesBuffered(),1,1,2,1
org.apache.avro.file.Codec.getName(),1,1,3,1
org.apache.avro.file.Codec.compress(ByteBuffer),1,1,3,1
org.apache.avro.file.Codec.decompress(ByteBuffer),1,1,3,1
org.apache.avro.file.Codec.equals(Object),1,1,1,1
org.apache.avro.file.Codec.hashCode(),1,1,0,1
org.apache.avro.file.Codec.toString(),3,1,1,2
org.apache.avro.file.DataFileConstants.DataFileConstants(),1,1,0,1
org.apache.avro.file.SyncableFileOutputStream.SyncableFileOutputStream(String),3,1,1,2
org.apache.avro.file.SyncableFileOutputStream.SyncableFileOutputStream(File),4,1,2,2
"org.apache.avro.file.SyncableFileOutputStream.SyncableFileOutputStream(String, boolean)",4,1,2,2
"org.apache.avro.file.SyncableFileOutputStream.SyncableFileOutputStream(File, boolean)",4,1,3,2
org.apache.avro.file.SyncableFileOutputStream.SyncableFileOutputStream(FileDescriptor),3,1,1,2
org.apache.avro.file.SyncableFileOutputStream.sync(),3,1,0,2
example.MapredColorCount.run(String[]),17,2,5,14
example.MapredColorCount.main(String[]),4,1,1,2
"org.apache.avro.mapred.AvroMapper.map(IN, AvroCollector<OUT>, Reporter)",4,1,4,1
org.apache.avro.mapred.AvroMapper.close(),2,1,1,0
org.apache.avro.mapred.AvroMapper.configure(JobConf),2,1,0,0
org.apache.avro.mapred.tether.TetherData.TetherData(),1,1,3,1
org.apache.avro.mapred.tether.TetherData.TetherData(ByteBuffer),1,1,2,2
org.apache.avro.mapred.tether.TetherData.count(),1,1,3,1
org.apache.avro.mapred.tether.TetherData.count(int),1,1,2,1
org.apache.avro.mapred.tether.TetherData.buffer(),1,1,8,1
org.apache.avro.mapred.tether.TetherData.buffer(ByteBuffer),1,1,3,1
org.apache.avro.generic.TestGenericDatumWriter.testWrite(),17,1,0,15
org.apache.avro.generic.TestGenericDatumWriter.testArrayConcurrentModification(),29,2,1,16
org.apache.avro.generic.TestGenericDatumWriter.testMapConcurrentModification(),29,2,1,17
org.apache.avro.generic.TestGenericDatumWriter.writeDoesNotAllowStringForGenericEnum(),18,1,0,7
org.apache.avro.generic.TestGenericDatumWriter.writeDoesNotAllowJavaEnumForGenericEnum(),18,1,1,7
org.apache.avro.io.DecoderFactory.DecoderFactory(),3,1,0,1
org.apache.avro.io.DecoderFactory.defaultFactory(),3,1,0,2
org.apache.avro.io.DecoderFactory.get(),3,1,59,1
org.apache.avro.io.DecoderFactory.configureDecoderBufferSize(int),8,3,1,2
org.apache.avro.io.DecoderFactory.getConfiguredBufferSize(),3,1,1,1
"org.apache.avro.io.DecoderFactory.createBinaryDecoder(InputStream, BinaryDecoder)",3,1,4,2
"org.apache.avro.io.DecoderFactory.binaryDecoder(InputStream, BinaryDecoder)",7,2,20,5
"org.apache.avro.io.DecoderFactory.directBinaryDecoder(InputStream, BinaryDecoder)",7,2,7,5
"org.apache.avro.io.DecoderFactory.createBinaryDecoder(byte[], int, int, BinaryDecoder)",8,2,4,5
"org.apache.avro.io.DecoderFactory.binaryDecoder(byte[], int, int, BinaryDecoder)",8,2,9,5
"org.apache.avro.io.DecoderFactory.createBinaryDecoder(byte[], BinaryDecoder)",3,1,3,2
"org.apache.avro.io.DecoderFactory.binaryDecoder(byte[], BinaryDecoder)",3,1,29,2
"org.apache.avro.io.DecoderFactory.jsonDecoder(Schema, InputStream)",4,1,8,2
"org.apache.avro.io.DecoderFactory.jsonDecoder(Schema, String)",4,1,11,2
"org.apache.avro.io.DecoderFactory.validatingDecoder(Schema, Decoder)",4,1,3,2
"org.apache.avro.io.DecoderFactory.resolvingDecoder(Schema, Schema, Decoder)",4,1,7,2
org.apache.avro.io.DirectBinaryEncoder.DirectBinaryEncoder(OutputStream),3,1,2,2
org.apache.avro.io.DirectBinaryEncoder.configure(OutputStream),5,2,3,3
org.apache.avro.io.DirectBinaryEncoder.flush(),3,1,1,1
org.apache.avro.io.DirectBinaryEncoder.writeBoolean(boolean),3,2,2,1
org.apache.avro.io.DirectBinaryEncoder.writeInt(int),13,3,3,3
org.apache.avro.io.DirectBinaryEncoder.writeLong(long),14,3,3,3
org.apache.avro.io.DirectBinaryEncoder.writeFloat(float),4,1,3,2
org.apache.avro.io.DirectBinaryEncoder.writeDouble(double),5,1,2,2
"org.apache.avro.io.DirectBinaryEncoder.writeFixed(byte[], int, int)",3,1,4,1
org.apache.avro.io.DirectBinaryEncoder.writeZero(),3,1,1,1
org.apache.avro.io.DirectBinaryEncoder.bytesBuffered(),3,1,0,1
"org.apache.avro.io.JsonDecoder.JsonDecoder(Symbol, InputStream)",4,1,3,3
"org.apache.avro.io.JsonDecoder.JsonDecoder(Symbol, String)",4,1,3,3
"org.apache.avro.io.JsonDecoder.JsonDecoder(Schema, InputStream)",3,1,5,3
"org.apache.avro.io.JsonDecoder.JsonDecoder(Schema, String)",3,1,3,3
org.apache.avro.io.JsonDecoder.getSymbol(Schema),6,2,3,3
org.apache.avro.io.JsonDecoder.configure(InputStream),9,2,5,6
org.apache.avro.io.JsonDecoder.configure(String),9,2,4,6
org.apache.avro.io.JsonDecoder.advance(Symbol),6,2,24,5
org.apache.avro.io.JsonDecoder.readNull(),8,2,3,4
org.apache.avro.io.JsonDecoder.readBoolean(),10,2,4,5
org.apache.avro.io.JsonDecoder.readInt(),10,2,2,7
org.apache.avro.io.JsonDecoder.readLong(),10,2,3,7
org.apache.avro.io.JsonDecoder.readFloat(),10,2,2,7
org.apache.avro.io.JsonDecoder.readDouble(),10,2,2,7
org.apache.avro.io.JsonDecoder.readString(Utf8),3,1,0,3
org.apache.avro.io.JsonDecoder.readString(),16,4,7,8
org.apache.avro.io.JsonDecoder.skipString(),14,4,6,6
org.apache.avro.io.JsonDecoder.readBytes(ByteBuffer),10,2,3,7
org.apache.avro.io.JsonDecoder.readByteArray(),4,1,5,3
org.apache.avro.io.JsonDecoder.skipBytes(),8,2,3,4
org.apache.avro.io.JsonDecoder.checkFixed(int),9,2,6,3
"org.apache.avro.io.JsonDecoder.readFixed(byte[], int, int)",14,3,6,7
org.apache.avro.io.JsonDecoder.skipFixed(int),4,1,1,2
org.apache.avro.io.JsonDecoder.doSkipFixed(int),12,3,6,5
org.apache.avro.io.JsonDecoder.skipFixed(),5,1,3,3
org.apache.avro.io.JsonDecoder.readEnum(),15,3,4,9
org.apache.avro.io.JsonDecoder.readArrayStart(),9,2,3,6
org.apache.avro.io.JsonDecoder.arrayNext(),4,1,1,3
org.apache.avro.io.JsonDecoder.doArrayNext(),9,2,6,4
org.apache.avro.io.JsonDecoder.skipArray(),11,2,5,6
org.apache.avro.io.JsonDecoder.readMapStart(),9,2,3,6
org.apache.avro.io.JsonDecoder.mapNext(),4,1,1,3
org.apache.avro.io.JsonDecoder.doMapNext(),9,2,5,4
org.apache.avro.io.JsonDecoder.skipMap(),11,2,4,6
org.apache.avro.io.JsonDecoder.readIndex(),20,4,7,11
"org.apache.avro.io.JsonDecoder.doAction(Symbol, Symbol)",58,17,14,20
org.apache.avro.io.JsonDecoder.getVaueAsTree(JsonParser),31,13,13,8
org.apache.avro.io.JsonDecoder.makeParser(List<JsonElement>),117,1,1,1
org.apache.avro.io.JsonDecoder.error(String),4,1,21,3
org.apache.avro.AvroTypeException.AvroTypeException(String),1,1,36,2
"org.apache.avro.AvroTypeException.AvroTypeException(String, Throwable)",3,1,3,2
org.apache.avro.hadoop.io.AvroSerialization.accept(Class<?>),3,1,2,2
org.apache.avro.hadoop.io.AvroSerialization.getDeserializer(Class<AvroWrapper>),21,5,5,13
org.apache.avro.hadoop.io.AvroSerialization.getSerializer(Class<AvroWrapper>),14,3,4,9
org.apache.avro.hadoop.io.AvroSerialization.addToConfiguration(Configuration),8,2,5,7
"org.apache.avro.hadoop.io.AvroSerialization.setKeyWriterSchema(Configuration, Schema)",6,2,6,3
"org.apache.avro.hadoop.io.AvroSerialization.setKeyReaderSchema(Configuration, Schema)",3,1,5,2
"org.apache.avro.hadoop.io.AvroSerialization.setValueWriterSchema(Configuration, Schema)",6,2,6,3
"org.apache.avro.hadoop.io.AvroSerialization.setValueReaderSchema(Configuration, Schema)",3,1,5,2
"org.apache.avro.hadoop.io.AvroSerialization.setDataModelClass(Configuration, Class<? extends GenericData>)",3,1,4,1
org.apache.avro.hadoop.io.AvroSerialization.getKeyWriterSchema(Configuration),4,2,5,3
org.apache.avro.hadoop.io.AvroSerialization.getKeyReaderSchema(Configuration),4,2,3,3
org.apache.avro.hadoop.io.AvroSerialization.getValueWriterSchema(Configuration),4,2,5,3
org.apache.avro.hadoop.io.AvroSerialization.getValueReaderSchema(Configuration),4,2,3,3
org.apache.avro.hadoop.io.AvroSerialization.getDataModelClass(Configuration),3,1,3,2
"org.apache.avro.hadoop.io.AvroSerialization.newDataModelInstance(Class<? extends GenericData>, Configuration)",12,2,4,7
org.apache.avro.hadoop.io.AvroSerialization.createDataModel(Configuration),4,1,7,3
"org.apache.avro.hadoop.io.AvroKeyDeserializer.AvroKeyDeserializer(Schema, Schema, ClassLoader)",4,1,4,2
"org.apache.avro.hadoop.io.AvroKeyDeserializer.AvroKeyDeserializer(Schema, Schema, DatumReader<D>)",4,1,4,2
org.apache.avro.hadoop.io.AvroKeyDeserializer.createAvroWrapper(),3,1,0,2
"org.apache.avro.hadoop.io.AvroValueDeserializer.AvroValueDeserializer(Schema, Schema, ClassLoader)",4,1,4,2
"org.apache.avro.hadoop.io.AvroValueDeserializer.AvroValueDeserializer(Schema, Schema, DatumReader<D>)",4,1,4,2
org.apache.avro.hadoop.io.AvroValueDeserializer.createAvroWrapper(),3,1,0,2
org.apache.avro.hadoop.io.AvroSerializer.AvroSerializer(Schema),7,2,2,5
"org.apache.avro.hadoop.io.AvroSerializer.AvroSerializer(Schema, DatumWriter<T>)",7,2,3,4
org.apache.avro.hadoop.io.AvroSerializer.getWriterSchema(),3,1,4,1
org.apache.avro.hadoop.io.AvroSerializer.open(OutputStream),4,1,4,3
org.apache.avro.hadoop.io.AvroSerializer.serialize(AvroWrapper<T>),4,1,4,3
org.apache.avro.hadoop.io.AvroSerializer.close(),3,1,2,1
"org.apache.trevni.ColumnDescriptor.ColumnDescriptor(Input, ColumnMetaData)",4,1,3,3
org.apache.trevni.ColumnDescriptor.findBlock(long),6,2,3,2
org.apache.trevni.ColumnDescriptor.findBlock(T),6,2,3,2
org.apache.trevni.ColumnDescriptor.blockCount(),1,1,5,1
org.apache.trevni.ColumnDescriptor.lastRow(int),4,2,8,1
org.apache.trevni.ColumnDescriptor.ensureBlocksRead(),27,6,9,14
org.apache.trevni.ColumnFileMetaData.read(InputBuffer),5,1,2,2
org.apache.trevni.InputBuffer.InputBuffer(Input),1,1,25,2
"org.apache.trevni.InputBuffer.InputBuffer(Input, long)",13,2,7,9
org.apache.trevni.InputBuffer.seek(long),10,2,6,4
org.apache.trevni.InputBuffer.tell(),1,1,8,1
org.apache.trevni.InputBuffer.length(),1,1,2,1
org.apache.trevni.InputBuffer.readValue(ValueType),26,11,14,16
org.apache.trevni.InputBuffer.skipValue(ValueType),23,11,22,6
org.apache.trevni.InputBuffer.readBoolean(),10,4,5,3
org.apache.trevni.InputBuffer.readLength(),13,3,3,5
org.apache.trevni.InputBuffer.readInt(),37,9,14,5
org.apache.trevni.InputBuffer.readLong(),41,8,17,5
org.apache.trevni.InputBuffer.innerLongDecode(long),30,7,4,3
org.apache.trevni.InputBuffer.readFloat(),3,1,2,3
org.apache.trevni.InputBuffer.readFixed32(),11,3,10,4
org.apache.trevni.InputBuffer.readDouble(),3,1,2,3
org.apache.trevni.InputBuffer.readFixed64(),3,1,5,2
org.apache.trevni.InputBuffer.readString(),11,2,7,7
org.apache.trevni.InputBuffer.readBytes(),5,1,1,3
org.apache.trevni.InputBuffer.readBytes(ByteBuffer),13,2,3,9
org.apache.trevni.InputBuffer.skipBytes(),3,1,1,2
org.apache.trevni.InputBuffer.skip(long),3,1,3,2
org.apache.trevni.InputBuffer.read(),7,2,8,4
org.apache.trevni.InputBuffer.readFully(byte[]),3,1,5,1
"org.apache.trevni.InputBuffer.readFully(byte[], int, int)",21,4,10,4
"org.apache.trevni.InputBuffer.readInput(byte[], int, int)",6,2,7,4
org.apache.trevni.InputFile.InputFile(File),3,1,4,4
org.apache.trevni.InputFile.length(),1,1,1,2
"org.apache.trevni.InputFile.read(long, byte[], int, int)",4,1,5,3
org.apache.trevni.InputFile.close(),1,1,1,1
"org.apache.trevni.ColumnFileWriter.ColumnFileWriter(ColumnFileMetaData, ColumnMetaData...)",15,3,15,10
org.apache.trevni.ColumnFileWriter.checkColumns(ColumnMetaData[]),13,4,3,6
org.apache.trevni.ColumnFileWriter.incrementSize(int),1,1,2,1
org.apache.trevni.ColumnFileWriter.sizeEstimate(),1,1,2,1
org.apache.trevni.ColumnFileWriter.getMetaData(),1,1,1,1
org.apache.trevni.ColumnFileWriter.getColumnCount(),1,1,2,1
org.apache.trevni.ColumnFileWriter.writeRow(Object...),6,2,8,3
org.apache.trevni.ColumnFileWriter.startRow(),4,2,4,1
"org.apache.trevni.ColumnFileWriter.writeLength(int, int)",3,1,4,1
"org.apache.trevni.ColumnFileWriter.writeValue(Object, int)",3,1,6,1
org.apache.trevni.ColumnFileWriter.endRow(),5,2,4,2
org.apache.trevni.ColumnFileWriter.writeTo(File),8,1,10,3
org.apache.trevni.ColumnFileWriter.writeTo(OutputStream),5,2,5,2
org.apache.trevni.ColumnFileWriter.writeHeader(OutputStream),12,3,7,9
org.apache.trevni.ColumnFileWriter.computeStarts(long),9,2,4,2
org.apache.trevni.MetaData.setDefaults(MetaData),1,1,3,1
org.apache.trevni.MetaData.getCodec(),1,1,2,2
org.apache.trevni.MetaData.setCodec(String),4,1,5,2
org.apache.trevni.MetaData.getChecksum(),1,1,2,2
org.apache.trevni.MetaData.setChecksum(String),4,1,3,2
org.apache.trevni.MetaData.getString(String),8,3,8,3
org.apache.trevni.MetaData.getLong(String),3,1,1,3
org.apache.trevni.MetaData.getBoolean(String),3,1,3,2
"org.apache.trevni.MetaData.set(String, byte[])",7,2,3,4
org.apache.trevni.MetaData.isReserved(String),3,1,3,2
"org.apache.trevni.MetaData.set(String, String)",3,1,5,3
"org.apache.trevni.MetaData.setReserved(String, String)",4,1,8,3
"org.apache.trevni.MetaData.setReservedBoolean(String, boolean)",7,2,4,3
"org.apache.trevni.MetaData.set(String, long)",3,1,2,3
org.apache.trevni.MetaData.write(OutputBuffer),7,2,2,7
"org.apache.trevni.MetaData.read(InputBuffer, MetaData<?>)",5,2,4,4
org.apache.trevni.MetaData.toString(),16,3,2,9
org.apache.trevni.avro.TestCases.testCases(),5,3,1,5
org.apache.trevni.avro.TestCases.runCase(File),15,4,3,11
"org.apache.trevni.avro.TestCases.checkRead(Schema, List<Object>)",11,2,4,5
"org.apache.trevni.avro.TestCases.fromJson(Schema, File)",14,3,3,9
org.apache.trevni.avro.AvroColumnReader.AvroColumnReader(Params),9,2,14,10
org.apache.trevni.avro.AvroColumnReader.getFileSchema(),1,1,1,1
org.apache.trevni.avro.AvroColumnReader.initialize(),17,4,5,11
"org.apache.trevni.avro.AvroColumnReader.findDefaults(Schema, Schema)",37,20,17,13
"org.apache.trevni.avro.AvroColumnReader.setDefault(Schema, Field)",9,2,5,6
org.apache.trevni.avro.AvroColumnReader.iterator(),1,1,1,1
org.apache.trevni.avro.AvroColumnReader.hasNext(),3,1,4,2
org.apache.trevni.avro.AvroColumnReader.getRowCount(),1,1,2,2
org.apache.trevni.avro.AvroColumnReader.next(),11,4,9,5
org.apache.trevni.avro.AvroColumnReader.read(Schema),56,15,12,24
"org.apache.trevni.avro.AvroColumnReader.nextValue(Schema, int)",10,3,7,8
org.apache.trevni.avro.AvroColumnReader.remove(),1,1,0,1
org.apache.trevni.avro.AvroColumnReader.close(),3,1,8,1
"org.apache.trevni.avro.AvroColumnWriter.AvroColumnWriter(Schema, ColumnFileMetaData)",4,1,7,3
"org.apache.trevni.avro.AvroColumnWriter.AvroColumnWriter(Schema, ColumnFileMetaData, GenericData)",9,1,8,11
org.apache.trevni.avro.AvroColumnWriter.sizeEstimate(),1,1,4,2
org.apache.trevni.avro.AvroColumnWriter.writeTo(OutputStream),3,1,5,1
org.apache.trevni.avro.AvroColumnWriter.writeTo(File),3,1,6,1
org.apache.trevni.avro.AvroColumnWriter.write(D),6,1,11,4
"org.apache.trevni.avro.AvroColumnWriter.write(Object, Schema, int)",58,15,12,21
"org.apache.trevni.avro.AvroColumnWriter.writeValue(Object, Schema, int)",19,6,8,6
"org.apache.avro.io.JsonEncoder.JsonEncoder(Schema, OutputStream)",3,1,3,3
"org.apache.avro.io.JsonEncoder.JsonEncoder(Schema, OutputStream, boolean)",3,1,4,3
"org.apache.avro.io.JsonEncoder.JsonEncoder(Schema, JsonGenerator)",5,1,5,5
org.apache.avro.io.JsonEncoder.flush(),6,2,7,2
"org.apache.avro.io.JsonEncoder.getJsonGenerator(OutputStream, boolean)",22,3,7,5
org.apache.avro.io.JsonEncoder.configure(OutputStream),4,1,2,3
org.apache.avro.io.JsonEncoder.configure(JsonGenerator),9,3,4,4
org.apache.avro.io.JsonEncoder.writeNull(),4,1,3,2
org.apache.avro.io.JsonEncoder.writeBoolean(boolean),4,1,4,2
org.apache.avro.io.JsonEncoder.writeInt(int),4,1,4,2
org.apache.avro.io.JsonEncoder.writeLong(long),4,1,4,2
org.apache.avro.io.JsonEncoder.writeFloat(float),4,1,4,2
org.apache.avro.io.JsonEncoder.writeDouble(double),4,1,4,2
org.apache.avro.io.JsonEncoder.writeString(Utf8),3,1,1,2
org.apache.avro.io.JsonEncoder.writeString(String),9,2,6,4
org.apache.avro.io.JsonEncoder.writeBytes(ByteBuffer),9,2,1,8
"org.apache.avro.io.JsonEncoder.writeBytes(byte[], int, int)",4,1,6,2
"org.apache.avro.io.JsonEncoder.writeByteArray(byte[], int, int)",5,1,7,2
"org.apache.avro.io.JsonEncoder.writeFixed(byte[], int, int)",10,2,6,4
org.apache.avro.io.JsonEncoder.writeEnum(int),10,2,5,5
org.apache.avro.io.JsonEncoder.writeArrayStart(),6,1,4,5
org.apache.avro.io.JsonEncoder.writeArrayEnd(),8,2,6,4
org.apache.avro.io.JsonEncoder.writeMapStart(),6,1,4,5
org.apache.avro.io.JsonEncoder.writeMapEnd(),8,2,6,4
org.apache.avro.io.JsonEncoder.startItem(),7,2,4,5
org.apache.avro.io.JsonEncoder.writeIndex(int),11,2,6,7
"org.apache.avro.io.JsonEncoder.doAction(Symbol, Symbol)",13,5,7,6
org.apache.avro.io.parsing.JsonGrammarGenerator.generate(Schema),3,1,3,4
"org.apache.avro.io.parsing.JsonGrammarGenerator.generate(Schema, Map<LitS, Symbol>)",49,17,29,18
"org.apache.avro.io.parsing.Parser.Parser(Symbol, ActionHandler)",7,1,5,4
org.apache.avro.io.parsing.Parser.expandStack(),3,1,4,3
org.apache.avro.io.parsing.Parser.advance(Symbol),24,7,79,6
org.apache.avro.io.parsing.Parser.processImplicitActions(),14,4,8,3
org.apache.avro.io.parsing.Parser.processTrailingImplicitActions(),12,3,9,2
org.apache.avro.io.parsing.Parser.pushProduction(Symbol),8,2,9,3
org.apache.avro.io.parsing.Parser.popSymbol(),3,1,21,2
org.apache.avro.io.parsing.Parser.topSymbol(),3,1,6,1
org.apache.avro.io.parsing.Parser.pushSymbol(Symbol),6,2,12,3
org.apache.avro.io.parsing.Parser.depth(),3,1,2,1
org.apache.avro.io.parsing.Parser.reset(),3,1,4,1
org.apache.avro.io.ParsingEncoder.setItemCount(long),7,2,4,2
org.apache.avro.io.ParsingEncoder.startItem(),3,1,3,1
org.apache.avro.io.ParsingEncoder.push(),6,2,7,3
org.apache.avro.io.ParsingEncoder.pop(),7,2,6,2
org.apache.avro.io.ParsingEncoder.depth(),3,1,4,1
org.apache.avro.hadoop.io.TestAvroSerializer.testSerialize(),20,1,1,17
org.apache.avro.mapred.DelegatingMapper.configure(JobConf),4,1,1,3
"org.apache.avro.mapred.DelegatingMapper.map(AvroWrapper<IN>, NullWritable, OutputCollector<KO, VO>, Reporter)",13,3,7,8
org.apache.avro.mapred.TaggedInputSplit.TaggedInputSplit(),2,1,0,1
"org.apache.avro.mapred.TaggedInputSplit.TaggedInputSplit(InputSplit, Configuration, Class<? extends InputFormat>, Class<? extends AvroMapper>, Schema)",11,1,6,8
org.apache.avro.mapred.TaggedInputSplit.getInputSplit(),3,1,2,1
org.apache.avro.mapred.TaggedInputSplit.getInputFormatClass(),3,1,2,1
org.apache.avro.mapred.TaggedInputSplit.getMapperClass(),3,1,2,1
org.apache.avro.mapred.TaggedInputSplit.getSchema(),3,1,2,1
org.apache.avro.mapred.TaggedInputSplit.getLength(),3,1,1,2
org.apache.avro.mapred.TaggedInputSplit.getLocations(),3,1,1,2
org.apache.avro.mapred.TaggedInputSplit.readFields(DataInput),10,1,5,10
org.apache.avro.mapred.TaggedInputSplit.readClass(DataInput),8,2,4,4
org.apache.avro.mapred.TaggedInputSplit.write(DataOutput),7,1,6,4
org.apache.avro.mapred.TaggedInputSplit.getConf(),3,1,1,1
org.apache.avro.mapred.TaggedInputSplit.setConf(Configuration),3,1,1,1
org.apache.avro.mapred.TaggedInputSplit.toString(),3,1,1,2
"org.apache.avro.mapred.tether.TetherOutputService.TetherOutputService(OutputCollector<TetherData, NullWritable>, Reporter)",5,1,3,3
org.apache.avro.mapred.tether.TetherOutputService.configure(int),5,1,2,3
org.apache.avro.mapred.tether.TetherOutputService.inputPort(),11,3,4,5
org.apache.avro.mapred.tether.TetherOutputService.output(ByteBuffer),10,2,5,6
"org.apache.avro.mapred.tether.TetherOutputService.outputPartitioned(int, ByteBuffer)",4,1,2,2
org.apache.avro.mapred.tether.TetherOutputService.status(String),1,1,2,2
"org.apache.avro.mapred.tether.TetherOutputService.count(String, String, long)",3,1,4,3
org.apache.avro.mapred.tether.TetherOutputService.fail(String),5,1,2,4
org.apache.avro.mapred.tether.TetherOutputService.complete(),5,1,1,3
org.apache.avro.mapred.tether.TetherOutputService.isFinished(),3,1,4,1
org.apache.avro.mapred.tether.TetherOutputService.error(),1,1,2,1
org.apache.avro.mapred.tether.TetherOutputService.waitForFinish(),5,2,3,3
org.apache.avro.mapred.tether.TetherPartitioner.configure(JobConf),3,1,1,2
org.apache.avro.mapred.tether.TetherPartitioner.setNextPartition(int),3,1,3,1
"org.apache.avro.mapred.tether.TetherPartitioner.getPartition(TetherData, NullWritable, int)",12,3,4,7
org.apache.trevni.Codec.get(MetaData),13,5,4,4
org.apache.trevni.Codec.compress(ByteBuffer),1,1,2,1
org.apache.trevni.Codec.decompress(ByteBuffer),1,1,2,1
org.apache.trevni.NullCodec.compress(ByteBuffer),3,1,1,1
org.apache.trevni.NullCodec.decompress(ByteBuffer),3,1,1,1
org.apache.trevni.DeflateCodec.compress(ByteBuffer),5,1,1,8
org.apache.trevni.DeflateCodec.decompress(ByteBuffer),5,1,1,8
"org.apache.trevni.DeflateCodec.writeAndClose(ByteBuffer, OutputStream)",5,1,4,5
org.apache.trevni.DeflateCodec.getInflater(),6,2,2,4
org.apache.trevni.DeflateCodec.getDeflater(),6,2,3,4
org.apache.trevni.DeflateCodec.getOutputBuffer(int),6,2,4,4
org.apache.trevni.SnappyCodec.compress(ByteBuffer),8,1,1,8
org.apache.trevni.SnappyCodec.decompress(ByteBuffer),8,1,1,8
org.apache.trevni.BZip2Codec.compress(ByteBuffer),11,1,1,8
org.apache.trevni.BZip2Codec.decompress(ByteBuffer),16,2,3,10
org.apache.trevni.BZip2Codec.getOutputBuffer(int),6,2,3,4
"org.apache.avro.io.ValidatingDecoder.ValidatingDecoder(Symbol, Decoder)",4,1,4,3
"org.apache.avro.io.ValidatingDecoder.ValidatingDecoder(Schema, Decoder)",3,1,5,3
org.apache.avro.io.ValidatingDecoder.getSymbol(Schema),6,2,2,3
org.apache.avro.io.ValidatingDecoder.configure(Decoder),5,1,6,3
org.apache.avro.io.ValidatingDecoder.readNull(),4,1,4,2
org.apache.avro.io.ValidatingDecoder.readBoolean(),4,1,5,3
org.apache.avro.io.ValidatingDecoder.readInt(),4,1,8,3
org.apache.avro.io.ValidatingDecoder.readLong(),4,1,3,3
org.apache.avro.io.ValidatingDecoder.readFloat(),4,1,3,3
org.apache.avro.io.ValidatingDecoder.readDouble(),4,1,3,3
org.apache.avro.io.ValidatingDecoder.readString(Utf8),4,1,4,3
org.apache.avro.io.ValidatingDecoder.readString(),4,1,3,3
org.apache.avro.io.ValidatingDecoder.skipString(),4,1,3,2
org.apache.avro.io.ValidatingDecoder.readBytes(ByteBuffer),4,1,4,3
org.apache.avro.io.ValidatingDecoder.skipBytes(),4,1,3,2
org.apache.avro.io.ValidatingDecoder.checkFixed(int),9,2,6,3
"org.apache.avro.io.ValidatingDecoder.readFixed(byte[], int, int)",4,1,4,2
org.apache.avro.io.ValidatingDecoder.skipFixed(int),4,1,2,2
org.apache.avro.io.ValidatingDecoder.skipFixed(),5,1,4,3
org.apache.avro.io.ValidatingDecoder.readEnum(),11,2,4,5
org.apache.avro.io.ValidatingDecoder.readArrayStart(),8,2,6,3
org.apache.avro.io.ValidatingDecoder.arrayNext(),8,2,13,4
org.apache.avro.io.ValidatingDecoder.skipArray(),10,3,4,4
org.apache.avro.io.ValidatingDecoder.readMapStart(),8,2,5,3
org.apache.avro.io.ValidatingDecoder.mapNext(),8,2,4,4
org.apache.avro.io.ValidatingDecoder.skipMap(),10,3,4,4
org.apache.avro.io.ValidatingDecoder.readIndex(),7,1,3,6
"org.apache.avro.io.ValidatingDecoder.doAction(Symbol, Symbol)",3,1,0,1
org.apache.avro.io.ParsingDecoder.ParsingDecoder(Symbol),3,1,4,3
org.apache.avro.io.ParsingDecoder.skipFixed(),1,1,1,0
org.apache.avro.io.ParsingDecoder.skipAction(),3,1,1,1
org.apache.avro.io.ParsingDecoder.skipTopSymbol(),30,14,14,14
"org.apache.avro.io.parsing.SkipParser.SkipParser(Symbol, ActionHandler, SkipHandler)",6,1,4,3
org.apache.avro.io.parsing.SkipParser.skipTo(int),17,4,10,4
org.apache.avro.io.parsing.SkipParser.skipRepeater(),7,1,6,3
org.apache.avro.io.parsing.SkipParser.skipSymbol(Symbol),5,1,3,2
org.apache.avro.DataFileInteropTest.printDir(),4,1,2,2
org.apache.avro.DataFileInteropTest.testGeneratedGeneric(),9,1,1,2
org.apache.avro.DataFileInteropTest.testGeneratedSpecific(),9,1,1,2
org.apache.avro.DataFileInteropTest.readFiles(DatumReaderProvider<T>),10,3,5,6
org.apache.avro.tool.ToTextTool.getName(),3,1,0,1
org.apache.avro.tool.ToTextTool.getShortDescription(),3,1,0,1
"org.apache.avro.tool.ToTextTool.run(InputStream, PrintStream, PrintStream, List<String>)",30,4,7,22
org.apache.avro.mapreduce.TestAvroMultipleOutputs.testAvroGenericOutput(),86,6,4,35
org.apache.avro.mapreduce.TestAvroMultipleOutputs.testAvroSpecificOutput(),33,2,4,33
org.apache.avro.mapreduce.TestAvroMultipleOutputs.testAvroInput(),32,2,5,32
org.apache.avro.mapreduce.TestAvroMultipleOutputs.testAvroMapOutput(),31,2,5,31
org.apache.avro.mapreduce.AvroMultipleOutputs.checkTokenName(String),19,6,2,3
org.apache.avro.mapreduce.AvroMultipleOutputs.checkBaseOutputPath(String),5,2,5,2
"org.apache.avro.mapreduce.AvroMultipleOutputs.checkNamedOutputName(JobContext, String, boolean)",13,3,6,5
org.apache.avro.mapreduce.AvroMultipleOutputs.getNamedOutputsList(JobContext),9,2,4,8
"org.apache.avro.mapreduce.AvroMultipleOutputs.getNamedOutputFormatClass(JobContext, String)",6,1,6,3
"org.apache.avro.mapreduce.AvroMultipleOutputs.addNamedOutput(Job, String, Class<? extends OutputFormat>, Schema)",5,1,6,1
"org.apache.avro.mapreduce.AvroMultipleOutputs.addNamedOutput(Job, String, Class<? extends OutputFormat>, Schema, Schema)",14,2,16,6
"org.apache.avro.mapreduce.AvroMultipleOutputs.setCountersEnabled(Job, boolean)",3,1,3,2
org.apache.avro.mapreduce.AvroMultipleOutputs.getCountersEnabled(JobContext),3,1,3,3
"org.apache.avro.mapreduce.AvroMultipleOutputs.AvroMultipleOutputs(TaskInputOutputContext<?, ?, ?, ?>)",8,1,5,10
"org.apache.avro.mapreduce.AvroMultipleOutputs.write(String, Object)",4,1,4,2
"org.apache.avro.mapreduce.AvroMultipleOutputs.write(String, Object, Object)",4,1,3,1
"org.apache.avro.mapreduce.AvroMultipleOutputs.write(String, Object, Object, String)",11,2,8,7
"org.apache.avro.mapreduce.AvroMultipleOutputs.write(Object, Object, String)",4,1,3,1
"org.apache.avro.mapreduce.AvroMultipleOutputs.write(Object, Object, Schema, Schema, String)",9,1,9,7
"org.apache.avro.mapreduce.AvroMultipleOutputs.sync(String, String)",15,3,6,8
"org.apache.avro.mapreduce.AvroMultipleOutputs.getRecordWriter(TaskAttemptContext, String)",20,4,9,10
"org.apache.avro.mapreduce.AvroMultipleOutputs.setSchema(Job, Schema, Schema)",15,5,5,5
org.apache.avro.mapreduce.AvroMultipleOutputs.getContext(String),21,4,6,11
"org.apache.avro.mapreduce.AvroMultipleOutputs.createTaskAttemptContext(Configuration, TaskAttemptID)",11,2,6,5
org.apache.avro.mapreduce.AvroMultipleOutputs.getTaskAttemptContextClass(),13,3,2,3
org.apache.avro.mapreduce.AvroMultipleOutputs.close(),5,2,6,2
org.apache.avro.file.NullCodec.getName(),3,1,1,1
org.apache.avro.file.NullCodec.compress(ByteBuffer),3,1,1,1
org.apache.avro.file.NullCodec.decompress(ByteBuffer),3,1,1,1
org.apache.avro.file.NullCodec.equals(Object),5,2,1,2
org.apache.avro.file.NullCodec.hashCode(),3,1,0,1
org.apache.avro.mojo.TestProtocolMojo.testProtocolMojo(),9,1,1,5
org.apache.avro.mojo.AbstractAvroMojoTest.setUp(),3,1,0,1
org.apache.avro.mojo.AbstractAvroMojoTest.tearDown(),3,1,0,1
"org.apache.avro.mojo.AbstractAvroMojoTest.assertFilesExist(File, String...)",10,2,6,6
"org.apache.avro.mojo.ProtocolMojo.doCompile(String, File, File)",10,1,6,10
org.apache.avro.mojo.ProtocolMojo.getIncludes(),3,1,1,1
org.apache.avro.mojo.ProtocolMojo.getTestIncludes(),3,1,1,1
org.apache.avro.mojo.AbstractAvroMojo.execute(),41,9,11,16
"org.apache.avro.mojo.AbstractAvroMojo.getIncludedFiles(String, String[], String[])",26,7,5,10
"org.apache.avro.mojo.AbstractAvroMojo.compileFiles(String[], File, File)",10,3,5,1
org.apache.avro.mojo.AbstractAvroMojo.getFieldVisibility(),8,2,5,5
"org.apache.avro.mojo.AbstractAvroMojo.doCompile(String, File, File)",1,1,1,0
org.apache.avro.mojo.AbstractAvroMojo.getIncludes(),1,1,1,1
org.apache.avro.mojo.AbstractAvroMojo.getTestIncludes(),1,1,1,1
org.apache.trevni.avro.WordCountUtil.WordCountUtil(String),3,1,5,2
"org.apache.trevni.avro.WordCountUtil.WordCountUtil(String, String)",5,1,6,6
org.apache.trevni.avro.WordCountUtil.getDir(),3,1,7,1
org.apache.trevni.avro.WordCountUtil.writeLinesFile(),10,2,7,9
org.apache.trevni.avro.WordCountUtil.validateCountsFile(),12,2,4,9
org.apache.trevni.avro.WordCountUtil.validateCountsFileGenericRecord(),12,2,3,8
org.apache.avro.hadoop.io.AvroKeyValue.AvroKeyValue(GenericRecord),3,1,17,2
org.apache.avro.hadoop.io.AvroKeyValue.get(),3,1,12,1
org.apache.avro.hadoop.io.AvroKeyValue.getKey(),3,1,13,2
org.apache.avro.hadoop.io.AvroKeyValue.getValue(),3,1,13,2
org.apache.avro.hadoop.io.AvroKeyValue.setKey(K),3,1,8,1
org.apache.avro.hadoop.io.AvroKeyValue.setValue(V),3,1,8,1
"org.apache.avro.hadoop.io.AvroKeyValue.getSchema(Schema, Schema)",8,1,22,4
org.apache.trevni.avro.mapreduce.AvroTrevniKeyOutputFormat.getRecordWriter(TaskAttemptContext),4,1,1,2
org.apache.trevni.avro.mapreduce.AvroTrevniKeyRecordWriter.AvroTrevniKeyRecordWriter(TaskAttemptContext),4,1,2,2
"org.apache.trevni.avro.mapreduce.AvroTrevniKeyRecordWriter.write(AvroKey<T>, NullWritable)",6,2,3,4
org.apache.trevni.avro.mapreduce.AvroTrevniKeyRecordWriter.initSchema(TaskAttemptContext),6,2,1,5
org.apache.avro.ipc.stats.TestStatsPluginAndServlet.generateServletResponse(StatsPlugin),17,3,5,7
org.apache.avro.ipc.stats.TestStatsPluginAndServlet.makeRequest(Transceiver),7,1,4,7
org.apache.avro.ipc.stats.TestStatsPluginAndServlet.testFullServerPath(),11,2,1,8
org.apache.avro.ipc.stats.TestStatsPluginAndServlet.testMultipleRPCs(),18,1,3,8
org.apache.avro.ipc.stats.TestStatsPluginAndServlet.testPayloadSize(),9,1,1,8
org.apache.avro.ipc.stats.TestStatsPluginAndServlet.makeContext(),5,1,2,2
org.apache.avro.ipc.stats.TestStatsPluginAndServlet.main(String[]),32,3,2,28
"org.apache.avro.ipc.HttpServer.HttpServer(Responder, int)",3,1,9,3
"org.apache.avro.ipc.HttpServer.HttpServer(ResponderServlet, int)",3,1,2,2
"org.apache.avro.ipc.HttpServer.HttpServer(Responder, String, int)",3,1,3,3
"org.apache.avro.ipc.HttpServer.HttpServer(ResponderServlet, String, int)",14,2,7,10
"org.apache.avro.ipc.HttpServer.HttpServer(Responder, Connector)",3,1,2,3
"org.apache.avro.ipc.HttpServer.HttpServer(ResponderServlet, Connector)",5,1,4,4
org.apache.avro.ipc.HttpServer.addConnector(Connector),3,1,2,1
org.apache.avro.ipc.HttpServer.getPort(),1,1,2,3
org.apache.avro.ipc.HttpServer.close(),7,2,3,2
org.apache.avro.ipc.HttpServer.start(),7,2,4,2
org.apache.avro.ipc.HttpServer.join(),3,1,1,1
org.apache.avro.ipc.HttpTransceiver.HttpTransceiver(URL),1,1,13,2
"org.apache.avro.ipc.HttpTransceiver.HttpTransceiver(URL, Proxy)",4,1,2,3
org.apache.avro.ipc.HttpTransceiver.setTimeout(int),1,1,2,1
org.apache.avro.ipc.HttpTransceiver.getRemoteName(),1,1,1,2
org.apache.avro.ipc.HttpTransceiver.readBuffers(),8,1,1,4
org.apache.avro.ipc.HttpTransceiver.writeBuffers(List<ByteBuffer>),20,2,6,13
org.apache.avro.ipc.HttpTransceiver.getLength(List<ByteBuffer>),9,2,3,2
org.apache.avro.ipc.HttpTransceiver.readBuffers(InputStream),20,5,3,13
"org.apache.avro.ipc.HttpTransceiver.writeBuffers(List<ByteBuffer>, OutputStream)",9,2,4,7
"org.apache.avro.ipc.HttpTransceiver.writeLength(int, OutputStream)",7,1,3,1
"org.apache.avro.ipc.generic.GenericRequestor.GenericRequestor(Protocol, Transceiver)",4,1,17,3
"org.apache.avro.ipc.generic.GenericRequestor.GenericRequestor(Protocol, Transceiver, GenericData)",6,1,4,3
org.apache.avro.ipc.generic.GenericRequestor.getGenericData(),1,1,1,1
"org.apache.avro.ipc.generic.GenericRequestor.request(String, Object)",12,4,19,3
"org.apache.avro.ipc.generic.GenericRequestor.request(String, Object, Callback<T>)",12,4,4,2
"org.apache.avro.ipc.generic.GenericRequestor.writeRequest(Schema, Object, Encoder)",4,1,4,2
"org.apache.avro.ipc.generic.GenericRequestor.readResponse(Schema, Schema, Decoder)",4,1,4,3
"org.apache.avro.ipc.generic.GenericRequestor.readError(Schema, Schema, Decoder)",8,2,4,6
org.apache.avro.ipc.stats.StatsServlet.StatsServlet(StatsPlugin),10,1,4,5
org.apache.avro.ipc.stats.StatsServlet.escapeStringArray(List<String>),6,2,2,5
"org.apache.avro.ipc.stats.StatsServlet.doGet(HttpServletRequest, HttpServletResponse)",12,2,3,7
org.apache.avro.ipc.stats.StatsServlet.writeStats(Writer),34,6,9,14
"org.apache.avro.ipc.stats.StatsServlet.renderActiveRpc(RPCContext, Stopwatch)",7,1,3,7
org.apache.avro.ipc.stats.StatsServlet.renderMethod(Message),74,1,7,24
org.apache.avro.ipc.stats.StatsServlet.formatMillis(float),3,1,2,2
"org.apache.avro.ipc.stats.StatsPlugin.StatsPlugin(Ticks, Segmenter<?, Float>, Segmenter<?, Integer>)",6,1,5,4
org.apache.avro.ipc.stats.StatsPlugin.StatsPlugin(),3,1,7,2
org.apache.avro.ipc.stats.StatsPlugin.getPayloadSize(List<ByteBuffer>),10,3,5,2
org.apache.avro.ipc.stats.StatsPlugin.serverReceiveRequest(RPCContext),13,2,5,9
org.apache.avro.ipc.stats.StatsPlugin.serverSendResponse(RPCContext),13,2,4,10
org.apache.avro.ipc.stats.StatsPlugin.clientSendRequest(RPCContext),13,2,4,9
org.apache.avro.ipc.stats.StatsPlugin.clientReceiveResponse(RPCContext),13,2,3,10
"org.apache.avro.ipc.stats.StatsPlugin.publish(RPCContext, Stopwatch)",12,3,5,8
org.apache.avro.ipc.stats.StatsPlugin.createNewFloatHistogram(),3,1,2,2
org.apache.avro.ipc.stats.StatsPlugin.createNewIntegerHistogram(),3,1,5,2
org.apache.avro.ipc.stats.StatsPlugin.nanosToMillis(long),3,1,3,1
"org.apache.avro.ipc.stats.StatsServer.StatsServer(StatsPlugin, int)",9,1,4,6
org.apache.avro.ipc.stats.StatsServer.stop(),3,1,1,1
org.apache.avro.ipc.stats.FakeTicks.ticks(),3,1,1,1
org.apache.avro.ipc.stats.FakeTicks.passTime(long),3,1,3,1
org.apache.avro.io.BinaryDecoder.getBuf(),1,1,3,1
org.apache.avro.io.BinaryDecoder.getPos(),1,1,3,1
org.apache.avro.io.BinaryDecoder.getLimit(),1,1,1,1
"org.apache.avro.io.BinaryDecoder.setBuf(byte[], int, int)",5,1,5,3
org.apache.avro.io.BinaryDecoder.clearBuf(),1,1,1,1
org.apache.avro.io.BinaryDecoder.BinaryDecoder(),2,1,1,1
"org.apache.avro.io.BinaryDecoder.BinaryDecoder(InputStream, int)",4,1,3,2
"org.apache.avro.io.BinaryDecoder.BinaryDecoder(byte[], int, int)",4,1,7,2
"org.apache.avro.io.BinaryDecoder.configure(InputStream, int)",4,1,4,3
"org.apache.avro.io.BinaryDecoder.configure(byte[], int, int)",5,1,7,3
"org.apache.avro.io.BinaryDecoder.configureSource(int, ByteSource)",7,2,5,3
org.apache.avro.io.BinaryDecoder.readNull(),2,1,0,0
org.apache.avro.io.BinaryDecoder.readBoolean(),11,3,6,5
org.apache.avro.io.BinaryDecoder.readInt(),30,7,10,5
org.apache.avro.io.BinaryDecoder.readLong(),33,6,7,5
org.apache.avro.io.BinaryDecoder.innerLongDecode(long),30,7,4,3
org.apache.avro.io.BinaryDecoder.readFloat(),11,2,4,5
org.apache.avro.io.BinaryDecoder.readDouble(),14,2,3,5
org.apache.avro.io.BinaryDecoder.readString(Utf8),9,3,4,6
org.apache.avro.io.BinaryDecoder.readString(),3,1,1,3
org.apache.avro.io.BinaryDecoder.skipString(),3,1,0,2
org.apache.avro.io.BinaryDecoder.readBytes(ByteBuffer),13,2,4,9
org.apache.avro.io.BinaryDecoder.skipBytes(),3,1,0,2
"org.apache.avro.io.BinaryDecoder.readFixed(byte[], int, int)",3,1,4,1
org.apache.avro.io.BinaryDecoder.skipFixed(int),3,1,3,1
org.apache.avro.io.BinaryDecoder.readEnum(),3,1,0,2
org.apache.avro.io.BinaryDecoder.doSkipBytes(long),10,2,8,3
"org.apache.avro.io.BinaryDecoder.doReadBytes(byte[], int, int)",17,3,10,4
org.apache.avro.io.BinaryDecoder.doReadItemCount(),8,2,4,2
org.apache.avro.io.BinaryDecoder.doSkipItems(),9,2,2,4
org.apache.avro.io.BinaryDecoder.readArrayStart(),3,1,0,2
org.apache.avro.io.BinaryDecoder.arrayNext(),3,1,0,2
org.apache.avro.io.BinaryDecoder.skipArray(),3,1,0,2
org.apache.avro.io.BinaryDecoder.readMapStart(),3,1,2,2
org.apache.avro.io.BinaryDecoder.mapNext(),3,1,2,2
org.apache.avro.io.BinaryDecoder.skipMap(),3,1,0,2
org.apache.avro.io.BinaryDecoder.readIndex(),3,1,0,2
org.apache.avro.io.BinaryDecoder.isEnd(),16,4,10,5
org.apache.avro.io.BinaryDecoder.ensureBounds(int),8,3,10,2
org.apache.avro.io.BinaryDecoder.inputStream(),3,1,10,1
org.apache.avro.util.ByteBufferInputStream.ByteBufferInputStream(List<ByteBuffer>),3,1,6,2
org.apache.avro.util.ByteBufferInputStream.read(),3,1,0,3
"org.apache.avro.util.ByteBufferInputStream.read(byte[], int, int)",12,3,4,4
org.apache.avro.util.ByteBufferInputStream.readBuffer(int),13,4,2,7
org.apache.avro.util.ByteBufferInputStream.getBuffer(),9,3,5,6
org.apache.avro.util.ByteBufferOutputStream.ByteBufferOutputStream(),3,1,6,2
org.apache.avro.util.ByteBufferOutputStream.getBufferList(),6,2,6,3
org.apache.avro.util.ByteBufferOutputStream.prepend(List<ByteBuffer>),6,2,3,3
org.apache.avro.util.ByteBufferOutputStream.append(List<ByteBuffer>),6,2,4,3
org.apache.avro.util.ByteBufferOutputStream.reset(),4,1,4,4
org.apache.avro.util.ByteBufferOutputStream.write(ByteBuffer),3,1,2,1
org.apache.avro.util.ByteBufferOutputStream.write(int),8,2,3,6
"org.apache.avro.util.ByteBufferOutputStream.write(byte[], int, int)",13,2,6,6
org.apache.avro.util.ByteBufferOutputStream.writeBuffer(ByteBuffer),9,2,3,8
org.apache.avro.io.TestBinaryDecoder.TestBinaryDecoder(boolean),3,1,1,2
org.apache.avro.io.TestBinaryDecoder.data(),6,1,0,2
org.apache.avro.io.TestBinaryDecoder.newDecoderWithNoData(),3,1,9,2
"org.apache.avro.io.TestBinaryDecoder.newDecoder(byte[], int, int)",4,1,5,2
org.apache.avro.io.TestBinaryDecoder.newDecoder(InputStream),7,2,5,3
org.apache.avro.io.TestBinaryDecoder.newDecoder(byte[]),3,1,11,2
org.apache.avro.io.TestBinaryDecoder.testEOFBoolean(),3,1,0,2
org.apache.avro.io.TestBinaryDecoder.testEOFInt(),3,1,0,2
org.apache.avro.io.TestBinaryDecoder.testEOFLong(),3,1,0,2
org.apache.avro.io.TestBinaryDecoder.testEOFFloat(),3,1,0,2
org.apache.avro.io.TestBinaryDecoder.testEOFDouble(),3,1,0,2
org.apache.avro.io.TestBinaryDecoder.testEOFBytes(),3,1,0,2
org.apache.avro.io.TestBinaryDecoder.testEOFString(),3,1,0,3
org.apache.avro.io.TestBinaryDecoder.testEOFFixed(),3,1,0,2
org.apache.avro.io.TestBinaryDecoder.testEOFEnum(),3,1,0,2
org.apache.avro.io.TestBinaryDecoder.testReuse(),18,1,2,12
org.apache.avro.io.TestBinaryDecoder.generateData(),25,2,5,14
org.apache.avro.io.TestBinaryDecoder.testDecodeFromSources(),36,2,5,12
org.apache.avro.io.TestBinaryDecoder.testInputStreamProxy(),21,2,2,7
org.apache.avro.io.TestBinaryDecoder.testInputStreamProxyDetached(),13,2,2,7
org.apache.avro.io.TestBinaryDecoder.testInputStreamPartiallyUsed(),16,3,3,9
"org.apache.avro.io.TestBinaryDecoder.validateInputStreamReads(InputStream, InputStream)",25,5,5,11
"org.apache.avro.io.TestBinaryDecoder.validateInputStreamSkips(InputStream, InputStream)",9,3,3,3
org.apache.avro.io.TestBinaryDecoder.testBadIntEncoding(),12,2,2,5
org.apache.avro.io.TestBinaryDecoder.testBadLongEncoding(),12,2,2,5
org.apache.avro.io.TestBinaryDecoder.testBadLengthEncoding(),11,2,2,4
org.apache.avro.io.TestBinaryDecoder.testIntTooShort(),5,1,0,3
org.apache.avro.io.TestBinaryDecoder.testLongTooShort(),5,1,0,3
org.apache.avro.io.TestBinaryDecoder.testFloatTooShort(),5,1,0,3
org.apache.avro.io.TestBinaryDecoder.testDoubleTooShort(),5,1,0,3
org.apache.avro.io.TestBinaryDecoder.testSkipping(),23,6,4,7
org.apache.avro.io.TestBinaryDecoder.skipGenerated(Decoder),21,3,4,8
org.apache.avro.io.TestBinaryDecoder.testEOF(),9,1,0,11
org.apache.avro.io.DirectBinaryDecoder.DirectBinaryDecoder(InputStream),4,1,3,3
org.apache.avro.io.DirectBinaryDecoder.configure(InputStream),6,2,4,4
org.apache.avro.io.DirectBinaryDecoder.readBoolean(),7,2,1,3
org.apache.avro.io.DirectBinaryDecoder.readInt(),18,4,2,4
org.apache.avro.io.DirectBinaryDecoder.readLong(),18,4,1,4
org.apache.avro.io.DirectBinaryDecoder.readFloat(),8,1,1,3
org.apache.avro.io.DirectBinaryDecoder.readDouble(),12,1,1,3
org.apache.avro.io.DirectBinaryDecoder.readBytes(ByteBuffer),4,1,3,3
org.apache.avro.io.DirectBinaryDecoder.doSkipBytes(long),9,3,2,2
"org.apache.avro.io.DirectBinaryDecoder.doReadBytes(byte[], int, int)",13,4,7,2
org.apache.avro.io.DirectBinaryDecoder.inputStream(),3,1,1,1
org.apache.avro.io.DirectBinaryDecoder.isEnd(),3,1,0,2
org.apache.avro.TestProtocolHttp.createServer(Responder),3,1,1,2
org.apache.avro.TestProtocolHttp.createTransceiver(),3,1,2,4
org.apache.avro.TestProtocolHttp.getExpectedHandshakeCount(),3,1,1,1
org.apache.avro.TestProtocolHttp.testTimeout(),14,2,2,9
org.apache.avro.TestProtocolHttp.testStatelessOneway(),13,1,1,12
org.apache.trevni.BlockDescriptor.BlockDescriptor(),1,1,1,1
"org.apache.trevni.BlockDescriptor.BlockDescriptor(int, int, int)",5,1,4,4
org.apache.trevni.BlockDescriptor.writeTo(OutputBuffer),5,1,5,1
org.apache.trevni.BlockDescriptor.read(InputBuffer),7,1,2,6
org.apache.trevni.OutputBuffer.OutputBuffer(),1,1,27,2
org.apache.trevni.OutputBuffer.isFull(),1,1,2,2
org.apache.trevni.OutputBuffer.asByteBuffer(),1,1,3,2
"org.apache.trevni.OutputBuffer.writeValue(Object, ValueType)",31,12,26,11
org.apache.trevni.OutputBuffer.writeBoolean(boolean),11,4,4,4
org.apache.trevni.OutputBuffer.writeLength(int),4,1,3,2
org.apache.trevni.OutputBuffer.writeString(String),5,1,6,3
org.apache.trevni.OutputBuffer.writeBytes(ByteBuffer),6,1,3,5
org.apache.trevni.OutputBuffer.writeBytes(byte[]),3,1,3,1
"org.apache.trevni.OutputBuffer.writeBytes(byte[], int, int)",4,1,5,2
org.apache.trevni.OutputBuffer.writeFloat(float),3,1,3,2
org.apache.trevni.OutputBuffer.writeDouble(double),3,1,3,2
org.apache.trevni.OutputBuffer.writeFixed32(int),8,1,8,3
org.apache.trevni.OutputBuffer.writeFixed64(long),14,1,6,3
org.apache.trevni.OutputBuffer.writeInt(int),21,5,9,3
org.apache.trevni.OutputBuffer.writeLong(long),41,10,15,3
org.apache.trevni.OutputBuffer.ensure(int),4,2,9,3
"org.apache.trevni.OutputBuffer.size(Object, ValueType)",24,11,11,6
org.apache.trevni.OutputBuffer.size(int),12,5,4,1
org.apache.trevni.OutputBuffer.size(long),22,10,1,1
org.apache.trevni.OutputBuffer.size(ByteBuffer),4,1,2,3
org.apache.trevni.OutputBuffer.size(byte[]),4,1,3,2
org.apache.trevni.OutputBuffer.size(String),4,1,2,3
org.apache.trevni.OutputBuffer.utf8Length(String),28,8,2,6
org.apache.avro.TestSchemaBuilder.testRecord(),27,1,4,32
org.apache.avro.TestSchemaBuilder.testDoc(),4,1,0,5
org.apache.avro.TestSchemaBuilder.testProps(),12,1,0,8
org.apache.avro.TestSchemaBuilder.testNamespaces(),32,1,0,14
org.apache.avro.TestSchemaBuilder.testMissingRecordName(),6,1,0,7
org.apache.avro.TestSchemaBuilder.testBoolean(),8,1,1,7
org.apache.avro.TestSchemaBuilder.testInt(),8,1,1,7
org.apache.avro.TestSchemaBuilder.testLong(),8,1,1,7
org.apache.avro.TestSchemaBuilder.testFloat(),8,1,1,7
org.apache.avro.TestSchemaBuilder.testDuble(),8,1,1,7
org.apache.avro.TestSchemaBuilder.testString(),8,1,1,7
org.apache.avro.TestSchemaBuilder.testBytes(),8,1,1,7
org.apache.avro.TestSchemaBuilder.testNull(),8,1,1,7
"org.apache.avro.TestSchemaBuilder.primitive(Schema.Type, Schema)",8,1,10,7
org.apache.avro.TestSchemaBuilder.testRecursiveRecord(),22,1,4,20
org.apache.avro.TestSchemaBuilder.testEnum(),8,1,0,7
org.apache.avro.TestSchemaBuilder.testFixed(),7,1,0,6
org.apache.avro.TestSchemaBuilder.testArray(),12,1,1,10
org.apache.avro.TestSchemaBuilder.testMap(),12,1,1,10
org.apache.avro.TestSchemaBuilder.testUnionAndNullable(),12,1,2,11
org.apache.avro.TestSchemaBuilder.testFields(),14,1,3,23
org.apache.avro.TestSchemaBuilder.testFieldShortcuts(),49,1,0,51
org.apache.avro.TestSchemaBuilder.testNames(),61,1,0,18
"org.apache.avro.TestSchemaBuilder.checkField(Schema, Schema, String)",3,1,4,3
org.apache.avro.TestSchemaBuilder.testNamesFailRedefined(),6,1,0,9
org.apache.avro.TestSchemaBuilder.testNamesFailAbsent(),3,1,0,2
org.apache.avro.TestSchemaBuilder.testNameReserved(),3,1,0,3
org.apache.avro.TestSchemaBuilder.testFieldTypesAndDefaultValues(),120,3,0,111
org.apache.avro.TestSchemaBuilder.testBadDefault(),5,1,1,7
org.apache.avro.TestSchemaBuilder.testUnionFieldBuild(),21,1,0,29
org.apache.avro.TestSchemaBuilder.testDefaults(),49,1,1,25
org.apache.avro.generic.GenericRecordBuilder.GenericRecordBuilder(Schema),4,1,8,4
org.apache.avro.generic.GenericRecordBuilder.GenericRecordBuilder(GenericRecordBuilder),4,1,3,4
org.apache.avro.generic.GenericRecordBuilder.GenericRecordBuilder(Record),10,3,2,14
org.apache.avro.generic.GenericRecordBuilder.get(String),3,1,2,4
org.apache.avro.generic.GenericRecordBuilder.get(Field),3,1,2,3
org.apache.avro.generic.GenericRecordBuilder.get(int),3,1,3,2
"org.apache.avro.generic.GenericRecordBuilder.set(String, Object)",3,1,6,4
"org.apache.avro.generic.GenericRecordBuilder.set(Field, Object)",3,1,4,3
"org.apache.avro.generic.GenericRecordBuilder.set(int, Object)",3,1,2,3
"org.apache.avro.generic.GenericRecordBuilder.set(Field, int, Object)",6,1,6,4
org.apache.avro.generic.GenericRecordBuilder.has(String),3,1,2,4
org.apache.avro.generic.GenericRecordBuilder.has(Field),3,1,2,3
org.apache.avro.generic.GenericRecordBuilder.has(int),3,1,2,2
org.apache.avro.generic.GenericRecordBuilder.clear(String),3,1,2,4
org.apache.avro.generic.GenericRecordBuilder.clear(Field),3,1,2,3
org.apache.avro.generic.GenericRecordBuilder.clear(int),5,1,3,3
org.apache.avro.generic.GenericRecordBuilder.build(),20,5,7,7
org.apache.avro.generic.GenericRecordBuilder.getWithDefault(Field),4,2,3,5
org.apache.avro.generic.GenericRecordBuilder.hashCode(),6,2,1,3
org.apache.avro.generic.GenericRecordBuilder.equals(Object),15,7,2,4
org.apache.avro.SchemaBuilder.SchemaBuilder(),2,1,0,1
org.apache.avro.SchemaBuilder.builder(),3,1,18,3
org.apache.avro.SchemaBuilder.builder(String),4,1,3,4
org.apache.avro.SchemaBuilder.record(String),3,1,32,3
org.apache.avro.SchemaBuilder.enumeration(String),3,1,3,3
org.apache.avro.SchemaBuilder.fixed(String),3,1,5,3
org.apache.avro.SchemaBuilder.array(),3,1,2,3
org.apache.avro.SchemaBuilder.map(),3,1,1,3
org.apache.avro.SchemaBuilder.unionOf(),3,1,3,3
org.apache.avro.SchemaBuilder.nullable(),3,1,1,3
"org.apache.avro.SchemaBuilder.checkRequired(Object, String)",5,2,3,1
org.apache.avro.SchemaBuilder.toJsonNode(Object),20,3,3,13
org.apache.avro.SchemaBuilderException.SchemaBuilderException(Throwable),1,1,2,2
org.apache.avro.SchemaBuilderException.SchemaBuilderException(String),1,1,1,2
org.apache.avro.ValidateLatest.ValidateLatest(SchemaValidationStrategy),3,1,2,2
"org.apache.avro.ValidateLatest.validate(Schema, Iterable<Schema>)",8,2,3,4
"org.apache.avro.io.ValidatingEncoder.ValidatingEncoder(Symbol, Encoder)",4,1,3,4
"org.apache.avro.io.ValidatingEncoder.ValidatingEncoder(Schema, Encoder)",3,1,3,3
org.apache.avro.io.ValidatingEncoder.flush(),3,1,1,1
org.apache.avro.io.ValidatingEncoder.configure(Encoder),5,1,3,3
org.apache.avro.io.ValidatingEncoder.writeNull(),4,1,3,2
org.apache.avro.io.ValidatingEncoder.writeBoolean(boolean),4,1,4,2
org.apache.avro.io.ValidatingEncoder.writeInt(int),4,1,4,2
org.apache.avro.io.ValidatingEncoder.writeLong(long),4,1,4,2
org.apache.avro.io.ValidatingEncoder.writeFloat(float),4,1,4,2
org.apache.avro.io.ValidatingEncoder.writeDouble(double),4,1,4,2
org.apache.avro.io.ValidatingEncoder.writeString(Utf8),4,1,4,2
org.apache.avro.io.ValidatingEncoder.writeString(String),4,1,4,2
org.apache.avro.io.ValidatingEncoder.writeString(CharSequence),4,1,4,2
org.apache.avro.io.ValidatingEncoder.writeBytes(ByteBuffer),4,1,4,2
"org.apache.avro.io.ValidatingEncoder.writeBytes(byte[], int, int)",4,1,6,2
"org.apache.avro.io.ValidatingEncoder.writeFixed(byte[], int, int)",10,2,7,4
org.apache.avro.io.ValidatingEncoder.writeEnum(int),10,2,5,4
org.apache.avro.io.ValidatingEncoder.writeArrayStart(),5,1,3,3
org.apache.avro.io.ValidatingEncoder.writeArrayEnd(),5,1,3,3
org.apache.avro.io.ValidatingEncoder.writeMapStart(),5,1,3,3
org.apache.avro.io.ValidatingEncoder.writeMapEnd(),5,1,3,3
org.apache.avro.io.ValidatingEncoder.setItemCount(long),4,1,2,2
org.apache.avro.io.ValidatingEncoder.startItem(),4,1,1,2
org.apache.avro.io.ValidatingEncoder.writeIndex(int),6,1,4,5
"org.apache.avro.io.ValidatingEncoder.doAction(Symbol, Symbol)",3,1,0,1
"org.apache.avro.io.BufferedBinaryEncoder.BufferedBinaryEncoder(OutputStream, int)",3,1,4,2
"org.apache.avro.io.BufferedBinaryEncoder.configure(OutputStream, int)",23,7,11,9
org.apache.avro.io.BufferedBinaryEncoder.flush(),4,1,2,2
org.apache.avro.io.BufferedBinaryEncoder.flushBuffer(),6,2,10,2
org.apache.avro.io.BufferedBinaryEncoder.ensureBounds(int),6,2,9,1
org.apache.avro.io.BufferedBinaryEncoder.writeBoolean(boolean),6,2,4,3
org.apache.avro.io.BufferedBinaryEncoder.writeInt(int),4,1,5,3
org.apache.avro.io.BufferedBinaryEncoder.writeLong(long),4,1,3,3
org.apache.avro.io.BufferedBinaryEncoder.writeFloat(float),4,1,3,3
org.apache.avro.io.BufferedBinaryEncoder.writeDouble(double),4,1,3,3
"org.apache.avro.io.BufferedBinaryEncoder.writeFixed(byte[], int, int)",10,2,12,5
org.apache.avro.io.BufferedBinaryEncoder.writeFixed(ByteBuffer),8,2,3,5
org.apache.avro.io.BufferedBinaryEncoder.writeZero(),3,1,0,1
org.apache.avro.io.BufferedBinaryEncoder.writeByte(int),6,2,5,3
org.apache.avro.io.BufferedBinaryEncoder.bytesBuffered(),3,1,2,1
org.apache.avro.io.BlockingBinaryEncoder.check(),13,2,18,2
"org.apache.avro.io.BlockingBinaryEncoder.BlockingBinaryEncoder(OutputStream, int, int)",14,1,7,13
org.apache.avro.io.BlockingBinaryEncoder.expandStack(),8,2,6,3
"org.apache.avro.io.BlockingBinaryEncoder.configure(OutputStream, int, int)",11,2,6,6
org.apache.avro.io.BlockingBinaryEncoder.flush(),13,3,8,5
org.apache.avro.io.BlockingBinaryEncoder.writeBoolean(boolean),4,1,3,3
org.apache.avro.io.BlockingBinaryEncoder.writeInt(int),4,1,3,3
org.apache.avro.io.BlockingBinaryEncoder.writeLong(long),4,1,3,3
org.apache.avro.io.BlockingBinaryEncoder.writeFloat(float),4,1,3,3
org.apache.avro.io.BlockingBinaryEncoder.writeDouble(double),4,1,3,3
"org.apache.avro.io.BlockingBinaryEncoder.writeFixed(byte[], int, int)",3,1,3,1
org.apache.avro.io.BlockingBinaryEncoder.writeZero(),4,1,1,3
org.apache.avro.io.BlockingBinaryEncoder.writeArrayStart(),11,2,6,8
org.apache.avro.io.BlockingBinaryEncoder.setItemCount(long),7,1,7,2
org.apache.avro.io.BlockingBinaryEncoder.startItem(),10,2,5,5
org.apache.avro.io.BlockingBinaryEncoder.writeArrayEnd(),11,3,5,3
org.apache.avro.io.BlockingBinaryEncoder.writeMapStart(),11,2,6,8
org.apache.avro.io.BlockingBinaryEncoder.writeMapEnd(),11,3,5,3
org.apache.avro.io.BlockingBinaryEncoder.writeIndex(int),4,1,3,3
org.apache.avro.io.BlockingBinaryEncoder.bytesBuffered(),3,1,1,2
org.apache.avro.io.BlockingBinaryEncoder.endBlockedValue(),41,7,14,11
org.apache.avro.io.BlockingBinaryEncoder.finishOverflow(),13,2,9,8
org.apache.avro.io.BlockingBinaryEncoder.ensureBounds(int),10,3,17,3
"org.apache.avro.io.BlockingBinaryEncoder.doWriteBytes(byte[], int, int)",13,2,12,4
"org.apache.avro.io.BlockingBinaryEncoder.write(byte[], int, int)",22,5,12,5
org.apache.avro.io.BlockingBinaryEncoder.compact(),34,7,14,9
"org.apache.avro.mapred.tether.WordCountTask.map(Utf8, Collector<Pair>)",6,2,2,7
"org.apache.avro.mapred.tether.WordCountTask.reduce(Pair<Utf8, Long>, Collector<Pair>)",4,1,1,2
"org.apache.avro.mapred.tether.WordCountTask.reduceFlush(Pair<Utf8, Long>, Collector<Pair>)",6,1,3,3
org.apache.avro.mapred.tether.WordCountTask.main(String[]),4,1,1,3
org.apache.avro.mapred.tether.TetherTask.open(int),30,7,8,15
"org.apache.avro.mapred.tether.TetherTask.configure(TaskType, CharSequence, CharSequence)",19,4,7,11
org.apache.avro.mapred.tether.TetherTask.partitions(int),1,1,2,1
org.apache.avro.mapred.tether.TetherTask.partitions(),1,1,1,1
"org.apache.avro.mapred.tether.TetherTask.input(ByteBuffer, long)",24,6,17,14
org.apache.avro.mapred.tether.TetherTask.complete(),12,3,8,6
"org.apache.avro.mapred.tether.TetherTask.map(IN, Collector<MID>)",2,1,1,0
"org.apache.avro.mapred.tether.TetherTask.reduce(MID, Collector<OUT>)",2,1,1,0
"org.apache.avro.mapred.tether.TetherTask.reduceFlush(MID, Collector<OUT>)",2,1,2,0
org.apache.avro.mapred.tether.TetherTask.status(String),3,1,2,1
"org.apache.avro.mapred.tether.TetherTask.count(String, String, long)",3,1,4,1
org.apache.avro.mapred.tether.TetherTask.fail(String),4,1,5,2
org.apache.avro.mapred.tether.TetherTask.close(),7,3,4,2
org.apache.avro.mapred.tether.TetherTaskRunner.TetherTaskRunner(TetherTask),34,6,8,17
"org.apache.avro.mapred.tether.TetherTaskRunner.configure(TaskType, String, String)",6,1,5,2
"org.apache.avro.mapred.tether.TetherTaskRunner.input(ByteBuffer, long)",3,1,3,1
org.apache.avro.mapred.tether.TetherTaskRunner.partitions(int),3,1,2,1
org.apache.avro.mapred.tether.TetherTaskRunner.abort(),4,1,1,2
org.apache.avro.mapred.tether.TetherTaskRunner.complete(),4,1,2,2
org.apache.avro.mapred.tether.TetherTaskRunner.join(),5,1,3,2
org.apache.avro.mapred.tether.TetherTaskRunner.close(),7,2,4,3
org.apache.avro.tool.TrevniMetadataTool.getName(),3,1,0,1
org.apache.avro.tool.TrevniMetadataTool.getShortDescription(),3,1,0,1
"org.apache.avro.tool.TrevniMetadataTool.run(InputStream, PrintStream, PrintStream, List<String>)",16,3,3,7
"org.apache.avro.tool.TrevniMetadataTool.dump(Input, PrintStream, boolean)",26,3,8,22
org.apache.avro.tool.TrevniMetadataTool.dump(MetaData<?>),7,2,3,6
"org.apache.trevni.ColumnOutputBuffer.ColumnOutputBuffer(ColumnFileWriter, ColumnMetaData)",12,2,4,14
org.apache.trevni.ColumnOutputBuffer.getMeta(),1,1,4,1
org.apache.trevni.ColumnOutputBuffer.getBuffer(),1,1,4,1
org.apache.trevni.ColumnOutputBuffer.startRow(),4,2,2,2
org.apache.trevni.ColumnOutputBuffer.writeLength(int),3,1,2,1
org.apache.trevni.ColumnOutputBuffer.writeValue(Object),5,2,6,5
org.apache.trevni.ColumnOutputBuffer.endRow(),3,1,1,1
org.apache.trevni.ColumnOutputBuffer.flushBuffer(),22,3,12,18
org.apache.trevni.ColumnOutputBuffer.size(),4,1,2,2
org.apache.trevni.ColumnOutputBuffer.writeTo(OutputStream),12,4,6,9
org.apache.trevni.Checksum.get(MetaData),9,3,4,4
org.apache.trevni.Checksum.size(),1,1,3,1
org.apache.trevni.Checksum.compute(ByteBuffer),1,1,2,1
org.apache.avro.mapred.tether.TetherInputFormat.listStatus(JobConf),12,4,4,9
"org.apache.avro.mapred.tether.TetherInputFormat.getRecordReader(InputSplit, JobConf, Reporter)",5,1,3,4
org.apache.avro.mapred.AvroInputFormat.listStatus(JobConf),12,4,5,9
"org.apache.avro.mapred.AvroInputFormat.getRecordReader(InputSplit, JobConf, Reporter)",5,1,3,4
"org.apache.avro.mapred.AvroOutputFormat.setDeflateLevel(JobConf, int)",4,1,3,2
"org.apache.avro.mapred.AvroOutputFormat.setSyncInterval(JobConf, int)",3,1,4,1
"org.apache.avro.mapred.AvroOutputFormat.configureDataFileWriter(DataFileWriter<T>, JobConf)",17,5,8,13
org.apache.avro.mapred.AvroOutputFormat.getCodecFactory(JobConf),28,6,17,11
"org.apache.avro.mapred.AvroOutputFormat.getRecordWriter(FileSystem, JobConf, String, Progressable)",23,2,3,11
"org.apache.avro.mapred.tether.TetherRecordReader.TetherRecordReader(JobConf, FileSplit)",10,1,6,15
org.apache.avro.mapred.tether.TetherRecordReader.getSchema(),1,1,1,2
org.apache.avro.mapred.tether.TetherRecordReader.createKey(),1,1,0,2
org.apache.avro.mapred.tether.TetherRecordReader.createValue(),1,1,0,2
"org.apache.avro.mapred.tether.TetherRecordReader.next(TetherData, NullWritable)",8,2,3,7
org.apache.avro.mapred.tether.TetherRecordReader.getProgress(),7,2,3,3
org.apache.avro.mapred.tether.TetherRecordReader.getPos(),3,1,1,2
org.apache.avro.mapred.tether.TetherRecordReader.close(),1,1,1,1
org.apache.avro.generic.TestGenericData.testrecordConstructorNullSchema(),3,1,0,0
org.apache.avro.generic.TestGenericData.testrecordConstructorWrongSchema(),3,1,1,1
org.apache.avro.generic.TestGenericData.testArrayConstructorNullSchema(),3,1,0,0
org.apache.avro.generic.TestGenericData.testArrayConstructorWrongSchema(),3,1,1,1
org.apache.avro.generic.TestGenericData.testRecordCreateEmptySchema(),4,1,0,1
org.apache.avro.generic.TestGenericData.testGetEmptySchemaFields(),4,1,0,2
org.apache.avro.generic.TestGenericData.testGetEmptySchemaField(),4,1,0,2
org.apache.avro.generic.TestGenericData.testRecordPutInvalidField(),8,1,0,5
org.apache.avro.generic.TestGenericData.testHashCode(),11,1,3,9
org.apache.avro.generic.TestGenericData.testEquals(),20,1,0,12
org.apache.avro.generic.TestGenericData.recordSchema(),7,1,3,8
org.apache.avro.generic.TestGenericData.testEquals2(),18,1,3,9
org.apache.avro.generic.TestGenericData.testRecordGetFieldDoesntExist(),6,1,0,4
org.apache.avro.generic.TestGenericData.testArrayReversal(),13,3,1,6
org.apache.avro.generic.TestGenericData.testArrayListInterface(),21,3,1,11
org.apache.avro.generic.TestGenericData.testArrayAddAtLocation(),28,3,1,10
org.apache.avro.generic.TestGenericData.testArrayRemove(),32,5,1,11
org.apache.avro.generic.TestGenericData.testArraySet(),14,2,1,9
org.apache.avro.generic.TestGenericData.testToStringIsJson(),14,1,1,12
org.apache.avro.generic.TestGenericData.testToStringEscapesControlCharsInBytes(),6,1,0,4
org.apache.avro.generic.TestGenericData.testToStringFixed(),6,1,0,4
org.apache.avro.generic.TestGenericData.testToStringDoesNotEscapeForwardSlash(),4,1,0,3
org.apache.avro.generic.TestGenericData.testToStringNanInfinity(),9,1,6,3
org.apache.avro.generic.TestGenericData.testCompare(),34,2,1,20
org.apache.avro.generic.TestGenericData.testEnumCompare(),8,1,0,5
org.apache.avro.generic.TestGenericData.testByteBufferDeepCopy(),13,1,1,12
org.apache.avro.generic.TestGenericData.testValidateNullableEnum(),28,1,1,11
org.apache.avro.generic.TestGenericData.validateRequiresGenericSymbolForEnumSchema(),8,1,1,6
org.apache.avro.generic.TestGenericData.testValidateUnion(),17,1,0,13
org.apache.avro.io.BinaryData.BinaryData(),1,1,0,1
"org.apache.avro.io.BinaryData.compare(byte[], int, byte[], int, Schema)",5,1,11,2
"org.apache.avro.io.BinaryData.compare(byte[], int, int, byte[], int, int, Schema)",13,2,12,6
"org.apache.avro.io.BinaryData.compare(Decoders, Schema)",99,40,21,21
"org.apache.avro.io.BinaryData.compareBytes(byte[], int, int, byte[], int, int)",13,3,11,1
"org.apache.avro.io.BinaryData.hashCode(byte[], int, int, Schema)",10,2,8,5
"org.apache.avro.io.BinaryData.hashCode(HashData, Schema)",53,20,19,21
"org.apache.avro.io.BinaryData.hashBytes(int, HashData, int, boolean)",15,4,6,4
"org.apache.avro.io.BinaryData.skipLong(byte[], int)",5,2,3,1
"org.apache.avro.io.BinaryData.encodeBoolean(boolean, byte[], int)",4,2,4,2
"org.apache.avro.io.BinaryData.encodeInt(int, byte[], int)",22,5,7,2
"org.apache.avro.io.BinaryData.encodeLong(long, byte[], int)",42,10,6,2
"org.apache.avro.io.BinaryData.encodeFloat(float, byte[], int)",9,1,5,3
"org.apache.avro.io.BinaryData.encodeDouble(double, byte[], int)",14,1,5,3
org.apache.trevni.avro.TestShredder.testPrimitives(),22,1,16,6
org.apache.trevni.avro.TestShredder.testSimpleRecord(),5,1,3,3
org.apache.trevni.avro.TestShredder.testDefaultValue(),10,1,3,3
org.apache.trevni.avro.TestShredder.testNestedRecord(),13,1,3,3
org.apache.trevni.avro.TestShredder.testNamedRecord(),12,1,3,3
org.apache.trevni.avro.TestShredder.testSimpleArray(),5,1,1,4
org.apache.trevni.avro.TestShredder.testArray(),7,1,4,5
org.apache.trevni.avro.TestShredder.testSimpleUnion(),6,1,2,4
org.apache.trevni.avro.TestShredder.testSimpleOptional(),5,1,1,4
org.apache.trevni.avro.TestShredder.testUnion(),8,1,4,5
org.apache.trevni.avro.TestShredder.testNestedArray(),15,1,4,5
org.apache.trevni.avro.TestShredder.testNestedUnion(),16,1,4,5
org.apache.trevni.avro.TestShredder.testUnionInArray(),18,1,4,5
org.apache.trevni.avro.TestShredder.testArrayInUnion(),16,1,4,5
org.apache.trevni.avro.TestShredder.testSimpleMap(),8,1,3,5
org.apache.trevni.avro.TestShredder.testMap(),9,1,4,5
"org.apache.trevni.avro.TestShredder.check(Schema, ColumnMetaData...)",8,2,19,6
org.apache.trevni.avro.TestShredder.checkWrite(Schema),9,2,5,4
org.apache.trevni.avro.TestShredder.checkRead(Schema),8,2,5,6
org.apache.trevni.avro.AvroColumnator.AvroColumnator(Schema),4,1,4,3
org.apache.trevni.avro.AvroColumnator.getColumns(),3,1,4,3
org.apache.trevni.avro.AvroColumnator.getArrayWidths(),7,2,3,2
"org.apache.trevni.avro.AvroColumnator.columnize(String, Schema, ColumnMetaData, boolean)",37,13,16,20
"org.apache.trevni.avro.AvroColumnator.p(String, Schema, String)",5,2,5,4
"org.apache.trevni.avro.AvroColumnator.p(String, String, String)",3,2,5,1
"org.apache.trevni.avro.AvroColumnator.addColumn(String, ValueType, ColumnMetaData, boolean)",10,2,8,5
"org.apache.trevni.avro.AvroColumnator.addArrayColumn(String, Schema, ColumnMetaData)",12,3,7,7
org.apache.trevni.avro.AvroColumnator.isSimple(Schema),12,11,15,2
org.apache.trevni.avro.AvroColumnator.simpleValueType(Schema),16,11,21,3
org.apache.avro.Conversion.getConvertedType(),1,1,6,1
org.apache.avro.Conversion.getLogicalTypeName(),1,1,2,1
org.apache.avro.Conversion.getRecommendedSchema(),4,1,1,3
"org.apache.avro.Conversion.fromBoolean(Boolean, Schema, LogicalType)",4,1,2,3
"org.apache.avro.Conversion.fromInt(Integer, Schema, LogicalType)",4,1,2,3
"org.apache.avro.Conversion.fromLong(Long, Schema, LogicalType)",4,1,2,3
"org.apache.avro.Conversion.fromFloat(Float, Schema, LogicalType)",4,1,2,3
"org.apache.avro.Conversion.fromDouble(Double, Schema, LogicalType)",4,1,2,3
"org.apache.avro.Conversion.fromCharSequence(CharSequence, Schema, LogicalType)",4,1,2,3
"org.apache.avro.Conversion.fromEnumSymbol(GenericEnumSymbol, Schema, LogicalType)",4,1,2,3
"org.apache.avro.Conversion.fromFixed(GenericFixed, Schema, LogicalType)",4,1,2,3
"org.apache.avro.Conversion.fromBytes(ByteBuffer, Schema, LogicalType)",4,1,2,3
"org.apache.avro.Conversion.fromArray(Collection<?>, Schema, LogicalType)",4,1,2,3
"org.apache.avro.Conversion.fromMap(Map<?, ?>, Schema, LogicalType)",4,1,2,3
"org.apache.avro.Conversion.fromRecord(IndexedRecord, Schema, LogicalType)",4,1,2,3
"org.apache.avro.Conversion.toBoolean(T, Schema, LogicalType)",4,1,2,3
"org.apache.avro.Conversion.toInt(T, Schema, LogicalType)",4,1,2,3
"org.apache.avro.Conversion.toLong(T, Schema, LogicalType)",4,1,6,3
"org.apache.avro.Conversion.toFloat(T, Schema, LogicalType)",4,1,2,3
"org.apache.avro.Conversion.toDouble(T, Schema, LogicalType)",4,1,2,3
"org.apache.avro.Conversion.toCharSequence(T, Schema, LogicalType)",4,1,2,3
"org.apache.avro.Conversion.toEnumSymbol(T, Schema, LogicalType)",4,1,2,3
"org.apache.avro.Conversion.toFixed(T, Schema, LogicalType)",4,1,4,3
"org.apache.avro.Conversion.toBytes(T, Schema, LogicalType)",4,1,4,3
"org.apache.avro.Conversion.toArray(T, Schema, LogicalType)",4,1,2,3
"org.apache.avro.Conversion.toMap(T, Schema, LogicalType)",4,1,2,3
"org.apache.avro.Conversion.toRecord(T, Schema, LogicalType)",4,1,2,3
org.apache.avro.mapreduce.AvroKeyValueOutputFormat.getRecordWriter(TaskAttemptContext),12,1,1,11
org.apache.avro.hadoop.io.AvroDatumConverter.convert(INPUT),1,1,12,1
org.apache.avro.hadoop.io.AvroDatumConverter.getWriterSchema(),1,1,2,1
org.apache.avro.hadoop.io.AvroDatumConverterFactory.AvroDatumConverterFactory(Configuration),3,1,7,1
org.apache.avro.hadoop.io.AvroDatumConverterFactory.create(Class<IN>),65,18,17,21
org.apache.avro.mapreduce.AvroOutputFormatBase.getCompressionCodec(TaskAttemptContext),29,6,10,13
org.apache.avro.mapreduce.AvroOutputFormatBase.getAvroFileOutputStream(TaskAttemptContext),5,1,4,8
org.apache.avro.mapreduce.AvroOutputFormatBase.getSyncInterval(TaskAttemptContext),5,1,5,3
"org.apache.avro.mapreduce.AvroKeyValueRecordWriter.AvroKeyValueRecordWriter(AvroDatumConverter<K, ?>, AvroDatumConverter<V, ?>, GenericData, CodecFactory, OutputStream, int)",14,1,10,14
"org.apache.avro.mapreduce.AvroKeyValueRecordWriter.AvroKeyValueRecordWriter(AvroDatumConverter<K, ?>, AvroDatumConverter<V, ?>, GenericData, CodecFactory, OutputStream)",6,1,9,2
org.apache.avro.mapreduce.AvroKeyValueRecordWriter.getWriterSchema(),3,1,1,1
"org.apache.avro.mapreduce.AvroKeyValueRecordWriter.write(K, V)",5,1,9,5
org.apache.avro.mapreduce.AvroKeyValueRecordWriter.close(TaskAttemptContext),3,1,4,1
org.apache.avro.mapreduce.AvroKeyValueRecordWriter.sync(),3,1,2,2
"org.apache.avro.mapred.AvroMultipleOutputs.checkNamedOutput(JobConf, String, boolean)",11,3,6,3
org.apache.avro.mapred.AvroMultipleOutputs.checkTokenName(String),19,6,3,3
org.apache.avro.mapred.AvroMultipleOutputs.checkNamedOutputName(String),7,2,3,3
org.apache.avro.mapred.AvroMultipleOutputs.getNamedOutputsList(JobConf),8,2,4,7
"org.apache.avro.mapred.AvroMultipleOutputs.isMultiNamedOutput(JobConf, String)",4,1,5,3
"org.apache.avro.mapred.AvroMultipleOutputs.getNamedOutputFormatClass(JobConf, String)",6,1,6,3
"org.apache.avro.mapred.AvroMultipleOutputs.addNamedOutput(JobConf, String, Class<? extends OutputFormat>, Schema)",5,1,6,1
"org.apache.avro.mapred.AvroMultipleOutputs.addMultiNamedOutput(JobConf, String, Class<? extends OutputFormat>, Schema)",5,1,4,1
"org.apache.avro.mapred.AvroMultipleOutputs.addNamedOutput(JobConf, String, boolean, Class<? extends OutputFormat>, Schema)",14,2,12,8
"org.apache.avro.mapred.AvroMultipleOutputs.setCountersEnabled(JobConf, boolean)",3,1,3,1
org.apache.avro.mapred.AvroMultipleOutputs.getCountersEnabled(JobConf),3,1,3,2
org.apache.avro.mapred.AvroMultipleOutputs.AvroMultipleOutputs(JobConf),8,1,3,11
org.apache.avro.mapred.AvroMultipleOutputs.getNamedOutputs(),3,1,1,2
"org.apache.avro.mapred.AvroMultipleOutputs.getRecordWriter(String, String, Reporter, Schema)",27,6,11,9
"org.apache.avro.mapred.AvroMultipleOutputs.collect(String, Reporter, Object)",3,1,4,2
"org.apache.avro.mapred.AvroMultipleOutputs.collect(String, Reporter, Schema, Object)",3,1,4,2
"org.apache.avro.mapred.AvroMultipleOutputs.collect(String, Reporter, Schema, Object, String)",3,1,6,2
"org.apache.avro.mapred.AvroMultipleOutputs.getCollector(String, Reporter)",4,1,5,2
"org.apache.avro.mapred.AvroMultipleOutputs.getCollector(String, Reporter, Schema)",4,1,4,2
"org.apache.avro.mapred.AvroMultipleOutputs.getCollector(String, String, Reporter)",4,1,3,2
"org.apache.avro.mapred.AvroMultipleOutputs.getCollector(String, Schema, Reporter, String)",4,1,4,2
"org.apache.avro.mapred.AvroMultipleOutputs.getCollector(String, String, Reporter, String, Schema)",31,5,12,7
org.apache.avro.mapred.AvroMultipleOutputs.close(),5,2,3,2
org.apache.avro.util.internal.JacksonUtils.JacksonUtils(),2,1,0,1
org.apache.avro.util.internal.JacksonUtils.toJsonNode(Object),12,3,8,5
"org.apache.avro.util.internal.JacksonUtils.toJson(Object, JsonGenerator)",34,13,5,16
org.apache.avro.util.internal.JacksonUtils.toObject(JsonNode),3,1,7,2
"org.apache.avro.util.internal.JacksonUtils.toObject(JsonNode, Schema)",60,24,17,33
"org.apache.avro.tool.SpecificCompilerTool.run(InputStream, PrintStream, PrintStream, List<String>)",57,11,7,16
org.apache.avro.tool.SpecificCompilerTool.getName(),3,1,0,1
org.apache.avro.tool.SpecificCompilerTool.getShortDescription(),3,1,0,1
"org.apache.avro.tool.SpecificCompilerTool.determineInputs(List<File>, FilenameFilter)",23,6,4,8
org.apache.avro.compiler.specific.SpecificCompiler.isCreateAllArgsConstructor(),3,1,1,1
org.apache.avro.compiler.specific.SpecificCompiler.SpecificCompiler(Protocol),7,2,10,5
org.apache.avro.compiler.specific.SpecificCompiler.SpecificCompiler(Schema),5,1,16,4
org.apache.avro.compiler.specific.SpecificCompiler.SpecificCompiler(),6,1,3,4
org.apache.avro.compiler.specific.SpecificCompiler.setTemplateDir(String),3,1,5,1
org.apache.avro.compiler.specific.SpecificCompiler.deprecatedFields(),3,1,5,1
org.apache.avro.compiler.specific.SpecificCompiler.publicFields(),4,1,6,1
org.apache.avro.compiler.specific.SpecificCompiler.privateFields(),3,1,5,1
org.apache.avro.compiler.specific.SpecificCompiler.setFieldVisibility(FieldVisibility),3,1,6,1
org.apache.avro.compiler.specific.SpecificCompiler.isCreateSetters(),3,1,3,1
org.apache.avro.compiler.specific.SpecificCompiler.setCreateSetters(boolean),3,1,5,1
org.apache.avro.compiler.specific.SpecificCompiler.initializeVelocity(),19,3,3,5
"org.apache.avro.compiler.specific.SpecificCompiler.compileProtocol(File, File)",3,1,3,1
"org.apache.avro.compiler.specific.SpecificCompiler.compileProtocol(File[], File)",7,2,3,3
"org.apache.avro.compiler.specific.SpecificCompiler.compileSchema(File, File)",3,1,3,1
"org.apache.avro.compiler.specific.SpecificCompiler.compileSchema(File[], File)",8,2,3,3
org.apache.avro.compiler.specific.SpecificCompiler.enqueue(Schema),30,18,18,9
org.apache.avro.compiler.specific.SpecificCompiler.compile(),10,3,18,5
"org.apache.avro.compiler.specific.SpecificCompiler.compileToDestination(File, File)",9,3,20,3
"org.apache.avro.compiler.specific.SpecificCompiler.renderTemplate(String, VelocityContext)",11,2,6,6
org.apache.avro.compiler.specific.SpecificCompiler.compileInterface(Protocol),13,1,5,11
"org.apache.avro.compiler.specific.SpecificCompiler.makePath(String, String)",8,2,6,3
org.apache.avro.compiler.specific.SpecificCompiler.calcAllArgConstructorParameterUnits(Schema),5,2,4,5
org.apache.avro.compiler.specific.SpecificCompiler.validateRecordForCompilation(Schema),11,2,5,4
org.apache.avro.compiler.specific.SpecificCompiler.compile(Schema),29,6,10,14
org.apache.avro.compiler.specific.SpecificCompiler.setStringType(StringType),1,1,9,1
org.apache.avro.compiler.specific.SpecificCompiler.addStringType(Protocol),22,6,4,27
org.apache.avro.compiler.specific.SpecificCompiler.addStringType(Schema),5,2,4,3
"org.apache.avro.compiler.specific.SpecificCompiler.addStringType(Schema, Map<Schema, Schema>)",48,13,10,37
org.apache.avro.compiler.specific.SpecificCompiler.getStringType(JsonNode),10,5,6,3
org.apache.avro.compiler.specific.SpecificCompiler.javaType(Schema),34,18,21,18
org.apache.avro.compiler.specific.SpecificCompiler.javaUnbox(Schema),15,7,7,7
org.apache.avro.compiler.specific.SpecificCompiler.hasLogicalTypeField(Schema),8,3,1,4
org.apache.avro.compiler.specific.SpecificCompiler.conversionInstance(Schema),10,4,1,6
org.apache.avro.compiler.specific.SpecificCompiler.javaAnnotations(JsonProperties),15,5,1,6
org.apache.avro.compiler.specific.SpecificCompiler.javaSplit(String),10,3,2,8
org.apache.avro.compiler.specific.SpecificCompiler.javaEscape(Object),3,1,3,3
org.apache.avro.compiler.specific.SpecificCompiler.escapeForJavadoc(String),3,1,1,2
org.apache.avro.compiler.specific.SpecificCompiler.nullToEmpty(String),3,2,1,1
org.apache.avro.compiler.specific.SpecificCompiler.mangle(String),3,1,5,2
"org.apache.avro.compiler.specific.SpecificCompiler.mangle(String, boolean)",3,2,5,2
"org.apache.avro.compiler.specific.SpecificCompiler.mangle(String, Set<String>)",3,1,3,2
"org.apache.avro.compiler.specific.SpecificCompiler.mangle(String, Set<String>, boolean)",16,4,5,9
org.apache.avro.compiler.specific.SpecificCompiler.fingerprint64(Schema),3,1,1,2
"org.apache.avro.compiler.specific.SpecificCompiler.generateGetMethod(Schema, Field)",3,1,3,2
"org.apache.avro.compiler.specific.SpecificCompiler.generateSetMethod(Schema, Field)",3,1,3,2
"org.apache.avro.compiler.specific.SpecificCompiler.generateHasMethod(Schema, Field)",3,1,3,2
"org.apache.avro.compiler.specific.SpecificCompiler.generateClearMethod(Schema, Field)",3,1,3,2
org.apache.avro.compiler.specific.SpecificCompiler.hasBuilder(Schema),14,5,4,7
"org.apache.avro.compiler.specific.SpecificCompiler.generateGetBuilderMethod(Schema, Field)",3,1,2,2
"org.apache.avro.compiler.specific.SpecificCompiler.generateSetBuilderMethod(Schema, Field)",3,1,2,2
"org.apache.avro.compiler.specific.SpecificCompiler.generateHasBuilderMethod(Schema, Field)",3,1,2,2
"org.apache.avro.compiler.specific.SpecificCompiler.generateMethodName(Schema, Field, String, String)",33,10,13,17
org.apache.avro.compiler.specific.SpecificCompiler.isUnboxedJavaTypeNullable(Schema),10,6,6,2
org.apache.avro.compiler.specific.SpecificCompiler.main(String[]),3,1,1,2
org.apache.avro.compiler.specific.SpecificCompiler.setOutputCharacterEncoding(String),3,1,4,1
org.apache.avro.compiler.specific.TestSpecificCompiler.setUp(),5,1,2,7
org.apache.avro.compiler.specific.TestSpecificCompiler.tearDow(),5,2,1,1
org.apache.avro.compiler.specific.TestSpecificCompiler.assertCompilesWithJavaCompiler(Collection<SpecificCompiler.OutputFile>),18,3,4,13
"org.apache.avro.compiler.specific.TestSpecificCompiler.createSampleRecordSchema(int, int)",10,3,5,9
org.apache.avro.compiler.specific.TestSpecificCompiler.createCompiler(),8,1,12,5
org.apache.avro.compiler.specific.TestSpecificCompiler.testCanReadTemplateFilesOnTheFilesystem(),5,1,3,4
org.apache.avro.compiler.specific.TestSpecificCompiler.testPublicFieldVisibility(),16,2,4,14
org.apache.avro.compiler.specific.TestSpecificCompiler.testCreateAllArgsConstructor(),12,2,3,8
org.apache.avro.compiler.specific.TestSpecificCompiler.testMaxValidParameterCounts(),6,1,1,4
org.apache.avro.compiler.specific.TestSpecificCompiler.testInvalidParameterCounts(),8,1,1,4
org.apache.avro.compiler.specific.TestSpecificCompiler.testMaxParameterCounts(),10,1,1,5
org.apache.avro.compiler.specific.TestSpecificCompiler.testCalcAllArgConstructorParameterUnitsFailure(),4,1,0,5
org.apache.avro.compiler.specific.TestSpecificCompiler.testPublicDeprecatedFieldVisibility(),15,2,3,13
org.apache.avro.compiler.specific.TestSpecificCompiler.testPrivateFieldVisibility(),18,2,4,14
org.apache.avro.compiler.specific.TestSpecificCompiler.testSettersCreatedByDefault(),16,3,3,11
org.apache.avro.compiler.specific.TestSpecificCompiler.testSettersNotCreatedWhenOptionTurnedOff(),14,2,3,12
org.apache.avro.compiler.specific.TestSpecificCompiler.testSettingOutputCharacterEncoding(),16,2,3,15
org.apache.avro.compiler.specific.TestSpecificCompiler.testLogicalTypes(),19,1,3,10
org.apache.avro.compiler.specific.TestSpecificCompiler.testLogicalTypesWithMultipleFields(),6,1,0,5
org.apache.avro.AvroTestUtil.AvroTestUtil(),2,1,0,1
"org.apache.avro.AvroTestUtil.tempFile(Class, String)",5,1,32,4
"org.apache.avro.AvroTestUtil.tempDirectory(Class, String)",6,1,5,4
"org.apache.avro.LogicalTypes.register(String, LogicalTypeFactory)",9,3,5,2
org.apache.avro.LogicalTypes.fromSchema(Schema),3,1,4,2
org.apache.avro.LogicalTypes.fromSchemaIgnoreInvalid(Schema),3,1,13,2
"org.apache.avro.LogicalTypes.fromSchemaImpl(Schema, boolean)",34,12,20,8
org.apache.avro.LogicalTypes.decimal(int),3,1,9,2
"org.apache.avro.LogicalTypes.decimal(int, int)",3,1,18,2
org.apache.avro.LogicalTypes.uuid(),3,1,19,1
org.apache.avro.LogicalTypes.date(),3,1,5,1
org.apache.avro.LogicalTypes.timeMillis(),3,1,5,1
org.apache.avro.LogicalTypes.timeMicros(),3,1,4,1
org.apache.avro.LogicalTypes.timestampMillis(),3,1,5,1
org.apache.avro.LogicalTypes.timestampMicros(),3,1,5,1
"org.apache.avro.tool.IdlToSchemataTool.run(InputStream, PrintStream, PrintStream, List<String>)",18,3,3,12
org.apache.avro.tool.IdlToSchemataTool.isRequestingHelp(List<String>),4,1,2,4
org.apache.avro.tool.IdlToSchemataTool.getOutputDirectory(List<String>),6,2,2,5
"org.apache.avro.tool.IdlToSchemataTool.print(Schema, File, boolean)",9,1,4,7
org.apache.avro.tool.IdlToSchemataTool.getName(),3,1,0,1
org.apache.avro.tool.IdlToSchemataTool.getShortDescription(),3,1,0,1
org.apache.avro.TestSchemaCompatibility.testValidateSchemaPairMissingField(),12,1,4,4
org.apache.avro.TestSchemaCompatibility.testValidateSchemaPairMissingSecondField(),12,1,4,4
org.apache.avro.TestSchemaCompatibility.testValidateSchemaPairAllFields(),13,1,5,4
org.apache.avro.TestSchemaCompatibility.testValidateSchemaNewFieldWithDefault(),13,1,4,4
org.apache.avro.TestSchemaCompatibility.testValidateSchemaNewField(),17,1,3,6
org.apache.avro.TestSchemaCompatibility.testValidateArrayWriterSchema(),26,1,5,6
org.apache.avro.TestSchemaCompatibility.testValidatePrimitiveWriterSchema(),25,1,6,5
org.apache.avro.TestSchemaCompatibility.testUnionReaderWriterSubsetIncompatibility(),7,1,3,5
org.apache.avro.TestSchemaCompatibility.testReaderWriterCompatibility(),13,2,3,7
org.apache.avro.TestSchemaCompatibility.testReaderWriterIncompatibility(),13,2,3,7
org.apache.avro.TestSchemaCompatibility.testReaderWriterDecodingCompatibility(),31,2,2,19
org.apache.avro.TestSchemaCompatibility.list(E...),5,1,7,3
org.apache.avro.SchemaCompatibility.SchemaCompatibility(),2,1,0,1
"org.apache.avro.SchemaCompatibility.checkReaderWriterCompatibility(Schema, Schema)",29,3,15,6
"org.apache.avro.SchemaCompatibility.schemaNameEquals(Schema, Schema)",10,3,3,5
"org.apache.avro.SchemaCompatibility.lookupWriterField(Schema, Field)",23,6,4,11
"org.apache.avro.SchemaCompatibility.objectsEqual(Object, Object)",3,1,4,2
org.apache.avro.thrift.TestThrift.testStruct(),21,1,3,27
org.apache.avro.thrift.TestThrift.testOptionals(),12,1,1,9
org.apache.avro.thrift.TestThrift.check(Test),12,1,4,11
org.apache.avro.thrift.test.Test.Test(),2,1,1,1
"org.apache.avro.thrift.test.Test.Test(boolean, byte, short, long, double, String, Map<String, Integer>, List<Integer>, Set<Integer>, E, Nested, FooOrBar)",33,1,12,19
org.apache.avro.thrift.test.Test.Test(Test),39,9,19,32
org.apache.avro.thrift.test.Test.deepCopy(),3,1,0,2
org.apache.avro.thrift.test.Test.clear(),26,1,0,24
org.apache.avro.thrift.test.Test.isBoolField(),3,1,2,1
org.apache.avro.thrift.test.Test.setBoolField(boolean),4,1,4,2
org.apache.avro.thrift.test.Test.unsetBoolField(),3,1,3,2
org.apache.avro.thrift.test.Test.isSetBoolField(),3,1,5,2
org.apache.avro.thrift.test.Test.setBoolFieldIsSet(boolean),3,1,8,2
org.apache.avro.thrift.test.Test.getByteField(),3,1,2,1
org.apache.avro.thrift.test.Test.setByteField(byte),4,1,4,2
org.apache.avro.thrift.test.Test.unsetByteField(),3,1,3,2
org.apache.avro.thrift.test.Test.isSetByteField(),3,1,5,2
org.apache.avro.thrift.test.Test.setByteFieldIsSet(boolean),3,1,8,2
org.apache.avro.thrift.test.Test.getByteOptionalField(),3,1,2,1
org.apache.avro.thrift.test.Test.setByteOptionalField(byte),4,1,3,2
org.apache.avro.thrift.test.Test.unsetByteOptionalField(),3,1,3,2
org.apache.avro.thrift.test.Test.isSetByteOptionalField(),3,1,8,2
org.apache.avro.thrift.test.Test.setByteOptionalFieldIsSet(boolean),3,1,7,2
org.apache.avro.thrift.test.Test.getI16Field(),3,1,2,1
org.apache.avro.thrift.test.Test.setI16Field(short),4,1,4,2
org.apache.avro.thrift.test.Test.unsetI16Field(),3,1,3,2
org.apache.avro.thrift.test.Test.isSetI16Field(),3,1,5,2
org.apache.avro.thrift.test.Test.setI16FieldIsSet(boolean),3,1,8,2
org.apache.avro.thrift.test.Test.getI16OptionalField(),3,1,2,1
org.apache.avro.thrift.test.Test.setI16OptionalField(short),4,1,4,2
org.apache.avro.thrift.test.Test.unsetI16OptionalField(),3,1,3,2
org.apache.avro.thrift.test.Test.isSetI16OptionalField(),3,1,8,2
org.apache.avro.thrift.test.Test.setI16OptionalFieldIsSet(boolean),3,1,7,2
org.apache.avro.thrift.test.Test.getI32Field(),3,1,2,1
org.apache.avro.thrift.test.Test.setI32Field(int),4,1,3,2
org.apache.avro.thrift.test.Test.unsetI32Field(),3,1,3,2
org.apache.avro.thrift.test.Test.isSetI32Field(),3,1,8,2
org.apache.avro.thrift.test.Test.setI32FieldIsSet(boolean),3,1,7,2
org.apache.avro.thrift.test.Test.getI64Field(),3,1,2,1
org.apache.avro.thrift.test.Test.setI64Field(long),4,1,4,2
org.apache.avro.thrift.test.Test.unsetI64Field(),3,1,3,2
org.apache.avro.thrift.test.Test.isSetI64Field(),3,1,5,2
org.apache.avro.thrift.test.Test.setI64FieldIsSet(boolean),3,1,8,2
org.apache.avro.thrift.test.Test.getDoubleField(),3,1,2,1
org.apache.avro.thrift.test.Test.setDoubleField(double),4,1,4,2
org.apache.avro.thrift.test.Test.unsetDoubleField(),3,1,3,2
org.apache.avro.thrift.test.Test.isSetDoubleField(),3,1,5,2
org.apache.avro.thrift.test.Test.setDoubleFieldIsSet(boolean),3,1,8,2
org.apache.avro.thrift.test.Test.getStringField(),3,1,2,1
org.apache.avro.thrift.test.Test.setStringField(String),3,1,3,1
org.apache.avro.thrift.test.Test.unsetStringField(),3,1,1,1
org.apache.avro.thrift.test.Test.isSetStringField(),3,1,6,1
org.apache.avro.thrift.test.Test.setStringFieldIsSet(boolean),5,2,3,1
org.apache.avro.thrift.test.Test.getBinaryField(),4,2,2,4
org.apache.avro.thrift.test.Test.bufferForBinaryField(),3,1,1,1
org.apache.avro.thrift.test.Test.setBinaryField(byte[]),3,2,1,2
org.apache.avro.thrift.test.Test.setBinaryField(ByteBuffer),3,1,4,1
org.apache.avro.thrift.test.Test.unsetBinaryField(),3,1,1,1
org.apache.avro.thrift.test.Test.isSetBinaryField(),3,1,8,1
org.apache.avro.thrift.test.Test.setBinaryFieldIsSet(boolean),5,2,3,1
org.apache.avro.thrift.test.Test.getMapFieldSize(),3,2,1,2
"org.apache.avro.thrift.test.Test.putToMapField(String, int)",6,2,3,3
org.apache.avro.thrift.test.Test.getMapField(),3,1,2,1
"org.apache.avro.thrift.test.Test.setMapField(Map<String, Integer>)",3,1,3,1
org.apache.avro.thrift.test.Test.unsetMapField(),3,1,1,1
org.apache.avro.thrift.test.Test.isSetMapField(),3,1,6,1
org.apache.avro.thrift.test.Test.setMapFieldIsSet(boolean),5,2,3,1
org.apache.avro.thrift.test.Test.getListFieldSize(),3,2,1,2
org.apache.avro.thrift.test.Test.getListFieldIterator(),3,2,1,2
org.apache.avro.thrift.test.Test.addToListField(int),6,2,2,3
org.apache.avro.thrift.test.Test.getListField(),3,1,2,1
org.apache.avro.thrift.test.Test.setListField(List<Integer>),3,1,3,1
org.apache.avro.thrift.test.Test.unsetListField(),3,1,1,1
org.apache.avro.thrift.test.Test.isSetListField(),3,1,6,1
org.apache.avro.thrift.test.Test.setListFieldIsSet(boolean),5,2,3,1
org.apache.avro.thrift.test.Test.getSetFieldSize(),3,2,1,2
org.apache.avro.thrift.test.Test.getSetFieldIterator(),3,2,1,2
org.apache.avro.thrift.test.Test.addToSetField(int),6,2,2,3
org.apache.avro.thrift.test.Test.getSetField(),3,1,2,1
org.apache.avro.thrift.test.Test.setSetField(Set<Integer>),3,1,3,1
org.apache.avro.thrift.test.Test.unsetSetField(),3,1,1,1
org.apache.avro.thrift.test.Test.isSetSetField(),3,1,6,1
org.apache.avro.thrift.test.Test.setSetFieldIsSet(boolean),5,2,3,1
org.apache.avro.thrift.test.Test.getEnumField(),3,1,2,1
org.apache.avro.thrift.test.Test.setEnumField(E),3,1,3,1
org.apache.avro.thrift.test.Test.unsetEnumField(),3,1,1,1
org.apache.avro.thrift.test.Test.isSetEnumField(),3,1,6,1
org.apache.avro.thrift.test.Test.setEnumFieldIsSet(boolean),5,2,3,1
org.apache.avro.thrift.test.Test.getStructField(),3,1,2,1
org.apache.avro.thrift.test.Test.setStructField(Nested),3,1,3,1
org.apache.avro.thrift.test.Test.unsetStructField(),3,1,1,1
org.apache.avro.thrift.test.Test.isSetStructField(),3,1,6,1
org.apache.avro.thrift.test.Test.setStructFieldIsSet(boolean),5,2,3,1
org.apache.avro.thrift.test.Test.getFooOrBar(),3,1,2,1
org.apache.avro.thrift.test.Test.setFooOrBar(FooOrBar),3,1,3,1
org.apache.avro.thrift.test.Test.unsetFooOrBar(),3,1,1,1
org.apache.avro.thrift.test.Test.isSetFooOrBar(),3,1,6,1
org.apache.avro.thrift.test.Test.setFooOrBarIsSet(boolean),5,2,3,1
"org.apache.avro.thrift.test.Test.setFieldValue(_Fields, Object)",116,33,18,32
org.apache.avro.thrift.test.Test.getFieldValue(_Fields),37,17,17,24
org.apache.avro.thrift.test.Test.isSet(_Fields),40,18,17,19
org.apache.avro.thrift.test.Test.equals(Object),7,3,1,2
org.apache.avro.thrift.test.Test.equals(Test),133,50,18,20
org.apache.avro.thrift.test.Test.hashCode(),3,1,0,1
org.apache.avro.thrift.test.Test.compareTo(Test),167,50,17,24
org.apache.avro.thrift.test.Test.fieldForId(int),3,1,1,2
org.apache.avro.thrift.test.Test.read(org.apache.thrift.protocol.TProtocol),3,1,3,3
org.apache.avro.thrift.test.Test.write(org.apache.thrift.protocol.TProtocol),3,1,3,3
org.apache.avro.thrift.test.Test.toString(),109,28,16,14
org.apache.avro.thrift.test.Test.validate(),5,2,3,1
org.apache.avro.thrift.test.Test.writeObject(java.io.ObjectOutputStream),7,2,2,1
org.apache.avro.thrift.test.Test.readObject(java.io.ObjectInputStream),8,2,2,2
org.apache.avro.thrift.test.E.E(int),3,1,1,2
org.apache.avro.thrift.test.E.getValue(),3,1,3,1
org.apache.avro.thrift.test.E.findByValue(int),12,4,6,1
org.apache.avro.thrift.test.E.values(),0,1,0,1
org.apache.avro.thrift.test.E.valueOf(),0,1,0,1
org.apache.avro.thrift.test.Nested.Nested(),2,1,3,1
org.apache.avro.thrift.test.Nested.Nested(int),7,1,2,4
org.apache.avro.thrift.test.Nested.Nested(Nested),4,1,5,3
org.apache.avro.thrift.test.Nested.deepCopy(),3,1,0,2
org.apache.avro.thrift.test.Nested.clear(),4,1,0,2
org.apache.avro.thrift.test.Nested.getX(),3,1,2,1
org.apache.avro.thrift.test.Nested.setX(int),4,1,2,2
org.apache.avro.thrift.test.Nested.unsetX(),3,1,3,2
org.apache.avro.thrift.test.Nested.isSetX(),3,1,5,2
org.apache.avro.thrift.test.Nested.setXIsSet(boolean),3,1,8,2
"org.apache.avro.thrift.test.Nested.setFieldValue(_Fields, Object)",11,3,3,2
org.apache.avro.thrift.test.Nested.getFieldValue(_Fields),7,2,2,4
org.apache.avro.thrift.test.Nested.isSet(_Fields),10,3,2,4
org.apache.avro.thrift.test.Nested.equals(Object),7,3,1,2
org.apache.avro.thrift.test.Nested.equals(Nested),13,5,4,1
org.apache.avro.thrift.test.Nested.hashCode(),3,1,0,1
org.apache.avro.thrift.test.Nested.compareTo(Nested),17,5,2,9
org.apache.avro.thrift.test.Nested.fieldForId(int),3,1,1,2
org.apache.avro.thrift.test.Nested.read(org.apache.thrift.protocol.TProtocol),3,1,5,3
org.apache.avro.thrift.test.Nested.write(org.apache.thrift.protocol.TProtocol),3,1,5,3
org.apache.avro.thrift.test.Nested.toString(),9,1,1,5
org.apache.avro.thrift.test.Nested.validate(),2,1,3,0
org.apache.avro.thrift.test.Nested.writeObject(java.io.ObjectOutputStream),7,2,2,1
org.apache.avro.thrift.test.Nested.readObject(java.io.ObjectInputStream),8,2,2,2
org.apache.trevni.TestBZip2Codec.testBZip2CompressionAndDecompression(),21,3,2,7
org.apache.avro.util.WeakIdentityHashMap.WeakIdentityHashMap(),1,1,2,1
org.apache.avro.util.WeakIdentityHashMap.clear(),4,1,1,2
org.apache.avro.util.WeakIdentityHashMap.containsKey(Object),4,1,2,4
org.apache.avro.util.WeakIdentityHashMap.containsValue(Object),4,1,2,3
org.apache.avro.util.WeakIdentityHashMap.entrySet(),21,2,1,9
org.apache.avro.util.WeakIdentityHashMap.keySet(),8,2,1,7
org.apache.avro.util.WeakIdentityHashMap.equals(Object),3,1,2,2
org.apache.avro.util.WeakIdentityHashMap.get(Object),4,1,2,4
"org.apache.avro.util.WeakIdentityHashMap.put(K, V)",4,1,3,4
org.apache.avro.util.WeakIdentityHashMap.hashCode(),4,1,1,3
org.apache.avro.util.WeakIdentityHashMap.isEmpty(),4,1,1,3
org.apache.avro.util.WeakIdentityHashMap.putAll(Map),3,1,0,1
org.apache.avro.util.WeakIdentityHashMap.remove(Object),4,1,2,4
org.apache.avro.util.WeakIdentityHashMap.size(),4,1,1,3
org.apache.avro.util.WeakIdentityHashMap.values(),4,1,1,3
org.apache.avro.util.WeakIdentityHashMap.reap(),8,2,14,2
org.apache.avro.protobuf.ProtobufDatumReader.ProtobufDatumReader(),3,1,0,3
org.apache.avro.protobuf.ProtobufDatumReader.ProtobufDatumReader(Class<T>),3,1,2,4
org.apache.avro.protobuf.ProtobufDatumReader.ProtobufDatumReader(Schema),3,1,2,3
"org.apache.avro.protobuf.ProtobufDatumReader.ProtobufDatumReader(Schema, Schema)",3,1,2,3
"org.apache.avro.protobuf.ProtobufDatumReader.ProtobufDatumReader(Schema, Schema, ProtobufData)",4,1,7,2
"org.apache.avro.protobuf.ProtobufDatumReader.readRecord(Object, Schema, ResolvingDecoder)",5,1,3,3
"org.apache.avro.protobuf.ProtobufDatumReader.createEnum(String, Schema)",9,3,3,7
"org.apache.avro.protobuf.ProtobufDatumReader.readBytes(Object, Decoder)",3,1,2,4
"org.apache.avro.io.ResolvingDecoder.ResolvingDecoder(Schema, Schema, Decoder)",4,1,9,3
"org.apache.avro.io.ResolvingDecoder.ResolvingDecoder(Object, Decoder)",4,1,3,2
"org.apache.avro.io.ResolvingDecoder.resolve(Schema, Schema)",10,3,3,3
org.apache.avro.io.ResolvingDecoder.readFieldOrder(),4,1,8,2
org.apache.avro.io.ResolvingDecoder.drain(),3,1,4,1
org.apache.avro.io.ResolvingDecoder.readLong(),11,3,8,5
org.apache.avro.io.ResolvingDecoder.readFloat(),11,3,7,5
org.apache.avro.io.ResolvingDecoder.readDouble(),13,4,11,6
org.apache.avro.io.ResolvingDecoder.readString(Utf8),9,2,6,6
org.apache.avro.io.ResolvingDecoder.readString(),9,2,5,6
org.apache.avro.io.ResolvingDecoder.skipString(),9,2,4,3
org.apache.avro.io.ResolvingDecoder.readBytes(ByteBuffer),10,2,5,7
org.apache.avro.io.ResolvingDecoder.skipBytes(),9,2,4,3
org.apache.avro.io.ResolvingDecoder.readEnum(),11,2,4,6
org.apache.avro.io.ResolvingDecoder.readIndex(),6,1,5,4
"org.apache.avro.io.ResolvingDecoder.doAction(Symbol, Symbol)",31,10,12,12
org.apache.avro.io.ResolvingDecoder.skipAction(),20,7,8,9
org.apache.avro.protobuf.ProtobufData.ProtobufData(),1,1,0,1
org.apache.avro.protobuf.ProtobufData.get(),1,1,10,1
org.apache.avro.protobuf.ProtobufData.createDatumReader(Schema),3,1,1,2
org.apache.avro.protobuf.ProtobufData.createDatumWriter(Schema),3,1,1,2
"org.apache.avro.protobuf.ProtobufData.setField(Object, String, int, Object)",3,1,4,4
"org.apache.avro.protobuf.ProtobufData.getField(Object, String, int)",3,1,3,5
"org.apache.avro.protobuf.ProtobufData.setField(Object, String, int, Object, Object)",13,3,6,3
"org.apache.avro.protobuf.ProtobufData.getField(Object, String, int, Object)",11,3,5,5
"org.apache.avro.protobuf.ProtobufData.getRecordState(Object, Schema)",11,3,5,9
org.apache.avro.protobuf.ProtobufData.isRecord(Object),3,1,1,1
"org.apache.avro.protobuf.ProtobufData.newRecord(Object, Schema)",12,4,3,7
org.apache.avro.protobuf.ProtobufData.isArray(Object),3,1,1,1
org.apache.avro.protobuf.ProtobufData.isBytes(Object),3,1,1,1
org.apache.avro.protobuf.ProtobufData.getRecordSchema(Object),3,1,1,3
org.apache.avro.protobuf.ProtobufData.getSchema(Class),16,4,9,9
org.apache.avro.protobuf.ProtobufData.getSchema(Descriptor),22,4,3,18
"org.apache.avro.protobuf.ProtobufData.getNamespace(FileDescriptor, Descriptor)",20,4,4,13
org.apache.avro.protobuf.ProtobufData.toCamelCase(String),8,2,2,3
org.apache.avro.protobuf.ProtobufData.cap(String),3,1,2,5
org.apache.avro.protobuf.ProtobufData.getSchema(FieldDescriptor),6,2,2,4
org.apache.avro.protobuf.ProtobufData.getNonRepeatedSchema(FieldDescriptor),31,20,29,11
org.apache.avro.protobuf.ProtobufData.getSchema(EnumDescriptor),9,2,2,9
org.apache.avro.protobuf.ProtobufData.getDefault(FieldDescriptor),35,23,24,19
org.apache.avro.specific.TestSpecificRecordBuilder.testSpecificBuilder(),43,1,0,29
org.apache.avro.specific.TestSpecificRecordBuilder.testUnions(),18,1,1,11
org.apache.avro.specific.TestSpecificRecordBuilder.testInterop(),35,1,1,35
org.apache.avro.specific.TestSpecificRecordBuilder.attemptToSetNonNullableFieldToNull(),3,1,0,2
org.apache.avro.specific.TestSpecificRecordBuilder.buildWithoutSettingRequiredFields1(),3,1,0,2
org.apache.avro.specific.TestSpecificRecordBuilder.buildWithoutSettingRequiredFields2(),8,2,1,9
org.apache.avro.specific.TestSpecificRecordBuilder.buildWithoutSettingRequiredFields3(),8,2,1,9
org.apache.avro.specific.TestSpecificRecordBuilder.testBuilderPerformance(),15,2,1,13
org.apache.avro.specific.TestSpecificRecordBuilder.testBuilderPerformanceWithDefaultValues(),12,2,1,7
org.apache.avro.specific.TestSpecificRecordBuilder.testManualBuildPerformance(),20,2,7,5
org.apache.avro.mapred.tether.TetherMapRunner.configure(JobConf),3,1,1,1
"org.apache.avro.mapred.tether.TetherMapRunner.run(RecordReader<TetherData, NullWritable>, OutputCollector<TetherData, NullWritable>, Reporter)",35,6,10,25
"org.apache.avro.mapred.tether.TetheredProcess.TetheredProcess(JobConf, OutputCollector<TetherData, NullWritable>, Reporter)",53,9,16,24
org.apache.avro.mapred.tether.TetheredProcess.close(),10,5,6,3
org.apache.avro.mapred.tether.TetheredProcess.startSubprocess(JobConf),53,8,10,36
org.apache.avro.mapred.HadoopReducer.getReducer(JobConf),5,1,2,3
"org.apache.avro.mapred.HadoopReducer.getCollector(OutputCollector<AvroWrapper, NullWritable>)",3,1,1,2
"org.apache.avro.hadoop.io.AvroDeserializer.AvroDeserializer(Schema, Schema, ClassLoader)",7,2,7,6
"org.apache.avro.hadoop.io.AvroDeserializer.AvroDeserializer(Schema, Schema, DatumReader<D>)",6,2,5,4
org.apache.avro.hadoop.io.AvroDeserializer.getWriterSchema(),3,1,3,1
org.apache.avro.hadoop.io.AvroDeserializer.getReaderSchema(),3,1,5,1
org.apache.avro.hadoop.io.AvroDeserializer.open(InputStream),3,1,4,3
org.apache.avro.hadoop.io.AvroDeserializer.deserialize(T),7,2,5,5
org.apache.avro.hadoop.io.AvroDeserializer.close(),3,1,3,2
org.apache.avro.hadoop.io.AvroDeserializer.createAvroWrapper(),1,1,1,1
org.apache.avro.mapreduce.TestKeyValueInput.createInputFile(),18,1,5,9
org.apache.avro.mapreduce.TestKeyValueInput.testKeyValueInput(),54,1,4,38
org.apache.avro.mapreduce.TestKeyValueInput.testKeyValueInputMapOnly(),44,1,3,34
org.apache.avro.mapreduce.AvroFiles.AvroFiles(),1,1,0,1
"org.apache.avro.mapreduce.AvroFiles.createFile(File, Schema, T...)",11,2,6,6
"org.apache.avro.mapreduce.AvroKeyValueInputFormat.createRecordReader(InputSplit, TaskAttemptContext)",14,3,2,7
org.apache.trevni.avro.mapreduce.AvroTrevniRecordWriterBase.AvroTrevniRecordWriterBase(TaskAttemptContext),11,1,7,18
org.apache.trevni.avro.mapreduce.AvroTrevniRecordWriterBase.initSchema(TaskAttemptContext),1,1,1,1
org.apache.trevni.avro.mapreduce.AvroTrevniRecordWriterBase.flush(),9,1,10,7
org.apache.trevni.avro.mapreduce.AvroTrevniRecordWriterBase.close(TaskAttemptContext),4,1,0,1
org.apache.trevni.avro.mapreduce.AvroTrevniRecordWriterBase.filterMetadata(Configuration),11,3,4,11
org.apache.avro.hadoop.io.AvroKeyComparator.setConf(Configuration),7,2,1,5
"org.apache.avro.hadoop.io.AvroKeyComparator.compare(byte[], int, int, byte[], int, int)",3,1,5,2
"org.apache.avro.hadoop.io.AvroKeyComparator.compare(AvroKey<T>, AvroKey<T>)",3,1,4,3
org.apache.avro.hadoop.file.TestHadoopCodecFactory.testHadoopCodecFactoryDeflate(),5,1,0,5
org.apache.avro.hadoop.file.TestHadoopCodecFactory.testHadoopCodecFactorySnappy(),5,1,0,5
org.apache.avro.hadoop.file.TestHadoopCodecFactory.testHadoopCodecFactoryBZip2(),5,1,0,5
org.apache.avro.hadoop.file.TestHadoopCodecFactory.testHadoopCodecFactoryGZip(),5,1,0,5
org.apache.avro.hadoop.file.TestHadoopCodecFactory.testHadoopCodecFactoryFail(),4,1,0,2
org.apache.avro.hadoop.file.HadoopCodecFactory.fromHadoopString(String),12,3,10,4
org.apache.avro.hadoop.file.HadoopCodecFactory.getAvroCodecName(String),3,1,4,2
org.apache.avro.io.parsing.SymbolTest.testSomeMethod(),6,1,1,6
"org.apache.avro.io.parsing.SymbolTest.validateNonNull(Symbol, Set<Symbol>)",17,6,6,3
org.apache.avro.tool.DataFileWriteTool.getName(),3,1,0,1
org.apache.avro.tool.DataFileWriteTool.getShortDescription(),3,1,0,1
"org.apache.avro.tool.DataFileWriteTool.run(InputStream, PrintStream, PrintStream, List<String>)",54,6,8,30
"org.apache.trevni.avro.mapreduce.AvroTrevniKeyInputFormat.createRecordReader(InputSplit, TaskAttemptContext)",5,1,0,1
org.apache.trevni.avro.mapreduce.AvroTrevniKeyRecordReader.getCurrentKey(),4,1,1,1
org.apache.trevni.avro.mapreduce.AvroTrevniKeyRecordReader.getCurrentValue(),4,1,0,2
org.apache.trevni.avro.mapreduce.AvroTrevniKeyRecordReader.nextKeyValue(),5,1,1,4
org.apache.avro.file.SnappyCodec.SnappyCodec(),1,1,1,1
org.apache.avro.file.SnappyCodec.getName(),1,1,2,1
org.apache.avro.file.SnappyCodec.compress(ByteBuffer),11,1,2,12
org.apache.avro.file.SnappyCodec.decompress(ByteBuffer),12,2,2,14
org.apache.avro.file.SnappyCodec.hashCode(),1,1,0,3
org.apache.avro.file.SnappyCodec.equals(Object),7,3,1,2
org.apache.avro.util.internal.TestJacksonUtils.testToJsonNode(),18,1,3,10
org.apache.avro.util.internal.TestJacksonUtils.testToObject(),27,1,5,26
org.apache.avro.ipc.stats.StaticServlet.getResource(String),12,3,2,6
org.apache.avro.reflect.FieldAccessor.FieldAccessor(),2,1,0,1
org.apache.avro.reflect.FieldAccessor.get(Object),1,1,3,1
"org.apache.avro.reflect.FieldAccessor.set(Object, Object)",2,1,3,0
"org.apache.avro.reflect.FieldAccessor.read(Object, Decoder)",2,1,1,0
"org.apache.avro.reflect.FieldAccessor.write(Object, Encoder)",2,1,1,0
org.apache.avro.reflect.FieldAccessor.supportsIO(),3,1,2,1
org.apache.avro.reflect.FieldAccessor.getField(),1,1,1,1
org.apache.avro.reflect.FieldAccessor.isStringable(),3,1,2,1
org.apache.avro.reflect.FieldAccessor.isCustomEncoded(),3,1,2,1
"org.apache.avro.reflect.ArrayAccessor.writeArray(boolean[], Encoder)",8,2,4,3
"org.apache.avro.reflect.ArrayAccessor.writeArray(short[], Encoder)",8,2,4,3
"org.apache.avro.reflect.ArrayAccessor.writeArray(char[], Encoder)",8,2,4,3
"org.apache.avro.reflect.ArrayAccessor.writeArray(int[], Encoder)",8,2,4,3
"org.apache.avro.reflect.ArrayAccessor.writeArray(long[], Encoder)",8,2,4,3
"org.apache.avro.reflect.ArrayAccessor.writeArray(float[], Encoder)",8,2,4,3
"org.apache.avro.reflect.ArrayAccessor.writeArray(double[], Encoder)",8,2,4,3
"org.apache.avro.reflect.ArrayAccessor.readArray(Object, Class<?>, long, ResolvingDecoder)",18,8,5,8
"org.apache.avro.reflect.ArrayAccessor.readArray(boolean[], long, ResolvingDecoder)",15,4,5,5
"org.apache.avro.reflect.ArrayAccessor.readArray(int[], long, ResolvingDecoder)",15,4,5,5
"org.apache.avro.reflect.ArrayAccessor.readArray(short[], long, ResolvingDecoder)",15,4,5,5
"org.apache.avro.reflect.ArrayAccessor.readArray(char[], long, ResolvingDecoder)",15,4,5,5
"org.apache.avro.reflect.ArrayAccessor.readArray(long[], long, ResolvingDecoder)",15,4,5,5
"org.apache.avro.reflect.ArrayAccessor.readArray(float[], long, ResolvingDecoder)",15,4,5,5
"org.apache.avro.reflect.ArrayAccessor.readArray(double[], long, ResolvingDecoder)",15,4,5,5
org.apache.avro.TestBulkData.startServer(),10,2,4,9
org.apache.avro.TestBulkData.testRead(),4,2,4,3
org.apache.avro.TestBulkData.testWrite(),4,2,4,2
org.apache.avro.TestBulkData.stopServer(),3,1,2,1
org.apache.avro.TestBulkData.main(String[]),13,1,1,7
org.apache.avro.TestBulkData.printStats(long),8,1,5,2
"org.apache.avro.io.TestBlockingIO.TestBlockingIO(int, int, String)",5,1,3,4
org.apache.avro.io.TestBlockingIO.dump(byte[]),11,3,2,3
org.apache.avro.io.TestBlockingIO.testScan(),4,1,3,2
org.apache.avro.io.TestBlockingIO.testSkip1(),3,1,3,1
org.apache.avro.io.TestBlockingIO.testSkip2(),3,1,3,1
org.apache.avro.io.TestBlockingIO.testSkip3(),3,1,3,1
"org.apache.avro.io.TestBlockingIO.testSkip(int, int, String, int)",6,1,7,2
"org.apache.avro.io.TestBlockingIO.skipMap(JsonParser, Decoder, int)",13,4,4,4
"org.apache.avro.io.TestBlockingIO.skipArray(JsonParser, Decoder, int)",13,4,5,3
"org.apache.avro.io.TestBlockingIO.checkString(String, Decoder, int)",8,1,6,6
"org.apache.avro.io.TestBlockingIO.serialize(Encoder, JsonParser, ByteArrayOutputStream)",58,11,10,16
org.apache.avro.io.TestBlockingIO.data(),106,1,0,3
"org.apache.avro.io.TestBlockingIO.jss(int, char)",17,5,3,2
"org.apache.avro.tool.TestConcatTool.aDatum(Type, int)",10,3,5,3
"org.apache.avro.tool.TestConcatTool.generateData(String, Type, Map<String, String>, CodecFactory)",17,3,9,16
org.apache.avro.tool.TestConcatTool.getCodec(File),11,2,3,8
org.apache.avro.tool.TestConcatTool.numRowsInFile(File),13,2,2,8
org.apache.avro.tool.TestConcatTool.testConcat(),22,1,6,12
org.apache.avro.tool.TestConcatTool.testDifferentSchemasFail(),18,1,6,10
org.apache.avro.tool.TestConcatTool.testDifferentMetadataFail(),20,1,5,10
org.apache.avro.tool.TestConcatTool.testDifferentCodecFail(),18,1,5,11
org.apache.avro.tool.TestConcatTool.testHelpfulMessageWhenNoArgsGiven(),14,1,2,10
"org.apache.avro.tool.ConcatTool.run(InputStream, PrintStream, PrintStream, List<String>)",68,14,11,31
org.apache.avro.tool.ConcatTool.printHelp(PrintStream),14,1,2,2
org.apache.avro.tool.ConcatTool.getName(),3,1,0,1
org.apache.avro.tool.ConcatTool.getShortDescription(),3,1,0,1
org.apache.avro.hadoop.io.TestAvroDatumConverterFactory.setup(),4,1,1,4
org.apache.avro.hadoop.io.TestAvroDatumConverterFactory.testConvertAvroKey(),8,1,3,8
org.apache.avro.hadoop.io.TestAvroDatumConverterFactory.testConvertAvroValue(),8,1,3,8
org.apache.avro.hadoop.io.TestAvroDatumConverterFactory.testConvertBooleanWritable(),5,1,2,4
org.apache.avro.hadoop.io.TestAvroDatumConverterFactory.testConvertBytesWritable(),7,1,2,4
org.apache.avro.hadoop.io.TestAvroDatumConverterFactory.testConvertByteWritable(),4,1,2,4
org.apache.avro.hadoop.io.TestAvroDatumConverterFactory.testConvertDoubleWritable(),4,1,2,4
org.apache.avro.hadoop.io.TestAvroDatumConverterFactory.testConvertFloatWritable(),4,1,2,4
org.apache.avro.hadoop.io.TestAvroDatumConverterFactory.testConvertIntWritable(),4,1,2,4
org.apache.avro.hadoop.io.TestAvroDatumConverterFactory.testConvertLongWritable(),4,1,2,4
org.apache.avro.hadoop.io.TestAvroDatumConverterFactory.testConvertNullWritable(),4,1,2,4
org.apache.avro.hadoop.io.TestAvroDatumConverterFactory.testConvertText(),4,1,2,4
org.apache.avro.tool.Main.Main(),37,3,4,10
org.apache.avro.tool.Main.main(String[]),4,1,1,3
org.apache.avro.tool.Main.run(String[]),19,4,8,15
org.apache.avro.tool.Main.printStream(InputStream),5,2,3,2
"org.apache.avro.tool.Main.printHead(InputStream, int)",10,3,4,4
"org.apache.avro.tool.CatTool.run(InputStream, PrintStream, PrintStream, List<String>)",78,10,19,42
org.apache.avro.tool.CatTool.nextInput(),12,3,7,10
org.apache.avro.tool.CatTool.hasNextInput(),3,1,4,2
org.apache.avro.tool.CatTool.skip(long),13,3,4,5
"org.apache.avro.tool.CatTool.writeRecords(long, double)",18,4,8,9
org.apache.avro.tool.CatTool.printHelp(PrintStream),9,1,2,2
org.apache.avro.tool.CatTool.getName(),3,1,0,1
org.apache.avro.tool.CatTool.getShortDescription(),3,1,0,1
"org.apache.avro.tool.InduceSchemaTool.run(InputStream, PrintStream, PrintStream, List<String>)",30,6,4,19
org.apache.avro.tool.InduceSchemaTool.getName(),3,1,0,1
org.apache.avro.tool.InduceSchemaTool.getShortDescription(),3,1,0,1
"org.apache.avro.tool.JsonToBinaryFragmentTool.run(InputStream, PrintStream, PrintStream, List<String>)",50,6,5,25
org.apache.avro.tool.JsonToBinaryFragmentTool.getName(),3,1,0,1
org.apache.avro.tool.JsonToBinaryFragmentTool.getShortDescription(),3,1,0,1
"org.apache.avro.tool.BinaryFragmentToJsonTool.run(InputStream, PrintStream, PrintStream, List<String>)",49,5,5,29
org.apache.avro.tool.BinaryFragmentToJsonTool.getName(),3,1,0,1
org.apache.avro.tool.BinaryFragmentToJsonTool.getShortDescription(),3,1,0,1
org.apache.avro.tool.DataFileReadTool.getName(),3,1,0,1
org.apache.avro.tool.DataFileReadTool.getShortDescription(),3,1,1,1
"org.apache.avro.tool.DataFileReadTool.run(InputStream, PrintStream, PrintStream, List<String>)",31,3,4,22
org.apache.avro.tool.DataFileReadTool.printHelp(PrintStream),6,1,2,3
org.apache.avro.tool.DataFileGetMetaTool.getName(),3,1,0,1
org.apache.avro.tool.DataFileGetMetaTool.getShortDescription(),3,1,0,1
"org.apache.avro.tool.DataFileGetMetaTool.run(InputStream, PrintStream, PrintStream, List<String>)",36,5,4,22
org.apache.avro.tool.DataFileGetMetaTool.escapeKey(String),7,1,2,2
org.apache.avro.tool.DataFileRepairTool.getName(),3,1,0,1
org.apache.avro.tool.DataFileRepairTool.getShortDescription(),3,1,0,1
org.apache.avro.tool.DataFileRepairTool.printInfo(PrintStream),19,1,6,1
"org.apache.avro.tool.DataFileRepairTool.run(InputStream, PrintStream, PrintStream, List<String>)",36,10,8,10
"org.apache.avro.tool.DataFileRepairTool.recover(String, String, PrintStream, PrintStream, boolean, boolean)",44,6,12,19
"org.apache.avro.tool.DataFileRepairTool.innerRecover(DataFileReader<Object>, DataFileWriter<Object>, PrintStream, PrintStream, boolean, boolean, Schema, File)",120,18,15,14
"org.apache.avro.tool.DataFileRepairTool.reportOnly(String, PrintStream, PrintStream)",4,1,4,2
"org.apache.avro.tool.DataFileRepairTool.recoverAfter(String, String, PrintStream, PrintStream)",4,1,5,2
"org.apache.avro.tool.DataFileRepairTool.recoverPrior(String, String, PrintStream, PrintStream)",4,1,5,2
"org.apache.avro.tool.DataFileRepairTool.recoverAll(String, String, PrintStream, PrintStream)",4,1,5,2
"org.apache.avro.tool.IdlTool.run(InputStream, PrintStream, PrintStream, List<String>)",28,4,4,11
org.apache.avro.tool.IdlTool.getName(),3,1,0,1
org.apache.avro.tool.IdlTool.getShortDescription(),3,1,0,1
"org.apache.avro.tool.RecodecTool.run(InputStream, PrintStream, PrintStream, List<String>)",47,8,6,29
org.apache.avro.tool.RecodecTool.getName(),3,1,0,1
org.apache.avro.tool.RecodecTool.getShortDescription(),3,1,0,1
org.apache.avro.tool.RpcReceiveTool.getName(),3,1,0,1
org.apache.avro.tool.RpcReceiveTool.getShortDescription(),3,1,0,1
"org.apache.avro.tool.RpcReceiveTool.run(InputStream, PrintStream, PrintStream, List<String>)",8,2,4,3
"org.apache.avro.tool.RpcReceiveTool.run1(InputStream, PrintStream, PrintStream, List<String>)",45,5,8,31
org.apache.avro.tool.RpcReceiveTool.run2(PrintStream),6,1,5,4
org.apache.avro.tool.RpcSendTool.getName(),3,1,0,1
org.apache.avro.tool.RpcSendTool.getShortDescription(),3,1,0,1
"org.apache.avro.tool.RpcSendTool.run(InputStream, PrintStream, PrintStream, List<String>)",42,5,4,27
"org.apache.avro.tool.RpcSendTool.dumpJson(PrintStream, Schema, Object)",11,1,5,9
org.apache.avro.tool.RpcProtocolTool.getName(),3,1,0,1
org.apache.avro.tool.RpcProtocolTool.getShortDescription(),3,1,0,1
"org.apache.avro.tool.RpcProtocolTool.run(InputStream, PrintStream, PrintStream, List<String>)",32,3,5,28
org.apache.avro.tool.FromTextTool.getName(),3,1,0,1
org.apache.avro.tool.FromTextTool.getShortDescription(),3,1,0,1
"org.apache.avro.tool.FromTextTool.run(InputStream, PrintStream, PrintStream, List<String>)",56,8,7,28
org.apache.avro.tool.ToTrevniTool.getName(),3,1,0,1
org.apache.avro.tool.ToTrevniTool.getShortDescription(),3,1,0,1
"org.apache.avro.tool.ToTrevniTool.run(InputStream, PrintStream, PrintStream, List<String>)",30,3,5,24
org.apache.avro.tool.TetherTool.getName(),3,1,0,1
org.apache.avro.tool.TetherTool.getShortDescription(),3,1,0,1
"org.apache.avro.tool.TetherTool.run(InputStream, PrintStream, PrintStream, List<String>)",96,9,6,29
org.apache.avro.tool.TrevniCreateRandomTool.getName(),3,1,0,1
org.apache.avro.tool.TrevniCreateRandomTool.getShortDescription(),3,1,0,1
"org.apache.avro.tool.TrevniCreateRandomTool.run(InputStream, PrintStream, PrintStream, List<String>)",17,3,2,11
org.apache.avro.mapreduce.TestAvroMultipleOutputsSyncable.testAvroGenericOutput(),86,6,4,35
org.apache.avro.mapreduce.TestAvroMultipleOutputsSyncable.testAvroSpecificOutput(),33,2,4,33
org.apache.avro.mapreduce.TestAvroMultipleOutputsSyncable.testAvroInput(),32,2,5,32
org.apache.avro.mapreduce.TestAvroMultipleOutputsSyncable.testAvroMapOutput(),31,2,5,31
org.apache.avro.mapred.TestAvroMultipleInputs.testJob(),30,1,0,22
org.apache.avro.mapred.TestAvroMultipleInputs.writeNamesFiles(File),10,2,2,10
org.apache.avro.mapred.TestAvroMultipleInputs.writeBalancesFiles(File),12,2,2,10
org.apache.avro.mapred.TestAvroMultipleInputs.validateCompleteFile(File),16,2,5,6
org.apache.avro.reflect.ReflectDatumWriter.ReflectDatumWriter(),3,1,4,3
org.apache.avro.reflect.ReflectDatumWriter.ReflectDatumWriter(Class<T>),3,1,2,3
"org.apache.avro.reflect.ReflectDatumWriter.ReflectDatumWriter(Class<T>, ReflectData)",3,1,5,3
org.apache.avro.reflect.ReflectDatumWriter.ReflectDatumWriter(Schema),3,1,12,3
"org.apache.avro.reflect.ReflectDatumWriter.ReflectDatumWriter(Schema, ReflectData)",3,1,8,2
org.apache.avro.reflect.ReflectDatumWriter.ReflectDatumWriter(ReflectData),3,1,2,2
"org.apache.avro.reflect.ReflectDatumWriter.writeArray(Schema, Object, Encoder)",49,13,8,19
"org.apache.avro.reflect.ReflectDatumWriter.writeObjectArray(Schema, Object[], Encoder)",7,2,5,2
"org.apache.avro.reflect.ReflectDatumWriter.arrayError(Class<?>, Schema.Type)",4,1,3,1
"org.apache.avro.reflect.ReflectDatumWriter.writeBytes(Object, Encoder)",6,2,2,2
"org.apache.avro.reflect.ReflectDatumWriter.write(Schema, Object, Encoder)",20,7,6,10
"org.apache.avro.reflect.ReflectDatumWriter.writeField(Object, Field, Encoder, Object)",24,7,6,13
"org.apache.avro.mapred.AvroMultipleInputs.addInputPath(JobConf, Path, Schema)",10,2,5,6
"org.apache.avro.mapred.AvroMultipleInputs.addInputPath(JobConf, Path, Class<? extends AvroMapper>, Schema)",11,2,7,7
org.apache.avro.mapred.AvroMultipleInputs.getMapperTypeMap(JobConf),18,4,4,9
org.apache.avro.mapred.AvroMultipleInputs.getInputSchemaMap(JobConf),21,4,4,10
org.apache.avro.mapred.AvroMultipleInputs.toBase64(String),4,1,2,3
org.apache.avro.mapred.AvroMultipleInputs.fromBase64(String),4,1,2,3
org.apache.avro.tool.TestTextFileTools.writeRandomFile(),22,4,6,13
"org.apache.avro.tool.TestTextFileTools.fromText(String, String...)",17,2,7,13
org.apache.avro.tool.TestTextFileTools.testFromText(),5,1,0,1
org.apache.avro.tool.TestTextFileTools.testToText(),5,1,0,1
org.apache.avro.tool.TestTextFileTools.toText(String),16,2,3,10
org.apache.avro.file.TestCustomCodec.testCustomCodec(),19,2,2,14
org.apache.avro.file.codec.CustomCodec.getName(),3,1,3,1
org.apache.avro.file.codec.CustomCodec.compress(ByteBuffer),6,2,3,7
org.apache.avro.file.codec.CustomCodec.decompress(ByteBuffer),6,2,3,7
org.apache.avro.file.codec.CustomCodec.equals(Object),15,4,3,7
"org.apache.avro.file.codec.CustomCodec.compareDecompress(Codec, ByteBuffer)",11,2,3,7
org.apache.avro.file.codec.CustomCodec.hashCode(),3,1,0,3
org.apache.avro.file.TestLengthLimitedInputStream.setupRawStream(),7,2,0,2
org.apache.avro.file.TestLengthLimitedInputStream.testAvailable(),6,1,1,4
org.apache.avro.file.TestLengthLimitedInputStream.testRead(),8,1,1,4
"org.apache.avro.file.LengthLimitedInputStream.LengthLimitedInputStream(InputStream, long)",4,1,4,3
org.apache.avro.file.LengthLimitedInputStream.read(),10,3,1,3
org.apache.avro.file.LengthLimitedInputStream.read(byte[]),3,1,2,2
org.apache.avro.file.LengthLimitedInputStream.remainingInt(),3,1,4,2
"org.apache.avro.file.LengthLimitedInputStream.read(byte[], int, int)",13,4,5,4
org.apache.avro.file.LengthLimitedInputStream.available(),3,1,0,4
org.apache.avro.file.LengthLimitedInputStream.skip(long),5,1,2,4
org.apache.avro.specific.SpecificFixed.SpecificFixed(),3,1,0,4
org.apache.avro.specific.SpecificFixed.SpecificFixed(byte[]),3,1,1,2
org.apache.avro.specific.SpecificFixed.bytes(byte[]),1,1,3,1
org.apache.avro.specific.SpecificFixed.bytes(),1,1,1,1
org.apache.avro.specific.SpecificFixed.getSchema(),1,1,1,1
org.apache.avro.specific.SpecificFixed.equals(Object),5,2,2,3
org.apache.avro.specific.SpecificFixed.hashCode(),1,1,1,2
org.apache.avro.specific.SpecificFixed.toString(),1,1,1,2
org.apache.avro.specific.SpecificFixed.compareTo(SpecificFixed),4,1,3,2
org.apache.avro.specific.SpecificFixed.writeExternal(ObjectOutput),2,1,0,0
org.apache.avro.specific.SpecificFixed.readExternal(ObjectInput),2,1,0,0
org.apache.avro.ipc.stats.TestStopwatch.testNormal(),12,1,0,6
org.apache.avro.ipc.stats.TestStopwatch.testNotStarted1(),5,1,0,2
org.apache.avro.ipc.stats.TestStopwatch.testNotStarted2(),5,1,0,2
org.apache.avro.ipc.stats.TestStopwatch.testTwiceStarted(),6,1,0,2
org.apache.avro.ipc.stats.TestStopwatch.testTwiceStopped(),7,1,0,3
org.apache.avro.ipc.stats.TestStopwatch.testSystemStopwatch(),6,1,1,5
org.apache.avro.ipc.stats.Stopwatch.Stopwatch(Ticks),3,1,9,2
org.apache.avro.ipc.stats.Stopwatch.elapsedNanos(),8,3,9,3
org.apache.avro.ipc.stats.Stopwatch.start(),5,2,8,4
org.apache.avro.ipc.stats.Stopwatch.stop(),5,2,9,4
org.apache.avro.specific.SpecificRecordBuilderBase.SpecificRecordBuilderBase(Schema),3,1,11,3
org.apache.avro.specific.SpecificRecordBuilderBase.SpecificRecordBuilderBase(SpecificRecordBuilderBase<T>),3,1,6,3
org.apache.avro.specific.SpecificRecordBuilderBase.SpecificRecordBuilderBase(T),3,1,1,4
org.apache.avro.mapred.TestAvroTextOutputFormat.testAvroTextRecordWriter(),32,1,2,17
org.apache.avro.mapred.TestAvroTextOutputFormat.asString(ByteBuffer),5,1,3,4
"org.apache.avro.mapred.AvroTextOutputFormat.getRecordWriter(FileSystem, JobConf, String, Progressable)",13,1,5,11
org.apache.avro.mapred.TestAvroInputFormat.setUp(),5,1,2,4
org.apache.avro.mapred.TestAvroInputFormat.tearDown(),3,1,2,1
org.apache.avro.mapred.TestAvroInputFormat.testIgnoreFilesWithoutExtension(),20,1,5,13
org.apache.avro.tool.TestRecodecTool.testRecodec(),39,2,1,21
"org.apache.avro.tool.TestRecodecTool.assertLessThan(long, long)",5,2,3,1
org.apache.avro.io.TestEncoders.testBinaryEncoderInit(),5,1,1,3
org.apache.avro.io.TestEncoders.testBadBinaryEncoderInit(),3,1,1,1
org.apache.avro.io.TestEncoders.testBlockingBinaryEncoderInit(),6,1,1,3
org.apache.avro.io.TestEncoders.testBadBlockintBinaryEncoderInit(),3,1,1,1
org.apache.avro.io.TestEncoders.testDirectBinaryEncoderInit(),5,1,1,3
org.apache.avro.io.TestEncoders.testBadDirectBinaryEncoderInit(),3,1,1,1
org.apache.avro.io.TestEncoders.testJsonEncoderInit(),8,1,2,6
org.apache.avro.io.TestEncoders.testBadJsonEncoderInitOS(),3,1,2,2
org.apache.avro.io.TestEncoders.testBadJsonEncoderInit(),3,1,2,2
org.apache.avro.io.TestEncoders.testJsonEncoderNewlineDelimited(),11,1,2,9
org.apache.avro.io.TestEncoders.testValidatingEncoderInit(),6,1,1,5
org.apache.avro.io.TestEncoders.testJsonRecordOrdering(),10,1,0,7
org.apache.avro.io.TestEncoders.testJsonExcessFields(),12,1,0,5
org.apache.avro.io.TestEncoders.testJsonRecordOrdering2(),13,1,0,7
org.apache.avro.io.TestEncoders.testJsonRecordOrderingWithProjection(),17,1,0,7
org.apache.avro.io.TestEncoders.testJsonRecordOrderingWithProjection2(),17,1,0,7
org.apache.avro.tool.TestRpcReceiveAndSendTools.testServeAndSend(),22,1,2,13
org.apache.trevni.avro.TestEvolvedSchema.setUp(),12,1,6,5
org.apache.trevni.avro.TestEvolvedSchema.testTrevniEvolvedRead(),14,1,4,11
org.apache.trevni.avro.TestEvolvedSchema.testAvroEvolvedRead(),19,1,4,14
org.apache.avro.compiler.specific.TestSpecificCompiler.testEsc(),3,1,0,2
org.apache.avro.compiler.specific.TestSpecificCompiler.testMakePath(),4,1,1,3
org.apache.avro.compiler.specific.TestSpecificCompiler.testPrimitiveSchemaGeneratesNothing(),3,1,0,5
org.apache.avro.compiler.specific.TestSpecificCompiler.testSimpleEnumSchema(),8,1,3,9
org.apache.avro.compiler.specific.TestSpecificCompiler.testMangleIfReserved(),4,1,0,2
org.apache.avro.compiler.specific.TestSpecificCompiler.testManglingForProtocols(),14,1,2,8
org.apache.avro.compiler.specific.TestSpecificCompiler.testManglingForRecords(),10,1,2,10
org.apache.avro.compiler.specific.TestSpecificCompiler.testManglingForEnums(),11,1,1,10
org.apache.avro.compiler.specific.TestSpecificCompiler.testSchemaSplit(),6,1,1,5
org.apache.avro.compiler.specific.TestSpecificCompiler.testProtocolSplit(),6,1,1,5
org.apache.avro.compiler.specific.TestSpecificCompiler.testSchemaWithDocs(),25,5,3,7
org.apache.avro.compiler.specific.TestSpecificCompiler.testProtocolWithDocs(),14,3,2,8
org.apache.avro.compiler.specific.TestSpecificCompiler.testNeedCompile(),29,1,0,16
"org.apache.avro.compiler.specific.TestSpecificCompiler.createRecord(String, boolean, Field...)",6,1,7,4
org.apache.avro.compiler.specific.TestSpecificCompiler.generateGetMethod(),78,1,2,5
org.apache.avro.compiler.specific.TestSpecificCompiler.generateSetMethod(),78,1,2,5
org.apache.avro.compiler.specific.TestSpecificCompiler.generateHasMethod(),78,1,2,5
org.apache.avro.compiler.specific.TestSpecificCompiler.generateClearMethod(),78,1,2,5
org.apache.avro.compiler.specific.TestSpecificCompiler.testAnnotations(),10,1,0,6
org.apache.avro.compiler.specific.TestSpecificCompiler.testAliases(),13,1,2,11
"org.apache.avro.compiler.specific.TestSpecificCompiler.assertCompiles(Schema, boolean)",8,2,2,4
"org.apache.avro.compiler.specific.TestSpecificCompiler.assertCompiles(Protocol, boolean)",8,2,2,4
org.apache.avro.compiler.specific.TestSpecificCompiler.assertCompilesWithJavaCompiler(Collection<OutputFile>),19,3,9,13
org.apache.avro.TestDataFileMeta.testUseReservedMeta(),4,1,0,3
org.apache.avro.TestDataFileMeta.testUseMeta(),10,1,1,16
org.apache.avro.TestDataFileMeta.testUseMetaAfterCreate(),5,1,1,6
org.apache.avro.TestDataFileMeta.testBlockSizeSetInvalid(),11,3,0,4
"org.apache.avro.ipc.reflect.ReflectResponder.ReflectResponder(Class, Object)",3,1,4,5
"org.apache.avro.ipc.reflect.ReflectResponder.ReflectResponder(Protocol, Object)",3,1,2,5
"org.apache.avro.ipc.reflect.ReflectResponder.ReflectResponder(Class, Object, ReflectData)",3,1,5,3
"org.apache.avro.ipc.reflect.ReflectResponder.ReflectResponder(Protocol, Object, ReflectData)",3,1,5,2
org.apache.avro.ipc.reflect.ReflectResponder.getReflectData(),1,1,3,2
org.apache.avro.ipc.reflect.ReflectResponder.getDatumWriter(Schema),3,1,1,3
"org.apache.avro.ipc.reflect.ReflectResponder.getDatumReader(Schema, Schema)",3,1,2,3
"org.apache.avro.ipc.reflect.ReflectResponder.writeError(Schema, Object, Encoder)",6,2,3,2
org.apache.avro.hadoop.file.TestSortedKeyValueFile.testWriteOutOfSortedOrder(),19,1,3,13
org.apache.avro.hadoop.file.TestSortedKeyValueFile.testNamedCodecs(),26,2,4,18
org.apache.avro.hadoop.file.TestSortedKeyValueFile.testDeflateClassCodec(),24,1,4,19
org.apache.avro.hadoop.file.TestSortedKeyValueFile.testBadCodec(),9,2,2,4
org.apache.avro.hadoop.file.TestSortedKeyValueFile.testWriter(),69,2,6,34
org.apache.avro.hadoop.file.TestSortedKeyValueFile.testReader(),36,1,3,20
org.apache.avro.hadoop.file.TestSortedKeyValueFile.testAlternateModel(),42,1,2,23
org.apache.avro.ipc.Ipc.Ipc(),1,1,0,1
org.apache.avro.ipc.Ipc.createTransceiver(URI),9,3,3,10
"org.apache.avro.ipc.Ipc.createServer(Responder, URI)",10,3,3,9
"org.apache.trevni.avro.mapreduce.AvroTrevniRecordReaderBase.initialize(InputSplit, TaskAttemptContext)",13,2,3,13
org.apache.trevni.avro.mapreduce.AvroTrevniRecordReaderBase.nextKeyValue(),7,2,3,5
org.apache.trevni.avro.mapreduce.AvroTrevniRecordReaderBase.getCurrentRecord(),3,1,3,1
org.apache.trevni.avro.mapreduce.AvroTrevniRecordReaderBase.close(),3,1,1,1
org.apache.trevni.avro.mapreduce.AvroTrevniRecordReaderBase.getProgress(),3,1,2,1
"org.apache.trevni.avro.HadoopInput.HadoopInput(Path, Configuration)",4,1,5,7
org.apache.trevni.avro.HadoopInput.length(),3,1,1,1
"org.apache.trevni.avro.HadoopInput.read(long, byte[], int, int)",3,1,5,2
org.apache.trevni.avro.HadoopInput.close(),3,1,1,1
org.apache.avro.ipc.NettyTransceiverWhenFailsToConnect.testNettyTransceiverReleasesNettyChannelOnFailingToConnect(),25,3,1,7
"org.apache.avro.mojo.SchemaMojo.doCompile(String, File, File)",16,2,9,13
org.apache.avro.mojo.SchemaMojo.getIncludes(),3,1,1,1
org.apache.avro.mojo.SchemaMojo.getTestIncludes(),3,1,1,1
org.apache.trevni.avro.TestWordCount.runTestsInOrder(),4,1,0,2
org.apache.trevni.avro.TestWordCount.testOutputFormat(),16,1,3,16
org.apache.trevni.avro.TestWordCount.testInputFormat(),18,1,4,13
"org.apache.trevni.avro.AvroTrevniOutputFormat.setMeta(JobConf, String, String)",3,1,4,1
"org.apache.trevni.avro.AvroTrevniOutputFormat.getRecordWriter(FileSystem, JobConf, String, Progressable)",37,3,2,10
org.apache.trevni.avro.AvroTrevniOutputFormat.filterMetadata(JobConf),8,3,5,8
"org.apache.trevni.avro.AvroTrevniInputFormat.isSplitable(FileSystem, Path)",3,1,0,1
org.apache.trevni.avro.AvroTrevniInputFormat.listStatus(JobConf),8,3,2,9
"org.apache.trevni.avro.AvroTrevniInputFormat.getRecordReader(InputSplit, JobConf, Reporter)",28,2,4,10
"org.apache.avro.mapred.SequenceFileInputFormat.getRecordReader(InputSplit, JobConf, Reporter)",5,1,3,4
avro.examples.baseball.Player.getClassSchema(),1,1,1,1
avro.examples.baseball.Player.Player(),1,1,1,1
"avro.examples.baseball.Player.Player(java.lang.Integer, java.lang.CharSequence, java.lang.CharSequence, java.util.List<avro.examples.baseball.Position>)",6,1,4,5
avro.examples.baseball.Player.getSchema(),1,1,1,1
avro.examples.baseball.Player.get(int),9,5,5,1
"avro.examples.baseball.Player.put(int, java.lang.Object)",9,5,2,4
avro.examples.baseball.Player.getNumber(),3,1,1,1
avro.examples.baseball.Player.setNumber(java.lang.Integer),3,1,1,1
avro.examples.baseball.Player.getFirstName(),3,1,1,1
avro.examples.baseball.Player.setFirstName(java.lang.CharSequence),3,1,1,1
avro.examples.baseball.Player.getLastName(),3,1,1,1
avro.examples.baseball.Player.setLastName(java.lang.CharSequence),3,1,1,1
avro.examples.baseball.Player.getPosition(),3,1,1,1
avro.examples.baseball.Player.setPosition(java.util.List<avro.examples.baseball.Position>),3,1,1,1
avro.examples.baseball.Player.newBuilder(),3,1,0,1
avro.examples.baseball.Player.newBuilder(avro.examples.baseball.Player.Builder),3,1,1,1
avro.examples.baseball.Player.newBuilder(avro.examples.baseball.Player),3,1,1,1
avro.examples.baseball.Player.writeExternal(java.io.ObjectOutput),4,1,2,2
avro.examples.baseball.Player.readExternal(java.io.ObjectInput),4,1,2,2
avro.examples.baseball.Player.getClassSchema(),1,1,1,1
avro.examples.baseball.Player.Player(),1,1,1,1
"avro.examples.baseball.Player.Player(java.lang.Integer, java.lang.String, java.lang.String, java.util.List<avro.examples.baseball.Position>)",6,1,4,5
avro.examples.baseball.Player.getSchema(),1,1,1,1
avro.examples.baseball.Player.get(int),9,5,5,1
"avro.examples.baseball.Player.put(int, java.lang.Object)",9,5,2,4
avro.examples.baseball.Player.getNumber(),3,1,1,1
avro.examples.baseball.Player.setNumber(java.lang.Integer),3,1,1,1
avro.examples.baseball.Player.getFirstName(),3,1,1,1
avro.examples.baseball.Player.setFirstName(java.lang.String),3,1,1,1
avro.examples.baseball.Player.getLastName(),3,1,1,1
avro.examples.baseball.Player.setLastName(java.lang.String),3,1,1,1
avro.examples.baseball.Player.getPosition(),3,1,1,1
avro.examples.baseball.Player.setPosition(java.util.List<avro.examples.baseball.Position>),3,1,1,1
avro.examples.baseball.Player.newBuilder(),3,1,0,1
avro.examples.baseball.Player.newBuilder(avro.examples.baseball.Player.Builder),3,1,1,1
avro.examples.baseball.Player.newBuilder(avro.examples.baseball.Player),3,1,1,1
avro.examples.baseball.Player.writeExternal(java.io.ObjectOutput),4,1,2,2
avro.examples.baseball.Player.readExternal(java.io.ObjectInput),4,1,2,2
avro.examples.baseball.Position.getClassSchema(),1,1,1,1
avro.examples.baseball.Position.values(),0,1,0,1
avro.examples.baseball.Position.valueOf(),0,1,0,1
org.apache.avro.ipc.SaslSocketTransceiver.SaslSocketTransceiver(SocketAddress),3,1,7,2
"org.apache.avro.ipc.SaslSocketTransceiver.SaslSocketTransceiver(SocketAddress, SaslClient)",8,1,7,10
"org.apache.avro.ipc.SaslSocketTransceiver.SaslSocketTransceiver(SocketChannel, SaslServer)",7,1,4,7
org.apache.avro.ipc.SaslSocketTransceiver.isConnected(),1,1,1,1
org.apache.avro.ipc.SaslSocketTransceiver.setRemote(Protocol),3,1,1,1
org.apache.avro.ipc.SaslSocketTransceiver.getRemote(),3,1,1,1
org.apache.avro.ipc.SaslSocketTransceiver.getRemoteName(),3,1,4,4
org.apache.avro.ipc.SaslSocketTransceiver.transceive(List<ByteBuffer>),17,4,4,8
org.apache.avro.ipc.SaslSocketTransceiver.open(boolean),48,14,13,21
org.apache.avro.ipc.SaslSocketTransceiver.toString(ByteBuffer),7,2,4,5
org.apache.avro.ipc.SaslSocketTransceiver.readBuffers(),10,3,0,5
org.apache.avro.ipc.SaslSocketTransceiver.readStatus(),8,2,3,6
org.apache.avro.ipc.SaslSocketTransceiver.readFrameAndUnwrap(),8,2,4,7
org.apache.avro.ipc.SaslSocketTransceiver.readFrame(),7,1,5,6
org.apache.avro.ipc.SaslSocketTransceiver.read(ByteBuffer),7,3,4,5
org.apache.avro.ipc.SaslSocketTransceiver.writeBuffers(List<ByteBuffer>),35,7,7,15
"org.apache.avro.ipc.SaslSocketTransceiver.write(Status, String, ByteBuffer)",6,1,5,3
"org.apache.avro.ipc.SaslSocketTransceiver.write(Status, String)",3,1,4,3
"org.apache.avro.ipc.SaslSocketTransceiver.write(Status, ByteBuffer)",8,1,5,8
org.apache.avro.ipc.SaslSocketTransceiver.write(ByteBuffer),6,1,5,6
org.apache.avro.ipc.SaslSocketTransceiver.writeFully(ByteBuffer...),12,4,6,2
org.apache.avro.ipc.SaslSocketTransceiver.close(),7,2,4,5
org.apache.avro.tool.TestDataFileTools.writeSampleFile(),22,2,6,22
"org.apache.avro.tool.TestDataFileTools.run(Tool, String...)",3,1,7,2
"org.apache.avro.tool.TestDataFileTools.run(Tool, InputStream, String...)",10,1,5,7
org.apache.avro.tool.TestDataFileTools.testRead(),4,1,2,3
org.apache.avro.tool.TestDataFileTools.testReadStdin(),4,1,2,3
org.apache.avro.tool.TestDataFileTools.testReadToJsonPretty(),4,1,2,3
org.apache.avro.tool.TestDataFileTools.testGetMeta(),5,1,3,5
org.apache.avro.tool.TestDataFileTools.testGetMetaForSingleKey(),5,1,2,4
org.apache.avro.tool.TestDataFileTools.testGetSchema(),4,1,2,4
org.apache.avro.tool.TestDataFileTools.testWriteWithDeflate(),3,1,0,2
org.apache.avro.tool.TestDataFileTools.testWrite(),3,1,0,2
"org.apache.avro.tool.TestDataFileTools.testWrite(String, List<String>, String)",5,1,5,3
"org.apache.avro.tool.TestDataFileTools.testWrite(String, List<String>, String, String...)",34,4,10,16
org.apache.avro.tool.TestDataFileTools.testFailureOnWritingPartialJSONValues(),15,2,0,6
org.apache.avro.tool.TestDataFileTools.testWritingZeroJsonValues(),6,1,1,4
org.apache.avro.tool.TestDataFileTools.countRecords(File),10,2,3,3
org.apache.avro.tool.TestDataFileTools.testDifferentSeparatorsBetweenJsonRecords(),7,1,0,3
"org.apache.avro.tool.TestDataFileTools.writeToAvroFile(String, String, String)",14,1,5,10
org.apache.avro.reflect.TestReflect.testVoid(),4,1,1,1
org.apache.avro.reflect.TestReflect.testBoolean(),4,1,1,1
org.apache.avro.reflect.TestReflect.testInt(),4,1,1,1
org.apache.avro.reflect.TestReflect.testByte(),4,1,1,1
org.apache.avro.reflect.TestReflect.testShort(),4,1,1,1
org.apache.avro.reflect.TestReflect.testChar(),4,1,1,1
org.apache.avro.reflect.TestReflect.testLong(),4,1,1,1
org.apache.avro.reflect.TestReflect.testFloat(),4,1,1,1
org.apache.avro.reflect.TestReflect.testDouble(),4,1,1,1
org.apache.avro.reflect.TestReflect.testString(),3,1,0,1
org.apache.avro.reflect.TestReflect.testBytes(),4,1,0,2
org.apache.avro.reflect.TestReflect.testUnionWithCollection(),6,1,0,5
org.apache.avro.reflect.TestReflect.testUnionWithMap(),6,1,0,5
org.apache.avro.reflect.TestReflect.testUnionWithFixed(),7,1,0,4
org.apache.avro.reflect.TestReflect.testUnionWithEnum(),7,1,1,4
org.apache.avro.reflect.TestReflect.testUnionWithBytes(),5,1,0,5
org.apache.avro.reflect.TestReflect.testMap(),4,1,0,3
org.apache.avro.reflect.TestReflect.testArray(),4,1,0,3
org.apache.avro.reflect.TestReflect.testList(),5,1,0,3
org.apache.avro.reflect.TestReflect.testR1(),3,1,0,1
org.apache.avro.reflect.TestReflect.testR2(),7,1,1,5
org.apache.avro.reflect.TestReflect.testR3(),5,1,0,2
org.apache.avro.reflect.TestReflect.testR5(),8,1,2,5
org.apache.avro.reflect.TestReflect.testR6(),11,1,0,6
org.apache.avro.reflect.TestReflect.testP0(),17,1,3,14
org.apache.avro.reflect.TestReflect.testR10(),6,1,1,8
org.apache.avro.reflect.TestReflect.testR11(),15,1,4,12
org.apache.avro.reflect.TestReflect.testP1(),17,1,3,14
org.apache.avro.reflect.TestReflect.testR12(),7,1,1,7
org.apache.avro.reflect.TestReflect.testR13(),4,1,1,4
org.apache.avro.reflect.TestReflect.testP4(),7,1,1,10
org.apache.avro.reflect.TestReflect.testP2(),17,1,4,15
org.apache.avro.reflect.TestReflect.testNoPackage(),5,1,0,6
org.apache.avro.reflect.TestReflect.checkReadWrite(Object),3,1,5,4
"org.apache.avro.reflect.TestReflect.checkReadWrite(Object, Schema)",18,3,8,20
org.apache.avro.reflect.TestReflect.testEnum(),4,1,0,1
org.apache.avro.reflect.TestReflect.testRecord(),6,1,0,1
org.apache.avro.reflect.TestReflect.testAnnotationAvroIgnore(),4,1,0,1
org.apache.avro.reflect.TestReflect.testAnnotationAvroMeta(),5,1,0,1
org.apache.avro.reflect.TestReflect.testAnnotationAvroName(),5,1,0,1
org.apache.avro.reflect.TestReflect.testAnnotationAvroNameCollide(),6,1,0,1
org.apache.avro.reflect.TestReflect.testAnnotationAvroStringableFields(),5,1,0,1
"org.apache.avro.reflect.TestReflect.check(Object, String)",3,1,4,2
"org.apache.avro.reflect.TestReflect.check(Type, String)",3,1,24,4
org.apache.avro.reflect.TestReflect.testRecordIO(),16,1,1,14
org.apache.avro.reflect.TestReflect.testMultipleAnnotations(),35,1,13,24
org.apache.avro.reflect.TestReflect.testAvroEncodeInducing(),6,1,0,4
org.apache.avro.reflect.TestReflect.testAvroEncodeIO(),15,1,1,13
org.apache.avro.reflect.TestReflect.testRecordWithNullIO(),21,1,2,16
org.apache.avro.reflect.TestReflect.testDisableUnsafe(),17,2,1,7
org.apache.avro.reflect.TestReflect.testForwardReference(),10,1,0,8
org.apache.avro.reflect.TestReflect.testOverloadedMethod(),3,1,0,2
org.apache.avro.reflect.TestReflect.testNoPackageSchema(),3,1,0,3
org.apache.avro.reflect.TestReflect.testNoPackageProtocol(),3,1,0,3
org.apache.avro.reflect.TestReflect.testReflectWithinGeneric(),12,1,0,9
org.apache.avro.reflect.TestReflect.testPrimitiveArray(),3,1,0,1
org.apache.avro.reflect.TestReflect.testPrimitiveArrayBlocking(),3,1,0,1
org.apache.avro.reflect.TestReflect.testPrimitiveArrays(boolean),10,1,3,1
"org.apache.avro.reflect.TestReflect.testPrimitiveArray(Class<?>, boolean)",11,2,3,8
"org.apache.avro.reflect.TestReflect.randomFor(Class<?>, Random)",19,9,3,6
org.apache.avro.reflect.TestReflect.testNullArray(),5,1,0,2
org.apache.avro.reflect.TestReflect.testStringables(),7,1,0,1
"org.apache.avro.reflect.TestReflect.checkStringable(Class, String)",8,1,3,8
org.apache.avro.reflect.TestReflect.testStringableMapKeys(),13,1,6,10
org.apache.avro.reflect.TestReflect.testNullableStringableField(),6,1,1,4
"org.apache.avro.reflect.TestReflect.checkBinary(ReflectData, Schema, Object, boolean)",4,1,6,1
"org.apache.avro.reflect.TestReflect.checkBinary(ReflectData, Schema, Object, boolean, boolean)",17,2,7,14
"org.apache.avro.reflect.TestReflect.checkBinary(Schema, Object)",4,1,6,2
org.apache.avro.reflect.TestReflect.testReflectFieldError(),8,2,1,7
org.apache.avro.reflect.TestReflect.testAvroAlias(),5,1,0,1
org.apache.avro.reflect.TestReflect.testAvroDefault(),6,1,0,1
org.apache.avro.reflect.ReflectionUtil.ReflectionUtil(),2,1,0,1
org.apache.avro.reflect.ReflectionUtil.resetFieldAccess(),26,7,1,5
"org.apache.avro.reflect.ReflectionUtil.load(String, Class<T>)",4,1,3,5
org.apache.avro.reflect.ReflectionUtil.getFieldAccess(),3,1,5,1
org.apache.avro.reflect.ReflectionUtil.validate(FieldAccess),3,1,2,2
org.apache.avro.mapred.TestAvroOutputFormat.testSetSyncInterval(),7,1,1,3
org.apache.avro.mapred.TestAvroOutputFormat.testNoCodec(),12,1,1,3
org.apache.avro.mapred.TestAvroOutputFormat.testBZip2CodecUsingHadoopClass(),9,1,0,6
org.apache.avro.mapred.TestAvroOutputFormat.testBZip2CodecUsingAvroCodec(),9,1,1,6
org.apache.avro.mapred.TestAvroOutputFormat.testDeflateCodecUsingHadoopClass(),9,1,0,6
org.apache.avro.mapred.TestAvroOutputFormat.testDeflateCodecUsingAvroCodec(),9,1,1,6
org.apache.avro.mapred.TestAvroOutputFormat.testSnappyCodecUsingHadoopClass(),9,1,0,6
org.apache.avro.mapred.TestAvroOutputFormat.testSnappyCodecUsingAvroCodec(),9,1,1,6
org.apache.avro.mapred.TestAvroOutputFormat.testGZipCodecUsingHadoopClass(),9,1,0,6
org.apache.avro.TestProtocol.testPropEquals(),7,1,0,4
org.apache.avro.TestProtocol.testSplitProtocolBuild(),17,1,0,10
org.apache.trevni.InputBytes.InputBytes(byte[]),1,1,2,2
org.apache.trevni.InputBytes.InputBytes(ByteBuffer),3,1,2,5
org.apache.trevni.InputBytes.length(),1,1,1,1
"org.apache.trevni.InputBytes.read(long, byte[], int, int)",5,1,4,3
org.apache.trevni.InputBytes.getBuffer(),1,1,2,1
"org.apache.trevni.ArrayColumnOutputBuffer.ArrayColumnOutputBuffer(ColumnFileWriter, ColumnMetaData)",6,1,3,6
org.apache.trevni.ArrayColumnOutputBuffer.writeLength(int),16,3,3,6
org.apache.trevni.ArrayColumnOutputBuffer.writeValue(Object),8,2,3,6
org.apache.trevni.ArrayColumnOutputBuffer.flushBuffer(),4,1,0,2
org.apache.trevni.ArrayColumnOutputBuffer.flushRun(),10,3,6,4
org.apache.avro.mojo.TestIDLProtocolMojo.testIdlProtocolMojo(),9,1,1,5
"org.apache.avro.mojo.IDLProtocolMojo.doCompile(String, File, File)",31,5,9,22
org.apache.avro.mojo.IDLProtocolMojo.getIncludes(),3,1,1,1
org.apache.avro.mojo.IDLProtocolMojo.getTestIncludes(),3,1,1,1
org.apache.avro.TestProtocolNetty.createServer(Responder),3,1,1,3
org.apache.avro.TestProtocolNetty.createTransceiver(),3,1,1,4
org.apache.avro.TestProtocolNetty.getExpectedHandshakeCount(),3,1,1,1
org.apache.avro.TestDataFileCorruption.makeFile(String),3,1,3,2
org.apache.avro.TestDataFileCorruption.testCorruptedFile(),42,2,4,28
org.apache.avro.mapred.WordCountUtil.writeLinesFile(),10,2,9,10
org.apache.avro.mapred.WordCountUtil.writeLinesBytesFile(),10,2,5,10
org.apache.avro.mapred.WordCountUtil.writeLinesTextFile(),8,2,4,6
org.apache.avro.mapred.WordCountUtil.validateCountsFile(),16,2,4,12
org.apache.avro.mapred.WordCountUtil.validateSortedFile(),19,3,3,15
org.apache.avro.mapred.WordCountUtil.setMeta(JobConf),5,1,9,3
org.apache.avro.mapred.WordCountUtil.checkMeta(DataFileStream<?>),5,1,8,6
org.apache.avro.mapred.tether.TetherJob.getExecutable(JobConf),7,2,3,4
"org.apache.avro.mapred.tether.TetherJob.setExecutable(JobConf, File)",3,1,2,2
"org.apache.avro.mapred.tether.TetherJob.setExecutable(JobConf, File, List<String>, boolean)",12,3,10,8
org.apache.avro.mapred.tether.TetherJob.getProtocol(JobConf),11,4,6,4
org.apache.avro.mapred.tether.TetherJob.runJob(JobConf),4,1,3,3
org.apache.avro.mapred.tether.TetherJob.submitJob(JobConf),4,1,1,3
"org.apache.avro.mapred.tether.TetherJob.setProtocol(JobConf, String)",7,2,5,5
org.apache.avro.mapred.tether.TetherJob.setupTetherJob(JobConf),24,4,6,20
org.apache.avro.data.Json.Json(),1,1,0,1
org.apache.avro.data.Json.parseJson(String),10,3,6,6
org.apache.avro.data.Json.toString(Object),3,1,2,3
"org.apache.avro.data.Json.write(JsonNode, Encoder)",53,11,19,24
org.apache.avro.data.Json.read(Decoder),29,13,12,18
"org.apache.avro.data.Json.writeObject(Object, Encoder)",3,1,3,2
org.apache.avro.data.Json.readObject(Decoder),3,1,2,3
"org.apache.avro.TestDataFileConcat.TestDataFileConcat(CodecFactory, CodecFactory, Boolean)",7,1,4,5
org.apache.avro.TestDataFileConcat.codecs(),22,1,0,6
org.apache.avro.TestDataFileConcat.makeFile(String),3,1,3,2
org.apache.avro.TestDataFileConcat.testConcatenateFiles(),79,14,8,18
"org.apache.avro.ipc.SaslSocketServer.SaslSocketServer(Responder, SocketAddress)",7,1,7,2
"org.apache.avro.ipc.SaslSocketServer.SaslSocketServer(Responder, SocketAddress, String, String, String, Map<String, ?>, CallbackHandler)",12,1,5,2
"org.apache.avro.ipc.SaslSocketServer.SaslSocketServer(Responder, SocketAddress, SaslServerFactory)",5,1,5,3
org.apache.avro.ipc.SaslSocketServer.getTransceiver(SocketChannel),4,1,2,3
org.apache.avro.mapred.TestSequenceFileReader.testWriteSequenceFile(),17,2,3,8
org.apache.avro.mapred.TestSequenceFileReader.testReadSequenceFile(),3,1,1,2
org.apache.avro.mapred.TestSequenceFileReader.checkFile(FileReader<Pair>),10,2,7,6
org.apache.avro.mapred.TestSequenceFileReader.testSequenceFileInputFormat(),14,1,2,16
org.apache.avro.mapred.TestSequenceFileReader.testNonAvroMapper(),14,1,3,16
org.apache.avro.mapred.TestSequenceFileReader.testNonAvroMapOnly(),15,1,3,17
org.apache.avro.mapred.TestSequenceFileReader.testNonAvroReducer(),15,1,3,17
org.apache.avro.file.XZCodec.XZCodec(int),3,1,2,2
org.apache.avro.file.XZCodec.getName(),3,1,2,1
org.apache.avro.file.XZCodec.compress(ByteBuffer),6,1,2,6
org.apache.avro.file.XZCodec.decompress(ByteBuffer),14,1,1,11
"org.apache.avro.file.XZCodec.writeAndClose(ByteBuffer, OutputStream)",10,1,3,6
org.apache.avro.file.XZCodec.getOutputBuffer(int),7,2,4,4
org.apache.avro.file.XZCodec.hashCode(),3,1,1,1
org.apache.avro.file.XZCodec.equals(Object),8,3,2,2
org.apache.avro.file.XZCodec.toString(),3,1,1,2
org.apache.avro.tool.TestTetherTool.test(),44,3,3,30
"org.apache.avro.mapreduce.AvroKeyValueRecordReader.AvroKeyValueRecordReader(Schema, Schema)",5,1,3,7
org.apache.avro.mapreduce.AvroKeyValueRecordReader.nextKeyValue(),12,2,2,7
org.apache.avro.mapreduce.AvroKeyValueRecordReader.getCurrentKey(),3,1,1,1
org.apache.avro.mapreduce.AvroKeyValueRecordReader.getCurrentValue(),3,1,1,1
org.apache.avro.mapreduce.AvroRecordReaderBase.AvroRecordReaderBase(Schema),4,1,3,3
"org.apache.avro.mapreduce.AvroRecordReaderBase.initialize(InputSplit, TaskAttemptContext)",16,2,4,14
org.apache.avro.mapreduce.AvroRecordReaderBase.nextKeyValue(),8,2,5,5
org.apache.avro.mapreduce.AvroRecordReaderBase.getProgress(),10,2,4,4
org.apache.avro.mapreduce.AvroRecordReaderBase.close(),9,2,1,2
org.apache.avro.mapreduce.AvroRecordReaderBase.getCurrentRecord(),3,1,3,1
"org.apache.avro.mapreduce.AvroRecordReaderBase.createSeekableInput(Configuration, Path)",4,1,3,2
"org.apache.avro.mapreduce.AvroRecordReaderBase.createAvroFileReader(SeekableInput, DatumReader<T>)",4,1,3,2
org.apache.avro.SchemaValidatorBuilder.strategy(SchemaValidationStrategy),4,1,2,2
org.apache.avro.SchemaValidatorBuilder.canReadStrategy(),4,1,2,2
org.apache.avro.SchemaValidatorBuilder.canBeReadStrategy(),4,1,5,2
org.apache.avro.SchemaValidatorBuilder.mutualReadStrategy(),4,1,3,2
org.apache.avro.SchemaValidatorBuilder.validateLatest(),4,1,5,3
org.apache.avro.SchemaValidatorBuilder.validateAll(),4,1,8,3
org.apache.avro.SchemaValidatorBuilder.valid(),5,2,3,1
"org.apache.avro.ValidateCanRead.validate(Schema, Schema)",4,1,2,1
org.apache.avro.mapred.tether.TetherKeyComparator.setConf(Configuration),5,2,1,3
"org.apache.avro.mapred.tether.TetherKeyComparator.compare(byte[], int, int, byte[], int, int)",6,2,7,3
"org.apache.avro.mapred.tether.TetherKeyComparator.compare(TetherData, TetherData)",7,2,3,5
org.apache.avro.ipc.TestNettyServerWithCallbacks.initializeConnections(),10,1,6,10
org.apache.avro.ipc.TestNettyServerWithCallbacks.tearDownConnections(),8,3,2,2
org.apache.avro.ipc.TestNettyServerWithCallbacks.greeting(),20,1,2,6
org.apache.avro.ipc.TestNettyServerWithCallbacks.echo(),25,1,2,11
org.apache.avro.ipc.TestNettyServerWithCallbacks.add(),20,1,2,7
org.apache.avro.ipc.TestNettyServerWithCallbacks.echoBytes(),21,1,2,7
org.apache.avro.ipc.TestNettyServerWithCallbacks.error(),39,4,4,17
org.apache.avro.ipc.TestNettyServerWithCallbacks.ack(),9,1,4,8
org.apache.avro.ipc.TestNettyServerWithCallbacks.testSendAfterChannelClose(),50,5,7,19
org.apache.avro.ipc.TestNettyServerWithCallbacks.cancelPendingRequestsOnTransceiverClose(),36,3,5,21
org.apache.avro.ipc.TestNettyServerWithCallbacks.cancelPendingRequestsAfterChannelCloseByServerShutdown(),37,2,3,18
org.apache.avro.ipc.TestNettyServerWithCallbacks.clientReconnectAfterServerRestart(),29,2,3,13
org.apache.avro.ipc.TestNettyServerWithCallbacks.performanceTest(),34,2,2,13
org.apache.avro.file.BZip2Codec.getName(),1,1,2,1
org.apache.avro.file.BZip2Codec.compress(ByteBuffer),13,1,1,9
org.apache.avro.file.BZip2Codec.decompress(ByteBuffer),16,2,3,10
org.apache.avro.file.BZip2Codec.hashCode(),1,1,0,3
org.apache.avro.file.BZip2Codec.equals(Object),7,3,1,2
org.apache.avro.file.BZip2Codec.getOutputBuffer(int),7,2,3,4
org.apache.avro.specific.SpecificExceptionBase.SpecificExceptionBase(),3,1,0,2
org.apache.avro.specific.SpecificExceptionBase.SpecificExceptionBase(Throwable),3,1,1,2
org.apache.avro.specific.SpecificExceptionBase.SpecificExceptionBase(Object),3,1,1,2
"org.apache.avro.specific.SpecificExceptionBase.SpecificExceptionBase(Object, Throwable)",3,1,2,2
org.apache.avro.specific.SpecificExceptionBase.getSchema(),1,1,3,1
org.apache.avro.specific.SpecificExceptionBase.get(int),1,1,0,1
"org.apache.avro.specific.SpecificExceptionBase.put(int, Object)",1,1,0,0
org.apache.avro.specific.SpecificExceptionBase.equals(Object),6,4,1,5
org.apache.avro.specific.SpecificExceptionBase.hashCode(),3,1,0,4
org.apache.avro.specific.SpecificExceptionBase.writeExternal(ObjectOutput),2,1,0,0
org.apache.avro.specific.SpecificExceptionBase.readExternal(ObjectInput),2,1,0,0
org.apache.avro.specific.TestRecordWithoutLogicalTypes.getClassSchema(),1,1,4,1
org.apache.avro.specific.TestRecordWithoutLogicalTypes.TestRecordWithoutLogicalTypes(),1,1,1,1
"org.apache.avro.specific.TestRecordWithoutLogicalTypes.TestRecordWithoutLogicalTypes(java.lang.Boolean, java.lang.Integer, java.lang.Long, java.lang.Float, java.lang.Double, java.lang.String, java.lang.Integer, java.lang.Integer, java.lang.Long)",11,1,12,10
org.apache.avro.specific.TestRecordWithoutLogicalTypes.getSchema(),1,1,1,1
org.apache.avro.specific.TestRecordWithoutLogicalTypes.get(int),14,10,10,1
"org.apache.avro.specific.TestRecordWithoutLogicalTypes.put(int, java.lang.Object)",14,10,2,9
org.apache.avro.specific.TestRecordWithoutLogicalTypes.getB(),3,1,1,1
org.apache.avro.specific.TestRecordWithoutLogicalTypes.getI32(),3,1,1,1
org.apache.avro.specific.TestRecordWithoutLogicalTypes.getI64(),3,1,1,1
org.apache.avro.specific.TestRecordWithoutLogicalTypes.getF32(),3,1,1,1
org.apache.avro.specific.TestRecordWithoutLogicalTypes.getF64(),3,1,1,1
org.apache.avro.specific.TestRecordWithoutLogicalTypes.getS(),3,1,1,1
org.apache.avro.specific.TestRecordWithoutLogicalTypes.getD(),3,1,1,1
org.apache.avro.specific.TestRecordWithoutLogicalTypes.getT(),3,1,1,1
org.apache.avro.specific.TestRecordWithoutLogicalTypes.getTs(),3,1,1,1
org.apache.avro.specific.TestRecordWithoutLogicalTypes.newBuilder(),3,1,0,1
org.apache.avro.specific.TestRecordWithoutLogicalTypes.newBuilder(TestRecordWithoutLogicalTypes.Builder),3,1,1,1
org.apache.avro.specific.TestRecordWithoutLogicalTypes.newBuilder(TestRecordWithoutLogicalTypes),3,1,1,1
org.apache.avro.TestSchemaValidation.testAllTypes(),20,1,1,28
org.apache.avro.TestSchemaValidation.testReadOnePrior(),5,1,5,4
org.apache.avro.TestSchemaValidation.testReadAllPrior(),5,1,6,4
org.apache.avro.TestSchemaValidation.testOnePriorCanRead(),4,1,4,4
org.apache.avro.TestSchemaValidation.testAllPriorCanRead(),4,1,5,4
org.apache.avro.TestSchemaValidation.testOnePriorCompatible(),4,1,4,4
org.apache.avro.TestSchemaValidation.testAllPriorCompatible(),4,1,5,4
org.apache.avro.TestSchemaValidation.testInvalidBuild(),3,1,1,2
org.apache.avro.TestSchemaValidation.testReflectMatchStructure(),4,1,2,5
org.apache.avro.TestSchemaValidation.testReflectWithAllowNullMatchStructure(),4,1,2,5
"org.apache.avro.TestSchemaValidation.testValidatorPasses(SchemaValidator, Schema, Schema...)",8,2,13,3
"org.apache.avro.TestSchemaValidation.testValidatorFails(SchemaValidator, Schema, Schema...)",14,3,10,4
org.apache.trevni.avro.mapreduce.TestKeyWordCount.testIOFormat(),4,1,0,2
org.apache.trevni.avro.mapreduce.TestKeyWordCount.checkOutputFormat(),18,1,4,18
org.apache.trevni.avro.mapreduce.TestKeyWordCount.checkInputFormat(),18,1,4,13
org.apache.avro.mapred.TestWeather.tearDown(),6,1,4,1
org.apache.avro.mapred.TestWeather.testMapOnly(),24,2,1,18
org.apache.avro.mapred.TestWeather.testSort(),32,2,7,24
org.apache.avro.hadoop.io.TestAvroSerialization.testAccept(),7,1,0,3
org.apache.avro.hadoop.io.TestAvroSerialization.testGetSerializerForKey(),12,1,1,8
org.apache.avro.hadoop.io.TestAvroSerialization.testGetSerializerForValue(),12,1,1,8
org.apache.avro.hadoop.io.TestAvroSerialization.testGetDeserializerForKey(),12,1,1,8
org.apache.avro.hadoop.io.TestAvroSerialization.testGetDeserializerForValue(),12,1,1,8
org.apache.avro.hadoop.io.TestAvroSerialization.testClassPath(),11,1,1,7
"org.apache.avro.hadoop.io.TestAvroSerialization.roundTrip(Schema, T, Class<? extends GenericData>)",20,2,4,16
org.apache.avro.hadoop.io.TestAvroSerialization.testRoundTrip(),5,1,1,3
org.apache.avro.file.TestBZip2Codec.testBZip2CompressionAndDecompression(),21,3,2,10
org.apache.avro.mapred.tether.TetherReducer.configure(JobConf),3,1,1,1
"org.apache.avro.mapred.tether.TetherReducer.reduce(TetherData, Iterator<NullWritable>, OutputCollector<TetherData, NullWritable>, Reporter)",20,4,8,11
org.apache.avro.mapred.tether.TetherReducer.close(),14,4,5,5
"org.apache.avro.mapred.tether.TetherOutputFormat.setDeflateLevel(JobConf, int)",4,1,3,2
"org.apache.avro.mapred.tether.TetherOutputFormat.getRecordWriter(FileSystem, JobConf, String, Progressable)",23,2,5,11
org.apache.avro.mapred.tether.TetherKeySerialization.accept(Class<?>),3,1,1,2
org.apache.avro.mapred.tether.TetherKeySerialization.getDeserializer(Class<TetherData>),3,1,0,1
org.apache.avro.mapred.tether.TetherKeySerialization.getSerializer(Class<TetherData>),3,1,0,1
"org.apache.avro.mapreduce.AvroKeyRecordWriter.AvroKeyRecordWriter(Schema, GenericData, CodecFactory, OutputStream, int)",7,1,8,7
"org.apache.avro.mapreduce.AvroKeyRecordWriter.AvroKeyRecordWriter(Schema, GenericData, CodecFactory, OutputStream)",5,1,7,2
"org.apache.avro.mapreduce.AvroKeyRecordWriter.write(AvroKey<T>, NullWritable)",3,1,4,2
org.apache.avro.mapreduce.AvroKeyRecordWriter.close(TaskAttemptContext),3,1,3,1
org.apache.avro.mapreduce.AvroKeyRecordWriter.sync(),3,1,2,2
org.apache.avro.io.TestJsonDecoder.testInt(),3,1,0,1
org.apache.avro.io.TestJsonDecoder.testLong(),3,1,0,1
org.apache.avro.io.TestJsonDecoder.testFloat(),3,1,0,1
org.apache.avro.io.TestJsonDecoder.testDouble(),3,1,0,1
"org.apache.avro.io.TestJsonDecoder.checkNumeric(String, Object)",14,2,6,7
org.apache.avro.io.TestJsonDecoder.testReorderFields(),15,1,0,6
"org.apache.avro.file.DataFileReader12.DataFileReader12(SeekableInput, DatumReader<D>)",34,6,14,27
org.apache.avro.file.DataFileReader12.getMeta(String),3,1,4,2
org.apache.avro.file.DataFileReader12.getMetaString(String),11,3,4,4
org.apache.avro.file.DataFileReader12.getMetaLong(String),3,1,2,3
org.apache.avro.file.DataFileReader12.getSchema(),1,1,1,1
org.apache.avro.file.DataFileReader12.iterator(),1,1,0,1
org.apache.avro.file.DataFileReader12.hasNext(),6,2,2,3
org.apache.avro.file.DataFileReader12.next(),12,3,3,4
org.apache.avro.file.DataFileReader12.remove(),1,1,0,1
org.apache.avro.file.DataFileReader12.next(D),13,4,7,8
org.apache.avro.file.DataFileReader12.skipSync(),5,2,4,3
org.apache.avro.file.DataFileReader12.seek(long),6,1,6,6
org.apache.avro.file.DataFileReader12.sync(long),21,6,7,7
org.apache.avro.file.DataFileReader12.pastSync(long),3,1,4,2
org.apache.avro.file.DataFileReader12.tell(),1,1,1,2
org.apache.avro.file.DataFileReader12.close(),3,1,1,1
org.apache.trevni.NullChecksum.size(),1,1,0,1
org.apache.trevni.NullChecksum.compute(ByteBuffer),3,1,0,2
org.apache.trevni.Crc32Checksum.size(),1,1,1,1
org.apache.trevni.Crc32Checksum.compute(ByteBuffer),8,1,2,11
org.apache.avro.SchemaNormalization.SchemaNormalization(),1,1,0,1
org.apache.avro.SchemaNormalization.toParsingForm(Schema),8,2,7,6
"org.apache.avro.SchemaNormalization.fingerprint(String, byte[])",15,3,3,5
org.apache.avro.SchemaNormalization.fingerprint64(byte[]),6,2,6,1
"org.apache.avro.SchemaNormalization.parsingFingerprint(String, Schema)",7,2,3,5
org.apache.avro.SchemaNormalization.parsingFingerprint64(Schema),6,2,5,5
"org.apache.avro.SchemaNormalization.build(Map<String, String>, Schema, Appendable)",48,17,10,17
org.apache.avro.reflect.FieldAccess.getAccessor(Field),1,1,2,1
"org.apache.avro.io.parsing.TestResolvingGrammarGenerator.TestResolvingGrammarGenerator(String, String)",7,1,2,6
org.apache.avro.io.parsing.TestResolvingGrammarGenerator.test(),8,1,2,6
org.apache.avro.io.parsing.TestResolvingGrammarGenerator.testRecordMissingRequiredFieldError(),22,2,1,16
org.apache.avro.io.parsing.TestResolvingGrammarGenerator.data(),32,1,0,2
"org.apache.avro.io.parsing.TestResolvingGrammarGenerator.writeRecord(Schema, GenericData.Record)",12,1,3,8
"org.apache.avro.io.parsing.TestResolvingGrammarGenerator.readRecord(Schema, byte[])",10,1,3,6
org.apache.avro.ipc.ResponderServlet.ResponderServlet(Responder),3,1,4,2
"org.apache.avro.ipc.ResponderServlet.doPost(HttpServletRequest, HttpServletResponse)",14,2,5,8
"org.apache.avro.mapred.DelegatingInputFormat.getSplits(JobConf, int)",51,9,3,23
"org.apache.avro.mapred.DelegatingInputFormat.getRecordReader(InputSplit, JobConf, Reporter)",10,1,3,7
org.apache.avro.mapred.TestAvroMultipleOutputs.runTestsInOrder(),9,1,0,7
org.apache.avro.mapred.TestAvroMultipleOutputs.testJob(),22,1,2,20
org.apache.avro.mapred.TestAvroMultipleOutputs.testProjection(),33,3,2,15
org.apache.avro.mapred.TestAvroMultipleOutputs.testProjection_newmethods(),33,3,2,15
org.apache.avro.mapred.TestAvroMultipleOutputs.testProjection1(),24,3,3,18
org.apache.avro.mapred.TestAvroMultipleOutputs.testProjection_newmethods_1(),24,3,3,18
org.apache.avro.mapred.TestAvroMultipleOutputs.testJob_noreducer(),18,1,2,18
org.apache.avro.mapred.TestAvroMultipleOutputs.testProjection_noreducer(),18,2,2,16
org.apache.avro.file.SeekableByteArrayInput.SeekableByteArrayInput(byte[]),3,1,5,2
org.apache.avro.file.SeekableByteArrayInput.length(),3,1,1,1
org.apache.avro.file.SeekableByteArrayInput.seek(long),4,1,1,2
org.apache.avro.file.SeekableByteArrayInput.tell(),3,1,1,1
org.apache.avro.protobuf.Test.Test(),1,1,0,1
org.apache.avro.protobuf.Test.registerAllExtensions(com.google.protobuf.ExtensionRegistry),3,1,0,0
org.apache.avro.protobuf.Test.getDescriptor(),3,1,3,1
"org.apache.avro.compiler.specific.SchemaTask.doCompile(File, File)",7,1,2,5
org.apache.avro.compiler.specific.ProtocolTask.setFile(File),1,1,1,1
org.apache.avro.compiler.specific.ProtocolTask.setDestdir(File),1,1,1,1
org.apache.avro.compiler.specific.ProtocolTask.setStringType(StringType),1,1,1,1
org.apache.avro.compiler.specific.ProtocolTask.getStringType(),1,1,3,1
org.apache.avro.compiler.specific.ProtocolTask.addFileset(FileSet),1,1,2,1
org.apache.avro.compiler.specific.ProtocolTask.execute(),16,5,3,8
"org.apache.avro.compiler.specific.ProtocolTask.doCompile(File, File)",6,1,3,5
org.apache.avro.compiler.specific.ProtocolTask.compile(File),9,3,5,1
"org.apache.avro.ipc.stats.Histogram.Histogram(Segmenter<B, T>)",5,1,5,6
org.apache.avro.ipc.stats.Histogram.add(T),9,2,8,6
org.apache.avro.ipc.stats.Histogram.getHistogram(),3,1,3,1
org.apache.avro.ipc.stats.Histogram.getSegmenter(),3,1,3,1
org.apache.avro.ipc.stats.Histogram.getRecentAdditions(),3,1,3,1
org.apache.avro.ipc.stats.Histogram.getCount(),3,1,4,1
org.apache.avro.ipc.stats.Histogram.toString(),13,3,3,7
org.apache.avro.ipc.stats.Histogram.entries(),3,1,2,1
"org.apache.trevni.avro.mapreduce.AvroTrevniKeyValueInputFormat.createRecordReader(InputSplit, TaskAttemptContext)",5,1,0,1
org.apache.trevni.avro.mapreduce.AvroTrevniKeyValueRecordReader.getCurrentKey(),4,1,1,1
org.apache.trevni.avro.mapreduce.AvroTrevniKeyValueRecordReader.getCurrentValue(),4,1,1,1
org.apache.trevni.avro.mapreduce.AvroTrevniKeyValueRecordReader.nextKeyValue(),7,1,2,7
example.MapReduceAvroWordCount.run(String[]),23,2,6,18
example.MapReduceAvroWordCount.main(String[]),5,1,1,2
org.apache.avro.mapreduce.AvroKeyRecordReader.AvroKeyRecordReader(Schema),4,1,2,4
org.apache.avro.mapreduce.AvroKeyRecordReader.nextKeyValue(),5,1,1,4
org.apache.avro.mapreduce.AvroKeyRecordReader.getCurrentKey(),3,1,1,1
org.apache.avro.mapreduce.AvroKeyRecordReader.getCurrentValue(),3,1,0,2
"org.apache.avro.ipc.stats.FloatHistogram.FloatHistogram(Segmenter<B, Float>)",3,1,3,2
org.apache.avro.ipc.stats.FloatHistogram.add(Float),5,1,3,3
org.apache.avro.ipc.stats.FloatHistogram.getMean(),6,2,6,1
org.apache.avro.ipc.stats.FloatHistogram.getUnbiasedStdDev(),7,2,5,3
"org.apache.avro.io.TestBlockingIO2.TestBlockingIO2(int, int, String)",13,1,3,13
org.apache.avro.io.TestBlockingIO2.testScan(),3,1,3,1
org.apache.avro.io.TestBlockingIO2.data(),88,1,0,2
org.apache.avro.TestCompare.testNull(),5,1,0,5
org.apache.avro.TestCompare.testBoolean(),3,1,2,1
org.apache.avro.TestCompare.testString(),6,1,0,2
org.apache.avro.TestCompare.testBytes(),11,1,0,2
org.apache.avro.TestCompare.testInt(),4,1,0,2
org.apache.avro.TestCompare.testLong(),4,1,0,2
org.apache.avro.TestCompare.testFloat(),4,1,0,2
org.apache.avro.TestCompare.testDouble(),4,1,0,2
org.apache.avro.TestCompare.testArray(),10,1,0,3
org.apache.avro.TestCompare.testRecord(),28,1,0,4
org.apache.avro.TestCompare.testEnum(),8,1,0,2
org.apache.avro.TestCompare.testFixed(),7,1,0,2
org.apache.avro.TestCompare.testUnion(),5,1,0,3
org.apache.avro.TestCompare.testSpecificRecord(),16,1,3,7
"org.apache.avro.TestCompare.check(String, T, T)",4,1,14,1
"org.apache.avro.TestCompare.check(String, T, T, boolean)",6,1,6,4
"org.apache.avro.TestCompare.check(Schema, T, T, boolean, DatumWriter<T>, GenericData)",35,2,10,9
"org.apache.avro.TestCompare.compare(Object, Object, Schema, boolean, GenericData)",6,2,6,3
"org.apache.avro.TestCompare.render(T, Schema, DatumWriter<T>)",10,1,5,7
"org.apache.avro.ipc.DatagramServer.DatagramServer(Responder, SocketAddress)",10,1,5,10
org.apache.avro.ipc.DatagramServer.getPort(),1,1,1,3
org.apache.avro.ipc.DatagramServer.run(),12,4,4,5
org.apache.avro.ipc.DatagramServer.close(),1,1,0,1
org.apache.avro.ipc.DatagramServer.main(String[]),6,1,1,5
org.apache.avro.BarRecord.BarRecord(),2,1,1,1
org.apache.avro.BarRecord.BarRecord(String),3,1,3,2
org.apache.avro.BarRecord.equals(Object),10,3,2,2
org.apache.avro.BarRecord.hashCode(),3,1,1,2
org.apache.avro.BarRecord.toString(),3,1,1,2
org.apache.avro.ipc.TestSaslAnonymous.testStartServer(),7,2,3,10
org.apache.avro.ipc.TestSaslAnonymous.testHandshake(),1,1,0,0
org.apache.avro.ipc.TestSaslAnonymous.testResponseChange(),1,1,0,0
org.apache.avro.ipc.TestSaslAnonymous.test64kRequest(),14,1,0,10
org.apache.avro.TestProtocolGeneric.testStartServer(),7,2,3,10
org.apache.avro.TestProtocolGeneric.testHello(),7,1,2,7
org.apache.avro.TestProtocolGeneric.testEcho(),15,1,2,8
org.apache.avro.TestProtocolGeneric.testEchoBytes(),12,1,2,12
org.apache.avro.TestProtocolGeneric.testError(),12,2,3,9
org.apache.avro.TestProtocolGeneric.testUndeclaredError(),15,2,3,9
org.apache.avro.TestProtocolGeneric.testHandshake(),27,1,4,19
org.apache.avro.TestProtocolGeneric.testResponseChange(),37,2,4,26
org.apache.avro.TestProtocolGeneric.testStopServer(),4,1,2,2
"org.apache.avro.ipc.reflect.ReflectRequestor.ReflectRequestor(Class<?>, Transceiver)",4,1,2,4
"org.apache.avro.ipc.reflect.ReflectRequestor.ReflectRequestor(Protocol, Transceiver)",4,1,2,3
"org.apache.avro.ipc.reflect.ReflectRequestor.ReflectRequestor(Class<?>, Transceiver, ReflectData)",5,1,5,3
"org.apache.avro.ipc.reflect.ReflectRequestor.ReflectRequestor(Protocol, Transceiver, ReflectData)",5,1,6,2
org.apache.avro.ipc.reflect.ReflectRequestor.getReflectData(),1,1,4,2
org.apache.avro.ipc.reflect.ReflectRequestor.getDatumWriter(Schema),3,1,1,3
"org.apache.avro.ipc.reflect.ReflectRequestor.getDatumReader(Schema, Schema)",3,1,2,3
"org.apache.avro.ipc.reflect.ReflectRequestor.getClient(Class<T>, Transceiver)",5,1,4,4
"org.apache.avro.ipc.reflect.ReflectRequestor.getClient(Class<T>, Transceiver, ReflectData)",8,1,4,5
"org.apache.avro.ipc.reflect.ReflectRequestor.getClient(Class<T>, ReflectRequestor)",5,1,2,4
org.apache.avro.specific.TestSpecificDatumReader.serializeRecord(FooBarSpecificRecord),9,1,3,8
org.apache.avro.specific.TestSpecificDatumReader.serializeRecord(StringablesRecord),9,1,3,7
org.apache.avro.specific.TestSpecificDatumReader.testRead(),14,1,1,14
org.apache.avro.specific.TestSpecificDatumReader.testStringables(),18,1,2,13
org.apache.avro.mapreduce.TestAvroKeyRecordReader.testReadRecords(),52,1,3,27
org.apache.avro.file.DeflateCodec.DeflateCodec(int),3,1,2,2
org.apache.avro.file.DeflateCodec.getName(),3,1,2,1
org.apache.avro.file.DeflateCodec.compress(ByteBuffer),7,1,1,8
org.apache.avro.file.DeflateCodec.decompress(ByteBuffer),7,1,1,8
"org.apache.avro.file.DeflateCodec.writeAndClose(ByteBuffer, OutputStream)",10,1,4,6
org.apache.avro.file.DeflateCodec.getInflater(),7,2,3,4
org.apache.avro.file.DeflateCodec.getDeflater(),7,2,4,4
org.apache.avro.file.DeflateCodec.getOutputBuffer(int),7,2,4,4
org.apache.avro.file.DeflateCodec.hashCode(),3,2,1,1
org.apache.avro.file.DeflateCodec.equals(Object),8,3,2,2
org.apache.avro.file.DeflateCodec.toString(),3,1,1,2
org.apache.avro.tool.TestIdlToSchemataTool.testSplitIdlIntoSchemata(),8,1,1,5
org.apache.avro.mapred.HadoopMapper.configure(JobConf),7,1,2,5
"org.apache.avro.mapred.HadoopMapper.map(AvroWrapper<IN>, NullWritable, OutputCollector<KO, VO>, Reporter)",7,2,6,4
org.apache.avro.mapred.HadoopMapper.close(),3,1,1,1
org.apache.avro.mapred.AvroKeyComparator.setConf(Configuration),5,2,1,4
"org.apache.avro.mapred.AvroKeyComparator.compare(byte[], int, int, byte[], int, int)",3,1,7,2
"org.apache.avro.mapred.AvroKeyComparator.compare(AvroWrapper<T>, AvroWrapper<T>)",3,1,3,4
org.apache.avro.mapred.AvroSerialization.accept(Class<?>),3,1,1,2
org.apache.avro.mapred.AvroSerialization.getDeserializer(Class<AvroWrapper>),10,2,1,9
org.apache.avro.mapred.AvroSerialization.getSerializer(Class<AvroWrapper>),11,3,1,11
org.apache.avro.io.parsing.TestResolvingGrammarGenerator2.testFixed(),8,1,1,3
org.apache.avro.io.parsing.TestResolvingGrammarGenerator2.testUnionResolutionNoStructureMatch(),7,1,3,6
org.apache.avro.io.parsing.TestResolvingGrammarGenerator2.testUnionResolutionFirstStructureMatch2d(),11,1,7,6
org.apache.avro.io.parsing.TestResolvingGrammarGenerator2.testUnionResolutionFirstStructureMatch3d(),11,1,7,6
org.apache.avro.io.parsing.TestResolvingGrammarGenerator2.testUnionResolutionNamedStructureMatch(),11,1,7,6
org.apache.avro.io.parsing.TestResolvingGrammarGenerator2.testUnionResolutionFullNameMatch(),11,1,7,6
org.apache.avro.specific.TestSpecificLogicalTypes.testRecordWithLogicalTypes(),17,1,1,8
org.apache.avro.specific.TestSpecificLogicalTypes.testRecordWithoutLogicalTypes(),18,1,1,10
org.apache.avro.specific.TestSpecificLogicalTypes.testRecordWritePrimitivesReadLogicalTypes(),31,1,1,13
org.apache.avro.specific.TestSpecificLogicalTypes.testRecordWriteLogicalTypesReadPrimitives(),31,1,1,13
"org.apache.avro.specific.TestSpecificLogicalTypes.read(Schema, File)",17,3,6,6
org.apache.avro.specific.TestSpecificLogicalTypes.newReader(Schema),3,1,2,3
"org.apache.avro.specific.TestSpecificLogicalTypes.write(Schema, D...)",15,2,7,8
org.apache.avro.specific.TestRecordWithLogicalTypes.getClassSchema(),1,1,4,1
org.apache.avro.specific.TestRecordWithLogicalTypes.TestRecordWithLogicalTypes(),1,1,1,1
"org.apache.avro.specific.TestRecordWithLogicalTypes.TestRecordWithLogicalTypes(java.lang.Boolean, java.lang.Integer, java.lang.Long, java.lang.Float, java.lang.Double, java.lang.CharSequence, org.joda.time.LocalDate, org.joda.time.LocalTime, org.joda.time.DateTime)",11,1,12,10
org.apache.avro.specific.TestRecordWithLogicalTypes.getSchema(),1,1,1,1
org.apache.avro.specific.TestRecordWithLogicalTypes.get(int),14,10,10,1
"org.apache.avro.specific.TestRecordWithLogicalTypes.put(int, java.lang.Object)",14,10,2,9
org.apache.avro.specific.TestRecordWithLogicalTypes.getB(),3,1,1,1
org.apache.avro.specific.TestRecordWithLogicalTypes.setB(java.lang.Boolean),3,1,1,1
org.apache.avro.specific.TestRecordWithLogicalTypes.getI32(),3,1,1,1
org.apache.avro.specific.TestRecordWithLogicalTypes.setI32(java.lang.Integer),3,1,1,1
org.apache.avro.specific.TestRecordWithLogicalTypes.getI64(),3,1,1,1
org.apache.avro.specific.TestRecordWithLogicalTypes.setI64(java.lang.Long),3,1,1,1
org.apache.avro.specific.TestRecordWithLogicalTypes.getF32(),3,1,1,1
org.apache.avro.specific.TestRecordWithLogicalTypes.setF32(java.lang.Float),3,1,1,1
org.apache.avro.specific.TestRecordWithLogicalTypes.getF64(),3,1,1,1
org.apache.avro.specific.TestRecordWithLogicalTypes.setF64(java.lang.Double),3,1,1,1
org.apache.avro.specific.TestRecordWithLogicalTypes.getS(),3,1,1,1
org.apache.avro.specific.TestRecordWithLogicalTypes.setS(java.lang.CharSequence),3,1,1,1
org.apache.avro.specific.TestRecordWithLogicalTypes.getD(),3,1,1,1
org.apache.avro.specific.TestRecordWithLogicalTypes.setD(org.joda.time.LocalDate),3,1,1,1
org.apache.avro.specific.TestRecordWithLogicalTypes.getT(),3,1,1,1
org.apache.avro.specific.TestRecordWithLogicalTypes.setT(org.joda.time.LocalTime),3,1,1,1
org.apache.avro.specific.TestRecordWithLogicalTypes.getTs(),3,1,1,1
org.apache.avro.specific.TestRecordWithLogicalTypes.setTs(org.joda.time.DateTime),3,1,1,1
org.apache.avro.specific.TestRecordWithLogicalTypes.getConversion(int),3,1,2,1
org.apache.avro.specific.TestRecordWithLogicalTypes.newBuilder(),3,1,0,1
org.apache.avro.specific.TestRecordWithLogicalTypes.newBuilder(TestRecordWithLogicalTypes.Builder),3,1,1,1
org.apache.avro.specific.TestRecordWithLogicalTypes.newBuilder(TestRecordWithLogicalTypes),3,1,1,1
org.apache.avro.specific.TestRecordWithLogicalTypes.writeExternal(java.io.ObjectOutput),4,1,2,2
org.apache.avro.specific.TestRecordWithLogicalTypes.readExternal(java.io.ObjectInput),4,1,2,2
org.apache.avro.mapreduce.TestFsInput.setUpBeforeClass(),10,1,2,9
org.apache.avro.mapreduce.TestFsInput.setUp(),5,1,2,5
org.apache.avro.mapreduce.TestFsInput.tearDown(),5,2,1,1
org.apache.avro.mapreduce.TestFsInput.testConfigurationConstructor(),11,1,3,7
org.apache.avro.mapreduce.TestFsInput.testFileSystemConstructor(),13,1,3,8
org.apache.avro.mapreduce.TestFsInput.testLength(),3,1,2,3
org.apache.avro.mapreduce.TestFsInput.testRead(),7,1,3,6
org.apache.avro.mapreduce.TestFsInput.testSeek(),10,1,2,8
org.apache.avro.mapreduce.TestFsInput.testTell(),6,1,2,6
org.apache.avro.TestNamespaceReflect.testStartServer(),8,2,3,9
org.apache.avro.TestNamespaceSpecific.testStartServer(),8,2,3,9
org.apache.avro.TestNamespaceSpecific.testEcho(),7,1,1,4
org.apache.avro.TestNamespaceSpecific.testError(),10,2,2,5
org.apache.avro.TestNamespaceSpecific.testStopServer(),4,1,2,2
org.apache.avro.specific.TestSpecificData.setUp(),7,1,2,7
org.apache.avro.specific.TestSpecificData.testClassTypes(),4,1,2,3
org.apache.avro.specific.TestSpecificData.testPrimitiveParam(),3,1,1,2
org.apache.avro.specific.TestSpecificData.testPrimitiveParamError(),3,1,1,1
org.apache.avro.specific.TestSpecificData.testPrimitiveWrapperParam(),3,1,1,2
org.apache.avro.specific.TestSpecificData.testPrimitiveWrapperParamError(),3,1,1,1
org.apache.avro.specific.TestSpecificData.testSpecificRecordBase(),7,1,0,4
org.apache.avro.specific.TestSpecificData.testExternalizeable(),13,1,0,11
org.apache.avro.specific.TestSpecificData.testNonStringable(),11,2,1,7
example.GenericMain.main(String[]),24,2,1,14
org.apache.avro.reflect.TestByteBuffer.before(),9,2,1,8
org.apache.avro.reflect.TestByteBuffer.test(),9,1,2,8
"org.apache.avro.reflect.TestByteBuffer.readOneXFromAvro(Schema, ByteArrayOutputStream)",11,1,3,10
"org.apache.avro.reflect.TestByteBuffer.writeOneXAsAvro(Schema, ByteArrayOutputStream)",24,1,5,14
org.apache.avro.reflect.TestByteBuffer.getmd5(File),15,1,3,8
org.apache.avro.reflect.TestByteBuffer.getmd5(ByteBuffer),6,1,3,7
org.apache.avro.mapreduce.TestAvroKeyInputFormat.testCreateRecordReader(),18,1,2,12
org.apache.avro.tool.TestJsonToFromBinaryFragmentTools.testBinaryToJson(),3,1,3,1
org.apache.avro.tool.TestJsonToFromBinaryFragmentTools.testJsonToBinary(),3,1,3,1
org.apache.avro.tool.TestJsonToFromBinaryFragmentTools.testMultiBinaryToJson(),3,1,3,1
org.apache.avro.tool.TestJsonToFromBinaryFragmentTools.testMultiJsonToBinary(),3,1,3,1
org.apache.avro.tool.TestJsonToFromBinaryFragmentTools.testBinaryToNoPrettyJson(),3,1,3,1
org.apache.avro.tool.TestJsonToFromBinaryFragmentTools.testMultiBinaryToNoPrettyJson(),3,1,3,1
org.apache.avro.tool.TestJsonToFromBinaryFragmentTools.testBinaryToJsonSchemaFile(),3,1,2,2
org.apache.avro.tool.TestJsonToFromBinaryFragmentTools.testJsonToBinarySchemaFile(),3,1,2,2
"org.apache.avro.tool.TestJsonToFromBinaryFragmentTools.binaryToJson(String, String, String...)",14,1,10,14
"org.apache.avro.tool.TestJsonToFromBinaryFragmentTools.jsonToBinary(String, String, String...)",13,1,7,12
org.apache.avro.tool.TestJsonToFromBinaryFragmentTools.schemaFile(),7,1,3,6
org.apache.avro.specific.TestSpecificBuilderTree.createPartialBuilder(),32,2,3,20
org.apache.avro.specific.TestSpecificBuilderTree.failOnIncompleteTree(),5,1,0,3
org.apache.avro.specific.TestSpecificBuilderTree.copyBuilder(),34,1,0,24
org.apache.avro.specific.TestSpecificBuilderTree.createBuilderFromInstance(),42,1,0,27
org.apache.avro.specific.TestSpecificBuilderTree.createLastOneTestsBuilder(),9,1,2,6
org.apache.avro.specific.TestSpecificBuilderTree.lastOneWins_Setter(),28,1,0,26
org.apache.avro.specific.TestSpecificBuilderTree.lastOneWins_Builder(),29,1,0,26
org.apache.avro.TestCircularReferences.addReferenceTypes(),14,1,2,1
org.apache.avro.TestCircularReferences.test(),50,1,4,27
"org.apache.avro.TestCircularReferences.read(GenericData, Schema, File)",16,3,4,6
"org.apache.avro.TestCircularReferences.newReader(GenericData, Schema)",3,1,3,2
"org.apache.avro.TestCircularReferences.write(GenericData, Schema, D...)",14,2,5,7
org.apache.avro.reflect.TestReflectionUtil.testUnsafeUtil(),3,1,0,2
org.apache.avro.reflect.TestReflectionUtil.testUnsafeWhenNotExists(),5,1,0,5
org.apache.avro.TestSchemaNormalization.data(),2,1,4,3
org.apache.avro.TestSchemaNormalization.altFingerprint(String),8,2,7,4
"org.apache.avro.TestSchemaNormalization.altExtend(long, int, long, byte[])",14,5,7,1
"org.apache.avro.TestSchemaNormalization.assertEqHex(long, long)",4,1,4,3
"org.apache.avro.TestSchemaNormalization.format(String, Object...)",3,1,3,4
org.apache.avro.tool.TestDataFileRepairTool.writeCorruptFile(),40,1,5,19
org.apache.avro.tool.TestDataFileRepairTool.setUp(),3,1,0,2
org.apache.avro.tool.TestDataFileRepairTool.tearDown(),3,1,1,1
"org.apache.avro.tool.TestDataFileRepairTool.run(Tool, String...)",3,1,10,2
"org.apache.avro.tool.TestDataFileRepairTool.run(Tool, InputStream, String...)",10,1,5,7
org.apache.avro.tool.TestDataFileRepairTool.testReportCorruptBlock(),5,1,1,4
org.apache.avro.tool.TestDataFileRepairTool.testReportCorruptRecord(),5,1,1,4
org.apache.avro.tool.TestDataFileRepairTool.testRepairAllCorruptBlock(),7,1,2,5
org.apache.avro.tool.TestDataFileRepairTool.testRepairAllCorruptRecord(),8,1,2,5
org.apache.avro.tool.TestDataFileRepairTool.testRepairPriorCorruptBlock(),7,1,2,5
org.apache.avro.tool.TestDataFileRepairTool.testRepairPriorCorruptRecord(),7,1,2,5
org.apache.avro.tool.TestDataFileRepairTool.testRepairAfterCorruptBlock(),7,1,2,5
org.apache.avro.tool.TestDataFileRepairTool.testRepairAfterCorruptRecord(),7,1,2,5
"org.apache.avro.tool.TestDataFileRepairTool.checkFileContains(File, String...)",8,2,9,7
org.apache.avro.TestDataFileReflect.testMultiReflectWithUnionBeforeWriting(),25,2,1,19
org.apache.avro.TestDataFileReflect.testNull(),21,2,1,17
org.apache.avro.TestDataFileReflect.testNestedClass(),19,2,1,16
"org.apache.avro.TestDataFileReflect.write(DataFileWriter<T>, T, CheckList<T>)",4,1,6,2
org.apache.avro.FooRecord.FooRecord(),2,1,0,1
org.apache.avro.FooRecord.FooRecord(int),3,1,2,2
org.apache.avro.FooRecord.equals(Object),6,2,2,1
org.apache.avro.FooRecord.hashCode(),3,1,1,1
org.apache.avro.FooRecord.toString(),3,1,1,2
org.apache.trevni.TestIOBuffers.testEmpty(),7,1,0,7
org.apache.trevni.TestIOBuffers.testZero(),10,1,1,7
org.apache.trevni.TestIOBuffers.testBoolean(),11,3,2,8
org.apache.trevni.TestIOBuffers.testInt(),10,3,1,8
org.apache.trevni.TestIOBuffers.testLong(),10,3,1,8
org.apache.trevni.TestIOBuffers.testFixed32(),10,3,1,8
org.apache.trevni.TestIOBuffers.testFixed64(),10,3,1,8
org.apache.trevni.TestIOBuffers.testFloat(),10,3,1,8
org.apache.trevni.TestIOBuffers.testDouble(),8,3,2,6
org.apache.trevni.TestIOBuffers.testBytes(),10,3,1,8
org.apache.trevni.TestIOBuffers.testString(),10,3,1,8
org.apache.trevni.TestIOBuffers.testSkipNull(),9,1,2,8
org.apache.trevni.TestIOBuffers.testSkipBoolean(),9,1,2,8
org.apache.trevni.TestIOBuffers.testSkipInt(),9,1,3,8
org.apache.trevni.TestIOBuffers.testSkipLong(),9,1,2,8
org.apache.trevni.TestIOBuffers.testSkipFixed32(),9,1,4,8
org.apache.trevni.TestIOBuffers.testSkipFixed64(),9,1,3,8
org.apache.trevni.TestIOBuffers.testSkipFloat(),9,1,3,8
org.apache.trevni.TestIOBuffers.testSkipDouble(),9,1,3,8
org.apache.trevni.TestIOBuffers.testSkipString(),9,1,2,8
org.apache.trevni.TestIOBuffers.testSkipBytes(),9,1,2,9
org.apache.trevni.TestIOBuffers.testInitPos(),11,1,3,10
org.apache.avro.specific.ExternalizableOutput.ExternalizableOutput(ObjectOutput),1,1,2,2
org.apache.avro.specific.ExternalizableOutput.flush(),1,1,1,1
org.apache.avro.specific.ExternalizableOutput.close(),1,1,1,1
org.apache.avro.specific.ExternalizableOutput.write(int),1,1,2,1
org.apache.avro.specific.ExternalizableOutput.write(byte[]),1,1,2,1
"org.apache.avro.specific.ExternalizableOutput.write(byte[], int, int)",3,1,4,1
org.apache.avro.tool.TestMain.testToolDescriptionLength(),8,3,2,6
org.apache.avro.TestLogicalType.testDecimalFromSchema(),14,1,0,8
org.apache.avro.TestLogicalType.testInvalidLogicalTypeIgnored(),8,1,0,5
org.apache.avro.TestLogicalType.testDecimalWithNonByteArrayTypes(),26,2,8,11
org.apache.avro.TestLogicalType.testUnknownFromJsonNode(),7,1,1,5
org.apache.avro.TestLogicalType.testDecimalBytesHasNoPrecisionLimit(),7,1,2,6
org.apache.avro.TestLogicalType.testDecimalFixedPrecisionLimit(),14,1,0,4
org.apache.avro.TestLogicalType.testDecimalFailsWithZeroPrecision(),13,1,0,4
org.apache.avro.TestLogicalType.testDecimalFailsWithNegativePrecision(),13,1,0,4
org.apache.avro.TestLogicalType.testDecimalScaleBoundedByPrecision(),14,1,0,4
org.apache.avro.TestLogicalType.testDecimalFailsWithNegativeScale(),13,1,0,4
org.apache.avro.TestLogicalType.testSchemaRejectsSecondLogicalType(),16,1,0,6
org.apache.avro.TestLogicalType.testDecimalDefaultScale(),7,1,0,6
org.apache.avro.TestLogicalType.testFixedDecimalToFromJson(),7,1,0,6
org.apache.avro.TestLogicalType.testBytesDecimalToFromJson(),7,1,1,6
org.apache.avro.TestLogicalType.testLogicalTypeEquals(),11,1,0,5
org.apache.avro.TestLogicalType.testLogicalTypeInSchemaEquals(),15,1,0,7
"org.apache.avro.TestLogicalType.assertEqualsTrue(String, Object, Object)",4,1,5,2
"org.apache.avro.TestLogicalType.assertEqualsFalse(String, Object, Object)",4,1,5,2
"org.apache.avro.TestLogicalType.assertThrows(String, Class<? extends Exception>, String, Callable)",17,2,12,8
org.apache.avro.reflect.TestReflectAllowNulls.testPrimitives(),17,1,0,6
org.apache.avro.reflect.TestReflectAllowNulls.testWrappers(),19,1,0,6
org.apache.avro.reflect.TestReflectAllowNulls.testAllowNullWithNullableAnnotation(),27,1,3,9
org.apache.avro.reflect.TestReflectAllowNulls.requiredSchema(Class<?>),3,1,2,3
org.apache.avro.reflect.TestReflectAllowNulls.nullableSchema(Class<?>),5,1,4,6
org.apache.trevni.avro.mapreduce.AvroTrevniKeyValueRecordWriter.AvroTrevniKeyValueRecordWriter(TaskAttemptContext),6,1,3,6
"org.apache.trevni.avro.mapreduce.AvroTrevniKeyValueRecordWriter.write(AvroKey<K>, AvroValue<V>)",8,2,5,7
org.apache.trevni.avro.mapreduce.AvroTrevniKeyValueRecordWriter.initSchema(TaskAttemptContext),10,1,4,10
org.apache.avro.specific.SpecificErrorBuilderBase.SpecificErrorBuilderBase(Schema),3,1,1,3
org.apache.avro.specific.SpecificErrorBuilderBase.SpecificErrorBuilderBase(SpecificErrorBuilderBase<T>),8,1,6,8
org.apache.avro.specific.SpecificErrorBuilderBase.SpecificErrorBuilderBase(T),11,3,1,8
org.apache.avro.specific.SpecificErrorBuilderBase.getValue(),3,1,1,1
org.apache.avro.specific.SpecificErrorBuilderBase.setValue(Object),5,1,2,3
org.apache.avro.specific.SpecificErrorBuilderBase.hasValue(),3,1,1,1
org.apache.avro.specific.SpecificErrorBuilderBase.clearValue(),5,1,0,3
org.apache.avro.specific.SpecificErrorBuilderBase.getCause(),3,1,1,1
org.apache.avro.specific.SpecificErrorBuilderBase.setCause(Throwable),5,1,2,3
org.apache.avro.specific.SpecificErrorBuilderBase.hasCause(),3,1,1,1
org.apache.avro.specific.SpecificErrorBuilderBase.clearCause(),5,1,0,3
org.apache.avro.specific.ExternalizableInput.ExternalizableInput(ObjectInput),1,1,2,2
org.apache.avro.specific.ExternalizableInput.available(),1,1,1,2
org.apache.avro.specific.ExternalizableInput.close(),1,1,1,1
org.apache.avro.specific.ExternalizableInput.markSupported(),1,1,0,1
org.apache.avro.specific.ExternalizableInput.read(),1,1,1,2
org.apache.avro.specific.ExternalizableInput.read(byte[]),1,1,2,2
"org.apache.avro.specific.ExternalizableInput.read(byte[], int, int)",3,1,4,2
org.apache.avro.specific.ExternalizableInput.skip(long),3,1,2,2
org.apache.avro.mapreduce.TestAvroKeyValueRecordReader.testReadRecords(),62,1,4,33
org.apache.avro.ipc.TestSaslDigestMd5.testStartServer(),13,2,8,11
org.apache.avro.ipc.TestSaslDigestMd5.testAnonymousClient(),16,1,5,16
org.apache.avro.ipc.TestSaslDigestMd5.testWrongPassword(),19,1,7,17
org.apache.avro.ipc.TestSaslDigestMd5.testHandshake(),1,1,0,0
org.apache.avro.ipc.TestSaslDigestMd5.testResponseChange(),1,1,0,0
org.apache.avro.protobuf.TestProtobuf.testMessage(),40,1,3,42
org.apache.avro.protobuf.TestProtobuf.testNestedEnum(),4,1,0,5
org.apache.avro.protobuf.ProtobufDatumWriter.ProtobufDatumWriter(),3,1,0,3
org.apache.avro.protobuf.ProtobufDatumWriter.ProtobufDatumWriter(Class<T>),3,1,2,4
org.apache.avro.protobuf.ProtobufDatumWriter.ProtobufDatumWriter(Schema),3,1,1,3
"org.apache.avro.protobuf.ProtobufDatumWriter.ProtobufDatumWriter(Schema, ProtobufData)",3,1,3,2
org.apache.avro.protobuf.ProtobufDatumWriter.ProtobufDatumWriter(ProtobufData),3,1,1,2
"org.apache.avro.protobuf.ProtobufDatumWriter.writeEnum(Schema, Object, Encoder)",8,2,3,4
"org.apache.avro.protobuf.ProtobufDatumWriter.writeBytes(Object, Encoder)",4,1,2,3
org.apache.avro.hadoop.io.TestAvroKeyDeserializer.testDeserialize(),24,1,1,20
org.apache.avro.reflect.FieldAccessReflect.getAccessor(Field),10,3,1,7
org.apache.avro.ipc.TestLocalTransceiver.testSingleRpc(),9,2,1,10
org.apache.avro.util.TestUtf8.testByteConstructor(),8,2,1,5
org.apache.avro.util.TestUtf8.testArrayReusedWhenLargerThanRequestedSize(),12,1,0,7
example.AvroWordCount.run(String[]),20,2,6,15
example.AvroWordCount.main(String[]),4,1,1,2
org.apache.avro.mapred.AvroAsTextInputFormat.listStatus(JobConf),12,4,4,9
"org.apache.avro.mapred.AvroAsTextInputFormat.getRecordReader(InputSplit, JobConf, Reporter)",5,1,3,4
org.apache.avro.tool.TestRpcProtocolTool.data(),4,1,0,2
org.apache.avro.tool.TestRpcProtocolTool.TestRpcProtocolTool(String),3,1,1,2
org.apache.avro.tool.TestRpcProtocolTool.setUp(),12,1,3,9
org.apache.avro.tool.TestRpcProtocolTool.tearDown(),4,2,2,1
org.apache.avro.tool.TestRpcProtocolTool.testRpcProtocol(),10,1,5,9
org.apache.avro.thrift.test.Error.Error(),2,1,1,1
org.apache.avro.thrift.test.Error.Error(String),6,1,1,3
org.apache.avro.thrift.test.Error.Error(Error),5,2,3,3
org.apache.avro.thrift.test.Error.deepCopy(),3,1,0,2
org.apache.avro.thrift.test.Error.clear(),3,1,0,1
org.apache.avro.thrift.test.Error.getMessage(),3,1,2,1
org.apache.avro.thrift.test.Error.setMessage(String),3,1,2,1
org.apache.avro.thrift.test.Error.unsetMessage(),3,1,1,1
org.apache.avro.thrift.test.Error.isSetMessage(),3,1,6,1
org.apache.avro.thrift.test.Error.setMessageIsSet(boolean),5,2,3,1
"org.apache.avro.thrift.test.Error.setFieldValue(_Fields, Object)",11,3,3,2
org.apache.avro.thrift.test.Error.getFieldValue(_Fields),7,2,2,3
org.apache.avro.thrift.test.Error.isSet(_Fields),10,3,2,4
org.apache.avro.thrift.test.Error.equals(Object),7,3,1,2
org.apache.avro.thrift.test.Error.equals(Error),13,5,3,3
org.apache.avro.thrift.test.Error.hashCode(),3,1,0,1
org.apache.avro.thrift.test.Error.compareTo(Error),17,5,2,9
org.apache.avro.thrift.test.Error.fieldForId(int),3,1,1,2
org.apache.avro.thrift.test.Error.read(org.apache.thrift.protocol.TProtocol),3,1,3,3
org.apache.avro.thrift.test.Error.write(org.apache.thrift.protocol.TProtocol),3,1,3,3
org.apache.avro.thrift.test.Error.toString(),13,2,1,4
org.apache.avro.thrift.test.Error.validate(),2,1,2,0
org.apache.avro.thrift.test.Error.writeObject(java.io.ObjectOutputStream),7,2,2,1
org.apache.avro.thrift.test.Error.readObject(java.io.ObjectInputStream),7,2,2,1
org.apache.avro.TestSchema.testNull(),5,1,1,4
org.apache.avro.TestSchema.testBoolean(),6,1,2,4
org.apache.avro.TestSchema.testString(),6,1,1,5
org.apache.avro.TestSchema.testBytes(),7,1,1,5
org.apache.avro.TestSchema.testInt(),5,1,1,5
org.apache.avro.TestSchema.testLong(),5,1,1,5
org.apache.avro.TestSchema.testFloat(),9,1,4,6
org.apache.avro.TestSchema.testDouble(),9,1,4,6
org.apache.avro.TestSchema.testArray(),11,1,0,5
org.apache.avro.TestSchema.testMap(),6,1,0,5
org.apache.avro.TestSchema.testUnionMap(),10,1,0,1
org.apache.avro.TestSchema.testRecord(),28,1,0,9
org.apache.avro.TestSchema.testInvalidNameTolerance(),5,1,0,1
org.apache.avro.TestSchema.testMapInRecord(),10,1,0,6
org.apache.avro.TestSchema.testEnum(),11,1,1,3
org.apache.avro.TestSchema.testFixed(),7,1,0,3
org.apache.avro.TestSchema.testRecursive(),7,1,0,1
org.apache.avro.TestSchema.testRecursiveEquals(),8,1,0,3
org.apache.avro.TestSchema.testSchemaExplosion(),19,5,0,10
org.apache.avro.TestSchema.testLisp(),3,1,1,1
org.apache.avro.TestSchema.testUnion(),39,4,0,8
org.apache.avro.TestSchema.testComplexUnions(),50,1,7,14
org.apache.avro.TestSchema.testComplexProp(),5,1,0,3
org.apache.avro.TestSchema.testPropOrdering(),5,1,0,3
org.apache.avro.TestSchema.testParseInputStream(),5,1,0,5
org.apache.avro.TestSchema.testNamespaceScope(),13,1,0,5
org.apache.avro.TestSchema.testNamespaceNesting(),9,1,0,3
org.apache.avro.TestSchema.testNestedNullNamespace(),7,1,0,7
org.apache.avro.TestSchema.testNestedNullNamespaceReferencing(),8,1,0,7
org.apache.avro.TestSchema.testNestedNullNamespaceReferencingWithUnion(),9,1,1,9
org.apache.avro.TestSchema.testNestedNonNullNamespace1(),9,1,0,8
org.apache.avro.TestSchema.testNestedNonNullNamespace2(),9,1,0,8
org.apache.avro.TestSchema.testNullNamespaceAlias(),9,1,0,4
org.apache.avro.TestSchema.testNullPointer(),13,2,1,6
org.apache.avro.TestSchema.checkParseError(String),8,2,7,2
org.apache.avro.TestSchema.checkUnionError(Schema[]),9,2,2,4
org.apache.avro.TestSchema.buildUnion(Schema[]),4,1,2,3
org.apache.avro.TestSchema.testDocs(),10,1,1,6
org.apache.avro.TestSchema.testFieldDocs(),8,1,0,5
org.apache.avro.TestSchema.testAliases(),35,1,0,9
"org.apache.avro.TestSchema.check(String, String, Object)",4,1,13,1
"org.apache.avro.TestSchema.check(String, String, Object, boolean)",6,1,9,2
"org.apache.avro.TestSchema.check(String, boolean)",31,3,9,17
org.apache.avro.TestSchema.checkProp(Schema),12,2,3,9
"org.apache.avro.TestSchema.checkBinary(Schema, Object, DatumWriter<Object>, DatumReader<Object>)",6,1,5,1
"org.apache.avro.TestSchema.checkBinary(Schema, Object, DatumWriter<Object>, DatumReader<Object>, Object)",18,1,7,13
"org.apache.avro.TestSchema.checkDirectBinary(Schema, Object, DatumWriter<Object>, DatumReader<Object>)",13,1,5,11
"org.apache.avro.TestSchema.checkBlockingBinary(Schema, Object, DatumWriter<Object>, DatumReader<Object>)",14,1,5,12
"org.apache.avro.TestSchema.checkJson(Schema, Object, DatumWriter<Object>, DatumReader<Object>)",19,1,5,13
"org.apache.avro.TestSchema.checkJson(Schema, Object, String)",17,1,4,16
org.apache.avro.TestSchema.checkBinaryJson(String),15,1,3,14
"org.apache.avro.TestSchema.checkDefault(String, String, Object)",14,1,8,8
"org.apache.avro.TestSchema.checkValidateDefaults(String, String)",14,2,3,3
org.apache.avro.TestSchema.testNoDefaultField(),8,1,1,6
org.apache.avro.TestSchema.testEnumMismatch(),23,2,0,14
org.apache.avro.TestSchema.testRecordWithPrimitiveName(),3,1,0,1
org.apache.avro.TestSchema.testEnumWithPrimitiveName(),3,1,0,1
org.apache.avro.TestSchema.enumSchema(),4,1,2,2
org.apache.avro.TestSchema.testImmutability1(),5,1,0,2
org.apache.avro.TestSchema.testImmutability2(),4,1,0,2
org.apache.avro.TestSchema.lockedArrayList(),4,1,10,3
org.apache.avro.TestSchema.testLockedArrayList1(),3,1,0,2
org.apache.avro.TestSchema.testLockedArrayList2(),3,1,0,2
org.apache.avro.TestSchema.testLockedArrayList3(),3,1,0,3
org.apache.avro.TestSchema.testLockedArrayList4(),4,1,0,3
org.apache.avro.TestSchema.testLockedArrayList5(),4,1,0,3
org.apache.avro.TestSchema.testLockedArrayList6(),4,1,0,3
org.apache.avro.TestSchema.testLockedArrayList7(),3,1,0,2
org.apache.avro.TestSchema.testLockedArrayList8(),3,1,0,3
org.apache.avro.TestSchema.testLockedArrayList9(),5,1,0,4
org.apache.avro.TestSchema.testLockedArrayList10(),3,1,0,2
org.apache.avro.TestSchema.testNames_GetWithInheritedNamespace(),7,1,1,4
org.apache.avro.TestSchema.testNames_GetWithNullNamespace(),7,1,1,4
org.apache.avro.TestSchema.testNames_GetNotFound(),5,1,1,4
"org.apache.avro.ipc.stats.IntegerHistogram.IntegerHistogram(Segmenter<B, Integer>)",3,1,2,2
org.apache.avro.ipc.stats.IntegerHistogram.add(Integer),5,1,5,3
org.apache.avro.ipc.stats.IntegerHistogram.getMean(),6,2,4,1
org.apache.avro.ipc.stats.IntegerHistogram.getUnbiasedStdDev(),8,2,3,3
org.apache.avro.specific.TestSpecificDatumWriter.testResolveUnion(),16,1,2,19
org.apache.avro.mapred.AvroUtf8InputFormat.configure(JobConf),3,1,1,1
"org.apache.avro.mapred.AvroUtf8InputFormat.isSplitable(FileSystem, Path)",3,1,2,2
"org.apache.avro.mapred.AvroUtf8InputFormat.getRecordReader(InputSplit, JobConf, Reporter)",5,1,3,4
org.apache.avro.data.TestTimeConversions.createSchemas(),12,1,2,12
org.apache.avro.data.TestTimeConversions.testDateConversion(),18,1,1,4
org.apache.avro.data.TestTimeConversions.testTimeMillisConversion(),27,1,2,5
org.apache.avro.data.TestTimeConversions.testTimeMicrosConversion(),23,2,3,6
org.apache.avro.data.TestTimeConversions.testLossyTimeMicrosConversion(),27,1,2,5
org.apache.avro.data.TestTimeConversions.testTimestampMillisConversion(),21,1,2,6
org.apache.avro.data.TestTimeConversions.testTimestampMicrosConversion(),16,2,2,5
org.apache.avro.data.TestTimeConversions.testLossyTimestampMicrosConversion(),21,1,2,7
org.apache.avro.data.TestTimeConversions.dropMicros(long),3,1,3,1
org.apache.trevni.avro.TestMetadataFiltering.testMetadataFiltering(),17,1,2,5
org.apache.avro.mapreduce.TestKeyValueWordCount.testKeyValueMapReduce(),42,1,4,35
org.apache.avro.io.Perf.newRandom(),3,1,14,2
org.apache.avro.io.Perf.usage(),21,3,5,13
org.apache.avro.io.Perf.main(String[]),87,22,9,25
org.apache.avro.io.Perf.printHeader(),6,1,2,3
"org.apache.avro.io.Perf.printResult(long, Test, String)",10,1,8,5
org.apache.avro.io.Perf.randomString(Random),7,2,5,3
"org.apache.avro.io.Perf.generateGenericNested(Schema, int)",23,2,5,9
org.apache.avro.io.Perf.smallArraySize(Random),3,1,6,2
org.apache.avro.io.Perf.largeArraySize(Random),3,1,2,2
"org.apache.avro.io.Perf.populateFloatArray(Random, boolean)",4,2,4,4
"org.apache.avro.io.Perf.populateFloatArray(Random, int)",7,2,5,2
org.apache.avro.io.Perf.populateDoubleArray(Random),3,1,2,3
"org.apache.avro.io.Perf.populateDoubleArray(Random, int)",7,2,5,2
org.apache.avro.io.Perf.populateIntArray(Random),8,2,3,3
org.apache.avro.io.Perf.populateLongArray(Random),8,2,3,3
"org.apache.avro.reflect.TestReflectDatumReader.serializeWithReflectDatumWriter(T, Class<T>)",9,1,4,8
org.apache.avro.reflect.TestReflectDatumReader.testRead_PojoWithList(),12,1,0,9
org.apache.avro.reflect.TestReflectDatumReader.testRead_PojoWithArray(),12,1,0,8
org.apache.avro.reflect.TestReflectData.testWeakSchemaCaching(),13,2,2,10
org.apache.avro.TestProtocolGenericMeta.testStartServer(),12,2,4,13
avro.examples.baseball.Position.getClassSchema(),1,1,1,1
avro.examples.baseball.Position.values(),0,1,0,1
avro.examples.baseball.Position.valueOf(),0,1,0,1
org.apache.trevni.TestInputBytes.testRandomReads(),14,2,2,8
org.apache.avro.mapred.TestGenericJob.createSchema(),8,1,2,7
org.apache.avro.mapred.TestGenericJob.createArraySchema(),8,2,2,6
org.apache.avro.mapred.TestGenericJob.createInnerSchema(String),6,1,4,5
org.apache.avro.mapred.TestGenericJob.setup(),8,1,1,5
org.apache.avro.mapred.TestGenericJob.tearDown(),3,1,1,2
org.apache.avro.mapred.TestGenericJob.testJob(),16,1,4,14
org.apache.avro.reflect.RecordWithStringUUID.hashCode(),3,1,1,2
org.apache.avro.reflect.RecordWithStringUUID.equals(Object),10,3,2,2
org.apache.avro.reflect.RecordWithUUID.hashCode(),3,1,1,2
org.apache.avro.reflect.RecordWithUUID.equals(Object),10,3,2,2
org.apache.avro.reflect.RecordWithUUIDArray.hashCode(),3,1,1,2
org.apache.avro.reflect.RecordWithUUIDArray.equals(Object),10,3,2,2
org.apache.avro.reflect.RecordWithUUIDList.hashCode(),3,1,1,2
org.apache.avro.reflect.RecordWithUUIDList.equals(Object),10,3,2,2
org.apache.avro.reflect.TestReflectLogicalTypes.addUUID(),4,1,1,1
org.apache.avro.reflect.TestReflectLogicalTypes.testReflectedSchema(),12,1,2,18
org.apache.avro.reflect.TestReflectLogicalTypes.testDecimalBytes(),18,1,1,14
org.apache.avro.reflect.TestReflectLogicalTypes.testDecimalFixed(),18,1,1,14
org.apache.avro.reflect.TestReflectLogicalTypes.testPairRecord(),52,1,3,19
org.apache.avro.reflect.TestReflectLogicalTypes.testReadUUID(),26,1,1,21
org.apache.avro.reflect.TestReflectLogicalTypes.testWriteUUID(),26,1,1,20
org.apache.avro.reflect.TestReflectLogicalTypes.testWriteNullableUUID(),23,1,1,21
org.apache.avro.reflect.TestReflectLogicalTypes.testWriteNullableUUIDReadRequiredString(),23,1,1,21
org.apache.avro.reflect.TestReflectLogicalTypes.testReadUUIDMissingLogicalTypeUnsafe(),25,2,1,24
org.apache.avro.reflect.TestReflectLogicalTypes.testReadUUIDMissingLogicalTypeReflect(),21,2,0,22
org.apache.avro.reflect.TestReflectLogicalTypes.testWriteUUIDMissingLogicalType(),16,1,0,15
org.apache.avro.reflect.TestReflectLogicalTypes.testReadUUIDGenericRecord(),26,1,1,21
org.apache.avro.reflect.TestReflectLogicalTypes.testReadUUIDArray(),18,1,1,25
org.apache.avro.reflect.TestReflectLogicalTypes.testWriteUUIDArray(),27,1,2,28
org.apache.avro.reflect.TestReflectLogicalTypes.testReadUUIDList(),19,1,2,26
org.apache.avro.reflect.TestReflectLogicalTypes.testWriteUUIDList(),26,1,2,26
"org.apache.avro.reflect.TestReflectLogicalTypes.read(DatumReader<D>, File)",15,3,17,5
"org.apache.avro.reflect.TestReflectLogicalTypes.write(Schema, D...)",3,1,9,3
"org.apache.avro.reflect.TestReflectLogicalTypes.write(GenericData, Schema, D...)",14,2,13,7
org.apache.avro.reflect.FieldAccessUnsafe.getAccessor(Field),28,11,1,16
org.apache.avro.SimpleException.SimpleException(),1,1,0,1
org.apache.avro.SimpleException.SimpleException(String),1,1,2,2
org.apache.avro.tool.TestToTrevniTool.run(String...),6,1,2,7
org.apache.avro.tool.TestToTrevniTool.test(),16,3,4,15
org.apache.avro.tool.TestSpecificCompilerTool.setUp(),3,1,1,1
org.apache.avro.tool.TestSpecificCompilerTool.testCompileSchemaSingleFile(),6,1,4,4
org.apache.avro.tool.TestSpecificCompilerTool.testCompileSchemaTwoFiles(),8,1,6,4
org.apache.avro.tool.TestSpecificCompilerTool.testCompileSchemaFileAndDirectory(),8,1,6,4
org.apache.avro.tool.TestSpecificCompilerTool.testCompileSchemasUsingString(),9,1,6,4
org.apache.avro.tool.TestSpecificCompilerTool.doCompile(String[]),4,1,5,2
"org.apache.avro.tool.TestSpecificCompilerTool.assertFileMatch(File, File)",5,1,6,2
org.apache.avro.tool.TestSpecificCompilerTool.readFile(File),14,3,2,8
org.apache.avro.data.RecordBuilderBaseTest.setUpBeforeClass(),8,1,9,7
org.apache.avro.data.RecordBuilderBaseTest.testIsValidValueWithPrimitives(),10,3,2,5
org.apache.avro.data.RecordBuilderBaseTest.testIsValidValueWithNullField(),4,1,1,4
org.apache.avro.data.RecordBuilderBaseTest.testIsValidValueWithUnion(),16,1,3,7
org.apache.avro.mapred.TestPair.testCollectionFailure(),9,2,1,6
"org.apache.avro.mapreduce.AvroSequenceFileInputFormat.createRecordReader(InputSplit, TaskAttemptContext)",4,1,0,1
"org.apache.avro.RandomData.RandomData(Schema, int)",3,1,3,3
"org.apache.avro.RandomData.RandomData(Schema, int, long)",5,1,4,4
org.apache.avro.RandomData.iterator(),12,1,0,1
"org.apache.avro.RandomData.generate(Schema, Random, int)",44,20,18,26
"org.apache.avro.RandomData.randomUtf8(Random, int)",7,2,3,6
"org.apache.avro.RandomData.randomBytes(Random, int)",6,1,3,7
org.apache.avro.RandomData.main(String[]),17,3,3,11
"org.apache.avro.tool.TestCatTool.aDatum(Type, int)",15,3,7,5
"org.apache.avro.tool.TestCatTool.generateData(String, Type, Map<String, String>, CodecFactory)",23,5,16,16
org.apache.avro.tool.TestCatTool.getFirstIntDatum(File),8,1,4,8
org.apache.avro.tool.TestCatTool.numRowsInFile(File),13,2,5,8
org.apache.avro.tool.TestCatTool.testCat(),36,1,9,14
org.apache.avro.tool.TestCatTool.testLimitOutOfBounds(),19,1,8,12
org.apache.avro.tool.TestCatTool.testSamplerateAccuracy(),21,1,8,14
org.apache.avro.tool.TestCatTool.testOffSetAccuracy(),21,1,8,13
org.apache.avro.tool.TestCatTool.testOffsetBiggerThanInput(),19,1,6,12
org.apache.avro.tool.TestCatTool.testSamplerateSmallerThanInput(),20,1,7,15
org.apache.avro.tool.TestCatTool.testDifferentSchemasFail(),17,1,6,9
org.apache.avro.tool.TestCatTool.testHelpfulMessageWhenNoArgsGiven(),14,1,2,10
org.apache.avro.mojo.TestSchemaMojo.testSchemaMojo(),9,1,1,5
org.apache.avro.reflect.Company.getEmployees(),3,1,2,1
"org.apache.avro.reflect.Company.setEmployees(HashMap<EmployeeId, EmployeeInfo>)",3,1,2,1
org.apache.avro.reflect.Company.toString(),3,1,1,1
org.apache.avro.reflect.Company2.Company2(),1,1,1,1
org.apache.avro.reflect.Company2.getEmployees(),3,1,2,1
"org.apache.avro.reflect.Company2.setEmployees(HashMap<Integer, EmployeeInfo2>)",3,1,2,1
org.apache.avro.reflect.Company2.toString(),3,1,1,1
org.apache.avro.reflect.EmployeeId.EmployeeId(),1,1,0,1
org.apache.avro.reflect.EmployeeId.EmployeeId(Integer),3,1,2,2
org.apache.avro.reflect.EmployeeId.getId(),3,1,1,1
org.apache.avro.reflect.EmployeeId.setId(Integer),3,1,1,1
org.apache.avro.reflect.EmployeeId.toString(),3,1,1,1
org.apache.avro.reflect.EmployeeId2.EmployeeId2(),1,1,0,1
org.apache.avro.reflect.EmployeeId2.EmployeeId2(Integer),3,1,2,2
org.apache.avro.reflect.EmployeeId2.getId(),3,1,1,1
org.apache.avro.reflect.EmployeeId2.setId(Integer),3,1,1,1
org.apache.avro.reflect.EmployeeId2.toString(),3,1,1,1
org.apache.avro.reflect.EmployeeInfo.EmployeeInfo(),1,1,0,1
org.apache.avro.reflect.EmployeeInfo.EmployeeInfo(String),3,1,2,2
org.apache.avro.reflect.EmployeeInfo.getName(),3,1,1,1
org.apache.avro.reflect.EmployeeInfo.setName(String),3,1,1,1
org.apache.avro.reflect.EmployeeInfo.toString(),3,1,1,1
org.apache.avro.reflect.EmployeeInfo2.EmployeeInfo2(),1,1,0,1
org.apache.avro.reflect.EmployeeInfo2.EmployeeInfo2(String),3,1,2,2
org.apache.avro.reflect.EmployeeInfo2.getName(),3,1,1,1
org.apache.avro.reflect.EmployeeInfo2.setName(String),3,1,1,1
org.apache.avro.reflect.EmployeeInfo2.getCompanyMap(),3,1,1,1
"org.apache.avro.reflect.EmployeeInfo2.setCompanyMap(HashMap<Integer, String>)",3,1,2,1
org.apache.avro.reflect.EmployeeInfo2.toString(),3,1,1,1
org.apache.avro.reflect.SameMapSignature.getMap1(),3,1,3,1
"org.apache.avro.reflect.SameMapSignature.setMap1(HashMap<Integer, String>)",3,1,2,1
org.apache.avro.reflect.SameMapSignature.getMap2(),3,1,3,1
"org.apache.avro.reflect.SameMapSignature.setMap2(HashMap<Integer, String>)",3,1,2,1
org.apache.avro.reflect.TestNonStringMapKeys.testNonStringMapKeys(),45,2,2,24
org.apache.avro.reflect.TestNonStringMapKeys.testNonStringMapKeysInNestedMaps(),50,3,2,28
org.apache.avro.reflect.TestNonStringMapKeys.testRecordNameInvariance(),50,2,2,28
"org.apache.avro.reflect.TestNonStringMapKeys.testSerialization(String, T...)",19,2,5,14
"org.apache.avro.reflect.TestNonStringMapKeys.testGenericDatumRead(String, byte[], T...)",16,2,5,10
"org.apache.avro.reflect.TestNonStringMapKeys.testReflectDatumRead(String, byte[], T...)",13,2,4,9
"org.apache.avro.reflect.TestNonStringMapKeys.testJsonEncoder(String, T)",13,1,5,13
"org.apache.avro.reflect.TestNonStringMapKeys.testJsonDecoder(String, byte[], T)",10,1,5,9
org.apache.avro.reflect.TestNonStringMapKeys.buildCompany(),8,1,1,6
org.apache.avro.reflect.TestNonStringMapKeys.buildCompany2(),12,1,1,8
org.apache.avro.reflect.TestNonStringMapKeys.buildSameMapSignature(),8,1,1,7
org.apache.avro.reflect.TestNonStringMapKeys.log(String),3,1,6,1
org.apache.avro.generic.TestGenericLogicalTypes.addDecimalAndUUID(),4,1,1,1
org.apache.avro.generic.TestGenericLogicalTypes.testReadUUID(),11,1,2,10
org.apache.avro.generic.TestGenericLogicalTypes.testWriteUUID(),12,1,3,12
org.apache.avro.generic.TestGenericLogicalTypes.testWriteNullableUUID(),17,1,4,13
org.apache.avro.generic.TestGenericLogicalTypes.testReadDecimalFixed(),15,1,1,10
org.apache.avro.generic.TestGenericLogicalTypes.testWriteDecimalFixed(),15,1,1,11
org.apache.avro.generic.TestGenericLogicalTypes.testReadDecimalBytes(),14,1,2,10
org.apache.avro.generic.TestGenericLogicalTypes.testWriteDecimalBytes(),14,1,2,11
"org.apache.avro.generic.TestGenericLogicalTypes.read(DatumReader<D>, File)",15,3,9,5
"org.apache.avro.generic.TestGenericLogicalTypes.write(Schema, D...)",3,1,5,3
"org.apache.avro.generic.TestGenericLogicalTypes.write(GenericData, Schema, D...)",14,2,9,7
"org.apache.avro.io.TestBinaryEncoderFidelity.generateData(Encoder, boolean)",83,3,15,31
org.apache.avro.io.TestBinaryEncoderFidelity.generateComplexData(Encoder),19,1,5,10
org.apache.avro.io.TestBinaryEncoderFidelity.generateLegacyData(),9,1,0,8
org.apache.avro.io.TestBinaryEncoderFidelity.testBinaryEncoder(),13,1,4,8
org.apache.avro.io.TestBinaryEncoderFidelity.testDirectBinaryEncoder(),13,1,4,8
org.apache.avro.io.TestBinaryEncoderFidelity.testBlockingBinaryEncoder(),13,1,4,8
org.apache.trevni.avro.mapreduce.AvroTrevniKeyValueOutputFormat.getRecordWriter(TaskAttemptContext),4,1,1,2
org.apache.avro.mapred.TestWordCount.runTestsInOrder(),4,1,0,2
org.apache.avro.mapred.TestWordCount.testJob(),20,1,2,20
org.apache.avro.mapred.TestWordCount.testProjection(),33,3,3,15
org.apache.avro.mapreduce.TestAvroKeyRecordWriter.testWrite(),24,1,2,23
org.apache.avro.mapreduce.TestAvroKeyRecordWriter.testSycnableWrite(),28,1,2,24
org.apache.avro.ipc.specific.TestSpecificRequestor.initializeProxy(),5,1,0,5
org.apache.avro.ipc.specific.TestSpecificRequestor.testHashCode(),7,2,2,3
org.apache.avro.ipc.specific.TestSpecificRequestor.testEquals(),7,2,2,3
org.apache.avro.ipc.specific.TestSpecificRequestor.testToString(),7,2,2,3
org.apache.avro.ipc.TestNettyServerWithSSL.initializeServer(Responder),9,1,1,4
org.apache.avro.ipc.TestNettyServerWithSSL.initializeTransceiver(int),5,1,2,3
"org.apache.avro.file.TestSeekableByteArrayInput.getSerializedMessage(IndexedRecord, Schema)",14,2,3,8
org.apache.avro.file.TestSeekableByteArrayInput.getTestSchema(),7,1,2,7
org.apache.avro.file.TestSeekableByteArrayInput.testSerialization(),21,2,0,14
org.apache.avro.TestDataFileSpecific.testSpecificDatumReaderDefaultCtor(),23,3,1,15
org.apache.avro.mapreduce.TestAvroKeyValueRecordWriter.testWriteRecords(),46,1,4,34
org.apache.avro.mapreduce.TestAvroKeyValueRecordWriter.testUsingReflection(),37,1,3,34
org.apache.avro.mapreduce.TestAvroKeyValueRecordWriter.testSyncableWriteRecords(),47,1,3,34
org.apache.avro.generic.TestGenericRecordBuilder.testGenericBuilder(),27,2,0,21
org.apache.avro.generic.TestGenericRecordBuilder.attemptToSetNonNullableFieldToNull(),3,1,0,3
org.apache.avro.generic.TestGenericRecordBuilder.buildWithoutSettingRequiredFields1(),3,1,0,3
org.apache.avro.generic.TestGenericRecordBuilder.buildWithoutSettingRequiredFields2(),11,2,1,10
org.apache.avro.generic.TestGenericRecordBuilder.recordSchema(),13,1,8,11
org.apache.avro.TestProtocolDatagram.createServer(Responder),5,1,1,5
org.apache.avro.TestProtocolDatagram.createTransceiver(),3,1,1,4
org.apache.avro.TestProtocolDatagram.getExpectedHandshakeCount(),3,1,0,1
org.apache.avro.ipc.stats.TestHistogram.testBasicOperation(),48,8,3,23
org.apache.avro.ipc.stats.TestHistogram.testBadValue(),6,1,0,4
org.apache.avro.ipc.stats.TestHistogram.testFloatHistogram(),9,1,0,6
org.apache.avro.ipc.stats.StatsPluginOverhead.main(String[]),12,1,2,3
org.apache.avro.ipc.stats.StatsPluginOverhead.sendRpcs(boolean),14,2,4,10
org.apache.avro.ipc.stats.StatsPluginOverhead.createServer(boolean),10,2,3,6
org.apache.avro.ipc.TestNettyServerConcurrentExecution.cleanUpAfter(),16,5,4,3
org.apache.avro.ipc.TestNettyServerConcurrentExecution.test(),30,1,4,15
org.apache.avro.mapred.tether.TestWordCountTether._runjob(String),36,2,8,32
org.apache.avro.mapred.tether.TestWordCountTether.testJob(),3,1,0,1
org.apache.avro.mapred.tether.TestWordCountTether.testhtp(),3,1,0,1
org.apache.avro.mapred.TestReflectJob.testJob(),21,1,0,24
org.apache.avro.mapred.TestReflectJob.writeLinesFile(File),10,2,3,10
org.apache.avro.mapred.TestReflectJob.validateCountsFile(File),14,2,5,8
example.GenerateData.main(String[]),17,3,7,10
example.MapReduceColorCount.run(String[]),21,3,6,19
example.MapReduceColorCount.main(String[]),4,1,1,2
org.apache.avro.compiler.idl.TestIdl.loadTests(),14,4,4,12
org.apache.avro.compiler.idl.TestIdl.runTests(),17,5,4,7
org.apache.avro.compiler.idl.TestIdl.writeTests(),6,3,2,2
org.apache.avro.TestProtocolReflectMeta.testStartServer(),13,2,3,12
org.apache.avro.TestProtocolReflect.testStartServer(),8,2,2,10
org.apache.avro.TestProtocolReflect.testClassLoader(),10,1,1,7
org.apache.avro.TestProtocolReflect.testHello(),4,1,1,2
org.apache.avro.TestProtocolReflect.testEcho(),6,1,1,3
org.apache.avro.TestProtocolReflect.testAdd(),4,1,1,2
org.apache.avro.TestProtocolReflect.testEchoBytes(),8,1,1,5
org.apache.avro.TestProtocolReflect.testError(),10,2,2,4
org.apache.avro.TestProtocolReflect.testUndeclaredError(),13,2,2,6
org.apache.avro.TestProtocolReflect.testStopServer(),4,1,2,2
org.apache.avro.hadoop.io.TestAvroSequenceFile.testReadAvro(),31,1,3,22
org.apache.avro.hadoop.io.TestAvroSequenceFile.testReadAvroWithoutReaderSchemas(),29,1,3,20
org.apache.avro.hadoop.io.TestAvroSequenceFile.testReadWritables(),26,1,2,14
"org.apache.avro.hadoop.io.TestAvroSequenceFile.writeSequenceFile(Path, Class<?>, Class<?>, Schema, Schema, Object...)",27,5,10,11
org.apache.avro.hadoop.io.TestAvroValueDeserializer.testDeserialize(),24,1,1,20
org.apache.trevni.avro.mapreduce.TestKeyValueWordCount.testIOFormat(),4,1,0,2
org.apache.trevni.avro.mapreduce.TestKeyValueWordCount.checkOutputFormat(),19,1,4,18
org.apache.trevni.avro.mapreduce.TestKeyValueWordCount.checkInputFormat(),12,1,4,11
org.apache.avro.TestDataFileCustomSync.createDataFile(byte[]),16,1,5,11
org.apache.avro.TestDataFileCustomSync.generateSync(),10,2,3,8
org.apache.avro.TestDataFileCustomSync.testInvalidSync(),4,1,0,1
org.apache.avro.TestDataFileCustomSync.testRandomSync(),6,1,0,4
org.apache.avro.TestDataFileCustomSync.testCustomSync(),6,1,0,4
example.SpecificMain.main(String[]),26,2,2,15
"org.apache.trevni.TestColumnFile.TestColumnFile(String, String)",4,1,2,3
org.apache.trevni.TestColumnFile.codecs(),6,1,0,2
org.apache.trevni.TestColumnFile.createFileMeta(),5,1,10,3
org.apache.trevni.TestColumnFile.testEmptyFile(),9,1,1,9
org.apache.trevni.TestColumnFile.testEmptyColumn(),14,2,2,12
org.apache.trevni.TestColumnFile.testInts(),21,3,3,15
org.apache.trevni.TestColumnFile.testLongs(),21,3,3,15
org.apache.trevni.TestColumnFile.testStrings(),21,3,3,15
org.apache.trevni.TestColumnFile.testTwoColumn(),24,3,4,16
org.apache.trevni.TestColumnFile.testSeekLongs(),31,6,3,19
org.apache.trevni.TestColumnFile.testSeekStrings(),32,7,3,21
org.apache.avro.TestProtocolHttps.createServer(Responder),15,1,1,9
org.apache.avro.TestProtocolHttps.createTransceiver(),3,1,1,4
org.apache.avro.TestProtocolHttps.getExpectedHandshakeCount(),3,1,1,1
org.apache.avro.mapreduce.TestAvroKeyOutputFormat.testWithNullCodec(),5,1,2,3
org.apache.avro.mapreduce.TestAvroKeyOutputFormat.testWithDeflateCodec(),6,1,2,4
org.apache.avro.mapreduce.TestAvroKeyOutputFormat.testWithSnappyCode(),7,1,4,5
org.apache.avro.mapreduce.TestAvroKeyOutputFormat.testWithBZip2Code(),6,1,3,4
org.apache.avro.mapreduce.TestAvroKeyOutputFormat.testWithDeflateCodeWithHadoopConfig(),8,1,3,5
org.apache.avro.mapreduce.TestAvroKeyOutputFormat.testWithSnappyCodeWithHadoopConfig(),6,1,1,4
org.apache.avro.mapreduce.TestAvroKeyOutputFormat.testWithBZip2CodeWithHadoopConfig(),7,1,2,5
"org.apache.avro.mapreduce.TestAvroKeyOutputFormat.testGetRecordWriter(Configuration, CodecFactory, int)",39,1,13,28
org.apache.avro.mapred.TestAvroTextSort.testSort(),14,1,1,11
